platform,is_ranking,rank,brand,brand_likes,main_category,category,gender,product_detail_url,product_name,color,color_chip,thumbnail,likes,views,details,material,current_price,regular_price,discount_rate,rating,reviews,sales,manufacture_date,crawled_at,reorder
display-topten10.goodwearmall.com,false,,탑텐,,,,,https://topten10.goodwearmall.com/product/MSG2TT1002NV/detail,남성) 퀵드라이 슬릿카라 (반팔),,,https://display-topten10.goodwearmall.com/goods/MSG2TT/MSG2TT1002NV_M.jpg,,,,,"₩19,900","₩39,900",50,,,,,260623,
display-topten10.goodwearmall.com,false,,탑텐,,,,,https://topten10.goodwearmall.com/product/MSG2TT3001BK/detail,공용) COOL Air 코튼 피케 폴로 셔츠,,,https://display-topten10.goodwearmall.com/goods/MSG2TT/MSG2TT3001BK_M.jpg,,,,,"₩19,900","₩29,900",33,,,,,260623,
display-topten10.goodwearmall.com,false,,탑텐,,,,,https://topten10.goodwearmall.com/product/MSG2PP1201BK/detail,남성) 컴포트 COOL 테이퍼드 이지 슬랙스,,,https://display-topten10.goodwearmall.com/goods/MSG2PP/MSG2PP1201BK_M.jpg,,,,,"₩39,900","₩59,900",33,,,,,260623,
display-topten10.goodwearmall.com,false,,탑텐,,,,,https://topten10.goodwearmall.com/product/MSG2TS3701BK/detail,공용) COOL Air 코튼 더블니트 오버핏 T (5부),,,https://display-topten10.goodwearmall.com/goods/MSG2TS/MSG2TS3701BK_M.jpg,,,,,"₩15,900","₩25,900",38,,,,,260623,
display-topten10.goodwearmall.com,false,,탑텐,,,,,https://topten10.goodwearmall.com/product/MSG2TS1003IVP/detail,남성) COOL Air 코튼 T (반팔 스트라이프),,,https://display-topten10.goodwearmall.com/goods/MSG2TS/MSG2TS1003IVP_M.jpg,,,,,"₩19,900","₩29,900",33,,,,,260623,
display-topten10.goodwearmall.com,false,,탑텐,,,,,https://topten10.goodwearmall.com/product/MSG3TS3201BK/detail,공용) COOL Air 코튼 크루넥 T (반팔),,,https://display-topten10.goodwearmall.com/goods/MSG3TS/MSG3TS3201BK_M.jpg,,,,,"₩15,900","₩19,900",20,,,,,260623,
display-topten10.goodwearmall.com,false,,탑텐,,,,,https://topten10.goodwearmall.com/product/MSG2TS3702CR/detail,공용) COOL Air 코튼 더블니트 링거 T (반팔),,,https://display-topten10.goodwearmall.com/goods/MSG2TS/MSG2TS3702CR_M.jpg,,,,,"₩15,900","₩29,900",46,,,,,260623,
display-topten10.goodwearmall.com,false,,탑텐,,,,,https://topten10.goodwearmall.com/product/MSG2PP1223BK/detail,남성) COOL 크링클 와이드 이지 팬츠,,,https://display-topten10.goodwearmall.com/goods/MSG2PP/MSG2PP1223BK_M.jpg,,,,,"₩29,900","₩49,900",40,,,,,260623,
display-topten10.goodwearmall.com,false,,탑텐,,,,,https://topten10.goodwearmall.com/product/MSG2TS3701WT/detail,공용) COOL Air 코튼 더블니트 오버핏 T (5부),,,https://display-topten10.goodwearmall.com/goods/MSG2TS/MSG2TS3701WT_M.jpg,,,,,"₩15,900","₩25,900",38,,,,,260623,
display-topten10.goodwearmall.com,false,,탑텐,,,,,https://topten10.goodwearmall.com/product/MSG2TT3001OTM/detail,공용) COOL Air 코튼 피케 폴로 셔츠,,,https://display-topten10.goodwearmall.com/goods/MSG2TT/MSG2TT3001OTM_M.jpg,,,,,"₩19,900","₩29,900",33,,,,,260623,
display-topten10.goodwearmall.com,false,,탑텐,,,,,https://topten10.goodwearmall.com/product/MSG2TS3015TGN/detail,공용) 퀵드라이 그래픽 T (반팔),,,https://display-topten10.goodwearmall.com/goods/MSG2TS/MSG2TS3015TGN_M.jpg,,,,,"₩15,900","₩29,900",46,,,,,260623,
display-topten10.goodwearmall.com,false,,탑텐,,,,,https://topten10.goodwearmall.com/product/MSG2TS3003GRA/detail,공용) [유니버설 뮤직] 코튼 크루넥 T,,,https://display-topten10.goodwearmall.com/goods/MSG2TS/MSG2TS3003GRA_M.jpg,,,,,"₩15,900","₩29,900",46,,,,,260623,
display-topten10.goodwearmall.com,false,,탑텐,,,,,https://topten10.goodwearmall.com/product/MSH5US1052OWT/detail,남성) COOL Air 메쉬 크루넥 T (반팔),,,https://display-topten10.goodwearmall.com/goods/MSH5US/MSH5US1052OWT_M.jpg,,,,,"₩12,900","₩15,900",18,,,,,260623,
display-topten10.goodwearmall.com,false,,탑텐,,,,,https://topten10.goodwearmall.com/product/MSG5TS3001WWW/detail,공용) 코튼 베이직 반팔 티 (3PACK),,,https://display-topten10.goodwearmall.com/goods/MSG5TS/MSG5TS3001WWW_M.jpg,,,,,"₩19,900","₩19,900",,,,,,260623,
display-topten10.goodwearmall.com,false,,탑텐,,,,,https://topten10.goodwearmall.com/product/MSG2PP1204BK/detail,남성) COOL 테이퍼드 이지 팬츠,,,https://display-topten10.goodwearmall.com/goods/MSG2PP/MSG2PP1204BK_M.jpg,,,,,"₩29,900","₩49,900",40,,,,,260623,
display-topten10.goodwearmall.com,false,,탑텐,,,,,https://topten10.goodwearmall.com/product/MSG2TT1002KH/detail,남성) 퀵드라이 슬릿카라 (반팔),,,https://display-topten10.goodwearmall.com/goods/MSG2TT/MSG2TT1002KH_M.jpg,,,,,"₩19,900","₩39,900",50,,,,,260623,
display-topten10.goodwearmall.com,false,,탑텐,,,,,https://topten10.goodwearmall.com/product/MSH5US1052BK/detail,남성) COOL Air 메쉬 크루넥 T (반팔),,,https://display-topten10.goodwearmall.com/goods/MSH5US/MSH5US1052BK_M.jpg,,,,,"₩12,900","₩15,900",18,,,,,260623,
display-topten10.goodwearmall.com,false,,탑텐,,,,,https://topten10.goodwearmall.com/product/MSG2TT3001DGN/detail,공용) COOL Air 코튼 피케 폴로 셔츠,,,https://display-topten10.goodwearmall.com/goods/MSG2TT/MSG2TT3001DGN_M.jpg,,,,,"₩19,900","₩29,900",33,,,,,260623,
display-topten10.goodwearmall.com,false,,탑텐,,,,,https://topten10.goodwearmall.com/product/MSG2TS3003CH/detail,공용) [유니버설 뮤직] 코튼 크루넥 T,,,https://display-topten10.goodwearmall.com/goods/MSG2TS/MSG2TS3003CH_M.jpg,,,,,"₩15,900","₩29,900",46,,,,,260623,
display-topten10.goodwearmall.com,false,,탑텐,,,,,https://topten10.goodwearmall.com/product/MSG2PP1601DCH/detail,남성) COOL 리넨블렌드 이지 팬츠,,,https://display-topten10.goodwearmall.com/goods/MSG2PP/MSG2PP1601DCH_M.jpg,,,,,"₩29,900","₩49,900",40,,,,,260623,
display-topten10.goodwearmall.com,false,,탑텐,,,,,https://topten10.goodwearmall.com/product/MSG2WC1223DNV/detail,남성) 크링클 오버핏 셔츠 (반팔),,,https://display-topten10.goodwearmall.com/goods/MSG2WC/MSG2WC1223DNV_M.jpg,,,,,"₩29,900","₩39,900",25,,,,,260623,
display-topten10.goodwearmall.com,false,,탑텐,,,,,https://topten10.goodwearmall.com/product/MSH5UL1053OWT/detail,남성) COOL Air 메쉬 브이넥 탱크탑,,,https://display-topten10.goodwearmall.com/goods/MSH5UL/MSH5UL1053OWT_M.jpg,,,,,"₩12,900","₩15,900",18,,,,,260623,
display-topten10.goodwearmall.com,false,,탑텐,,,,,https://topten10.goodwearmall.com/product/MSG2PH1201BK/detail,남성) 코튼 이지 쇼츠,,,https://display-topten10.goodwearmall.com/goods/MSG2PH/MSG2PH1201BK_M.jpg,,,,,"₩19,900","₩29,900",33,,,,,260623,
display-topten10.goodwearmall.com,false,,탑텐,,,,,https://topten10.goodwearmall.com/product/MSG2TT3001NV/detail,공용) COOL Air 코튼 피케 폴로 셔츠,,,https://display-topten10.goodwearmall.com/goods/MSG2TT/MSG2TT3001NV_M.jpg,,,,,"₩19,900","₩29,900",33,,,,,260623,
display-topten10.goodwearmall.com,false,,탑텐,,,,,https://topten10.goodwearmall.com/product/MSG2ET1001IVP/detail,남성) 쿨라이트 오픈카라 스웨터,,,https://display-topten10.goodwearmall.com/goods/MSG2ET/MSG2ET1001IVP_M.jpg,,,,,"₩19,900","₩39,900",50,,,,,260623,
display-topten10.goodwearmall.com,false,,탑텐,,,,,https://topten10.goodwearmall.com/product/MSG2TT3001CH/detail,공용) COOL Air 코튼 피케 폴로 셔츠,,,https://display-topten10.goodwearmall.com/goods/MSG2TT/MSG2TT3001CH_M.jpg,,,,,"₩19,900","₩29,900",33,,,,,260623,
display-topten10.goodwearmall.com,false,,탑텐,,,,,https://topten10.goodwearmall.com/product/MBG5PT1206BK/detail,남성) 수퍼스트레치 조거 팬츠,,,https://display-topten10.goodwearmall.com/goods/MBG5PT/MBG5PT1206BK_M.jpg,,,,,"₩19,900","₩39,900",50,,,,,260623,
display-topten10.goodwearmall.com,false,,탑텐,,,,,https://topten10.goodwearmall.com/product/MSG2TS1502BK/detail,남성) 쿨먼트 폰테 그래픽 T (반팔),,,https://display-topten10.goodwearmall.com/goods/MSG2TS/MSG2TS1502BK_M.jpg,,,,,"₩15,900","₩29,900",46,,,,,260623,
display-topten10.goodwearmall.com,false,,탑텐,,,,,https://topten10.goodwearmall.com/product/MSG2TS3015CR/detail,공용) 퀵드라이 그래픽 T (반팔),,,https://display-topten10.goodwearmall.com/goods/MSG2TS/MSG2TS3015CR_M.jpg,,,,,"₩15,900","₩29,900",46,,,,,260623,
display-topten10.goodwearmall.com,false,,탑텐,,,,,https://topten10.goodwearmall.com/product/MSG2DP1903LBL/detail,남성) COOL 테이퍼드 데님,,,https://display-topten10.goodwearmall.com/goods/MSG2DP/MSG2DP1903LBL_M.jpg,,,,,"₩39,900","₩59,900",33,,,,,260623,
display-topten10.goodwearmall.com,false,,탑텐,,,,,https://topten10.goodwearmall.com/product/MSG2WC1223BK/detail,남성) 크링클 오버핏 셔츠 (반팔),,,https://display-topten10.goodwearmall.com/goods/MSG2WC/MSG2WC1223BK_M.jpg,,,,,"₩29,900","₩39,900",25,,,,,260623,
display-topten10.goodwearmall.com,false,,탑텐,,,,,https://topten10.goodwearmall.com/product/MSG2TT1002BR/detail,남성) 퀵드라이 슬릿카라 (반팔),,,https://display-topten10.goodwearmall.com/goods/MSG2TT/MSG2TT1002BR_M.jpg,,,,,"₩19,900","₩39,900",50,,,,,260623,
display-topten10.goodwearmall.com,false,,탑텐,,,,,https://topten10.goodwearmall.com/product/MSG2PT1906BK/detail,남성) 크링클 와이드 팬츠,,,https://display-topten10.goodwearmall.com/goods/MSG2PT/MSG2PT1906BK_M.jpg,,,,,"₩29,900","₩39,900",25,,,,,260623,
display-topten10.goodwearmall.com,false,,탑텐,,,,,https://topten10.goodwearmall.com/product/MSG2TT3001WT/detail,공용) COOL Air 코튼 피케 폴로 셔츠,,,https://display-topten10.goodwearmall.com/goods/MSG2TT/MSG2TT3001WT_M.jpg,,,,,"₩19,900","₩29,900",33,,,,,260623,
display-topten10.goodwearmall.com,false,,탑텐,,,,,https://topten10.goodwearmall.com/product/MSG2PP1204DKH/detail,남성) COOL 테이퍼드 이지 팬츠,,,https://display-topten10.goodwearmall.com/goods/MSG2PP/MSG2PP1204DKH_M.jpg,,,,,"₩29,900","₩49,900",40,,,,,260623,
display-topten10.goodwearmall.com,false,,탑텐,,,,,https://topten10.goodwearmall.com/product/MSG2PP1601IV/detail,남성) COOL 리넨블렌드 이지 팬츠,,,https://display-topten10.goodwearmall.com/goods/MSG2PP/MSG2PP1601IV_M.jpg,,,,,"₩29,900","₩49,900",40,,,,,260623,
display-topten10.goodwearmall.com,false,,탑텐,,,,,https://topten10.goodwearmall.com/product/MSG2PH1201BE/detail,남성) 코튼 이지 쇼츠,,,https://display-topten10.goodwearmall.com/goods/MSG2PH/MSG2PH1201BE_M.jpg,,,,,"₩19,900","₩29,900",33,,,,,260623,
display-topten10.goodwearmall.com,false,,탑텐,,,,,https://topten10.goodwearmall.com/product/MSG2DP1902MBL/detail,남성) COOL 스트레이트 데님,,,https://display-topten10.goodwearmall.com/goods/MSG2DP/MSG2DP1902MBL_M.jpg,,,,,"₩39,900","₩59,900",33,,,,,260623,
display-topten10.goodwearmall.com,false,,탑텐,,,,,https://topten10.goodwearmall.com/product/MSG3TS3201CH/detail,공용) COOL Air 코튼 크루넥 T (반팔),,,https://display-topten10.goodwearmall.com/goods/MSG3TS/MSG3TS3201CH_M.jpg,,,,,"₩15,900","₩19,900",20,,,,,260623,
display-topten10.goodwearmall.com,false,,탑텐,,,,,https://topten10.goodwearmall.com/product/MSG2PP1223DNV/detail,남성) COOL 크링클 와이드 이지 팬츠,,,https://display-topten10.goodwearmall.com/goods/MSG2PP/MSG2PP1223DNV_M.jpg,,,,,"₩29,900","₩49,900",40,,,,,260623,
display-topten10.goodwearmall.com,false,,탑텐,,,,,https://topten10.goodwearmall.com/product/MSG3TS3280BK/detail,공용) 메쉬 T (반팔),,,https://display-topten10.goodwearmall.com/goods/MSG3TS/MSG3TS3280BK_M.jpg,,,,,"₩29,900","₩39,900",25,,,,,260623,
display-topten10.goodwearmall.com,false,,탑텐,,,,,https://topten10.goodwearmall.com/product/MSG2PP1201NV/detail,남성) 컴포트 COOL 테이퍼드 이지 슬랙스,,,https://display-topten10.goodwearmall.com/goods/MSG2PP/MSG2PP1201NV_M.jpg,,,,,"₩39,900","₩59,900",33,,,,,260623,
display-topten10.goodwearmall.com,false,,탑텐,,,,,https://topten10.goodwearmall.com/product/MSG2TS3008WT/detail,공용) [마인드어데이 커버캣] 코튼 크루넥 T (반팔),,,https://display-topten10.goodwearmall.com/goods/MSG2TS/MSG2TS3008WT_M.jpg,,,,,"₩15,900","₩29,900",46,,,,,260623,
display-topten10.goodwearmall.com,false,,탑텐,,,,,https://topten10.goodwearmall.com/product/MSG2TL1001BK/detail,남성) COOL Air 코튼 탱크탑,,,https://display-topten10.goodwearmall.com/goods/MSG2TL/MSG2TL1001BK_M.jpg,,,,,"₩15,900","₩19,900",20,,,,,260623,
display-topten10.goodwearmall.com,false,,탑텐,,,,,https://topten10.goodwearmall.com/product/MSG2TS1002DGR/detail,남성) COOL Air 코튼 그래픽 T (반팔),,,https://display-topten10.goodwearmall.com/goods/MSG2TS/MSG2TS1002DGR_M.jpg,,,,,"₩19,900","₩29,900",33,,,,,260623,
display-topten10.goodwearmall.com,false,,탑텐,,,,,https://topten10.goodwearmall.com/product/MSG2WC1223DBE/detail,남성) 크링클 오버핏 셔츠 (반팔),,,https://display-topten10.goodwearmall.com/goods/MSG2WC/MSG2WC1223DBE_M.jpg,,,,,"₩29,900","₩39,900",25,,,,,260623,
display-topten10.goodwearmall.com,false,,탑텐,,,,,https://topten10.goodwearmall.com/product/MSG3TS3201WT/detail,공용) COOL Air 코튼 크루넥 T (반팔),,,https://display-topten10.goodwearmall.com/goods/MSG3TS/MSG3TS3201WT_M.jpg,,,,,"₩15,900","₩19,900",20,,,,,260623,
display-topten10.goodwearmall.com,false,,탑텐,,,,,https://topten10.goodwearmall.com/product/MSG2PH1203DKH/detail,남성) COOL 나일론 카고 이지 쇼츠,,,https://display-topten10.goodwearmall.com/goods/MSG2PH/MSG2PH1203DKH_M.jpg,,,,,"₩29,900","₩39,900",25,,,,,260623,
display-topten10.goodwearmall.com,false,,탑텐,,,,,https://topten10.goodwearmall.com/product/MSG2ET1001NVP/detail,남성) 쿨라이트 오픈카라 스웨터,,,https://display-topten10.goodwearmall.com/goods/MSG2ET/MSG2ET1001NVP_M.jpg,,,,,"₩19,900","₩39,900",50,,,,,260623,
display-topten10.goodwearmall.com,false,,탑텐,,,,,https://topten10.goodwearmall.com/product/MBG5PT1216BK/detail,남성) 수퍼스트레치 라이트 테이퍼드 팬츠,,,https://display-topten10.goodwearmall.com/goods/MBG5PT/MBG5PT1216BK_M.jpg,,,,,"₩25,900","₩49,900",48,,,,,260623,
display-topten10.goodwearmall.com,false,,탑텐,,,,,https://topten10.goodwearmall.com/product/MSG2TS3701TGN/detail,공용) COOL Air 코튼 더블니트 오버핏 T (5부),,,https://display-topten10.goodwearmall.com/goods/MSG2TS/MSG2TS3701TGN_M.jpg,,,,,"₩15,900","₩25,900",38,,,,,260623,
display-topten10.goodwearmall.com,false,,탑텐,,,,,https://topten10.goodwearmall.com/product/MSG2PP1003DCH/detail,남성) 파라수트 와이드 팬츠,,,https://display-topten10.goodwearmall.com/goods/MSG2PP/MSG2PP1003DCH_M.jpg,,,,,"₩39,900","₩59,900",33,,,,,260623,
display-topten10.goodwearmall.com,false,,탑텐,,,,,https://topten10.goodwearmall.com/product/MSG2TT1002CR/detail,남성) 퀵드라이 슬릿카라 (반팔),,,https://display-topten10.goodwearmall.com/goods/MSG2TT/MSG2TT1002CR_M.jpg,,,,,"₩19,900","₩39,900",50,,,,,260623,
display-topten10.goodwearmall.com,false,,탑텐,,,,,https://topten10.goodwearmall.com/product/MSG2PP1201IV/detail,남성) 컴포트 COOL 테이퍼드 이지 슬랙스,,,https://display-topten10.goodwearmall.com/goods/MSG2PP/MSG2PP1201IV_M.jpg,,,,,"₩39,900","₩59,900",33,,,,,260623,
display-topten10.goodwearmall.com,false,,탑텐,,,,,https://topten10.goodwearmall.com/product/MBG2TS1701BK/detail,남성) 퀵드라이 T (워터겸용),,,https://display-topten10.goodwearmall.com/goods/MBG2TS/MBG2TS1701BK_M.jpg,,,,,"₩29,900","₩39,900",25,,,,,260623,
display-topten10.goodwearmall.com,false,,탑텐,,,,,https://topten10.goodwearmall.com/product/MSG2PH1203BK/detail,남성) COOL 나일론 카고 이지 쇼츠,,,https://display-topten10.goodwearmall.com/goods/MSG2PH/MSG2PH1203BK_M.jpg,,,,,"₩29,900","₩39,900",25,,,,,260623,
display-topten10.goodwearmall.com,false,,탑텐,,,,,https://topten10.goodwearmall.com/product/MSG5TS3001BBB/detail,공용) 코튼 베이직 반팔 티 (3PACK),,,https://display-topten10.goodwearmall.com/goods/MSG5TS/MSG5TS3001BBB_M.jpg,,,,,"₩19,900","₩19,900",,,,,,260623,
display-topten10.goodwearmall.com,false,,탑텐,,,,,https://topten10.goodwearmall.com/product/MSG2DP1902LBL/detail,남성) COOL 스트레이트 데님,,,https://display-topten10.goodwearmall.com/goods/MSG2DP/MSG2DP1902LBL_M.jpg,,,,,"₩39,900","₩59,900",33,,,,,260623,
display-topten10.goodwearmall.com,false,,탑텐,,,,,https://topten10.goodwearmall.com/product/MSG2WC1921NV/detail,남성) 리넨블렌드 셔츠 (반팔),,,https://display-topten10.goodwearmall.com/goods/MSG2WC/MSG2WC1921NV_M.jpg,,,,,"₩29,900","₩39,900",25,,,,,260623,
display-topten10.goodwearmall.com,false,,탑텐,,,,,https://topten10.goodwearmall.com/product/MSG2TS1502TBL/detail,남성) 쿨먼트 폰테 그래픽 T (반팔),,,https://display-topten10.goodwearmall.com/goods/MSG2TS/MSG2TS1502TBL_M.jpg,,,,,"₩15,900","₩29,900",46,,,,,260623,
display-topten10.goodwearmall.com,false,,탑텐,,,,,https://topten10.goodwearmall.com/product/MSG2PP1201BGR/detail,남성) 컴포트 COOL 테이퍼드 이지 슬랙스,,,https://display-topten10.goodwearmall.com/goods/MSG2PP/MSG2PP1201BGR_M.jpg,,,,,"₩39,900","₩59,900",33,,,,,260623,
display-topten10.goodwearmall.com,false,,탑텐,,,,,https://topten10.goodwearmall.com/product/MSG2PP1502BK/detail,남성) 컴포트 테이퍼드 이지 슬랙스,,,https://display-topten10.goodwearmall.com/goods/MSG2PP/MSG2PP1502BK_M.jpg,,,,,"₩19,900","₩39,900",50,,,,,260623,
display-topten10.goodwearmall.com,false,,탑텐,,,,,https://topten10.goodwearmall.com/product/MSG2TV3901WT/detail,공용) 코튼 브이넥 T,,,https://display-topten10.goodwearmall.com/goods/MSG2TV/MSG2TV3901WT_M.jpg,,,,,"₩9,900","₩15,900",37,,,,,260623,
display-topten10.goodwearmall.com,false,,탑텐,,,,,https://topten10.goodwearmall.com/product/MSG2WC1901WT/detail,남성) 리넨블렌드 셔츠 (긴팔),,,https://display-topten10.goodwearmall.com/goods/MSG2WC/MSG2WC1901WT_M.jpg,,,,,"₩29,900","₩49,900",40,,,,,260623,
display-topten10.goodwearmall.com,false,,탑텐,,,,,https://topten10.goodwearmall.com/product/MSG2TS3004BL/detail,공용) [유니버설 뮤직] 코튼 크루넥 T,,,https://display-topten10.goodwearmall.com/goods/MSG2TS/MSG2TS3004BL_M.jpg,,,,,"₩15,900","₩29,900",46,,,,,260623,
display-topten10.goodwearmall.com,false,,탑텐,,,,,https://topten10.goodwearmall.com/product/MSG2KG1501BK/detail,남성) COOL 컴포트 재킷,,,https://display-topten10.goodwearmall.com/goods/MSG2KG/MSG2KG1501BK_M.jpg,,,,,"₩49,900","₩89,900",44,,,,,260623,
display-topten10.goodwearmall.com,false,,탑텐,,,,,https://topten10.goodwearmall.com/product/MSG4PP1202BK/detail,남성) 수퍼스트레치 테이퍼드 슬랙스,,,https://display-topten10.goodwearmall.com/goods/MSG4PP/MSG4PP1202BK_M.jpg,,,,,"₩39,900","₩49,900",20,,,,,260623,
display-topten10.goodwearmall.com,false,,탑텐,,,,,https://topten10.goodwearmall.com/product/MSG5TS3005WW/detail,공용) COOL Air 코튼 크루넥 T (2PACK),,,https://display-topten10.goodwearmall.com/goods/MSG5TS/MSG5TS3005WW_M.jpg,,,,,"₩19,900","₩19,900",,,,,,260623,
display-topten10.goodwearmall.com,false,,탑텐,,,,,https://topten10.goodwearmall.com/product/MSG2PP1003BK/detail,남성) 파라수트 와이드 팬츠,,,https://display-topten10.goodwearmall.com/goods/MSG2PP/MSG2PP1003BK_M.jpg,,,,,"₩39,900","₩59,900",33,,,,,260623,
display-topten10.goodwearmall.com,false,,탑텐,,,,,https://topten10.goodwearmall.com/product/MSG2TS3008CR/detail,공용) [마인드어데이 커버캣] 코튼 크루넥 T (반팔),,,https://display-topten10.goodwearmall.com/goods/MSG2TS/MSG2TS3008CR_M.jpg,,,,,"₩15,900","₩29,900",46,,,,,260623,
display-topten10.goodwearmall.com,false,,탑텐,,,,,https://topten10.goodwearmall.com/product/MSG2ET1001BK/detail,남성) 쿨라이트 오픈카라 스웨터,,,https://display-topten10.goodwearmall.com/goods/MSG2ET/MSG2ET1001BK_M.jpg,,,,,"₩19,900","₩39,900",50,,,,,260623,
display-topten10.goodwearmall.com,false,,탑텐,,,,,https://topten10.goodwearmall.com/product/MSG2DP1905LBL/detail,남성) COOL 와이드 데님,,,https://display-topten10.goodwearmall.com/goods/MSG2DP/MSG2DP1905LBL_M.jpg,,,,,"₩49,900","₩59,900",16,,,,,260623,
display-topten10.goodwearmall.com,false,,탑텐,,,,,https://topten10.goodwearmall.com/product/MSG2TS3004CH/detail,공용) [유니버설 뮤직] 코튼 크루넥 T,,,https://display-topten10.goodwearmall.com/goods/MSG2TS/MSG2TS3004CH_M.jpg,,,,,"₩15,900","₩29,900",46,,,,,260623,
display-topten10.goodwearmall.com,false,,탑텐,,,,,https://topten10.goodwearmall.com/product/MSG2DP1905MBL/detail,남성) COOL 와이드 데님,,,https://display-topten10.goodwearmall.com/goods/MSG2DP/MSG2DP1905MBL_M.jpg,,,,,"₩49,900","₩59,900",16,,,,,260623,
display-topten10.goodwearmall.com,false,,탑텐,,,,,https://topten10.goodwearmall.com/product/MSG2PT1904MGR/detail,남성) 테리 카고 버뮤다 스웨트쇼츠,,,https://display-topten10.goodwearmall.com/goods/MSG2PT/MSG2PT1904MGR_M.jpg,,,,,"₩29,900","₩39,900",25,,,,,260623,
display-topten10.goodwearmall.com,false,,탑텐,,,,,https://topten10.goodwearmall.com/product/MBG2TL1211BK/detail,남성) 메쉬 탱크탑,,,https://display-topten10.goodwearmall.com/goods/MBG2TL/MBG2TL1211BK_M.jpg,,,,,"₩15,900","₩19,900",20,,,,,260623,
display-topten10.goodwearmall.com,false,,탑텐,,,,,https://topten10.goodwearmall.com/product/MSG2TS3009BK/detail,공용)[디즈니] 코튼 크루넥 T (반팔),,,https://display-topten10.goodwearmall.com/goods/MSG2TS/MSG2TS3009BK_M.jpg,,,,,"₩15,900","₩29,900",46,,,,,260623,
display-topten10.goodwearmall.com,false,,탑텐,,,,,https://topten10.goodwearmall.com/product/MSG2DP1903MBL/detail,남성) COOL 테이퍼드 데님,,,https://display-topten10.goodwearmall.com/goods/MSG2DP/MSG2DP1903MBL_M.jpg,,,,,"₩39,900","₩59,900",33,,,,,260623,
display-topten10.goodwearmall.com,false,,탑텐,,,,,https://topten10.goodwearmall.com/product/MSG2WC1204BK/detail,남성) 크링클 풀오버 셔츠 (반팔),,,https://display-topten10.goodwearmall.com/goods/MSG2WC/MSG2WC1204BK_M.jpg,,,,,"₩39,900","₩39,900",,,,,,260623,
display-topten10.goodwearmall.com,false,,탑텐,,,,,https://topten10.goodwearmall.com/product/MBG5TS1202WT/detail,남성) 퀵드라이 T (반팔),,,https://display-topten10.goodwearmall.com/goods/MBG5TS/MBG5TS1202WT_M.jpg,,,,,"₩15,900","₩19,900",20,,,,,260623,
display-topten10.goodwearmall.com,false,,탑텐,,,,,https://topten10.goodwearmall.com/product/MSG2TS1205BK/detail,남성) 코튼 헨리넥 T (반팔),,,https://display-topten10.goodwearmall.com/goods/MSG2TS/MSG2TS1205BK_M.jpg,,,,,"₩19,900","₩29,900",33,,,,,260623,
display-topten10.goodwearmall.com,false,,탑텐,,,,,https://topten10.goodwearmall.com/product/MSG5AY3202WT/detail,공용) 아쿠아엑스 스니커즈 삭스,,,https://display-topten10.goodwearmall.com/goods/MSG5AY/MSG5AY3202WT_M.jpg,,,,,"₩3,900","₩3,900",,,,,,260623,
display-topten10.goodwearmall.com,false,,탑텐,,,,,https://topten10.goodwearmall.com/product/MSH5UL1052OWT/detail,남성) COOL Air 메쉬 크루넥 탱크탑,,,https://display-topten10.goodwearmall.com/goods/MSH5UL/MSH5UL1052OWT_M.jpg,,,,,"₩12,900","₩15,900",18,,,,,260623,
display-topten10.goodwearmall.com,false,,탑텐,,,,,https://topten10.goodwearmall.com/product/MSG2WC1205LGR/detail,남성) 나일론 오버핏 셔츠 (반팔),,,https://display-topten10.goodwearmall.com/goods/MSG2WC/MSG2WC1205LGR_M.jpg,,,,,"₩29,900","₩39,900",25,,,,,260623,
display-topten10.goodwearmall.com,false,,탑텐,,,,,https://topten10.goodwearmall.com/product/MSG2TS3003CR/detail,공용) [유니버설 뮤직] 코튼 크루넥 T,,,https://display-topten10.goodwearmall.com/goods/MSG2TS/MSG2TS3003CR_M.jpg,,,,,"₩15,900","₩29,900",46,,,,,260623,
display-topten10.goodwearmall.com,false,,탑텐,,,,,https://topten10.goodwearmall.com/product/MSG5TS3001WGB/detail,공용) 코튼 베이직 반팔 티 (3PACK),,,https://display-topten10.goodwearmall.com/goods/MSG5TS/MSG5TS3001WGB_M.jpg,,,,,"₩19,900","₩19,900",,,,,,260623,
display-topten10.goodwearmall.com,false,,탑텐,,,,,https://topten10.goodwearmall.com/product/MSG2TS3701DGR/detail,공용) COOL Air 코튼 더블니트 오버핏 T (5부),,,https://display-topten10.goodwearmall.com/goods/MSG2TS/MSG2TS3701DGR_M.jpg,,,,,"₩15,900","₩25,900",38,,,,,260623,
display-topten10.goodwearmall.com,false,,탑텐,,,,,https://topten10.goodwearmall.com/product/MSG2TS1203BK/detail,남성) 크링클 크루넥 T (반팔),,,https://display-topten10.goodwearmall.com/goods/MSG2TS/MSG2TS1203BK_M.jpg,,,,,"₩19,900","₩29,900",33,,,,,260623,
display-topten10.goodwearmall.com,false,,탑텐,,,,,https://topten10.goodwearmall.com/product/MBG2TL1211DNV/detail,남성) 메쉬 탱크탑,,,https://display-topten10.goodwearmall.com/goods/MBG2TL/MBG2TL1211DNV_M.jpg,,,,,"₩15,900","₩19,900",20,,,,,260623,
display-topten10.goodwearmall.com,false,,탑텐,,,,,https://topten10.goodwearmall.com/product/MSG2PP1204LBE/detail,남성) COOL 테이퍼드 이지 팬츠,,,https://display-topten10.goodwearmall.com/goods/MSG2PP/MSG2PP1204LBE_M.jpg,,,,,"₩29,900","₩49,900",40,,,,,260623,
display-topten10.goodwearmall.com,false,,탑텐,,,,,https://topten10.goodwearmall.com/product/MSG2PT1901MGR/detail,남성) 테리 버뮤다 스웨트쇼츠,,,https://display-topten10.goodwearmall.com/goods/MSG2PT/MSG2PT1901MGR_M.jpg,,,,,"₩25,900","₩29,900",13,,,,,260623,
display-topten10.goodwearmall.com,false,,탑텐,,,,,https://topten10.goodwearmall.com/product/MSG2PH1203BE/detail,남성) COOL 나일론 카고 이지 쇼츠,,,https://display-topten10.goodwearmall.com/goods/MSG2PH/MSG2PH1203BE_M.jpg,,,,,"₩29,900","₩39,900",25,,,,,260623,
display-topten10.goodwearmall.com,false,,탑텐,,,,,https://topten10.goodwearmall.com/product/MSG2TS3002BK/detail,공용) [카카오프렌즈] COOL Air 코튼 반팔 T,,,https://display-topten10.goodwearmall.com/goods/MSG2TS/MSG2TS3002BK_M.jpg,,,,,"₩15,900","₩29,900",46,,,,,260623,
display-topten10.goodwearmall.com,false,,탑텐,,,,,https://topten10.goodwearmall.com/product/MSG2PP1601KH/detail,남성) COOL 리넨블렌드 이지 팬츠,,,https://display-topten10.goodwearmall.com/goods/MSG2PP/MSG2PP1601KH_M.jpg,,,,,"₩29,900","₩49,900",40,,,,,260623,
display-topten10.goodwearmall.com,false,,탑텐,,,,,https://topten10.goodwearmall.com/product/MSH5UL1053BK/detail,남성) COOL Air 메쉬 브이넥 탱크탑,,,https://display-topten10.goodwearmall.com/goods/MSH5UL/MSH5UL1053BK_M.jpg,,,,,"₩12,900","₩15,900",18,,,,,260623,
display-topten10.goodwearmall.com,false,,탑텐,,,,,https://topten10.goodwearmall.com/product/MBG5PT1906BK/detail,남성) 스쿠바 스트레이트 팬츠,,,https://display-topten10.goodwearmall.com/goods/MBG5PT/MBG5PT1906BK_M.jpg,,,,,"₩25,900","₩49,900",48,,,,,260623,
display-topten10.goodwearmall.com,false,,탑텐,,,,,https://topten10.goodwearmall.com/product/MSG3WC3200CCH/detail,공용) 시어서커 패턴 오버핏 셔츠 (긴팔),,,https://display-topten10.goodwearmall.com/goods/MSG3WC/MSG3WC3200CCH_M.jpg,,,,,"₩39,900","₩49,900",20,,,,,260623,
display-topten10.goodwearmall.com,false,,탑텐,,,,,https://topten10.goodwearmall.com/product/MBG2TS1211BK/detail,남성) 메쉬 T (반팔),,,https://display-topten10.goodwearmall.com/goods/MBG2TS/MBG2TS1211BK_M.jpg,,,,,"₩19,900","₩25,900",23,,,,,260623,
display-topten10.goodwearmall.com,false,,탑텐,,,,,https://topten10.goodwearmall.com/product/MSG2PT1901BK/detail,남성) 테리 버뮤다 스웨트쇼츠,,,https://display-topten10.goodwearmall.com/goods/MSG2PT/MSG2PT1901BK_M.jpg,,,,,"₩25,900","₩29,900",13,,,,,260623,
display-topten10.goodwearmall.com,false,,탑텐,,,,,https://topten10.goodwearmall.com/product/MSG2DH1903LBL/detail,남성) COOL 버뮤다 데님 쇼츠,,,https://display-topten10.goodwearmall.com/goods/MSG2DH/MSG2DH1903LBL_M.jpg,,,,,"₩39,900","₩49,900",20,,,,,260623,
display-topten10.goodwearmall.com,false,,탑텐,,,,,https://topten10.goodwearmall.com/product/MSG2PT1906CH/detail,남성) 크링클 와이드 팬츠,,,https://display-topten10.goodwearmall.com/goods/MSG2PT/MSG2PT1906CH_M.jpg,,,,,"₩29,900","₩39,900",25,,,,,260623,
display-topten10.goodwearmall.com,false,,탑텐,,,,,https://topten10.goodwearmall.com/product/MSG2DP1903BK/detail,남성) COOL 테이퍼드 데님,,,https://display-topten10.goodwearmall.com/goods/MSG2DP/MSG2DP1903BK_M.jpg,,,,,"₩39,900","₩59,900",33,,,,,260623,
display-topten10.goodwearmall.com,false,,탑텐,,,,,https://topten10.goodwearmall.com/product/MBG5TS1202BK/detail,남성) 퀵드라이 T (반팔),,,https://display-topten10.goodwearmall.com/goods/MBG5TS/MBG5TS1202BK_M.jpg,,,,,"₩15,900","₩19,900",20,,,,,260623,
display-topten10.goodwearmall.com,false,,탑텐,,,,,https://topten10.goodwearmall.com/product/MSG2PH1207BK/detail,남성) COOL 크링클 이지 쇼츠,,,https://display-topten10.goodwearmall.com/goods/MSG2PH/MSG2PH1207BK_M.jpg,,,,,"₩29,900","₩39,900",25,,,,,260623,
display-topten10.goodwearmall.com,false,,탑텐,,,,,https://topten10.goodwearmall.com/product/MSG5UL1221OWT/detail,남성) COOL-AIR 크루넥 메쉬 탱크,,,https://display-topten10.goodwearmall.com/goods/MSG5UL/MSG5UL1221OWT_M.jpg,,,,,"₩12,900","₩15,900",18,,,,,260623,
display-topten10.goodwearmall.com,false,,탑텐,,,,,https://topten10.goodwearmall.com/product/MBG2TS1701LBL/detail,남성) 퀵드라이 T (워터겸용),,,https://display-topten10.goodwearmall.com/goods/MBG2TS/MBG2TS1701LBL_M.jpg,,,,,"₩29,900","₩39,900",25,,,,,260623,
display-topten10.goodwearmall.com,false,,탑텐,,,,,https://topten10.goodwearmall.com/product/MSG2WC1901BR/detail,남성) 리넨블렌드 셔츠 (긴팔),,,https://display-topten10.goodwearmall.com/goods/MSG2WC/MSG2WC1901BR_M.jpg,,,,,"₩29,900","₩49,900",40,,,,,260623,
display-topten10.goodwearmall.com,false,,탑텐,,,,,https://topten10.goodwearmall.com/product/MSG2TS3008BR/detail,공용) [마인드어데이 커버캣] 코튼 크루넥 T (반팔),,,https://display-topten10.goodwearmall.com/goods/MSG2TS/MSG2TS3008BR_M.jpg,,,,,"₩15,900","₩29,900",46,,,,,260623,
display-topten10.goodwearmall.com,false,,탑텐,,,,,https://topten10.goodwearmall.com/product/MSG2TS3004LVL/detail,공용) [유니버설 뮤직] 코튼 크루넥 T,,,https://display-topten10.goodwearmall.com/goods/MSG2TS/MSG2TS3004LVL_M.jpg,,,,,"₩15,900","₩29,900",46,,,,,260623,
display-topten10.goodwearmall.com,false,,탑텐,,,,,https://topten10.goodwearmall.com/product/MSG2TS3004WT/detail,공용) [유니버설 뮤직] 코튼 크루넥 T,,,https://display-topten10.goodwearmall.com/goods/MSG2TS/MSG2TS3004WT_M.jpg,,,,,"₩15,900","₩29,900",46,,,,,260623,
display-topten10.goodwearmall.com,false,,탑텐,,,,,https://topten10.goodwearmall.com/product/MSG3TS3280NV/detail,공용) 메쉬 T (반팔),,,https://display-topten10.goodwearmall.com/goods/MSG3TS/MSG3TS3280NV_M.jpg,,,,,"₩29,900","₩39,900",25,,,,,260623,
display-topten10.goodwearmall.com,false,,탑텐,,,,,https://topten10.goodwearmall.com/product/MSG3PT1902BK/detail,남성) COOL Air 코튼 더블니트 쇼츠,,,https://display-topten10.goodwearmall.com/goods/MSG3PT/MSG3PT1902BK_M.jpg,,,,,"₩25,900","₩29,900",13,,,,,260623,
display-topten10.goodwearmall.com,false,,탑텐,,,,,https://topten10.goodwearmall.com/product/MSG3TS3201BR/detail,공용) COOL Air 코튼 크루넥 T (반팔),,,https://display-topten10.goodwearmall.com/goods/MSG3TS/MSG3TS3201BR_M.jpg,,,,,"₩15,900","₩19,900",20,,,,,260623,
display-topten10.goodwearmall.com,false,,탑텐,,,,,https://topten10.goodwearmall.com/product/MSG2TL1001WT/detail,남성) COOL Air 코튼 탱크탑,,,https://display-topten10.goodwearmall.com/goods/MSG2TL/MSG2TL1001WT_M.jpg,,,,,"₩15,900","₩19,900",20,,,,,260623,
display-topten10.goodwearmall.com,false,,탑텐,,,,,https://topten10.goodwearmall.com/product/MBG2PH1002BK/detail,남성) 스트레치 카고 쇼츠,,,https://display-topten10.goodwearmall.com/goods/MBG2PH/MBG2PH1002BK_M.jpg,,,,,"₩29,900","₩39,900",25,,,,,260623,
display-topten10.goodwearmall.com,false,,탑텐,,,,,https://topten10.goodwearmall.com/product/MSG2PP1003LKH/detail,남성) 파라수트 와이드 팬츠,,,https://display-topten10.goodwearmall.com/goods/MSG2PP/MSG2PP1003LKH_M.jpg,,,,,"₩39,900","₩59,900",33,,,,,260623,
display-topten10.goodwearmall.com,false,,탑텐,,,,,https://topten10.goodwearmall.com/product/MSG5PT1289BK/detail,남성) 수퍼스트레치 쇼츠,,,https://display-topten10.goodwearmall.com/goods/MSG5PT/MSG5PT1289BK_M.jpg,,,,,"₩19,900","₩29,900",33,,,,,260623,
display-topten10.goodwearmall.com,false,,탑텐,,,,,https://topten10.goodwearmall.com/product/MBG2TL1211LGR/detail,남성) 메쉬 탱크탑,,,https://display-topten10.goodwearmall.com/goods/MBG2TL/MBG2TL1211LGR_M.jpg,,,,,"₩15,900","₩19,900",20,,,,,260623,
display-topten10.goodwearmall.com,false,,탑텐,,,,,https://topten10.goodwearmall.com/product/MSG2TS3015BG/detail,공용) 퀵드라이 그래픽 T (반팔),,,https://display-topten10.goodwearmall.com/goods/MSG2TS/MSG2TS3015BG_M.jpg,,,,,"₩15,900","₩29,900",46,,,,,260623,
display-topten10.goodwearmall.com,false,,탑텐,,,,,https://topten10.goodwearmall.com/product/MSG5UP1005BK/detail,남성) COOL-AIR 퓨징 심리스 복서브리프,,,https://display-topten10.goodwearmall.com/goods/MSG5UP/MSG5UP1005BK_M.jpg,,,,,"₩12,900","₩15,900",18,,,,,260623,
display-topten10.goodwearmall.com,false,,탑텐,,,,,https://topten10.goodwearmall.com/product/MSG2DH1901MBL/detail,남성) COOL 이지 데님 쇼츠,,,https://display-topten10.goodwearmall.com/goods/MSG2DH/MSG2DH1901MBL_M.jpg,,,,,"₩29,900","₩39,900",25,,,,,260623,
display-topten10.goodwearmall.com,false,,탑텐,,,,,https://topten10.goodwearmall.com/product/MSG3TS3203NV/detail,공용) 코튼 크루넥 T (반팔 스트라이프),,,https://display-topten10.goodwearmall.com/goods/MSG3TS/MSG3TS3203NV_M.jpg,,,,,"₩19,900","₩25,900",23,,,,,260623,
display-topten10.goodwearmall.com,false,,탑텐,,,,,https://topten10.goodwearmall.com/product/MSG2TS3015DBE/detail,공용) 퀵드라이 그래픽 T (반팔),,,https://display-topten10.goodwearmall.com/goods/MSG2TS/MSG2TS3015DBE_M.jpg,,,,,"₩15,900","₩29,900",46,,,,,260623,
display-topten10.goodwearmall.com,false,,탑텐,,,,,https://topten10.goodwearmall.com/product/MSG2TS3009CH/detail,공용)[디즈니] 코튼 크루넥 T (반팔),,,https://display-topten10.goodwearmall.com/goods/MSG2TS/MSG2TS3009CH_M.jpg,,,,,"₩15,900","₩29,900",46,,,,,260623,
display-topten10.goodwearmall.com,false,,탑텐,,,,,https://topten10.goodwearmall.com/product/MBG5TS1202DBL/detail,남성) 퀵드라이 T (반팔),,,https://display-topten10.goodwearmall.com/goods/MBG5TS/MBG5TS1202DBL_M.jpg,,,,,"₩15,900","₩19,900",20,,,,,260623,
display-topten10.goodwearmall.com,false,,탑텐,,,,,https://topten10.goodwearmall.com/product/MSG3TS3280IV/detail,공용) 메쉬 T (반팔),,,https://display-topten10.goodwearmall.com/goods/MSG3TS/MSG3TS3280IV_M.jpg,,,,,"₩29,900","₩39,900",25,,,,,260623,
display-topten10.goodwearmall.com,false,,탑텐,,,,,https://topten10.goodwearmall.com/product/MSG2TS3004BK/detail,공용) [유니버설 뮤직] 코튼 크루넥 T,,,https://display-topten10.goodwearmall.com/goods/MSG2TS/MSG2TS3004BK_M.jpg,,,,,"₩15,900","₩29,900",46,,,,,260623,
display-topten10.goodwearmall.com,false,,탑텐,,,,,https://topten10.goodwearmall.com/product/MSG2DP1903IN/detail,남성) COOL 테이퍼드 데님,,,https://display-topten10.goodwearmall.com/goods/MSG2DP/MSG2DP1903IN_M.jpg,,,,,"₩39,900","₩59,900",33,,,,,260623,
display-topten10.goodwearmall.com,false,,탑텐,,,,,https://topten10.goodwearmall.com/product/MSG5AY3102MGP/detail,공용) 앵클 삭스,,,https://display-topten10.goodwearmall.com/goods/MSG5AY/MSG5AY3102MGP_M.jpg,,,,,"₩3,900","₩3,900",,,,,,260623,
display-topten10.goodwearmall.com,false,,탑텐,,,,,https://topten10.goodwearmall.com/product/MSG2UI3701LPP/detail,공용) 소프트 시어서커 파자마 세트,,,https://display-topten10.goodwearmall.com/goods/MSG2UI/MSG2UI3701LPP_M.jpg,,,,,"₩39,900","₩49,900",20,,,,,260623,
display-topten10.goodwearmall.com,false,,탑텐,,,,,https://topten10.goodwearmall.com/product/MSG5UP1007BK/detail,남성) COOL-AIR 심리스 복서 브리프,,,https://display-topten10.goodwearmall.com/goods/MSG5UP/MSG5UP1007BK_M.jpg,,,,,"₩12,900","₩15,900",18,,,,,260623,
display-topten10.goodwearmall.com,false,,탑텐,,,,,https://topten10.goodwearmall.com/product/MSG2DH1901LBL/detail,남성) COOL 이지 데님 쇼츠,,,https://display-topten10.goodwearmall.com/goods/MSG2DH/MSG2DH1901LBL_M.jpg,,,,,"₩29,900","₩39,900",25,,,,,260623,
display-topten10.goodwearmall.com,false,,탑텐,,,,,https://topten10.goodwearmall.com/product/MSG2TS1003CRP/detail,남성) COOL Air 코튼 T (반팔 스트라이프),,,https://display-topten10.goodwearmall.com/goods/MSG2TS/MSG2TS1003CRP_M.jpg,,,,,"₩19,900","₩29,900",33,,,,,260623,
display-topten10.goodwearmall.com,false,,탑텐,,,,,https://topten10.goodwearmall.com/product/MSG2TS3007MGR/detail,공용) [위어돌스] COOL Air 코튼 T(반팔),,,https://display-topten10.goodwearmall.com/goods/MSG2TS/MSG2TS3007MGR_M.jpg,,,,,"₩19,900","₩29,900",33,,,,,260623,
display-topten10.goodwearmall.com,false,,탑텐,,,,,https://topten10.goodwearmall.com/product/MSG2TV3901BR/detail,공용) 코튼 브이넥 T,,,https://display-topten10.goodwearmall.com/goods/MSG2TV/MSG2TV3901BR_M.jpg,,,,,"₩9,900","₩15,900",37,,,,,260623,
display-topten10.goodwearmall.com,false,,탑텐,,,,,https://topten10.goodwearmall.com/product/MSG5TS3005WB/detail,공용) COOL Air 코튼 크루넥 T (2PACK),,,https://display-topten10.goodwearmall.com/goods/MSG5TS/MSG5TS3005WB_M.jpg,,,,,"₩19,900","₩19,900",,,,,,260623,
display-topten10.goodwearmall.com,false,,탑텐,,,,,https://topten10.goodwearmall.com/product/MSG5TS3005BB/detail,공용) COOL Air 코튼 크루넥 T (2PACK),,,https://display-topten10.goodwearmall.com/goods/MSG5TS/MSG5TS3005BB_M.jpg,,,,,"₩19,900","₩19,900",,,,,,260623,
display-topten10.goodwearmall.com,false,,탑텐,,,,,https://topten10.goodwearmall.com/product/MBG2TS1211DNV/detail,남성) 메쉬 T (반팔),,,https://display-topten10.goodwearmall.com/goods/MBG2TS/MBG2TS1211DNV_M.jpg,,,,,"₩19,900","₩25,900",23,,,,,260623,
display-topten10.goodwearmall.com,false,,탑텐,,,,,https://topten10.goodwearmall.com/product/MSG2WC1921SBL/detail,남성) 리넨블렌드 셔츠 (반팔),,,https://display-topten10.goodwearmall.com/goods/MSG2WC/MSG2WC1921SBL_M.jpg,,,,,"₩29,900","₩39,900",25,,,,,260623,
display-topten10.goodwearmall.com,false,,탑텐,,,,,https://topten10.goodwearmall.com/product/MSH5UL1052BK/detail,남성) COOL Air 메쉬 크루넥 탱크탑,,,https://display-topten10.goodwearmall.com/goods/MSH5UL/MSH5UL1052BK_M.jpg,,,,,"₩12,900","₩15,900",18,,,,,260623,
display-topten10.goodwearmall.com,false,,탑텐,,,,,https://topten10.goodwearmall.com/product/MSG5DP1906LBL/detail,남성) 이지 와이드 데님,,,https://display-topten10.goodwearmall.com/goods/MSG5DP/MSG5DP1906LBL_M.jpg,,,,,"₩49,900","₩59,900",16,,,,,260623,
display-topten10.goodwearmall.com,false,,탑텐,,,,,https://topten10.goodwearmall.com/product/MSG2PP1501DGR/detail,남성) 컴포트 슬림 슬랙스 (SET MSG2KG1501),,,https://display-topten10.goodwearmall.com/goods/MSG2PP/MSG2PP1501DGR_M.jpg,,,,,"₩29,900","₩59,900",50,,,,,260623,
display-topten10.goodwearmall.com,false,,탑텐,,,,,https://topten10.goodwearmall.com/product/MSH5US1053OWT/detail,남성) COOL Air 메쉬 브이넥 T (반팔),,,https://display-topten10.goodwearmall.com/goods/MSH5US/MSH5US1053OWT_M.jpg,,,,,"₩12,900","₩15,900",18,,,,,260623,
display-topten10.goodwearmall.com,false,,탑텐,,,,,https://topten10.goodwearmall.com/product/MSG2TL1001DGR/detail,남성) COOL Air 코튼 탱크탑,,,https://display-topten10.goodwearmall.com/goods/MSG2TL/MSG2TL1001DGR_M.jpg,,,,,"₩15,900","₩19,900",20,,,,,260623,
display-topten10.goodwearmall.com,false,,탑텐,,,,,https://topten10.goodwearmall.com/product/MSG2DH1903MBL/detail,남성) COOL 버뮤다 데님 쇼츠,,,https://display-topten10.goodwearmall.com/goods/MSG2DH/MSG2DH1903MBL_M.jpg,,,,,"₩39,900","₩49,900",20,,,,,260623,
display-topten10.goodwearmall.com,false,,탑텐,,,,,https://topten10.goodwearmall.com/product/MSG2WC1205DBR/detail,남성) 나일론 오버핏 셔츠 (반팔),,,https://display-topten10.goodwearmall.com/goods/MSG2WC/MSG2WC1205DBR_M.jpg,,,,,"₩29,900","₩39,900",25,,,,,260623,
display-topten10.goodwearmall.com,false,,탑텐,,,,,https://topten10.goodwearmall.com/product/MSG3PT1902MGR/detail,남성) COOL Air 코튼 더블니트 쇼츠,,,https://display-topten10.goodwearmall.com/goods/MSG3PT/MSG3PT1902MGR_M.jpg,,,,,"₩25,900","₩29,900",13,,,,,260623,
display-topten10.goodwearmall.com,false,,탑텐,,,,,https://topten10.goodwearmall.com/product/MSG2TS3702DNV/detail,공용) COOL Air 코튼 더블니트 링거 T (반팔),,,https://display-topten10.goodwearmall.com/goods/MSG2TS/MSG2TS3702DNV_M.jpg,,,,,"₩15,900","₩29,900",46,,,,,260623,
display-topten10.goodwearmall.com,false,,탑텐,,,,,https://topten10.goodwearmall.com/product/MSG3TS3293LBK/detail,공용) [핫 스터프] 코튼 그래픽 T,,,https://display-topten10.goodwearmall.com/goods/MSG3TS/MSG3TS3293LBK_M.jpg,,,,,"₩25,900","₩29,900",13,,,,,260623,
display-topten10.goodwearmall.com,false,,탑텐,,,,,https://topten10.goodwearmall.com/product/MSG2PH1201GN/detail,남성) 코튼 이지 쇼츠,,,https://display-topten10.goodwearmall.com/goods/MSG2PH/MSG2PH1201GN_M.jpg,,,,,"₩19,900","₩29,900",33,,,,,260623,
display-topten10.goodwearmall.com,false,,탑텐,,,,,https://topten10.goodwearmall.com/product/MSG2TS1002BK/detail,남성) COOL Air 코튼 그래픽 T (반팔),,,https://display-topten10.goodwearmall.com/goods/MSG2TS/MSG2TS1002BK_M.jpg,,,,,"₩19,900","₩29,900",33,,,,,260623,
display-topten10.goodwearmall.com,false,,탑텐,,,,,https://topten10.goodwearmall.com/product/MSG2PP1001BK/detail,남성) 레귤러 치노 팬츠,,,https://display-topten10.goodwearmall.com/goods/MSG2PP/MSG2PP1001BK_M.jpg,,,,,"₩29,900","₩49,900",40,,,,,260623,
display-topten10.goodwearmall.com,false,,탑텐,,,,,https://topten10.goodwearmall.com/product/MSG2TS3003PP/detail,공용) [유니버설 뮤직] 코튼 크루넥 T,,,https://display-topten10.goodwearmall.com/goods/MSG2TS/MSG2TS3003PP_M.jpg,,,,,"₩15,900","₩29,900",46,,,,,260623,
display-topten10.goodwearmall.com,false,,탑텐,,,,,https://topten10.goodwearmall.com/product/MSG2DH1901BK/detail,남성) COOL 이지 데님 쇼츠,,,https://display-topten10.goodwearmall.com/goods/MSG2DH/MSG2DH1901BK_M.jpg,,,,,"₩29,900","₩39,900",25,,,,,260623,
display-topten10.goodwearmall.com,false,,탑텐,,,,,https://topten10.goodwearmall.com/product/MSG2PT1905BK/detail,남성) 더블니트 버뮤다 스웨트쇼츠,,,https://display-topten10.goodwearmall.com/goods/MSG2PT/MSG2PT1905BK_M.jpg,,,,,"₩25,900","₩39,900",35,,,,,260623,
display-topten10.goodwearmall.com,false,,탑텐,,,,,https://topten10.goodwearmall.com/product/MSG2PP1503BK/detail,남성) 컴포트 와이드 이지 슬랙스,,,https://display-topten10.goodwearmall.com/goods/MSG2PP/MSG2PP1503BK_M.jpg,,,,,"₩39,900","₩49,900",20,,,,,260623,
display-topten10.goodwearmall.com,false,,탑텐,,,,,https://topten10.goodwearmall.com/product/MSG2ET1001BE/detail,남성) 쿨라이트 오픈카라 스웨터,,,https://display-topten10.goodwearmall.com/goods/MSG2ET/MSG2ET1001BE_M.jpg,,,,,"₩19,900","₩39,900",50,,,,,260623,
display-topten10.goodwearmall.com,false,,탑텐,,,,,https://topten10.goodwearmall.com/product/MBG2TL1701CH/detail,남성) 퀵드라이 탱크탑 (워터겸용),,,https://display-topten10.goodwearmall.com/goods/MBG2TL/MBG2TL1701CH_M.jpg,,,,,"₩19,900","₩29,900",33,,,,,260623,
display-topten10.goodwearmall.com,false,,탑텐,,,,,https://topten10.goodwearmall.com/product/MSG5AY3302WT/detail,공용) 아쿠아엑스 페이크 삭스,,,https://display-topten10.goodwearmall.com/goods/MSG5AY/MSG5AY3302WT_M.jpg,,,,,"₩3,900","₩3,900",,,,,,260623,
display-topten10.goodwearmall.com,false,,탑텐,,,,,https://topten10.goodwearmall.com/product/MSG2TV3901BK/detail,공용) 코튼 브이넥 T,,,https://display-topten10.goodwearmall.com/goods/MSG2TV/MSG2TV3901BK_M.jpg,,,,,"₩9,900","₩15,900",37,,,,,260623,
display-topten10.goodwearmall.com,false,,탑텐,,,,,https://topten10.goodwearmall.com/product/MBG5TS1203BK/detail,남성) 퀵드라이 그래픽 T (반팔),,,https://display-topten10.goodwearmall.com/goods/MBG5TS/MBG5TS1203BK_M.jpg,,,,,"₩19,900","₩29,900",33,,,,,260623,
display-topten10.goodwearmall.com,false,,탑텐,,,,,https://topten10.goodwearmall.com/product/MBG5PT1209BK/detail,남성) 수퍼스트레치 카고 조거 팬츠,,,https://display-topten10.goodwearmall.com/goods/MBG5PT/MBG5PT1209BK_M.jpg,,,,,"₩25,900","₩49,900",48,,,,,260623,
display-topten10.goodwearmall.com,false,,탑텐,,,,,https://topten10.goodwearmall.com/product/MSG2TS3702LGR/detail,공용) COOL Air 코튼 더블니트 링거 T (반팔),,,https://display-topten10.goodwearmall.com/goods/MSG2TS/MSG2TS3702LGR_M.jpg,,,,,"₩15,900","₩29,900",46,,,,,260623,
display-topten10.goodwearmall.com,false,,탑텐,,,,,https://topten10.goodwearmall.com/product/MSG2KG1501DGR/detail,남성) COOL 컴포트 재킷,,,https://display-topten10.goodwearmall.com/goods/MSG2KG/MSG2KG1501DGR_M.jpg,,,,,"₩49,900","₩89,900",44,,,,,260623,
display-topten10.goodwearmall.com,false,,탑텐,,,,,https://topten10.goodwearmall.com/product/MSG2JJ1010BK/detail,남성) 포케터블 UV 프로텍션 윈드브레이커,,,https://display-topten10.goodwearmall.com/goods/MSG2JJ/MSG2JJ1010BK_M.jpg,,,,,"₩49,900","₩59,900",16,,,,,260623,
display-topten10.goodwearmall.com,false,,탑텐,,,,,https://topten10.goodwearmall.com/product/MSG3TS3292CH/detail,공용) [분노의 질주] 코튼 그래픽 T,,,https://display-topten10.goodwearmall.com/goods/MSG3TS/MSG3TS3292CH_M.jpg,,,,,"₩25,900","₩29,900",13,,,,,260623,
display-topten10.goodwearmall.com,false,,탑텐,,,,,https://topten10.goodwearmall.com/product/MSG2UI3302NVP/detail,공용) [커버캣] 레이온 파자마 세트,,,https://display-topten10.goodwearmall.com/goods/MSG2UI/MSG2UI3302NVP_M.jpg,,,,,"₩39,900","₩49,900",20,,,,,260623,
display-topten10.goodwearmall.com,false,,탑텐,,,,,https://topten10.goodwearmall.com/product/MSG3PP1201BK/detail,남성) 텍스처드 턱와이드 팬츠,,,https://display-topten10.goodwearmall.com/goods/MSG3PP/MSG3PP1201BK_M.jpg,,,,,"₩39,900","₩49,900",20,,,,,260623,
display-topten10.goodwearmall.com,false,,탑텐,,,,,https://topten10.goodwearmall.com/product/MSG2WC3520SIV/detail,공용) 시어서커 오버핏 셔츠 (반팔),,,https://display-topten10.goodwearmall.com/goods/MSG2WC/MSG2WC3520SIV_M.jpg,,,,,"₩39,900","₩39,900",,,,,,260623,
display-topten10.goodwearmall.com,false,,탑텐,,,,,https://topten10.goodwearmall.com/product/MSG2TS1003RDP/detail,남성) COOL Air 코튼 T (반팔 스트라이프),,,https://display-topten10.goodwearmall.com/goods/MSG2TS/MSG2TS1003RDP_M.jpg,,,,,"₩19,900","₩29,900",33,,,,,260623,
display-topten10.goodwearmall.com,false,,탑텐,,,,,https://topten10.goodwearmall.com/product/MSG2PH1201IN/detail,남성) 코튼 이지 쇼츠,,,https://display-topten10.goodwearmall.com/goods/MSG2PH/MSG2PH1201IN_M.jpg,,,,,"₩19,900","₩29,900",33,,,,,260623,
display-topten10.goodwearmall.com,false,,탑텐,,,,,https://topten10.goodwearmall.com/product/MSG2DP1902IN/detail,남성) COOL 스트레이트 데님,,,https://display-topten10.goodwearmall.com/goods/MSG2DP/MSG2DP1902IN_M.jpg,,,,,"₩39,900","₩59,900",33,,,,,260623,
display-topten10.goodwearmall.com,false,,탑텐,,,,,https://topten10.goodwearmall.com/product/MSG2TS3001LBK/detail,공용)[피너츠] 코튼 크루넥 T (반팔),,,https://display-topten10.goodwearmall.com/goods/MSG2TS/MSG2TS3001LBK_M.jpg,,,,,"₩15,900","₩29,900",46,,,,,260623,
display-topten10.goodwearmall.com,false,,탑텐,,,,,https://topten10.goodwearmall.com/product/MBG2TS1211LGR/detail,남성) 메쉬 T (반팔),,,https://display-topten10.goodwearmall.com/goods/MBG2TS/MBG2TS1211LGR_M.jpg,,,,,"₩19,900","₩25,900",23,,,,,260623,
display-topten10.goodwearmall.com,false,,탑텐,,,,,https://topten10.goodwearmall.com/product/MSG2PP1505BK/detail,남성) 컴포트 슬림 슬랙스 (SET MSG2KG1505),,,https://display-topten10.goodwearmall.com/goods/MSG2PP/MSG2PP1505BK_M.jpg,,,,,"₩29,900","₩59,900",50,,,,,260623,
display-topten10.goodwearmall.com,false,,탑텐,,,,,https://topten10.goodwearmall.com/product/MSG2PP1202KH/detail,남성) 코튼 조거 카고 이지 팬츠,,,https://display-topten10.goodwearmall.com/goods/MSG2PP/MSG2PP1202KH_M.jpg,,,,,"₩19,900","₩49,900",60,,,,,260623,
display-topten10.goodwearmall.com,false,,탑텐,,,,,https://topten10.goodwearmall.com/product/MSG2PP1501NV/detail,남성) 컴포트 슬림 슬랙스 (SET MSG2KG1501),,,https://display-topten10.goodwearmall.com/goods/MSG2PP/MSG2PP1501NV_M.jpg,,,,,"₩29,900","₩59,900",50,,,,,260623,
display-topten10.goodwearmall.com,false,,탑텐,,,,,https://topten10.goodwearmall.com/product/MBG5PT1216BE/detail,남성) 수퍼스트레치 라이트 테이퍼드 팬츠,,,https://display-topten10.goodwearmall.com/goods/MBG5PT/MBG5PT1216BE_M.jpg,,,,,"₩25,900","₩49,900",48,,,,,260623,
display-topten10.goodwearmall.com,false,,탑텐,,,,,https://topten10.goodwearmall.com/product/MBG5PT1258NV/detail,남성) 수퍼스트레치 스트레이트 팬츠,,,https://display-topten10.goodwearmall.com/goods/MBG5PT/MBG5PT1258NV_M.jpg,,,,,"₩19,900","₩39,900",50,,,,,260623,
display-topten10.goodwearmall.com,false,,탑텐,,,,,https://topten10.goodwearmall.com/product/MBG5TS1202KH/detail,남성) 퀵드라이 T (반팔),,,https://display-topten10.goodwearmall.com/goods/MBG5TS/MBG5TS1202KH_M.jpg,,,,,"₩15,900","₩19,900",20,,,,,260623,
display-topten10.goodwearmall.com,false,,탑텐,,,,,https://topten10.goodwearmall.com/product/MSG3WC3200CWT/detail,공용) 시어서커 패턴 오버핏 셔츠 (긴팔),,,https://display-topten10.goodwearmall.com/goods/MSG3WC/MSG3WC3200CWT_M.jpg,,,,,"₩39,900","₩49,900",20,,,,,260623,
display-topten10.goodwearmall.com,false,,탑텐,,,,,https://topten10.goodwearmall.com/product/MSG2DH1903BK/detail,남성) COOL 버뮤다 데님 쇼츠,,,https://display-topten10.goodwearmall.com/goods/MSG2DH/MSG2DH1903BK_M.jpg,,,,,"₩39,900","₩49,900",20,,,,,260623,
display-topten10.goodwearmall.com,false,,탑텐,,,,,https://topten10.goodwearmall.com/product/MSG2WC1921WT/detail,남성) 리넨블렌드 셔츠 (반팔),,,https://display-topten10.goodwearmall.com/goods/MSG2WC/MSG2WC1921WT_M.jpg,,,,,"₩29,900","₩39,900",25,,,,,260623,
display-topten10.goodwearmall.com,false,,탑텐,,,,,https://topten10.goodwearmall.com/product/MSG3PT1905MGR/detail,남성) COOL Air 코튼 더블니트 버뮤다 스웨트쇼츠,,,https://display-topten10.goodwearmall.com/goods/MSG3PT/MSG3PT1905MGR_M.jpg,,,,,"₩29,900","₩39,900",25,,,,,260623,
display-topten10.goodwearmall.com,false,,탑텐,,,,,https://topten10.goodwearmall.com/product/MSG2ER1001LGN/detail,남성) 쿨라이트 크루넥 스웨터,,,https://display-topten10.goodwearmall.com/goods/MSG2ER/MSG2ER1001LGN_M.jpg,,,,,"₩19,900","₩39,900",50,,,,,260623,
display-topten10.goodwearmall.com,false,,탑텐,,,,,https://topten10.goodwearmall.com/product/MSG5AY3304WT/detail,공용) 아쿠아엑스 앵클 삭스,,,https://display-topten10.goodwearmall.com/goods/MSG5AY/MSG5AY3304WT_M.jpg,,,,,"₩3,900","₩3,900",,,,,,260623,
display-topten10.goodwearmall.com,false,,탑텐,,,,,https://topten10.goodwearmall.com/product/MSG2PT1903BK/detail,남성) 테리 턱 버뮤다 스웨트쇼츠,,,https://display-topten10.goodwearmall.com/goods/MSG2PT/MSG2PT1903BK_M.jpg,,,,,"₩25,900","₩29,900",13,,,,,260623,
display-topten10.goodwearmall.com,false,,탑텐,,,,,https://topten10.goodwearmall.com/product/MSG2PT1905MGR/detail,남성) 더블니트 버뮤다 스웨트쇼츠,,,https://display-topten10.goodwearmall.com/goods/MSG2PT/MSG2PT1905MGR_M.jpg,,,,,"₩25,900","₩39,900",35,,,,,260623,
display-topten10.goodwearmall.com,false,,탑텐,,,,,https://topten10.goodwearmall.com/product/MSG3PT1903BK/detail,남성) 테리 턱 버뮤다 스웨트쇼츠,,,https://display-topten10.goodwearmall.com/goods/MSG3PT/MSG3PT1903BK_M.jpg,,,,,"₩25,900","₩29,900",13,,,,,260623,
display-topten10.goodwearmall.com,false,,탑텐,,,,,https://topten10.goodwearmall.com/product/MBG5PT1208BK/detail,남성) 수퍼스트레치 스트레이트 팬츠,,,https://display-topten10.goodwearmall.com/goods/MBG5PT/MBG5PT1208BK_M.jpg,,,,,"₩19,900","₩39,900",50,,,,,260623,
display-topten10.goodwearmall.com,false,,탑텐,,,,,https://topten10.goodwearmall.com/product/MSG2TS3001CRP/detail,공용)[피너츠] 코튼 크루넥 T (반팔),,,https://display-topten10.goodwearmall.com/goods/MSG2TS/MSG2TS3001CRP_M.jpg,,,,,"₩15,900","₩29,900",46,,,,,260623,
display-topten10.goodwearmall.com,false,,탑텐,,,,,https://topten10.goodwearmall.com/product/MSG2JJ1010BKP/detail,남성) 포케터블 UV 프로텍션 윈드브레이커,,,https://display-topten10.goodwearmall.com/goods/MSG2JJ/MSG2JJ1010BKP_M.jpg,,,,,"₩49,900","₩59,900",16,,,,,260623,
display-topten10.goodwearmall.com,false,,탑텐,,,,,https://topten10.goodwearmall.com/product/MSG3PP1201CH/detail,남성) 텍스처드 턱와이드 팬츠,,,https://display-topten10.goodwearmall.com/goods/MSG3PP/MSG3PP1201CH_M.jpg,,,,,"₩39,900","₩49,900",20,,,,,260623,
display-topten10.goodwearmall.com,false,,탑텐,,,,,https://topten10.goodwearmall.com/product/MSG2TS3003WTA/detail,공용) [유니버설 뮤직] 코튼 크루넥 T,,,https://display-topten10.goodwearmall.com/goods/MSG2TS/MSG2TS3003WTA_M.jpg,,,,,"₩15,900","₩29,900",46,,,,,260623,
display-topten10.goodwearmall.com,false,,탑텐,,,,,https://topten10.goodwearmall.com/product/MSG2TS1203SK/detail,남성) 크링클 크루넥 T (반팔),,,https://display-topten10.goodwearmall.com/goods/MSG2TS/MSG2TS1203SK_M.jpg,,,,,"₩19,900","₩29,900",33,,,,,260623,
display-topten10.goodwearmall.com,false,,탑텐,,,,,https://topten10.goodwearmall.com/product/MSG2PH1201CR/detail,남성) 코튼 이지 쇼츠,,,https://display-topten10.goodwearmall.com/goods/MSG2PH/MSG2PH1201CR_M.jpg,,,,,"₩19,900","₩29,900",33,,,,,260623,
display-topten10.goodwearmall.com,false,,탑텐,,,,,https://topten10.goodwearmall.com/product/MSG2TS1006NV/detail,남성) 트윌 크루넥 T (반팔),,,https://display-topten10.goodwearmall.com/goods/MSG2TS/MSG2TS1006NV_M.jpg,,,,,"₩19,900","₩39,900",50,,,,,260623,
display-topten10.goodwearmall.com,false,,탑텐,,,,,https://topten10.goodwearmall.com/product/MSG2PP1505CH/detail,남성) 컴포트 슬림 슬랙스 (SET MSG2KG1505),,,https://display-topten10.goodwearmall.com/goods/MSG2PP/MSG2PP1505CH_M.jpg,,,,,"₩29,900","₩59,900",50,,,,,260623,
display-topten10.goodwearmall.com,false,,탑텐,,,,,https://topten10.goodwearmall.com/product/MSG5TS3702NVP/detail,공용) COOL Air 코튼 더블니트 T (긴팔),,,https://display-topten10.goodwearmall.com/goods/MSG5TS/MSG5TS3702NVP_M.jpg,,,,,"₩19,900","₩29,900",33,,,,,260623,
display-topten10.goodwearmall.com,false,,탑텐,,,,,https://topten10.goodwearmall.com/product/MSG5AY3100WT/detail,공용) 립 삭스 (컬러),,,https://display-topten10.goodwearmall.com/goods/MSG5AY/MSG5AY3100WT_M.jpg,,,,,"₩3,900","₩3,900",,,,,,260623,
display-topten10.goodwearmall.com,false,,탑텐,,,,,https://topten10.goodwearmall.com/product/MSG2TL1001MT/detail,남성) COOL Air 코튼 탱크탑,,,https://display-topten10.goodwearmall.com/goods/MSG2TL/MSG2TL1001MT_M.jpg,,,,,"₩15,900","₩19,900",20,,,,,260623,
display-topten10.goodwearmall.com,false,,탑텐,,,,,https://topten10.goodwearmall.com/product/MBG2PH1701DGN/detail,남성) 워터 쇼츠,,,https://display-topten10.goodwearmall.com/goods/MBG2PH/MBG2PH1701DGN_M.jpg,,,,,"₩29,900","₩39,900",25,,,,,260623,
display-topten10.goodwearmall.com,false,,탑텐,,,,,https://topten10.goodwearmall.com/product/MSG2TS3901BK/detail,공용) 코튼 크루넥 T,,,https://display-topten10.goodwearmall.com/goods/MSG2TS/MSG2TS3901BK_M.jpg,,,,,"₩9,900","₩15,900",37,,,,,260623,
display-topten10.goodwearmall.com,false,,탑텐,,,,,https://topten10.goodwearmall.com/product/MSG2PP1502CH/detail,남성) 컴포트 테이퍼드 이지 슬랙스,,,https://display-topten10.goodwearmall.com/goods/MSG2PP/MSG2PP1502CH_M.jpg,,,,,"₩19,900","₩39,900",50,,,,,260623,
display-topten10.goodwearmall.com,false,,탑텐,,,,,https://topten10.goodwearmall.com/product/MBG5PT1256BK/detail,남성) 수퍼스트레치 조거 팬츠,,,https://display-topten10.goodwearmall.com/goods/MBG5PT/MBG5PT1256BK_M.jpg,,,,,"₩19,900","₩39,900",50,,,,,260623,
display-topten10.goodwearmall.com,false,,탑텐,,,,,https://topten10.goodwearmall.com/product/MBG2TL1211WT/detail,남성) 메쉬 탱크탑,,,https://display-topten10.goodwearmall.com/goods/MBG2TL/MBG2TL1211WT_M.jpg,,,,,"₩15,900","₩19,900",20,,,,,260623,
display-topten10.goodwearmall.com,false,,탑텐,,,,,https://topten10.goodwearmall.com/product/MSG5UL1223OWT/detail,남성) COOL Air 크루넥 탱크,,,https://display-topten10.goodwearmall.com/goods/MSG5UL/MSG5UL1223OWT_M.jpg,,,,,"₩12,900","₩15,900",18,,,,,260623,
display-topten10.goodwearmall.com,false,,탑텐,,,,,https://topten10.goodwearmall.com/product/MSG2PP1203CH/detail,남성) 코튼 테이퍼드 이지 팬츠,,,https://display-topten10.goodwearmall.com/goods/MSG2PP/MSG2PP1203CH_M.jpg,,,,,"₩29,900","₩39,900",25,,,,,260623,
display-topten10.goodwearmall.com,false,,탑텐,,,,,https://topten10.goodwearmall.com/product/MSG3TS3293WT/detail,공용) [핫 스터프] 코튼 그래픽 T,,,https://display-topten10.goodwearmall.com/goods/MSG3TS/MSG3TS3293WT_M.jpg,,,,,"₩25,900","₩29,900",13,,,,,260623,
display-topten10.goodwearmall.com,false,,탑텐,,,,,https://topten10.goodwearmall.com/product/MSG2ER1001GNP/detail,남성) 쿨라이트 크루넥 스웨터,,,https://display-topten10.goodwearmall.com/goods/MSG2ER/MSG2ER1001GNP_M.jpg,,,,,"₩19,900","₩39,900",50,,,,,260623,
display-topten10.goodwearmall.com,false,,탑텐,,,,,https://topten10.goodwearmall.com/product/MBG2TS1701WT/detail,남성) 퀵드라이 T (워터겸용),,,https://display-topten10.goodwearmall.com/goods/MBG2TS/MBG2TS1701WT_M.jpg,,,,,"₩29,900","₩39,900",25,,,,,260623,
display-topten10.goodwearmall.com,false,,탑텐,,,,,https://topten10.goodwearmall.com/product/MSG2TS1006BK/detail,남성) 트윌 크루넥 T (반팔),,,https://display-topten10.goodwearmall.com/goods/MSG2TS/MSG2TS1006BK_M.jpg,,,,,"₩19,900","₩39,900",50,,,,,260623,
display-topten10.goodwearmall.com,false,,탑텐,,,,,https://topten10.goodwearmall.com/product/MSG2PH1205BK/detail,남성) COOL 나일론 이지 쇼츠,,,https://display-topten10.goodwearmall.com/goods/MSG2PH/MSG2PH1205BK_M.jpg,,,,,"₩19,900","₩29,900",33,,,,,260623,
display-topten10.goodwearmall.com,false,,탑텐,,,,,https://topten10.goodwearmall.com/product/MSG2TV3901BL/detail,공용) 코튼 브이넥 T,,,https://display-topten10.goodwearmall.com/goods/MSG2TV/MSG2TV3901BL_M.jpg,,,,,"₩9,900","₩15,900",37,,,,,260623,
display-topten10.goodwearmall.com,false,,탑텐,,,,,https://topten10.goodwearmall.com/product/MSG2WC3520SBL/detail,공용) 시어서커 오버핏 셔츠 (반팔),,,https://display-topten10.goodwearmall.com/goods/MSG2WC/MSG2WC3520SBL_M.jpg,,,,,"₩39,900","₩39,900",,,,,,260623,
display-topten10.goodwearmall.com,false,,탑텐,,,,,https://topten10.goodwearmall.com/product/MSG2TR1002DGN/detail,남성) 더블니트 그래픽 스웨트셔츠,,,https://display-topten10.goodwearmall.com/goods/MSG2TR/MSG2TR1002DGN_M.jpg,,,,,"₩29,900","₩39,900",25,,,,,260623,
display-topten10.goodwearmall.com,false,,탑텐,,,,,https://topten10.goodwearmall.com/product/MSG2WC1901SK/detail,남성) 리넨블렌드 셔츠 (긴팔),,,https://display-topten10.goodwearmall.com/goods/MSG2WC/MSG2WC1901SK_M.jpg,,,,,"₩29,900","₩49,900",40,,,,,260623,
display-topten10.goodwearmall.com,false,,탑텐,,,,,https://topten10.goodwearmall.com/product/MSG2TS1002LGR/detail,남성) COOL Air 코튼 그래픽 T (반팔),,,https://display-topten10.goodwearmall.com/goods/MSG2TS/MSG2TS1002LGR_M.jpg,,,,,"₩19,900","₩29,900",33,,,,,260623,
display-topten10.goodwearmall.com,false,,탑텐,,,,,https://topten10.goodwearmall.com/product/MSG2TS1203GR/detail,남성) 크링클 크루넥 T (반팔),,,https://display-topten10.goodwearmall.com/goods/MSG2TS/MSG2TS1203GR_M.jpg,,,,,"₩19,900","₩29,900",33,,,,,260623,
display-topten10.goodwearmall.com,false,,탑텐,,,,,https://topten10.goodwearmall.com/product/MBG5TS1203WT/detail,남성) 퀵드라이 그래픽 T (반팔),,,https://display-topten10.goodwearmall.com/goods/MBG5TS/MBG5TS1203WT_M.jpg,,,,,"₩19,900","₩29,900",33,,,,,260623,
display-topten10.goodwearmall.com,false,,탑텐,,,,,https://topten10.goodwearmall.com/product/MSG2TS3002WT/detail,공용) [카카오프렌즈] COOL Air 코튼 반팔 T,,,https://display-topten10.goodwearmall.com/goods/MSG2TS/MSG2TS3002WT_M.jpg,,,,,"₩15,900","₩29,900",46,,,,,260623,
display-topten10.goodwearmall.com,false,,탑텐,,,,,https://topten10.goodwearmall.com/product/MSG3WC3200CBK/detail,공용) 시어서커 패턴 오버핏 셔츠 (긴팔),,,https://display-topten10.goodwearmall.com/goods/MSG3WC/MSG3WC3200CBK_M.jpg,,,,,"₩39,900","₩49,900",20,,,,,260623,
display-topten10.goodwearmall.com,false,,탑텐,,,,,https://topten10.goodwearmall.com/product/MSG2PP1001LKH/detail,남성) 레귤러 치노 팬츠,,,https://display-topten10.goodwearmall.com/goods/MSG2PP/MSG2PP1001LKH_M.jpg,,,,,"₩29,900","₩49,900",40,,,,,260623,
display-topten10.goodwearmall.com,false,,탑텐,,,,,https://topten10.goodwearmall.com/product/MSG2TS3015WT/detail,공용) 퀵드라이 그래픽 T (반팔),,,https://display-topten10.goodwearmall.com/goods/MSG2TS/MSG2TS3015WT_M.jpg,,,,,"₩15,900","₩29,900",46,,,,,260623,
display-topten10.goodwearmall.com,false,,탑텐,,,,,https://topten10.goodwearmall.com/product/MSG2TS3701DNV/detail,공용) COOL Air 코튼 더블니트 오버핏 T (5부),,,https://display-topten10.goodwearmall.com/goods/MSG2TS/MSG2TS3701DNV_M.jpg,,,,,"₩15,900","₩25,900",38,,,,,260623,
display-topten10.goodwearmall.com,false,,탑텐,,,,,https://topten10.goodwearmall.com/product/MSG2TS1205LGR/detail,남성) 코튼 헨리넥 T (반팔),,,https://display-topten10.goodwearmall.com/goods/MSG2TS/MSG2TS1205LGR_M.jpg,,,,,"₩19,900","₩29,900",33,,,,,260623,
display-topten10.goodwearmall.com,false,,탑텐,,,,,https://topten10.goodwearmall.com/product/MBG2TL1701WT/detail,남성) 퀵드라이 탱크탑 (워터겸용),,,https://display-topten10.goodwearmall.com/goods/MBG2TL/MBG2TL1701WT_M.jpg,,,,,"₩19,900","₩29,900",33,,,,,260623,
display-topten10.goodwearmall.com,false,,탑텐,,,,,https://topten10.goodwearmall.com/product/MSG2TL1002WT/detail,남성) COOL Air 코튼 그래픽 탱크탑,,,https://display-topten10.goodwearmall.com/goods/MSG2TL/MSG2TL1002WT_M.jpg,,,,,"₩19,900","₩25,900",23,,,,,260623,
display-topten10.goodwearmall.com,false,,탑텐,,,,,https://topten10.goodwearmall.com/product/MSG4PP1202BE/detail,남성) 수퍼스트레치 테이퍼드 슬랙스,,,https://display-topten10.goodwearmall.com/goods/MSG4PP/MSG4PP1202BE_M.jpg,,,,,"₩39,900","₩49,900",20,,,,,260623,
display-topten10.goodwearmall.com,false,,탑텐,,,,,https://topten10.goodwearmall.com/product/MSG2WC1205BK/detail,남성) 나일론 오버핏 셔츠 (반팔),,,https://display-topten10.goodwearmall.com/goods/MSG2WC/MSG2WC1205BK_M.jpg,,,,,"₩29,900","₩39,900",25,,,,,260623,
display-topten10.goodwearmall.com,false,,탑텐,,,,,https://topten10.goodwearmall.com/product/MSG2TS3003BK/detail,공용) [유니버설 뮤직] 코튼 크루넥 T,,,https://display-topten10.goodwearmall.com/goods/MSG2TS/MSG2TS3003BK_M.jpg,,,,,"₩15,900","₩29,900",46,,,,,260623,
display-topten10.goodwearmall.com,false,,탑텐,,,,,https://topten10.goodwearmall.com/product/MSG2TT1002LPK/detail,남성) 퀵드라이 슬릿카라 (반팔),,,https://display-topten10.goodwearmall.com/goods/MSG2TT/MSG2TT1002LPK_M.jpg,,,,,"₩19,900","₩39,900",50,,,,,260623,
display-topten10.goodwearmall.com,false,,탑텐,,,,,https://topten10.goodwearmall.com/product/MSG2TS3005WTP/detail,공용) 소프트 코튼 크루넥 T (스트라이프),,,https://display-topten10.goodwearmall.com/goods/MSG2TS/MSG2TS3005WTP_M.jpg,,,,,"₩25,900","₩29,900",13,,,,,260623,
display-topten10.goodwearmall.com,false,,탑텐,,,,,https://topten10.goodwearmall.com/product/MSG2WC3501CCH/detail,공용) 시어서커 오버핏 셔츠 (긴팔),,,https://display-topten10.goodwearmall.com/goods/MSG2WC/MSG2WC3501CCH_M.jpg,,,,,"₩39,900","₩49,900",20,,,,,260623,
display-topten10.goodwearmall.com,false,,탑텐,,,,,https://topten10.goodwearmall.com/product/MSH5US1053BK/detail,남성) COOL Air 메쉬 브이넥 T (반팔),,,https://display-topten10.goodwearmall.com/goods/MSH5US/MSH5US1053BK_M.jpg,,,,,"₩12,900","₩15,900",18,,,,,260623,
display-topten10.goodwearmall.com,false,,탑텐,,,,,https://topten10.goodwearmall.com/product/MSG2WC3520SBK/detail,공용) 시어서커 오버핏 셔츠 (반팔),,,https://display-topten10.goodwearmall.com/goods/MSG2WC/MSG2WC3520SBK_M.jpg,,,,,"₩39,900","₩39,900",,,,,,260623,
display-topten10.goodwearmall.com,false,,탑텐,,,,,https://topten10.goodwearmall.com/product/MSG3TL3291DCH/detail,공용) [핫스터프] 탱크탑,,,https://display-topten10.goodwearmall.com/goods/MSG3TL/MSG3TL3291DCH_M.jpg,,,,,"₩25,900","₩29,900",13,,,,,260623,
display-topten10.goodwearmall.com,false,,탑텐,,,,,https://topten10.goodwearmall.com/product/MSG5AY3102WT/detail,공용) 앵클 삭스,,,https://display-topten10.goodwearmall.com/goods/MSG5AY/MSG5AY3102WT_M.jpg,,,,,"₩3,900","₩3,900",,,,,,260623,
display-topten10.goodwearmall.com,false,,탑텐,,,,,https://topten10.goodwearmall.com/product/MSG2TS3007CR/detail,공용) [위어돌스] COOL Air 코튼 T(반팔),,,https://display-topten10.goodwearmall.com/goods/MSG2TS/MSG2TS3007CR_M.jpg,,,,,"₩19,900","₩29,900",33,,,,,260623,
display-topten10.goodwearmall.com,false,,탑텐,,,,,https://topten10.goodwearmall.com/product/MSG2TS1203CH/detail,남성) 크링클 크루넥 T (반팔),,,https://display-topten10.goodwearmall.com/goods/MSG2TS/MSG2TS1203CH_M.jpg,,,,,"₩19,900","₩29,900",33,,,,,260623,
display-topten10.goodwearmall.com,false,,탑텐,,,,,https://topten10.goodwearmall.com/product/MSG2TS3003WT/detail,공용) [유니버설 뮤직] 코튼 크루넥 T,,,https://display-topten10.goodwearmall.com/goods/MSG2TS/MSG2TS3003WT_M.jpg,,,,,"₩15,900","₩29,900",46,,,,,260623,
display-topten10.goodwearmall.com,false,,탑텐,,,,,https://topten10.goodwearmall.com/product/MBG2PH1701BL/detail,남성) 워터 쇼츠,,,https://display-topten10.goodwearmall.com/goods/MBG2PH/MBG2PH1701BL_M.jpg,,,,,"₩29,900","₩39,900",25,,,,,260623,
display-topten10.goodwearmall.com,false,,탑텐,,,,,https://topten10.goodwearmall.com/product/MSG2PP1202BK/detail,남성) 코튼 조거 카고 이지 팬츠,,,https://display-topten10.goodwearmall.com/goods/MSG2PP/MSG2PP1202BK_M.jpg,,,,,"₩19,900","₩49,900",60,,,,,260623,
display-topten10.goodwearmall.com,false,,탑텐,,,,,https://topten10.goodwearmall.com/product/MSG5AY3302BK/detail,공용) 아쿠아엑스 페이크 삭스,,,https://display-topten10.goodwearmall.com/goods/MSG5AY/MSG5AY3302BK_M.jpg,,,,,"₩3,900","₩3,900",,,,,,260623,
display-topten10.goodwearmall.com,false,,탑텐,,,,,https://topten10.goodwearmall.com/product/MSG5AY3202BK/detail,공용) 아쿠아엑스 스니커즈 삭스,,,https://display-topten10.goodwearmall.com/goods/MSG5AY/MSG5AY3202BK_M.jpg,,,,,"₩3,900","₩3,900",,,,,,260623,
display-topten10.goodwearmall.com,false,,탑텐,,,,,https://topten10.goodwearmall.com/product/MSG2TS1002BG/detail,남성) COOL Air 코튼 그래픽 T (반팔),,,https://display-topten10.goodwearmall.com/goods/MSG2TS/MSG2TS1002BG_M.jpg,,,,,"₩19,900","₩29,900",33,,,,,260623,
display-topten10.goodwearmall.com,false,,탑텐,,,,,https://topten10.goodwearmall.com/product/MSG3TS3202CGR/detail,공용) 가먼트다잉 그래픽 T (반팔),,,https://display-topten10.goodwearmall.com/goods/MSG3TS/MSG3TS3202CGR_M.jpg,,,,,"₩25,900","₩29,900",13,,,,,260623,
display-topten10.goodwearmall.com,false,,탑텐,,,,,https://topten10.goodwearmall.com/product/MSG5AY3100BK/detail,공용) 립 삭스 (컬러),,,https://display-topten10.goodwearmall.com/goods/MSG5AY/MSG5AY3100BK_M.jpg,,,,,"₩3,900","₩3,900",,,,,,260623,
display-topten10.goodwearmall.com,false,,탑텐,,,,,https://topten10.goodwearmall.com/product/MSG3TS3201SK/detail,공용) COOL Air 코튼 크루넥 T (반팔),,,https://display-topten10.goodwearmall.com/goods/MSG3TS/MSG3TS3201SK_M.jpg,,,,,"₩15,900","₩19,900",20,,,,,260623,
display-topten10.goodwearmall.com,false,,탑텐,,,,,https://topten10.goodwearmall.com/product/MSG2ER1001CRP/detail,남성) 쿨라이트 크루넥 스웨터,,,https://display-topten10.goodwearmall.com/goods/MSG2ER/MSG2ER1001CRP_M.jpg,,,,,"₩19,900","₩39,900",50,,,,,260623,
display-topten10.goodwearmall.com,false,,탑텐,,,,,https://topten10.goodwearmall.com/product/MSG2TT3001YE/detail,공용) COOL Air 코튼 피케 폴로 셔츠,,,https://display-topten10.goodwearmall.com/goods/MSG2TT/MSG2TT3001YE_M.jpg,,,,,"₩19,900","₩29,900",33,,,,,260623,
display-topten10.goodwearmall.com,false,,탑텐,,,,,https://topten10.goodwearmall.com/product/MSG2TS3003LBE/detail,공용) [유니버설 뮤직] 코튼 크루넥 T,,,https://display-topten10.goodwearmall.com/goods/MSG2TS/MSG2TS3003LBE_M.jpg,,,,,"₩15,900","₩29,900",46,,,,,260623,
display-topten10.goodwearmall.com,false,,탑텐,,,,,https://topten10.goodwearmall.com/product/MSG2UG3001NVP/detail,공용) 소프트 시어서커 라운지 팬츠,,,https://display-topten10.goodwearmall.com/goods/MSG2UG/MSG2UG3001NVP_M.jpg,,,,,"₩25,900","₩29,900",13,,,,,260623,
display-topten10.goodwearmall.com,false,,탑텐,,,,,https://topten10.goodwearmall.com/product/MBG5PT1209CH/detail,남성) 수퍼스트레치 카고 조거 팬츠,,,https://display-topten10.goodwearmall.com/goods/MBG5PT/MBG5PT1209CH_M.jpg,,,,,"₩25,900","₩49,900",48,,,,,260623,
display-topten10.goodwearmall.com,false,,탑텐,,,,,https://topten10.goodwearmall.com/product/MSG2WC1901NV/detail,남성) 리넨블렌드 셔츠 (긴팔),,,https://display-topten10.goodwearmall.com/goods/MSG2WC/MSG2WC1901NV_M.jpg,,,,,"₩29,900","₩49,900",40,,,,,260623,
display-topten10.goodwearmall.com,false,,탑텐,,,,,https://topten10.goodwearmall.com/product/MSG2UI3701NVP/detail,공용) 소프트 시어서커 파자마 세트,,,https://display-topten10.goodwearmall.com/goods/MSG2UI/MSG2UI3701NVP_M.jpg,,,,,"₩39,900","₩49,900",20,,,,,260623,
display-topten10.goodwearmall.com,false,,탑텐,,,,,https://topten10.goodwearmall.com/product/MSG2UG3001DVP/detail,공용) 소프트 시어서커 라운지 팬츠,,,https://display-topten10.goodwearmall.com/goods/MSG2UG/MSG2UG3001DVP_M.jpg,,,,,"₩25,900","₩29,900",13,,,,,260623,
display-topten10.goodwearmall.com,false,,탑텐,,,,,https://topten10.goodwearmall.com/product/MSG2DH1901IN/detail,남성) COOL 이지 데님 쇼츠,,,https://display-topten10.goodwearmall.com/goods/MSG2DH/MSG2DH1901IN_M.jpg,,,,,"₩29,900","₩39,900",25,,,,,260623,
display-topten10.goodwearmall.com,false,,탑텐,,,,,https://topten10.goodwearmall.com/product/MSG2PP1203DNV/detail,남성) 코튼 테이퍼드 이지 팬츠,,,https://display-topten10.goodwearmall.com/goods/MSG2PP/MSG2PP1203DNV_M.jpg,,,,,"₩29,900","₩39,900",25,,,,,260623,
display-topten10.goodwearmall.com,false,,탑텐,,,,,https://topten10.goodwearmall.com/product/MSG2WC3501CNV/detail,공용) 시어서커 오버핏 셔츠 (긴팔),,,https://display-topten10.goodwearmall.com/goods/MSG2WC/MSG2WC3501CNV_M.jpg,,,,,"₩39,900","₩49,900",20,,,,,260623,
display-topten10.goodwearmall.com,false,,탑텐,,,,,https://topten10.goodwearmall.com/product/MSG2WC1923WT/detail,남성) 옥스포드 셔츠 (반팔),,,https://display-topten10.goodwearmall.com/goods/MSG2WC/MSG2WC1923WT_M.jpg,,,,,"₩39,900","₩39,900",,,,,,260623,
display-topten10.goodwearmall.com,false,,탑텐,,,,,https://topten10.goodwearmall.com/product/MSG2PH1204DNV/detail,남성) COOL 텍스쳐드 이지 쇼츠,,,https://display-topten10.goodwearmall.com/goods/MSG2PH/MSG2PH1204DNV_M.jpg,,,,,"₩19,900","₩29,900",33,,,,,260623,
display-topten10.goodwearmall.com,false,,탑텐,,,,,https://topten10.goodwearmall.com/product/MSG3TS3203DBR/detail,공용) 코튼 크루넥 T (반팔 스트라이프),,,https://display-topten10.goodwearmall.com/goods/MSG3TS/MSG3TS3203DBR_M.jpg,,,,,"₩19,900","₩25,900",23,,,,,260623,
display-topten10.goodwearmall.com,false,,탑텐,,,,,https://topten10.goodwearmall.com/product/MSG2TS3008MGR/detail,공용) [마인드어데이 커버캣] 코튼 크루넥 T (반팔),,,https://display-topten10.goodwearmall.com/goods/MSG2TS/MSG2TS3008MGR_M.jpg,,,,,"₩15,900","₩29,900",46,,,,,260623,
display-topten10.goodwearmall.com,false,,탑텐,,,,,https://topten10.goodwearmall.com/product/MSG2TS3001BKP/detail,공용)[피너츠] 코튼 크루넥 T (반팔),,,https://display-topten10.goodwearmall.com/goods/MSG2TS/MSG2TS3001BKP_M.jpg,,,,,"₩15,900","₩29,900",46,,,,,260623,
display-topten10.goodwearmall.com,false,,탑텐,,,,,https://topten10.goodwearmall.com/product/MSG5AY3102WTP/detail,공용) 앵클 삭스,,,https://display-topten10.goodwearmall.com/goods/MSG5AY/MSG5AY3102WTP_M.jpg,,,,,"₩3,900","₩3,900",,,,,,260623,
display-topten10.goodwearmall.com,false,,탑텐,,,,,https://topten10.goodwearmall.com/product/MBG5VI1050BK/detail,남성) 라이트 베스트,,,https://display-topten10.goodwearmall.com/goods/MBG5VI/MBG5VI1050BK_M.jpg,,,,,"₩39,900","₩39,900",,,,,,260623,
display-topten10.goodwearmall.com,false,,탑텐,,,,,https://topten10.goodwearmall.com/product/MSG2TS3008LYE/detail,공용) [마인드어데이 커버캣] 코튼 크루넥 T (반팔),,,https://display-topten10.goodwearmall.com/goods/MSG2TS/MSG2TS3008LYE_M.jpg,,,,,"₩15,900","₩29,900",46,,,,,260623,
display-topten10.goodwearmall.com,false,,탑텐,,,,,https://topten10.goodwearmall.com/product/MSG2TS1502WT/detail,남성) 쿨먼트 폰테 그래픽 T (반팔),,,https://display-topten10.goodwearmall.com/goods/MSG2TS/MSG2TS1502WT_M.jpg,,,,,"₩15,900","₩29,900",46,,,,,260623,
display-topten10.goodwearmall.com,false,,탑텐,,,,,https://topten10.goodwearmall.com/product/MSG5UP1002BK/detail,남성) COOL-AIR 심리스 메쉬 복서브리프,,,https://display-topten10.goodwearmall.com/goods/MSG5UP/MSG5UP1002BK_M.jpg,,,,,"₩12,900","₩15,900",18,,,,,260623,
display-topten10.goodwearmall.com,false,,탑텐,,,,,https://topten10.goodwearmall.com/product/MSG5UP1007NV/detail,남성) COOL-AIR 심리스 복서 브리프,,,https://display-topten10.goodwearmall.com/goods/MSG5UP/MSG5UP1007NV_M.jpg,,,,,"₩12,900","₩15,900",18,,,,,260623,
display-topten10.goodwearmall.com,false,,탑텐,,,,,https://topten10.goodwearmall.com/product/MBG2PH1701BK/detail,남성) 워터 쇼츠,,,https://display-topten10.goodwearmall.com/goods/MBG2PH/MBG2PH1701BK_M.jpg,,,,,"₩29,900","₩39,900",25,,,,,260623,
display-topten10.goodwearmall.com,false,,탑텐,,,,,https://topten10.goodwearmall.com/product/MSG2TS3009DBE/detail,공용)[디즈니] 코튼 크루넥 T (반팔),,,https://display-topten10.goodwearmall.com/goods/MSG2TS/MSG2TS3009DBE_M.jpg,,,,,"₩15,900","₩29,900",46,,,,,260623,
display-topten10.goodwearmall.com,false,,탑텐,,,,,https://topten10.goodwearmall.com/product/MBG2PH1002LKH/detail,남성) 스트레치 카고 쇼츠,,,https://display-topten10.goodwearmall.com/goods/MBG2PH/MBG2PH1002LKH_M.jpg,,,,,"₩29,900","₩39,900",25,,,,,260623,
display-topten10.goodwearmall.com,false,,탑텐,,,,,https://topten10.goodwearmall.com/product/MSG2TL1001LGR/detail,남성) COOL Air 코튼 탱크탑,,,https://display-topten10.goodwearmall.com/goods/MSG2TL/MSG2TL1001LGR_M.jpg,,,,,"₩15,900","₩19,900",20,,,,,260623,
display-topten10.goodwearmall.com,false,,탑텐,,,,,https://topten10.goodwearmall.com/product/MSG2TS3007WT/detail,공용) [위어돌스] COOL Air 코튼 T(반팔),,,https://display-topten10.goodwearmall.com/goods/MSG2TS/MSG2TS3007WT_M.jpg,,,,,"₩19,900","₩29,900",33,,,,,260623,
display-topten10.goodwearmall.com,false,,탑텐,,,,,https://topten10.goodwearmall.com/product/MBG2TS1211BL/detail,남성) 메쉬 T (반팔),,,https://display-topten10.goodwearmall.com/goods/MBG2TS/MBG2TS1211BL_M.jpg,,,,,"₩19,900","₩25,900",23,,,,,260623,
display-topten10.goodwearmall.com,false,,탑텐,,,,,https://topten10.goodwearmall.com/product/MBG5PT1205BK/detail,남성) 퀵드라이 쇼츠,,,https://display-topten10.goodwearmall.com/goods/MBG5PT/MBG5PT1205BK_M.jpg,,,,,"₩19,900","₩19,900",,,,,,260623,
display-topten10.goodwearmall.com,false,,탑텐,,,,,https://topten10.goodwearmall.com/product/MSG3TC1202GR/detail,남성) 와플 후드집업,,,https://display-topten10.goodwearmall.com/goods/MSG3TC/MSG3TC1202GR_M.jpg,,,,,"₩49,900","₩59,900",16,,,,,260623,
display-topten10.goodwearmall.com,false,,탑텐,,,,,https://topten10.goodwearmall.com/product/MSG2TS3001WT/detail,공용)[피너츠] 코튼 크루넥 T (반팔),,,https://display-topten10.goodwearmall.com/goods/MSG2TS/MSG2TS3001WT_M.jpg,,,,,"₩15,900","₩29,900",46,,,,,260623,
display-topten10.goodwearmall.com,false,,탑텐,,,,,https://topten10.goodwearmall.com/product/MBG5PP1030BK/detail,남성) 테크스트레치 이지 팬츠,,,https://display-topten10.goodwearmall.com/goods/MBG5PP/MBG5PP1030BK_M.jpg,,,,,"₩29,900","₩49,900",40,,,,,260623,
display-topten10.goodwearmall.com,false,,탑텐,,,,,https://topten10.goodwearmall.com/product/MSG2TS3015SK/detail,공용) 퀵드라이 그래픽 T (반팔),,,https://display-topten10.goodwearmall.com/goods/MSG2TS/MSG2TS3015SK_M.jpg,,,,,"₩15,900","₩29,900",46,,,,,260623,
display-topten10.goodwearmall.com,false,,탑텐,,,,,https://topten10.goodwearmall.com/product/MSG3TS3293NV/detail,공용) [핫 스터프] 코튼 그래픽 T,,,https://display-topten10.goodwearmall.com/goods/MSG3TS/MSG3TS3293NV_M.jpg,,,,,"₩25,900","₩29,900",13,,,,,260623,
display-topten10.goodwearmall.com,false,,탑텐,,,,,https://topten10.goodwearmall.com/product/MSG2UG3001LPP/detail,공용) 소프트 시어서커 라운지 팬츠,,,https://display-topten10.goodwearmall.com/goods/MSG2UG/MSG2UG3001LPP_M.jpg,,,,,"₩25,900","₩29,900",13,,,,,260623,
display-topten10.goodwearmall.com,false,,탑텐,,,,,https://topten10.goodwearmall.com/product/MSG5UP1012RD/detail,남성) COOL Air 퓨징 심리스 메쉬 복서브리프,,,https://display-topten10.goodwearmall.com/goods/MSG5UP/MSG5UP1012RD_M.jpg,,,,,"₩12,900","₩15,900",18,,,,,260623,
display-topten10.goodwearmall.com,false,,탑텐,,,,,https://topten10.goodwearmall.com/product/MSG5UP1012BK/detail,남성) COOL Air 퓨징 심리스 메쉬 복서브리프,,,https://display-topten10.goodwearmall.com/goods/MSG5UP/MSG5UP1012BK_M.jpg,,,,,"₩12,900","₩15,900",18,,,,,260623,
display-topten10.goodwearmall.com,false,,탑텐,,,,,https://topten10.goodwearmall.com/product/MSG2TL1001DBL/detail,남성) COOL Air 코튼 탱크탑,,,https://display-topten10.goodwearmall.com/goods/MSG2TL/MSG2TL1001DBL_M.jpg,,,,,"₩15,900","₩19,900",20,,,,,260623,
display-topten10.goodwearmall.com,false,,탑텐,,,,,https://topten10.goodwearmall.com/product/MSG2UI3701MIP/detail,공용) 소프트 시어서커 파자마 세트,,,https://display-topten10.goodwearmall.com/goods/MSG2UI/MSG2UI3701MIP_M.jpg,,,,,"₩39,900","₩49,900",20,,,,,260623,
display-topten10.goodwearmall.com,false,,탑텐,,,,,https://topten10.goodwearmall.com/product/MSG2ER1001LBL/detail,남성) 쿨라이트 크루넥 스웨터,,,https://display-topten10.goodwearmall.com/goods/MSG2ER/MSG2ER1001LBL_M.jpg,,,,,"₩19,900","₩39,900",50,,,,,260623,
display-topten10.goodwearmall.com,false,,탑텐,,,,,https://topten10.goodwearmall.com/product/MBG5PT1206NV/detail,남성) 수퍼스트레치 조거 팬츠,,,https://display-topten10.goodwearmall.com/goods/MBG5PT/MBG5PT1206NV_M.jpg,,,,,"₩19,900","₩39,900",50,,,,,260623,
display-topten10.goodwearmall.com,false,,탑텐,,,,,https://topten10.goodwearmall.com/product/MSG2PH1204BE/detail,남성) COOL 텍스쳐드 이지 쇼츠,,,https://display-topten10.goodwearmall.com/goods/MSG2PH/MSG2PH1204BE_M.jpg,,,,,"₩19,900","₩29,900",33,,,,,260623,
display-topten10.goodwearmall.com,false,,탑텐,,,,,https://topten10.goodwearmall.com/product/MSG2TS3701LYE/detail,공용) COOL Air 코튼 더블니트 오버핏 T (5부),,,https://display-topten10.goodwearmall.com/goods/MSG2TS/MSG2TS3701LYE_M.jpg,,,,,"₩15,900","₩25,900",38,,,,,260623,
display-topten10.goodwearmall.com,false,,탑텐,,,,,https://topten10.goodwearmall.com/product/MSG2TS3701RD/detail,공용) COOL Air 코튼 더블니트 오버핏 T (5부),,,https://display-topten10.goodwearmall.com/goods/MSG2TS/MSG2TS3701RD_M.jpg,,,,,"₩15,900","₩25,900",38,,,,,260623,
display-topten10.goodwearmall.com,false,,탑텐,,,,,https://topten10.goodwearmall.com/product/MSG2WC1901BE/detail,남성) 리넨블렌드 셔츠 (긴팔),,,https://display-topten10.goodwearmall.com/goods/MSG2WC/MSG2WC1901BE_M.jpg,,,,,"₩29,900","₩49,900",40,,,,,260623,
display-topten10.goodwearmall.com,false,,탑텐,,,,,https://topten10.goodwearmall.com/product/MSG2WC1921MT/detail,남성) 리넨블렌드 셔츠 (반팔),,,https://display-topten10.goodwearmall.com/goods/MSG2WC/MSG2WC1921MT_M.jpg,,,,,"₩29,900","₩39,900",25,,,,,260623,
display-topten10.goodwearmall.com,false,,탑텐,,,,,https://topten10.goodwearmall.com/product/MSG2DH1903DBL/detail,남성) COOL 버뮤다 데님 쇼츠,,,https://display-topten10.goodwearmall.com/goods/MSG2DH/MSG2DH1903DBL_M.jpg,,,,,"₩39,900","₩49,900",20,,,,,260623,
display-topten10.goodwearmall.com,false,,탑텐,,,,,https://topten10.goodwearmall.com/product/MSG2WC3520CBK/detail,공용) 시어서커 오버핏 셔츠 (반팔),,,https://display-topten10.goodwearmall.com/goods/MSG2WC/MSG2WC3520CBK_M.jpg,,,,,"₩39,900","₩39,900",,,,,,260623,
display-topten10.goodwearmall.com,false,,탑텐,,,,,https://topten10.goodwearmall.com/product/MSG2PP1001IV/detail,남성) 레귤러 치노 팬츠,,,https://display-topten10.goodwearmall.com/goods/MSG2PP/MSG2PP1001IV_M.jpg,,,,,"₩29,900","₩49,900",40,,,,,260623,
display-topten10.goodwearmall.com,false,,탑텐,,,,,https://topten10.goodwearmall.com/product/MSG2ET1001LOR/detail,남성) 쿨라이트 오픈카라 스웨터,,,https://display-topten10.goodwearmall.com/goods/MSG2ET/MSG2ET1001LOR_M.jpg,,,,,"₩19,900","₩39,900",50,,,,,260623,
display-topten10.goodwearmall.com,false,,탑텐,,,,,https://topten10.goodwearmall.com/product/MSH5US1051BK/detail,남성) COOL Air 크루넥 T (반팔),,,https://display-topten10.goodwearmall.com/goods/MSH5US/MSH5US1051BK_M.jpg,,,,,"₩12,900","₩15,900",18,,,,,260623,
display-topten10.goodwearmall.com,false,,탑텐,,,,,https://topten10.goodwearmall.com/product/MSG5UP1003MGR/detail,남성) 코튼 복서 브리프,,,https://display-topten10.goodwearmall.com/goods/MSG5UP/MSG5UP1003MGR_M.jpg,,,,,"₩9,900","₩12,900",23,,,,,260623,
display-topten10.goodwearmall.com,false,,탑텐,,,,,https://topten10.goodwearmall.com/product/MSG5UP1011BGN/detail,남성) 퍼포먼스 복서 브리프(3PACK),,,https://display-topten10.goodwearmall.com/goods/MSG5UP/MSG5UP1011BGN_M.jpg,,,,,"₩25,900","₩35,900",27,,,,,260623,
display-topten10.goodwearmall.com,false,,탑텐,,,,,https://topten10.goodwearmall.com/product/MSG3TS3294CH/detail,공용) [펠릭스 더 캣] 코튼 그래픽 T,,,https://display-topten10.goodwearmall.com/goods/MSG3TS/MSG3TS3294CH_M.jpg,,,,,"₩25,900","₩29,900",13,,,,,260623,
display-topten10.goodwearmall.com,false,,탑텐,,,,,https://topten10.goodwearmall.com/product/MSG2TS3001VI/detail,공용)[피너츠] 코튼 크루넥 T (반팔),,,https://display-topten10.goodwearmall.com/goods/MSG2TS/MSG2TS3001VI_M.jpg,,,,,"₩15,900","₩29,900",46,,,,,260623,
display-topten10.goodwearmall.com,false,,탑텐,,,,,https://topten10.goodwearmall.com/product/MSG5TS1581BK/detail,남성) 퀵드라이 T,,,https://display-topten10.goodwearmall.com/goods/MSG5TS/MSG5TS1581BK_M.jpg,,,,,"₩15,900","₩19,900",20,,,,,260623,
display-topten10.goodwearmall.com,false,,탑텐,,,,,https://topten10.goodwearmall.com/product/MSG5AY3304BK/detail,공용) 아쿠아엑스 앵클 삭스,,,https://display-topten10.goodwearmall.com/goods/MSG5AY/MSG5AY3304BK_M.jpg,,,,,"₩3,900","₩3,900",,,,,,260623,
display-topten10.goodwearmall.com,false,,탑텐,,,,,https://topten10.goodwearmall.com/product/MSG5DP1906IN/detail,남성) 이지 와이드 데님,,,https://display-topten10.goodwearmall.com/goods/MSG5DP/MSG5DP1906IN_M.jpg,,,,,"₩49,900","₩59,900",16,,,,,260623,
display-topten10.goodwearmall.com,false,,탑텐,,,,,https://topten10.goodwearmall.com/product/MBG5PT1906MGR/detail,남성) 스쿠바 스트레이트 팬츠,,,https://display-topten10.goodwearmall.com/goods/MBG5PT/MBG5PT1906MGR_M.jpg,,,,,"₩25,900","₩49,900",48,,,,,260623,
display-topten10.goodwearmall.com,false,,탑텐,,,,,https://topten10.goodwearmall.com/product/MSG3TS3292BK/detail,공용) [분노의 질주] 코튼 그래픽 T,,,https://display-topten10.goodwearmall.com/goods/MSG3TS/MSG3TS3292BK_M.jpg,,,,,"₩25,900","₩29,900",13,,,,,260623,
display-topten10.goodwearmall.com,false,,탑텐,,,,,https://topten10.goodwearmall.com/product/MSG2WC1525LBL/detail,남성) 데님 오버핏 셔츠 (반팔),,,https://display-topten10.goodwearmall.com/goods/MSG2WC/MSG2WC1525LBL_M.jpg,,,,,"₩49,900","₩49,900",,,,,,260623,
display-topten10.goodwearmall.com,false,,탑텐,,,,,https://topten10.goodwearmall.com/product/MBG5JJ1000BBK/detail,남성) UV 프로텍션 후드 윈드브레이커,,,https://display-topten10.goodwearmall.com/goods/MBG5JJ/MBG5JJ1000BBK_M.jpg,,,,,"₩49,900","₩59,900",16,,,,,260623,
display-topten10.goodwearmall.com,false,,탑텐,,,,,https://topten10.goodwearmall.com/product/MSG2WC1525IN/detail,남성) 데님 오버핏 셔츠 (반팔),,,https://display-topten10.goodwearmall.com/goods/MSG2WC/MSG2WC1525IN_M.jpg,,,,,"₩49,900","₩49,900",,,,,,260623,
display-topten10.goodwearmall.com,false,,탑텐,,,,,https://topten10.goodwearmall.com/product/MSG5AY3102OR/detail,공용) 앵클 삭스,,,https://display-topten10.goodwearmall.com/goods/MSG5AY/MSG5AY3102OR_M.jpg,,,,,"₩3,900","₩3,900",,,,,,260623,
display-topten10.goodwearmall.com,false,,탑텐,,,,,https://topten10.goodwearmall.com/product/MSG5PT1902BK/detail,남성) 테리 조거 스웨트팬츠,,,https://display-topten10.goodwearmall.com/goods/MSG5PT/MSG5PT1902BK_M.jpg,,,,,"₩19,900","₩39,900",50,,,,,260623,
display-topten10.goodwearmall.com,false,,탑텐,,,,,https://topten10.goodwearmall.com/product/MBG5TL1212WT/detail,남성) 퀵드라이 그래픽 탱크탑,,,https://display-topten10.goodwearmall.com/goods/MBG5TL/MBG5TL1212WT_M.jpg,,,,,"₩19,900","₩25,900",23,,,,,260623,
display-topten10.goodwearmall.com,false,,탑텐,,,,,https://topten10.goodwearmall.com/product/MBG5PT1256NV/detail,남성) 수퍼스트레치 조거 팬츠,,,https://display-topten10.goodwearmall.com/goods/MBG5PT/MBG5PT1256NV_M.jpg,,,,,"₩19,900","₩39,900",50,,,,,260623,
display-topten10.goodwearmall.com,false,,탑텐,,,,,https://topten10.goodwearmall.com/product/MSG2TS3702LBL/detail,공용) COOL Air 코튼 더블니트 링거 T (반팔),,,https://display-topten10.goodwearmall.com/goods/MSG2TS/MSG2TS3702LBL_M.jpg,,,,,"₩15,900","₩29,900",46,,,,,260623,
display-topten10.goodwearmall.com,false,,탑텐,,,,,https://topten10.goodwearmall.com/product/MSG5PT1902MGR/detail,남성) 테리 조거 스웨트팬츠,,,https://display-topten10.goodwearmall.com/goods/MSG5PT/MSG5PT1902MGR_M.jpg,,,,,"₩19,900","₩39,900",50,,,,,260623,
display-topten10.goodwearmall.com,false,,탑텐,,,,,https://topten10.goodwearmall.com/product/MBG5TS1001BK/detail,남성) 액티브 T (반팔),,,https://display-topten10.goodwearmall.com/goods/MBG5TS/MBG5TS1001BK_M.jpg,,,,,"₩19,900","₩25,900",23,,,,,260623,
display-topten10.goodwearmall.com,false,,탑텐,,,,,https://topten10.goodwearmall.com/product/MSG2TS3001CR/detail,공용)[피너츠] 코튼 크루넥 T (반팔),,,https://display-topten10.goodwearmall.com/goods/MSG2TS/MSG2TS3001CR_M.jpg,,,,,"₩15,900","₩29,900",46,,,,,260623,
display-topten10.goodwearmall.com,false,,탑텐,,,,,https://topten10.goodwearmall.com/product/MSG2WC1527IN/detail,남성) 데님 셔츠 (반팔),,,https://display-topten10.goodwearmall.com/goods/MSG2WC/MSG2WC1527IN_M.jpg,,,,,"₩49,900","₩49,900",,,,,,260623,
display-topten10.goodwearmall.com,false,,탑텐,,,,,https://topten10.goodwearmall.com/product/MSG2TS3008CRP/detail,공용) [마인드어데이 커버캣] 코튼 크루넥 T (반팔),,,https://display-topten10.goodwearmall.com/goods/MSG2TS/MSG2TS3008CRP_M.jpg,,,,,"₩15,900","₩29,900",46,,,,,260623,
display-topten10.goodwearmall.com,false,,탑텐,,,,,https://topten10.goodwearmall.com/product/MBG2TL1701MT/detail,남성) 퀵드라이 탱크탑 (워터겸용),,,https://display-topten10.goodwearmall.com/goods/MBG2TL/MBG2TL1701MT_M.jpg,,,,,"₩19,900","₩29,900",33,,,,,260623,
display-topten10.goodwearmall.com,false,,탑텐,,,,,https://topten10.goodwearmall.com/product/MSG2TR1002MGR/detail,남성) 더블니트 그래픽 스웨트셔츠,,,https://display-topten10.goodwearmall.com/goods/MSG2TR/MSG2TR1002MGR_M.jpg,,,,,"₩29,900","₩39,900",25,,,,,260623,
display-topten10.goodwearmall.com,false,,탑텐,,,,,https://topten10.goodwearmall.com/product/MSG2TS3901NV/detail,공용) 코튼 크루넥 T,,,https://display-topten10.goodwearmall.com/goods/MSG2TS/MSG2TS3901NV_M.jpg,,,,,"₩9,900","₩15,900",37,,,,,260623,
display-topten10.goodwearmall.com,false,,탑텐,,,,,https://topten10.goodwearmall.com/product/MBG5PT1258BK/detail,남성) 수퍼스트레치 스트레이트 팬츠,,,https://display-topten10.goodwearmall.com/goods/MBG5PT/MBG5PT1258BK_M.jpg,,,,,"₩19,900","₩39,900",50,,,,,260623,
display-topten10.goodwearmall.com,false,,탑텐,,,,,https://topten10.goodwearmall.com/product/MSG5PT1905LGR/detail,남성) 테리 와이드 스웨트팬츠,,,https://display-topten10.goodwearmall.com/goods/MSG5PT/MSG5PT1905LGR_M.jpg,,,,,"₩19,900","₩39,900",50,,,,,260623,
display-topten10.goodwearmall.com,false,,탑텐,,,,,https://topten10.goodwearmall.com/product/MSG5AY3102CR/detail,공용) 앵클 삭스,,,https://display-topten10.goodwearmall.com/goods/MSG5AY/MSG5AY3102CR_M.jpg,,,,,"₩3,900","₩3,900",,,,,,260623,
display-topten10.goodwearmall.com,false,,탑텐,,,,,https://topten10.goodwearmall.com/product/MSG2TS3009WT/detail,공용)[디즈니] 코튼 크루넥 T (반팔),,,https://display-topten10.goodwearmall.com/goods/MSG2TS/MSG2TS3009WT_M.jpg,,,,,"₩15,900","₩29,900",46,,,,,260623,
display-topten10.goodwearmall.com,false,,탑텐,,,,,https://topten10.goodwearmall.com/product/MSG2TS1006CR/detail,남성) 트윌 크루넥 T (반팔),,,https://display-topten10.goodwearmall.com/goods/MSG2TS/MSG2TS1006CR_M.jpg,,,,,"₩19,900","₩39,900",50,,,,,260623,
display-topten10.goodwearmall.com,false,,탑텐,,,,,https://topten10.goodwearmall.com/product/MBG2PH1701DGR/detail,남성) 워터 쇼츠,,,https://display-topten10.goodwearmall.com/goods/MBG2PH/MBG2PH1701DGR_M.jpg,,,,,"₩29,900","₩39,900",25,,,,,260623,
display-topten10.goodwearmall.com,false,,탑텐,,,,,https://topten10.goodwearmall.com/product/MSG2ET1301BEP/detail,남성) 리넨블렌드 오픈카라 스웨터,,,https://display-topten10.goodwearmall.com/goods/MSG2ET/MSG2ET1301BEP_M.jpg,,,,,"₩29,900","₩39,900",25,,,,,260623,
display-topten10.goodwearmall.com,false,,탑텐,,,,,https://topten10.goodwearmall.com/product/MSG2TT3002BEP/detail,공용) COOL Air 코튼 더블니트 폴로 (스트라이프),,,https://display-topten10.goodwearmall.com/goods/MSG2TT/MSG2TT3002BEP_M.jpg,,,,,"₩29,900","₩39,900",25,,,,,260623,
display-topten10.goodwearmall.com,false,,탑텐,,,,,https://topten10.goodwearmall.com/product/MBG2JJ1002LGR/detail,남성) 스트레치 피스테 (반팔),,,https://display-topten10.goodwearmall.com/goods/MBG2JJ/MBG2JJ1002LGR_M.jpg,,,,,"₩29,900","₩39,900",25,,,,,260623,
display-topten10.goodwearmall.com,false,,탑텐,,,,,https://topten10.goodwearmall.com/product/MSG2PT1904BK/detail,남성) 테리 카고 버뮤다 스웨트쇼츠,,,https://display-topten10.goodwearmall.com/goods/MSG2PT/MSG2PT1904BK_M.jpg,,,,,"₩29,900","₩39,900",25,,,,,260623,
display-topten10.goodwearmall.com,false,,탑텐,,,,,https://topten10.goodwearmall.com/product/MSG2TT3001MT/detail,공용) COOL Air 코튼 피케 폴로 셔츠,,,https://display-topten10.goodwearmall.com/goods/MSG2TT/MSG2TT3001MT_M.jpg,,,,,"₩19,900","₩29,900",33,,,,,260623,
display-topten10.goodwearmall.com,false,,탑텐,,,,,https://topten10.goodwearmall.com/product/MSG5TS3702GNP/detail,공용) COOL Air 코튼 더블니트 T (긴팔),,,https://display-topten10.goodwearmall.com/goods/MSG5TS/MSG5TS3702GNP_M.jpg,,,,,"₩19,900","₩29,900",33,,,,,260623,
display-topten10.goodwearmall.com,false,,탑텐,,,,,https://topten10.goodwearmall.com/product/MBG2JJ1002LKH/detail,남성) 스트레치 피스테 (반팔),,,https://display-topten10.goodwearmall.com/goods/MBG2JJ/MBG2JJ1002LKH_M.jpg,,,,,"₩29,900","₩39,900",25,,,,,260623,
display-topten10.goodwearmall.com,false,,탑텐,,,,,https://topten10.goodwearmall.com/product/MSG3PT1902LGR/detail,남성) COOL Air 코튼 더블니트 쇼츠,,,https://display-topten10.goodwearmall.com/goods/MSG3PT/MSG3PT1902LGR_M.jpg,,,,,"₩25,900","₩29,900",13,,,,,260623,
display-topten10.goodwearmall.com,false,,탑텐,,,,,https://topten10.goodwearmall.com/product/MSG2WC3520CWT/detail,공용) 시어서커 오버핏 셔츠 (반팔),,,https://display-topten10.goodwearmall.com/goods/MSG2WC/MSG2WC3520CWT_M.jpg,,,,,"₩39,900","₩39,900",,,,,,260623,
display-topten10.goodwearmall.com,false,,탑텐,,,,,https://topten10.goodwearmall.com/product/MSG2WC1923GNV/detail,남성) 옥스포드 셔츠 (반팔),,,https://display-topten10.goodwearmall.com/goods/MSG2WC/MSG2WC1923GNV_M.jpg,,,,,"₩39,900","₩39,900",,,,,,260623,
display-topten10.goodwearmall.com,false,,탑텐,,,,,https://topten10.goodwearmall.com/product/MSG2WC1923BL/detail,남성) 옥스포드 셔츠 (반팔),,,https://display-topten10.goodwearmall.com/goods/MSG2WC/MSG2WC1923BL_M.jpg,,,,,"₩39,900","₩39,900",,,,,,260623,
display-topten10.goodwearmall.com,false,,탑텐,,,,,https://topten10.goodwearmall.com/product/MSG3WC3200CBL/detail,공용) 시어서커 패턴 오버핏 셔츠 (긴팔),,,https://display-topten10.goodwearmall.com/goods/MSG3WC/MSG3WC3200CBL_M.jpg,,,,,"₩39,900","₩49,900",20,,,,,260623,
display-topten10.goodwearmall.com,false,,탑텐,,,,,https://topten10.goodwearmall.com/product/MSG2TS3002RD/detail,공용) [카카오프렌즈] COOL Air 코튼 반팔 T,,,https://display-topten10.goodwearmall.com/goods/MSG2TS/MSG2TS3002RD_M.jpg,,,,,"₩15,900","₩29,900",46,,,,,260623,
display-topten10.goodwearmall.com,false,,탑텐,,,,,https://topten10.goodwearmall.com/product/MSG5UP1002GR/detail,남성) COOL-AIR 심리스 메쉬 복서브리프,,,https://display-topten10.goodwearmall.com/goods/MSG5UP/MSG5UP1002GR_M.jpg,,,,,"₩12,900","₩15,900",18,,,,,260623,
display-topten10.goodwearmall.com,false,,탑텐,,,,,https://topten10.goodwearmall.com/product/MSG2TL1005BK/detail,남성) 메쉬 브이넥 탱크탑,,,https://display-topten10.goodwearmall.com/goods/MSG2TL/MSG2TL1005BK_M.jpg,,,,,"₩25,900","₩29,900",13,,,,,260623,
display-topten10.goodwearmall.com,false,,탑텐,,,,,https://topten10.goodwearmall.com/product/MSG2TS3701MPP/detail,공용) COOL Air 코튼 더블니트 오버핏 T (5부),,,https://display-topten10.goodwearmall.com/goods/MSG2TS/MSG2TS3701MPP_M.jpg,,,,,"₩15,900","₩25,900",38,,,,,260623,
display-topten10.goodwearmall.com,false,,탑텐,,,,,https://topten10.goodwearmall.com/product/MSG5TS1581WT/detail,남성) 퀵드라이 T,,,https://display-topten10.goodwearmall.com/goods/MSG5TS/MSG5TS1581WT_M.jpg,,,,,"₩15,900","₩19,900",20,,,,,260623,
display-topten10.goodwearmall.com,false,,탑텐,,,,,https://topten10.goodwearmall.com/product/MSG3TS3294LBL/detail,공용) [펠릭스 더 캣] 코튼 그래픽 T,,,https://display-topten10.goodwearmall.com/goods/MSG3TS/MSG3TS3294LBL_M.jpg,,,,,"₩25,900","₩29,900",13,,,,,260623,
display-topten10.goodwearmall.com,false,,탑텐,,,,,https://topten10.goodwearmall.com/product/MSG3TS3293LGR/detail,공용) [핫 스터프] 코튼 그래픽 T,,,https://display-topten10.goodwearmall.com/goods/MSG3TS/MSG3TS3293LGR_M.jpg,,,,,"₩25,900","₩29,900",13,,,,,260623,
display-topten10.goodwearmall.com,false,,탑텐,,,,,https://topten10.goodwearmall.com/product/MSG2TL1005LBL/detail,남성) 메쉬 브이넥 탱크탑,,,https://display-topten10.goodwearmall.com/goods/MSG2TL/MSG2TL1005LBL_M.jpg,,,,,"₩25,900","₩29,900",13,,,,,260623,
display-topten10.goodwearmall.com,false,,탑텐,,,,,https://topten10.goodwearmall.com/product/MSG3TS3294OR/detail,공용) [펠릭스 더 캣] 코튼 그래픽 T,,,https://display-topten10.goodwearmall.com/goods/MSG3TS/MSG3TS3294OR_M.jpg,,,,,"₩25,900","₩29,900",13,,,,,260623,
display-topten10.goodwearmall.com,false,,탑텐,,,,,https://topten10.goodwearmall.com/product/MSG3TS3293BR/detail,공용) [핫 스터프] 코튼 그래픽 T,,,https://display-topten10.goodwearmall.com/goods/MSG3TS/MSG3TS3293BR_M.jpg,,,,,"₩25,900","₩29,900",13,,,,,260623,
display-topten10.goodwearmall.com,false,,탑텐,,,,,https://topten10.goodwearmall.com/product/MSG2PH1204KH/detail,남성) COOL 텍스쳐드 이지 쇼츠,,,https://display-topten10.goodwearmall.com/goods/MSG2PH/MSG2PH1204KH_M.jpg,,,,,"₩19,900","₩29,900",33,,,,,260623,
display-topten10.goodwearmall.com,false,,탑텐,,,,,https://topten10.goodwearmall.com/product/MSG2PP1502IV/detail,남성) 컴포트 테이퍼드 이지 슬랙스,,,https://display-topten10.goodwearmall.com/goods/MSG2PP/MSG2PP1502IV_M.jpg,,,,,"₩19,900","₩39,900",50,,,,,260623,
display-topten10.goodwearmall.com,false,,탑텐,,,,,https://topten10.goodwearmall.com/product/MSG2TS3004CA/detail,공용) [유니버설 뮤직] 코튼 크루넥 T,,,https://display-topten10.goodwearmall.com/goods/MSG2TS/MSG2TS3004CA_M.jpg,,,,,"₩15,900","₩29,900",46,,,,,260623,
display-topten10.goodwearmall.com,false,,탑텐,,,,,https://topten10.goodwearmall.com/product/MSG2TL1002OR/detail,남성) COOL Air 코튼 그래픽 탱크탑,,,https://display-topten10.goodwearmall.com/goods/MSG2TL/MSG2TL1002OR_M.jpg,,,,,"₩19,900","₩25,900",23,,,,,260623,
display-topten10.goodwearmall.com,false,,탑텐,,,,,https://topten10.goodwearmall.com/product/MSG5UP1005GR/detail,남성) COOL-AIR 퓨징 심리스 복서브리프,,,https://display-topten10.goodwearmall.com/goods/MSG5UP/MSG5UP1005GR_M.jpg,,,,,"₩12,900","₩15,900",18,,,,,260623,
display-topten10.goodwearmall.com,false,,탑텐,,,,,https://topten10.goodwearmall.com/product/MSG3PT1903MGR/detail,남성) 테리 턱 버뮤다 스웨트쇼츠,,,https://display-topten10.goodwearmall.com/goods/MSG3PT/MSG3PT1903MGR_M.jpg,,,,,"₩25,900","₩29,900",13,,,,,260623,
display-topten10.goodwearmall.com,false,,탑텐,,,,,https://topten10.goodwearmall.com/product/MSG5AY3102BK/detail,공용) 앵클 삭스,,,https://display-topten10.goodwearmall.com/goods/MSG5AY/MSG5AY3102BK_M.jpg,,,,,"₩3,900","₩3,900",,,,,,260623,
display-topten10.goodwearmall.com,false,,탑텐,,,,,https://topten10.goodwearmall.com/product/MSG2TS1205SK/detail,남성) 코튼 헨리넥 T (반팔),,,https://display-topten10.goodwearmall.com/goods/MSG2TS/MSG2TS1205SK_M.jpg,,,,,"₩19,900","₩29,900",33,,,,,260623,
display-topten10.goodwearmall.com,false,,탑텐,,,,,https://topten10.goodwearmall.com/product/MSG3TS3203IVP/detail,공용) 코튼 크루넥 T (반팔 스트라이프),,,https://display-topten10.goodwearmall.com/goods/MSG3TS/MSG3TS3203IVP_M.jpg,,,,,"₩19,900","₩25,900",23,,,,,260623,
display-topten10.goodwearmall.com,false,,탑텐,,,,,https://topten10.goodwearmall.com/product/MSG2TL1002BK/detail,남성) COOL Air 코튼 그래픽 탱크탑,,,https://display-topten10.goodwearmall.com/goods/MSG2TL/MSG2TL1002BK_M.jpg,,,,,"₩19,900","₩25,900",23,,,,,260623,
display-topten10.goodwearmall.com,false,,탑텐,,,,,https://topten10.goodwearmall.com/product/MSG3TL3291NV/detail,공용) [핫스터프] 탱크탑,,,https://display-topten10.goodwearmall.com/goods/MSG3TL/MSG3TL3291NV_M.jpg,,,,,"₩25,900","₩29,900",13,,,,,260623,
display-topten10.goodwearmall.com,false,,탑텐,,,,,https://topten10.goodwearmall.com/product/MSG2TS1205WT/detail,남성) 코튼 헨리넥 T (반팔),,,https://display-topten10.goodwearmall.com/goods/MSG2TS/MSG2TS1205WT_M.jpg,,,,,"₩19,900","₩29,900",33,,,,,260623,
display-topten10.goodwearmall.com,false,,탑텐,,,,,https://topten10.goodwearmall.com/product/MSG5AB3005BK/detail,공용) 투웨이 토트백,,,https://display-topten10.goodwearmall.com/goods/MSG5AB/MSG5AB3005BK_M.jpg,,,,,"₩25,900","₩49,900",48,,,,,260623,
display-topten10.goodwearmall.com,false,,탑텐,,,,,https://topten10.goodwearmall.com/product/MSG2TS3004WTP/detail,공용) [유니버설 뮤직] 코튼 크루넥 T,,,https://display-topten10.goodwearmall.com/goods/MSG2TS/MSG2TS3004WTP_M.jpg,,,,,"₩15,900","₩29,900",46,,,,,260623,
display-topten10.goodwearmall.com,false,,탑텐,,,,,https://topten10.goodwearmall.com/product/MSG2TS3001BL/detail,공용)[피너츠] 코튼 크루넥 T (반팔),,,https://display-topten10.goodwearmall.com/goods/MSG2TS/MSG2TS3001BL_M.jpg,,,,,"₩15,900","₩29,900",46,,,,,260623,
display-topten10.goodwearmall.com,false,,탑텐,,,,,https://topten10.goodwearmall.com/product/MSG2TS3015BK/detail,공용) 퀵드라이 그래픽 T (반팔),,,https://display-topten10.goodwearmall.com/goods/MSG2TS/MSG2TS3015BK_M.jpg,,,,,"₩15,900","₩29,900",46,,,,,260623,
display-topten10.goodwearmall.com,false,,탑텐,,,,,https://topten10.goodwearmall.com/product/MSG5AY3002WT/detail,공용) 소프트 삭스,,,https://display-topten10.goodwearmall.com/goods/MSG5AY/MSG5AY3002WT_M.jpg,,,,,"₩3,900","₩3,900",,,,,,260623,
display-topten10.goodwearmall.com,false,,탑텐,,,,,https://topten10.goodwearmall.com/product/MSG2ET1301BLP/detail,남성) 리넨블렌드 오픈카라 스웨터,,,https://display-topten10.goodwearmall.com/goods/MSG2ET/MSG2ET1301BLP_M.jpg,,,,,"₩29,900","₩39,900",25,,,,,260623,
display-topten10.goodwearmall.com,false,,탑텐,,,,,https://topten10.goodwearmall.com/product/MSG2PP1203BE/detail,남성) 코튼 테이퍼드 이지 팬츠,,,https://display-topten10.goodwearmall.com/goods/MSG2PP/MSG2PP1203BE_M.jpg,,,,,"₩29,900","₩39,900",25,,,,,260623,
display-topten10.goodwearmall.com,false,,탑텐,,,,,https://topten10.goodwearmall.com/product/MSG5DP1906BK/detail,남성) 이지 와이드 데님,,,https://display-topten10.goodwearmall.com/goods/MSG5DP/MSG5DP1906BK_M.jpg,,,,,"₩49,900","₩59,900",16,,,,,260623,
display-topten10.goodwearmall.com,false,,탑텐,,,,,https://topten10.goodwearmall.com/product/MSG2TS3901WT/detail,공용) 코튼 크루넥 T,,,https://display-topten10.goodwearmall.com/goods/MSG2TS/MSG2TS3901WT_M.jpg,,,,,"₩9,900","₩15,900",37,,,,,260623,
display-topten10.goodwearmall.com,false,,탑텐,,,,,https://topten10.goodwearmall.com/product/MBG5PT1216NV/detail,남성) 수퍼스트레치 라이트 테이퍼드 팬츠,,,https://display-topten10.goodwearmall.com/goods/MBG5PT/MBG5PT1216NV_M.jpg,,,,,"₩25,900","₩49,900",48,,,,,260623,
display-topten10.goodwearmall.com,false,,탑텐,,,,,https://topten10.goodwearmall.com/product/MSH5US1051OWT/detail,남성) COOL Air 크루넥 T (반팔),,,https://display-topten10.goodwearmall.com/goods/MSH5US/MSH5US1051OWT_M.jpg,,,,,"₩12,900","₩15,900",18,,,,,260623,
display-topten10.goodwearmall.com,false,,탑텐,,,,,https://topten10.goodwearmall.com/product/MSG2PT1904KH/detail,남성) 테리 카고 버뮤다 스웨트쇼츠,,,https://display-topten10.goodwearmall.com/goods/MSG2PT/MSG2PT1904KH_M.jpg,,,,,"₩29,900","₩39,900",25,,,,,260623,
display-topten10.goodwearmall.com,false,,탑텐,,,,,https://topten10.goodwearmall.com/product/MSG3PT1904BK/detail,남성) 테리 카고 버뮤다 스웨트쇼츠,,,https://display-topten10.goodwearmall.com/goods/MSG3PT/MSG3PT1904BK_M.jpg,,,,,"₩29,900","₩39,900",25,,,,,260623,
display-topten10.goodwearmall.com,false,,탑텐,,,,,https://topten10.goodwearmall.com/product/MSG3PT1904MGR/detail,남성) 테리 카고 버뮤다 스웨트쇼츠,,,https://display-topten10.goodwearmall.com/goods/MSG3PT/MSG3PT1904MGR_M.jpg,,,,,"₩29,900","₩39,900",25,,,,,260623,
display-topten10.goodwearmall.com,false,,탑텐,,,,,https://topten10.goodwearmall.com/product/MSG2TS1003BRP/detail,남성) COOL Air 코튼 T (반팔 스트라이프),,,https://display-topten10.goodwearmall.com/goods/MSG2TS/MSG2TS1003BRP_M.jpg,,,,,"₩19,900","₩29,900",33,,,,,260623,
display-topten10.goodwearmall.com,false,,탑텐,,,,,https://topten10.goodwearmall.com/product/MSG2PH1205DBR/detail,남성) COOL 나일론 이지 쇼츠,,,https://display-topten10.goodwearmall.com/goods/MSG2PH/MSG2PH1205DBR_M.jpg,,,,,"₩19,900","₩29,900",33,,,,,260623,
display-topten10.goodwearmall.com,false,,탑텐,,,,,https://topten10.goodwearmall.com/product/MSG2WC1525INP/detail,남성) 데님 오버핏 셔츠 (반팔),,,https://display-topten10.goodwearmall.com/goods/MSG2WC/MSG2WC1525INP_M.jpg,,,,,"₩49,900","₩49,900",,,,,,260623,
display-topten10.goodwearmall.com,false,,탑텐,,,,,https://topten10.goodwearmall.com/product/MTG2PP1001DBE/detail,남성) 포플린 배럴 팬츠,,,https://display-topten10.goodwearmall.com/goods/MTG2PP/MTG2PP1001DBE_M.jpg,,,,,"₩49,900","₩59,900",16,,,,,260623,
display-topten10.goodwearmall.com,false,,탑텐,,,,,https://topten10.goodwearmall.com/product/MTG2PP1001KH/detail,남성) 포플린 배럴 팬츠,,,https://display-topten10.goodwearmall.com/goods/MTG2PP/MTG2PP1001KH_M.jpg,,,,,"₩49,900","₩59,900",16,,,,,260623,
display-topten10.goodwearmall.com,false,,탑텐,,,,,https://topten10.goodwearmall.com/product/MSG2DP1905IN/detail,남성) COOL 와이드 데님,,,https://display-topten10.goodwearmall.com/goods/MSG2DP/MSG2DP1905IN_M.jpg,,,,,"₩49,900","₩59,900",16,,,,,260623,
display-topten10.goodwearmall.com,false,,탑텐,,,,,https://topten10.goodwearmall.com/product/MBG5JJ1000BK/detail,남성) UV 프로텍션 후드 윈드브레이커,,,https://display-topten10.goodwearmall.com/goods/MBG5JJ/MBG5JJ1000BK_M.jpg,,,,,"₩49,900","₩59,900",16,,,,,260623,
display-topten10.goodwearmall.com,false,,탑텐,,,,,https://topten10.goodwearmall.com/product/MSG2WC1527BK/detail,남성) 데님 셔츠 (반팔),,,https://display-topten10.goodwearmall.com/goods/MSG2WC/MSG2WC1527BK_M.jpg,,,,,"₩49,900","₩49,900",,,,,,260623,
display-topten10.goodwearmall.com,false,,탑텐,,,,,https://topten10.goodwearmall.com/product/MSG2KG1505BK/detail,남성) 울라이크 컴포트 재킷,,,https://display-topten10.goodwearmall.com/goods/MSG2KG/MSG2KG1505BK_M.jpg,,,,,"₩49,900","₩89,900",44,,,,,260623,
display-topten10.goodwearmall.com,false,,탑텐,,,,,https://topten10.goodwearmall.com/product/MSG2TS3901GN/detail,공용) 코튼 크루넥 T,,,https://display-topten10.goodwearmall.com/goods/MSG2TS/MSG2TS3901GN_M.jpg,,,,,"₩9,900","₩15,900",37,,,,,260623,
display-topten10.goodwearmall.com,false,,탑텐,,,,,https://topten10.goodwearmall.com/product/MSG2TS3009NV/detail,공용)[디즈니] 코튼 크루넥 T (반팔),,,https://display-topten10.goodwearmall.com/goods/MSG2TS/MSG2TS3009NV_M.jpg,,,,,"₩15,900","₩29,900",46,,,,,260623,
display-topten10.goodwearmall.com,false,,탑텐,,,,,https://topten10.goodwearmall.com/product/MSG2TS3004GRA/detail,공용) [유니버설 뮤직] 코튼 크루넥 T,,,https://display-topten10.goodwearmall.com/goods/MSG2TS/MSG2TS3004GRA_M.jpg,,,,,"₩15,900","₩29,900",46,,,,,260623,
display-topten10.goodwearmall.com,false,,탑텐,,,,,https://topten10.goodwearmall.com/product/MSG2TS1502LBR/detail,남성) 쿨먼트 폰테 그래픽 T (반팔),,,https://display-topten10.goodwearmall.com/goods/MSG2TS/MSG2TS1502LBR_M.jpg,,,,,"₩15,900","₩29,900",46,,,,,260623,
display-topten10.goodwearmall.com,false,,탑텐,,,,,https://topten10.goodwearmall.com/product/MSG2ER1911BK/detail,남성) 코튼 케이블 스웨터,,,https://display-topten10.goodwearmall.com/goods/MSG2ER/MSG2ER1911BK_M.jpg,,,,,"₩29,900","₩39,900",25,,,,,260623,
display-topten10.goodwearmall.com,false,,탑텐,,,,,https://topten10.goodwearmall.com/product/MSG2TR1002OTM/detail,남성) 더블니트 그래픽 스웨트셔츠,,,https://display-topten10.goodwearmall.com/goods/MSG2TR/MSG2TR1002OTM_M.jpg,,,,,"₩29,900","₩39,900",25,,,,,260623,
display-topten10.goodwearmall.com,false,,탑텐,,,,,https://topten10.goodwearmall.com/product/MSG3TS1205BK/detail,남성) 와플 헨리넥 T (반팔),,,https://display-topten10.goodwearmall.com/goods/MSG3TS/MSG3TS1205BK_M.jpg,,,,,"₩29,900","₩29,900",,,,,,260623,
display-topten10.goodwearmall.com,false,,탑텐,,,,,https://topten10.goodwearmall.com/product/MBG5PT1905BG/detail,남성) 스쿠바 버뮤다 쇼츠,,,https://display-topten10.goodwearmall.com/goods/MBG5PT/MBG5PT1905BG_M.jpg,,,,,"₩29,900","₩39,900",25,,,,,260623,
display-topten10.goodwearmall.com,false,,탑텐,,,,,https://topten10.goodwearmall.com/product/MSG2WC1205MT/detail,남성) 나일론 오버핏 셔츠 (반팔),,,https://display-topten10.goodwearmall.com/goods/MSG2WC/MSG2WC1205MT_M.jpg,,,,,"₩29,900","₩39,900",25,,,,,260623,
display-topten10.goodwearmall.com,false,,탑텐,,,,,https://topten10.goodwearmall.com/product/MSG2WC3001WT/detail,공용) 오버핏 셔츠,,,https://display-topten10.goodwearmall.com/goods/MSG2WC/MSG2WC3001WT_M.jpg,,,,,"₩29,900","₩49,900",40,,,,,260623,
display-topten10.goodwearmall.com,false,,탑텐,,,,,https://topten10.goodwearmall.com/product/MSG2PP1505LBE/detail,남성) 컴포트 슬림 슬랙스 (SET MSG2KG1505),,,https://display-topten10.goodwearmall.com/goods/MSG2PP/MSG2PP1505LBE_M.jpg,,,,,"₩29,900","₩59,900",50,,,,,260623,
display-topten10.goodwearmall.com,false,,탑텐,,,,,https://topten10.goodwearmall.com/product/MBG2PH1002LGR/detail,남성) 스트레치 카고 쇼츠,,,https://display-topten10.goodwearmall.com/goods/MBG2PH/MBG2PH1002LGR_M.jpg,,,,,"₩29,900","₩39,900",25,,,,,260623,
display-topten10.goodwearmall.com,false,,탑텐,,,,,https://topten10.goodwearmall.com/product/MSG3TS1205DGR/detail,남성) 와플 헨리넥 T (반팔),,,https://display-topten10.goodwearmall.com/goods/MSG3TS/MSG3TS1205DGR_M.jpg,,,,,"₩29,900","₩29,900",,,,,,260623,
display-topten10.goodwearmall.com,false,,탑텐,,,,,https://topten10.goodwearmall.com/product/MBG5PT1205CH/detail,남성) 퀵드라이 쇼츠,,,https://display-topten10.goodwearmall.com/goods/MBG5PT/MBG5PT1205CH_M.jpg,,,,,"₩19,900","₩19,900",,,,,,260623,
display-topten10.goodwearmall.com,false,,탑텐,,,,,https://topten10.goodwearmall.com/product/MSG2TS3007CH/detail,공용) [위어돌스] COOL Air 코튼 T(반팔),,,https://display-topten10.goodwearmall.com/goods/MSG2TS/MSG2TS3007CH_M.jpg,,,,,"₩19,900","₩29,900",33,,,,,260623,
display-topten10.goodwearmall.com,false,,탑텐,,,,,https://topten10.goodwearmall.com/product/MSG2TL1002CH/detail,남성) COOL Air 코튼 그래픽 탱크탑,,,https://display-topten10.goodwearmall.com/goods/MSG2TL/MSG2TL1002CH_M.jpg,,,,,"₩19,900","₩25,900",23,,,,,260623,
display-topten10.goodwearmall.com,false,,탑텐,,,,,https://topten10.goodwearmall.com/product/MBG5TL1212BK/detail,남성) 퀵드라이 그래픽 탱크탑,,,https://display-topten10.goodwearmall.com/goods/MBG5TL/MBG5TL1212BK_M.jpg,,,,,"₩19,900","₩25,900",23,,,,,260623,
display-topten10.goodwearmall.com,false,,탑텐,,,,,https://topten10.goodwearmall.com/product/MBG5PT1258LKH/detail,남성) 수퍼스트레치 스트레이트 팬츠,,,https://display-topten10.goodwearmall.com/goods/MBG5PT/MBG5PT1258LKH_M.jpg,,,,,"₩19,900","₩39,900",50,,,,,260623,
display-topten10.goodwearmall.com,false,,탑텐,,,,,https://topten10.goodwearmall.com/product/MSG2TS1002CRP/detail,남성) COOL Air 코튼 그래픽 T (반팔),,,https://display-topten10.goodwearmall.com/goods/MSG2TS/MSG2TS1002CRP_M.jpg,,,,,"₩19,900","₩29,900",33,,,,,260623,
display-topten10.goodwearmall.com,false,,탑텐,,,,,https://topten10.goodwearmall.com/product/MSG2PH1201SBL/detail,남성) 코튼 이지 쇼츠,,,https://display-topten10.goodwearmall.com/goods/MSG2PH/MSG2PH1201SBL_M.jpg,,,,,"₩19,900","₩29,900",33,,,,,260623,
display-topten10.goodwearmall.com,false,,탑텐,,,,,https://topten10.goodwearmall.com/product/MSG2PH1205MT/detail,남성) COOL 나일론 이지 쇼츠,,,https://display-topten10.goodwearmall.com/goods/MSG2PH/MSG2PH1205MT_M.jpg,,,,,"₩19,900","₩29,900",33,,,,,260623,
display-topten10.goodwearmall.com,false,,탑텐,,,,,https://topten10.goodwearmall.com/product/MSG3TL3204BK/detail,공용) 크링클 탱크탑,,,https://display-topten10.goodwearmall.com/goods/MSG3TL/MSG3TL3204BK_M.jpg,,,,,"₩19,900","₩19,900",,,,,,260623,
display-topten10.goodwearmall.com,false,,탑텐,,,,,https://topten10.goodwearmall.com/product/MSG2PP1501BK/detail,남성) 컴포트 슬림 슬랙스 (SET MSG2KG1501),,,https://display-topten10.goodwearmall.com/goods/MSG2PP/MSG2PP1501BK_M.jpg,,,,,"₩29,900","₩59,900",50,,,,,260623,
display-topten10.goodwearmall.com,false,,탑텐,,,,,https://topten10.goodwearmall.com/product/MSG2PP1503CH/detail,남성) 컴포트 와이드 이지 슬랙스,,,https://display-topten10.goodwearmall.com/goods/MSG2PP/MSG2PP1503CH_M.jpg,,,,,"₩39,900","₩49,900",20,,,,,260623,
display-topten10.goodwearmall.com,false,,탑텐,,,,,https://topten10.goodwearmall.com/product/MSG5AY3100IV/detail,공용) 립 삭스 (컬러),,,https://display-topten10.goodwearmall.com/goods/MSG5AY/MSG5AY3100IV_M.jpg,,,,,"₩3,900","₩3,900",,,,,,260623,
display-topten10.goodwearmall.com,false,,탑텐,,,,,https://topten10.goodwearmall.com/product/MSG2TS3901DPK/detail,공용) 코튼 크루넥 T,,,https://display-topten10.goodwearmall.com/goods/MSG2TS/MSG2TS3901DPK_M.jpg,,,,,"₩9,900","₩15,900",37,,,,,260623,
display-topten10.goodwearmall.com,false,,탑텐,,,,,https://topten10.goodwearmall.com/product/MSG2PT1901LGR/detail,남성) 테리 버뮤다 스웨트쇼츠,,,https://display-topten10.goodwearmall.com/goods/MSG2PT/MSG2PT1901LGR_M.jpg,,,,,"₩25,900","₩29,900",13,,,,,260623,
display-topten10.goodwearmall.com,false,,탑텐,,,,,https://topten10.goodwearmall.com/product/MSG2PT1903MGR/detail,남성) 테리 턱 버뮤다 스웨트쇼츠,,,https://display-topten10.goodwearmall.com/goods/MSG2PT/MSG2PT1903MGR_M.jpg,,,,,"₩25,900","₩29,900",13,,,,,260623,
display-topten10.goodwearmall.com,false,,탑텐,,,,,https://topten10.goodwearmall.com/product/MSG5PT1906GR/detail,남성) 더블니트 와이드 스웨트팬츠,,,https://display-topten10.goodwearmall.com/goods/MSG5PT/MSG5PT1906GR_M.jpg,,,,,"₩25,900","₩49,900",48,,,,,260623,
display-topten10.goodwearmall.com,false,,탑텐,,,,,https://topten10.goodwearmall.com/product/MSG2PT1905CH/detail,남성) 더블니트 버뮤다 스웨트쇼츠,,,https://display-topten10.goodwearmall.com/goods/MSG2PT/MSG2PT1905CH_M.jpg,,,,,"₩25,900","₩39,900",35,,,,,260623,
display-topten10.goodwearmall.com,false,,탑텐,,,,,https://topten10.goodwearmall.com/product/MSG2TS3005CRP/detail,공용) 소프트 코튼 크루넥 T (스트라이프),,,https://display-topten10.goodwearmall.com/goods/MSG2TS/MSG2TS3005CRP_M.jpg,,,,,"₩25,900","₩29,900",13,,,,,260623,
display-topten10.goodwearmall.com,false,,탑텐,,,,,https://topten10.goodwearmall.com/product/MBG5AY3064WT/detail,공용) 스포츠 삭스 (3PACK),,,https://display-topten10.goodwearmall.com/goods/MBG5AY/MBG5AY3064WT_M.jpg,,,,,"₩7,900","₩9,900",20,,,,,260623,
display-topten10.goodwearmall.com,false,,탑텐,,,,,https://topten10.goodwearmall.com/product/MBG5AY3065WTB/detail,공용) 앵클 삭스 (3PACK),,,https://display-topten10.goodwearmall.com/goods/MBG5AY/MBG5AY3065WTB_M.jpg,,,,,"₩7,900","₩9,900",20,,,,,260623,
display-topten10.goodwearmall.com,false,,탑텐,,,,,https://topten10.goodwearmall.com/product/MBG5PT1206BR/detail,남성) 수퍼스트레치 조거 팬츠,,,https://display-topten10.goodwearmall.com/goods/MBG5PT/MBG5PT1206BR_M.jpg,,,,,"₩19,900","₩39,900",50,,,,,260623,
display-topten10.goodwearmall.com,false,,탑텐,,,,,https://topten10.goodwearmall.com/product/MSG2WC1204DNV/detail,남성) 크링클 풀오버 셔츠 (반팔),,,https://display-topten10.goodwearmall.com/goods/MSG2WC/MSG2WC1204DNV_M.jpg,,,,,"₩39,900","₩39,900",,,,,,260623,
display-topten10.goodwearmall.com,false,,탑텐,,,,,https://topten10.goodwearmall.com/product/MSG2DH1903BE/detail,남성) COOL 버뮤다 데님 쇼츠,,,https://display-topten10.goodwearmall.com/goods/MSG2DH/MSG2DH1903BE_M.jpg,,,,,"₩39,900","₩49,900",20,,,,,260623,
display-topten10.goodwearmall.com,false,,탑텐,,,,,https://topten10.goodwearmall.com/product/MSG2UI3302YEP/detail,공용) [커버캣] 레이온 파자마 세트,,,https://display-topten10.goodwearmall.com/goods/MSG2UI/MSG2UI3302YEP_M.jpg,,,,,"₩39,900","₩49,900",20,,,,,260623,
display-topten10.goodwearmall.com,false,,탑텐,,,,,https://topten10.goodwearmall.com/product/MSG2UI3701BLP/detail,공용) 소프트 시어서커 파자마 세트,,,https://display-topten10.goodwearmall.com/goods/MSG2UI/MSG2UI3701BLP_M.jpg,,,,,"₩39,900","₩49,900",20,,,,,260623,
display-topten10.goodwearmall.com,false,,탑텐,,,,,https://topten10.goodwearmall.com/product/MSG5US1221BK/detail,남성) COOL Air 크루넥 T (반팔),,,https://display-topten10.goodwearmall.com/goods/MSG5US/MSG5US1221BK_M.jpg,,,,,"₩12,900","₩15,900",18,,,,,260623,
display-topten10.goodwearmall.com,false,,탑텐,,,,,https://topten10.goodwearmall.com/product/MSG2TS3001DBE/detail,공용)[피너츠] 코튼 크루넥 T (반팔),,,https://display-topten10.goodwearmall.com/goods/MSG2TS/MSG2TS3001DBE_M.jpg,,,,,"₩15,900","₩29,900",46,,,,,260623,
display-topten10.goodwearmall.com,false,,탑텐,,,,,https://topten10.goodwearmall.com/product/MSG5WD1011BK/detail,남성) 이지케어 스트레치 스마트 셔츠,,,https://display-topten10.goodwearmall.com/goods/MSG5WD/MSG5WD1011BK_M.jpg,,,,,"₩29,900","₩39,900",25,,,,,260623,
display-topten10.goodwearmall.com,false,,탑텐,,,,,https://topten10.goodwearmall.com/product/MSG5AY3302GR/detail,공용) 아쿠아엑스 페이크 삭스,,,https://display-topten10.goodwearmall.com/goods/MSG5AY/MSG5AY3302GR_M.jpg,,,,,"₩3,900","₩3,900",,,,,,260623,
display-topten10.goodwearmall.com,false,,탑텐,,,,,https://topten10.goodwearmall.com/product/MSG2PT1906BR/detail,남성) 크링클 와이드 팬츠,,,https://display-topten10.goodwearmall.com/goods/MSG2PT/MSG2PT1906BR_M.jpg,,,,,"₩29,900","₩39,900",25,,,,,260623,
display-topten10.goodwearmall.com,false,,탑텐,,,,,https://topten10.goodwearmall.com/product/MSG2KG1011BK/detail,남성) 크링클 트러커 재킷,,,https://display-topten10.goodwearmall.com/goods/MSG2KG/MSG2KG1011BK_M.jpg,,,,,"₩49,900","₩79,900",37,,,,,260623,
display-topten10.goodwearmall.com,false,,탑텐,,,,,https://topten10.goodwearmall.com/product/MBG5TS1203DKH/detail,남성) 퀵드라이 그래픽 T (반팔),,,https://display-topten10.goodwearmall.com/goods/MBG5TS/MBG5TS1203DKH_M.jpg,,,,,"₩19,900","₩29,900",33,,,,,260623,
display-topten10.goodwearmall.com,false,,탑텐,,,,,https://topten10.goodwearmall.com/product/MSG2PH1205LGR/detail,남성) COOL 나일론 이지 쇼츠,,,https://display-topten10.goodwearmall.com/goods/MSG2PH/MSG2PH1205LGR_M.jpg,,,,,"₩19,900","₩29,900",33,,,,,260623,
display-topten10.goodwearmall.com,false,,탑텐,,,,,https://topten10.goodwearmall.com/product/MBG5TS1203BL/detail,남성) 퀵드라이 그래픽 T (반팔),,,https://display-topten10.goodwearmall.com/goods/MBG5TS/MBG5TS1203BL_M.jpg,,,,,"₩19,900","₩29,900",33,,,,,260623,
display-topten10.goodwearmall.com,false,,탑텐,,,,,https://topten10.goodwearmall.com/product/MSG5PT1902LGR/detail,남성) 테리 조거 스웨트팬츠,,,https://display-topten10.goodwearmall.com/goods/MSG5PT/MSG5PT1902LGR_M.jpg,,,,,"₩19,900","₩39,900",50,,,,,260623,
display-topten10.goodwearmall.com,false,,탑텐,,,,,https://topten10.goodwearmall.com/product/MBG5PT1208GR/detail,남성) 수퍼스트레치 스트레이트 팬츠,,,https://display-topten10.goodwearmall.com/goods/MBG5PT/MBG5PT1208GR_M.jpg,,,,,"₩19,900","₩39,900",50,,,,,260623,
display-topten10.goodwearmall.com,false,,탑텐,,,,,https://topten10.goodwearmall.com/product/MSG5UP1007BE/detail,남성) COOL-AIR 심리스 복서 브리프,,,https://display-topten10.goodwearmall.com/goods/MSG5UP/MSG5UP1007BE_M.jpg,,,,,"₩12,900","₩15,900",18,,,,,260623,
display-topten10.goodwearmall.com,false,,탑텐,,,,,https://topten10.goodwearmall.com/product/MSG1TH3902RD/detail,공용) [피너츠] 테리 스웨트후디,,,https://display-topten10.goodwearmall.com/goods/MSG1TH/MSG1TH3902RD_M.jpg,,,,,"₩12,900","₩49,900",74,,,,,260623,
display-topten10.goodwearmall.com,false,,탑텐,,,,,https://topten10.goodwearmall.com/product/MSG5UP1002NV/detail,남성) COOL-AIR 심리스 메쉬 복서브리프,,,https://display-topten10.goodwearmall.com/goods/MSG5UP/MSG5UP1002NV_M.jpg,,,,,"₩12,900","₩15,900",18,,,,,260623,
display-topten10.goodwearmall.com,false,,탑텐,,,,,https://topten10.goodwearmall.com/product/MSG3TL3204CH/detail,공용) 크링클 탱크탑,,,https://display-topten10.goodwearmall.com/goods/MSG3TL/MSG3TL3204CH_M.jpg,,,,,"₩19,900","₩19,900",,,,,,260623,
display-topten10.goodwearmall.com,false,,탑텐,,,,,https://topten10.goodwearmall.com/product/MSG2TS1502LMT/detail,남성) 쿨먼트 폰테 그래픽 T (반팔),,,https://display-topten10.goodwearmall.com/goods/MSG2TS/MSG2TS1502LMT_M.jpg,,,,,"₩15,900","₩29,900",46,,,,,260623,
display-topten10.goodwearmall.com,false,,탑텐,,,,,https://topten10.goodwearmall.com/product/MSG2TS1502BC/detail,남성) 쿨먼트 폰테 그래픽 T (반팔),,,https://display-topten10.goodwearmall.com/goods/MSG2TS/MSG2TS1502BC_M.jpg,,,,,"₩15,900","₩29,900",46,,,,,260623,
display-topten10.goodwearmall.com,false,,탑텐,,,,,https://topten10.goodwearmall.com/product/MSG2TS1203MT/detail,남성) 크링클 크루넥 T (반팔),,,https://display-topten10.goodwearmall.com/goods/MSG2TS/MSG2TS1203MT_M.jpg,,,,,"₩19,900","₩29,900",33,,,,,260623,
display-topten10.goodwearmall.com,false,,탑텐,,,,,https://topten10.goodwearmall.com/product/MSG3TL3204WT/detail,공용) 크링클 탱크탑,,,https://display-topten10.goodwearmall.com/goods/MSG3TL/MSG3TL3204WT_M.jpg,,,,,"₩19,900","₩19,900",,,,,,260623,
display-topten10.goodwearmall.com,false,,탑텐,,,,,https://topten10.goodwearmall.com/product/MSG2WC3001CH/detail,공용) 오버핏 셔츠,,,https://display-topten10.goodwearmall.com/goods/MSG2WC/MSG2WC3001CH_M.jpg,,,,,"₩29,900","₩49,900",40,,,,,260623,
display-topten10.goodwearmall.com,false,,탑텐,,,,,https://topten10.goodwearmall.com/product/MSG2PH1207DNV/detail,남성) COOL 크링클 이지 쇼츠,,,https://display-topten10.goodwearmall.com/goods/MSG2PH/MSG2PH1207DNV_M.jpg,,,,,"₩29,900","₩39,900",25,,,,,260623,
display-topten10.goodwearmall.com,false,,탑텐,,,,,https://topten10.goodwearmall.com/product/MSG2ER1911OL/detail,남성) 코튼 케이블 스웨터,,,https://display-topten10.goodwearmall.com/goods/MSG2ER/MSG2ER1911OL_M.jpg,,,,,"₩29,900","₩39,900",25,,,,,260623,
display-topten10.goodwearmall.com,false,,탑텐,,,,,https://topten10.goodwearmall.com/product/MSG2PT1901RD/detail,남성) 테리 버뮤다 스웨트쇼츠,,,https://display-topten10.goodwearmall.com/goods/MSG2PT/MSG2PT1901RD_M.jpg,,,,,"₩25,900","₩29,900",13,,,,,260623,
display-topten10.goodwearmall.com,false,,탑텐,,,,,https://topten10.goodwearmall.com/product/MSG5AY3202GR/detail,공용) 아쿠아엑스 스니커즈 삭스,,,https://display-topten10.goodwearmall.com/goods/MSG5AY/MSG5AY3202GR_M.jpg,,,,,"₩3,900","₩3,900",,,,,,260623,
display-topten10.goodwearmall.com,false,,탑텐,,,,,https://topten10.goodwearmall.com/product/MSG2DP1905EC/detail,남성) COOL 와이드 데님,,,https://display-topten10.goodwearmall.com/goods/MSG2DP/MSG2DP1905EC_M.jpg,,,,,"₩49,900","₩59,900",16,,,,,260623,
display-topten10.goodwearmall.com,false,,탑텐,,,,,https://topten10.goodwearmall.com/product/MSG2TS1006LPK/detail,남성) 트윌 크루넥 T (반팔),,,https://display-topten10.goodwearmall.com/goods/MSG2TS/MSG2TS1006LPK_M.jpg,,,,,"₩19,900","₩39,900",50,,,,,260623,
display-topten10.goodwearmall.com,false,,탑텐,,,,,https://topten10.goodwearmall.com/product/MSG2TS3009OR/detail,공용)[디즈니] 코튼 크루넥 T (반팔),,,https://display-topten10.goodwearmall.com/goods/MSG2TS/MSG2TS3009OR_M.jpg,,,,,"₩15,900","₩29,900",46,,,,,260623,
display-topten10.goodwearmall.com,false,,탑텐,,,,,https://topten10.goodwearmall.com/product/MSG3TS3294GR/detail,공용) [펠릭스 더 캣] 코튼 그래픽 T,,,https://display-topten10.goodwearmall.com/goods/MSG3TS/MSG3TS3294GR_M.jpg,,,,,"₩25,900","₩29,900",13,,,,,260623,
display-topten10.goodwearmall.com,false,,탑텐,,,,,https://topten10.goodwearmall.com/product/MSG2PT1903DKH/detail,남성) 테리 턱 버뮤다 스웨트쇼츠,,,https://display-topten10.goodwearmall.com/goods/MSG2PT/MSG2PT1903DKH_M.jpg,,,,,"₩25,900","₩29,900",13,,,,,260623,
display-topten10.goodwearmall.com,false,,탑텐,,,,,https://topten10.goodwearmall.com/product/MBG5PT1209KH/detail,남성) 수퍼스트레치 카고 조거 팬츠,,,https://display-topten10.goodwearmall.com/goods/MBG5PT/MBG5PT1209KH_M.jpg,,,,,"₩25,900","₩49,900",48,,,,,260623,
display-topten10.goodwearmall.com,false,,탑텐,,,,,https://topten10.goodwearmall.com/product/MSG3TS3501GRP/detail,공용) 코튼 크루넥 T (긴팔 스트라이프),,,https://display-topten10.goodwearmall.com/goods/MSG3TS/MSG3TS3501GRP_M.jpg,,,,,"₩25,900","₩29,900",13,,,,,260623,
display-topten10.goodwearmall.com,false,,탑텐,,,,,https://topten10.goodwearmall.com/product/MBG5JJ1000LBL/detail,남성) UV 프로텍션 후드 윈드브레이커,,,https://display-topten10.goodwearmall.com/goods/MBG5JJ/MBG5JJ1000LBL_M.jpg,,,,,"₩49,900","₩59,900",16,,,,,260623,
display-topten10.goodwearmall.com,false,,탑텐,,,,,https://topten10.goodwearmall.com/product/MSG2KG1505CH/detail,남성) 울라이크 컴포트 재킷,,,https://display-topten10.goodwearmall.com/goods/MSG2KG/MSG2KG1505CH_M.jpg,,,,,"₩49,900","₩89,900",44,,,,,260623,
display-topten10.goodwearmall.com,false,,탑텐,,,,,https://topten10.goodwearmall.com/product/MSG3TC1202BK/detail,남성) 와플 후드집업,,,https://display-topten10.goodwearmall.com/goods/MSG3TC/MSG3TC1202BK_M.jpg,,,,,"₩49,900","₩59,900",16,,,,,260623,
display-topten10.goodwearmall.com,false,,탑텐,,,,,https://topten10.goodwearmall.com/product/MSG5DP1901LBL/detail,남성) 슬림 데님,,,https://display-topten10.goodwearmall.com/goods/MSG5DP/MSG5DP1901LBL_M.jpg,,,,,"₩49,900","₩59,900",16,,,,,260623,
display-topten10.goodwearmall.com,false,,탑텐,,,,,https://topten10.goodwearmall.com/product/MSG2TS3002NV/detail,공용) [카카오프렌즈] COOL Air 코튼 반팔 T,,,https://display-topten10.goodwearmall.com/goods/MSG2TS/MSG2TS3002NV_M.jpg,,,,,"₩15,900","₩29,900",46,,,,,260623,
display-topten10.goodwearmall.com,false,,탑텐,,,,,https://topten10.goodwearmall.com/product/MSG3TL3291BE/detail,공용) [핫스터프] 탱크탑,,,https://display-topten10.goodwearmall.com/goods/MSG3TL/MSG3TL3291BE_M.jpg,,,,,"₩25,900","₩29,900",13,,,,,260623,
display-topten10.goodwearmall.com,false,,탑텐,,,,,https://topten10.goodwearmall.com/product/MSG5PT1380BK/detail,남성) 투인원 쇼츠,,,https://display-topten10.goodwearmall.com/goods/MSG5PT/MSG5PT1380BK_M.jpg,,,,,"₩25,900","₩39,900",35,,,,,260623,
display-topten10.goodwearmall.com,false,,탑텐,,,,,https://topten10.goodwearmall.com/product/MSG2TS1002WT/detail,남성) COOL Air 코튼 그래픽 T (반팔),,,https://display-topten10.goodwearmall.com/goods/MSG2TS/MSG2TS1002WT_M.jpg,,,,,"₩19,900","₩29,900",33,,,,,260623,
display-topten10.goodwearmall.com,false,,탑텐,,,,,https://topten10.goodwearmall.com/product/MSG3TL3291BL/detail,공용) [핫스터프] 탱크탑,,,https://display-topten10.goodwearmall.com/goods/MSG3TL/MSG3TL3291BL_M.jpg,,,,,"₩25,900","₩29,900",13,,,,,260623,
display-topten10.goodwearmall.com,false,,탑텐,,,,,https://topten10.goodwearmall.com/product/MSG5UL1223BK/detail,남성) COOL Air 크루넥 탱크,,,https://display-topten10.goodwearmall.com/goods/MSG5UL/MSG5UL1223BK_M.jpg,,,,,"₩12,900","₩15,900",18,,,,,260623,
display-topten10.goodwearmall.com,false,,탑텐,,,,,https://topten10.goodwearmall.com/product/MSH5US1051NV/detail,남성) COOL Air 크루넥 T (반팔),,,https://display-topten10.goodwearmall.com/goods/MSH5US/MSH5US1051NV_M.jpg,,,,,"₩12,900","₩15,900",18,,,,,260623,
display-topten10.goodwearmall.com,false,,탑텐,,,,,https://topten10.goodwearmall.com/product/MSG2TS3002SBL/detail,공용) [카카오프렌즈] COOL Air 코튼 반팔 T,,,https://display-topten10.goodwearmall.com/goods/MSG2TS/MSG2TS3002SBL_M.jpg,,,,,"₩15,900","₩29,900",46,,,,,260623,
display-topten10.goodwearmall.com,false,,탑텐,,,,,https://topten10.goodwearmall.com/product/MSG5AY3100LGR/detail,공용) 립 삭스 (컬러),,,https://display-topten10.goodwearmall.com/goods/MSG5AY/MSG5AY3100LGR_M.jpg,,,,,"₩3,900","₩3,900",,,,,,260623,
display-topten10.goodwearmall.com,false,,탑텐,,,,,https://topten10.goodwearmall.com/product/MSG5AY3002IV/detail,공용) 소프트 삭스,,,https://display-topten10.goodwearmall.com/goods/MSG5AY/MSG5AY3002IV_M.jpg,,,,,"₩3,900","₩3,900",,,,,,260623,
display-topten10.goodwearmall.com,false,,탑텐,,,,,https://topten10.goodwearmall.com/product/MSG5AY3101CR/detail,공용) 앵클 삭스,,,https://display-topten10.goodwearmall.com/goods/MSG5AY/MSG5AY3101CR_M.jpg,,,,,"₩3,900","₩3,900",,,,,,260623,
display-topten10.goodwearmall.com,false,,탑텐,,,,,https://topten10.goodwearmall.com/product/MSG2WC3520CGN/detail,공용) 시어서커 오버핏 셔츠 (반팔),,,https://display-topten10.goodwearmall.com/goods/MSG2WC/MSG2WC3520CGN_M.jpg,,,,,"₩39,900","₩39,900",,,,,,260623,
display-topten10.goodwearmall.com,false,,탑텐,,,,,https://topten10.goodwearmall.com/product/MSG2WC1204LGR/detail,남성) 크링클 풀오버 셔츠 (반팔),,,https://display-topten10.goodwearmall.com/goods/MSG2WC/MSG2WC1204LGR_M.jpg,,,,,"₩39,900","₩39,900",,,,,,260623,
display-topten10.goodwearmall.com,false,,탑텐,,,,,https://topten10.goodwearmall.com/product/MSG5TS1581NV/detail,남성) 퀵드라이 T,,,https://display-topten10.goodwearmall.com/goods/MSG5TS/MSG5TS1581NV_M.jpg,,,,,"₩15,900","₩19,900",20,,,,,260623,
display-topten10.goodwearmall.com,false,,탑텐,,,,,https://topten10.goodwearmall.com/product/MSG2TS1003MTP/detail,남성) COOL Air 코튼 T (반팔 스트라이프),,,https://display-topten10.goodwearmall.com/goods/MSG2TS/MSG2TS1003MTP_M.jpg,,,,,"₩19,900","₩29,900",33,,,,,260623,
display-topten10.goodwearmall.com,false,,탑텐,,,,,https://topten10.goodwearmall.com/product/MBG5TC1250BK/detail,남성) 스웨이드 터치 후드집업,,,https://display-topten10.goodwearmall.com/goods/MBG5TC/MBG5TC1250BK_M.jpg,,,,,"₩19,900","₩69,900",71,,,,,260623,
display-topten10.goodwearmall.com,false,,탑텐,,,,,https://topten10.goodwearmall.com/product/MBG5PT1256DCH/detail,남성) 수퍼스트레치 조거 팬츠,,,https://display-topten10.goodwearmall.com/goods/MBG5PT/MBG5PT1256DCH_M.jpg,,,,,"₩19,900","₩39,900",50,,,,,260623,
display-topten10.goodwearmall.com,false,,탑텐,,,,,https://topten10.goodwearmall.com/product/MBG5PT1208DGR/detail,남성) 수퍼스트레치 스트레이트 팬츠,,,https://display-topten10.goodwearmall.com/goods/MBG5PT/MBG5PT1208DGR_M.jpg,,,,,"₩19,900","₩39,900",50,,,,,260623,
display-topten10.goodwearmall.com,false,,탑텐,,,,,https://topten10.goodwearmall.com/product/MSG2TS1002GNP/detail,남성) COOL Air 코튼 그래픽 T (반팔),,,https://display-topten10.goodwearmall.com/goods/MSG2TS/MSG2TS1002GNP_M.jpg,,,,,"₩19,900","₩29,900",33,,,,,260623,
display-topten10.goodwearmall.com,false,,탑텐,,,,,https://topten10.goodwearmall.com/product/MSG2TT3001RD/detail,공용) COOL Air 코튼 피케 폴로 셔츠,,,https://display-topten10.goodwearmall.com/goods/MSG2TT/MSG2TT3001RD_M.jpg,,,,,"₩19,900","₩29,900",33,,,,,260623,
display-topten10.goodwearmall.com,false,,탑텐,,,,,https://topten10.goodwearmall.com/product/MSG2WC1911BL/detail,남성) 옥스포드 버튼다운 셔츠,,,https://display-topten10.goodwearmall.com/goods/MSG2WC/MSG2WC1911BL_M.jpg,,,,,"₩19,900","₩39,900",50,,,,,260623,
display-topten10.goodwearmall.com,false,,탑텐,,,,,https://topten10.goodwearmall.com/product/MBG5PT1206KGR/detail,남성) 수퍼스트레치 조거 팬츠,,,https://display-topten10.goodwearmall.com/goods/MBG5PT/MBG5PT1206KGR_M.jpg,,,,,"₩19,900","₩39,900",50,,,,,260623,
display-topten10.goodwearmall.com,false,,탑텐,,,,,https://topten10.goodwearmall.com/product/MSG5PT1289LKH/detail,남성) 수퍼스트레치 쇼츠,,,https://display-topten10.goodwearmall.com/goods/MSG5PT/MSG5PT1289LKH_M.jpg,,,,,"₩19,900","₩29,900",33,,,,,260623,
display-topten10.goodwearmall.com,false,,탑텐,,,,,https://topten10.goodwearmall.com/product/MBG5AY3065BK/detail,공용) 앵클 삭스 (3PACK),,,https://display-topten10.goodwearmall.com/goods/MBG5AY/MBG5AY3065BK_M.jpg,,,,,"₩7,900","₩9,900",20,,,,,260623,
display-topten10.goodwearmall.com,false,,탑텐,,,,,https://topten10.goodwearmall.com/product/MSG3PT1904LGR/detail,남성) 테리 카고 버뮤다 스웨트쇼츠,,,https://display-topten10.goodwearmall.com/goods/MSG3PT/MSG3PT1904LGR_M.jpg,,,,,"₩29,900","₩39,900",25,,,,,260623,
display-topten10.goodwearmall.com,false,,탑텐,,,,,https://topten10.goodwearmall.com/product/MSG2TT3002CHP/detail,공용) COOL Air 코튼 더블니트 폴로 (스트라이프),,,https://display-topten10.goodwearmall.com/goods/MSG2TT/MSG2TT3002CHP_M.jpg,,,,,"₩29,900","₩39,900",25,,,,,260623,
display-topten10.goodwearmall.com,false,,탑텐,,,,,https://topten10.goodwearmall.com/product/MSG2PP1203KGR/detail,남성) 코튼 테이퍼드 이지 팬츠,,,https://display-topten10.goodwearmall.com/goods/MSG2PP/MSG2PP1203KGR_M.jpg,,,,,"₩29,900","₩39,900",25,,,,,260623,
display-topten10.goodwearmall.com,false,,탑텐,,,,,https://topten10.goodwearmall.com/product/MSG5AY3100LBE/detail,공용) 립 삭스 (컬러),,,https://display-topten10.goodwearmall.com/goods/MSG5AY/MSG5AY3100LBE_M.jpg,,,,,"₩3,900","₩3,900",,,,,,260623,
display-topten10.goodwearmall.com,false,,탑텐,,,,,https://topten10.goodwearmall.com/product/MSG2TS3002LKH/detail,공용) [카카오프렌즈] COOL Air 코튼 반팔 T,,,https://display-topten10.goodwearmall.com/goods/MSG2TS/MSG2TS3002LKH_M.jpg,,,,,"₩15,900","₩29,900",46,,,,,260623,
display-topten10.goodwearmall.com,false,,탑텐,,,,,https://topten10.goodwearmall.com/product/MSG3TS3201DOR/detail,공용) COOL Air 코튼 크루넥 T (반팔),,,https://display-topten10.goodwearmall.com/goods/MSG3TS/MSG3TS3201DOR_M.jpg,,,,,"₩15,900","₩19,900",20,,,,,260623,
display-topten10.goodwearmall.com,false,,탑텐,,,,,https://topten10.goodwearmall.com/product/MSG2TS3009SBL/detail,공용)[디즈니] 코튼 크루넥 T (반팔),,,https://display-topten10.goodwearmall.com/goods/MSG2TS/MSG2TS3009SBL_M.jpg,,,,,"₩15,900","₩29,900",46,,,,,260623,
display-topten10.goodwearmall.com,false,,탑텐,,,,,https://topten10.goodwearmall.com/product/MSG2TS3002CR/detail,공용) [카카오프렌즈] COOL Air 코튼 반팔 T,,,https://display-topten10.goodwearmall.com/goods/MSG2TS/MSG2TS3002CR_M.jpg,,,,,"₩15,900","₩29,900",46,,,,,260623,
display-topten10.goodwearmall.com,false,,탑텐,,,,,https://topten10.goodwearmall.com/product/MSG5UP1003BK/detail,남성) 코튼 복서 브리프,,,https://display-topten10.goodwearmall.com/goods/MSG5UP/MSG5UP1003BK_M.jpg,,,,,"₩9,900","₩12,900",23,,,,,260623,
display-topten10.goodwearmall.com,false,,탑텐,,,,,https://topten10.goodwearmall.com/product/MSG5UP1005GN/detail,남성) COOL-AIR 퓨징 심리스 복서브리프,,,https://display-topten10.goodwearmall.com/goods/MSG5UP/MSG5UP1005GN_M.jpg,,,,,"₩12,900","₩15,900",18,,,,,260623,
display-topten10.goodwearmall.com,false,,탑텐,,,,,https://topten10.goodwearmall.com/product/MSG5WD1011WT/detail,남성) 이지케어 스트레치 스마트 셔츠,,,https://display-topten10.goodwearmall.com/goods/MSG5WD/MSG5WD1011WT_M.jpg,,,,,"₩29,900","₩39,900",25,,,,,260623,
display-topten10.goodwearmall.com,false,,탑텐,,,,,https://topten10.goodwearmall.com/product/MSG2WC3001BL/detail,공용) 오버핏 셔츠,,,https://display-topten10.goodwearmall.com/goods/MSG2WC/MSG2WC3001BL_M.jpg,,,,,"₩29,900","₩49,900",40,,,,,260623,
display-topten10.goodwearmall.com,false,,탑텐,,,,,https://topten10.goodwearmall.com/product/MSG2ER1911MBE/detail,남성) 코튼 케이블 스웨터,,,https://display-topten10.goodwearmall.com/goods/MSG2ER/MSG2ER1911MBE_M.jpg,,,,,"₩29,900","₩39,900",25,,,,,260623,
display-topten10.goodwearmall.com,false,,탑텐,,,,,https://topten10.goodwearmall.com/product/MSG3TS1205IV/detail,남성) 와플 헨리넥 T (반팔),,,https://display-topten10.goodwearmall.com/goods/MSG3TS/MSG3TS1205IV_M.jpg,,,,,"₩29,900","₩29,900",,,,,,260623,
display-topten10.goodwearmall.com,false,,탑텐,,,,,https://topten10.goodwearmall.com/product/MBG2PH1701LOR/detail,남성) 워터 쇼츠,,,https://display-topten10.goodwearmall.com/goods/MBG2PH/MBG2PH1701LOR_M.jpg,,,,,"₩29,900","₩39,900",25,,,,,260623,
display-topten10.goodwearmall.com,false,,탑텐,,,,,https://topten10.goodwearmall.com/product/MSG2KG1002LBL/detail,남성) 데님 트러커 재킷,,,https://display-topten10.goodwearmall.com/goods/MSG2KG/MSG2KG1002LBL_M.jpg,,,,,"₩29,900","₩79,900",62,,,,,260623,
display-topten10.goodwearmall.com,false,,탑텐,,,,,https://topten10.goodwearmall.com/product/MBG2PH1012BK/detail,남성) 테크스트레치 이지 쇼츠,,,https://display-topten10.goodwearmall.com/goods/MBG2PH/MBG2PH1012BK_M.jpg,,,,,"₩29,900","₩39,900",25,,,,,260623,
display-topten10.goodwearmall.com,false,,탑텐,,,,,https://topten10.goodwearmall.com/product/MSG2TS1011WT/detail,남성) COOL Air 코튼 그래픽 T (긴팔),,,https://display-topten10.goodwearmall.com/goods/MSG2TS/MSG2TS1011WT_M.jpg,,,,,"₩29,900","₩39,900",25,,,,,260623,
display-topten10.goodwearmall.com,false,,탑텐,,,,,https://topten10.goodwearmall.com/product/MBG2PH1701BNP/detail,남성) 워터 쇼츠,,,https://display-topten10.goodwearmall.com/goods/MBG2PH/MBG2PH1701BNP_M.jpg,,,,,"₩29,900","₩39,900",25,,,,,260623,
display-topten10.goodwearmall.com,false,,탑텐,,,,,https://topten10.goodwearmall.com/product/MBG2JJ1002BK/detail,남성) 스트레치 피스테 (반팔),,,https://display-topten10.goodwearmall.com/goods/MBG2JJ/MBG2JJ1002BK_M.jpg,,,,,"₩29,900","₩39,900",25,,,,,260623,
display-topten10.goodwearmall.com,false,,탑텐,,,,,https://topten10.goodwearmall.com/product/MBG5PP1030DGR/detail,남성) 테크스트레치 이지 팬츠,,,https://display-topten10.goodwearmall.com/goods/MBG5PP/MBG5PP1030DGR_M.jpg,,,,,"₩29,900","₩49,900",40,,,,,260623,
display-topten10.goodwearmall.com,false,,탑텐,,,,,https://topten10.goodwearmall.com/product/MSG2PT1904LGR/detail,남성) 테리 카고 버뮤다 스웨트쇼츠,,,https://display-topten10.goodwearmall.com/goods/MSG2PT/MSG2PT1904LGR_M.jpg,,,,,"₩29,900","₩39,900",25,,,,,260623,
display-topten10.goodwearmall.com,false,,탑텐,,,,,https://topten10.goodwearmall.com/product/MSG2TL1005IV/detail,남성) 메쉬 브이넥 탱크탑,,,https://display-topten10.goodwearmall.com/goods/MSG2TL/MSG2TL1005IV_M.jpg,,,,,"₩25,900","₩29,900",13,,,,,260623,
display-topten10.goodwearmall.com,false,,탑텐,,,,,https://topten10.goodwearmall.com/product/MSG2WC1901LRD/detail,남성) 리넨블렌드 셔츠 (긴팔),,,https://display-topten10.goodwearmall.com/goods/MSG2WC/MSG2WC1901LRD_M.jpg,,,,,"₩29,900","₩49,900",40,,,,,260623,
display-topten10.goodwearmall.com,false,,탑텐,,,,,https://topten10.goodwearmall.com/product/MSG5AY3100MGR/detail,공용) 립 삭스 (컬러),,,https://display-topten10.goodwearmall.com/goods/MSG5AY/MSG5AY3100MGR_M.jpg,,,,,"₩3,900","₩3,900",,,,,,260623,
display-topten10.goodwearmall.com,false,,탑텐,,,,,https://topten10.goodwearmall.com/product/MSG5AY2001CH/detail,여성) 시스루 삭스,,,https://display-topten10.goodwearmall.com/goods/MSG5AY/MSG5AY2001CH_M.jpg,,,,,"₩3,900","₩3,900",,,,,,260623,
display-topten10.goodwearmall.com,false,,탑텐,,,,,https://topten10.goodwearmall.com/product/MSG5AY2001MGR/detail,여성) 시스루 삭스,,,https://display-topten10.goodwearmall.com/goods/MSG5AY/MSG5AY2001MGR_M.jpg,,,,,"₩3,900","₩3,900",,,,,,260623,
display-topten10.goodwearmall.com,false,,탑텐,,,,,https://topten10.goodwearmall.com/product/MSG5AY3002BK/detail,공용) 소프트 삭스,,,https://display-topten10.goodwearmall.com/goods/MSG5AY/MSG5AY3002BK_M.jpg,,,,,"₩3,900","₩3,900",,,,,,260623,
display-topten10.goodwearmall.com,false,,탑텐,,,,,https://topten10.goodwearmall.com/product/MSG2PT1905DGN/detail,남성) 더블니트 버뮤다 스웨트쇼츠,,,https://display-topten10.goodwearmall.com/goods/MSG2PT/MSG2PT1905DGN_M.jpg,,,,,"₩25,900","₩39,900",35,,,,,260623,
display-topten10.goodwearmall.com,false,,탑텐,,,,,https://topten10.goodwearmall.com/product/MSG3TS3293GN/detail,공용) [핫 스터프] 코튼 그래픽 T,,,https://display-topten10.goodwearmall.com/goods/MSG3TS/MSG3TS3293GN_M.jpg,,,,,"₩25,900","₩29,900",13,,,,,260623,
display-topten10.goodwearmall.com,false,,탑텐,,,,,https://topten10.goodwearmall.com/product/MSG3TS3202DPP/detail,공용) 가먼트다잉 그래픽 T (반팔),,,https://display-topten10.goodwearmall.com/goods/MSG3TS/MSG3TS3202DPP_M.jpg,,,,,"₩25,900","₩29,900",13,,,,,260623,
display-topten10.goodwearmall.com,false,,탑텐,,,,,https://topten10.goodwearmall.com/product/MSG3TS1204BE/detail,남성) 와플 크루넥 T (반팔),,,https://display-topten10.goodwearmall.com/goods/MSG3TS/MSG3TS1204BE_M.jpg,,,,,"₩25,900","₩29,900",13,,,,,260623,
display-topten10.goodwearmall.com,false,,탑텐,,,,,https://topten10.goodwearmall.com/product/MSG3PT1903DCH/detail,남성) 테리 턱 버뮤다 스웨트쇼츠,,,https://display-topten10.goodwearmall.com/goods/MSG3PT/MSG3PT1903DCH_M.jpg,,,,,"₩25,900","₩29,900",13,,,,,260623,
display-topten10.goodwearmall.com,false,,탑텐,,,,,https://topten10.goodwearmall.com/product/MSG3TS3294CR/detail,공용) [펠릭스 더 캣] 코튼 그래픽 T,,,https://display-topten10.goodwearmall.com/goods/MSG3TS/MSG3TS3294CR_M.jpg,,,,,"₩25,900","₩29,900",13,,,,,260623,
display-topten10.goodwearmall.com,false,,탑텐,,,,,https://topten10.goodwearmall.com/product/MSG3TS3202LBE/detail,공용) 가먼트다잉 그래픽 T (반팔),,,https://display-topten10.goodwearmall.com/goods/MSG3TS/MSG3TS3202LBE_M.jpg,,,,,"₩25,900","₩29,900",13,,,,,260623,
display-topten10.goodwearmall.com,false,,탑텐,,,,,https://topten10.goodwearmall.com/product/MSG5AB3012EC/detail,공용) 스퀘어 포켓 크로스백,,,https://display-topten10.goodwearmall.com/goods/MSG5AB/MSG5AB3012EC_M.jpg,,,,,"₩25,900","₩29,900",13,,,,,260623,
display-topten10.goodwearmall.com,false,,탑텐,,,,,https://topten10.goodwearmall.com/product/MBG5PT1209BE/detail,남성) 수퍼스트레치 카고 조거 팬츠,,,https://display-topten10.goodwearmall.com/goods/MBG5PT/MBG5PT1209BE_M.jpg,,,,,"₩25,900","₩49,900",48,,,,,260623,
display-topten10.goodwearmall.com,false,,탑텐,,,,,https://topten10.goodwearmall.com/product/MSG3PT1903LGR/detail,남성) 테리 턱 버뮤다 스웨트쇼츠,,,https://display-topten10.goodwearmall.com/goods/MSG3PT/MSG3PT1903LGR_M.jpg,,,,,"₩25,900","₩29,900",13,,,,,260623,
display-topten10.goodwearmall.com,false,,탑텐,,,,,https://topten10.goodwearmall.com/product/MSG3TS1204BK/detail,남성) 와플 크루넥 T (반팔),,,https://display-topten10.goodwearmall.com/goods/MSG3TS/MSG3TS1204BK_M.jpg,,,,,"₩25,900","₩29,900",13,,,,,260623,
display-topten10.goodwearmall.com,false,,탑텐,,,,,https://topten10.goodwearmall.com/product/MSG5PT1906BK/detail,남성) 더블니트 와이드 스웨트팬츠,,,https://display-topten10.goodwearmall.com/goods/MSG5PT/MSG5PT1906BK_M.jpg,,,,,"₩25,900","₩49,900",48,,,,,260623,
display-topten10.goodwearmall.com,false,,탑텐,,,,,https://topten10.goodwearmall.com/product/MSG3TS3292WT/detail,공용) [분노의 질주] 코튼 그래픽 T,,,https://display-topten10.goodwearmall.com/goods/MSG3TS/MSG3TS3292WT_M.jpg,,,,,"₩25,900","₩29,900",13,,,,,260623,
display-topten10.goodwearmall.com,false,,탑텐,,,,,https://topten10.goodwearmall.com/product/MSG3PT1902TGN/detail,남성) COOL Air 코튼 더블니트 쇼츠,,,https://display-topten10.goodwearmall.com/goods/MSG3PT/MSG3PT1902TGN_M.jpg,,,,,"₩25,900","₩29,900",13,,,,,260623,
display-topten10.goodwearmall.com,false,,탑텐,,,,,https://topten10.goodwearmall.com/product/MSG2PH1204BLP/detail,남성) COOL 텍스쳐드 이지 쇼츠,,,https://display-topten10.goodwearmall.com/goods/MSG2PH/MSG2PH1204BLP_M.jpg,,,,,"₩19,900","₩29,900",33,,,,,260623,
display-topten10.goodwearmall.com,false,,탑텐,,,,,https://topten10.goodwearmall.com/product/MSG2TS3901DBE/detail,공용) 코튼 크루넥 T,,,https://display-topten10.goodwearmall.com/goods/MSG2TS/MSG2TS3901DBE_M.jpg,,,,,"₩9,900","₩15,900",37,,,,,260623,
display-topten10.goodwearmall.com,false,,탑텐,,,,,https://topten10.goodwearmall.com/product/MSG5AB3012BK/detail,공용) 스퀘어 포켓 크로스백,,,https://display-topten10.goodwearmall.com/goods/MSG5AB/MSG5AB3012BK_M.jpg,,,,,"₩25,900","₩29,900",13,,,,,260623,
display-topten10.goodwearmall.com,false,,탑텐,,,,,https://topten10.goodwearmall.com/product/MSG5PT1904LGR/detail,남성) 테리 스트레이트 스웨트팬츠,,,https://display-topten10.goodwearmall.com/goods/MSG5PT/MSG5PT1904LGR_M.jpg,,,,,"₩19,900","₩39,900",50,,,,,260623,
display-topten10.goodwearmall.com,false,,탑텐,,,,,https://topten10.goodwearmall.com/product/MBG5TH1250MGR/detail,남성) 더블니트 후드,,,https://display-topten10.goodwearmall.com/goods/MBG5TH/MBG5TH1250MGR_M.jpg,,,,,"₩19,900","₩59,900",66,,,,,260623,
display-topten10.goodwearmall.com,false,,탑텐,,,,,https://topten10.goodwearmall.com/product/MSG5AC3011BK/detail,공용) 볼캡,,,https://display-topten10.goodwearmall.com/goods/MSG5AC/MSG5AC3011BK_M.jpg,,,,,"₩19,900","₩19,900",,,,,,260623,
display-topten10.goodwearmall.com,false,,탑텐,,,,,https://topten10.goodwearmall.com/product/MSG3TL1001BK/detail,남성) 립 탱크탑,,,https://display-topten10.goodwearmall.com/goods/MSG3TL/MSG3TL1001BK_M.jpg,,,,,"₩19,900","₩19,900",,,,,,260623,
display-topten10.goodwearmall.com,false,,탑텐,,,,,https://topten10.goodwearmall.com/product/MSG5AC3011NV/detail,공용) 볼캡,,,https://display-topten10.goodwearmall.com/goods/MSG5AC/MSG5AC3011NV_M.jpg,,,,,"₩19,900","₩19,900",,,,,,260623,
display-topten10.goodwearmall.com,false,,탑텐,,,,,https://topten10.goodwearmall.com/product/MSG5AC3013LBE/detail,공용) 볼캡 (배색),,,https://display-topten10.goodwearmall.com/goods/MSG5AC/MSG5AC3013LBE_M.jpg,,,,,"₩19,900","₩19,900",,,,,,260623,
display-topten10.goodwearmall.com,false,,탑텐,,,,,https://topten10.goodwearmall.com/product/MBG5PT1265BK/detail,남성) 수퍼스트레치 7부 카고 쇼츠,,,https://display-topten10.goodwearmall.com/goods/MBG5PT/MBG5PT1265BK_M.jpg,,,,,"₩19,900","₩39,900",50,,,,,260623,
display-topten10.goodwearmall.com,false,,탑텐,,,,,https://topten10.goodwearmall.com/product/MBG5PT1253DBL/detail,남성) 수퍼스트레치 쇼츠,,,https://display-topten10.goodwearmall.com/goods/MBG5PT/MBG5PT1253DBL_M.jpg,,,,,"₩19,900","₩29,900",33,,,,,260623,
display-topten10.goodwearmall.com,false,,탑텐,,,,,https://topten10.goodwearmall.com/product/MBG5PT1205NV/detail,남성) 퀵드라이 쇼츠,,,https://display-topten10.goodwearmall.com/goods/MBG5PT/MBG5PT1205NV_M.jpg,,,,,"₩19,900","₩19,900",,,,,,260623,
display-topten10.goodwearmall.com,false,,탑텐,,,,,https://topten10.goodwearmall.com/product/MSG5TS1581CH/detail,남성) 퀵드라이 T,,,https://display-topten10.goodwearmall.com/goods/MSG5TS/MSG5TS1581CH_M.jpg,,,,,"₩15,900","₩19,900",20,,,,,260623,
display-topten10.goodwearmall.com,false,,탑텐,,,,,https://topten10.goodwearmall.com/product/MSG5TS3702DPK/detail,공용) COOL Air 코튼 더블니트 T (긴팔),,,https://display-topten10.goodwearmall.com/goods/MSG5TS/MSG5TS3702DPK_M.jpg,,,,,"₩19,900","₩29,900",33,,,,,260623,
display-topten10.goodwearmall.com,false,,탑텐,,,,,https://topten10.goodwearmall.com/product/MSG2TL1002CR/detail,남성) COOL Air 코튼 그래픽 탱크탑,,,https://display-topten10.goodwearmall.com/goods/MSG2TL/MSG2TL1002CR_M.jpg,,,,,"₩19,900","₩25,900",23,,,,,260623,
display-topten10.goodwearmall.com,false,,탑텐,,,,,https://topten10.goodwearmall.com/product/MSG3TC3201CH/detail,공용) 텍스처드 브이넥 가디건,,,https://display-topten10.goodwearmall.com/goods/MSG3TC/MSG3TC3201CH_M.jpg,,,,,"₩19,900","₩39,900",50,,,,,260623,
display-topten10.goodwearmall.com,false,,탑텐,,,,,https://topten10.goodwearmall.com/product/MSG5AL1011BE/detail,남성) 웨빙 스트레치 벨트,,,https://display-topten10.goodwearmall.com/goods/MSG5AL/MSG5AL1011BE_M.jpg,,,,,"₩19,900","₩19,900",,,,,,260623,
display-topten10.goodwearmall.com,false,,탑텐,,,,,https://topten10.goodwearmall.com/product/MBG5PT1257DKH/detail,남성) 수퍼스트레치 카고 투웨이 팬츠,,,https://display-topten10.goodwearmall.com/goods/MBG5PT/MBG5PT1257DKH_M.jpg,,,,,"₩25,900","₩59,900",56,,,,,260623,
display-topten10.goodwearmall.com,false,,탑텐,,,,,https://topten10.goodwearmall.com/product/MSG1TR3001BK/detail,남성) [마인드어데이 커버캣] 콜라보 플리스 스웨트셔츠,,,https://display-topten10.goodwearmall.com/goods/MSG1TR/MSG1TR3001BK_M.jpg,,,,,"₩15,900","₩49,900",68,,,,,260623,
display-topten10.goodwearmall.com,false,,탑텐,,,,,https://topten10.goodwearmall.com/product/MBG5TS1202MT/detail,남성) 퀵드라이 T (반팔),,,https://display-topten10.goodwearmall.com/goods/MBG5TS/MBG5TS1202MT_M.jpg,,,,,"₩15,900","₩19,900",20,,,,,260623,
display-topten10.goodwearmall.com,false,,탑텐,,,,,https://topten10.goodwearmall.com/product/MSG5AY3100SK/detail,공용) 립 삭스 (컬러),,,https://display-topten10.goodwearmall.com/goods/MSG5AY/MSG5AY3100SK_M.jpg,,,,,"₩3,900","₩3,900",,,,,,260623,
display-topten10.goodwearmall.com,false,,탑텐,,,,,https://topten10.goodwearmall.com/product/MSG5AY3100CH/detail,공용) 립 삭스 (컬러),,,https://display-topten10.goodwearmall.com/goods/MSG5AY/MSG5AY3100CH_M.jpg,,,,,"₩3,900","₩3,900",,,,,,260623,
display-topten10.goodwearmall.com,false,,탑텐,,,,,https://topten10.goodwearmall.com/product/MBG5JJ1040LKH/detail,남성) UV 프로텍션 스탠드넥 윈드브레이커,,,https://display-topten10.goodwearmall.com/goods/MBG5JJ/MBG5JJ1040LKH_M.jpg,,,,,"₩49,900","₩59,900",16,,,,,260623,
display-topten10.goodwearmall.com,false,,탑텐,,,,,https://topten10.goodwearmall.com/product/MSG4WC3500SBL/detail,공용) 오버핏 셔츠,,,https://display-topten10.goodwearmall.com/goods/MSG4WC/MSG4WC3500SBL_M.jpg,,,,,"₩49,900","₩49,900",,,,,,260623,
display-topten10.goodwearmall.com,false,,탑텐,,,,,https://topten10.goodwearmall.com/product/MTG2PP1001BK/detail,남성) 포플린 배럴 팬츠,,,https://display-topten10.goodwearmall.com/goods/MTG2PP/MTG2PP1001BK_M.jpg,,,,,"₩49,900","₩59,900",16,,,,,260623,
display-topten10.goodwearmall.com,false,,탑텐,,,,,https://topten10.goodwearmall.com/product/MBG5PP1030LKH/detail,남성) 테크스트레치 이지 팬츠,,,https://display-topten10.goodwearmall.com/goods/MBG5PP/MBG5PP1030LKH_M.jpg,,,,,"₩29,900","₩49,900",40,,,,,260623,
display-topten10.goodwearmall.com,false,,탑텐,,,,,https://topten10.goodwearmall.com/product/MSG2JJ1010LKH/detail,남성) 포케터블 UV 프로텍션 윈드브레이커,,,https://display-topten10.goodwearmall.com/goods/MSG2JJ/MSG2JJ1010LKH_M.jpg,,,,,"₩49,900","₩59,900",16,,,,,260623,
display-topten10.goodwearmall.com,false,,탑텐,,,,,https://topten10.goodwearmall.com/product/MSG2JJ1010LBL/detail,남성) 포케터블 UV 프로텍션 윈드브레이커,,,https://display-topten10.goodwearmall.com/goods/MSG2JJ/MSG2JJ1010LBL_M.jpg,,,,,"₩49,900","₩59,900",16,,,,,260623,
display-topten10.goodwearmall.com,false,,탑텐,,,,,https://topten10.goodwearmall.com/product/MSG2JJ1010WN/detail,남성) 포케터블 UV 프로텍션 윈드브레이커,,,https://display-topten10.goodwearmall.com/goods/MSG2JJ/MSG2JJ1010WN_M.jpg,,,,,"₩49,900","₩59,900",16,,,,,260623,
display-topten10.goodwearmall.com,false,,탑텐,,,,,https://topten10.goodwearmall.com/product/MBG5JJ1040BK/detail,남성) UV 프로텍션 스탠드넥 윈드브레이커,,,https://display-topten10.goodwearmall.com/goods/MBG5JJ/MBG5JJ1040BK_M.jpg,,,,,"₩49,900","₩59,900",16,,,,,260623,
display-topten10.goodwearmall.com,false,,탑텐,,,,,https://topten10.goodwearmall.com/product/MSG3TC1202CHP/detail,남성) 와플 후드집업,,,https://display-topten10.goodwearmall.com/goods/MSG3TC/MSG3TC1202CHP_M.jpg,,,,,"₩49,900","₩59,900",16,,,,,260623,
display-topten10.goodwearmall.com,false,,탑텐,,,,,https://topten10.goodwearmall.com/product/MSG2KG1001BK/detail,남성) 2WAY 트러커 재킷,,,https://display-topten10.goodwearmall.com/goods/MSG2KG/MSG2KG1001BK_M.jpg,,,,,"₩49,900","₩79,900",37,,,,,260623,
display-topten10.goodwearmall.com,false,,탑텐,,,,,https://topten10.goodwearmall.com/product/MBG5JJ1000WT/detail,남성) UV 프로텍션 후드 윈드브레이커,,,https://display-topten10.goodwearmall.com/goods/MBG5JJ/MBG5JJ1000WT_M.jpg,,,,,"₩49,900","₩59,900",16,,,,,260623,
display-topten10.goodwearmall.com,false,,탑텐,,,,,https://topten10.goodwearmall.com/product/MSG5UL1222BK/detail,남성) COOL Air 브이넥 메쉬 탱크,,,https://display-topten10.goodwearmall.com/goods/MSG5UL/MSG5UL1222BK_M.jpg,,,,,"₩12,900","₩15,900",18,,,,,260623,
display-topten10.goodwearmall.com,false,,탑텐,,,,,https://topten10.goodwearmall.com/product/MSG5US1221NV/detail,남성) COOL Air 크루넥 T (반팔),,,https://display-topten10.goodwearmall.com/goods/MSG5US/MSG5US1221NV_M.jpg,,,,,"₩12,900","₩15,900",18,,,,,260623,
display-topten10.goodwearmall.com,false,,탑텐,,,,,https://topten10.goodwearmall.com/product/MBG5TS1253DVL/detail,남성) 퀵드라이 그래픽 반팔 티,,,https://display-topten10.goodwearmall.com/goods/MBG5TS/MBG5TS1253DVL_M.jpg,,,,,"₩12,900","₩29,900",56,,,,,260623,
display-topten10.goodwearmall.com,false,,탑텐,,,,,https://topten10.goodwearmall.com/product/MSG5UL1221BK/detail,남성) COOL-AIR 크루넥 메쉬 탱크,,,https://display-topten10.goodwearmall.com/goods/MSG5UL/MSG5UL1221BK_M.jpg,,,,,"₩12,900","₩15,900",18,,,,,260623,
display-topten10.goodwearmall.com,false,,탑텐,,,,,https://topten10.goodwearmall.com/product/MSG5AY3100YGN/detail,공용) 립 삭스 (컬러),,,https://display-topten10.goodwearmall.com/goods/MSG5AY/MSG5AY3100YGN_M.jpg,,,,,"₩3,900","₩3,900",,,,,,260623,
display-topten10.goodwearmall.com,false,,탑텐,,,,,https://topten10.goodwearmall.com/product/MSG5AY3100BL/detail,공용) 립 삭스 (컬러),,,https://display-topten10.goodwearmall.com/goods/MSG5AY/MSG5AY3100BL_M.jpg,,,,,"₩3,900","₩3,900",,,,,,260623,
display-topten10.goodwearmall.com,false,,탑텐,,,,,https://topten10.goodwearmall.com/product/MSG5AY3100LYE/detail,공용) 립 삭스 (컬러),,,https://display-topten10.goodwearmall.com/goods/MSG5AY/MSG5AY3100LYE_M.jpg,,,,,"₩3,900","₩3,900",,,,,,260623,
display-topten10.goodwearmall.com,false,,탑텐,,,,,https://topten10.goodwearmall.com/product/MSG2WC1204KH/detail,남성) 크링클 풀오버 셔츠 (반팔),,,https://display-topten10.goodwearmall.com/goods/MSG2WC/MSG2WC1204KH_M.jpg,,,,,"₩39,900","₩39,900",,,,,,260623,
display-topten10.goodwearmall.com,false,,탑텐,,,,,https://topten10.goodwearmall.com/product/MBG5PP1040BK/detail,남성) 테크스트레치 조거 카고 팬츠,,,https://display-topten10.goodwearmall.com/goods/MBG5PP/MBG5PP1040BK_M.jpg,,,,,"₩39,900","₩59,900",33,,,,,260623,
display-topten10.goodwearmall.com,false,,탑텐,,,,,https://topten10.goodwearmall.com/product/MBG5PP1040SD/detail,남성) 테크스트레치 조거 카고 팬츠,,,https://display-topten10.goodwearmall.com/goods/MBG5PP/MBG5PP1040SD_M.jpg,,,,,"₩39,900","₩59,900",33,,,,,260623,
display-topten10.goodwearmall.com,false,,탑텐,,,,,https://topten10.goodwearmall.com/product/MSG5UP1003NV/detail,남성) 코튼 복서 브리프,,,https://display-topten10.goodwearmall.com/goods/MSG5UP/MSG5UP1003NV_M.jpg,,,,,"₩9,900","₩12,900",23,,,,,260623,
display-topten10.goodwearmall.com,false,,탑텐,,,,,https://topten10.goodwearmall.com/product/MSG3TH3503BK/detail,공용) 스쿠바 스웨트후디,,,https://display-topten10.goodwearmall.com/goods/MSG3TH/MSG3TH3503BK_M.jpg,,,,,"₩49,900","₩49,900",,,,,,260623,
display-topten10.goodwearmall.com,false,,탑텐,,,,,https://topten10.goodwearmall.com/product/MBG5AY3065WT/detail,공용) 앵클 삭스 (3PACK),,,https://display-topten10.goodwearmall.com/goods/MBG5AY/MBG5AY3065WT_M.jpg,,,,,"₩7,900","₩9,900",20,,,,,260623,
display-topten10.goodwearmall.com,false,,탑텐,,,,,https://topten10.goodwearmall.com/product/MSG3TS1001LGR/detail,남성) COOL Air 코튼 더블니트 그래픽 T,,,https://display-topten10.goodwearmall.com/goods/MSG3TS/MSG3TS1001LGR_M.jpg,,,,,"₩39,900","₩39,900",,,,,,260623,
display-topten10.goodwearmall.com,false,,탑텐,,,,,https://topten10.goodwearmall.com/product/MSG2WC3001MBL/detail,공용) 오버핏 셔츠,,,https://display-topten10.goodwearmall.com/goods/MSG2WC/MSG2WC3001MBL_M.jpg,,,,,"₩29,900","₩49,900",40,,,,,260623,
display-topten10.goodwearmall.com,false,,탑텐,,,,,https://topten10.goodwearmall.com/product/MSG2KG1002BK/detail,남성) 데님 트러커 재킷,,,https://display-topten10.goodwearmall.com/goods/MSG2KG/MSG2KG1002BK_M.jpg,,,,,"₩29,900","₩79,900",62,,,,,260623,
display-topten10.goodwearmall.com,false,,탑텐,,,,,https://topten10.goodwearmall.com/product/MSG5WD1011WWT/detail,남성) 이지케어 스트레치 스마트 셔츠,,,https://display-topten10.goodwearmall.com/goods/MSG5WD/MSG5WD1011WWT_M.jpg,,,,,"₩29,900","₩39,900",25,,,,,260623,
display-topten10.goodwearmall.com,false,,탑텐,,,,,https://topten10.goodwearmall.com/product/MSG2TT3002SKP/detail,공용) COOL Air 코튼 더블니트 폴로 (스트라이프),,,https://display-topten10.goodwearmall.com/goods/MSG2TT/MSG2TT3002SKP_M.jpg,,,,,"₩29,900","₩39,900",25,,,,,260623,
display-topten10.goodwearmall.com,false,,탑텐,,,,,https://topten10.goodwearmall.com/product/MSG2WC3001SBL/detail,공용) 오버핏 셔츠,,,https://display-topten10.goodwearmall.com/goods/MSG2WC/MSG2WC3001SBL_M.jpg,,,,,"₩29,900","₩49,900",40,,,,,260623,
display-topten10.goodwearmall.com,false,,탑텐,,,,,https://topten10.goodwearmall.com/product/MBG5AC3002CR/detail,공용) 와이드 버킷햇,,,https://display-topten10.goodwearmall.com/goods/MBG5AC/MBG5AC3002CR_M.jpg,,,,,"₩29,900","₩39,900",25,,,,,260623,
display-topten10.goodwearmall.com,false,,탑텐,,,,,https://topten10.goodwearmall.com/product/MBG5PT1905MGR/detail,남성) 스쿠바 버뮤다 쇼츠,,,https://display-topten10.goodwearmall.com/goods/MBG5PT/MBG5PT1905MGR_M.jpg,,,,,"₩29,900","₩39,900",25,,,,,260623,
display-topten10.goodwearmall.com,false,,탑텐,,,,,https://topten10.goodwearmall.com/product/MSG5TS3502IVP/detail,공용) COOL Air 코튼 더블니트 T (긴팔),,,https://display-topten10.goodwearmall.com/goods/MSG5TS/MSG5TS3502IVP_M.jpg,,,,,"₩29,900","₩29,900",,,,,,260623,
display-topten10.goodwearmall.com,false,,탑텐,,,,,https://topten10.goodwearmall.com/product/MSG2WC3001GR/detail,공용) 오버핏 셔츠,,,https://display-topten10.goodwearmall.com/goods/MSG2WC/MSG2WC3001GR_M.jpg,,,,,"₩29,900","₩49,900",40,,,,,260623,
display-topten10.goodwearmall.com,false,,탑텐,,,,,https://topten10.goodwearmall.com/product/MSG2WC3001PK/detail,공용) 오버핏 셔츠,,,https://display-topten10.goodwearmall.com/goods/MSG2WC/MSG2WC3001PK_M.jpg,,,,,"₩29,900","₩49,900",40,,,,,260623,
display-topten10.goodwearmall.com,false,,탑텐,,,,,https://topten10.goodwearmall.com/product/MSG5AY3100LPK/detail,공용) 립 삭스 (컬러),,,https://display-topten10.goodwearmall.com/goods/MSG5AY/MSG5AY3100LPK_M.jpg,,,,,"₩3,900","₩3,900",,,,,,260623,
display-topten10.goodwearmall.com,false,,탑텐,,,,,https://topten10.goodwearmall.com/product/MSG5AY3100BEP/detail,공용) 립 삭스 (컬러),,,https://display-topten10.goodwearmall.com/goods/MSG5AY/MSG5AY3100BEP_M.jpg,,,,,"₩3,900","₩3,900",,,,,,260623,
display-topten10.goodwearmall.com,false,,탑텐,,,,,https://topten10.goodwearmall.com/product/MSG5AC3021LBK/detail,공용) 코튼 버킷햇,,,https://display-topten10.goodwearmall.com/goods/MSG5AC/MSG5AC3021LBK_M.jpg,,,,,"₩25,900","₩29,900",13,,,,,260623,
display-topten10.goodwearmall.com,false,,탑텐,,,,,https://topten10.goodwearmall.com/product/MSG5PT1380KH/detail,남성) 투인원 쇼츠,,,https://display-topten10.goodwearmall.com/goods/MSG5PT/MSG5PT1380KH_M.jpg,,,,,"₩25,900","₩39,900",35,,,,,260623,
display-topten10.goodwearmall.com,false,,탑텐,,,,,https://topten10.goodwearmall.com/product/MBG5PT1257OL/detail,남성) 수퍼스트레치 카고 투웨이 팬츠,,,https://display-topten10.goodwearmall.com/goods/MBG5PT/MBG5PT1257OL_M.jpg,,,,,"₩25,900","₩59,900",56,,,,,260623,
display-topten10.goodwearmall.com,false,,탑텐,,,,,https://topten10.goodwearmall.com/product/MSG5AB3011DEP/detail,공용) 라운드 크로스백,,,https://display-topten10.goodwearmall.com/goods/MSG5AB/MSG5AB3011DEP_M.jpg,,,,,"₩25,900","₩29,900",13,,,,,260623,
display-topten10.goodwearmall.com,false,,탑텐,,,,,https://topten10.goodwearmall.com/product/MSG2PT1903LGR/detail,남성) 테리 턱 버뮤다 스웨트쇼츠,,,https://display-topten10.goodwearmall.com/goods/MSG2PT/MSG2PT1903LGR_M.jpg,,,,,"₩25,900","₩29,900",13,,,,,260623,
display-topten10.goodwearmall.com,false,,탑텐,,,,,https://topten10.goodwearmall.com/product/MSG5AB3011IVP/detail,공용) 라운드 크로스백,,,https://display-topten10.goodwearmall.com/goods/MSG5AB/MSG5AB3011IVP_M.jpg,,,,,"₩25,900","₩29,900",13,,,,,260623,
display-topten10.goodwearmall.com,false,,탑텐,,,,,https://topten10.goodwearmall.com/product/MSG3TS1204IV/detail,남성) 와플 크루넥 T (반팔),,,https://display-topten10.goodwearmall.com/goods/MSG3TS/MSG3TS1204IV_M.jpg,,,,,"₩25,900","₩29,900",13,,,,,260623,
display-topten10.goodwearmall.com,false,,탑텐,,,,,https://topten10.goodwearmall.com/product/MSG3TS1204BR/detail,남성) 와플 크루넥 T (반팔),,,https://display-topten10.goodwearmall.com/goods/MSG3TS/MSG3TS1204BR_M.jpg,,,,,"₩25,900","₩29,900",13,,,,,260623,
display-topten10.goodwearmall.com,false,,탑텐,,,,,https://topten10.goodwearmall.com/product/MSG5AB3012NV/detail,공용) 스퀘어 포켓 크로스백,,,https://display-topten10.goodwearmall.com/goods/MSG5AB/MSG5AB3012NV_M.jpg,,,,,"₩25,900","₩29,900",13,,,,,260623,
display-topten10.goodwearmall.com,false,,탑텐,,,,,https://topten10.goodwearmall.com/product/MSG3TS3501NVP/detail,공용) 코튼 크루넥 T (긴팔 스트라이프),,,https://display-topten10.goodwearmall.com/goods/MSG3TS/MSG3TS3501NVP_M.jpg,,,,,"₩25,900","₩29,900",13,,,,,260623,
display-topten10.goodwearmall.com,false,,탑텐,,,,,https://topten10.goodwearmall.com/product/MSG5AC3017DGR/detail,공용) 피그먼트 볼캡,,,https://display-topten10.goodwearmall.com/goods/MSG5AC/MSG5AC3017DGR_M.jpg,,,,,"₩25,900","₩29,900",13,,,,,260623,
display-topten10.goodwearmall.com,false,,탑텐,,,,,https://topten10.goodwearmall.com/product/MBG5AC3002LBE/detail,공용) 와이드 버킷햇,,,https://display-topten10.goodwearmall.com/goods/MBG5AC/MBG5AC3002LBE_M.jpg,,,,,"₩29,900","₩39,900",25,,,,,260623,
display-topten10.goodwearmall.com,false,,탑텐,,,,,https://topten10.goodwearmall.com/product/MSG3TS3294MBE/detail,공용) [펠릭스 더 캣] 코튼 그래픽 T,,,https://display-topten10.goodwearmall.com/goods/MSG3TS/MSG3TS3294MBE_M.jpg,,,,,"₩25,900","₩29,900",13,,,,,260623,
display-topten10.goodwearmall.com,false,,탑텐,,,,,https://topten10.goodwearmall.com/product/MSG2UG3001MIP/detail,공용) 소프트 시어서커 라운지 팬츠,,,https://display-topten10.goodwearmall.com/goods/MSG2UG/MSG2UG3001MIP_M.jpg,,,,,"₩25,900","₩29,900",13,,,,,260623,
display-topten10.goodwearmall.com,false,,탑텐,,,,,https://topten10.goodwearmall.com/product/MSG5AB3011LBP/detail,공용) 라운드 크로스백,,,https://display-topten10.goodwearmall.com/goods/MSG5AB/MSG5AB3011LBP_M.jpg,,,,,"₩25,900","₩29,900",13,,,,,260623,
display-topten10.goodwearmall.com,false,,탑텐,,,,,https://topten10.goodwearmall.com/product/MSG5AB3005GR/detail,공용) 투웨이 토트백,,,https://display-topten10.goodwearmall.com/goods/MSG5AB/MSG5AB3005GR_M.jpg,,,,,"₩25,900","₩49,900",48,,,,,260623,
display-topten10.goodwearmall.com,false,,탑텐,,,,,https://topten10.goodwearmall.com/product/MSG5WC1901BR/detail,남성) 옥스포드 버튼다운 셔츠,,,https://display-topten10.goodwearmall.com/goods/MSG5WC/MSG5WC1901BR_M.jpg,,,,,"₩19,900","₩39,900",50,,,,,260623,
display-topten10.goodwearmall.com,false,,탑텐,,,,,https://topten10.goodwearmall.com/product/MBG5PT1256LBE/detail,남성) 수퍼스트레치 조거 팬츠,,,https://display-topten10.goodwearmall.com/goods/MBG5PT/MBG5PT1256LBE_M.jpg,,,,,"₩19,900","₩39,900",50,,,,,260623,
display-topten10.goodwearmall.com,false,,탑텐,,,,,https://topten10.goodwearmall.com/product/MSG5TS3701WT/detail,공용) 소프트 브러시드 크루넥 T (긴팔),,,https://display-topten10.goodwearmall.com/goods/MSG5TS/MSG5TS3701WT_M.jpg,,,,,"₩19,900","₩29,900",33,,,,,260623,
display-topten10.goodwearmall.com,false,,탑텐,,,,,https://topten10.goodwearmall.com/product/MSG5PT1289DCH/detail,남성) 수퍼스트레치 쇼츠,,,https://display-topten10.goodwearmall.com/goods/MSG5PT/MSG5PT1289DCH_M.jpg,,,,,"₩19,900","₩29,900",33,,,,,260623,
display-topten10.goodwearmall.com,false,,탑텐,,,,,https://topten10.goodwearmall.com/product/MSG5PT1904BK/detail,남성) 테리 스트레이트 스웨트팬츠,,,https://display-topten10.goodwearmall.com/goods/MSG5PT/MSG5PT1904BK_M.jpg,,,,,"₩19,900","₩39,900",50,,,,,260623,
display-topten10.goodwearmall.com,false,,탑텐,,,,,https://topten10.goodwearmall.com/product/MSG5PT1904MGR/detail,남성) 테리 스트레이트 스웨트팬츠,,,https://display-topten10.goodwearmall.com/goods/MSG5PT/MSG5PT1904MGR_M.jpg,,,,,"₩19,900","₩39,900",50,,,,,260623,
display-topten10.goodwearmall.com,false,,탑텐,,,,,https://topten10.goodwearmall.com/product/MSG2PH1201LRD/detail,남성) 코튼 이지 쇼츠,,,https://display-topten10.goodwearmall.com/goods/MSG2PH/MSG2PH1201LRD_M.jpg,,,,,"₩19,900","₩29,900",33,,,,,260623,
display-topten10.goodwearmall.com,false,,탑텐,,,,,https://topten10.goodwearmall.com/product/MSG2WC1911NV/detail,남성) 옥스포드 버튼다운 셔츠,,,https://display-topten10.goodwearmall.com/goods/MSG2WC/MSG2WC1911NV_M.jpg,,,,,"₩19,900","₩39,900",50,,,,,260623,
display-topten10.goodwearmall.com,false,,탑텐,,,,,https://topten10.goodwearmall.com/product/MBG5TS1001WT/detail,남성) 액티브 T (반팔),,,https://display-topten10.goodwearmall.com/goods/MBG5TS/MBG5TS1001WT_M.jpg,,,,,"₩19,900","₩25,900",23,,,,,260623,
display-topten10.goodwearmall.com,false,,탑텐,,,,,https://topten10.goodwearmall.com/product/MSG5AC3011GN/detail,공용) 볼캡,,,https://display-topten10.goodwearmall.com/goods/MSG5AC/MSG5AC3011GN_M.jpg,,,,,"₩19,900","₩19,900",,,,,,260623,
display-topten10.goodwearmall.com,false,,탑텐,,,,,https://topten10.goodwearmall.com/product/MSG5PT1289BR/detail,남성) 수퍼스트레치 쇼츠,,,https://display-topten10.goodwearmall.com/goods/MSG5PT/MSG5PT1289BR_M.jpg,,,,,"₩19,900","₩29,900",33,,,,,260623,
display-topten10.goodwearmall.com,false,,탑텐,,,,,https://topten10.goodwearmall.com/product/MBG5TC1250CH/detail,남성) 스웨이드 터치 후드집업,,,https://display-topten10.goodwearmall.com/goods/MBG5TC/MBG5TC1250CH_M.jpg,,,,,"₩19,900","₩69,900",71,,,,,260623,
display-topten10.goodwearmall.com,false,,탑텐,,,,,https://topten10.goodwearmall.com/product/MSG2PH1204NVP/detail,남성) COOL 텍스쳐드 이지 쇼츠,,,https://display-topten10.goodwearmall.com/goods/MSG2PH/MSG2PH1204NVP_M.jpg,,,,,"₩19,900","₩29,900",33,,,,,260623,
display-topten10.goodwearmall.com,false,,탑텐,,,,,https://topten10.goodwearmall.com/product/MBG5TC1250CGR/detail,남성) 스웨이드 터치 후드집업,,,https://display-topten10.goodwearmall.com/goods/MBG5TC/MBG5TC1250CGR_M.jpg,,,,,"₩19,900","₩69,900",71,,,,,260623,
display-topten10.goodwearmall.com,false,,탑텐,,,,,https://topten10.goodwearmall.com/product/MBG5PT1253GNV/detail,남성) 수퍼스트레치 쇼츠,,,https://display-topten10.goodwearmall.com/goods/MBG5PT/MBG5PT1253GNV_M.jpg,,,,,"₩19,900","₩29,900",33,,,,,260623,
display-topten10.goodwearmall.com,false,,탑텐,,,,,https://topten10.goodwearmall.com/product/MSG2PH1205BG/detail,남성) COOL 나일론 이지 쇼츠,,,https://display-topten10.goodwearmall.com/goods/MSG2PH/MSG2PH1205BG_M.jpg,,,,,"₩19,900","₩29,900",33,,,,,260623,
display-topten10.goodwearmall.com,false,,탑텐,,,,,https://topten10.goodwearmall.com/product/MSG5AC3011WT/detail,공용) 볼캡,,,https://display-topten10.goodwearmall.com/goods/MSG5AC/MSG5AC3011WT_M.jpg,,,,,"₩19,900","₩19,900",,,,,,260623,
display-topten10.goodwearmall.com,false,,탑텐,,,,,https://topten10.goodwearmall.com/product/MBG5PT1253LBE/detail,남성) 수퍼스트레치 쇼츠,,,https://display-topten10.goodwearmall.com/goods/MBG5PT/MBG5PT1253LBE_M.jpg,,,,,"₩19,900","₩29,900",33,,,,,260623,
display-topten10.goodwearmall.com,false,,탑텐,,,,,https://topten10.goodwearmall.com/product/MSG5TS1581BE/detail,남성) 퀵드라이 T,,,https://display-topten10.goodwearmall.com/goods/MSG5TS/MSG5TS1581BE_M.jpg,,,,,"₩15,900","₩19,900",20,,,,,260623,
display-topten10.goodwearmall.com,false,,탑텐,,,,,https://topten10.goodwearmall.com/product/MBG5TS1252KH/detail,남성) 퀵드라이 반팔 티,,,https://display-topten10.goodwearmall.com/goods/MBG5TS/MBG5TS1252KH_M.jpg,,,,,"₩12,900","₩29,900",56,,,,,260623,
display-topten10.goodwearmall.com,false,,탑텐,,,,,https://topten10.goodwearmall.com/product/MSG5UP1012CH/detail,남성) COOL Air 퓨징 심리스 메쉬 복서브리프,,,https://display-topten10.goodwearmall.com/goods/MSG5UP/MSG5UP1012CH_M.jpg,,,,,"₩12,900","₩15,900",18,,,,,260623,
display-topten10.goodwearmall.com,false,,탑텐,,,,,https://topten10.goodwearmall.com/product/MBG5AY3064BK/detail,공용) 스포츠 삭스 (3PACK),,,https://display-topten10.goodwearmall.com/goods/MBG5AY/MBG5AY3064BK_M.jpg,,,,,"₩7,900","₩9,900",20,,,,,260623,
display-topten10.goodwearmall.com,false,,탑텐,,,,,https://topten10.goodwearmall.com/product/MSG5AY3101WT/detail,공용) 앵클 삭스,,,https://display-topten10.goodwearmall.com/goods/MSG5AY/MSG5AY3101WT_M.jpg,,,,,"₩3,900","₩3,900",,,,,,260623,
display-topten10.goodwearmall.com,false,,탑텐,,,,,https://topten10.goodwearmall.com/product/MSG5AY3101OR/detail,공용) 앵클 삭스,,,https://display-topten10.goodwearmall.com/goods/MSG5AY/MSG5AY3101OR_M.jpg,,,,,"₩3,900","₩3,900",,,,,,260623,
display-topten10.goodwearmall.com,false,,탑텐,,,,,https://topten10.goodwearmall.com/product/MSG5AY3100LRD/detail,공용) 립 삭스 (컬러),,,https://display-topten10.goodwearmall.com/goods/MSG5AY/MSG5AY3100LRD_M.jpg,,,,,"₩3,900","₩3,900",,,,,,260623,
display-topten10.goodwearmall.com,false,,탑텐,,,,,https://topten10.goodwearmall.com/product/MSG5AY3002MGR/detail,공용) 소프트 삭스,,,https://display-topten10.goodwearmall.com/goods/MSG5AY/MSG5AY3002MGR_M.jpg,,,,,"₩3,900","₩3,900",,,,,,260623,
display-topten10.goodwearmall.com,false,,탑텐,,,,,https://topten10.goodwearmall.com/product/MSG5AY3100DOR/detail,공용) 립 삭스 (컬러),,,https://display-topten10.goodwearmall.com/goods/MSG5AY/MSG5AY3100DOR_M.jpg,,,,,"₩3,900","₩3,900",,,,,,260623,
display-topten10.goodwearmall.com,false,,탑텐,,,,,https://topten10.goodwearmall.com/product/MSG5AY3100DBG/detail,공용) 립 삭스 (컬러),,,https://display-topten10.goodwearmall.com/goods/MSG5AY/MSG5AY3100DBG_M.jpg,,,,,"₩3,900","₩3,900",,,,,,260623,
display-topten10.goodwearmall.com,false,,탑텐,,,,,https://topten10.goodwearmall.com/product/MBG5TR1290BK/detail,남성) 테리 오버핏 맨투맨,,,https://display-topten10.goodwearmall.com/goods/MBG5TR/MBG5TR1290BK_M.jpg,,,,,"₩19,900","₩49,900",60,,,,,260623,
display-topten10.goodwearmall.com,false,,탑텐,,,,,https://topten10.goodwearmall.com/product/MSH5UP1001BGN/detail,남성) 퍼포먼스 복서 브리프(3PACK),,,https://display-topten10.goodwearmall.com/goods/MSH5UP/MSH5UP1001BGN_M.jpg,,,,,"₩29,900","₩29,900",,,,,,260623,
display-topten10.goodwearmall.com,false,,탑텐,,,,,https://topten10.goodwearmall.com/product/MBG5TL1212CH/detail,남성) 퀵드라이 그래픽 탱크탑,,,https://display-topten10.goodwearmall.com/goods/MBG5TL/MBG5TL1212CH_M.jpg,,,,,"₩19,900","₩25,900",23,,,,,260623,
display-topten10.goodwearmall.com,false,,탑텐,,,,,https://topten10.goodwearmall.com/product/MSG2WC3001SIV/detail,공용) 오버핏 셔츠,,,https://display-topten10.goodwearmall.com/goods/MSG2WC/MSG2WC3001SIV_M.jpg,,,,,"₩29,900","₩49,900",40,,,,,260623,
display-topten10.goodwearmall.com,false,,탑텐,,,,,https://topten10.goodwearmall.com/product/MSG5AB3003KH/detail,공용) 라운드 크로스백,,,https://display-topten10.goodwearmall.com/goods/MSG5AB/MSG5AB3003KH_M.jpg,,,,,"₩25,900","₩29,900",13,,,,,260623,
display-topten10.goodwearmall.com,false,,탑텐,,,,,https://topten10.goodwearmall.com/product/MSG5TS3702WT/detail,공용) COOL Air 코튼 더블니트 T (긴팔),,,https://display-topten10.goodwearmall.com/goods/MSG5TS/MSG5TS3702WT_M.jpg,,,,,"₩19,900","₩29,900",33,,,,,260623,
display-topten10.goodwearmall.com,false,,탑텐,,,,,https://topten10.goodwearmall.com/product/MSG5TS3702DMT/detail,공용) COOL Air 코튼 더블니트 T (긴팔),,,https://display-topten10.goodwearmall.com/goods/MSG5TS/MSG5TS3702DMT_M.jpg,,,,,"₩19,900","₩29,900",33,,,,,260623,
display-topten10.goodwearmall.com,false,,탑텐,,,,,https://topten10.goodwearmall.com/product/MSG5TS3502BLP/detail,공용) COOL Air 코튼 더블니트 T (긴팔),,,https://display-topten10.goodwearmall.com/goods/MSG5TS/MSG5TS3502BLP_M.jpg,,,,,"₩29,900","₩29,900",,,,,,260623,
display-topten10.goodwearmall.com,false,,탑텐,,,,,https://topten10.goodwearmall.com/product/MSG2TS3008BK/detail,공용) [마인드어데이 커버캣] 코튼 크루넥 T (반팔),,,https://display-topten10.goodwearmall.com/goods/MSG2TS/MSG2TS3008BK_M.jpg,,,,,"₩15,900","₩29,900",46,,,,,260623,
display-topten10.goodwearmall.com,false,,탑텐,,,,,https://topten10.goodwearmall.com/product/MSG3TS3292BR/detail,공용) [분노의 질주] 코튼 그래픽 T,,,https://display-topten10.goodwearmall.com/goods/MSG3TS/MSG3TS3292BR_M.jpg,,,,,"₩25,900","₩29,900",13,,,,,260623,
display-topten10.goodwearmall.com,false,,탑텐,,,,,https://topten10.goodwearmall.com/product/MSG5AC3022NVP/detail,공용) 니트 버킷햇,,,https://display-topten10.goodwearmall.com/goods/MSG5AC/MSG5AC3022NVP_M.jpg,,,,,"₩19,900","₩19,900",,,,,,260623,
display-topten10.goodwearmall.com,false,,탑텐,,,,,https://topten10.goodwearmall.com/product/MSG5AC3022IV/detail,공용) 니트 버킷햇,,,https://display-topten10.goodwearmall.com/goods/MSG5AC/MSG5AC3022IV_M.jpg,,,,,"₩19,900","₩19,900",,,,,,260623,
display-topten10.goodwearmall.com,false,,탑텐,,,,,https://topten10.goodwearmall.com/product/MSG5AC3022BE/detail,공용) 니트 버킷햇,,,https://display-topten10.goodwearmall.com/goods/MSG5AC/MSG5AC3022BE_M.jpg,,,,,"₩19,900","₩19,900",,,,,,260623,
display-topten10.goodwearmall.com,false,,탑텐,,,,,https://topten10.goodwearmall.com/product/MSG5AB3011BKP/detail,공용) 라운드 크로스백,,,https://display-topten10.goodwearmall.com/goods/MSG5AB/MSG5AB3011BKP_M.jpg,,,,,"₩25,900","₩29,900",13,,,,,260623,
display-topten10.goodwearmall.com,false,,탑텐,,,,,https://topten10.goodwearmall.com/product/MSG5AB3011BK/detail,공용) 라운드 크로스백,,,https://display-topten10.goodwearmall.com/goods/MSG5AB/MSG5AB3011BK_M.jpg,,,,,"₩25,900","₩29,900",13,,,,,260623,
display-topten10.goodwearmall.com,false,,탑텐,,,,,https://topten10.goodwearmall.com/product/MSG5AB3003LBK/detail,공용) 라운드 크로스백,,,https://display-topten10.goodwearmall.com/goods/MSG5AB/MSG5AB3003LBK_M.jpg,,,,,"₩25,900","₩29,900",13,,,,,260623,
display-topten10.goodwearmall.com,false,,탑텐,,,,,https://topten10.goodwearmall.com/product/MSG5AB3003ECP/detail,공용) 라운드 크로스백,,,https://display-topten10.goodwearmall.com/goods/MSG5AB/MSG5AB3003ECP_M.jpg,,,,,"₩25,900","₩29,900",13,,,,,260623,
display-topten10.goodwearmall.com,false,,탑텐,,,,,https://topten10.goodwearmall.com/product/MSG5AB3003EC/detail,공용) 라운드 크로스백,,,https://display-topten10.goodwearmall.com/goods/MSG5AB/MSG5AB3003EC_M.jpg,,,,,"₩25,900","₩29,900",13,,,,,260623,
display-topten10.goodwearmall.com,false,,탑텐,,,,,https://topten10.goodwearmall.com/product/MSG5AY3100NV/detail,공용) 립 삭스 (컬러),,,https://display-topten10.goodwearmall.com/goods/MSG5AY/MSG5AY3100NV_M.jpg,,,,,"₩3,900","₩3,900",,,,,,260623,
display-topten10.goodwearmall.com,false,,탑텐,,,,,https://topten10.goodwearmall.com/product/MSG5AY3100DGR/detail,공용) 립 삭스 (컬러),,,https://display-topten10.goodwearmall.com/goods/MSG5AY/MSG5AY3100DGR_M.jpg,,,,,"₩3,900","₩3,900",,,,,,260623,
display-topten10.goodwearmall.com,false,,탑텐,,,,,https://topten10.goodwearmall.com/product/MSG5AY3100DGN/detail,공용) 립 삭스 (컬러),,,https://display-topten10.goodwearmall.com/goods/MSG5AY/MSG5AY3100DGN_M.jpg,,,,,"₩3,900","₩3,900",,,,,,260623,
display-topten10.goodwearmall.com,false,,탑텐,,,,,https://topten10.goodwearmall.com/product/MSG5AY3100BR/detail,공용) 립 삭스 (컬러),,,https://display-topten10.goodwearmall.com/goods/MSG5AY/MSG5AY3100BR_M.jpg,,,,,"₩3,900","₩3,900",,,,,,260623,
display-topten10.goodwearmall.com,false,,탑텐,,,,,https://topten10.goodwearmall.com/product/MSG5AC3011LPK/detail,공용) 볼캡,,,https://display-topten10.goodwearmall.com/goods/MSG5AC/MSG5AC3011LPK_M.jpg,,,,,"₩19,900","₩19,900",,,,,,260623,
display-topten10.goodwearmall.com,false,,탑텐,,,,,https://topten10.goodwearmall.com/product/MSG5AC3011LGR/detail,공용) 볼캡,,,https://display-topten10.goodwearmall.com/goods/MSG5AC/MSG5AC3011LGR_M.jpg,,,,,"₩19,900","₩19,900",,,,,,260623,
display-topten10.goodwearmall.com,false,,탑텐,,,,,https://topten10.goodwearmall.com/product/MSG5AC3011LBE/detail,공용) 볼캡,,,https://display-topten10.goodwearmall.com/goods/MSG5AC/MSG5AC3011LBE_M.jpg,,,,,"₩19,900","₩19,900",,,,,,260623,
display-topten10.goodwearmall.com,false,,탑텐,,,,,https://topten10.goodwearmall.com/product/MSG5AC3011BKP/detail,공용) 볼캡,,,https://display-topten10.goodwearmall.com/goods/MSG5AC/MSG5AC3011BKP_M.jpg,,,,,"₩19,900","₩19,900",,,,,,260623,
display-topten10.goodwearmall.com,false,,탑텐,,,,,https://topten10.goodwearmall.com/product/MSG5AC3013SBL/detail,공용) 볼캡 (배색),,,https://display-topten10.goodwearmall.com/goods/MSG5AC/MSG5AC3013SBL_M.jpg,,,,,"₩19,900","₩19,900",,,,,,260623,
display-topten10.goodwearmall.com,false,,탑텐,,,,,https://topten10.goodwearmall.com/product/MSG5AC3013KH/detail,공용) 볼캡 (배색),,,https://display-topten10.goodwearmall.com/goods/MSG5AC/MSG5AC3013KH_M.jpg,,,,,"₩19,900","₩19,900",,,,,,260623,
display-topten10.goodwearmall.com,false,,탑텐,,,,,https://topten10.goodwearmall.com/product/MSG5AC3013CR/detail,공용) 볼캡 (배색),,,https://display-topten10.goodwearmall.com/goods/MSG5AC/MSG5AC3013CR_M.jpg,,,,,"₩19,900","₩19,900",,,,,,260623,
display-topten10.goodwearmall.com,false,,탑텐,,,,,https://topten10.goodwearmall.com/product/MSG5TS3701MGR/detail,공용) 소프트 브러시드 크루넥 T (긴팔),,,https://display-topten10.goodwearmall.com/goods/MSG5TS/MSG5TS3701MGR_M.jpg,,,,,"₩19,900","₩29,900",33,,,,,260623,
display-topten10.goodwearmall.com,false,,탑텐,,,,,https://topten10.goodwearmall.com/product/MSG5TS3701BL/detail,공용) 소프트 브러시드 크루넥 T (긴팔),,,https://display-topten10.goodwearmall.com/goods/MSG5TS/MSG5TS3701BL_M.jpg,,,,,"₩19,900","₩29,900",33,,,,,260623,
display-topten10.goodwearmall.com,false,,탑텐,,,,,https://topten10.goodwearmall.com/product/MSG2TS3005BLP/detail,공용) 소프트 코튼 크루넥 T (스트라이프),,,https://display-topten10.goodwearmall.com/goods/MSG2TS/MSG2TS3005BLP_M.jpg,,,,,"₩25,900","₩29,900",13,,,,,260623,
display-topten10.goodwearmall.com,false,,탑텐,,,,,https://topten10.goodwearmall.com/product/MSG3TR3502MGR/detail,공용) 스쿠바 스웨트셔츠,,,https://display-topten10.goodwearmall.com/goods/MSG3TR/MSG3TR3502MGR_M.jpg,,,,,"₩39,900","₩39,900",,,,,,260623,
display-topten10.goodwearmall.com,false,,탑텐,,,,,https://topten10.goodwearmall.com/product/MSG3TR3502GNY/detail,공용) 스쿠바 스웨트셔츠,,,https://display-topten10.goodwearmall.com/goods/MSG3TR/MSG3TR3502GNY_M.jpg,,,,,"₩39,900","₩39,900",,,,,,260623,
display-topten10.goodwearmall.com,false,,탑텐,,,,,https://topten10.goodwearmall.com/product/MSG3TR3502BR/detail,공용) 스쿠바 스웨트셔츠,,,https://display-topten10.goodwearmall.com/goods/MSG3TR/MSG3TR3502BR_M.jpg,,,,,"₩39,900","₩39,900",,,,,,260623,
display-topten10.goodwearmall.com,false,,탑텐,,,,,https://topten10.goodwearmall.com/product/MSG3TR3502BK/detail,공용) 스쿠바 스웨트셔츠,,,https://display-topten10.goodwearmall.com/goods/MSG3TR/MSG3TR3502BK_M.jpg,,,,,"₩39,900","₩39,900",,,,,,260623,
display-topten10.goodwearmall.com,false,,탑텐,,,,,https://topten10.goodwearmall.com/product/MBG5TR3901BG/detail,공용) 스쿠바 스웨트셔츠,,,https://display-topten10.goodwearmall.com/goods/MBG5TR/MBG5TR3901BG_M.jpg,,,,,"₩15,900","₩39,900",60,,,,,260623,
display-topten10.goodwearmall.com,false,,탑텐,,,,,https://topten10.goodwearmall.com/product/MSG3TH3503CH/detail,공용) 스쿠바 스웨트후디,,,https://display-topten10.goodwearmall.com/goods/MSG3TH/MSG3TH3503CH_M.jpg,,,,,"₩49,900","₩49,900",,,,,,260623,
display-topten10.goodwearmall.com,false,,탑텐,,,,,https://topten10.goodwearmall.com/product/MSG4WC3500WT/detail,공용) 오버핏 셔츠,,,https://display-topten10.goodwearmall.com/goods/MSG4WC/MSG4WC3500WT_M.jpg,,,,,"₩49,900","₩49,900",,,,,,260623,
display-topten10.goodwearmall.com,false,,탑텐,,,,,https://topten10.goodwearmall.com/product/MSG4WC3500GR/detail,공용) 오버핏 셔츠,,,https://display-topten10.goodwearmall.com/goods/MSG4WC/MSG4WC3500GR_M.jpg,,,,,"₩49,900","₩49,900",,,,,,260623,
display-topten10.goodwearmall.com,false,,탑텐,,,,,https://topten10.goodwearmall.com/product/MSG4WC3500CNV/detail,공용) 오버핏 셔츠,,,https://display-topten10.goodwearmall.com/goods/MSG4WC/MSG4WC3500CNV_M.jpg,,,,,"₩49,900","₩49,900",,,,,,260623,
display-topten10.goodwearmall.com,false,,탑텐,,,,,https://topten10.goodwearmall.com/product/MSG5WC3901OL/detail,공용) 옥스포드 오버핏 셔츠,,,https://display-topten10.goodwearmall.com/goods/MSG5WC/MSG5WC3901OL_M.jpg,,,,,"₩29,900","₩49,900",40,,,,,260623,
display-topten10.goodwearmall.com,false,,탑텐,,,,,https://topten10.goodwearmall.com/product/MBG5AC3002NV/detail,공용) 와이드 버킷햇,,,https://display-topten10.goodwearmall.com/goods/MBG5AC/MBG5AC3002NV_M.jpg,,,,,"₩29,900","₩39,900",25,,,,,260623,
display-topten10.goodwearmall.com,false,,탑텐,,,,,https://topten10.goodwearmall.com/product/MSG5AC3002DNV/detail,공용) 코듀로이 그래픽 자수 볼캡,,,https://display-topten10.goodwearmall.com/goods/MSG5AC/MSG5AC3002DNV_M.jpg,,,,,"₩9,900","₩29,900",66,,,,,260623,
display-topten10.goodwearmall.com,false,,탑텐,,,,,https://topten10.goodwearmall.com/product/MSG5AC3002CR/detail,공용) 코듀로이 그래픽 자수 볼캡,,,https://display-topten10.goodwearmall.com/goods/MSG5AC/MSG5AC3002CR_M.jpg,,,,,"₩9,900","₩29,900",66,,,,,260623,
display-topten10.goodwearmall.com,false,,탑텐,,,,,https://topten10.goodwearmall.com/product/MSG5AC3021LBE/detail,공용) 코튼 버킷햇,,,https://display-topten10.goodwearmall.com/goods/MSG5AC/MSG5AC3021LBE_M.jpg,,,,,"₩25,900","₩29,900",13,,,,,260623,
display-topten10.goodwearmall.com,false,,탑텐,,,,,https://topten10.goodwearmall.com/product/MSG5AC3021DGR/detail,공용) 코튼 버킷햇,,,https://display-topten10.goodwearmall.com/goods/MSG5AC/MSG5AC3021DGR_M.jpg,,,,,"₩25,900","₩29,900",13,,,,,260623,
display-topten10.goodwearmall.com,false,,탑텐,,,,,https://topten10.goodwearmall.com/product/MSG5AC3021BK/detail,공용) 코튼 버킷햇,,,https://display-topten10.goodwearmall.com/goods/MSG5AC/MSG5AC3021BK_M.jpg,,,,,"₩25,900","₩29,900",13,,,,,260623,
display-topten10.goodwearmall.com,false,,탑텐,,,,,https://topten10.goodwearmall.com/product/MSG3TS3501BRP/detail,공용) 코튼 크루넥 T (긴팔 스트라이프),,,https://display-topten10.goodwearmall.com/goods/MSG3TS/MSG3TS3501BRP_M.jpg,,,,,"₩25,900","₩29,900",13,,,,,260623,
display-topten10.goodwearmall.com,false,,탑텐,,,,,https://topten10.goodwearmall.com/product/MSG3TC3201LKH/detail,공용) 텍스처드 브이넥 가디건,,,https://display-topten10.goodwearmall.com/goods/MSG3TC/MSG3TC3201LKH_M.jpg,,,,,"₩19,900","₩39,900",50,,,,,260623,
display-topten10.goodwearmall.com,false,,탑텐,,,,,https://topten10.goodwearmall.com/product/MSG5AB3006KH/detail,공용) 투포켓 크로스백,,,https://display-topten10.goodwearmall.com/goods/MSG5AB/MSG5AB3006KH_M.jpg,,,,,"₩25,900","₩29,900",13,,,,,260623,
display-topten10.goodwearmall.com,false,,탑텐,,,,,https://topten10.goodwearmall.com/product/MSG5AC3017RD/detail,공용) 피그먼트 볼캡,,,https://display-topten10.goodwearmall.com/goods/MSG5AC/MSG5AC3017RD_M.jpg,,,,,"₩25,900","₩29,900",13,,,,,260623,
display-topten10.goodwearmall.com,false,,탑텐,,,,,https://topten10.goodwearmall.com/product/MSG5AC3017OWT/detail,공용) 피그먼트 볼캡,,,https://display-topten10.goodwearmall.com/goods/MSG5AC/MSG5AC3017OWT_M.jpg,,,,,"₩25,900","₩29,900",13,,,,,260623,
display-topten10.goodwearmall.com,false,,탑텐,,,,,https://topten10.goodwearmall.com/product/MSG5AC3017DBL/detail,공용) 피그먼트 볼캡,,,https://display-topten10.goodwearmall.com/goods/MSG5AC/MSG5AC3017DBL_M.jpg,,,,,"₩25,900","₩29,900",13,,,,,260623,
display-topten10.goodwearmall.com,false,,탑텐,,,,,https://topten10.goodwearmall.com/product/MSG2KG1001CH/detail,남성) 2WAY 트러커 재킷,,,https://display-topten10.goodwearmall.com/goods/MSG2KG/MSG2KG1001CH_M.jpg,,,,,"₩49,900","₩79,900",37,,,,,260623,
display-topten10.goodwearmall.com,false,,탑텐,,,,,https://topten10.goodwearmall.com/product/MSG2TS1011LGR/detail,남성) COOL Air 코튼 그래픽 T (긴팔),,,https://display-topten10.goodwearmall.com/goods/MSG2TS/MSG2TS1011LGR_M.jpg,,,,,"₩29,900","₩39,900",25,,,,,260623,
display-topten10.goodwearmall.com,false,,탑텐,,,,,https://topten10.goodwearmall.com/product/MSG2TS1011GR/detail,남성) COOL Air 코튼 그래픽 T (긴팔),,,https://display-topten10.goodwearmall.com/goods/MSG2TS/MSG2TS1011GR_M.jpg,,,,,"₩29,900","₩39,900",25,,,,,260623,
display-topten10.goodwearmall.com,false,,탑텐,,,,,https://topten10.goodwearmall.com/product/MSG3TS1001CH/detail,남성) COOL Air 코튼 더블니트 그래픽 T,,,https://display-topten10.goodwearmall.com/goods/MSG3TS/MSG3TS1001CH_M.jpg,,,,,"₩39,900","₩39,900",,,,,,260623,
display-topten10.goodwearmall.com,false,,탑텐,,,,,https://topten10.goodwearmall.com/product/MSG3TS1001BK/detail,남성) COOL Air 코튼 더블니트 그래픽 T,,,https://display-topten10.goodwearmall.com/goods/MSG3TS/MSG3TS1001BK_M.jpg,,,,,"₩39,900","₩39,900",,,,,,260623,
display-topten10.goodwearmall.com,false,,탑텐,,,,,https://topten10.goodwearmall.com/product/MSG5US1221OWT/detail,남성) COOL Air 크루넥 T (반팔),,,https://display-topten10.goodwearmall.com/goods/MSG5US/MSG5US1221OWT_M.jpg,,,,,"₩12,900","₩15,900",18,,,,,260623,
display-topten10.goodwearmall.com,false,,탑텐,,,,,https://topten10.goodwearmall.com/product/MSG5US1223OWT/detail,남성) COOL Air 크루넥 메쉬 반팔T,,,https://display-topten10.goodwearmall.com/goods/MSG5US/MSG5US1223OWT_M.jpg,,,,,"₩12,900","₩15,900",18,,,,,260623,
display-topten10.goodwearmall.com,false,,탑텐,,,,,https://topten10.goodwearmall.com/product/MSG2DP1905LBK/detail,남성) COOL 와이드 데님,,,https://display-topten10.goodwearmall.com/goods/MSG2DP/MSG2DP1905LBK_M.jpg,,,,,"₩49,900","₩59,900",16,,,,,260623,
display-topten10.goodwearmall.com,false,,탑텐,,,,,https://topten10.goodwearmall.com/product/MSG1TR3001RD/detail,남성) [마인드어데이 커버캣] 콜라보 플리스 스웨트셔츠,,,https://display-topten10.goodwearmall.com/goods/MSG1TR/MSG1TR3001RD_M.jpg,,,,,"₩15,900","₩49,900",68,,,,,260623,
display-topten10.goodwearmall.com,false,,탑텐,,,,,https://topten10.goodwearmall.com/product/MSG5WD1003WT/detail,남성) 논 아이론 스트레치 스마트 셔츠,,,https://display-topten10.goodwearmall.com/goods/MSG5WD/MSG5WD1003WT_M.jpg,,,,,"₩29,900","₩39,900",25,,,,,260623,
display-topten10.goodwearmall.com,false,,탑텐,,,,,https://topten10.goodwearmall.com/product/MSG5WD1003NV/detail,남성) 논 아이론 스트레치 스마트 셔츠,,,https://display-topten10.goodwearmall.com/goods/MSG5WD/MSG5WD1003NV_M.jpg,,,,,"₩29,900","₩39,900",25,,,,,260623,
display-topten10.goodwearmall.com,false,,탑텐,,,,,https://topten10.goodwearmall.com/product/MSG5WD1003BL/detail,남성) 논 아이론 스트레치 스마트 셔츠,,,https://display-topten10.goodwearmall.com/goods/MSG5WD/MSG5WD1003BL_M.jpg,,,,,"₩29,900","₩39,900",25,,,,,260623,
display-topten10.goodwearmall.com,false,,탑텐,,,,,https://topten10.goodwearmall.com/product/MBG5PT1251MGR/detail,남성) 더블니트 스트레이트 팬츠,,,https://display-topten10.goodwearmall.com/goods/MBG5PT/MBG5PT1251MGR_M.jpg,,,,,"₩19,900","₩49,900",60,,,,,260623,
display-topten10.goodwearmall.com,false,,탑텐,,,,,https://topten10.goodwearmall.com/product/MBG5PT1251CH/detail,남성) 더블니트 스트레이트 팬츠,,,https://display-topten10.goodwearmall.com/goods/MBG5PT/MBG5PT1251CH_M.jpg,,,,,"₩19,900","₩49,900",60,,,,,260623,
display-topten10.goodwearmall.com,false,,탑텐,,,,,https://topten10.goodwearmall.com/product/MBG5PT1251BK/detail,남성) 더블니트 스트레이트 팬츠,,,https://display-topten10.goodwearmall.com/goods/MBG5PT/MBG5PT1251BK_M.jpg,,,,,"₩19,900","₩49,900",60,,,,,260623,
display-topten10.goodwearmall.com,false,,탑텐,,,,,https://topten10.goodwearmall.com/product/MSG5PT1906OTM/detail,남성) 더블니트 와이드 스웨트팬츠,,,https://display-topten10.goodwearmall.com/goods/MSG5PT/MSG5PT1906OTM_M.jpg,,,,,"₩25,900","₩49,900",48,,,,,260623,
display-topten10.goodwearmall.com,false,,탑텐,,,,,https://topten10.goodwearmall.com/product/MSG1TR1002MT/detail,남성) 더블니트 하프 집업,,,https://display-topten10.goodwearmall.com/goods/MSG1TR/MSG1TR1002MT_M.jpg,,,,,"₩39,900","₩49,900",20,,,,,260623,
display-topten10.goodwearmall.com,false,,탑텐,,,,,https://topten10.goodwearmall.com/product/MSG1TR1002DBR/detail,남성) 더블니트 하프 집업,,,https://display-topten10.goodwearmall.com/goods/MSG1TR/MSG1TR1002DBR_M.jpg,,,,,"₩39,900","₩49,900",20,,,,,260623,
display-topten10.goodwearmall.com,false,,탑텐,,,,,https://topten10.goodwearmall.com/product/MBG5TH1250CH/detail,남성) 더블니트 후드,,,https://display-topten10.goodwearmall.com/goods/MBG5TH/MBG5TH1250CH_M.jpg,,,,,"₩19,900","₩59,900",66,,,,,260623,
display-topten10.goodwearmall.com,false,,탑텐,,,,,https://topten10.goodwearmall.com/product/MBG5TH1250BK/detail,남성) 더블니트 후드,,,https://display-topten10.goodwearmall.com/goods/MBG5TH/MBG5TH1250BK_M.jpg,,,,,"₩19,900","₩59,900",66,,,,,260623,
display-topten10.goodwearmall.com,false,,탑텐,,,,,https://topten10.goodwearmall.com/product/MSG5WC1902MBL/detail,남성) 데님 버튼다운 셔츠,,,https://display-topten10.goodwearmall.com/goods/MSG5WC/MSG5WC1902MBL_M.jpg,,,,,"₩29,900","₩49,900",40,,,,,260623,
display-topten10.goodwearmall.com,false,,탑텐,,,,,https://topten10.goodwearmall.com/product/MSG5WC1902LBL/detail,남성) 데님 버튼다운 셔츠,,,https://display-topten10.goodwearmall.com/goods/MSG5WC/MSG5WC1902LBL_M.jpg,,,,,"₩29,900","₩49,900",40,,,,,260623,
display-topten10.goodwearmall.com,false,,탑텐,,,,,https://topten10.goodwearmall.com/product/MSG2WC1912MBL/detail,남성) 데님 버튼다운 셔츠,,,https://display-topten10.goodwearmall.com/goods/MSG2WC/MSG2WC1912MBL_M.jpg,,,,,"₩49,900","₩49,900",,,,,,260623,
display-topten10.goodwearmall.com,false,,탑텐,,,,,https://topten10.goodwearmall.com/product/MBG5VI1050KH/detail,남성) 라이트 베스트,,,https://display-topten10.goodwearmall.com/goods/MBG5VI/MBG5VI1050KH_M.jpg,,,,,"₩39,900","₩39,900",,,,,,260623,
display-topten10.goodwearmall.com,false,,탑텐,,,,,https://topten10.goodwearmall.com/product/MSG2WC1901SNV/detail,남성) 리넨블렌드 셔츠 (긴팔),,,https://display-topten10.goodwearmall.com/goods/MSG2WC/MSG2WC1901SNV_M.jpg,,,,,"₩29,900","₩49,900",40,,,,,260623,
display-topten10.goodwearmall.com,false,,탑텐,,,,,https://topten10.goodwearmall.com/product/MSG2KG1005LBE/detail,남성) 리넨블렌드 트러커 재킷,,,https://display-topten10.goodwearmall.com/goods/MSG2KG/MSG2KG1005LBE_M.jpg,,,,,"₩49,900","₩79,900",37,,,,,260623,
display-topten10.goodwearmall.com,false,,탑텐,,,,,https://topten10.goodwearmall.com/product/MSG2KG1005DNV/detail,남성) 리넨블렌드 트러커 재킷,,,https://display-topten10.goodwearmall.com/goods/MSG2KG/MSG2KG1005DNV_M.jpg,,,,,"₩49,900","₩79,900",37,,,,,260623,
display-topten10.goodwearmall.com,false,,탑텐,,,,,https://topten10.goodwearmall.com/product/MSG5AL1012NV/detail,남성) 리버서블 레더 벨트,,,https://display-topten10.goodwearmall.com/goods/MSG5AL/MSG5AL1012NV_M.jpg,,,,,"₩25,900","₩25,900",,,,,,260623,
display-topten10.goodwearmall.com,false,,탑텐,,,,,https://topten10.goodwearmall.com/product/MSG5AL1012BR/detail,남성) 리버서블 레더 벨트,,,https://display-topten10.goodwearmall.com/goods/MSG5AL/MSG5AL1012BR_M.jpg,,,,,"₩25,900","₩25,900",,,,,,260623,
display-topten10.goodwearmall.com,false,,탑텐,,,,,https://topten10.goodwearmall.com/product/MSG5AL1015DBR/detail,남성) 리얼레더 스퀘어 벨트,,,https://display-topten10.goodwearmall.com/goods/MSG5AL/MSG5AL1015DBR_M.jpg,,,,,"₩25,900","₩25,900",,,,,,260623,
display-topten10.goodwearmall.com,false,,탑텐,,,,,https://topten10.goodwearmall.com/product/MSG5AL1015BK/detail,남성) 리얼레더 스퀘어 벨트,,,https://display-topten10.goodwearmall.com/goods/MSG5AL/MSG5AL1015BK_M.jpg,,,,,"₩25,900","₩25,900",,,,,,260623,
display-topten10.goodwearmall.com,false,,탑텐,,,,,https://topten10.goodwearmall.com/product/MSG3TL1001WT/detail,남성) 립 탱크탑,,,https://display-topten10.goodwearmall.com/goods/MSG3TL/MSG3TL1001WT_M.jpg,,,,,"₩19,900","₩19,900",,,,,,260623,
display-topten10.goodwearmall.com,false,,탑텐,,,,,https://topten10.goodwearmall.com/product/MSG5TS1582TBL/detail,남성) 소프트 저지 루즈핏 액티브 T,,,https://display-topten10.goodwearmall.com/goods/MSG5TS/MSG5TS1582TBL_M.jpg,,,,,"₩39,900","₩39,900",,,,,,260623,
display-topten10.goodwearmall.com,false,,탑텐,,,,,https://topten10.goodwearmall.com/product/MSG5TS1582BK/detail,남성) 소프트 저지 루즈핏 액티브 T,,,https://display-topten10.goodwearmall.com/goods/MSG5TS/MSG5TS1582BK_M.jpg,,,,,"₩39,900","₩39,900",,,,,,260623,
display-topten10.goodwearmall.com,false,,탑텐,,,,,https://topten10.goodwearmall.com/product/MBG5PT1260DKH/detail,남성) 소프트터치 조거 팬츠,,,https://display-topten10.goodwearmall.com/goods/MBG5PT/MBG5PT1260DKH_M.jpg,,,,,"₩19,900","₩49,900",60,,,,,260623,
display-topten10.goodwearmall.com,false,,탑텐,,,,,https://topten10.goodwearmall.com/product/MBG5PT1260CGR/detail,남성) 소프트터치 조거 팬츠,,,https://display-topten10.goodwearmall.com/goods/MBG5PT/MBG5PT1260CGR_M.jpg,,,,,"₩19,900","₩49,900",60,,,,,260623,
display-topten10.goodwearmall.com,false,,탑텐,,,,,https://topten10.goodwearmall.com/product/MBG5PT1265NV/detail,남성) 수퍼스트레치 7부 카고 쇼츠,,,https://display-topten10.goodwearmall.com/goods/MBG5PT/MBG5PT1265NV_M.jpg,,,,,"₩19,900","₩39,900",50,,,,,260623,
display-topten10.goodwearmall.com,false,,탑텐,,,,,https://topten10.goodwearmall.com/product/MBG5PT1265CH/detail,남성) 수퍼스트레치 7부 카고 쇼츠,,,https://display-topten10.goodwearmall.com/goods/MBG5PT/MBG5PT1265CH_M.jpg,,,,,"₩19,900","₩39,900",50,,,,,260623,
display-topten10.goodwearmall.com,false,,탑텐,,,,,https://topten10.goodwearmall.com/product/MBG5PT1253OG/detail,남성) 수퍼스트레치 쇼츠,,,https://display-topten10.goodwearmall.com/goods/MBG5PT/MBG5PT1253OG_M.jpg,,,,,"₩19,900","₩29,900",33,,,,,260623,
display-topten10.goodwearmall.com,false,,탑텐,,,,,https://topten10.goodwearmall.com/product/MBG5PT1253BK/detail,남성) 수퍼스트레치 쇼츠,,,https://display-topten10.goodwearmall.com/goods/MBG5PT/MBG5PT1253BK_M.jpg,,,,,"₩19,900","₩29,900",33,,,,,260623,
display-topten10.goodwearmall.com,false,,탑텐,,,,,https://topten10.goodwearmall.com/product/MBG5PT1257BK/detail,남성) 수퍼스트레치 카고 투웨이 팬츠,,,https://display-topten10.goodwearmall.com/goods/MBG5PT/MBG5PT1257BK_M.jpg,,,,,"₩25,900","₩59,900",56,,,,,260623,
display-topten10.goodwearmall.com,false,,탑텐,,,,,https://topten10.goodwearmall.com/product/MBG5PT1250CH/detail,남성) 스웨이드 터치 조거 팬츠,,,https://display-topten10.goodwearmall.com/goods/MBG5PT/MBG5PT1250CH_M.jpg,,,,,"₩19,900","₩49,900",60,,,,,260623,
display-topten10.goodwearmall.com,false,,탑텐,,,,,https://topten10.goodwearmall.com/product/MBG5PT1250CGR/detail,남성) 스웨이드 터치 조거 팬츠,,,https://display-topten10.goodwearmall.com/goods/MBG5PT/MBG5PT1250CGR_M.jpg,,,,,"₩19,900","₩49,900",60,,,,,260623,
display-topten10.goodwearmall.com,false,,탑텐,,,,,https://topten10.goodwearmall.com/product/MBG5PT1250BK/detail,남성) 스웨이드 터치 조거 팬츠,,,https://display-topten10.goodwearmall.com/goods/MBG5PT/MBG5PT1250BK_M.jpg,,,,,"₩19,900","₩49,900",60,,,,,260623,
display-topten10.goodwearmall.com,false,,탑텐,,,,,https://topten10.goodwearmall.com/product/MBG5PT1906LBR/detail,남성) 스쿠바 스트레이트 팬츠,,,https://display-topten10.goodwearmall.com/goods/MBG5PT/MBG5PT1906LBR_M.jpg,,,,,"₩25,900","₩49,900",48,,,,,260623,
display-topten10.goodwearmall.com,false,,탑텐,,,,,https://topten10.goodwearmall.com/product/MBG5PT1906BG/detail,남성) 스쿠바 스트레이트 팬츠,,,https://display-topten10.goodwearmall.com/goods/MBG5PT/MBG5PT1906BG_M.jpg,,,,,"₩25,900","₩49,900",48,,,,,260623,
display-topten10.goodwearmall.com,false,,탑텐,,,,,https://topten10.goodwearmall.com/product/MSG5PT1914MGR/detail,남성) 스쿠바 와이드 스웨트 팬츠,,,https://display-topten10.goodwearmall.com/goods/MSG5PT/MSG5PT1914MGR_M.jpg,,,,,"₩49,900","₩49,900",,,,,,260623,
display-topten10.goodwearmall.com,false,,탑텐,,,,,https://topten10.goodwearmall.com/product/MSG5PT1914GNY/detail,남성) 스쿠바 와이드 스웨트 팬츠,,,https://display-topten10.goodwearmall.com/goods/MSG5PT/MSG5PT1914GNY_M.jpg,,,,,"₩49,900","₩49,900",,,,,,260623,
display-topten10.goodwearmall.com,false,,탑텐,,,,,https://topten10.goodwearmall.com/product/MSG5PT1914BR/detail,남성) 스쿠바 와이드 스웨트 팬츠,,,https://display-topten10.goodwearmall.com/goods/MSG5PT/MSG5PT1914BR_M.jpg,,,,,"₩49,900","₩49,900",,,,,,260623,
display-topten10.goodwearmall.com,false,,탑텐,,,,,https://topten10.goodwearmall.com/product/MSG5PT1914BK/detail,남성) 스쿠바 와이드 스웨트 팬츠,,,https://display-topten10.goodwearmall.com/goods/MSG5PT/MSG5PT1914BK_M.jpg,,,,,"₩49,900","₩49,900",,,,,,260623,
display-topten10.goodwearmall.com,false,,탑텐,,,,,https://topten10.goodwearmall.com/product/MBG5TR1901MGR/detail,남성) 스쿠바 하프 집업,,,https://display-topten10.goodwearmall.com/goods/MBG5TR/MBG5TR1901MGR_M.jpg,,,,,"₩19,900","₩49,900",60,,,,,260623,
display-topten10.goodwearmall.com,false,,탑텐,,,,,https://topten10.goodwearmall.com/product/MSG5DP1541LBK/detail,남성) 스트레이트 데님,,,https://display-topten10.goodwearmall.com/goods/MSG5DP/MSG5DP1541LBK_M.jpg,,,,,"₩49,900","₩49,900",,,,,,260623,
display-topten10.goodwearmall.com,false,,탑텐,,,,,https://topten10.goodwearmall.com/product/MSG5DP1901DBL/detail,남성) 슬림 데님,,,https://display-topten10.goodwearmall.com/goods/MSG5DP/MSG5DP1901DBL_M.jpg,,,,,"₩49,900","₩59,900",16,,,,,260623,
display-topten10.goodwearmall.com,false,,탑텐,,,,,https://topten10.goodwearmall.com/product/MSG5WC1901SNV/detail,남성) 옥스포드 버튼다운 셔츠,,,https://display-topten10.goodwearmall.com/goods/MSG5WC/MSG5WC1901SNV_M.jpg,,,,,"₩19,900","₩39,900",50,,,,,260623,
display-topten10.goodwearmall.com,false,,탑텐,,,,,https://topten10.goodwearmall.com/product/MSG5WC1901NV/detail,남성) 옥스포드 버튼다운 셔츠,,,https://display-topten10.goodwearmall.com/goods/MSG5WC/MSG5WC1901NV_M.jpg,,,,,"₩19,900","₩39,900",50,,,,,260623,
display-topten10.goodwearmall.com,false,,탑텐,,,,,https://topten10.goodwearmall.com/product/MSG5WC1901GN/detail,남성) 옥스포드 버튼다운 셔츠,,,https://display-topten10.goodwearmall.com/goods/MSG5WC/MSG5WC1901GN_M.jpg,,,,,"₩19,900","₩39,900",50,,,,,260623,
display-topten10.goodwearmall.com,false,,탑텐,,,,,https://topten10.goodwearmall.com/product/MSG5WC1901DBL/detail,남성) 옥스포드 버튼다운 셔츠,,,https://display-topten10.goodwearmall.com/goods/MSG5WC/MSG5WC1901DBL_M.jpg,,,,,"₩19,900","₩39,900",50,,,,,260623,
display-topten10.goodwearmall.com,false,,탑텐,,,,,https://topten10.goodwearmall.com/product/MSG2WC1911WT/detail,남성) 옥스포드 버튼다운 셔츠,,,https://display-topten10.goodwearmall.com/goods/MSG2WC/MSG2WC1911WT_M.jpg,,,,,"₩19,900","₩39,900",50,,,,,260623,
display-topten10.goodwearmall.com,false,,탑텐,,,,,https://topten10.goodwearmall.com/product/MSG5DP1520MBL/detail,남성) 와이드 데님,,,https://display-topten10.goodwearmall.com/goods/MSG5DP/MSG5DP1520MBL_M.jpg,,,,,"₩49,900","₩49,900",,,,,,260623,
display-topten10.goodwearmall.com,false,,탑텐,,,,,https://topten10.goodwearmall.com/product/MSG5DP1520DBL/detail,남성) 와이드 데님,,,https://display-topten10.goodwearmall.com/goods/MSG5DP/MSG5DP1520DBL_M.jpg,,,,,"₩49,900","₩49,900",,,,,,260623,
display-topten10.goodwearmall.com,false,,탑텐,,,,,https://topten10.goodwearmall.com/product/MSG5DP1520BL/detail,남성) 와이드 데님,,,https://display-topten10.goodwearmall.com/goods/MSG5DP/MSG5DP1520BL_M.jpg,,,,,"₩49,900","₩49,900",,,,,,260623,
display-topten10.goodwearmall.com,false,,탑텐,,,,,https://topten10.goodwearmall.com/product/MSG5DP1520BK/detail,남성) 와이드 데님,,,https://display-topten10.goodwearmall.com/goods/MSG5DP/MSG5DP1520BK_M.jpg,,,,,"₩49,900","₩49,900",,,,,,260623,
display-topten10.goodwearmall.com,false,,탑텐,,,,,https://topten10.goodwearmall.com/product/MSG5WD1011SNV/detail,남성) 이지케어 스트레치 스마트 셔츠,,,https://display-topten10.goodwearmall.com/goods/MSG5WD/MSG5WD1011SNV_M.jpg,,,,,"₩29,900","₩39,900",25,,,,,260623,
display-topten10.goodwearmall.com,false,,탑텐,,,,,https://topten10.goodwearmall.com/product/MSG5WD1011SK/detail,남성) 이지케어 스트레치 스마트 셔츠,,,https://display-topten10.goodwearmall.com/goods/MSG5WD/MSG5WD1011SK_M.jpg,,,,,"₩29,900","₩39,900",25,,,,,260623,
display-topten10.goodwearmall.com,false,,탑텐,,,,,https://topten10.goodwearmall.com/product/MSG5WD1001WT/detail,남성) 이지케어 스트레치 스마트 셔츠,,,https://display-topten10.goodwearmall.com/goods/MSG5WD/MSG5WD1001WT_M.jpg,,,,,"₩29,900","₩39,900",25,,,,,260623,
display-topten10.goodwearmall.com,false,,탑텐,,,,,https://topten10.goodwearmall.com/product/MSG5WD1001SBL/detail,남성) 이지케어 스트레치 스마트 셔츠,,,https://display-topten10.goodwearmall.com/goods/MSG5WD/MSG5WD1001SBL_M.jpg,,,,,"₩29,900","₩39,900",25,,,,,260623,
display-topten10.goodwearmall.com,false,,탑텐,,,,,https://topten10.goodwearmall.com/product/MSG5WD1001BK/detail,남성) 이지케어 스트레치 스마트 셔츠,,,https://display-topten10.goodwearmall.com/goods/MSG5WD/MSG5WD1001BK_M.jpg,,,,,"₩29,900","₩39,900",25,,,,,260623,
display-topten10.goodwearmall.com,false,,탑텐,,,,,https://topten10.goodwearmall.com/product/MSG2PP1211IV/detail,남성) 컴포트 COOL 테이퍼드 이지 (긴기장 +5cm),,,https://display-topten10.goodwearmall.com/goods/MSG2PP/MSG2PP1211IV_M.jpg,,,,,"₩39,900","₩59,900",33,,,,,260623,
display-topten10.goodwearmall.com,false,,탑텐,,,,,https://topten10.goodwearmall.com/product/MSG2PP1211BK/detail,남성) 컴포트 COOL 테이퍼드 이지 (긴기장 +5cm),,,https://display-topten10.goodwearmall.com/goods/MSG2PP/MSG2PP1211BK_M.jpg,,,,,"₩39,900","₩59,900",33,,,,,260623,
display-topten10.goodwearmall.com,false,,탑텐,,,,,https://topten10.goodwearmall.com/product/MBG5TS1252LNV/detail,남성) 퀵드라이 반팔 티,,,https://display-topten10.goodwearmall.com/goods/MBG5TS/MBG5TS1252LNV_M.jpg,,,,,"₩12,900","₩29,900",56,,,,,260623,
display-topten10.goodwearmall.com,false,,탑텐,,,,,https://topten10.goodwearmall.com/product/MBG5TS1252CGR/detail,남성) 퀵드라이 반팔 티,,,https://display-topten10.goodwearmall.com/goods/MBG5TS/MBG5TS1252CGR_M.jpg,,,,,"₩12,900","₩29,900",56,,,,,260623,
display-topten10.goodwearmall.com,false,,탑텐,,,,,https://topten10.goodwearmall.com/product/MBG5PT1205KH/detail,남성) 퀵드라이 쇼츠,,,https://display-topten10.goodwearmall.com/goods/MBG5PT/MBG5PT1205KH_M.jpg,,,,,"₩19,900","₩19,900",,,,,,260623,
display-topten10.goodwearmall.com,false,,탑텐,,,,,https://topten10.goodwearmall.com/product/MSG2KG1011CH/detail,남성) 크링클 트러커 재킷,,,https://display-topten10.goodwearmall.com/goods/MSG2KG/MSG2KG1011CH_M.jpg,,,,,"₩49,900","₩79,900",37,,,,,260623,
display-topten10.goodwearmall.com,false,,탑텐,,,,,https://topten10.goodwearmall.com/product/MSG5PT1904DGR/detail,남성) 테리 스트레이트 스웨트팬츠,,,https://display-topten10.goodwearmall.com/goods/MSG5PT/MSG5PT1904DGR_M.jpg,,,,,"₩19,900","₩39,900",50,,,,,260623,
display-topten10.goodwearmall.com,false,,탑텐,,,,,https://topten10.goodwearmall.com/product/MSG5PT1905MGR/detail,남성) 테리 와이드 스웨트팬츠,,,https://display-topten10.goodwearmall.com/goods/MSG5PT/MSG5PT1905MGR_M.jpg,,,,,"₩19,900","₩39,900",50,,,,,260623,
display-topten10.goodwearmall.com,false,,탑텐,,,,,https://topten10.goodwearmall.com/product/MSG5PT1905BK/detail,남성) 테리 와이드 스웨트팬츠,,,https://display-topten10.goodwearmall.com/goods/MSG5PT/MSG5PT1905BK_M.jpg,,,,,"₩19,900","₩39,900",50,,,,,260623,
display-topten10.goodwearmall.com,false,,탑텐,,,,,https://topten10.goodwearmall.com/product/MSG5PT1902LYE/detail,남성) 테리 조거 스웨트팬츠,,,https://display-topten10.goodwearmall.com/goods/MSG5PT/MSG5PT1902LYE_M.jpg,,,,,"₩19,900","₩39,900",50,,,,,260623,
display-topten10.goodwearmall.com,false,,탑텐,,,,,https://topten10.goodwearmall.com/product/MSG2PT1903DCH/detail,남성) 테리 턱 버뮤다 스웨트쇼츠,,,https://display-topten10.goodwearmall.com/goods/MSG2PT/MSG2PT1903DCH_M.jpg,,,,,"₩25,900","₩29,900",13,,,,,260623,
display-topten10.goodwearmall.com,false,,탑텐,,,,,https://topten10.goodwearmall.com/product/MBG2PH1012GR/detail,남성) 테크스트레치 이지 쇼츠,,,https://display-topten10.goodwearmall.com/goods/MBG2PH/MBG2PH1012GR_M.jpg,,,,,"₩29,900","₩39,900",25,,,,,260623,
display-topten10.goodwearmall.com,false,,탑텐,,,,,https://topten10.goodwearmall.com/product/MBG2PH1012DGN/detail,남성) 테크스트레치 이지 쇼츠,,,https://display-topten10.goodwearmall.com/goods/MBG2PH/MBG2PH1012DGN_M.jpg,,,,,"₩29,900","₩39,900",25,,,,,260623,
display-topten10.goodwearmall.com,false,,탑텐,,,,,https://topten10.goodwearmall.com/product/MBG5PP1040DGR/detail,남성) 테크스트레치 조거 카고 팬츠,,,https://display-topten10.goodwearmall.com/goods/MBG5PP/MBG5PP1040DGR_M.jpg,,,,,"₩39,900","₩59,900",33,,,,,260623,
display-topten10.goodwearmall.com,false,,탑텐,,,,,https://topten10.goodwearmall.com/product/MSH5US1053LBE/detail,남성) COOL Air 메쉬 브이넥 T (반팔),,,https://display-topten10.goodwearmall.com/goods/MSH5US/MSH5US1053LBE_M.jpg,,,,,"₩12,900","₩15,900",18,,,,,260623,
display-topten10.goodwearmall.com,false,,탑텐,,,,,https://topten10.goodwearmall.com/product/MSG2WC3501CBE/detail,공용) 시어서커 오버핏 셔츠 (긴팔),,,https://display-topten10.goodwearmall.com/goods/MSG2WC/MSG2WC3501CBE_M.jpg,,,,,"₩39,900","₩49,900",20,,,,,260623,
display-topten10.goodwearmall.com,false,,탑텐,,,,,https://topten10.goodwearmall.com/product/MSG2TS3701DBE/detail,공용) COOL Air 코튼 더블니트 오버핏 T (5부),,,https://display-topten10.goodwearmall.com/goods/MSG2TS/MSG2TS3701DBE_M.jpg,,,,,"₩15,900","₩25,900",38,,,,,260623,
display-topten10.goodwearmall.com,false,,탑텐,,,,,https://topten10.goodwearmall.com/product/MBG5TS1252BK/detail,남성) 퀵드라이 반팔 티,,,https://display-topten10.goodwearmall.com/goods/MBG5TS/MBG5TS1252BK_M.jpg,,,,,"₩12,900","₩29,900",56,,,,,260623,
display-topten10.goodwearmall.com,false,,탑텐,,,,,https://topten10.goodwearmall.com/product/MSG2WC3501CBL/detail,공용) 시어서커 오버핏 셔츠 (긴팔),,,https://display-topten10.goodwearmall.com/goods/MSG2WC/MSG2WC3501CBL_M.jpg,,,,,"₩39,900","₩49,900",20,,,,,260623,
display-topten10.goodwearmall.com,false,,탑텐,,,,,https://topten10.goodwearmall.com/product/MBG5PT1905BK/detail,남성) 스쿠바 버뮤다 쇼츠,,,https://display-topten10.goodwearmall.com/goods/MBG5PT/MBG5PT1905BK_M.jpg,,,,,"₩29,900","₩39,900",25,,,,,260623,
display-topten10.goodwearmall.com,false,,탑텐,,,,,https://topten10.goodwearmall.com/product/MSG3PT1905BK/detail,남성) COOL Air 코튼 더블니트 버뮤다 스웨트쇼츠,,,https://display-topten10.goodwearmall.com/goods/MSG3PT/MSG3PT1905BK_M.jpg,,,,,"₩29,900","₩39,900",25,,,,,260623,
display-topten10.goodwearmall.com,false,,탑텐,,,,,https://topten10.goodwearmall.com/product/MBG5PT1208NV/detail,남성) 수퍼스트레치 스트레이트 팬츠,,,https://display-topten10.goodwearmall.com/goods/MBG5PT/MBG5PT1208NV_M.jpg,,,,,"₩19,900","₩39,900",50,,,,,260623,
display-topten10.goodwearmall.com,false,,탑텐,,,,,https://topten10.goodwearmall.com/product/MSG2TS3701LGR/detail,공용) COOL Air 코튼 더블니트 오버핏 T (5부),,,https://display-topten10.goodwearmall.com/goods/MSG2TS/MSG2TS3701LGR_M.jpg,,,,,"₩15,900","₩25,900",38,,,,,260623,
display-topten10.goodwearmall.com,false,,탑텐,,,,,https://topten10.goodwearmall.com/product/MSG5UL1222OWT/detail,남성) COOL Air 브이넥 메쉬 탱크,,,https://display-topten10.goodwearmall.com/goods/MSG5UL/MSG5UL1222OWT_M.jpg,,,,,"₩12,900","₩15,900",18,,,,,260623,
display-topten10.goodwearmall.com,false,,탑텐,,,,,https://topten10.goodwearmall.com/product/MSG2JJ1010LGR/detail,남성) 포케터블 UV 프로텍션 윈드브레이커,,,https://display-topten10.goodwearmall.com/goods/MSG2JJ/MSG2JJ1010LGR_M.jpg,,,,,"₩49,900","₩59,900",16,,,,,260623,
display-topten10.goodwearmall.com,false,,탑텐,,,,,https://topten10.goodwearmall.com/product/MSG5AC3201BE/detail,공용) 코튼 버킷햇,,,https://display-topten10.goodwearmall.com/goods/MSG5AC/MSG5AC3201BE_M.jpg,,,,,"₩9,900","₩29,900",66,,,,,260623,
display-topten10.goodwearmall.com,false,,탑텐,,,,,https://topten10.goodwearmall.com/product/MSG1TR3902OTM/detail,공용) [피너츠] 테리 스웨트셔츠,,,https://display-topten10.goodwearmall.com/goods/MSG1TR/MSG1TR3902OTM_M.jpg,,,,,"₩12,900","₩39,900",67,,,,,260623,
display-topten10.goodwearmall.com,false,,탑텐,,,,,https://topten10.goodwearmall.com/product/MSG5TS3702IVP/detail,공용) COOL Air 코튼 더블니트 T (긴팔),,,https://display-topten10.goodwearmall.com/goods/MSG5TS/MSG5TS3702IVP_M.jpg,,,,,"₩19,900","₩29,900",33,,,,,260623,
display-topten10.goodwearmall.com,false,,탑텐,,,,,https://topten10.goodwearmall.com/product/MSG5TS3702CH/detail,공용) COOL Air 코튼 더블니트 T (긴팔),,,https://display-topten10.goodwearmall.com/goods/MSG5TS/MSG5TS3702CH_M.jpg,,,,,"₩19,900","₩29,900",33,,,,,260623,
display-topten10.goodwearmall.com,false,,탑텐,,,,,https://topten10.goodwearmall.com/product/MSG5TS3702BKP/detail,공용) COOL Air 코튼 더블니트 T (긴팔),,,https://display-topten10.goodwearmall.com/goods/MSG5TS/MSG5TS3702BKP_M.jpg,,,,,"₩19,900","₩29,900",33,,,,,260623,
display-topten10.goodwearmall.com,false,,탑텐,,,,,https://topten10.goodwearmall.com/product/MSG5TS3702BK/detail,공용) COOL Air 코튼 더블니트 T (긴팔),,,https://display-topten10.goodwearmall.com/goods/MSG5TS/MSG5TS3702BK_M.jpg,,,,,"₩19,900","₩29,900",33,,,,,260623,
display-topten10.goodwearmall.com,false,,탑텐,,,,,https://topten10.goodwearmall.com/product/MSG2TS3701LPK/detail,공용) COOL Air 코튼 더블니트 오버핏 T (5부),,,https://display-topten10.goodwearmall.com/goods/MSG2TS/MSG2TS3701LPK_M.jpg,,,,,"₩15,900","₩25,900",38,,,,,260623,
display-topten10.goodwearmall.com,false,,탑텐,,,,,https://topten10.goodwearmall.com/product/MSG2TS3701LMT/detail,공용) COOL Air 코튼 더블니트 오버핏 T (5부),,,https://display-topten10.goodwearmall.com/goods/MSG2TS/MSG2TS3701LMT_M.jpg,,,,,"₩15,900","₩25,900",38,,,,,260623,
display-topten10.goodwearmall.com,false,,탑텐,,,,,https://topten10.goodwearmall.com/product/MSG2TS3008WTP/detail,공용) [마인드어데이 커버캣] 코튼 크루넥 T (반팔),,,https://display-topten10.goodwearmall.com/goods/MSG2TS/MSG2TS3008WTP_M.jpg,,,,,"₩15,900","₩29,900",46,,,,,260623,
display-topten10.goodwearmall.com,false,,탑텐,,,,,https://topten10.goodwearmall.com/product/MSG2TS3008BL/detail,공용) [마인드어데이 커버캣] 코튼 크루넥 T (반팔),,,https://display-topten10.goodwearmall.com/goods/MSG2TS/MSG2TS3008BL_M.jpg,,,,,"₩15,900","₩29,900",46,,,,,260623,
display-topten10.goodwearmall.com,false,,탑텐,,,,,https://topten10.goodwearmall.com/product/MSG2UI3302GNP/detail,공용) [커버캣] 레이온 파자마 세트,,,https://display-topten10.goodwearmall.com/goods/MSG2UI/MSG2UI3302GNP_M.jpg,,,,,"₩39,900","₩49,900",20,,,,,260623,
display-topten10.goodwearmall.com,false,,탑텐,,,,,https://topten10.goodwearmall.com/product/MSG5AC3001GNY/detail,공용) 그래픽 자수 볼캡,,,https://display-topten10.goodwearmall.com/goods/MSG5AC/MSG5AC3001GNY_M.jpg,,,,,"₩9,900","₩19,900",50,,,,,260623,
display-topten10.goodwearmall.com,false,,탑텐,,,,,https://topten10.goodwearmall.com/product/MSG5AC3001BK/detail,공용) 그래픽 자수 볼캡,,,https://display-topten10.goodwearmall.com/goods/MSG5AC/MSG5AC3001BK_M.jpg,,,,,"₩9,900","₩19,900",50,,,,,260623,
display-topten10.goodwearmall.com,false,,탑텐,,,,,https://topten10.goodwearmall.com/product/MSG5AC3001BE/detail,공용) 그래픽 자수 볼캡,,,https://display-topten10.goodwearmall.com/goods/MSG5AC/MSG5AC3001BE_M.jpg,,,,,"₩9,900","₩19,900",50,,,,,260623,
display-topten10.goodwearmall.com,false,,탑텐,,,,,https://topten10.goodwearmall.com/product/MSG5AC3007LBL/detail,공용) 데님 그래픽 자수 볼캡,,,https://display-topten10.goodwearmall.com/goods/MSG5AC/MSG5AC3007LBL_M.jpg,,,,,"₩9,900","₩29,900",66,,,,,260623,
display-topten10.goodwearmall.com,false,,탑텐,,,,,https://topten10.goodwearmall.com/product/MSG5AC3007DBL/detail,공용) 데님 그래픽 자수 볼캡,,,https://display-topten10.goodwearmall.com/goods/MSG5AC/MSG5AC3007DBL_M.jpg,,,,,"₩9,900","₩29,900",66,,,,,260623,
display-topten10.goodwearmall.com,false,,탑텐,,,,,https://topten10.goodwearmall.com/product/MSG5AC3007DBK/detail,공용) 데님 그래픽 자수 볼캡,,,https://display-topten10.goodwearmall.com/goods/MSG5AC/MSG5AC3007DBK_M.jpg,,,,,"₩9,900","₩29,900",66,,,,,260623,
display-topten10.goodwearmall.com,false,,탑텐,,,,,https://topten10.goodwearmall.com/product/MSG5AC3007BK/detail,공용) 데님 그래픽 자수 볼캡,,,https://display-topten10.goodwearmall.com/goods/MSG5AC/MSG5AC3007BK_M.jpg,,,,,"₩9,900","₩29,900",66,,,,,260623,
display-topten10.goodwearmall.com,false,,탑텐,,,,,https://topten10.goodwearmall.com/product/MSG5WC3912MBL/detail,공용) 데님 오버핏 셔츠,,,https://display-topten10.goodwearmall.com/goods/MSG5WC/MSG5WC3912MBL_M.jpg,,,,,"₩29,900","₩59,900",50,,,,,260623,
display-topten10.goodwearmall.com,false,,탑텐,,,,,https://topten10.goodwearmall.com/product/MSG5WC3912IN/detail,공용) 데님 오버핏 셔츠,,,https://display-topten10.goodwearmall.com/goods/MSG5WC/MSG5WC3912IN_M.jpg,,,,,"₩29,900","₩59,900",50,,,,,260623,
display-topten10.goodwearmall.com,false,,탑텐,,,,,https://topten10.goodwearmall.com/product/MSG5WC3912BK/detail,공용) 데님 오버핏 셔츠,,,https://display-topten10.goodwearmall.com/goods/MSG5WC/MSG5WC3912BK_M.jpg,,,,,"₩29,900","₩59,900",50,,,,,260623,
display-topten10.goodwearmall.com,false,,탑텐,,,,,https://topten10.goodwearmall.com/product/MSG5AB3003CA/detail,공용) 라운드 크로스백,,,https://display-topten10.goodwearmall.com/goods/MSG5AB/MSG5AB3003CA_M.jpg,,,,,"₩25,900","₩29,900",13,,,,,260623,
display-topten10.goodwearmall.com,false,,탑텐,,,,,https://topten10.goodwearmall.com/product/MSG5AB3003BRP/detail,공용) 라운드 크로스백,,,https://display-topten10.goodwearmall.com/goods/MSG5AB/MSG5AB3003BRP_M.jpg,,,,,"₩25,900","₩29,900",13,,,,,260623,
display-topten10.goodwearmall.com,false,,탑텐,,,,,https://topten10.goodwearmall.com/product/MSG5AB3003BKP/detail,공용) 라운드 크로스백,,,https://display-topten10.goodwearmall.com/goods/MSG5AB/MSG5AB3003BKP_M.jpg,,,,,"₩25,900","₩29,900",13,,,,,260623,
display-topten10.goodwearmall.com,false,,탑텐,,,,,https://topten10.goodwearmall.com/product/MSG5AB3003BK/detail,공용) 라운드 크로스백,,,https://display-topten10.goodwearmall.com/goods/MSG5AB/MSG5AB3003BK_M.jpg,,,,,"₩25,900","₩29,900",13,,,,,260623,
display-topten10.goodwearmall.com,false,,탑텐,,,,,https://topten10.goodwearmall.com/product/MSG5AC3003DNV/detail,공용) 배색 그래픽 자수 볼캡,,,https://display-topten10.goodwearmall.com/goods/MSG5AC/MSG5AC3003DNV_M.jpg,,,,,"₩9,900","₩19,900",50,,,,,260623,
display-topten10.goodwearmall.com,false,,탑텐,,,,,https://topten10.goodwearmall.com/product/MSG5AC3003BK/detail,공용) 배색 그래픽 자수 볼캡,,,https://display-topten10.goodwearmall.com/goods/MSG5AC/MSG5AC3003BK_M.jpg,,,,,"₩9,900","₩19,900",50,,,,,260623,
display-topten10.goodwearmall.com,false,,탑텐,,,,,https://topten10.goodwearmall.com/product/MSG5AC3003BE/detail,공용) 배색 그래픽 자수 볼캡,,,https://display-topten10.goodwearmall.com/goods/MSG5AC/MSG5AC3003BE_M.jpg,,,,,"₩9,900","₩19,900",50,,,,,260623,
display-topten10.goodwearmall.com,false,,탑텐,,,,,https://topten10.goodwearmall.com/product/MBG5AC3050IN/detail,공용) 볼캡,,,https://display-topten10.goodwearmall.com/goods/MBG5AC/MBG5AC3050IN_M.jpg,,,,,"₩9,900","₩19,900",50,,,,,260623,
display-topten10.goodwearmall.com,false,,탑텐,,,,,https://topten10.goodwearmall.com/product/MBG5AC3050DNV/detail,공용) 볼캡,,,https://display-topten10.goodwearmall.com/goods/MBG5AC/MBG5AC3050DNV_M.jpg,,,,,"₩9,900","₩19,900",50,,,,,260623,
display-topten10.goodwearmall.com,false,,탑텐,,,,,https://topten10.goodwearmall.com/product/MBG5AC3050BK/detail,공용) 볼캡,,,https://display-topten10.goodwearmall.com/goods/MBG5AC/MBG5AC3050BK_M.jpg,,,,,"₩9,900","₩19,900",50,,,,,260623,
display-topten10.goodwearmall.com,false,,탑텐,,,,,https://topten10.goodwearmall.com/product/MSG5TS3701BK/detail,공용) 소프트 브러시드 크루넥 T (긴팔),,,https://display-topten10.goodwearmall.com/goods/MSG5TS/MSG5TS3701BK_M.jpg,,,,,"₩19,900","₩29,900",33,,,,,260623,
display-topten10.goodwearmall.com,false,,탑텐,,,,,https://topten10.goodwearmall.com/product/MSG2TS3005BKP/detail,공용) 소프트 코튼 크루넥 T (스트라이프),,,https://display-topten10.goodwearmall.com/goods/MSG2TS/MSG2TS3005BKP_M.jpg,,,,,"₩25,900","₩29,900",13,,,,,260623,
display-topten10.goodwearmall.com,false,,탑텐,,,,,https://topten10.goodwearmall.com/product/MBG5TR3901NV/detail,공용) 스쿠바 스웨트셔츠,,,https://display-topten10.goodwearmall.com/goods/MBG5TR/MBG5TR3901NV_M.jpg,,,,,"₩15,900","₩39,900",60,,,,,260623,
display-topten10.goodwearmall.com,false,,탑텐,,,,,https://topten10.goodwearmall.com/product/MBG5TR3901MGR/detail,공용) 스쿠바 스웨트셔츠,,,https://display-topten10.goodwearmall.com/goods/MBG5TR/MBG5TR3901MGR_M.jpg,,,,,"₩15,900","₩39,900",60,,,,,260623,
display-topten10.goodwearmall.com,false,,탑텐,,,,,https://topten10.goodwearmall.com/product/MBG5TR3901LGR/detail,공용) 스쿠바 스웨트셔츠,,,https://display-topten10.goodwearmall.com/goods/MBG5TR/MBG5TR3901LGR_M.jpg,,,,,"₩15,900","₩39,900",60,,,,,260623,
display-topten10.goodwearmall.com,false,,탑텐,,,,,https://topten10.goodwearmall.com/product/MBG5TR3901BK/detail,공용) 스쿠바 스웨트셔츠,,,https://display-topten10.goodwearmall.com/goods/MBG5TR/MBG5TR3901BK_M.jpg,,,,,"₩15,900","₩39,900",60,,,,,260623,
display-topten10.goodwearmall.com,false,,탑텐,,,,,https://topten10.goodwearmall.com/product/MBG5AY3064WTB/detail,공용) 스포츠 삭스 (3PACK),,,https://display-topten10.goodwearmall.com/goods/MBG5AY/MBG5AY3064WTB_M.jpg,,,,,"₩7,900","₩9,900",20,,,,,260623,
display-topten10.goodwearmall.com,false,,탑텐,,,,,https://topten10.goodwearmall.com/product/MBG5AY3054WTB/detail,공용) 스포츠 삭스 (3PACK),,,https://display-topten10.goodwearmall.com/goods/MBG5AY/MBG5AY3054WTB_M.jpg,,,,,"₩7,900","₩9,900",20,,,,,260623,
display-topten10.goodwearmall.com,false,,탑텐,,,,,https://topten10.goodwearmall.com/product/MBG5AY3054BK/detail,공용) 스포츠 삭스 (3PACK),,,https://display-topten10.goodwearmall.com/goods/MBG5AY/MBG5AY3054BK_M.jpg,,,,,"₩7,900","₩9,900",20,,,,,260623,
display-topten10.goodwearmall.com,false,,탑텐,,,,,https://topten10.goodwearmall.com/product/MSG5AY3101WTP/detail,공용) 앵클 삭스,,,https://display-topten10.goodwearmall.com/goods/MSG5AY/MSG5AY3101WTP_M.jpg,,,,,"₩3,900","₩3,900",,,,,,260623,
display-topten10.goodwearmall.com,false,,탑텐,,,,,https://topten10.goodwearmall.com/product/MSG5AY3101RD/detail,공용) 앵클 삭스,,,https://display-topten10.goodwearmall.com/goods/MSG5AY/MSG5AY3101RD_M.jpg,,,,,"₩3,900","₩3,900",,,,,,260623,
display-topten10.goodwearmall.com,false,,탑텐,,,,,https://topten10.goodwearmall.com/product/MSG5AY3101GN/detail,공용) 앵클 삭스,,,https://display-topten10.goodwearmall.com/goods/MSG5AY/MSG5AY3101GN_M.jpg,,,,,"₩3,900","₩3,900",,,,,,260623,
display-topten10.goodwearmall.com,false,,탑텐,,,,,https://topten10.goodwearmall.com/product/MSG5AY3101BK/detail,공용) 앵클 삭스,,,https://display-topten10.goodwearmall.com/goods/MSG5AY/MSG5AY3101BK_M.jpg,,,,,"₩3,900","₩3,900",,,,,,260623,
display-topten10.goodwearmall.com,false,,탑텐,,,,,https://topten10.goodwearmall.com/product/MBG5AY3055WTB/detail,공용) 앵클 삭스 (3PACK),,,https://display-topten10.goodwearmall.com/goods/MBG5AY/MBG5AY3055WTB_M.jpg,,,,,"₩7,900","₩9,900",20,,,,,260623,
display-topten10.goodwearmall.com,false,,탑텐,,,,,https://topten10.goodwearmall.com/product/MBG5AY3055BK/detail,공용) 앵클 삭스 (3PACK),,,https://display-topten10.goodwearmall.com/goods/MBG5AY/MBG5AY3055BK_M.jpg,,,,,"₩7,900","₩9,900",20,,,,,260623,
display-topten10.goodwearmall.com,false,,탑텐,,,,,https://topten10.goodwearmall.com/product/MSG2WC3001LBL/detail,공용) 오버핏 셔츠,,,https://display-topten10.goodwearmall.com/goods/MSG2WC/MSG2WC3001LBL_M.jpg,,,,,"₩29,900","₩49,900",40,,,,,260623,
display-topten10.goodwearmall.com,false,,탑텐,,,,,https://topten10.goodwearmall.com/product/MSG2WC3001GNV/detail,공용) 오버핏 셔츠,,,https://display-topten10.goodwearmall.com/goods/MSG2WC/MSG2WC3001GNV_M.jpg,,,,,"₩29,900","₩49,900",40,,,,,260623,
display-topten10.goodwearmall.com,false,,탑텐,,,,,https://topten10.goodwearmall.com/product/MSG2WC3001CR/detail,공용) 오버핏 셔츠,,,https://display-topten10.goodwearmall.com/goods/MSG2WC/MSG2WC3001CR_M.jpg,,,,,"₩29,900","₩49,900",40,,,,,260623,
display-topten10.goodwearmall.com,false,,탑텐,,,,,https://topten10.goodwearmall.com/product/MSG2WC3001CIV/detail,공용) 오버핏 셔츠,,,https://display-topten10.goodwearmall.com/goods/MSG2WC/MSG2WC3001CIV_M.jpg,,,,,"₩29,900","₩49,900",40,,,,,260623,
display-topten10.goodwearmall.com,false,,탑텐,,,,,https://topten10.goodwearmall.com/product/MSG2WC3001CBK/detail,공용) 오버핏 셔츠,,,https://display-topten10.goodwearmall.com/goods/MSG2WC/MSG2WC3001CBK_M.jpg,,,,,"₩29,900","₩49,900",40,,,,,260623,
display-topten10.goodwearmall.com,false,,탑텐,,,,,https://topten10.goodwearmall.com/product/MSG2WC3001BK/detail,공용) 오버핏 셔츠,,,https://display-topten10.goodwearmall.com/goods/MSG2WC/MSG2WC3001BK_M.jpg,,,,,"₩29,900","₩49,900",40,,,,,260623,
display-topten10.goodwearmall.com,false,,탑텐,,,,,https://topten10.goodwearmall.com/product/MSG5WC3901WT/detail,공용) 옥스포드 오버핏 셔츠,,,https://display-topten10.goodwearmall.com/goods/MSG5WC/MSG5WC3901WT_M.jpg,,,,,"₩29,900","₩49,900",40,,,,,260623,
display-topten10.goodwearmall.com,false,,탑텐,,,,,https://topten10.goodwearmall.com/product/MSG5WC3901DNV/detail,공용) 옥스포드 오버핏 셔츠,,,https://display-topten10.goodwearmall.com/goods/MSG5WC/MSG5WC3901DNV_M.jpg,,,,,"₩29,900","₩49,900",40,,,,,260623,
display-topten10.goodwearmall.com,false,,탑텐,,,,,https://topten10.goodwearmall.com/product/MSG5WC3901CNV/detail,공용) 옥스포드 오버핏 셔츠,,,https://display-topten10.goodwearmall.com/goods/MSG5WC/MSG5WC3901CNV_M.jpg,,,,,"₩29,900","₩49,900",40,,,,,260623,
display-topten10.goodwearmall.com,false,,탑텐,,,,,https://topten10.goodwearmall.com/product/MSG5WC3901BL/detail,공용) 옥스포드 오버핏 셔츠,,,https://display-topten10.goodwearmall.com/goods/MSG5WC/MSG5WC3901BL_M.jpg,,,,,"₩29,900","₩49,900",40,,,,,260623,
display-topten10.goodwearmall.com,false,,탑텐,,,,,https://topten10.goodwearmall.com/product/MSG5AC3002BE/detail,공용) 코듀로이 그래픽 자수 볼캡,,,https://display-topten10.goodwearmall.com/goods/MSG5AC/MSG5AC3002BE_M.jpg,,,,,"₩9,900","₩29,900",66,,,,,260623,
display-topten10.goodwearmall.com,false,,탑텐,,,,,https://topten10.goodwearmall.com/product/MSG5AC3201BK/detail,공용) 코튼 버킷햇,,,https://display-topten10.goodwearmall.com/goods/MSG5AC/MSG5AC3201BK_M.jpg,,,,,"₩9,900","₩29,900",66,,,,,260623,
display-topten10.goodwearmall.com,false,,탑텐,,,,,https://topten10.goodwearmall.com/product/MSG5AB3006GR/detail,공용) 투포켓 크로스백,,,https://display-topten10.goodwearmall.com/goods/MSG5AB/MSG5AB3006GR_M.jpg,,,,,"₩25,900","₩29,900",13,,,,,260623,
display-topten10.goodwearmall.com,false,,탑텐,,,,,https://topten10.goodwearmall.com/product/MSG5AB3006BK/detail,공용) 투포켓 크로스백,,,https://display-topten10.goodwearmall.com/goods/MSG5AB/MSG5AB3006BK_M.jpg,,,,,"₩25,900","₩29,900",13,,,,,260623,
display-topten10.goodwearmall.com,false,,탑텐,,,,,https://topten10.goodwearmall.com/product/MSG5US1222OWT/detail,남성) COOL Air 심리스 브이넥 반팔T,,,https://display-topten10.goodwearmall.com/goods/MSG5US/MSG5US1222OWT_M.jpg,,,,,"₩12,900","₩15,900",18,,,,,260623,
display-topten10.goodwearmall.com,false,,탑텐,,,,,https://topten10.goodwearmall.com/product/MSG5US1222LBE/detail,남성) COOL Air 심리스 브이넥 반팔T,,,https://display-topten10.goodwearmall.com/goods/MSG5US/MSG5US1222LBE_M.jpg,,,,,"₩12,900","₩15,900",18,,,,,260623,
display-topten10.goodwearmall.com,false,,탑텐,,,,,https://topten10.goodwearmall.com/product/MSG5US1222BK/detail,남성) COOL Air 심리스 브이넥 반팔T,,,https://display-topten10.goodwearmall.com/goods/MSG5US/MSG5US1222BK_M.jpg,,,,,"₩12,900","₩15,900",18,,,,,260623,
display-topten10.goodwearmall.com,false,,탑텐,,,,,https://topten10.goodwearmall.com/product/MSG5US1223BK/detail,남성) COOL Air 크루넥 메쉬 반팔T,,,https://display-topten10.goodwearmall.com/goods/MSG5US/MSG5US1223BK_M.jpg,,,,,"₩12,900","₩15,900",18,,,,,260623,
display-topten10.goodwearmall.com,false,,탑텐,,,,,https://topten10.goodwearmall.com/product/MSG2KG1501NV/detail,남성) COOL 컴포트 재킷,,,https://display-topten10.goodwearmall.com/goods/MSG2KG/MSG2KG1501NV_M.jpg,,,,,"₩49,900","₩89,900",44,,,,,260623,
display-topten10.goodwearmall.com,false,,탑텐,,,,,https://topten10.goodwearmall.com/product/MBG5JJ1040CR/detail,남성) UV 프로텍션 스탠드넥 윈드브레이커,,,https://display-topten10.goodwearmall.com/goods/MBG5JJ/MBG5JJ1040CR_M.jpg,,,,,"₩49,900","₩59,900",16,,,,,260623,
display-topten10.goodwearmall.com,false,,탑텐,,,,,https://topten10.goodwearmall.com/product/MSG2WC1912DBL/detail,남성) 데님 버튼다운 셔츠,,,https://display-topten10.goodwearmall.com/goods/MSG2WC/MSG2WC1912DBL_M.jpg,,,,,"₩49,900","₩49,900",,,,,,260623,
display-topten10.goodwearmall.com,false,,탑텐,,,,,https://topten10.goodwearmall.com/product/MBG5TS1260TBL/detail,남성) 소프트터치 긴팔 티,,,https://display-topten10.goodwearmall.com/goods/MBG5TS/MBG5TS1260TBL_M.jpg,,,,,"₩15,900","₩39,900",60,,,,,260623,
display-topten10.goodwearmall.com,false,,탑텐,,,,,https://topten10.goodwearmall.com/product/MBG5TS1260LKH/detail,남성) 소프트터치 긴팔 티,,,https://display-topten10.goodwearmall.com/goods/MBG5TS/MBG5TS1260LKH_M.jpg,,,,,"₩15,900","₩39,900",60,,,,,260623,
display-topten10.goodwearmall.com,false,,탑텐,,,,,https://topten10.goodwearmall.com/product/MBG5TS1260BK/detail,남성) 소프트터치 긴팔 티,,,https://display-topten10.goodwearmall.com/goods/MBG5TS/MBG5TS1260BK_M.jpg,,,,,"₩15,900","₩39,900",60,,,,,260623,
display-topten10.goodwearmall.com,false,,탑텐,,,,,https://topten10.goodwearmall.com/product/MBG5PT1260BK/detail,남성) 소프트터치 조거 팬츠,,,https://display-topten10.goodwearmall.com/goods/MBG5PT/MBG5PT1260BK_M.jpg,,,,,"₩19,900","₩49,900",60,,,,,260623,
display-topten10.goodwearmall.com,false,,탑텐,,,,,https://topten10.goodwearmall.com/product/MBG5TR1901NV/detail,남성) 스쿠바 하프 집업,,,https://display-topten10.goodwearmall.com/goods/MBG5TR/MBG5TR1901NV_M.jpg,,,,,"₩19,900","₩49,900",60,,,,,260623,
display-topten10.goodwearmall.com,false,,탑텐,,,,,https://topten10.goodwearmall.com/product/MBG5TR1901BK/detail,남성) 스쿠바 하프 집업,,,https://display-topten10.goodwearmall.com/goods/MBG5TR/MBG5TR1901BK_M.jpg,,,,,"₩19,900","₩49,900",60,,,,,260623,
display-topten10.goodwearmall.com,false,,탑텐,,,,,https://topten10.goodwearmall.com/product/MBG5TH1901MGR/detail,남성) 스쿠바 후디,,,https://display-topten10.goodwearmall.com/goods/MBG5TH/MBG5TH1901MGR_M.jpg,,,,,"₩19,900","₩49,900",60,,,,,260623,
display-topten10.goodwearmall.com,false,,탑텐,,,,,https://topten10.goodwearmall.com/product/MBG5TH1901LBR/detail,남성) 스쿠바 후디,,,https://display-topten10.goodwearmall.com/goods/MBG5TH/MBG5TH1901LBR_M.jpg,,,,,"₩19,900","₩49,900",60,,,,,260623,
display-topten10.goodwearmall.com,false,,탑텐,,,,,https://topten10.goodwearmall.com/product/MBG5TH1901BK/detail,남성) 스쿠바 후디,,,https://display-topten10.goodwearmall.com/goods/MBG5TH/MBG5TH1901BK_M.jpg,,,,,"₩19,900","₩49,900",60,,,,,260623,
display-topten10.goodwearmall.com,false,,탑텐,,,,,https://topten10.goodwearmall.com/product/MSG5WC1901WT/detail,남성) 옥스포드 버튼다운 셔츠,,,https://display-topten10.goodwearmall.com/goods/MSG5WC/MSG5WC1901WT_M.jpg,,,,,"₩19,900","₩39,900",50,,,,,260623,
display-topten10.goodwearmall.com,false,,탑텐,,,,,https://topten10.goodwearmall.com/product/MSG2WC1911SGR/detail,남성) 옥스포드 버튼다운 셔츠,,,https://display-topten10.goodwearmall.com/goods/MSG2WC/MSG2WC1911SGR_M.jpg,,,,,"₩19,900","₩39,900",50,,,,,260623,
display-topten10.goodwearmall.com,false,,탑텐,,,,,https://topten10.goodwearmall.com/product/MSG2WC1911LKH/detail,남성) 옥스포드 버튼다운 셔츠,,,https://display-topten10.goodwearmall.com/goods/MSG2WC/MSG2WC1911LKH_M.jpg,,,,,"₩19,900","₩39,900",50,,,,,260623,
display-topten10.goodwearmall.com,false,,탑텐,,,,,https://topten10.goodwearmall.com/product/MBG5TR1250IV/detail,남성) 와플 맨투맨,,,https://display-topten10.goodwearmall.com/goods/MBG5TR/MBG5TR1250IV_M.jpg,,,,,"₩29,900","₩49,900",40,,,,,260623,
display-topten10.goodwearmall.com,false,,탑텐,,,,,https://topten10.goodwearmall.com/product/MBG5TR1250CH/detail,남성) 와플 맨투맨,,,https://display-topten10.goodwearmall.com/goods/MBG5TR/MBG5TR1250CH_M.jpg,,,,,"₩29,900","₩49,900",40,,,,,260623,
display-topten10.goodwearmall.com,false,,탑텐,,,,,https://topten10.goodwearmall.com/product/MBG5TR1250BK/detail,남성) 와플 맨투맨,,,https://display-topten10.goodwearmall.com/goods/MBG5TR/MBG5TR1250BK_M.jpg,,,,,"₩29,900","₩49,900",40,,,,,260623,
display-topten10.goodwearmall.com,false,,탑텐,,,,,https://topten10.goodwearmall.com/product/MSG5AL1011BR/detail,남성) 웨빙 스트레치 벨트,,,https://display-topten10.goodwearmall.com/goods/MSG5AL/MSG5AL1011BR_M.jpg,,,,,"₩19,900","₩19,900",,,,,,260623,
display-topten10.goodwearmall.com,false,,탑텐,,,,,https://topten10.goodwearmall.com/product/MSG5AL1011BK/detail,남성) 웨빙 스트레치 벨트,,,https://display-topten10.goodwearmall.com/goods/MSG5AL/MSG5AL1011BK_M.jpg,,,,,"₩19,900","₩19,900",,,,,,260623,
display-topten10.goodwearmall.com,false,,탑텐,,,,,https://topten10.goodwearmall.com/product/MSG2ET1001LGN/detail,남성) 쿨라이트 오픈카라 스웨터,,,https://display-topten10.goodwearmall.com/goods/MSG2ET/MSG2ET1001LGN_M.jpg,,,,,"₩19,900","₩39,900",50,,,,,260623,
display-topten10.goodwearmall.com,false,,탑텐,,,,,https://topten10.goodwearmall.com/product/MBG5TS1201WT/detail,남성) 퀵드라이 T (긴팔),,,https://display-topten10.goodwearmall.com/goods/MBG5TS/MBG5TS1201WT_M.jpg,,,,,"₩15,900","₩29,900",46,,,,,260623,
display-topten10.goodwearmall.com,false,,탑텐,,,,,https://topten10.goodwearmall.com/product/MBG5TS1201BK/detail,남성) 퀵드라이 T (긴팔),,,https://display-topten10.goodwearmall.com/goods/MBG5TS/MBG5TS1201BK_M.jpg,,,,,"₩15,900","₩29,900",46,,,,,260623,
display-topten10.goodwearmall.com,false,,탑텐,,,,,https://topten10.goodwearmall.com/product/MBG5TS1253WT/detail,남성) 퀵드라이 그래픽 반팔 티,,,https://display-topten10.goodwearmall.com/goods/MBG5TS/MBG5TS1253WT_M.jpg,,,,,"₩12,900","₩29,900",56,,,,,260623,
display-topten10.goodwearmall.com,false,,탑텐,,,,,https://topten10.goodwearmall.com/product/MBG5TS1253DBL/detail,남성) 퀵드라이 그래픽 반팔 티,,,https://display-topten10.goodwearmall.com/goods/MBG5TS/MBG5TS1253DBL_M.jpg,,,,,"₩12,900","₩29,900",56,,,,,260623,
display-topten10.goodwearmall.com,false,,탑텐,,,,,https://topten10.goodwearmall.com/product/MBG5TS1253BK/detail,남성) 퀵드라이 그래픽 반팔 티,,,https://display-topten10.goodwearmall.com/goods/MBG5TS/MBG5TS1253BK_M.jpg,,,,,"₩12,900","₩29,900",56,,,,,260623,
display-topten10.goodwearmall.com,false,,탑텐,,,,,https://topten10.goodwearmall.com/product/MBG5TS1252WT/detail,남성) 퀵드라이 반팔 티,,,https://display-topten10.goodwearmall.com/goods/MBG5TS/MBG5TS1252WT_M.jpg,,,,,"₩12,900","₩29,900",56,,,,,260623,
display-topten10.goodwearmall.com,false,,탑텐,,,,,https://topten10.goodwearmall.com/product/MBG5TR1290MGR/detail,남성) 테리 오버핏 맨투맨,,,https://display-topten10.goodwearmall.com/goods/MBG5TR/MBG5TR1290MGR_M.jpg,,,,,"₩19,900","₩49,900",60,,,,,260623,
display-topten10.goodwearmall.com,false,,탑텐,,,,,https://topten10.goodwearmall.com/product/MBG5TS1291NV/detail,남성) 퍼포먼스 하프집업 긴팔 티,,,https://display-topten10.goodwearmall.com/goods/MBG5TS/MBG5TS1291NV_M.jpg,,,,,"₩15,900","₩39,900",60,,,,,260623,
display-topten10.goodwearmall.com,false,,탑텐,,,,,https://topten10.goodwearmall.com/product/MBG5TS1291MGR/detail,남성) 퍼포먼스 하프집업 긴팔 티,,,https://display-topten10.goodwearmall.com/goods/MBG5TS/MBG5TS1291MGR_M.jpg,,,,,"₩15,900","₩39,900",60,,,,,260623,
display-topten10.goodwearmall.com,false,,탑텐,,,,,https://topten10.goodwearmall.com/product/MBG5TS1291BK/detail,남성) 퍼포먼스 하프집업 긴팔 티,,,https://display-topten10.goodwearmall.com/goods/MBG5TS/MBG5TS1291BK_M.jpg,,,,,"₩15,900","₩39,900",60,,,,,260623,
display-topten10.goodwearmall.com,false,,탑텐,,,,,https://topten10.goodwearmall.com/product/MSG5AY2000GR/detail,여성) 스트라이프 레귤러 삭스,,,https://display-topten10.goodwearmall.com/goods/MSG5AY/MSG5AY2000GR_M.jpg,,,,,"₩3,900","₩3,900",,,,,,260623,
display-topten10.goodwearmall.com,false,,탑텐,,,,,https://topten10.goodwearmall.com/product/MSG5AY2000BK/detail,여성) 스트라이프 레귤러 삭스,,,https://display-topten10.goodwearmall.com/goods/MSG5AY/MSG5AY2000BK_M.jpg,,,,,"₩3,900","₩3,900",,,,,,260623,
display-topten10.goodwearmall.com,false,,탑텐,,,,,https://topten10.goodwearmall.com/product/MSG5AY2000BE/detail,여성) 스트라이프 레귤러 삭스,,,https://display-topten10.goodwearmall.com/goods/MSG5AY/MSG5AY2000BE_M.jpg,,,,,"₩3,900","₩3,900",,,,,,260623,
display-topten10.goodwearmall.com,false,,탑텐,,,,,https://topten10.goodwearmall.com/product/MSG5AY2001WT/detail,여성) 시스루 삭스,,,https://display-topten10.goodwearmall.com/goods/MSG5AY/MSG5AY2001WT_M.jpg,,,,,"₩3,900","₩3,900",,,,,,260623,
