platform,is_ranking,rank,brand,main_category,category,gender,product_name,product_detail_url,thumbnail,regular_price,current_price,discount_rate,crawled_at,color,material,details,rating,reviews
,false,,마뗑킴,,카테고리27,,ARTIST PROJECT Matin Kim X Stefan Meier ARTWORK TOP IN DARK GREY,https://matinkim.com/product/detail.html?product_no=9310,https://matinkim.com/web/product/medium/202606/55e97ad2a65e5ac2210587b779f946ee.jpg,"₩88,000",,,260626,,,,,
,false,,마뗑킴,,카테고리27,,ARTIST PROJECT Matin Kim X Stefan Meier ARTWORK TOP IN OFF WHITE,https://matinkim.com/product/detail.html?product_no=9309,https://matinkim.com/web/product/medium/202606/77acc2c0f3cef6be363032df946f6e1d.jpg,"₩88,000",,,260626,,,,,
,false,,마뗑킴,,카테고리27,,STRIPE KNIT TUBE TOP IN NAVY,https://matinkim.com/product/detail.html?product_no=9296,https://matinkim.com/web/product/medium/202606/1d91a25cf4a1dc3b4c7637755e4259c2.jpg,"₩108,000",,,260626,,,,,
,false,,마뗑킴,,카테고리27,,STRIPE KNIT TUBE TOP IN LIGHT BLUE,https://matinkim.com/product/detail.html?product_no=9297,https://matinkim.com/web/product/medium/202606/9e8ea19eecf73783d6d061030396e88c.jpg,"₩108,000",,,260626,,,,,
,false,,마뗑킴,,카테고리27,,STRIPED HALTER NECK TOP IN NAVY,https://matinkim.com/product/detail.html?product_no=9294,https://matinkim.com/web/product/medium/202605/19131016eb0ad3668662c7f276660706.jpg,"₩58,000",,,260626,,,,,
,false,,마뗑킴,,카테고리27,,STRIPED HALTER NECK TOP IN LIGHT BLUE,https://matinkim.com/product/detail.html?product_no=9295,https://matinkim.com/web/product/medium/202605/f0c26f954ce7f2d2698cd8d0875458fb.jpg,"₩58,000",,,260626,,,,,
,false,,마뗑킴,,카테고리27,,TRANSFORMABLE COVER UP SCARF IN GREY,https://matinkim.com/product/detail.html?product_no=9283,https://matinkim.com/web/product/medium/202605/c3efdadaddc900d2d867e699c3f2e1c6.jpg,"₩68,000",,,260626,,,,,
,false,,마뗑킴,,카테고리27,,TRANSFORMABLE COVER UP SCARF IN KHAKI,https://matinkim.com/product/detail.html?product_no=9282,https://matinkim.com/web/product/medium/202605/85a67f45cc7fa72250685cbf3671dd15.jpg,"₩68,000",,,260626,,,,,
,false,,마뗑킴,,카테고리27,,BUTTON SLEEVELESS BLOUSE IN BLACK,https://matinkim.com/product/detail.html?product_no=9289,https://matinkim.com/web/product/medium/202606/c198c8da815715c85dd4eabe63940c3c.jpg,"₩128,000",,,260626,,,,,
,false,,마뗑킴,,카테고리27,,BUTTON SLEEVELESS BLOUSE IN GREY,https://matinkim.com/product/detail.html?product_no=9288,https://matinkim.com/web/product/medium/202606/0c44151c514b41c17f7099929a7764d7.jpg,"₩128,000",,,260626,,,,,
,false,,마뗑킴,,카테고리27,,VINTAGE LETTERING GRAFFITI TOP IN WHITE,https://matinkim.com/product/detail.html?product_no=9291,https://matinkim.com/web/product/medium/202605/89dd581353034e030acdf4621d2fc256.jpg,"₩68,000",,,260626,,,,,
,false,,마뗑킴,,카테고리27,,VINTAGE LETTERING GRAFFITI TOP IN CHARCOAL,https://matinkim.com/product/detail.html?product_no=9290,https://matinkim.com/web/product/medium/202605/2e46ee83d89259c3bdf7863617d7fc7e.jpg,"₩68,000",,,260626,,,,,
,false,,마뗑킴,,카테고리27,,LABEL POINT U NECK TOP IN BLACK,https://matinkim.com/product/detail.html?product_no=9293,https://matinkim.com/web/product/medium/202605/e18dab57f4b83972dad9047e4bede8b5.jpg,"₩58,000",,,260626,,,,,
,false,,마뗑킴,,카테고리27,,LABEL POINT U NECK TOP IN CHARCOAL,https://matinkim.com/product/detail.html?product_no=9292,https://matinkim.com/web/product/medium/202605/684f4f87c68dd61981d1ae4c919f19b3.jpg,"₩58,000",,,260626,,,,,
,false,,마뗑킴,,카테고리27,,GHOST ARTWORK CROP TOP IN STRONG BLACK,https://matinkim.com/product/detail.html?product_no=9304,https://matinkim.com/web/product/medium/202605/81f62e059d725d210f3955111f5f31cd.jpg,"₩48,000",,,260626,,,,,
,false,,마뗑킴,,카테고리27,,GHOST ARTWORK CROP TOP IN BLACK,https://matinkim.com/product/detail.html?product_no=9305,https://matinkim.com/web/product/medium/202605/7d1e9219f65c532c68f5e52bae615fda.jpg,"₩48,000",,,260626,,,,,
,false,,마뗑킴,,카테고리27,,CUT OUT SLEEVELESS KNIT TOP IN LIGHT GREY,https://matinkim.com/product/detail.html?product_no=9280,https://matinkim.com/web/product/medium/202605/1c9ec7a69d0a960df8405a15089b6b21.jpg,"₩138,000",,,260626,,,,,
,false,,마뗑킴,,카테고리27,,CUT OUT SLEEVELESS KNIT TOP IN DARK NAVY,https://matinkim.com/product/detail.html?product_no=9279,https://matinkim.com/web/product/medium/202605/a4d4e13460c9190b1577a92a3f22a54f.jpg,"₩138,000",,,260626,,,,,
,false,,마뗑킴,,카테고리27,,ASYMMETRIC OFF SHOULDER TOP IN BLACK,https://matinkim.com/product/detail.html?product_no=9278,https://matinkim.com/web/product/medium/202606/674b68cf3202864a88ec4300de60653c.jpg,"₩58,000",,,260626,,,,,
,false,,마뗑킴,,카테고리27,,ASYMMETRIC OFF SHOULDER TOP IN LIGHT GREY,https://matinkim.com/product/detail.html?product_no=9277,https://matinkim.com/web/product/medium/202606/c477e8122e80a0765a42dbd15abb7ad9.jpg,"₩58,000",,,260626,,,,,
,false,,마뗑킴,,카테고리27,,SIDE SHIRRING BUTTON TOP IN CREAM,https://matinkim.com/product/detail.html?product_no=9276,https://matinkim.com/web/product/medium/202605/6d7050ffe43d078809263eb50bd71432.jpg,"₩68,000",,,260626,,,,,
,false,,마뗑킴,,카테고리27,,SIDE SHIRRING BUTTON TOP IN GREY,https://matinkim.com/product/detail.html?product_no=9275,https://matinkim.com/web/product/medium/202605/f7f97840a203d24789f18f01efd82c77.jpg,"₩68,000",,,260626,,,,,
,false,,마뗑킴,,카테고리27,,SIDE SHIRRING BUTTON TOP IN LIGHT BLUE,https://matinkim.com/product/detail.html?product_no=9274,https://matinkim.com/web/product/medium/202605/dc43657ad72816591a65ffa5a2ca75c7.jpg,"₩68,000",,,260626,,,,,
,false,,마뗑킴,,카테고리27,,DRAPED ASYMMETRIC SLEEVELESS TOP IN BLACK,https://matinkim.com/product/detail.html?product_no=9273,https://matinkim.com/web/product/medium/202606/a89fa540c22ddf24d7250ce0bd909c93.jpg,"₩68,000",,,260626,,,,,
,false,,마뗑킴,,카테고리27,,DRAPED ASYMMETRIC SLEEVELESS TOP IN SMOKE BLUE,https://matinkim.com/product/detail.html?product_no=9272,https://matinkim.com/web/product/medium/202606/1e77f98d8d2f4a621a797c4faff9f3b6.jpg,"₩68,000",,,260626,,,,,
,false,,마뗑킴,,카테고리27,,HEM TIE DETAIL SLEEVELESS TOP IN BLACK,https://matinkim.com/product/detail.html?product_no=9271,https://matinkim.com/web/product/medium/202605/66d9cc8b7fe66dc9a287965e595193dc.jpg,"₩58,000",,,260626,,,,,
,false,,마뗑킴,,카테고리27,,HEM TIE DETAIL SLEEVELESS TOP IN CHARCOAL,https://matinkim.com/product/detail.html?product_no=9270,https://matinkim.com/web/product/medium/202605/3c7f56338d768d261a0e3e629a127944.jpg,"₩58,000",,,260626,,,,,
,false,,마뗑킴,,카테고리27,,SLEEVELESS HENLEY TOP FOR MEN IN BLACK,https://matinkim.com/product/detail.html?product_no=9269,https://matinkim.com/web/product/medium/202605/d28d159744aa76a30df5e80b71ee7920.jpg,"₩58,000",,,260626,,,,,
,false,,마뗑킴,,카테고리27,,SLEEVELESS HENLEY TOP FOR MEN IN GREY,https://matinkim.com/product/detail.html?product_no=9268,https://matinkim.com/web/product/medium/202605/f3cb5d8d9e0c6539ead48ee9bb885c5c.jpg,"₩58,000",,,260626,,,,,
,false,,마뗑킴,,카테고리27,,HALF SLEEVE POCKET SHIRT IN WHITE,https://matinkim.com/product/detail.html?product_no=9267,https://matinkim.com/web/product/medium/202605/1a12e5a0bc5aa79a2ddfcfdfae8f4116.jpg,"₩168,000",,,260626,,,,,
,false,,마뗑킴,,카테고리27,,HALF SLEEVE POCKET SHIRT IN CHARCOAL,https://matinkim.com/product/detail.html?product_no=9266,https://matinkim.com/web/product/medium/202605/da646c42a593c0992fb31f23ed13804a.jpg,"₩168,000",,,260626,,,,,
,false,,마뗑킴,,카테고리27,,LAYERED TIE HALTER NECK KNIT TOP IN BLACK,https://matinkim.com/product/detail.html?product_no=9230,https://matinkim.com/web/product/medium/202604/6ff54295f04068680e5ca82d675a3122.jpg,"₩168,000",,,260626,,,,,
,false,,마뗑킴,,카테고리27,,LAYERED TIE HALTER NECK KNIT TOP IN LIGHT GREY,https://matinkim.com/product/detail.html?product_no=9229,https://matinkim.com/web/product/medium/202604/c96fe9ee99c5b2993f52702c5a037ddb.jpg,"₩168,000",,,260626,,,,,
,false,,마뗑킴,,카테고리27,,MATIN KIM ARCH LOGO CROP TOP IN BLACK,https://matinkim.com/product/detail.html?product_no=9228,https://matinkim.com/web/product/medium/202604/010262f66b5c31522c8d6010907b9b49.jpg,"₩48,000",,,260626,,,,,
,false,,마뗑킴,,카테고리27,,MATIN KIM ARCH LOGO CROP TOP IN WHITE,https://matinkim.com/product/detail.html?product_no=9227,https://matinkim.com/web/product/medium/202606/992c381f5fed30e00847a33b40182ff3.jpg,"₩48,000",,,260626,,,,,
,false,,마뗑킴,,카테고리27,,LETTERING GRAFFITI CREASE TOP IN BLACK,https://matinkim.com/product/detail.html?product_no=9226,https://matinkim.com/web/product/medium/202604/78af255947ecb59e72d4d20656c76393.jpg,"₩58,000",,,260626,,,,,
,false,,마뗑킴,,카테고리27,,LETTERING GRAFFITI CREASE TOP IN BEIGE,https://matinkim.com/product/detail.html?product_no=9225,https://matinkim.com/web/product/medium/202604/00747931bd66b8a409dbbf8df820f492.jpg,"₩58,000",,,260626,,,,,
,false,,마뗑킴,,카테고리27,,TIE DETAIL DRAPED LOGO TOP IN WHITE,https://matinkim.com/product/detail.html?product_no=9224,https://matinkim.com/web/product/medium/202604/67c96648cc4aa73710f6f9b67967f1a9.jpg,"₩108,000",,,260626,,,,,
,false,,마뗑킴,,카테고리27,,TIE DETAIL DRAPED LOGO TOP IN CHARCOAL,https://matinkim.com/product/detail.html?product_no=9223,https://matinkim.com/web/product/medium/202604/0f0ee12f48137b64818d56b31e3c2281.jpg,"₩108,000",,,260626,,,,,
,false,,마뗑킴,,카테고리27,,MTK 16 GRAFFITI LOGO ASYMMETRIC TOP IN GREY,https://matinkim.com/product/detail.html?product_no=9222,https://matinkim.com/web/product/medium/202606/e74f00fb1fca5f5487a602b442df1a4b.jpg,"₩68,000",,,260626,,,,,
,false,,마뗑킴,,카테고리27,,MTK 16 GRAFFITI LOGO ASYMMETRIC TOP IN NAVY,https://matinkim.com/product/detail.html?product_no=9221,https://matinkim.com/web/product/medium/202605/be353cee488f6974f148ff351ba4735d.jpg,"₩68,000",,,260626,,,,,
,false,,마뗑킴,,카테고리27,,LABEL DETAIL SLIM FIT TOP IN BLACK,https://matinkim.com/product/detail.html?product_no=9255,https://matinkim.com/web/product/medium/202605/eda40e5b8df703b2f824bb11c0ed34b9.jpg,"₩48,000",,,260626,,,,,
,false,,마뗑킴,,카테고리27,,LABEL DETAIL SLIM FIT TOP IN IVORY,https://matinkim.com/product/detail.html?product_no=9220,https://matinkim.com/web/product/medium/202604/94872faa4314c5753db77af9f5b69393.jpg,"₩48,000",,,260626,,,,,
,false,,마뗑킴,,카테고리27,,LABEL DETAIL SLIM FIT TOP IN GREY,https://matinkim.com/product/detail.html?product_no=9219,https://matinkim.com/web/product/medium/202604/70f30d5a01f394daf11f8c1f6302ed25.jpg,"₩48,000",,,260626,,,,,
,false,,마뗑킴,,카테고리27,,LABEL DETAIL SLIM FIT TOP IN NAVY,https://matinkim.com/product/detail.html?product_no=9218,https://matinkim.com/web/product/medium/202604/dcde1cb3c58afe0ec22aa6dc4a591606.jpg,"₩48,000",,,260626,,,,,
,false,,마뗑킴,,카테고리27,,RAW EDGE RAGLAN TOP IN CREAM,https://matinkim.com/product/detail.html?product_no=9217,https://matinkim.com/web/product/medium/202604/ba68d47e4b31c0c4db9925476eda3cc6.jpg,"₩88,000",,,260626,,,,,
,false,,마뗑킴,,카테고리27,,RAW EDGE RAGLAN TOP IN NAVY,https://matinkim.com/product/detail.html?product_no=9216,https://matinkim.com/web/product/medium/202604/94a54fcc680de33f690e36f292a7ff2a.jpg,"₩88,000",,,260626,,,,,
,false,,마뗑킴,,카테고리27,,SQUARE NECK CROPPED TANK TOP IN BLACK,https://matinkim.com/product/detail.html?product_no=9215,https://matinkim.com/web/product/medium/202604/a7d10ea7be4bf0917cf76465fd48d786.jpg,"₩38,000",,,260626,,,,,
,false,,마뗑킴,,카테고리27,,SQUARE NECK CROPPED TANK TOP IN CHARCOAL,https://matinkim.com/product/detail.html?product_no=9214,https://matinkim.com/web/product/medium/202606/44edc39fc2e54ba5dd63485b606e5a71.jpg,"₩38,000",,,260626,,,,,
,false,,마뗑킴,,카테고리27,,LABEL DETAIL HALTER TANK TOP IN BLACK,https://matinkim.com/product/detail.html?product_no=9213,https://matinkim.com/web/product/medium/202604/af93c4c16a5c48e0b5451c6ad92a2c19.jpg,"₩38,000",,,260626,,,,,
,false,,마뗑킴,,카테고리27,,LABEL DETAIL HALTER TANK TOP IN GREY,https://matinkim.com/product/detail.html?product_no=9212,https://matinkim.com/web/product/medium/202604/40d2cfc6780ff6e99a15e438e5f4becf.jpg,"₩38,000",,,260626,,,,,
,false,,마뗑킴,,카테고리27,,LABEL DETAIL HALTER TANK TOP IN WINE,https://matinkim.com/product/detail.html?product_no=9211,https://matinkim.com/web/product/medium/202606/0898f4618e13eedee390ffb83cc2b224.jpg,"₩38,000",,,260626,,,,,
,false,,마뗑킴,,카테고리27,,RAW EDGE CUT OUT SLEEVELESS TOP FOR MEN IN BLACK,https://matinkim.com/product/detail.html?product_no=9210,https://matinkim.com/web/product/medium/202604/17e6e627132cd58b269c351ac65ebbc4.jpg,"₩68,000",,,260626,,,,,
,false,,마뗑킴,,카테고리27,,RAW EDGE CUT OUT SLEEVELESS TOP FOR MEN IN BEIGE,https://matinkim.com/product/detail.html?product_no=9209,https://matinkim.com/web/product/medium/202605/51d6c4eb0aef4f369a407b084dec68e8.jpg,"₩68,000",,,260626,,,,,
,false,,마뗑킴,,카테고리27,,HALTER NECK SHIRRING BLOUSE IN WHITE,https://matinkim.com/product/detail.html?product_no=9208,https://matinkim.com/web/product/medium/202604/327a4a3efeae0a27a8b9cb11786aa9cb.jpg,"₩138,000",,,260626,,,,,
,false,,마뗑킴,,카테고리27,,HALTER NECK SHIRRING BLOUSE IN BLUE,https://matinkim.com/product/detail.html?product_no=9207,https://matinkim.com/web/product/medium/202604/266bf8eb6c046bf80e900d3da3886e7d.jpg,"₩138,000",,,260626,,,,,
,false,,마뗑킴,,카테고리27,,MIXED CHECK OVER FIT SHIRT IN NAVY,https://matinkim.com/product/detail.html?product_no=9206,https://matinkim.com/web/product/medium/202605/44c15c18b46c04c746aeacc73b71bfe9.jpg,"₩178,000",,,260626,,,,,
,false,,마뗑킴,,카테고리27,,MIXED CHECK OVER FIT SHIRT IN BROWN,https://matinkim.com/product/detail.html?product_no=9205,https://matinkim.com/web/product/medium/202604/c48f99fb72e69a406ec381bae368b95d.jpg,"₩178,000",,,260626,,,,,
,false,,마뗑킴,,카테고리27,,HALF SLEEVE LOGO PULLOVER FOR WOMEN IN BLACK,https://matinkim.com/product/detail.html?product_no=9164,https://matinkim.com/web/product/medium/202604/633d5654c9a18c35618ebddc3a7ac06b.jpg,"₩138,000",,,260626,,,,,
,false,,마뗑킴,,카테고리27,,HALF SLEEVE LOGO PULLOVER FOR WOMEN IN WHITE,https://matinkim.com/product/detail.html?product_no=9163,https://matinkim.com/web/product/medium/202606/d33c521eeabb3f1e55c2d49ca5abc6a6.jpg,"₩138,000",,,260626,,,,,
,false,,마뗑킴,,카테고리27,,HALF SLEEVE LOGO PULLOVER FOR WOMEN IN PINK,https://matinkim.com/product/detail.html?product_no=9162,https://matinkim.com/web/product/medium/202604/a0b5b29f5e8e77182474ae62766cf8dc.jpg,"₩138,000",,,260626,,,,,
,false,,마뗑킴,,카테고리27,,HALF SLEEVE LOGO PULLOVER FOR MEN IN BLACK,https://matinkim.com/product/detail.html?product_no=9161,https://matinkim.com/web/product/medium/202604/0bfb38f743b84df6ce08182340ce0ede.jpg,"₩138,000",,,260626,,,,,
,false,,마뗑킴,,카테고리27,,HALF SLEEVE LOGO PULLOVER FOR MEN IN LIGHT GREY,https://matinkim.com/product/detail.html?product_no=9160,https://matinkim.com/web/product/medium/202604/1cb4de80354deb73e181e7b99ba62f6b.jpg,"₩138,000",,,260626,,,,,
,false,,마뗑킴,,카테고리27,,3/4 SLEEVE TOP & TANK LAYERED SET IN BLACK,https://matinkim.com/product/detail.html?product_no=9159,https://matinkim.com/web/product/medium/202604/22461bc8552407924559a99d2215ad0c.jpg,"₩68,000",,,260626,,,,,
,false,,마뗑킴,,카테고리27,,3/4 SLEEVE TOP & TANK LAYERED SET IN SMOKE BLUE,https://matinkim.com/product/detail.html?product_no=9158,https://matinkim.com/web/product/medium/202604/3144e10df30592b469ba7817e51a2d84.jpg,"₩68,000",,,260626,,,,,
,false,,마뗑킴,,카테고리27,,3/4 SLEEVE TOP & TANK LAYERED SET IN YELLOW,https://matinkim.com/product/detail.html?product_no=9157,https://matinkim.com/web/product/medium/202604/b3a4f70a7a37fc6bf33a19626ec9d23c.jpg,"₩68,000",,,260626,,,,,
,false,,마뗑킴,,카테고리27,,APPLIQUE FELT LOGO TOP IN BLACK,https://matinkim.com/product/detail.html?product_no=9156,https://matinkim.com/web/product/medium/202604/f134a63fc39e61f4daf71159c030575c.jpg,"₩58,000",,,260626,,,,,
,false,,마뗑킴,,카테고리27,,APPLIQUE FELT LOGO TOP IN CREAM,https://matinkim.com/product/detail.html?product_no=9155,https://matinkim.com/web/product/medium/202606/7885773b8ed957ef4cfa43846013cc9e.jpg,"₩58,000",,,260626,,,,,
,false,,마뗑킴,,카테고리27,,APPLIQUE FELT LOGO TOP IN CHARCOAL,https://matinkim.com/product/detail.html?product_no=9154,https://matinkim.com/web/product/medium/202604/96d1d0eb92a07b5761beec0219fd5e68.jpg,"₩58,000",,,260626,,,,,
,false,,마뗑킴,,카테고리27,,APPLIQUE FELT LOGO TOP IN GREY,https://matinkim.com/product/detail.html?product_no=9153,https://matinkim.com/web/product/medium/202604/6a108db238ea146d9ee783b946da4263.jpg,"₩58,000",,,260626,,,,,
,false,,마뗑킴,,카테고리27,,APPLIQUE FELT LOGO TOP IN BLUE,https://matinkim.com/product/detail.html?product_no=9152,https://matinkim.com/web/product/medium/202604/3fff0a86660d0f2a28781d62ee15bf22.jpg,"₩58,000",,,260626,,,,,
,false,,마뗑킴,,카테고리27,,APPLIQUE FELT LOGO TOP IN PINK,https://matinkim.com/product/detail.html?product_no=9151,https://matinkim.com/web/product/medium/202604/f43d0fa815a1219ffb0e77c804a98e5b.jpg,"₩58,000",,,260626,,,,,
,false,,마뗑킴,,카테고리27,,APPLIQUE FELT LOGO TOP FOR MEN IN BLACK,https://matinkim.com/product/detail.html?product_no=9150,https://matinkim.com/web/product/medium/202604/cd377002b674d393945bfca16226878a.jpg,"₩68,000",,,260626,,,,,
,false,,마뗑킴,,카테고리27,,APPLIQUE FELT LOGO TOP FOR MEN IN STRONG BLACK,https://matinkim.com/product/detail.html?product_no=9149,https://matinkim.com/web/product/medium/202604/6b8efa3c4b712243a9e8a11882a54b24.jpg,"₩68,000",,,260626,,,,,
,false,,마뗑킴,,카테고리27,,APPLIQUE FELT LOGO TOP FOR MEN IN CHARCOAL,https://matinkim.com/product/detail.html?product_no=9148,https://matinkim.com/web/product/medium/202604/40895ce5e77c3c87576b0a4b9b240593.jpg,"₩68,000",,,260626,,,,,
,false,,마뗑킴,,카테고리27,,APPLIQUE FELT LOGO TOP FOR MEN IN GREY,https://matinkim.com/product/detail.html?product_no=9147,https://matinkim.com/web/product/medium/202604/5c107202432ccd52dff49cd90a0d9855.jpg,"₩68,000",,,260626,,,,,
,false,,마뗑킴,,카테고리27,,APPLIQUE FELT LOGO TOP FOR MEN IN BLUE,https://matinkim.com/product/detail.html?product_no=9146,https://matinkim.com/web/product/medium/202604/4b22067aecf9cb0f135476fadc7e29cf.jpg,"₩68,000",,,260626,,,,,
,false,,마뗑킴,,카테고리27,,PORTRAIT GRAFFITI LOGO TOP IN WHITE,https://matinkim.com/product/detail.html?product_no=9145,https://matinkim.com/web/product/medium/202604/182f0b80f23ba852714898a07bfc576b.jpg,"₩78,000",,,260626,,,,,
,false,,마뗑킴,,카테고리27,,PORTRAIT GRAFFITI LOGO TOP IN LIGHT GREY,https://matinkim.com/product/detail.html?product_no=9144,https://matinkim.com/web/product/medium/202604/1ea99d16a8aa58a5253c7808ebaeeffc.jpg,"₩78,000",,,260626,,,,,
,false,,마뗑킴,,카테고리27,,POCKET POINT SLIM FIT TOP IN CHARCOAL,https://matinkim.com/product/detail.html?product_no=9143,https://matinkim.com/web/product/medium/202604/1c5f1951543c52cf21a79cf3a959d03b.jpg,"₩78,000",,,260626,,,,,
,false,,마뗑킴,,카테고리27,,POCKET POINT SLIM FIT TOP IN BEIGE,https://matinkim.com/product/detail.html?product_no=9142,https://matinkim.com/web/product/medium/202604/fb143e59e935e722b747785a0a38c14d.jpg,"₩78,000",,,260626,,,,,
,false,,마뗑킴,,카테고리27,,TONAL RIB LOGO CROP TOP IN WHITE,https://matinkim.com/product/detail.html?product_no=9141,https://matinkim.com/web/product/medium/202604/d90ddc408e215f1fe9c0969c72d660b7.jpg,"₩48,000",,,260626,,,,,
,false,,마뗑킴,,카테고리27,,TONAL RIB LOGO CROP TOP IN CHARCOAL,https://matinkim.com/product/detail.html?product_no=9140,https://matinkim.com/web/product/medium/202604/cc2ece30a7ef30e4a8ce881df95e6b28.jpg,"₩48,000",,,260626,,,,,
,false,,마뗑킴,,카테고리27,,TONAL RIB LOGO CROP TOP IN GREY,https://matinkim.com/product/detail.html?product_no=9139,https://matinkim.com/web/product/medium/202604/709da4234129d6dfe352e83926753bbb.jpg,"₩48,000",,,260626,,,,,
,false,,마뗑킴,,카테고리27,,TONAL RIB BACK LOGO TOP FOR MEN IN BLACK,https://matinkim.com/product/detail.html?product_no=9138,https://matinkim.com/web/product/medium/202604/a43ba014e9bdc2e7313c0cee30a81678.jpg,"₩68,000",,,260626,,,,,
,false,,마뗑킴,,카테고리27,,TONAL RIB BACK LOGO TOP FOR MEN IN WHITE,https://matinkim.com/product/detail.html?product_no=9137,https://matinkim.com/web/product/medium/202604/56275a8623fefca2bb23ccad0e3c5914.jpg,"₩68,000",,,260626,,,,,
,false,,마뗑킴,,카테고리27,,TONAL RIB BACK LOGO TOP FOR MEN IN SMOKE BLUE,https://matinkim.com/product/detail.html?product_no=9136,https://matinkim.com/web/product/medium/202604/53ee6e5c321005749543302b03fe1734.jpg,"₩68,000",,,260626,,,,,
,false,,마뗑킴,,카테고리27,,MATIN PUNK GRAFFITI TOP FOR MEN IN BLACK,https://matinkim.com/product/detail.html?product_no=9135,https://matinkim.com/web/product/medium/202604/b0332c9205a1dd90a30ab53810146e70.jpg,"₩88,000",,,260626,,,,,
,false,,마뗑킴,,카테고리27,,MATIN PUNK GRAFFITI TOP FOR MEN IN WHITE,https://matinkim.com/product/detail.html?product_no=9134,https://matinkim.com/web/product/medium/202604/e6987a2642667a35c2dc9c3632cf6de1.jpg,"₩88,000",,,260626,,,,,
,false,,마뗑킴,,카테고리27,,VINTAGE WASHED POCKET TOP FOR MEN IN CHARCOAL,https://matinkim.com/product/detail.html?product_no=9133,https://matinkim.com/web/product/medium/202604/74c7f2248a87d12003de9ac16da99fa0.jpg,"₩78,000",,,260626,,,,,
,false,,마뗑킴,,카테고리27,,VINTAGE WASHED POCKET TOP FOR MEN IN SMOKE BLUE,https://matinkim.com/product/detail.html?product_no=9132,https://matinkim.com/web/product/medium/202604/0f1a9e4c2503536fa9219a896408165b.jpg,"₩78,000",,,260626,,,,,
,false,,마뗑킴,,카테고리27,,MATIN KIM CIRCLE LOGO TOP FOR MEN IN WHITE,https://matinkim.com/product/detail.html?product_no=9089,https://matinkim.com/web/product/medium/202604/070026686b1304f20beeaf2ca8bef560.jpg,"₩68,000",,,260626,,,,,
,false,,마뗑킴,,카테고리27,,MATIN KIM CIRCLE LOGO TOP FOR MEN IN BLACK,https://matinkim.com/product/detail.html?product_no=9090,https://matinkim.com/web/product/medium/202604/d6581a7ba9b5fa28d8890d1ad3aa9b42.jpg,"₩68,000",,,260626,,,,,
,false,,마뗑킴,,카테고리27,,SMALL LOGO WASHED PIQUE TOP FOR MEN IN CHARCOAL,https://matinkim.com/product/detail.html?product_no=9131,https://matinkim.com/web/product/medium/202604/65fe6f999391126a9c671ffbdd6a55de.jpg,"₩108,000",,,260626,,,,,
,false,,마뗑킴,,카테고리27,,SMALL LOGO WASHED PIQUE TOP FOR MEN IN BLUE,https://matinkim.com/product/detail.html?product_no=9130,https://matinkim.com/web/product/medium/202604/151ffb6d6eb438fafda210849d9c2ab8.jpg,"₩108,000",,,260626,,,,,
,false,,마뗑킴,,카테고리27,,TWIST SHOULDER SLEEVELESS TOP IN CREAM,https://matinkim.com/product/detail.html?product_no=9129,https://matinkim.com/web/product/medium/202604/ca60b9bceaf08bb0c3d9f3a96f98fd31.jpg,"₩48,000",,,260626,,,,,
,false,,마뗑킴,,카테고리27,,TWIST SHOULDER SLEEVELESS TOP IN GREY,https://matinkim.com/product/detail.html?product_no=9128,https://matinkim.com/web/product/medium/202604/ad486d16147610dc5ffb168fbd477972.jpg,"₩48,000",,,260626,,,,,
,false,,마뗑킴,,카테고리27,,RAW EDGE CRINKLE BLOUSE IN CREAM,https://matinkim.com/product/detail.html?product_no=9127,https://matinkim.com/web/product/medium/202604/0fbb33aaa1f3aaa44ee92933f80538c4.jpg,"₩168,000",,,260626,,,,,
,false,,마뗑킴,,카테고리27,,RAW EDGE CRINKLE BLOUSE IN LIGHT GREY,https://matinkim.com/product/detail.html?product_no=9126,https://matinkim.com/web/product/medium/202604/28427559fc144ef9ff76ddb4103eec05.jpg,"₩168,000",,,260626,,,,,
,false,,마뗑킴,,카테고리27,,MIXED PANEL OVER FIT SHIRT IN BLACK,https://matinkim.com/product/detail.html?product_no=9125,https://matinkim.com/web/product/medium/202604/8f91c8ce89efcf6f1d5da009075279a6.jpg,"₩168,000",,,260626,,,,,
,false,,마뗑킴,,카테고리27,,MIXED PANEL OVER FIT SHIRT IN WHITE,https://matinkim.com/product/detail.html?product_no=9124,https://matinkim.com/web/product/medium/202604/a8af85cc60beae8bdadf0847789ca383.jpg,"₩168,000",,,260626,,,,,
,false,,마뗑킴,,카테고리27,,SMALL LOGO OVER FIT SHIRT FOR MEN IN CHARCOAL,https://matinkim.com/product/detail.html?product_no=9123,https://matinkim.com/web/product/medium/202604/529023fb1792debf3263f67cac5aca07.jpg,"₩168,000",,,260626,,,,,
,false,,마뗑킴,,카테고리27,,SMALL LOGO OVER FIT SHIRT FOR MEN IN PINK,https://matinkim.com/product/detail.html?product_no=9122,https://matinkim.com/web/product/medium/202604/4c2c56cdbf4d2cf2579141df30d9d36a.jpg,"₩168,000",,,260626,,,,,
,false,,마뗑킴,,카테고리27,,STRING DETAIL KNIT CARDIGAN IN CREAM,https://matinkim.com/product/detail.html?product_no=9053,https://matinkim.com/web/product/medium/202603/7dffbf97838eab404f8cb2d99df94aca.jpg,"₩178,000",,,260626,,,,,
,false,,마뗑킴,,카테고리27,,STRING DETAIL KNIT CARDIGAN IN DARK NAVY,https://matinkim.com/product/detail.html?product_no=9052,https://matinkim.com/web/product/medium/202603/567ca8652498edd720935b92969c5f73.jpg,"₩178,000",,,260626,,,,,
,false,,마뗑킴,,카테고리27,,SLEEVE PRINT KNIT PULLOVER IN IVORY,https://matinkim.com/product/detail.html?product_no=9051,https://matinkim.com/web/product/medium/202603/5a47f6a34d73ed0b2e87142d66b6b6c9.jpg,"₩168,000",,,260626,,,,,
,false,,마뗑킴,,카테고리27,,SLEEVE PRINT KNIT PULLOVER IN LIGHT BLUE,https://matinkim.com/product/detail.html?product_no=9050,https://matinkim.com/web/product/medium/202603/f6da852b2bd2223179cd8fae77ef4aa4.jpg,"₩168,000",,,260626,,,,,
,false,,마뗑킴,,카테고리27,,OVERSIZED MESH KNIT HOODIE IN CREAM,https://matinkim.com/product/detail.html?product_no=9049,https://matinkim.com/web/product/medium/202603/20e54e1cced01aec52754ee57c519b04.jpg,"₩198,000",,,260626,,,,,
,false,,마뗑킴,,카테고리27,,OVERSIZED MESH KNIT HOODIE IN NAVY,https://matinkim.com/product/detail.html?product_no=9048,https://matinkim.com/web/product/medium/202603/370b8b1bb1f7eed989126b3ad3a21ac5.jpg,"₩198,000",,,260626,,,,,
,false,,마뗑킴,,카테고리27,,ASYMMETRIC BUTTON CLOSURE TOP IN NAVY,https://matinkim.com/product/detail.html?product_no=9047,https://matinkim.com/web/product/medium/202603/4c7e95700f324adcde20d93a7e221aed.jpg,"₩118,000",,,260626,,,,,
,false,,마뗑킴,,카테고리27,,ASYMMETRIC BUTTON CLOSURE TOP IN OLIVE,https://matinkim.com/product/detail.html?product_no=9046,https://matinkim.com/web/product/medium/202603/7dc2c20f04701847a41ed2ea094887e4.jpg,"₩118,000",,,260626,,,,,
,false,,마뗑킴,,카테고리27,,TWIST BOAT NECK STRIPE LOGO TOP IN BLACK,https://matinkim.com/product/detail.html?product_no=9045,https://matinkim.com/web/product/medium/202603/0f69dcba50dd8d8e29bb7f80e366d88a.jpg,"₩98,000",,,260626,,,,,
,false,,마뗑킴,,카테고리27,,TWIST BOAT NECK STRIPE LOGO TOP IN WHITE,https://matinkim.com/product/detail.html?product_no=9044,https://matinkim.com/web/product/medium/202603/577817ee3fc489349811b62ada82b3cb.jpg,"₩98,000",,,260626,,,,,
,false,,마뗑킴,,카테고리27,,MATIN LOGO RINGER CROP TOP IN WHITE,https://matinkim.com/product/detail.html?product_no=9043,https://matinkim.com/web/product/medium/202603/2c5ae97cac77127ba048c6d407bca23d.jpg,"₩58,000",,,260626,,,,,
,false,,마뗑킴,,카테고리27,,MATIN LOGO RINGER CROP TOP IN CREAM,https://matinkim.com/product/detail.html?product_no=9042,https://matinkim.com/web/product/medium/202606/97f88314f60c385dfa7a13a0ff33d606.jpg,"₩58,000",,,260626,,,,,
,false,,마뗑킴,,카테고리27,,MATIN LOGO RINGER CROP TOP IN NAVY,https://matinkim.com/product/detail.html?product_no=9041,https://matinkim.com/web/product/medium/202603/a23d48873b0b305015400d092aff5f66.jpg,"₩58,000",,,260626,,,,,
,false,,마뗑킴,,카테고리27,,MATIN LOGO RINGER TOP FOR MEN IN CREAM,https://matinkim.com/product/detail.html?product_no=9040,https://matinkim.com/web/product/medium/202603/c3670a0d0091eebc002dfee305f01049.jpg,"₩68,000",,,260626,,,,,
,false,,마뗑킴,,카테고리27,,MATIN LOGO RINGER TOP FOR MEN IN CHARCOAL,https://matinkim.com/product/detail.html?product_no=9039,https://matinkim.com/web/product/medium/202603/9a8b13e165cf97b14ef51093ce2001f2.jpg,"₩68,000",,,260626,,,,,
,false,,마뗑킴,,카테고리27,,SKETCH GRAFFITI OVER FIT TOP IN WHITE,https://matinkim.com/product/detail.html?product_no=9038,https://matinkim.com/web/product/medium/202603/4381e2b653236704ff05883adc3bda49.jpg,"₩88,000",,,260626,,,,,
,false,,마뗑킴,,카테고리27,,SKETCH GRAFFITI OVER FIT TOP IN LIGHT BLUE,https://matinkim.com/product/detail.html?product_no=9037,https://matinkim.com/web/product/medium/202603/6567cba7e710e2e75a089007fcdfd14a.jpg,"₩88,000",,,260626,,,,,
,false,,마뗑킴,,카테고리27,,PIGMENT GRAFFITI LOGO TOP IN CHARCOAL,https://matinkim.com/product/detail.html?product_no=9036,https://matinkim.com/web/product/medium/202604/5770fea9e7fadca638c861ba2ab36dce.jpg,"₩68,000",,,260626,,,,,
,false,,마뗑킴,,카테고리27,,PIGMENT GRAFFITI LOGO TOP IN BEIGE,https://matinkim.com/product/detail.html?product_no=9035,https://matinkim.com/web/product/medium/202603/138f998289a6f8a6ef652823249e2445.jpg,"₩68,000",,,260626,,,,,
,false,,마뗑킴,,카테고리27,,MATIN KIM LOGO WAFFLE TOP FOR MEN IN LIGHT BEIGE,https://matinkim.com/product/detail.html?product_no=9034,https://matinkim.com/web/product/medium/202603/61b2d05e56a5c7a435b49d89e32d4bde.jpg,"₩78,000",,,260626,,,,,
,false,,마뗑킴,,카테고리27,,DISTRESSED SLEEVELESS LOGO TOP IN CHARCOAL,https://matinkim.com/product/detail.html?product_no=9033,https://matinkim.com/web/product/medium/202606/82f906f20b22f4b88fc38e845f362255.jpg,"₩58,000",,,260626,,,,,
,false,,마뗑킴,,카테고리27,,DISTRESSED SLEEVELESS LOGO TOP IN LIGHT GREY,https://matinkim.com/product/detail.html?product_no=9032,https://matinkim.com/web/product/medium/202603/cc6e4401f2494cf3eb64a2d90d14494c.jpg,"₩58,000",,,260626,,,,,
,false,,마뗑킴,,카테고리27,,DISTRESSED SLEEVELESS LOGO TOP IN BEIGE,https://matinkim.com/product/detail.html?product_no=9031,https://matinkim.com/web/product/medium/202603/0568875c081320038fd55fbaeb7c4bf5.jpg,"₩58,000",,,260626,,,,,
,false,,마뗑킴,,카테고리27,,WASHED COTTON DRAWSTRING SHIRT IN CHARCOAL,https://matinkim.com/product/detail.html?product_no=9030,https://matinkim.com/web/product/medium/202603/e866663a715bed73f1ca2c8158c01b27.jpg,"₩198,000",,,260626,,,,,
,false,,마뗑킴,,카테고리27,,WASHED COTTON DRAWSTRING SHIRT IN SKY,https://matinkim.com/product/detail.html?product_no=9029,https://matinkim.com/web/product/medium/202603/35e22b5a20747fee4d87af3d44aebf01.jpg,"₩198,000",,,260626,,,,,
,false,,마뗑킴,,카테고리27,,PIGMENT LOGO CROP TOP IN DARK GREY,https://matinkim.com/product/detail.html?product_no=9071,https://matinkim.com/web/product/medium/202603/aeb104ea2b3c1a6431a1cd86c8c52aa1.jpg,"₩48,000",,,260626,,,,,
,false,,마뗑킴,,카테고리27,,PIGMENT LOGO CROP TOP IN POWDER BLUE,https://matinkim.com/product/detail.html?product_no=9070,https://matinkim.com/web/product/medium/202603/a486a3b65cb0ac3cb7bf66429fc95d8f.jpg,"₩48,000",,,260626,,,,,
,false,,마뗑킴,,카테고리27,,PIGMENT LOGO TOP IN DARK GREY,https://matinkim.com/product/detail.html?product_no=9067,https://matinkim.com/web/product/medium/202603/793f6f703946501d2015521dc439a5b7.jpg,"₩58,000",,,260626,,,,,
,false,,마뗑킴,,카테고리27,,PIGMENT LOGO TOP IN POWDER BLUE,https://matinkim.com/product/detail.html?product_no=9066,https://matinkim.com/web/product/medium/202603/92fb63feb8fb9c0d28e6aa719a19ad9d.jpg,"₩58,000",,,260626,,,,,
,false,,마뗑킴,,카테고리27,,BACK LOGO SNAP BUTTON CARDIGAN IN GREY,https://matinkim.com/product/detail.html?product_no=8962,https://matinkim.com/web/product/medium/202602/132a5b05c89c5a661976e64fdb31a105.jpg,"₩168,000",,,260626,,,,,
,false,,마뗑킴,,카테고리27,,MOHAIR LAYERED KNIT PULLOVER IN LIGHT GREY,https://matinkim.com/product/detail.html?product_no=8961,https://matinkim.com/web/product/medium/202602/37719999c1a5c13a3fc9e8cb9ef5e05f.jpg,"₩158,000",,,260626,,,,,
,false,,마뗑킴,,카테고리27,,MOHAIR LAYERED KNIT PULLOVER IN LIGHT YELLOW,https://matinkim.com/product/detail.html?product_no=8960,https://matinkim.com/web/product/medium/202602/cd99413e9a34397a91037a651fd2fbc6.jpg,"₩158,000",,,260626,,,,,
,false,,마뗑킴,,카테고리27,,GRAFFITI ARTWORK KNIT PULLOVER IN IVORY,https://matinkim.com/product/detail.html?product_no=8959,https://matinkim.com/web/product/medium/202602/99ff8da661b39ff21e012afd9022d960.jpg,"₩158,000",,,260626,,,,,
,false,,마뗑킴,,카테고리27,,GRAFFITI ARTWORK KNIT PULLOVER IN LIGHT BLUE,https://matinkim.com/product/detail.html?product_no=8958,https://matinkim.com/web/product/medium/202602/3359fda06b0dd3bae05f289b87dc6f43.jpg,"₩158,000",,,260626,,,,,
,false,,마뗑킴,,카테고리27,,LABEL POINT LETTERING CROP TOP IN BLACK,https://matinkim.com/product/detail.html?product_no=8957,https://matinkim.com/web/product/medium/202602/1f2403a8473f52d5f99b14a4fa708539.jpg,"₩48,000",,,260626,,,,,
,false,,마뗑킴,,카테고리27,,LABEL POINT LETTERING CROP TOP IN WHITE,https://matinkim.com/product/detail.html?product_no=8956,https://matinkim.com/web/product/medium/202602/e361a2d3834ce53321e570ac307c552e.jpg,"₩48,000",,,260626,,,,,
,false,,마뗑킴,,카테고리27,,LABEL POINT LETTERING TOP IN BLACK,https://matinkim.com/product/detail.html?product_no=8955,https://matinkim.com/web/product/medium/202602/9bbb9cf8dde5934b375e1d38c9416afa.jpg,"₩68,000",,,260626,,,,,
,false,,마뗑킴,,카테고리27,,LABEL POINT LETTERING TOP IN WHITE,https://matinkim.com/product/detail.html?product_no=8954,https://matinkim.com/web/product/medium/202602/605a9d61b6ecd2bea5891d59fe9994f7.jpg,"₩68,000",,,260626,,,,,
,false,,마뗑킴,,카테고리27,,BIG ARCH LOGO TOP FOR MEN IN BLACK,https://matinkim.com/product/detail.html?product_no=8977,https://matinkim.com/web/product/medium/202602/cce9c8a833c082f6d7277d9ee0c2e79f.jpg,"₩68,000",,,260626,,,,,
,false,,마뗑킴,,카테고리27,,MATIN LNY 26 PIGMENT LOGO TOP IN CHARCOAL,https://matinkim.com/product/detail.html?product_no=8971,https://matinkim.com/web/product/medium/202602/acba209e443cec2c0e4235d669feb8cb.jpg,"₩78,000",,,260626,,,,,
,false,,마뗑킴,,카테고리27,,MATIN LNY 26 PIGMENT LONG SLEEVE TOP IN LIGHT GREY,https://matinkim.com/product/detail.html?product_no=8974,https://matinkim.com/web/product/medium/202602/f86c2f7c75c777b312013e44025eab13.jpg,"₩98,000",,,260626,,,,,
,false,,마뗑킴,,카테고리27,,MATIN LNY 26 PIGMENT LONG SLEEVE TOP IN BEIGE,https://matinkim.com/product/detail.html?product_no=8973,https://matinkim.com/web/product/medium/202602/58b5ed9cbd3b5bc29b2760c6afade19b.jpg,"₩98,000",,,260626,,,,,
,false,,마뗑킴,,카테고리27,,COLOR BLOCK SLIM KNIT CARDIGAN IN CHARCOAL,https://matinkim.com/product/detail.html?product_no=8898,https://matinkim.com/web/product/medium/202602/53a537b9e02d07a72b194dcf3729e27e.jpg,"₩178,000",,,260626,,,,,
,false,,마뗑킴,,카테고리27,,COLOR BLOCK SLIM KNIT CARDIGAN IN BEIGE,https://matinkim.com/product/detail.html?product_no=8897,https://matinkim.com/web/product/medium/202602/b66c9da2a3a4ba6a601e29ab6c53d376.jpg,"₩178,000",,,260626,,,,,
,false,,마뗑킴,,카테고리27,,HANDCRAFT SLIM FIT CARDIGAN IN BLACK,https://matinkim.com/product/detail.html?product_no=8900,https://matinkim.com/web/product/medium/202602/3188f49f9c6c923827fc37c8340d10ff.jpg,"₩178,000",,,260626,,,,,
,false,,마뗑킴,,카테고리27,,HANDCRAFT SLIM FIT CARDIGAN IN LIGHT BEIGE,https://matinkim.com/product/detail.html?product_no=8899,https://matinkim.com/web/product/medium/202602/c4c7c29fb72b6fcd5332a915b5a9c9b7.jpg,"₩178,000",,,260626,,,,,
,false,,마뗑킴,,카테고리27,,STRIPE DAMAGED LOOSE PULLOVER IN BLACK,https://matinkim.com/product/detail.html?product_no=8902,https://matinkim.com/web/product/medium/202602/ac92d2f0d7006815f50e8117d77a3212.jpg,"₩168,000",,,260626,,,,,
,false,,마뗑킴,,카테고리27,,STRIPE DAMAGED LOOSE PULLOVER IN BEIGE,https://matinkim.com/product/detail.html?product_no=8901,https://matinkim.com/web/product/medium/202602/97339e5235af2ce2b6fd3b5fee238eab.jpg,"₩168,000",,,260626,,,,,
,false,,마뗑킴,,카테고리27,,TEXTURE BLOCK STRIPE KNIT PULLOVER IN LIGHT YELLOW,https://matinkim.com/product/detail.html?product_no=8904,https://matinkim.com/web/product/medium/202602/01727440376f77341bf1e1ab6bf977a0.jpg,"₩148,000",,,260626,,,,,
,false,,마뗑킴,,카테고리27,,TEXTURE BLOCK STRIPE KNIT PULLOVER IN NAVY,https://matinkim.com/product/detail.html?product_no=8903,https://matinkim.com/web/product/medium/202602/4abc026d5075c996beba260305269138.jpg,"₩148,000",,,260626,,,,,
,false,,마뗑킴,,카테고리27,,TIED DRAPERY TOP IN BLACK,https://matinkim.com/product/detail.html?product_no=8906,https://matinkim.com/web/product/medium/202602/572bc86c6eaaf91f46c7c6e030fe09ae.jpg,"₩128,000",,,260626,,,,,
,false,,마뗑킴,,카테고리27,,TIED DRAPERY TOP IN WHITE,https://matinkim.com/product/detail.html?product_no=8905,https://matinkim.com/web/product/medium/202602/c53b03bb8511d6149a265655f407b936.jpg,"₩128,000",,,260626,,,,,
,false,,마뗑킴,,카테고리27,,GRAFFITI LOGO STRIPE LAYERED TOP IN BLACK,https://matinkim.com/product/detail.html?product_no=8908,https://matinkim.com/web/product/medium/202602/4dc5db2d61173693dcfbc8d555da836e.jpg,"₩98,000",,,260626,,,,,
,false,,마뗑킴,,카테고리27,,GRAFFITI LOGO STRIPE LAYERED TOP IN GREY,https://matinkim.com/product/detail.html?product_no=8907,https://matinkim.com/web/product/medium/202606/7e58a9fd9953ad1dfde7aba1b3b371fe.jpg,"₩98,000",,,260626,,,,,
,false,,마뗑킴,,카테고리27,,GRAFFITI ROUND HEM CROP TOP IN CREAM,https://matinkim.com/product/detail.html?product_no=8910,https://matinkim.com/web/product/medium/202602/5b2d6dc80a7f3cae301b340d1b8457d4.jpg,"₩58,000",,,260626,,,,,
,false,,마뗑킴,,카테고리27,,GRAFFITI ROUND HEM CROP TOP IN NAVY,https://matinkim.com/product/detail.html?product_no=8909,https://matinkim.com/web/product/medium/202602/9aadde03afa6bb68da03d824903c979d.jpg,"₩58,000",,,260626,,,,,
,false,,마뗑킴,,카테고리27,,SPRAY WASHED LETTERING DAMAGED TOP IN CHARCOAL,https://matinkim.com/product/detail.html?product_no=8912,https://matinkim.com/web/product/medium/202602/1408d10993331b2b93ac49f67ccde07a.jpg,"₩68,000",,,260626,,,,,
,false,,마뗑킴,,카테고리27,,SPRAY WASHED LETTERING DAMAGED TOP IN NAVY,https://matinkim.com/product/detail.html?product_no=8911,https://matinkim.com/web/product/medium/202602/8d4d4d4dccd4f3f725d50646061d53e3.jpg,"₩68,000",,,260626,,,,,
,false,,마뗑킴,,카테고리27,,GRAFFITI ARTWORK TOP IN BLACK,https://matinkim.com/product/detail.html?product_no=8914,https://matinkim.com/web/product/medium/202602/62bb37f8b268b77bc713afa4688664b3.jpg,"₩78,000",,,260626,,,,,
,false,,마뗑킴,,카테고리27,,GRAFFITI ARTWORK TOP IN WHITE,https://matinkim.com/product/detail.html?product_no=8913,https://matinkim.com/web/product/medium/202602/ed163a49ea76ebc5d70b1e7e50cacdf1.jpg,"₩78,000",,,260626,,,,,
,false,,마뗑킴,,카테고리27,,BACK LOGO LINE POINT KNIT CARDIGAN IN BLACK,https://matinkim.com/product/detail.html?product_no=8735,https://matinkim.com/web/product/medium/202601/dc61f9f466be2e26ff5dbecd1f632026.jpg,"₩198,000",,,260626,,,,,
,false,,마뗑킴,,카테고리27,,BACK LOGO LINE POINT KNIT CARDIGAN IN SMOKE BLUE,https://matinkim.com/product/detail.html?product_no=8736,https://matinkim.com/web/product/medium/202601/c9a1de32630ec6d810b9024b15a868ef.jpg,"₩198,000",,,260626,,,,,
,false,,마뗑킴,,카테고리27,,MATIN SPELL POINT KNIT ZIP UP VEST IN BLACK,https://matinkim.com/product/detail.html?product_no=8737,https://matinkim.com/web/product/medium/202601/eb4dca540471cb36643d50d567c947af.jpg,"₩148,000",,,260626,,,,,
,false,,마뗑킴,,카테고리27,,MATIN SPELL POINT KNIT ZIP UP VEST IN IVORY,https://matinkim.com/product/detail.html?product_no=8738,https://matinkim.com/web/product/medium/202601/15c1f236dbbbc84d90da1a3478baad53.jpg,"₩148,000",,,260626,,,,,
,false,,마뗑킴,,카테고리27,,MATIN SPELL POINT KNIT ZIP UP IN BLACK,https://matinkim.com/product/detail.html?product_no=8739,https://matinkim.com/web/product/medium/202601/9d8b6d72ec7ea34937bc2a24036c8568.jpg,"₩198,000",,,260626,,,,,
,false,,마뗑킴,,카테고리27,,MATIN SPELL POINT KNIT ZIP UP IN IVORY,https://matinkim.com/product/detail.html?product_no=8740,https://matinkim.com/web/product/medium/202601/8ee7f1bc72fa90e06093baeb6d82757d.jpg,"₩198,000",,,260626,,,,,
,false,,마뗑킴,,카테고리27,,ASYMMETRIC LOGO KNIT PULLOVER IN BLACK,https://matinkim.com/product/detail.html?product_no=8741,https://matinkim.com/web/product/medium/202601/4ddae294b2e741031c2e9ab16f98a627.jpg,"₩168,000",,,260626,,,,,
,false,,마뗑킴,,카테고리27,,ASYMMETRIC LOGO KNIT PULLOVER IN IVORY,https://matinkim.com/product/detail.html?product_no=8742,https://matinkim.com/web/product/medium/202601/a19ff8a6c3f03c900fd00e1a1eb17c22.jpg,"₩168,000",,,260626,,,,,
,false,,마뗑킴,,카테고리27,,ASYMMETRIC DAMAGED KNIT PULLOVER IN IVORY,https://matinkim.com/product/detail.html?product_no=8743,https://matinkim.com/web/product/medium/202601/8bedf96b5f4f89d022ebe89c993aeaca.jpg,"₩158,000",,,260626,,,,,
,false,,마뗑킴,,카테고리27,,ASYMMETRIC DAMAGED KNIT PULLOVER IN KHAKI,https://matinkim.com/product/detail.html?product_no=8744,https://matinkim.com/web/product/medium/202601/d84a097d9945a31d665e063648da8718.jpg,"₩158,000",,,260626,,,,,
,false,,마뗑킴,,카테고리27,,RAGLAN SLEEVE KNIT PULLOVER IN GREY,https://matinkim.com/product/detail.html?product_no=8745,https://matinkim.com/web/product/medium/202601/e83208099332496ed39333f2a8b28a14.jpg,"₩158,000",,,260626,,,,,
,false,,마뗑킴,,카테고리27,,RAGLAN SLEEVE KNIT PULLOVER IN DARK BROWN,https://matinkim.com/product/detail.html?product_no=8746,https://matinkim.com/web/product/medium/202601/0623e9361f527cddc014ef17d0e9e2fe.jpg,"₩158,000",,,260626,,,,,
,false,,마뗑킴,,카테고리27,,TYPO ARTWORK CAMOUFLAGE HOODY IN CAMEL,https://matinkim.com/product/detail.html?product_no=8747,https://matinkim.com/web/product/medium/202601/936b8cea2beddb7e4a022e380d8cdb4a.jpg,"₩158,000",,,260626,,,,,
,false,,마뗑킴,,카테고리27,,TYPO ARTWORK CAMOUFLAGE HOODY IN KHAKI,https://matinkim.com/product/detail.html?product_no=8748,https://matinkim.com/web/product/medium/202601/c0516777d0dc2036aec75db147d57462.jpg,"₩158,000",,,260626,,,,,
,false,,마뗑킴,,카테고리27,,RAW EDGE HEM SWEAT HOODY IN CHARCOAL,https://matinkim.com/product/detail.html?product_no=8749,https://matinkim.com/web/product/medium/202601/bef50353cf8a4aed610d80163e008a60.jpg,"₩158,000",,,260626,,,,,
,false,,마뗑킴,,카테고리27,,RAW EDGE HEM SWEAT HOODY IN LIGHT BEIGE,https://matinkim.com/product/detail.html?product_no=8750,https://matinkim.com/web/product/medium/202601/94f88f11dbf2b641df84bacbd38fb400.jpg,"₩158,000",,,260626,,,,,
,false,,마뗑킴,,카테고리27,,RAW CUT GRAFFITI LOGO TOP IN BLACK,https://matinkim.com/product/detail.html?product_no=8751,https://matinkim.com/web/product/medium/202601/1b3af5bbdeb77378864bc8cf452a0fce.jpg,"₩68,000",,,260626,,,,,
,false,,마뗑킴,,카테고리27,,RAW CUT GRAFFITI LOGO TOP IN NAVY,https://matinkim.com/product/detail.html?product_no=8752,https://matinkim.com/web/product/medium/202601/93f4c5c62cf02d8d95ee74bc0c3d0388.jpg,"₩68,000",,,260626,,,,,
,false,,마뗑킴,,카테고리27,,RAW HEM FINISHED BOAT NECK TOP IN BLACK,https://matinkim.com/product/detail.html?product_no=8753,https://matinkim.com/web/product/medium/202601/8f660451cfb2a8e3075635a2c0ee2db6.jpg,"₩108,000",,,260626,,,,,
,false,,마뗑킴,,카테고리27,,RAW HEM FINISHED BOAT NECK TOP IN WHITE,https://matinkim.com/product/detail.html?product_no=8754,https://matinkim.com/web/product/medium/202601/d9be0407eaca2565d96aac6c2dc4d7cf.jpg,"₩108,000",,,260626,,,,,
,false,,마뗑킴,,카테고리27,,RAW HEM FINISHED BOAT NECK TOP IN GREY,https://matinkim.com/product/detail.html?product_no=8755,https://matinkim.com/web/product/medium/202601/b76d4c6be0e767c9b82fe48fca1284ed.jpg,"₩108,000",,,260626,,,,,
,false,,마뗑킴,,카테고리27,,VINTAGE GRAPHIC LAYERED TOP IN KHAKI,https://matinkim.com/product/detail.html?product_no=8756,https://matinkim.com/web/product/medium/202601/93c041eee65053190ac1d632924d5175.jpg,"₩128,000",,,260626,,,,,
,false,,마뗑킴,,카테고리27,,ASYMMETRIC LOGO TOP IN BLACK,https://matinkim.com/product/detail.html?product_no=8758,https://matinkim.com/web/product/medium/202604/ddcc8e18f3ac780f161f596c4395d7c0.jpg,"₩88,000",,,260626,,,,,
,false,,마뗑킴,,카테고리27,,ASYMMETRIC LOGO TOP IN WHITE,https://matinkim.com/product/detail.html?product_no=8759,https://matinkim.com/web/product/medium/202606/ee642a38461f887888fdc9be0efe135f.jpg,"₩88,000",,,260626,,,,,
,false,,마뗑킴,,카테고리27,,ASYMMETRIC LOGO TOP IN CHARCOAL,https://matinkim.com/product/detail.html?product_no=8760,https://matinkim.com/web/product/medium/202604/444100e31151dee648e7536c6675c922.jpg,"₩88,000",,,260626,,,,,
,false,,마뗑킴,,카테고리27,,DISTRESSED LOGO TOP IN CHARCOAL,https://matinkim.com/product/detail.html?product_no=8761,https://matinkim.com/web/product/medium/202601/a3d42e086adac9aa3ad28fd7d13fd4b3.jpg,"₩78,000",,,260626,,,,,
,false,,마뗑킴,,카테고리27,,DISTRESSED LOGO TOP IN SMOKE BLUE,https://matinkim.com/product/detail.html?product_no=8762,https://matinkim.com/web/product/medium/202601/075f89317d8759cf7df89bb8e59b18bd.jpg,"₩78,000",,,260626,,,,,
,false,,마뗑킴,,카테고리27,,VINTAGE WASHED LOGO TOP IN IVORY,https://matinkim.com/product/detail.html?product_no=8763,https://matinkim.com/web/product/medium/202601/8b504fdf8f3b089f3b950d9b06294836.jpg,"₩108,000",,,260626,,,,,
,false,,마뗑킴,,카테고리27,,VINTAGE WASHED LOGO TOP IN CHARCOAL,https://matinkim.com/product/detail.html?product_no=8764,https://matinkim.com/web/product/medium/202601/3c0152414f84224819fd8c42bbd853c2.jpg,"₩108,000",,,260626,,,,,
,false,,마뗑킴,,카테고리27,,VINTAGE WASHED LOGO TOP IN SMOKE BLUE,https://matinkim.com/product/detail.html?product_no=8765,https://matinkim.com/web/product/medium/202601/1e557037a54828adaa7639f522bb1e8a.jpg,"₩108,000",,,260626,,,,,
,false,,마뗑킴,,카테고리27,,VINTAGE GRAFFITI ARTWORK TOP IN BLACK,https://matinkim.com/product/detail.html?product_no=8766,https://matinkim.com/web/product/medium/202601/1cd8e47a02fe0e66603cdeab697f76d2.jpg,"₩78,000",,,260626,,,,,
,false,,마뗑킴,,카테고리27,,VINTAGE GRAFFITI ARTWORK TOP IN WHITE,https://matinkim.com/product/detail.html?product_no=8767,https://matinkim.com/web/product/medium/202601/a5d1e05e11bab767002e0f5b7ebb3adf.jpg,"₩78,000",,,260626,,,,,
,false,,마뗑킴,,카테고리27,,SPRAY EFFECT LAYERED TOP FOR MEN IN BLACK,https://matinkim.com/product/detail.html?product_no=8768,https://matinkim.com/web/product/medium/202601/5b4890f56776af5c7703a9903425b232.jpg,"₩118,000",,,260626,,,,,
,false,,마뗑킴,,카테고리27,,SPRAY EFFECT LAYERED TOP FOR MEN IN KHAKI,https://matinkim.com/product/detail.html?product_no=8769,https://matinkim.com/web/product/medium/202601/9cb0ba509f7e175cfd167c37cfcc82f4.jpg,"₩118,000",,,260626,,,,,
,false,,마뗑킴,,카테고리27,,SPRAY EFFECT LAYERED TOP FOR MEN IN LIGHT BLUE,https://matinkim.com/product/detail.html?product_no=8770,https://matinkim.com/web/product/medium/202601/9a7c8a5bfd96102e67015948701a0628.jpg,"₩118,000",,,260626,,,,,
,false,,마뗑킴,,카테고리27,,SLEEVE LOGO WAFFLE TOP FOR MEN IN BLACK,https://matinkim.com/product/detail.html?product_no=8771,https://matinkim.com/web/product/medium/202601/4f18c5f30aa64c64f1ded34e69f70d25.jpg,"₩108,000",,,260626,,,,,
,false,,마뗑킴,,카테고리27,,SLEEVE LOGO WAFFLE TOP FOR MEN IN IVORY,https://matinkim.com/product/detail.html?product_no=8772,https://matinkim.com/web/product/medium/202604/4034e47b6416ec1d315ca872c3a10f7a.jpg,"₩108,000",,,260626,,,,,
,false,,마뗑킴,,카테고리27,,EMBROIDERY SMALL LOGO SHIRT IN WHITE,https://matinkim.com/product/detail.html?product_no=8773,https://matinkim.com/web/product/medium/202601/0eb3a8048c9a026d5017ad3274c40564.jpg,"₩178,000",,,260626,,,,,
,false,,마뗑킴,,카테고리27,,EMBROIDERY SMALL LOGO SHIRT IN LIGHT BLUE,https://matinkim.com/product/detail.html?product_no=8774,https://matinkim.com/web/product/medium/202601/3c377a9e4802ee8d740ab640e9bb7927.jpg,"₩178,000",,,260626,,,,,
,false,,마뗑킴,,카테고리27,,RAW CUT APPLIQUE SWEATSHIRT IN GREY,https://matinkim.com/product/detail.html?product_no=8608,https://matinkim.com/web/product/medium/202510/7135021b9f3fba6a334cf56cf51a8c30.jpg,"₩148,000",,,260626,,,,,
,false,,마뗑킴,,카테고리27,,RAW CUT APPLIQUE SWEATSHIRT IN CHARCOAL,https://matinkim.com/product/detail.html?product_no=8830,https://matinkim.com/web/product/medium/202601/242e88dcb5e875d7a2e059fc5d099928.jpg,"₩148,000",,,260626,,,,,
,false,,마뗑킴,,카테고리27,,SHERPA FLEECE HALF ZIP UP TOP IN NAVY,https://matinkim.com/product/detail.html?product_no=8674,https://matinkim.com/web/product/medium/202603/7f867bb66833d174f4db522a2aec354f.jpg,"₩168,000",,,260626,,,,,
,false,,마뗑킴,,카테고리27,,HAIRY CABLE KNIT PULLOVER IN BLACK,https://matinkim.com/product/detail.html?product_no=8673,https://matinkim.com/web/product/medium/202603/a11abe69a75d6c82e3a15af68057d7d9.jpg,"₩168,000",,,260626,,,,,
,false,,마뗑킴,,카테고리27,,HAIRY CABLE KNIT PULLOVER IN LIGHT BEIGE,https://matinkim.com/product/detail.html?product_no=8672,https://matinkim.com/web/product/medium/202603/bd4968ac00771abf2311ce09c8cf74d2.jpg,"₩168,000",,,260626,,,,,
,false,,마뗑킴,,카테고리27,,PIGMENT DYED COLLARLESS ZIP UP JUMPER FOR MEN IN CHARCOAL,https://matinkim.com/product/detail.html?product_no=8583,https://matinkim.com/web/product/medium/202510/97abfe0096cf91367043b403d04b2fa1.jpg,"₩168,000",,,260626,,,,,
,false,,마뗑킴,,카테고리27,,ALL OVER LOGO CROP CARDIGAN IN IVORY,https://matinkim.com/product/detail.html?product_no=8586,https://matinkim.com/web/product/medium/202510/5407a1238ea28edf371670cc7952e958.jpg,"₩168,000",,,260626,,,,,
,false,,마뗑킴,,카테고리27,,ALL OVER LOGO CROP CARDIGAN IN NAVY,https://matinkim.com/product/detail.html?product_no=8587,https://matinkim.com/web/product/medium/202602/157e1723f40432ddb0c770a45c052e06.jpg,"₩168,000",,,260626,,,,,
,false,,마뗑킴,,카테고리27,,HANDMADE COLLAR KNIT CARDIGAN FOR WOMEN IN BLACK,https://matinkim.com/product/detail.html?product_no=8569,https://matinkim.com/web/product/medium/202510/734e70ae85ebccd7fa7929096b1672bd.jpg,"₩238,000",,,260626,,,,,
,false,,마뗑킴,,카테고리27,,HANDMADE COLLAR KNIT CARDIGAN FOR WOMEN IN BUTTER,https://matinkim.com/product/detail.html?product_no=8570,https://matinkim.com/web/product/medium/202510/68659ce2804511f6d6881261f74d93ec.jpg,"₩238,000",,,260626,,,,,
,false,,마뗑킴,,카테고리27,,HANDMADE COLLAR KNIT CARDIGAN FOR MEN IN BLACK,https://matinkim.com/product/detail.html?product_no=8567,https://matinkim.com/web/product/medium/202510/f5080dd50919c2b5b538d3d8e4112d82.jpg,"₩238,000",,,260626,,,,,
,false,,마뗑킴,,카테고리27,,HANDMADE COLLAR KNIT CARDIGAN FOR MEN IN BUTTER,https://matinkim.com/product/detail.html?product_no=8568,https://matinkim.com/web/product/medium/202510/76d8618cf919f4b3895540881663f52f.jpg,"₩238,000",,,260626,,,,,
,false,,마뗑킴,,카테고리27,,BACK LOGO HALF KNIT ZIP UP PULLOVER FOR WOMEN IN NAVY,https://matinkim.com/product/detail.html?product_no=8595,https://matinkim.com/web/product/medium/202510/42ec65922d68331144b7d1ff772ee73a.jpg,"₩188,000",,,260626,,,,,
,false,,마뗑킴,,카테고리27,,BACK LOGO HALF KNIT ZIP UP PULLOVER FOR WOMEN IN LIGHT BEIGE,https://matinkim.com/product/detail.html?product_no=8601,https://matinkim.com/web/product/medium/202510/2c409395ee7f1f8be0498916b14bc37c.jpg,"₩188,000",,,260626,,,,,
,false,,마뗑킴,,카테고리27,,BACK LOGO HALF KNIT ZIP UP PULLOVER FOR MEN IN NAVY,https://matinkim.com/product/detail.html?product_no=8593,https://matinkim.com/web/product/medium/202510/f8c3b710a5451ed562dc96a0fcca1482.jpg,"₩188,000",,,260626,,,,,
,false,,마뗑킴,,카테고리27,,BACK LOGO HALF KNIT ZIP UP PULLOVER FOR MEN IN DARK BEIGE,https://matinkim.com/product/detail.html?product_no=8594,https://matinkim.com/web/product/medium/202510/559280b46d026fdf1aaf182b4df4d1ec.jpg,"₩188,000",,,260626,,,,,
,false,,마뗑킴,,카테고리27,,MATIN PONI CONI KNIT ZIP UP IN BROWN,https://matinkim.com/product/detail.html?product_no=8581,https://matinkim.com/web/product/medium/202510/653fd5dcce85352b5d107a14f7786786.jpg,"₩178,000",,,260626,,,,,
,false,,마뗑킴,,카테고리27,,MATIN PONI CONI KNIT ZIP UP IN MINT,https://matinkim.com/product/detail.html?product_no=8582,https://matinkim.com/web/product/medium/202510/c34396a51f355a875f424d8a4414cedc.jpg,"₩178,000",,,260626,,,,,
,false,,마뗑킴,,카테고리27,,BOUCLE KNIT ZIP UP CARDIGAN IN CHARCOAL,https://matinkim.com/product/detail.html?product_no=8584,https://matinkim.com/web/product/medium/202510/ba8b091035199376465790549dc5d16b.jpg,"₩198,000",,,260626,,,,,
,false,,마뗑킴,,카테고리27,,BOUCLE KNIT ZIP UP CARDIGAN IN LIGHT BEIGE,https://matinkim.com/product/detail.html?product_no=8585,https://matinkim.com/web/product/medium/202510/6d80f1e90a95057601de7bf99f2b373e.jpg,"₩198,000",,,260626,,,,,
,false,,마뗑킴,,카테고리27,,MATIN MIXED YARN KNIT PULLOVER IN GREY,https://matinkim.com/product/detail.html?product_no=8604,https://matinkim.com/web/product/medium/202510/0408ec0f0aeff5d5ecf6fabf3bf56062.jpg,"₩158,000",,,260626,,,,,
,false,,마뗑킴,,카테고리27,,MATIN MIXED YARN KNIT PULLOVER IN DARK NAVY,https://matinkim.com/product/detail.html?product_no=8605,https://matinkim.com/web/product/medium/202510/5e8cd57a204b1b85baf7e044d0bfbd84.jpg,"₩158,000",,,260626,,,,,
,false,,마뗑킴,,카테고리27,,DETACHABLE SKIRT KNIT PULLOVER IN BLACK,https://matinkim.com/product/detail.html?product_no=8602,https://matinkim.com/web/product/medium/202510/efdce597e4aed084e7eab4ced77c2252.jpg,"₩198,000",,,260626,,,,,
,false,,마뗑킴,,카테고리27,,DETACHABLE SKIRT KNIT PULLOVER IN IVORY,https://matinkim.com/product/detail.html?product_no=8603,https://matinkim.com/web/product/medium/202510/f135b3185ce0aebb054ab2171cfc8f1a.jpg,"₩198,000",,,260626,,,,,
,false,,마뗑킴,,카테고리27,,HEART LOGO COLLAR STRIPED PULLOVER IN IVORY,https://matinkim.com/product/detail.html?product_no=8606,https://matinkim.com/web/product/medium/202510/0044fb7f06d1897a5c41918740012c6f.jpg,"₩178,000",,,260626,,,,,
,false,,마뗑킴,,카테고리27,,HEART LOGO COLLAR STRIPED PULLOVER IN BROWN,https://matinkim.com/product/detail.html?product_no=8607,https://matinkim.com/web/product/medium/202510/25a3aa0b6cd9da22127b12c13f319d4f.jpg,"₩178,000",,,260626,,,,,
,false,,마뗑킴,,카테고리27,,MUFFLER POINT HOODY PULLOVER IN BROWN,https://matinkim.com/product/detail.html?product_no=8615,https://matinkim.com/web/product/medium/202603/2712a131a81c080144eaff4c62c2206c.jpg,"₩188,000",,,260626,,,,,
,false,,마뗑킴,,카테고리27,,MUFFLER POINT HOODY PULLOVER IN BLUE,https://matinkim.com/product/detail.html?product_no=8616,https://matinkim.com/web/product/medium/202603/bbb8b8bbda40a28f537ed4234a97dac3.jpg,"₩188,000",,,260626,,,,,
,false,,마뗑킴,,카테고리27,,WASHED LAYERED CROP HOODY IN CHARCOAL,https://matinkim.com/product/detail.html?product_no=8476,https://matinkim.com/web/product/medium/202510/068c7cd7509e0c03e263856a0e726171.jpg,"₩158,000",,,260626,,,,,
,false,,마뗑킴,,카테고리27,,WASHED LAYERED CROP HOODY IN SKY,https://matinkim.com/product/detail.html?product_no=8475,https://matinkim.com/web/product/medium/202510/c10a546018b15335e912e04a4c2ebcf8.jpg,"₩158,000",,,260626,,,,,
,false,,마뗑킴,,카테고리27,,WASHED LAYERED CROP HOODY IN PURPLE,https://matinkim.com/product/detail.html?product_no=8474,https://matinkim.com/web/product/medium/202510/9d77290498e5d7199a4bb98c92f14f51.jpg,"₩158,000",,,260626,,,,,
,false,,마뗑킴,,카테고리27,,ZIPPER POINT WASHED HOODY FOR MEN IN CHARCOAL,https://matinkim.com/product/detail.html?product_no=8613,https://matinkim.com/web/product/medium/202603/29fbdd10085e134333163392ade91ea4.jpg,"₩158,000",,,260626,,,,,
,false,,마뗑킴,,카테고리27,,ZIPPER POINT WASHED HOODY FOR MEN IN NAVY,https://matinkim.com/product/detail.html?product_no=8614,https://matinkim.com/web/product/medium/202603/cc6fa41899b3acd2cf0a5bfbd959db89.jpg,"₩158,000",,,260626,,,,,
,false,,마뗑킴,,카테고리27,,BACK LOGO COLLAR KNIT TOP FOR WOMEN IN IVORY,https://matinkim.com/product/detail.html?product_no=8590,https://matinkim.com/web/product/medium/202602/66bcf5404ed723b65fa7e104e6adb323.jpg,"₩178,000",,,260626,,,,,
,false,,마뗑킴,,카테고리27,,BACK LOGO COLLAR KNIT TOP FOR WOMEN IN GREY,https://matinkim.com/product/detail.html?product_no=8591,https://matinkim.com/web/product/medium/202510/4bfd721444d7587580528a979570624f.jpg,"₩178,000",,,260626,,,,,
,false,,마뗑킴,,카테고리27,,BACK LOGO COLLAR KNIT TOP FOR WOMEN IN DARK NAVY,https://matinkim.com/product/detail.html?product_no=8592,https://matinkim.com/web/product/medium/202510/33d8fffca35a3cfd8f2a779a298d9a59.jpg,"₩178,000",,,260626,,,,,
,false,,마뗑킴,,카테고리27,,BACK LOGO COLLAR KNIT TOP FOR MEN IN IVORY,https://matinkim.com/product/detail.html?product_no=8596,https://matinkim.com/web/product/medium/202510/09f07b3e9619bbb45fa780fcca2b973a.jpg,"₩178,000",,,260626,,,,,
,false,,마뗑킴,,카테고리27,,BACK LOGO COLLAR KNIT TOP FOR MEN IN GREY,https://matinkim.com/product/detail.html?product_no=8597,https://matinkim.com/web/product/medium/202510/71fa5e0b7c988a227fecd706f848780c.jpg,"₩178,000",,,260626,,,,,
,false,,마뗑킴,,카테고리27,,BACK LOGO COLLAR KNIT TOP FOR MEN IN DARK NAVY,https://matinkim.com/product/detail.html?product_no=8598,https://matinkim.com/web/product/medium/202510/3cbff69f57929e20e18ea7f22c2621a9.jpg,"₩178,000",,,260626,,,,,
,false,,마뗑킴,,카테고리27,,BUTTON SLIT HALF NECK TOP IN GREY,https://matinkim.com/product/detail.html?product_no=8610,https://matinkim.com/web/product/medium/202602/0bb7956d006a2fdefb027dcda5364db7.jpg,"₩88,000",,,260626,,,,,
,false,,마뗑킴,,카테고리27,,BUTTON SLIT HALF NECK TOP IN NAVY,https://matinkim.com/product/detail.html?product_no=8611,https://matinkim.com/web/product/medium/202603/fc7a46b413b140c2261883974bd7c3e0.jpg,"₩88,000",,,260626,,,,,
,false,,마뗑킴,,카테고리27,,BUTTON SLIT HALF NECK TOP IN BEIGE,https://matinkim.com/product/detail.html?product_no=8612,https://matinkim.com/web/product/medium/202603/58cb527d0cc15228adf6cafebd0eb889.jpg,"₩88,000",,,260626,,,,,
,false,,마뗑킴,,카테고리27,,ESSENTIAL BOAT NECK KNIT TOP IN BLACK,https://matinkim.com/product/detail.html?product_no=8473,https://matinkim.com/web/product/medium/202510/d01b277f20fdcd1b196671b70ced705c.jpg,"₩138,000",,,260626,,,,,
,false,,마뗑킴,,카테고리27,,ESSENTIAL BOAT NECK KNIT TOP IN GREY,https://matinkim.com/product/detail.html?product_no=8472,https://matinkim.com/web/product/medium/202510/659115ec90621ca6aba3bb0361682896.jpg,"₩138,000",,,260626,,,,,
,false,,마뗑킴,,카테고리27,,WEAVING LONG SLEEVE TOP IN BLACK,https://matinkim.com/product/detail.html?product_no=8471,https://matinkim.com/web/product/medium/202510/f55091646659cf4d19e53b6ed28ad513.jpg,"₩138,000",,,260626,,,,,
,false,,마뗑킴,,카테고리27,,WEAVING LONG SLEEVE TOP IN LIGHT GREY,https://matinkim.com/product/detail.html?product_no=8470,https://matinkim.com/web/product/medium/202510/34ff8b296dd6770c85d63363f18b59f4.jpg,"₩138,000",,,260626,,,,,
,false,,마뗑킴,,카테고리27,,SHINY CABLE PULLOVER IN NAVY,https://matinkim.com/product/detail.html?product_no=8391,https://matinkim.com/web/product/medium/202509/7b2ff67f45de3a7fffb39f1ba5f423c9.jpg,"₩148,000",,,260626,,,,,
,false,,마뗑킴,,카테고리27,,SHINY CABLE PULLOVER IN PINK,https://matinkim.com/product/detail.html?product_no=8390,https://matinkim.com/web/product/medium/202509/b2833927c39e8ad7b73f7cc58a3edb16.jpg,"₩148,000",,,260626,,,,,
,false,,마뗑킴,,카테고리27,,TWO WAY OFF SHOULDER DAMAGE PULLOVER IN BLACK,https://matinkim.com/product/detail.html?product_no=8389,https://matinkim.com/web/product/medium/202510/d4929a6a732e78700a08e19dbd578b64.jpg,"₩158,000",,,260626,,,,,
,false,,마뗑킴,,카테고리27,,TWO WAY OFF SHOULDER DAMAGE PULLOVER IN IVORY,https://matinkim.com/product/detail.html?product_no=8388,https://matinkim.com/web/product/medium/202510/38e83a2d04f55c12a254f11bbba90b56.jpg,"₩158,000",,,260626,,,,,
,false,,마뗑킴,,카테고리27,,LAYERED POINT SLIM TOP IN CHARCOAL,https://matinkim.com/product/detail.html?product_no=8382,https://matinkim.com/web/product/medium/202509/b11e4cf6fea4ef33dbce4638419cee3b.jpg,"₩138,000",,,260626,,,,,
,false,,마뗑킴,,카테고리27,,LAYERED POINT SLIM TOP IN BROWN,https://matinkim.com/product/detail.html?product_no=8381,https://matinkim.com/web/product/medium/202602/77ab9823b7dfc5a342af2ad97936ba93.jpg,"₩138,000",,,260626,,,,,
,false,,마뗑킴,,카테고리27,,PATCH GRAPHIC LONG SLEEVE TOP IN WHITE,https://matinkim.com/product/detail.html?product_no=8380,https://matinkim.com/web/product/medium/202602/b120809c3f56b1c537f0c1a59cbd233b.jpg,"₩108,000",,,260626,,,,,
,false,,마뗑킴,,카테고리27,,PATCH GRAPHIC LONG SLEEVE TOP IN GREY,https://matinkim.com/product/detail.html?product_no=8379,https://matinkim.com/web/product/medium/202509/148396e440f651df0b90c45b8dfedcb5.jpg,"₩108,000",,,260626,,,,,
,false,,마뗑킴,,카테고리27,,PATCH GRAPHIC LONG SLEEVE TOP IN SMOKE BLUE,https://matinkim.com/product/detail.html?product_no=8378,https://matinkim.com/web/product/medium/202509/7742253cf14acd30c9cd8abe6ac1b509.jpg,"₩108,000",,,260626,,,,,
,false,,마뗑킴,,카테고리27,,STUD LOGO RINGER TOP IN BLACK,https://matinkim.com/product/detail.html?product_no=8377,https://matinkim.com/web/product/medium/202602/8550c315036da0cb0083aa00d779c4c4.jpg,"₩58,000",,,260626,,,,,
,false,,마뗑킴,,카테고리27,,STUD LOGO RINGER TOP IN WHITE,https://matinkim.com/product/detail.html?product_no=8376,https://matinkim.com/web/product/medium/202509/7daca8a4f27b8597cce83ef4e7d31d61.jpg,"₩58,000",,,260626,,,,,
,false,,마뗑킴,,카테고리27,,STUD LOGO RINGER TOP IN SMOKE BLUE,https://matinkim.com/product/detail.html?product_no=8375,https://matinkim.com/web/product/medium/202602/4c12bb0bc6ad476d1b8e069a3abef30f.jpg,"₩58,000",,,260626,,,,,
,false,,마뗑킴,,카테고리27,,WAVY LOGO GRAPHIC TOP FOR MEN IN WHITE,https://matinkim.com/product/detail.html?product_no=8374,https://matinkim.com/web/product/medium/202509/e3654ae1a60457a783a3f6a693248049.jpg,"₩68,000",,,260626,,,,,
,false,,마뗑킴,,카테고리27,,WAVY LOGO GRAPHIC TOP FOR MEN IN NAVY,https://matinkim.com/product/detail.html?product_no=8373,https://matinkim.com/web/product/medium/202509/efc7def9cebe2c781b147b54bba54f76.jpg,"₩68,000",,,260626,,,,,
,false,,마뗑킴,,카테고리27,,WAVY LOGO GRAPHIC TOP FOR MEN IN BLUE,https://matinkim.com/product/detail.html?product_no=8372,https://matinkim.com/web/product/medium/202509/3cafd36e2845f31018f35de1bf97b792.jpg,"₩68,000",,,260626,,,,,
,false,,마뗑킴,,카테고리27,,CASHMERE BLENDED ROUND KNIT PULLOVER IN BLACK,https://matinkim.com/product/detail.html?product_no=8242,https://matinkim.com/web/product/medium/202509/f7084b8a496204e0db87653cf3136b35.jpg,"₩148,000",,,260626,,,,,
,false,,마뗑킴,,카테고리27,,CASHMERE BLENDED ROUND KNIT PULLOVER IN GREY,https://matinkim.com/product/detail.html?product_no=8241,https://matinkim.com/web/product/medium/202509/b7883527b1e85fec237275bd333d386e.jpg,"₩148,000",,,260626,,,,,
,false,,마뗑킴,,카테고리27,,CASHMERE BLENDED ROUND KNIT PULLOVER IN OLIVE,https://matinkim.com/product/detail.html?product_no=8240,https://matinkim.com/web/product/medium/202509/8a54fb8a716bb2e0b296979dc5121808.jpg,"₩148,000",,,260626,,,,,
,false,,마뗑킴,,카테고리27,,GLITTER SLIM LOGO KNIT TOP IN LIGHT GREY,https://matinkim.com/product/detail.html?product_no=8239,https://matinkim.com/web/product/medium/202509/85bb2e1547373ca4bc674f42239a5260.jpg,"₩148,000",,,260626,,,,,
,false,,마뗑킴,,카테고리27,,GLITTER SLIM LOGO KNIT TOP IN NAVY,https://matinkim.com/product/detail.html?product_no=8238,https://matinkim.com/web/product/medium/202509/77f29659217d77cde69cfd98afcfdf83.jpg,"₩148,000",,,260626,,,,,
,false,,마뗑킴,,카테고리27,,GLITTER SLIM LOGO KNIT TOP IN PINK,https://matinkim.com/product/detail.html?product_no=8237,https://matinkim.com/web/product/medium/202509/f00d706fe239eded82a890cc3e6162fa.jpg,"₩148,000",,,260626,,,,,
,false,,마뗑킴,,카테고리27,,COLOR TRIM LINE LOGO PULLOVER IN BLACK,https://matinkim.com/product/detail.html?product_no=8236,https://matinkim.com/web/product/medium/202509/23cf93732743b785458595fbc5ee5fb9.jpg,"₩148,000",,,260626,,,,,
,false,,마뗑킴,,카테고리27,,COLOR TRIM LINE LOGO PULLOVER IN IVORY,https://matinkim.com/product/detail.html?product_no=8235,https://matinkim.com/web/product/medium/202509/addea565ccf8ba7ac26560b3c2cc2562.jpg,"₩148,000",,,260626,,,,,
,false,,마뗑킴,,카테고리27,,COLOR TRIM LINE LOGO PULLOVER IN LIGHT BLUE,https://matinkim.com/product/detail.html?product_no=8234,https://matinkim.com/web/product/medium/202509/1e76c08608e83887153e1215c943777b.jpg,"₩148,000",,,260626,,,,,
,false,,마뗑킴,,카테고리27,,COLOR TRIM LINE LOGO PULLOVER IN PINK,https://matinkim.com/product/detail.html?product_no=8233,https://matinkim.com/web/product/medium/202509/5466ddf3f3679d10c8a5ec6f0433a097.jpg,"₩148,000",,,260626,,,,,
,false,,마뗑킴,,카테고리27,,ANIMAL GRAFFITI GRAPHIC CROP TOP IN WHITE,https://matinkim.com/product/detail.html?product_no=8201,https://matinkim.com/web/product/medium/202509/e54c8efaa0aaaa5d42bfd4fd4125e4e4.jpg,"₩58,000",,,260626,,,,,
,false,,마뗑킴,,카테고리27,,ANIMAL GRAFFITI GRAPHIC OVERSIZE TOP IN GREY,https://matinkim.com/product/detail.html?product_no=8198,https://matinkim.com/web/product/medium/202509/15383b3a55609a78e18872cffc27a101.jpg,"₩68,000",,,260626,,,,,
,false,,마뗑킴,,카테고리27,,LETTERING GRAPHIC LONG SLEEVE TOP FOR WOMEN IN WHITE,https://matinkim.com/product/detail.html?product_no=8197,https://matinkim.com/web/product/medium/202509/5f7e89ee0c3c955eb572531a63f2380a.jpg,"₩88,000",,,260626,,,,,
,false,,마뗑킴,,카테고리27,,LETTERING GRAPHIC LONG SLEEVE TOP FOR WOMEN IN CHARCOAL,https://matinkim.com/product/detail.html?product_no=8196,https://matinkim.com/web/product/medium/202509/22c17185e974ca29533819930494908c.jpg,"₩88,000",,,260626,,,,,
,false,,마뗑킴,,카테고리27,,JACQUARD GRAPHIC LONG SLEEVE TOP FOR MEN IN WHITE,https://matinkim.com/product/detail.html?product_no=8195,https://matinkim.com/web/product/medium/202509/48b400206168b80666199564e2989a77.jpg,"₩88,000",,,260626,,,,,
,false,,마뗑킴,,카테고리27,,JACQUARD GRAPHIC LONG SLEEVE TOP FOR MEN IN CHARCOAL,https://matinkim.com/product/detail.html?product_no=8194,https://matinkim.com/web/product/medium/202509/4fc4d29b2841d0d7dc6e4a4751f17960.jpg,"₩88,000",,,260626,,,,,
,false,,마뗑킴,,카테고리27,,FRONT GRAPHIC CHECK SHIRT IN CHARCOAL,https://matinkim.com/product/detail.html?product_no=8193,https://matinkim.com/web/product/medium/202509/884fe26f1c0f25d1d91884c6914334f1.jpg,"₩148,000",,,260626,,,,,
,false,,마뗑킴,,카테고리27,,FRONT GRAPHIC CHECK SHIRT IN PINK,https://matinkim.com/product/detail.html?product_no=8192,https://matinkim.com/web/product/medium/202509/1a90dd9e21ae93fb89846ca2786582e7.jpg,"₩148,000",,,260626,,,,,
,false,,마뗑킴,,카테고리27,,VINTAGE COLOR DYING LOGO SWEATSHIRT IN KHAKI,https://matinkim.com/product/detail.html?product_no=8218,https://matinkim.com/web/product/medium/202509/a946a23c2021e3cfd5d29c2c8e39a092.jpg,"₩148,000",,,260626,,,,,
,false,,마뗑킴,,카테고리27,,VINTAGE COLOR DYING LOGO SWEATSHIRT IN PINK,https://matinkim.com/product/detail.html?product_no=8217,https://matinkim.com/web/product/medium/202509/4d07e53e34dcf317a69142edcb206885.jpg,"₩148,000",,,260626,,,,,
,false,,마뗑킴,,카테고리27,,VINTAGE COLOR DYING LOGO HOODY IN BLACK,https://matinkim.com/product/detail.html?product_no=8216,https://matinkim.com/web/product/medium/202509/7a89094234988fdcfe396055b8ac0921.jpg,"₩158,000",,,260626,,,,,
,false,,마뗑킴,,카테고리27,,VINTAGE COLOR DYING LOGO HOODY IN CHARCOAL,https://matinkim.com/product/detail.html?product_no=8215,https://matinkim.com/web/product/medium/202509/dd0d089ed173cbc6082f4bb9ebb7b9b9.jpg,"₩158,000",,,260626,,,,,
,false,,마뗑킴,,카테고리27,,VINTAGE COLOR DYING LOGO HOODY IN BLUE,https://matinkim.com/product/detail.html?product_no=8214,https://matinkim.com/web/product/medium/202509/cb67e29b3036bc6ce81d1793966bed9b.jpg,"₩158,000",,,260626,,,,,
,false,,마뗑킴,,카테고리27,,VINTAGE COLOR DYING LOGO HOODY IN RED,https://matinkim.com/product/detail.html?product_no=8213,https://matinkim.com/web/product/medium/202509/7d2360ff31be4f2fcdddd68aaab3eea9.jpg,"₩158,000",,,260626,,,,,
,false,,마뗑킴,,카테고리27,,DOODLE LOGO GRAPHIC TOP IN CHARCOAL,https://matinkim.com/product/detail.html?product_no=8155,https://matinkim.com/web/product/medium/202508/5f1f21379220e38dc7499db5ef7224e9.jpg,"₩78,000",,,260626,,,,,
,false,,마뗑킴,,카테고리27,,DOODLE LOGO GRAPHIC TOP IN LILAC,https://matinkim.com/product/detail.html?product_no=8154,https://matinkim.com/web/product/medium/202508/c85e274b90dc89090ab85f5a72c3cfda.jpg,"₩78,000",,,260626,,,,,
,false,,마뗑킴,,카테고리27,,VINTAGE LOGO GRAPHIC TOP IN CHARCOAL,https://matinkim.com/product/detail.html?product_no=8153,https://matinkim.com/web/product/medium/202508/978110c0ee1380e89f5fc9343b3b8a66.jpg,"₩78,000",,,260626,,,,,
,false,,마뗑킴,,카테고리27,,VINTAGE LOGO GRAPHIC TOP IN NAVY,https://matinkim.com/product/detail.html?product_no=8152,https://matinkim.com/web/product/medium/202508/978d1e3b829173c4b5cb7176f5d3fa34.jpg,"₩78,000",,,260626,,,,,
,false,,마뗑킴,,카테고리27,,VINTAGE LOGO GRAPHIC TOP IN BURGUNDY,https://matinkim.com/product/detail.html?product_no=8151,https://matinkim.com/web/product/medium/202508/e4c8938e42e5b7b2e565ef01c170d247.jpg,"₩78,000",,,260626,,,,,
,false,,마뗑킴,,카테고리27,,HENLY NECK SHIRRING TOP IN BLACK,https://matinkim.com/product/detail.html?product_no=8150,https://matinkim.com/web/product/medium/202508/354409d6fed482ca13ebb06f6f2dba78.jpg,"₩98,000",,,260626,,,,,
,false,,마뗑킴,,카테고리27,,HENLY NECK SHIRRING TOP IN BURGUNDY,https://matinkim.com/product/detail.html?product_no=8149,https://matinkim.com/web/product/medium/202508/2d553dfc2e5527404c8446f922030e2f.jpg,"₩98,000",,,260626,,,,,
,false,,마뗑킴,,카테고리27,,TUCK POINT LONG SLEEVE TOP FOR WOMEN IN BLACK,https://matinkim.com/product/detail.html?product_no=8148,https://matinkim.com/web/product/medium/202508/5d38492042497ff54d45d47b0d41aef4.jpg,"₩88,000",,,260626,,,,,
,false,,마뗑킴,,카테고리27,,TUCK POINT LONG SLEEVE TOP FOR WOMEN IN WHITE,https://matinkim.com/product/detail.html?product_no=8147,https://matinkim.com/web/product/medium/202508/666c602d4b65500149b9186f3de30c78.jpg,"₩88,000",,,260626,,,,,
,false,,마뗑킴,,카테고리27,,TUCK POINT LONG SLEEVE TOP FOR MEN IN BLACK,https://matinkim.com/product/detail.html?product_no=8146,https://matinkim.com/web/product/medium/202508/c1dbe5d83227b949e6113a5c004bbd26.jpg,"₩88,000",,,260626,,,,,
,false,,마뗑킴,,카테고리27,,TUCK POINT LONG SLEEVE TOP FOR MEN IN LIGHT KHAKI,https://matinkim.com/product/detail.html?product_no=8145,https://matinkim.com/web/product/medium/202508/568b0998e2bc0206a3d2bc9a02515a84.jpg,"₩88,000",,,260626,,,,,
,false,,마뗑킴,,카테고리27,,BUTTON HOODY RAGLAN KNIT TOP IN BLACK,https://matinkim.com/product/detail.html?product_no=8144,https://matinkim.com/web/product/medium/202508/493ae7e1c4f7873c35cef7c022a178fd.jpg,"₩158,000",,,260626,,,,,
,false,,마뗑킴,,카테고리27,,BUTTON HOODY RAGLAN KNIT TOP IN KHAKI,https://matinkim.com/product/detail.html?product_no=8143,https://matinkim.com/web/product/medium/202508/2a184290079e9341813b126b7dd537fb.jpg,"₩158,000",,,260626,,,,,
,false,,마뗑킴,,카테고리27,,SHOULDER HOLE SWEATSHIRT IN BLACK,https://matinkim.com/product/detail.html?product_no=8142,https://matinkim.com/web/product/medium/202508/323c954090bb15ca9cbdba52d22bc246.jpg,"₩158,000",,,260626,,,,,
,false,,마뗑킴,,카테고리27,,SHOULDER HOLE SWEATSHIRT IN GREY,https://matinkim.com/product/detail.html?product_no=8141,https://matinkim.com/web/product/medium/202508/2014ef557e888f17b5d11950153e70c6.jpg,"₩158,000",,,260626,,,,,
,false,,마뗑킴,,카테고리27,,POCKET LINE POINT SHIRT IN BEIGE,https://matinkim.com/product/detail.html?product_no=8140,https://matinkim.com/web/product/medium/202508/105e619f5c6bb2acd843069fe8709dea.jpg,"₩168,000",,,260626,,,,,
,false,,마뗑킴,,카테고리27,,POCKET LINE POINT SHIRT IN BROWN,https://matinkim.com/product/detail.html?product_no=8139,https://matinkim.com/web/product/medium/202508/75ec2acd21aa62a124fa1675e3bdd1a0.jpg,"₩168,000",,,260626,,,,,
,false,,마뗑킴,,카테고리27,,CUT OUT HALF ZIP SWEATSHIRT FOR WOMEN IN BLACK,https://matinkim.com/product/detail.html?product_no=8103,https://matinkim.com/web/product/medium/202508/142e6a9379c951d7235122c13cf8737a.jpg,"₩168,000",,,260626,,,,,
,false,,마뗑킴,,카테고리27,,CUT OUT HALF ZIP SWEATSHIRT FOR WOMEN IN GREY,https://matinkim.com/product/detail.html?product_no=8102,https://matinkim.com/web/product/medium/202508/cbd13fa9a7a67f44c094a23006311fb9.jpg,"₩168,000",,,260626,,,,,
,false,,마뗑킴,,카테고리27,,CUT OUT HALF ZIP SWEATSHIRT FOR WOMEN IN BURGUNDY,https://matinkim.com/product/detail.html?product_no=8101,https://matinkim.com/web/product/medium/202508/6647d9eb3ea650b4724e2de453e8e822.jpg,"₩168,000",,,260626,,,,,
,false,,마뗑킴,,카테고리27,,CUT OUT HALF ZIP SWEATSHIRT FOR MEN IN BLACK,https://matinkim.com/product/detail.html?product_no=8100,https://matinkim.com/web/product/medium/202508/9a8b5adfaad3709b2d207a2c9b300804.jpg,"₩168,000",,,260626,,,,,
,false,,마뗑킴,,카테고리27,,CUT OUT HALF ZIP SWEATSHIRT FOR MEN IN GREY,https://matinkim.com/product/detail.html?product_no=8099,https://matinkim.com/web/product/medium/202508/ab672f5480389d5d33d7d464fb08ad39.jpg,"₩168,000",,,260626,,,,,
,false,,마뗑킴,,카테고리27,,LOGO POINT TERRY CROP TOP IN NAVY,https://matinkim.com/product/detail.html?product_no=8083,https://matinkim.com/web/product/medium/202508/68d423fdfb7f1026d97cb7883d72352e.jpg,"₩68,000",,,260626,,,,,
,false,,마뗑킴,,카테고리27,,LOGO POINT TERRY CROP TOP IN LIGHT GREEN,https://matinkim.com/product/detail.html?product_no=8082,https://matinkim.com/web/product/medium/202508/cb853b41ecc57b231dc2fcdf03370bf6.jpg,"₩68,000",,,260626,,,,,
,false,,마뗑킴,,카테고리27,,DIAGONAL LOGO REVERSIBLE CROP TOP IN IVORY,https://matinkim.com/product/detail.html?product_no=8081,https://matinkim.com/web/product/medium/202508/856e2ae8ec469f4d1db93a362d12e93c.jpg,"₩58,000",,,260626,,,,,
,false,,마뗑킴,,카테고리27,,DIAGONAL LOGO REVERSIBLE CROP TOP IN GREY,https://matinkim.com/product/detail.html?product_no=8080,https://matinkim.com/web/product/medium/202508/2ea89d3be2a82f5f5e141d8afa72ad1a.jpg,"₩58,000",,,260626,,,,,
,false,,마뗑킴,,카테고리27,,DIAGONAL LOGO REVERSIBLE CROP TOP IN LIGHT ORANGE,https://matinkim.com/product/detail.html?product_no=8079,https://matinkim.com/web/product/medium/202508/aee7f1746fe4eba233ba18f88f6284f5.jpg,"₩58,000",,,260626,,,,,
,false,,마뗑킴,,카테고리27,,DIAGONAL TEXTURE KNIT TOP IN LIGHT BEIGE,https://matinkim.com/product/detail.html?product_no=8078,https://matinkim.com/web/product/medium/202508/1956f19e7e07a2129545f992d9397bf9.jpg,"₩138,000",,,260626,,,,,
,false,,마뗑킴,,카테고리27,,DIAGONAL TEXTURE KNIT TOP IN BURGUNDY,https://matinkim.com/product/detail.html?product_no=8077,https://matinkim.com/web/product/medium/202508/6bfdd30807dd7bf6de8b558f8cf6d6a2.jpg,"₩138,000",,,260626,,,,,
,false,,마뗑킴,,카테고리27,,HIGH NECK LOGO KNIT ZIP UP VEST IN BLACK,https://matinkim.com/product/detail.html?product_no=8076,https://matinkim.com/web/product/medium/202508/1c6956cd8a30fd765039fd59588b6ee3.jpg,"₩158,000",,,260626,,,,,
,false,,마뗑킴,,카테고리27,,HIGH NECK LOGO KNIT ZIP UP VEST IN BROWN,https://matinkim.com/product/detail.html?product_no=8075,https://matinkim.com/web/product/medium/202508/bca928db8479246b6e109668e1064e86.jpg,"₩158,000",,,260626,,,,,
,false,,마뗑킴,,카테고리27,,SNAP DETAIL SLIM TOP IN BLACK,https://matinkim.com/product/detail.html?product_no=8074,https://matinkim.com/web/product/medium/202508/73b54edb11f6b60c63eeef13969e0262.jpg,"₩118,000",,,260626,,,,,
,false,,마뗑킴,,카테고리27,,SNAP DETAIL SLIM TOP IN IVORY,https://matinkim.com/product/detail.html?product_no=8073,https://matinkim.com/web/product/medium/202508/558ec34c3bc995e0b41e3fb56f8b2356.jpg,"₩118,000",,,260626,,,,,
,false,,마뗑킴,,카테고리27,,SNAP DETAIL SLIM TOP IN LIGHT BLUE,https://matinkim.com/product/detail.html?product_no=8072,https://matinkim.com/web/product/medium/202508/14fae1beac16349a13901ae85815931d.jpg,"₩118,000",,,260626,,,,,
,false,,마뗑킴,,카테고리27,,STAMP LOGO GRAPHIC CROP TOP IN BLACK,https://matinkim.com/product/detail.html?product_no=7967,https://matinkim.com/web/product/medium/202508/d368aa6046fde341e0566ad27dffb50c.jpg,"₩58,000",,,260626,,,,,
,false,,마뗑킴,,카테고리27,,STAMP LOGO GRAPHIC CROP TOP IN WHITE,https://matinkim.com/product/detail.html?product_no=7966,https://matinkim.com/web/product/medium/202508/c82d7af3e108f669e96f21d237644227.jpg,"₩58,000",,,260626,,,,,
,false,,마뗑킴,,카테고리27,,STAMP LOGO GRAPHIC CROP TOP IN BEIGE,https://matinkim.com/product/detail.html?product_no=7965,https://matinkim.com/web/product/medium/202508/2dc79a0ff2f831420289423d7a9cfbbf.jpg,"₩58,000",,,260626,,,,,
,false,,마뗑킴,,카테고리27,,STAMP LOGO GRAPHIC OVERSIZE TOP FOR MEN IN BLACK,https://matinkim.com/product/detail.html?product_no=7964,https://matinkim.com/web/product/medium/202508/0052bff8b80565aaf3c6b93b5f49635b.jpg,"₩78,000",,,260626,,,,,
,false,,마뗑킴,,카테고리27,,STAMP LOGO GRAPHIC OVERSIZE TOP FOR MEN IN WHITE,https://matinkim.com/product/detail.html?product_no=7963,https://matinkim.com/web/product/medium/202508/08d28b6157157f59bd5d6058e1685acd.jpg,"₩78,000",,,260626,,,,,
,false,,마뗑킴,,카테고리27,,STAMP LOGO GRAPHIC OVERSIZE TOP FOR MEN IN BRICK,https://matinkim.com/product/detail.html?product_no=7962,https://matinkim.com/web/product/medium/202508/d3ae79c5ade5362f53c129fdbab527ff.jpg,"₩78,000",,,260626,,,,,
,false,,마뗑킴,,카테고리27,,TWIST POINT SLIM TOP IN LIME,https://matinkim.com/product/detail.html?product_no=7959,https://matinkim.com/web/product/medium/202508/96fbf8af7866e8f04fabe97ed65ff810.jpg,"₩58,000",,,260626,,,,,
,false,,마뗑킴,,카테고리27,,MINI LABEL SHIRRING TOP IN BLACK,https://matinkim.com/product/detail.html?product_no=7958,https://matinkim.com/web/product/medium/202508/f93c8e384a50a84b2123c53bce4c44de.jpg,"₩48,000",,,260626,,,,,
,false,,마뗑킴,,카테고리27,,MINI LABEL SHIRRING TOP IN BEIGE,https://matinkim.com/product/detail.html?product_no=7957,https://matinkim.com/web/product/medium/202508/29e31d1d833e2c52d5b519c2033e56fc.jpg,"₩48,000",,,260626,,,,,
,false,,마뗑킴,,카테고리27,,MINI LABEL SHIRRING TOP IN RED,https://matinkim.com/product/detail.html?product_no=7956,https://matinkim.com/web/product/medium/202508/4728cdb4bb67fe63853e6df4c3888fde.jpg,"₩48,000",,,260626,,,,,
,false,,마뗑킴,,카테고리27,,LOGO THREAD POINT CROP TOP IN BLACK,https://matinkim.com/product/detail.html?product_no=7434,https://matinkim.com/web/product/medium/202504/d61ef00e62ebca603ae358c85de87b01.jpg,"₩58,000",,,260626,,,,,
,false,,마뗑킴,,카테고리27,,LOGO THREAD POINT CROP TOP IN WHITE,https://matinkim.com/product/detail.html?product_no=7433,https://matinkim.com/web/product/medium/202504/542418e27a6735e3056db1f207eef207.jpg,"₩58,000",,,260626,,,,,
,false,,마뗑킴,,카테고리27,,LOGO THREAD POINT CROP TOP IN LIGHT BLUE,https://matinkim.com/product/detail.html?product_no=7432,https://matinkim.com/web/product/medium/202504/3b0c6d1a3b77c63aa6f907c82f6c96ca.jpg,"₩58,000",,,260626,,,,,
,false,,마뗑킴,,카테고리27,,LOGO THREAD POINT CROP TOP IN RED,https://matinkim.com/product/detail.html?product_no=7431,https://matinkim.com/web/product/medium/202504/56ca07902c484d093693d21b4483c518.jpg,"₩58,000",,,260626,,,,,
,false,,마뗑킴,,카테고리27,,FLOWER STITCH RAGLAN LOGO TOP IN BLACK,https://matinkim.com/product/detail.html?product_no=7766,https://matinkim.com/web/product/medium/202505/bf0b082dd8fc0daf104571abaa0dc523.jpg,"₩58,000",,,260626,,,,,
,false,,마뗑킴,,카테고리27,,FLOWER STITCH RAGLAN LOGO TOP IN PURPLE,https://matinkim.com/product/detail.html?product_no=7768,https://matinkim.com/web/product/medium/202505/3a31bcfb9f427d67497cdca7c8e14982.jpg,"₩58,000",,,260626,,,,,
,false,,마뗑킴,,카테고리27,,FLOWER STITCH RAGLAN LOGO TOP IN PINK,https://matinkim.com/product/detail.html?product_no=7767,https://matinkim.com/web/product/medium/202505/0a84edcd840f86588c46f5a207341c0b.jpg,"₩58,000",,,260626,,,,,
,false,,마뗑킴,,카테고리27,,MULTI STRIPE SLEEVELESS KNIT TOP IN BROWN,https://matinkim.com/product/detail.html?product_no=7884,https://matinkim.com/web/product/medium/202505/1de54cd256ee7839dc23e86b476a4889.jpg,"₩138,000",,,260626,,,,,
,false,,마뗑킴,,카테고리27,,MULTI STRIPE SLEEVELESS KNIT TOP IN BLUE,https://matinkim.com/product/detail.html?product_no=7883,https://matinkim.com/web/product/medium/202505/b067aa56aa2ee395f11631d9a0b9e1a2.jpg,"₩138,000",,,260626,,,,,
,false,,마뗑킴,,카테고리27,,STRING OFF SHOULDER SLIM TOP IN CHARCOAL,https://matinkim.com/product/detail.html?product_no=7882,https://matinkim.com/web/product/medium/202505/f0bf9633eb658b06037a2cf0a89dc6dd.jpg,"₩88,000",,,260626,,,,,
,false,,마뗑킴,,카테고리27,,STRING OFF SHOULDER SLIM TOP IN WHITE,https://matinkim.com/product/detail.html?product_no=7881,https://matinkim.com/web/product/medium/202505/823294d5567ef6dd844410170cd31cf5.jpg,"₩88,000",,,260626,,,,,
,false,,마뗑킴,,카테고리27,,LAYERED BUTTON HALTER NECK TOP IN LIGHT YELLOW,https://matinkim.com/product/detail.html?product_no=7859,https://matinkim.com/web/product/medium/202505/1142f0b684dae003dfda341c8cc5e579.jpg,"₩138,000",,,260626,,,,,
,false,,마뗑킴,,카테고리27,,SIDE STRING TUBE TOP IN BLACK,https://matinkim.com/product/detail.html?product_no=7858,https://matinkim.com/web/product/medium/202505/9f838698d37dc964da07d8606f0c11f4.jpg,"₩118,000",,,260626,,,,,
,false,,마뗑킴,,카테고리27,,SIDE STRING TUBE TOP IN OLIVE,https://matinkim.com/product/detail.html?product_no=7857,https://matinkim.com/web/product/medium/202505/f0bfb57ff3db4ba3094999ffaa9d0216.jpg,"₩118,000",,,260626,,,,,
,false,,마뗑킴,,카테고리27,,LOGO APPLIQUE SLIM TANK TOP IN BLACK,https://matinkim.com/product/detail.html?product_no=7856,https://matinkim.com/web/product/medium/202506/6be2fa34f1413e7b0f62a08beed9a792.jpg,"₩48,000",,,260626,,,,,
,false,,마뗑킴,,카테고리27,,LOGO APPLIQUE SLIM TANK TOP IN WHITE,https://matinkim.com/product/detail.html?product_no=7855,https://matinkim.com/web/product/medium/202506/a7e75f5e3940798477f4fba548ab340e.jpg,"₩48,000",,,260626,,,,,
,false,,마뗑킴,,카테고리27,,LOGO APPLIQUE SLIM TANK TOP IN KHAKI,https://matinkim.com/product/detail.html?product_no=7854,https://matinkim.com/web/product/medium/202506/4dabd06000b549e403ec2630a27ac065.jpg,"₩48,000",,,260626,,,,,
,false,,마뗑킴,,카테고리27,,STITCH PRINTING DETAIL CROP TOP IN BLACK,https://matinkim.com/product/detail.html?product_no=7850,https://matinkim.com/web/product/medium/202505/9919ac3e995866447e543de08585d4f5.jpg,"₩58,000",,,260626,,,,,
,false,,마뗑킴,,카테고리27,,STITCH PRINTING DETAIL CROP TOP IN WHITE,https://matinkim.com/product/detail.html?product_no=7849,https://matinkim.com/web/product/medium/202505/2eaaa2ddf5a1747381707b0c6f72f810.jpg,"₩58,000",,,260626,,,,,
,false,,마뗑킴,,카테고리27,,STITCH PRINTING DETAIL CROP TOP IN TURQUOISE BLUE,https://matinkim.com/product/detail.html?product_no=7848,https://matinkim.com/web/product/medium/202505/47d0c6d40f23e26f982bb00e2d457297.jpg,"₩58,000",,,260626,,,,,
,false,,마뗑킴,,카테고리27,,COLOR POINT ARCH LOGO TOP IN WHITE,https://matinkim.com/product/detail.html?product_no=7843,https://matinkim.com/web/product/medium/202505/ef1a605ae52577ac441558e2d3772d50.jpg,"₩58,000",,,260626,,,,,
,false,,마뗑킴,,카테고리27,,BUBBLY GRAPHIC PRINTING TOP IN BLACK,https://matinkim.com/product/detail.html?product_no=7842,https://matinkim.com/web/product/medium/202505/3dd0e226df00c2844a6626fa04bd5b17.jpg,"₩58,000",,,260626,,,,,
,false,,마뗑킴,,카테고리27,,BUBBLY GRAPHIC PRINTING TOP IN LIGHT YELLOW,https://matinkim.com/product/detail.html?product_no=7841,https://matinkim.com/web/product/medium/202505/55c459a3a3b39d8c08c7017274c12cd0.jpg,"₩58,000",,,260626,,,,,
,false,,마뗑킴,,카테고리27,,BUBBLY GRAPHIC PRINTING TOP IN LILAC,https://matinkim.com/product/detail.html?product_no=7840,https://matinkim.com/web/product/medium/202505/69c2676ba0b286e0feb3c164ab940771.jpg,"₩58,000",,,260626,,,,,
,false,,마뗑킴,,카테고리27,,UNBALANCE COLLAR HALF SHIRT IN IVORY,https://matinkim.com/product/detail.html?product_no=7836,https://matinkim.com/web/product/medium/202505/9ba3b7d4fee055bd569ce927e6f2966d.jpg,"₩158,000",,,260626,,,,,
,false,,마뗑킴,,카테고리27,,UNBALANCE COLLAR HALF SHIRT IN KHAKI BROWN,https://matinkim.com/product/detail.html?product_no=7835,https://matinkim.com/web/product/medium/202505/1ffdd9b3df33915ee1d8b38599c7ccfe.jpg,"₩158,000",,,260626,,,,,
,false,,마뗑킴,,카테고리27,,ZIGZAG STITCH POINT SHIRT FOR MEN IN WHITE,https://matinkim.com/product/detail.html?product_no=7834,https://matinkim.com/web/product/medium/202505/0364f365950c44db1c492fdb3cd1db8d.jpg,"₩178,000",,,260626,,,,,
,false,,마뗑킴,,카테고리27,,ZIGZAG STITCH POINT SHIRT FOR MEN IN LIGHT GREEN,https://matinkim.com/product/detail.html?product_no=7833,https://matinkim.com/web/product/medium/202505/47074732a53d1338d90e43b9674ad01e.jpg,"₩178,000",,,260626,,,,,
,false,,마뗑킴,,카테고리27,,SMALL LOGO PINTUCK SLEEVELESS TOP FOR MEN IN BLACK,https://matinkim.com/product/detail.html?product_no=7782,https://matinkim.com/web/product/medium/202505/e01ebddc5d012c4e405ed510027be44c.jpg,"₩68,000",,,260626,,,,,
,false,,마뗑킴,,카테고리27,,SMALL LOGO PINTUCK SLEEVELESS TOP FOR MEN IN WHITE,https://matinkim.com/product/detail.html?product_no=7780,https://matinkim.com/web/product/medium/202505/36833f21ffdba81c73814bbc5ea894b3.jpg,"₩68,000",,,260626,,,,,
,false,,마뗑킴,,카테고리27,,SMALL LOGO PINTUCK SLEEVELESS TOP FOR MEN IN GREY,https://matinkim.com/product/detail.html?product_no=7781,https://matinkim.com/web/product/medium/202505/8cf301a9b0df5c1821e1e45716a02381.jpg,"₩68,000",,,260626,,,,,
,false,,마뗑킴,,카테고리27,,STRING HALTER NECK TANK TOP IN BLACK,https://matinkim.com/product/detail.html?product_no=7779,https://matinkim.com/web/product/medium/202505/989c08b3d6aa7764175e403582e05176.jpg,"₩48,000",,,260626,,,,,
,false,,마뗑킴,,카테고리27,,STRING HALTER NECK TANK TOP IN LIGHT YELLOW,https://matinkim.com/product/detail.html?product_no=7778,https://matinkim.com/web/product/medium/202505/0b1d9f2d6def1ea151f216c7cb377ee0.jpg,"₩48,000",,,260626,,,,,
,false,,마뗑킴,,카테고리27,,STRING HALTER NECK TANK TOP IN BLUE,https://matinkim.com/product/detail.html?product_no=7777,https://matinkim.com/web/product/medium/202505/d74ce4c202a2274ca6bde828d80c7a0c.jpg,"₩48,000",,,260626,,,,,
,false,,마뗑킴,,카테고리27,,PATTERN ARTWORK LOGO CROP TOP IN BLACK,https://matinkim.com/product/detail.html?product_no=7776,https://matinkim.com/web/product/medium/202505/acdeb924a000246cdf266a85071263b0.jpg,"₩48,000",,,260626,,,,,
,false,,마뗑킴,,카테고리27,,PATTERN ARTWORK LOGO CROP TOP IN WHITE,https://matinkim.com/product/detail.html?product_no=7775,https://matinkim.com/web/product/medium/202505/6a6d2f217a0707fba3ac80993f8ee890.jpg,"₩48,000",,,260626,,,,,
,false,,마뗑킴,,카테고리27,,PATCHWORK GRAPHIC PRINTING LOGO TOP IN BLACK,https://matinkim.com/product/detail.html?product_no=7774,https://matinkim.com/web/product/medium/202505/86efae2bd3318995b29a81becfbd6a18.jpg,"₩48,000",,,260626,,,,,
,false,,마뗑킴,,카테고리27,,PATCHWORK GRAPHIC PRINTING LOGO TOP IN LIGHT BLUE,https://matinkim.com/product/detail.html?product_no=7773,https://matinkim.com/web/product/medium/202505/327ec3ac76a7bfc7e87f8322515afdfd.jpg,"₩48,000",,,260626,,,,,
,false,,마뗑킴,,카테고리27,,PATCHWORK GRAPHIC PRINTING LOGO TOP IN PINK,https://matinkim.com/product/detail.html?product_no=7772,https://matinkim.com/web/product/medium/202505/9aa7e8238753656062f90e6833f6655b.jpg,"₩48,000",,,260626,,,,,
,false,,마뗑킴,,카테고리27,,DUSTY TYPO GRAPHIC CROP TOP IN WHITE,https://matinkim.com/product/detail.html?product_no=7771,https://matinkim.com/web/product/medium/202505/ab0bd5fb62979d044e36fdc80b8904ab.jpg,"₩48,000",,,260626,,,,,
,false,,마뗑킴,,카테고리27,,DUSTY TYPO GRAPHIC CROP TOP IN CHARCOAL,https://matinkim.com/product/detail.html?product_no=7770,https://matinkim.com/web/product/medium/202505/8a2890e69e465f2880e7218db4a941ca.jpg,"₩48,000",,,260626,,,,,
,false,,마뗑킴,,카테고리27,,DUSTY TYPO GRAPHIC CROP TOP IN RED,https://matinkim.com/product/detail.html?product_no=7769,https://matinkim.com/web/product/medium/202505/3d2427b9b826c29a46bef6701f6d0f9e.jpg,"₩48,000",,,260626,,,,,
,false,,마뗑킴,,카테고리27,,PAIRING LOGO PRINTING TOP FOR WOMEN IN BLACK,https://matinkim.com/product/detail.html?product_no=7760,https://matinkim.com/web/product/medium/202505/35504f16b941761ef6181edc6bc00c97.jpg,"₩78,000",,,260626,,,,,
,false,,마뗑킴,,카테고리27,,PAIRING LOGO PRINTING TOP FOR WOMEN IN PEACH,https://matinkim.com/product/detail.html?product_no=7761,https://matinkim.com/web/product/medium/202505/34d705e7963c21b7abffba34b52345c6.jpg,"₩78,000",,,260626,,,,,
,false,,마뗑킴,,카테고리27,,PAIRING LOGO PRINTING TOP FOR WOMEN IN BLUE,https://matinkim.com/product/detail.html?product_no=7759,https://matinkim.com/web/product/medium/202505/0fbd401167f3acc13fb440b913691ed3.jpg,"₩78,000",,,260626,,,,,
,false,,마뗑킴,,카테고리27,,PAIRING LOGO PRINTING TOP FOR MEN IN BLACK,https://matinkim.com/product/detail.html?product_no=7758,https://matinkim.com/web/product/medium/202505/74571d83bf73c479a3b5e1c6be37a846.jpg,"₩88,000",,,260626,,,,,
,false,,마뗑킴,,카테고리27,,PAIRING LOGO PRINTING TOP FOR MEN IN LIGHT GREY,https://matinkim.com/product/detail.html?product_no=7756,https://matinkim.com/web/product/medium/202505/87c2ba7361125dbc58a42761cfd17ee0.jpg,"₩88,000",,,260626,,,,,
,false,,마뗑킴,,카테고리27,,PAIRING LOGO PRINTING TOP FOR MEN IN BLUE,https://matinkim.com/product/detail.html?product_no=7757,https://matinkim.com/web/product/medium/202505/3f0a7a49efec4734361f7322221c63a5.jpg,"₩88,000",,,260626,,,,,
,false,,마뗑킴,,카테고리27,,EMBROIDERY SMALL LOGO OVERSIZE TOP IN BLACK,https://matinkim.com/product/detail.html?product_no=7755,https://matinkim.com/web/product/medium/202505/95022f60d999c05db5213e88838f3e94.jpg,"₩68,000",,,260626,,,,,
,false,,마뗑킴,,카테고리27,,EMBROIDERY SMALL LOGO OVERSIZE TOP IN WHITE,https://matinkim.com/product/detail.html?product_no=7753,https://matinkim.com/web/product/medium/202505/7f7850faef54531f125ccfab436e948b.jpg,"₩68,000",,,260626,,,,,
,false,,마뗑킴,,카테고리27,,EMBROIDERY SMALL LOGO OVERSIZE TOP IN KHAKI,https://matinkim.com/product/detail.html?product_no=7754,https://matinkim.com/web/product/medium/202505/f5b2c657d3443cc7add79b38b1f4fc84.jpg,"₩68,000",,,260626,,,,,
,false,,마뗑킴,,카테고리27,,LOGO POINT LETTERING GRAPHIC TOP IN BLACK,https://matinkim.com/product/detail.html?product_no=7750,https://matinkim.com/web/product/medium/202505/2b9d99166c1a24c98e5d89e39c865c3d.jpg,"₩48,000",,,260626,,,,,
,false,,마뗑킴,,카테고리27,,LOGO POINT LETTERING GRAPHIC TOP IN PURPLE,https://matinkim.com/product/detail.html?product_no=7752,https://matinkim.com/web/product/medium/202505/98fe245220b9bd81cfba3e759200bf23.jpg,"₩48,000",,,260626,,,,,
,false,,마뗑킴,,카테고리27,,LOGO POINT LETTERING GRAPHIC TOP IN LIGHT GREEN,https://matinkim.com/product/detail.html?product_no=7751,https://matinkim.com/web/product/medium/202505/fc35da442a3c8cc558c32ef798f0fdec.jpg,"₩48,000",,,260626,,,,,
,false,,마뗑킴,,카테고리27,,MATIN WAVE PRINTING LOGO TOP IN WHITE,https://matinkim.com/product/detail.html?product_no=7749,https://matinkim.com/web/product/medium/202505/8cf375dc9ee3f8fbf8f1113968a9bd95.jpg,"₩68,000",,,260626,,,,,
,false,,마뗑킴,,카테고리27,,MATIN WAVE PRINTING LOGO TOP IN GREY,https://matinkim.com/product/detail.html?product_no=7748,https://matinkim.com/web/product/medium/202505/64d68d802ffbffdf39cdbb0868a16fe6.jpg,"₩68,000",,,260626,,,,,
,false,,마뗑킴,,카테고리27,,MATIN WAVE PRINTING LOGO TOP IN YELLOW,https://matinkim.com/product/detail.html?product_no=7747,https://matinkim.com/web/product/medium/202505/3e2600fc792672e55d7a3a4d3c4acc0e.jpg,"₩68,000",,,260626,,,,,
,false,,마뗑킴,,카테고리27,,SEE THROUGH PRINTING TOP IN BLACK,https://matinkim.com/product/detail.html?product_no=7746,https://matinkim.com/web/product/medium/202505/6f3bd29a5293fdc02147d02cdee11c2a.jpg,"₩98,000",,,260626,,,,,
,false,,마뗑킴,,카테고리27,,SEE THROUGH PRINTING TOP IN KHAKI BEIGE,https://matinkim.com/product/detail.html?product_no=7745,https://matinkim.com/web/product/medium/202505/13009e5e40dfe008f6c58d4c04a1f363.jpg,"₩98,000",,,260626,,,,,
,false,,마뗑킴,,카테고리27,,TWO WAY STRING POINT PIQUE TOP IN GREY,https://matinkim.com/product/detail.html?product_no=7742,https://matinkim.com/web/product/medium/202505/50fcf58b06df269f7b7a1f6ef5293057.jpg,"₩98,000",,,260626,,,,,
,false,,마뗑킴,,카테고리27,,TWO WAY STRING POINT PIQUE TOP IN LIGHT YELLOW,https://matinkim.com/product/detail.html?product_no=7743,https://matinkim.com/web/product/medium/202505/e87df1f90ed9c9825cf4006cea2208e2.jpg,"₩98,000",,,260626,,,,,
,false,,마뗑킴,,카테고리27,,TWO WAY STRING POINT PIQUE TOP IN MIX,https://matinkim.com/product/detail.html?product_no=7744,https://matinkim.com/web/product/medium/202505/bea91676b5c5d06c7b6fae28db37abc8.jpg,"₩98,000",,,260626,,,,,
,false,,마뗑킴,,카테고리27,,UNBALANCE TUCK SLEEVELESS TOP IN BLACK,https://matinkim.com/product/detail.html?product_no=7668,https://matinkim.com/web/product/medium/202504/039c88d72f09e5f0e63d8ac2ec9ff4c7.jpg,"₩58,000",,,260626,,,,,
,false,,마뗑킴,,카테고리27,,UNBALANCE TUCK SLEEVELESS TOP IN WHITE,https://matinkim.com/product/detail.html?product_no=7667,https://matinkim.com/web/product/medium/202504/7d18cf85769633a046583b8b341fef30.jpg,"₩58,000",,,260626,,,,,
,false,,마뗑킴,,카테고리27,,MATIN SHADOW TYPO TOP IN WHITE,https://matinkim.com/product/detail.html?product_no=7709,https://matinkim.com/web/product/medium/202504/8cc4b0740cc71d6f493f0914ce1efd96.jpg,"₩88,000",,,260626,,,,,
,false,,마뗑킴,,카테고리27,,MATIN SHADOW TYPO TOP IN CHARCOAL,https://matinkim.com/product/detail.html?product_no=7710,https://matinkim.com/web/product/medium/202505/9b52ff24b80c919aeb5c17274cb00a9a.jpg,"₩88,000",,,260626,,,,,
,false,,마뗑킴,,카테고리27,,MATIN SHADOW TYPO TOP IN YELLOW,https://matinkim.com/product/detail.html?product_no=7711,https://matinkim.com/web/product/medium/202504/916c846fe1863fce37de47c9564e203b.jpg,"₩88,000",,,260626,,,,,
,false,,마뗑킴,,카테고리27,,THREE QUARTER LOGO SLIM TOP IN WHITE,https://matinkim.com/product/detail.html?product_no=7678,https://matinkim.com/web/product/medium/202504/abd4acad21c822d632ef30bcba15def0.jpg,"₩78,000",,,260626,,,,,
,false,,마뗑킴,,카테고리27,,THREE QUARTER LOGO SLIM TOP IN LIGHT BLUE,https://matinkim.com/product/detail.html?product_no=7677,https://matinkim.com/web/product/medium/202504/fc4bb31416b09d83189ae826256f3406.jpg,"₩78,000",,,260626,,,,,
,false,,마뗑킴,,카테고리27,,SLIT BUTTON POINT CROP TOP IN BLACK,https://matinkim.com/product/detail.html?product_no=7676,https://matinkim.com/web/product/medium/202504/82ed58d034fea73d93ee180574623a09.jpg,"₩68,000",,,260626,,,,,
,false,,마뗑킴,,카테고리27,,SLIT BUTTON POINT CROP TOP IN IVORY,https://matinkim.com/product/detail.html?product_no=7675,https://matinkim.com/web/product/medium/202504/87ded075265fe9e5334bf502cf3277ae.jpg,"₩68,000",,,260626,,,,,
,false,,마뗑킴,,카테고리27,,SLIT BUTTON POINT CROP TOP IN BLUE,https://matinkim.com/product/detail.html?product_no=7674,https://matinkim.com/web/product/medium/202504/a9214f1899f9da362b861e23172920db.jpg,"₩68,000",,,260626,,,,,
,false,,마뗑킴,,카테고리27,,APPLIQUE LOGO PATCH TOP IN CREAM,https://matinkim.com/product/detail.html?product_no=7671,https://matinkim.com/web/product/medium/202504/db84871fd28cb42562fd1d20305954df.jpg,"₩98,000",,,260626,,,,,
,false,,마뗑킴,,카테고리27,,APPLIQUE LOGO PATCH TOP IN CHARCOAL,https://matinkim.com/product/detail.html?product_no=7670,https://matinkim.com/web/product/medium/202504/f1c46881ede81a861025327908d165b6.jpg,"₩98,000",,,260626,,,,,
,false,,마뗑킴,,카테고리27,,APPLIQUE LOGO PATCH TOP IN LILAC,https://matinkim.com/product/detail.html?product_no=7669,https://matinkim.com/web/product/medium/202504/b30af48c486fba7f16363ade035bb1f1.jpg,"₩98,000",,,260626,,,,,
,false,,마뗑킴,,카테고리27,,UNBALANCE BUTTON POINT SHIRT IN LIGHT BLUE,https://matinkim.com/product/detail.html?product_no=7712,https://matinkim.com/web/product/medium/202504/ae6c66db3d2ef7f491a78d88051a1946.jpg,"₩168,000",,,260626,,,,,
,false,,마뗑킴,,카테고리27,,POCKET POINT HALF CARDIGAN IN IVORY,https://matinkim.com/product/detail.html?product_no=7680,https://matinkim.com/web/product/medium/202504/e77a174c19b0fe3c924bd2104d2dbf37.jpg,"₩158,000",,,260626,,,,,
,false,,마뗑킴,,카테고리27,,POCKET POINT HALF CARDIGAN IN OLIVE,https://matinkim.com/product/detail.html?product_no=7679,https://matinkim.com/web/product/medium/202504/e0ba5bb989a304485ece084e87a5f929.jpg,"₩158,000",,,260626,,,,,
,false,,마뗑킴,,카테고리27,,WRAP SLEEVELESS KNIT HOODY TOP IN BLACK,https://matinkim.com/product/detail.html?product_no=7473,https://matinkim.com/web/product/medium/202504/e1a7ddb20e502dffb8b5e70a7758a73d.jpg,"₩148,000",,,260626,,,,,
,false,,마뗑킴,,카테고리27,,WRAP SLEEVELESS KNIT HOODY TOP IN LIGHT PINK,https://matinkim.com/product/detail.html?product_no=7471,https://matinkim.com/web/product/medium/202504/3c6a59a1d7434f20393c4674a1059f66.jpg,"₩148,000",,,260626,,,,,
,false,,마뗑킴,,카테고리27,,WRAP SLEEVELESS KNIT HOODY TOP IN IVORY,https://matinkim.com/product/detail.html?product_no=7472,https://matinkim.com/web/product/medium/202504/c755d07a67b0cb2e92f6dbc08ef8d486.jpg,"₩148,000",,,260626,,,,,
,false,,마뗑킴,,카테고리27,,STRING POINT PLAIN LONG CARDIGAN IN BLACK,https://matinkim.com/product/detail.html?product_no=7462,https://matinkim.com/web/product/medium/202504/783681d8bc6faabd870cfba631f0e013.jpg,"₩168,000",,,260626,,,,,
,false,,마뗑킴,,카테고리27,,STRING POINT PLAIN LONG CARDIGAN IN WHITE,https://matinkim.com/product/detail.html?product_no=7461,https://matinkim.com/web/product/medium/202504/82e18d464dd15dd004499ebca66a622c.jpg,"₩168,000",,,260626,,,,,
,false,,마뗑킴,,카테고리27,,STRING POINT PLAIN LONG CARDIGAN IN MINT,https://matinkim.com/product/detail.html?product_no=7460,https://matinkim.com/web/product/medium/202504/8df15797666ad5600b4a97d817dd4346.jpg,"₩168,000",,,260626,,,,,
,false,,마뗑킴,,카테고리27,,STITCH POINT SMALL LOGO TOP IN BLACK,https://matinkim.com/product/detail.html?product_no=7470,https://matinkim.com/web/product/medium/202504/432a7fd611dc0030242cd37dea854ea3.jpg,"₩58,000",,,260626,,,,,
,false,,마뗑킴,,카테고리27,,STITCH POINT SMALL LOGO TOP IN BROWN,https://matinkim.com/product/detail.html?product_no=7467,https://matinkim.com/web/product/medium/202504/8b729aad0f1b6a7b26dc0fec7c0ace40.jpg,"₩58,000",,,260626,,,,,
,false,,마뗑킴,,카테고리27,,STITCH POINT SMALL LOGO TOP IN LIGHT YELLOW,https://matinkim.com/product/detail.html?product_no=7469,https://matinkim.com/web/product/medium/202504/a1246de16548b4cb7091db16992031b5.jpg,"₩58,000",,,260626,,,,,
,false,,마뗑킴,,카테고리27,,STITCH POINT SMALL LOGO TOP IN PINK,https://matinkim.com/product/detail.html?product_no=7468,https://matinkim.com/web/product/medium/202504/e9af1b8488272f2e48b3c400687e2d71.jpg,"₩58,000",,,260626,,,,,
,false,,마뗑킴,,카테고리27,,FOR LOVERS LOGO POINT TOP IN CHARCOAL,https://matinkim.com/product/detail.html?product_no=7466,https://matinkim.com/web/product/medium/202504/0c6e0cd0fe85d53db12f4ca47e673609.jpg,"₩98,000",,,260626,,,,,
,false,,마뗑킴,,카테고리27,,FOR LOVERS LOGO POINT TOP IN LIGHT GREY,https://matinkim.com/product/detail.html?product_no=7465,https://matinkim.com/web/product/medium/202504/b5e729cd7ef5f4915d92179616f0536e.jpg,"₩98,000",,,260626,,,,,
,false,,마뗑킴,,카테고리27,,CUT LINE STRIPE PIQUE TOP FOR MEN IN SMOKE BLUE,https://matinkim.com/product/detail.html?product_no=7474,https://matinkim.com/web/product/medium/202504/21bbd00a559ab1e982c3bc17ca1337a4.jpg,"₩118,000",,,260626,,,,,
,false,,마뗑킴,,카테고리27,,TWO TONE MESH KNIT VEST FOR MEN IN BLACK,https://matinkim.com/product/detail.html?product_no=7411,https://matinkim.com/web/product/medium/202504/ec16cef88ff7a9efd6d7a283f5355a11.jpg,"₩178,000",,,260626,,,,,
,false,,마뗑킴,,카테고리27,,TWO TONE MESH KNIT VEST FOR MEN IN KHAKI,https://matinkim.com/product/detail.html?product_no=7410,https://matinkim.com/web/product/medium/202504/cb7031e5c52fa9a1d595a732bc88f569.jpg,"₩178,000",,,260626,,,,,
,false,,마뗑킴,,카테고리27,,VINTAGE LOGO PRINTING SLEEVELESS TOP IN LIGHT GREEN,https://matinkim.com/product/detail.html?product_no=7448,https://matinkim.com/web/product/medium/202504/1a50ad7e0b70ca1d25546d2b1f4ec8d9.jpg,"₩68,000",,,260626,,,,,
,false,,마뗑킴,,카테고리27,,SCARF POINT KNIT TOP IN MINT,https://matinkim.com/product/detail.html?product_no=7435,https://matinkim.com/web/product/medium/202504/0bcbdd7082c07d75d823b737607331ff.jpg,"₩158,000",,,260626,,,,,
,false,,마뗑킴,,카테고리27,,COLOR POINT LAYERED TOP FOR WOMEN IN IVORY,https://matinkim.com/product/detail.html?product_no=7442,https://matinkim.com/web/product/medium/202504/d8c1f0f5b6cd0affb8ec95b5baee867f.jpg,"₩98,000",,,260626,,,,,
,false,,마뗑킴,,카테고리27,,COLOR POINT LAYERED TOP FOR WOMEN IN BROWN,https://matinkim.com/product/detail.html?product_no=7441,https://matinkim.com/web/product/medium/202504/3a897e6219d68c6d866eca379d688cca.jpg,"₩98,000",,,260626,,,,,
,false,,마뗑킴,,카테고리27,,COLOR POINT LAYERED TOP FOR WOMEN IN RED,https://matinkim.com/product/detail.html?product_no=7440,https://matinkim.com/web/product/medium/202504/2b0d5c92ef8a0380e374002e06644a4f.jpg,"₩98,000",,,260626,,,,,
,false,,마뗑킴,,카테고리27,,COLOR POINT LAYERED TOP FOR MEN IN BLACK,https://matinkim.com/product/detail.html?product_no=7444,https://matinkim.com/web/product/medium/202504/9d4fd79cc3d516ff473c55dad1e930a0.jpg,"₩108,000",,,260626,,,,,
,false,,마뗑킴,,카테고리27,,COLOR POINT LAYERED TOP FOR MEN IN BROWN,https://matinkim.com/product/detail.html?product_no=7443,https://matinkim.com/web/product/medium/202504/8ff8aabd8c3b6e7f610b6ed39fe5cbc8.jpg,"₩108,000",,,260626,,,,,
,false,,마뗑킴,,카테고리27,,ROUGH TWEED KNIT VEST IN BLACK,https://matinkim.com/product/detail.html?product_no=7350,https://matinkim.com/web/product/medium/202504/9f455c36d23786043d8557e9dd8c8249.jpg,"₩178,000",,,260626,,,,,
,false,,마뗑킴,,카테고리27,,SLIT DETAIL BUTTON CARDIGAN IN BLACK,https://matinkim.com/product/detail.html?product_no=7348,https://matinkim.com/web/product/medium/202503/9a0c0ea66b1f9a51030a4bddc911663e.jpg,"₩168,000",,,260626,,,,,
,false,,마뗑킴,,카테고리27,,SLIT DETAIL BUTTON CARDIGAN IN MINT,https://matinkim.com/product/detail.html?product_no=7347,https://matinkim.com/web/product/medium/202503/fca383dfb19d540ee39da3f0a5bd5318.jpg,"₩168,000",,,260626,,,,,
,false,,마뗑킴,,카테고리27,,SLIT DETAIL BUTTON CARDIGAN IN LIGHT BLUE,https://matinkim.com/product/detail.html?product_no=7346,https://matinkim.com/web/product/medium/202503/68594d85710ff07ab90f00803faf3a45.jpg,"₩168,000",,,260626,,,,,
,false,,마뗑킴,,카테고리27,,BACK LOGO SEE THROUGH CARDIGAN FOR WOMEN IN BLACK,https://matinkim.com/product/detail.html?product_no=7345,https://matinkim.com/web/product/medium/202503/ff16cb63fecbfba30164eece3cbe40be.jpg,"₩218,000",,,260626,,,,,
,false,,마뗑킴,,카테고리27,,BACK LOGO SEE THROUGH CARDIGAN FOR WOMEN IN IVORY,https://matinkim.com/product/detail.html?product_no=7344,https://matinkim.com/web/product/medium/202503/c033fa4006d2f774258667493d7588cb.jpg,"₩218,000",,,260626,,,,,
,false,,마뗑킴,,카테고리27,,BACK LOGO SEE THROUGH CARDIGAN FOR WOMEN IN SKY,https://matinkim.com/product/detail.html?product_no=7343,https://matinkim.com/web/product/medium/202503/9270aeb3d4f5cedfc712936a55c27f8d.jpg,"₩218,000",,,260626,,,,,
,false,,마뗑킴,,카테고리27,,BACK LOGO SEE THROUGH CARDIGAN FOR MEN IN BLACK,https://matinkim.com/product/detail.html?product_no=7342,https://matinkim.com/web/product/medium/202503/96b82d312cef0126e11a097d238f5bb2.jpg,"₩218,000",,,260626,,,,,
,false,,마뗑킴,,카테고리27,,BACK LOGO SEE THROUGH CARDIGAN FOR MEN IN IVORY,https://matinkim.com/product/detail.html?product_no=7341,https://matinkim.com/web/product/medium/202503/17dbac79333b28c2c86019517093ca8a.jpg,"₩218,000",,,260626,,,,,
,false,,마뗑킴,,카테고리27,,BACK LOGO SEE THROUGH CARDIGAN FOR MEN IN SKY,https://matinkim.com/product/detail.html?product_no=7340,https://matinkim.com/web/product/medium/202503/e26c2460a403e84dc0c9f1a4404b1d28.jpg,"₩218,000",,,260626,,,,,
,false,,마뗑킴,,카테고리27,,POCKET FOLDOVER SHIRT FOR MEN IN CHARCOAL,https://matinkim.com/product/detail.html?product_no=7339,https://matinkim.com/web/product/medium/202503/9e3c6cecdd1745fc5f5710598d8f91e3.jpg,"₩218,000",,,260626,,,,,
,false,,마뗑킴,,카테고리27,,POCKET FOLDOVER SHIRT FOR MEN IN LIGHT BLUE,https://matinkim.com/product/detail.html?product_no=7338,https://matinkim.com/web/product/medium/202503/643aa03707d04005f507e4c8b0ae6fa4.jpg,"₩218,000",,,260626,,,,,
,false,,마뗑킴,,카테고리27,,FOR LOVERS PUNCHING POINT PULLOVER IN IVORY,https://matinkim.com/product/detail.html?product_no=7337,https://matinkim.com/web/product/medium/202504/f58e4e94ab238d78e6acc93e2dca4107.jpg,"₩158,000",,,260626,,,,,
,false,,마뗑킴,,카테고리27,,FOR LOVERS PUNCHING POINT PULLOVER IN OLIVE,https://matinkim.com/product/detail.html?product_no=7336,https://matinkim.com/web/product/medium/202504/ae412982a6f0499826ce811526be8389.jpg,"₩158,000",,,260626,,,,,
,false,,마뗑킴,,카테고리27,,FOR LOVERS PUNCHING POINT PULLOVER IN LIGHT BLUE,https://matinkim.com/product/detail.html?product_no=7335,https://matinkim.com/web/product/medium/202504/50c1cc6e9c1f40c115d9ef31f23ef6ab.jpg,"₩158,000",,,260626,,,,,
,false,,마뗑킴,,카테고리27,,STICKER GRAPHIC LOGO TOP IN WHITE,https://matinkim.com/product/detail.html?product_no=7334,https://matinkim.com/web/product/medium/202503/29054fc3c5323e5ab45b1d3bd6bd782d.jpg,"₩48,000",,,260626,,,,,
,false,,마뗑킴,,카테고리27,,STICKER GRAPHIC LOGO TOP IN CHARCOAL,https://matinkim.com/product/detail.html?product_no=7333,https://matinkim.com/web/product/medium/202503/4ce083ca92fe6d9d832b16951a2b953c.jpg,"₩48,000",,,260626,,,,,
,false,,마뗑킴,,카테고리27,,STICKER GRAPHIC LOGO TOP IN PINK,https://matinkim.com/product/detail.html?product_no=7332,https://matinkim.com/web/product/medium/202503/2156781544d27e78028d6e37617f6014.jpg,"₩48,000",,,260626,,,,,
,false,,마뗑킴,,카테고리27,,STICKER GRAPHIC LOGO TOP IN LIME,https://matinkim.com/product/detail.html?product_no=7331,https://matinkim.com/web/product/medium/202503/9df93efa692ccf91e103cb7f5a2c1b92.jpg,"₩48,000",,,260626,,,,,
,false,,마뗑킴,,카테고리27,,PINTUCK LAYERED SLIM CROP TOP IN WHITE,https://matinkim.com/product/detail.html?product_no=7330,https://matinkim.com/web/product/medium/202503/a09a2b2cb83df0fe885f856dfedf7214.jpg,"₩118,000",,,260626,,,,,
,false,,마뗑킴,,카테고리27,,PINTUCK LAYERED SLIM CROP TOP IN LIGHT YELLOW,https://matinkim.com/product/detail.html?product_no=7329,https://matinkim.com/web/product/medium/202503/7283975df486f02d665a0ad30e9836da.jpg,"₩118,000",,,260626,,,,,
,false,,마뗑킴,,카테고리27,,PINTUCK LAYERED SLIM CROP TOP IN LIGHT BLUE,https://matinkim.com/product/detail.html?product_no=7327,https://matinkim.com/web/product/medium/202503/72776bf671219fd997b59dbe7a6acf22.jpg,"₩118,000",,,260626,,,,,
,false,,마뗑킴,,카테고리27,,PINTUCK LAYERED SLIM CROP TOP IN LIGHT KHAKI,https://matinkim.com/product/detail.html?product_no=7328,https://matinkim.com/web/product/medium/202503/093cd39e8714da36f2083e2f780d0507.jpg,"₩118,000",,,260626,,,,,
,false,,마뗑킴,,카테고리27,,BIG ARCH LOGO TOP FOR MEN IN CHARCOAL,https://matinkim.com/product/detail.html?product_no=7107,https://matinkim.com/web/product/medium/202502/f10d25f715de69e8d912f1e6994ebf55.jpg,"₩68,000",,,260626,,,,,
,false,,마뗑킴,,카테고리27,,MATIN LOGO TYPO LONG SLEEVE TOP IN WHITE,https://matinkim.com/product/detail.html?product_no=4372,https://matinkim.com/web/product/medium/202503/d30cfd35bc443ef6013e4d76e3c865d4.jpg,"₩98,000",,,260626,,,,,
,false,,마뗑킴,,카테고리27,,UNBALANCE LOGO CROP TOP IN BLACK,https://matinkim.com/product/detail.html?product_no=7006,https://matinkim.com/web/product/medium/202501/dad7a017f9efbba21f60be97c3613e70.jpg,"₩58,000",,,260626,,,,,
,false,,마뗑킴,,카테고리27,,UNBALANCE LOGO CROP TOP IN WHITE,https://matinkim.com/product/detail.html?product_no=7007,https://matinkim.com/web/product/medium/202501/d7ffb5fec5a21a68928502ba9413c8b4.jpg,"₩58,000",,,260626,,,,,
,false,,마뗑킴,,카테고리27,,PINTUCK SLEEVELESS TOP IN BLACK,https://matinkim.com/product/detail.html?product_no=5252,https://matinkim.com/web/product/medium/202402/e5d6c755cfb86d8e8102a15a3ac094cb.jpg,"₩38,000",,,260626,,,,,
,false,,마뗑킴,,카테고리27,,PINTUCK SLEEVELESS TOP IN WHITE,https://matinkim.com/product/detail.html?product_no=5251,https://matinkim.com/web/product/medium/202402/aae41e4633655adc6df2fff6d720147f.jpg,"₩38,000",,,260626,,,,,
,false,,마뗑킴,,카테고리27,,PIGMENT CUT OUT LOGO CROP TOP IN CHARCOAL,https://matinkim.com/product/detail.html?product_no=5681,https://matinkim.com/web/product/medium/202406/bf034001e40b0faddcd7ca4dedfe865d.jpg,"₩68,000",,,260626,,,,,
,false,,마뗑킴,,카테고리27,,PIGMENT CUT OUT LOGO CROP TOP IN SMOKE BLUE,https://matinkim.com/product/detail.html?product_no=5679,https://matinkim.com/web/product/medium/202406/b2df87063f0ad3150482534556f9bb51.jpg,"₩68,000",,,260626,,,,,
,false,,마뗑킴,,카테고리27,,TWINKLE GRAPHIC LOGO TOP FOR MEN IN CHARCOAL,https://matinkim.com/product/detail.html?product_no=5697,https://matinkim.com/web/product/medium/202406/2282e2d7c3c8db80755c19891232838b.jpg,"₩88,000",,,260626,,,,,
,false,,마뗑킴,,카테고리27,,MATIN EMBROIDERY LOGO TOP IN WHITE,https://matinkim.com/product/detail.html?product_no=3834,https://matinkim.com/web/product/medium/202304/f275130d3ad09906c09e6c2d718ca465.jpg,"₩68,000",,,260626,,,,,
,false,,마뗑킴,,카테고리27,,SPELL POINT STRIPE KNIT VEST IN BLACK,https://matinkim.com/product/detail.html?product_no=3682,https://matinkim.com/web/product/medium/202303/ad79457b660ab5822c6cf0a4d7bc4477.jpg,"₩148,000",,,260626,,,,,
,false,,마뗑킴,,카테고리27,,SPELL POINT STRIPE KNIT VEST IN IVORY,https://matinkim.com/product/detail.html?product_no=3681,https://matinkim.com/web/product/medium/202303/a915c72e57e2041a78f5c8f3ce684453.jpg,"₩148,000",,,260626,,,,,
,false,,마뗑킴,,카테고리27,,MATIN KIM LOGO CROP TOP IN WHITE,https://matinkim.com/product/detail.html?product_no=4131,https://matinkim.com/web/product/medium/202603/07eec1a22f9a3d6b086a23ffe8f2d373.jpg,"₩38,000",,,260626,,,,,
,false,,마뗑킴,,카테고리27,,MATIN KIM LOGO CROP TOP IN BLACK,https://matinkim.com/product/detail.html?product_no=4132,https://matinkim.com/web/product/medium/202603/5f7b26807f18d1e30e87d480e4ef714d.jpg,"₩38,000",,,260626,,,,,
,false,,마뗑킴,,카테고리27,,MATIN KIM LOGO TOP IN BLACK,https://matinkim.com/product/detail.html?product_no=5319,https://matinkim.com/web/product/medium/202603/1eb00f805fc66a682b104b0f8d0b2825.jpg,"₩48,000",,,260626,,,,,
,false,,마뗑킴,,카테고리27,,MATIN KIM LOGO TOP IN WHITE,https://matinkim.com/product/detail.html?product_no=5320,https://matinkim.com/web/product/medium/202603/3cb676e67c22e9cee7e2e74acce00c54.jpg,"₩48,000",,,260626,,,,,
,false,,마뗑킴,,카테고리27,,MATIN KIM LOGO CUTTED CROP TOP IN BLACK,https://matinkim.com/product/detail.html?product_no=4965,https://matinkim.com/web/product/medium/202603/7578ee610f153b50169510827ffb4e63.jpg,"₩58,000",,,260626,,,,,
,false,,마뗑킴,,카테고리27,,MATIN KIM LOGO CUTTED CROP TOP IN WHITE,https://matinkim.com/product/detail.html?product_no=4964,https://matinkim.com/web/product/medium/202603/a0e4baeb2d6ca377a091ff880b73bafd.jpg,"₩58,000",,,260626,,,,,
,false,,마뗑킴,,카테고리27,,MATIN KIM LOGO CUTTED LAYERED TOP IN BLACK,https://matinkim.com/product/detail.html?product_no=4963,https://matinkim.com/web/product/medium/202603/9148fd3d3f5d948dc9022492ac6f6d3b.jpg,"₩88,000",,,260626,,,,,
,false,,마뗑킴,,카테고리27,,MATIN KIM LOGO CUTTED LAYERED TOP IN WHITE,https://matinkim.com/product/detail.html?product_no=4962,https://matinkim.com/web/product/medium/202603/48bc5deb8aeca52dbf98273c4237369c.jpg,"₩88,000",,,260626,,,,,
