platform,is_ranking,rank,brand,main_category,category,gender,product_name,product_detail_url,thumbnail,regular_price,current_price,discount_rate,crawled_at,color,material,details,rating,reviews
,false,,인스턴트펑크,,전체,,aZT 레이어드 티셔츠 - 화이트 (3 Pack),https://instantfunk.kr/product/detail.html?product_no=2161,https://instantfunk.kr/web/product/medium/202209/3109a8c8863918fdcb611e419c324f76.jpg,"₩79,000",,,260626,,,,,
,false,,인스턴트펑크,,전체,,빈티지 로고 티셔츠,https://instantfunk.kr/product/detail.html?product_no=2909,https://instantfunk.kr/web/product/medium/202411/d78192ebde83424a0fd19d8a57456640.jpg,"₩39,000",,,260626,,,,,
,false,,인스턴트펑크,,전체,,피그먼트 스탠다드 후드,https://instantfunk.kr/product/detail.html?product_no=2849,https://instantfunk.kr/web/product/medium/202502/8cf325a57139f35f651cacb3e6ba9e15.jpg,"₩105,000",,,260626,,,,,
,false,,인스턴트펑크,,전체,,원숄더 라쿤 니트,https://instantfunk.kr/product/detail.html?product_no=2689,https://instantfunk.kr/web/product/medium/202502/7d57b1a7b5ed3d32e5dddc94e3acba84.jpg,"₩152,000",,,260626,,,,,
,false,,인스턴트펑크,,전체,,피그먼트 스탠다드 스웨트 팬츠,https://instantfunk.kr/product/detail.html?product_no=2848,https://instantfunk.kr/web/product/medium/202502/1f98efb946aa08d813621928ab0fd3e7.jpg,"₩92,000",,,260626,,,,,
,false,,인스턴트펑크,,전체,,클래식 자수 셔츠,https://instantfunk.kr/product/detail.html?product_no=2685,https://instantfunk.kr/web/product/medium/202503/ac215b034f67f371a95d4d8c882e5d88.jpg,"₩118,000",,,260626,,,,,
,false,,인스턴트펑크,,전체,,피그먼트 스탠다드 맨투맨,https://instantfunk.kr/product/detail.html?product_no=2850,https://instantfunk.kr/web/product/medium/202502/6a2a557fce41f81b23b17d8a9c3e264c.jpg,"₩89,000",,,260626,,,,,
,false,,인스턴트펑크,,전체,,Classic Wide 01,https://instantfunk.kr/product/detail.html?product_no=2694,https://instantfunk.kr/web/product/medium/202503/c3cf9855e25567b7da98e51ab7094f41.jpg,"₩108,000",,,260626,,,,,
,false,,인스턴트펑크,,전체,,스퀘어넥 니트,https://instantfunk.kr/product/detail.html?product_no=2687,https://instantfunk.kr/web/product/medium/202503/6c2b8a2dcbe7754a70331876ea6bbb3e.jpg,"₩105,000",,,260626,,,,,
,false,,인스턴트펑크,,전체,,Wide 03,https://instantfunk.kr/product/detail.html?product_no=2846,https://instantfunk.kr/web/product/medium/202504/05865b1c5eeaa81ebe40fdfc9b75564b.jpg,"₩139,000",,,260626,,,,,
,false,,인스턴트펑크,,전체,,Classic Straight 01,https://instantfunk.kr/product/detail.html?product_no=2692,https://instantfunk.kr/web/product/medium/202503/98be29ded33e6e4ec6ebd07fa71885d7.jpg,"₩108,000",,,260626,,,,,
,false,,인스턴트펑크,,전체,,Bootcut 04,https://instantfunk.kr/product/detail.html?product_no=2902,https://instantfunk.kr/web/product/medium/202504/782b5d65597cd20ffefb443c6997b057.jpg,"₩138,000",,,260626,,,,,
,false,,인스턴트펑크,,전체,,Wide 04,https://instantfunk.kr/product/detail.html?product_no=2844,https://instantfunk.kr/web/product/medium/202504/500e8accb64a765a6726e7abebb40796.jpg,"₩145,000",,,260626,,,,,
,false,,인스턴트펑크,,전체,,크로스 롱슬리브,https://instantfunk.kr/product/detail.html?product_no=2915,https://instantfunk.kr/web/product/medium/202502/171a8c7cec0e794322abd2d49598b9ab.jpg,"₩65,000",,,260626,,,,,
,false,,인스턴트펑크,,전체,,멀티웨이 하트넥 니트,https://instantfunk.kr/product/detail.html?product_no=2920,https://instantfunk.kr/web/product/medium/202411/86d2a639abab05ce30d807a692355ba9.jpg,"₩105,000",,,260626,,,,,
,false,,인스턴트펑크,,전체,,스탠다드 스웨트 팬츠 - 핑크,https://instantfunk.kr/product/detail.html?product_no=2359,https://instantfunk.kr/web/product/medium/202503/785deb9ac407679405f5c5833b337282.jpg,"₩89,000",,,260626,,,,,
,false,,인스턴트펑크,,전체,,스탠다드 로고 후드 - 핑크,https://instantfunk.kr/product/detail.html?product_no=2348,https://instantfunk.kr/web/product/medium/202503/22201433132c8a6347938e5c4593e067.jpg,"₩98,800",,,260626,,,,,
,false,,인스턴트펑크,,전체,,Classic Bootcut 01,https://instantfunk.kr/product/detail.html?product_no=2693,https://instantfunk.kr/web/product/medium/202412/4991a798974b61664069e6885fd017c1.jpg,"₩108,000",,,260626,,,,,
,false,,인스턴트펑크,,전체,,[2차리오더] Bootcut 01 - Sky Blue,https://instantfunk.kr/product/detail.html?product_no=3147,https://instantfunk.kr/web/product/medium/202506/200f816a1faf9f803cae7c6333b87835.jpg,"₩118,000",,,260626,,,,,
,false,,인스턴트펑크,,전체,,베이직 자수 가디건,https://instantfunk.kr/product/detail.html?product_no=2892,https://instantfunk.kr/web/product/medium/202411/4eb27912bdf4ce501de2fe1348c5cbf8.jpg,"₩118,000",,,260626,,,,,
,false,,인스턴트펑크,,전체,,클래식 울 싱글 자켓,https://instantfunk.kr/product/detail.html?product_no=2682,https://instantfunk.kr/web/product/medium/202411/403cae6239bcb514b1dd3df121ee0929.jpg,"₩258,000",,,260626,,,,,
,false,,인스턴트펑크,,전체,,오버숄더 포우 레더 자켓,https://instantfunk.kr/product/detail.html?product_no=2872,https://instantfunk.kr/web/product/medium/202411/468061ddc2c27dcb7832569d7c3194ba.jpg,"₩378,000",,,260626,,,,,
,false,,인스턴트펑크,,전체,,Classic Wide 01,https://instantfunk.kr/product/detail.html?product_no=2979,https://instantfunk.kr/web/product/medium/202503/0e8e8a9fd762448a34fc417385cb67fb.jpg,"₩108,000",,,260626,,,,,
,false,,인스턴트펑크,,전체,,오프숄더 레이스 롱슬리브,https://instantfunk.kr/product/detail.html?product_no=2852,https://instantfunk.kr/web/product/medium/202411/2ce9561552575ff0269bc141317b2907.jpg,"₩118,000",,,260626,,,,,
,false,,인스턴트펑크,,전체,,클래식 트위드 자켓,https://instantfunk.kr/product/detail.html?product_no=2894,https://instantfunk.kr/web/product/medium/202503/b44dc484bc6d78ddaca3381440dccc72.jpg,"₩235,000",,,260626,,,,,
,false,,인스턴트펑크,,전체,,소프트 부츠컷 데님 팬츠 - 스카이블루,https://instantfunk.kr/product/detail.html?product_no=3210,https://instantfunk.kr/web/product/medium/202504/45006e7dc8fa4dd58bda33be08bc3132.jpg,"₩148,000",,,260626,,,,,
,false,,인스턴트펑크,,전체,,하프 슬리브 원숄더 니트,https://instantfunk.kr/product/detail.html?product_no=2884,https://instantfunk.kr/web/product/medium/202504/741cd6e91fd27bf6d86f4bc7b09ef130.jpg,"₩108,000",,,260626,,,,,
,false,,인스턴트펑크,,전체,,빈티지 워시드 와이드 데님 팬츠,https://instantfunk.kr/product/detail.html?product_no=2901,https://instantfunk.kr/web/product/medium/202504/8d1009ce852614903255dc88fa80460b.jpg,"₩162,000",,,260626,,,,,
,false,,인스턴트펑크,,전체,,[2차리오더] Bootcut 01 - Blue,https://instantfunk.kr/product/detail.html?product_no=3148,https://instantfunk.kr/web/product/medium/202503/6c46312e7b3b5a9c41f1fcdfcdd2ada4.jpg,"₩118,000",,,260626,,,,,
,false,,인스턴트펑크,,전체,,페이즐리 실크 스카프 탑,https://instantfunk.kr/product/detail.html?product_no=2900,https://instantfunk.kr/web/product/medium/202411/d8ce454f07236e9d4e2a5856e0f68c15.jpg,"₩105,000",,,260626,,,,,
,false,,인스턴트펑크,,전체,,워시드 와이드 데님 팬츠,https://instantfunk.kr/product/detail.html?product_no=2843,https://instantfunk.kr/web/product/medium/202504/93f872a8c8e0190c4e2b2ad547654025.jpg,"₩162,000",,,260626,,,,,
,false,,인스턴트펑크,,전체,,빈티지 시퀸 가디건,https://instantfunk.kr/product/detail.html?product_no=2929,https://instantfunk.kr/web/product/medium/202411/42ada62886cbfdb1895c72eaf0d3838a.jpg,"₩182,000",,,260626,,,,,
,false,,인스턴트펑크,,전체,,오프숄더 플레어 원피스,https://instantfunk.kr/product/detail.html?product_no=2867,https://instantfunk.kr/web/product/medium/202504/5725e20be6dbf4cfde0b38b579ada54d.jpg,"₩238,000",,,260626,,,,,
,false,,인스턴트펑크,,전체,,멀티웨이 드레이프 니트,https://instantfunk.kr/product/detail.html?product_no=2729,https://instantfunk.kr/web/product/medium/202411/e77378b6fd1fa7ab8ff6f9c5a4937823.jpg,"₩138,000",,,260626,,,,,
,false,,인스턴트펑크,,전체,,스탠다드 로고 맨투맨 - 그린,https://instantfunk.kr/product/detail.html?product_no=2341,https://instantfunk.kr/web/product/medium/202503/e480aea3c9c228f4666ff000dcaa0d16.jpg,"₩83,000",,,260626,,,,,
,false,,인스턴트펑크,,전체,,슬림 하프 원숄더 니트,https://instantfunk.kr/product/detail.html?product_no=2917,https://instantfunk.kr/web/product/medium/202411/802b82cf727a6605d065526b30c604fd.jpg,"₩128,000",,,260626,,,,,
,false,,인스턴트펑크,,전체,,오프숄더 슬림 울 니트,https://instantfunk.kr/product/detail.html?product_no=2730,https://instantfunk.kr/web/product/medium/202412/55e6caedd0e0b7f22a9d8a7ad2b6fe7b.jpg,"₩156,000",,,260626,,,,,
,false,,인스턴트펑크,,전체,,부츠컷 데님 오버롤,https://instantfunk.kr/product/detail.html?product_no=2674,https://instantfunk.kr/web/product/medium/202411/649f935d8958f318c0ff3a10aa6b34d9.jpg,"₩224,000",,,260626,,,,,
,false,,인스턴트펑크,,전체,,소프트 부츠컷 데님 팬츠 - 블루,https://instantfunk.kr/product/detail.html?product_no=3143,https://instantfunk.kr/web/product/medium/202503/4a512a54f9b55d9213389444c9cb93ea.jpg,"₩148,000",,,260626,,,,,
,false,,인스턴트펑크,,전체,,기본로고 스웻 팬츠 - 블랙,https://instantfunk.kr/product/detail.html?product_no=3099,https://instantfunk.kr/web/product/medium/202503/437b93a74296fb280145261cf2a31cd6.jpg,"₩89,000",,,260626,,,,,
,false,,인스턴트펑크,,전체,,빈티지 로고 반팔 티셔츠,https://instantfunk.kr/product/detail.html?product_no=2981,https://instantfunk.kr/web/product/medium/202504/0313d6d4e494db09dc3fab0a9e73e4e8.jpg,"₩39,000",,,260626,,,,,
,false,,인스턴트펑크,,전체,,미니로고 스웻 맨투맨 - 블랙,https://instantfunk.kr/product/detail.html?product_no=3104,https://instantfunk.kr/web/product/medium/202503/0738d1deb26c65b9d3ffe1b54f1d1d8e.jpg,"₩89,000",,,260626,,,,,
,false,,인스턴트펑크,,전체,,Classic Wide 02,https://instantfunk.kr/product/detail.html?product_no=2877,https://instantfunk.kr/web/product/medium/202504/8a9f2966de8a9f695ed43b2043c2718e.jpg,"₩108,000",,,260626,,,,,
,false,,인스턴트펑크,,전체,,등판 변형 로고 포인트 공용 티셔츠,https://instantfunk.kr/product/detail.html?product_no=2994,https://instantfunk.kr/web/product/medium/202504/b743989d6ab809a6cb6420a0c60e1609.jpg,"₩69,000",,,260626,,,,,
,false,,인스턴트펑크,,전체,,U넥 베이직 티셔츠,https://instantfunk.kr/product/detail.html?product_no=2879,https://instantfunk.kr/web/product/medium/202411/a838b283efc70ecae5f9a3b37e65b56d.jpg,"₩42,000",,,260626,,,,,
,false,,인스턴트펑크,,전체,,미니로고 스웻 맨투맨 - 오트 그레이,https://instantfunk.kr/product/detail.html?product_no=3103,https://instantfunk.kr/web/product/medium/202503/1da3256091ad29c451ec0999d6c3f920.jpg,"₩89,000",,,260626,,,,,
,false,,인스턴트펑크,,전체,,Classic Straight 01,https://instantfunk.kr/product/detail.html?product_no=2977,https://instantfunk.kr/web/product/medium/202503/60bcdf81d595a3228f5bfb5116a1fa61.jpg,"₩108,000",,,260626,,,,,
,false,,인스턴트펑크,,전체,,디스트로이드 데님 팬츠 - 블루,https://instantfunk.kr/product/detail.html?product_no=2319,https://instantfunk.kr/web/product/medium/202411/e2c87e6d0acfba7d60048c718d1f377e.jpg,"₩138,000",,,260626,,,,,
,false,,인스턴트펑크,,전체,,클래식 싱글 자켓,https://instantfunk.kr/product/detail.html?product_no=2937,https://instantfunk.kr/web/product/medium/202503/2db119bbbc2c4510d78e22b650552fa9.jpg,"₩228,000",,,260626,,,,,
,false,,인스턴트펑크,,전체,,오프숄더 셔링 블라우스,https://instantfunk.kr/product/detail.html?product_no=2924,https://instantfunk.kr/web/product/medium/202411/28c3c76c4eef904b9a931c3876a11093.jpg,"₩168,000",,,260626,,,,,
,false,,인스턴트펑크,,전체,,Skinny 02 - Blue,https://instantfunk.kr/product/detail.html?product_no=1514,https://instantfunk.kr/web/product/medium/202202/f3a6d421f95f014aefe77697df7f61a7.jpg,"₩108,000",,,260626,,,,,
,false,,인스턴트펑크,,전체,,레이스 믹스 스퀘어넥 블라우스,https://instantfunk.kr/product/detail.html?product_no=2657,https://instantfunk.kr/web/product/medium/202503/2ec5c023f9247e21adce14fd725d16be.jpg,"₩178,000",,,260626,,,,,
,false,,인스턴트펑크,,전체,,부클레 쇼츠 - 아이보리,https://instantfunk.kr/product/detail.html?product_no=2530,https://instantfunk.kr/web/product/medium/202411/a9d8ad36c045adc6c793c0152dfe0fe3.jpg,"₩105,000",,,260626,,,,,
,false,,인스턴트펑크,,전체,,슬림 크롭 니트 집업 - 블랙,https://instantfunk.kr/product/detail.html?product_no=2511,https://instantfunk.kr/web/product/medium/202411/ddd5a4f1aa3978483c8c9a2c00ae7698.jpg,"₩128,000",,,260626,,,,,
,false,,인스턴트펑크,,전체,,스퀘어넥 퍼프 크롭 니트 - 핑크,https://instantfunk.kr/product/detail.html?product_no=1817,https://instantfunk.kr/web/product/medium/202206/bbc3c67ca25cea7d1c29f5fa5cc71273.jpg,"₩96,000",,,260626,,,,,
,false,,인스턴트펑크,,전체,,와이드 버뮤다 데님 팬츠,https://instantfunk.kr/product/detail.html?product_no=2847,https://instantfunk.kr/web/product/medium/202504/653fcc14a09aedace9643202980a2326.jpg,"₩132,000",,,260626,,,,,
,false,,인스턴트펑크,,전체,,케이블 울 니트 볼레로 원피스,https://instantfunk.kr/product/detail.html?product_no=2782,https://instantfunk.kr/web/product/medium/202412/1f96386e6ae7b8e35be598efc4f32d91.jpg,"₩208,000",,,260626,,,,,
,false,,인스턴트펑크,,전체,,스퀘어넥 슬림 원피스,https://instantfunk.kr/product/detail.html?product_no=2660,https://instantfunk.kr/web/product/medium/202411/b339e57fb858a567b0bf4da01128e686.jpg,"₩228,000",,,260626,,,,,
,false,,인스턴트펑크,,전체,,아가일 니트 베스트,https://instantfunk.kr/product/detail.html?product_no=2921,https://instantfunk.kr/web/product/medium/202509/df48d84bf8a4bd81a2891a85887924b0.jpg,"₩128,000",,,260626,,,,,
,false,,인스턴트펑크,,전체,,스퀘어넥 클래식 미니 원피스,https://instantfunk.kr/product/detail.html?product_no=2890,https://instantfunk.kr/web/product/medium/202504/408ac527a4e139550d437e4c92559f2e.jpg,"₩186,000",,,260626,,,,,
,false,,인스턴트펑크,,전체,,하프 슬리브 케이블 니트,https://instantfunk.kr/product/detail.html?product_no=2885,https://instantfunk.kr/web/product/medium/202504/1459314f0923a9fd5dde3baf631630a4.jpg,"₩92,000",,,260626,,,,,
,false,,인스턴트펑크,,전체,,케이블 울 니트 튜브탑,https://instantfunk.kr/product/detail.html?product_no=2732,https://instantfunk.kr/web/product/medium/202509/d222e42dcd5edf56bf031cbf6289cd84.jpg,"₩99,000",,,260626,,,,,
,false,,인스턴트펑크,,전체,,린넨 벨티드 미니 스커트 - 베이지,https://instantfunk.kr/product/detail.html?product_no=1830,https://instantfunk.kr/web/product/medium/202508/fd8fe61684c2a4ddf8c0345ab2bde8f9.jpg,"₩148,000",,,260626,,,,,
,false,,인스턴트펑크,,전체,,레더 스퀘어 벨트,https://instantfunk.kr/product/detail.html?product_no=2993,https://instantfunk.kr/web/product/medium/202412/71b33c764a31970f97e0c5c5a5aed64c.jpg,"₩58,000",,,260626,,,,,
,false,,인스턴트펑크,,전체,,디스트로이드 데님 팬츠 - 블랙,https://instantfunk.kr/product/detail.html?product_no=2318,https://instantfunk.kr/web/product/medium/202411/abb16cc2a7b9def72f0eb4eaba7ae747.jpg,"₩138,000",,,260626,,,,,
,false,,인스턴트펑크,,전체,,슬림 슬립 드레스,https://instantfunk.kr/product/detail.html?product_no=2927,https://instantfunk.kr/web/product/medium/202504/0f316b570aeee32df4c4a74735584455.jpg,"₩189,000",,,260626,,,,,
,false,,인스턴트펑크,,전체,,클래식 버뮤다 팬츠,https://instantfunk.kr/product/detail.html?product_no=2876,https://instantfunk.kr/web/product/medium/202504/3da5bd3ecd6350be298f3c13b5458924.jpg,"₩89,000",,,260626,,,,,
,false,,인스턴트펑크,,전체,,반팔 크롭 니트 가디건 - 핑크,https://instantfunk.kr/product/detail.html?product_no=1801,https://instantfunk.kr/web/product/medium/202206/8258d306b74efce5846e3aa3cf49baa4.jpg,"₩102,000",,,260626,,,,,
,false,,인스턴트펑크,,전체,,빅로고 스웻 후디 - 블랙,https://instantfunk.kr/product/detail.html?product_no=3101,https://instantfunk.kr/web/product/medium/202502/c9e8c8add30fcd563e16fab1c4656df8.jpg,"₩99,000",,,260626,,,,,
,false,,인스턴트펑크,,전체,,커시브 로고 자수 볼캡,https://instantfunk.kr/product/detail.html?product_no=2698,https://instantfunk.kr/web/product/medium/202411/2d377514a6691777b3b2a5aa6ca31ceb.jpg,"₩55,000",,,260626,,,,,
,false,,인스턴트펑크,,전체,,Ms 부클레 스웨트 하프 팬츠 - 그린,https://instantfunk.kr/product/detail.html?product_no=1763,https://instantfunk.kr/web/product/medium/202204/5f94b72f52a660fcbb1495a2cc408688.jpg,"₩108,000",,,260626,,,,,
,false,,인스턴트펑크,,전체,,부츠컷 데님 팬츠,https://instantfunk.kr/product/detail.html?product_no=3011,https://instantfunk.kr/web/product/medium/202412/2c898794a157ed652df529fe73ff432a.jpg,"₩148,000",,,260626,,,,,
,false,,인스턴트펑크,,전체,,기본로고 스웻 팬츠 - 멜란지 화이트,https://instantfunk.kr/product/detail.html?product_no=3100,https://instantfunk.kr/web/product/medium/202503/e8039f23be64ae04b8082d377fc31ad5.jpg,"₩89,000",,,260626,,,,,
,false,,인스턴트펑크,,전체,,디스트로이드 버뮤다 데님 팬츠,https://instantfunk.kr/product/detail.html?product_no=2903,https://instantfunk.kr/web/product/medium/202504/9efba4d96d03986abb53dfa864673570.jpg,"₩132,000",,,260626,,,,,
,false,,인스턴트펑크,,전체,,Volume Bootcut Leggings 01 - Black,https://instantfunk.kr/product/detail.html?product_no=1046,https://instantfunk.kr/web/product/medium/202012/e6285070c682f62ac8c48a6a32d62662.jpg,"₩96,000",,,260626,,,,,
,false,,인스턴트펑크,,전체,,스퀘어넥 블라우스,https://instantfunk.kr/product/detail.html?product_no=2781,https://instantfunk.kr/web/product/medium/202411/6072c5b749089fd8698c638528203139.jpg,"₩153,000",,,260626,,,,,
,false,,인스턴트펑크,,전체,,머메이드 울 롱 스커트,https://instantfunk.kr/product/detail.html?product_no=2722,https://instantfunk.kr/web/product/medium/202509/4072e102b949e4cf723e30f9951d9da4.jpg,"₩165,000",,,260626,,,,,
,false,,인스턴트펑크,,전체,,Shorts 01 - Blue,https://instantfunk.kr/product/detail.html?product_no=826,https://instantfunk.kr/web/product/medium/20200515/c3d3d1d84ef2b677657cc8dd8eecc084.jpg,"₩75,000",,,260626,,,,,
,false,,인스턴트펑크,,전체,,멀티컬러 니트 슬리브리스,https://instantfunk.kr/product/detail.html?product_no=2656,https://instantfunk.kr/web/product/medium/202411/94823c5767a290fef65bb5a7a5828f11.jpg,"₩92,000",,,260626,,,,,
,false,,인스턴트펑크,,전체,,Straight 05 - Black,https://instantfunk.kr/product/detail.html?product_no=859,https://instantfunk.kr/web/product/medium/202008/55050fd435fd8bbd278a3bd2f86959da.jpg,"₩89,000",,,260626,,,,,
,false,,인스턴트펑크,,전체,,빅로고 스웻 후디 - 멜란지 화이트,https://instantfunk.kr/product/detail.html?product_no=3102,https://instantfunk.kr/web/product/medium/202503/04b49f9a234f56b2ec9c63167c80dea5.jpg,"₩99,000",,,260626,,,,,
,false,,인스턴트펑크,,전체,,Straight 05 - Deep Blue,https://instantfunk.kr/product/detail.html?product_no=858,https://instantfunk.kr/web/product/medium/202008/0d94d987a09c36e20965c0509b3d9989.jpg,"₩89,000",,,260626,,,,,
,false,,인스턴트펑크,,전체,,Straight 05 - Light Blue,https://instantfunk.kr/product/detail.html?product_no=857,https://instantfunk.kr/web/product/medium/202008/66eb018c2d64e522abb8f13d235ce1fc.jpg,"₩89,000",,,260626,,,,,
,false,,인스턴트펑크,,전체,,자카드 알파카 비니,https://instantfunk.kr/product/detail.html?product_no=2643,https://instantfunk.kr/web/product/medium/202411/694a1965e2396f774dd1fa2180cff908.jpg,"₩68,000",,,260626,,,,,
,false,,인스턴트펑크,,전체,,컬러 프린팅 데님 팬츠,https://instantfunk.kr/product/detail.html?product_no=2842,https://instantfunk.kr/web/product/medium/202504/3a7e89399be89a3cf93dab20001a872c.jpg,"₩178,000",,,260626,,,,,
,false,,인스턴트펑크,,전체,,웨스턴 블루종 점퍼,https://instantfunk.kr/product/detail.html?product_no=2936,https://instantfunk.kr/web/product/medium/202411/e620d47e89363d041d2a6d8cebdd3363.jpg,"₩282,000",,,260626,,,,,
,false,,인스턴트펑크,,전체,,Ms 카치온 워시드 데님 팬츠 - 라벤더,https://instantfunk.kr/product/detail.html?product_no=2559,https://instantfunk.kr/web/product/medium/202411/68ded46421242e18fca4d259f775a26a.jpg,"₩145,000",,,260626,,,,,
,false,,인스턴트펑크,,전체,,Classic Bootcut 01,https://instantfunk.kr/product/detail.html?product_no=2978,https://instantfunk.kr/web/product/medium/202503/0cf490e4ece4df77a4629b692549a2a6.jpg,"₩108,000",,,260626,,,,,
,false,,인스턴트펑크,,전체,,오프숄더 셔링 롱 원피스,https://instantfunk.kr/product/detail.html?product_no=2928,https://instantfunk.kr/web/product/medium/202504/130c6239420d57cbc5871ba3ba1a33d9.jpg,"₩255,000",,,260626,,,,,
,false,,인스턴트펑크,,전체,,셔링 코튼 팬츠,https://instantfunk.kr/product/detail.html?product_no=2723,https://instantfunk.kr/web/product/medium/202411/8d8d6866c1fd1ee8a71f0fa1d631fa72.jpg,"₩178,000",,,260626,,,,,
,false,,인스턴트펑크,,전체,,언발란스 그래픽  티셔츠 - 옐로우,https://instantfunk.kr/product/detail.html?product_no=3299,https://instantfunk.kr/web/product/medium/202506/c2cb2ce6f4c398c34027fbf3e36b3a64.jpg,"₩78,000",,,260626,,,,,
,false,,인스턴트펑크,,전체,,스냅 버튼 티셔츠 - 챠콜,https://instantfunk.kr/product/detail.html?product_no=3201,https://instantfunk.kr/web/product/medium/202503/d6d70d10fa3f94c42d5350733654c5ea.jpg,"₩98,000",,,260626,,,,,
,false,,인스턴트펑크,,전체,,맨즈 빈티지 그래픽 티셔츠 - 핑크,https://instantfunk.kr/product/detail.html?product_no=3111,https://instantfunk.kr/web/product/medium/202503/2ce8701942677a235f01520e2b955ce2.jpg,"₩68,000",,,260626,,,,,
,false,,인스턴트펑크,,전체,,언발 트임 롱 니트,https://instantfunk.kr/product/detail.html?product_no=2995,https://instantfunk.kr/web/product/medium/202412/772ca1eab288955a2f88ccbe4b2544b7.jpg,"₩138,000",,,260626,,,,,
,false,,인스턴트펑크,,전체,,클래식 싱글 베스트,https://instantfunk.kr/product/detail.html?product_no=2891,https://instantfunk.kr/web/product/medium/202411/e0b842d0e7e635cc5b7c6b9bb6a4651d.jpg,"₩128,000",,,260626,,,,,
,false,,인스턴트펑크,,전체,,랩 미니 데님 스커트,https://instantfunk.kr/product/detail.html?product_no=2841,https://instantfunk.kr/web/product/medium/202504/4a7ba6c76ddad5cae91078d0bd1650f4.jpg,"₩128,000",,,260626,,,,,
,false,,인스턴트펑크,,전체,,Ms 브러쉬드 하프 집업 니트,https://instantfunk.kr/product/detail.html?product_no=2766,https://instantfunk.kr/web/product/medium/202411/03992a5ebbaa132e5a69763b8807893b.jpg,"₩215,000",,,260626,,,,,
,false,,인스턴트펑크,,전체,,탁텔 니트 탑 - 블랙,https://instantfunk.kr/product/detail.html?product_no=2404,https://instantfunk.kr/web/product/medium/202411/af447f28bb2fa52bef0f48f82f5ba9e4.jpg,"₩89,000",,,260626,,,,,
,false,,인스턴트펑크,,전체,,Ms 위빙 레더 벨트,https://instantfunk.kr/product/detail.html?product_no=2699,https://instantfunk.kr/web/product/medium/202411/323b0152d2771e63671b07a23d3b21ee.jpg,"₩82,000",,,260626,,,,,
,false,,인스턴트펑크,,전체,,맨즈 빈티지 그래픽 티셔츠 - 그레이,https://instantfunk.kr/product/detail.html?product_no=3110,https://instantfunk.kr/web/product/medium/202503/b796636beab79b2e592b84b182f3d083.jpg,"₩68,000",,,260626,,,,,
,false,,인스턴트펑크,,전체,,페이즐리 쇼츠 - 네이비,https://instantfunk.kr/product/detail.html?product_no=1827,https://instantfunk.kr/web/product/medium/202206/31ba6ca6648b2955d4ed4dc661a906e7.jpg,"₩118,000",,,260626,,,,,
,false,,인스턴트펑크,,전체,,아일렛 미니 원피스 - 블랙,https://instantfunk.kr/product/detail.html?product_no=3245,https://instantfunk.kr/web/product/medium/202504/07166cb009c9d0ebaa9ebe0bb2997810.jpg,"₩258,000",,,260626,,,,,
,false,,인스턴트펑크,,전체,,소매 로고 포인트 공용 5부 티셔츠,https://instantfunk.kr/product/detail.html?product_no=2982,https://instantfunk.kr/web/product/medium/202504/1d4c4c0a306de3b38b356ee2b414795d.jpg,"₩59,000",,,260626,,,,,
,false,,인스턴트펑크,,전체,,벨티드 롱 스커트,https://instantfunk.kr/product/detail.html?product_no=2875,https://instantfunk.kr/web/product/medium/202504/dfef3e87e790554c3354cfdffed07262.jpg,"₩98,000",,,260626,,,,,
,false,,인스턴트펑크,,전체,,카고 와이드 데님 팬츠,https://instantfunk.kr/product/detail.html?product_no=2666,https://instantfunk.kr/web/product/medium/202411/727b5f19a531442cf836bdd8c750a6f7.jpg,"₩219,000",,,260626,,,,,
,false,,인스턴트펑크,,전체,,funk 자수 하프 집업 - 네이비,https://instantfunk.kr/product/detail.html?product_no=1780,https://instantfunk.kr/web/product/medium/202205/2c896b4c834aa6ed0b0819689715a344.jpg,"₩168,000",,,260626,,,,,
,false,,인스턴트펑크,,전체,,미니로고 스웻 맨투맨 - 멜란지 화이트,https://instantfunk.kr/product/detail.html?product_no=3105,https://instantfunk.kr/web/product/medium/202502/2d7b9a22a19dcaebb3b8147908b647d3.jpg,"₩89,000",,,260626,,,,,
,false,,인스턴트펑크,,전체,,스트랩 스퀘어넥 미니 원피스,https://instantfunk.kr/product/detail.html?product_no=2926,https://instantfunk.kr/web/product/medium/202504/08a78928d0eb0030e2125eb2e166ff38.jpg,"₩185,000",,,260626,,,,,
,false,,인스턴트펑크,,전체,,울 크롭 탑,https://instantfunk.kr/product/detail.html?product_no=2726,https://instantfunk.kr/web/product/medium/202506/795edc9c070c6ee925f87c4b27ee674e.jpg,"₩132,000",,,260626,,,,,
,false,,인스턴트펑크,,전체,,플로럴 원피스 수영복 - 레드,https://instantfunk.kr/product/detail.html?product_no=2581,https://instantfunk.kr/web/product/medium/202411/aaf3ecb4a43e18121f4fbc816db4899e.jpg,"₩122,000",,,260626,,,,,
,false,,인스턴트펑크,,전체,,맨즈 데님 자켓,https://instantfunk.kr/product/detail.html?product_no=3001,https://instantfunk.kr/web/product/medium/202412/51185394e1400000a26808c7fc9055ae.jpg,"₩258,000",,,260626,,,,,
,false,,인스턴트펑크,,전체,,카고 데님 미니 스커트,https://instantfunk.kr/product/detail.html?product_no=2647,https://instantfunk.kr/web/product/medium/202411/494b4d872aba0aaf709f3eaec7acf0d9.jpg,"₩168,000",,,260626,,,,,
,false,,인스턴트펑크,,전체,,원숄더 부클레 미니 원피스 - 네이비,https://instantfunk.kr/product/detail.html?product_no=2622,https://instantfunk.kr/web/product/medium/202411/b277b9905aa4a402fc8f8d26910d552f.jpg,"₩142,000",,,260626,,,,,
,false,,인스턴트펑크,,전체,,아일렛 니트 튜브탑 - 블랙,https://instantfunk.kr/product/detail.html?product_no=2615,https://instantfunk.kr/web/product/medium/202411/df6e4a81fc4f9377b02607192bc756f3.jpg,"₩96,000",,,260626,,,,,
,false,,인스턴트펑크,,전체,,볼륨 슬리브 플레어 롱 원피스,https://instantfunk.kr/product/detail.html?product_no=2889,https://instantfunk.kr/web/product/medium/202504/3aa9e7ecb393b4e32b52aa9433ea448a.jpg,"₩218,000",,,260626,,,,,
,false,,인스턴트펑크,,전체,,Ms 모글 팬츠 - 아이보리,https://instantfunk.kr/product/detail.html?product_no=2242,https://instantfunk.kr/web/product/medium/202411/b818e2cc200e01b3ef07bf339f766612.jpg,"₩175,000",,,260626,,,,,
,false,,인스턴트펑크,,전체,,스냅 버튼 티셔츠 - 화이트,https://instantfunk.kr/product/detail.html?product_no=3202,https://instantfunk.kr/web/product/medium/202503/0e2907d521c165d4c7d6ec973c8d1473.jpg,"₩98,000",,,260626,,,,,
,false,,인스턴트펑크,,전체,,베이직 로고 볼캡,https://instantfunk.kr/product/detail.html?product_no=3026,https://instantfunk.kr/web/product/medium/202505/49df3d008d305041eeca696f4cfba29b.jpg,"₩58,000",,,260626,,,,,
,false,,인스턴트펑크,,전체,,클래식 하프 슬리브 자켓,https://instantfunk.kr/product/detail.html?product_no=2893,https://instantfunk.kr/web/product/medium/202507/c569af0b862622d544d1c042347c82d9.jpg,"₩195,000",,,260626,,,,,
,false,,인스턴트펑크,,전체,,멀티컬러 니트 미니 원피스 - 민트,https://instantfunk.kr/product/detail.html?product_no=2268,https://instantfunk.kr/web/product/medium/202411/586a0d13a7be061a691017ad15cf775d.jpg,"₩152,000",,,260626,,,,,
,false,,인스턴트펑크,,전체,,원숄더 롱 원피스 - 베이지,https://instantfunk.kr/product/detail.html?product_no=1707,https://instantfunk.kr/web/product/medium/202204/b5e782d2a24158e42a9f593a5b3e3adf.jpg,"₩238,000",,,260626,,,,,
,false,,인스턴트펑크,,전체,,슬림 크롭 니트 집업 - 블루,https://instantfunk.kr/product/detail.html?product_no=2512,https://instantfunk.kr/web/product/medium/202411/263e69a6f0602b2b8026b0fddce1dcb8.jpg,"₩128,000",,,260626,,,,,
,false,,인스턴트펑크,,전체,,탁텔 크롭 니트 - 네이비,https://instantfunk.kr/product/detail.html?product_no=2508,https://instantfunk.kr/web/product/medium/202411/a252eb5629811b9872ef2afe84a46a4b.jpg,"₩132,000",,,260626,,,,,
,false,,인스턴트펑크,,전체,,원 슬리브리스 티셔츠 - 블랙,https://instantfunk.kr/product/detail.html?product_no=3189,https://instantfunk.kr/web/product/medium/202503/1b17baf9bb621f790903123a19708062.jpg,"₩78,000",,,260626,,,,,
,false,,인스턴트펑크,,전체,,클래식 자수 가디건,https://instantfunk.kr/product/detail.html?product_no=3020,https://instantfunk.kr/web/product/medium/202503/f1b849b7030293e41b304a743614dd5c.jpg,"₩168,000",,,260626,,,,,
,false,,인스턴트펑크,,전체,,브이넥 카라 벨벳 티셔츠,https://instantfunk.kr/product/detail.html?product_no=2727,https://instantfunk.kr/web/product/medium/202411/4ef9eff037243c4f9458b084b29f17df.jpg,"₩82,000",,,260626,,,,,
,false,,인스턴트펑크,,전체,,탁텔 크롭 니트 - 아이보리,https://instantfunk.kr/product/detail.html?product_no=2510,https://instantfunk.kr/web/product/medium/202411/361ddd179dc64e61b57c53cff4e1b4a7.jpg,"₩132,000",,,260626,,,,,
,false,,인스턴트펑크,,전체,,Ms 스카시 니트 베스트 - 핑크,https://instantfunk.kr/product/detail.html?product_no=1753,https://instantfunk.kr/web/product/medium/202204/46b821594da1aca3ba6e217593353cf1.jpg,"₩128,000",,,260626,,,,,
,false,,인스턴트펑크,,전체,,울 오프 숄더 니트,https://instantfunk.kr/product/detail.html?product_no=3021,https://instantfunk.kr/web/product/medium/202412/799f278ba1e5a671e8ea0cba1916557a.jpg,"₩178,000",,,260626,,,,,
,false,,인스턴트펑크,,전체,,헤어리 볼륨 니트,https://instantfunk.kr/product/detail.html?product_no=3014,https://instantfunk.kr/web/product/medium/202501/5e8aa29d9ec4545e0567556e49eaf802.jpg,"₩128,000",,,260626,,,,,
,false,,인스턴트펑크,,전체,,라인 플레어 롱 원피스 - 블랙,https://instantfunk.kr/product/detail.html?product_no=2189,https://instantfunk.kr/web/product/medium/202209/4f2dd6ecd75a8b0ac6a59446cb88744a.jpg,"₩198,000",,,260626,,,,,
,false,,인스턴트펑크,,전체,,Straight 04 - Sky Blue,https://instantfunk.kr/product/detail.html?product_no=760,https://instantfunk.kr/web/product/medium/20200322/11f52bf8e090d4a45834577b4c11e7f0.jpg,"₩89,000",,,260626,,,,,
,false,,인스턴트펑크,,전체,,세미 와이드 데님 팬츠,https://instantfunk.kr/product/detail.html?product_no=3019,https://instantfunk.kr/web/product/medium/202412/f8dec9c2472e1ecf4b23db0f9329959d.jpg,"₩158,000",,,260626,,,,,
,false,,인스턴트펑크,,전체,,플로럴 자수 셔츠 - 아이보리,https://instantfunk.kr/product/detail.html?product_no=2616,https://instantfunk.kr/web/product/medium/202411/30e66a9765c79d4c463aa7b6fec4a475.jpg,"₩169,000",,,260626,,,,,
,false,,인스턴트펑크,,전체,,플로럴 원피스 수영복 - 블랙,https://instantfunk.kr/product/detail.html?product_no=2582,https://instantfunk.kr/web/product/medium/202411/7cec1e972a16848a0d58f721335803d5.jpg,"₩122,000",,,260626,,,,,
,false,,인스턴트펑크,,전체,,브이넥 카라 니트 탑 - 그린,https://instantfunk.kr/product/detail.html?product_no=2506,https://instantfunk.kr/web/product/medium/202411/c9c629871cee8c0e957d69469db9ad20.jpg,"₩112,000",,,260626,,,,,
,false,,인스턴트펑크,,전체,,Ms 플로럴 엠보 셔츠 - 라벤더,https://instantfunk.kr/product/detail.html?product_no=1838,https://instantfunk.kr/web/product/medium/202206/a1905bcb3e5f3f7e82632ea6a8f7c287.jpg,"₩148,000",,,260626,,,,,
,false,,인스턴트펑크,,전체,,언발란스 크롭 티셔츠 - 화이트,https://instantfunk.kr/product/detail.html?product_no=2963,https://instantfunk.kr/web/product/medium/202411/99264bf2caba86ff7d6f702ec4243809.jpg,"₩84,000",,,260626,,,,,
,false,,인스턴트펑크,,전체,,원숄더 세일러 카라 원피스,https://instantfunk.kr/product/detail.html?product_no=2659,https://instantfunk.kr/web/product/medium/202411/ad8f4e9de13fea6674ab33220aa2cc79.jpg,"₩152,000",,,260626,,,,,
,false,,인스턴트펑크,,전체,,랩 미니 팬츠 스커트 - 그레이,https://instantfunk.kr/product/detail.html?product_no=2604,https://instantfunk.kr/web/product/medium/202411/5225326fe48478f354edb9784639a8a0.jpg,"₩128,000",,,260626,,,,,
,false,,인스턴트펑크,,전체,,부클레 쇼츠 - 블루,https://instantfunk.kr/product/detail.html?product_no=2529,https://instantfunk.kr/web/product/medium/202411/4c7285e3955523cf3248f28be6b8c6a7.jpg,"₩105,000",,,260626,,,,,
,false,,인스턴트펑크,,전체,,빈티지 크롭 니트 - 아이보리,https://instantfunk.kr/product/detail.html?product_no=2395,https://instantfunk.kr/web/product/medium/202504/8439c2d69e8fc00fb4b5a5f595f25f11.jpg,"₩143,000",,,260626,,,,,
,false,,인스턴트펑크,,전체,,Ms 싱글 니트 베스트 - 블루,https://instantfunk.kr/product/detail.html?product_no=2228,https://instantfunk.kr/web/product/medium/202411/e1633402f3f26a9af739c501f2a6185a.jpg,"₩128,000",,,260626,,,,,
,false,,인스턴트펑크,,전체,,울 미니 스커트 - 핑크,https://instantfunk.kr/product/detail.html?product_no=2114,https://instantfunk.kr/web/product/medium/202208/12e561df7ca7c057477be53abda243d6.jpg,"₩152,000",,,260626,,,,,
,false,,인스턴트펑크,,전체,,원숄더 롱 원피스 - 블루,https://instantfunk.kr/product/detail.html?product_no=1706,https://instantfunk.kr/web/product/medium/202411/e7eaaa81df424dd1f86003713b98a64f.jpg,"₩238,000",,,260626,,,,,
,false,,인스턴트펑크,,전체,,셔링 터틀넥,https://instantfunk.kr/product/detail.html?product_no=3004,https://instantfunk.kr/web/product/medium/202412/7829f86e6549ae5d9cbf230e05032667.jpg,"₩98,000",,,260626,,,,,
,false,,인스턴트펑크,,전체,,Ms 래글런 니트 풀오버 - 그린,https://instantfunk.kr/product/detail.html?product_no=2442,https://instantfunk.kr/web/product/medium/202411/3c20481b8862e886cce3e7f3f617edf1.jpg,"₩175,000",,,260626,,,,,
,false,,인스턴트펑크,,전체,,스카시 니트 미니 원피스 - 블루,https://instantfunk.kr/product/detail.html?product_no=1807,https://instantfunk.kr/web/product/medium/202206/e98d710c20d273f9b1b308fbec822333.jpg,"₩208,000",,,260626,,,,,
,false,,인스턴트펑크,,전체,,데님 자켓,https://instantfunk.kr/product/detail.html?product_no=3000,https://instantfunk.kr/web/product/medium/202412/af1be8ea65be48c7260f0666eee2f52b.jpg,"₩258,000",,,260626,,,,,
,false,,인스턴트펑크,,전체,,헤어리 원숄더 니트 원피스,https://instantfunk.kr/product/detail.html?product_no=2783,https://instantfunk.kr/web/product/medium/202411/34d0f9b341ba42b9df1f5d9cf3be6932.jpg,"₩192,000",,,260626,,,,,
,false,,인스턴트펑크,,전체,,원숄더 부클레 미니 원피스 - 핑크,https://instantfunk.kr/product/detail.html?product_no=2621,https://instantfunk.kr/web/product/medium/202411/837118db83f5d55668c8782c0b8ff9db.jpg,"₩142,000",,,260626,,,,,
,false,,인스턴트펑크,,전체,,스트라이프 버킷햇 - 네이비,https://instantfunk.kr/product/detail.html?product_no=2461,https://instantfunk.kr/web/product/medium/202411/2378cb49f881c77a43881cef60a30802.jpg,"₩63,000",,,260626,,,,,
,false,,인스턴트펑크,,전체,,로우라이즈 플리츠 스커트 - 베이지,https://instantfunk.kr/product/detail.html?product_no=2427,https://instantfunk.kr/web/product/medium/202411/62dfc94e9fbca07fdae6bba562d2e7e3.jpg,"₩198,000",,,260626,,,,,
,false,,인스턴트펑크,,전체,,스트라이프 세미 부츠컷 팬츠 - 네이비,https://instantfunk.kr/product/detail.html?product_no=2424,https://instantfunk.kr/web/product/medium/202411/679b326fac3fbad6468fc0ace69354f0.jpg,"₩178,000",,,260626,,,,,
,false,,인스턴트펑크,,전체,,오프숄더 홀터넥 니트 - 블랙,https://instantfunk.kr/product/detail.html?product_no=2397,https://instantfunk.kr/web/product/medium/202411/f73fc7231ee4158e7bba289a849e0ff8.jpg,"₩145,000",,,260626,,,,,
,false,,인스턴트펑크,,전체,,니트 바이크 쇼츠 - 퍼플,https://instantfunk.kr/product/detail.html?product_no=1648,https://instantfunk.kr/web/product/medium/202203/9e716211b3e02d5997fe483b0a61c3b0.jpg,"₩74,000",,,260626,,,,,
,false,,인스턴트펑크,,전체,,Ms 그라데이션 코튼 팬츠 - 블랙,https://instantfunk.kr/product/detail.html?product_no=1566,https://instantfunk.kr/web/product/medium/202202/50bdcebac1e7a9c821f997d68b75c44a.jpg,"₩118,000",,,260626,,,,,
,false,,인스턴트펑크,,전체,,핀턱 와이드 팬츠 - 베이지,https://instantfunk.kr/product/detail.html?product_no=937,https://instantfunk.kr/web/product/medium/202009/48bf238da8429889d2587db252954168.jpg,"₩168,000",,,260626,,,,,
,false,,인스턴트펑크,,전체,,스티치 티셔츠 - 아이보리,https://instantfunk.kr/product/detail.html?product_no=3282,https://instantfunk.kr/web/product/medium/202505/d3b69fcc1627d94e3d4ba37495f84388.jpg,"₩88,000",,,260626,,,,,
,false,,인스턴트펑크,,전체,,스퀘어넥 퍼프 블라우스,https://instantfunk.kr/product/detail.html?product_no=2887,https://instantfunk.kr/web/product/medium/202411/bdb4c486d8d6085704c85a813e3e2b99.jpg,"₩138,000",,,260626,,,,,
,false,,인스턴트펑크,,전체,,오프숄더 슬림 롱 원피스,https://instantfunk.kr/product/detail.html?product_no=2866,https://instantfunk.kr/web/product/medium/202504/f09849ed89f7bc4019003db52638d70b.jpg,"₩238,000",,,260626,,,,,
,false,,인스턴트펑크,,전체,,로우라이즈 울 미니 스커트,https://instantfunk.kr/product/detail.html?product_no=2646,https://instantfunk.kr/web/product/medium/202411/5cd048544d4dea55566106b150de1ab8.jpg,"₩145,000",,,260626,,,,,
,false,,인스턴트펑크,,전체,,체크 랩 미니 스커트 - 베이지,https://instantfunk.kr/product/detail.html?product_no=2538,https://instantfunk.kr/web/product/medium/202411/dc06d79ac3d0854102947c4d5f10864e.jpg,"₩165,000",,,260626,,,,,
,false,,인스턴트펑크,,전체,,오버사이즈 자카드 니트 - 핑크,https://instantfunk.kr/product/detail.html?product_no=2403,https://instantfunk.kr/web/product/medium/202411/54e8accedc0bac5d7a322d2849a4b43f.jpg,"₩158,000",,,260626,,,,,
,false,,인스턴트펑크,,전체,,페이즐리 쇼츠 - 베이지,https://instantfunk.kr/product/detail.html?product_no=1828,https://instantfunk.kr/web/product/medium/202206/22527cc2b908bb7977245729b94d1f3f.jpg,"₩118,000",,,260626,,,,,
,false,,인스턴트펑크,,전체,,Ms 스카시 니트 베스트 - 아이보리,https://instantfunk.kr/product/detail.html?product_no=1752,https://instantfunk.kr/web/product/medium/202204/db5664a624a2e739c768a39c8dd09afc.jpg,"₩128,000",,,260626,,,,,
,false,,인스턴트펑크,,전체,,Ms 와이드 카고 조거팬츠 - 카키,https://instantfunk.kr/product/detail.html?product_no=964,https://instantfunk.kr/web/product/medium/202009/7f5233684e1042eeb14399991033cd68.jpg,"₩198,000",,,260626,,,,,
,false,,인스턴트펑크,,전체,,로고 체크 셔츠 - 블루,https://instantfunk.kr/product/detail.html?product_no=3161,https://instantfunk.kr/web/product/medium/202503/6a565e50c0fe884afb390a7ee90f61f1.jpg,"₩198,000",,,260626,,,,,
,false,,인스턴트펑크,,전체,,원숄더 사선 니트,https://instantfunk.kr/product/detail.html?product_no=2996,https://instantfunk.kr/web/product/medium/202412/8b5e9abb32cdf20324017bc24be76e0d.jpg,"₩138,000",,,260626,,,,,
,false,,인스턴트펑크,,전체,,데님 버킷햇,https://instantfunk.kr/product/detail.html?product_no=2983,https://instantfunk.kr/web/product/medium/202412/f719b0a29c40122d57852e016f9b96f1.jpg,"₩68,000",,,260626,,,,,
,false,,인스턴트펑크,,전체,,라우루스 자수 볼캡,https://instantfunk.kr/product/detail.html?product_no=2639,https://instantfunk.kr/web/product/medium/202411/080e6ae802b3f6fb64591d8d8d716736.jpg,"₩58,000",,,260626,,,,,
,false,,인스턴트펑크,,전체,,로우라이즈 미니 스커트 - 그레이,https://instantfunk.kr/product/detail.html?product_no=2537,https://instantfunk.kr/web/product/medium/202411/56c6596f366b9716032bf8c06e7791e3.jpg,"₩112,000",,,260626,,,,,
,false,,인스턴트펑크,,전체,,라인 플레어 롱 원피스 - 베이지,https://instantfunk.kr/product/detail.html?product_no=2188,https://instantfunk.kr/web/product/medium/202209/b35f38a7ed8d33ed07c8cbf782b480f9.jpg,"₩198,000",,,260626,,,,,
,false,,인스턴트펑크,,전체,,하프 집업 크롭 롱슬리브 - 핑크,https://instantfunk.kr/product/detail.html?product_no=2033,https://instantfunk.kr/web/product/medium/202208/d1ce3e18d149c5bdfca362c158bbfbb3.jpg,"₩137,000",,,260626,,,,,
,false,,인스턴트펑크,,전체,,포우 레더 큐롯 스커트 - 아이보리,https://instantfunk.kr/product/detail.html?product_no=1786,https://instantfunk.kr/web/product/medium/202205/bfc7efdabdc1d2815038e83abee27641.jpg,"₩155,000",,,260626,,,,,
,false,,인스턴트펑크,,전체,,브이넥 볼륨 니트,https://instantfunk.kr/product/detail.html?product_no=2886,https://instantfunk.kr/web/product/medium/202509/3f7b21df9ac858aba9d29c9dfe4f700e.jpg,"₩108,000",,,260626,,,,,
,false,,인스턴트펑크,,전체,,Ms 히든 싱글 자켓,https://instantfunk.kr/product/detail.html?product_no=2716,https://instantfunk.kr/web/product/medium/202511/a3ca91012441c104198fff68a3869ccb.jpg,"₩298,000",,,260626,,,,,
,false,,인스턴트펑크,,전체,,로우라이즈 플리츠 스커트 - 다크네이비,https://instantfunk.kr/product/detail.html?product_no=2429,https://instantfunk.kr/web/product/medium/202411/6ea66a82d43814a96ae6d7b526773073.jpg,"₩198,000",,,260626,,,,,
,false,,인스턴트펑크,,전체,,스트라이프 세미 부츠컷 팬츠 - 베이지,https://instantfunk.kr/product/detail.html?product_no=2423,https://instantfunk.kr/web/product/medium/202411/9c85caca31425f16843c145fa462ee3b.jpg,"₩178,000",,,260626,,,,,
,false,,인스턴트펑크,,전체,,웨스턴 자수 맨투맨 - 네이비,https://instantfunk.kr/product/detail.html?product_no=2410,https://instantfunk.kr/web/product/medium/202411/f8755a5125c172481d6e29deea4ccf78.jpg,"₩163,000",,,260626,,,,,
,false,,인스턴트펑크,,전체,,Shorts 02 - Ivory,https://instantfunk.kr/product/detail.html?product_no=824,https://instantfunk.kr/web/product/medium/20200515/3c37ffcbbfa3e00fe6188409aadfb31d.jpg,"₩79,000",,,260626,,,,,
,false,,인스턴트펑크,,전체,,맨즈 와이드 데님 팬츠,https://instantfunk.kr/product/detail.html?product_no=3002,https://instantfunk.kr/web/product/medium/202505/98d853e85fac82ffb92721d2baab28cf.jpg,"₩158,000",,,260626,,,,,
,false,,인스턴트펑크,,전체,,Ms 스톤워싱 카펜터 데님 팬츠,https://instantfunk.kr/product/detail.html?product_no=2748,https://instantfunk.kr/web/product/medium/202411/90a04ec524c14ac4da410d6556b8cd72.jpg,"₩154,000",,,260626,,,,,
,false,,인스턴트펑크,,전체,,코듀로이 세미 부츠컷 팬츠,https://instantfunk.kr/product/detail.html?product_no=2724,https://instantfunk.kr/web/product/medium/202504/fa1192c0b7ef7cfea40b2230e93af08c.jpg,"₩145,000",,,260626,,,,,
,false,,인스턴트펑크,,전체,,크로셰 니트 미니 원피스 - 핑크,https://instantfunk.kr/product/detail.html?product_no=1813,https://instantfunk.kr/web/product/medium/202206/3cc29533ed79e56c58749f910af967d4.jpg,"₩176,000",,,260626,,,,,
,false,,인스턴트펑크,,전체,,레이스 믹스 니트 블라우스 - 화이트,https://instantfunk.kr/product/detail.html?product_no=1493,https://instantfunk.kr/web/product/medium/202111/585049279fe470b6aa3386ed78716a9e.jpg,"₩138,000",,,260626,,,,,
,false,,인스턴트펑크,,전체,,Volume Skinny 01 - Black,https://instantfunk.kr/product/detail.html?product_no=1053,https://instantfunk.kr/web/product/medium/202012/a7b87e132c5dbc02c867b07586956cb7.jpg,"₩148,000",,,260626,,,,,
,false,,인스턴트펑크,,전체,,투버튼 부츠컷 팬츠 - 블랙,https://instantfunk.kr/product/detail.html?product_no=3164,https://instantfunk.kr/web/product/medium/202503/770fe9d22de9832fdf36ce84c39b8065.jpg,"₩168,000",,,260626,,,,,
,false,,인스턴트펑크,,전체,,빈티지 워싱 부츠컷 팬츠 - 딥블루,https://instantfunk.kr/product/detail.html?product_no=3121,https://instantfunk.kr/web/product/medium/202502/d85c57642973122cf3cd096d552318c7.jpg,"₩168,000",,,260626,,,,,
,false,,인스턴트펑크,,전체,,맨즈 로고 맨투맨 - 화이트,https://instantfunk.kr/product/detail.html?product_no=3084,https://instantfunk.kr/web/product/medium/202502/c299568f98fb624ac9a85f99357972ad.jpg,"₩118,000",,,260626,,,,,
,false,,인스턴트펑크,,전체,,Ms 와이드 울 슬랙스,https://instantfunk.kr/product/detail.html?product_no=2762,https://instantfunk.kr/web/product/medium/202411/592a0ab4dbbbab0a221d9e021dae9539.jpg,"₩172,000",,,260626,,,,,
,false,,인스턴트펑크,,전체,,데님 레그 워머,https://instantfunk.kr/product/detail.html?product_no=2644,https://instantfunk.kr/web/product/medium/202411/9a59b29c9216b9cfc9cac1a525afab80.jpg,"₩59,000",,,260626,,,,,
,false,,인스턴트펑크,,전체,,에나멜 숄더백 - 핑크,https://instantfunk.kr/product/detail.html?product_no=2584,https://instantfunk.kr/web/product/medium/202411/561234cff5192e2fad71c24d58c19c1b.jpg,"₩106,000",,,260626,,,,,
,false,,인스턴트펑크,,전체,,스트라이프 버킷햇 - 블루,https://instantfunk.kr/product/detail.html?product_no=2459,https://instantfunk.kr/web/product/medium/202411/046950b0af437079206fac7bbff2b8e6.jpg,"₩63,000",,,260626,,,,,
,false,,인스턴트펑크,,전체,,탁텔 니트 탑 - 스트라이프,https://instantfunk.kr/product/detail.html?product_no=2405,https://instantfunk.kr/web/product/medium/202303/7dddaddbd857cac38be8da5c1b24f667.jpg,"₩89,000",,,260626,,,,,
,false,,인스턴트펑크,,전체,,리버시블 플로럴 퀼팅 볼레로 - 아이보리,https://instantfunk.kr/product/detail.html?product_no=2181,https://instantfunk.kr/web/product/medium/202209/46ba712cbb14568d1ceeaa33d12cfeaf.jpg,"₩224,000",,,260626,,,,,
,false,,인스턴트펑크,,전체,,베이직 슬리브리스 - 블랙,https://instantfunk.kr/product/detail.html?product_no=3250,https://instantfunk.kr/web/product/medium/202504/4b6b65236bf7a6ada9c05b68592ef40f.jpg,"₩58,000",,,260626,,,,,
,false,,인스턴트펑크,,전체,,맨즈 데미지 그래픽 티셔츠 - 화이트,https://instantfunk.kr/product/detail.html?product_no=3225,https://instantfunk.kr/web/product/medium/202504/3b9e025fa1a280017d0a9e99aef40b1f.jpg,"₩78,000",,,260626,,,,,
,false,,인스턴트펑크,,전체,,맨즈 데미지 그래픽 티셔츠 - 라이트 블루,https://instantfunk.kr/product/detail.html?product_no=3224,https://instantfunk.kr/web/product/medium/202504/37cecc9c9687bf7e53ab730a6a61a170.jpg,"₩78,000",,,260626,,,,,
,false,,인스턴트펑크,,전체,,노출 지퍼 와이드 데님 팬츠,https://instantfunk.kr/product/detail.html?product_no=3024,https://instantfunk.kr/web/product/medium/202505/7bd5f87b99b5c4724b1bb949d7aaccb3.jpg,"₩168,000",,,260626,,,,,
,false,,인스턴트펑크,,전체,,메쉬 셔링 티셔츠 - 블루,https://instantfunk.kr/product/detail.html?product_no=2969,https://instantfunk.kr/web/product/medium/202411/d30941c4e60fa8923823d5185cbdea8e.jpg,"₩49,000",,,260626,,,,,
,false,,인스턴트펑크,,전체,,시스루 레이스 원피스,https://instantfunk.kr/product/detail.html?product_no=2953,https://instantfunk.kr/web/product/medium/202504/3a0b72b7e4aaff774b5ffbb2c8c2dd42.jpg,"₩225,000",,,260626,,,,,
,false,,인스턴트펑크,,전체,,벨벳 버킷햇,https://instantfunk.kr/product/detail.html?product_no=2706,https://instantfunk.kr/web/product/medium/202411/9462a97ab5c80a626ae6a88f712ae4f4.jpg,"₩65,000",,,260626,,,,,
,false,,인스턴트펑크,,전체,,아일렛 니트 튜브탑 - 핑크,https://instantfunk.kr/product/detail.html?product_no=2614,https://instantfunk.kr/web/product/medium/202411/1fa2e085df9f6d40cf4bbd56080728c3.jpg,"₩96,000",,,260626,,,,,
,false,,인스턴트펑크,,전체,,Volume Skinny 01 - Blue,https://instantfunk.kr/product/detail.html?product_no=1052,https://instantfunk.kr/web/product/medium/202012/085acc75c32893e4f2ddbb91f15cb3ef.jpg,"₩148,000",,,260626,,,,,
,false,,인스턴트펑크,,전체,,코튼 레이스 미니 스커트 - 블랙,https://instantfunk.kr/product/detail.html?product_no=3187,https://instantfunk.kr/web/product/medium/202503/a67d0696d3a123ceb72c60715975055b.jpg,"₩178,000",,,260626,,,,,
,false,,인스턴트펑크,,전체,,빈티지 볼캡,https://instantfunk.kr/product/detail.html?product_no=3027,https://instantfunk.kr/web/product/medium/202412/a6abb08c68fd91f68466b4ceceeb920d.jpg,"₩58,000",,,260626,,,,,
,false,,인스턴트펑크,,전체,,데님 롱 스커트,https://instantfunk.kr/product/detail.html?product_no=2997,https://instantfunk.kr/web/product/medium/202412/7afe2d1cdde085ca057be0430a01988a.jpg,"₩178,000",,,260626,,,,,
,false,,인스턴트펑크,,전체,,티니 백팩,https://instantfunk.kr/product/detail.html?product_no=2988,https://instantfunk.kr/web/product/medium/202502/105d9b53e5ba5c5c6cb4a41be729a9a4.jpg,"₩148,000",,,260626,,,,,
,false,,인스턴트펑크,,전체,,Ms 오픈카라 하프 니트 가디건 - 아이보리,https://instantfunk.kr/product/detail.html?product_no=2546,https://instantfunk.kr/web/product/medium/202411/58d7e963d04c2debdfb0b65b8574305e.jpg,"₩159,000",,,260626,,,,,
,false,,인스턴트펑크,,전체,,Ms 코튼 와이드 팬츠 - 네이비,https://instantfunk.kr/product/detail.html?product_no=2452,https://instantfunk.kr/web/product/medium/202411/684004f0bd86f3b0925fb0f65c348f4c.jpg,"₩148,000",,,260626,,,,,
,false,,인스턴트펑크,,전체,,Ms 래글런 니트 풀오버 - 아이보리,https://instantfunk.kr/product/detail.html?product_no=2443,https://instantfunk.kr/web/product/medium/202411/7d01e1a1045aeb43160cd6bbb2c9f7bc.jpg,"₩175,000",,,260626,,,,,
,false,,인스턴트펑크,,전체,,Ms 셔츠 카라 울 가디건 - 그린,https://instantfunk.kr/product/detail.html?product_no=2225,https://instantfunk.kr/web/product/medium/202411/2968d283f4519690b4bbfed3c86a1ceb.jpg,"₩205,000",,,260626,,,,,
,false,,인스턴트펑크,,전체,,Ms 플로럴 엠보 셔츠 - 블루,https://instantfunk.kr/product/detail.html?product_no=1839,https://instantfunk.kr/web/product/medium/202206/90904fd870aef8244e180a49cbdbf2ee.jpg,"₩148,000",,,260626,,,,,
,false,,인스턴트펑크,,전체,,플리츠 큐롯 스커트 - 핑크,https://instantfunk.kr/product/detail.html?product_no=1784,https://instantfunk.kr/web/product/medium/202205/9ceca3101b5d9b2e6c6f59288ac37586.jpg,"₩178,000",,,260626,,,,,
,false,,인스턴트펑크,,전체,,플레어 레그 팬츠 - 블루,https://instantfunk.kr/product/detail.html?product_no=1744,https://instantfunk.kr/web/product/medium/202204/ac8262bd151109824e3cafe049987c37.jpg,"₩145,000",,,260626,,,,,
,false,,인스턴트펑크,,전체,,Ms 그라데이션 코튼 팬츠 - 베이지,https://instantfunk.kr/product/detail.html?product_no=1567,https://instantfunk.kr/web/product/medium/202202/9bdaccc727d025a36a29e1f9b208a2a9.jpg,"₩118,000",,,260626,,,,,
,false,,인스턴트펑크,,전체,,코듀로이 크롭 셔츠 - 브라운,https://instantfunk.kr/product/detail.html?product_no=1440,https://instantfunk.kr/web/product/medium/202110/d3ab7c659cc039027058c92c59ee2a97.jpg,"₩149,000",,,260626,,,,,
,false,,인스턴트펑크,,전체,,Volume Leggings 01 - Black,https://instantfunk.kr/product/detail.html?product_no=1049,https://instantfunk.kr/web/product/medium/202012/a490a415250f0431ab8033461f1b534f.jpg,"₩96,000",,,260626,,,,,
,false,,인스턴트펑크,,전체,,스트랩 넥 포인트 티셔츠 - 블랙,https://instantfunk.kr/product/detail.html?product_no=3297,https://instantfunk.kr/web/product/medium/202506/a74961f1aeaff74dc89e68ff858a1d77.jpg,"₩98,000",,,260626,,,,,
,false,,인스턴트펑크,,전체,,썸머 리본 셔츠 - 라이트 베이지,https://instantfunk.kr/product/detail.html?product_no=3185,https://instantfunk.kr/web/product/medium/202504/62683467bc37139a739e8942928b6923.jpg,"₩178,000",,,260626,,,,,
,false,,인스턴트펑크,,전체,,빅 로고 티셔츠 - 블랙,https://instantfunk.kr/product/detail.html?product_no=3096,https://instantfunk.kr/web/product/medium/202502/7432e32025edbe0fb7682b914f62e737.jpg,"₩78,000",,,260626,,,,,
,false,,인스턴트펑크,,전체,,빅 로고 티셔츠 - 아이보리,https://instantfunk.kr/product/detail.html?product_no=3095,https://instantfunk.kr/web/product/medium/202502/626ec80cc29d4a8c706c4668993c0b51.jpg,"₩78,000",,,260626,,,,,
,false,,인스턴트펑크,,전체,,맨즈 로고 맨투맨 - 블랙,https://instantfunk.kr/product/detail.html?product_no=3085,https://instantfunk.kr/web/product/medium/202502/60fb7e9cafff047ce57e3cbc5c94d23d.jpg,"₩118,000",,,260626,,,,,
,false,,인스턴트펑크,,전체,,꽈배기 트임 니트,https://instantfunk.kr/product/detail.html?product_no=3056,https://instantfunk.kr/web/product/medium/202412/939cd68ae2cf6c7fe1f75e825483084f.jpg,"₩178,000",,,260626,,,,,
,false,,인스턴트펑크,,전체,,미니 스트링백,https://instantfunk.kr/product/detail.html?product_no=2986,https://instantfunk.kr/web/product/medium/202502/bb36b3d829838c14448b67b1f576f1c5.jpg,"₩118,000",,,260626,,,,,
,false,,인스턴트펑크,,전체,,오버사이즈 코티지 자카드 니트,https://instantfunk.kr/product/detail.html?product_no=2859,https://instantfunk.kr/web/product/medium/202411/61757a7d39725047042693f45440b2b5.jpg,"₩185,000",,,260626,,,,,
,false,,인스턴트펑크,,전체,,플로럴 하이브리프 비키니 - 블루,https://instantfunk.kr/product/detail.html?product_no=2580,https://instantfunk.kr/web/product/medium/202411/163928b017a22dd75f405cd261fcc40a.jpg,"₩135,000",,,260626,,,,,
,false,,인스턴트펑크,,전체,,울 니트 미니 스커트 - 블랙,https://instantfunk.kr/product/detail.html?product_no=2279,https://instantfunk.kr/web/product/medium/202411/3aca5b2f70061cec615229da28aed00d.jpg,"₩105,000",,,260626,,,,,
,false,,인스턴트펑크,,전체,,소프트 장갑,https://instantfunk.kr/product/detail.html?product_no=3051,https://instantfunk.kr/web/product/medium/202502/ea3c82a91751691223c39f9cfb60d6c0.jpg,"₩68,000",,,260626,,,,,
,false,,인스턴트펑크,,전체,,로고 비니,https://instantfunk.kr/product/detail.html?product_no=3025,https://instantfunk.kr/web/product/medium/202412/6a291d845389043c2067f85b27c2f28d.jpg,"₩68,000",,,260626,,,,,
,false,,인스턴트펑크,,전체,,플로럴 자수 셔츠 - 블루,https://instantfunk.kr/product/detail.html?product_no=2617,https://instantfunk.kr/web/product/medium/202411/1e8bd90943f4f2c03e321d073fdfa130.jpg,"₩169,000",,,260626,,,,,
,false,,인스턴트펑크,,전체,,플로럴 하이브리프 비키니 - 옐로우,https://instantfunk.kr/product/detail.html?product_no=2579,https://instantfunk.kr/web/product/medium/202411/a57018442bd2bfa793e969c7b7772f49.jpg,"₩135,000",,,260626,,,,,
,false,,인스턴트펑크,,전체,,로고 자수 매쉬 볼캡 - 레드,https://instantfunk.kr/product/detail.html?product_no=2572,https://instantfunk.kr/web/product/medium/202411/5e5bd26db4a0590ce8ee6749824e00d2.jpg,"₩55,000",,,260626,,,,,
,false,,인스턴트펑크,,전체,,테리 슬릿 미니 스커트 - 핑크,https://instantfunk.kr/product/detail.html?product_no=2541,https://instantfunk.kr/web/product/medium/202411/7423b2109f7118ae9efee61351a4604f.jpg,"₩142,000",,,260626,,,,,
,false,,인스턴트펑크,,전체,,오픈카라 셔링 벨벳 원피스 - 올리브그린,https://instantfunk.kr/product/detail.html?product_no=2267,https://instantfunk.kr/web/product/medium/202411/f42a22448b209141e253aaa3efd9d3f4.jpg,"₩198,000",,,260626,,,,,
,false,,인스턴트펑크,,전체,,자이언트얀 울 니트 볼레로 - 핑크,https://instantfunk.kr/product/detail.html?product_no=2262,https://instantfunk.kr/web/product/medium/202411/e638ab5fc10cf82e4c4733c4e4c807b6.jpg,"₩325,000",,,260626,,,,,
,false,,인스턴트펑크,,전체,,Ms 모글 팬츠 - 블랙,https://instantfunk.kr/product/detail.html?product_no=2241,https://instantfunk.kr/web/product/medium/202411/f3f890eddac3efc809db1bd8fcf78133.jpg,"₩175,000",,,260626,,,,,
,false,,인스턴트펑크,,전체,,Ms 스티치 테일러드 하프 팬츠 - 아이보리,https://instantfunk.kr/product/detail.html?product_no=1764,https://instantfunk.kr/web/product/medium/202204/06f993ddf1ad9779316255a6200d7771.jpg,"₩122,000",,,260626,,,,,
,false,,인스턴트펑크,,전체,,에코 레더 조거 팬츠 - 블랙,https://instantfunk.kr/product/detail.html?product_no=1394,https://instantfunk.kr/web/product/medium/202109/a411ea35ff23a1b10496290c223aa58e.jpg,"₩182,000",,,260626,,,,,
,false,,인스턴트펑크,,전체,,Volume Bootcut Leggings 01 - Charcoal,https://instantfunk.kr/product/detail.html?product_no=1045,https://instantfunk.kr/web/product/medium/202012/f2202bd452ff78ea8fe39c5edb8cb35f.jpg,"₩96,000",,,260626,,,,,
,false,,인스턴트펑크,,전체,,리본 원숄더 반팔 - 아이보리,https://instantfunk.kr/product/detail.html?product_no=3192,https://instantfunk.kr/web/product/medium/202503/f056b8deae270b48b428fc5675845338.jpg,"₩78,000",,,260626,,,,,
,false,,인스턴트펑크,,전체,,맨즈 플레이 그래픽 티셔츠 - 카키,https://instantfunk.kr/product/detail.html?product_no=3108,https://instantfunk.kr/web/product/medium/202503/c4303e1d0fbe546c63dd77fc2ef8d102.jpg,"₩78,000",,,260626,,,,,
,false,,인스턴트펑크,,전체,,바게트백,https://instantfunk.kr/product/detail.html?product_no=2985,https://instantfunk.kr/web/product/medium/202412/14893aa017905fbae8528dcff2f00e8f.jpg,"₩158,000",,,260626,,,,,
,false,,인스턴트펑크,,전체,,믹스 와이드 울 슬랙스,https://instantfunk.kr/product/detail.html?product_no=2725,https://instantfunk.kr/web/product/medium/202509/8177099cabbe6d9cd9af0491d708a754.jpg,"₩182,000",,,260626,,,,,
,false,,인스턴트펑크,,전체,,Ms 린넨 카고 슬랙스 - 그레이,https://instantfunk.kr/product/detail.html?product_no=2557,https://instantfunk.kr/web/product/medium/202411/41aec8fc9c8e08c8a26e8f05fcefa81d.jpg,"₩152,000",,,260626,,,,,
,false,,인스턴트펑크,,전체,,튜브탑 데님 원피스 - 블루,https://instantfunk.kr/product/detail.html?product_no=1996,https://instantfunk.kr/web/product/medium/202208/5f8aec6f9fa6f7f8a3bdc593c1725162.jpg,"₩275,000",,,260626,,,,,
,false,,인스턴트펑크,,전체,,원숄더 슬림 롱슬리브 - 핑크,https://instantfunk.kr/product/detail.html?product_no=1721,https://instantfunk.kr/web/product/medium/202204/799bb2965c46bfb82dacde7fe9d3d036.jpg,"₩135,000",,,260626,,,,,
,false,,인스턴트펑크,,전체,,Ms 싱글 크롭 자켓 - 카키,https://instantfunk.kr/product/detail.html?product_no=1657,https://instantfunk.kr/web/product/medium/202203/ce91061ae1c37ce10e676239601b7125.jpg,"₩265,000",,,260626,,,,,
,false,,인스턴트펑크,,전체,,스트라이프 버튼 티셔츠 - 네이비,https://instantfunk.kr/product/detail.html?product_no=3295,https://instantfunk.kr/web/product/medium/202506/7f88ac4b3fc51ed52c7162f3cbf1cffb.jpg,"₩68,000",,,260626,,,,,
,false,,인스턴트펑크,,전체,,사이드 지퍼 숏팬츠 - 그레이,https://instantfunk.kr/product/detail.html?product_no=3243,https://instantfunk.kr/web/product/medium/202504/bd82c439488cb81f15579ceed68aee08.jpg,"₩168,000",,,260626,,,,,
,false,,인스턴트펑크,,전체,,맨즈 집업 가디건 - 민트,https://instantfunk.kr/product/detail.html?product_no=3114,https://instantfunk.kr/web/product/medium/202503/da0c4cb6b88d422329f0007a70dde321.jpg,"₩218,000",,,260626,,,,,
,false,,인스턴트펑크,,전체,,빅 로고 티셔츠 - 민트,https://instantfunk.kr/product/detail.html?product_no=3094,https://instantfunk.kr/web/product/medium/202502/8913510fd117ab11e5683cfdd1ad2dea.jpg,"₩78,000",,,260626,,,,,
,false,,인스턴트펑크,,전체,,메쉬 셔링 티셔츠 - 핑크,https://instantfunk.kr/product/detail.html?product_no=2967,https://instantfunk.kr/web/product/medium/202411/d35f745f959f54bea03a606730ac2142.jpg,"₩49,000",,,260626,,,,,
,false,,인스턴트펑크,,전체,,Ms 아가일 울 니트 베스트,https://instantfunk.kr/product/detail.html?product_no=2713,https://instantfunk.kr/web/product/medium/202411/e2b01a98e3a69be46d7c044b9e05279f.jpg,"₩128,000",,,260626,,,,,
,false,,인스턴트펑크,,전체,,슬림 니트 가디건 - 블루,https://instantfunk.kr/product/detail.html?product_no=2627,https://instantfunk.kr/web/product/medium/202411/e6f051838c20cccca5fb3c3a064c237c.jpg,"₩148,000",,,260626,,,,,
,false,,인스턴트펑크,,전체,,슬림 니트 원피스 - 블루,https://instantfunk.kr/product/detail.html?product_no=2496,https://instantfunk.kr/web/product/medium/202411/bf0e6c4cb8469f06b9240092b26dd9c3.jpg,"₩198,000",,,260626,,,,,
,false,,인스턴트펑크,,전체,,자이언트얀 울 니트 볼레로 - 블루,https://instantfunk.kr/product/detail.html?product_no=2261,https://instantfunk.kr/web/product/medium/202411/e7d33d7eb63d9c5ccd15958e205b9636.jpg,"₩325,000",,,260626,,,,,
,false,,인스턴트펑크,,전체,,Ms 베이직 슬랙스 - 베이지,https://instantfunk.kr/product/detail.html?product_no=1766,https://instantfunk.kr/web/product/medium/202204/38c942942936cad8db0a53274fe70d19.jpg,"₩168,000",,,260626,,,,,
,false,,인스턴트펑크,,전체,,Ms 스티치 테일러드 하프 팬츠 - 그린,https://instantfunk.kr/product/detail.html?product_no=1765,https://instantfunk.kr/web/product/medium/202204/276df610a34352958a14614b2dd881e5.jpg,"₩122,000",,,260626,,,,,
,false,,인스턴트펑크,,전체,,탁텔 니트 쇼츠 - 민트,https://instantfunk.kr/product/detail.html?product_no=1651,https://instantfunk.kr/web/product/medium/202203/6ad997ec9702d36c23c688afc50e8040.jpg,"₩125,000",,,260626,,,,,
,false,,인스턴트펑크,,전체,,Ms 페이즐리 셔츠 - 블랙,https://instantfunk.kr/product/detail.html?product_no=956,https://instantfunk.kr/web/product/medium/202009/bc516bc709464ab16486c5305e18ef85.jpg,"₩152,000",,,260626,,,,,
,false,,인스턴트펑크,,전체,,레이스 트랙 팬츠 - 브라운,https://instantfunk.kr/product/detail.html?product_no=3274,https://instantfunk.kr/web/product/medium/202505/baf5538ae859835dbff951acb524db47.jpg,"₩168,000",,,260626,,,,,
,false,,인스턴트펑크,,전체,,언발 슬리브리스 원피스 - 블랙,https://instantfunk.kr/product/detail.html?product_no=3207,https://instantfunk.kr/web/product/medium/202503/842c8c788c57f08dea33051ef039dc76.jpg,"₩218,000",,,260626,,,,,
,false,,인스턴트펑크,,전체,,라운드 크롭 가디건 - 크림,https://instantfunk.kr/product/detail.html?product_no=3125,https://instantfunk.kr/web/product/medium/202502/e08a038bbdb8d8270ff48a7a36d32723.jpg,"₩168,000",,,260626,,,,,
,false,,인스턴트펑크,,전체,,펄로고 베이직 티셔츠,https://instantfunk.kr/product/detail.html?product_no=3046,https://instantfunk.kr/web/product/medium/202412/8e3e5453063070fc1e24a861f64a113e.jpg,"₩58,000",,,260626,,,,,
,false,,인스턴트펑크,,전체,,포우 레더 턱 팬츠,https://instantfunk.kr/product/detail.html?product_no=3042,https://instantfunk.kr/web/product/medium/202412/5a581534968a614f4322255a064b4dd5.jpg,"₩198,000",,,260626,,,,,
,false,,인스턴트펑크,,전체,,맨즈 케이블 그라데이션 니트,https://instantfunk.kr/product/detail.html?product_no=3033,https://instantfunk.kr/web/product/medium/202412/cdd0791fbc70b84e8eadd6bef930824b.jpg,"₩178,000",,,260626,,,,,
,false,,인스턴트펑크,,전체,,데님 쇼츠 - 블루,https://instantfunk.kr/product/detail.html?product_no=2943,https://instantfunk.kr/web/product/medium/202504/ea2515c4bf7a94fa7ae58d21f3360af7.jpg,"₩108,000",,,260626,,,,,
,false,,인스턴트펑크,,전체,,레이어드 부츠컷 팬츠,https://instantfunk.kr/product/detail.html?product_no=2774,https://instantfunk.kr/web/product/medium/202411/6cc350e93b68402bc185f310bdf00a88.jpg,"₩178,000",,,260626,,,,,
,false,,인스턴트펑크,,전체,,Ms 패딩 카고 팬츠,https://instantfunk.kr/product/detail.html?product_no=2761,https://instantfunk.kr/web/product/medium/202411/6c0c416135bacb1ff4e4da187de581e6.jpg,"₩198,000",,,260626,,,,,
,false,,인스턴트펑크,,전체,,슬림 니트 가디건 - 오렌지,https://instantfunk.kr/product/detail.html?product_no=2626,https://instantfunk.kr/web/product/medium/202411/93427fa1b2e8423c8183e0a776611d6a.jpg,"₩148,000",,,260626,,,,,
,false,,인스턴트펑크,,전체,,Ms 믹스 카고 하프 팬츠 - 블랙,https://instantfunk.kr/product/detail.html?product_no=2590,https://instantfunk.kr/web/product/medium/202411/fc9c715655bc3c18f0b5a496c306f142.jpg,"₩122,000",,,260626,,,,,
,false,,인스턴트펑크,,전체,,홀터넥 니트 탑 - 핑크,https://instantfunk.kr/product/detail.html?product_no=2504,https://instantfunk.kr/web/product/medium/202411/6f7638da30d18f14ae9ce1b17c3fddee.jpg,"₩118,000",,,260626,,,,,
,false,,인스턴트펑크,,전체,,홀터넥 니트 탑 - 블루,https://instantfunk.kr/product/detail.html?product_no=2503,https://instantfunk.kr/web/product/medium/202411/eab245a51234d717500170a1d975afd9.jpg,"₩118,000",,,260626,,,,,
,false,,인스턴트펑크,,전체,,빈티지 크롭 니트 - 핑크,https://instantfunk.kr/product/detail.html?product_no=2396,https://instantfunk.kr/web/product/medium/202504/6143f33205efaa77087c57a04150af7c.jpg,"₩143,000",,,260626,,,,,
,false,,인스턴트펑크,,전체,,울 니트 미니 스커트 - 핑크,https://instantfunk.kr/product/detail.html?product_no=2280,https://instantfunk.kr/web/product/medium/202411/9fbdf3b76186d8d73b470ad65217bf02.jpg,"₩105,000",,,260626,,,,,
,false,,인스턴트펑크,,전체,,플리츠 큐롯 스커트 - 그레이체크,https://instantfunk.kr/product/detail.html?product_no=1785,https://instantfunk.kr/web/product/medium/202205/ba5cbf669f0568909345d0306fed5160.jpg,"₩178,000",,,260626,,,,,
,false,,인스턴트펑크,,전체,,Ms 세미 와이드 슬랙스 - 카키,https://instantfunk.kr/product/detail.html?product_no=1672,https://instantfunk.kr/web/product/medium/202203/2eb9be4c00fa6eba78e706f8830393c4.jpg,"₩168,000",,,260626,,,,,
,false,,인스턴트펑크,,전체,,Ms 카고 쇼츠 - 블루,https://instantfunk.kr/product/detail.html?product_no=1262,https://instantfunk.kr/web/product/medium/202106/5a6b292fac47df4e13df2482bc809db0.jpg,"₩98,000",,,260626,,,,,
,false,,인스턴트펑크,,전체,,스트라이프 버튼 티셔츠 - 챠콜,https://instantfunk.kr/product/detail.html?product_no=3294,https://instantfunk.kr/web/product/medium/202506/2144858d7efa1a49329195cceee24c57.jpg,"₩68,000",,,260626,,,,,
,false,,인스턴트펑크,,전체,,소프트 프린트 티셔츠 - 아이보리,https://instantfunk.kr/product/detail.html?product_no=3218,https://instantfunk.kr/web/product/medium/202504/69118fc3cf7d11a2dce143027e642a91.jpg,"₩58,000",,,260626,,,,,
,false,,인스턴트펑크,,전체,,코튼 레이스 미니 스커트 - 화이트,https://instantfunk.kr/product/detail.html?product_no=3188,https://instantfunk.kr/web/product/medium/202503/138cce229ea1167b8ab9d2371c25fdb6.jpg,"₩178,000",,,260626,,,,,
,false,,인스턴트펑크,,전체,,빈티지 워시드 자켓 - 그레이,https://instantfunk.kr/product/detail.html?product_no=3137,https://instantfunk.kr/web/product/medium/202502/b954520244231e7f3404db594c6f986e.jpg,"₩298,000",,,260626,,,,,
,false,,인스턴트펑크,,전체,,빈티지 워크 자켓 - 베이지,https://instantfunk.kr/product/detail.html?product_no=3117,https://instantfunk.kr/web/product/medium/202503/fb85ec409710354acf4743c33a0e5fe1.jpg,"₩298,000",,,260626,,,,,
,false,,인스턴트펑크,,전체,,헤어리 볼레로 가디건,https://instantfunk.kr/product/detail.html?product_no=3050,https://instantfunk.kr/web/product/medium/202412/7956c7a4d1f3b86747b96b42f9e80570.jpg,"₩108,000",,,260626,,,,,
,false,,인스턴트펑크,,전체,,데님 쇼츠 - 블랙,https://instantfunk.kr/product/detail.html?product_no=2944,https://instantfunk.kr/web/product/medium/202504/94e174739efc4ffc1126d67e8a156108.jpg,"₩108,000",,,260626,,,,,
,false,,인스턴트펑크,,전체,,Ms 포우 레더 바시티 점퍼,https://instantfunk.kr/product/detail.html?product_no=2720,https://instantfunk.kr/web/product/medium/202411/76747ed67b8c98675ced7e4f770b0830.jpg,"₩398,000",,,260626,,,,,
,false,,인스턴트펑크,,전체,,로고 자수 매쉬 볼캡 - 블랙,https://instantfunk.kr/product/detail.html?product_no=2571,https://instantfunk.kr/web/product/medium/202304/fcdaee2fc12f79583bd12ba6ef495528.jpg,"₩55,000",,,260626,,,,,
,false,,인스턴트펑크,,전체,,트위드 세미 부츠컷 팬츠 - 블루,https://instantfunk.kr/product/detail.html?product_no=2536,https://instantfunk.kr/web/product/medium/202411/1d7012d2b61bc684163e751cd89ae6f2.jpg,"₩178,000",,,260626,,,,,
,false,,인스턴트펑크,,전체,,Ms 자카드 니트 베스트 - 네이비,https://instantfunk.kr/product/detail.html?product_no=1561,https://instantfunk.kr/web/product/medium/202202/58dd102d9ac545d0ec1bcb5c0c3eed3a.jpg,"₩139,000",,,260626,,,,,
,false,,인스턴트펑크,,전체,,Ms Straight 03 - Black,https://instantfunk.kr/product/detail.html?product_no=757,https://instantfunk.kr/web/product/medium/20200322/a6f6b5d2e64a9437c79636bd5cad2994.jpg,"₩92,000",,,260626,,,,,
,false,,인스턴트펑크,,전체,,로맨틱 펑크 티셔츠 - 화이트,https://instantfunk.kr/product/detail.html?product_no=3291,https://instantfunk.kr/web/product/medium/202506/0f8345baf864f33f341deafdf3b7aa88.jpg,"₩108,000",,,260626,,,,,
,false,,인스턴트펑크,,전체,,데님 오프숄더 - 블루,https://instantfunk.kr/product/detail.html?product_no=3248,https://instantfunk.kr/web/product/medium/202504/f9508be4463838a4b70425dae32a51cb.jpg,"₩198,000",,,260626,,,,,
,false,,인스턴트펑크,,전체,,아일렛 미니 원피스 - 화이트,https://instantfunk.kr/product/detail.html?product_no=3246,https://instantfunk.kr/web/product/medium/202504/705cccb9549fb29658adea9f726fa3c1.jpg,"₩258,000",,,260626,,,,,
,false,,인스턴트펑크,,전체,,나일론 자수 버킷햇 - 블랙,https://instantfunk.kr/product/detail.html?product_no=3231,https://instantfunk.kr/web/product/medium/202506/cb0097f5d7f93902f736f468f67daeb5.jpg,"₩108,000",,,260626,,,,,
,false,,인스턴트펑크,,전체,,투버튼 부츠컷 팬츠 - 블루,https://instantfunk.kr/product/detail.html?product_no=3165,https://instantfunk.kr/web/product/medium/202503/eaa34146807644d493e587bff7e0baa6.jpg,"₩168,000",,,260626,,,,,
,false,,인스턴트펑크,,전체,,포켓 셔츠 - 아이보리,https://instantfunk.kr/product/detail.html?product_no=3159,https://instantfunk.kr/web/product/medium/202503/e3e7e15a2b887ebbe9cf32b9d2c313a0.jpg,"₩178,000",,,260626,,,,,
,false,,인스턴트펑크,,전체,,맨즈 나일론 포켓 팬츠 - 블랙,https://instantfunk.kr/product/detail.html?product_no=3156,https://instantfunk.kr/web/product/medium/202503/96bb25953729c1b89e6c75bdc4152806.jpg,"₩178,000",,,260626,,,,,
,false,,인스턴트펑크,,전체,,자수 반팔 니트 - 크림,https://instantfunk.kr/product/detail.html?product_no=3127,https://instantfunk.kr/web/product/medium/202503/dc65fa541c5294353403d43a9877c726.jpg,"₩128,000",,,260626,,,,,
,false,,인스턴트펑크,,전체,,맨즈 빈티지 로고 티셔츠 - 화이트,https://instantfunk.kr/product/detail.html?product_no=3075,https://instantfunk.kr/web/product/medium/202503/e1d2d0022f98cdb65c02cb0b80409919.jpg,"₩68,000",,,260626,,,,,
,false,,인스턴트펑크,,전체,,카고 미니 스커트,https://instantfunk.kr/product/detail.html?product_no=3057,https://instantfunk.kr/web/product/medium/202412/fbf03b805119c0f0b1804b4e011d3861.jpg,"₩178,000",,,260626,,,,,
,false,,인스턴트펑크,,전체,,포우 레더 배색 볼캡,https://instantfunk.kr/product/detail.html?product_no=3054,https://instantfunk.kr/web/product/medium/202412/0b79d970e33d09696e31f017969dad6d.jpg,"₩58,000",,,260626,,,,,
,false,,인스턴트펑크,,전체,,맨즈 절개 라인 셔츠,https://instantfunk.kr/product/detail.html?product_no=3036,https://instantfunk.kr/web/product/medium/202412/d93d61ce56ec981032ccfb323a0fdc6a.jpg,"₩198,000",,,260626,,,,,
,false,,인스턴트펑크,,전체,,투톤 골지 단추 가디건,https://instantfunk.kr/product/detail.html?product_no=2998,https://instantfunk.kr/web/product/medium/202503/d374b4b35a4c51e035fb03e728a65e91.jpg,"₩168,000",,,260626,,,,,
,false,,인스턴트펑크,,전체,,브러쉬드 비니,https://instantfunk.kr/product/detail.html?product_no=2991,https://instantfunk.kr/web/product/medium/202412/927237643d47c36ce71e68eb140774f0.jpg,"₩78,000",,,260626,,,,,
,false,,인스턴트펑크,,전체,,Ms 싱글 울 크롭 자켓,https://instantfunk.kr/product/detail.html?product_no=2768,https://instantfunk.kr/web/product/medium/202411/29b1fda0e31736ae16508f7809da7059.jpg,"₩338,000",,,260626,,,,,
,false,,인스턴트펑크,,전체,,Ms 스노우 워시드 와이드 데님 팬츠,https://instantfunk.kr/product/detail.html?product_no=2760,https://instantfunk.kr/web/product/medium/202509/48be7cd4753c2dc9b80b803aa98e42ab.jpg,"₩168,000",,,260626,,,,,
,false,,인스턴트펑크,,전체,,시퀸 니트 체인 미니백 - 베이지,https://instantfunk.kr/product/detail.html?product_no=2587,https://instantfunk.kr/web/product/medium/202411/7fd175ed91f4418bb0d488b48f693cc2.jpg,"₩102,000",,,260626,,,,,
,false,,인스턴트펑크,,전체,,Ms 린넨 카고 슬랙스 - 아이보리,https://instantfunk.kr/product/detail.html?product_no=2558,https://instantfunk.kr/web/product/medium/202411/2d96bf25f50426682e4cfcf0db5559af.jpg,"₩152,000",,,260626,,,,,
,false,,인스턴트펑크,,전체,,스트라이프 버킷햇 - 베이지,https://instantfunk.kr/product/detail.html?product_no=2460,https://instantfunk.kr/web/product/medium/202411/bec4256512f092fe06e41d3b17cc3168.jpg,"₩63,000",,,260626,,,,,
,false,,인스턴트펑크,,전체,,튜브탑 데님 원피스 - 블랙,https://instantfunk.kr/product/detail.html?product_no=1995,https://instantfunk.kr/web/product/medium/202208/bcb5ee17f0ac43307ae68043e65ab752.jpg,"₩275,000",,,260626,,,,,
,false,,인스턴트펑크,,전체,,오버사이즈 더블 롱 코트 - 차콜,https://instantfunk.kr/product/detail.html?product_no=3305,https://instantfunk.kr/web/product/medium/202508/1fbd019785651f98feac90d95179f5c5.jpg,"₩398,000",,,260626,,,,,
,false,,인스턴트펑크,,전체,,버클 오프숄더 - 화이트,https://instantfunk.kr/product/detail.html?product_no=3303,https://instantfunk.kr/web/product/medium/202506/a3801b7be0ce56174a365ce2d93d591b.jpg,"₩178,000",,,260626,,,,,
,false,,인스턴트펑크,,전체,,라인 데님 팬츠 - 화이트,https://instantfunk.kr/product/detail.html?product_no=3278,https://instantfunk.kr/web/product/medium/202505/6a9c2c4b266945e2c9afcd02f8efbca3.jpg,"₩198,000",,,260626,,,,,
,false,,인스턴트펑크,,전체,,포켓 나일론 숏팬츠 - 블랙,https://instantfunk.kr/product/detail.html?product_no=3269,https://instantfunk.kr/web/product/medium/202505/b720f48408fb17595c02a929c5658fdd.jpg,"₩178,000",,,260626,,,,,
,false,,인스턴트펑크,,전체,,데미지 와이드 데님 팬츠 - 라이트 블루,https://instantfunk.kr/product/detail.html?product_no=3233,https://instantfunk.kr/web/product/medium/202504/5c29b77c991f07ef9793293a99d35428.jpg,"₩198,000",,,260626,,,,,
,false,,인스턴트펑크,,전체,,데님 자수 버킷햇 - 블루,https://instantfunk.kr/product/detail.html?product_no=3229,https://instantfunk.kr/web/product/medium/202504/282ee5b26d50dac28f70c96439f9b079.jpg,"₩128,000",,,260626,,,,,
,false,,인스턴트펑크,,전체,,맨즈 썸머 니트 셔츠 - 아이보리,https://instantfunk.kr/product/detail.html?product_no=3228,https://instantfunk.kr/web/product/medium/202504/afd7f5ed6a458f429d5b85754c42e7df.jpg,"₩168,000",,,260626,,,,,
,false,,인스턴트펑크,,전체,,리본 원숄더 반팔 - 라이트 블루,https://instantfunk.kr/product/detail.html?product_no=3193,https://instantfunk.kr/web/product/medium/202503/7ad3278995814d75714b515d451d38c1.jpg,"₩78,000",,,260626,,,,,
,false,,인스턴트펑크,,전체,,체인 벨트 - 블랙,https://instantfunk.kr/product/detail.html?product_no=3178,https://instantfunk.kr/web/product/medium/202503/5dfce25099293dfba171ec9a21619a80.jpg,"₩68,000",,,260626,,,,,
,false,,인스턴트펑크,,전체,,Ms 와이드 카고 슬랙스,https://instantfunk.kr/product/detail.html?product_no=2708,https://instantfunk.kr/web/product/medium/202411/b6a9b3964c4d554e65a08b3f3c2ee45c.jpg,"₩168,000",,,260626,,,,,
,false,,인스턴트펑크,,전체,,린넨 로고 자수 버킷햇 - 그레이,https://instantfunk.kr/product/detail.html?product_no=2570,https://instantfunk.kr/web/product/medium/202411/b71e06d0cc7c2d19944d53486d560e0b.jpg,"₩62,000",,,260626,,,,,
,false,,인스턴트펑크,,전체,,테리 슬릿 미니 스커트 - 블루,https://instantfunk.kr/product/detail.html?product_no=2540,https://instantfunk.kr/web/product/medium/202411/9ce88aeaa45d884c7e3d43233da49b67.jpg,"₩142,000",,,260626,,,,,
,false,,인스턴트펑크,,전체,,집업 니트 넥 워머 - 오렌지,https://instantfunk.kr/product/detail.html?product_no=2151,https://instantfunk.kr/web/product/medium/202208/4fd1f71a8f21ed80bb5b38af1949ad95.jpg,"₩82,000",,,260626,,,,,
,false,,인스턴트펑크,,전체,,Ms 코듀로이 테이퍼드 팬츠 - 베이지,https://instantfunk.kr/product/detail.html?product_no=1469,https://instantfunk.kr/web/product/medium/202110/8971cd29cf2046cf9d4e6f09acf40dba.jpg,"₩162,000",,,260626,,,,,
,false,,인스턴트펑크,,전체,,Ms 카고 쇼츠 - 베이지,https://instantfunk.kr/product/detail.html?product_no=1263,https://instantfunk.kr/web/product/medium/202106/0e7d352cde8232ad008ce5851f8cdfa1.jpg,"₩98,000",,,260626,,,,,
,false,,인스턴트펑크,,전체,,레이스 스카프 - 화이트,https://instantfunk.kr/product/detail.html?product_no=3283,https://instantfunk.kr/web/product/medium/202505/dd4cc98bf7d98505dd6e30d9aea2364a.jpg,"₩66,000",,,260626,,,,,
,false,,인스턴트펑크,,전체,,스티치 티셔츠 - 화이트,https://instantfunk.kr/product/detail.html?product_no=3281,https://instantfunk.kr/web/product/medium/202505/715f4f9b831e473f318cb6e963b1ea1c.jpg,"₩88,000",,,260626,,,,,
,false,,인스턴트펑크,,전체,,포켓 셔츠 - 핑크,https://instantfunk.kr/product/detail.html?product_no=3158,https://instantfunk.kr/web/product/medium/202503/474d812672a1d657990b08147e5a1a15.jpg,"₩178,000",,,260626,,,,,
,false,,인스턴트펑크,,전체,,맨즈 플레이 그래픽 티셔츠 - 네이비,https://instantfunk.kr/product/detail.html?product_no=3109,https://instantfunk.kr/web/product/medium/202503/052c24307fd0a47916644f00911dcda4.jpg,"₩78,000",,,260626,,,,,
,false,,인스턴트펑크,,전체,,스프링 리본 가디건 - 스카이 블루,https://instantfunk.kr/product/detail.html?product_no=3071,https://instantfunk.kr/web/product/medium/202502/dbc31852bbfabaeb92ed87ea111f14ce.jpg,"₩168,000",,,260626,,,,,
,false,,인스턴트펑크,,전체,,코듀로이 세미 와이드 팬츠,https://instantfunk.kr/product/detail.html?product_no=3058,https://instantfunk.kr/web/product/medium/202502/a94c86a3e5bcd6e583c8b6b8cab0424e.jpg,"₩158,000",,,260626,,,,,
,false,,인스턴트펑크,,전체,,맨즈 멀티 스트라이프 니트,https://instantfunk.kr/product/detail.html?product_no=3055,https://instantfunk.kr/web/product/medium/202412/345c84ba7ae4395e9c1a0dc3052309f0.jpg,"₩178,000",,,260626,,,,,
,false,,인스턴트펑크,,전체,,나일론 빅백,https://instantfunk.kr/product/detail.html?product_no=2987,https://instantfunk.kr/web/product/medium/202412/a91e69e3360e05b9f0576aa09e73a479.jpg,"₩138,000",,,260626,,,,,
,false,,인스턴트펑크,,전체,,Ms 케이블 니트 베스트 - 스트라이프,https://instantfunk.kr/product/detail.html?product_no=2550,https://instantfunk.kr/web/product/medium/202411/491341ac333480eebd44e7bad4aa5587.jpg,"₩152,000",,,260626,,,,,
,false,,인스턴트펑크,,전체,,Ms 코튼 와이드 팬츠 - 베이지,https://instantfunk.kr/product/detail.html?product_no=2451,https://instantfunk.kr/web/product/medium/202411/7e57b47804ed0613605537e048bb4b11.jpg,"₩148,000",,,260626,,,,,
,false,,인스턴트펑크,,전체,,Ms 스티치 울 터틀넥 니트 - 핑크,https://instantfunk.kr/product/detail.html?product_no=2231,https://instantfunk.kr/web/product/medium/202411/af7309f65dc8b5980b7c36e55a87d72e.jpg,"₩168,000",,,260626,,,,,
,false,,인스턴트펑크,,전체,,리버시블 버킷햇 - 그린,https://instantfunk.kr/product/detail.html?product_no=2145,https://instantfunk.kr/web/product/medium/202411/fc61d6e77ae46c34dff0658e7c1179ce.jpg,"₩62,000",,,260626,,,,,
,false,,인스턴트펑크,,전체,,포우 레더 슬림 하프 팬츠 - 블랙,https://instantfunk.kr/product/detail.html?product_no=1645,https://instantfunk.kr/web/product/medium/202411/09ca924af75c10fd4416d5f33696cc5e.jpg,"₩149,000",,,260626,,,,,
,false,,인스턴트펑크,,전체,,Ms 자카드 니트 베스트 - 아이보리,https://instantfunk.kr/product/detail.html?product_no=1560,https://instantfunk.kr/web/product/medium/202202/cf35a69f592e665f194e179a0b23f435.jpg,"₩139,000",,,260626,,,,,
,false,,인스턴트펑크,,전체,,베이직 슬리브리스 - 라이트 그린,https://instantfunk.kr/product/detail.html?product_no=3249,https://instantfunk.kr/web/product/medium/202504/556946eb5b4eacc1fa5f6a11f78b72dc.jpg,"₩58,000",,,260626,,,,,
,false,,인스턴트펑크,,전체,,사이드 지퍼 숏팬츠 - 블루,https://instantfunk.kr/product/detail.html?product_no=3244,https://instantfunk.kr/web/product/medium/202504/c64ad1aeaa8bdd681742671fe22ccbe9.jpg,"₩168,000",,,260626,,,,,
,false,,인스턴트펑크,,전체,,워싱 자수 볼캡 - 그레이,https://instantfunk.kr/product/detail.html?product_no=3184,https://instantfunk.kr/web/product/medium/202503/fd903ad3e73e8068aa2fb76c20d05c5f.jpg,"₩88,000",,,260626,,,,,
,false,,인스턴트펑크,,전체,,플라워 버킷햇 - 화이트,https://instantfunk.kr/product/detail.html?product_no=3183,https://instantfunk.kr/web/product/medium/202503/8cfd61f9f4d6574fe7d07d2303babf5e.jpg,"₩68,000",,,260626,,,,,
,false,,인스턴트펑크,,전체,,맨즈 나일론 포켓 팬츠 - 챠콜,https://instantfunk.kr/product/detail.html?product_no=3157,https://instantfunk.kr/web/product/medium/202503/2992beddae3fa9dcbf6ffa8c5ee2911c.jpg,"₩178,000",,,260626,,,,,
,false,,인스턴트펑크,,전체,,맨즈 빈티지 로고 티셔츠 - 챠콜,https://instantfunk.kr/product/detail.html?product_no=3074,https://instantfunk.kr/web/product/medium/202502/dc520889b013157274d0f5bc86aab590.jpg,"₩68,000",,,260626,,,,,
,false,,인스턴트펑크,,전체,,스프링 리본 슬리브리스 - 스카이 블루,https://instantfunk.kr/product/detail.html?product_no=3069,https://instantfunk.kr/web/product/medium/202502/2e9af8ccef01a8c7cd902e232eb44a12.jpg,"₩88,000",,,260626,,,,,
,false,,인스턴트펑크,,전체,,리본 사선 니트 - 오렌지,https://instantfunk.kr/product/detail.html?product_no=3066,https://instantfunk.kr/web/product/medium/202502/a5e9dbbf1a4222efd67b5a531c995ba0.jpg,"₩168,000",,,260626,,,,,
,false,,인스턴트펑크,,전체,,리본 사선 니트 - 블랙,https://instantfunk.kr/product/detail.html?product_no=3064,https://instantfunk.kr/web/product/medium/202502/e6bd627cf88add6071643b1a9347c0fa.jpg,"₩168,000",,,260626,,,,,
,false,,인스턴트펑크,,전체,,스트라이프 세미 와이드 슬랙스,https://instantfunk.kr/product/detail.html?product_no=3037,https://instantfunk.kr/web/product/medium/202412/d48906b31bfdfdae6f7a4ac88d904c07.jpg,"₩158,000",,,260626,,,,,
,false,,인스턴트펑크,,전체,,소프트 머플러,https://instantfunk.kr/product/detail.html?product_no=3017,https://instantfunk.kr/web/product/medium/202412/c7321ea1a5b7f91efe2159c11b7c207f.jpg,"₩128,000",,,260626,,,,,
,false,,인스턴트펑크,,전체,,Ms 세미 부츠컷 트라우저 - 네이비,https://instantfunk.kr/product/detail.html?product_no=2455,https://instantfunk.kr/web/product/medium/202411/8dd61ab8ae91f62ebf5e115c9f3a1baf.jpg,"₩145,000",,,260626,,,,,
,false,,인스턴트펑크,,전체,,Ms 밴딩 울 슬랙스 - 베이지,https://instantfunk.kr/product/detail.html?product_no=2135,https://instantfunk.kr/web/product/medium/202208/42c8eab97b3436ab6a468552b6b5fa43.jpg,"₩154,000",,,260626,,,,,
,false,,인스턴트펑크,,전체,,이지 부츠컷 팬츠 - 그린,https://instantfunk.kr/product/detail.html?product_no=3277,https://instantfunk.kr/web/product/medium/202505/b6339d85a71c517ff3eb1e48147be73e.jpg,"₩178,000",,,260626,,,,,
,false,,인스턴트펑크,,전체,,포켓 나일론 숏팬츠 - 옐로우,https://instantfunk.kr/product/detail.html?product_no=3268,https://instantfunk.kr/web/product/medium/202505/d3cafb543139f0ee499464d9a9d9ca47.jpg,"₩178,000",,,260626,,,,,
,false,,인스턴트펑크,,전체,,데님 오프숄더 - 그레이,https://instantfunk.kr/product/detail.html?product_no=3247,https://instantfunk.kr/web/product/medium/202504/931d0da328de457c33a47513cca05897.jpg,"₩198,000",,,260626,,,,,
,false,,인스턴트펑크,,전체,,썸머 스퀘어넥 반팔 자켓 - 아이보리,https://instantfunk.kr/product/detail.html?product_no=3198,https://instantfunk.kr/web/product/medium/202507/5f190caa25c22f57e48c0f1687f0d1fc.jpg,"₩218,000",,,260626,,,,,
,false,,인스턴트펑크,,전체,,원 슬리브리스 티셔츠 - 화이트,https://instantfunk.kr/product/detail.html?product_no=3190,https://instantfunk.kr/web/product/medium/202505/401390b79fa39ebe435518fd72f24d4c.jpg,"₩78,000",,,260626,,,,,
,false,,인스턴트펑크,,전체,,그래픽 맨투맨 - 그레이,https://instantfunk.kr/product/detail.html?product_no=3168,https://instantfunk.kr/web/product/medium/202503/c650d91ec6b8387322db35416add6833.jpg,"₩118,000",,,260626,,,,,
,false,,인스턴트펑크,,전체,,스웻 숏팬츠 - 그레이,https://instantfunk.kr/product/detail.html?product_no=3166,https://instantfunk.kr/web/product/medium/202503/407eff7a8fd471b225bc5f8063bc28d2.jpg,"₩98,000",,,260626,,,,,
,false,,인스턴트펑크,,전체,,원포인트 절개 니트 - 블랙,https://instantfunk.kr/product/detail.html?product_no=3128,https://instantfunk.kr/web/product/medium/202503/1988d16f522cfb7ccaa54c571782f844.jpg,"₩178,000",,,260626,,,,,
,false,,인스턴트펑크,,전체,,라인 데님 팬츠 - 라이트 블루,https://instantfunk.kr/product/detail.html?product_no=3106,https://instantfunk.kr/web/product/medium/202503/22259b9fa56e5f39c48484cc539be756.jpg,"₩198,000",,,260626,,,,,
,false,,인스턴트펑크,,전체,,로고 보트넥 티셔츠 - 화이트,https://instantfunk.kr/product/detail.html?product_no=3091,https://instantfunk.kr/web/product/medium/202502/26c3370e22563cf1790da3f8a3965025.jpg,"₩78,000",,,260626,,,,,
,false,,인스턴트펑크,,전체,,데미지 와이드 팬츠 - 핑크,https://instantfunk.kr/product/detail.html?product_no=3088,https://instantfunk.kr/web/product/medium/202502/c2fee0b75f7503f5ff4584837763d221.jpg,"₩218,000",,,260626,,,,,
,false,,인스턴트펑크,,전체,,레이스 티셔츠 - 블랙,https://instantfunk.kr/product/detail.html?product_no=3078,https://instantfunk.kr/web/product/medium/202503/a889e1b08453b90511d2ed50559807a5.jpg,"₩98,000",,,260626,,,,,
,false,,인스턴트펑크,,전체,,핀턱 슬림핏 셔츠,https://instantfunk.kr/product/detail.html?product_no=3038,https://instantfunk.kr/web/product/medium/202503/ad3b10e40c05113dfefc4b16642bd2d6.jpg,"₩198,000",,,260626,,,,,
,false,,인스턴트펑크,,전체,,클래식 싱글 자켓,https://instantfunk.kr/product/detail.html?product_no=2980,https://instantfunk.kr/web/product/medium/202602/2d9329ddd72812dca4328c7d2e5cae46.jpg,"₩228,000",,,260626,,,,,
,false,,인스턴트펑크,,전체,,슬림 니트 원피스 - 오렌지,https://instantfunk.kr/product/detail.html?product_no=2497,https://instantfunk.kr/web/product/medium/202411/b407cf87c649d0be3663b98f255b7701.jpg,"₩198,000",,,260626,,,,,
,false,,인스턴트펑크,,전체,,스티치 크롭 티셔츠 - 아이보리,https://instantfunk.kr/product/detail.html?product_no=3280,https://instantfunk.kr/web/product/medium/202505/56ae49c82227719d5cce506d9cf08c4a.jpg,"₩78,000",,,260626,,,,,
,false,,인스턴트펑크,,전체,,크롭 반팔 블라우스 - 블루,https://instantfunk.kr/product/detail.html?product_no=3272,https://instantfunk.kr/web/product/medium/202505/23cae5b505777491efb216f5991b6256.jpg,"₩198,000",,,260626,,,,,
,false,,인스턴트펑크,,전체,,후드 슬리브리스 - 화이트,https://instantfunk.kr/product/detail.html?product_no=3264,https://instantfunk.kr/web/product/medium/202505/3d22400607be6d28431e9f55abb82348.jpg,"₩128,000",,,260626,,,,,
,false,,인스턴트펑크,,전체,,사이드 포켓 미니 스커트 - 카키,https://instantfunk.kr/product/detail.html?product_no=3259,https://instantfunk.kr/web/product/medium/202505/08705f851e182569cc03e9eaf503647b.jpg,"₩218,000",,,260626,,,,,
,false,,인스턴트펑크,,전체,,데미지 와이드 데님 팬츠 - 블랙,https://instantfunk.kr/product/detail.html?product_no=3232,https://instantfunk.kr/web/product/medium/202504/d4563835e291c6b9dba5ce414fa2ba70.jpg,"₩198,000",,,260626,,,,,
,false,,인스턴트펑크,,전체,,데님 플라워 캠프캡 - 인디고 블루,https://instantfunk.kr/product/detail.html?product_no=3176,https://instantfunk.kr/web/product/medium/202503/9f3824408f6e396f6bc56fd5defb43fe.jpg,"₩68,000",,,260626,,,,,
,false,,인스턴트펑크,,전체,,라운드 크롭 가디건 - 민트,https://instantfunk.kr/product/detail.html?product_no=3124,https://instantfunk.kr/web/product/medium/202503/884c8c65064eb82fd943733bdde4bfae.jpg,"₩168,000",,,260626,,,,,
,false,,인스턴트펑크,,전체,,미디 데님 스커트 - 라이트 블루,https://instantfunk.kr/product/detail.html?product_no=3119,https://instantfunk.kr/web/product/medium/202503/5bb186a747454239869c233635f54c0e.jpg,"₩178,000",,,260626,,,,,
,false,,인스턴트펑크,,전체,,맨즈 집업 가디건 - 핑크,https://instantfunk.kr/product/detail.html?product_no=3115,https://instantfunk.kr/web/product/medium/202503/66a5bfdca6a60948cc3a29eb6caae5ce.jpg,"₩218,000",,,260626,,,,,
,false,,인스턴트펑크,,전체,,데미지 와이드 팬츠 - 블루,https://instantfunk.kr/product/detail.html?product_no=3086,https://instantfunk.kr/web/product/medium/202502/6d089e9f8f1445a680b51bb9dc251986.jpg,"₩218,000",,,260626,,,,,
,false,,인스턴트펑크,,전체,,파스텔 로고 볼캡,https://instantfunk.kr/product/detail.html?product_no=3061,https://instantfunk.kr/web/product/medium/202501/48a9c56648b9eb5f6ab6837263ef2b0d.jpg,"₩58,000",,,260626,,,,,
,false,,인스턴트펑크,,전체,,맨즈 루즈핏 라운드넥 니트,https://instantfunk.kr/product/detail.html?product_no=3043,https://instantfunk.kr/web/product/medium/202412/b140d13dd1d64bfc641494c1c1980cb9.jpg,"₩178,000",,,260626,,,,,
,false,,인스턴트펑크,,전체,,트임 롱 스커트,https://instantfunk.kr/product/detail.html?product_no=3035,https://instantfunk.kr/web/product/medium/202412/5f98414f8e8057fb388f63724728bd1f.jpg,"₩198,000",,,260626,,,,,
,false,,인스턴트펑크,,전체,,랩 미니 스커트,https://instantfunk.kr/product/detail.html?product_no=3030,https://instantfunk.kr/web/product/medium/202412/0a7568870a3eeaee00617315ca546d9c.jpg,"₩158,000",,,260626,,,,,
,false,,인스턴트펑크,,전체,,소프트 비니,https://instantfunk.kr/product/detail.html?product_no=3018,https://instantfunk.kr/web/product/medium/202412/27e50f91d8adad03e32bbcd234ac849c.jpg,"₩78,000",,,260626,,,,,
,false,,인스턴트펑크,,전체,,부클 그라데이션 니트,https://instantfunk.kr/product/detail.html?product_no=3016,https://instantfunk.kr/web/product/medium/202412/5bb210d1bc9bc2b85c6f82cb9d3a9f37.jpg,"₩158,000",,,260626,,,,,
,false,,인스턴트펑크,,전체,,셔링 다트 셔츠,https://instantfunk.kr/product/detail.html?product_no=3003,https://instantfunk.kr/web/product/medium/202412/088376597415ae1a96b7dd836fd44af7.jpg,"₩198,000",,,260626,,,,,
,false,,인스턴트펑크,,전체,,울 케이블 크롭 니트,https://instantfunk.kr/product/detail.html?product_no=2999,https://instantfunk.kr/web/product/medium/202412/4d4f0e857a9c6c26d1351dd3fbbaefba.jpg,"₩138,000",,,260626,,,,,
,false,,인스턴트펑크,,전체,,포우 레더 슬림 하프 팬츠 - 핑크,https://instantfunk.kr/product/detail.html?product_no=1644,https://instantfunk.kr/web/product/medium/202203/d2f2da13b4587c2cff0b9a6d4d7e801b.jpg,"₩149,000",,,260626,,,,,
,false,,인스턴트펑크,,전체,,크롭 반팔 블라우스 - 화이트,https://instantfunk.kr/product/detail.html?product_no=3273,https://instantfunk.kr/web/product/medium/202505/dd5aadc89e543129ac8355b74379882e.jpg,"₩198,000",,,260626,,,,,
,false,,인스턴트펑크,,전체,,투웨이 슬리브리스 - 화이트,https://instantfunk.kr/product/detail.html?product_no=3239,https://instantfunk.kr/web/product/medium/202504/0235ebc1e9d3f7d4961d26e4fb5f0cdd.jpg,"₩138,000",,,260626,,,,,
,false,,인스턴트펑크,,전체,,소프트 프린트 티셔츠 - 그린,https://instantfunk.kr/product/detail.html?product_no=3216,https://instantfunk.kr/web/product/medium/202504/e87a512c8b5423da61cdf75767bfead2.jpg,"₩58,000",,,260626,,,,,
,false,,인스턴트펑크,,전체,,썸머 크롭 반팔 자켓 - 네이비,https://instantfunk.kr/product/detail.html?product_no=3200,https://instantfunk.kr/web/product/medium/202503/4379e8150c42a705f083c9a637387921.jpg,"₩248,000",,,260626,,,,,
,false,,인스턴트펑크,,전체,,포우 레더 하프 자켓 - 블랙,https://instantfunk.kr/product/detail.html?product_no=3170,https://instantfunk.kr/web/product/medium/202503/2c498b5e18c4732e52d951042453faf7.jpg,"₩298,000",,,260626,,,,,
,false,,인스턴트펑크,,전체,,빈티지 워시드 스커트 - 그레이,https://instantfunk.kr/product/detail.html?product_no=3136,https://instantfunk.kr/web/product/medium/202502/5c72f9adc93bf1c74afbdcc7ed65fdcd.jpg,"₩198,000",,,260626,,,,,
,false,,인스턴트펑크,,전체,,원포인트 절개 니트 - 아이보리,https://instantfunk.kr/product/detail.html?product_no=3129,https://instantfunk.kr/web/product/medium/202502/2d41b0e83b83761ded776b486ac06c7d.jpg,"₩178,000",,,260626,,,,,
,false,,인스턴트펑크,,전체,,데미지 와이드 팬츠 - 오렌지,https://instantfunk.kr/product/detail.html?product_no=3087,https://instantfunk.kr/web/product/medium/202502/eb360ed4157d2b8169c80bf6fbb4a305.jpg,"₩218,000",,,260626,,,,,
,false,,인스턴트펑크,,전체,,아웃 포켓 팬츠,https://instantfunk.kr/product/detail.html?product_no=3052,https://instantfunk.kr/web/product/medium/202412/99b0ad207eae787875b5ae35a3dc049a.jpg,"₩158,000",,,260626,,,,,
,false,,인스턴트펑크,,전체,,아플리케 오버핏 티셔츠,https://instantfunk.kr/product/detail.html?product_no=3045,https://instantfunk.kr/web/product/medium/202412/f01a410a641ab117a21b24c46f59d53a.jpg,"₩68,000",,,260626,,,,,
,false,,인스턴트펑크,,전체,,집업 크롭 자켓,https://instantfunk.kr/product/detail.html?product_no=3028,https://instantfunk.kr/web/product/medium/202503/c97f81d9cc210793a3b09e0457d50557.jpg,"₩278,000",,,260626,,,,,
,false,,인스턴트펑크,,전체,,오프숄더 티어드 미니 원피스,https://instantfunk.kr/product/detail.html?product_no=2925,https://instantfunk.kr/web/product/medium/202504/0debbf867a07fe18ee5061a886bac2d6.jpg,"₩228,000",,,260626,,,,,
,false,,인스턴트펑크,,전체,,케이블 니트 크롭 베스트 - 그린,https://instantfunk.kr/product/detail.html?product_no=2400,https://instantfunk.kr/web/product/medium/202411/20fb6e3c61bf9f6cc794e7a064a1b5e0.jpg,"₩132,000",,,260626,,,,,
,false,,인스턴트펑크,,전체,,셔링 퍼프 블라우스 - 화이트,https://instantfunk.kr/product/detail.html?product_no=3288,https://instantfunk.kr/web/product/medium/202506/0ec94bcce700425a60aa7278d601e10d.jpg,"₩178,000",,,260626,,,,,
,false,,인스턴트펑크,,전체,,로고 메쉬 트러커 캡 - 네이비,https://instantfunk.kr/product/detail.html?product_no=3285,https://instantfunk.kr/web/product/medium/202505/1b6bec3d1c38aaa011bffdffc9e41025.jpg,"₩68,000",,,260626,,,,,
,false,,인스턴트펑크,,전체,,배색 니트 슬리브리스 - 핑크,https://instantfunk.kr/product/detail.html?product_no=3234,https://instantfunk.kr/web/product/medium/202504/03de35d7daac53cefde7b931d43432b2.jpg,"₩98,000",,,260626,,,,,
,false,,인스턴트펑크,,전체,,소프트 프린트 티셔츠 - 엘로우,https://instantfunk.kr/product/detail.html?product_no=3217,https://instantfunk.kr/web/product/medium/202504/d3d2c3475c8121aa995114b170eb0d74.jpg,"₩58,000",,,260626,,,,,
,false,,인스턴트펑크,,전체,,썸머 볼레로 가디건 세트 - 카키 그레이,https://instantfunk.kr/product/detail.html?product_no=3208,https://instantfunk.kr/web/product/medium/202503/f7c414cedeedb7d4aa0587da6ae6e05a.jpg,"₩198,000",,,260626,,,,,
,false,,인스턴트펑크,,전체,,워시드 저지 스커트 - 인디고 블루,https://instantfunk.kr/product/detail.html?product_no=3204,https://instantfunk.kr/web/product/medium/202503/53a8d1803afc8012c259d1136a4a517b.jpg,"₩198,000",,,260626,,,,,
,false,,인스턴트펑크,,전체,,플리츠 미니 스커트 - 네이비,https://instantfunk.kr/product/detail.html?product_no=3194,https://instantfunk.kr/web/product/medium/202503/d4cb145dfa90fa6af1e10f76b4aa96fa.jpg,"₩188,000",,,260626,,,,,
,false,,인스턴트펑크,,전체,,니트 뷔스티에 - 네이비,https://instantfunk.kr/product/detail.html?product_no=3179,https://instantfunk.kr/web/product/medium/202503/8001aa52bf2279217e0ca02ea0c612f9.jpg,"₩138,000",,,260626,,,,,
,false,,인스턴트펑크,,전체,,포우 레더 숏 자켓 - 블랙,https://instantfunk.kr/product/detail.html?product_no=3172,https://instantfunk.kr/web/product/medium/202503/c7caf182f508589fede831d92b71afde.jpg,"₩268,000",,,260626,,,,,
,false,,인스턴트펑크,,전체,,크롭 빈티지 로고 티셔츠 - 화이트,https://instantfunk.kr/product/detail.html?product_no=3152,https://instantfunk.kr/web/product/medium/202504/f9b9745c90bcd83c1c5a7c7e42d4d8c0.jpg,"₩68,000",,,260626,,,,,
,false,,인스턴트펑크,,전체,,세미 와이드 데님 팬츠 - 빈티지 블루,https://instantfunk.kr/product/detail.html?product_no=3151,https://instantfunk.kr/web/product/medium/202503/158f3f3c8f85df539ac8b70b5a9beaa3.jpg,"₩198,000",,,260626,,,,,
,false,,인스턴트펑크,,전체,,포우 레더 미니 크로스백,https://instantfunk.kr/product/detail.html?product_no=2990,https://instantfunk.kr/web/product/medium/202412/e16fa1761a48b63148b69dca9964ae24.jpg,"₩138,000",,,260626,,,,,
,false,,인스턴트펑크,,전체,,크로스 원통백,https://instantfunk.kr/product/detail.html?product_no=2989,https://instantfunk.kr/web/product/medium/202502/ef077472d5b0f0943bb586060d2c544a.jpg,"₩138,000",,,260626,,,,,
,false,,인스턴트펑크,,전체,,Ms 퀼팅 팬츠 - 블루,https://instantfunk.kr/product/detail.html?product_no=2239,https://instantfunk.kr/web/product/medium/202411/b87b4df29d0b58b3b732b58eae6c1dbb.jpg,"₩215,000",,,260626,,,,,
,false,,인스턴트펑크,,전체,,Straight 09 - Blue,https://instantfunk.kr/product/detail.html?product_no=1100,https://instantfunk.kr/web/product/medium/202102/dca6ae89ea2023f58d3ad6651566eaf9.jpg,"₩118,000",,,260626,,,,,
,false,,인스턴트펑크,,전체,,Volume Bootcut Leggings 01 - Mint,https://instantfunk.kr/product/detail.html?product_no=1044,https://instantfunk.kr/web/product/medium/202012/2eacfb550713618b0fa92fc354a5de60.jpg,"₩96,000",,,260626,,,,,
,false,,인스턴트펑크,,전체,,로고 메쉬 트러커 캡 - 브라운,https://instantfunk.kr/product/detail.html?product_no=3284,https://instantfunk.kr/web/product/medium/202505/1194ec8955bcf8f7b7a4f80accfb7c3e.jpg,"₩68,000",,,260626,,,,,
,false,,인스턴트펑크,,전체,,베이직 슬리브리스 - 그레이,https://instantfunk.kr/product/detail.html?product_no=3251,https://instantfunk.kr/web/product/medium/202504/5c413998a9cb9231c39bfceb14eeacda.jpg,"₩58,000",,,260626,,,,,
,false,,인스턴트펑크,,전체,,배색 니트 슬리브리스 - 라이트 그린,https://instantfunk.kr/product/detail.html?product_no=3235,https://instantfunk.kr/web/product/medium/202504/33280216d1af3bcee8df84c73595193f.jpg,"₩98,000",,,260626,,,,,
,false,,인스턴트펑크,,전체,,맨즈 포켓 데님 쇼츠 - 그레이,https://instantfunk.kr/product/detail.html?product_no=3223,https://instantfunk.kr/web/product/medium/202504/41aa8ccfacb4893069c7a39ea21bf9f8.jpg,"₩168,000",,,260626,,,,,
,false,,인스턴트펑크,,전체,,데님 프린트 티셔츠 - 블루,https://instantfunk.kr/product/detail.html?product_no=3214,https://instantfunk.kr/web/product/medium/202503/5a2453e1e3b96528e15fa14c962b7806.jpg,"₩78,000",,,260626,,,,,
,false,,인스턴트펑크,,전체,,클래식 원숄더 원피스 - 아이보리,https://instantfunk.kr/product/detail.html?product_no=3195,https://instantfunk.kr/web/product/medium/202506/c5a672ae936498efa0323c77db9246af.jpg,"₩218,000",,,260626,,,,,
,false,,인스턴트펑크,,전체,,로고 체크 셔츠 - 베이지,https://instantfunk.kr/product/detail.html?product_no=3160,https://instantfunk.kr/web/product/medium/202503/3dbb190c3aad36d6a3f84c4eeae1f5e6.jpg,"₩198,000",,,260626,,,,,
,false,,인스턴트펑크,,전체,,세미 와이드 데님 팬츠 - 그레이,https://instantfunk.kr/product/detail.html?product_no=3150,https://instantfunk.kr/web/product/medium/202503/20ed65e2d6c5c116d1481a3c93f3b900.jpg,"₩198,000",,,260626,,,,,
,false,,인스턴트펑크,,전체,,투웨이 크롭 가디건 - 핑크,https://instantfunk.kr/product/detail.html?product_no=3135,https://instantfunk.kr/web/product/medium/202503/807e986962417230727f11e275bd05a6.jpg,"₩198,000",,,260626,,,,,
,false,,인스턴트펑크,,전체,,빈티지 워크 자켓 - 그레이,https://instantfunk.kr/product/detail.html?product_no=3116,https://instantfunk.kr/web/product/medium/202503/f29ec4bbd4b7d5c6f932547ba9004eab.jpg,"₩298,000",,,260626,,,,,
,false,,인스턴트펑크,,전체,,크롭 그래픽 티셔츠 - 네이비,https://instantfunk.kr/product/detail.html?product_no=3089,https://instantfunk.kr/web/product/medium/202502/e51a08d5ff473fc4935d6f3a003268e8.jpg,"₩98,000",,,260626,,,,,
,false,,인스턴트펑크,,전체,,오프숄더 맨투맨 - 멜란지 화이트,https://instantfunk.kr/product/detail.html?product_no=3076,https://instantfunk.kr/web/product/medium/202502/a5e0cefbbef5284d078bba9950dfbeeb.jpg,"₩128,000",,,260626,,,,,
,false,,인스턴트펑크,,전체,,리본 사선 니트 - 아이보리,https://instantfunk.kr/product/detail.html?product_no=3065,https://instantfunk.kr/web/product/medium/202502/e5b30f1f267b3b4807b9bbda3ccc2ed2.jpg,"₩168,000",,,260626,,,,,
,false,,인스턴트펑크,,전체,,Ms 퀼팅 팬츠 - 카키,https://instantfunk.kr/product/detail.html?product_no=2240,https://instantfunk.kr/web/product/medium/202411/10ee7e8fe93aa9794dd1a13f1070e585.jpg,"₩215,000",,,260626,,,,,
,false,,인스턴트펑크,,전체,,Volume Leggings 01 - Charcoal,https://instantfunk.kr/product/detail.html?product_no=1048,https://instantfunk.kr/web/product/medium/202012/fcaef091dfeb2cf000fd6693de030623.jpg,"₩96,000",,,260626,,,,,
,false,,인스턴트펑크,,전체,,스트랩 넥 포인트 티셔츠 - 화이트,https://instantfunk.kr/product/detail.html?product_no=3296,https://instantfunk.kr/web/product/medium/202506/3c8d2bf85253c689bb909f23a39ffaed.jpg,"₩98,000",,,260626,,,,,
,false,,인스턴트펑크,,전체,,이지 부츠컷 팬츠 - 화이트,https://instantfunk.kr/product/detail.html?product_no=3276,https://instantfunk.kr/web/product/medium/202505/13f702b0baedd3d1a9a2b86a972eb10b.jpg,"₩178,000",,,260626,,,,,
,false,,인스턴트펑크,,전체,,아일렛  뷔스티에 탑 - 블랙,https://instantfunk.kr/product/detail.html?product_no=3262,https://instantfunk.kr/web/product/medium/202506/a27e240bff2f0e73ae706f68b7b2cf22.jpg,"₩188,000",,,260626,,,,,
,false,,인스턴트펑크,,전체,,아일렛  뷔스티에 탑 - 화이트,https://instantfunk.kr/product/detail.html?product_no=3261,https://instantfunk.kr/web/product/medium/202505/099ad04a869e850b4448ba678a214f0c.jpg,"₩188,000",,,260626,,,,,
,false,,인스턴트펑크,,전체,,썸머 베스트 - 베이지,https://instantfunk.kr/product/detail.html?product_no=3252,https://instantfunk.kr/web/product/medium/202506/349cab84a80c71aef79f07e316e67952.jpg,"₩208,000",,,260626,,,,,
,false,,인스턴트펑크,,전체,,투웨이 슬리브리스 - 블랙,https://instantfunk.kr/product/detail.html?product_no=3240,https://instantfunk.kr/web/product/medium/202504/7e6392f28899b854ae4b9369ea72899c.jpg,"₩138,000",,,260626,,,,,
,false,,인스턴트펑크,,전체,,투웨이 슬리브리스 - 라이트 그린,https://instantfunk.kr/product/detail.html?product_no=3237,https://instantfunk.kr/web/product/medium/202504/056a8728084fb2673cd1cce0dccae618.jpg,"₩138,000",,,260626,,,,,
,false,,인스턴트펑크,,전체,,맨즈 포켓 데님 쇼츠 - 그린,https://instantfunk.kr/product/detail.html?product_no=3222,https://instantfunk.kr/web/product/medium/202506/d948c62154c713667a2149cc9370cf78.jpg,"₩168,000",,,260626,,,,,
,false,,인스턴트펑크,,전체,,클래식 원숄더 원피스 - 블랙,https://instantfunk.kr/product/detail.html?product_no=3196,https://instantfunk.kr/web/product/medium/202503/c57df670eedc82968431e27f2f40e5f8.jpg,"₩218,000",,,260626,,,,,
,false,,인스턴트펑크,,전체,,스웻 숏팬츠 - 화이트,https://instantfunk.kr/product/detail.html?product_no=3167,https://instantfunk.kr/web/product/medium/202503/9a75ee9ccd0b29ea56a7973ccdf2ad98.jpg,"₩98,000",,,260626,,,,,
,false,,인스턴트펑크,,전체,,니트 뷔스티에 - 핑크,https://instantfunk.kr/product/detail.html?product_no=3133,https://instantfunk.kr/web/product/medium/202503/9d53044629010f74db6c1a312fd80bf9.jpg,"₩138,000",,,260626,,,,,
,false,,인스턴트펑크,,전체,,프릴 오프숄더 니트 - 블루,https://instantfunk.kr/product/detail.html?product_no=3131,https://instantfunk.kr/web/product/medium/202502/5bce1f692bb9f4ecc8f88e06178e0c53.jpg,"₩178,000",,,260626,,,,,
,false,,인스턴트펑크,,전체,,프릴 오프숄더 니트 - 살몬,https://instantfunk.kr/product/detail.html?product_no=3130,https://instantfunk.kr/web/product/medium/202503/41f555f2e754af64c0d5b1ba8ce53bf6.jpg,"₩178,000",,,260626,,,,,
,false,,인스턴트펑크,,전체,,미디 데님 스커트 - 빈티지 블루,https://instantfunk.kr/product/detail.html?product_no=3118,https://instantfunk.kr/web/product/medium/202503/9c6dcc9b8fda8f4fd660df06c3a3699f.jpg,"₩178,000",,,260626,,,,,
,false,,인스턴트펑크,,전체,,오프숄더 맨투맨 - 블랙,https://instantfunk.kr/product/detail.html?product_no=3077,https://instantfunk.kr/web/product/medium/202502/45ce3a90ba09d36513efe634f6829570.jpg,"₩128,000",,,260626,,,,,
,false,,인스턴트펑크,,전체,,파스텔 버킷햇,https://instantfunk.kr/product/detail.html?product_no=3053,https://instantfunk.kr/web/product/medium/202412/9826ef53d20ece48b1ee64f7bc062222.jpg,"₩68,000",,,260626,,,,,
,false,,인스턴트펑크,,전체,,Volume Leggings 01 - Mint,https://instantfunk.kr/product/detail.html?product_no=1047,https://instantfunk.kr/web/product/medium/202012/c46168e732ed1c2fdef8b4f69889dd8a.jpg,"₩96,000",,,260626,,,,,
,false,,인스턴트펑크,,전체,,버클 오프숄더 - 스카이 블루,https://instantfunk.kr/product/detail.html?product_no=3302,https://instantfunk.kr/web/product/medium/202506/951118496be909785a41be0b7101799d.jpg,"₩178,000",,,260626,,,,,
,false,,인스턴트펑크,,전체,,사이드 포켓 미니 스커트 - 아이보리,https://instantfunk.kr/product/detail.html?product_no=3258,https://instantfunk.kr/web/product/medium/202506/1e791d6b24f89a94de535fed228c959d.jpg,"₩218,000",,,260626,,,,,
,false,,인스턴트펑크,,전체,,맨즈 썸머 니트 셔츠 - 그린,https://instantfunk.kr/product/detail.html?product_no=3227,https://instantfunk.kr/web/product/medium/202504/90a6812e954ec7b39f0126c91ec688d6.jpg,"₩168,000",,,260626,,,,,
,false,,인스턴트펑크,,전체,,크롭 빈티지 로고 티셔츠 - 블랙,https://instantfunk.kr/product/detail.html?product_no=3220,https://instantfunk.kr/web/product/medium/202504/ab020a25cafc6c794fdc6c919e3d3554.jpg,"₩68,000",,,260626,,,,,
,false,,인스턴트펑크,,전체,,데님 프린트 티셔츠 - 블랙,https://instantfunk.kr/product/detail.html?product_no=3213,https://instantfunk.kr/web/product/medium/202503/4412879280a310f8fafe72a4cf8e2750.jpg,"₩78,000",,,260626,,,,,
,false,,인스턴트펑크,,전체,,썸머 볼레로 가디건 세트 - 라이트 블루,https://instantfunk.kr/product/detail.html?product_no=3209,https://instantfunk.kr/web/product/medium/202503/6ed8c156779bfebdc7c600c16cb36228.jpg,"₩198,000",,,260626,,,,,
,false,,인스턴트펑크,,전체,,클래식 미디 스커트 - 오트 그레이,https://instantfunk.kr/product/detail.html?product_no=3205,https://instantfunk.kr/web/product/medium/202504/f0f453c0e812a5721842ac444af6e330.jpg,"₩198,000",,,260626,,,,,
,false,,인스턴트펑크,,전체,,워시드 저지 스커트 - 인디고 블랙,https://instantfunk.kr/product/detail.html?product_no=3203,https://instantfunk.kr/web/product/medium/202503/324cc97b4869050035821e2e0a1b6556.jpg,"₩198,000",,,260626,,,,,
,false,,인스턴트펑크,,전체,,썸머 크롭 반팔 자켓 - 라이트 베이지,https://instantfunk.kr/product/detail.html?product_no=3199,https://instantfunk.kr/web/product/medium/202503/c13385c274ec8c7b7ad06997baaa5d30.jpg,"₩248,000",,,260626,,,,,
,false,,인스턴트펑크,,전체,,라인 데님 팬츠 - 블루,https://instantfunk.kr/product/detail.html?product_no=3107,https://instantfunk.kr/web/product/medium/202503/a415dabcf6127a483dddede6e8bc5b1d.jpg,"₩198,000",,,260626,,,,,
,false,,인스턴트펑크,,전체,,크롭 그래픽 티셔츠 - 아이보리,https://instantfunk.kr/product/detail.html?product_no=3090,https://instantfunk.kr/web/product/medium/202502/3908c3bb147bed8709a8fc9243a25c5d.jpg,"₩98,000",,,260626,,,,,
,false,,인스턴트펑크,,전체,,맨즈 빈티지 로고 티셔츠 - 베이지,https://instantfunk.kr/product/detail.html?product_no=3073,https://instantfunk.kr/web/product/medium/202502/20e317bc9ec474cda6a36e9d00072135.jpg,"₩68,000",,,260626,,,,,
,false,,인스턴트펑크,,전체,,Ms 케이블 니트 베스트 - 블루,https://instantfunk.kr/product/detail.html?product_no=2549,https://instantfunk.kr/web/product/medium/202411/dc61057a353f74147bfb21d7c5a9e2f8.jpg,"₩152,000",,,260626,,,,,
,false,,인스턴트펑크,,전체,,데님 랩 스커트 - 블루,https://instantfunk.kr/product/detail.html?product_no=3286,https://instantfunk.kr/web/product/medium/202505/87475b95d4ea224fe55de8a6c23ab555.jpg,"₩198,000",,,260626,,,,,
,false,,인스턴트펑크,,전체,,썸머 베스트 - 카키,https://instantfunk.kr/product/detail.html?product_no=3253,https://instantfunk.kr/web/product/medium/202506/bfc6a25d929996f28a70e56b85a4fdfd.jpg,"₩208,000",,,260626,,,,,
,false,,인스턴트펑크,,전체,,크롭 빈티지 로고 티셔츠 - 오렌지,https://instantfunk.kr/product/detail.html?product_no=3219,https://instantfunk.kr/web/product/medium/202504/5aecf30d1992515efcc4ebb971407ba5.jpg,"₩68,000",,,260626,,,,,
,false,,인스턴트펑크,,전체,,클래식 미디 스커트 - 아이보리,https://instantfunk.kr/product/detail.html?product_no=3206,https://instantfunk.kr/web/product/medium/202503/3391b8c1893c7c4e2603475e6ea599f0.jpg,"₩198,000",,,260626,,,,,
,false,,인스턴트펑크,,전체,,그래픽 맨투맨 - 화이트,https://instantfunk.kr/product/detail.html?product_no=3169,https://instantfunk.kr/web/product/medium/202503/99621eba68ad6d613d2e8e98c1527895.jpg,"₩118,000",,,260626,,,,,
,false,,인스턴트펑크,,전체,,자수 반팔 니트 - 민트,https://instantfunk.kr/product/detail.html?product_no=3126,https://instantfunk.kr/web/product/medium/202506/2ba73b51bfa9ef954248db7ac54002b7.jpg,"₩128,000",,,260626,,,,,
,false,,인스턴트펑크,,전체,,맨즈 배색 니트 - 라이트 그레이,https://instantfunk.kr/product/detail.html?product_no=3113,https://instantfunk.kr/web/product/medium/202502/3e42ddcf7098e5638263954fa2c9cf0c.jpg,"₩198,000",,,260626,,,,,
,false,,인스턴트펑크,,전체,,맨즈 배색 니트 - 라이트 그린,https://instantfunk.kr/product/detail.html?product_no=3112,https://instantfunk.kr/web/product/medium/202502/89c60f0df24641cbe10e16a931aafcdc.jpg,"₩198,000",,,260626,,,,,
,false,,인스턴트펑크,,전체,,레이스 티셔츠 - 화이트,https://instantfunk.kr/product/detail.html?product_no=3079,https://instantfunk.kr/web/product/medium/202502/ab2a6b6d0280076f8b79022f80862506.jpg,"₩98,000",,,260626,,,,,
,false,,인스턴트펑크,,전체,,슬리브리스 니트 원피스,https://instantfunk.kr/product/detail.html?product_no=3049,https://instantfunk.kr/web/product/medium/202412/bae4802927b3dd5c02f852a55e4929ba.jpg,"₩238,000",,,260626,,,,,
,false,,인스턴트펑크,,전체,,오버사이즈 더블 롱 코트 - 블랙,https://instantfunk.kr/product/detail.html?product_no=3306,https://instantfunk.kr/web/product/medium/202508/c92bdc3a8e4947fbede00301ca50c437.jpg,"₩398,000",,,260626,,,,,
,false,,인스턴트펑크,,전체,,스퀘어넥 롱슬리브 - 블랙,https://instantfunk.kr/product/detail.html?product_no=2352,https://instantfunk.kr/web/product/medium/202411/1a6dfc77c2941b508a682f9d3bea4837.jpg,"₩65,000",,,260626,,,,,
,false,,인스턴트펑크,,전체,,소프트 부츠컷 데님 팬츠 - 라이트블루,https://instantfunk.kr/product/detail.html?product_no=3142,https://instantfunk.kr/web/product/medium/202502/4b1aad36599a30099dfeea7a436e8b0f.jpg,"₩148,000",,,260626,,,,,
,false,,인스턴트펑크,,전체,,소프트 부츠컷 데님 팬츠 - 블랙,https://instantfunk.kr/product/detail.html?product_no=3141,https://instantfunk.kr/web/product/medium/202502/f100d6663fabf9465010fb68b68894b4.jpg,"₩148,000",,,260626,,,,,
,false,,인스턴트펑크,,전체,,그라데이션 케이블 니트,https://instantfunk.kr/product/detail.html?product_no=2918,https://instantfunk.kr/web/product/medium/202411/536f620ce174813fe67b7876d60508e9.jpg,"₩182,000",,,260626,,,,,
,false,,인스턴트펑크,,전체,,Shorts 04 - Blue,https://instantfunk.kr/product/detail.html?product_no=2532,https://instantfunk.kr/web/product/medium/202411/2b3be0c6fdf720241be54a55a351493e.jpg,"₩95,000",,,260626,,,,,
,false,,인스턴트펑크,,전체,,스트랩 원숄더 니트,https://instantfunk.kr/product/detail.html?product_no=2857,https://instantfunk.kr/web/product/medium/202411/5a1cd1f35f2e62db2861f555bced5029.jpg,"₩138,000",,,260626,,,,,
,false,,인스턴트펑크,,전체,,알파카 니트 볼레로,https://instantfunk.kr/product/detail.html?product_no=2662,https://instantfunk.kr/web/product/medium/202411/5d9305e24f28f4b8d56ea5c5a4e67e3f.jpg,"₩112,000",,,260626,,,,,
,false,,인스턴트펑크,,전체,,오프숄더 트위스트 블라우스,https://instantfunk.kr/product/detail.html?product_no=2922,https://instantfunk.kr/web/product/medium/202411/c3b7176861849605d33e547dadf9eb43.jpg,"₩162,000",,,260626,,,,,
,false,,인스턴트펑크,,전체,,스카시 니트 집업 가디건,https://instantfunk.kr/product/detail.html?product_no=2930,https://instantfunk.kr/web/product/medium/202411/1388710b4d354b97b278e02262402636.jpg,"₩165,000",,,260626,,,,,
,false,,인스턴트펑크,,전체,,오프숄더 숄 니트,https://instantfunk.kr/product/detail.html?product_no=2778,https://instantfunk.kr/web/product/medium/202504/d123e19b6966db209ea285b027a0e9d8.jpg,"₩156,000",,,260626,,,,,
,false,,인스턴트펑크,,전체,,[2차리오더] Bootcut 01 - Black,https://instantfunk.kr/product/detail.html?product_no=3149,https://instantfunk.kr/web/product/medium/202503/32cf31e5fe8af91e0561de26fd02680d.jpg,"₩118,000",,,260626,,,,,
,false,,인스턴트펑크,,전체,,Straight 03 - Gray,https://instantfunk.kr/product/detail.html?product_no=755,https://instantfunk.kr/web/product/medium/20200322/60783c6ad33bd2139972276127a3a467.jpg,"₩108,000",,,260626,,,,,
,false,,인스턴트펑크,,전체,,시그니처 데님 그래픽 티셔츠 - 화이트,https://instantfunk.kr/product/detail.html?product_no=3301,https://instantfunk.kr/web/product/medium/202506/ca0943f37a6f4eabe2eb444c404bc1af.jpg,"₩58,000",,,260626,,,,,
,false,,인스턴트펑크,,전체,,오버숄더 포우 스웨이드 자켓,https://instantfunk.kr/product/detail.html?product_no=2873,https://instantfunk.kr/web/product/medium/202411/86727dabc21271b9775ec9ae658c3297.jpg,"₩392,000",,,260626,,,,,
,false,,인스턴트펑크,,전체,,멀티웨이 믹스 원피스,https://instantfunk.kr/product/detail.html?product_no=2661,https://instantfunk.kr/web/product/medium/202411/0ea5e9de11229699fdb5df22d96d1a60.jpg,"₩235,000",,,260626,,,,,
,false,,인스턴트펑크,,전체,,빈티지 워싱 부츠컷 팬츠 - 블루,https://instantfunk.kr/product/detail.html?product_no=3120,https://instantfunk.kr/web/product/medium/202504/d928fc13d0e6e14586a010ffb57afbad.jpg,"₩168,000",,,260626,,,,,
,false,,인스턴트펑크,,전체,,시그니처 데님 그래픽 티셔츠 - 멜란지 화이트,https://instantfunk.kr/product/detail.html?product_no=3300,https://instantfunk.kr/web/product/medium/202506/bb70e044ff38378dc29220b5aeaced00.jpg,"₩58,000",,,260626,,,,,
,false,,인스턴트펑크,,전체,,체크 하프 점프수트 - 그레이체크,https://instantfunk.kr/product/detail.html?product_no=1779,https://instantfunk.kr/web/product/medium/202205/70410689436ede41d0900c93c93cd9fe.jpg,"₩455,000",,,260626,,,,,
,false,,인스턴트펑크,,전체,,Ms 오버사이즈 옥스포드 셔츠 - 블루,https://instantfunk.kr/product/detail.html?product_no=1757,https://instantfunk.kr/web/product/medium/202204/5ed0d5880937d46bb798b13006d42879.jpg,"₩158,000",,,260626,,,,,
,false,,인스턴트펑크,,전체,,울 카고 슬랙스 - 핑크,https://instantfunk.kr/product/detail.html?product_no=2110,https://instantfunk.kr/web/product/medium/202208/b787340a33f2fcce22aaacf3d9f147d9.jpg,"₩210,000",,,260626,,,,,
,false,,인스턴트펑크,,전체,,리버스 타이 블라우스,https://instantfunk.kr/product/detail.html?product_no=2780,https://instantfunk.kr/web/product/medium/202411/9e012ca8cebde8410d64906b7bd771d9.jpg,"₩168,000",,,260626,,,,,
,false,,인스턴트펑크,,전체,,Ms 더블 브레스티드 블레이저 - 베이지,https://instantfunk.kr/product/detail.html?product_no=2435,https://instantfunk.kr/web/product/medium/202411/8b10764d5bf0347ee4a862f3b6142600.jpg,"₩298,000",,,260626,,,,,
,false,,인스턴트펑크,,전체,,데님 코르셋 원피스,https://instantfunk.kr/product/detail.html?product_no=2865,https://instantfunk.kr/web/product/medium/202504/412e12d440eea64d68a3b9a28ef55d0c.jpg,"₩298,000",,,260626,,,,,
,false,,인스턴트펑크,,전체,,빈티지 자수 볼캡 - 베이지,https://instantfunk.kr/product/detail.html?product_no=2471,https://instantfunk.kr/web/product/medium/202411/09561eed39f591e8fea915985fa236fd.jpg,"₩52,000",,,260626,,,,,
,false,,인스턴트펑크,,전체,,스트라이프 미니백 - 핑크,https://instantfunk.kr/product/detail.html?product_no=2458,https://instantfunk.kr/web/product/medium/202411/80673200f162b0dbf9c2305adf5915a6.gif,"₩95,000",,,260626,,,,,
,false,,인스턴트펑크,,전체,,언발란스 그래픽  티셔츠 - 핑크,https://instantfunk.kr/product/detail.html?product_no=3298,https://instantfunk.kr/web/product/medium/202506/b400a19adea817c0f5f7298ddb1042da.jpg,"₩78,000",,,260626,,,,,
,false,,인스턴트펑크,,전체,,Ms 싱글 크롭 자켓 - 그레이,https://instantfunk.kr/product/detail.html?product_no=1658,https://instantfunk.kr/web/product/medium/202203/c73d7f10c0b9652216dcc5c30b03a8ac.jpg,"₩265,000",,,260626,,,,,
,false,,인스턴트펑크,,전체,,나일론 자수 버킷햇 - 아이보리,https://instantfunk.kr/product/detail.html?product_no=3230,https://instantfunk.kr/web/product/medium/202504/50085aa5dd1690d339d9395b0775ced2.jpg,"₩108,000",,,260626,,,,,
,false,,인스턴트펑크,,전체,,썸머 셔링 원피스 - 화이트,https://instantfunk.kr/product/detail.html?product_no=3265,https://instantfunk.kr/web/product/medium/202505/193fdbfa4f961671c90c3a7b8a1b6f08.jpg,"₩298,000",,,260626,,,,,
,false,,인스턴트펑크,,전체,,Ms 스카시 니트 셔츠 - 네이비,https://instantfunk.kr/product/detail.html?product_no=1755,https://instantfunk.kr/web/product/medium/202204/adb93f0a915990f9731be223315db900.jpg,"₩149,000",,,260626,,,,,
,false,,인스턴트펑크,,전체,,메쉬 셔링 티셔츠 - 화이트,https://instantfunk.kr/product/detail.html?product_no=2968,https://instantfunk.kr/web/product/medium/202411/cf4dbc7f41d6975eb18a532acd352553.jpg,"₩49,000",,,260626,,,,,
,false,,인스턴트펑크,,전체,,Ms 스티치 싱글 블레이저 - 다크그린,https://instantfunk.kr/product/detail.html?product_no=1751,https://instantfunk.kr/web/product/medium/202204/aad5bfd8f3ff74f229680161657b3e17.jpg,"₩298,000",,,260626,,,,,
,false,,인스턴트펑크,,전체,,테일러드 미니스커트 - 네이비,https://instantfunk.kr/product/detail.html?product_no=735,https://instantfunk.kr/web/product/medium/20200225/e868fa6f0a287bda8d37dd5cfe1c2a2b.jpg,"₩148,000",,,260626,,,,,
,false,,인스턴트펑크,,전체,,트위드 세미 부츠컷 팬츠 - 블랙,https://instantfunk.kr/product/detail.html?product_no=2535,https://instantfunk.kr/web/product/medium/202411/1858e803d97c1bf6bcf76d42c19aec92.jpg,"₩178,000",,,260626,,,,,
,false,,인스턴트펑크,,전체,,Ms 핀턱 쇼츠 - 라이트블루,https://instantfunk.kr/product/detail.html?product_no=1265,https://instantfunk.kr/web/product/medium/202106/d5277c3adb21f72a214b73c3cf21c5e1.jpg,"₩87,000",,,260626,,,,,
,false,,인스턴트펑크,,전체,,브이넥 체크 블라우스 - 브라운,https://instantfunk.kr/product/detail.html?product_no=924,https://instantfunk.kr/web/product/medium/202009/b16bf9908067e77b8b2f44502882e254.jpg,"₩158,000",,,260626,,,,,
,false,,인스턴트펑크,,전체,,스퀘어넥 미니 원피스 - 베이지,https://instantfunk.kr/product/detail.html?product_no=719,https://instantfunk.kr/web/product/medium/20200225/1770fbc53471a1eff25ec7eee9df93f2.jpg,"₩235,000",,,260626,,,,,
,false,,인스턴트펑크,,전체,,Ms 그라데이션 데님 팬츠 - 블루,https://instantfunk.kr/product/detail.html?product_no=2322,https://instantfunk.kr/web/product/medium/202411/44dba50cc627c760aa70ea4edbbd292f.jpg,"₩138,000",,,260626,,,,,
,false,,인스턴트펑크,,전체,,Ms 세미 와이드 카고 팬츠 - 블랙,https://instantfunk.kr/product/detail.html?product_no=1674,https://instantfunk.kr/web/product/medium/202203/2b8cb00ea5bf599e558795a079afacf0.jpg,"₩168,000",,,260626,,,,,
,false,,인스턴트펑크,,전체,,사선 스트라이프 티셔츠 - 핑크,https://instantfunk.kr/product/detail.html?product_no=3123,https://instantfunk.kr/web/product/medium/202503/9b04d34c66e7e5800bbd15bfbd0a840d.jpg,"₩128,000",,,260626,,,,,
,false,,인스턴트펑크,,전체,,테슬 믹스 울 블루종,https://instantfunk.kr/product/detail.html?product_no=2746,https://instantfunk.kr/web/product/medium/202411/391821652d56f91ef134893e4f9e4031.jpg,"₩368,000",,,260626,,,,,
,false,,인스턴트펑크,,전체,,Ms Straight 04 - Black,https://instantfunk.kr/product/detail.html?product_no=1519,https://instantfunk.kr/web/product/medium/202202/314cabcdae38a281d59db3d0771a4b74.jpg,"₩118,000",,,260626,,,,,
,false,,인스턴트펑크,,전체,,베이직 롱슬리브 티셔츠 - 베이지,https://instantfunk.kr/product/detail.html?product_no=3082,https://instantfunk.kr/web/product/medium/202502/0436cc7404d6f67a694f8ae731752046.jpg,"₩78,000",,,260626,,,,,
,false,,인스턴트펑크,,전체,,로고 보트넥 티셔츠 - 라이트 그레이,https://instantfunk.kr/product/detail.html?product_no=3092,https://instantfunk.kr/web/product/medium/202502/25f80e36263f7419338c22b4fc5b7bf0.jpg,"₩78,000",,,260626,,,,,
,false,,인스턴트펑크,,전체,,[2차리오더] 벨벳 데님 부츠컷 팬츠,https://instantfunk.kr/product/detail.html?product_no=3012,https://instantfunk.kr/web/product/medium/202412/5b188a14e430b07199bf9548c343f3e3.jpg,"₩148,000",,,260626,,,,,
,false,,인스턴트펑크,,전체,,베이직 롱슬리브 티셔츠 - 블랙,https://instantfunk.kr/product/detail.html?product_no=3080,https://instantfunk.kr/web/product/medium/202502/076ef08bfb95518d902f2210899e9476.jpg,"₩78,000",,,260626,,,,,
,false,,인스턴트펑크,,전체,,디컨스트럭트 데님 자켓 - 블루,https://instantfunk.kr/product/detail.html?product_no=2307,https://instantfunk.kr/web/product/medium/202301/ff1266c49ca51c7a43e52ac3c297ca14.jpg,"₩298,000",,,260626,,,,,
,false,,인스턴트펑크,,전체,,Ms 오버사이즈 포켓 셔츠,https://instantfunk.kr/product/detail.html?product_no=2714,https://instantfunk.kr/web/product/medium/202411/20097a30b1079089b790d0e5e36818ad.jpg,"₩153,000",,,260626,,,,,
,false,,인스턴트펑크,,전체,,Ms 코듀로이 세미 와이드 슬랙스 - 블랙,https://instantfunk.kr/product/detail.html?product_no=2238,https://instantfunk.kr/web/product/medium/202411/cafa4c0008ca59baf1f6cc17fe259853.jpg,"₩168,000",,,260626,,,,,
,false,,인스턴트펑크,,전체,,린넨 카고 롱 스커트 - 아이보리,https://instantfunk.kr/product/detail.html?product_no=1748,https://instantfunk.kr/web/product/medium/202204/e48dd80d669f6743dcb3d0a944c85ece.jpg,"₩168,000",,,260626,,,,,
,false,,인스턴트펑크,,전체,,썸머 스퀘어넥 반팔 자켓 - 블랙,https://instantfunk.kr/product/detail.html?product_no=3197,https://instantfunk.kr/web/product/medium/202503/f184a3e83cc1c9f356e834c11c46892b.jpg,"₩218,000",,,260626,,,,,
,false,,인스턴트펑크,,전체,,리본 원숄더 반팔 - 블랙,https://instantfunk.kr/product/detail.html?product_no=3191,https://instantfunk.kr/web/product/medium/202503/71d39e156ec70a71fb61fa9632b2b154.jpg,"₩78,000",,,260626,,,,,
,false,,인스턴트펑크,,전체,,스프링 리본 가디건 - 아이보리,https://instantfunk.kr/product/detail.html?product_no=3072,https://instantfunk.kr/web/product/medium/202502/82117c73412ffcf0193db28c0344f790.jpg,"₩168,000",,,260626,,,,,
,false,,인스턴트펑크,,전체,,Straight 11 - Blue,https://instantfunk.kr/product/detail.html?product_no=1325,https://instantfunk.kr/web/product/medium/202108/717d5b6bd47afe5d9aff987c6148aea5.jpg,"₩118,000",,,260626,,,,,
,false,,인스턴트펑크,,전체,,페이디드 트랙 팬츠 - 화이트,https://instantfunk.kr/product/detail.html?product_no=726,https://instantfunk.kr/web/product/medium/20200225/82013723106f908631f3b8f6e98d9ca6.jpg,"₩96,000",,,260626,,,,,
,false,,인스턴트펑크,,전체,,Ms 더블 브레스티드 블레이저 - 블랙,https://instantfunk.kr/product/detail.html?product_no=2437,https://instantfunk.kr/web/product/medium/202303/f15fb87b5898dc73b5c41dd2d65bbeda.jpg,"₩298,000",,,260626,,,,,
,false,,인스턴트펑크,,전체,,Ms 타이다이 스웨트 팬츠 - 아이보리,https://instantfunk.kr/product/detail.html?product_no=962,https://instantfunk.kr/web/product/medium/202009/20fb89a4e7d1878fd7c8eebd05ed1408.jpg,"₩129,000",,,260626,,,,,
,false,,인스턴트펑크,,전체,,테일러드 스트레이트 숏 팬츠 - 베이지,https://instantfunk.kr/product/detail.html?product_no=725,https://instantfunk.kr/web/product/medium/20200226/542dfbff35fcd8b6f2ed15bb2d38ee32.jpg,"₩135,000",,,260626,,,,,
,false,,인스턴트펑크,,전체,,프릴 후드 원피스 - 화이트,https://instantfunk.kr/product/detail.html?product_no=3270,https://instantfunk.kr/web/product/medium/202505/107f36765e42849eafbe9b492090f09f.jpg,"₩278,000",,,260626,,,,,
,false,,인스턴트펑크,,전체,,투웨이 슬리브리스 - 오트 그레이,https://instantfunk.kr/product/detail.html?product_no=3238,https://instantfunk.kr/web/product/medium/202504/6dd86cfe4c2dac9b679316db1a71b5f4.jpg,"₩138,000",,,260626,,,,,
,false,,인스턴트펑크,,전체,,장식 벨트 미디 스커트,https://instantfunk.kr/product/detail.html?product_no=3031,https://instantfunk.kr/web/product/medium/202412/ae02f484f1069bbc12be0154cd7cab5b.jpg,"₩198,000",,,260626,,,,,
,false,,인스턴트펑크,,전체,,Ms 울 니트 하프 집업 - 블루,https://instantfunk.kr/product/detail.html?product_no=2283,https://instantfunk.kr/web/product/medium/202411/48a61636dce37067a57ce1bdf87d45a2.jpg,"₩215,000",,,260626,,,,,
,false,,인스턴트펑크,,전체,,페이디드 트랙 팬츠 - 퍼플,https://instantfunk.kr/product/detail.html?product_no=727,https://instantfunk.kr/web/product/medium/20200225/3457885bb075fd09a8379b9ae78a344d.jpg,"₩96,000",,,260626,,,,,
,false,,인스턴트펑크,,전체,,로고 보트넥 티셔츠 - 라이트 블루,https://instantfunk.kr/product/detail.html?product_no=3093,https://instantfunk.kr/web/product/medium/202502/f761f8065f4eb6f0f2ddb6ca4d4af856.jpg,"₩78,000",,,260626,,,,,
,false,,인스턴트펑크,,전체,,셔링 퍼프 블라우스 - 네이비,https://instantfunk.kr/product/detail.html?product_no=3287,https://instantfunk.kr/web/product/medium/202506/0b8a317ba95a76b3f2f26ad204cc4b72.jpg,"₩178,000",,,260626,,,,,
,false,,인스턴트펑크,,전체,,후드 슬리브리스 - 다크 그레이,https://instantfunk.kr/product/detail.html?product_no=3263,https://instantfunk.kr/web/product/medium/202505/183e5aca4166f668d7ce5cd5b40183da.jpg,"₩128,000",,,260626,,,,,
,false,,인스턴트펑크,,전체,,썸머 원숄더탑 - 블랙,https://instantfunk.kr/product/detail.html?product_no=3236,https://instantfunk.kr/web/product/medium/202504/d8912ddf2ffe6d91504999ae708b55d8.jpg,"₩68,000",,,260626,,,,,
,false,,인스턴트펑크,,전체,,베이직 롱슬리브 티셔츠 - 민트,https://instantfunk.kr/product/detail.html?product_no=3083,https://instantfunk.kr/web/product/medium/202502/d61432e9b02b4712a8535236c4a027e8.jpg,"₩78,000",,,260626,,,,,
,false,,인스턴트펑크,,전체,,스프링 리본 슬리브리스 - 아이보리,https://instantfunk.kr/product/detail.html?product_no=3070,https://instantfunk.kr/web/product/medium/202502/b41b116e090d1b0c52628ee0324ae6cf.jpg,"₩88,000",,,260626,,,,,
,false,,인스턴트펑크,,전체,,페이디드 트랙 팬츠 - 레드,https://instantfunk.kr/product/detail.html?product_no=728,https://instantfunk.kr/web/product/medium/20200225/59ad51da1bb05860cadbafd0847963f7.jpg,"₩96,000",,,260626,,,,,
,false,,인스턴트펑크,,전체,,투웨이 크롭 가디건 - 네이비,https://instantfunk.kr/product/detail.html?product_no=3180,https://instantfunk.kr/web/product/medium/202503/e3268d2dad26a14373825d3e57d006d1.jpg,"₩198,000",,,260626,,,,,
,false,,인스턴트펑크,,전체,,사선 스트라이프 티셔츠 - 크림,https://instantfunk.kr/product/detail.html?product_no=3122,https://instantfunk.kr/web/product/medium/202503/8704be0d7099cad80ea031b87c45ea3b.jpg,"₩128,000",,,260626,,,,,
,false,,인스턴트펑크,,전체,,썸머 리본 셔츠 - 화이트,https://instantfunk.kr/product/detail.html?product_no=3186,https://instantfunk.kr/web/product/medium/202504/96df01484584a1e667f5f153930919d1.jpg,"₩178,000",,,260626,,,,,
,false,,인스턴트펑크,,전체,,플리츠 쇼츠 - 블루,https://instantfunk.kr/product/detail.html?product_no=3275,https://instantfunk.kr/web/product/medium/202505/2c081658c5ef74d13859f41307587643.jpg,"₩208,000",,,260626,,,,,
,false,,인스턴트펑크,,전체,,프릴 리본 슬리브리스 - 화이트,https://instantfunk.kr/product/detail.html?product_no=3267,https://instantfunk.kr/web/product/medium/202505/1b6fec26d657f8aadb84f4969b3db019.jpg,"₩178,000",,,260626,,,,,
,false,,인스턴트펑크,,전체,,프릴 리본 슬리브리스 - 블랙,https://instantfunk.kr/product/detail.html?product_no=3266,https://instantfunk.kr/web/product/medium/202505/252463965cd75bad647c18728d43feb3.jpg,"₩178,000",,,260626,,,,,
,false,,인스턴트펑크,,전체,,베이직 롱슬리브 티셔츠 - 블루,https://instantfunk.kr/product/detail.html?product_no=3081,https://instantfunk.kr/web/product/medium/202502/32961bd2f7ce8b5b2debebe53efc7351.jpg,"₩78,000",,,260626,,,,,
,false,,인스턴트펑크,,전체,,스티치 크롭 티셔츠 - 화이트,https://instantfunk.kr/product/detail.html?product_no=3279,https://instantfunk.kr/web/product/medium/202505/369470f3804f1c97796ce413b14ef8aa.jpg,"₩78,000",,,260626,,,,,
,false,,인스턴트펑크,,전체,,코튼 라인 팬츠 - 블랙,https://instantfunk.kr/product/detail.html?product_no=3163,https://instantfunk.kr/web/product/medium/202503/af174ea409bd847e4aed5a4f774ded8c.jpg,"₩178,000",,,260626,,,,,
,false,,인스턴트펑크,,전체,,INSTANTFUNK X DEARDAHLIA 로맨스 앤드 펑크 스커트 - 라이트블루_예약배송,https://instantfunk.kr/product/detail.html?product_no=3173,https://instantfunk.kr/web/product/medium/202503/9af11cc94391aed22245f002868c08ae.jpg,"₩198,000",,,260626,,,,,
,false,,인스턴트펑크,,전체,,포우 레더 숏 자켓 - 아이보리,https://instantfunk.kr/product/detail.html?product_no=3171,https://instantfunk.kr/web/product/medium/202503/5d7a27506ed7dcc6ac1f44e3a5311023.jpg,"₩268,000",,,260626,,,,,
