platform,is_ranking,rank,brand,main_category,category,gender,product_name,product_detail_url,thumbnail,regular_price,current_price,discount_rate,crawled_at,color,material,details,rating,reviews
,false,,ZARA,상의,셔츠/블라우스,여성,린넨 플루이드 셔츠,https://www.zara.com/kr/ko/%E1%84%91%E1%85%B3%E1%86%AF%E1%84%85%E1%85%AE%E1%84%8B%E1%85%B5%E1%84%83%E1%85%B3-%E1%84%85%E1%85%B5%E1%86%AB%E1%84%82%E1%85%A6%E1%86%AB-%E1%84%89%E1%85%A7%E1%84%8E%E1%85%B3-p02082813.html,https://static.zara.net/assets/public/0c80/2274/d3474ee78265/a51a481ac5d8/02082813250-p/02082813250-p.jpg?ts=1778081687816,"₩49,900",,,260622,화이트,,,,
,false,,ZARA,바지,버뮤다 팬츠,여성,플리츠 하이웨이스트 쇼츠,https://www.zara.com/kr/ko/%E1%84%91%E1%85%B3%E1%86%AF%E1%84%85%E1%85%B5%E1%84%8E%E1%85%B3-%E1%84%92%E1%85%A1%E1%84%8B%E1%85%B5%E1%84%8B%E1%85%B0%E1%84%8B%E1%85%B5%E1%84%89%E1%85%B3%E1%84%90%E1%85%B3-%E1%84%89%E1%85%AD%E1%84%8E%E1%85%B3-p02586730.html,https://static.zara.net/assets/public/4db8/433f/645943519a82/3a3f6bf730d8/02586730250-f1/02586730250-f1.jpg?ts=1771940871278,"₩49,900",,,260622,화이트,,,,
,false,,ZARA,상의,탑,여성,크롭 텍스처 재킷,https://www.zara.com/kr/ko/%E1%84%8F%E1%85%B3%E1%84%85%E1%85%A9%E1%86%B8-%E1%84%90%E1%85%A6%E1%86%A8%E1%84%89%E1%85%B3%E1%84%8E%E1%85%A5-%E1%84%8C%E1%85%A2%E1%84%8F%E1%85%B5%E1%86%BA-p05039395.html,https://static.zara.net/assets/public/73eb/fabf/f1254b47adf9/a66e6a578d77/05039395800-p/05039395800-p.jpg?ts=1781085688435,"₩35,900",,,260622,블랙,,,,
,false,,ZARA,바지,슬랙스,여성,텍스처 스트레이트 팬츠,https://www.zara.com/kr/ko/%E1%84%90%E1%85%A6%E1%86%A8%E1%84%89%E1%85%B3%E1%84%8E%E1%85%A5-%E1%84%89%E1%85%B3%E1%84%90%E1%85%B3%E1%84%85%E1%85%A6%E1%84%8B%E1%85%B5%E1%84%90%E1%85%B3-%E1%84%91%E1%85%A2%E1%86%AB%E1%84%8E%E1%85%B3-p05039396.html,https://static.zara.net/assets/public/0448/46e5/18dd415aa533/b8aeba3a9abf/05039396800-f1/05039396800-f1.jpg?ts=1779362227594,"₩45,900",,,260622,블랙,,,,
,false,,ZARA,상의,탑,여성,크롭 텍스처 재킷,https://www.zara.com/kr/ko/%E1%84%8F%E1%85%B3%E1%84%85%E1%85%A9%E1%86%B8-%E1%84%90%E1%85%A6%E1%86%A8%E1%84%89%E1%85%B3%E1%84%8E%E1%85%A5-%E1%84%8C%E1%85%A2%E1%84%8F%E1%85%B5%E1%86%BA-p05039395.html,https://static.zara.net/assets/public/4123/2574/30c74fa1b2eb/0564fe46fa30/05039395716-p/05039395716-p.jpg?ts=1781085688621,"₩35,900",,,260622,다크 브라운,,,,
,false,,ZARA,바지,슬랙스,여성,텍스처 스트레이트 팬츠,https://www.zara.com/kr/ko/%E1%84%90%E1%85%A6%E1%86%A8%E1%84%89%E1%85%B3%E1%84%8E%E1%85%A5-%E1%84%89%E1%85%B3%E1%84%90%E1%85%B3%E1%84%85%E1%85%A6%E1%84%8B%E1%85%B5%E1%84%90%E1%85%B3-%E1%84%91%E1%85%A2%E1%86%AB%E1%84%8E%E1%85%B3-p05039396.html,https://static.zara.net/assets/public/3b84/31c7/d56147f3af49/b5f7f4cb395f/05039396716-f1/05039396716-f1.jpg?ts=1775026511279,"₩45,900",,,260622,다크 브라운,,,,
,false,,ZARA,상의,탑,여성,크롭 텍스처 재킷,https://www.zara.com/kr/ko/%E1%84%8F%E1%85%B3%E1%84%85%E1%85%A9%E1%86%B8-%E1%84%90%E1%85%A6%E1%86%A8%E1%84%89%E1%85%B3%E1%84%8E%E1%85%A5-%E1%84%8C%E1%85%A2%E1%84%8F%E1%85%B5%E1%86%BA-p05039395.html,https://static.zara.net/assets/public/d5b4/b18b/247c4e84aa19/15680420d73f/05039395712-f1/05039395712-f1.jpg?ts=1775026505771,"₩35,900",,,260622,크림,,,,
,false,,ZARA,바지,슬랙스,여성,텍스처 스트레이트 팬츠,https://www.zara.com/kr/ko/%E1%84%90%E1%85%A6%E1%86%A8%E1%84%89%E1%85%B3%E1%84%8E%E1%85%A5-%E1%84%89%E1%85%B3%E1%84%90%E1%85%B3%E1%84%85%E1%85%A6%E1%84%8B%E1%85%B5%E1%84%90%E1%85%B3-%E1%84%91%E1%85%A2%E1%86%AB%E1%84%8E%E1%85%B3-p05039396.html,https://static.zara.net/assets/public/3239/063f/9ab54907ae2a/bb8eff97ebfe/05039396712-f1/05039396712-f1.jpg?ts=1774972124492,"₩45,900",,,260622,크림,,,,
,false,,ZARA,상의,탑,여성,스트레치 홀터넥 탑,https://www.zara.com/kr/ko/%E1%84%83%E1%85%A9%E1%84%90%E1%85%B3-%E1%84%91%E1%85%A2%E1%84%90%E1%85%A5%E1%86%AB-%E1%84%89%E1%85%B3%E1%84%90%E1%85%B3%E1%84%85%E1%85%A6%E1%84%8E%E1%85%B5-%E1%84%92%E1%85%A9%E1%86%AF%E1%84%90%E1%85%A5%E1%84%82%E1%85%A6%E1%86%A8-%E1%84%90%E1%85%A1%E1%86%B8-p03644324.html,https://static.zara.net/assets/public/685c/22c8/3ce046f69d37/17081ba634ee/03644324800-p/03644324800-p.jpg?ts=1781085687465,"₩39,900",,,260622,블랙,,,,
,false,,ZARA,바지,슬랙스,여성,스트레치 플레어 팬츠,https://www.zara.com/kr/ko/%E1%84%83%E1%85%A9%E1%84%90%E1%85%B3-%E1%84%89%E1%85%B3%E1%84%90%E1%85%B3%E1%84%85%E1%85%A6%E1%84%8E%E1%85%B5-%E1%84%91%E1%85%B3%E1%86%AF%E1%84%85%E1%85%A6%E1%84%8B%E1%85%A5-%E1%84%91%E1%85%A2%E1%86%AB%E1%84%8E%E1%85%B3-p03644325.html,https://static.zara.net/assets/public/c3d5/05a6/44f34d3d8fec/576e119ae175/03644325800-f1/03644325800-f1.jpg?ts=1773856377764,"₩45,900",,,260622,블랙,,,,
,false,,ZARA,상의,탑,여성,도트 홀터넥 탑,https://www.zara.com/kr/ko/%E1%84%83%E1%85%A9%E1%84%90%E1%85%B3-%E1%84%91%E1%85%A2%E1%84%90%E1%85%A5%E1%86%AB-%E1%84%89%E1%85%B3%E1%84%90%E1%85%B3%E1%84%85%E1%85%A6%E1%84%8E%E1%85%B5-%E1%84%92%E1%85%A9%E1%86%AF%E1%84%90%E1%85%A5%E1%84%82%E1%85%A6%E1%86%A8-%E1%84%90%E1%85%A1%E1%86%B8-p03644324.html,https://static.zara.net/assets/public/39ff/51c3/ae014e3aa246/ef131788a303/03644324064-p/03644324064-p.jpg?ts=1781085688646,"₩39,900",,,260622,"화이트,블랙",,,,
,false,,ZARA,바지,슬랙스,여성,도트 스트레치 플레어 팬츠,https://www.zara.com/kr/ko/%E1%84%83%E1%85%A9%E1%84%90%E1%85%B3-%E1%84%89%E1%85%B3%E1%84%90%E1%85%B3%E1%84%85%E1%85%A6%E1%84%8E%E1%85%B5-%E1%84%91%E1%85%B3%E1%86%AF%E1%84%85%E1%85%A6%E1%84%8B%E1%85%A5-%E1%84%91%E1%85%A2%E1%86%AB%E1%84%8E%E1%85%B3-p03644325.html,https://static.zara.net/assets/public/523b/bd0d/ae5c4e7e8ed0/b069ff2f0846/03644325064-f1/03644325064-f1.jpg?ts=1773317879379,"₩45,900",,,260622,"화이트,블랙",,,,
,false,,ZARA,상의,탑,여성,링클 페이크 매듭 하이넥 니트 탑,https://www.zara.com/kr/ko/%E1%84%85%E1%85%B5%E1%86%BC%E1%84%8F%E1%85%B3%E1%86%AF-%E1%84%8B%E1%85%B5%E1%84%91%E1%85%A6%E1%86%A8%E1%84%90%E1%85%B3-%E1%84%86%E1%85%A2%E1%84%83%E1%85%B3%E1%86%B8-%E1%84%82%E1%85%B5%E1%84%90%E1%85%B3-%E1%84%90%E1%85%A1%E1%86%B8-p02893015.html,https://static.zara.net/assets/public/6278/5bb3/0b3140cd88fc/6a3376ce2b59/02893015081-p/02893015081-p.jpg?ts=1774619600481,"₩55,900",,,260622,"샌드,그레이",,,,
,false,,ZARA,치마,스커트,여성,링클 이펙트 니트 미디 스커트,https://www.zara.com/kr/ko/%E1%84%85%E1%85%B5%E1%86%BC%E1%84%8F%E1%85%B3%E1%86%AF-%E1%84%8B%E1%85%B5%E1%84%91%E1%85%A6%E1%86%A8%E1%84%90%E1%85%B3-%E1%84%82%E1%85%B5%E1%84%90%E1%85%B3-%E1%84%86%E1%85%B5%E1%84%83%E1%85%B5-%E1%84%89%E1%85%B3%E1%84%8F%E1%85%A5%E1%84%90%E1%85%B3-p02893016.html,https://static.zara.net/assets/public/97c5/cc7c/46bd47339453/b7d54295bdef/02893016081-p/02893016081-p.jpg?ts=1774619602982,"₩59,900",,,260622,"샌드,그레이",,,,
,false,,ZARA,상의,셔츠/블라우스,여성,100% 린넨 셔츠 ZW 컬렉션,https://www.zara.com/kr/ko/100-%E1%84%85%E1%85%B5%E1%86%AB%E1%84%82%E1%85%A6%E1%86%AB-%E1%84%89%E1%85%A7%E1%84%8E%E1%85%B3-zw-%E1%84%8F%E1%85%A5%E1%86%AF%E1%84%85%E1%85%A6%E1%86%A8%E1%84%89%E1%85%A7%E1%86%AB-p04786030.html,https://static.zara.net/assets/public/5890/786a/31254a78baa3/bd67117fc8e1/04786030401-p/04786030401-p.jpg?ts=1774279826684,"₩59,900",,,260622,네이비,,,,
,false,,ZARA,바지,슬랙스,여성,100% 리넨 플리츠 팬츠 ZW 컬렉션,https://www.zara.com/kr/ko/100-%E1%84%85%E1%85%B5%E1%84%82%E1%85%A6%E1%86%AB-%E1%84%91%E1%85%B3%E1%86%AF%E1%84%85%E1%85%B5%E1%84%8E%E1%85%B3-%E1%84%91%E1%85%A2%E1%86%AB%E1%84%8E%E1%85%B3-zw-%E1%84%8F%E1%85%A5%E1%86%AF%E1%84%85%E1%85%A6%E1%86%A8%E1%84%89%E1%85%A7%E1%86%AB-p04786093.html,https://static.zara.net/assets/public/d566/1f8b/7a754650a904/62a7d49698ef/04786093401-p/04786093401-p.jpg?ts=1774279830148,"₩89,900",,,260622,네이비,,,,
,false,,ZARA,상의,셔츠/블라우스,여성,플루이드 언밸런스 셔츠,https://www.zara.com/kr/ko/%E1%84%91%E1%85%B3%E1%86%AF%E1%84%85%E1%85%AE%E1%84%8B%E1%85%B5%E1%84%83%E1%85%B3-%E1%84%8B%E1%85%A5%E1%86%AB%E1%84%87%E1%85%A2%E1%86%AF%E1%84%85%E1%85%A5%E1%86%AB%E1%84%89%E1%85%B3-%E1%84%89%E1%85%A7%E1%84%8E%E1%85%B3-p06929069.html,https://static.zara.net/assets/public/db32/62af/1557434da577/d08ffdc3ea53/06929069800-p/06929069800-p.jpg?ts=1777558203972,"₩55,900",,,260622,블랙,,,,
,false,,ZARA,바지,슬랙스,여성,스트링 앵클 루즈 팬츠,https://www.zara.com/kr/ko/%E1%84%81%E1%85%B3%E1%86%AB-%E1%84%85%E1%85%AE%E1%84%8C%E1%85%B3-%E1%84%8B%E1%85%A2%E1%86%BC%E1%84%8F%E1%85%B3%E1%86%AF-%E1%84%91%E1%85%A2%E1%86%AB%E1%84%8E%E1%85%B3-p06929053.html,https://static.zara.net/assets/public/5006/529f/93c1440f8080/435029cd5fb1/06929053800-p/06929053800-p.jpg?ts=1777558203482,"₩55,900",,,260622,블랙,,,,
,false,,ZARA,상의,셔츠/블라우스,여성,100% 린넨 셔츠 ZW 컬렉션,https://www.zara.com/kr/ko/100-%E1%84%85%E1%85%B5%E1%86%AB%E1%84%82%E1%85%A6%E1%86%AB-%E1%84%89%E1%85%A7%E1%84%8E%E1%85%B3-zw-%E1%84%8F%E1%85%A5%E1%86%AF%E1%84%85%E1%85%A6%E1%86%A8%E1%84%89%E1%85%A7%E1%86%AB-p04786030.html,https://static.zara.net/assets/public/d4eb/7b09/cd8748acb3fe/64dbcdcb2d11/04786030620-p/04786030620-p.jpg?ts=1778679902775,"₩59,900",,,260622,로즈핑크,,,,
,false,,ZARA,바지,슬랙스,여성,100% 리넨 플리츠 팬츠 ZW 컬렉션,https://www.zara.com/kr/ko/100-%E1%84%85%E1%85%B5%E1%84%82%E1%85%A6%E1%86%AB-%E1%84%91%E1%85%B3%E1%86%AF%E1%84%85%E1%85%B5%E1%84%8E%E1%85%B3-%E1%84%91%E1%85%A2%E1%86%AB%E1%84%8E%E1%85%B3-zw-%E1%84%8F%E1%85%A5%E1%86%AF%E1%84%85%E1%85%A6%E1%86%A8%E1%84%89%E1%85%A7%E1%86%AB-p04786093.html,https://static.zara.net/assets/public/95ec/a494/63e946b1a5fb/dc4f6b410b6a/04786163620-p/04786163620-p.jpg?ts=1778674043289,"₩89,900",,,260622,로즈핑크,,,,
,false,,ZARA,바지,슬랙스,여성,스트레치 플레어 팬츠,https://www.zara.com/kr/ko/%E1%84%89%E1%85%B5%E1%86%AB%E1%84%8E%E1%85%AE%E1%86%A8%E1%84%89%E1%85%A5%E1%86%BC-%E1%84%91%E1%85%B3%E1%86%AF%E1%84%85%E1%85%A6%E1%84%8B%E1%85%A5-%E1%84%91%E1%85%A2%E1%86%AB%E1%84%8E%E1%85%B3-p05584191.html,https://static.zara.net/assets/public/451f/215d/85ec487fa404/3d02f09f08e2/05584191251-p/05584191251-p.jpg?ts=1745583937888,"₩49,900",,,260622,스크래치 화이트,,,,
,false,,ZARA,바지,슬랙스,여성,린넨 스트레이트 팬츠,https://www.zara.com/kr/ko/%E1%84%85%E1%85%B5%E1%86%AB%E1%84%82%E1%85%A6%E1%86%AB-%E1%84%89%E1%85%B3%E1%84%90%E1%85%B3%E1%84%85%E1%85%A6%E1%84%8B%E1%85%B5%E1%84%90%E1%85%B3-%E1%84%91%E1%85%A2%E1%86%AB%E1%84%8E%E1%85%B3-p08372029.html,https://static.zara.net/assets/public/030e/89b3/90034f3b9689/37c0986867fd/03071352250-001-p/03071352250-001-p.jpg?ts=1781111535740,"₩55,900",,,260622,화이트,,,,
,false,,ZARA,상의,셔츠/블라우스,여성,숄더 패드 페플럼 린넨 셔츠,https://www.zara.com/kr/ko/%E1%84%89%E1%85%AD%E1%86%AF%E1%84%83%E1%85%A5-%E1%84%91%E1%85%A2%E1%84%83%E1%85%B3-%E1%84%91%E1%85%A6%E1%84%91%E1%85%B3%E1%86%AF%E1%84%85%E1%85%A5%E1%86%B7-%E1%84%85%E1%85%B5%E1%86%AB%E1%84%82%E1%85%A6%E1%86%AB-%E1%84%89%E1%85%A7%E1%84%8E%E1%85%B3-p07703454.html,https://static.zara.net/assets/public/09f5/edce/e0bb4c349594/81bc925909fc/07703454405-p/07703454405-p.jpg?ts=1779372753868,"₩55,900",,,260622,인디고,,,,
,false,,ZARA,바지,슬랙스,여성,린넨 배럴 팬츠,https://www.zara.com/kr/ko/%E1%84%85%E1%85%B5%E1%86%AB%E1%84%82%E1%85%A6%E1%86%AB-%E1%84%87%E1%85%A2%E1%84%85%E1%85%A5%E1%86%AF-%E1%84%91%E1%85%A2%E1%86%AB%E1%84%8E%E1%85%B3-p07744454.html,https://static.zara.net/assets/public/e43f/b694/ef564fa2b0f5/937746064713/07744454405-p/07744454405-p.jpg?ts=1779372760064,"₩59,900",,,260622,인디고,,,,
,false,,ZARA,상의,셔츠/블라우스,여성,ZW 컬렉션 100% 린넨 셔츠,https://www.zara.com/kr/ko/100-%E1%84%85%E1%85%B5%E1%86%AB%E1%84%82%E1%85%A6%E1%86%AB-%E1%84%89%E1%85%A7%E1%84%8E%E1%85%B3-zw-%E1%84%8F%E1%85%A5%E1%86%AF%E1%84%85%E1%85%A6%E1%86%A8%E1%84%89%E1%85%A7%E1%86%AB-p04786030.html,https://static.zara.net/assets/public/87c6/4e6d/fa6344139b06/b0e0c6b60410/04786030250-p/04786030250-p.jpg?ts=1774267240122,"₩59,900",,,260622,화이트,,,,
,false,,ZARA,바지,슬랙스,여성,100% 린넨 플리츠 주름 팬츠 ZW 컬렉션,https://www.zara.com/kr/ko/100-%E1%84%85%E1%85%B5%E1%84%82%E1%85%A6%E1%86%AB-%E1%84%91%E1%85%B3%E1%86%AF%E1%84%85%E1%85%B5%E1%84%8E%E1%85%B3-%E1%84%91%E1%85%A2%E1%86%AB%E1%84%8E%E1%85%B3-zw-%E1%84%8F%E1%85%A5%E1%86%AF%E1%84%85%E1%85%A6%E1%86%A8%E1%84%89%E1%85%A7%E1%86%AB-p04786093.html,https://static.zara.net/assets/public/c2f6/83cc/701c4f4eb79e/a16f7064fc6e/04786093250-p/04786093250-p.jpg?ts=1774267240510,"₩89,900",,,260622,화이트,,,,
,false,,ZARA,상의,셔츠/블라우스,여성,쇼트 와이드 슬리브 셔츠,https://www.zara.com/kr/ko/%E1%84%8B%E1%85%AA%E1%84%8B%E1%85%B5%E1%84%83%E1%85%B3-%E1%84%89%E1%85%B3%E1%86%AF%E1%84%85%E1%85%B5%E1%84%87%E1%85%B3-%E1%84%8F%E1%85%B3%E1%84%85%E1%85%A9%E1%86%B8-%E1%84%89%E1%85%A7%E1%84%8E%E1%85%B3-p08372231.html,https://static.zara.net/assets/public/739c/ca24/19b641d8a680/9a82c62fd899/08372231250-p/08372231250-p.jpg?ts=1778835428861,"₩55,900",,,260622,화이트,,,,
,false,,ZARA,바지,버뮤다 팬츠,여성,벨티드 플리츠 버뮤다 팬츠,https://www.zara.com/kr/ko/%E1%84%87%E1%85%A6%E1%86%AF%E1%84%90%E1%85%B5%E1%84%83%E1%85%B3-%E1%84%91%E1%85%B3%E1%86%AF%E1%84%85%E1%85%B5%E1%84%8E%E1%85%B3-%E1%84%87%E1%85%A5%E1%84%86%E1%85%B2%E1%84%83%E1%85%A1-%E1%84%91%E1%85%A2%E1%86%AB%E1%84%8E%E1%85%B3-p08372244.html,https://static.zara.net/assets/public/f644/497b/45b74dbd8043/0c35e038314a/08372244250-f1/08372244250-f1.jpg?ts=1778827891849,"₩55,900",,,260622,화이트,,,,
,false,,ZARA,상의,탑,여성,콤비 니트 탑,https://www.zara.com/kr/ko/%E1%84%8F%E1%85%A9%E1%86%B7%E1%84%87%E1%85%B5-%E1%84%82%E1%85%B5%E1%84%90%E1%85%B3-%E1%84%90%E1%85%A1%E1%86%B8-p09598030.html,https://static.zara.net/assets/public/2caa/24a0/5d9941d4bf6a/f42f8970c30f/09598030052-p/09598030052-p.jpg?ts=1774957905480,"₩59,900",,,260622,라이트 베이지,,,,
,false,,ZARA,치마,스커트,여성,콤비 니트 파레오 스커트,https://www.zara.com/kr/ko/%E1%84%82%E1%85%B5%E1%84%90%E1%85%B3-%E1%84%8F%E1%85%A9%E1%86%B7%E1%84%87%E1%85%B5-%E1%84%91%E1%85%A1%E1%84%85%E1%85%A6%E1%84%8B%E1%85%A9-%E1%84%89%E1%85%B3%E1%84%8F%E1%85%A5%E1%84%90%E1%85%B3-p09598031.html,https://static.zara.net/assets/public/a04c/1fef/b5254e2c8da5/72aabd4c35b9/09598031052-p/09598031052-p.jpg?ts=1774957908726,"₩59,900",,,260622,라이트 베이지,,,,
,false,,ZARA,상의,셔츠/블라우스,여성,펀칭 자수 탑,https://www.zara.com/kr/ko/%E1%84%91%E1%85%A5%E1%86%AB%E1%84%8E%E1%85%B5%E1%86%BC-%E1%84%8C%E1%85%A1%E1%84%89%E1%85%AE-%E1%84%90%E1%85%A1%E1%86%B8-p02914729.html,https://static.zara.net/assets/public/eba3/b1d3/f83e43db9b2c/6b6b1616558b/02914729620-f1/02914729620-f1.jpg?ts=1778147583980,"₩49,900",,,260622,로즈핑크,,,,
,false,,ZARA,바지,슬랙스,여성,펀칭 자수 와이드 팬츠,https://www.zara.com/kr/ko/%E1%84%91%E1%85%A5%E1%86%AB%E1%84%8E%E1%85%B5%E1%86%BC-%E1%84%8C%E1%85%A1%E1%84%89%E1%85%AE-%E1%84%8B%E1%85%AA%E1%84%8B%E1%85%B5%E1%84%83%E1%85%B3-%E1%84%91%E1%85%A2%E1%86%AB%E1%84%8E%E1%85%B3-p02913729.html,https://static.zara.net/assets/public/870d/2866/9c984fe68de5/9ee849e966ee/02913729620-f1/02913729620-f1.jpg?ts=1778147576663,"₩79,900",,,260622,로즈핑크,,,,
,false,,ZARA,상의,셔츠/블라우스,여성,ZW 컬렉션 라미 오버사이즈 셔츠,https://www.zara.com/kr/ko/zw-%E1%84%8F%E1%85%A5%E1%86%AF%E1%84%85%E1%85%A6%E1%86%A8%E1%84%89%E1%85%A7%E1%86%AB-%E1%84%85%E1%85%A1%E1%84%86%E1%85%B5-%E1%84%8B%E1%85%A9%E1%84%87%E1%85%A5%E1%84%89%E1%85%A1%E1%84%8B%E1%85%B5%E1%84%8C%E1%85%B3-%E1%84%89%E1%85%A7%E1%84%8E%E1%85%B3-p04786032.html,https://static.zara.net/assets/public/add6/4558/94894900bdf6/6bacdfa15f3c/04786032700-e1/04786032700-e1.jpg?ts=1773995305730,"₩59,900",,,260622,브라운,,,,
,false,,ZARA,바지,버뮤다 팬츠,여성,ZW 컬렉션 100% 린넨 쇼츠,https://www.zara.com/kr/ko/zw-%E1%84%8F%E1%85%A5%E1%86%AF%E1%84%85%E1%85%A6%E1%86%A8%E1%84%89%E1%85%A7%E1%86%AB-100-%E1%84%85%E1%85%B5%E1%86%AB%E1%84%82%E1%85%A6%E1%86%AB-%E1%84%89%E1%85%AD%E1%84%8E%E1%85%B3-p04344040.html,https://static.zara.net/assets/public/cae1/78be/b947420aaec5/47036912f3fd/04344040700-e1/04344040700-e1.jpg?ts=1774872823521,"₩59,900",,,260622,브라운,,,,
,false,,ZARA,아우터,블레이저,여성,ZW 컬렉션 린넨 스트레이트 블레이저,https://www.zara.com/kr/ko/zw-%E1%84%8F%E1%85%A5%E1%86%AF%E1%84%85%E1%85%A6%E1%86%A8%E1%84%89%E1%85%A7%E1%86%AB-%E1%84%85%E1%85%B5%E1%86%AB%E1%84%82%E1%85%A6%E1%86%AB-%E1%84%89%E1%85%B3%E1%84%90%E1%85%B3%E1%84%85%E1%85%A6%E1%84%8B%E1%85%B5%E1%84%90%E1%85%B3-%E1%84%87%E1%85%B3%E1%86%AF%E1%84%85%E1%85%A6%E1%84%8B%E1%85%B5%E1%84%8C%E1%85%A5-p02785032.html,https://static.zara.net/assets/public/b6c4/e457/afb346e7af5c/1a9ce159d9e6/02785032802-f1/02785032802-f1.jpg?ts=1777547709299,"₩189,900",,,260622,그레이,,,,
,false,,ZARA,바지,슬랙스,여성,ZW 컬렉션 린넨 와이드 팬츠,https://www.zara.com/kr/ko/zw-%E1%84%8F%E1%85%A5%E1%86%AF%E1%84%85%E1%85%A6%E1%86%A8%E1%84%89%E1%85%A7%E1%86%AB-%E1%84%85%E1%85%B5%E1%86%AB%E1%84%82%E1%85%A6%E1%86%AB-%E1%84%8B%E1%85%AA%E1%84%8B%E1%85%B5%E1%84%83%E1%85%B3-%E1%84%91%E1%85%A2%E1%86%AB%E1%84%8E%E1%85%B3-p01949032.html,https://static.zara.net/assets/public/05f8/dfd7/024948c1aae7/e48e84d8d905/01949032802-f1/01949032802-f1.jpg?ts=1777540833601,"₩129,900",,,260622,그레이,,,,
,false,,ZARA,상의,티셔츠,여성,버클 트임 티셔츠,https://www.zara.com/kr/ko/%E1%84%87%E1%85%A5%E1%84%8F%E1%85%B3%E1%86%AF-%E1%84%90%E1%85%B3%E1%84%8B%E1%85%B5%E1%86%B7-%E1%84%90%E1%85%B5%E1%84%89%E1%85%A7%E1%84%8E%E1%85%B3-p04174048.html,https://static.zara.net/assets/public/eaa6/b54b/04344269bbee/1ec76cceba6e/04174048710-p/04174048710-p.jpg?ts=1772470841512,"₩29,900",,,260622,베이지,,,,
,false,,ZARA,바지,슬랙스,여성,스트레이트 드로스트링 팬츠,https://www.zara.com/kr/ko/%E1%84%89%E1%85%B3%E1%84%90%E1%85%B3%E1%84%85%E1%85%A6%E1%84%8B%E1%85%B5%E1%84%90%E1%85%B3-%E1%84%83%E1%85%B3%E1%84%85%E1%85%A9%E1%84%89%E1%85%B3%E1%84%90%E1%85%B3%E1%84%85%E1%85%B5%E1%86%BC-%E1%84%91%E1%85%A2%E1%86%AB%E1%84%8E%E1%85%B3-p04174049.html,https://static.zara.net/assets/public/219f/3cc3/72c644dbbf0a/1352ed29cbae/04174049710-p/04174049710-p.jpg?ts=1772470845561,"₩49,900",,,260622,베이지,,,,
,false,,ZARA,아우터,블레이저,여성,벨트 린넨 사파리 재킷,https://www.zara.com/kr/ko/%E1%84%87%E1%85%A6%E1%86%AF%E1%84%90%E1%85%B3-%E1%84%85%E1%85%B5%E1%86%AB%E1%84%82%E1%85%A6%E1%86%AB-%E1%84%89%E1%85%A1%E1%84%91%E1%85%A1%E1%84%85%E1%85%B5-%E1%84%8C%E1%85%A2%E1%84%8F%E1%85%B5%E1%86%BA-p03046191.html,https://static.zara.net/assets/public/62ea/87a0/82a944c291f1/8e1825f3527b/03046191401-p/03046191401-p.jpg?ts=1776094403442,"₩59,900",,,260622,네이비,,,,
,false,,ZARA,바지,슬랙스,여성,린넨 사파리 팬츠,https://www.zara.com/kr/ko/%E1%84%85%E1%85%B5%E1%86%AB%E1%84%82%E1%85%A6%E1%86%AB-%E1%84%89%E1%85%A1%E1%84%91%E1%85%A1%E1%84%85%E1%85%B5-%E1%84%91%E1%85%A2%E1%86%AB%E1%84%8E%E1%85%B3-p03046091.html,https://static.zara.net/assets/public/db02/cf05/7591494aa594/75cec7ea19b1/03046091401-p/03046091401-p.jpg?ts=1776094400456,"₩57,900",,,260622,네이비,,,,
,false,,ZARA,상의,탑,여성,러스틱 케이프 슬리브 탑,https://www.zara.com/kr/ko/%E1%84%85%E1%85%A5%E1%84%89%E1%85%B3%E1%84%90%E1%85%B5%E1%86%A8-%E1%84%8F%E1%85%A6%E1%84%8B%E1%85%B5%E1%84%91%E1%85%B3-%E1%84%89%E1%85%B3%E1%86%AF%E1%84%85%E1%85%B5%E1%84%87%E1%85%B3-%E1%84%90%E1%85%A1%E1%86%B8-p01058142.html,https://static.zara.net/assets/public/c0d9/8281/4451490db43c/041ca13e576e/01058842306-p/01058842306-p.jpg?ts=1779793903190,"₩39,900",,,260622,라이트 옐로우,,,,
,false,,ZARA,바지,슬랙스,여성,러스틱 와이드 레그 팬츠,https://www.zara.com/kr/ko/%E1%84%85%E1%85%A5%E1%84%89%E1%85%B3%E1%84%90%E1%85%B5%E1%86%A8-%E1%84%8B%E1%85%AA%E1%84%8B%E1%85%B5%E1%84%83%E1%85%B3-%E1%84%85%E1%85%A6%E1%84%80%E1%85%B3-%E1%84%91%E1%85%A2%E1%86%AB%E1%84%8E%E1%85%B3-p01058143.html,https://static.zara.net/assets/public/de6a/119c/1fab4cd2a0d8/18fe0b1bdf85/01058843306-f1/01058843306-f1.jpg?ts=1779865171016,"₩45,900",,,260622,라이트 옐로우,,,,
,false,,ZARA,상의,셔츠/블라우스,여성,프릴 깅엄 체크 탑,https://www.zara.com/kr/ko/%E1%84%80%E1%85%B5%E1%86%BC%E1%84%8B%E1%85%A5%E1%86%B7-%E1%84%8E%E1%85%A6%E1%84%8F%E1%85%B3-%E1%84%89%E1%85%A7%E1%84%85%E1%85%B5%E1%86%BC-%E1%84%90%E1%85%A1%E1%86%B8-p03564105.html,https://static.zara.net/assets/public/aa92/1275/cda14138bc2f/fab870122a6a/03564105061-p/03564105061-p.jpg?ts=1779372747741,"₩55,900",,,260622,"화이트,레드",,,,
,false,,ZARA,바지,슬랙스,여성,깅엄체크 와이드 팬츠,https://www.zara.com/kr/ko/%E1%84%80%E1%85%B5%E1%86%BC%E1%84%8B%E1%85%A5%E1%86%B7%E1%84%8E%E1%85%A6%E1%84%8F%E1%85%B3-%E1%84%8B%E1%85%AA%E1%84%8B%E1%85%B5%E1%84%83%E1%85%B3-%E1%84%91%E1%85%A2%E1%86%AB%E1%84%8E%E1%85%B3-p03564106.html,https://static.zara.net/assets/public/8ace/6ec6/838547c1b3b8/6b6c0a38ff80/03564106061-p/03564106061-p.jpg?ts=1779372754460,"₩55,900",,,260622,"화이트,레드",,,,
,false,,ZARA,기타,SWEATSHIRT,여성,크롭 지퍼 스웨트셔츠,https://www.zara.com/kr/ko/%E1%84%8F%E1%85%B3%E1%84%85%E1%85%A9%E1%86%B8-%E1%84%8C%E1%85%B5%E1%84%91%E1%85%A5-%E1%84%89%E1%85%B3%E1%84%8B%E1%85%B0%E1%84%90%E1%85%B3%E1%84%89%E1%85%A7%E1%84%8E%E1%85%B3-p02615305.html,https://static.zara.net/assets/public/9cdc/0687/56674cb9a490/a44f3e71bcfc/02615305800-f1/02615305800-f1.jpg?ts=1777902669224,"₩49,900",,,260622,블랙,,,,
,false,,ZARA,바지,반바지,여성,미니 쇼츠,https://www.zara.com/kr/ko/%E1%84%86%E1%85%B5%E1%84%82%E1%85%B5-%E1%84%89%E1%85%AD%E1%84%8E%E1%85%B3-p02615306.html,https://static.zara.net/assets/public/3798/850c/5e1b4c7db37d/2b3a9dc108f5/02615306800-f1/02615306800-f1.jpg?ts=1777902661136,"₩35,900",,,260622,블랙,,,,
,false,,ZARA,원피스,원피스,여성,린넨 롱 캐미솔 탑,https://www.zara.com/kr/ko/%E1%84%85%E1%85%B5%E1%86%AB%E1%84%82%E1%85%A6%E1%86%AB-%E1%84%85%E1%85%A9%E1%86%BC-%E1%84%8F%E1%85%A2%E1%84%86%E1%85%B5%E1%84%89%E1%85%A9%E1%86%AF-%E1%84%90%E1%85%A1%E1%86%B8-p03666097.html,https://static.zara.net/assets/public/8661/21a7/d90b41d9bad1/98b1c53cf3c2/03666097807-f1/03666097807-f1.jpg?ts=1780642850756,"₩57,900",,,260622,콜 그레이,,,,
,false,,ZARA,바지,슬랙스,여성,레이스 린넨 스트레이트 팬츠,https://www.zara.com/kr/ko/%E1%84%85%E1%85%A6%E1%84%8B%E1%85%B5%E1%84%89%E1%85%B3-%E1%84%85%E1%85%B5%E1%86%AB%E1%84%82%E1%85%A6%E1%86%AB-%E1%84%89%E1%85%B3%E1%84%90%E1%85%B3%E1%84%85%E1%85%A6%E1%84%8B%E1%85%B5%E1%84%90%E1%85%B3-%E1%84%91%E1%85%A2%E1%86%AB%E1%84%8E%E1%85%B3-p03666098.html,https://static.zara.net/assets/public/b250/cb04/1ff04a6b8e0b/2edde4842404/03666098807-f1/03666098807-f1.jpg?ts=1780648833330,"₩59,900",,,260622,콜 그레이,,,,
,false,,ZARA,상의,셔츠/블라우스,여성,와이드 슬리브 크롭 셔츠,https://www.zara.com/kr/ko/%E1%84%8B%E1%85%AA%E1%84%8B%E1%85%B5%E1%84%83%E1%85%B3-%E1%84%89%E1%85%B3%E1%86%AF%E1%84%85%E1%85%B5%E1%84%87%E1%85%B3-%E1%84%8F%E1%85%B3%E1%84%85%E1%85%A9%E1%86%B8-%E1%84%89%E1%85%A7%E1%84%8E%E1%85%B3-p08372231.html,https://static.zara.net/assets/public/4dd5/675f/c62346dc8d87/6508ac8bf203/08372231710-f1/08372231710-f1.jpg?ts=1778826269842,"₩55,900",,,260622,베이지,,,,
,false,,ZARA,바지,버뮤다 팬츠,여성,벨티드 플리츠 버뮤다 팬츠,https://www.zara.com/kr/ko/%E1%84%87%E1%85%A6%E1%86%AF%E1%84%90%E1%85%B5%E1%84%83%E1%85%B3-%E1%84%91%E1%85%B3%E1%86%AF%E1%84%85%E1%85%B5%E1%84%8E%E1%85%B3-%E1%84%87%E1%85%A5%E1%84%86%E1%85%B2%E1%84%83%E1%85%A1-%E1%84%91%E1%85%A2%E1%86%AB%E1%84%8E%E1%85%B3-p08372244.html,https://static.zara.net/assets/public/0cf1/3984/75fd4f7caa38/abea3f4debae/08372244710-f1/08372244710-f1.jpg?ts=1778827879926,"₩55,900",,,260622,베이지,,,,
,false,,ZARA,상의,니트,여성,버튼 긴소매 재킷,https://www.zara.com/kr/ko/%E1%84%80%E1%85%B5%E1%86%AB%E1%84%89%E1%85%A9%E1%84%86%E1%85%A2-%E1%84%87%E1%85%A5%E1%84%90%E1%85%B3%E1%86%AB-%E1%84%8C%E1%85%A2%E1%84%8F%E1%85%B5%E1%86%BA-p05039017.html,https://static.zara.net/assets/public/b846/a951/4e4d49b8b2bc/d6d8bf2e9d68/05039017450-p/05039017450-p.jpg?ts=1772470856851,"₩45,900",,,260622,베이지,,,,
,false,,ZARA,치마,스커트,여성,스트레이트 롱 스커트,https://www.zara.com/kr/ko/%E1%84%89%E1%85%B3%E1%84%90%E1%85%B3%E1%84%85%E1%85%A6%E1%84%8B%E1%85%B5%E1%84%90%E1%85%B3-%E1%84%85%E1%85%A9%E1%86%BC-%E1%84%89%E1%85%B3%E1%84%8F%E1%85%A5%E1%84%90%E1%85%B3-p05039018.html,https://static.zara.net/assets/public/ab9c/68a3/1636475983a1/bd3f04b52e52/05039018450-p/05039018450-p.jpg?ts=1772470861431,"₩45,900",,,260622,베이지,,,,
,false,,ZARA,상의,탑,여성,토글 버튼 스트랩 탑,https://www.zara.com/kr/ko/%E1%84%90%E1%85%A9%E1%84%80%E1%85%B3%E1%86%AF-%E1%84%89%E1%85%B3%E1%84%90%E1%85%B3%E1%84%85%E1%85%A2%E1%86%B8-%E1%84%90%E1%85%A1%E1%86%B8-p05584215.html,https://static.zara.net/assets/public/e859/d811/49a444c68c0e/4d1246ca30c7/05584215251-p/05584215251-p.jpg?ts=1779718386384,"₩45,900",,,260622,스크래치 화이트,,,,
,false,,ZARA,바지,슬랙스,여성,스트레치 플레어 팬츠,https://www.zara.com/kr/ko/%E1%84%89%E1%85%B5%E1%86%AB%E1%84%8E%E1%85%AE%E1%86%A8%E1%84%89%E1%85%A5%E1%86%BC-%E1%84%91%E1%85%B3%E1%86%AF%E1%84%85%E1%85%A6%E1%84%8B%E1%85%A5-%E1%84%91%E1%85%A2%E1%86%AB%E1%84%8E%E1%85%B3-p05584191.html,https://static.zara.net/assets/public/4a5f/af87/403b49609863/13eb81aa0dcf/05584191251-f1/05584191251-f1.jpg?ts=1779721528792,"₩49,900",,,260622,스크래치 화이트,,,,
,false,,ZARA,바지,슬랙스,여성,콘트라스트 웨이스트 스트레이트 팬츠,https://www.zara.com/kr/ko/%E1%84%8F%E1%85%A9%E1%86%AB%E1%84%90%E1%85%B3%E1%84%85%E1%85%A1%E1%84%89%E1%85%B3%E1%84%90%E1%85%B3-%E1%84%8B%E1%85%B0%E1%84%8B%E1%85%B5%E1%84%89%E1%85%B3%E1%84%90%E1%85%B3-%E1%84%89%E1%85%B3%E1%84%90%E1%85%B3%E1%84%85%E1%85%A6%E1%84%8B%E1%85%B5%E1%84%90%E1%85%B3-%E1%84%91%E1%85%A2%E1%86%AB%E1%84%8E%E1%85%B3-p08316595.html,https://static.zara.net/assets/public/b186/03b1/55064684b5ac/bb73d8a4d80f/08316595401-p/08316595401-p.jpg?ts=1772641980318,"₩59,900",,,260622,네이비,,,,
,false,,ZARA,아우터,블레이저,여성,ZW 컬렉션 플리츠 블레이저,https://www.zara.com/kr/ko/zw-%E1%84%8F%E1%85%A5%E1%86%AF%E1%84%85%E1%85%A6%E1%86%A8%E1%84%89%E1%85%A7%E1%86%AB-%E1%84%91%E1%85%B3%E1%86%AF%E1%84%85%E1%85%B5%E1%84%8E%E1%85%B3-%E1%84%87%E1%85%B3%E1%86%AF%E1%84%85%E1%85%A6%E1%84%8B%E1%85%B5%E1%84%8C%E1%85%A5-p02770948.html,https://static.zara.net/assets/public/333f/dab3/64c148619ca3/58cf03598e6a/02770948710-f1/02770948710-f1.jpg?ts=1777305493322,"₩189,900",,,260622,베이지,,,,
,false,,ZARA,바지,슬랙스,여성,ZW 컬렉션 콘트라스트 스티치 스트레이트 팬츠,https://www.zara.com/kr/ko/zw-%E1%84%8F%E1%85%A5%E1%86%AF%E1%84%85%E1%85%A6%E1%86%A8%E1%84%89%E1%85%A7%E1%86%AB-%E1%84%8F%E1%85%A9%E1%86%AB%E1%84%90%E1%85%B3%E1%84%85%E1%85%A1%E1%84%89%E1%85%B3%E1%84%90%E1%85%B3-%E1%84%89%E1%85%B3%E1%84%90%E1%85%B5%E1%84%8E%E1%85%B5-%E1%84%89%E1%85%B3%E1%84%90%E1%85%B3%E1%84%85%E1%85%A6%E1%84%8B%E1%85%B5%E1%84%90%E1%85%B3-%E1%84%91%E1%85%A2%E1%86%AB%E1%84%8E%E1%85%B3-p01947948.html,https://static.zara.net/assets/public/b3f8/9b07/0dbd4c3795b4/23e906ec6d3c/01947948710-f1/01947948710-f1.jpg?ts=1777305484214,"₩129,900",,,260622,베이지,,,,
,false,,ZARA,상의,셔츠/블라우스,여성,루즈핏 크로스오버 탑,https://www.zara.com/kr/ko/%E1%84%85%E1%85%AE%E1%84%8C%E1%85%B3%E1%84%91%E1%85%B5%E1%86%BA-%E1%84%8F%E1%85%B3%E1%84%85%E1%85%A9%E1%84%89%E1%85%B3%E1%84%8B%E1%85%A9%E1%84%87%E1%85%A5-%E1%84%90%E1%85%A1%E1%86%B8-p03897122.html,https://static.zara.net/assets/public/8cb0/121f/9e304b15aaab/20ea4d6d3113/03897122251-f1/03897122251-f1.jpg?ts=1779378209862,"₩55,900",,,260622,스크래치 화이트,,,,
,false,,ZARA,치마,스커트,여성,크로스 파레오 팬츠,https://www.zara.com/kr/ko/%E1%84%8F%E1%85%B3%E1%84%85%E1%85%A9%E1%84%89%E1%85%B3-%E1%84%91%E1%85%A1%E1%84%85%E1%85%A6%E1%84%8B%E1%85%A9-%E1%84%91%E1%85%A2%E1%86%AB%E1%84%8E%E1%85%B3-p03897123.html,https://static.zara.net/assets/public/30b7/3156/01d74b5a8dbb/ae9d9eb5e0a0/03897123251-p/03897123251-p.jpg?ts=1779441918987,"₩79,900",,,260622,스크래치 화이트,,,,
,false,,ZARA,상의,셔츠/블라우스,여성,ZW 컬렉션 100% 린넨 코드 탑,https://www.zara.com/kr/ko/zw-%E1%84%8F%E1%85%A5%E1%86%AF%E1%84%85%E1%85%A6%E1%86%A8%E1%84%89%E1%85%A7%E1%86%AB-100-%E1%84%85%E1%85%B5%E1%84%82%E1%85%A6%E1%86%AB-%E1%84%8F%E1%85%A9%E1%84%83%E1%85%B3-%E1%84%90%E1%85%A1%E1%86%B8-p05344016.html,https://static.zara.net/assets/public/54d0/8183/3e534c828e7b/f8a3956b3a17/05344016800-e1/05344016800-e1.jpg?ts=1774951352932,"₩59,900",,,260622,블랙,,,,
,false,,ZARA,바지,슬랙스,여성,ZW 컬렉션 100% 린넨 슬릿 팬츠,https://www.zara.com/kr/ko/zw-%E1%84%8F%E1%85%A5%E1%86%AF%E1%84%85%E1%85%A6%E1%86%A8%E1%84%89%E1%85%A7%E1%86%AB-100-%E1%84%85%E1%85%B5%E1%84%82%E1%85%A6%E1%86%AB-%E1%84%89%E1%85%B3%E1%86%AF%E1%84%85%E1%85%B5%E1%86%BA-%E1%84%91%E1%85%A2%E1%86%AB%E1%84%8E%E1%85%B3-p01936334.html,https://static.zara.net/assets/public/4ce3/9b66/b678411b8b18/a525596279da/04344041800-e1/04344041800-e1.jpg?ts=1774948149918,"₩79,900",,,260622,블랙,,,,
,false,,ZARA,상의,탑,여성,러스틱 언밸런스 탑,https://www.zara.com/kr/ko/%E1%84%85%E1%85%A5%E1%84%89%E1%85%B3%E1%84%90%E1%85%B5%E1%86%A8-%E1%84%8B%E1%85%A5%E1%86%AB%E1%84%87%E1%85%A2%E1%86%AF%E1%84%85%E1%85%A5%E1%86%AB%E1%84%89%E1%85%B3-%E1%84%90%E1%85%A1%E1%86%B8-p02298006.html,https://static.zara.net/assets/public/9fd2/fc4e/da8e402d8b66/e8b76f87dfb2/02298006807-f1/02298006807-f1.jpg?ts=1773849201433,"₩35,900",,,260622,콜 그레이,,,,
,false,,ZARA,바지,슬랙스,여성,스트레이트 러스틱 팬츠,https://www.zara.com/kr/ko/%E1%84%89%E1%85%B3%E1%84%90%E1%85%B3%E1%84%85%E1%85%A6%E1%84%8B%E1%85%B5%E1%84%90%E1%85%B3-%E1%84%85%E1%85%A5%E1%84%89%E1%85%B3%E1%84%90%E1%85%B5%E1%86%A8-%E1%84%91%E1%85%A2%E1%86%AB%E1%84%8E%E1%85%B3-p02298007.html,https://static.zara.net/assets/public/aef5/be20/462a4066b608/a2ef063030f3/02298007807-f1/02298007807-f1.jpg?ts=1774008472160,"₩45,900",,,260622,콜 그레이,,,,
,false,,ZARA,아우터,블레이저,여성,ZW 컬렉션 울 타이트핏 블레이저,https://www.zara.com/kr/ko/zw-%E1%84%8F%E1%85%A5%E1%86%AF%E1%84%85%E1%85%A6%E1%86%A8%E1%84%89%E1%85%A7%E1%86%AB-%E1%84%8B%E1%85%AE%E1%86%AF-%E1%84%90%E1%85%A1%E1%84%8B%E1%85%B5%E1%84%90%E1%85%B3%E1%84%91%E1%85%B5%E1%86%BA-%E1%84%87%E1%85%B3%E1%86%AF%E1%84%85%E1%85%A6%E1%84%8B%E1%85%B5%E1%84%8C%E1%85%A5-p02019700.html,https://static.zara.net/assets/public/81ac/7399/bca944ec9e15/e1b4df3166a9/02019700710-f1/02019700710-f1.jpg?ts=1769027221281,"₩209,900",,,260622,베이지,,,,
,false,,ZARA,바지,슬랙스,여성,ZW 컬렉션 울 핀턱 팬츠,https://www.zara.com/kr/ko/zw-%E1%84%8F%E1%85%A5%E1%86%AF%E1%84%85%E1%85%A6%E1%86%A8%E1%84%89%E1%85%A7%E1%86%AB-%E1%84%8B%E1%85%AE%E1%86%AF-%E1%84%91%E1%85%B5%E1%86%AB%E1%84%90%E1%85%A5%E1%86%A8-%E1%84%91%E1%85%A2%E1%86%AB%E1%84%8E%E1%85%B3-p02042700.html,https://static.zara.net/assets/public/0f26/2523/6bfa4f169f7d/205f61ca8347/02042700710-p/02042700710-p.jpg?ts=1768324848781,"₩129,900",,,260622,베이지,,,,
,false,,ZARA,아우터,블레이저,여성,100% 린넨 헤링본 타이트핏 블레이저,https://www.zara.com/kr/ko/100-%E1%84%85%E1%85%B5%E1%86%AB%E1%84%82%E1%85%A6%E1%86%AB-%E1%84%92%E1%85%A6%E1%84%85%E1%85%B5%E1%86%BC%E1%84%87%E1%85%A9%E1%86%AB-%E1%84%90%E1%85%A1%E1%84%8B%E1%85%B5%E1%84%90%E1%85%B3%E1%84%91%E1%85%B5%E1%86%BA-%E1%84%87%E1%85%B3%E1%86%AF%E1%84%85%E1%85%A6%E1%84%8B%E1%85%B5%E1%84%8C%E1%85%A5-p02633808.html,https://static.zara.net/assets/public/c502/b264/150e43edb0d4/1cf22455df53/02633808405-f1/02633808405-f1.jpg?ts=1772790386066,"₩129,900",,,260622,인디고,,,,
,false,,ZARA,바지,슬랙스,여성,헤링본 100% 린넨 팬츠,https://www.zara.com/kr/ko/100-%E1%84%85%E1%85%B5%E1%86%AB%E1%84%82%E1%85%A6%E1%86%AB-%E1%84%92%E1%85%A6%E1%84%85%E1%85%B5%E1%86%BC%E1%84%87%E1%85%A9%E1%86%AB-%E1%84%91%E1%85%A2%E1%86%AB%E1%84%8E%E1%85%B3-p02621808.html,https://static.zara.net/assets/public/0346/e010/91a74ae58e78/dea239007617/02621808405-f1/02621808405-f1.jpg?ts=1772701576047,"₩89,900",,,260622,인디고,,,,
,false,,ZARA,상의,셔츠/블라우스,여성,펀칭 자수 셔링 탑,https://www.zara.com/kr/ko/%E1%84%91%E1%85%A5%E1%86%AB%E1%84%8E%E1%85%B5%E1%86%BC-%E1%84%8C%E1%85%A1%E1%84%89%E1%85%AE-%E1%84%89%E1%85%A7%E1%84%85%E1%85%B5%E1%86%BC-%E1%84%90%E1%85%A1%E1%86%B8-p02346664.html,https://static.zara.net/assets/public/1ced/39fa/b2754082aa07/c33993b36310/02346664250-p/02346664250-p.jpg?ts=1779372566286,"₩59,900",,,260622,화이트,,,,
,false,,ZARA,치마,스커트,여성,펀칭 자수 미디 스커트,https://www.zara.com/kr/ko/%E1%84%91%E1%85%A5%E1%86%AB%E1%84%8E%E1%85%B5%E1%86%BC-%E1%84%8C%E1%85%A1%E1%84%89%E1%85%AE-%E1%84%86%E1%85%B5%E1%84%83%E1%85%B5-%E1%84%89%E1%85%B3%E1%84%8F%E1%85%A5%E1%84%90%E1%85%B3-p02347664.html,https://static.zara.net/assets/public/1b3a/6a6f/d7ee43cbabcd/835bda73085b/02347664250-f1/02347664250-f1.jpg?ts=1779291254222,"₩79,900",,,260622,화이트,,,,
,false,,ZARA,상의,탑,여성,스터드 오프숄더 탑,https://www.zara.com/kr/ko/%E1%84%89%E1%85%B3%E1%84%90%E1%85%A5%E1%84%83%E1%85%B3-%E1%84%8B%E1%85%A9%E1%84%91%E1%85%B3%E1%84%89%E1%85%AD%E1%86%AF%E1%84%83%E1%85%A5-%E1%84%90%E1%85%A1%E1%86%B8-p04344303.html,https://static.zara.net/assets/public/b979/8a95/be27424bbade/eaa471d8279f/04344303802-p/04344303802-p.jpg?ts=1774966559241,"₩45,900",,,260622,그레이,,,,
,false,,ZARA,치마,스커트,여성,스터드 미니 스커트,https://www.zara.com/kr/ko/%E1%84%89%E1%85%B3%E1%84%90%E1%85%A5%E1%84%83%E1%85%B3-%E1%84%86%E1%85%B5%E1%84%82%E1%85%B5-%E1%84%89%E1%85%B3%E1%84%8F%E1%85%A5%E1%84%90%E1%85%B3-p04344300.html,https://static.zara.net/assets/public/e3db/3e14/570b40fb8566/829b7a034661/04344300802-p/04344300802-p.jpg?ts=1774966554448,"₩49,900",,,260622,그레이,,,,
,false,,ZARA,상의,탑,여성,쇼트 슬리브 컷아웃 탑,https://www.zara.com/kr/ko/%E1%84%89%E1%85%AD%E1%84%90%E1%85%B3-%E1%84%89%E1%85%B3%E1%86%AF%E1%84%85%E1%85%B5%E1%84%87%E1%85%B3-%E1%84%8F%E1%85%A5%E1%86%BA%E1%84%8B%E1%85%A1%E1%84%8B%E1%85%AE%E1%86%BA-%E1%84%90%E1%85%A1%E1%86%B8-p05584262.html,https://static.zara.net/assets/public/1751/2b39/51f1481980fa/0a48da8d1c33/05584262712-f1/05584262712-f1.jpg?ts=1773139053288,"₩45,900",,,260622,크림,,,,
,false,,ZARA,바지,슬랙스,여성,스트레치 와이드 팬츠,https://www.zara.com/kr/ko/%E1%84%89%E1%85%B3%E1%84%90%E1%85%B3%E1%84%85%E1%85%A6%E1%84%8E%E1%85%B5-%E1%84%8B%E1%85%AA%E1%84%8B%E1%85%B5%E1%84%83%E1%85%B3-%E1%84%91%E1%85%A2%E1%86%AB%E1%84%8E%E1%85%B3-p05584263.html,https://static.zara.net/assets/public/f4b4/3b83/77d54cbbbc74/4a313f2a5168/05584262712-p/05584262712-p.jpg?ts=1780648837502,"₩49,900",,,260622,크림,,,,
,false,,ZARA,기타,WAISTCOAT,여성,Z1975 웨이브 마감 탑,https://www.zara.com/kr/ko/z1975-%E1%84%8B%E1%85%B0%E1%84%8B%E1%85%B5%E1%84%87%E1%85%B3-%E1%84%86%E1%85%A1%E1%84%80%E1%85%A1%E1%86%B7-%E1%84%90%E1%85%A1%E1%86%B8-p07484153.html,https://static.zara.net/assets/public/a891/b729/fbde4c4ea69b/eed5a08c3b25/07484153250-f1/07484153250-f1.jpg?ts=1779877195303,"₩57,900",,,260622,화이트,,,,
,false,,ZARA,치마,스커트,여성,Z1975 웨이브 밑단 데님 스커트 팬츠,https://www.zara.com/kr/ko/z1975-%E1%84%8B%E1%85%B0%E1%84%8B%E1%85%B5%E1%84%87%E1%85%B3-%E1%84%86%E1%85%B5%E1%87%80%E1%84%83%E1%85%A1%E1%86%AB-%E1%84%83%E1%85%A6%E1%84%82%E1%85%B5%E1%86%B7-%E1%84%89%E1%85%B3%E1%84%8F%E1%85%A5%E1%84%90%E1%85%B3-%E1%84%91%E1%85%A2%E1%86%AB%E1%84%8E%E1%85%B3-p09942077.html,https://static.zara.net/assets/public/8994/2165/419d422c8cac/ea0876785e4e/09942077250-f1/09942077250-f1.jpg?ts=1779720391899,"₩55,900",,,260622,화이트,,,,
,false,,ZARA,상의,셔츠/블라우스,여성,ZW 컬렉션 린넨 자수 셔츠,https://www.zara.com/kr/ko/zw-%E1%84%8F%E1%85%A5%E1%86%AF%E1%84%85%E1%85%A6%E1%86%A8%E1%84%89%E1%85%A7%E1%86%AB-%E1%84%85%E1%85%B5%E1%86%AB%E1%84%82%E1%85%A6%E1%86%AB-%E1%84%8C%E1%85%A1%E1%84%89%E1%85%AE-%E1%84%89%E1%85%A7%E1%84%8E%E1%85%B3-p04786148.html,https://static.zara.net/assets/public/11ac/8a93/3da8466f9325/221246c6d86a/04786148250-p/04786148250-p.jpg?ts=1779362930871,"₩89,900",,,260622,화이트,,,,
,false,,ZARA,바지,버뮤다 팬츠,여성,ZW 컬렉션 린넨 자수 쇼츠,https://www.zara.com/kr/ko/zw-%E1%84%8F%E1%85%A5%E1%86%AF%E1%84%85%E1%85%A6%E1%86%A8%E1%84%89%E1%85%A7%E1%86%AB-%E1%84%85%E1%85%B5%E1%86%AB%E1%84%82%E1%85%A6%E1%86%AB-%E1%84%8C%E1%85%A1%E1%84%89%E1%85%AE-%E1%84%89%E1%85%AD%E1%84%8E%E1%85%B3-p04786159.html,https://static.zara.net/assets/public/30c8/9a71/7add4e50939d/4209e15d9ff8/04786159251-p/04786159251-p.jpg?ts=1779362941737,"₩79,900",,,260622,스크래치 화이트,,,,
,false,,ZARA,상의,티셔츠,여성,워싱 이펙트 러스틱 탑,https://www.zara.com/kr/ko/%E1%84%8B%E1%85%AF%E1%84%89%E1%85%B5%E1%86%BC-%E1%84%8B%E1%85%B5%E1%84%91%E1%85%A6%E1%86%A8%E1%84%90%E1%85%B3-%E1%84%85%E1%85%A5%E1%84%89%E1%85%B3%E1%84%90%E1%85%B5%E1%86%A8-%E1%84%90%E1%85%A1%E1%86%B8-p06145055.html,https://static.zara.net/assets/public/d1fa/d6eb/24024989a37d/174c2e81e0aa/06145055731-f1/06145055731-f1.jpg?ts=1770653649621,"₩21,900",,,260622,다크 베이지,,,,
,false,,ZARA,바지,슬랙스,여성,페이크 워싱 플러시 팬츠,https://www.zara.com/kr/ko/%E1%84%91%E1%85%A6%E1%84%8B%E1%85%B5%E1%84%8F%E1%85%B3-%E1%84%8B%E1%85%AF%E1%84%89%E1%85%B5%E1%86%BC-%E1%84%91%E1%85%B3%E1%86%AF%E1%84%85%E1%85%A5%E1%84%89%E1%85%B5-%E1%84%91%E1%85%A2%E1%86%AB%E1%84%8E%E1%85%B3-p06145054.html,https://static.zara.net/assets/public/7546/f9d0/71a04ffe8608/a5e18cc6e6f7/06145054731-f1/06145054731-f1.jpg?ts=1770653688188,"₩55,900",,,260622,다크 베이지,,,,
,false,,ZARA,기타,WAISTCOAT,여성,비대칭 버튼 베스트,https://www.zara.com/kr/ko/%E1%84%87%E1%85%B5%E1%84%83%E1%85%A2%E1%84%8E%E1%85%B5%E1%86%BC-%E1%84%87%E1%85%A6%E1%84%89%E1%85%B3%E1%84%90%E1%85%B3-p01608150.html,https://static.zara.net/assets/public/dc49/b808/0c0442db9d6c/dab2960c4957/01608321800-p/01608321800-p.jpg?ts=1772543678593,"₩59,900",,,260622,블랙,,,,
,false,,ZARA,바지,슬랙스,여성,플랫 프론트 캐럿 팬츠,https://www.zara.com/kr/ko/%E1%84%91%E1%85%B3%E1%86%AF%E1%84%85%E1%85%B5%E1%84%8E%E1%85%B3-%E1%84%8F%E1%85%A2%E1%84%85%E1%85%A9%E1%86%BA-%E1%84%91%E1%85%A2%E1%86%AB%E1%84%8E%E1%85%B3-p01608050.html,https://static.zara.net/assets/public/f823/d26e/1a024ff79da0/3f5598ef3b50/01608221800-p/01608221800-p.jpg?ts=1772543654941,"₩59,900",,,260622,블랙,,,,
,false,,ZARA,상의,셔츠/블라우스,여성,CREATED BY CARAMEL LONDON X ZARA 100% 실크 탑,https://www.zara.com/kr/ko/caramel-london-x-zara-100-%E1%84%89%E1%85%B5%E1%86%AF%E1%84%8F%E1%85%B3-%E1%84%90%E1%85%A1%E1%86%B8-p04510103.html,https://static.zara.net/assets/public/8bbf/3107/f1ea4fe7a554/203afb638338/04510103021-f1/04510103021-f1.jpg?ts=1779720753173,"₩99,900",,,260622,프린트,,,,
,false,,ZARA,치마,스커트,여성,CARAMEL LONDON X ZARA 100% 실크 스커트,https://www.zara.com/kr/ko/caramel-london-x-zara-%E1%84%89%E1%85%B5%E1%86%AF%E1%84%8F%E1%85%B3-100-%E1%84%89%E1%85%B3%E1%84%8F%E1%85%A5%E1%84%90%E1%85%B3-p00351103.html,https://static.zara.net/assets/public/bd89/815f/57c7444f85ac/627ab527239e/00351103021-f1/00351103021-f1.jpg?ts=1779983470249,"₩109,900",,,260622,프린트,,,,
,false,,ZARA,상의,셔츠/블라우스,여성,ZW 컬렉션 린넨 크로스 탑,https://www.zara.com/kr/ko/zw-%E1%84%8F%E1%85%A5%E1%86%AF%E1%84%85%E1%85%A6%E1%86%A8%E1%84%89%E1%85%A7%E1%86%AB-%E1%84%85%E1%85%B5%E1%86%AB%E1%84%82%E1%85%A6%E1%86%AB-%E1%84%8F%E1%85%B3%E1%84%85%E1%85%A9%E1%84%89%E1%85%B3-%E1%84%90%E1%85%A1%E1%86%B8-p04043008.html,https://static.zara.net/assets/public/f737/13e7/ab524e26907a/ebf606991277/04043008807-p/04043008807-p.jpg?ts=1780387925833,"₩79,900",,,260622,콜 그레이,,,,
,false,,ZARA,치마,스커트,여성,ZW 컬렉션 린넨 롱 스커트,https://www.zara.com/kr/ko/zw-%E1%84%8F%E1%85%A5%E1%86%AF%E1%84%85%E1%85%A6%E1%86%A8%E1%84%89%E1%85%A7%E1%86%AB-%E1%84%85%E1%85%B5%E1%86%AB%E1%84%82%E1%85%A6%E1%86%AB-%E1%84%85%E1%85%A9%E1%86%BC-%E1%84%89%E1%85%B3%E1%84%8F%E1%85%A5%E1%84%90%E1%85%B3-p04043244.html,https://static.zara.net/assets/public/e869/5f08/5db64ea1af1c/f75dff3e8d22/04043244807-f1/04043244807-f1.jpg?ts=1780398549462,"₩89,900",,,260622,콜 그레이,,,,
,false,,ZARA,상의,탑,여성,텍스처 하이넥 탑,https://www.zara.com/kr/ko/%E1%84%90%E1%85%A6%E1%86%A8%E1%84%89%E1%85%B3%E1%84%8E%E1%85%A5-%E1%84%92%E1%85%A1%E1%84%8B%E1%85%B5%E1%84%82%E1%85%A6%E1%86%A8-%E1%84%90%E1%85%A1%E1%86%B8-p05039390.html,https://static.zara.net/assets/public/5506/9980/5add4db492fd/fe5926adfd23/05039390800-p/05039390800-p.jpg?ts=1775060782540,"₩29,900",,,260622,블랙,,,,
,false,,ZARA,치마,스커트,여성,텍스처 미디 스커트,https://www.zara.com/kr/ko/%E1%84%90%E1%85%A6%E1%86%A8%E1%84%89%E1%85%B3%E1%84%8E%E1%85%A5-%E1%84%86%E1%85%B5%E1%84%83%E1%85%B5-%E1%84%89%E1%85%B3%E1%84%8F%E1%85%A5%E1%84%90%E1%85%B3-p05039391.html,https://static.zara.net/assets/public/c9ed/5131/bc6e46008609/a774a0304e62/05039391800-p/05039391800-p.jpg?ts=1775060782306,"₩39,900",,,260622,블랙,,,,
,false,,ZARA,상의,탑,여성,홀터넥 도티드 스위스 탑,https://www.zara.com/kr/ko/%E1%84%83%E1%85%A9%E1%84%90%E1%85%B5%E1%84%83%E1%85%B3-%E1%84%89%E1%85%B3%E1%84%8B%E1%85%B1%E1%84%89%E1%85%B3-%E1%84%92%E1%85%A9%E1%86%AF%E1%84%90%E1%85%A5%E1%84%82%E1%85%A6%E1%86%A8-%E1%84%90%E1%85%A1%E1%86%B8-p00264306.html,https://static.zara.net/assets/public/b608/b369/35b84ea893a5/215c368364f8/00264306306-p/00264306306-p.jpg?ts=1777903853511,"₩35,900",,,260622,라이트 옐로우,,,,
,false,,ZARA,치마,스커트,여성,도티드 스위스 미디 스커트,https://www.zara.com/kr/ko/%E1%84%83%E1%85%A9%E1%84%90%E1%85%B5%E1%84%83%E1%85%B3-%E1%84%89%E1%85%B3%E1%84%8B%E1%85%B1%E1%84%89%E1%85%B3-%E1%84%86%E1%85%B5%E1%84%83%E1%85%B5-%E1%84%89%E1%85%B3%E1%84%8F%E1%85%A5%E1%84%90%E1%85%B3-p00264307.html,https://static.zara.net/assets/public/d3cc/5f9b/ba4643eda492/d05b91795d82/00264307306-f1/00264307306-f1.jpg?ts=1777541039764,"₩45,900",,,260622,라이트 옐로우,,,,
,false,,ZARA,아우터,블레이저,여성,노칼라 타이트핏 블레이저,https://www.zara.com/kr/ko/%E1%84%82%E1%85%A9%E1%84%8F%E1%85%A1%E1%86%AF%E1%84%85%E1%85%A1-%E1%84%90%E1%85%A1%E1%84%8B%E1%85%B5%E1%84%90%E1%85%B3%E1%84%91%E1%85%B5%E1%86%BA-%E1%84%87%E1%85%B3%E1%86%AF%E1%84%85%E1%85%A6%E1%84%8B%E1%85%B5%E1%84%8C%E1%85%A5-p08531597.html,https://static.zara.net/assets/public/03c4/fa5c/6a8246c0aea5/2342171ae109/02759600620-p/02759600620-p.jpg?ts=1777390863740,"₩109,900",,,260622,로즈핑크,,,,
,false,,ZARA,바지,슬랙스,여성,벨티드 앵클 크롭 팬츠,https://www.zara.com/kr/ko/%E1%84%87%E1%85%A6%E1%86%AF%E1%84%90%E1%85%B5%E1%84%83%E1%85%B3-%E1%84%8B%E1%85%A2%E1%86%BC%E1%84%8F%E1%85%B3%E1%86%AF-%E1%84%91%E1%85%A2%E1%86%AB%E1%84%8E%E1%85%B3-p08532597.html,https://static.zara.net/assets/public/ef25/b1a5/921746ac9a33/93d3f294bb4e/02758600620-f1/02758600620-f1.jpg?ts=1777444963582,"₩59,900",,,260622,로즈핑크,,,,
,false,,ZARA,기타,WIND-JACKET,여성,플루이드 크롭 재킷,https://www.zara.com/kr/ko/%E1%84%91%E1%85%B3%E1%86%AF%E1%84%85%E1%85%AE%E1%84%8B%E1%85%B5%E1%84%83%E1%85%B3-%E1%84%8F%E1%85%B3%E1%84%85%E1%85%A9%E1%86%B8-%E1%84%8C%E1%85%A2%E1%84%8F%E1%85%B5%E1%86%BA-p03067834.html,https://static.zara.net/assets/public/30c2/8433/1443409d86e1/88d64453439c/03067834819-f1/03067834819-f1.jpg?ts=1777544150789,"₩59,900",,,260622,블루 그레이,,,,
,false,,ZARA,바지,슬랙스,여성,루즈 팬츠,https://www.zara.com/kr/ko/%E1%84%85%E1%85%AE%E1%84%8C%E1%85%B3-%E1%84%91%E1%85%A2%E1%86%AB%E1%84%8E%E1%85%B3-p02180418.html,https://static.zara.net/assets/public/087b/e7be/725c48ee8a6c/110eb33b8e3a/02180418819-f1/02180418819-f1.jpg?ts=1777532881176,"₩49,900",,,260622,블루 그레이,,,,
,false,,ZARA,상의,탑,여성,쇼트 슬리브 컷아웃 탑,https://www.zara.com/kr/ko/%E1%84%89%E1%85%AD%E1%84%90%E1%85%B3-%E1%84%89%E1%85%B3%E1%86%AF%E1%84%85%E1%85%B5%E1%84%87%E1%85%B3-%E1%84%8F%E1%85%A5%E1%86%BA%E1%84%8B%E1%85%A1%E1%84%8B%E1%85%AE%E1%86%BA-%E1%84%90%E1%85%A1%E1%86%B8-p05584262.html,https://static.zara.net/assets/public/bc04/b478/ad034edbbe66/37826034a3b2/05584262800-f1/05584262800-f1.jpg?ts=1773139056730,"₩45,900",,,260622,블랙,,,,
,false,,ZARA,바지,슬랙스,여성,스트레치 와이드 팬츠,https://www.zara.com/kr/ko/%E1%84%89%E1%85%B3%E1%84%90%E1%85%B3%E1%84%85%E1%85%A6%E1%84%8E%E1%85%B5-%E1%84%8B%E1%85%AA%E1%84%8B%E1%85%B5%E1%84%83%E1%85%B3-%E1%84%91%E1%85%A2%E1%86%AB%E1%84%8E%E1%85%B3-p05584263.html,https://static.zara.net/assets/public/b44f/9f9c/24a043f0897c/dec17bb34f76/05584263800-p/05584263800-p.jpg?ts=1780648742318,"₩49,900",,,260622,블랙,,,,
,false,,ZARA,상의,탑,여성,도트 패턴 튤 탑,https://www.zara.com/kr/ko/%E1%84%8B%E1%85%A2%E1%84%82%E1%85%B5%E1%84%86%E1%85%A5%E1%86%AF-%E1%84%91%E1%85%B3%E1%84%85%E1%85%B5%E1%86%AB%E1%84%90%E1%85%B3-%E1%84%90%E1%85%B2%E1%86%AF-%E1%84%90%E1%85%A1%E1%86%B8-p05039405.html,https://static.zara.net/assets/public/78b7/34dd/9e4540ae9c58/db8bf28bd434/05039405064-p/05039405064-p.jpg?ts=1779809726083,"₩35,900",,,260622,"화이트,블랙",,,,
,false,,ZARA,치마,스커트,여성,도트 프린트 튤 스커트,https://www.zara.com/kr/ko/%E1%84%8B%E1%85%A2%E1%84%82%E1%85%B5%E1%84%86%E1%85%A5%E1%86%AF-%E1%84%91%E1%85%B3%E1%84%85%E1%85%B5%E1%86%AB%E1%84%90%E1%85%B3-%E1%84%90%E1%85%B2%E1%86%AF-%E1%84%89%E1%85%B3%E1%84%8F%E1%85%A5%E1%84%90%E1%85%B3-p05039408.html,https://static.zara.net/assets/public/683c/927d/fad44e02afde/e5af72125354/05039408064-p/05039408064-p.jpg?ts=1779809729593,"₩45,900",,,260622,"화이트,블랙",,,,
,false,,ZARA,상의,탑,여성,텍스처 하이넥 탑,https://www.zara.com/kr/ko/%E1%84%90%E1%85%A6%E1%86%A8%E1%84%89%E1%85%B3%E1%84%8E%E1%85%A5-%E1%84%92%E1%85%A1%E1%84%8B%E1%85%B5%E1%84%82%E1%85%A6%E1%86%A8-%E1%84%90%E1%85%A1%E1%86%B8-p05039390.html,https://static.zara.net/assets/public/35bf/13d9/4bcc4acfad34/b44a32cc4225/05039390712-f1/05039390712-f1.jpg?ts=1774005014310,"₩29,900",,,260622,크림,,,,
,false,,ZARA,치마,스커트,여성,텍스처 미디 스커트,https://www.zara.com/kr/ko/%E1%84%90%E1%85%A6%E1%86%A8%E1%84%89%E1%85%B3%E1%84%8E%E1%85%A5-%E1%84%86%E1%85%B5%E1%84%83%E1%85%B5-%E1%84%89%E1%85%B3%E1%84%8F%E1%85%A5%E1%84%90%E1%85%B3-p05039391.html,https://static.zara.net/assets/public/da01/83bb/cc7c44f4af1c/86d2178acb08/05039391712-f1/05039391712-f1.jpg?ts=1774005072795,"₩39,900",,,260622,크림,,,,
,false,,ZARA,상의,셔츠/블라우스,여성,ZW 컬렉션 도트 블라우스,https://www.zara.com/kr/ko/zw-%E1%84%8F%E1%85%A5%E1%86%AF%E1%84%85%E1%85%A6%E1%86%A8%E1%84%89%E1%85%A7%E1%86%AB-%E1%84%83%E1%85%A9%E1%84%90%E1%85%B3-%E1%84%87%E1%85%B3%E1%86%AF%E1%84%85%E1%85%A1%E1%84%8B%E1%85%AE%E1%84%89%E1%85%B3-p04333004.html,https://static.zara.net/assets/public/1bd1/a3c5/11d34a83bd18/d096766e6910/04333004064-f1/04333004064-f1.jpg?ts=1772534310940,"₩89,900",,,260622,"화이트,블랙",,,,
,false,,ZARA,치마,스커트,여성,ZW 컬렉션 도트 미디 스커트,https://www.zara.com/kr/ko/zw-%E1%84%8F%E1%85%A5%E1%86%AF%E1%84%85%E1%85%A6%E1%86%A8%E1%84%89%E1%85%A7%E1%86%AB-%E1%84%83%E1%85%A9%E1%84%90%E1%85%B3-%E1%84%86%E1%85%B5%E1%84%83%E1%85%B5-%E1%84%89%E1%85%B3%E1%84%8F%E1%85%A5%E1%84%90%E1%85%B3-p05289048.html,https://static.zara.net/assets/public/5b3f/1e9c/7c4145248bc2/fcec18d76ed8/05289048064-f1/05289048064-f1.jpg?ts=1772537254449,"₩109,900",,,260622,"화이트,블랙",,,,
,false,,ZARA,기타,WAISTCOAT,여성,비대칭 베스트,https://www.zara.com/kr/ko/%E1%84%87%E1%85%B5%E1%84%83%E1%85%A2%E1%84%8E%E1%85%B5%E1%86%BC-%E1%84%87%E1%85%A6%E1%84%89%E1%85%B3%E1%84%90%E1%85%B3-p01608150.html,https://static.zara.net/assets/public/723d/5ddc/b2894454a26b/6671cbda63fc/01608150630-p/01608150630-p.jpg?ts=1779452083421,"₩59,900",,,260622,자주색,,,,
,false,,ZARA,바지,슬랙스,여성,플리츠 캐럿 팬츠,https://www.zara.com/kr/ko/%E1%84%91%E1%85%B3%E1%86%AF%E1%84%85%E1%85%B5%E1%84%8E%E1%85%B3-%E1%84%8F%E1%85%A2%E1%84%85%E1%85%A9%E1%86%BA-%E1%84%91%E1%85%A2%E1%86%AB%E1%84%8E%E1%85%B3-p01608050.html,https://static.zara.net/assets/public/8c64/e031/69f4453ca36e/6593c9ff19ef/01608050630-f1/01608050630-f1.jpg?ts=1779375498240,"₩59,900",,,260622,자주색,,,,
,false,,ZARA,상의,탑,여성,보트넥 니트 탑,https://www.zara.com/kr/ko/%E1%84%87%E1%85%A9%E1%84%90%E1%85%B3%E1%84%82%E1%85%A6%E1%86%A8-%E1%84%82%E1%85%B5%E1%84%90%E1%85%B3-%E1%84%90%E1%85%A1%E1%86%B8-p02142154.html,https://static.zara.net/assets/public/068b/1928/f7b94f14b2eb/38e9e4b1fbad/02142154691-p/02142154691-p.jpg?ts=1778596680078,"₩49,900",,,260622,미디움 레드,,,,
,false,,ZARA,상의,셔츠/블라우스,여성,ZW 컬렉션 린넨 탑,https://www.zara.com/kr/ko/zw-%E1%84%8F%E1%85%A5%E1%86%AF%E1%84%85%E1%85%A6%E1%86%A8%E1%84%89%E1%85%A7%E1%86%AB-%E1%84%85%E1%85%B5%E1%86%AB%E1%84%82%E1%85%A6%E1%86%AB-%E1%84%90%E1%85%A1%E1%86%B8-p04043007.html,https://static.zara.net/assets/public/6928/9088/342d41e294c9/e73edd3c8adb/04043007401-f1/04043007401-f1.jpg?ts=1779184069214,"₩59,900",,,260622,네이비,,,,
,false,,ZARA,치마,스커트,여성,ZW 컬렉션 린넨 미디 스커트,https://www.zara.com/kr/ko/zw-%E1%84%8F%E1%85%A5%E1%86%AF%E1%84%85%E1%85%A6%E1%86%A8%E1%84%89%E1%85%A7%E1%86%AB-%E1%84%85%E1%85%B5%E1%86%AB%E1%84%82%E1%85%A6%E1%86%AB-%E1%84%86%E1%85%B5%E1%84%83%E1%85%B5-%E1%84%89%E1%85%B3%E1%84%8F%E1%85%A5%E1%84%90%E1%85%B3-p04043241.html,https://static.zara.net/assets/public/efb4/7417/5c46401dabf1/9ffa9c738140/04043241401-f1/04043241401-f1.jpg?ts=1779111908488,"₩89,900",,,260622,네이비,,,,
,false,,ZARA,상의,셔츠/블라우스,여성,ZW 컬렉션 린넨 포켓 셔츠,https://www.zara.com/kr/ko/zw-%E1%84%8F%E1%85%A5%E1%86%AF%E1%84%85%E1%85%A6%E1%86%A8%E1%84%89%E1%85%A7%E1%86%AB-100-%E1%84%85%E1%85%B5%E1%86%AB%E1%84%82%E1%85%A6%E1%86%AB-%E1%84%91%E1%85%A9%E1%84%8F%E1%85%A6%E1%86%BA-%E1%84%89%E1%85%A7%E1%84%8E%E1%85%B3-p05344010.html,https://static.zara.net/assets/public/668c/0a01/60e54c8eb125/a75cd8743443/05344010700-f1/05344010700-f1.jpg?ts=1773995297044,"₩79,900",,,260622,브라운,,,,
,false,,ZARA,바지,버뮤다 팬츠,여성,ZW 컬렉션 100% 린넨 쇼츠,https://www.zara.com/kr/ko/zw-%E1%84%8F%E1%85%A5%E1%86%AF%E1%84%85%E1%85%A6%E1%86%A8%E1%84%89%E1%85%A7%E1%86%AB-100-%E1%84%85%E1%85%B5%E1%86%AB%E1%84%82%E1%85%A6%E1%86%AB-%E1%84%89%E1%85%AD%E1%84%8E%E1%85%B3-p04344040.html,https://static.zara.net/assets/public/39a1/ff05/ee73439fab99/625237288325/04344040700-f1/04344040700-f1.jpg?ts=1774872823330,"₩59,900",,,260622,브라운,,,,
,false,,ZARA,상의,셔츠/블라우스,여성,ZW 컬렉션 스티치 러스틱 셔츠,https://www.zara.com/kr/ko/zw-%E1%84%8F%E1%85%A5%E1%86%AF%E1%84%85%E1%85%A6%E1%86%A8%E1%84%89%E1%85%A7%E1%86%AB-%E1%84%85%E1%85%A5%E1%84%89%E1%85%B3%E1%84%90%E1%85%B5%E1%86%A8-%E1%84%89%E1%85%B3%E1%84%90%E1%85%B5%E1%84%8E%E1%85%B5-%E1%84%89%E1%85%A7%E1%84%8E%E1%85%B3-p06895084.html,https://static.zara.net/assets/public/2aba/e6d9/e6314e3ebc7c/5a2536a549a4/06895084712-p/06895084712-p.jpg?ts=1776155318958,"₩89,900",,,260622,크림,,,,
,false,,ZARA,바지,버뮤다 팬츠,여성,ZW 컬렉션 스티치 쇼츠,https://www.zara.com/kr/ko/zw-%E1%84%8F%E1%85%A5%E1%86%AF%E1%84%85%E1%85%A6%E1%86%A8%E1%84%89%E1%85%A7%E1%86%AB-%E1%84%89%E1%85%B3%E1%84%90%E1%85%B5%E1%84%8E%E1%85%B5-%E1%84%89%E1%85%AD%E1%84%8E%E1%85%B3-p06895085.html,https://static.zara.net/assets/public/c58c/f181/723c4e84bdf9/99719822137e/06895085712-p/06895085712-p.jpg?ts=1776155321099,"₩79,900",,,260622,크림,,,,
,false,,ZARA,아우터,블레이저,여성,숄더 패드 벨트 블레이저,https://www.zara.com/kr/ko/%E1%84%87%E1%85%A6%E1%86%AF%E1%84%90%E1%85%B5%E1%84%83%E1%85%B3-%E1%84%89%E1%85%AD%E1%86%AF%E1%84%83%E1%85%A5-%E1%84%91%E1%85%A2%E1%84%83%E1%85%B3-%E1%84%87%E1%85%B3%E1%86%AF%E1%84%85%E1%85%A6%E1%84%8B%E1%85%B5%E1%84%8C%E1%85%A5-p02628510.html,https://static.zara.net/assets/public/1c2b/6f4f/82554dd486f8/75ff9d6bec98/02628510630-f1/02628510630-f1.jpg?ts=1779376112545,"₩129,900",,,260622,자주색,,,,
,false,,ZARA,바지,슬랙스,여성,플리츠 와이드 팬츠,https://www.zara.com/kr/ko/%E1%84%91%E1%85%B3%E1%86%AF%E1%84%85%E1%85%B5%E1%84%8E%E1%85%B3-%E1%84%8B%E1%85%AA%E1%84%8B%E1%85%B5%E1%84%83%E1%85%B3-%E1%84%91%E1%85%A2%E1%86%AB%E1%84%8E%E1%85%B3-p02634510.html,https://static.zara.net/assets/public/63ec/eb8f/ec294e0798c0/9f14fde1c116/02634510630-p/02634510630-p.jpg?ts=1779452087276,"₩79,900",,,260622,자주색,,,,
,false,,ZARA,상의,셔츠/블라우스,여성,ZW 컬렉션 포켓 셔츠,https://www.zara.com/kr/ko/zw-%E1%84%8F%E1%85%A5%E1%86%AF%E1%84%85%E1%85%A6%E1%86%A8%E1%84%89%E1%85%A7%E1%86%AB-%E1%84%91%E1%85%A9%E1%84%8F%E1%85%A6%E1%86%BA-%E1%84%89%E1%85%A7%E1%84%8E%E1%85%B3-p06090374.html,https://static.zara.net/assets/public/e2aa/35fd/867a4952902b/f7c693cc25c1/06090374300-f1/06090374300-f1.jpg?ts=1776327549687,"₩59,900",,,260622,노랑,,,,
,false,,ZARA,치마,스커트,여성,ZW 컬렉션 카고 미디 스커트,https://www.zara.com/kr/ko/zw-%E1%84%8F%E1%85%A5%E1%86%AF%E1%84%85%E1%85%A6%E1%86%A8%E1%84%89%E1%85%A7%E1%86%AB-%E1%84%8F%E1%85%A1%E1%84%80%E1%85%A9-%E1%84%86%E1%85%B5%E1%84%83%E1%85%B5-%E1%84%89%E1%85%B3%E1%84%8F%E1%85%A5%E1%84%90%E1%85%B3-p02575374.html,https://static.zara.net/assets/public/af6e/3026/17db4d359317/323876974576/02575374300-f1/02575374300-f1.jpg?ts=1776240356684,"₩89,900",,,260622,노랑,,,,
,false,,ZARA,아우터,블레이저,여성,콘트라스트 파이핑 쇼트 슬리브 블레이저,https://www.zara.com/kr/ko/%E1%84%8F%E1%85%A9%E1%86%AB%E1%84%90%E1%85%B3%E1%84%85%E1%85%A1%E1%84%89%E1%85%B3%E1%84%90%E1%85%B3-%E1%84%91%E1%85%A1%E1%84%8B%E1%85%B5%E1%84%91%E1%85%B5%E1%86%BC-%E1%84%89%E1%85%AD%E1%84%90%E1%85%B3-%E1%84%89%E1%85%B3%E1%86%AF%E1%84%85%E1%85%B5%E1%84%87%E1%85%B3-%E1%84%87%E1%85%B3%E1%86%AF%E1%84%85%E1%85%A6%E1%84%8B%E1%85%B5%E1%84%8C%E1%85%A5-p02853998.html,https://static.zara.net/assets/public/093a/72ec/ab124a5b8e73/11e5a2ecff97/02853998052-f1/02853998052-f1.jpg?ts=1777546694198,"₩89,900",,,260622,라이트 베이지,,,,
,false,,ZARA,바지,슬랙스,여성,콘트라스트 웨이스트 린넨 스트레이트 팬츠,https://www.zara.com/kr/ko/%E1%84%8F%E1%85%A9%E1%86%AB%E1%84%90%E1%85%B3%E1%84%85%E1%85%A1%E1%84%89%E1%85%B3%E1%84%90%E1%85%B3-%E1%84%8B%E1%85%B0%E1%84%8B%E1%85%B5%E1%84%89%E1%85%B3%E1%84%90%E1%85%B3-%E1%84%85%E1%85%B5%E1%86%AB%E1%84%82%E1%85%A6%E1%86%AB-%E1%84%89%E1%85%B3%E1%84%90%E1%85%B3%E1%84%85%E1%85%A6%E1%84%8B%E1%85%B5%E1%84%90%E1%85%B3-%E1%84%91%E1%85%A2%E1%86%AB%E1%84%8E%E1%85%B3-p02852998.html,https://static.zara.net/assets/public/ad23/4c44/a3aa4192bc12/dfff3549a778/02852998052-f1/02852998052-f1.jpg?ts=1777547297343,"₩59,900",,,260622,라이트 베이지,,,,
,false,,ZARA,상의,탑,여성,쇼트 슬리브 컷아웃 탑,https://www.zara.com/kr/ko/%E1%84%89%E1%85%AD%E1%84%90%E1%85%B3-%E1%84%89%E1%85%B3%E1%86%AF%E1%84%85%E1%85%B5%E1%84%87%E1%85%B3-%E1%84%8F%E1%85%A5%E1%86%BA%E1%84%8B%E1%85%A1%E1%84%8B%E1%85%AE%E1%86%BA-%E1%84%90%E1%85%A1%E1%86%B8-p05584262.html,https://static.zara.net/assets/public/1751/2b39/51f1481980fa/0a48da8d1c33/05584262712-f1/05584262712-f1.jpg?ts=1773139053288,"₩45,900",,,260622,크림,,,,
,false,,ZARA,바지,슬랙스,여성,스트레치 와이드 팬츠,https://www.zara.com/kr/ko/%E1%84%89%E1%85%B3%E1%84%90%E1%85%B3%E1%84%85%E1%85%A6%E1%84%8E%E1%85%B5-%E1%84%8B%E1%85%AA%E1%84%8B%E1%85%B5%E1%84%83%E1%85%B3-%E1%84%91%E1%85%A2%E1%86%AB%E1%84%8E%E1%85%B3-p05584263.html,https://static.zara.net/assets/public/e35e/e25b/b3624727ac88/c15fd761a8e9/05584263712-f1/05584263712-f1.jpg?ts=1773139038829,"₩49,900",,,260622,크림,,,,
,false,,ZARA,상의,셔츠/블라우스,여성,ZW 컬렉션 도트 탑,https://www.zara.com/kr/ko/zw-%E1%84%8F%E1%85%A5%E1%86%AF%E1%84%85%E1%85%A6%E1%86%A8%E1%84%89%E1%85%A7%E1%86%AB-%E1%84%83%E1%85%A9%E1%84%90%E1%85%B3-%E1%84%90%E1%85%A1%E1%86%B8-p01108027.html,https://static.zara.net/assets/public/b9db/cab1/e6084ecd8fb0/bda89a4485f4/01108027400-p/01108027400-p.jpg?ts=1772713913161,"₩59,900",,,260622,블루,,,,
,false,,ZARA,바지,슬랙스,여성,ZW 컬렉션 도트 팬츠,https://www.zara.com/kr/ko/zw-%E1%84%8F%E1%85%A5%E1%86%AF%E1%84%85%E1%85%A6%E1%86%A8%E1%84%89%E1%85%A7%E1%86%AB-%E1%84%83%E1%85%A9%E1%84%90%E1%85%B3-%E1%84%91%E1%85%A2%E1%86%AB%E1%84%8E%E1%85%B3-p01915027.html,https://static.zara.net/assets/public/b9db/cab1/e6084ecd8fb0/bda89a4485f4/01108027400-p/01108027400-p.jpg?ts=1772713913161,"₩79,900",,,260622,블루,,,,
,false,,ZARA,아우터,블레이저,여성,린넨 플랫 프론트 블레이저,https://www.zara.com/kr/ko/%E1%84%85%E1%85%B5%E1%86%AB%E1%84%82%E1%85%A6%E1%86%AB-%E1%84%91%E1%85%B3%E1%86%AF%E1%84%85%E1%85%A2%E1%86%BA-%E1%84%91%E1%85%B3%E1%84%85%E1%85%A9%E1%86%AB%E1%84%90%E1%85%B3-%E1%84%87%E1%85%B3%E1%86%AF%E1%84%85%E1%85%A6%E1%84%8B%E1%85%B5%E1%84%8C%E1%85%A5-p07748856.html,https://static.zara.net/assets/public/8a91/2289/59c0411d8352/0796bf9f3e60/07748856081-f1/07748856081-f1.jpg?ts=1779436840821,"₩129,900",,,260622,"샌드,그레이",,,,
,false,,ZARA,바지,슬랙스,여성,플리츠 린넨 스트레이트 팬츠,https://www.zara.com/kr/ko/%E1%84%91%E1%85%B3%E1%86%AF%E1%84%85%E1%85%B5%E1%84%8E%E1%85%B3-%E1%84%85%E1%85%B5%E1%86%AB%E1%84%82%E1%85%A6%E1%86%AB-%E1%84%89%E1%85%B3%E1%84%90%E1%85%B3%E1%84%85%E1%85%A6%E1%84%8B%E1%85%B5%E1%84%90%E1%85%B3-%E1%84%91%E1%85%A2%E1%86%AB%E1%84%8E%E1%85%B3-p07749856.html,https://static.zara.net/assets/public/2a9b/0a73/04254447a250/1651b2438308/07749856081-f1/07749856081-f1.jpg?ts=1779436838927,"₩89,900",,,260622,"샌드,그레이",,,,
,false,,ZARA,바지,버뮤다 팬츠,여성,펀칭 자수 버뮤다 팬츠,https://www.zara.com/kr/ko/%E1%84%91%E1%85%A5%E1%86%AB%E1%84%8E%E1%85%B5%E1%86%BC-%E1%84%8C%E1%85%A1%E1%84%89%E1%85%AE-%E1%84%87%E1%85%A5%E1%84%86%E1%85%B2%E1%84%83%E1%85%A1-%E1%84%91%E1%85%A2%E1%86%AB%E1%84%8E%E1%85%B3-p02816694.html,https://static.zara.net/assets/public/6c13/2ad9/dcf44e628bd8/47a4b290f193/02816694305-f1/02816694305-f1.jpg?ts=1780398010980,"₩55,900",,,260622,머스터드,,,,
,false,,ZARA,상의,셔츠/블라우스,여성,펀칭 자수 탑,https://www.zara.com/kr/ko/%E1%84%91%E1%85%A5%E1%86%AB%E1%84%8E%E1%85%B5%E1%86%BC-%E1%84%8C%E1%85%A1%E1%84%89%E1%85%AE-%E1%84%90%E1%85%A1%E1%86%B8-p03086694.html,https://static.zara.net/assets/public/5482/afa2/5f254d1d883f/67502697a385/03086694305-f1/03086694305-f1.jpg?ts=1780398008815,"₩59,900",,,260622,머스터드,,,,
,false,,ZARA,아우터,블레이저,여성,ZW 컬렉션 LIMITED EDITION 스트레이트 울 블레이저,https://www.zara.com/kr/ko/zw-%E1%84%8F%E1%85%A5%E1%86%AF%E1%84%85%E1%85%A6%E1%86%A8%E1%84%89%E1%85%A7%E1%86%AB-limited-edition-%E1%84%8B%E1%85%AE%E1%86%AF-%E1%84%89%E1%85%B3%E1%84%90%E1%85%B3%E1%84%85%E1%85%A6%E1%84%8B%E1%85%B5%E1%84%90%E1%85%B3-%E1%84%87%E1%85%B3%E1%86%AF%E1%84%85%E1%85%A6%E1%84%8B%E1%85%B5%E1%84%8C%E1%85%A5-p03007140.html,https://static.zara.net/assets/public/965d/e3a1/784a4ae3886a/0f0b586da67b/03007140450-f1/03007140450-f1.jpg?ts=1776242742317,"₩239,900",,,260622,베이지,,,,
,false,,ZARA,바지,버뮤다 팬츠,여성,ZW 컬렉션 울 플리츠 버뮤다 팬츠 LIMITED EDITION,https://www.zara.com/kr/ko/zw-%E1%84%8F%E1%85%A5%E1%86%AF%E1%84%85%E1%85%A6%E1%86%A8%E1%84%89%E1%85%A7%E1%86%AB-%E1%84%8B%E1%85%AE%E1%86%AF-%E1%84%91%E1%85%B3%E1%86%AF%E1%84%85%E1%85%B5%E1%84%8E%E1%85%B3-%E1%84%87%E1%85%A5%E1%84%86%E1%85%B2%E1%84%83%E1%85%A1-%E1%84%91%E1%85%A2%E1%86%AB%E1%84%8E%E1%85%B3-limited-edition-p01010140.html,https://static.zara.net/assets/public/fb98/7314/f85246229b1b/e7d5b33ac116/01010140450-f1/01010140450-f1.jpg?ts=1776236977330,"₩129,900",,,260622,베이지,,,,
,false,,ZARA,상의,탑,여성,텍스처 브이넥 탑,https://www.zara.com/kr/ko/%E1%84%90%E1%85%A6%E1%86%A8%E1%84%89%E1%85%B3%E1%84%8E%E1%85%A5-%E1%84%87%E1%85%B3%E1%84%8B%E1%85%B5%E1%84%82%E1%85%A6%E1%86%A8-%E1%84%90%E1%85%A1%E1%86%B8-p05067284.html,https://static.zara.net/assets/public/2925/e299/5d594fc9a87a/df9cad28546d/05067284712-p/05067284712-p.jpg?ts=1775748383310,"₩45,900",,,260622,크림,,,,
,false,,ZARA,바지,슬랙스,여성,텍스처 팔라초 팬츠,https://www.zara.com/kr/ko/%E1%84%90%E1%85%A6%E1%86%A8%E1%84%89%E1%85%B3%E1%84%8E%E1%85%A5-%E1%84%91%E1%85%A1%E1%86%AF%E1%84%85%E1%85%A1%E1%84%8E%E1%85%A9-%E1%84%91%E1%85%A2%E1%86%AB%E1%84%8E%E1%85%B3-p05067285.html,https://static.zara.net/assets/public/59bf/6c57/1809430698fa/4c462982b4d5/05067285712-p/05067285712-p.jpg?ts=1775748377498,"₩49,900",,,260622,크림,,,,
,false,,ZARA,상의,탑,여성,주얼 비즈 니트 탑,https://www.zara.com/kr/ko/%E1%84%8C%E1%85%AE%E1%84%8B%E1%85%A5%E1%86%AF%E1%84%85%E1%85%B5-%E1%84%87%E1%85%B5%E1%84%8C%E1%85%B3-%E1%84%82%E1%85%B5%E1%84%90%E1%85%B3-%E1%84%90%E1%85%A1%E1%86%B8-p05755039.html,https://static.zara.net/assets/public/55f7/836b/7f4442788726/b55b90157119/05755039621-f1/05755039621-f1.jpg?ts=1769213977770,"₩59,900",,,260622,파스텔 로즈,,,,
,false,,ZARA,치마,스커트,여성,플리츠 니트 미니 스커트,https://www.zara.com/kr/ko/%E1%84%91%E1%85%B3%E1%86%AF%E1%84%85%E1%85%B5%E1%84%8E%E1%85%B3-%E1%84%82%E1%85%B5%E1%84%90%E1%85%B3-%E1%84%86%E1%85%B5%E1%84%82%E1%85%B5-%E1%84%89%E1%85%B3%E1%84%8F%E1%85%A5%E1%84%90%E1%85%B3-p05755040.html,https://static.zara.net/assets/public/0db1/3ed4/b2d94cf5bcd4/e23fcdb41e16/05755040621-p/05755040621-p.jpg?ts=1773931430341,"₩49,900",,,260622,파스텔 로즈,,,,
,false,,ZARA,바지,슬랙스,여성,플리츠 하이웨이스트 팬츠,https://www.zara.com/kr/ko/%E1%84%91%E1%85%B3%E1%86%AF%E1%84%85%E1%85%B5%E1%84%8E%E1%85%B3-%E1%84%92%E1%85%A1%E1%84%8B%E1%85%B5%E1%84%8B%E1%85%B0%E1%84%8B%E1%85%B5%E1%84%89%E1%85%B3%E1%84%90%E1%85%B3-%E1%84%91%E1%85%A2%E1%86%AB%E1%84%8E%E1%85%B3-p02634597.html,https://static.zara.net/assets/public/c81f/002d/67c04c8ba620/ce12325ca23c/02634597800-f1/02634597800-f1.jpg?ts=1773138765696,"₩79,900",,,260622,블랙,,,,
,false,,ZARA,상의,탑,여성,텍스처 브이넥 탑,https://www.zara.com/kr/ko/%E1%84%90%E1%85%A6%E1%86%A8%E1%84%89%E1%85%B3%E1%84%8E%E1%85%A5-%E1%84%87%E1%85%B3%E1%84%8B%E1%85%B5%E1%84%82%E1%85%A6%E1%86%A8-%E1%84%90%E1%85%A1%E1%86%B8-p05067284.html,https://static.zara.net/assets/public/59b3/9a94/229846868997/c4743e1f2a7d/05067284700-p/05067284700-p.jpg?ts=1775748368431,"₩45,900",,,260622,브라운,,,,
,false,,ZARA,바지,슬랙스,여성,텍스처 팔라초 팬츠,https://www.zara.com/kr/ko/%E1%84%90%E1%85%A6%E1%86%A8%E1%84%89%E1%85%B3%E1%84%8E%E1%85%A5-%E1%84%91%E1%85%A1%E1%86%AF%E1%84%85%E1%85%A1%E1%84%8E%E1%85%A9-%E1%84%91%E1%85%A2%E1%86%AB%E1%84%8E%E1%85%B3-p05067285.html,https://static.zara.net/assets/public/d4df/639e/569e478cb0b0/a2b04de53572/05067285700-p/05067285700-p.jpg?ts=1775748375348,"₩49,900",,,260622,브라운,,,,
,false,,ZARA,상의,탑,여성,크레이프 드레이프 탑,https://www.zara.com/kr/ko/%E1%84%8F%E1%85%B3%E1%84%85%E1%85%A6%E1%84%8B%E1%85%B5%E1%84%91%E1%85%B3-%E1%84%83%E1%85%B3%E1%84%85%E1%85%A6%E1%84%8B%E1%85%B5%E1%84%91%E1%85%B3-%E1%84%90%E1%85%A1%E1%86%B8-p05580007.html,https://static.zara.net/assets/public/cb97/03bd/d71f44feb9b1/d19591ac0650/05580007800-p/05580007800-p.jpg?ts=1772726927973,"₩45,900",,,260622,블랙,,,,
,false,,ZARA,바지,슬랙스,여성,와이드 롱 팬츠,https://www.zara.com/kr/ko/%E1%84%8B%E1%85%AA%E1%84%8B%E1%85%B5%E1%84%83%E1%85%B3-%E1%84%85%E1%85%A9%E1%86%BC-%E1%84%91%E1%85%A2%E1%86%AB%E1%84%8E%E1%85%B3-p05580008.html,https://static.zara.net/assets/public/c4cf/c24c/cb1b46599efe/571635420fc8/05580008800-p/05580008800-p.jpg?ts=1772726932832,"₩55,900",,,260622,블랙,,,,
,false,,ZARA,아우터,블레이저,여성,벨트 린넨 사파리 재킷,https://www.zara.com/kr/ko/%E1%84%87%E1%85%A6%E1%86%AF%E1%84%90%E1%85%B3-%E1%84%85%E1%85%B5%E1%86%AB%E1%84%82%E1%85%A6%E1%86%AB-%E1%84%89%E1%85%A1%E1%84%91%E1%85%A1%E1%84%85%E1%85%B5-%E1%84%8C%E1%85%A2%E1%84%8F%E1%85%B5%E1%86%BA-p03046191.html,https://static.zara.net/assets/public/2c31/9cd1/bc1043869af2/e0427a2c1391/03046191052-p/03046191052-p.jpg?ts=1776155586469,"₩59,900",,,260622,라이트 베이지,,,,
,false,,ZARA,바지,슬랙스,여성,린넨 사파리 팬츠,https://www.zara.com/kr/ko/%E1%84%85%E1%85%B5%E1%86%AB%E1%84%82%E1%85%A6%E1%86%AB-%E1%84%89%E1%85%A1%E1%84%91%E1%85%A1%E1%84%85%E1%85%B5-%E1%84%91%E1%85%A2%E1%86%AB%E1%84%8E%E1%85%B3-p03046091.html,https://static.zara.net/assets/public/8a42/fdec/cefc4e289f7d/ec65baaca341/03046091052-p/03046091052-p.jpg?ts=1776336302336,"₩57,900",,,260622,라이트 베이지,,,,
,false,,ZARA,상의,탑,여성,쇼트 슬리브 컷아웃 탑,https://www.zara.com/kr/ko/%E1%84%89%E1%85%AD%E1%84%90%E1%85%B3-%E1%84%89%E1%85%B3%E1%86%AF%E1%84%85%E1%85%B5%E1%84%87%E1%85%B3-%E1%84%8F%E1%85%A5%E1%86%BA%E1%84%8B%E1%85%A1%E1%84%8B%E1%85%AE%E1%86%BA-%E1%84%90%E1%85%A1%E1%86%B8-p05584262.html,https://static.zara.net/assets/public/bc04/b478/ad034edbbe66/37826034a3b2/05584262800-f1/05584262800-f1.jpg?ts=1773139056730,"₩45,900",,,260622,블랙,,,,
,false,,ZARA,바지,슬랙스,여성,스트레치 와이드 팬츠,https://www.zara.com/kr/ko/%E1%84%89%E1%85%B3%E1%84%90%E1%85%B3%E1%84%85%E1%85%A6%E1%84%8E%E1%85%B5-%E1%84%8B%E1%85%AA%E1%84%8B%E1%85%B5%E1%84%83%E1%85%B3-%E1%84%91%E1%85%A2%E1%86%AB%E1%84%8E%E1%85%B3-p05584263.html,https://static.zara.net/assets/public/efb4/2852/a62843f9bb5b/814eabf4893e/05584262800-p/05584262800-p.jpg?ts=1780570020390,"₩49,900",,,260622,블랙,,,,
,false,,ZARA,상의,탑,여성,스트라이프 티셔츠,https://www.zara.com/kr/ko/%E1%84%89%E1%85%B3%E1%84%90%E1%85%B3%E1%84%85%E1%85%A1%E1%84%8B%E1%85%B5%E1%84%91%E1%85%B3-%E1%84%90%E1%85%B5%E1%84%89%E1%85%A7%E1%84%8E%E1%85%B3-p04174060.html,https://static.zara.net/assets/public/89e2/5784/96a547899d9f/c81b4d3549c6/04174060104-f1/04174060104-f1.jpg?ts=1777962706220,"₩35,900",,,260622,스트라이프,,,,
,false,,ZARA,바지,슬랙스,여성,스트라이프 쇼츠,https://www.zara.com/kr/ko/%E1%84%89%E1%85%B3%E1%84%90%E1%85%B3%E1%84%85%E1%85%A1%E1%84%8B%E1%85%B5%E1%84%91%E1%85%B3-%E1%84%89%E1%85%AD%E1%84%8E%E1%85%B3-p04174067.html,https://static.zara.net/assets/public/d698/76a0/3ef440b08d5a/243b7fcc275a/04174067104-f1/04174067104-f1.jpg?ts=1777907064441,"₩39,900",,,260622,스트라이프,,,,
,false,,ZARA,기타,SWEATSHIRT,여성,보트넥 스웨트셔츠,https://www.zara.com/kr/ko/%E1%84%87%E1%85%A9%E1%84%90%E1%85%B3%E1%84%82%E1%85%A6%E1%86%A8-%E1%84%89%E1%85%B3%E1%84%8B%E1%85%B0%E1%84%90%E1%85%B3%E1%84%89%E1%85%A7%E1%84%8E%E1%85%B3-p04174310.html,https://static.zara.net/assets/public/bf59/afcb/dd7d4534a49e/f24a98470bf2/04174310803-p/04174310803-p.jpg?ts=1769708934350,"₩45,900","₩29,900",35,260622,그레이,,,,
,false,,ZARA,바지,슬랙스,여성,워싱 페이크 플레어 팬츠,https://www.zara.com/kr/ko/%E1%84%8B%E1%85%AF%E1%84%89%E1%85%B5%E1%86%BC-%E1%84%91%E1%85%A6%E1%84%8B%E1%85%B5%E1%84%8F%E1%85%B3-%E1%84%91%E1%85%B3%E1%86%AF%E1%84%85%E1%85%A6%E1%84%8B%E1%85%A5-%E1%84%91%E1%85%A2%E1%86%AB%E1%84%8E%E1%85%B3-p04174311.html,https://static.zara.net/assets/public/956d/5b61/47cf4fadb25d/cb1d5e8f8520/04174311803-p/04174311803-p.jpg?ts=1769708938599,"₩45,900","₩29,900",35,260622,그레이,,,,
,false,,ZARA,상의,셔츠/블라우스,여성,스트로베리 새틴 탑,https://www.zara.com/kr/ko/%E1%84%91%E1%85%B3%E1%84%85%E1%85%B5%E1%86%AF-%E1%84%89%E1%85%A2%E1%84%90%E1%85%B5%E1%86%AB-%E1%84%90%E1%85%A1%E1%86%B8-p02752302.html,https://static.zara.net/assets/public/cc40/bd2c/80a54cfab0f9/2f8aa7324059/02752302067-p/02752302067-p.jpg?ts=1774970852210,"₩49,900",,,260622,"크림,레드",,,,
,false,,ZARA,치마,스커트,여성,프릴 딸기 미니 스커트,https://www.zara.com/kr/ko/%E1%84%91%E1%85%B3%E1%84%85%E1%85%B5%E1%86%AF-%E1%84%84%E1%85%A1%E1%86%AF%E1%84%80%E1%85%B5-%E1%84%86%E1%85%B5%E1%84%82%E1%85%B5-%E1%84%89%E1%85%B3%E1%84%8F%E1%85%A5%E1%84%90%E1%85%B3-p06929413.html,https://static.zara.net/assets/public/3fdd/6ebb/2f25474581bb/843680e34ce1/06929413067-p/06929413067-p.jpg?ts=1774970877567,"₩55,900",,,260622,"크림,레드",,,,
,false,,ZARA,기타,WAISTCOAT,여성,린넨 베스트,https://www.zara.com/kr/ko/%E1%84%85%E1%85%B5%E1%86%AB%E1%84%82%E1%85%A6%E1%86%AB-%E1%84%87%E1%85%A6%E1%84%89%E1%85%B3%E1%84%90%E1%85%B3-p02666857.html,https://static.zara.net/assets/public/25b4/5704/79e740e2bf99/794d81772545/02666857172-f1/02666857172-f1.jpg?ts=1773392805151,"₩59,900",,,260622,MARSALA,,,,
,false,,ZARA,바지,버뮤다 팬츠,여성,린넨 롱 버뮤다 팬츠,https://www.zara.com/kr/ko/%E1%84%85%E1%85%B5%E1%86%AB%E1%84%82%E1%85%A6%E1%86%AB-%E1%84%85%E1%85%A9%E1%86%BC-%E1%84%87%E1%85%A5%E1%84%86%E1%85%B2%E1%84%83%E1%85%A1-%E1%84%91%E1%85%A2%E1%86%AB%E1%84%8E%E1%85%B3-p02664857.html,https://static.zara.net/assets/public/ee93/2f83/82a447138e3b/236048014395/02664857172-f1/02664857172-f1.jpg?ts=1773317917932,"₩57,900",,,260622,MARSALA,,,,
,false,,ZARA,기타,WAISTCOAT,여성,자수 리본 탑,https://www.zara.com/kr/ko/%E1%84%8C%E1%85%A1%E1%84%89%E1%85%AE-%E1%84%85%E1%85%B5%E1%84%87%E1%85%A9%E1%86%AB-%E1%84%90%E1%85%A1%E1%86%B8-p01165228.html,https://static.zara.net/assets/public/9313/cc9e/d3064811bea0/3049d4e0b6e0/01165228052-p/01165228052-p.jpg?ts=1777367078212,"₩49,900",,,260622,라이트 베이지,,,,
,false,,ZARA,바지,버뮤다 팬츠,여성,자수 엘라스틱 허리 쇼츠,https://www.zara.com/kr/ko/%E1%84%8C%E1%85%A1%E1%84%89%E1%85%AE-%E1%84%83%E1%85%B5%E1%84%90%E1%85%A6%E1%84%8B%E1%85%B5%E1%86%AF-%E1%84%87%E1%85%A2%E1%86%AB%E1%84%83%E1%85%B5%E1%86%BC-%E1%84%89%E1%85%AD%E1%84%8E%E1%85%B3-p01165128.html,https://static.zara.net/assets/public/422d/d5be/bdae45479407/df636b05e32f/01165128052-p/01165128052-p.jpg?ts=1777367078275,"₩49,900",,,260622,라이트 베이지,,,,
,false,,ZARA,아우터,블레이저,여성,100% 린넨 숄더패드 더블 브레스트 블레이저,https://www.zara.com/kr/ko/100-%E1%84%85%E1%85%B5%E1%86%AB%E1%84%82%E1%85%A6%E1%86%AB-%E1%84%89%E1%85%AD%E1%86%AF%E1%84%83%E1%85%A5-%E1%84%91%E1%85%A2%E1%84%83%E1%85%B3-%E1%84%83%E1%85%A5%E1%84%87%E1%85%B3%E1%86%AF-%E1%84%87%E1%85%B3%E1%84%85%E1%85%A6%E1%84%89%E1%85%B3%E1%84%90%E1%85%B3-%E1%84%87%E1%85%B3%E1%86%AF%E1%84%85%E1%85%A6%E1%84%8B%E1%85%B5%E1%84%8C%E1%85%A5-p02627809.html,https://static.zara.net/assets/public/590f/71d9/45ec43629333/9144d4f0030c/02627809700-e1/02627809700-e1.jpg?ts=1775041770855,"₩129,900",,,260622,브라운,,,,
,false,,ZARA,바지,슬랙스,여성,100% 린넨 스트레이트 팬츠,https://www.zara.com/kr/ko/100-%E1%84%85%E1%85%B5%E1%86%AB%E1%84%82%E1%85%A6%E1%86%AB-%E1%84%89%E1%85%B3%E1%84%90%E1%85%B3%E1%84%85%E1%85%A6%E1%84%8B%E1%85%B5%E1%84%90%E1%85%B3-%E1%84%91%E1%85%A2%E1%86%AB%E1%84%8E%E1%85%B3-p02624809.html,https://static.zara.net/assets/public/f1fd/591d/77914acdb983/20c542559da1/02624809700-e1/02624809700-e1.jpg?ts=1775029029649,"₩89,900",,,260622,브라운,,,,
,false,,ZARA,아우터,블레이저,여성,러스틱 블레이저,https://www.zara.com/kr/ko/%E1%84%85%E1%85%A5%E1%84%89%E1%85%B3%E1%84%90%E1%85%B5%E1%86%A8-%E1%84%87%E1%85%B3%E1%86%AF%E1%84%85%E1%85%A6%E1%84%8B%E1%85%B5%E1%84%8C%E1%85%A5-p02429761.html,https://static.zara.net/assets/public/f03d/929c/5af342bc800d/a1e70221c6fc/02429761052-p/02429761052-p.jpg?ts=1773162041759,"₩89,900",,,260622,라이트 베이지,,,,
,false,,ZARA,바지,슬랙스,여성,스트레이트 러스틱 팬츠,https://www.zara.com/kr/ko/%E1%84%89%E1%85%B3%E1%84%90%E1%85%B3%E1%84%85%E1%85%A6%E1%84%8B%E1%85%B5%E1%84%90%E1%85%B3-%E1%84%85%E1%85%A5%E1%84%89%E1%85%B3%E1%84%90%E1%85%B5%E1%86%A8-%E1%84%91%E1%85%A2%E1%86%AB%E1%84%8E%E1%85%B3-p02436761.html,https://static.zara.net/assets/public/38fd/3cee/c2e04225855d/374580678193/02436761052-000-f1/02436761052-000-f1.jpg?ts=1773059604908,"₩59,900",,,260622,라이트 베이지,,,,
,false,,ZARA,상의,티셔츠,여성,러스틱 스트라이프 티셔츠,https://www.zara.com/kr/ko/%E1%84%85%E1%85%A5%E1%84%89%E1%85%B3%E1%84%90%E1%85%B5%E1%86%A8-%E1%84%87%E1%85%A5%E1%84%90%E1%85%B3%E1%86%AB%E1%84%82%E1%85%A6%E1%86%A8-%E1%84%90%E1%85%B5%E1%84%89%E1%85%A7%E1%84%8E%E1%85%B3-p01165150.html,https://static.zara.net/assets/public/8f21/3fa3/78224b61aa53/83cfd32cd098/01165150390-p/01165150390-p.jpg?ts=1778767665396,"₩49,900",,,260622,녹색 줄무늬,,,,
,false,,ZARA,바지,반바지,여성,스트라이프 러 스틱 쇼츠,https://www.zara.com/kr/ko/%E1%84%85%E1%85%A5%E1%84%89%E1%85%B3%E1%84%90%E1%85%B5%E1%86%A8-%E1%84%89%E1%85%AD%E1%84%8E%E1%85%B3-p01165149.html,https://static.zara.net/assets/public/f904/7b1b/3ee84e63ae20/c265117a22ff/01165149390-e1/01165149390-e1.jpg?ts=1778688173661,"₩39,900",,,260622,녹색 줄무늬,,,,
,false,,ZARA,상의,탑,여성,크롭 텍스처 재킷,https://www.zara.com/kr/ko/%E1%84%8F%E1%85%B3%E1%84%85%E1%85%A9%E1%86%B8-%E1%84%90%E1%85%A6%E1%86%A8%E1%84%89%E1%85%B3%E1%84%8E%E1%85%A5-%E1%84%8C%E1%85%A2%E1%84%8F%E1%85%B5%E1%86%BA-p05039395.html,https://static.zara.net/assets/public/adbb/6e88/cf914250bbb9/90544a942673/05039395800-p/05039395800-p.jpg?ts=1779809718419,"₩35,900",,,260622,블랙,,,,
,false,,ZARA,바지,슬랙스,여성,텍스처 스트레이트 팬츠,https://www.zara.com/kr/ko/%E1%84%90%E1%85%A6%E1%86%A8%E1%84%89%E1%85%B3%E1%84%8E%E1%85%A5-%E1%84%89%E1%85%B3%E1%84%90%E1%85%B3%E1%84%85%E1%85%A6%E1%84%8B%E1%85%B5%E1%84%90%E1%85%B3-%E1%84%91%E1%85%A2%E1%86%AB%E1%84%8E%E1%85%B3-p05039396.html,https://static.zara.net/assets/public/0448/46e5/18dd415aa533/b8aeba3a9abf/05039396800-f1/05039396800-f1.jpg?ts=1779362227594,"₩45,900",,,260622,블랙,,,,
,false,,ZARA,아우터,블레이저,여성,린넨 버튼 블레이저,https://www.zara.com/kr/ko/%E1%84%85%E1%85%B5%E1%86%AB%E1%84%82%E1%85%A6%E1%86%AB-%E1%84%87%E1%85%A5%E1%84%90%E1%85%B3%E1%86%AB-%E1%84%87%E1%85%B3%E1%86%AF%E1%84%85%E1%85%A6%E1%84%8B%E1%85%B5%E1%84%8C%E1%85%A5-p02597771.html,https://static.zara.net/assets/public/3052/6fe3/19554b99b65d/dcafb5a3266e/02597771309-f1/02597771309-f1.jpg?ts=1772727939694,"₩109,900",,,260622,카레,,,,
,false,,ZARA,바지,버뮤다 팬츠,여성,린넨 커버드 버튼 쇼츠,https://www.zara.com/kr/ko/%E1%84%85%E1%85%B5%E1%84%82%E1%85%A6%E1%86%AB-%E1%84%8F%E1%85%A5%E1%84%87%E1%85%A5%E1%84%83%E1%85%B3-%E1%84%87%E1%85%A5%E1%84%90%E1%85%B3%E1%86%AB-%E1%84%89%E1%85%AD%E1%84%8E%E1%85%B3-p02593771.html,https://static.zara.net/assets/public/59fc/7bf1/659e412d972b/1cc743d0aa50/02593771309-f1/02593771309-f1.jpg?ts=1772701555169,"₩57,900",,,260622,카레,,,,
,false,,ZARA,상의,셔츠/블라우스,여성,쇼트 슬리브 플루이드 셔츠,https://www.zara.com/kr/ko/%E1%84%89%E1%85%AD%E1%84%90%E1%85%B3-%E1%84%89%E1%85%B3%E1%86%AF%E1%84%85%E1%85%B5%E1%84%87%E1%85%B3-%E1%84%91%E1%85%B3%E1%86%AF%E1%84%85%E1%85%AE%E1%84%8B%E1%85%B5%E1%84%83%E1%85%B3-%E1%84%89%E1%85%A7%E1%84%8E%E1%85%B3-p01608322.html,https://static.zara.net/assets/public/dc9f/25a4/3d814368b929/8a9b50982f79/01608322300-f1/01608322300-f1.jpg?ts=1780501760899,"₩55,900",,,260622,노랑,,,,
,false,,ZARA,바지,버뮤다 팬츠,여성,엘라스틱 허리 루즈핏 쇼츠,https://www.zara.com/kr/ko/%E1%84%8B%E1%85%A6%E1%86%AF%E1%84%85%E1%85%A1%E1%84%89%E1%85%B3%E1%84%90%E1%85%B5%E1%86%A8-%E1%84%92%E1%85%A5%E1%84%85%E1%85%B5-%E1%84%85%E1%85%AE%E1%84%8C%E1%85%B3%E1%84%91%E1%85%B5%E1%86%BA-%E1%84%89%E1%85%AD%E1%84%8E%E1%85%B3-p01608222.html,https://static.zara.net/assets/public/7221/8eb3/8a1447c49f94/a7e1b6ddc74e/01608222300-f1/01608222300-f1.jpg?ts=1780501763135,"₩49,900",,,260622,노랑,,,,
,false,,ZARA,상의,탑,여성,도티드 스위스 홀터넥 탑,https://www.zara.com/kr/ko/%E1%84%83%E1%85%A9%E1%84%90%E1%85%B5%E1%84%83%E1%85%B3-%E1%84%89%E1%85%B3%E1%84%8B%E1%85%B1%E1%84%89%E1%85%B3-%E1%84%92%E1%85%A9%E1%86%AF%E1%84%90%E1%85%A5%E1%84%82%E1%85%A6%E1%86%A8-%E1%84%90%E1%85%A1%E1%86%B8-p00264306.html,https://static.zara.net/assets/public/4e17/8138/d1f64423acf9/b2134b9c99a2/00264306800-p/00264306800-p.jpg?ts=1777903856879,"₩35,900",,,260622,블랙,,,,
,false,,ZARA,치마,스커트,여성,도티드 스위스 미디 스커트,https://www.zara.com/kr/ko/%E1%84%83%E1%85%A9%E1%84%90%E1%85%B5%E1%84%83%E1%85%B3-%E1%84%89%E1%85%B3%E1%84%8B%E1%85%B1%E1%84%89%E1%85%B3-%E1%84%86%E1%85%B5%E1%84%83%E1%85%B5-%E1%84%89%E1%85%B3%E1%84%8F%E1%85%A5%E1%84%90%E1%85%B3-p00264307.html,https://static.zara.net/assets/public/8fdd/8802/15fd4703a016/1dddd5c9e8cd/00264307800-p/00264307800-p.jpg?ts=1777903876225,"₩45,900",,,260622,블랙,,,,
,false,,ZARA,상의,티셔츠,여성,브이넥 루즈 탑,https://www.zara.com/kr/ko/%E1%84%87%E1%85%B3%E1%84%8B%E1%85%B5%E1%84%82%E1%85%A6%E1%86%A8-%E1%84%85%E1%85%AE%E1%84%8C%E1%85%B3-%E1%84%90%E1%85%A1%E1%86%B8-p01165004.html,https://static.zara.net/assets/public/f573/0051/58174969b1bc/b75f34c754d0/01165004300-f1/01165004300-f1.jpg?ts=1779287300623,"₩45,900",,,260622,노랑,,,,
,false,,ZARA,치마,스커트,여성,플루이드 언밸런스 스커트,https://www.zara.com/kr/ko/%E1%84%91%E1%85%B3%E1%86%AF%E1%84%85%E1%85%AE%E1%84%8B%E1%85%B5%E1%84%83%E1%85%B3-%E1%84%8B%E1%85%A5%E1%86%AB%E1%84%87%E1%85%A2%E1%86%AF%E1%84%85%E1%85%A5%E1%86%AB%E1%84%89%E1%85%B3-%E1%84%89%E1%85%B3%E1%84%8F%E1%85%A5%E1%84%90%E1%85%B3-p01165021.html,https://static.zara.net/assets/public/61f0/9d3f/f7ce4e8c82ed/feef023b52be/01165021300-f1/01165021300-f1.jpg?ts=1779287301337,"₩55,900",,,260622,노랑,,,,
,false,,ZARA,상의,셔츠/블라우스,여성,스트라이프 포플린 오버사이즈 셔츠,https://www.zara.com/kr/ko/%E1%84%89%E1%85%B3%E1%84%90%E1%85%B3%E1%84%85%E1%85%A1%E1%84%8B%E1%85%B5%E1%84%91%E1%85%B3-%E1%84%91%E1%85%A9%E1%84%91%E1%85%B3%E1%86%AF%E1%84%85%E1%85%B5%E1%86%AB-%E1%84%8B%E1%85%A9%E1%84%87%E1%85%A5%E1%84%89%E1%85%A1%E1%84%8B%E1%85%B5%E1%84%8C%E1%85%B3-%E1%84%89%E1%85%A7%E1%84%8E%E1%85%B3-p04764111.html,https://static.zara.net/assets/public/b8e5/b473/a4024d6ea6a7/c1a55ecab340/04764111131-f1/04764111131-f1.jpg?ts=1780906226956,"₩49,900",,,260622,"그린,화이트",,,,
,false,,ZARA,바지,버뮤다 팬츠,여성,스트라이프 포플린 쇼츠,https://www.zara.com/kr/ko/%E1%84%89%E1%85%B3%E1%84%90%E1%85%B3%E1%84%85%E1%85%A1%E1%84%8B%E1%85%B5%E1%84%91%E1%85%B3-%E1%84%91%E1%85%A9%E1%84%91%E1%85%B3%E1%86%AF%E1%84%85%E1%85%B5%E1%86%AB-%E1%84%89%E1%85%AD%E1%84%8E%E1%85%B3-p01255504.html,https://static.zara.net/assets/public/56e4/c363/79d9490680a3/f78c161bc097/01255504131-f1/01255504131-f1.jpg?ts=1780900564259,"₩49,900",,,260622,"그린,화이트",,,,
,false,,ZARA,상의,티셔츠,여성,코튼 모달 스트랩 탑,https://www.zara.com/kr/ko/%E1%84%8F%E1%85%A9%E1%84%90%E1%85%B3%E1%86%AB-%E1%84%86%E1%85%A9%E1%84%83%E1%85%A1%E1%86%AF-%E1%84%89%E1%85%B3%E1%84%90%E1%85%B3%E1%84%85%E1%85%A2%E1%86%B8-%E1%84%90%E1%85%A1%E1%86%B8-p03641328.html,https://static.zara.net/assets/public/3a1f/a16c/967943299b18/ed6ffa66bc94/03641328737-f1/03641328737-f1.jpg?ts=1771514434159,"₩15,900",,,260622,"브라운,토프",,,,
,false,,ZARA,바지,슬랙스,여성,스트레이트 리브드 팬츠,https://www.zara.com/kr/ko/%E1%84%85%E1%85%B5%E1%84%87%E1%85%B3%E1%84%83%E1%85%B3-%E1%84%89%E1%85%B3%E1%84%90%E1%85%B3%E1%84%85%E1%85%A6%E1%84%8B%E1%85%B5%E1%84%90%E1%85%B3-%E1%84%91%E1%85%A2%E1%86%AB%E1%84%8E%E1%85%B3-p03641380.html,https://static.zara.net/assets/public/1554/f226/f69b4c77887d/12c8c787ee12/03641380737-p/03641380737-p.jpg?ts=1781785604215,"₩45,900",,,260622,"브라운,토프",,,,
,false,,ZARA,상의,티셔츠,여성,워싱 페이크 러스틱 탑,https://www.zara.com/kr/ko/%E1%84%8B%E1%85%AF%E1%84%89%E1%85%B5%E1%86%BC-%E1%84%8B%E1%85%B5%E1%84%91%E1%85%A6%E1%86%A8%E1%84%90%E1%85%B3-%E1%84%85%E1%85%A5%E1%84%89%E1%85%B3%E1%84%90%E1%85%B5%E1%86%A8-%E1%84%90%E1%85%A1%E1%86%B8-p06145055.html,https://static.zara.net/assets/public/8644/aebc/024a4d8bac6a/98a78174256c/06145055807-f1/06145055807-f1.jpg?ts=1770653639021,"₩21,900",,,260622,콜 그레이,,,,
,false,,ZARA,바지,슬랙스,여성,워시드 페이크 플러시 팬츠,https://www.zara.com/kr/ko/%E1%84%91%E1%85%A6%E1%84%8B%E1%85%B5%E1%84%8F%E1%85%B3-%E1%84%8B%E1%85%AF%E1%84%89%E1%85%B5%E1%86%BC-%E1%84%91%E1%85%B3%E1%86%AF%E1%84%85%E1%85%A5%E1%84%89%E1%85%B5-%E1%84%91%E1%85%A2%E1%86%AB%E1%84%8E%E1%85%B3-p06145054.html,https://static.zara.net/assets/public/b6d0/6d20/6b7940179acf/fadf2805ff27/06145054807-f1/06145054807-f1.jpg?ts=1770653693057,"₩55,900",,,260622,콜 그레이,,,,
,false,,ZARA,아우터,블레이저,여성,ZW 컬렉션 루즈핏 숏 트렌치 코트,https://www.zara.com/kr/ko/zw-%E1%84%8F%E1%85%A5%E1%86%AF%E1%84%85%E1%85%A6%E1%86%A8%E1%84%89%E1%85%A7%E1%86%AB-%E1%84%85%E1%85%AE%E1%84%8C%E1%85%B3%E1%84%91%E1%85%B5%E1%86%BA-%E1%84%89%E1%85%AD%E1%86%BA-%E1%84%90%E1%85%B3%E1%84%85%E1%85%A6%E1%86%AB%E1%84%8E%E1%85%B5-%E1%84%8F%E1%85%A9%E1%84%90%E1%85%B3-p06136045.html,https://static.zara.net/assets/public/92a4/85d4/f1e3467ba8ec/4c62b6c540ea/06136045505-p/06136045505-p.jpg?ts=1769693707041,"₩129,900",,,260622,카키,,,,
,false,,ZARA,바지,슬랙스,여성,ZW 컬렉션 플리츠 와이드 레그 팬츠,https://www.zara.com/kr/ko/zw-%E1%84%8F%E1%85%A5%E1%86%AF%E1%84%85%E1%85%A6%E1%86%A8%E1%84%89%E1%85%A7%E1%86%AB-%E1%84%91%E1%85%B3%E1%86%AF%E1%84%85%E1%85%B5%E1%84%8E%E1%85%B3-%E1%84%8B%E1%85%AA%E1%84%8B%E1%85%B5%E1%84%83%E1%85%B3-%E1%84%85%E1%85%A6%E1%84%80%E1%85%B3-%E1%84%91%E1%85%A2%E1%86%AB%E1%84%8E%E1%85%B3-p06136245.html,https://static.zara.net/assets/public/f8db/f3d4/17f84821a898/5f0d88e64d38/06136044505-p/06136044505-p.jpg?ts=1769693701662,"₩89,900",,,260622,카키,,,,
,false,,ZARA,상의,셔츠/블라우스,여성,린넨 오버사이즈 스트라이프 셔츠,https://www.zara.com/kr/ko/%E1%84%85%E1%85%B5%E1%86%AB%E1%84%82%E1%85%A6%E1%86%AB-%E1%84%8B%E1%85%A9%E1%84%87%E1%85%A5%E1%84%89%E1%85%A1%E1%84%8B%E1%85%B5%E1%84%8C%E1%85%B3-%E1%84%89%E1%85%B3%E1%84%90%E1%85%B3%E1%84%85%E1%85%A1%E1%84%8B%E1%85%B5%E1%84%91%E1%85%B3-%E1%84%89%E1%85%A7%E1%84%8E%E1%85%B3-p02710685.html,https://static.zara.net/assets/public/58a4/824f/d95944a59602/755e5f3d8f56/02710685046-p/02710685046-p.jpg?ts=1774450597703,"₩55,900",,,260622,"로즈핑크,화이트",,,,
,false,,ZARA,치마,스커트,여성,스트라이프 린넨 미디 스커트,https://www.zara.com/kr/ko/%E1%84%89%E1%85%B3%E1%84%90%E1%85%B3%E1%84%85%E1%85%A1%E1%84%8B%E1%85%B5%E1%84%91%E1%85%B3-%E1%84%85%E1%85%B5%E1%86%AB%E1%84%82%E1%85%A6%E1%86%AB-%E1%84%86%E1%85%B5%E1%84%83%E1%85%B5-%E1%84%89%E1%85%B3%E1%84%8F%E1%85%A5%E1%84%90%E1%85%B3-p02566685.html,https://static.zara.net/assets/public/c09c/5bab/0cb34151ab4e/003ca91d11c0/02566685046-p/02566685046-p.jpg?ts=1774450589804,"₩59,900",,,260622,"로즈핑크,화이트",,,,
,false,,ZARA,상의,티셔츠,여성,루즈핏 오버사이즈 티셔츠,https://www.zara.com/kr/ko/%E1%84%85%E1%85%AE%E1%84%8C%E1%85%B3%E1%84%91%E1%85%B5%E1%86%BA-%E1%84%8B%E1%85%A9%E1%84%87%E1%85%A5%E1%84%89%E1%85%A1%E1%84%8B%E1%85%B5%E1%84%8C%E1%85%B3-%E1%84%90%E1%85%B5%E1%84%89%E1%85%A7%E1%84%8E%E1%85%B3-p05580004.html,https://static.zara.net/assets/public/ad58/05f8/3e094a8a889c/6818f63374a1/05580004800-f1/05580004800-f1.jpg?ts=1776322619797,"₩35,900",,,260622,블랙,,,,
,false,,ZARA,바지,슬랙스,여성,루즈 팔라초 팬츠,https://www.zara.com/kr/ko/%E1%84%85%E1%85%AE%E1%84%8C%E1%85%B3-%E1%84%91%E1%85%A1%E1%86%AF%E1%84%85%E1%85%A1%E1%84%8E%E1%85%A9-%E1%84%91%E1%85%A2%E1%86%AB%E1%84%8E%E1%85%B3-p05580005.html,https://static.zara.net/assets/public/1c36/9128/ba14466fb808/874cccc5236b/05580005800-f1/05580005800-f1.jpg?ts=1776331584741,"₩45,900",,,260622,블랙,,,,
,false,,ZARA,상의,셔츠/블라우스,여성,ZW 컬렉션 쇼트 슬리브 루즈핏 탑,https://www.zara.com/kr/ko/zw-%E1%84%8F%E1%85%A5%E1%86%AF%E1%84%85%E1%85%A6%E1%86%A8%E1%84%89%E1%85%A7%E1%86%AB-%E1%84%85%E1%85%AE%E1%84%8C%E1%85%B3%E1%84%91%E1%85%B5%E1%86%BA-%E1%84%89%E1%85%AD%E1%84%90%E1%85%B3-%E1%84%89%E1%85%B3%E1%86%AF%E1%84%85%E1%85%B5%E1%84%87%E1%85%B3-%E1%84%90%E1%85%A1%E1%86%B8-p09479074.html,https://static.zara.net/assets/public/d33a/8005/34d84002a630/ec88518bdd9c/09479074737-p/09479074737-p.jpg?ts=1774611576470,"₩59,900",,,260622,"브라운,토프",,,,
,false,,ZARA,바지,슬랙스,여성,ZW 컬렉션 루즈 파자마 팬츠,https://www.zara.com/kr/ko/zw-%E1%84%8F%E1%85%A5%E1%86%AF%E1%84%85%E1%85%A6%E1%86%A8%E1%84%89%E1%85%A7%E1%86%AB-%E1%84%85%E1%85%AE%E1%84%8C%E1%85%B3%E1%84%91%E1%85%B5%E1%86%BA-%E1%84%91%E1%85%A1%E1%84%8C%E1%85%A1%E1%84%86%E1%85%A1-%E1%84%91%E1%85%A2%E1%86%AB%E1%84%8E%E1%85%B3-p09479064.html,https://static.zara.net/assets/public/d182/817d/a77048afaa14/6fc8dec8cb59/09479064737-p/09479064737-p.jpg?ts=1774611576751,"₩59,900",,,260622,"브라운,토프",,,,
,false,,ZARA,상의,탑,여성,스트라이프 스트랩 탑,https://www.zara.com/kr/ko/%E1%84%89%E1%85%B3%E1%84%90%E1%85%B3%E1%84%85%E1%85%A1%E1%84%8B%E1%85%B5%E1%84%91%E1%85%B3-%E1%84%89%E1%85%B3%E1%84%90%E1%85%B3%E1%84%85%E1%85%A2%E1%86%B8-%E1%84%90%E1%85%A1%E1%86%B8-p05584296.html,https://static.zara.net/assets/public/c496/6967/b9c94c459c8f/918744e584ea/05584296104-p/05584296104-p.jpg?ts=1776163250674,"₩39,900",,,260622,스트라이프,,,,
,false,,ZARA,바지,슬랙스,여성,스트라이프 팔라초 팬츠,https://www.zara.com/kr/ko/%E1%84%89%E1%85%B3%E1%84%90%E1%85%B3%E1%84%85%E1%85%A1%E1%84%8B%E1%85%B5%E1%84%91%E1%85%B3-%E1%84%91%E1%85%A1%E1%86%AF%E1%84%85%E1%85%A1%E1%84%8E%E1%85%A9-%E1%84%91%E1%85%A2%E1%86%AB%E1%84%8E%E1%85%B3-p05584297.html,https://static.zara.net/assets/public/15ed/5ba6/2d68477dade5/68e8654d4ca3/05584297104-p/05584297104-p.jpg?ts=1776163252526,"₩49,900",,,260622,스트라이프,,,,
,false,,ZARA,상의,셔츠/블라우스,여성,쇼트 슬리브 플루이드 셔츠,https://www.zara.com/kr/ko/%E1%84%89%E1%85%AD%E1%84%90%E1%85%B3-%E1%84%89%E1%85%B3%E1%86%AF%E1%84%85%E1%85%B5%E1%84%87%E1%85%B3-%E1%84%91%E1%85%B3%E1%86%AF%E1%84%85%E1%85%AE%E1%84%8B%E1%85%B5%E1%84%83%E1%85%B3-%E1%84%89%E1%85%A7%E1%84%8E%E1%85%B3-p02906210.html,https://static.zara.net/assets/public/3282/fba0/5536490d98a2/1422567c1642/02906210753-p/02906210753-p.jpg?ts=1777979459823,"₩49,900",,,260622,초콜렛 블라운,,,,
,false,,ZARA,바지,버뮤다 팬츠,여성,버튼 루즈핏 쇼츠,https://www.zara.com/kr/ko/%E1%84%87%E1%85%A5%E1%84%90%E1%85%B3%E1%86%AB-%E1%84%85%E1%85%AE%E1%84%8C%E1%85%B3%E1%84%91%E1%85%B5%E1%86%BA-%E1%84%89%E1%85%AD%E1%84%8E%E1%85%B3-p06929421.html,https://static.zara.net/assets/public/ba32/e45b/4c3d496f9cf5/a1139d86a784/06929421753-p/06929421753-p.jpg?ts=1777979486625,"₩45,900",,,260622,초콜렛 블라운,,,,
,false,,ZARA,상의,셔츠/블라우스,여성,ZW 컬렉션 린넨 프린지 셔츠,https://www.zara.com/kr/ko/zw-%E1%84%8F%E1%85%A5%E1%86%AF%E1%84%85%E1%85%A6%E1%86%A8%E1%84%89%E1%85%A7%E1%86%AB-%E1%84%85%E1%85%B5%E1%86%AB%E1%84%82%E1%85%A6%E1%86%AB-%E1%84%91%E1%85%B3%E1%84%85%E1%85%B5%E1%86%AB%E1%84%8C%E1%85%B5-%E1%84%89%E1%85%A7%E1%84%8E%E1%85%B3-p04043011.html,https://static.zara.net/assets/public/c8c8/ec16/08764a5b9d0a/dfced8107d78/04043011250-p/04043011250-p.jpg?ts=1780495028086,"₩109,900",,,260622,화이트,,,,
,false,,ZARA,바지,슬랙스,여성,린넨 팬츠 ZW 컬렉션,https://www.zara.com/kr/ko/%E1%84%85%E1%85%B5%E1%86%AB%E1%84%82%E1%85%A6%E1%86%AB-%E1%84%91%E1%85%A2%E1%86%AB%E1%84%8E%E1%85%B3-zw-%E1%84%8F%E1%85%A5%E1%86%AF%E1%84%85%E1%85%A6%E1%86%A8%E1%84%89%E1%85%A7%E1%86%AB-p04043240.html,https://static.zara.net/assets/public/d4ba/7db4/a270401296d8/4cb62d72d217/04043240250-p/04043240250-p.jpg?ts=1780495031472,"₩109,900",,,260622,화이트,,,,
,false,,ZARA,상의,니트,여성,쇼트 슬리브 니트 스웨터,https://www.zara.com/kr/ko/%E1%84%89%E1%85%AD%E1%84%90%E1%85%B3-%E1%84%89%E1%85%B3%E1%86%AF%E1%84%85%E1%85%B5%E1%84%87%E1%85%B3-%E1%84%82%E1%85%B5%E1%84%90%E1%85%B3-%E1%84%89%E1%85%B3%E1%84%8B%E1%85%B0%E1%84%90%E1%85%A5-p04192084.html,https://static.zara.net/assets/public/3f4e/be16/e22849b78506/e15efd2e1418/04192084919-f1/04192084919-f1.jpg?ts=1777013022939,"₩59,900",,,260622,레드 코랄,,,,
,false,,ZARA,바지,슬랙스,여성,플레어 니트 팬츠,https://www.zara.com/kr/ko/%E1%84%91%E1%85%B3%E1%86%AF%E1%84%85%E1%85%A6%E1%84%8B%E1%85%A5-%E1%84%82%E1%85%B5%E1%84%90%E1%85%B3-%E1%84%91%E1%85%A2%E1%86%AB%E1%84%8E%E1%85%B3-p04192086.html,https://static.zara.net/assets/public/7f11/4819/6e784eda89aa/ebd8c553e78b/04192086919-f1/04192086919-f1.jpg?ts=1777288738419,"₩55,900",,,260622,레드 코랄,,,,
,false,,ZARA,기타,WAISTCOAT,여성,홀터넥 포플린 탑,https://www.zara.com/kr/ko/%E1%84%89%E1%85%B3%E1%84%90%E1%85%B3%E1%84%85%E1%85%A1%E1%84%8B%E1%85%B5%E1%84%91%E1%85%B3-%E1%84%91%E1%85%A9%E1%84%91%E1%85%B3%E1%86%AF%E1%84%85%E1%85%B5%E1%86%AB-%E1%84%92%E1%85%A9%E1%86%AF%E1%84%90%E1%85%A5%E1%84%82%E1%85%A6%E1%86%A8-%E1%84%90%E1%85%A1%E1%86%B8-p02010746.html,https://static.zara.net/assets/public/35dc/23c8/c3764db0908e/0e7f33a8c471/02010747800-f1/02010747800-f1.jpg?ts=1780900600479,"₩49,900",,,260622,블랙,,,,
,false,,ZARA,바지,슬랙스,여성,포플린 와이드 팬츠,https://www.zara.com/kr/ko/%E1%84%89%E1%85%B3%E1%84%90%E1%85%B3%E1%84%85%E1%85%A1%E1%84%8B%E1%85%B5%E1%84%91%E1%85%B3-%E1%84%91%E1%85%A9%E1%84%91%E1%85%B3%E1%86%AF%E1%84%85%E1%85%B5%E1%86%AB-%E1%84%8B%E1%85%AA%E1%84%8B%E1%85%B5%E1%84%83%E1%85%B3-%E1%84%91%E1%85%A2%E1%86%AB%E1%84%8E%E1%85%B3-p03152456.html,https://static.zara.net/assets/public/b28b/bf68/bded4acc9d33/a0e6dfeff0cf/03152457800-f1/03152457800-f1.jpg?ts=1780648875067,"₩59,900",,,260622,블랙,,,,
,false,,ZARA,상의,탑,여성,스트라이프 스트럭처 니트 탑,https://www.zara.com/kr/ko/%E1%84%89%E1%85%B3%E1%84%90%E1%85%B3%E1%84%85%E1%85%A1%E1%84%8B%E1%85%B5%E1%84%91%E1%85%B3-%E1%84%89%E1%85%B3%E1%84%90%E1%85%B3%E1%84%85%E1%85%A5%E1%86%A8%E1%84%8E%E1%85%A5-%E1%84%82%E1%85%B5%E1%84%90%E1%85%B3-%E1%84%90%E1%85%A1%E1%86%B8-p06236032.html,https://static.zara.net/assets/public/28aa/c3a4/b5e04068a170/bd8c066107c3/06236032330-f1/06236032330-f1.jpg?ts=1779720337013,"₩39,900",,,260622,멀티컬러,,,,
,false,,ZARA,바지,반바지,여성,스트라이프 니트 쇼츠,https://www.zara.com/kr/ko/%E1%84%89%E1%85%B3%E1%84%90%E1%85%B3%E1%84%85%E1%85%A1%E1%84%8B%E1%85%B5%E1%84%91%E1%85%B3-%E1%84%82%E1%85%B5%E1%84%90%E1%85%B3-%E1%84%89%E1%85%AD%E1%84%8E%E1%85%B3-p06236033.html,https://static.zara.net/assets/public/ec59/95d2/38454065a34d/a0ad4947e002/06236033330-f1/06236033330-f1.jpg?ts=1779720337865,"₩35,900",,,260622,멀티컬러,,,,
,false,,ZARA,상의,탑,여성,러스틱 쇼트 슬리브 탑,https://www.zara.com/kr/ko/%E1%84%85%E1%85%A5%E1%84%89%E1%85%B3%E1%84%90%E1%85%B5%E1%86%A8-%E1%84%89%E1%85%AD%E1%84%90%E1%85%B3-%E1%84%89%E1%85%B3%E1%86%AF%E1%84%85%E1%85%B5%E1%84%87%E1%85%B3-%E1%84%90%E1%85%A1%E1%86%B8-p05067951.html,https://static.zara.net/assets/public/0348/7380/bc0a4c40abd8/4eed50435344/01058151716-p/01058151716-p.jpg?ts=1771415483851,"₩39,900",,,260622,다크 브라운,,,,
,false,,ZARA,바지,슬랙스,여성,러스틱 와이드 레그 팬츠,https://www.zara.com/kr/ko/%E1%84%85%E1%85%A5%E1%84%89%E1%85%B3%E1%84%90%E1%85%B5%E1%86%A8-%E1%84%8B%E1%85%AA%E1%84%8B%E1%85%B5%E1%84%83%E1%85%B3-%E1%84%85%E1%85%A6%E1%84%80%E1%85%B3-%E1%84%91%E1%85%A2%E1%86%AB%E1%84%8E%E1%85%B3-p05067950.html,https://static.zara.net/assets/public/4b79/5ea4/c39746bab315/4fb6e4c932f8/01058150716-p/01058150716-p.jpg?ts=1771415478117,"₩45,900",,,260622,다크 브라운,,,,
,false,,ZARA,아우터,블레이저,여성,ZW 컬렉션 크롭 스트라이프 블레이저,https://www.zara.com/kr/ko/zw-%E1%84%8F%E1%85%A5%E1%86%AF%E1%84%85%E1%85%A6%E1%86%A8%E1%84%89%E1%85%A7%E1%86%AB-%E1%84%8F%E1%85%B3%E1%84%85%E1%85%A9%E1%86%B8-%E1%84%89%E1%85%B3%E1%84%90%E1%85%B3%E1%84%85%E1%85%A1%E1%84%8B%E1%85%B5%E1%84%91%E1%85%B3-%E1%84%87%E1%85%B3%E1%86%AF%E1%84%85%E1%85%A6%E1%84%8B%E1%85%B5%E1%84%8C%E1%85%A5-p02800915.html,https://static.zara.net/assets/public/aff8/9187/b0544d6eb842/9cd94c990fc1/02800915450-p/02800915450-p.jpg?ts=1777540701457,"₩169,900",,,260622,베이지,,,,
,false,,ZARA,치마,스커트,여성,ZW 컬렉션 스트라이프 스트레이트 스커트,https://www.zara.com/kr/ko/zw-%E1%84%8F%E1%85%A5%E1%86%AF%E1%84%85%E1%85%A6%E1%86%A8%E1%84%89%E1%85%A7%E1%86%AB-%E1%84%89%E1%85%B3%E1%84%90%E1%85%B3%E1%84%85%E1%85%A1%E1%84%8B%E1%85%B5%E1%84%91%E1%85%B3-%E1%84%89%E1%85%B3%E1%84%90%E1%85%B3%E1%84%85%E1%85%A6%E1%84%8B%E1%85%B5%E1%84%90%E1%85%B3-%E1%84%89%E1%85%B3%E1%84%8F%E1%85%A5%E1%84%90%E1%85%B3-p02810915.html,https://static.zara.net/assets/public/d581/5112/f5694235b04a/f74fdab37a71/02810915450-p/02810915450-p.jpg?ts=1777540706244,"₩109,900",,,260622,베이지,,,,
,false,,ZARA,아우터,블레이저,여성,페이크 링클 숄더 패드 블레이저,https://www.zara.com/kr/ko/%E1%84%85%E1%85%B5%E1%86%BC%E1%84%8F%E1%85%B3%E1%86%AF-%E1%84%8B%E1%85%B5%E1%84%91%E1%85%A6%E1%86%A8%E1%84%90%E1%85%B3-%E1%84%89%E1%85%AD%E1%86%AF%E1%84%83%E1%85%A5-%E1%84%91%E1%85%A2%E1%84%83%E1%85%B3-%E1%84%87%E1%85%B3%E1%86%AF%E1%84%85%E1%85%A6%E1%84%8B%E1%85%B5%E1%84%8C%E1%85%A5-p02777731.html,https://static.zara.net/assets/public/49cb/9bbc/cf7042aaa770/b2aad0feb09f/02777731735-p/02777731735-p.jpg?ts=1777473428684,"₩129,900",,,260622,구리,,,,
,false,,ZARA,바지,슬랙스,여성,링클 이펙트 퀼로트 팬츠,https://www.zara.com/kr/ko/%E1%84%85%E1%85%B5%E1%86%BC%E1%84%8F%E1%85%B3%E1%86%AF-%E1%84%8B%E1%85%B5%E1%84%91%E1%85%A6%E1%86%A8%E1%84%90%E1%85%B3-%E1%84%8F%E1%85%B1%E1%86%AF%E1%84%85%E1%85%A9%E1%84%90%E1%85%B3-%E1%84%91%E1%85%A2%E1%86%AB%E1%84%8E%E1%85%B3-p02781731.html,https://static.zara.net/assets/public/ec1b/3b91/7a2d41cc9c26/6443d4cf3031/02781731735-f1/02781731735-f1.jpg?ts=1777467735083,"₩79,900",,,260622,구리,,,,
,false,,ZARA,아우터,블레이저,여성,페이크 링클 숄더 패드 블레이저,https://www.zara.com/kr/ko/%E1%84%85%E1%85%B5%E1%86%BC%E1%84%8F%E1%85%B3%E1%86%AF-%E1%84%8B%E1%85%B5%E1%84%91%E1%85%A6%E1%86%A8%E1%84%90%E1%85%B3-%E1%84%89%E1%85%AD%E1%86%AF%E1%84%83%E1%85%A5-%E1%84%91%E1%85%A2%E1%84%83%E1%85%B3-%E1%84%87%E1%85%B3%E1%86%AF%E1%84%85%E1%85%A6%E1%84%8B%E1%85%B5%E1%84%8C%E1%85%A5-p02777731.html,https://static.zara.net/assets/public/3ccf/9e24/5a284e7ab476/271c051e0b0d/02777731735-f1/02777731735-f1.jpg?ts=1777444968683,"₩129,900",,,260622,구리,,,,
,false,,ZARA,바지,슬랙스,여성,링클 이펙트 퀼로트 팬츠,https://www.zara.com/kr/ko/%E1%84%85%E1%85%B5%E1%86%BC%E1%84%8F%E1%85%B3%E1%86%AF-%E1%84%8B%E1%85%B5%E1%84%91%E1%85%A6%E1%86%A8%E1%84%90%E1%85%B3-%E1%84%8F%E1%85%B1%E1%86%AF%E1%84%85%E1%85%A9%E1%84%90%E1%85%B3-%E1%84%91%E1%85%A2%E1%86%AB%E1%84%8E%E1%85%B3-p02781731.html,https://static.zara.net/assets/public/ec1b/3b91/7a2d41cc9c26/6443d4cf3031/02781731735-f1/02781731735-f1.jpg?ts=1777467735083,"₩79,900",,,260622,구리,,,,
,false,,ZARA,상의,셔츠/블라우스,여성,린넨 파이핑 디테일 블라우스,https://www.zara.com/kr/ko/%E1%84%85%E1%85%B5%E1%86%AB%E1%84%82%E1%85%A6%E1%86%AB-%E1%84%91%E1%85%A1%E1%84%8B%E1%85%B5%E1%84%91%E1%85%B5%E1%86%BC-%E1%84%83%E1%85%B5%E1%84%90%E1%85%A6%E1%84%8B%E1%85%B5%E1%86%AF-%E1%84%87%E1%85%B3%E1%86%AF%E1%84%85%E1%85%A1%E1%84%8B%E1%85%AE%E1%84%89%E1%85%B3-p07699753.html,https://static.zara.net/assets/public/0ccd/009c/93c242b8bf81/02438ca43537/07699753406-p/07699753406-p.jpg?ts=1779447453641,"₩55,900",,,260622,라이트 블루,,,,
,false,,ZARA,바지,슬랙스,여성,린넨 파이핑 팬츠,https://www.zara.com/kr/ko/%E1%84%85%E1%85%B5%E1%86%AB%E1%84%82%E1%85%A6%E1%86%AB-%E1%84%91%E1%85%A1%E1%84%8B%E1%85%B5%E1%84%91%E1%85%B5%E1%86%BC-%E1%84%91%E1%85%A2%E1%86%AB%E1%84%8E%E1%85%B3-p07728753.html,https://static.zara.net/assets/public/81d8/8db5/8a4e474bad72/4c896a86b5ea/07728753406-f1/07728753406-f1.jpg?ts=1779435925520,"₩59,900",,,260622,라이트 블루,,,,
,false,,ZARA,바지,슬랙스,여성,ZW 컬렉션 린넨 배럴 팬츠,https://www.zara.com/kr/ko/100-%E1%84%85%E1%85%B5%E1%86%AB%E1%84%82%E1%85%A6%E1%86%AB-%E1%84%87%E1%85%A2%E1%84%85%E1%85%A5%E1%86%AF-%E1%84%91%E1%85%A2%E1%86%AB%E1%84%8E%E1%85%B3-zw-%E1%84%8F%E1%85%A5%E1%86%AF%E1%84%85%E1%85%A6%E1%86%A8%E1%84%89%E1%85%A7%E1%86%AB-p04344045.html,https://static.zara.net/assets/public/0ffa/c1ea/24c842c6ae62/538f0f5760a0/04344045619-e1/04344045619-e1.jpg?ts=1773995341867,"₩89,900",,,260622,라이트 제비꽃,,,,
,false,,ZARA,상의,셔츠/블라우스,여성,ZW 컬렉션 린넨 포켓 셔츠,https://www.zara.com/kr/ko/zw-%E1%84%8F%E1%85%A5%E1%86%AF%E1%84%85%E1%85%A6%E1%86%A8%E1%84%89%E1%85%A7%E1%86%AB-100-%E1%84%85%E1%85%B5%E1%86%AB%E1%84%82%E1%85%A6%E1%86%AB-%E1%84%91%E1%85%A9%E1%84%8F%E1%85%A6%E1%86%BA-%E1%84%89%E1%85%A7%E1%84%8E%E1%85%B3-p05344010.html,https://static.zara.net/assets/public/aed7/ebde/024843d2b94c/9632fe06c3d6/05344010619-015-e1/05344010619-015-e1.jpg?ts=1775058044409,"₩79,900",,,260622,라이트 제비꽃,,,,
,false,,ZARA,아우터,블레이저,여성,숄더 패드 타이트핏 블레이저,https://www.zara.com/kr/ko/%E1%84%89%E1%85%AD%E1%86%AF%E1%84%83%E1%85%A5-%E1%84%91%E1%85%A2%E1%84%83%E1%85%B3-%E1%84%90%E1%85%A1%E1%84%8B%E1%85%B5%E1%84%90%E1%85%B3%E1%84%91%E1%85%B5%E1%86%BA-%E1%84%87%E1%85%B3%E1%86%AF%E1%84%85%E1%85%A6%E1%84%8B%E1%85%B5%E1%84%8C%E1%85%A5-p02655824.html,https://static.zara.net/assets/public/cd80/c3db/59e340a4bad0/8d226ce9c899/02655824712-f1/02655824712-f1.jpg?ts=1777546776676,"₩109,900",,,260622,크림,,,,
,false,,ZARA,바지,슬랙스,여성,볼륨 플리츠 팬츠,https://www.zara.com/kr/ko/%E1%84%87%E1%85%A9%E1%86%AF%E1%84%85%E1%85%B2%E1%86%B7-%E1%84%91%E1%85%B3%E1%86%AF%E1%84%85%E1%85%B5%E1%84%8E%E1%85%B3-%E1%84%91%E1%85%A2%E1%86%AB%E1%84%8E%E1%85%B3-p02857824.html,https://static.zara.net/assets/public/4bc8/c0c8/710e45dea9e1/6b7eabc7c8ad/02857824712-f1/02857824712-f1.jpg?ts=1777546769131,"₩79,900",,,260622,크림,,,,
,false,,ZARA,상의,셔츠/블라우스,여성,ZW 컬렉션 리본 플루이드 블라우스,https://www.zara.com/kr/ko/zw-%E1%84%8F%E1%85%A5%E1%86%AF%E1%84%85%E1%85%A6%E1%86%A8%E1%84%89%E1%85%A7%E1%86%AB-%E1%84%85%E1%85%B5%E1%84%87%E1%85%A9%E1%86%AB-%E1%84%91%E1%85%B3%E1%86%AF%E1%84%85%E1%85%AE%E1%84%8B%E1%85%B5%E1%84%83%E1%85%B3-%E1%84%87%E1%85%B3%E1%86%AF%E1%84%85%E1%85%A1%E1%84%8B%E1%85%AE%E1%84%89%E1%85%B3-p04786056.html,https://static.zara.net/assets/public/5346/c900/72d84f009fa9/59b4f5e53efd/04786056802-p/04786056802-p.jpg?ts=1774949058284,"₩89,900",,,260622,그레이,,,,
,false,,ZARA,바지,슬랙스,여성,ZW 컬렉션 루즈 팬츠,https://www.zara.com/kr/ko/zw-%E1%84%8F%E1%85%A5%E1%86%AF%E1%84%85%E1%85%A6%E1%86%A8%E1%84%89%E1%85%A7%E1%86%AB-%E1%84%85%E1%85%AE%E1%84%8C%E1%85%B3-%E1%84%91%E1%85%A2%E1%86%AB%E1%84%8E%E1%85%B3-p04786053.html,https://static.zara.net/assets/public/e3c4/c93b/3cfb48e9b8dd/e9f554ee7055/04786053802-p/04786053802-p.jpg?ts=1774949057687,"₩109,900",,,260622,그레이,,,,
,false,,ZARA,아우터,블레이저,여성,레이스 크롭 블레이저,https://www.zara.com/kr/ko/%E1%84%85%E1%85%A6%E1%84%8B%E1%85%B5%E1%84%89%E1%85%B3-%E1%84%8F%E1%85%B3%E1%84%85%E1%85%A9%E1%86%B8-%E1%84%87%E1%85%B3%E1%86%AF%E1%84%85%E1%85%A6%E1%84%8B%E1%85%B5%E1%84%8C%E1%85%A5-p02783733.html,https://static.zara.net/assets/public/8346/5a7e/41c448df80f1/6ebca7de70f1/02783733052-f1/02783733052-f1.jpg?ts=1776331588712,"₩89,900",,,260622,라이트 베이지,,,,
,false,,ZARA,바지,버뮤다 팬츠,여성,레이스 플리츠 버뮤다 팬츠,https://www.zara.com/kr/ko/%E1%84%85%E1%85%A6%E1%84%8B%E1%85%B5%E1%84%89%E1%85%B3-%E1%84%91%E1%85%B3%E1%86%AF%E1%84%85%E1%85%B5%E1%84%8E%E1%85%B3-%E1%84%87%E1%85%A5%E1%84%86%E1%85%B2%E1%84%83%E1%85%A1-%E1%84%91%E1%85%A2%E1%86%AB%E1%84%8E%E1%85%B3-p02708733.html,https://static.zara.net/assets/public/7dcc/fb26/13864af0892e/2a5b295c3b56/02708733052-f1/02708733052-f1.jpg?ts=1776332981740,"₩55,900",,,260622,라이트 베이지,,,,
,false,,ZARA,기타,WAISTCOAT,여성,깅엄 체크 코르셋 홀터넥 탑,https://www.zara.com/kr/ko/%E1%84%8F%E1%85%A9%E1%84%85%E1%85%B3%E1%84%89%E1%85%A6%E1%86%BA-%E1%84%92%E1%85%A9%E1%86%AF%E1%84%90%E1%85%A5%E1%84%82%E1%85%A6%E1%86%A8-%E1%84%90%E1%85%A1%E1%86%B8-p02010851.html,https://static.zara.net/assets/public/7549/5441/bc084adaa9cb/63fa1e480cf0/02010851615-a1/02010851615-a1.jpg?ts=1779359033440,"₩55,900",,,260622,오렌지,,,,
,false,,ZARA,바지,버뮤다 팬츠,여성,깅엄 체크 슬릿 스커트 팬츠,https://www.zara.com/kr/ko/%E1%84%89%E1%85%B3%E1%86%AF%E1%84%85%E1%85%B5%E1%86%BA-%E1%84%89%E1%85%B3%E1%84%8F%E1%85%A5%E1%84%90%E1%85%B3-%E1%84%91%E1%85%A2%E1%86%AB%E1%84%8E%E1%85%B3-p03067454.html,https://static.zara.net/assets/public/4bb0/b6f2/bf6e4ebd9f50/39a0cc89d884/03067453615-p/03067453615-p.jpg?ts=1779359045950,"₩49,900","₩29,900",40,260622,오렌지,,,,
,false,,ZARA,아우터,블레이저,여성,벌룬 재킷,https://www.zara.com/kr/ko/%E1%84%87%E1%85%A5%E1%86%AF%E1%84%85%E1%85%AE%E1%86%AB-%E1%84%8C%E1%85%A2%E1%84%8F%E1%85%B5%E1%86%BA-p08372200.html,https://static.zara.net/assets/public/94b5/db50/ba354a2b9e7a/b15ee77f93c1/08372200505-000-p/08372200505-000-p.jpg?ts=1772643350494,"₩79,900",,,260622,카키,,,,
,false,,ZARA,바지,슬랙스,여성,배럴 플리츠 팬츠,https://www.zara.com/kr/ko/%E1%84%87%E1%85%A2%E1%84%85%E1%85%A5%E1%86%AF-%E1%84%91%E1%85%B3%E1%86%AF%E1%84%85%E1%85%B5%E1%84%8E%E1%85%B3-%E1%84%91%E1%85%A2%E1%86%AB%E1%84%8E%E1%85%B3-p08372100.html,https://static.zara.net/assets/public/bc61/28a9/ea3344f1b343/ccb5a4094c85/08372100505-000-p/08372100505-000-p.jpg?ts=1772643345428,"₩59,900",,,260622,카키,,,,
,false,,ZARA,상의,티셔츠,여성,자수 탑,https://www.zara.com/kr/ko/%E1%84%8C%E1%85%A1%E1%84%89%E1%85%AE-%E1%84%90%E1%85%A1%E1%86%B8-p01165107.html,https://static.zara.net/assets/public/5e6e/a135/e8ce4ca08cd9/eef52d106fd2/01165107250-f1/01165107250-f1.jpg?ts=1773849195247,"₩49,900",,,260622,화이트,,,,
,false,,ZARA,바지,반바지,여성,자수 쇼츠,https://www.zara.com/kr/ko/%E1%84%8C%E1%85%A1%E1%84%89%E1%85%AE-%E1%84%89%E1%85%AD%E1%84%8E%E1%85%B3-p01165106.html,https://static.zara.net/assets/public/9bec/937d/dd3b4b11a99d/203f3f6f38f4/01165106250-f1/01165106250-f1.jpg?ts=1773849217100,"₩55,900",,,260622,화이트,,,,
,false,,ZARA,상의,셔츠/블라우스,여성,메탈릭 얀 시퀸 패턴 홀터넥 탑,https://www.zara.com/kr/ko/%E1%84%86%E1%85%A6%E1%84%90%E1%85%A1%E1%86%AF%E1%84%85%E1%85%B5%E1%86%A8-%E1%84%8B%E1%85%A3%E1%86%AB-%E1%84%89%E1%85%B5%E1%84%8F%E1%85%B1%E1%86%AB-%E1%84%91%E1%85%A2%E1%84%90%E1%85%A5%E1%86%AB-%E1%84%92%E1%85%A9%E1%86%AF%E1%84%90%E1%85%A5%E1%84%82%E1%85%A6%E1%86%A8-%E1%84%90%E1%85%A1%E1%86%B8-p07200023.html,https://static.zara.net/assets/public/5dfc/93c8/4470470882c1/4930f8135916/07200023330-000-p/07200023330-000-p.jpg?ts=1778079097905,"₩49,900",,,260622,멀티컬러,,,,
,false,,ZARA,치마,스커트,여성,메탈릭 얀 시퀸 벌룬 스커트,https://www.zara.com/kr/ko/%E1%84%86%E1%85%A6%E1%84%90%E1%85%A1%E1%86%AF%E1%84%85%E1%85%B5%E1%86%A8-%E1%84%8B%E1%85%A3%E1%86%AB-%E1%84%89%E1%85%B5%E1%84%8F%E1%85%B1%E1%86%AB-%E1%84%87%E1%85%A5%E1%86%AF%E1%84%85%E1%85%AE%E1%86%AB-%E1%84%89%E1%85%B3%E1%84%8F%E1%85%A5%E1%84%90%E1%85%B3-p07200022.html,https://static.zara.net/assets/public/5b80/cbc6/c7f845b28ece/c1b415721d55/07200022330-p/07200022330-p.jpg?ts=1778078963727,"₩55,900",,,260622,멀티컬러,,,,
,false,,ZARA,상의,셔츠/블라우스,여성,ZW 컬렉션 100% 린넨 끈 탑,https://www.zara.com/kr/ko/zw-%E1%84%8F%E1%85%A5%E1%86%AF%E1%84%85%E1%85%A6%E1%86%A8%E1%84%89%E1%85%A7%E1%86%AB-100-%E1%84%85%E1%85%B5%E1%84%82%E1%85%A6%E1%86%AB-%E1%84%8F%E1%85%A9%E1%84%83%E1%85%B3-%E1%84%90%E1%85%A1%E1%86%B8-p05344016.html,https://static.zara.net/assets/public/7695/79ae/c2974e57bc04/71d9a3e01312/05344016737-p/05344016737-p.jpg?ts=1779371953358,"₩59,900",,,260622,"브라운,토프",,,,
,false,,ZARA,바지,슬랙스,여성,ZW 컬렉션 100% 리넨 슬릿 팬츠,https://www.zara.com/kr/ko/zw-%E1%84%8F%E1%85%A5%E1%86%AF%E1%84%85%E1%85%A6%E1%86%A8%E1%84%89%E1%85%A7%E1%86%AB-100-%E1%84%85%E1%85%B5%E1%84%82%E1%85%A6%E1%86%AB-%E1%84%89%E1%85%B3%E1%86%AF%E1%84%85%E1%85%B5%E1%86%BA-%E1%84%91%E1%85%A2%E1%86%AB%E1%84%8E%E1%85%B3-p01936334.html,https://static.zara.net/assets/public/6ed4/e5c7/919f45b79ab1/0819e129a26a/04344041737-p/04344041737-p.jpg?ts=1779371869155,"₩79,900",,,260622,"브라운,토프",,,,
,false,,ZARA,상의,탑,여성,패치워크 스트랩 탑,https://www.zara.com/kr/ko/%E1%84%91%E1%85%A2%E1%84%8E%E1%85%B5%E1%84%8B%E1%85%AF%E1%84%8F%E1%85%B3-%E1%84%89%E1%85%B3%E1%84%90%E1%85%B3%E1%84%85%E1%85%A2%E1%86%B8-%E1%84%90%E1%85%A1%E1%86%B8-p08779187.html,https://static.zara.net/assets/public/d42f/757d/7d7d4ab79e79/0f3ccab77a32/08779187712-p/08779187712-p.jpg?ts=1773136427086,"₩55,900",,,260622,크림,,,,
,false,,ZARA,치마,스커트,여성,크로셰 패치워크 스커트,https://www.zara.com/kr/ko/%E1%84%8F%E1%85%B3%E1%84%85%E1%85%A9%E1%84%89%E1%85%A8-%E1%84%91%E1%85%A2%E1%84%8E%E1%85%B5%E1%84%8B%E1%85%AF%E1%84%8F%E1%85%B3-%E1%84%89%E1%85%B3%E1%84%8F%E1%85%A5%E1%84%90%E1%85%B3-p08779188.html,https://static.zara.net/assets/public/cfd0/bd4a/a4544ade91b2/35c087067589/08779188712-p/08779188712-p.jpg?ts=1773136431938,"₩57,900",,,260622,크림,,,,
,false,,ZARA,상의,셔츠/블라우스,여성,쇼트 슬리브 플루이드 셔츠,https://www.zara.com/kr/ko/%E1%84%89%E1%85%AD%E1%84%90%E1%85%B3-%E1%84%89%E1%85%B3%E1%86%AF%E1%84%85%E1%85%B5%E1%84%87%E1%85%B3-%E1%84%91%E1%85%B3%E1%86%AF%E1%84%85%E1%85%AE%E1%84%8B%E1%85%B5%E1%84%83%E1%85%B3-%E1%84%89%E1%85%A7%E1%84%8E%E1%85%B3-p04387021.html,https://static.zara.net/assets/public/008d/0a09/83584a8db79a/a98596846b2d/04387021716-p/04387021716-p.jpg?ts=1777449822749,"₩45,900",,,260622,다크 브라운,,,,
,false,,ZARA,바지,슬랙스,여성,루즈핏 스트레이트 팬츠,https://www.zara.com/kr/ko/%E1%84%85%E1%85%AE%E1%84%8C%E1%85%B3%E1%84%91%E1%85%B5%E1%86%BA-%E1%84%89%E1%85%B3%E1%84%90%E1%85%B3%E1%84%85%E1%85%A6%E1%84%8B%E1%85%B5%E1%84%90%E1%85%B3-%E1%84%91%E1%85%A2%E1%86%AB%E1%84%8E%E1%85%B3-p04387023.html,https://static.zara.net/assets/public/68f3/e080/fd454335a04b/25a22e093b16/04387023716-p/04387023716-p.jpg?ts=1777449827915,"₩49,900",,,260622,다크 브라운,,,,
,false,,ZARA,기타,SWEATSHIRT,여성,플러시 지퍼 재킷,https://www.zara.com/kr/ko/%E1%84%91%E1%85%B3%E1%86%AF%E1%84%85%E1%85%A5%E1%84%89%E1%85%B5-%E1%84%8C%E1%85%B5%E1%84%91%E1%85%A5-%E1%84%8C%E1%85%A2%E1%84%8F%E1%85%B5%E1%86%BA-p04174816.html,https://static.zara.net/assets/public/c0da/8cb8/ce174f868d47/cfe0393aa2dc/04174816800-f1/04174816800-f1.jpg?ts=1769210686276,"₩49,900",,,260622,블랙,,,,
,false,,ZARA,바지,슬랙스,여성,플러시 플레어 팬츠,https://www.zara.com/kr/ko/%E1%84%91%E1%85%B3%E1%86%AF%E1%84%85%E1%85%A5%E1%84%89%E1%85%B5-%E1%84%91%E1%85%B3%E1%86%AF%E1%84%85%E1%85%A6%E1%84%8B%E1%85%A5-%E1%84%91%E1%85%A2%E1%86%AB%E1%84%8E%E1%85%B3-p04174817.html,https://static.zara.net/assets/public/f547/9d65/90c1433cbef4/8a338d612925/04174817800-f1/04174817800-f1.jpg?ts=1769210685851,"₩45,900",,,260622,블랙,,,,
,false,,ZARA,상의,셔츠/블라우스,여성,쇼트 슬리브 플루이드 셔츠,https://www.zara.com/kr/ko/%E1%84%89%E1%85%AD%E1%84%90%E1%85%B3-%E1%84%89%E1%85%B3%E1%86%AF%E1%84%85%E1%85%B5%E1%84%87%E1%85%B3-%E1%84%91%E1%85%B3%E1%86%AF%E1%84%85%E1%85%AE%E1%84%8B%E1%85%B5%E1%84%83%E1%85%B3-%E1%84%89%E1%85%A7%E1%84%8E%E1%85%B3-p06929068.html,https://static.zara.net/assets/public/c04d/9c78/ff1c4486b8e7/942d62e70ca6/06929068406-070-p/06929068406-070-p.jpg?ts=1781687020838,"₩55,900",,,260622,라이트 블루,,,,
,false,,ZARA,바지,슬랙스,여성,루즈핏 드로스트링 팬츠,https://www.zara.com/kr/ko/%E1%84%85%E1%85%AE%E1%84%8C%E1%85%B3%E1%84%91%E1%85%B5%E1%86%BA-%E1%84%83%E1%85%B3%E1%84%85%E1%85%A9%E1%84%89%E1%85%B3%E1%84%90%E1%85%B3%E1%84%85%E1%85%B5%E1%86%BC-%E1%84%91%E1%85%A2%E1%86%AB%E1%84%8E%E1%85%B3-p06929019.html,https://static.zara.net/assets/public/0b5b/ad09/1e1c49d5bd57/ed1f747adb2d/06929019406-p/06929019406-p.jpg?ts=1781622785718,"₩55,900",,,260622,라이트 블루,,,,
,false,,ZARA,아우터,블레이저,여성,배색 파이핑 쇼트 슬리브 블레이저,https://www.zara.com/kr/ko/%E1%84%8F%E1%85%A9%E1%86%AB%E1%84%90%E1%85%B3%E1%84%85%E1%85%A1%E1%84%89%E1%85%B3%E1%84%90%E1%85%B3-%E1%84%91%E1%85%A1%E1%84%8B%E1%85%B5%E1%84%91%E1%85%B5%E1%86%BC-%E1%84%89%E1%85%AD%E1%84%90%E1%85%B3-%E1%84%89%E1%85%B3%E1%86%AF%E1%84%85%E1%85%B5%E1%84%87%E1%85%B3-%E1%84%87%E1%85%B3%E1%86%AF%E1%84%85%E1%85%A6%E1%84%8B%E1%85%B5%E1%84%8C%E1%85%A5-p02851595.html,https://static.zara.net/assets/public/10a9/d507/57254e51ad26/d0aab940da0c/02851595251-f1/02851595251-f1.jpg?ts=1777546843352,"₩89,900",,,260622,스크래치 화이트,,,,
,false,,ZARA,바지,슬랙스,여성,콘트라스트 웨이스트 스트레이트 팬츠,https://www.zara.com/kr/ko/%E1%84%8F%E1%85%A9%E1%86%AB%E1%84%90%E1%85%B3%E1%84%85%E1%85%A1%E1%84%89%E1%85%B3%E1%84%90%E1%85%B3-%E1%84%8B%E1%85%B0%E1%84%8B%E1%85%B5%E1%84%89%E1%85%B3%E1%84%90%E1%85%B3-%E1%84%89%E1%85%B3%E1%84%90%E1%85%B3%E1%84%85%E1%85%A6%E1%84%8B%E1%85%B5%E1%84%90%E1%85%B3-%E1%84%91%E1%85%A2%E1%86%AB%E1%84%8E%E1%85%B3-p02852595.html,https://static.zara.net/assets/public/4064/bd30/1c594fff8cf9/ff78ba87fe6e/02852595251-f1/02852595251-f1.jpg?ts=1777546838240,"₩59,900",,,260622,스크래치 화이트,,,,
,false,,ZARA,상의,셔츠/블라우스,여성,자수 리본 탑,https://www.zara.com/kr/ko/%E1%84%8C%E1%85%A1%E1%84%89%E1%85%AE-%E1%84%85%E1%85%B5%E1%84%87%E1%85%A9%E1%86%AB-%E1%84%90%E1%85%A1%E1%86%B8-p02823706.html,https://static.zara.net/assets/public/9d73/1c9d/d20f47dc947c/65fec7123954/02823706620-000-f1/02823706620-000-f1.jpg?ts=1779707984197,"₩55,900",,,260622,로즈핑크,,,,
,false,,ZARA,치마,스커트,여성,자수 스커트 팬츠,https://www.zara.com/kr/ko/%E1%84%8C%E1%85%A1%E1%84%89%E1%85%AE-%E1%84%89%E1%85%B3%E1%84%8F%E1%85%A5%E1%84%90%E1%85%B3-%E1%84%91%E1%85%A2%E1%86%AB%E1%84%8E%E1%85%B3-p02915706.html,https://static.zara.net/assets/public/0fce/4022/81e64463acc2/6cd299788711/02915706620-000-f1/02915706620-000-f1.jpg?ts=1779707982939,"₩55,900",,,260622,로즈핑크,,,,
,false,,ZARA,상의,탑,여성,텍스처 하이넥 탑,https://www.zara.com/kr/ko/%E1%84%90%E1%85%A6%E1%86%A8%E1%84%89%E1%85%B3%E1%84%8E%E1%85%A5-%E1%84%92%E1%85%A1%E1%84%8B%E1%85%B5%E1%84%82%E1%85%A6%E1%86%A8-%E1%84%90%E1%85%A1%E1%86%B8-p05039390.html,https://static.zara.net/assets/public/771a/3c27/1b614d78bf7b/220f65c56fbc/05039390712-p/05039390712-p.jpg?ts=1775060782331,"₩29,900",,,260622,크림,,,,
,false,,ZARA,치마,스커트,여성,텍스처 미디 스커트,https://www.zara.com/kr/ko/%E1%84%90%E1%85%A6%E1%86%A8%E1%84%89%E1%85%B3%E1%84%8E%E1%85%A5-%E1%84%86%E1%85%B5%E1%84%83%E1%85%B5-%E1%84%89%E1%85%B3%E1%84%8F%E1%85%A5%E1%84%90%E1%85%B3-p05039391.html,https://static.zara.net/assets/public/7aee/f1a4/63c64ba394b3/aaaead25f4b2/05039391712-p/05039391712-p.jpg?ts=1775060782634,"₩39,900",,,260622,크림,,,,
,false,,ZARA,기타,WIND-JACKET,여성,도트 슬림핏 재킷,https://www.zara.com/kr/ko/%E1%84%83%E1%85%A9%E1%84%90%E1%85%B3-%E1%84%89%E1%85%B3%E1%86%AF%E1%84%85%E1%85%B5%E1%86%B7%E1%84%91%E1%85%B5%E1%86%BA-%E1%84%8C%E1%85%A2%E1%84%8F%E1%85%B5%E1%86%BA-p00250071.html,https://static.zara.net/assets/public/89d9/427d/4a3b43cd8803/58779178ed79/00250071050-p/00250071050-p.jpg?ts=1777978586176,"₩79,900",,,260622,단색,,,,
,false,,ZARA,바지,버뮤다 팬츠,여성,미니 도트 쇼츠,https://www.zara.com/kr/ko/%E1%84%86%E1%85%B5%E1%84%82%E1%85%B5-%E1%84%83%E1%85%A9%E1%84%90%E1%85%B3-%E1%84%89%E1%85%AD%E1%84%8E%E1%85%B3-p00250002.html,https://static.zara.net/assets/public/d6bd/5460/a57943caa74a/5ed10feab051/00250002050-001-p/00250002050-001-p.jpg?ts=1777466061808,"₩49,900",,,260622,단색,,,,
,false,,ZARA,기타,WAISTCOAT,여성,린넨 버튼 베스트,https://www.zara.com/kr/ko/%E1%84%85%E1%85%B5%E1%86%AB%E1%84%82%E1%85%A6%E1%86%AB-%E1%84%87%E1%85%A5%E1%84%90%E1%85%B3%E1%86%AB-%E1%84%87%E1%85%A6%E1%84%89%E1%85%B3%E1%84%90%E1%85%B3-p05427707.html,https://static.zara.net/assets/public/c9c9/5323/fc47421ea5a8/26e656efc163/05427708703-f1/05427708703-f1.jpg?ts=1773849477284,"₩49,900",,,260622,황토색,,,,
,false,,ZARA,바지,슬랙스,여성,린넨 와이드 플리츠 팬츠,https://www.zara.com/kr/ko/%E1%84%85%E1%85%B5%E1%86%AB%E1%84%82%E1%85%A6%E1%86%AB-%E1%84%8B%E1%85%AA%E1%84%8B%E1%85%B5%E1%84%83%E1%85%B3-%E1%84%91%E1%85%B3%E1%86%AF%E1%84%85%E1%85%B5%E1%84%8E%E1%85%B3-%E1%84%91%E1%85%A2%E1%86%AB%E1%84%8E%E1%85%B3-p01255452.html,https://static.zara.net/assets/public/45bb/3407/62794a179887/67b5e4ad881f/01255453703-f1/01255453703-f1.jpg?ts=1773738670031,"₩59,900",,,260622,황토색,,,,
,false,,ZARA,상의,가디건,여성,스트라이프 반소매 니트 재킷,https://www.zara.com/kr/ko/%E1%84%89%E1%85%B3%E1%84%90%E1%85%B3%E1%84%85%E1%85%A1%E1%84%8B%E1%85%B5%E1%84%91%E1%85%B3-%E1%84%87%E1%85%A1%E1%86%AB%E1%84%89%E1%85%A9%E1%84%86%E1%85%A2-%E1%84%82%E1%85%B5%E1%84%90%E1%85%B3-%E1%84%8C%E1%85%A2%E1%84%8F%E1%85%B5%E1%86%BA-p02142112.html,https://static.zara.net/assets/public/0592/95a0/1367438681c4/e258bedf2d80/02142112104-f1/02142112104-f1.jpg?ts=1773140394202,"₩59,900",,,260622,스트라이프,,,,
,false,,ZARA,치마,스커트,여성,스트라이프 니트 미니 스커트,https://www.zara.com/kr/ko/%E1%84%89%E1%85%B3%E1%84%90%E1%85%B3%E1%84%85%E1%85%A1%E1%84%8B%E1%85%B5%E1%84%91%E1%85%B3-%E1%84%82%E1%85%B5%E1%84%90%E1%85%B3-%E1%84%86%E1%85%B5%E1%84%82%E1%85%B5-%E1%84%89%E1%85%B3%E1%84%8F%E1%85%A5%E1%84%90%E1%85%B3-p02142113.html,https://static.zara.net/assets/public/e38f/a658/eafa4a1d8140/71e74c2d713f/02142113104-f1/02142113104-f1.jpg?ts=1773140402112,"₩49,900",,,260622,스트라이프,,,,
,false,,ZARA,상의,셔츠/블라우스,여성,스트라이프 플루이드 셔츠,https://www.zara.com/kr/ko/%E1%84%89%E1%85%B3%E1%84%90%E1%85%B3%E1%84%85%E1%85%A1%E1%84%8B%E1%85%B5%E1%84%91%E1%85%B3-%E1%84%91%E1%85%B3%E1%86%AF%E1%84%85%E1%85%AE%E1%84%8B%E1%85%B5%E1%84%83%E1%85%B3-%E1%84%89%E1%85%A7%E1%84%8E%E1%85%B3-p04387224.html,https://static.zara.net/assets/public/5e0d/f5a9/64fd4c28aed0/870adc76b1f7/04387224330-p/04387224330-p.jpg?ts=1781091906153,"₩45,900",,,260622,멀티컬러,,,,
,false,,ZARA,바지,슬랙스,여성,스트라이프 와이드 팬츠,https://www.zara.com/kr/ko/%E1%84%89%E1%85%B3%E1%84%90%E1%85%B3%E1%84%85%E1%85%A1%E1%84%8B%E1%85%B5%E1%84%91%E1%85%B3-%E1%84%8B%E1%85%AA%E1%84%8B%E1%85%B5%E1%84%83%E1%85%B3-%E1%84%91%E1%85%A2%E1%86%AB%E1%84%8E%E1%85%B3-p04387223.html,https://static.zara.net/assets/public/8122/2258/6fa6450aa9c4/50d83952ab5a/04387223330-f1/04387223330-f1.jpg?ts=1780565619523,"₩49,900",,,260622,멀티컬러,,,,
,false,,ZARA,상의,티셔츠,여성,헤비 코튼 반소매 티셔츠,https://www.zara.com/kr/ko/%E1%84%92%E1%85%A6%E1%84%87%E1%85%B5-%E1%84%8F%E1%85%A9%E1%84%90%E1%85%B3%E1%86%AB-%E1%84%87%E1%85%A1%E1%86%AB%E1%84%89%E1%85%A9%E1%84%86%E1%85%A2-%E1%84%90%E1%85%B5%E1%84%89%E1%85%A7%E1%84%8E%E1%85%B3-p04174042.html,https://static.zara.net/assets/public/6a0d/c5c2/0b044a47899f/3eb9ac9f212d/04174042526-f1/04174042526-f1.jpg?ts=1771523746133,"₩39,900",,,260622,라이트 그린,,,,
,false,,ZARA,바지,슬랙스,여성,헤비 코튼 와이드 레그 팬츠,https://www.zara.com/kr/ko/%E1%84%92%E1%85%A6%E1%84%87%E1%85%B5-%E1%84%8F%E1%85%A9%E1%84%90%E1%85%B3%E1%86%AB-%E1%84%8B%E1%85%AA%E1%84%8B%E1%85%B5%E1%84%83%E1%85%B3-%E1%84%85%E1%85%A6%E1%84%80%E1%85%B3-%E1%84%91%E1%85%A2%E1%86%AB%E1%84%8E%E1%85%B3-p04174043.html,https://static.zara.net/assets/public/a827/fa78/ca2946d39046/faf45c503712/04174043526-f1/04174043526-f1.jpg?ts=1771581301322,"₩49,900",,,260622,라이트 그린,,,,
,false,,ZARA,기타,WIND-JACKET,여성,숄더 패드 페이크 레더 봄버 재킷,https://www.zara.com/kr/ko/%E1%84%89%E1%85%AD%E1%86%AF%E1%84%83%E1%85%A5-%E1%84%91%E1%85%A2%E1%84%83%E1%85%B3-%E1%84%91%E1%85%A6%E1%84%8B%E1%85%B5%E1%84%8F%E1%85%B3-%E1%84%85%E1%85%A6%E1%84%83%E1%85%A5-%E1%84%87%E1%85%A9%E1%86%B7%E1%84%87%E1%85%A5-%E1%84%8C%E1%85%A2%E1%84%8F%E1%85%B5%E1%86%BA-p03046068.html,https://static.zara.net/assets/public/d98d/a426/328b45ca8982/8bcaea845468/03046068701-p/03046068701-p.jpg?ts=1773160616315,"₩89,900",,,260622,테라코타,,,,
,false,,ZARA,바지,버뮤다 팬츠,여성,페이크 레더 롱 버뮤다 팬츠,https://www.zara.com/kr/ko/%E1%84%91%E1%85%A6%E1%84%8B%E1%85%B5%E1%84%8F%E1%85%B3-%E1%84%85%E1%85%A6%E1%84%83%E1%85%A5-%E1%84%85%E1%85%A9%E1%86%BC-%E1%84%87%E1%85%A5%E1%84%86%E1%85%B2%E1%84%83%E1%85%A1-%E1%84%91%E1%85%A2%E1%86%AB%E1%84%8E%E1%85%B3-p03046168.html,https://static.zara.net/assets/public/6821/7502/1c8b42549782/1af2e1002240/03046168701-p/03046168701-p.jpg?ts=1773160621971,"₩59,900",,,260622,테라코타,,,,
,false,,ZARA,상의,티셔츠,여성,린넨 스트라이프 티셔츠,https://www.zara.com/kr/ko/%E1%84%85%E1%85%B5%E1%86%AB%E1%84%82%E1%85%A6%E1%86%AB-%E1%84%89%E1%85%B3%E1%84%90%E1%85%B3%E1%84%85%E1%85%A1%E1%84%8B%E1%85%B5%E1%84%91%E1%85%B3-%E1%84%90%E1%85%B5%E1%84%89%E1%85%A7%E1%84%8E%E1%85%B3-p03253024.html,https://static.zara.net/assets/public/7996/34f1/78204b93ac6e/342b46214230/03253024066-p/03253024066-p.jpg?ts=1778767709044,"₩35,900",,,260622,"크림,네이비",,,,
,false,,ZARA,바지,슬랙스,여성,린넨 스트라이프 팬츠,https://www.zara.com/kr/ko/%E1%84%85%E1%85%B5%E1%86%AB%E1%84%82%E1%85%A6%E1%86%AB-%E1%84%89%E1%85%B3%E1%84%90%E1%85%B3%E1%84%85%E1%85%A1%E1%84%8B%E1%85%B5%E1%84%91%E1%85%B3-%E1%84%91%E1%85%A2%E1%86%AB%E1%84%8E%E1%85%B3-p03253023.html,https://static.zara.net/assets/public/632a/58fd/739445d29011/9c51d23080e3/03253023066-e1/03253023066-e1.jpg?ts=1778765050896,"₩45,900",,,260622,"크림,네이비",,,,
,false,,ZARA,기타,SWEATSHIRT,여성,콤비 긴소매 스웨트셔츠,https://www.zara.com/kr/ko/%E1%84%80%E1%85%B5%E1%86%AB%E1%84%89%E1%85%A9%E1%84%86%E1%85%A2-%E1%84%8F%E1%85%A9%E1%86%B7%E1%84%87%E1%85%B5-%E1%84%89%E1%85%B3%E1%84%8B%E1%85%B0%E1%84%90%E1%85%B3%E1%84%89%E1%85%A7%E1%84%8E%E1%85%B3-p08417151.html,https://static.zara.net/assets/public/d86c/cc04/95444ae6b878/3d816d2d6dfa/08417151401-p/08417151401-p.jpg?ts=1772715393489,"₩45,900",,,260622,네이비,,,,
,false,,ZARA,바지,슬랙스,여성,벌룬 팬츠,https://www.zara.com/kr/ko/%E1%84%87%E1%85%A5%E1%86%AF%E1%84%85%E1%85%AE%E1%86%AB-%E1%84%91%E1%85%A2%E1%86%AB%E1%84%8E%E1%85%B3-p08417152.html,https://static.zara.net/assets/public/1e20/5fb3/59dc4c35a6bc/14c781e27da1/08417152401-p/08417152401-p.jpg?ts=1772715440408,"₩49,900",,,260622,네이비,,,,
,false,,ZARA,기타,SWEATSHIRT,여성,크롭 지퍼 스웨트셔츠,https://www.zara.com/kr/ko/%E1%84%8F%E1%85%B3%E1%84%85%E1%85%A9%E1%86%B8-%E1%84%8C%E1%85%B5%E1%84%91%E1%85%A5-%E1%84%89%E1%85%B3%E1%84%8B%E1%85%B0%E1%84%90%E1%85%B3%E1%84%89%E1%85%A7%E1%84%8E%E1%85%B3-p02615305.html,https://static.zara.net/assets/public/c6b3/26e9/c68d4c258892/abf45e4b95e2/02615305803-f1/02615305803-f1.jpg?ts=1777902678137,"₩49,900",,,260622,그레이,,,,
,false,,ZARA,바지,반바지,여성,미니 쇼츠,https://www.zara.com/kr/ko/%E1%84%86%E1%85%B5%E1%84%82%E1%85%B5-%E1%84%89%E1%85%AD%E1%84%8E%E1%85%B3-p02615306.html,https://static.zara.net/assets/public/326f/09a5/7a0a4e098315/77369f22ab0d/02615306803-f1/02615306803-f1.jpg?ts=1777902669274,"₩35,900",,,260622,그레이,,,,
,false,,ZARA,상의,셔츠/블라우스,여성,레이스 캐미솔 탑,https://www.zara.com/kr/ko/%E1%84%85%E1%85%A6%E1%84%8B%E1%85%B5%E1%84%89%E1%85%B3-%E1%84%8F%E1%85%A2%E1%84%86%E1%85%B5%E1%84%89%E1%85%A9%E1%86%AF-%E1%84%90%E1%85%A1%E1%86%B8-p08741103.html,https://static.zara.net/assets/public/f506/abf1/d4764e35ae33/f86d9311c8cd/08741103423-p/08741103423-p.jpg?ts=1774884884575,"₩49,900",,,260622,파스텔 블루,,,,
,false,,ZARA,치마,스커트,여성,레이스 미디 스커트,https://www.zara.com/kr/ko/%E1%84%85%E1%85%A6%E1%84%8B%E1%85%B5%E1%84%89%E1%85%B3-%E1%84%86%E1%85%B5%E1%84%83%E1%85%B5-%E1%84%89%E1%85%B3%E1%84%8F%E1%85%A5%E1%84%90%E1%85%B3-p08741102.html,https://static.zara.net/assets/public/a985/57c9/992c4a4390e7/91827e733f22/08741102423-p/08741102423-p.jpg?ts=1774884882953,"₩59,900",,,260622,파스텔 블루,,,,
,false,,ZARA,상의,탑,여성,스터드 스트레치 밴도 탑,https://www.zara.com/kr/ko/%E1%84%89%E1%85%B3%E1%84%90%E1%85%A5%E1%84%83%E1%85%B3-%E1%84%89%E1%85%B3%E1%84%90%E1%85%B3%E1%84%85%E1%85%A6%E1%84%8E%E1%85%B5-%E1%84%8B%E1%85%A9%E1%84%91%E1%85%B3%E1%84%89%E1%85%AD%E1%86%AF%E1%84%83%E1%85%A5-%E1%84%90%E1%85%A1%E1%86%B8-p06050313.html,https://static.zara.net/assets/public/4ef4/271e/4057410fa025/7951b4695284/06050313716-p/06050313716-p.jpg?ts=1771597844830,"₩39,900",,,260622,다크 브라운,,,,
,false,,ZARA,바지,슬랙스,여성,스터드 스트레치 플레어 팬츠,https://www.zara.com/kr/ko/%E1%84%89%E1%85%B3%E1%84%90%E1%85%A5%E1%84%83%E1%85%B3-%E1%84%91%E1%85%B3%E1%86%AF%E1%84%85%E1%85%A6%E1%84%8B%E1%85%A5-%E1%84%89%E1%85%B3%E1%84%90%E1%85%B3%E1%84%85%E1%85%A6%E1%84%8E%E1%85%B5-%E1%84%91%E1%85%A2%E1%86%AB%E1%84%8E%E1%85%B3-p06050314.html,https://static.zara.net/assets/public/3e50/5538/6ee34c76a7f8/4d6364c2237d/06050314716-p/06050314716-p.jpg?ts=1771597845411,"₩55,900",,,260622,다크 브라운,,,,
,false,,ZARA,상의,티셔츠,여성,인터록 케이프 티셔츠,https://www.zara.com/kr/ko/%E1%84%8B%E1%85%B5%E1%86%AB%E1%84%90%E1%85%A5%E1%84%85%E1%85%A9%E1%86%A8-%E1%84%8F%E1%85%A6%E1%84%8B%E1%85%B5%E1%84%91%E1%85%B3-%E1%84%90%E1%85%B5%E1%84%89%E1%85%A7%E1%84%8E%E1%85%B3-p02335185.html,https://static.zara.net/assets/public/cdda/69f2/08cf4ac0854f/249c5d8b992a/02335185822-f1/02335185822-f1.jpg?ts=1779095079205,"₩39,900",,,260622,먹색,,,,
,false,,ZARA,바지,슬랙스,여성,인터록 버뮤다 팬츠,https://www.zara.com/kr/ko/%E1%84%8B%E1%85%B5%E1%86%AB%E1%84%90%E1%85%A5%E1%84%85%E1%85%A9%E1%86%A8-%E1%84%87%E1%85%A5%E1%84%86%E1%85%B2%E1%84%83%E1%85%A1-%E1%84%91%E1%85%A2%E1%86%AB%E1%84%8E%E1%85%B3-p02335186.html,https://static.zara.net/assets/public/2950/0b5d/29324259b4ad/cf3a524e4eef/02335186822-f1/02335186822-f1.jpg?ts=1779097619769,"₩39,900",,,260622,먹색,,,,
,false,,ZARA,상의,셔츠/블라우스,여성,자수 세미 시스루 블라우스,https://www.zara.com/kr/ko/%E1%84%8C%E1%85%A1%E1%84%89%E1%85%AE-%E1%84%89%E1%85%A6%E1%84%86%E1%85%B5-%E1%84%89%E1%85%B5%E1%84%89%E1%85%B3%E1%84%85%E1%85%AE-%E1%84%87%E1%85%B3%E1%86%AF%E1%84%85%E1%85%A1%E1%84%8B%E1%85%AE%E1%84%89%E1%85%B3-p08741040.html,https://static.zara.net/assets/public/469d/a403/156442be83b2/0da369ff70aa/08741040746-p/08741040746-p.jpg?ts=1776094447433,"₩57,900",,,260622,라이트 베이지,,,,
,false,,ZARA,치마,스커트,여성,크로셰 콤비 미디 스커트,https://www.zara.com/kr/ko/%E1%84%8F%E1%85%B3%E1%84%85%E1%85%A9%E1%84%89%E1%85%A8-%E1%84%86%E1%85%B5%E1%86%A8%E1%84%89%E1%85%B3-%E1%84%86%E1%85%B5%E1%84%83%E1%85%B5-%E1%84%89%E1%85%B3%E1%84%8F%E1%85%A5%E1%84%90%E1%85%B3-p08741078.html,https://static.zara.net/assets/public/4370/2898/580945af8ff6/90c076e1bd1d/08741078712-p/08741078712-p.jpg?ts=1776094451586,"₩79,900",,,260622,크림,,,,
,false,,ZARA,기타,SWEATSHIRT,여성,워싱 크롭 티셔츠,https://www.zara.com/kr/ko/%E1%84%8B%E1%85%AF%E1%84%89%E1%85%B5%E1%86%BC-%E1%84%8F%E1%85%B3%E1%84%85%E1%85%A9%E1%86%B8-%E1%84%90%E1%85%B5%E1%84%89%E1%85%A7%E1%84%8E%E1%85%B3-p03253390.html,https://static.zara.net/assets/public/e4a6/7ef7/7c5d425eaef1/1c2aa89fc71e/03253390806-p/03253390806-p.jpg?ts=1776069992311,"₩35,900",,,260622,스톤,,,,
,false,,ZARA,바지,반바지,여성,워싱 이펙트 스트링 쇼츠,https://www.zara.com/kr/ko/%E1%84%8B%E1%85%AF%E1%84%89%E1%85%B5%E1%86%BC-%E1%84%8B%E1%85%B5%E1%84%91%E1%85%A6%E1%86%A8%E1%84%90%E1%85%B3-%E1%84%89%E1%85%B3%E1%84%90%E1%85%B3%E1%84%85%E1%85%B5%E1%86%BC-%E1%84%89%E1%85%AD%E1%84%8E%E1%85%B3-p03253391.html,https://static.zara.net/assets/public/1d1c/6836/717b44c88013/1f1fad49605c/03253391806-f1/03253391806-f1.jpg?ts=1774885630628,"₩35,900",,,260622,스톤,,,,
,false,,ZARA,상의,셔츠/블라우스,여성,ZW 컬렉션 자수 블라우스,https://www.zara.com/kr/ko/zw-%E1%84%8F%E1%85%A5%E1%86%AF%E1%84%85%E1%85%A6%E1%86%A8%E1%84%89%E1%85%A7%E1%86%AB-%E1%84%8C%E1%85%A1%E1%84%89%E1%85%AE-%E1%84%87%E1%85%B3%E1%86%AF%E1%84%85%E1%85%A1%E1%84%8B%E1%85%AE%E1%84%89%E1%85%B3-p07521054.html,https://static.zara.net/assets/public/81db/aa34/89a9463eb7a7/4403d3f800cb/07521054712-f1/07521054712-f1.jpg?ts=1772793349582,"₩59,900",,,260622,크림,,,,
,false,,ZARA,바지,슬랙스,여성,ZW 컬렉션 자수 벌룬 팬츠,https://www.zara.com/kr/ko/zw-%E1%84%8F%E1%85%A5%E1%86%AF%E1%84%85%E1%85%A6%E1%86%A8%E1%84%89%E1%85%A7%E1%86%AB-%E1%84%8C%E1%85%A1%E1%84%89%E1%85%AE-%E1%84%87%E1%85%A5%E1%86%AF%E1%84%85%E1%85%AE%E1%86%AB-%E1%84%91%E1%85%A2%E1%86%AB%E1%84%8E%E1%85%B3-p07521052.html,https://static.zara.net/assets/public/dc68/299f/e82741afa642/25378ce2068c/07521052712-f1/07521052712-f1.jpg?ts=1772793353653,"₩89,900",,,260622,크림,,,,
,false,,ZARA,상의,탑,여성,러스틱 케이프 슬리브 탑,https://www.zara.com/kr/ko/%E1%84%85%E1%85%A5%E1%84%89%E1%85%B3%E1%84%90%E1%85%B5%E1%86%A8-%E1%84%8F%E1%85%A6%E1%84%8B%E1%85%B5%E1%84%91%E1%85%B3-%E1%84%89%E1%85%B3%E1%86%AF%E1%84%85%E1%85%B5%E1%84%87%E1%85%B3-%E1%84%90%E1%85%A1%E1%86%B8-p01058142.html,https://static.zara.net/assets/public/e9f3/c34d/a9bf4c52abaf/d4b151e620d8/01058142746-f1/01058142746-f1.jpg?ts=1779721564185,"₩39,900",,,260622,라이트 베이지,,,,
,false,,ZARA,바지,슬랙스,여성,러스틱 와이드 레그 팬츠,https://www.zara.com/kr/ko/%E1%84%85%E1%85%A5%E1%84%89%E1%85%B3%E1%84%90%E1%85%B5%E1%86%A8-%E1%84%8B%E1%85%AA%E1%84%8B%E1%85%B5%E1%84%83%E1%85%B3-%E1%84%85%E1%85%A6%E1%84%80%E1%85%B3-%E1%84%91%E1%85%A2%E1%86%AB%E1%84%8E%E1%85%B3-p01058143.html,https://static.zara.net/assets/public/01ec/a79b/4d8147ecb331/7a0b699539e5/01058143746-f1/01058143746-f1.jpg?ts=1776069761998,"₩45,900",,,260622,라이트 베이지,,,,
,false,,ZARA,상의,셔츠/블라우스,여성,러스틱 레이스 블라우스,https://www.zara.com/kr/ko/%E1%84%85%E1%85%A5%E1%84%89%E1%85%B3%E1%84%90%E1%85%B5%E1%86%A8-%E1%84%85%E1%85%A6%E1%84%8B%E1%85%B5%E1%84%89%E1%85%B3-%E1%84%87%E1%85%B3%E1%86%AF%E1%84%85%E1%85%A1%E1%84%8B%E1%85%AE%E1%84%89%E1%85%B3-p08741037.html,https://static.zara.net/assets/public/3c17/b0fa/bb5d41438662/bdadaef61df4/08741037746-p/08741037746-p.jpg?ts=1775748438680,"₩55,900",,,260622,라이트 베이지,,,,
,false,,ZARA,치마,스커트,여성,레이스 매듭 스커트 팬츠,https://www.zara.com/kr/ko/%E1%84%86%E1%85%A2%E1%84%83%E1%85%B3%E1%86%B8-%E1%84%85%E1%85%A6%E1%84%8B%E1%85%B5%E1%84%89%E1%85%B3-%E1%84%89%E1%85%B3%E1%84%8F%E1%85%A5%E1%84%90%E1%85%B3-%E1%84%91%E1%85%A2%E1%86%AB%E1%84%8E%E1%85%B3-p08741058.html,https://static.zara.net/assets/public/86e8/d08f/fe6d45e5ad36/dd07dd1d2956/08741058746-p/08741058746-p.jpg?ts=1775748442827,"₩55,900",,,260622,라이트 베이지,,,,
,false,,ZARA,상의,티셔츠,여성,스트럭처 스트랩 탑,https://www.zara.com/kr/ko/%E1%84%89%E1%85%B3%E1%84%90%E1%85%B3%E1%84%85%E1%85%A5%E1%86%A8%E1%84%8E%E1%85%A5-%E1%84%89%E1%85%B3%E1%84%90%E1%85%B3%E1%84%85%E1%85%A2%E1%86%B8-%E1%84%90%E1%85%A1%E1%86%B8-p04174225.html,https://static.zara.net/assets/public/e2e5/baac/9b4945a0bf71/685c2f52ce68/04174225701-f1/04174225701-f1.jpg?ts=1776242276642,"₩29,900",,,260622,테라코타,,,,
,false,,ZARA,바지,반바지,여성,텍스처 쇼츠,https://www.zara.com/kr/ko/%E1%84%90%E1%85%A6%E1%86%A8%E1%84%89%E1%85%B3%E1%84%8E%E1%85%A5-%E1%84%89%E1%85%AD%E1%84%8E%E1%85%B3-p04174226.html,https://static.zara.net/assets/public/0c90/6b0b/3660457f9003/62c72aaa9e63/04174226701-f1/04174226701-f1.jpg?ts=1776243299237,"₩29,900",,,260622,테라코타,,,,
,false,,ZARA,상의,티셔츠,여성,헤비 코튼 반소매 티셔츠,https://www.zara.com/kr/ko/%E1%84%92%E1%85%A6%E1%84%87%E1%85%B5-%E1%84%8F%E1%85%A9%E1%84%90%E1%85%B3%E1%86%AB-%E1%84%87%E1%85%A1%E1%86%AB%E1%84%89%E1%85%A9%E1%84%86%E1%85%A2-%E1%84%90%E1%85%B5%E1%84%89%E1%85%A7%E1%84%8E%E1%85%B3-p04174042.html,https://static.zara.net/assets/public/97c2/1910/c8464b6b87bb/ad639b26e5bc/04174042800-f1/04174042800-f1.jpg?ts=1771515996972,"₩39,900",,,260622,블랙,,,,
,false,,ZARA,바지,슬랙스,여성,헤비 코튼 와이드 레그 팬츠,https://www.zara.com/kr/ko/%E1%84%92%E1%85%A6%E1%84%87%E1%85%B5-%E1%84%8F%E1%85%A9%E1%84%90%E1%85%B3%E1%86%AB-%E1%84%8B%E1%85%AA%E1%84%8B%E1%85%B5%E1%84%83%E1%85%B3-%E1%84%85%E1%85%A6%E1%84%80%E1%85%B3-%E1%84%91%E1%85%A2%E1%86%AB%E1%84%8E%E1%85%B3-p04174043.html,https://static.zara.net/assets/public/9403/22a8/2af248c99c4f/b329bf14861d/04174043800-f1/04174043800-f1.jpg?ts=1771575444985,"₩49,900",,,260622,블랙,,,,
,false,,ZARA,기타,SWEATSHIRT,여성,드롭 숄더 코튼 티셔츠,https://www.zara.com/kr/ko/%E1%84%8F%E1%85%A9%E1%84%90%E1%85%B3%E1%86%AB-%E1%84%83%E1%85%B3%E1%84%85%E1%85%A9%E1%86%B8-%E1%84%89%E1%85%AD%E1%86%AF%E1%84%83%E1%85%A5-%E1%84%90%E1%85%B5%E1%84%89%E1%85%A7%E1%84%8E%E1%85%B3-p03199156.html,https://static.zara.net/assets/public/5a00/a2a1/68ad42e1afc4/2de7e5c35922/03199156712-p/03199156712-p.jpg?ts=1774430850329,"₩39,900",,,260622,크림,,,,
,false,,ZARA,바지,슬랙스,여성,와이드 플러시 팬츠,https://www.zara.com/kr/ko/%E1%84%8B%E1%85%AA%E1%84%8B%E1%85%B5%E1%84%83%E1%85%B3-%E1%84%91%E1%85%B3%E1%86%AF%E1%84%85%E1%85%A5%E1%84%89%E1%85%B5-%E1%84%91%E1%85%A2%E1%86%AB%E1%84%8E%E1%85%B3-p03199157.html,https://static.zara.net/assets/public/19e4/4f00/4b4b41daad39/be2edae382b3/03199157712-p/03199157712-p.jpg?ts=1774430863853,"₩49,900",,,260622,크림,,,,
,false,,ZARA,상의,셔츠/블라우스,여성,ZW 컬렉션 레이스 새틴 탑,https://www.zara.com/kr/ko/zw-%E1%84%8F%E1%85%A5%E1%86%AF%E1%84%85%E1%85%A6%E1%86%A8%E1%84%89%E1%85%A7%E1%86%AB-%E1%84%85%E1%85%A6%E1%84%8B%E1%85%B5%E1%84%89%E1%85%B3-%E1%84%89%E1%85%A2%E1%84%90%E1%85%B5%E1%86%AB-%E1%84%90%E1%85%A1%E1%86%B8-p01758135.html,https://static.zara.net/assets/public/da88/1d5b/8bc74c29963e/844c40432507/01758135800-f1/01758135800-f1.jpg?ts=1778147686068,"₩59,900",,,260622,블랙,,,,
,false,,ZARA,바지,버뮤다 팬츠,여성,ZW 컬렉션 레이스 새틴 쇼츠,https://www.zara.com/kr/ko/zw-%E1%84%8F%E1%85%A5%E1%86%AF%E1%84%85%E1%85%A6%E1%86%A8%E1%84%89%E1%85%A7%E1%86%AB-%E1%84%85%E1%85%A6%E1%84%8B%E1%85%B5%E1%84%89%E1%85%B3-%E1%84%89%E1%85%A2%E1%84%90%E1%85%B5%E1%86%AB-%E1%84%89%E1%85%AD%E1%84%8E%E1%85%B3-p01758235.html,https://static.zara.net/assets/public/f221/5126/752647bd82b1/3f78bc2141e5/01758235800-f1/01758235800-f1.jpg?ts=1778241855179,"₩55,900",,,260622,블랙,,,,
,false,,ZARA,아우터,블레이저,여성,WILLY CHAVARRIA X ZARA 울 숄더 패드 타이트핏 블레이저,https://www.zara.com/kr/ko/willy-chavarria-x-zara-%E1%84%8B%E1%85%AE%E1%86%AF-%E1%84%89%E1%85%AD%E1%86%AF%E1%84%83%E1%85%A5-%E1%84%91%E1%85%A2%E1%84%83%E1%85%B3-%E1%84%90%E1%85%A1%E1%84%8B%E1%85%B5%E1%84%90%E1%85%B3%E1%84%91%E1%85%B5%E1%86%BA-%E1%84%87%E1%85%B3%E1%86%AF%E1%84%85%E1%85%A6%E1%84%8B%E1%85%B5%E1%84%8C%E1%85%A5-p02222130.html,https://static.zara.net/assets/public/00a8/3aca/15bc49c2a949/215083c0e23c/02222130800-e1/02222130800-e1.jpg?ts=1774346476275,"₩239,900",,,260622,블랙,,,,
,false,,ZARA,바지,슬랙스,여성,WILLY CHAVARRIA X ZARA 울 플리츠 팬츠,https://www.zara.com/kr/ko/willy-chavarria-x-zara-%E1%84%8B%E1%85%AE%E1%86%AF-%E1%84%91%E1%85%B3%E1%86%AF%E1%84%85%E1%85%B5%E1%84%8E%E1%85%B3-%E1%84%91%E1%85%A2%E1%86%AB%E1%84%8E%E1%85%B3-p02371130.html,https://static.zara.net/assets/public/a8a7/e7fa/12a74558ab37/87a745abf451/02371130800-e1/02371130800-e1.jpg?ts=1774346481408,"₩149,900",,,260622,블랙,,,,
,false,,ZARA,기타,WIND-JACKET,여성,WILLY CHAVARRIA X ZARA 숄더 패드 데님 재킷,https://www.zara.com/kr/ko/%E1%84%8B%E1%85%B1%E1%86%AF%E1%84%85%E1%85%B5-%E1%84%8E%E1%85%A1%E1%84%87%E1%85%A1%E1%84%85%E1%85%B5%E1%84%8B%E1%85%A1-x-%E1%84%8C%E1%85%A1%E1%84%85%E1%85%A1-%E1%84%89%E1%85%AD%E1%86%AF%E1%84%83%E1%85%A5-%E1%84%91%E1%85%A2%E1%84%83%E1%85%B3-%E1%84%83%E1%85%A6%E1%84%82%E1%85%B5%E1%86%B7-%E1%84%8C%E1%85%A2%E1%84%8F%E1%85%B5%E1%86%BA-p06840104.html,https://static.zara.net/assets/public/f1ae/5dfc/9f194d44b422/ff9fab469dd7/06840104406-e1/06840104406-e1.jpg?ts=1774346516826,"₩169,900",,,260622,라이트 블루,,,,
,false,,ZARA,치마,스커트,여성,WILLY CHAVARRIA X ZARA 데님 미디 스커트,https://www.zara.com/kr/ko/willy-chavarria-x-zara-%E1%84%83%E1%85%A6%E1%84%82%E1%85%B5%E1%86%B7-%E1%84%86%E1%85%B5%E1%84%83%E1%85%B5-%E1%84%89%E1%85%B3%E1%84%8F%E1%85%A5%E1%84%90%E1%85%B3-p06840103.html,https://static.zara.net/assets/public/870a/88d8/44bd4ba38a68/ab575a38da55/06840103406-e1/06840103406-e1.jpg?ts=1774346512173,"₩109,900",,,260622,라이트 블루,,,,
,false,,ZARA,기타,WIND-JACKET,여성,WILLY CHAVARRIA X ZARA 벨트 크롭 재킷,https://www.zara.com/kr/ko/willy-chavarria-x-zara-%E1%84%87%E1%85%A6%E1%86%AF%E1%84%90%E1%85%B5%E1%84%83%E1%85%B3-%E1%84%8F%E1%85%B3%E1%84%85%E1%85%A9%E1%86%B8-%E1%84%8C%E1%85%A2%E1%84%8F%E1%85%B5%E1%86%BA-p04400132.html,https://static.zara.net/assets/public/1acf/fc01/fd1a471289da/a224a92f413d/04400132800-e1/04400132800-e1.jpg?ts=1774346494067,"₩209,900",,,260622,블랙,,,,
,false,,ZARA,치마,스커트,여성,WILLY CHAVARRIA X ZARA 울 미디 펜슬 스커트,https://www.zara.com/kr/ko/willy-chavarria-x-zara-%E1%84%8B%E1%85%AE%E1%86%AF-%E1%84%91%E1%85%A6%E1%86%AB%E1%84%89%E1%85%B3%E1%86%AF-%E1%84%86%E1%85%B5%E1%84%83%E1%85%B5-%E1%84%89%E1%85%B3%E1%84%8F%E1%85%A5%E1%84%90%E1%85%B3-p03490130.html,https://static.zara.net/assets/public/ce9e/bf8d/98eb46e9892d/c279f4a72d15/03490130800-e1/03490130800-e1.jpg?ts=1774346492195,"₩149,900",,,260622,블랙,,,,
,false,,ZARA,기타,WIND-JACKET,여성,윌리 차바리아 X 자라 숄더 패드 봄버 재킷,https://www.zara.com/kr/ko/willy-chavarria-x-zara-%E1%84%89%E1%85%AD%E1%86%AF%E1%84%83%E1%85%A5-%E1%84%91%E1%85%A2%E1%84%83%E1%85%B3-%E1%84%87%E1%85%A9%E1%86%B7%E1%84%87%E1%85%A5-%E1%84%8C%E1%85%A2%E1%84%8F%E1%85%B5%E1%86%BA-p02514131.html,https://static.zara.net/assets/public/fe06/de00/d68c4134a838/650fab62d4a1/02514131401-e1/02514131401-e1.jpg?ts=1774346486039,"₩279,900",,,260622,네이비,,,,
,false,,ZARA,바지,슬랙스,여성,WILLY CHAVARRIA X ZARA 루즈 스트레이트 팬츠,https://www.zara.com/kr/ko/willy-chavarria-x-zara-%E1%84%85%E1%85%AE%E1%84%8C%E1%85%B3-%E1%84%89%E1%85%B3%E1%84%90%E1%85%B3%E1%84%85%E1%85%A6%E1%84%8B%E1%85%B5%E1%84%90%E1%85%B3-%E1%84%91%E1%85%A2%E1%86%AB%E1%84%8E%E1%85%B3-p02382131.html,https://static.zara.net/assets/public/bb1f/a6d4/18704c25a5cc/d6bc18787e60/02382131401-e1/02382131401-e1.jpg?ts=1774346482580,"₩149,900",,,260622,네이비,,,,
,false,,ZARA,상의,탑,여성,피케 페플럼 반소매 탑,https://www.zara.com/kr/ko/%E1%84%91%E1%85%B5%E1%84%8F%E1%85%A6-%E1%84%91%E1%85%A6%E1%84%91%E1%85%B3%E1%86%AF%E1%84%85%E1%85%A5%E1%86%B7-%E1%84%87%E1%85%A1%E1%86%AB%E1%84%89%E1%85%A9%E1%84%86%E1%85%A2-%E1%84%90%E1%85%A1%E1%86%B8-p05067286.html,https://static.zara.net/assets/public/44a4/d456/9e7d49fc830e/1518990d800e/05067286251-f1/05067286251-f1.jpg?ts=1776783568134,"₩45,900",,,260622,스크래치 화이트,,,,
,false,,ZARA,바지,슬랙스,여성,피케 버튼 스트레이트 팬츠,https://www.zara.com/kr/ko/%E1%84%91%E1%85%B5%E1%84%8F%E1%85%A6-%E1%84%87%E1%85%A5%E1%84%90%E1%85%B3%E1%86%AB-%E1%84%89%E1%85%B3%E1%84%90%E1%85%B3%E1%84%85%E1%85%A6%E1%84%8B%E1%85%B5%E1%84%90%E1%85%B3-%E1%84%91%E1%85%A2%E1%86%AB%E1%84%8E%E1%85%B3-p05067298.html,https://static.zara.net/assets/public/0027/ab82/ad0042aba6cd/93337a325515/05067298251-f1/05067298251-f1.jpg?ts=1776765876286,"₩55,900",,,260622,스크래치 화이트,,,,
,false,,ZARA,상의,셔츠/블라우스,여성,린넨 사파리 셔츠,https://www.zara.com/kr/ko/%E1%84%85%E1%85%B5%E1%86%AB%E1%84%82%E1%85%A6%E1%86%AB-%E1%84%89%E1%85%A1%E1%84%91%E1%85%A1%E1%84%85%E1%85%B5-%E1%84%89%E1%85%A7%E1%84%8E%E1%85%B3-p08120734.html,https://static.zara.net/assets/public/cd85/0522/e5524c4cacee/435a7f7083d4/08120734406-p/08120734406-p.jpg?ts=1752741701633,"₩59,900",,,260622,라이트 블루,,,,
,false,,ZARA,바지,슬랙스,여성,린넨 와이드 팬츠,https://www.zara.com/kr/ko/%E1%84%85%E1%85%B5%E1%86%AB%E1%84%82%E1%85%A6%E1%86%AB-%E1%84%8B%E1%85%AA%E1%84%8B%E1%85%B5%E1%84%83%E1%85%B3-%E1%84%91%E1%85%A2%E1%86%AB%E1%84%8E%E1%85%B3-p07970734.html,https://static.zara.net/assets/public/2234/708a/a56b421192e7/ded1b62f12e7/07970734406-p/07970734406-p.jpg?ts=1752741697084,"₩59,900",,,260622,라이트 블루,,,,
,false,,ZARA,상의,셔츠/블라우스,여성,레이스 트리밍 자수 탑,https://www.zara.com/kr/ko/%E1%84%8C%E1%85%A1%E1%84%89%E1%85%AE-%E1%84%85%E1%85%A6%E1%84%8B%E1%85%B5%E1%84%89%E1%85%B3-%E1%84%87%E1%85%A2%E1%86%AB%E1%84%83%E1%85%B3-%E1%84%90%E1%85%A1%E1%86%B8-p08741051.html,https://static.zara.net/assets/public/26cc/2ae2/33ea4505b396/669fa242d9ed/08741051700-f1/08741051700-f1.jpg?ts=1776760861229,"₩55,900",,,260622,브라운,,,,
,false,,ZARA,치마,스커트,여성,자수 볼륨 미디 스커트,https://www.zara.com/kr/ko/%E1%84%8C%E1%85%A1%E1%84%89%E1%85%AE-%E1%84%87%E1%85%A9%E1%86%AF%E1%84%85%E1%85%B2%E1%86%B7-%E1%84%86%E1%85%B5%E1%84%83%E1%85%B5-%E1%84%89%E1%85%B3%E1%84%8F%E1%85%A5%E1%84%90%E1%85%B3-p08741100.html,https://static.zara.net/assets/public/ed05/603c/d6084ae3a6a3/07c9ab2046aa/08741100700-f1/08741100700-f1.jpg?ts=1776760860255,"₩89,900",,,260622,브라운,,,,
,false,,ZARA,상의,셔츠/블라우스,여성,새틴 스트랩리스 탑,https://www.zara.com/kr/ko/%E1%84%89%E1%85%A2%E1%84%90%E1%85%B5%E1%86%AB-%E1%84%89%E1%85%B3%E1%84%90%E1%85%B3%E1%84%85%E1%85%A2%E1%86%B8%E1%84%85%E1%85%B5%E1%84%89%E1%85%B3-%E1%84%90%E1%85%A1%E1%86%B8-p07752051.html,https://static.zara.net/assets/public/4c79/bce6/b4df45879e36/ff6c57bf34ba/07752051800-f1/07752051800-f1.jpg?ts=1779976992350,"₩45,900",,,260622,블랙,,,,
,false,,ZARA,바지,슬랙스,여성,리본 디테일 벌룬 팬츠,https://www.zara.com/kr/ko/%E1%84%89%E1%85%B3%E1%84%90%E1%85%B3%E1%84%85%E1%85%A1%E1%84%8B%E1%85%B5%E1%84%91%E1%85%B3-%E1%84%85%E1%85%A6%E1%84%8B%E1%85%B5%E1%84%89%E1%85%B3%E1%84%8B%E1%85%A5%E1%86%B8-%E1%84%87%E1%85%A5%E1%86%AF%E1%84%85%E1%85%AE%E1%86%AB-%E1%84%91%E1%85%A2%E1%86%AB%E1%84%8E%E1%85%B3-p00881500.html,https://static.zara.net/assets/public/5c23/5e7a/edc24b578aae/786dd8ffd796/01255513800-p/01255513800-p.jpg?ts=1781622791694,"₩59,900",,,260622,블랙,,,,
,false,,ZARA,상의,탑,여성,오픈백 탑,https://www.zara.com/kr/ko/%E1%84%8B%E1%85%A9%E1%84%91%E1%85%B3%E1%86%AB-%E1%84%87%E1%85%A2%E1%86%A8-%E1%84%90%E1%85%A1%E1%86%B8-p05039027.html,https://static.zara.net/assets/public/ed7e/1cd2/ec464c408dea/442cdf81523d/05039027800-f1/05039027800-f1.jpg?ts=1777560612948,"₩55,900",,,260622,블랙,,,,
,false,,ZARA,바지,슬랙스,여성,루즈 스트레이트 팬츠,https://www.zara.com/kr/ko/%E1%84%85%E1%85%AE%E1%84%8C%E1%85%B3-%E1%84%89%E1%85%B3%E1%84%90%E1%85%B3%E1%84%85%E1%85%A6%E1%84%8B%E1%85%B5%E1%84%90%E1%85%B3-%E1%84%91%E1%85%A2%E1%86%AB%E1%84%8E%E1%85%B3-p05039028.html,https://static.zara.net/assets/public/198d/4e88/530b4776ac95/b60471df33e6/05039028800-p/05039028800-p.jpg?ts=1777540771991,"₩55,900",,,260622,블랙,,,,
,false,,ZARA,상의,티셔츠,여성,코튼 모달 스트랩 탑,https://www.zara.com/kr/ko/%E1%84%8F%E1%85%A9%E1%84%90%E1%85%B3%E1%86%AB-%E1%84%86%E1%85%A9%E1%84%83%E1%85%A1%E1%86%AF-%E1%84%89%E1%85%B3%E1%84%90%E1%85%B3%E1%84%85%E1%85%A2%E1%86%B8-%E1%84%90%E1%85%A1%E1%86%B8-p03641328.html,https://static.zara.net/assets/public/0f2b/b928/79784f71a72d/7c50bb1cafca/03641328800-f1/03641328800-f1.jpg?ts=1771514429305,"₩15,900",,,260622,블랙,,,,
,false,,ZARA,바지,슬랙스,여성,리브드 스트레이트 팬츠,https://www.zara.com/kr/ko/%E1%84%85%E1%85%B5%E1%84%87%E1%85%B3%E1%84%83%E1%85%B3-%E1%84%89%E1%85%B3%E1%84%90%E1%85%B3%E1%84%85%E1%85%A6%E1%84%8B%E1%85%B5%E1%84%90%E1%85%B3-%E1%84%91%E1%85%A2%E1%86%AB%E1%84%8E%E1%85%B3-p03641380.html,https://static.zara.net/assets/public/10df/e720/b352458e854e/b956d9dfe70c/03641380800-f1/03641380800-f1.jpg?ts=1771586045330,"₩45,900",,,260622,블랙,,,,
,false,,ZARA,상의,티셔츠,여성,러스틱 케이프 탑,https://www.zara.com/kr/ko/%E1%84%85%E1%85%A5%E1%84%89%E1%85%B3%E1%84%90%E1%85%B5%E1%86%A8-%E1%84%8F%E1%85%A6%E1%84%8B%E1%85%B5%E1%84%91%E1%85%B3-%E1%84%90%E1%85%A1%E1%86%B8-p01044158.html,https://static.zara.net/assets/public/c61e/393c/90024a2da911/67c45acfe21c/01044158405-p/01044158405-p.jpg?ts=1777473399727,"₩35,900",,,260622,인디고,,,,
,false,,ZARA,바지,슬랙스,여성,드로스트링 러스틱 팬츠,https://www.zara.com/kr/ko/%E1%84%83%E1%85%B3%E1%84%85%E1%85%A9%E1%84%89%E1%85%B3%E1%84%90%E1%85%B3%E1%84%85%E1%85%B5%E1%86%BC-%E1%84%85%E1%85%A5%E1%84%89%E1%85%B3%E1%84%90%E1%85%B5%E1%86%A8-%E1%84%91%E1%85%A2%E1%86%AB%E1%84%8E%E1%85%B3-p01044159.html,https://static.zara.net/assets/public/3c65/51df/ab2041139174/9e7138ff1d8e/01044159405-p/01044159405-p.jpg?ts=1777473413524,"₩45,900",,,260622,인디고,,,,
,false,,ZARA,아우터,블레이저,여성,린넨 더블 브레스트 블레이저,https://www.zara.com/kr/ko/%E1%84%85%E1%85%B5%E1%86%AB%E1%84%82%E1%85%A6%E1%86%AB-%E1%84%83%E1%85%A5%E1%84%87%E1%85%B3%E1%86%AF-%E1%84%87%E1%85%B3%E1%84%85%E1%85%A6%E1%84%89%E1%85%B3%E1%84%90%E1%85%B3-%E1%84%87%E1%85%B3%E1%86%AF%E1%84%85%E1%85%A6%E1%84%8B%E1%85%B5%E1%84%8C%E1%85%A5-p08372245.html,https://static.zara.net/assets/public/f5f5/1434/3c7f408c927b/aaa2ac26c624/08372245052-p/08372245052-p.jpg?ts=1773851112510,"₩89,900",,,260622,라이트 베이지,,,,
,false,,ZARA,바지,슬랙스,여성,린넨 스트레이트 팬츠,https://www.zara.com/kr/ko/%E1%84%85%E1%85%B5%E1%86%AB%E1%84%82%E1%85%A6%E1%86%AB-%E1%84%89%E1%85%B3%E1%84%90%E1%85%B3%E1%84%85%E1%85%A6%E1%84%8B%E1%85%B5%E1%84%90%E1%85%B3-%E1%84%91%E1%85%A2%E1%86%AB%E1%84%8E%E1%85%B3-p08372145.html,https://static.zara.net/assets/public/8fa6/97f1/86b04ce18b31/173f96304efb/08372145052-p/08372145052-p.jpg?ts=1773851112422,"₩57,900",,,260622,라이트 베이지,,,,
,false,,ZARA,아우터,블레이저,여성,숄더 패드 더블 브레스트 블레이저,https://www.zara.com/kr/ko/%E1%84%91%E1%85%A2%E1%84%83%E1%85%B3-%E1%84%89%E1%85%AD%E1%86%AF%E1%84%83%E1%85%A5-%E1%84%83%E1%85%A5%E1%84%87%E1%85%B3%E1%86%AF-%E1%84%87%E1%85%B3%E1%84%85%E1%85%A6%E1%84%89%E1%85%B3%E1%84%90%E1%85%B3-%E1%84%87%E1%85%B3%E1%86%AF%E1%84%85%E1%85%A6%E1%84%8B%E1%85%B5%E1%84%8C%E1%85%A5-p02198515.html,https://static.zara.net/assets/public/1093/eae8/d67b49dd95b4/4eabb5ea4c0a/02198515700-p/02198515700-p.jpg?ts=1769176177867,"₩129,900",,,260622,브라운,,,,
,false,,ZARA,바지,슬랙스,여성,스트레이트 플리츠 팬츠,https://www.zara.com/kr/ko/%E1%84%91%E1%85%B3%E1%86%AF%E1%84%85%E1%85%B5%E1%84%8E%E1%85%B3-%E1%84%89%E1%85%B3%E1%84%90%E1%85%B3%E1%84%85%E1%85%A6%E1%84%8B%E1%85%B5%E1%84%90%E1%85%B3-%E1%84%91%E1%85%A2%E1%86%AB%E1%84%8E%E1%85%B3-p02212515.html,https://static.zara.net/assets/public/9d63/b3fd/5229453e8060/3e5001fd955f/02198515700-p/02198515700-p.jpg?ts=1769421668182,"₩79,900",,,260622,브라운,,,,
,false,,ZARA,아우터,코트,여성,니트 봄버 재킷,https://www.zara.com/kr/ko/%E1%84%82%E1%85%B5%E1%84%90%E1%85%B3-%E1%84%87%E1%85%A9%E1%86%B7%E1%84%87%E1%85%A5-%E1%84%8C%E1%85%A2%E1%84%8F%E1%85%B5%E1%86%BA-p09598170.html,https://static.zara.net/assets/public/29d9/615f/fb0643958733/b25fa55a86d8/09598170801-f1/09598170801-f1.jpg?ts=1769249917238,"₩109,900",,,260622,다크 그레이,,,,
,false,,ZARA,치마,스커트,여성,니트 미니 스커트,https://www.zara.com/kr/ko/%E1%84%82%E1%85%B5%E1%84%90%E1%85%B3-%E1%84%86%E1%85%B5%E1%84%82%E1%85%B5-%E1%84%89%E1%85%B3%E1%84%8F%E1%85%A5%E1%84%90%E1%85%B3-p09598169.html,https://static.zara.net/assets/public/4763/4588/9738436c992f/9904599243dd/09598169801-p/09598169801-p.jpg?ts=1758626696811,"₩55,900",,,260622,다크 그레이,,,,
,false,,ZARA,상의,탑,여성,텍스처 하이넥 탑,https://www.zara.com/kr/ko/%E1%84%90%E1%85%A6%E1%86%A8%E1%84%89%E1%85%B3%E1%84%8E%E1%85%A5-%E1%84%92%E1%85%A1%E1%84%8B%E1%85%B5%E1%84%82%E1%85%A6%E1%86%A8-%E1%84%90%E1%85%A1%E1%86%B8-p05039390.html,https://static.zara.net/assets/public/e92c/6579/decf4c1686d7/bedb47709e9b/05039390800-f1/05039390800-f1.jpg?ts=1774005017693,"₩29,900",,,260622,블랙,,,,
,false,,ZARA,치마,스커트,여성,텍스처 미디 스커트,https://www.zara.com/kr/ko/%E1%84%90%E1%85%A6%E1%86%A8%E1%84%89%E1%85%B3%E1%84%8E%E1%85%A5-%E1%84%86%E1%85%B5%E1%84%83%E1%85%B5-%E1%84%89%E1%85%B3%E1%84%8F%E1%85%A5%E1%84%90%E1%85%B3-p05039391.html,https://static.zara.net/assets/public/3146/acb8/327c4982bb44/18b0428382a2/05039391800-f1/05039391800-f1.jpg?ts=1774005078009,"₩39,900",,,260622,블랙,,,,
,false,,ZARA,아우터,블레이저,여성,페더 커프스 숄더 패드 블레이저,https://www.zara.com/kr/ko/%E1%84%91%E1%85%A6%E1%84%83%E1%85%A5-%E1%84%8F%E1%85%A5%E1%84%91%E1%85%B3%E1%84%89%E1%85%B3-%E1%84%89%E1%85%AD%E1%86%AF%E1%84%83%E1%85%A5-%E1%84%91%E1%85%A2%E1%84%83%E1%85%B3-%E1%84%87%E1%85%B3%E1%86%AF%E1%84%85%E1%85%A6%E1%84%8B%E1%85%B5%E1%84%8C%E1%85%A5-p02529593.html,https://static.zara.net/assets/public/22a7/e505/b9ed44a3a2ef/f3c8440f7db1/02529593620-f1/02529593620-f1.jpg?ts=1773318125947,"₩169,900",,,260622,로즈핑크,,,,
,false,,ZARA,바지,슬랙스,여성,로우라이즈 스트레이트 팬츠,https://www.zara.com/kr/ko/%E1%84%85%E1%85%A9%E1%84%8B%E1%85%AE%E1%84%85%E1%85%A1%E1%84%8B%E1%85%B5%E1%84%8C%E1%85%B3-%E1%84%89%E1%85%B3%E1%84%90%E1%85%B3%E1%84%85%E1%85%A6%E1%84%8B%E1%85%B5%E1%84%90%E1%85%B3-%E1%84%91%E1%85%A2%E1%86%AB%E1%84%8E%E1%85%B3-p02530593.html,https://static.zara.net/assets/public/adc9/e890/89f1468d9726/ca3610fd73ad/02529593620-p/02529593620-p.jpg?ts=1773739857683,"₩89,900",,,260622,로즈핑크,,,,
,false,,ZARA,아우터,블레이저,여성,버클 더블 브레스트 블레이저,https://www.zara.com/kr/ko/%E1%84%87%E1%85%A5%E1%84%8F%E1%85%B3%E1%86%AF-%E1%84%83%E1%85%A5%E1%84%87%E1%85%B3%E1%86%AF-%E1%84%87%E1%85%B3%E1%84%85%E1%85%A6%E1%84%89%E1%85%B3%E1%84%90%E1%85%B3-%E1%84%87%E1%85%B3%E1%86%AF%E1%84%85%E1%85%A6%E1%84%8B%E1%85%B5%E1%84%8C%E1%85%A5-p07726593.html,https://static.zara.net/assets/public/a48f/b5e4/358e432fbecd/ddea5c086120/07726593251-f1/07726593251-f1.jpg?ts=1779435918494,"₩129,900",,,260622,스크래치 화이트,,,,
,false,,ZARA,바지,슬랙스,여성,스트레이트 하이웨이스트 팬츠,https://www.zara.com/kr/ko/%E1%84%89%E1%85%B3%E1%84%90%E1%85%B3%E1%84%85%E1%85%A6%E1%84%8B%E1%85%B5%E1%84%90%E1%85%B3-%E1%84%92%E1%85%A1%E1%84%8B%E1%85%B5%E1%84%8B%E1%85%B0%E1%84%8B%E1%85%B5%E1%84%89%E1%85%B3%E1%84%90%E1%85%B3-%E1%84%91%E1%85%A2%E1%86%AB%E1%84%8E%E1%85%B3-p07735593.html,https://static.zara.net/assets/public/ff24/d058/528d432fbb68/f3d3dff39d49/07735593251-f1/07735593251-f1.jpg?ts=1779437853103,"₩59,900",,,260622,스크래치 화이트,,,,
,false,,ZARA,바지,슬랙스,여성,레이스 카프리 레깅스,https://www.zara.com/kr/ko/%E1%84%85%E1%85%A6%E1%84%8B%E1%85%B5%E1%84%89%E1%85%B3-%E1%84%8F%E1%85%A1%E1%84%91%E1%85%B3%E1%84%85%E1%85%B5-%E1%84%85%E1%85%A6%E1%84%80%E1%85%B5%E1%86%BC%E1%84%89%E1%85%B3-p01165154.html,https://static.zara.net/assets/public/241e/e0f3/c8d34b5ba179/5fd053a97cbb/01165154800-f1/01165154800-f1.jpg?ts=1769532647247,"₩45,900",,,260622,블랙,,,,
,false,,ZARA,상의,니트,여성,긴소매 버튼 재킷,https://www.zara.com/kr/ko/%E1%84%80%E1%85%B5%E1%86%AB%E1%84%89%E1%85%A9%E1%84%86%E1%85%A2-%E1%84%87%E1%85%A5%E1%84%90%E1%85%B3%E1%86%AB-%E1%84%8C%E1%85%A2%E1%84%8F%E1%85%B5%E1%86%BA-p05039017.html,https://static.zara.net/assets/public/47ac/173a/350a4c23a8f7/e78ee5319405/05039017700-p/05039017700-p.jpg?ts=1772470858451,"₩45,900",,,260622,브라운,,,,
,false,,ZARA,치마,스커트,여성,스트레이트 롱 스커트,https://www.zara.com/kr/ko/%E1%84%89%E1%85%B3%E1%84%90%E1%85%B3%E1%84%85%E1%85%A6%E1%84%8B%E1%85%B5%E1%84%90%E1%85%B3-%E1%84%85%E1%85%A9%E1%86%BC-%E1%84%89%E1%85%B3%E1%84%8F%E1%85%A5%E1%84%90%E1%85%B3-p05039018.html,https://static.zara.net/assets/public/c02e/96b4/accb4ed5a55d/f944bad67878/05039018700-p/05039018700-p.jpg?ts=1772470863914,"₩45,900",,,260622,브라운,,,,
,false,,ZARA,기타,WAISTCOAT,여성,스트라이프 토글 탑,https://www.zara.com/kr/ko/%E1%84%89%E1%85%B3%E1%84%90%E1%85%B3%E1%84%85%E1%85%A1%E1%84%8B%E1%85%B5%E1%84%91%E1%85%B3-%E1%84%90%E1%85%A9%E1%84%80%E1%85%B3%E1%86%AF-%E1%84%87%E1%85%A5%E1%84%90%E1%85%B3%E1%86%AB-%E1%84%90%E1%85%A1%E1%86%B8-p02969329.html,https://static.zara.net/assets/public/a401/c203/17d24f7bad7a/71083f0329c3/02969329330-p/02969329330-p.jpg?ts=1779441865517,"₩59,900",,,260622,멀티컬러,,,,
,false,,ZARA,바지,슬랙스,여성,스트라이프 스트레이트 팬츠,https://www.zara.com/kr/ko/%E1%84%89%E1%85%B3%E1%84%90%E1%85%B3%E1%84%85%E1%85%A1%E1%84%8B%E1%85%B5%E1%84%91%E1%85%B3-%E1%84%89%E1%85%B3%E1%84%90%E1%85%B3%E1%84%85%E1%85%A6%E1%84%8B%E1%85%B5%E1%84%90%E1%85%B3-%E1%84%91%E1%85%A2%E1%86%AB%E1%84%8E%E1%85%B3-p02976329.html,https://static.zara.net/assets/public/fc3e/0185/b5704fce81f9/7d3853b98971/02976329330-f1/02976329330-f1.jpg?ts=1779291260680,"₩59,900",,,260622,멀티컬러,,,,
,false,,ZARA,기타,SWEATSHIRT,여성,인터록 봄버 재킷,https://www.zara.com/kr/ko/%E1%84%8B%E1%85%B5%E1%86%AB%E1%84%90%E1%85%A5%E1%84%85%E1%85%A9%E1%86%A8-%E1%84%87%E1%85%A9%E1%86%B7%E1%84%87%E1%85%A5-%E1%84%8C%E1%85%A2%E1%84%8F%E1%85%B5%E1%86%BA-p03641850.html,https://static.zara.net/assets/public/d25a/089a/276f45f68c51/3948476139ce/03641850800-p/03641850800-p.jpg?ts=1757084521709,"₩55,900",,,260622,블랙,,,,
,false,,ZARA,바지,슬랙스,여성,인터락 플레어 팬츠,https://www.zara.com/kr/ko/%E1%84%8B%E1%85%B5%E1%86%AB%E1%84%90%E1%85%A5%E1%84%85%E1%85%A1%E1%86%A8-%E1%84%91%E1%85%B3%E1%86%AF%E1%84%85%E1%85%A6%E1%84%8B%E1%85%A5-%E1%84%91%E1%85%A2%E1%86%AB%E1%84%8E%E1%85%B3-p03641851.html,https://static.zara.net/assets/public/ad46/32ed/4c9f4c9bad24/b32df9a95cbd/03641851800-f1/03641851800-f1.jpg?ts=1769209418167,"₩45,900",,,260622,블랙,,,,
,false,,ZARA,상의,니트,여성,크롭 니트 탑,https://www.zara.com/kr/ko/%E1%84%8F%E1%85%B3%E1%84%85%E1%85%A9%E1%86%B8-%E1%84%82%E1%85%B5%E1%84%90%E1%85%B3-%E1%84%90%E1%85%A1%E1%86%B8-p05536076.html,https://static.zara.net/assets/public/cbb6/4865/891041288311/66416ac0541b/05536076919-f1/05536076919-f1.jpg?ts=1778742008399,"₩59,900",,,260622,레드 코랄,,,,
,false,,ZARA,치마,스커트,여성,니트 미니 스커트,https://www.zara.com/kr/ko/%E1%84%82%E1%85%B5%E1%84%90%E1%85%B3-%E1%84%86%E1%85%B5%E1%84%82%E1%85%B5-%E1%84%89%E1%85%B3%E1%84%8F%E1%85%A5%E1%84%90%E1%85%B3-p05536077.html,https://static.zara.net/assets/public/6ab9/337f/25ac4099bc71/6f4c71387010/05536077919-f1/05536077919-f1.jpg?ts=1778753579922,"₩49,900",,,260622,레드 코랄,,,,
,false,,ZARA,상의,셔츠/블라우스,여성,쇼트 슬리브 플루이드 셔츠,https://www.zara.com/kr/ko/%E1%84%89%E1%85%AD%E1%84%90%E1%85%B3-%E1%84%89%E1%85%B3%E1%86%AF%E1%84%85%E1%85%B5%E1%84%87%E1%85%B3-%E1%84%91%E1%85%B3%E1%86%AF%E1%84%85%E1%85%AE%E1%84%8B%E1%85%B5%E1%84%83%E1%85%B3-%E1%84%89%E1%85%A7%E1%84%8E%E1%85%B3-p01608322.html,https://static.zara.net/assets/public/8830/00af/4cb5474bad6e/e6ea06ffaee9/01608322716-f1/01608322716-f1.jpg?ts=1780501683434,"₩55,900",,,260622,다크 브라운,,,,
,false,,ZARA,바지,버뮤다 팬츠,여성,엘라스틱 허리 루즈핏 쇼츠,https://www.zara.com/kr/ko/%E1%84%8B%E1%85%A6%E1%86%AF%E1%84%85%E1%85%A1%E1%84%89%E1%85%B3%E1%84%90%E1%85%B5%E1%86%A8-%E1%84%92%E1%85%A5%E1%84%85%E1%85%B5-%E1%84%85%E1%85%AE%E1%84%8C%E1%85%B3%E1%84%91%E1%85%B5%E1%86%BA-%E1%84%89%E1%85%AD%E1%84%8E%E1%85%B3-p01608222.html,https://static.zara.net/assets/public/0e2a/1908/9712490794ed/87287ff6077a/01608222716-p/01608222716-p.jpg?ts=1780653250584,"₩49,900",,,260622,다크 브라운,,,,
,false,,ZARA,상의,니트,여성,오버사이즈 파인 니트 스웨터,https://www.zara.com/kr/ko/%E1%84%8B%E1%85%A9%E1%84%87%E1%85%A5%E1%84%89%E1%85%A1%E1%84%8B%E1%85%B5%E1%84%8C%E1%85%B3-%E1%84%91%E1%85%A1%E1%84%8B%E1%85%B5%E1%86%AB-%E1%84%82%E1%85%B5%E1%84%90%E1%85%B3-%E1%84%89%E1%85%B3%E1%84%8B%E1%85%B0%E1%84%90%E1%85%A5-p02142287.html,https://static.zara.net/assets/public/1fb1/c721/242c44ca9f55/3bf74d770c5c/02142287250-p/02142287250-p.jpg?ts=1772714355453,"₩55,900",,,260622,화이트,,,,
,false,,ZARA,치마,스커트,여성,파인 니트 미디 스커트,https://www.zara.com/kr/ko/%E1%84%91%E1%85%A1%E1%84%8B%E1%85%B5%E1%86%AB-%E1%84%82%E1%85%B5%E1%84%90%E1%85%B3-%E1%84%86%E1%85%B5%E1%84%83%E1%85%B5-%E1%84%89%E1%85%B3%E1%84%8F%E1%85%A5%E1%84%90%E1%85%B3-p02142286.html,https://static.zara.net/assets/public/e214/cb42/2d584fc79b9c/c4fe82db5dcd/02142286250-f1/02142286250-f1.jpg?ts=1773072502661,"₩55,900",,,260622,화이트,,,,
,false,,ZARA,기타,WIND-JACKET,여성,체크 케이프 셔츠,https://www.zara.com/kr/ko/%E1%84%8E%E1%85%A6%E1%84%8F%E1%85%B3-%E1%84%8F%E1%85%A6%E1%84%8B%E1%85%B5%E1%84%91%E1%85%B3-%E1%84%89%E1%85%A7%E1%84%8E%E1%85%B3-p03067709.html,https://static.zara.net/assets/public/b601/dccc/af3c4b36a723/029f74bbc626/03067709809-p/03067709809-p.jpg?ts=1774445663498,"₩55,900",,,260622,미디움 그레이,,,,
,false,,ZARA,바지,슬랙스,여성,엘라스틱 웨이스트 팬츠,https://www.zara.com/kr/ko/%E1%84%8B%E1%85%A6%E1%86%AF%E1%84%85%E1%85%A1%E1%84%89%E1%85%B3%E1%84%90%E1%85%B5%E1%86%A8-%E1%84%8B%E1%85%B0%E1%84%8B%E1%85%B5%E1%84%89%E1%85%B3%E1%84%90%E1%85%B3-%E1%84%91%E1%85%A2%E1%86%AB%E1%84%8E%E1%85%B3-p01255413.html,https://static.zara.net/assets/public/d8c7/0b2a/25b4459383e6/e89ea335268d/04661417809-p/04661417809-p.jpg?ts=1774445672547,"₩59,900",,,260622,미디움 그레이,,,,
,false,,ZARA,아우터,블레이저,여성,링클 페이크 새틴 블레이저,https://www.zara.com/kr/ko/%E1%84%85%E1%85%B5%E1%86%BC%E1%84%8F%E1%85%B3%E1%86%AF-%E1%84%91%E1%85%A6%E1%84%8B%E1%85%B5%E1%84%8F%E1%85%B3-%E1%84%89%E1%85%A2%E1%84%90%E1%85%B5%E1%86%AB-%E1%84%87%E1%85%B3%E1%86%AF%E1%84%85%E1%85%A6%E1%84%8B%E1%85%B5%E1%84%8C%E1%85%A5-p04387177.html,https://static.zara.net/assets/public/e956/d720/08b9455c8984/25374b5243fa/04387177700-p/04387177700-p.jpg?ts=1772796768544,"₩79,900",,,260622,브라운,,,,
,false,,ZARA,바지,슬랙스,여성,링클 페이크 루즈 팬츠,https://www.zara.com/kr/ko/%E1%84%85%E1%85%B5%E1%86%BC%E1%84%8F%E1%85%B3%E1%86%AF-%E1%84%91%E1%85%A6%E1%84%8B%E1%85%B5%E1%84%8F%E1%85%B3-%E1%84%85%E1%85%AE%E1%84%8C%E1%85%B3-%E1%84%91%E1%85%A2%E1%86%AB%E1%84%8E%E1%85%B3-p04387077.html,https://static.zara.net/assets/public/e956/d720/08b9455c8984/25374b5243fa/04387177700-p/04387177700-p.jpg?ts=1772796768544,"₩55,900",,,260622,브라운,,,,
,false,,ZARA,상의,니트,여성,크롭 스트라이프 니트 탑,https://www.zara.com/kr/ko/%E1%84%89%E1%85%B3%E1%84%90%E1%85%B3%E1%84%85%E1%85%A1%E1%84%8B%E1%85%B5%E1%84%91%E1%85%B3-%E1%84%82%E1%85%B5%E1%84%90%E1%85%B3-%E1%84%8F%E1%85%B3%E1%84%85%E1%85%A9%E1%86%B8-%E1%84%90%E1%85%A1%E1%86%B8-p06236037.html,https://static.zara.net/assets/public/a435/3b4c/20304e04aaed/de431df8a77a/06236037047-f1/06236037047-f1.jpg?ts=1777561544186,"₩39,900",,,260622,프린트,,,,
,false,,ZARA,바지,반바지,여성,스트라이프 니트 쇼츠,https://www.zara.com/kr/ko/%E1%84%89%E1%85%B3%E1%84%90%E1%85%B3%E1%84%85%E1%85%A1%E1%84%8B%E1%85%B5%E1%84%91%E1%85%B3-%E1%84%82%E1%85%B5%E1%84%90%E1%85%B3-%E1%84%89%E1%85%AD%E1%84%8E%E1%85%B3-p06236038.html,https://static.zara.net/assets/public/b9ff/2ad9/8d0242d99499/065aa67aadf3/06236038047-f1/06236038047-f1.jpg?ts=1777561536724,"₩39,900",,,260622,프린트,,,,
,false,,ZARA,기타,WAISTCOAT,여성,린넨 홀터넥 베스트,https://www.zara.com/kr/ko/%E1%84%85%E1%85%B5%E1%86%AB%E1%84%82%E1%85%A6%E1%86%AB-%E1%84%92%E1%85%A9%E1%86%AF%E1%84%90%E1%85%A5%E1%84%82%E1%85%A6%E1%86%A8-%E1%84%87%E1%85%A6%E1%84%89%E1%85%B3%E1%84%90%E1%85%B3-p09929127.html,https://static.zara.net/assets/public/9875/ccb5/49064635bede/ca672a34fda3/09929127681-f1/09929127681-f1.jpg?ts=1772037984310,"₩55,900",,,260622,버건디,,,,
,false,,ZARA,바지,버뮤다 팬츠,여성,린넨 플랫 프론트 버뮤다 팬츠,https://www.zara.com/kr/ko/%E1%84%85%E1%85%B5%E1%86%AB%E1%84%82%E1%85%A6%E1%86%AB-%E1%84%90%E1%85%A5%E1%86%A8-%E1%84%83%E1%85%B5%E1%84%90%E1%85%A6%E1%84%8B%E1%85%B5%E1%86%AF-%E1%84%87%E1%85%A5%E1%84%86%E1%85%B2%E1%84%83%E1%85%A1-%E1%84%91%E1%85%A2%E1%86%AB%E1%84%8E%E1%85%B3-p09929027.html,https://static.zara.net/assets/public/1762/5f96/25724277a544/720096831e6a/09929027681-f1/09929027681-f1.jpg?ts=1772037986885,"₩49,900",,,260622,버건디,,,,
,false,,ZARA,상의,셔츠/블라우스,여성,엘라스틱 셔링 홀터넥 탑,https://www.zara.com/kr/ko/%E1%84%8B%E1%85%A6%E1%86%AF%E1%84%85%E1%85%A1%E1%84%89%E1%85%B3%E1%84%90%E1%85%B5%E1%86%A8-%E1%84%89%E1%85%A7%E1%84%85%E1%85%B5%E1%86%BC-%E1%84%92%E1%85%A9%E1%86%AF%E1%84%90%E1%85%A5%E1%84%82%E1%85%A6%E1%86%A8-%E1%84%90%E1%85%A1%E1%86%B8-p04661013.html,https://static.zara.net/assets/public/988c/02cc/fe2b4260a2b8/c5b9fe45d4bb/04661013649-p/04661013649-p.jpg?ts=1777558199570,"₩45,900",,,260622,"레드,코랄",,,,
,false,,ZARA,바지,슬랙스,여성,드로스트링 팔라초 팬츠,https://www.zara.com/kr/ko/%E1%84%83%E1%85%B3%E1%84%85%E1%85%A9%E1%84%89%E1%85%B3%E1%84%90%E1%85%B3%E1%84%85%E1%85%B5%E1%86%BC-%E1%84%91%E1%85%A1%E1%86%AF%E1%84%85%E1%85%A1%E1%84%8E%E1%85%A9-%E1%84%91%E1%85%A2%E1%86%AB%E1%84%8E%E1%85%B3-p02180417.html,https://static.zara.net/assets/public/c6c1/1277/261b4cee9609/3ffc4036e845/02180417649-p/02180417649-p.jpg?ts=1777558191380,"₩55,900",,,260622,"레드,코랄",,,,
,false,,ZARA,아우터,블레이저,여성,라펠 쇼트 재킷,https://www.zara.com/kr/ko/%E1%84%85%E1%85%A1%E1%84%91%E1%85%A6%E1%86%AF-%E1%84%89%E1%85%AD%E1%84%90%E1%85%B3-%E1%84%8C%E1%85%A2%E1%84%8F%E1%85%B5%E1%86%BA-p09929023.html,https://static.zara.net/assets/public/7e89/c6ea/ce94414c85d9/773e0eff719d/09929023700-p/09929023700-p.jpg?ts=1772015140440,"₩79,900",,,260622,브라운,,,,
,false,,ZARA,바지,버뮤다 팬츠,여성,카고 스커트 팬츠,https://www.zara.com/kr/ko/%E1%84%8F%E1%85%A1%E1%84%80%E1%85%A9-%E1%84%89%E1%85%B3%E1%84%8F%E1%85%A5%E1%84%90%E1%85%B3-%E1%84%91%E1%85%A2%E1%86%AB%E1%84%8E%E1%85%B3-p09929123.html,https://static.zara.net/assets/public/746f/c138/c857468aa747/125217a7778e/09929123700-p/09929123700-p.jpg?ts=1772015146908,"₩55,900",,,260622,브라운,,,,
,false,,ZARA,기타,SWEATSHIRT,여성,크롭 워싱 페이크 티셔츠,https://www.zara.com/kr/ko/%E1%84%8B%E1%85%AF%E1%84%89%E1%85%B5%E1%86%BC-%E1%84%8F%E1%85%B3%E1%84%85%E1%85%A9%E1%86%B8-%E1%84%90%E1%85%B5%E1%84%89%E1%85%A7%E1%84%8E%E1%85%B3-p03253390.html,https://static.zara.net/assets/public/b502/5a2c/01ee45f4a081/fdddf894bfd5/03253390420-p/03253390420-p.jpg?ts=1776859851344,"₩35,900",,,260622,블루,,,,
,false,,ZARA,바지,반바지,여성,워싱 이펙트 스트링 쇼츠,https://www.zara.com/kr/ko/%E1%84%8B%E1%85%AF%E1%84%89%E1%85%B5%E1%86%BC-%E1%84%8B%E1%85%B5%E1%84%91%E1%85%A6%E1%86%A8%E1%84%90%E1%85%B3-%E1%84%89%E1%85%B3%E1%84%90%E1%85%B3%E1%84%85%E1%85%B5%E1%86%BC-%E1%84%89%E1%85%AD%E1%84%8E%E1%85%B3-p03253391.html,https://static.zara.net/assets/public/934b/bcb5/35504c97961d/9f4d230c8b93/03253391420-p/03253391420-p.jpg?ts=1776859866235,"₩35,900",,,260622,블루,,,,
,false,,ZARA,상의,셔츠/블라우스,여성,플라워 쇼트 슬리브 셔츠,https://www.zara.com/kr/ko/%E1%84%91%E1%85%B3%E1%86%AF%E1%84%85%E1%85%A1%E1%84%8B%E1%85%AF-%E1%84%89%E1%85%AD%E1%84%90%E1%85%B3-%E1%84%89%E1%85%B3%E1%86%AF%E1%84%85%E1%85%B5%E1%84%87%E1%85%B3-%E1%84%89%E1%85%A7%E1%84%8E%E1%85%B3-p06929064.html,https://static.zara.net/assets/public/8a1a/0eb3/947e4e4eabcc/2017c58dc042/06929064620-p/06929064620-p.jpg?ts=1777285650645,"₩55,900",,,260622,로즈핑크,,,,
,false,,ZARA,바지,버뮤다 팬츠,여성,플라워 프린트 쇼츠,https://www.zara.com/kr/ko/%E1%84%91%E1%85%B3%E1%86%AF%E1%84%85%E1%85%A1%E1%84%8B%E1%85%AF-%E1%84%89%E1%85%AD%E1%84%8E%E1%85%B3-p06929002.html,https://static.zara.net/assets/public/a25e/90aa/62b14d21b466/cf5045f92a25/06929002620-p/06929002620-p.jpg?ts=1777285651586,"₩55,900",,,260622,로즈핑크,,,,
,false,,ZARA,상의,탑,여성,러스틱 파나에로 넥 티셔츠,https://www.zara.com/kr/ko/%E1%84%85%E1%85%A5%E1%84%89%E1%85%B3%E1%84%90%E1%85%B5%E1%86%A8-%E1%84%91%E1%85%A1%E1%84%82%E1%85%A1%E1%84%8B%E1%85%A6%E1%84%85%E1%85%A9-%E1%84%82%E1%85%A6%E1%86%A8-%E1%84%90%E1%85%B5%E1%84%89%E1%85%A7%E1%84%8E%E1%85%B3-p01165146.html,https://static.zara.net/assets/public/0b44/6190/be3949b3a702/dc69228def3e/01165146803-p/01165146803-p.jpg?ts=1777473418858,"₩49,900",,,260622,그레이,,,,
,false,,ZARA,바지,슬랙스,여성,스트레이트 러스틱 팬츠,https://www.zara.com/kr/ko/%E1%84%85%E1%85%A5%E1%84%89%E1%85%B3%E1%84%90%E1%85%B5%E1%86%A8-%E1%84%89%E1%85%B3%E1%84%90%E1%85%B3%E1%84%85%E1%85%A6%E1%84%8B%E1%85%B5%E1%84%90%E1%85%B3-%E1%84%91%E1%85%A2%E1%86%AB%E1%84%8E%E1%85%B3-p01165147.html,https://static.zara.net/assets/public/b5f7/d8b4/f8ea4600bcf5/6c3c4d733896/01165147803-p/01165147803-p.jpg?ts=1777473425059,"₩49,900",,,260622,그레이,,,,
,false,,ZARA,상의,티셔츠,여성,러스틱 슬리브리스 탑,https://www.zara.com/kr/ko/%E1%84%85%E1%85%A5%E1%84%89%E1%85%B3%E1%84%90%E1%85%B5%E1%86%A8-%E1%84%89%E1%85%B3%E1%86%AF%E1%84%85%E1%85%B5%E1%84%87%E1%85%B3%E1%84%85%E1%85%B5%E1%84%89%E1%85%B3-%E1%84%90%E1%85%A1%E1%86%B8-p01165104.html,https://static.zara.net/assets/public/92ee/7d14/95e54ba1a66e/19b112bfc02d/01165104807-f1/01165104807-f1.jpg?ts=1773317749502,"₩35,900",,,260622,콜 그레이,,,,
,false,,ZARA,바지,슬랙스,여성,스트레이트 러스틱 팬츠,https://www.zara.com/kr/ko/%E1%84%89%E1%85%B3%E1%84%90%E1%85%B3%E1%84%85%E1%85%A6%E1%84%8B%E1%85%B5%E1%84%90%E1%85%B3-%E1%84%85%E1%85%A5%E1%84%89%E1%85%B3%E1%84%90%E1%85%B5%E1%86%A8-%E1%84%91%E1%85%A2%E1%86%AB%E1%84%8E%E1%85%B3-p01165105.html,https://static.zara.net/assets/public/6048/cb1c/f764497fa68d/95988595dd08/01165105807-f1/01165105807-f1.jpg?ts=1773317774941,"₩49,900",,,260622,콜 그레이,,,,
,false,,ZARA,상의,셔츠/블라우스,여성,프린트 새틴 탑,https://www.zara.com/kr/ko/%E1%84%91%E1%85%B3%E1%84%85%E1%85%B5%E1%86%AB%E1%84%90%E1%85%B3-%E1%84%89%E1%85%A2%E1%84%90%E1%85%B5%E1%86%AB-%E1%84%90%E1%85%A1%E1%86%B8-p07050216.html,https://static.zara.net/assets/public/c5bf/2ce5/f441445980db/6b7e4e6a0b46/07050216330-p/07050216330-p.jpg?ts=1778238956717,"₩49,900",,,260622,멀티컬러,,,,
,false,,ZARA,치마,스커트,여성,매듭 프린트 새틴 미디 스커트,https://www.zara.com/kr/ko/%E1%84%86%E1%85%A2%E1%84%83%E1%85%B3%E1%86%B8-%E1%84%91%E1%85%B3%E1%84%85%E1%85%B5%E1%86%AB%E1%84%90%E1%85%B3-%E1%84%86%E1%85%B5%E1%84%83%E1%85%B5-%E1%84%89%E1%85%B3%E1%84%8F%E1%85%A5%E1%84%90%E1%85%B3-p02650216.html,https://static.zara.net/assets/public/e472/6800/ccc447fe8d56/c8a9ad6fe0f0/02650216330-p/02650216330-p.jpg?ts=1778238924960,"₩59,900",,,260622,멀티컬러,,,,
,false,,ZARA,상의,티셔츠,여성,코튼 모달 스트랩 탑,https://www.zara.com/kr/ko/%E1%84%8F%E1%85%A9%E1%84%90%E1%85%B3%E1%86%AB-%E1%84%86%E1%85%A9%E1%84%83%E1%85%A1%E1%86%AF-%E1%84%89%E1%85%B3%E1%84%90%E1%85%B3%E1%84%85%E1%85%A2%E1%86%B8-%E1%84%90%E1%85%A1%E1%86%B8-p03641328.html,https://static.zara.net/assets/public/3a1f/a16c/967943299b18/ed6ffa66bc94/03641328737-f1/03641328737-f1.jpg?ts=1771514434159,"₩15,900",,,260622,"브라운,토프",,,,
,false,,ZARA,바지,슬랙스,여성,스트레이트 리브드 팬츠,https://www.zara.com/kr/ko/%E1%84%85%E1%85%B5%E1%84%87%E1%85%B3%E1%84%83%E1%85%B3-%E1%84%89%E1%85%B3%E1%84%90%E1%85%B3%E1%84%85%E1%85%A6%E1%84%8B%E1%85%B5%E1%84%90%E1%85%B3-%E1%84%91%E1%85%A2%E1%86%AB%E1%84%8E%E1%85%B3-p03641380.html,https://static.zara.net/assets/public/8436/7c17/f4384bfc8df4/fa30ec940ac6/03641380737-f1/03641380737-f1.jpg?ts=1771586028152,"₩45,900",,,260622,"브라운,토프",,,,
,false,,ZARA,상의,셔츠/블라우스,여성,벌룬 스트라이프 블라우스,https://www.zara.com/kr/ko/%E1%84%87%E1%85%A5%E1%86%AF%E1%84%85%E1%85%AE%E1%86%AB-%E1%84%89%E1%85%B3%E1%84%90%E1%85%B3%E1%84%85%E1%85%A1%E1%84%8B%E1%85%B5%E1%84%91%E1%85%B3-%E1%84%87%E1%85%B3%E1%86%AF%E1%84%85%E1%85%A1%E1%84%8B%E1%85%AE%E1%84%89%E1%85%B3-p06017536.html,https://static.zara.net/assets/public/7220/05f0/7d6e40a2a92b/48b103af0f61/06017536066-f1/06017536066-f1.jpg?ts=1780578247479,"₩55,900",,,260622,"크림,네이비",,,,
,false,,ZARA,치마,스커트,여성,언밸런스 미디 스커트,https://www.zara.com/kr/ko/%E1%84%8B%E1%85%A5%E1%86%AB%E1%84%87%E1%85%A2%E1%86%AF%E1%84%85%E1%85%A5%E1%86%AB%E1%84%89%E1%85%B3-%E1%84%86%E1%85%B5%E1%84%83%E1%85%B5-%E1%84%89%E1%85%B3%E1%84%8F%E1%85%A5%E1%84%90%E1%85%B3-p08546536.html,https://static.zara.net/assets/public/3cd0/fc14/5a574a0b92d1/b7697f0e9524/08546536066-f1/08546536066-f1.jpg?ts=1780652692214,"₩59,900",,,260622,"크림,네이비",,,,
,false,,ZARA,기타,SWEATSHIRT,여성,오버사이즈 지퍼 스웨트셔츠,https://www.zara.com/kr/ko/%E1%84%8B%E1%85%A9%E1%84%87%E1%85%A5%E1%84%89%E1%85%A1%E1%84%8B%E1%85%B5%E1%84%8C%E1%85%B3-%E1%84%8C%E1%85%B5%E1%84%91%E1%85%A5-%E1%84%89%E1%85%B3%E1%84%8B%E1%85%B0%E1%84%90%E1%85%B3%E1%84%89%E1%85%A7%E1%84%8E%E1%85%B3-p03641393.html,https://static.zara.net/assets/public/5ca3/1b5e/3d0943a8b11e/a31772c701e2/03641393401-p/03641393401-p.jpg?ts=1774544786338,"₩55,900",,,260622,네이비,,,,
,false,,ZARA,바지,반바지,여성,스트링 쇼츠,https://www.zara.com/kr/ko/%E1%84%89%E1%85%B3%E1%84%90%E1%85%B3%E1%84%85%E1%85%B5%E1%86%BC-%E1%84%89%E1%85%AD%E1%84%8E%E1%85%B3-p03641404.html,https://static.zara.net/assets/public/2fbc/c3fe/2ad6483b8268/567e7ab827ba/03641404401-p/03641404401-p.jpg?ts=1774544792089,"₩39,900",,,260622,네이비,,,,
,false,,ZARA,상의,탑,여성,텍스처 오프숄더 탑,https://www.zara.com/kr/ko/%E1%84%90%E1%85%A6%E1%86%A8%E1%84%89%E1%85%B3%E1%84%8E%E1%85%A5-%E1%84%8B%E1%85%A9%E1%84%91%E1%85%B3-%E1%84%89%E1%85%AD%E1%86%AF%E1%84%83%E1%85%A5-%E1%84%90%E1%85%A1%E1%86%B8-p05039397.html,https://static.zara.net/assets/public/d012/34f7/1d804abab9c9/1d9258fbcfb2/05039397406-f1/05039397406-f1.jpg?ts=1775026518917,"₩21,900",,,260622,라이트 블루,,,,
,false,,ZARA,치마,스커트,여성,텍스처 미디 스커트,https://www.zara.com/kr/ko/%E1%84%90%E1%85%A6%E1%86%A8%E1%84%89%E1%85%B3%E1%84%8E%E1%85%A5-%E1%84%86%E1%85%B5%E1%84%83%E1%85%B5-%E1%84%89%E1%85%B3%E1%84%8F%E1%85%A5%E1%84%90%E1%85%B3-p05039398.html,https://static.zara.net/assets/public/09c4/0922/f3284c8f9a63/bacc490221eb/05039398406-f1/05039398406-f1.jpg?ts=1775026515169,"₩39,900",,,260622,라이트 블루,,,,
,false,,ZARA,상의,셔츠/블라우스,여성,ZW 컬렉션 100% 린넨 코드 탑,https://www.zara.com/kr/ko/zw-%E1%84%8F%E1%85%A5%E1%86%AF%E1%84%85%E1%85%A6%E1%86%A8%E1%84%89%E1%85%A7%E1%86%AB-100-%E1%84%85%E1%85%B5%E1%84%82%E1%85%A6%E1%86%AB-%E1%84%8F%E1%85%A9%E1%84%83%E1%85%B3-%E1%84%90%E1%85%A1%E1%86%B8-p05344016.html,https://static.zara.net/assets/public/20c7/3196/55954aa79bc2/c22db6ce87ef/05344016800-f1/05344016800-f1.jpg?ts=1774951353556,"₩59,900",,,260622,블랙,,,,
,false,,ZARA,바지,슬랙스,여성,ZW 컬렉션 100% 린넨 슬릿 팬츠,https://www.zara.com/kr/ko/zw-%E1%84%8F%E1%85%A5%E1%86%AF%E1%84%85%E1%85%A6%E1%86%A8%E1%84%89%E1%85%A7%E1%86%AB-100-%E1%84%85%E1%85%B5%E1%84%82%E1%85%A6%E1%86%AB-%E1%84%89%E1%85%B3%E1%86%AF%E1%84%85%E1%85%B5%E1%86%BA-%E1%84%91%E1%85%A2%E1%86%AB%E1%84%8E%E1%85%B3-p01936334.html,https://static.zara.net/assets/public/2ef4/1274/c8294451b101/655f67826f62/04344041800-p/04344041800-p.jpg?ts=1774949052429,"₩79,900",,,260622,블랙,,,,
,false,,ZARA,상의,탑,여성,러스틱 쇼트 슬리브 탑,https://www.zara.com/kr/ko/%E1%84%85%E1%85%A5%E1%84%89%E1%85%B3%E1%84%90%E1%85%B5%E1%86%A8-%E1%84%89%E1%85%AD%E1%84%90%E1%85%B3-%E1%84%89%E1%85%B3%E1%86%AF%E1%84%85%E1%85%B5%E1%84%87%E1%85%B3-%E1%84%90%E1%85%A1%E1%86%B8-p05067951.html,https://static.zara.net/assets/public/de83/cc51/96e34d9a9139/2c0777defbac/01058151712-p/01058151712-p.jpg?ts=1771415482931,"₩39,900",,,260622,크림,,,,
,false,,ZARA,바지,슬랙스,여성,러스틱 와이드 레그 팬츠,https://www.zara.com/kr/ko/%E1%84%85%E1%85%A5%E1%84%89%E1%85%B3%E1%84%90%E1%85%B5%E1%86%A8-%E1%84%8B%E1%85%AA%E1%84%8B%E1%85%B5%E1%84%83%E1%85%B3-%E1%84%85%E1%85%A6%E1%84%80%E1%85%B3-%E1%84%91%E1%85%A2%E1%86%AB%E1%84%8E%E1%85%B3-p05067950.html,https://static.zara.net/assets/public/081d/5a78/7d61457fa1a0/aaa559736ae5/01058150712-p/01058150712-p.jpg?ts=1771415478294,"₩45,900",,,260622,크림,,,,
,false,,ZARA,기타,WIND-JACKET,여성,콤비 크로셰 재킷,https://www.zara.com/kr/ko/%E1%84%8F%E1%85%A9%E1%86%B7%E1%84%87%E1%85%B5-%E1%84%8F%E1%85%B3%E1%84%85%E1%85%A9%E1%84%89%E1%85%A8-%E1%84%8C%E1%85%A2%E1%84%8F%E1%85%B5%E1%86%BA-p05770039.html,https://static.zara.net/assets/public/d17f/2e19/81214163b974/06a390c9a4f9/05770039505-p/05770039505-p.jpg?ts=1778076463738,"₩109,900",,,260622,카키,,,,
,false,,ZARA,바지,버뮤다 팬츠,여성,크로셰 믹스 쇼츠,https://www.zara.com/kr/ko/%E1%84%8F%E1%85%B3%E1%84%85%E1%85%A9%E1%84%89%E1%85%A8-%E1%84%86%E1%85%B5%E1%86%A8%E1%84%89%E1%85%B3-%E1%84%89%E1%85%AD%E1%84%8E%E1%85%B3-p05770037.html,https://static.zara.net/assets/public/2dd3/7fda/48eb47e5a090/89d90b9c0cd5/05770037505-f1/05770037505-f1.jpg?ts=1778057848545,"₩57,900",,,260622,카키,,,,
,false,,ZARA,상의,티셔츠,여성,슬리브리스 탑,https://www.zara.com/kr/ko/%E1%84%89%E1%85%B3%E1%86%AF%E1%84%85%E1%85%B5%E1%84%87%E1%85%B3%E1%84%85%E1%85%B5%E1%84%89%E1%85%B3-%E1%84%90%E1%85%A1%E1%86%B8-p03253342.html,https://static.zara.net/assets/public/0d1b/196c/78f744b29a25/1c8c4606b6be/03253342737-f1/03253342737-f1.jpg?ts=1774870219609,"₩29,900",,,260622,"브라운,토프",,,,
,false,,ZARA,바지,반바지,여성,페이크 워싱 쇼츠,https://www.zara.com/kr/ko/%E1%84%91%E1%85%A6%E1%84%8B%E1%85%B5%E1%84%8F%E1%85%B3-%E1%84%8B%E1%85%AF%E1%84%89%E1%85%B5%E1%86%BC-%E1%84%89%E1%85%AD%E1%84%8E%E1%85%B3-p03253344.html,https://static.zara.net/assets/public/60ee/78b5/a36a4f89b684/6570ead5fac0/03253344737-f1/03253344737-f1.jpg?ts=1774870219633,"₩35,900",,,260622,"브라운,토프",,,,
,false,,ZARA,기타,WAISTCOAT,여성,스트라이프 포플린 홀터넥 탑,https://www.zara.com/kr/ko/%E1%84%89%E1%85%B3%E1%84%90%E1%85%B3%E1%84%85%E1%85%A1%E1%84%8B%E1%85%B5%E1%84%91%E1%85%B3-%E1%84%91%E1%85%A9%E1%84%91%E1%85%B3%E1%86%AF%E1%84%85%E1%85%B5%E1%86%AB-%E1%84%92%E1%85%A9%E1%86%AF%E1%84%90%E1%85%A5%E1%84%82%E1%85%A6%E1%86%A8-%E1%84%90%E1%85%A1%E1%86%B8-p02010746.html,https://static.zara.net/assets/public/518a/cec2/1cbe49c5b0bb/8748d3d562f7/02010746046-f1/02010746046-f1.jpg?ts=1780900558917,"₩49,900",,,260622,"로즈핑크,화이트",,,,
,false,,ZARA,바지,슬랙스,여성,스트라이프 포플린 와이드 팬츠,https://www.zara.com/kr/ko/%E1%84%89%E1%85%B3%E1%84%90%E1%85%B3%E1%84%85%E1%85%A1%E1%84%8B%E1%85%B5%E1%84%91%E1%85%B3-%E1%84%91%E1%85%A9%E1%84%91%E1%85%B3%E1%86%AF%E1%84%85%E1%85%B5%E1%86%AB-%E1%84%8B%E1%85%AA%E1%84%8B%E1%85%B5%E1%84%83%E1%85%B3-%E1%84%91%E1%85%A2%E1%86%AB%E1%84%8E%E1%85%B3-p03152456.html,https://static.zara.net/assets/public/7163/871b/769247618a20/d09298d5e9a8/03152456046-f1/03152456046-f1.jpg?ts=1780900558496,"₩59,900",,,260622,"로즈핑크,화이트",,,,
,false,,ZARA,상의,셔츠/블라우스,여성,ZW 컬렉션 스트라이프 플루이드 셔츠,https://www.zara.com/kr/ko/zw-%E1%84%8F%E1%85%A5%E1%86%AF%E1%84%85%E1%85%A6%E1%86%A8%E1%84%89%E1%85%A7%E1%86%AB-%E1%84%89%E1%85%B3%E1%84%90%E1%85%B3%E1%84%85%E1%85%A1%E1%84%8B%E1%85%B5%E1%84%91%E1%85%B3-%E1%84%91%E1%85%B3%E1%86%AF%E1%84%85%E1%85%AE%E1%84%8B%E1%85%B5%E1%84%83%E1%85%B3-%E1%84%89%E1%85%A7%E1%84%8E%E1%85%B3-p09479006.html,https://static.zara.net/assets/public/f87d/270f/e49d4298ac31/f3a6ac0b6fa5/09479006049-p/09479006049-p.jpg?ts=1777378146826,"₩59,900",,,260622,브라운-블루,,,,
,false,,ZARA,바지,버뮤다 팬츠,여성,ZW 컬렉션 스트라이프 자카드 쇼츠,https://www.zara.com/kr/ko/zw-%E1%84%8F%E1%85%A5%E1%86%AF%E1%84%85%E1%85%A6%E1%86%A8%E1%84%89%E1%85%A7%E1%86%AB-%E1%84%89%E1%85%B3%E1%84%90%E1%85%B3%E1%84%85%E1%85%A1%E1%84%8B%E1%85%B5%E1%84%91%E1%85%B3-%E1%84%8C%E1%85%A1%E1%84%8F%E1%85%A1%E1%84%83%E1%85%B3-%E1%84%89%E1%85%AD%E1%84%8E%E1%85%B3-p09479073.html,https://static.zara.net/assets/public/c612/e0fc/98414adca252/290f656deffd/09479073049-f1/09479073049-f1.jpg?ts=1777467713947,"₩59,900",,,260622,브라운-블루,,,,
,false,,ZARA,상의,티셔츠,여성,쇼트 슬리브 루즈 폴로셔츠,https://www.zara.com/kr/ko/%E1%84%89%E1%85%AD%E1%84%90%E1%85%B3-%E1%84%89%E1%85%B3%E1%86%AF%E1%84%85%E1%85%B5%E1%84%87%E1%85%B3-%E1%84%85%E1%85%AE%E1%84%8C%E1%85%B3-%E1%84%91%E1%85%A9%E1%86%AF%E1%84%85%E1%85%A9%E1%84%89%E1%85%A7%E1%84%8E%E1%85%B3-p00858064.html,https://static.zara.net/assets/public/099a/50c8/ecea49e8b044/873504715b1b/00858064710-f1/00858064710-f1.jpg?ts=1778153018478,"₩45,900",,,260622,베이지,,,,
,false,,ZARA,바지,슬랙스,여성,루즈 스트레이트 팬츠,https://www.zara.com/kr/ko/%E1%84%85%E1%85%AE%E1%84%8C%E1%85%B3-%E1%84%89%E1%85%B3%E1%84%90%E1%85%B3%E1%84%85%E1%85%A6%E1%84%8B%E1%85%B5%E1%84%90%E1%85%B3-%E1%84%91%E1%85%A2%E1%86%AB%E1%84%8E%E1%85%B3-p00858065.html,https://static.zara.net/assets/public/3c28/1c4f/6e174b92bb9e/e3c1dd1f9c72/00858065710-f1/00858065710-f1.jpg?ts=1778153016191,"₩49,900",,,260622,베이지,,,,
,false,,ZARA,상의,탑,여성,페플럼 스트랩 탑,https://www.zara.com/kr/ko/%E1%84%91%E1%85%A6%E1%84%91%E1%85%B3%E1%86%AF%E1%84%85%E1%85%A5%E1%86%B7-%E1%84%89%E1%85%B3%E1%84%90%E1%85%B3%E1%84%85%E1%85%A2%E1%86%B8-%E1%84%90%E1%85%A1%E1%86%B8-p03644250.html,https://static.zara.net/assets/public/0e23/6095/1cb24e98ab1f/cf6f080fb0b3/03644250450-p/03644250450-p.jpg?ts=1773231229350,"₩45,900",,,260622,베이지,,,,
,false,,ZARA,바지,슬랙스,여성,러플 웨이스트 와이드 팬츠,https://www.zara.com/kr/ko/%E1%84%85%E1%85%A5%E1%84%91%E1%85%B3%E1%86%AF-%E1%84%8B%E1%85%B0%E1%84%8B%E1%85%B5%E1%84%89%E1%85%B3%E1%84%90%E1%85%B3-%E1%84%8B%E1%85%AA%E1%84%8B%E1%85%B5%E1%84%83%E1%85%B3-%E1%84%91%E1%85%A2%E1%86%AB%E1%84%8E%E1%85%B3-p03644251.html,https://static.zara.net/assets/public/d8b7/b35e/bead429883c4/c45a6a0ea5d1/03644251450-p/03644251450-p.jpg?ts=1773231233427,"₩59,900",,,260622,베이지,,,,
,false,,ZARA,기타,SWEATSHIRT,여성,인터록 봄버 재킷,https://www.zara.com/kr/ko/%E1%84%8B%E1%85%B5%E1%86%AB%E1%84%90%E1%85%A5%E1%84%85%E1%85%A9%E1%86%A8-%E1%84%87%E1%85%A9%E1%86%B7%E1%84%87%E1%85%A5-%E1%84%8C%E1%85%A2%E1%84%8F%E1%85%B5%E1%86%BA-p03641850.html,https://static.zara.net/assets/public/a131/83e0/bd5b4b46ae4e/48374b07448c/03641850700-f1/03641850700-f1.jpg?ts=1769209499368,"₩55,900",,,260622,브라운,,,,
,false,,ZARA,바지,슬랙스,여성,인터락 플레어 팬츠,https://www.zara.com/kr/ko/%E1%84%8B%E1%85%B5%E1%86%AB%E1%84%90%E1%85%A5%E1%84%85%E1%85%A1%E1%86%A8-%E1%84%91%E1%85%B3%E1%86%AF%E1%84%85%E1%85%A6%E1%84%8B%E1%85%A5-%E1%84%91%E1%85%A2%E1%86%AB%E1%84%8E%E1%85%B3-p03641851.html,https://static.zara.net/assets/public/1487/a9e9/26374363b03e/24efb3964718/03641851700-f1/03641851700-f1.jpg?ts=1769209409139,"₩45,900",,,260622,브라운,,,,
,false,,ZARA,상의,셔츠/블라우스,여성,Z1975 숏 데님 셔츠,https://www.zara.com/kr/ko/z1975-%E1%84%89%E1%85%AD%E1%86%BA-%E1%84%83%E1%85%A6%E1%84%82%E1%85%B5%E1%86%B7-%E1%84%89%E1%85%A7%E1%84%8E%E1%85%B3-p01934021.html,https://static.zara.net/assets/public/5ae8/331c/b0c444f8af74/d565a7f9939f/01934021407-p/01934021407-p.jpg?ts=1770810990747,"₩55,900",,,260622,블루,,,,
,false,,ZARA,바지,슬랙스,여성,JEANS Z1975 조거 와이드 레그 하이웨이스트,https://www.zara.com/kr/ko/jeans-z1975-%E1%84%8C%E1%85%A9%E1%84%80%E1%85%A5-%E1%84%8B%E1%85%AA%E1%84%8B%E1%85%B5%E1%84%83%E1%85%B3-%E1%84%85%E1%85%A6%E1%84%80%E1%85%B3-%E1%84%92%E1%85%A1%E1%84%8B%E1%85%B5%E1%84%8B%E1%85%B0%E1%84%8B%E1%85%B5%E1%84%89%E1%85%B3%E1%84%90%E1%85%B3-p01934022.html,https://static.zara.net/assets/public/fc70/681c/c4d0415caaeb/c15b970debf3/01934022407-p/01934022407-p.jpg?ts=1770810995586,"₩55,900",,,260622,블루,,,,
,false,,ZARA,상의,티셔츠,여성,러스틱 슬리브리스 탑,https://www.zara.com/kr/ko/%E1%84%85%E1%85%A5%E1%84%89%E1%85%B3%E1%84%90%E1%85%B5%E1%86%A8-%E1%84%89%E1%85%B3%E1%86%AF%E1%84%85%E1%85%B5%E1%84%87%E1%85%B3%E1%84%85%E1%85%B5%E1%84%89%E1%85%B3-%E1%84%90%E1%85%A1%E1%86%B8-p01165104.html,https://static.zara.net/assets/public/d1be/b3e2/5cde402789a2/bc063a342fb3/01165104712-000-f1/01165104712-000-f1.jpg?ts=1773820286416,"₩35,900",,,260622,크림,,,,
,false,,ZARA,바지,슬랙스,여성,스트레이트 러스틱 팬츠,https://www.zara.com/kr/ko/%E1%84%89%E1%85%B3%E1%84%90%E1%85%B3%E1%84%85%E1%85%A6%E1%84%8B%E1%85%B5%E1%84%90%E1%85%B3-%E1%84%85%E1%85%A5%E1%84%89%E1%85%B3%E1%84%90%E1%85%B5%E1%86%A8-%E1%84%91%E1%85%A2%E1%86%AB%E1%84%8E%E1%85%B3-p01165105.html,https://static.zara.net/assets/public/9011/2a22/d4ca4f29810c/f559d45058d1/01165105712-000-f1/01165105712-000-f1.jpg?ts=1773820286442,"₩49,900",,,260622,크림,,,,
,false,,ZARA,아우터,블레이저,여성,벨티드 링클 이펙트 사파리 셔츠,https://www.zara.com/kr/ko/%E1%84%87%E1%85%A6%E1%86%AF%E1%84%90%E1%85%B3-%E1%84%85%E1%85%B5%E1%86%BC%E1%84%8F%E1%85%B3%E1%86%AF-%E1%84%8B%E1%85%B5%E1%84%91%E1%85%A6%E1%86%A8%E1%84%90%E1%85%B3-%E1%84%89%E1%85%A1%E1%84%91%E1%85%A1%E1%84%85%E1%85%B5-%E1%84%89%E1%85%A7%E1%84%8E%E1%85%B3-p04387082.html,https://static.zara.net/assets/public/c453/72d8/42934f92b51e/bf6223311cdd/04387082401-f1/04387082401-f1.jpg?ts=1775475226958,"₩79,900",,,260622,네이비,,,,
,false,,ZARA,바지,슬랙스,여성,링클 이펙트 스트레이트 팬츠,https://www.zara.com/kr/ko/%E1%84%85%E1%85%B5%E1%86%BC%E1%84%8F%E1%85%B3%E1%86%AF-%E1%84%8B%E1%85%B5%E1%84%91%E1%85%A6%E1%86%A8%E1%84%90%E1%85%B3-%E1%84%89%E1%85%B3%E1%84%90%E1%85%B3%E1%84%85%E1%85%A6%E1%84%8B%E1%85%B5%E1%84%90%E1%85%B3-%E1%84%91%E1%85%A2%E1%86%AB%E1%84%8E%E1%85%B3-p04387182.html,https://static.zara.net/assets/public/2007/fa36/54d9423aaad3/17a3ac590c02/04387182401-f1/04387182401-f1.jpg?ts=1775633413883,"₩57,900",,,260622,네이비,,,,
,false,,ZARA,상의,니트,여성,솔라파 칼라 니트 스웨터,https://www.zara.com/kr/ko/%E1%84%85%E1%85%A1%E1%84%91%E1%85%A6%E1%86%AF-%E1%84%8F%E1%85%A1%E1%86%AF%E1%84%85%E1%85%A1-%E1%84%82%E1%85%B5%E1%84%90%E1%85%B3-%E1%84%89%E1%85%B3%E1%84%8B%E1%85%B0%E1%84%90%E1%85%A5-p02756141.html,https://static.zara.net/assets/public/68ce/249f/33b84c53b7cc/7a1a8c3579a1/02756141700-f1/02756141700-f1.jpg?ts=1769208313799,"₩59,900",,,260622,브라운,,,,
,false,,ZARA,치마,스커트,여성,니트 미디 스커트,https://www.zara.com/kr/ko/%E1%84%82%E1%85%B5%E1%84%90%E1%85%B3-%E1%84%86%E1%85%B5%E1%84%83%E1%85%B5-%E1%84%89%E1%85%B3%E1%84%8F%E1%85%A5%E1%84%90%E1%85%B3-p02756142.html,https://static.zara.net/assets/public/e65f/9170/44d94dadb97f/9f9ede513db1/02756142700-p/02756142700-p.jpg?ts=1765378450057,"₩55,900",,,260622,브라운,,,,
,false,,ZARA,상의,셔츠/블라우스,여성,자수 밴딩 탑,https://www.zara.com/kr/ko/%E1%84%8B%E1%85%A6%E1%86%AF%E1%84%85%E1%85%A1%E1%84%89%E1%85%B3%E1%84%90%E1%85%B5%E1%86%A8-%E1%84%8C%E1%85%A1%E1%84%89%E1%85%AE-%E1%84%90%E1%85%A1%E1%86%B8-p06014508.html,https://static.zara.net/assets/public/7f12/9d87/108c48c886d0/39d826dbd3da/06014508701-f1/06014508701-f1.jpg?ts=1778597402005,"₩57,900",,,260622,테라코타,,,,
,false,,ZARA,바지,슬랙스,여성,자수 스트레이트 팬츠,https://www.zara.com/kr/ko/%E1%84%8C%E1%85%A1%E1%84%89%E1%85%AE-%E1%84%89%E1%85%B3%E1%84%90%E1%85%B3%E1%84%85%E1%85%A6%E1%84%8B%E1%85%B5%E1%84%90%E1%85%B3-%E1%84%91%E1%85%A2%E1%86%AB%E1%84%8E%E1%85%B3-p02848508.html,https://static.zara.net/assets/public/0f1f/76d1/6ebf4c0f94d4/7724ef62d8df/02848508701-p/02848508701-p.jpg?ts=1778667991641,"₩79,900",,,260622,테라코타,,,,
,false,,ZARA,상의,셔츠/블라우스,여성,ZW 컬렉션 자수 레이스 셔츠,https://www.zara.com/kr/ko/zw-%E1%84%8F%E1%85%A5%E1%86%AF%E1%84%85%E1%85%A6%E1%86%A8%E1%84%89%E1%85%A7%E1%86%AB-%E1%84%8C%E1%85%A1%E1%84%89%E1%85%AE-%E1%84%85%E1%85%A6%E1%84%8B%E1%85%B5%E1%84%89%E1%85%B3-%E1%84%89%E1%85%A7%E1%84%8E%E1%85%B3-p05107250.html,https://static.zara.net/assets/public/2ec2/7ab4/a0834e70bcb2/279c9df06a4c/05107250250-f1/05107250250-f1.jpg?ts=1780648883809,"₩59,900",,,260622,화이트,,,,
,false,,ZARA,바지,슬랙스,여성,ZW 컬렉션 레이스 벌룬 팬츠,https://www.zara.com/kr/ko/zw-%E1%84%8F%E1%85%A5%E1%86%AF%E1%84%85%E1%85%A6%E1%86%A8%E1%84%89%E1%85%A7%E1%86%AB-%E1%84%85%E1%85%A6%E1%84%8B%E1%85%B5%E1%84%89%E1%85%B3-%E1%84%87%E1%85%A5%E1%86%AF%E1%84%85%E1%85%AE%E1%86%AB-%E1%84%91%E1%85%A2%E1%86%AB%E1%84%8E%E1%85%B3-p05107105.html,https://static.zara.net/assets/public/6735/93a0/23454038b7ab/7ece551279e4/05107105251-f1/05107105251-f1.jpg?ts=1780567664167,"₩89,900",,,260622,스크래치 화이트,,,,
,false,,ZARA,아우터,블레이저,여성,타이트핏 숄더 패드 펀칭 자수 블레이저,https://www.zara.com/kr/ko/%E1%84%90%E1%85%A1%E1%84%8B%E1%85%B5%E1%84%90%E1%85%B3%E1%84%91%E1%85%B5%E1%86%BA-%E1%84%89%E1%85%AD%E1%86%AF%E1%84%83%E1%85%A5-%E1%84%91%E1%85%A2%E1%84%83%E1%85%B3-%E1%84%91%E1%85%A5%E1%86%AB%E1%84%8E%E1%85%B5%E1%86%BC-%E1%84%8C%E1%85%A1%E1%84%89%E1%85%AE-%E1%84%87%E1%85%B3%E1%86%AF%E1%84%85%E1%85%A6%E1%84%8B%E1%85%B5%E1%84%8C%E1%85%A5-p02512930.html,https://static.zara.net/assets/public/23cd/d4aa/0c254d9ca227/544e9e8af449/02512930250-f1/02512930250-f1.jpg?ts=1774939667371,"₩129,900",,,260622,화이트,,,,
,false,,ZARA,바지,버뮤다 팬츠,여성,펀칭 자수 버뮤다 팬츠,https://www.zara.com/kr/ko/%E1%84%91%E1%85%A5%E1%86%AB%E1%84%8E%E1%85%B5%E1%86%BC-%E1%84%8C%E1%85%A1%E1%84%89%E1%85%AE-%E1%84%87%E1%85%A5%E1%84%86%E1%85%B2%E1%84%83%E1%85%A1-%E1%84%91%E1%85%A2%E1%86%AB%E1%84%8E%E1%85%B3-p02506930.html,https://static.zara.net/assets/public/aad5/a3ba/3ce04b5bbce1/6a191a94cfd9/02506930250-p/02506930250-p.jpg?ts=1775563157814,"₩55,900",,,260622,화이트,,,,
,false,,ZARA,기타,WAISTCOAT,여성,Z1975 데님 크로스 베스트,https://www.zara.com/kr/ko/z1975-%E1%84%8F%E1%85%B3%E1%84%85%E1%85%A9%E1%84%89%E1%85%B3-%E1%84%83%E1%85%A6%E1%84%82%E1%85%B5%E1%86%B7-%E1%84%87%E1%85%A6%E1%84%89%E1%85%B3%E1%84%90%E1%85%B3-p08228024.html,https://static.zara.net/assets/public/76eb/ee92/da7145daba86/d7ba11f10808/08228024427-p/08228024427-p.jpg?ts=1772718182918,"₩55,900",,,260622,미디움 블루,,,,
,false,,ZARA,치마,스커트,여성,Z1975 트임 데님 미디 스커트,https://www.zara.com/kr/ko/z1975-%E1%84%90%E1%85%B3%E1%84%8B%E1%85%B5%E1%86%B7-%E1%84%83%E1%85%A6%E1%84%82%E1%85%B5%E1%86%B7-%E1%84%86%E1%85%B5%E1%84%83%E1%85%B5-%E1%84%89%E1%85%B3%E1%84%8F%E1%85%A5%E1%84%90%E1%85%B3-p08228025.html,https://static.zara.net/assets/public/62a6/e368/aea5472a8a57/0dc391eade53/08228025427-p/08228025427-p.jpg?ts=1772787494635,"₩55,900",,,260622,미디움 블루,,,,
,false,,ZARA,상의,탑,여성,러스틱 케이프 슬리브 탑,https://www.zara.com/kr/ko/%E1%84%85%E1%85%A5%E1%84%89%E1%85%B3%E1%84%90%E1%85%B5%E1%86%A8-%E1%84%8F%E1%85%A6%E1%84%8B%E1%85%B5%E1%84%91%E1%85%B3-%E1%84%89%E1%85%B3%E1%86%AF%E1%84%85%E1%85%B5%E1%84%87%E1%85%B3-%E1%84%90%E1%85%A1%E1%86%B8-p01058142.html,https://static.zara.net/assets/public/9d47/d06a/40ba4f29ac98/95fde27ad7f7/01058142600-f1/01058142600-f1.jpg?ts=1776092958667,"₩39,900",,,260622,레드,,,,
,false,,ZARA,바지,슬랙스,여성,러스틱 와이드 레그 팬츠,https://www.zara.com/kr/ko/%E1%84%85%E1%85%A5%E1%84%89%E1%85%B3%E1%84%90%E1%85%B5%E1%86%A8-%E1%84%8B%E1%85%AA%E1%84%8B%E1%85%B5%E1%84%83%E1%85%B3-%E1%84%85%E1%85%A6%E1%84%80%E1%85%B3-%E1%84%91%E1%85%A2%E1%86%AB%E1%84%8E%E1%85%B3-p01058143.html,https://static.zara.net/assets/public/4629/f60a/a5074d47a132/23e937165c43/01058143600-f1/01058143600-f1.jpg?ts=1776069765592,"₩45,900",,,260622,레드,,,,
,false,,ZARA,상의,티셔츠,여성,코튼-린넨 스트라이프 티셔츠,https://www.zara.com/kr/ko/%E1%84%8F%E1%85%A9%E1%84%90%E1%85%B3%E1%86%AB-%E1%84%85%E1%85%B5%E1%86%AB%E1%84%82%E1%85%A6%E1%86%AB-%E1%84%89%E1%85%B3%E1%84%90%E1%85%B3%E1%84%85%E1%85%A1%E1%84%8B%E1%85%B5%E1%84%91%E1%85%B3-%E1%84%90%E1%85%B5%E1%84%89%E1%85%A7%E1%84%8E%E1%85%B3-p03253011.html,https://static.zara.net/assets/public/8141/ca5c/653a4df5a88f/1aa9982f9a33/03253011653-e1/03253011653-e1.jpg?ts=1774267980160,"₩45,900",,,260622,"로즈핑크,백합",,,,
,false,,ZARA,바지,슬랙스,여성,코튼 린넨 스트라이프 팬츠,https://www.zara.com/kr/ko/%E1%84%8F%E1%85%A9%E1%84%90%E1%85%B3%E1%86%AB-%E1%84%85%E1%85%B5%E1%86%AB%E1%84%82%E1%85%A6%E1%86%AB-%E1%84%89%E1%85%B3%E1%84%90%E1%85%B3%E1%84%85%E1%85%A1%E1%84%8B%E1%85%B5%E1%84%91%E1%85%B3-%E1%84%91%E1%85%A2%E1%86%AB%E1%84%8E%E1%85%B3-p03253100.html,https://static.zara.net/assets/public/d879/56c0/020e4da6b5e8/718481ebdbe5/03253100653-e1/03253100653-e1.jpg?ts=1778753652811,"₩49,900",,,260622,"로즈핑크,백합",,,,
,false,,ZARA,아우터,블레이저,여성,숄더 패드 페더 커프스 블레이저,https://www.zara.com/kr/ko/%E1%84%91%E1%85%A6%E1%84%83%E1%85%A5-%E1%84%8F%E1%85%A5%E1%84%91%E1%85%B3%E1%84%89%E1%85%B3-%E1%84%89%E1%85%AD%E1%86%AF%E1%84%83%E1%85%A5-%E1%84%91%E1%85%A2%E1%84%83%E1%85%B3-%E1%84%87%E1%85%B3%E1%86%AF%E1%84%85%E1%85%A6%E1%84%8B%E1%85%B5%E1%84%8C%E1%85%A5-p02529593.html,https://static.zara.net/assets/public/abc3/0186/eede4ba9bd75/9e627a455218/02529600715-p/02529600715-p.jpg?ts=1777019760361,"₩169,900",,,260622,미디움 크림,,,,
,false,,ZARA,바지,슬랙스,여성,스트레이트 하이웨이스트 팬츠,https://www.zara.com/kr/ko/%E1%84%85%E1%85%A9%E1%84%8B%E1%85%AE%E1%84%85%E1%85%A1%E1%84%8B%E1%85%B5%E1%84%8C%E1%85%B3-%E1%84%89%E1%85%B3%E1%84%90%E1%85%B3%E1%84%85%E1%85%A6%E1%84%8B%E1%85%B5%E1%84%90%E1%85%B3-%E1%84%91%E1%85%A2%E1%86%AB%E1%84%8E%E1%85%B3-p02530593.html,https://static.zara.net/assets/public/10ec/36e1/fb3e47d381fd/4121ca2dc62b/02530600715-p/02530600715-p.jpg?ts=1777031800687,"₩89,900",,,260622,미디움 크림,,,,
,false,,ZARA,아우터,블레이저,여성,ZW 컬렉션 limited edition 미니멀 롱 블레이저,https://www.zara.com/kr/ko/zw-%E1%84%8F%E1%85%A5%E1%86%AF%E1%84%85%E1%85%A6%E1%86%A8%E1%84%89%E1%85%A7%E1%86%AB-limited-edition-%E1%84%86%E1%85%B5%E1%84%82%E1%85%B5%E1%84%86%E1%85%A5%E1%86%AF-%E1%84%85%E1%85%A9%E1%86%BC-%E1%84%87%E1%85%B3%E1%86%AF%E1%84%85%E1%85%A6%E1%84%8B%E1%85%B5%E1%84%8C%E1%85%A5-p07179041.html,https://static.zara.net/assets/public/a68d/240c/aae2412b9582/41c6e40c0f46/07179041800-p/07179041800-p.jpg?ts=1773744723210,"₩209,900",,,260622,블랙,,,,
,false,,ZARA,바지,슬랙스,여성,ZW 컬렉션 프레스드 스트라이프 팬츠,https://www.zara.com/kr/ko/zw-%E1%84%8F%E1%85%A5%E1%86%AF%E1%84%85%E1%85%A6%E1%86%A8%E1%84%89%E1%85%A7%E1%86%AB-%E1%84%91%E1%85%B3%E1%84%85%E1%85%A6%E1%84%89%E1%85%B3%E1%84%83%E1%85%B3-%E1%84%89%E1%85%B3%E1%84%90%E1%85%B3%E1%84%85%E1%85%A1%E1%84%8B%E1%85%B5%E1%84%91%E1%85%B3-%E1%84%91%E1%85%A2%E1%86%AB%E1%84%8E%E1%85%B3-p07149073.html,https://static.zara.net/assets/public/8b5d/1fd8/aec24c61a68d/77bcab0c31e3/07149073800-p/07149073800-p.jpg?ts=1773743129158,"₩59,900",,,260622,블랙,,,,
,false,,ZARA,상의,셔츠/블라우스,여성,린넨 홀터넥 리본 탑,https://www.zara.com/kr/ko/%E1%84%85%E1%85%B5%E1%86%AB%E1%84%82%E1%85%A6%E1%86%AB-%E1%84%92%E1%85%A9%E1%86%AF%E1%84%90%E1%85%A5%E1%84%82%E1%85%A6%E1%86%A8-%E1%84%85%E1%85%B5%E1%84%87%E1%85%A9%E1%86%AB-%E1%84%90%E1%85%A1%E1%86%B8-p07706804.html,https://static.zara.net/assets/public/0976/4164/da7444a98874/e8d2a624f1b2/07706804600-p/07706804600-p.jpg?ts=1780058770775,"₩55,900",,,260622,레드,,,,
,false,,ZARA,바지,슬랙스,여성,린넨 스트레이트 팬츠,https://www.zara.com/kr/ko/%E1%84%85%E1%85%B5%E1%86%AB%E1%84%82%E1%85%A6%E1%86%AB-%E1%84%89%E1%85%B3%E1%84%90%E1%85%B3%E1%84%85%E1%85%A6%E1%84%8B%E1%85%B5%E1%84%90%E1%85%B3-%E1%84%91%E1%85%A2%E1%86%AB%E1%84%8E%E1%85%B3-p07717804.html,https://static.zara.net/assets/public/61bd/1de2/c84d43a8abdc/25dd154e61b1/07717804600-p/07717804600-p.jpg?ts=1780058771690,"₩59,900",,,260622,레드,,,,
,false,,ZARA,상의,탑,여성,텍스처 오프숄더 탑,https://www.zara.com/kr/ko/%E1%84%90%E1%85%A6%E1%86%A8%E1%84%89%E1%85%B3%E1%84%8E%E1%85%A5-%E1%84%8B%E1%85%A9%E1%84%91%E1%85%B3-%E1%84%89%E1%85%AD%E1%86%AF%E1%84%83%E1%85%A5-%E1%84%90%E1%85%A1%E1%86%B8-p05039397.html,https://static.zara.net/assets/public/2db0/8d25/ca71432bb6a6/8c861cab9180/05039397406-p/05039397406-p.jpg?ts=1775060207631,"₩21,900",,,260622,라이트 블루,,,,
,false,,ZARA,치마,스커트,여성,텍스처 미디 스커트,https://www.zara.com/kr/ko/%E1%84%90%E1%85%A6%E1%86%A8%E1%84%89%E1%85%B3%E1%84%8E%E1%85%A5-%E1%84%86%E1%85%B5%E1%84%83%E1%85%B5-%E1%84%89%E1%85%B3%E1%84%8F%E1%85%A5%E1%84%90%E1%85%B3-p05039398.html,https://static.zara.net/assets/public/a525/7fa6/3b8e43ef9cee/753d21322331/05039398406-p/05039398406-p.jpg?ts=1775060213914,"₩39,900",,,260622,라이트 블루,,,,
,false,,ZARA,상의,셔츠/블라우스,여성,메탈릭 얀 스트라이프 탑,https://www.zara.com/kr/ko/%E1%84%86%E1%85%A6%E1%84%90%E1%85%A1%E1%86%AF%E1%84%85%E1%85%B5%E1%86%A8-%E1%84%8B%E1%85%A3%E1%86%AB-%E1%84%89%E1%85%B3%E1%84%90%E1%85%B3%E1%84%85%E1%85%A1%E1%84%8B%E1%85%B5%E1%84%91%E1%85%B3-%E1%84%90%E1%85%A1%E1%86%B8-p08741104.html,https://static.zara.net/assets/public/6f68/f872/2a6f447fa14d/8dfb01ab510d/08741104700-e1/08741104700-e1.jpg?ts=1775055558283,"₩49,900",,,260622,브라운,,,,
,false,,ZARA,바지,버뮤다 팬츠,여성,메탈릭 얀 스트라이프 스커트 팬츠,https://www.zara.com/kr/ko/%E1%84%86%E1%85%A6%E1%84%90%E1%85%A1%E1%86%AF%E1%84%85%E1%85%B5%E1%86%A8-%E1%84%8B%E1%85%A3%E1%86%AB-%E1%84%89%E1%85%B3%E1%84%90%E1%85%B3%E1%84%85%E1%85%A1%E1%84%8B%E1%85%B5%E1%84%91%E1%85%B3-%E1%84%89%E1%85%B3%E1%84%8F%E1%85%A5%E1%84%90%E1%85%B3-%E1%84%91%E1%85%A2%E1%86%AB%E1%84%8E%E1%85%B3-p08741101.html,https://static.zara.net/assets/public/cd30/d7b6/0a744cbcb0fc/dd703d357515/08741101700-e1/08741101700-e1.jpg?ts=1775055553038,"₩55,900",,,260622,브라운,,,,
,false,,ZARA,아우터,블레이저,여성,타이트핏 새틴 블레이저,https://www.zara.com/kr/ko/%E1%84%90%E1%85%A1%E1%84%8B%E1%85%B5%E1%84%90%E1%85%B3%E1%84%91%E1%85%B5%E1%86%BA-%E1%84%89%E1%85%A2%E1%84%90%E1%85%B5%E1%86%AB-%E1%84%87%E1%85%B3%E1%86%AF%E1%84%85%E1%85%A6%E1%84%8B%E1%85%B5%E1%84%8C%E1%85%A5-p02526612.html,https://static.zara.net/assets/public/43f8/fb79/221348659106/55f117f2678a/02526612700-p/02526612700-p.jpg?ts=1776157522810,"₩119,900",,,260622,브라운,,,,
,false,,ZARA,바지,슬랙스,여성,슬림핏 새틴 팬츠,https://www.zara.com/kr/ko/%E1%84%89%E1%85%A2%E1%84%90%E1%85%B5%E1%86%AB-%E1%84%89%E1%85%B3%E1%86%AF%E1%84%85%E1%85%B5%E1%86%B7-%E1%84%91%E1%85%A2%E1%86%AB%E1%84%8E%E1%85%B3-p02670612.html,https://static.zara.net/assets/public/7164/c4a6/0dd64bf8a1b9/c58f9c7f7540/02670612700-p/02670612700-p.jpg?ts=1776157528715,"₩59,900",,,260622,브라운,,,,
,false,,ZARA,바지,버뮤다 팬츠,여성,스트라이프 쇼츠,https://www.zara.com/kr/ko/%E1%84%89%E1%85%B3%E1%84%90%E1%85%B3%E1%84%85%E1%85%A1%E1%84%8B%E1%85%B5%E1%84%91%E1%85%B3-%E1%84%89%E1%85%AD%E1%84%8E%E1%85%B3-p02929320.html,https://static.zara.net/assets/public/5f55/304c/44ec49ba88cc/41737b63a2f6/02929320518-f1/02929320518-f1.jpg?ts=1777972364967,"₩49,900",,,260622,"그린,블루",,,,
,false,,ZARA,상의,셔츠/블라우스,여성,자수 레이스 밴드 셔츠,https://www.zara.com/kr/ko/%E1%84%85%E1%85%A6%E1%84%8B%E1%85%B5%E1%84%89%E1%85%B3-%E1%84%90%E1%85%B3%E1%84%85%E1%85%B5%E1%84%86%E1%85%B5%E1%86%BC-%E1%84%8C%E1%85%A1%E1%84%89%E1%85%AE-%E1%84%89%E1%85%A7%E1%84%8E%E1%85%B3-p08741027.html,https://static.zara.net/assets/public/ff85/0553/0435411aa7c9/b4e594268f87/08741027700-p/08741027700-p.jpg?ts=1774430910956,"₩59,900",,,260622,브라운,,,,
,false,,ZARA,바지,슬랙스,여성,자수 디테일 와이드 팬츠,https://www.zara.com/kr/ko/%E1%84%8B%E1%85%AA%E1%84%8B%E1%85%B5%E1%84%83%E1%85%B3-%E1%84%8C%E1%85%A1%E1%84%89%E1%85%AE-%E1%84%91%E1%85%A2%E1%86%AB%E1%84%8E%E1%85%B3-p08741028.html,https://static.zara.net/assets/public/15e3/11ab/cd22482493a0/63d151be0f77/08741028700-p/08741028700-p.jpg?ts=1774430910702,"₩55,900",,,260622,브라운,,,,
,false,,ZARA,상의,셔츠/블라우스,여성,리본 플루이드 셔츠,https://www.zara.com/kr/ko/-p07751212.html,https://static.zara.net/assets/public/55d3/80f2/332549ca8330/6f1f0ad5c43a/07751212800-e1/07751212800-e1.jpg?ts=1779865179142,"₩49,900",,,260622,블랙,,,,
,false,,ZARA,바지,버뮤다 팬츠,여성,버튼 디테일 루즈 쇼츠,https://www.zara.com/kr/ko/%E1%84%87%E1%85%A5%E1%84%90%E1%85%B3%E1%86%AB-%E1%84%83%E1%85%B5%E1%84%90%E1%85%A6%E1%84%8B%E1%85%B5%E1%86%AF-%E1%84%85%E1%85%AE%E1%84%8C%E1%85%B3-%E1%84%89%E1%85%AD%E1%84%8E%E1%85%B3-p06929500.html,https://static.zara.net/assets/public/8b78/df56/77b34026a271/221dc625719e/06929501800-e1/06929501800-e1.jpg?ts=1779782590357,"₩45,900",,,260622,블랙,,,,
,false,,ZARA,기타,SWEATSHIRT,여성,크롭 워싱 페이크 티셔츠,https://www.zara.com/kr/ko/%E1%84%8B%E1%85%AF%E1%84%89%E1%85%B5%E1%86%BC-%E1%84%8F%E1%85%B3%E1%84%85%E1%85%A9%E1%86%B8-%E1%84%90%E1%85%B5%E1%84%89%E1%85%A7%E1%84%8E%E1%85%B3-p03253390.html,https://static.zara.net/assets/public/338b/827b/a06843eea161/c4d15b7c432e/03253390420-f1/03253390420-f1.jpg?ts=1774885714149,"₩35,900",,,260622,블루,,,,
,false,,ZARA,바지,반바지,여성,워싱 이펙트 스트링 쇼츠,https://www.zara.com/kr/ko/%E1%84%8B%E1%85%AF%E1%84%89%E1%85%B5%E1%86%BC-%E1%84%8B%E1%85%B5%E1%84%91%E1%85%A6%E1%86%A8%E1%84%90%E1%85%B3-%E1%84%89%E1%85%B3%E1%84%90%E1%85%B3%E1%84%85%E1%85%B5%E1%86%BC-%E1%84%89%E1%85%AD%E1%84%8E%E1%85%B3-p03253391.html,https://static.zara.net/assets/public/5f46/649a/e3584c6790a9/b6e3c857fa51/03253391420-f1/03253391420-f1.jpg?ts=1774885633852,"₩35,900",,,260622,블루,,,,
,false,,ZARA,상의,티셔츠,여성,크롭 콤비 티셔츠,https://www.zara.com/kr/ko/%E1%84%8F%E1%85%B3%E1%84%85%E1%85%A9%E1%86%B8-%E1%84%8F%E1%85%A9%E1%86%B7%E1%84%87%E1%85%B5-%E1%84%90%E1%85%B5%E1%84%89%E1%85%A7%E1%84%8E%E1%85%B3-p03253362.html,https://static.zara.net/assets/public/b1e4/9b66/08364b87a652/0f01f894e8cf/03253362500-p/03253362500-p.jpg?ts=1775054829346,"₩29,900",,,260622,초록,,,,
,false,,ZARA,바지,슬랙스,여성,포플린 웨이스트 팬츠,https://www.zara.com/kr/ko/%E1%84%91%E1%85%A9%E1%84%91%E1%85%B3%E1%86%AF%E1%84%85%E1%85%B5%E1%86%AB-%E1%84%8B%E1%85%B0%E1%84%8B%E1%85%B5%E1%84%89%E1%85%B3%E1%84%90%E1%85%B3-%E1%84%91%E1%85%A2%E1%86%AB%E1%84%8E%E1%85%B3-p03253364.html,https://static.zara.net/assets/public/7249/14fa/c82641d4af5c/12dd61942f98/03253364500-p/03253364500-p.jpg?ts=1775054832701,"₩49,900",,,260622,초록,,,,
,false,,ZARA,상의,니트,여성,롱 니트 스웨터,https://www.zara.com/kr/ko/%E1%84%85%E1%85%A9%E1%86%BC-%E1%84%82%E1%85%B5%E1%84%90%E1%85%B3-%E1%84%89%E1%85%B3%E1%84%8B%E1%85%B0%E1%84%90%E1%85%A5-p05755005.html,https://static.zara.net/assets/public/152e/3406/5efc4778b468/47124c6e8d66/05755005502-p/05755005502-p.jpg?ts=1769177505451,"₩59,900",,,260622,짙은 녹색,,,,
,false,,ZARA,치마,스커트,여성,니트 미디 스커트,https://www.zara.com/kr/ko/%E1%84%82%E1%85%B5%E1%84%90%E1%85%B3-%E1%84%86%E1%85%B5%E1%84%83%E1%85%B5-%E1%84%89%E1%85%B3%E1%84%8F%E1%85%A5%E1%84%90%E1%85%B3-p05755006.html,https://static.zara.net/assets/public/cba7/cda2/b2674d41b9e6/1dde7ab66193/05755006502-p/05755006502-p.jpg?ts=1769177506214,"₩59,900",,,260622,짙은 녹색,,,,
,false,,ZARA,상의,탑,여성,언밸런스 피케 탑,https://www.zara.com/kr/ko/%E1%84%8B%E1%85%A5%E1%86%AB%E1%84%87%E1%85%A2%E1%86%AF%E1%84%85%E1%85%A5%E1%86%AB%E1%84%89%E1%85%B3-%E1%84%91%E1%85%B5%E1%84%8F%E1%85%A6-%E1%84%90%E1%85%A1%E1%86%B8-p05067155.html,https://static.zara.net/assets/public/3365/049d/26c445179663/a04227cdf44b/05067155716-f1/05067155716-f1.jpg?ts=1770637867478,"₩45,900",,,260622,다크 브라운,,,,
,false,,ZARA,바지,슬랙스,여성,벨티드 피케 팬츠,https://www.zara.com/kr/ko/%E1%84%87%E1%85%A6%E1%86%AF%E1%84%90%E1%85%B5%E1%84%83%E1%85%B3-%E1%84%91%E1%85%B5%E1%84%8F%E1%85%A6-%E1%84%91%E1%85%A2%E1%86%AB%E1%84%8E%E1%85%B3-p05067154.html,https://static.zara.net/assets/public/6cdd/e664/6b674356a50d/d08baf026cab/05067154716-f1/05067154716-f1.jpg?ts=1770637891989,"₩55,900",,,260622,다크 브라운,,,,
,false,,ZARA,기타,SWEATSHIRT,여성,플러시 지퍼 재킷,https://www.zara.com/kr/ko/%E1%84%91%E1%85%B3%E1%86%AF%E1%84%85%E1%85%A5%E1%84%89%E1%85%B5-%E1%84%8C%E1%85%B5%E1%84%91%E1%85%A5-%E1%84%8C%E1%85%A2%E1%84%8F%E1%85%B5%E1%86%BA-p04174816.html,https://static.zara.net/assets/public/0c69/f732/4ef041d9b2fd/93555ce9b363/04174816700-f1/04174816700-f1.jpg?ts=1769210618433,"₩49,900",,,260622,브라운,,,,
,false,,ZARA,바지,슬랙스,여성,플러시 플레어 팬츠,https://www.zara.com/kr/ko/%E1%84%91%E1%85%B3%E1%86%AF%E1%84%85%E1%85%A5%E1%84%89%E1%85%B5-%E1%84%91%E1%85%B3%E1%86%AF%E1%84%85%E1%85%A6%E1%84%8B%E1%85%A5-%E1%84%91%E1%85%A2%E1%86%AB%E1%84%8E%E1%85%B3-p04174817.html,https://static.zara.net/assets/public/ca90/dbf4/4ae24c06ab6b/7719456f92ab/04174817700-f1/04174817700-f1.jpg?ts=1769211018391,"₩45,900",,,260622,브라운,,,,
,false,,ZARA,상의,셔츠/블라우스,여성,페이크 워시 펀칭 자수 탑,https://www.zara.com/kr/ko/%E1%84%8B%E1%85%AF%E1%84%89%E1%85%B5%E1%86%BC-%E1%84%91%E1%85%A5%E1%86%AB%E1%84%8E%E1%85%B5%E1%86%BC-%E1%84%8C%E1%85%A1%E1%84%89%E1%85%AE-%E1%84%90%E1%85%A1%E1%86%B8-p07200061.html,https://static.zara.net/assets/public/9fcb/c0c5/9c6949efb575/34f3bda330a8/07200061050-f1/07200061050-f1.jpg?ts=1779186417232,"₩55,900",,,260622,단색,,,,
,false,,ZARA,바지,버뮤다 팬츠,여성,워싱 펀칭 자수 쇼츠,https://www.zara.com/kr/ko/%E1%84%91%E1%85%A5%E1%86%AB%E1%84%8E%E1%85%B5%E1%86%BC-%E1%84%8C%E1%85%A1%E1%84%89%E1%85%AE-%E1%84%8B%E1%85%AF%E1%84%89%E1%85%B5%E1%86%BC-%E1%84%91%E1%85%A6%E1%84%8B%E1%85%B5%E1%84%8F%E1%85%B3-%E1%84%89%E1%85%AD%E1%84%8E%E1%85%B3-p07200001.html,https://static.zara.net/assets/public/80a5/a8bc/45b94694a382/51cd4117d363/07200001050-f1/07200001050-f1.jpg?ts=1779172406348,"₩55,900",,,260622,단색,,,,
,false,,ZARA,상의,셔츠/블라우스,여성,스트라이프 프릴 블라우스,https://www.zara.com/kr/ko/%E1%84%89%E1%85%B3%E1%84%90%E1%85%B3%E1%84%85%E1%85%A1%E1%84%8B%E1%85%B5%E1%84%91%E1%85%B3-%E1%84%91%E1%85%B3%E1%84%85%E1%85%B5%E1%86%AF-%E1%84%87%E1%85%B3%E1%86%AF%E1%84%85%E1%85%A1%E1%84%8B%E1%85%AE%E1%84%89%E1%85%B3-p01971070.html,https://static.zara.net/assets/public/f07e/f32c/93d84700987a/a969dd3a69e5/01971070104-f1/01971070104-f1.jpg?ts=1778826262537,"₩55,900",,,260622,스트라이프,,,,
,false,,ZARA,바지,버뮤다 팬츠,여성,프릴 스트라이프 쇼츠,https://www.zara.com/kr/ko/%E1%84%91%E1%85%B3%E1%84%85%E1%85%B5%E1%86%AF-%E1%84%89%E1%85%B3%E1%84%90%E1%85%B3%E1%84%85%E1%85%A1%E1%84%8B%E1%85%B5%E1%84%91%E1%85%B3-%E1%84%89%E1%85%AD%E1%84%8E%E1%85%B3-p01971225.html,https://static.zara.net/assets/public/dc1c/4f72/97b04ffcac58/b6341382322b/01971225104-p/01971225104-p.jpg?ts=1778847878302,"₩45,900",,,260622,스트라이프,,,,
,false,,ZARA,상의,탑,여성,로우백 루즈핏 탑,https://www.zara.com/kr/ko/%E1%84%85%E1%85%A9%E1%84%8B%E1%85%AE%E1%84%87%E1%85%A2%E1%86%A8-%E1%84%85%E1%85%AE%E1%84%8C%E1%85%B3%E1%84%91%E1%85%B5%E1%86%BA-%E1%84%90%E1%85%A1%E1%86%B8-p00264300.html,https://static.zara.net/assets/public/68db/57d0/7c204cc9bb19/eb8bb9379175/00264300658-p/00264300658-p.jpg?ts=1774615364237,"₩35,900",,,260622,테라코타,,,,
,false,,ZARA,바지,슬랙스,여성,루즈핏 드로스트링 팬츠,https://www.zara.com/kr/ko/%E1%84%85%E1%85%AE%E1%84%8C%E1%85%B3-%E1%84%83%E1%85%B3%E1%84%85%E1%85%A9%E1%84%89%E1%85%B3%E1%84%90%E1%85%B3%E1%84%85%E1%85%B5%E1%86%BC-%E1%84%91%E1%85%A2%E1%86%AB%E1%84%8E%E1%85%B3-p00264303.html,https://static.zara.net/assets/public/b0d2/2c7c/694945e5bc46/17128575dab0/00264303658-p/00264303658-p.jpg?ts=1774615369221,"₩45,900",,,260622,테라코타,,,,
,false,,ZARA,기타,WAISTCOAT,여성,린넨 더블 브레스트 베스트,https://www.zara.com/kr/ko/%E1%84%85%E1%85%B5%E1%86%AB%E1%84%82%E1%85%A6%E1%86%AB-%E1%84%83%E1%85%A5%E1%84%87%E1%85%B3%E1%86%AF-%E1%84%87%E1%85%B3%E1%84%85%E1%85%A6%E1%84%89%E1%85%B3%E1%84%90%E1%85%B3-%E1%84%87%E1%85%A6%E1%84%89%E1%85%B3%E1%84%90%E1%85%B3-p09929128.html,https://static.zara.net/assets/public/a276/5531/5cbc47778a26/18aeec13bff4/09929128745-f1/09929128745-f1.jpg?ts=1772038001690,"₩55,900",,,260622,토피,,,,
,false,,ZARA,바지,버뮤다 팬츠,여성,린넨 롱 버뮤다 팬츠,https://www.zara.com/kr/ko/%E1%84%85%E1%85%B5%E1%86%AB%E1%84%82%E1%85%A6%E1%86%AB-%E1%84%85%E1%85%A9%E1%86%BC-%E1%84%87%E1%85%A5%E1%84%86%E1%85%B2%E1%84%83%E1%85%A1-%E1%84%91%E1%85%A2%E1%86%AB%E1%84%8E%E1%85%B3-p09929028.html,https://static.zara.net/assets/public/9155/cf26/7ddc4421b747/784bbc104276/09929028745-f1/09929028745-f1.jpg?ts=1772037998797,"₩55,900",,,260622,토피,,,,
,false,,ZARA,상의,셔츠/블라우스,여성,ZW 컬렉션 볼륨 소매 스트라이프 셔츠,https://www.zara.com/kr/ko/zw-%E1%84%8F%E1%85%A5%E1%86%AF%E1%84%85%E1%85%A6%E1%86%A8%E1%84%89%E1%85%A7%E1%86%AB-%E1%84%87%E1%85%A9%E1%86%AF%E1%84%85%E1%85%B2%E1%86%B7-%E1%84%89%E1%85%A9%E1%84%86%E1%85%A2-%E1%84%89%E1%85%B3%E1%84%90%E1%85%B3%E1%84%85%E1%85%A1%E1%84%8B%E1%85%B5%E1%84%91%E1%85%B3-%E1%84%89%E1%85%A7%E1%84%8E%E1%85%B3-p01091338.html,https://static.zara.net/assets/public/223d/729b/25b646dd9c8e/3a5945ca27ab/01091338066-p/01091338066-p.jpg?ts=1770899345828,"₩59,900",,,260622,"크림,네이비",,,,
,false,,ZARA,바지,슬랙스,여성,ZW 컬렉션 스트라이프 플리츠 팬츠,https://www.zara.com/kr/ko/zw-%E1%84%8F%E1%85%A5%E1%86%AF%E1%84%85%E1%85%A6%E1%86%A8%E1%84%89%E1%85%A7%E1%86%AB-%E1%84%89%E1%85%B3%E1%84%90%E1%85%B3%E1%84%85%E1%85%A1%E1%84%8B%E1%85%B5%E1%84%91%E1%85%B3-%E1%84%91%E1%85%B3%E1%86%AF%E1%84%85%E1%85%B5%E1%84%8E%E1%85%B3-%E1%84%91%E1%85%A2%E1%86%AB%E1%84%8E%E1%85%B3-p02349338.html,https://static.zara.net/assets/public/80f9/e06b/649e41b6bed3/e32748f7a7e6/02349338066-f1/02349338066-f1.jpg?ts=1770907432160,"₩89,900",,,260622,"크림,네이비",,,,
,false,,ZARA,상의,티셔츠,여성,플루이드 오버사이즈 티셔츠,https://www.zara.com/kr/ko/%E1%84%91%E1%85%B3%E1%86%AF%E1%84%85%E1%85%AE%E1%84%8B%E1%85%B5%E1%84%83%E1%85%B3-%E1%84%8B%E1%85%A9%E1%84%87%E1%85%A5%E1%84%89%E1%85%A1%E1%84%8B%E1%85%B5%E1%84%8C%E1%85%B3-%E1%84%90%E1%85%B5%E1%84%89%E1%85%A7%E1%84%8E%E1%85%B3-p03641023.html,https://static.zara.net/assets/public/2be7/042e/e60e44cab1a7/f531283c3296/03641023539-p/03641023539-p.jpg?ts=1776860001994,"₩39,900",,,260622,네온 라임,,,,
,false,,ZARA,치마,스커트,여성,플루이드 롱 스커트,https://www.zara.com/kr/ko/%E1%84%91%E1%85%B3%E1%86%AF%E1%84%85%E1%85%AE%E1%84%8B%E1%85%B5%E1%84%83%E1%85%B3-%E1%84%85%E1%85%A9%E1%86%BC-%E1%84%89%E1%85%B3%E1%84%8F%E1%85%A5%E1%84%90%E1%85%B3-p03641022.html,https://static.zara.net/assets/public/2252/ea93/034a46468c94/b9140bd35663/03641022539-p/03641022539-p.jpg?ts=1776860025854,"₩39,900",,,260622,네온 라임,,,,
,false,,ZARA,상의,티셔츠,여성,언밸런스 슬리브리스 탑,https://www.zara.com/kr/ko/%E1%84%8B%E1%85%A5%E1%86%AB%E1%84%87%E1%85%A2%E1%86%AF%E1%84%85%E1%85%A5%E1%86%AB%E1%84%89%E1%85%B3-%E1%84%89%E1%85%B3%E1%86%AF%E1%84%85%E1%85%B5%E1%84%87%E1%85%B3%E1%84%85%E1%85%B5%E1%84%89%E1%85%B3-%E1%84%90%E1%85%A1%E1%86%B8-p01165096.html,https://static.zara.net/assets/public/815c/3ca1/48564b20bb1c/0fdf2df35724/01165096712-p/01165096712-p.jpg?ts=1772726888620,"₩55,900",,,260622,크림,,,,
,false,,ZARA,치마,스커트,여성,이중 디자인 미디 스커트,https://www.zara.com/kr/ko/%E1%84%83%E1%85%A5%E1%84%87%E1%85%B3%E1%86%AF-%E1%84%91%E1%85%A6%E1%84%8B%E1%85%B5%E1%84%8F%E1%85%B3-%E1%84%86%E1%85%B5%E1%84%83%E1%85%B5-%E1%84%89%E1%85%B3%E1%84%8F%E1%85%A5%E1%84%90%E1%85%B3-p01165097.html,https://static.zara.net/assets/public/8ca9/cda6/ff4d4979a438/fa25a6e71eaf/01165097712-p/01165097712-p.jpg?ts=1772726893586,"₩49,900",,,260622,크림,,,,
,false,,ZARA,상의,탑,여성,레이스 란제리 탑,https://www.zara.com/kr/ko/%E1%84%85%E1%85%A6%E1%84%8B%E1%85%B5%E1%84%89%E1%85%B3-%E1%84%8F%E1%85%A2%E1%84%86%E1%85%B5%E1%84%89%E1%85%A9%E1%86%AF-%E1%84%90%E1%85%A1%E1%86%B8-p04344145.html,https://static.zara.net/assets/public/034a/0bab/2e6f47a2b24e/9c206eabb7b1/04344145716-p/04344145716-p.jpg?ts=1778228869536,"₩49,900",,,260622,다크 브라운,,,,
,false,,ZARA,바지,반바지,여성,레이스 루즈 쇼츠,https://www.zara.com/kr/ko/%E1%84%85%E1%85%A6%E1%84%8B%E1%85%B5%E1%84%89%E1%85%B3-%E1%84%85%E1%85%AE%E1%84%8C%E1%85%B3-%E1%84%89%E1%85%AD%E1%84%8E%E1%85%B3-p04344146.html,https://static.zara.net/assets/public/385b/443e/569840c6b695/974d472840a3/04344146716-f1/04344146716-f1.jpg?ts=1777965880931,"₩49,900",,,260622,다크 브라운,,,,
,false,,ZARA,상의,티셔츠,여성,코튼-린넨 케이프 티셔츠,https://www.zara.com/kr/ko/%E1%84%8F%E1%85%A9%E1%84%90%E1%85%B3%E1%86%AB-%E1%84%85%E1%85%B5%E1%86%AB%E1%84%82%E1%85%A6%E1%86%AB-%E1%84%8F%E1%85%A6%E1%84%8B%E1%85%B5%E1%84%91%E1%85%B3-%E1%84%90%E1%85%B5%E1%84%89%E1%85%A7%E1%84%8E%E1%85%B3-p04174223.html,https://static.zara.net/assets/public/b877/bc43/114743e194b6/ffe8e82c27e9/04174223614-p/04174223614-p.jpg?ts=1776859666946,"₩39,900",,,260622,번 오렌지,,,,
,false,,ZARA,바지,슬랙스,여성,워시드 카고 팬츠,https://www.zara.com/kr/ko/%E1%84%8B%E1%85%AF%E1%84%89%E1%85%B5%E1%84%83%E1%85%B3-%E1%84%8F%E1%85%A1%E1%84%80%E1%85%A9-%E1%84%91%E1%85%A2%E1%86%AB%E1%84%8E%E1%85%B3-p04174224.html,https://static.zara.net/assets/public/c0be/e91e/0f35429795ef/393b8a0f04b4/04174224614-p/04174224614-p.jpg?ts=1776859738993,"₩57,900",,,260622,번 오렌지,,,,
,false,,ZARA,기타,SWEATSHIRT,여성,워싱 크롭 티셔츠,https://www.zara.com/kr/ko/%E1%84%8B%E1%85%AF%E1%84%89%E1%85%B5%E1%86%BC-%E1%84%8F%E1%85%B3%E1%84%85%E1%85%A9%E1%86%B8-%E1%84%90%E1%85%B5%E1%84%89%E1%85%A7%E1%84%8E%E1%85%B3-p03253390.html,https://static.zara.net/assets/public/4f4b/a233/31c84c6f95e2/411b7e059003/03253390818-f1/03253390818-f1.jpg?ts=1774885708460,"₩35,900",,,260622,납,,,,
,false,,ZARA,바지,반바지,여성,워싱 이펙트 스트링 쇼츠,https://www.zara.com/kr/ko/%E1%84%8B%E1%85%AF%E1%84%89%E1%85%B5%E1%86%BC-%E1%84%8B%E1%85%B5%E1%84%91%E1%85%A6%E1%86%A8%E1%84%90%E1%85%B3-%E1%84%89%E1%85%B3%E1%84%90%E1%85%B3%E1%84%85%E1%85%B5%E1%86%BC-%E1%84%89%E1%85%AD%E1%84%8E%E1%85%B3-p03253391.html,https://static.zara.net/assets/public/4820/ffd4/d7284f11aeb7/860471cc7e02/03253391818-f1/03253391818-f1.jpg?ts=1774885638175,"₩35,900",,,260622,납,,,,
,false,,ZARA,아우터,블레이저,여성,ZW 컬렉션 체크 블레이저,https://www.zara.com/kr/ko/zw-%E1%84%8F%E1%85%A5%E1%86%AF%E1%84%85%E1%85%A6%E1%86%A8%E1%84%89%E1%85%A7%E1%86%AB-%E1%84%8E%E1%85%A6%E1%84%8F%E1%85%B3-%E1%84%87%E1%85%B3%E1%86%AF%E1%84%85%E1%85%A6%E1%84%8B%E1%85%B5%E1%84%8C%E1%85%A5-p02711888.html,https://static.zara.net/assets/public/1054/c1a3/f9a84f97a37c/6bc66ea5a5fc/02711888093-p/02711888093-p.jpg?ts=1773933798417,"₩129,900",,,260622,"블랙,크림",,,,
,false,,ZARA,바지,버뮤다 팬츠,여성,ZW 컬렉션 체크 쇼츠,https://www.zara.com/kr/ko/zw-%E1%84%8F%E1%85%A5%E1%86%AF%E1%84%85%E1%85%A6%E1%86%A8%E1%84%89%E1%85%A7%E1%86%AB-%E1%84%8E%E1%85%A6%E1%84%8F%E1%85%B3-%E1%84%89%E1%85%AD%E1%84%8E%E1%85%B3-p01938888.html,https://static.zara.net/assets/public/49c4/34fa/b0f545c6854e/ebafdafaaba2/01938888093-p/01938888093-p.jpg?ts=1773933785100,"₩59,900",,,260622,"블랙,크림",,,,
,false,,ZARA,기타,WAISTCOAT,여성,탑 버튼 스트럭처 베스트,https://www.zara.com/kr/ko/%E1%84%87%E1%85%A5%E1%84%90%E1%85%B3%E1%86%AB-%E1%84%89%E1%85%B3%E1%84%90%E1%85%B3%E1%84%85%E1%85%A5%E1%86%A8%E1%84%8E%E1%85%A5-%E1%84%87%E1%85%A6%E1%84%89%E1%85%B3%E1%84%90%E1%85%B3-%E1%84%90%E1%85%A1%E1%86%B8-p05039182.html,https://static.zara.net/assets/public/5091/b782/42b148ff9d39/898815dd05c4/05039182084-p/05039182084-p.jpg?ts=1769086123583,"₩55,900",,,260622,"블랙,화이트",,,,
,false,,ZARA,바지,슬랙스,여성,스트럭처 플레어 팬츠,https://www.zara.com/kr/ko/%E1%84%89%E1%85%B3%E1%84%90%E1%85%B3%E1%84%85%E1%85%A5%E1%86%A8%E1%84%8E%E1%85%A5-%E1%84%91%E1%85%B3%E1%86%AF%E1%84%85%E1%85%A6%E1%84%8B%E1%85%A5-%E1%84%91%E1%85%A2%E1%86%AB%E1%84%8E%E1%85%B3-p05039183.html,https://static.zara.net/assets/public/81f5/06ba/7e2b470d9b7b/656a0a664ce3/05039183084-p/05039183084-p.jpg?ts=1769086124104,"₩55,900",,,260622,"블랙,화이트",,,,
,false,,ZARA,상의,니트,여성,라펠 칼라 니트 스웨터,https://www.zara.com/kr/ko/%E1%84%85%E1%85%A1%E1%84%91%E1%85%A6%E1%86%AF-%E1%84%8F%E1%85%A1%E1%86%AF%E1%84%85%E1%85%A1-%E1%84%82%E1%85%B5%E1%84%90%E1%85%B3-%E1%84%89%E1%85%B3%E1%84%8B%E1%85%B0%E1%84%90%E1%85%A5-p02756141.html,https://static.zara.net/assets/public/224f/6622/c70245178600/0db29622f560/02756141081-f1/02756141081-f1.jpg?ts=1769208511121,"₩59,900",,,260622,"샌드,그레이",,,,
,false,,ZARA,치마,스커트,여성,니트 미디 스커트,https://www.zara.com/kr/ko/%E1%84%82%E1%85%B5%E1%84%90%E1%85%B3-%E1%84%86%E1%85%B5%E1%84%83%E1%85%B5-%E1%84%89%E1%85%B3%E1%84%8F%E1%85%A5%E1%84%90%E1%85%B3-p02756142.html,https://static.zara.net/assets/public/94ea/39db/b1bb4423aee2/ff5eeb6aa8ac/02756142081-p/02756142081-p.jpg?ts=1764944133782,"₩55,900",,,260622,"샌드,그레이",,,,
,false,,ZARA,상의,탑,여성,신축성 크롭 탑,https://www.zara.com/kr/ko/%E1%84%89%E1%85%B3%E1%84%90%E1%85%B3%E1%84%85%E1%85%A6%E1%84%8E%E1%85%B5-%E1%84%8F%E1%85%B3%E1%84%85%E1%85%A9%E1%86%B8-%E1%84%90%E1%85%A1%E1%86%B8-p03641314.html,https://static.zara.net/assets/public/3973/c7ea/0c9545c08145/afd77f56a5f9/03641314800-p/03641314800-p.jpg?ts=1775741071157,"₩29,900",,,260622,블랙,,,,
,false,,ZARA,상의,셔츠/블라우스,여성,린넨 파이핑 디테일 블라우스,https://www.zara.com/kr/ko/%E1%84%85%E1%85%B5%E1%86%AB%E1%84%82%E1%85%A6%E1%86%AB-%E1%84%91%E1%85%A1%E1%84%8B%E1%85%B5%E1%84%91%E1%85%B5%E1%86%BC-%E1%84%83%E1%85%B5%E1%84%90%E1%85%A6%E1%84%8B%E1%85%B5%E1%86%AF-%E1%84%87%E1%85%B3%E1%86%AF%E1%84%85%E1%85%A1%E1%84%8B%E1%85%AE%E1%84%89%E1%85%B3-p07699753.html,https://static.zara.net/assets/public/4813/6dbe/11444dd2b461/41bdd847abcb/07699753406-p/07699753406-p.jpg?ts=1781707973031,"₩55,900",,,260622,라이트 블루,,,,
,false,,ZARA,바지,슬랙스,여성,린넨 파이핑 팬츠,https://www.zara.com/kr/ko/%E1%84%85%E1%85%B5%E1%86%AB%E1%84%82%E1%85%A6%E1%86%AB-%E1%84%91%E1%85%A1%E1%84%8B%E1%85%B5%E1%84%91%E1%85%B5%E1%86%BC-%E1%84%91%E1%85%A2%E1%86%AB%E1%84%8E%E1%85%B3-p07728753.html,https://static.zara.net/assets/public/878f/7d5c/47de46bb8069/ee731ac1dc88/07728753406-p/07728753406-p.jpg?ts=1781707975451,"₩59,900",,,260622,라이트 블루,,,,
,false,,ZARA,기타,WAISTCOAT,여성,린넨 엘라스틱 허리 베스트,https://www.zara.com/kr/ko/%E1%84%85%E1%85%B5%E1%86%AB%E1%84%82%E1%85%A6%E1%86%AB-%E1%84%8B%E1%85%A6%E1%86%AF%E1%84%85%E1%85%A1%E1%84%89%E1%85%B3%E1%84%90%E1%85%B5%E1%86%A8-%E1%84%92%E1%85%A5%E1%84%85%E1%85%B5-%E1%84%87%E1%85%A6%E1%84%89%E1%85%B3%E1%84%90%E1%85%B3-p02893454.html,https://static.zara.net/assets/public/bc3c/1251/0fea45e59e5c/423eae5bd2a2/02893454405-p/02893454405-p.jpg?ts=1779806800994,"₩59,900",,,260622,인디고,,,,
,false,,ZARA,바지,슬랙스,여성,린넨 스트레이트 팬츠,https://www.zara.com/kr/ko/%E1%84%85%E1%85%B5%E1%86%AB%E1%84%82%E1%85%A6%E1%86%AB-%E1%84%89%E1%85%B3%E1%84%90%E1%85%B3%E1%84%85%E1%85%A6%E1%84%8B%E1%85%B5%E1%84%90%E1%85%B3-%E1%84%91%E1%85%A2%E1%86%AB%E1%84%8E%E1%85%B3-p07743454.html,https://static.zara.net/assets/public/5721/f0fa/0f4d4d01902f/e11ee71c9a49/07743454405-f1/07743454405-f1.jpg?ts=1779791927114,"₩59,900",,,260622,인디고,,,,
,false,,ZARA,상의,탑,여성,러스틱 언밸런스 탑,https://www.zara.com/kr/ko/%E1%84%85%E1%85%A5%E1%84%89%E1%85%B3%E1%84%90%E1%85%B5%E1%86%A8-%E1%84%8B%E1%85%A5%E1%86%AB%E1%84%87%E1%85%A2%E1%86%AF%E1%84%85%E1%85%A5%E1%86%AB%E1%84%89%E1%85%B3-%E1%84%90%E1%85%A1%E1%86%B8-p02298006.html,https://static.zara.net/assets/public/30f2/0162/3fa047df8a70/71ec5eb1ee5b/02298006712-f1/02298006712-f1.jpg?ts=1773849213784,"₩35,900",,,260622,크림,,,,
,false,,ZARA,바지,슬랙스,여성,스트레이트 러스틱 팬츠,https://www.zara.com/kr/ko/%E1%84%89%E1%85%B3%E1%84%90%E1%85%B3%E1%84%85%E1%85%A6%E1%84%8B%E1%85%B5%E1%84%90%E1%85%B3-%E1%84%85%E1%85%A5%E1%84%89%E1%85%B3%E1%84%90%E1%85%B5%E1%86%A8-%E1%84%91%E1%85%A2%E1%86%AB%E1%84%8E%E1%85%B3-p02298007.html,https://static.zara.net/assets/public/1b17/92b5/caca4fb7a363/cca09fdea24b/02298007712-f1/02298007712-f1.jpg?ts=1774008476737,"₩45,900",,,260622,크림,,,,
,false,,ZARA,상의,티셔츠,여성,글리터 반소매 티셔츠,https://www.zara.com/kr/ko/%E1%84%80%E1%85%B3%E1%86%AF%E1%84%85%E1%85%B5%E1%84%90%E1%85%A5-%E1%84%87%E1%85%A1%E1%86%AB%E1%84%89%E1%85%A9%E1%84%86%E1%85%A2-%E1%84%90%E1%85%B5%E1%84%89%E1%85%A7%E1%84%8E%E1%85%B3-p05968001.html,https://static.zara.net/assets/public/cd88/6c18/629e412eb58a/5fcbc0fdff63/05968001800-p/05968001800-p.jpg?ts=1769172715439,"₩55,900",,,260622,블랙,,,,
,false,,ZARA,바지,슬랙스,여성,글리터 플러시 팬츠,https://www.zara.com/kr/ko/%E1%84%80%E1%85%B3%E1%86%AF%E1%84%85%E1%85%B5%E1%84%90%E1%85%A5-%E1%84%91%E1%85%B3%E1%86%AF%E1%84%85%E1%85%A5%E1%84%89%E1%85%B5-%E1%84%91%E1%85%A2%E1%86%AB%E1%84%8E%E1%85%B3-p05968002.html,https://static.zara.net/assets/public/1cb5/3f52/5f9c483c9f96/5b508cc08c90/05968002800-p/05968002800-p.jpg?ts=1769172717305,"₩79,900",,,260622,블랙,,,,
,false,,ZARA,상의,탑,여성,자수 시퀸 탑,https://www.zara.com/kr/ko/%E1%84%8C%E1%85%A1%E1%84%89%E1%85%AE-%E1%84%89%E1%85%B5%E1%84%8F%E1%85%B1%E1%86%AB-%E1%84%90%E1%85%A1%E1%86%B8-p04813331.html,https://static.zara.net/assets/public/1661/8c4e/95324681953f/d3866c43d074/04813331250-p/04813331250-p.jpg?ts=1779441370911,"₩49,900",,,260622,화이트,,,,
,false,,ZARA,치마,스커트,여성,시퀸 레이스업 미니 스커트,https://www.zara.com/kr/ko/%E1%84%89%E1%85%B5%E1%84%8F%E1%85%B1%E1%86%AB-%E1%84%85%E1%85%A6%E1%84%8B%E1%85%B5%E1%84%89%E1%85%B3%E1%84%8B%E1%85%A5%E1%86%B8-%E1%84%86%E1%85%B5%E1%84%82%E1%85%B5-%E1%84%89%E1%85%B3%E1%84%8F%E1%85%A5%E1%84%90%E1%85%B3-p04813332.html,https://static.zara.net/assets/public/d50c/778f/e141485482a7/3062362828a7/04813332250-p/04813332250-p.jpg?ts=1779441370946,"₩55,900",,,260622,화이트,,,,
,false,,ZARA,기타,WAISTCOAT,여성,벨티드 니트 베스트,https://www.zara.com/kr/ko/%E1%84%87%E1%85%A6%E1%86%AF%E1%84%90%E1%85%B3-%E1%84%82%E1%85%B5%E1%84%90%E1%85%B3-%E1%84%87%E1%85%A6%E1%84%89%E1%85%B3%E1%84%90%E1%85%B3-p02756004.html,https://static.zara.net/assets/public/ef43/76f2/6bb047b4b80b/bb7e27ef8ca3/02756004802-p/02756004802-p.jpg?ts=1769622968501,"₩59,900",,,260622,그레이,,,,
,false,,ZARA,치마,스커트,여성,니트 미디 스커트,https://www.zara.com/kr/ko/%E1%84%82%E1%85%B5%E1%84%90%E1%85%B3-%E1%84%86%E1%85%B5%E1%84%83%E1%85%B5-%E1%84%89%E1%85%B3%E1%84%8F%E1%85%A5%E1%84%90%E1%85%B3-p02756142.html,https://static.zara.net/assets/public/cf60/f430/5e1c4b7893b5/97393c5715a7/02756005802-p/02756005802-p.jpg?ts=1769622969184,"₩55,900",,,260622,그레이,,,,
,false,,ZARA,상의,셔츠/블라우스,여성,포플린 벌룬 탑,https://www.zara.com/kr/ko/%E1%84%91%E1%85%A9%E1%84%91%E1%85%B3%E1%86%AF%E1%84%85%E1%85%B5%E1%86%AB-%E1%84%87%E1%85%A5%E1%86%AF%E1%84%85%E1%85%AE%E1%86%AB-%E1%84%90%E1%85%A1%E1%86%B8-p08372114.html,https://static.zara.net/assets/public/1d04/1329/f2cc45288e0d/8020d8754b4c/08372114712-p/08372114712-p.jpg?ts=1773160653448,"₩49,900",,,260622,크림,,,,
,false,,ZARA,치마,스커트,여성,벌룬 미니 스커트,https://www.zara.com/kr/ko/%E1%84%87%E1%85%A5%E1%86%AF%E1%84%85%E1%85%AE%E1%86%AB-%E1%84%86%E1%85%B5%E1%84%82%E1%85%B5-%E1%84%89%E1%85%B3%E1%84%8F%E1%85%A5%E1%84%90%E1%85%B3-p08372116.html,https://static.zara.net/assets/public/c49b/3f13/9b934f5caee3/d71f5966276f/12338710002-p/12338710002-p.jpg?ts=1773239438728,"₩49,900",,,260622,크림,,,,
,false,,ZARA,아우터,블레이저,여성,숄더 패드 페더 커프스 블레이저,https://www.zara.com/kr/ko/%E1%84%91%E1%85%A6%E1%84%83%E1%85%A5-%E1%84%8F%E1%85%A5%E1%84%91%E1%85%B3%E1%84%89%E1%85%B3-%E1%84%89%E1%85%AD%E1%86%AF%E1%84%83%E1%85%A5-%E1%84%91%E1%85%A2%E1%84%83%E1%85%B3-%E1%84%87%E1%85%B3%E1%86%AF%E1%84%85%E1%85%A6%E1%84%8B%E1%85%B5%E1%84%8C%E1%85%A5-p02529593.html,https://static.zara.net/assets/public/d66c/9de7/22ee4a1bb458/6c5fed0e245e/02529600715-f1/02529600715-f1.jpg?ts=1776950797466,"₩169,900",,,260622,미디움 크림,,,,
,false,,ZARA,바지,슬랙스,여성,스트레이트 하이웨이스트 팬츠,https://www.zara.com/kr/ko/%E1%84%85%E1%85%A9%E1%84%8B%E1%85%AE%E1%84%85%E1%85%A1%E1%84%8B%E1%85%B5%E1%84%8C%E1%85%B3-%E1%84%89%E1%85%B3%E1%84%90%E1%85%B3%E1%84%85%E1%85%A6%E1%84%8B%E1%85%B5%E1%84%90%E1%85%B3-%E1%84%91%E1%85%A2%E1%86%AB%E1%84%8E%E1%85%B3-p02530593.html,https://static.zara.net/assets/public/a942/9fd8/10794b49a644/d551a8a84f0b/02530600715-f1/02530600715-f1.jpg?ts=1776950797905,"₩89,900",,,260622,미디움 크림,,,,
,false,,ZARA,기타,WAISTCOAT,여성,Z1975 크로스 데님 베스트,https://www.zara.com/kr/ko/z1975-%E1%84%8F%E1%85%B3%E1%84%85%E1%85%A9%E1%84%89%E1%85%B3-%E1%84%83%E1%85%A6%E1%84%82%E1%85%B5%E1%86%B7-%E1%84%87%E1%85%A6%E1%84%89%E1%85%B3%E1%84%90%E1%85%B3-p06147107.html,https://static.zara.net/assets/public/c5b2/f57c/d97942b98b96/468f8a9faa5d/06147107406-f1/06147107406-f1.jpg?ts=1774451395561,"₩57,900",,,260622,라이트 블루,,,,
,false,,ZARA,바지,슬랙스,여성,JEANS Z1975 로우라이즈 크로스,https://www.zara.com/kr/ko/jeans-z1975-%E1%84%85%E1%85%A9%E1%84%8B%E1%85%AE%E1%84%85%E1%85%A1%E1%84%8B%E1%85%B5%E1%84%8C%E1%85%B3-%E1%84%8F%E1%85%B3%E1%84%85%E1%85%A9%E1%84%89%E1%85%B3-p06147116.html,https://static.zara.net/assets/public/d93d/291b/b881481e9143/c9bffbb9bdaa/06147116406-000-f1/06147116406-000-f1.jpg?ts=1775542525490,"₩79,900",,,260622,라이트 블루,,,,
,false,,ZARA,상의,티셔츠,여성,코튼-린넨 스트라이프 티셔츠,https://www.zara.com/kr/ko/%E1%84%8F%E1%85%A9%E1%84%90%E1%85%B3%E1%86%AB-%E1%84%85%E1%85%B5%E1%86%AB%E1%84%82%E1%85%A6%E1%86%AB-%E1%84%89%E1%85%B3%E1%84%90%E1%85%B3%E1%84%85%E1%85%A1%E1%84%8B%E1%85%B5%E1%84%91%E1%85%B3-%E1%84%90%E1%85%B5%E1%84%89%E1%85%A7%E1%84%8E%E1%85%B3-p03253011.html,https://static.zara.net/assets/public/9c0b/27fb/6bd64f6ab5bb/5f5b2d2d91b1/03253011983-e1/03253011983-e1.jpg?ts=1778765889938,"₩45,900",,,260622,베이지,,,,
,false,,ZARA,바지,슬랙스,여성,코튼 린넨 스트라이프 팬츠,https://www.zara.com/kr/ko/%E1%84%8F%E1%85%A9%E1%84%90%E1%85%B3%E1%86%AB-%E1%84%85%E1%85%B5%E1%86%AB%E1%84%82%E1%85%A6%E1%86%AB-%E1%84%89%E1%85%B3%E1%84%90%E1%85%B3%E1%84%85%E1%85%A1%E1%84%8B%E1%85%B5%E1%84%91%E1%85%B3-%E1%84%91%E1%85%A2%E1%86%AB%E1%84%8E%E1%85%B3-p03253100.html,https://static.zara.net/assets/public/5831/aecc/6781443daa40/e553190ce9e5/03253100983-p/03253100983-p.jpg?ts=1778767713809,"₩49,900",,,260622,베이지,,,,
,false,,ZARA,기타,SWEATSHIRT,여성,스터드 플러시 후드 스웨트셔츠,https://www.zara.com/kr/ko/%E1%84%89%E1%85%B3%E1%84%90%E1%85%A5%E1%84%83%E1%85%B3-%E1%84%91%E1%85%B3%E1%86%AF%E1%84%85%E1%85%A5%E1%84%89%E1%85%B5-%E1%84%92%E1%85%AE%E1%84%83%E1%85%B3-%E1%84%89%E1%85%B3%E1%84%8B%E1%85%B0%E1%84%90%E1%85%B3%E1%84%89%E1%85%A7%E1%84%8E%E1%85%B3-p04174056.html,https://static.zara.net/assets/public/6da1/8f76/5063479e935b/d19f81aa0748/04174056725-f1/04174056725-f1.jpg?ts=1770051708597,"₩59,900",,,260622,버터,,,,
,false,,ZARA,바지,슬랙스,여성,워싱 페이크 플러시 스터드 팬츠,https://www.zara.com/kr/ko/%E1%84%8B%E1%85%AF%E1%84%89%E1%85%B5%E1%86%BC-%E1%84%91%E1%85%A6%E1%84%8B%E1%85%B5%E1%84%8F%E1%85%B3-%E1%84%91%E1%85%B3%E1%86%AF%E1%84%85%E1%85%A5%E1%84%89%E1%85%B5-%E1%84%89%E1%85%B3%E1%84%90%E1%85%A5%E1%84%83%E1%85%B3-%E1%84%91%E1%85%A2%E1%86%AB%E1%84%8E%E1%85%B3-p04174057.html,https://static.zara.net/assets/public/d7fc/466f/e2c14bc68ed5/9b7cb258a512/04174057725-f1/04174057725-f1.jpg?ts=1770051687074,"₩59,900",,,260622,버터,,,,
,false,,ZARA,상의,탑,여성,콘트라스트 스트랩 니트 탑,https://www.zara.com/kr/ko/%E1%84%8F%E1%85%A9%E1%86%AB%E1%84%90%E1%85%B3%E1%84%85%E1%85%A1%E1%84%89%E1%85%B3%E1%84%90%E1%85%B3-%E1%84%89%E1%85%B3%E1%84%90%E1%85%B3%E1%84%85%E1%85%A2%E1%86%B8-%E1%84%82%E1%85%B5%E1%84%90%E1%85%B3-%E1%84%90%E1%85%A1%E1%86%B8-p04192072.html,https://static.zara.net/assets/public/bf20/fc07/3b3c4202aa4a/8bedb7818a0c/04192072712-p/04192072712-p.jpg?ts=1773250889952,"₩45,900",,,260622,크림,,,,
,false,,ZARA,치마,스커트,여성,벌룬 스트럭처 니트 콤비 스커트,https://www.zara.com/kr/ko/%E1%84%87%E1%85%A5%E1%86%AF%E1%84%85%E1%85%AE%E1%86%AB-%E1%84%89%E1%85%B3%E1%84%90%E1%85%B3%E1%84%85%E1%85%A5%E1%86%A8%E1%84%8E%E1%85%A5-%E1%84%82%E1%85%B5%E1%84%90%E1%85%B3-%E1%84%86%E1%85%B5%E1%86%A8%E1%84%89%E1%85%B3-%E1%84%89%E1%85%B3%E1%84%8F%E1%85%A5%E1%84%90%E1%85%B3-p04192073.html,https://static.zara.net/assets/public/e999/1410/c3dd458084b5/9005caea8d47/04192073712-f1/04192073712-f1.jpg?ts=1773247533771,"₩79,900",,,260622,크림,,,,
,false,,ZARA,상의,니트,여성,오픈워크 니트 스웨터,https://www.zara.com/kr/ko/%E1%84%8B%E1%85%A9%E1%84%91%E1%85%B3%E1%86%AB%E1%84%8B%E1%85%AF%E1%84%8F%E1%85%B3-%E1%84%82%E1%85%B5%E1%84%90%E1%85%B3-%E1%84%89%E1%85%B3%E1%84%8B%E1%85%B0%E1%84%90%E1%85%A5-p05802036.html,https://static.zara.net/assets/public/c05d/0bea/ece34941b785/7d402abe9af9/05802036800-f1/05802036800-f1.jpg?ts=1779187461759,"₩57,900",,,260622,블랙,,,,
,false,,ZARA,바지,반바지,여성,오픈워크 니트 쇼츠,https://www.zara.com/kr/ko/%E1%84%91%E1%85%A5%E1%86%AB%E1%84%8E%E1%85%B5%E1%86%BC-%E1%84%82%E1%85%B5%E1%84%90%E1%85%B3-%E1%84%89%E1%85%AD%E1%84%8E%E1%85%B3-p05802037.html,https://static.zara.net/assets/public/1d7b/535c/4627477592e9/d7230550bc65/05802037800-f1/05802037800-f1.jpg?ts=1779204134704,"₩39,900",,,260622,블랙,,,,
,false,,ZARA,상의,셔츠/블라우스,여성,Z1975 벌룬 데님 베스트,https://www.zara.com/kr/ko/z1975-%E1%84%87%E1%85%A5%E1%86%AF%E1%84%85%E1%85%AE%E1%86%AB-%E1%84%83%E1%85%A6%E1%84%82%E1%85%B5%E1%86%B7-%E1%84%87%E1%85%A6%E1%84%89%E1%85%B3%E1%84%90%E1%85%B3-p04083031.html,https://static.zara.net/assets/public/f2e9/d5e2/fc1b43378a78/7d36e0954cfb/04083031407-p/04083031407-p.jpg?ts=1774520749966,"₩55,900",,,260622,블루,,,,
,false,,ZARA,바지,슬랙스,여성,JEANS Z1975 조거 와이드 레그 미드라이즈,https://www.zara.com/kr/ko/jeans-z1975-jogger-wide-leg-%E1%84%86%E1%85%B5%E1%84%83%E1%85%B3%E1%84%85%E1%85%A1%E1%84%8B%E1%85%B5%E1%84%8C%E1%85%B3-p04083032.html,https://static.zara.net/assets/public/e971/f421/ff644a628773/3e61186fa841/04083032407-p/04083032407-p.jpg?ts=1774520754469,"₩55,900",,,260622,블루,,,,
,false,,ZARA,상의,셔츠/블라우스,여성,버튼 쇼트 슬리브 탑,https://www.zara.com/kr/ko/%E1%84%87%E1%85%A5%E1%84%90%E1%85%B3%E1%86%AB-%E1%84%89%E1%85%AD%E1%84%90%E1%85%B3-%E1%84%89%E1%85%B3%E1%86%AF%E1%84%85%E1%85%B5%E1%84%87%E1%85%B3-%E1%84%90%E1%85%A1%E1%86%B8-p02162272.html,https://static.zara.net/assets/public/53bd/edd9/d2df4fa2b4aa/87f7e2a5f769/01210058621-p/01210058621-p.jpg?ts=1775808612632,"₩55,900",,,260622,파스텔 로즈,,,,
,false,,ZARA,바지,슬랙스,여성,로우라이즈 스트레이트 팬츠,https://www.zara.com/kr/ko/%E1%84%85%E1%85%A9%E1%84%8B%E1%85%AE%E1%84%85%E1%85%A1%E1%84%8B%E1%85%B5%E1%84%8C%E1%85%B3-%E1%84%89%E1%85%B3%E1%84%90%E1%85%B3%E1%84%85%E1%85%A6%E1%84%8B%E1%85%B5%E1%84%90%E1%85%B3-%E1%84%91%E1%85%A2%E1%86%AB%E1%84%8E%E1%85%B3-p03067433.html,https://static.zara.net/assets/public/c647/e740/da7d4c4994bb/f58434383012/04661433621-p/04661433621-p.jpg?ts=1775808620413,"₩59,900",,,260622,파스텔 로즈,,,,
,false,,ZARA,상의,셔츠/블라우스,여성,플라워 포플린 크롭 탑,https://www.zara.com/kr/ko/%E1%84%91%E1%85%B3%E1%86%AF%E1%84%85%E1%85%A1%E1%84%8B%E1%85%AF-%E1%84%91%E1%85%A9%E1%84%91%E1%85%B3%E1%86%AF%E1%84%85%E1%85%B5%E1%86%AB-%E1%84%8F%E1%85%B3%E1%84%85%E1%85%A9%E1%86%B8-%E1%84%90%E1%85%A1%E1%86%B8-p02829328.html,https://static.zara.net/assets/public/a551/f04b/2af146ec91bc/43bd8b482538/02829328100-p/02829328100-p.jpg?ts=1778147024867,"₩45,900",,,260622,"크림,옐로우",,,,
,false,,ZARA,치마,스커트,여성,플라워 포플린 미니 스커트,https://www.zara.com/kr/ko/%E1%84%91%E1%85%B3%E1%86%AF%E1%84%85%E1%85%A1%E1%84%8B%E1%85%AF-%E1%84%91%E1%85%A9%E1%84%91%E1%85%B3%E1%86%AF%E1%84%85%E1%85%B5%E1%86%AB-%E1%84%86%E1%85%B5%E1%84%82%E1%85%B5-%E1%84%89%E1%85%B3%E1%84%8F%E1%85%A5%E1%84%90%E1%85%B3-p06929420.html,https://static.zara.net/assets/public/d5ee/9f2a/664c494c87ce/9e35382bdcce/06929420100-p/06929420100-p.jpg?ts=1778147040855,"₩55,900",,,260622,"크림,옐로우",,,,
,false,,ZARA,아우터,블레이저,여성,사이드 슬릿 크로스 재킷 세트,https://www.zara.com/kr/ko/%E1%84%89%E1%85%A1%E1%84%8B%E1%85%B5%E1%84%83%E1%85%B3-%E1%84%89%E1%85%B3%E1%86%AF%E1%84%85%E1%85%B5%E1%86%BA-%E1%84%8F%E1%85%B3%E1%84%85%E1%85%A9%E1%84%89%E1%85%B3-%E1%84%8C%E1%85%A2%E1%84%8F%E1%85%B5%E1%86%BA-%E1%84%89%E1%85%A6%E1%84%90%E1%85%B3-p02443741.html,https://static.zara.net/assets/public/241f/247c/5bd94618944e/82cfc908b562/02443741704-000-e1/02443741704-000-e1.jpg?ts=1775542891100,"₩79,900",,,260622,샌드,,,,
,false,,ZARA,바지,슬랙스,여성,엘라스틱 웨이스트 루즈 팬츠 세트,https://www.zara.com/kr/ko/%E1%84%8B%E1%85%A6%E1%86%AF%E1%84%85%E1%85%A1%E1%84%89%E1%85%B3%E1%84%90%E1%85%B5%E1%86%A8-%E1%84%8B%E1%85%B0%E1%84%8B%E1%85%B5%E1%84%89%E1%85%B3%E1%84%90%E1%85%B3-%E1%84%85%E1%85%AE%E1%84%8C%E1%85%B3-%E1%84%91%E1%85%A2%E1%86%AB%E1%84%8E%E1%85%B3-%E1%84%89%E1%85%A6%E1%84%90%E1%85%B3-p02444741.html,https://static.zara.net/assets/public/bae1/83d1/4b9c44b5a5e5/abcea8573cc2/02444741704-000-e1/02444741704-000-e1.jpg?ts=1775542891283,"₩57,900",,,260622,샌드,,,,
,false,,ZARA,상의,셔츠/블라우스,여성,Z1975 와이드 슬리브 데님 셔츠,https://www.zara.com/kr/ko/z1975-%E1%84%8B%E1%85%AA%E1%84%8B%E1%85%B5%E1%84%83%E1%85%B3-%E1%84%89%E1%85%B3%E1%86%AF%E1%84%85%E1%85%B5%E1%84%87%E1%85%B3-%E1%84%83%E1%85%A6%E1%84%82%E1%85%B5%E1%86%B7-%E1%84%89%E1%85%A7%E1%84%8E%E1%85%B3-p01416223.html,https://static.zara.net/assets/public/e660/b463/2d2a4ea8bc13/a400a2e9b9a7/01416223427-f1/01416223427-f1.jpg?ts=1780386427131,"₩55,900",,,260622,미디움 블루,,,,
,false,,ZARA,바지,슬랙스,여성,JEANS Z1975 WIDE LEG 하이웨이스트 플랫 프론트,https://www.zara.com/kr/ko/jeans-z1975-wide-leg-%E1%84%92%E1%85%A1%E1%84%8B%E1%85%B5%E1%84%8B%E1%85%B0%E1%84%8B%E1%85%B5%E1%84%89%E1%85%B3%E1%84%90%E1%85%B3-%E1%84%91%E1%85%B3%E1%86%AF%E1%84%85%E1%85%A2%E1%86%BA-%E1%84%91%E1%85%B3%E1%84%85%E1%85%A9%E1%86%AB%E1%84%90%E1%85%B3-p01416224.html,https://static.zara.net/assets/public/481b/4174/e9aa4fef8eeb/e4e5ff782b97/01416224427-f1/01416224427-f1.jpg?ts=1780386429080,"₩59,900",,,260622,미디움 블루,,,,
,false,,ZARA,상의,탑,여성,레이스 셔링 탑,https://www.zara.com/kr/ko/%E1%84%89%E1%85%A7%E1%84%85%E1%85%B5%E1%86%BC-%E1%84%85%E1%85%A6%E1%84%8B%E1%85%B5%E1%84%89%E1%85%B3-%E1%84%90%E1%85%A1%E1%86%B8-p04813317.html,https://static.zara.net/assets/public/2827/989e/345748ada24e/ec28d69c6e4f/04813317712-f1/04813317712-f1.jpg?ts=1773254279807,"₩49,900",,,260622,크림,,,,
,false,,ZARA,바지,슬랙스,여성,레이스 팬츠,https://www.zara.com/kr/ko/%E1%84%85%E1%85%A6%E1%84%8B%E1%85%B5%E1%84%89%E1%85%B3-%E1%84%91%E1%85%A2%E1%86%AB%E1%84%8E%E1%85%B3-p04813318.html,https://static.zara.net/assets/public/8d50/1b03/beb14984b302/00d1551bcae3/04813318712-f1/04813318712-f1.jpg?ts=1773254278833,"₩45,900",,,260622,크림,,,,
,false,,ZARA,상의,셔츠/블라우스,여성,쇼트 슬리브 플루이드 셔츠,https://www.zara.com/kr/ko/%E1%84%89%E1%85%AD%E1%84%90%E1%85%B3-%E1%84%89%E1%85%B3%E1%86%AF%E1%84%85%E1%85%B5%E1%84%87%E1%85%B3-%E1%84%91%E1%85%B3%E1%86%AF%E1%84%85%E1%85%AE%E1%84%8B%E1%85%B5%E1%84%83%E1%85%B3-%E1%84%89%E1%85%A7%E1%84%8E%E1%85%B3-p02906210.html,https://static.zara.net/assets/public/bf42/451a/6d684ffca36b/77edae91a1a5/02906210619-p/02906210619-p.jpg?ts=1777979454689,"₩49,900",,,260622,라이트 제비꽃,,,,
,false,,ZARA,바지,버뮤다 팬츠,여성,루즈핏 버튼 쇼츠,https://www.zara.com/kr/ko/%E1%84%87%E1%85%A5%E1%84%90%E1%85%B3%E1%86%AB-%E1%84%85%E1%85%AE%E1%84%8C%E1%85%B3%E1%84%91%E1%85%B5%E1%86%BA-%E1%84%89%E1%85%AD%E1%84%8E%E1%85%B3-p06929421.html,https://static.zara.net/assets/public/24e8/f67a/5ec24fa79bbd/8e294dca79cc/06929421619-p/06929421619-p.jpg?ts=1777979483918,"₩45,900",,,260622,라이트 제비꽃,,,,
,false,,ZARA,기타,SWEATSHIRT,여성,텍스트 후드 스웨트셔츠,https://www.zara.com/kr/ko/%E1%84%90%E1%85%A6%E1%86%A8%E1%84%89%E1%85%B3%E1%84%90%E1%85%B3-%E1%84%92%E1%85%AE%E1%84%83%E1%85%B3-%E1%84%89%E1%85%B3%E1%84%8B%E1%85%B0%E1%84%90%E1%85%B3%E1%84%89%E1%85%A7%E1%84%8E%E1%85%B3-p04174028.html,https://static.zara.net/assets/public/3d1c/cbe9/962341f5ad79/efefce407f40/04174028407-p/04174028407-p.jpg?ts=1768411916063,"₩57,900",,,260622,블루,,,,
,false,,ZARA,바지,슬랙스,여성,텍스트 조거 팬츠,https://www.zara.com/kr/ko/%E1%84%90%E1%85%A6%E1%86%A8%E1%84%89%E1%85%B3%E1%84%90%E1%85%B3-%E1%84%8C%E1%85%A9%E1%84%80%E1%85%A5-%E1%84%91%E1%85%A2%E1%86%AB%E1%84%8E%E1%85%B3-p04174029.html,https://static.zara.net/assets/public/a320/c76f/7dfa4c979785/c097b69e9944/04174029407-p/04174029407-p.jpg?ts=1768320832257,"₩55,900",,,260622,블루,,,,
,false,,ZARA,상의,탑,여성,러스틱 크로셰 탑,https://www.zara.com/kr/ko/%E1%84%85%E1%85%A5%E1%84%89%E1%85%B3%E1%84%90%E1%85%B5%E1%86%A8-%E1%84%8F%E1%85%B3%E1%84%85%E1%85%A9%E1%84%89%E1%85%A8-%E1%84%90%E1%85%A1%E1%86%B8-p08779160.html,https://static.zara.net/assets/public/e5ae/ea54/79af4398b943/3a7a5a32208f/08779160711-p/08779160711-p.jpg?ts=1773136412564,"₩55,900",,,260622,샌드,,,,
,false,,ZARA,치마,스커트,여성,러스틱 크로셰 스커트,https://www.zara.com/kr/ko/%E1%84%85%E1%85%A5%E1%84%89%E1%85%B3%E1%84%90%E1%85%B5%E1%86%A8-%E1%84%8F%E1%85%B3%E1%84%85%E1%85%A9%E1%84%89%E1%85%A8-%E1%84%89%E1%85%B3%E1%84%8F%E1%85%A5%E1%84%90%E1%85%B3-p08779161.html,https://static.zara.net/assets/public/c9b9/e045/c8a843a2a569/de2304754538/08779161711-p/08779161711-p.jpg?ts=1773136417068,"₩55,900",,,260622,샌드,,,,
,false,,ZARA,기타,SWEATSHIRT,여성,스터드 후드 플러시 스웨트셔츠,https://www.zara.com/kr/ko/%E1%84%89%E1%85%B3%E1%84%90%E1%85%A5%E1%84%83%E1%85%B3-%E1%84%91%E1%85%B3%E1%86%AF%E1%84%85%E1%85%A5%E1%84%89%E1%85%B5-%E1%84%92%E1%85%AE%E1%84%83%E1%85%B3-%E1%84%89%E1%85%B3%E1%84%8B%E1%85%B0%E1%84%90%E1%85%B3%E1%84%89%E1%85%A7%E1%84%8E%E1%85%B3-p04174056.html,https://static.zara.net/assets/public/31f1/d7e5/6fcf4e769036/94d7c59a3976/04174056716-f1/04174056716-f1.jpg?ts=1770051707951,"₩59,900",,,260622,다크 브라운,,,,
,false,,ZARA,바지,슬랙스,여성,플러시 워싱 페이크 스터드 팬츠,https://www.zara.com/kr/ko/%E1%84%8B%E1%85%AF%E1%84%89%E1%85%B5%E1%86%BC-%E1%84%91%E1%85%A6%E1%84%8B%E1%85%B5%E1%84%8F%E1%85%B3-%E1%84%91%E1%85%B3%E1%86%AF%E1%84%85%E1%85%A5%E1%84%89%E1%85%B5-%E1%84%89%E1%85%B3%E1%84%90%E1%85%A5%E1%84%83%E1%85%B3-%E1%84%91%E1%85%A2%E1%86%AB%E1%84%8E%E1%85%B3-p04174057.html,https://static.zara.net/assets/public/3417/8df3/5b1041ce8259/9a41a830d803/04174057716-f1/04174057716-f1.jpg?ts=1770051687574,"₩59,900",,,260622,다크 브라운,,,,
,false,,ZARA,상의,셔츠/블라우스,여성,Z1975 오버사이즈 데님 셔츠,https://www.zara.com/kr/ko/z1975-%E1%84%8B%E1%85%A9%E1%84%87%E1%85%A5%E1%84%89%E1%85%A1%E1%84%8B%E1%85%B5%E1%84%8C%E1%85%B3-%E1%84%83%E1%85%A6%E1%84%82%E1%85%B5%E1%86%B7-%E1%84%89%E1%85%A7%E1%84%8E%E1%85%B3-p04083026.html,https://static.zara.net/assets/public/30c8/fcd9/a2854ea3bc83/6acbcf41e45f/04083026407-f1/04083026407-f1.jpg?ts=1770912329331,"₩55,900",,,260622,블루,,,,
,false,,ZARA,바지,슬랙스,여성,JEANS Z1975 조거 와이드 레그 하이웨이스트,https://www.zara.com/kr/ko/z1975-%E1%84%8C%E1%85%A9%E1%84%80%E1%85%A5-%E1%84%8B%E1%85%AA%E1%84%8B%E1%85%B5%E1%84%83%E1%85%B3-%E1%84%85%E1%85%A6%E1%84%80%E1%85%B3-%E1%84%92%E1%85%A1%E1%84%8B%E1%85%B5%E1%84%8B%E1%85%B0%E1%84%8B%E1%85%B5%E1%84%89%E1%85%B3%E1%84%90%E1%85%B3-%E1%84%8E%E1%85%A5%E1%86%BC%E1%84%87%E1%85%A1%E1%84%8C%E1%85%B5-p04083027.html,https://static.zara.net/assets/public/d527/d6d0/3da7495fb51d/aad0eaf00e7a/04083026407-p/04083026407-p.jpg?ts=1770917312840,"₩55,900",,,260622,블루,,,,
,false,,ZARA,아우터,블레이저,여성,프릴 페플럼 반소매 재킷,https://www.zara.com/kr/ko/%E1%84%91%E1%85%B3%E1%84%85%E1%85%B5%E1%86%AF-%E1%84%91%E1%85%A6%E1%84%91%E1%85%B3%E1%86%AF%E1%84%85%E1%85%A5%E1%86%B7-%E1%84%87%E1%85%A1%E1%86%AB%E1%84%89%E1%85%A9%E1%84%86%E1%85%A2-%E1%84%8C%E1%85%A2%E1%84%8F%E1%85%B5%E1%86%BA-p02799164.html,https://static.zara.net/assets/public/c705/cb8a/57434c5a8563/2b46cc9a2a08/02799164712-p/02799164712-p.jpg?ts=1778228849658,"₩99,900",,,260622,크림,,,,
,false,,ZARA,바지,슬랙스,여성,러플 미니 플레어 팬츠,https://www.zara.com/kr/ko/%E1%84%85%E1%85%A5%E1%84%91%E1%85%B3%E1%86%AF-%E1%84%86%E1%85%B5%E1%84%82%E1%85%B5-%E1%84%91%E1%85%B3%E1%86%AF%E1%84%85%E1%85%A6%E1%84%8B%E1%85%A5-%E1%84%91%E1%85%A2%E1%86%AB%E1%84%8E%E1%85%B3-p02800164.html,https://static.zara.net/assets/public/37a1/2c85/ffca400bbdb1/093673b22cc0/02800164712-f1/02800164712-f1.jpg?ts=1777991202290,"₩59,900",,,260622,크림,,,,
,false,,ZARA,기타,WAISTCOAT,여성,벌룬 지퍼 베스트,https://www.zara.com/kr/ko/%E1%84%87%E1%85%A5%E1%86%AF%E1%84%85%E1%85%AE%E1%86%AB-%E1%84%8C%E1%85%B5%E1%84%91%E1%85%A5-%E1%84%87%E1%85%A6%E1%84%89%E1%85%B3%E1%84%90%E1%85%B3-p08372093.html,https://static.zara.net/assets/public/3ac9/27df/6be8423eb3f2/281916f4fad8/08372093505-p/08372093505-p.jpg?ts=1773161236572,"₩57,900",,,260622,카키,,,,
,false,,ZARA,바지,슬랙스,여성,배럴 카고 포켓 팬츠,https://www.zara.com/kr/ko/%E1%84%87%E1%85%A2%E1%84%85%E1%85%A5%E1%86%AF-%E1%84%8F%E1%85%A1%E1%84%80%E1%85%A9-%E1%84%91%E1%85%A9%E1%84%8F%E1%85%A6%E1%86%BA-%E1%84%91%E1%85%A2%E1%86%AB%E1%84%8E%E1%85%B3-p08372094.html,https://static.zara.net/assets/public/a644/2036/73cb446a8b5a/862329052ec8/08372094505-p/08372094505-p.jpg?ts=1773161236306,"₩79,900",,,260622,카키,,,,
,false,,ZARA,상의,탑,여성,언밸런스 러스틱 탑,https://www.zara.com/kr/ko/%E1%84%85%E1%85%A5%E1%84%89%E1%85%B3%E1%84%90%E1%85%B5%E1%86%A8-%E1%84%8B%E1%85%A5%E1%86%AB%E1%84%87%E1%85%A2%E1%86%AF%E1%84%85%E1%85%A5%E1%86%AB%E1%84%89%E1%85%B3-%E1%84%90%E1%85%A1%E1%86%B8-p02298006.html,https://static.zara.net/assets/public/115c/47a5/843449b8ae80/bf404546da71/02298006700-f1/02298006700-f1.jpg?ts=1773849205339,"₩35,900",,,260622,브라운,,,,
,false,,ZARA,바지,슬랙스,여성,러스틱 스트레이트 팬츠,https://www.zara.com/kr/ko/%E1%84%89%E1%85%B3%E1%84%90%E1%85%B3%E1%84%85%E1%85%A6%E1%84%8B%E1%85%B5%E1%84%90%E1%85%B3-%E1%84%85%E1%85%A5%E1%84%89%E1%85%B3%E1%84%90%E1%85%B5%E1%86%A8-%E1%84%91%E1%85%A2%E1%86%AB%E1%84%8E%E1%85%B3-p02298007.html,https://static.zara.net/assets/public/fdbf/826b/6bc747fa91e4/fd9db34ac1ca/02298007700-f1/02298007700-f1.jpg?ts=1774008478550,"₩45,900",,,260622,브라운,,,,
,false,,ZARA,상의,탑,여성,드레이프 코튼 탑,https://www.zara.com/kr/ko/%E1%84%83%E1%85%B3%E1%84%85%E1%85%A6%E1%84%8B%E1%85%B5%E1%84%91%E1%85%B3-%E1%84%8F%E1%85%A9%E1%84%90%E1%85%B3%E1%86%AB-%E1%84%90%E1%85%A1%E1%86%B8-p01165017.html,https://static.zara.net/assets/public/1d90/5eae/0aec4aa59955/c44d7ad960f9/01165017819-f1/01165017819-f1.jpg?ts=1770907099258,"₩35,900",,,260622,블루 그레이,,,,
,false,,ZARA,바지,슬랙스,여성,헤비 코튼 파진 팬츠,https://www.zara.com/kr/ko/%E1%84%92%E1%85%A6%E1%84%87%E1%85%B5-%E1%84%8F%E1%85%A9%E1%84%90%E1%85%B3%E1%86%AB-%E1%84%91%E1%85%A1%E1%84%8C%E1%85%B5%E1%86%AB-%E1%84%91%E1%85%A2%E1%86%AB%E1%84%8E%E1%85%B3-p01165018.html,https://static.zara.net/assets/public/b083/9db8/1acf44658694/06a2b47dfeb2/01165018819-f1/01165018819-f1.jpg?ts=1772466245135,"₩49,900",,,260622,블루 그레이,,,,
,false,,ZARA,상의,니트,여성,셔링 니트 스웨터,https://www.zara.com/kr/ko/%E1%84%89%E1%85%A7%E1%84%85%E1%85%B5%E1%86%BC-%E1%84%82%E1%85%B5%E1%84%90%E1%85%B3-%E1%84%89%E1%85%B3%E1%84%8B%E1%85%B0%E1%84%90%E1%85%A5-p06236023.html,https://static.zara.net/assets/public/00e8/bffd/9eb641cd8e72/14f36d3c4353/06236023717-f1/06236023717-f1.jpg?ts=1772624747610,"₩59,900",,,260622,초콜렛,,,,
,false,,ZARA,치마,스커트,여성,플루이드 니트 스트레이트 스커트,https://www.zara.com/kr/ko/%E1%84%91%E1%85%B3%E1%86%AF%E1%84%85%E1%85%AE%E1%84%8B%E1%85%B5%E1%84%83%E1%85%B3-%E1%84%82%E1%85%B5%E1%84%90%E1%85%B3-%E1%84%89%E1%85%B3%E1%84%90%E1%85%B3%E1%84%85%E1%85%A6%E1%84%8B%E1%85%B5%E1%84%90%E1%85%B3-%E1%84%89%E1%85%B3%E1%84%8F%E1%85%A5%E1%84%90%E1%85%B3-p06236024.html,https://static.zara.net/assets/public/3da5/8dc3/3e7943dda36e/9ecb6072734a/06236024717-f1/06236024717-f1.jpg?ts=1772534267780,"₩55,900",,,260622,초콜렛,,,,
,false,,ZARA,상의,탑,여성,크롭 롱 슬리브 탑,https://www.zara.com/kr/ko/%E1%84%8F%E1%85%B3%E1%84%85%E1%85%A9%E1%86%B8-%E1%84%85%E1%85%A9%E1%86%BC-%E1%84%89%E1%85%B3%E1%86%AF%E1%84%85%E1%85%B5%E1%84%87%E1%85%B3-%E1%84%90%E1%85%A1%E1%86%B8-p03644167.html,https://static.zara.net/assets/public/923d/2786/dce843bb8250/be83ebf3968d/03644167450-p/03644167450-p.jpg?ts=1768921656650,"₩49,900",,,260622,베이지,,,,
,false,,ZARA,바지,슬랙스,여성,벨티드 팔라초 팬츠,https://www.zara.com/kr/ko/%E1%84%87%E1%85%A6%E1%86%AF%E1%84%90%E1%85%B5%E1%84%83%E1%85%B3-%E1%84%91%E1%85%A1%E1%86%AF%E1%84%85%E1%85%A1%E1%84%8E%E1%85%A9-%E1%84%91%E1%85%A2%E1%86%AB%E1%84%8E%E1%85%B3-p03644168.html,https://static.zara.net/assets/public/85a8/4e0b/273f451c8dc6/80f98f0c9e8c/03644168450-p/03644168450-p.jpg?ts=1768921663989,"₩55,900",,,260622,베이지,,,,
,false,,ZARA,상의,탑,여성,스트레치 스트럭처 탑,https://www.zara.com/kr/ko/%E1%84%89%E1%85%B3%E1%84%90%E1%85%B3%E1%84%85%E1%85%A6%E1%84%8E%E1%85%B5-%E1%84%89%E1%85%B3%E1%84%90%E1%85%B3%E1%84%85%E1%85%A5%E1%86%A8%E1%84%8E%E1%85%A5-%E1%84%90%E1%85%A1%E1%86%B8-p05063371.html,https://static.zara.net/assets/public/4167/36e9/16844b46a43e/deafbddcc45b/05063371611-f1/05063371611-f1.jpg?ts=1777387841321,"₩49,900",,,260622,보라,,,,
,false,,ZARA,바지,슬랙스,여성,스트레치 스트럭처 팬츠,https://www.zara.com/kr/ko/%E1%84%89%E1%85%B3%E1%84%90%E1%85%B3%E1%84%85%E1%85%A6%E1%84%8E%E1%85%B5-%E1%84%89%E1%85%B3%E1%84%90%E1%85%B3%E1%84%85%E1%85%A5%E1%86%A8%E1%84%8E%E1%85%A5-%E1%84%91%E1%85%A2%E1%86%AB%E1%84%8E%E1%85%B3-p05063372.html,https://static.zara.net/assets/public/306a/bef6/b5e9416291e0/e2dbebb17329/05063372611-p/05063372611-p.jpg?ts=1777390880236,"₩55,900",,,260622,보라,,,,
,false,,ZARA,기타,SWEATSHIRT,여성,플러시 지퍼 재킷,https://www.zara.com/kr/ko/%E1%84%91%E1%85%B3%E1%86%AF%E1%84%85%E1%85%A5%E1%84%89%E1%85%B5-%E1%84%8C%E1%85%B5%E1%84%91%E1%85%A5-%E1%84%8C%E1%85%A2%E1%84%8F%E1%85%B5%E1%86%BA-p04174816.html,https://static.zara.net/assets/public/743a/3a01/c2a44e87b0e4/dc9b6cf4c56a/04174816800-p/04174816800-p.jpg?ts=1781785599504,"₩49,900",,,260622,블랙,,,,
,false,,ZARA,바지,슬랙스,여성,플러시 플레어 팬츠,https://www.zara.com/kr/ko/%E1%84%91%E1%85%B3%E1%86%AF%E1%84%85%E1%85%A5%E1%84%89%E1%85%B5-%E1%84%91%E1%85%B3%E1%86%AF%E1%84%85%E1%85%A6%E1%84%8B%E1%85%A5-%E1%84%91%E1%85%A2%E1%86%AB%E1%84%8E%E1%85%B3-p04174817.html,https://static.zara.net/assets/public/dde8/d2db/3e644ea8bb22/dc10cf0aa079/04174817800-p/04174817800-p.jpg?ts=1781785600096,"₩45,900",,,260622,블랙,,,,
,false,,ZARA,아우터,블레이저,여성,핀 스트라이프 블레이저,https://www.zara.com/kr/ko/%E1%84%91%E1%85%B5%E1%86%AB-%E1%84%89%E1%85%B3%E1%84%90%E1%85%B3%E1%84%85%E1%85%A1%E1%84%8B%E1%85%B5%E1%84%91%E1%85%B3-%E1%84%87%E1%85%B3%E1%86%AF%E1%84%85%E1%85%A6%E1%84%8B%E1%85%B5%E1%84%8C%E1%85%A5-p02395582.html,https://static.zara.net/assets/public/245e/cc8b/b5b145088702/591a19350aee/02395582401-f1/02395582401-f1.jpg?ts=1771256582910,"₩99,900",,,260622,네이비,,,,
,false,,ZARA,바지,슬랙스,여성,핀스트라이프 팬츠,https://www.zara.com/kr/ko/%E1%84%91%E1%85%B5%E1%86%AB%E1%84%89%E1%85%B3%E1%84%90%E1%85%B3%E1%84%85%E1%85%A1%E1%84%8B%E1%85%B5%E1%84%91%E1%85%B3-%E1%84%91%E1%85%A2%E1%86%AB%E1%84%8E%E1%85%B3-p02397582.html,https://static.zara.net/assets/public/1cf5/1457/7dd64d05957b/6f0c093acdc9/02397582401-p/02397582401-p.jpg?ts=1771409126938,"₩59,900",,,260622,네이비,,,,
,false,,ZARA,기타,WIND-JACKET,여성,볼륨 봄버 재킷,https://www.zara.com/kr/ko/%E1%84%87%E1%85%A9%E1%86%AF%E1%84%85%E1%85%B2%E1%86%B7-%E1%84%87%E1%85%A9%E1%86%B7%E1%84%87%E1%85%A5-%E1%84%8C%E1%85%A2%E1%84%8F%E1%85%B5%E1%86%BA-p08372369.html,https://static.zara.net/assets/public/2df7/d6e8/df074f64a6aa/ac069380120f/08372369681-f1/08372369681-f1.jpg?ts=1769018801008,"₩55,900",,,260622,버건디,,,,
,false,,ZARA,바지,슬랙스,여성,엘라스틱 웨이스트 와이드 팬츠,https://www.zara.com/kr/ko/%E1%84%8B%E1%85%A6%E1%86%AF%E1%84%85%E1%85%A1%E1%84%89%E1%85%B3%E1%84%90%E1%85%B5%E1%86%A8-%E1%84%8B%E1%85%B0%E1%84%8B%E1%85%B5%E1%84%89%E1%85%B3%E1%84%90%E1%85%B3-%E1%84%8B%E1%85%AA%E1%84%8B%E1%85%B5%E1%84%83%E1%85%B3-%E1%84%91%E1%85%A2%E1%86%AB%E1%84%8E%E1%85%B3-p08372364.html,https://static.zara.net/assets/public/d320/824f/24144edb8c1c/bf422cbbf2a7/08372364681-f1/08372364681-f1.jpg?ts=1769018857643,"₩49,900",,,260622,버건디,,,,
,false,,ZARA,상의,셔츠/블라우스,여성,도트 리본 탑,https://www.zara.com/kr/ko/%E1%84%83%E1%85%A9%E1%84%90%E1%85%B3-%E1%84%85%E1%85%B5%E1%84%87%E1%85%A9%E1%86%AB-%E1%84%90%E1%85%A1%E1%86%B8-p03053483.html,https://static.zara.net/assets/public/87ab/2aa8/c667464788c1/152f6fd1072b/03053483030-f1/03053483030-f1.jpg?ts=1778049303553,"₩49,900",,,260622,"블루,블랙",,,,
,false,,ZARA,치마,스커트,여성,도트 미디 스커트,https://www.zara.com/kr/ko/%E1%84%83%E1%85%A9%E1%84%90%E1%85%B3-%E1%84%86%E1%85%B5%E1%84%83%E1%85%B5-%E1%84%89%E1%85%B3%E1%84%8F%E1%85%A5%E1%84%90%E1%85%B3-p03666119.html,https://static.zara.net/assets/public/5252/1805/ef624106b5f5/2551e61f51b9/03666119021-f1/03666119021-f1.jpg?ts=1778230855573,"₩79,900",,,260622,프린트,,,,
,false,,ZARA,상의,셔츠/블라우스,여성,Z1975 와이드 슬리브 데님 셔츠,https://www.zara.com/kr/ko/z1975-%E1%84%8B%E1%85%AA%E1%84%8B%E1%85%B5%E1%84%83%E1%85%B3-%E1%84%89%E1%85%B3%E1%86%AF%E1%84%85%E1%85%B5%E1%84%87%E1%85%B3-%E1%84%83%E1%85%A6%E1%84%82%E1%85%B5%E1%86%B7-%E1%84%89%E1%85%A7%E1%84%8E%E1%85%B3-p01416223.html,https://static.zara.net/assets/public/c713/b93d/42d1492aa06c/94c32eff614a/01416223427-p/01416223427-p.jpg?ts=1781704955688,"₩55,900",,,260622,미디움 블루,,,,
,false,,ZARA,바지,슬랙스,여성,JEANS Z1975 WIDE LEG 하이웨이스트 플랫 프론트,https://www.zara.com/kr/ko/jeans-z1975-wide-leg-%E1%84%92%E1%85%A1%E1%84%8B%E1%85%B5%E1%84%8B%E1%85%B0%E1%84%8B%E1%85%B5%E1%84%89%E1%85%B3%E1%84%90%E1%85%B3-%E1%84%91%E1%85%B3%E1%86%AF%E1%84%85%E1%85%A2%E1%86%BA-%E1%84%91%E1%85%B3%E1%84%85%E1%85%A9%E1%86%AB%E1%84%90%E1%85%B3-p01416224.html,https://static.zara.net/assets/public/481b/4174/e9aa4fef8eeb/e4e5ff782b97/01416224427-f1/01416224427-f1.jpg?ts=1780386429080,"₩59,900",,,260622,미디움 블루,,,,
,false,,ZARA,기타,WAISTCOAT,여성,버튼 하트 네크라인 탑,https://www.zara.com/kr/ko/%E1%84%87%E1%85%A5%E1%84%90%E1%85%B3%E1%86%AB-%E1%84%92%E1%85%A1%E1%84%90%E1%85%B3-%E1%84%82%E1%85%A6%E1%84%8F%E1%85%B3%E1%84%85%E1%85%A1%E1%84%8B%E1%85%B5%E1%86%AB-%E1%84%90%E1%85%A1%E1%86%B8-p03253800.html,https://static.zara.net/assets/public/9197/bdb3/77714ac79605/b2edb47b1b7d/03253800800-p/03253800800-p.jpg?ts=1754317597710,"₩35,900",,,260622,블랙,,,,
,false,,ZARA,바지,슬랙스,여성,인터록 플레어 팬츠,https://www.zara.com/kr/ko/%E1%84%8B%E1%85%B5%E1%86%AB%E1%84%90%E1%85%A5%E1%84%85%E1%85%A9%E1%86%A8-%E1%84%91%E1%85%B3%E1%86%AF%E1%84%85%E1%85%A6%E1%84%8B%E1%85%A5-%E1%84%91%E1%85%A2%E1%86%AB%E1%84%8E%E1%85%B3-p03253801.html,https://static.zara.net/assets/public/b668/d336/5e314fd6ac58/9c926e8b9910/03253801800-p/03253801800-p.jpg?ts=1754317612862,"₩45,900",,,260622,블랙,,,,
,false,,ZARA,기타,SWEATSHIRT,여성,베이직 후드 스웨트셔츠,https://www.zara.com/kr/ko/%E1%84%87%E1%85%A6%E1%84%8B%E1%85%B5%E1%84%8C%E1%85%B5%E1%86%A8-%E1%84%92%E1%85%AE%E1%84%83%E1%85%B3-%E1%84%89%E1%85%B3%E1%84%8B%E1%85%B0%E1%84%90%E1%85%B3%E1%84%89%E1%85%A7%E1%84%8E%E1%85%B3-p03199630.html,https://static.zara.net/assets/public/1c04/69b9/6f7f4b96b780/18cf7a3095bc/03199630706-f1/03199630706-f1.jpg?ts=1769209007282,"₩45,900",,,260622,밍크,,,,
,false,,ZARA,바지,슬랙스,여성,플러시 와이드 레그 팬츠,https://www.zara.com/kr/ko/%E1%84%91%E1%85%B3%E1%86%AF%E1%84%85%E1%85%A5%E1%84%89%E1%85%B5-%E1%84%8B%E1%85%AA%E1%84%8B%E1%85%B5%E1%84%83%E1%85%B3-%E1%84%85%E1%85%A6%E1%84%80%E1%85%B3-%E1%84%91%E1%85%A2%E1%86%AB%E1%84%8E%E1%85%B3-p03199631.html,https://static.zara.net/assets/public/cfb7/9ad9/516a438bbd22/f518bef23a04/03199631706-f1/03199631706-f1.jpg?ts=1769209205133,"₩45,900",,,260622,밍크,,,,
,false,,ZARA,기타,WAISTCOAT,여성,플랫 프론트 베스트 세트,https://www.zara.com/kr/ko/%E1%84%91%E1%85%B3%E1%86%AF%E1%84%85%E1%85%A2%E1%86%BA-%E1%84%91%E1%85%B3%E1%84%85%E1%85%A9%E1%86%AB%E1%84%90%E1%85%B3-%E1%84%87%E1%85%A6%E1%84%89%E1%85%B3%E1%84%90%E1%85%B3-%E1%84%89%E1%85%A6%E1%84%90%E1%85%B3-p02298164.html,https://static.zara.net/assets/public/b773/605d/c28649aa946b/1a1f0f32e72b/16105710721-p/16105710721-p.jpg?ts=1773834981890,"₩59,900",,,260622,인디고,,,,
,false,,ZARA,바지,슬랙스,여성,하이웨이스트 큐롯 팬츠 세트,https://www.zara.com/kr/ko/%E1%84%92%E1%85%A1%E1%84%8B%E1%85%B5%E1%84%8B%E1%85%B0%E1%84%8B%E1%85%B5%E1%84%89%E1%85%B3%E1%84%90%E1%85%B3-%E1%84%8F%E1%85%B2%E1%84%85%E1%85%A9%E1%86%BA-%E1%84%91%E1%85%A2%E1%86%AB%E1%84%8E%E1%85%B3-%E1%84%89%E1%85%A6%E1%84%90%E1%85%B3-p02298163.html,https://static.zara.net/assets/public/99fa/d2fd/b49548f2b118/72d7c456c82a/02298163405-f1/02298163405-f1.jpg?ts=1771261546579,"₩59,900",,,260622,인디고,,,,
,false,,ZARA,기타,WAISTCOAT,여성,숄더 스트랩 페이크 레더 베스트,https://www.zara.com/kr/ko/%E1%84%91%E1%85%A6%E1%84%8B%E1%85%B5%E1%84%8F%E1%85%B3-%E1%84%85%E1%85%A6%E1%84%83%E1%85%A5-%E1%84%89%E1%85%AD%E1%86%AF%E1%84%83%E1%85%A5-%E1%84%89%E1%85%B3%E1%84%90%E1%85%B3%E1%84%85%E1%85%A2%E1%86%B8-%E1%84%87%E1%85%A6%E1%84%89%E1%85%B3%E1%84%90%E1%85%B3-p01255817.html,https://static.zara.net/assets/public/e124/8d78/0917492992ef/ce4b13c086cf/01255817407-p/01255817407-p.jpg?ts=1767888720521,"₩79,900",,,260622,블루,,,,
,false,,ZARA,치마,스커트,여성,스터드 페이크 레더 미니 스커트,https://www.zara.com/kr/ko/%E1%84%91%E1%85%A6%E1%84%8B%E1%85%B5%E1%84%8F%E1%85%B3-%E1%84%85%E1%85%A6%E1%84%83%E1%85%A5-%E1%84%89%E1%85%B3%E1%84%90%E1%85%A5%E1%84%83%E1%85%B3-%E1%84%86%E1%85%B5%E1%84%82%E1%85%B5-%E1%84%89%E1%85%B3%E1%84%8F%E1%85%A5%E1%84%90%E1%85%B3-p05427401.html,https://static.zara.net/assets/public/1d0d/3c9c/96fe44f4b3de/b6e0271734b6/05427401407-p/05427401407-p.jpg?ts=1767888742901,"₩55,900",,,260622,블루,,,,
,false,,ZARA,기타,SWEATSHIRT,여성,워싱 페이크 인터록 스웨트셔츠,https://www.zara.com/kr/ko/%E1%84%8B%E1%85%AF%E1%84%89%E1%85%B5%E1%86%BC-%E1%84%91%E1%85%A6%E1%84%8B%E1%85%B5%E1%84%8F%E1%85%B3-%E1%84%8B%E1%85%B5%E1%86%AB%E1%84%90%E1%85%A5%E1%84%85%E1%85%A9%E1%86%A8-%E1%84%89%E1%85%B3%E1%84%8B%E1%85%B0%E1%84%90%E1%85%B3%E1%84%89%E1%85%A7%E1%84%8E%E1%85%B3-p04424152.html,https://static.zara.net/assets/public/552a/afb6/afb54cd98129/946d2b6acbb3/04424152706-p/04424152706-p.jpg?ts=1769617499034,"₩49,900",,,260622,밍크,,,,
,false,,ZARA,바지,슬랙스,여성,워시드 페이크 인터록 팬츠,https://www.zara.com/kr/ko/%E1%84%8B%E1%85%AF%E1%84%89%E1%85%B5%E1%84%83%E1%85%B3-%E1%84%91%E1%85%A6%E1%84%8B%E1%85%B5%E1%84%8F%E1%85%B3-%E1%84%8B%E1%85%B5%E1%86%AB%E1%84%90%E1%85%A5%E1%84%85%E1%85%A9%E1%86%A8-%E1%84%91%E1%85%A2%E1%86%AB%E1%84%8E%E1%85%B3-p04424153.html,https://static.zara.net/assets/public/ca4c/aaf0/66724b33b466/d7f2e19007d9/04424153706-p/04424153706-p.jpg?ts=1769617507438,"₩49,900",,,260622,밍크,,,,
,false,,ZARA,상의,탑,여성,셔링 니트 탑,https://www.zara.com/kr/ko/%E1%84%89%E1%85%A7%E1%84%85%E1%85%B5%E1%86%BC-%E1%84%82%E1%85%B5%E1%84%90%E1%85%B3-%E1%84%90%E1%85%A1%E1%86%B8-p02142108.html,https://static.zara.net/assets/public/c65d/b905/e00c482280ed/a0b1dd09d01f/02142108250-p/02142108250-p.jpg?ts=1772038856051,"₩55,900",,,260622,화이트,,,,
,false,,ZARA,치마,스커트,여성,니트 미니 스커트,https://www.zara.com/kr/ko/%E1%84%82%E1%85%B5%E1%84%90%E1%85%B3-%E1%84%86%E1%85%B5%E1%84%82%E1%85%B5-%E1%84%89%E1%85%B3%E1%84%8F%E1%85%A5%E1%84%90%E1%85%B3-p02142111.html,https://static.zara.net/assets/public/c240/0423/b8444cdd95ff/8d92c86ad815/02142111250-p/02142111250-p.jpg?ts=1772038863569,"₩49,900",,,260622,화이트,,,,
,false,,ZARA,상의,티셔츠,여성,코튼-린넨 케이프 티셔츠,https://www.zara.com/kr/ko/%E1%84%8F%E1%85%A9%E1%84%90%E1%85%B3%E1%86%AB-%E1%84%85%E1%85%B5%E1%86%AB%E1%84%82%E1%85%A6%E1%86%AB-%E1%84%8F%E1%85%A6%E1%84%8B%E1%85%B5%E1%84%91%E1%85%B3-%E1%84%90%E1%85%B5%E1%84%89%E1%85%A7%E1%84%8E%E1%85%B3-p04174223.html,https://static.zara.net/assets/public/bd2c/d4a0/622f46c5941b/077b5a969b02/04174223700-p/04174223700-p.jpg?ts=1776860087073,"₩39,900",,,260622,브라운,,,,
,false,,ZARA,바지,슬랙스,여성,워시드 카고 팬츠,https://www.zara.com/kr/ko/%E1%84%8B%E1%85%AF%E1%84%89%E1%85%B5%E1%84%83%E1%85%B3-%E1%84%8F%E1%85%A1%E1%84%80%E1%85%A9-%E1%84%91%E1%85%A2%E1%86%AB%E1%84%8E%E1%85%B3-p04174224.html,https://static.zara.net/assets/public/2532/5d8b/077c4be3b24a/78ddca3408ed/04174224700-p/04174224700-p.jpg?ts=1776860113701,"₩57,900",,,260622,브라운,,,,
,false,,ZARA,기타,SWEATSHIRT,여성,워싱 페이크 인터록 스웨트셔츠,https://www.zara.com/kr/ko/%E1%84%8B%E1%85%AF%E1%84%89%E1%85%B5%E1%86%BC-%E1%84%91%E1%85%A6%E1%84%8B%E1%85%B5%E1%84%8F%E1%85%B3-%E1%84%8B%E1%85%B5%E1%86%AB%E1%84%90%E1%85%A5%E1%84%85%E1%85%A9%E1%86%A8-%E1%84%89%E1%85%B3%E1%84%8B%E1%85%B0%E1%84%90%E1%85%B3%E1%84%89%E1%85%A7%E1%84%8E%E1%85%B3-p04424152.html,https://static.zara.net/assets/public/6b75/03c1/a9254b4788af/0e51440d7ca1/04424152712-p/04424152712-p.jpg?ts=1769617507243,"₩49,900",,,260622,크림,,,,
,false,,ZARA,바지,슬랙스,여성,워시드 페이크 인터록 팬츠,https://www.zara.com/kr/ko/%E1%84%8B%E1%85%AF%E1%84%89%E1%85%B5%E1%84%83%E1%85%B3-%E1%84%91%E1%85%A6%E1%84%8B%E1%85%B5%E1%84%8F%E1%85%B3-%E1%84%8B%E1%85%B5%E1%86%AB%E1%84%90%E1%85%A5%E1%84%85%E1%85%A9%E1%86%A8-%E1%84%91%E1%85%A2%E1%86%AB%E1%84%8E%E1%85%B3-p04424153.html,https://static.zara.net/assets/public/6142/cc34/a8bf4c798bf6/6a7dddcf7361/04424153712-p/04424153712-p.jpg?ts=1769617514364,"₩49,900",,,260622,크림,,,,
,false,,ZARA,상의,셔츠/블라우스,여성,린넨 숄더 패드 벌룬 탑,https://www.zara.com/kr/ko/%E1%84%85%E1%85%B5%E1%86%AB%E1%84%82%E1%85%A6%E1%86%AB-%E1%84%89%E1%85%AD%E1%86%AF%E1%84%83%E1%85%A5-%E1%84%91%E1%85%A2%E1%84%83%E1%85%B3-%E1%84%87%E1%85%A5%E1%86%AF%E1%84%85%E1%85%AE%E1%86%AB-%E1%84%90%E1%85%A1%E1%86%B8-p07737784.html,https://static.zara.net/assets/public/5169/5baa/682b452d9b70/d65cad4a5a9b/07737784406-p/07737784406-p.jpg?ts=1778849416238,"₩49,900",,,260622,라이트 블루,,,,
,false,,ZARA,바지,슬랙스,여성,린넨 와이드 팬츠,https://www.zara.com/kr/ko/%E1%84%85%E1%85%B5%E1%86%AB%E1%84%82%E1%85%A6%E1%86%AB-%E1%84%8B%E1%85%AA%E1%84%8B%E1%85%B5%E1%84%83%E1%85%B3-%E1%84%91%E1%85%A2%E1%86%AB%E1%84%8E%E1%85%B3-p07751784.html,https://static.zara.net/assets/public/dd37/d3ee/74614957b8b1/572741a52325/07751784406-p/07751784406-p.jpg?ts=1778849420220,"₩59,900",,,260622,라이트 블루,,,,
,false,,ZARA,상의,티셔츠,여성,폴로 인터록 스웨트셔츠,https://www.zara.com/kr/ko/%E1%84%91%E1%85%A9%E1%86%AF%E1%84%85%E1%85%A9-%E1%84%8B%E1%85%B5%E1%86%AB%E1%84%90%E1%85%A5%E1%84%85%E1%85%A9%E1%86%A8-%E1%84%89%E1%85%B3%E1%84%8B%E1%85%B0%E1%84%90%E1%85%B3%E1%84%89%E1%85%A7%E1%84%8E%E1%85%B3-p03641390.html,https://static.zara.net/assets/public/8747/a3ce/ad6249a5b6cf/c100d5ab6afd/03641390835-p/03641390835-p.jpg?ts=1770738599056,"₩49,900",,,260622,다크 납색,,,,
,false,,ZARA,바지,슬랙스,여성,벌룬 인터록 팬츠,https://www.zara.com/kr/ko/%E1%84%87%E1%85%A5%E1%86%AF%E1%84%85%E1%85%AE%E1%86%AB-%E1%84%8B%E1%85%B5%E1%86%AB%E1%84%90%E1%85%A5%E1%84%85%E1%85%A9%E1%86%A8-%E1%84%91%E1%85%A2%E1%86%AB%E1%84%8E%E1%85%B3-p03641391.html,https://static.zara.net/assets/public/25c4/3b73/fab647248fce/7f9f0d91c835/03641391835-p/03641391835-p.jpg?ts=1770738598286,"₩45,900",,,260622,다크 납색,,,,
,false,,ZARA,상의,셔츠/블라우스,여성,TRF 오프숄더 데님 탑,https://www.zara.com/kr/ko/trf-%E1%84%8B%E1%85%A9%E1%84%91%E1%85%B3%E1%84%89%E1%85%AD%E1%86%AF%E1%84%83%E1%85%A5-%E1%84%83%E1%85%A6%E1%84%82%E1%85%B5%E1%86%B7-%E1%84%90%E1%85%A1%E1%86%B8-p01300260.html,https://static.zara.net/assets/public/e92e/96db/0c06471ea139/37c9c772d3c5/01300260443-f1/01300260443-f1.jpg?ts=1772723110169,"₩49,900",,,260622,다크 인디고,,,,
,false,,ZARA,바지,슬랙스,여성,TRF 하이웨이스트 배럴 청바지,https://www.zara.com/kr/ko/trf-%E1%84%92%E1%85%A1%E1%84%8B%E1%85%B5%E1%84%8B%E1%85%B0%E1%84%8B%E1%85%B5%E1%84%89%E1%85%B3%E1%84%90%E1%85%B3-%E1%84%87%E1%85%A2%E1%84%85%E1%85%A5%E1%86%AF-%E1%84%8E%E1%85%A5%E1%86%BC%E1%84%87%E1%85%A1%E1%84%8C%E1%85%B5-p06855211.html,https://static.zara.net/assets/public/e5d5/7a26/a31e4d7a934b/2bcb42019d3c/06855211443-f1/06855211443-f1.jpg?ts=1772726396610,"₩79,900",,,260622,다크 인디고,,,,
,false,,ZARA,상의,탑,여성,러스틱 오프 숄더 탑,https://www.zara.com/kr/ko/%E1%84%85%E1%85%A5%E1%84%89%E1%85%B3%E1%84%90%E1%85%B5%E1%86%A8-%E1%84%8B%E1%85%A9%E1%84%91%E1%85%B3%E1%84%89%E1%85%AD%E1%86%AF%E1%84%83%E1%85%A5-%E1%84%90%E1%85%A1%E1%86%B8-p02298004.html,https://static.zara.net/assets/public/635e/cdb7/6b904991b11c/c222c57be6b9/02298004703-p/02298004703-p.jpg?ts=1772795578961,"₩35,900",,,260622,황토색,,,,
,false,,ZARA,바지,슬랙스,여성,러스틱 스트레이트 팬츠,https://www.zara.com/kr/ko/%E1%84%85%E1%85%A5%E1%84%89%E1%85%B3%E1%84%90%E1%85%B5%E1%86%A8-%E1%84%89%E1%85%B3%E1%84%90%E1%85%B3%E1%84%85%E1%85%A6%E1%84%8B%E1%85%B5%E1%84%90%E1%85%B3-%E1%84%91%E1%85%A2%E1%86%AB%E1%84%8E%E1%85%B3-p02298005.html,https://static.zara.net/assets/public/f94d/28d5/edab4ddaac36/d86d41af2923/02298005703-p/02298005703-p.jpg?ts=1772795583603,"₩49,900",,,260622,황토색,,,,
,false,,ZARA,기타,WAISTCOAT,여성,플라워 홀터넥 탑,https://www.zara.com/kr/ko/%E1%84%91%E1%85%B3%E1%86%AF%E1%84%85%E1%85%A1%E1%84%8B%E1%85%AF-%E1%84%92%E1%85%A9%E1%86%AF%E1%84%90%E1%85%A5%E1%84%82%E1%85%A6%E1%86%A8-%E1%84%90%E1%85%A1%E1%86%B8-p02010728.html,https://static.zara.net/assets/public/3e33/c412/055940ac99ff/7e080cf1a39c/02010728330-f1/02010728330-f1.jpg?ts=1773738579347,"₩55,900",,,260622,멀티컬러,,,,
,false,,ZARA,바지,슬랙스,여성,플라워 카프리 팬츠,https://www.zara.com/kr/ko/%E1%84%91%E1%85%B3%E1%86%AF%E1%84%85%E1%85%A1%E1%84%8B%E1%85%AF-%E1%84%8F%E1%85%A1%E1%84%91%E1%85%B3%E1%84%85%E1%85%B5-%E1%84%91%E1%85%A2%E1%86%AB%E1%84%8E%E1%85%B3-p03152435.html,https://static.zara.net/assets/public/1f5e/16a3/bd7b43af9cd2/98911e43bbb4/03152435330-f1/03152435330-f1.jpg?ts=1773738594779,"₩55,900",,,260622,멀티컬러,,,,
,false,,ZARA,상의,셔츠/블라우스,여성,드레이프 타이트핏 셔츠,https://www.zara.com/kr/ko/%E1%84%83%E1%85%B3%E1%84%85%E1%85%A6%E1%84%8B%E1%85%B5%E1%84%91%E1%85%B3-%E1%84%90%E1%85%A1%E1%84%8B%E1%85%B5%E1%84%90%E1%85%B3%E1%84%91%E1%85%B5%E1%86%BA-%E1%84%89%E1%85%A7%E1%84%8E%E1%85%B3-p08502799.html,https://static.zara.net/assets/public/be60/b0d8/28df40589359/daf3722e079d/08502799400-p/08502799400-p.jpg?ts=1772202974196,"₩55,900",,,260622,블루,,,,
,false,,ZARA,바지,슬랙스,여성,크로스 웨이스트 와이드 팬츠,https://www.zara.com/kr/ko/%E1%84%8F%E1%85%B3%E1%84%85%E1%85%A9%E1%84%89%E1%85%B3-%E1%84%8B%E1%85%B0%E1%84%8B%E1%85%B5%E1%84%89%E1%85%B3%E1%84%90%E1%85%B3-%E1%84%8B%E1%85%AA%E1%84%8B%E1%85%B5%E1%84%83%E1%85%B3-%E1%84%91%E1%85%A2%E1%86%AB%E1%84%8E%E1%85%B3-p08515799.html,https://static.zara.net/assets/public/bc91/b240/544440db8489/72b1902a0b41/08515799400-p/08515799400-p.jpg?ts=1772202982124,"₩59,900",,,260622,블루,,,,
,false,,ZARA,기타,SWEATSHIRT,여성,심리스 크롭 스웨트셔츠,https://www.zara.com/kr/ko/%E1%84%89%E1%85%B5%E1%86%B7%E1%84%85%E1%85%B5%E1%84%89%E1%85%B3-%E1%84%8F%E1%85%B3%E1%84%85%E1%85%A9%E1%86%B8-%E1%84%89%E1%85%B3%E1%84%8B%E1%85%B0%E1%84%90%E1%85%B3%E1%84%89%E1%85%A7%E1%84%8E%E1%85%B3-p00347152.html,https://static.zara.net/assets/public/1c26/cc7b/fa6040acb452/8b7ea4919ea3/00347152803-p/00347152803-p.jpg?ts=1769170596965,"₩49,900",,,260622,그레이,,,,
,false,,ZARA,바지,레깅스,여성,심리스 플레어 팬츠,https://www.zara.com/kr/ko/%E1%84%89%E1%85%B5%E1%86%B7%E1%84%85%E1%85%B5%E1%84%89%E1%85%B3-%E1%84%91%E1%85%B3%E1%86%AF%E1%84%85%E1%85%A6%E1%84%8B%E1%85%A5-%E1%84%91%E1%85%A2%E1%86%AB%E1%84%8E%E1%85%B3-p00347153.html,https://static.zara.net/assets/public/841f/2eac/92f6480f9f30/33c713edfc38/00347153803-p/00347153803-p.jpg?ts=1769170605607,"₩49,900",,,260622,그레이,,,,
,false,,ZARA,상의,셔츠/블라우스,여성,스트라이프 패턴 민소매 셔츠,https://www.zara.com/kr/ko/%E1%84%89%E1%85%B3%E1%84%90%E1%85%B3%E1%84%85%E1%85%A1%E1%84%8B%E1%85%B5%E1%84%91%E1%85%B3-%E1%84%91%E1%85%A2%E1%84%90%E1%85%A5%E1%86%AB-%E1%84%86%E1%85%B5%E1%86%AB%E1%84%89%E1%85%A9%E1%84%86%E1%85%A2-%E1%84%89%E1%85%A7%E1%84%8E%E1%85%B3-p01165226.html,https://static.zara.net/assets/public/0bff/7bc3/cc374b88adef/1031104ace16/01165226104-f1/01165226104-f1.jpg?ts=1779116394780,"₩49,900",,,260622,스트라이프,,,,
,false,,ZARA,바지,버뮤다 팬츠,여성,레이스 스트라이프 쇼츠,https://www.zara.com/kr/ko/%E1%84%85%E1%85%A6%E1%84%8B%E1%85%B5%E1%84%89%E1%85%B3-%E1%84%89%E1%85%B3%E1%84%90%E1%85%B3%E1%84%85%E1%85%A1%E1%84%8B%E1%85%B5%E1%84%91%E1%85%B3-%E1%84%89%E1%85%AD%E1%84%8E%E1%85%B3-p01165126.html,https://static.zara.net/assets/public/cdc1/62fd/817b46e19145/444e7f17bf2e/01165126104-p/01165126104-p.jpg?ts=1779206429259,"₩55,900",,,260622,스트라이프,,,,
,false,,ZARA,아우터,블레이저,여성,SOSHIOTSUKI X ZARA 울 더블 브레스트 블레이저,https://www.zara.com/kr/ko/soshiotsuki-x-zara-%E1%84%8B%E1%85%AE%E1%86%AF-%E1%84%83%E1%85%A5%E1%84%87%E1%85%B3%E1%86%AF-%E1%84%87%E1%85%B3%E1%84%85%E1%85%A6%E1%84%89%E1%85%B3%E1%84%90%E1%85%B3-%E1%84%87%E1%85%B3%E1%86%AF%E1%84%85%E1%85%A6%E1%84%8B%E1%85%B5%E1%84%8C%E1%85%A5-p09743882.html,https://static.zara.net/assets/public/d93b/19ee/7d384b93b214/2873c0968369/09743882803-f1/09743882803-f1.jpg?ts=1769678111814,"₩239,900",,,260622,그레이,,,,
,false,,ZARA,치마,스커트,여성,울 펜슬 스커트 SOSHIOTSUKI X ZARA,https://www.zara.com/kr/ko/%E1%84%8B%E1%85%AE%E1%86%AF-%E1%84%91%E1%85%A6%E1%86%AB%E1%84%89%E1%85%B3%E1%86%AF-%E1%84%89%E1%85%B3%E1%84%8F%E1%85%A5%E1%84%90%E1%85%B3-soshiotsuki-x-zara-p09753882.html,https://static.zara.net/assets/public/9936/fc90/35ad4aea83e3/dd8eea39d8ce/09753882803-f1/09753882803-f1.jpg?ts=1769678111710,"₩109,900",,,260622,그레이,,,,
,false,,ZARA,기타,SWEATSHIRT,여성,플러시 지퍼 재킷,https://www.zara.com/kr/ko/%E1%84%91%E1%85%B3%E1%86%AF%E1%84%85%E1%85%A5%E1%84%89%E1%85%B5-%E1%84%8C%E1%85%B5%E1%84%91%E1%85%A5-%E1%84%8C%E1%85%A2%E1%84%8F%E1%85%B5%E1%86%BA-p04174816.html,https://static.zara.net/assets/public/a827/e416/075d4d7593e9/0e5712a5d36b/04174816803-f1/04174816803-f1.jpg?ts=1769210749894,"₩49,900",,,260622,그레이,,,,
,false,,ZARA,바지,슬랙스,여성,플러시 플레어 팬츠,https://www.zara.com/kr/ko/%E1%84%91%E1%85%B3%E1%86%AF%E1%84%85%E1%85%A5%E1%84%89%E1%85%B5-%E1%84%91%E1%85%B3%E1%86%AF%E1%84%85%E1%85%A6%E1%84%8B%E1%85%A5-%E1%84%91%E1%85%A2%E1%86%AB%E1%84%8E%E1%85%B3-p04174817.html,https://static.zara.net/assets/public/e313/7871/31ea4aa4b797/1aaf6e6d7b62/04174817803-f1/04174817803-f1.jpg?ts=1769210948310,"₩45,900",,,260622,그레이,,,,
,false,,ZARA,기타,SWEATSHIRT,여성,플러시 지퍼 재킷,https://www.zara.com/kr/ko/%E1%84%91%E1%85%B3%E1%86%AF%E1%84%85%E1%85%A5%E1%84%89%E1%85%B5-%E1%84%8C%E1%85%B5%E1%84%91%E1%85%A5-%E1%84%8C%E1%85%A2%E1%84%8F%E1%85%B5%E1%86%BA-p04174816.html,https://static.zara.net/assets/public/a827/e416/075d4d7593e9/0e5712a5d36b/04174816803-f1/04174816803-f1.jpg?ts=1769210749894,"₩49,900",,,260622,그레이,,,,
,false,,ZARA,바지,슬랙스,여성,플러시 플레어 팬츠,https://www.zara.com/kr/ko/%E1%84%91%E1%85%B3%E1%86%AF%E1%84%85%E1%85%A5%E1%84%89%E1%85%B5-%E1%84%91%E1%85%B3%E1%86%AF%E1%84%85%E1%85%A6%E1%84%8B%E1%85%A5-%E1%84%91%E1%85%A2%E1%86%AB%E1%84%8E%E1%85%B3-p04174817.html,https://static.zara.net/assets/public/e313/7871/31ea4aa4b797/1aaf6e6d7b62/04174817803-f1/04174817803-f1.jpg?ts=1769210948310,"₩45,900",,,260622,그레이,,,,
,false,,ZARA,상의,셔츠/블라우스,여성,자수 체크 셔츠,https://www.zara.com/kr/ko/%E1%84%8C%E1%85%A1%E1%84%89%E1%85%AE-%E1%84%8E%E1%85%A6%E1%84%8F%E1%85%B3-%E1%84%89%E1%85%A7%E1%84%8E%E1%85%B3-p02660987.html,https://static.zara.net/assets/public/fc5e/5cc7/803a4a82bea9/9e38a459509d/02660987043-f1/02660987043-f1.jpg?ts=1773138918223,"₩55,900",,,260622,"네이비,화이트",,,,
,false,,ZARA,바지,슬랙스,여성,자수 체크 큐롯 팬츠,https://www.zara.com/kr/ko/%E1%84%8C%E1%85%A1%E1%84%89%E1%85%AE-%E1%84%8E%E1%85%A6%E1%84%8F%E1%85%B3-%E1%84%8F%E1%85%B2%E1%84%85%E1%85%A9%E1%86%BA-%E1%84%91%E1%85%A2%E1%86%AB%E1%84%8E%E1%85%B3-p02674987.html,https://static.zara.net/assets/public/b32a/efde/93684a3da2da/e9e15a20cf96/02674987043-f1/02674987043-f1.jpg?ts=1773138900592,"₩59,900",,,260622,"네이비,화이트",,,,
,false,,ZARA,상의,티셔츠,여성,폴로 인터록 스웨트셔츠,https://www.zara.com/kr/ko/%E1%84%91%E1%85%A9%E1%86%AF%E1%84%85%E1%85%A9-%E1%84%8B%E1%85%B5%E1%86%AB%E1%84%90%E1%85%A5%E1%84%85%E1%85%A9%E1%86%A8-%E1%84%89%E1%85%B3%E1%84%8B%E1%85%B0%E1%84%90%E1%85%B3%E1%84%89%E1%85%A7%E1%84%8E%E1%85%B3-p03641390.html,https://static.zara.net/assets/public/a48c/359a/6b1646bd9486/669e13eece54/03641390725-f1/03641390725-f1.jpg?ts=1770653582311,"₩49,900",,,260622,버터,,,,
,false,,ZARA,바지,슬랙스,여성,벌룬 인터록 팬츠,https://www.zara.com/kr/ko/%E1%84%87%E1%85%A5%E1%86%AF%E1%84%85%E1%85%AE%E1%86%AB-%E1%84%8B%E1%85%B5%E1%86%AB%E1%84%90%E1%85%A5%E1%84%85%E1%85%A9%E1%86%A8-%E1%84%91%E1%85%A2%E1%86%AB%E1%84%8E%E1%85%B3-p03641391.html,https://static.zara.net/assets/public/d20b/8884/be29403fb09e/f56d7ec9f414/03641391725-f1/03641391725-f1.jpg?ts=1772460240075,"₩45,900",,,260622,버터,,,,
,false,,ZARA,상의,셔츠/블라우스,여성,스트라이프 버튼 크로스 탑,https://www.zara.com/kr/ko/%E1%84%89%E1%85%B3%E1%84%90%E1%85%B3%E1%84%85%E1%85%A1%E1%84%8B%E1%85%B5%E1%84%91%E1%85%B3-%E1%84%87%E1%85%A5%E1%84%90%E1%85%B3%E1%86%AB-%E1%84%8F%E1%85%B3%E1%84%85%E1%85%A9%E1%84%89%E1%85%B3-%E1%84%90%E1%85%A1%E1%86%B8-p06929065.html,https://static.zara.net/assets/public/f6cc/8e4f/84b649e69eba/a8125ae0c259/06929065406-000-f1/06929065406-000-f1.jpg?ts=1776265402393,"₩55,900",,,260622,라이트 블루,,,,
,false,,ZARA,바지,버뮤다 팬츠,여성,미니 스트라이프 쇼츠,https://www.zara.com/kr/ko/%E1%84%89%E1%85%B3%E1%84%90%E1%85%B3%E1%84%85%E1%85%A1%E1%84%8B%E1%85%B5%E1%84%91%E1%85%B3-%E1%84%86%E1%85%B5%E1%84%82%E1%85%B5-%E1%84%89%E1%85%AD%E1%84%8E%E1%85%B3-p06929006.html,https://static.zara.net/assets/public/457c/e660/dfed46948f1f/ab7d1003c114/06929006406-f1/06929006406-f1.jpg?ts=1776325629663,"₩45,900",,,260622,라이트 블루,,,,
,false,,ZARA,상의,셔츠/블라우스,여성,ZW 컬렉션 100% 린넨 포켓 셔츠,https://www.zara.com/kr/ko/zw-%E1%84%8F%E1%85%A5%E1%86%AF%E1%84%85%E1%85%A6%E1%86%A8%E1%84%89%E1%85%A7%E1%86%AB-100-%E1%84%85%E1%85%B5%E1%86%AB%E1%84%82%E1%85%A6%E1%86%AB-%E1%84%91%E1%85%A9%E1%84%8F%E1%85%A6%E1%86%BA-%E1%84%89%E1%85%A7%E1%84%8E%E1%85%B3-p04786038.html,https://static.zara.net/assets/public/d69d/f74d/dc184afb9c9a/e071e586a0fb/04786038706-1-p/04786038706-1-p.jpg?ts=1773744724507,"₩89,900",,,260622,밍크,,,,
,false,,ZARA,바지,슬랙스,여성,ZW 컬렉션 100% 리넨 플레어 팬츠,https://www.zara.com/kr/ko/zw-%E1%84%8F%E1%85%A5%E1%86%AF%E1%84%85%E1%85%A6%E1%86%A8%E1%84%89%E1%85%A7%E1%86%AB-100-%E1%84%85%E1%85%B5%E1%86%AB%E1%84%82%E1%85%A6%E1%86%AB-%E1%84%91%E1%85%B3%E1%86%AF%E1%84%85%E1%85%A6%E1%84%8B%E1%85%A5-%E1%84%91%E1%85%A2%E1%86%AB%E1%84%8E%E1%85%B3-p04786066.html,https://static.zara.net/assets/public/70a6/a67e/a0274a0cbeae/eef44abf4ea3/04786066706-p/04786066706-p.jpg?ts=1773742982783,"₩89,900",,,260622,밍크,,,,
,false,,ZARA,상의,탑,여성,신축성 홀터 크롭 탑,https://www.zara.com/kr/ko/%E1%84%89%E1%85%B5%E1%86%AB%E1%84%8E%E1%85%AE%E1%86%A8%E1%84%89%E1%85%A5%E1%86%BC-%E1%84%92%E1%85%A9%E1%86%AF%E1%84%90%E1%85%A5%E1%84%82%E1%85%A6%E1%86%A8-%E1%84%8F%E1%85%B3%E1%84%85%E1%85%A9%E1%86%B8-%E1%84%90%E1%85%A1%E1%86%B8-p03641330.html,https://static.zara.net/assets/public/5203/8308/7fcf4f62bca8/936bdbc5bdd2/03641330800-p/03641330800-p.jpg?ts=1776244721656,"₩29,900",,,260622,블랙,,,,
,false,,ZARA,상의,셔츠/블라우스,여성,플라워 포플린 탑,https://www.zara.com/kr/ko/%E1%84%91%E1%85%B3%E1%86%AF%E1%84%85%E1%85%A1%E1%84%8B%E1%85%AF-%E1%84%91%E1%85%A9%E1%84%91%E1%85%B3%E1%86%AF%E1%84%85%E1%85%B5%E1%86%AB-%E1%84%90%E1%85%A1%E1%86%B8-p02180024.html,https://static.zara.net/assets/public/058b/05f2/c7c140539870/44804ad995b0/02180024330-f1/02180024330-f1.jpg?ts=1773738653791,"₩49,900",,,260622,멀티컬러,,,,
,false,,ZARA,바지,버뮤다 팬츠,여성,미니 플로럴 쇼츠,https://www.zara.com/kr/ko/%E1%84%86%E1%85%B5%E1%84%82%E1%85%B5-%E1%84%91%E1%85%B3%E1%86%AF%E1%84%85%E1%85%A1%E1%84%8B%E1%85%AF-%E1%84%89%E1%85%AD%E1%84%8E%E1%85%B3-p03067426.html,https://static.zara.net/assets/public/7079/5ceb/80a340e2bc45/41df765b0ce6/03067426330-f1/03067426330-f1.jpg?ts=1773738590734,"₩49,900",,,260622,멀티컬러,,,,
,false,,ZARA,기타,WAISTCOAT,여성,버튼 하트 네크라인 탑,https://www.zara.com/kr/ko/%E1%84%87%E1%85%A5%E1%84%90%E1%85%B3%E1%86%AB-%E1%84%92%E1%85%A1%E1%84%90%E1%85%B3-%E1%84%82%E1%85%A6%E1%84%8F%E1%85%B3%E1%84%85%E1%85%A1%E1%84%8B%E1%85%B5%E1%86%AB-%E1%84%90%E1%85%A1%E1%86%B8-p03253800.html,https://static.zara.net/assets/public/5b2e/5014/e83c4538bb18/5f3c26ec1a3f/03253800700-p/03253800700-p.jpg?ts=1754317598202,"₩35,900",,,260622,브라운,,,,
,false,,ZARA,바지,슬랙스,여성,인터록 플레어 팬츠,https://www.zara.com/kr/ko/%E1%84%8B%E1%85%B5%E1%86%AB%E1%84%90%E1%85%A5%E1%84%85%E1%85%A9%E1%86%A8-%E1%84%91%E1%85%B3%E1%86%AF%E1%84%85%E1%85%A6%E1%84%8B%E1%85%A5-%E1%84%91%E1%85%A2%E1%86%AB%E1%84%8E%E1%85%B3-p03253801.html,https://static.zara.net/assets/public/c7f2/ddda/99714174a0f2/74a33863d921/03253801700-p/03253801700-p.jpg?ts=1754317607209,"₩45,900",,,260622,브라운,,,,
,false,,ZARA,상의,셔츠/블라우스,여성,ZW 컬렉션 페플럼 데님 셔츠,https://www.zara.com/kr/ko/zw-%E1%84%8F%E1%85%A5%E1%86%AF%E1%84%85%E1%85%A6%E1%86%A8%E1%84%89%E1%85%A7%E1%86%AB-%E1%84%91%E1%85%A6%E1%84%91%E1%85%B3%E1%86%AF%E1%84%85%E1%85%A5%E1%86%B7-%E1%84%83%E1%85%A6%E1%84%82%E1%85%B5%E1%86%B7-%E1%84%89%E1%85%A7%E1%84%8E%E1%85%B3-p00340048.html,https://static.zara.net/assets/public/33b9/7297/a3424ed5be28/a8ab856c09cc/00340048407-f1/00340048407-f1.jpg?ts=1773060074437,"₩79,900",,,260622,블루,,,,
,false,,ZARA,바지,슬랙스,여성,ZW 컬렉션 데님 카프리 팬츠,https://www.zara.com/kr/ko/zw-%E1%84%8F%E1%85%A5%E1%86%AF%E1%84%85%E1%85%A6%E1%86%A8%E1%84%89%E1%85%A7%E1%86%AB-%E1%84%83%E1%85%A6%E1%84%82%E1%85%B5%E1%86%B7-%E1%84%8F%E1%85%A1%E1%84%91%E1%85%B3%E1%84%85%E1%85%B5-%E1%84%91%E1%85%A2%E1%86%AB%E1%84%8E%E1%85%B3-p00340049.html,https://static.zara.net/assets/public/126b/ebce/de3c4ffcbbc4/a1b245abe2e9/00340049407-f1/00340049407-f1.jpg?ts=1773060001160,"₩79,900",,,260622,블루,,,,
,false,,ZARA,상의,셔츠/블라우스,여성,페이크 레더 벨트 탑,https://www.zara.com/kr/ko/%E1%84%91%E1%85%A6%E1%84%8B%E1%85%B5%E1%84%8F%E1%85%B3-%E1%84%85%E1%85%A6%E1%84%83%E1%85%A5-%E1%84%87%E1%85%A6%E1%86%AF%E1%84%90%E1%85%B3-%E1%84%90%E1%85%A1%E1%86%B8-p02148683.html,https://static.zara.net/assets/public/da2e/33e2/dc864480be3a/9fcad288ca84/02148683700-p/02148683700-p.jpg?ts=1767866926088,"₩55,900",,,260622,브라운,,,,
,false,,ZARA,치마,스커트,여성,페이크 레더 미디 스커트,https://www.zara.com/kr/ko/%E1%84%91%E1%85%A6%E1%84%8B%E1%85%B5%E1%84%8F%E1%85%B3-%E1%84%85%E1%85%A6%E1%84%83%E1%85%A5-%E1%84%86%E1%85%B5%E1%84%83%E1%85%B5-%E1%84%89%E1%85%B3%E1%84%8F%E1%85%A5%E1%84%90%E1%85%B3-p02141683.html,https://static.zara.net/assets/public/5c13/6730/ccfe4a098950/97974eda205d/02141683700-p/02141683700-p.jpg?ts=1767866925593,"₩55,900",,,260622,브라운,,,,
,false,,ZARA,기타,WIND-JACKET,여성,Z1975 콤비네이션 크롭 데님 재킷,https://www.zara.com/kr/ko/z1975-%E1%84%8F%E1%85%A9%E1%86%B7%E1%84%87%E1%85%B5-%E1%84%8F%E1%85%B3%E1%84%85%E1%85%A9%E1%86%B8-%E1%84%83%E1%85%A6%E1%84%82%E1%85%B5%E1%86%B7-%E1%84%8C%E1%85%A2%E1%84%8F%E1%85%B5%E1%86%BA-p09306024.html,https://static.zara.net/assets/public/ff7d/894f/017341e8a01c/c7905c0ce427/09306024427-p/09306024427-p.jpg?ts=1777032341334,"₩89,900",,,260622,미디움 블루,,,,
,false,,ZARA,바지,슬랙스,여성,Z1975 미드라이즈 배럴 콤비 진,https://www.zara.com/kr/ko/jeans-z1975-barrel-%E1%84%86%E1%85%B5%E1%84%83%E1%85%B3%E1%84%85%E1%85%A1%E1%84%8B%E1%85%B5%E1%84%8C%E1%85%B3-%E1%84%8F%E1%85%A9%E1%86%B7%E1%84%87%E1%85%B5-p09306025.html,https://static.zara.net/assets/public/73ab/4e90/38ca493ca640/dc6168ada587/09306025427-f1/09306025427-f1.jpg?ts=1777020228957,"₩79,900",,,260622,미디움 블루,,,,
,false,,ZARA,상의,셔츠/블라우스,여성,ZW 컬렉션 플루이드 리본 블라우스,https://www.zara.com/kr/ko/zw-%E1%84%8F%E1%85%A5%E1%86%AF%E1%84%85%E1%85%A6%E1%86%A8%E1%84%89%E1%85%A7%E1%86%AB-%E1%84%85%E1%85%B5%E1%84%87%E1%85%A9%E1%86%AB-%E1%84%91%E1%85%B3%E1%86%AF%E1%84%85%E1%85%AE%E1%84%8B%E1%85%B5%E1%84%83%E1%85%B3-%E1%84%87%E1%85%B3%E1%86%AF%E1%84%85%E1%85%A1%E1%84%8B%E1%85%AE%E1%84%89%E1%85%B3-p06105209.html,https://static.zara.net/assets/public/a90e/4a1d/53764aba8f05/2d471d7cf73c/06105209636-p/06105209636-p.jpg?ts=1777378139119,"₩79,900",,,260622,츄잉검,,,,
,false,,ZARA,치마,스커트,여성,ZW 컬렉션 카고 미니 스커트,https://www.zara.com/kr/ko/zw-%E1%84%8F%E1%85%A5%E1%86%AF%E1%84%85%E1%85%A6%E1%86%A8%E1%84%89%E1%85%A7%E1%86%AB-%E1%84%8F%E1%85%A1%E1%84%80%E1%85%A9-%E1%84%86%E1%85%B5%E1%84%82%E1%85%B5-%E1%84%89%E1%85%B3%E1%84%8F%E1%85%A5%E1%84%90%E1%85%B3-p02563209.html,https://static.zara.net/assets/public/aaf8/ee32/5e8d4f548597/1c6f3bfc400b/02563209636-f1/02563209636-f1.jpg?ts=1777305495356,"₩59,900",,,260622,츄잉검,,,,
,false,,ZARA,상의,탑,여성,스터드 로우백 탑,https://www.zara.com/kr/ko/%E1%84%89%E1%85%B3%E1%84%90%E1%85%A5%E1%84%83%E1%85%B3-%E1%84%85%E1%85%A9%E1%84%8B%E1%85%AE-%E1%84%87%E1%85%A2%E1%86%A8-%E1%84%90%E1%85%A1%E1%86%B8-p05941004.html,https://static.zara.net/assets/public/79f2/fb7a/ee5d45a19cc5/7b421e897f83/05941004707-f1/05941004707-f1.jpg?ts=1775545416244,"₩35,900",,,260622,샌드,,,,
,false,,ZARA,바지,슬랙스,여성,워싱 플레어 스터드 팬츠,https://www.zara.com/kr/ko/%E1%84%8B%E1%85%AF%E1%84%89%E1%85%B5%E1%86%BC-%E1%84%8B%E1%85%B5%E1%84%91%E1%85%A6%E1%86%A8%E1%84%90%E1%85%B3-%E1%84%89%E1%85%B3%E1%84%90%E1%85%A5%E1%84%83%E1%85%B3-%E1%84%91%E1%85%B3%E1%86%AF%E1%84%85%E1%85%A6%E1%84%8B%E1%85%A5-%E1%84%91%E1%85%A2%E1%86%AB%E1%84%8E%E1%85%B3-p05941006.html,https://static.zara.net/assets/public/9d77/2f86/b3c940fcac18/07acd438de9d/05941006707-f1/05941006707-f1.jpg?ts=1775545438661,"₩55,900",,,260622,샌드,,,,
,false,,ZARA,기타,SWEATSHIRT,여성,보트넥 스웨트셔츠,https://www.zara.com/kr/ko/%E1%84%87%E1%85%A9%E1%84%90%E1%85%B3%E1%84%82%E1%85%A6%E1%86%A8-%E1%84%89%E1%85%B3%E1%84%8B%E1%85%B0%E1%84%90%E1%85%B3%E1%84%89%E1%85%A7%E1%84%8E%E1%85%B3-p04174310.html,https://static.zara.net/assets/public/4b89/061b/80484bf2916d/30cad1819542/04174310485-p/04174310485-p.jpg?ts=1769708931348,"₩45,900","₩29,900",35,260622,"블루,그레이",,,,
,false,,ZARA,바지,슬랙스,여성,워싱 페이크 플레어 팬츠,https://www.zara.com/kr/ko/%E1%84%8B%E1%85%AF%E1%84%89%E1%85%B5%E1%86%BC-%E1%84%91%E1%85%A6%E1%84%8B%E1%85%B5%E1%84%8F%E1%85%B3-%E1%84%91%E1%85%B3%E1%86%AF%E1%84%85%E1%85%A6%E1%84%8B%E1%85%A5-%E1%84%91%E1%85%A2%E1%86%AB%E1%84%8E%E1%85%B3-p04174311.html,https://static.zara.net/assets/public/f72b/bc35/6f144ee683c2/4e7217970c78/04174311485-p/04174311485-p.jpg?ts=1769708937419,"₩45,900","₩29,900",35,260622,"블루,그레이",,,,
,false,,ZARA,상의,티셔츠,여성,스트라이프 래글런 티셔츠,https://www.zara.com/kr/ko/%E1%84%89%E1%85%B3%E1%84%90%E1%85%B3%E1%84%85%E1%85%A1%E1%84%8B%E1%85%B5%E1%84%91%E1%85%B3-%E1%84%85%E1%85%A2%E1%84%80%E1%85%B3%E1%86%AF%E1%84%85%E1%85%A5%E1%86%AB-%E1%84%90%E1%85%B5%E1%84%89%E1%85%A7%E1%84%8E%E1%85%B3-p04174052.html,https://static.zara.net/assets/public/8db8/17e5/bc6f4eec85a3/7c16288db016/04174052700-p/04174052700-p.jpg?ts=1774615392517,"₩21,900",,,260622,브라운,,,,
,false,,ZARA,바지,반바지,여성,스트라이프 허리 미니 쇼츠,https://www.zara.com/kr/ko/%E1%84%86%E1%85%B5%E1%84%82%E1%85%B5-%E1%84%89%E1%85%B3%E1%84%90%E1%85%B3%E1%84%85%E1%85%A1%E1%84%8B%E1%85%B5%E1%84%91%E1%85%B3-%E1%84%8B%E1%85%B0%E1%84%8B%E1%85%B5%E1%84%89%E1%85%B3%E1%84%90%E1%85%B3-%E1%84%89%E1%85%AD%E1%84%8E%E1%85%B3-p04174053.html,https://static.zara.net/assets/public/dec4/561a/2d3e4843a934/dbd30d25f950/04174053700-p/04174053700-p.jpg?ts=1774615508313,"₩21,900",,,260622,브라운,,,,
,false,,ZARA,상의,셔츠/블라우스,여성,벌룬 스트라이프 탑,https://www.zara.com/kr/ko/%E1%84%87%E1%85%A5%E1%86%AF%E1%84%85%E1%85%AE%E1%86%AB-%E1%84%89%E1%85%B3%E1%84%90%E1%85%B3%E1%84%85%E1%85%A1%E1%84%8B%E1%85%B5%E1%84%91%E1%85%B3-%E1%84%90%E1%85%A1%E1%86%B8-p04387098.html,https://static.zara.net/assets/public/88dc/77bb/450a49ae9d5f/fa272da4dad8/04387100730-p/04387100730-p.jpg?ts=1773744136817,"₩49,900",,,260622,라이트 브라운,,,,
,false,,ZARA,치마,스커트,여성,스트라이프 언밸런스 스커트,https://www.zara.com/kr/ko/%E1%84%89%E1%85%B3%E1%84%90%E1%85%B3%E1%84%85%E1%85%A1%E1%84%8B%E1%85%B5%E1%84%91%E1%85%B3-%E1%84%8B%E1%85%A5%E1%86%AB%E1%84%87%E1%85%A2%E1%86%AF%E1%84%85%E1%85%A5%E1%86%AB%E1%84%89%E1%85%B3-%E1%84%89%E1%85%B3%E1%84%8F%E1%85%A5%E1%84%90%E1%85%B3-p04387100.html,https://static.zara.net/assets/public/88dc/77bb/450a49ae9d5f/fa272da4dad8/04387100730-p/04387100730-p.jpg?ts=1773744136817,"₩55,900",,,260622,라이트 브라운,,,,
,false,,ZARA,상의,탑,여성,드레이프 코튼 탑,https://www.zara.com/kr/ko/%E1%84%83%E1%85%B3%E1%84%85%E1%85%A6%E1%84%8B%E1%85%B5%E1%84%91%E1%85%B3-%E1%84%8F%E1%85%A9%E1%84%90%E1%85%B3%E1%86%AB-%E1%84%90%E1%85%A1%E1%86%B8-p01165017.html,https://static.zara.net/assets/public/cf01/d8d1/837c4baa8fda/0d37f1744a34/01165017712-f1/01165017712-f1.jpg?ts=1770907083402,"₩35,900",,,260622,크림,,,,
,false,,ZARA,바지,슬랙스,여성,헤비 코튼 파힌 팬츠,https://www.zara.com/kr/ko/%E1%84%92%E1%85%A6%E1%84%87%E1%85%B5-%E1%84%8F%E1%85%A9%E1%84%90%E1%85%B3%E1%86%AB-%E1%84%91%E1%85%A1%E1%84%8C%E1%85%B5%E1%86%AB-%E1%84%91%E1%85%A2%E1%86%AB%E1%84%8E%E1%85%B3-p01165018.html,https://static.zara.net/assets/public/6592/64ec/33b34541bd2e/2eb8f03d74c2/01165018712-f1/01165018712-f1.jpg?ts=1770907182086,"₩49,900",,,260622,크림,,,,
,false,,ZARA,상의,탑,여성,언밸런스 립 니트 탑,https://www.zara.com/kr/ko/%E1%84%8B%E1%85%A5%E1%86%AB%E1%84%87%E1%85%A2%E1%86%AF%E1%84%85%E1%85%A5%E1%86%AB%E1%84%89%E1%85%B3-%E1%84%85%E1%85%B5%E1%86%B8-%E1%84%82%E1%85%B5%E1%84%90%E1%85%B3-%E1%84%90%E1%85%A1%E1%86%B8-p03390004.html,https://static.zara.net/assets/public/2471/43c7/35644edea470/5851e804f471/03390004800-p/03390004800-p.jpg?ts=1774267266477,"₩45,900",,,260622,블랙,,,,
,false,,ZARA,바지,슬랙스,여성,와이드 립 니트 팬츠,https://www.zara.com/kr/ko/%E1%84%85%E1%85%B5%E1%86%B8-%E1%84%8B%E1%85%AA%E1%84%8B%E1%85%B5%E1%84%83%E1%85%B3-%E1%84%82%E1%85%B5%E1%84%90%E1%85%B3-%E1%84%91%E1%85%A2%E1%86%AB%E1%84%8E%E1%85%B3-p03390003.html,https://static.zara.net/assets/public/6c76/0460/f79b40738c29/6ea777b5e2dc/03390003800-p/03390003800-p.jpg?ts=1774267265156,"₩55,900",,,260622,블랙,,,,
,false,,ZARA,상의,탑,여성,페이크 스웨이드 언밸런스 탑,https://www.zara.com/kr/ko/%E1%84%91%E1%85%A6%E1%84%8B%E1%85%B5%E1%84%8F%E1%85%B3-%E1%84%89%E1%85%B3%E1%84%8B%E1%85%B0%E1%84%8B%E1%85%B5%E1%84%83%E1%85%B3-%E1%84%8B%E1%85%A5%E1%86%AB%E1%84%87%E1%85%A2%E1%86%AF%E1%84%85%E1%85%A5%E1%86%AB%E1%84%89%E1%85%B3-%E1%84%90%E1%85%A1%E1%86%B8-p04344152.html,https://static.zara.net/assets/public/977f/9f73/61fe4e79a51f/6971b6a82912/04344152753-f1/04344152753-f1.jpg?ts=1770231949270,"₩55,900",,,260622,초콜렛 블라운,,,,
,false,,ZARA,바지,슬랙스,여성,페이크 스웨이드 팬츠,https://www.zara.com/kr/ko/%E1%84%91%E1%85%A6%E1%84%8B%E1%85%B5%E1%84%8F%E1%85%B3-%E1%84%89%E1%85%B3%E1%84%8B%E1%85%B0%E1%84%8B%E1%85%B5%E1%84%83%E1%85%B3-%E1%84%91%E1%85%A2%E1%86%AB%E1%84%8E%E1%85%B3-p04344154.html,https://static.zara.net/assets/public/82c7/299b/3666418a945e/45a912da576a/04344154753-f1/04344154753-f1.jpg?ts=1770231938250,"₩59,900",,,260622,초콜렛 블라운,,,,
,false,,ZARA,상의,셔츠/블라우스,여성,자수 체크 셔츠,https://www.zara.com/kr/ko/%E1%84%8C%E1%85%A1%E1%84%89%E1%85%AE-%E1%84%8E%E1%85%A6%E1%84%8F%E1%85%B3-%E1%84%89%E1%85%A7%E1%84%8E%E1%85%B3-p02660987.html,https://static.zara.net/assets/public/92bb/d8c2/9a6c4da7bc7e/3365ef85f325/02298082087-p/02298082087-p.jpg?ts=1773848030377,"₩55,900",,,260622,"브라운,크림",,,,
,false,,ZARA,바지,슬랙스,여성,자수 체크 큐롯 팬츠,https://www.zara.com/kr/ko/%E1%84%8C%E1%85%A1%E1%84%89%E1%85%AE-%E1%84%8E%E1%85%A6%E1%84%8F%E1%85%B3-%E1%84%8F%E1%85%B2%E1%84%85%E1%85%A9%E1%86%BA-%E1%84%91%E1%85%A2%E1%86%AB%E1%84%8E%E1%85%B3-p02674987.html,https://static.zara.net/assets/public/a4e7/d8fb/76474eb89104/a81fc63e85a0/02298083087-p/02298083087-p.jpg?ts=1773848036349,"₩59,900",,,260622,"브라운,크림",,,,
,false,,ZARA,아우터,블레이저,여성,리넨 숄더 패드 피티드 재킷,https://www.zara.com/kr/ko/%E1%84%85%E1%85%B5%E1%84%82%E1%85%A6%E1%86%AB-%E1%84%89%E1%85%AD%E1%86%AF%E1%84%83%E1%85%A5-%E1%84%91%E1%85%A2%E1%84%83%E1%85%B3-%E1%84%91%E1%85%B5%E1%84%90%E1%85%B5%E1%84%83%E1%85%B3-%E1%84%8C%E1%85%A2%E1%84%8F%E1%85%B5%E1%86%BA-p02572998.html,https://static.zara.net/assets/public/b474/f306/587b4a309d00/d6398a9858f3/02572998052-p/02572998052-p.jpg?ts=1774622162640,"₩99,900",,,260622,라이트 베이지,,,,
,false,,ZARA,바지,슬랙스,여성,린넨 슬림 팬츠,https://www.zara.com/kr/ko/%E1%84%85%E1%85%B5%E1%86%AB%E1%84%82%E1%85%A6%E1%86%AB-%E1%84%89%E1%85%B3%E1%86%AF%E1%84%85%E1%85%B5%E1%86%B7-%E1%84%91%E1%85%A2%E1%86%AB%E1%84%8E%E1%85%B3-p02573998.html,https://static.zara.net/assets/public/7a9e/eb0c/83474d909eea/413863dc56af/02573998052-p/02573998052-p.jpg?ts=1774622163628,"₩59,900",,,260622,라이트 베이지,,,,
,false,,ZARA,아우터,블레이저,여성,롤업 슬리브 크롭 재킷,https://www.zara.com/kr/ko/%E1%84%85%E1%85%A9%E1%86%AF%E1%84%8B%E1%85%A5%E1%86%B8-%E1%84%89%E1%85%B3%E1%86%AF%E1%84%85%E1%85%B5%E1%84%87%E1%85%B3-%E1%84%8F%E1%85%B3%E1%84%85%E1%85%A9%E1%86%B8-%E1%84%8C%E1%85%A2%E1%84%8F%E1%85%B5%E1%86%BA-p02753535.html,https://static.zara.net/assets/public/2134/62e5/5a2b4a61957a/13c5eafcfcea/02753535505-p/02753535505-p.jpg?ts=1774881350151,"₩59,900",,,260622,카키,,,,
,false,,ZARA,바지,슬랙스,여성,로 라이즈 스트레이트 팬츠,https://www.zara.com/kr/ko/%E1%84%85%E1%85%A9-%E1%84%85%E1%85%A1%E1%84%8B%E1%85%B5%E1%84%8C%E1%85%B3-%E1%84%89%E1%85%B3%E1%84%90%E1%85%B3%E1%84%85%E1%85%A6%E1%84%8B%E1%85%B5%E1%84%90%E1%85%B3-%E1%84%91%E1%85%A2%E1%86%AB%E1%84%8E%E1%85%B3-p02753235.html,https://static.zara.net/assets/public/f55b/afd3/7d0744c18114/b8ec0d1516d8/02753235505-000-p/02753235505-000-p.jpg?ts=1774958719947,"₩57,900",,,260622,카키,,,,
,false,,ZARA,아우터,블레이저,여성,시퀸 롱 로브,https://www.zara.com/kr/ko/%E1%84%85%E1%85%A9%E1%86%BC-%E1%84%89%E1%85%B5%E1%84%8F%E1%85%B1%E1%86%AB-%E1%84%85%E1%85%A9%E1%84%87%E1%85%B3-p02407639.html,https://static.zara.net/assets/public/0e5a/b0a2/ba954ad2b42e/a61c51c6b08a/02407639962-p/02407639962-p.jpg?ts=1776870914698,"₩129,900",,,260622,다크 카키,,,,
,false,,ZARA,치마,스커트,여성,크로스 스팽글 스커트 팬츠,https://www.zara.com/kr/ko/%E1%84%8F%E1%85%B3%E1%84%85%E1%85%A9%E1%84%89%E1%85%B3-%E1%84%89%E1%85%B3%E1%84%91%E1%85%A2%E1%86%BC%E1%84%80%E1%85%B3%E1%86%AF-%E1%84%89%E1%85%B3%E1%84%8F%E1%85%A5%E1%84%90%E1%85%B3-%E1%84%91%E1%85%A2%E1%86%AB%E1%84%8E%E1%85%B3-p02157037.html,https://static.zara.net/assets/public/10e1/cde3/9a5e4e3185cf/5d0776818644/02157037962-p/02157037962-p.jpg?ts=1776870903731,"₩55,900",,,260622,다크 카키,,,,
,false,,ZARA,아우터,블레이저,여성,린넨 더블 브레스트 블레이저,https://www.zara.com/kr/ko/%E1%84%85%E1%85%B5%E1%86%AB%E1%84%82%E1%85%A6%E1%86%AB-%E1%84%83%E1%85%A5%E1%84%87%E1%85%B3%E1%86%AF-%E1%84%87%E1%85%B3%E1%84%85%E1%85%A6%E1%84%89%E1%85%B3%E1%84%90%E1%85%B3-%E1%84%90%E1%85%A1%E1%84%8B%E1%85%B5-%E1%84%87%E1%85%B3%E1%86%AF%E1%84%85%E1%85%A6%E1%84%8B%E1%85%B5%E1%84%8C%E1%85%A5-p02428857.html,https://static.zara.net/assets/public/2b99/7b4c/e2624ba8a963/c702ac67fe24/02428857774-f1/02428857774-f1.jpg?ts=1773072707446,"₩119,900",,,260622,러스트,,,,
,false,,ZARA,바지,슬랙스,여성,린넨 와이드 팬츠,https://www.zara.com/kr/ko/%E1%84%85%E1%85%B5%E1%86%AB%E1%84%82%E1%85%A6%E1%86%AB-%E1%84%8B%E1%85%AA%E1%84%8B%E1%85%B5%E1%84%83%E1%85%B3-%E1%84%91%E1%85%A2%E1%86%AB%E1%84%8E%E1%85%B3-p02435857.html,https://static.zara.net/assets/public/5f0b/c42c/6d0246988d59/257cca7d937e/02435857774-f1/02435857774-f1.jpg?ts=1773072674230,"₩79,900",,,260622,러스트,,,,
,false,,ZARA,상의,탑,여성,언밸런스 페이크 스웨이드 탑,https://www.zara.com/kr/ko/%E1%84%91%E1%85%A6%E1%84%8B%E1%85%B5%E1%84%8F%E1%85%B3-%E1%84%89%E1%85%B3%E1%84%8B%E1%85%B0%E1%84%8B%E1%85%B5%E1%84%83%E1%85%B3-%E1%84%8B%E1%85%A5%E1%86%AB%E1%84%87%E1%85%A2%E1%86%AF%E1%84%85%E1%85%A5%E1%86%AB%E1%84%89%E1%85%B3-%E1%84%90%E1%85%A1%E1%86%B8-p04344152.html,https://static.zara.net/assets/public/b18f/3085/c44544d08064/fcdca81e581c/04344152427-f1/04344152427-f1.jpg?ts=1770231956039,"₩55,900",,,260622,미디움 블루,,,,
,false,,ZARA,치마,스커트,여성,페이크 스웨이드 케이프 스커트,https://www.zara.com/kr/ko/%E1%84%91%E1%85%A6%E1%84%8B%E1%85%B5%E1%84%8F%E1%85%B3-%E1%84%89%E1%85%B3%E1%84%8B%E1%85%B0%E1%84%8B%E1%85%B5%E1%84%83%E1%85%B3-%E1%84%8F%E1%85%A6%E1%84%8B%E1%85%B5%E1%84%91%E1%85%B3-%E1%84%89%E1%85%B3%E1%84%8F%E1%85%A5%E1%84%90%E1%85%B3-p04344164.html,https://static.zara.net/assets/public/1dfa/992f/af0a4930a556/0755ac55595f/04344152427-p/04344152427-p.jpg?ts=1770654370607,"₩59,900",,,260622,미디움 블루,,,,
,false,,ZARA,상의,셔츠/블라우스,여성,린넨 언밸런스 숄더 패드 탑,https://www.zara.com/kr/ko/%E1%84%85%E1%85%B5%E1%86%AB%E1%84%82%E1%85%A6%E1%86%AB-%E1%84%87%E1%85%B3%E1%86%AF%E1%84%85%E1%85%A6%E1%86%AB%E1%84%83%E1%85%B3-%E1%84%8B%E1%85%A5%E1%86%AB%E1%84%87%E1%85%A2%E1%86%AF%E1%84%85%E1%85%A5%E1%86%AB%E1%84%89%E1%85%B3-%E1%84%89%E1%85%AD%E1%86%AF%E1%84%83%E1%85%A5-%E1%84%91%E1%85%A2%E1%84%83%E1%85%B3-%E1%84%90%E1%85%A1%E1%86%B8-p02782736.html,https://static.zara.net/assets/public/dce3/b792/2b084e1ab255/210f24cab1a8/02782736405-p/02782736405-p.jpg?ts=1776167583613,"₩55,900",,,260622,인디고,,,,
,false,,ZARA,바지,슬랙스,여성,린넨 와이드 팬츠,https://www.zara.com/kr/ko/%E1%84%85%E1%85%B5%E1%86%AB%E1%84%82%E1%85%A6%E1%86%AB-%E1%84%8B%E1%85%AA%E1%84%8B%E1%85%B5%E1%84%83%E1%85%B3-%E1%84%91%E1%85%A2%E1%86%AB%E1%84%8E%E1%85%B3-p02728736.html,https://static.zara.net/assets/public/2db9/5b7e/6618417fb29a/bd6962d1bb57/02728736405-p/02728736405-p.jpg?ts=1776167582597,"₩79,900",,,260622,인디고,,,,
,false,,ZARA,상의,티셔츠,여성,트임 크롭 탑,https://www.zara.com/kr/ko/%E1%84%90%E1%85%B3%E1%84%8B%E1%85%B5%E1%86%B7-%E1%84%8F%E1%85%B3%E1%84%85%E1%85%A9%E1%86%B8-%E1%84%90%E1%85%A1%E1%86%B8-p03253367.html,https://static.zara.net/assets/public/07f3/ab92/22404575b016/2a138e1b0449/03253367803-p/03253367803-p.jpg?ts=1776847523133,"₩19,900",,,260622,그레이,,,,
,false,,ZARA,바지,반바지,여성,미니 쇼츠 스커트,https://www.zara.com/kr/ko/%E1%84%86%E1%85%B5%E1%84%82%E1%85%B5-%E1%84%89%E1%85%AD%E1%84%8E%E1%85%B3-%E1%84%89%E1%85%B3%E1%84%8F%E1%85%A5%E1%84%90%E1%85%B3-p03253372.html,https://static.zara.net/assets/public/8883/1d41/b3de4b1b956b/d3c1b786aaa5/03253372803-p/03253372803-p.jpg?ts=1776847526405,"₩29,900",,,260622,그레이,,,,
,false,,ZARA,상의,탑,여성,쇼트 슬리브 컷아웃 탑,https://www.zara.com/kr/ko/%E1%84%89%E1%85%AD%E1%84%90%E1%85%B3-%E1%84%89%E1%85%B3%E1%86%AF%E1%84%85%E1%85%B5%E1%84%87%E1%85%B3-%E1%84%8F%E1%85%A5%E1%86%BA%E1%84%8B%E1%85%A1%E1%84%8B%E1%85%AE%E1%86%BA-%E1%84%90%E1%85%A1%E1%86%B8-p05584262.html,https://static.zara.net/assets/public/152c/ded9/bee943c4a637/ee07b6a0878e/05584262505-f1/05584262505-f1.jpg?ts=1773139055835,"₩45,900",,,260622,카키,,,,
,false,,ZARA,바지,슬랙스,여성,스트레치 와이드 팬츠,https://www.zara.com/kr/ko/%E1%84%89%E1%85%B3%E1%84%90%E1%85%B3%E1%84%85%E1%85%A6%E1%84%8E%E1%85%B5-%E1%84%8B%E1%85%AA%E1%84%8B%E1%85%B5%E1%84%83%E1%85%B3-%E1%84%91%E1%85%A2%E1%86%AB%E1%84%8E%E1%85%B3-p05584263.html,https://static.zara.net/assets/public/7235/a91e/955a4d61b950/b5c09d40d379/05584263505-f1/05584263505-f1.jpg?ts=1773139043369,"₩49,900",,,260622,카키,,,,
,false,,ZARA,상의,티셔츠,여성,트임 크롭 탑,https://www.zara.com/kr/ko/%E1%84%90%E1%85%B3%E1%84%8B%E1%85%B5%E1%86%B7-%E1%84%8F%E1%85%B3%E1%84%85%E1%85%A9%E1%86%B8-%E1%84%90%E1%85%A1%E1%86%B8-p03253367.html,https://static.zara.net/assets/public/bc15/1c8e/0f8740a8bb0e/4bb20c4171a4/03253367800-000-p/03253367800-000-p.jpg?ts=1776937215099,"₩19,900",,,260622,블랙,,,,
,false,,ZARA,바지,반바지,여성,미니 쇼츠 스커트,https://www.zara.com/kr/ko/%E1%84%86%E1%85%B5%E1%84%82%E1%85%B5-%E1%84%89%E1%85%AD%E1%84%8E%E1%85%B3-%E1%84%89%E1%85%B3%E1%84%8F%E1%85%A5%E1%84%90%E1%85%B3-p03253372.html,https://static.zara.net/assets/public/9359/ca65/59684d798f11/0df5551b2b8e/03253372800-p/03253372800-p.jpg?ts=1776873232469,"₩29,900",,,260622,블랙,,,,
,false,,ZARA,기타,WIND-JACKET,여성,Z1975 데님 봄버 재킷,https://www.zara.com/kr/ko/z1975-%E1%84%83%E1%85%A6%E1%84%82%E1%85%B5%E1%86%B7-%E1%84%87%E1%85%A9%E1%86%B7%E1%84%87%E1%85%A5-%E1%84%8C%E1%85%A2%E1%84%8F%E1%85%B5%E1%86%BA-p07223029.html,https://static.zara.net/assets/public/7ca7/670b/5aff4e3782d1/f46b71348a1b/07223029407-p/07223029407-p.jpg?ts=1770627784278,"₩89,900",,,260622,블루,,,,
,false,,ZARA,바지,슬랙스,여성,JEANS Z1975 WIDE LEG 미드라이즈,https://www.zara.com/kr/ko/jeans-z1975-wide-leg-%E1%84%86%E1%85%B5%E1%84%83%E1%85%B3%E1%84%85%E1%85%A1%E1%84%8B%E1%85%B5%E1%84%8C%E1%85%B3-p07223030.html,https://static.zara.net/assets/public/95ea/4cae/7e384b01b6f6/e86972b2d4d0/07223030407-p/07223030407-p.jpg?ts=1770386698159,"₩59,900",,,260622,블루,,,,
,false,,ZARA,아우터,블레이저,여성,ZW 컬렉션 버튼 재킷,https://www.zara.com/kr/ko/zw-%E1%84%8F%E1%85%A5%E1%86%AF%E1%84%85%E1%85%A6%E1%86%A8%E1%84%89%E1%85%A7%E1%86%AB-%E1%84%87%E1%85%A5%E1%84%90%E1%85%B3%E1%86%AB-%E1%84%8C%E1%85%A2%E1%84%8F%E1%85%B5%E1%86%BA-p02922248.html,https://static.zara.net/assets/public/58ce/c67b/921645b7bae7/46b486f53259/02922248800-000-p/02922248800-000-p.jpg?ts=1773240292865,"₩109,900",,,260622,블랙,,,,
,false,,ZARA,바지,슬랙스,여성,ZW 컬렉션 로우라이즈 스트레이트 팬츠,https://www.zara.com/kr/ko/zw-%E1%84%8F%E1%85%A5%E1%86%AF%E1%84%85%E1%85%A6%E1%86%A8%E1%84%89%E1%85%A7%E1%86%AB-%E1%84%85%E1%85%A9%E1%84%8B%E1%85%AE%E1%84%85%E1%85%A1%E1%84%8B%E1%85%B5%E1%84%8C%E1%85%B3-%E1%84%89%E1%85%B3%E1%84%90%E1%85%B3%E1%84%85%E1%85%A6%E1%84%8B%E1%85%B5%E1%84%90%E1%85%B3-%E1%84%91%E1%85%A2%E1%86%AB%E1%84%8E%E1%85%B3-p07149066.html,https://static.zara.net/assets/public/e97f/c9cb/7b554febab34/0c7728875844/07149066800-f1/07149066800-f1.jpg?ts=1771597134550,"₩89,900",,,260622,블랙,,,,
,false,,ZARA,기타,WAISTCOAT,여성,텍스처 버튼 베스트 탑,https://www.zara.com/kr/ko/%E1%84%90%E1%85%A6%E1%86%A8%E1%84%89%E1%85%B3%E1%84%8E%E1%85%A5-%E1%84%87%E1%85%A5%E1%84%90%E1%85%B3%E1%86%AB-%E1%84%87%E1%85%A6%E1%84%89%E1%85%B3%E1%84%90%E1%85%B3-%E1%84%90%E1%85%A1%E1%86%B8-p05039277.html,https://static.zara.net/assets/public/e98f/f4a3/613b4b658362/62c87802e8ac/05039367800-p/05039367800-p.jpg?ts=1771581405577,"₩39,900",,,260622,블랙,,,,
,false,,ZARA,바지,슬랙스,여성,텍스처 스트레이트 팬츠,https://www.zara.com/kr/ko/%E1%84%90%E1%85%A6%E1%86%A8%E1%84%89%E1%85%B3%E1%84%8E%E1%85%A5-%E1%84%89%E1%85%B3%E1%84%90%E1%85%B3%E1%84%85%E1%85%A6%E1%84%8B%E1%85%B5%E1%84%90%E1%85%B3-%E1%84%91%E1%85%A2%E1%86%AB%E1%84%8E%E1%85%B3-p05039278.html,https://static.zara.net/assets/public/1216/49c6/fcaa475388cc/6b9f369278ff/05039368800-p/05039368800-p.jpg?ts=1771593127731,"₩45,900",,,260622,블랙,,,,
,false,,ZARA,상의,니트,여성,오버사이즈 스트럭처 니트 스웨터,https://www.zara.com/kr/ko/%E1%84%8B%E1%85%A9%E1%84%87%E1%85%A5%E1%84%89%E1%85%A1%E1%84%8B%E1%85%B5%E1%84%8C%E1%85%B3-%E1%84%89%E1%85%B3%E1%84%90%E1%85%B3%E1%84%85%E1%85%A5%E1%86%A8%E1%84%8E%E1%85%A5-%E1%84%82%E1%85%B5%E1%84%90%E1%85%B3-%E1%84%89%E1%85%B3%E1%84%8B%E1%85%B0%E1%84%90%E1%85%A5-p01509011.html,https://static.zara.net/assets/public/ff54/0a5c/353646de9510/93cc7143b4d3/01509011712-p/01509011712-p.jpg?ts=1774622263744,"₩57,900",,,260622,크림,,,,
,false,,ZARA,치마,스커트,여성,스트럭처 니트 스트레이트 스커트,https://www.zara.com/kr/ko/%E1%84%80%E1%85%AE%E1%84%8C%E1%85%A9-%E1%84%82%E1%85%B5%E1%84%90%E1%85%B3-%E1%84%89%E1%85%B3%E1%84%90%E1%85%B3%E1%84%85%E1%85%A6%E1%84%8B%E1%85%B5%E1%84%90%E1%85%B3-%E1%84%89%E1%85%B3%E1%84%8F%E1%85%A5%E1%84%90%E1%85%B3-p01509012.html,https://static.zara.net/assets/public/e209/9233/396741a7aa6f/148c69c052f8/01509012712-p/01509012712-p.jpg?ts=1774622157254,"₩59,900",,,260622,크림,,,,
,false,,ZARA,기타,WAISTCOAT,여성,스트라이프 베스트 탑,https://www.zara.com/kr/ko/%E1%84%89%E1%85%B3%E1%84%90%E1%85%B3%E1%84%85%E1%85%A1%E1%84%8B%E1%85%B5%E1%84%91%E1%85%B3-%E1%84%87%E1%85%A6%E1%84%89%E1%85%B3%E1%84%90%E1%85%B3-%E1%84%90%E1%85%A1%E1%86%B8-p02010751.html,https://static.zara.net/assets/public/6b04/c7d1/a9a6423e8d10/9b8d6473d746/02010751330-f1/02010751330-f1.jpg?ts=1776236564324,"₩55,900",,,260622,멀티컬러,,,,
,false,,ZARA,바지,버뮤다 팬츠,여성,미니 스트라이프 쇼츠,https://www.zara.com/kr/ko/%E1%84%86%E1%85%B5%E1%84%82%E1%85%B5-%E1%84%89%E1%85%B3%E1%84%90%E1%85%B3%E1%84%85%E1%85%A1%E1%84%8B%E1%85%B5%E1%84%91%E1%85%B3-%E1%84%89%E1%85%AD%E1%84%8E%E1%85%B3-p06929414.html,https://static.zara.net/assets/public/57a0/bb91/5c6045ff81dc/2671e4515ade/06929414330-f1/06929414330-f1.jpg?ts=1776236566274,"₩49,900",,,260622,멀티컬러,,,,
,false,,ZARA,상의,가디건,여성,벌룬 슬리브 니트 재킷,https://www.zara.com/kr/ko/%E1%84%87%E1%85%A5%E1%86%AF%E1%84%85%E1%85%AE%E1%86%AB-%E1%84%89%E1%85%B3%E1%86%AF%E1%84%85%E1%85%B5%E1%84%87%E1%85%B3-%E1%84%82%E1%85%B5%E1%84%90%E1%85%B3-%E1%84%8C%E1%85%A2%E1%84%8F%E1%85%B5%E1%86%BA-p02142144.html,https://static.zara.net/assets/public/93ba/4687/e94a4533bd7a/c3e691f50056/02142144806-f1/02142144806-f1.jpg?ts=1779362573946,"₩59,900",,,260622,스톤,,,,
,false,,ZARA,치마,스커트,여성,니트 미니 스커트,https://www.zara.com/kr/ko/%E1%84%82%E1%85%B5%E1%84%90%E1%85%B3-%E1%84%86%E1%85%B5%E1%84%82%E1%85%B5-%E1%84%89%E1%85%B3%E1%84%8F%E1%85%A5%E1%84%90%E1%85%B3-p02142146.html,https://static.zara.net/assets/public/c013/436a/5c3247b38b30/855f0897b31d/02142146806-f1/02142146806-f1.jpg?ts=1779362571845,"₩49,900",,,260622,스톤,,,,
,false,,ZARA,기타,WIND-JACKET,여성,도트 퍼프 재킷,https://www.zara.com/kr/ko/%E1%84%83%E1%85%A9%E1%84%90%E1%85%B3-%E1%84%91%E1%85%A5%E1%84%91%E1%85%B3-%E1%84%8C%E1%85%A2%E1%84%8F%E1%85%B5%E1%86%BA-p05247713.html,https://static.zara.net/assets/public/c825/7704/7b754df99ef9/47f8c474798a/05247713044-p/05247713044-p.jpg?ts=1771259893309,"₩89,900",,,260622,"블루 ,화이트",,,,
,false,,ZARA,바지,버뮤다 팬츠,여성,미니 포켓 쇼츠,https://www.zara.com/kr/ko/%E1%84%86%E1%85%B5%E1%84%82%E1%85%B5-%E1%84%91%E1%85%A9%E1%84%8F%E1%85%A6%E1%86%BA-%E1%84%89%E1%85%AD%E1%84%8E%E1%85%B3-p03067420.html,https://static.zara.net/assets/public/205b/7050/8cdf4fc083a9/2980a1773766/03067410044-p/03067410044-p.jpg?ts=1771259882807,"₩49,900","₩29,900",40,260622,"블루 ,화이트",,,,
,false,,ZARA,기타,WAISTCOAT,여성,홀터넥 크롭 탑,https://www.zara.com/kr/ko/%E1%84%92%E1%85%A9%E1%86%AF%E1%84%90%E1%85%A5%E1%84%82%E1%85%A6%E1%86%A8-%E1%84%8F%E1%85%B3%E1%84%85%E1%85%A9%E1%86%B8-%E1%84%90%E1%85%A1%E1%86%B8-p04387349.html,https://static.zara.net/assets/public/9a33/e20d/d5134d669245/ae4da233376e/04387349749-p/04387349749-p.jpg?ts=1778668009346,"₩49,900",,,260622,다크 데님,,,,
,false,,ZARA,기타,WIND-JACKET,여성,도트 퍼프 재킷,https://www.zara.com/kr/ko/%E1%84%83%E1%85%A9%E1%84%90%E1%85%B3-%E1%84%91%E1%85%A5%E1%84%91%E1%85%B3-%E1%84%8C%E1%85%A2%E1%84%8F%E1%85%B5%E1%86%BA-p05247713.html,https://static.zara.net/assets/public/ec82/206b/52a5434f8674/827c1c9fd991/05247814094-p/05247814094-p.jpg?ts=1776953985889,"₩89,900",,,260622,"레드,화이트",,,,
,false,,ZARA,바지,버뮤다 팬츠,여성,미니 도트 포켓 쇼츠,https://www.zara.com/kr/ko/%E1%84%86%E1%85%B5%E1%84%82%E1%85%B5-%E1%84%91%E1%85%A9%E1%84%8F%E1%85%A6%E1%86%BA-%E1%84%89%E1%85%AD%E1%84%8E%E1%85%B3-p03067420.html,https://static.zara.net/assets/public/cbfa/2c90/b2514732bad5/974896845d6e/04661445094-p/04661445094-p.jpg?ts=1776953980732,"₩49,900","₩29,900",40,260622,"레드,화이트",,,,
,false,,ZARA,상의,셔츠/블라우스,여성,리넨 스터드 버클 탑,https://www.zara.com/kr/ko/%E1%84%89%E1%85%B3%E1%84%90%E1%85%A5%E1%84%83%E1%85%B3-%E1%84%87%E1%85%A5%E1%84%8F%E1%85%B3%E1%86%AF-%E1%84%85%E1%85%B5%E1%86%AB%E1%84%82%E1%85%A6%E1%86%AB-%E1%84%90%E1%85%A1%E1%86%B8-p02185785.html,https://static.zara.net/assets/public/b9a4/d71f/44384a3a8fff/501ddfa872d6/02185785405-f1/02185785405-f1.jpg?ts=1775810510608,"₩57,900",,,260622,인디고,,,,
,false,,ZARA,바지,슬랙스,여성,린넨 와이드 하이웨이스트 팬츠,https://www.zara.com/kr/ko/%E1%84%85%E1%85%B5%E1%86%AB%E1%84%82%E1%85%A6%E1%86%AB-%E1%84%8B%E1%85%AA%E1%84%8B%E1%85%B5%E1%84%83%E1%85%B3-%E1%84%92%E1%85%A1%E1%84%8B%E1%85%B5%E1%84%8B%E1%85%B0%E1%84%8B%E1%85%B5%E1%84%89%E1%85%B3%E1%84%90%E1%85%B3-%E1%84%91%E1%85%A2%E1%86%AB%E1%84%8E%E1%85%B3-p02687785.html,https://static.zara.net/assets/public/dee4/90c1/3f8c4c0b92a1/75d41bf196c6/02687785405-f1/02687785405-f1.jpg?ts=1775810504785,"₩59,900",,,260622,인디고,,,,
,false,,ZARA,아우터,블레이저,여성,숏 라펠 포켓 재킷,https://www.zara.com/kr/ko/%E1%84%89%E1%85%AD%E1%86%BA-%E1%84%85%E1%85%A1%E1%84%91%E1%85%A6%E1%86%AF-%E1%84%91%E1%85%A9%E1%84%8F%E1%85%A6%E1%86%BA-%E1%84%8C%E1%85%A2%E1%84%8F%E1%85%B5%E1%86%BA-p08372201.html,https://static.zara.net/assets/public/5192/408f/1d9c46968bbe/bd0aa2f06597/08372201982-p/08372201982-p.jpg?ts=1773253831957,"₩59,900",,,260622,워터 그린,,,,
,false,,ZARA,바지,슬랙스,여성,엘라스틱 웨이스트 캐럿 팬츠,https://www.zara.com/kr/ko/%E1%84%8B%E1%85%A6%E1%86%AF%E1%84%85%E1%85%A1%E1%84%89%E1%85%B3%E1%84%90%E1%85%B5%E1%86%A8-%E1%84%8B%E1%85%B0%E1%84%8B%E1%85%B5%E1%84%89%E1%85%B3%E1%84%90%E1%85%B3-%E1%84%8F%E1%85%A2%E1%84%85%E1%85%A5%E1%86%BA-%E1%84%91%E1%85%A2%E1%86%AB%E1%84%8E%E1%85%B3-p08372101.html,https://static.zara.net/assets/public/7ab8/e790/e62b482dab92/8a14446485f5/08372101982-p/08372101982-p.jpg?ts=1773253795019,"₩55,900",,,260622,워터 그린,,,,
,false,,ZARA,기타,WAISTCOAT,여성,버튼 하트 네크라인 탑,https://www.zara.com/kr/ko/%E1%84%87%E1%85%A5%E1%84%90%E1%85%B3%E1%86%AB-%E1%84%92%E1%85%A1%E1%84%90%E1%85%B3-%E1%84%82%E1%85%A6%E1%84%8F%E1%85%B3%E1%84%85%E1%85%A1%E1%84%8B%E1%85%B5%E1%86%AB-%E1%84%90%E1%85%A1%E1%86%B8-p03253800.html,https://static.zara.net/assets/public/c774/a7e8/5cc441feb73e/18d2f519d25d/03253800620-p/03253800620-p.jpg?ts=1754317589736,"₩35,900",,,260622,로즈핑크,,,,
,false,,ZARA,바지,슬랙스,여성,인터록 플레어 팬츠,https://www.zara.com/kr/ko/%E1%84%8B%E1%85%B5%E1%86%AB%E1%84%90%E1%85%A5%E1%84%85%E1%85%A9%E1%86%A8-%E1%84%91%E1%85%B3%E1%86%AF%E1%84%85%E1%85%A6%E1%84%8B%E1%85%A5-%E1%84%91%E1%85%A2%E1%86%AB%E1%84%8E%E1%85%B3-p03253801.html,https://static.zara.net/assets/public/2e39/3212/61304412ab05/dd5b8bec9de2/03253801620-p/03253801620-p.jpg?ts=1754317607146,"₩45,900",,,260622,로즈핑크,,,,
,false,,ZARA,기타,WAISTCOAT,여성,벨트 니트 베스트,https://www.zara.com/kr/ko/%E1%84%87%E1%85%A6%E1%86%AF%E1%84%90%E1%85%B3-%E1%84%82%E1%85%B5%E1%84%90%E1%85%B3-%E1%84%87%E1%85%A6%E1%84%89%E1%85%B3%E1%84%90%E1%85%B3-p02756004.html,https://static.zara.net/assets/public/cd9b/4f31/51a64963b2ce/4d47d56c53bd/02756004712-p/02756004712-p.jpg?ts=1770655953391,"₩59,900",,,260622,크림,,,,
,false,,ZARA,치마,스커트,여성,니트 미디 스커트,https://www.zara.com/kr/ko/%E1%84%82%E1%85%B5%E1%84%90%E1%85%B3-%E1%84%86%E1%85%B5%E1%84%83%E1%85%B5-%E1%84%89%E1%85%B3%E1%84%8F%E1%85%A5%E1%84%90%E1%85%B3-p02756142.html,https://static.zara.net/assets/public/65e6/0649/824a41659c0b/45de6ae854e6/02756142712-f1/02756142712-f1.jpg?ts=1769087095912,"₩55,900",,,260622,크림,,,,
,false,,ZARA,상의,티셔츠,여성,러스틱 케이프 탑,https://www.zara.com/kr/ko/%E1%84%85%E1%85%A5%E1%84%89%E1%85%B3%E1%84%90%E1%85%B5%E1%86%A8-%E1%84%8F%E1%85%A6%E1%84%8B%E1%85%B5%E1%84%91%E1%85%B3-%E1%84%90%E1%85%A1%E1%86%B8-p01044158.html,https://static.zara.net/assets/public/ae19/72f5/bff04b37898e/16f128149d1b/01044158711-p/01044158711-p.jpg?ts=1777473405612,"₩35,900",,,260622,샌드,,,,
,false,,ZARA,바지,슬랙스,여성,드로스트링 러스틱 팬츠,https://www.zara.com/kr/ko/%E1%84%83%E1%85%B3%E1%84%85%E1%85%A9%E1%84%89%E1%85%B3%E1%84%90%E1%85%B3%E1%84%85%E1%85%B5%E1%86%BC-%E1%84%85%E1%85%A5%E1%84%89%E1%85%B3%E1%84%90%E1%85%B5%E1%86%A8-%E1%84%91%E1%85%A2%E1%86%AB%E1%84%8E%E1%85%B3-p01044159.html,https://static.zara.net/assets/public/820d/e5ac/b2c941c48015/cd5c52dc9c7b/01044159711-p/01044159711-p.jpg?ts=1777473413283,"₩45,900",,,260622,샌드,,,,
,false,,ZARA,상의,셔츠/블라우스,여성,비즈 벌룬 홀터넥 탑,https://www.zara.com/kr/ko/%E1%84%87%E1%85%B5%E1%84%8C%E1%85%B3-%E1%84%87%E1%85%A5%E1%86%AF%E1%84%85%E1%85%AE%E1%86%AB-%E1%84%92%E1%85%A9%E1%86%AF%E1%84%90%E1%85%A5%E1%84%82%E1%85%A6%E1%86%A8-%E1%84%90%E1%85%A1%E1%86%B8-p04745028.html,https://static.zara.net/assets/public/c12d/8733/8d8a46a3b405/092437d7db55/04745028712-p/04745028712-p.jpg?ts=1776870930990,"₩49,900",,,260622,크림,,,,
,false,,ZARA,바지,슬랙스,여성,엘라스틱 웨이스트 벌룬 팬츠,https://www.zara.com/kr/ko/%E1%84%8B%E1%85%A6%E1%86%AF%E1%84%85%E1%85%A1%E1%84%89%E1%85%B3%E1%84%90%E1%85%B5%E1%86%A8-%E1%84%8B%E1%85%B0%E1%84%8B%E1%85%B5%E1%84%89%E1%85%B3%E1%84%90%E1%85%B3-%E1%84%87%E1%85%A5%E1%86%AF%E1%84%85%E1%85%AE%E1%86%AB-%E1%84%91%E1%85%A2%E1%86%AB%E1%84%8E%E1%85%B3-p04745029.html,https://static.zara.net/assets/public/1fe2/f6b2/aaee4deb86e8/5dbc72fcad47/04745029712-000-e1/04745029712-000-e1.jpg?ts=1776329689760,"₩55,900",,,260622,크림,,,,
,false,,ZARA,상의,가디건,여성,SOSHIOTSUKI X ZARA 울 숄더 패드 재킷,https://www.zara.com/kr/ko/soshiotsuki-x-zara-%E1%84%8B%E1%85%AE%E1%86%AF-%E1%84%89%E1%85%AD%E1%86%AF%E1%84%83%E1%85%A5-%E1%84%91%E1%85%A2%E1%84%83%E1%85%B3-%E1%84%8C%E1%85%A2%E1%84%8F%E1%85%B5%E1%86%BA-p04192165.html,https://static.zara.net/assets/public/03af/b944/5dfc4708a9d0/b67ac0361d0b/04192165532000-f1/04192165532000-f1.jpg?ts=1769524519108,"₩209,900",,,260622,다크 보틀,,,,
,false,,ZARA,치마,스커트,여성,SOSHIOTSUKI X ZARA 100% 울 미디 스커트,https://www.zara.com/kr/ko/soshiotsuki-x-zara-100-%E1%84%8B%E1%85%AE%E1%86%AF-%E1%84%86%E1%85%B5%E1%84%83%E1%85%B5-%E1%84%89%E1%85%B3%E1%84%8F%E1%85%A5%E1%84%90%E1%85%B3-p04192166.html,https://static.zara.net/assets/public/bb46/d0d8/a52b439b8760/ceb315dd9d58/04192166532-f1/04192166532-f1.jpg?ts=1769678111463,"₩109,900",,,260622,다크 보틀,,,,
,false,,ZARA,기타,SWEATSHIRT,여성,크롭 후드 스웨트셔츠,https://www.zara.com/kr/ko/%E1%84%8F%E1%85%B3%E1%84%85%E1%85%A9%E1%86%B8-%E1%84%92%E1%85%AE%E1%84%83%E1%85%B3-%E1%84%89%E1%85%B3%E1%84%8B%E1%85%B0%E1%84%90%E1%85%B3%E1%84%89%E1%85%A7%E1%84%8E%E1%85%B3-p03199303.html,https://static.zara.net/assets/public/23d3/cafc/20084cadb9c5/f9e6f9dee8e3/03199303626-p/03199303626-p.jpg?ts=1767774290202,"₩55,900",,,260622,화이트 로즈핑크,,,,
,false,,ZARA,바지,슬랙스,여성,플러시 스트레이트 팬츠,https://www.zara.com/kr/ko/%E1%84%89%E1%85%B3%E1%84%90%E1%85%B3%E1%84%85%E1%85%A6%E1%84%8B%E1%85%B5%E1%84%90%E1%85%B3-%E1%84%91%E1%85%B3%E1%86%AF%E1%84%85%E1%85%A5%E1%84%89%E1%85%B5-%E1%84%91%E1%85%A2%E1%86%AB%E1%84%8E%E1%85%B3-p03199304.html,https://static.zara.net/assets/public/5f5d/a57c/ab444a2dbb0b/d09b264133fd/03199304626-p/03199304626-p.jpg?ts=1767774299119,"₩49,900",,,260622,화이트 로즈핑크,,,,
,false,,ZARA,상의,셔츠/블라우스,여성,Z1975 쇼트 데님 셔츠,https://www.zara.com/kr/ko/z1975-%E1%84%89%E1%85%AD%E1%84%90%E1%85%B3-%E1%84%83%E1%85%A6%E1%84%82%E1%85%B5%E1%86%B7-%E1%84%89%E1%85%A7%E1%84%8E%E1%85%B3-p01416034.html,https://static.zara.net/assets/public/c6eb/efe8/d6354bb6aaed/2db69fa0230a/01416034427-p/01416034427-p.jpg?ts=1774529256651,"₩55,900",,,260622,미디움 블루,,,,
,false,,ZARA,바지,버뮤다 팬츠,여성,Z1975 크로스 데님 스커트 팬츠,https://www.zara.com/kr/ko/z1975-%E1%84%8F%E1%85%B3%E1%84%85%E1%85%A9%E1%84%89%E1%85%B3-%E1%84%83%E1%85%A6%E1%84%82%E1%85%B5%E1%86%B7-%E1%84%89%E1%85%B3%E1%84%8F%E1%85%A5%E1%84%90%E1%85%B3-%E1%84%91%E1%85%A2%E1%86%AB%E1%84%8E%E1%85%B3-p01416035.html,https://static.zara.net/assets/public/7eb8/5a1f/6d4441beb040/80f4935dc5b3/01416035427-p/01416035427-p.jpg?ts=1774529256740,"₩49,900",,,260622,미디움 블루,,,,
,false,,ZARA,상의,가디건,여성,스트럭처 니트 재킷,https://www.zara.com/kr/ko/%E1%84%89%E1%85%B3%E1%84%90%E1%85%B3%E1%84%85%E1%85%A5%E1%86%A8%E1%84%8E%E1%85%A5-%E1%84%82%E1%85%B5%E1%84%90%E1%85%B3-%E1%84%8C%E1%85%A2%E1%84%8F%E1%85%B5%E1%86%BA-p04192071.html,https://static.zara.net/assets/public/dd29/7f0e/951a46c7bd3f/201d70907bb0/04192071712-f1/04192071712-f1.jpg?ts=1773247536443,"₩59,900",,,260622,크림,,,,
,false,,ZARA,치마,스커트,여성,벌룬 스트럭처 니트 콤비 스커트,https://www.zara.com/kr/ko/%E1%84%87%E1%85%A5%E1%86%AF%E1%84%85%E1%85%AE%E1%86%AB-%E1%84%89%E1%85%B3%E1%84%90%E1%85%B3%E1%84%85%E1%85%A5%E1%86%A8%E1%84%8E%E1%85%A5-%E1%84%82%E1%85%B5%E1%84%90%E1%85%B3-%E1%84%86%E1%85%B5%E1%86%A8%E1%84%89%E1%85%B3-%E1%84%89%E1%85%B3%E1%84%8F%E1%85%A5%E1%84%90%E1%85%B3-p04192073.html,https://static.zara.net/assets/public/e999/1410/c3dd458084b5/9005caea8d47/04192073712-f1/04192073712-f1.jpg?ts=1773247533771,"₩79,900",,,260622,크림,,,,
,false,,ZARA,상의,셔츠/블라우스,여성,Z1975 와이드 슬리브 데님 셔츠,https://www.zara.com/kr/ko/z1975-%E1%84%8B%E1%85%AA%E1%84%8B%E1%85%B5%E1%84%83%E1%85%B3-%E1%84%89%E1%85%B3%E1%86%AF%E1%84%85%E1%85%B5%E1%84%87%E1%85%B3-%E1%84%83%E1%85%A6%E1%84%82%E1%85%B5%E1%86%B7-%E1%84%89%E1%85%A7%E1%84%8E%E1%85%B3-p01416024.html,https://static.zara.net/assets/public/60df/a71e/a60e4ab1ab84/e54c6ba1f524/01416024427-p/01416024427-p.jpg?ts=1772035578838,"₩55,900",,,260622,미디움 블루,,,,
,false,,ZARA,바지,슬랙스,여성,JEANS Z1975 WIDE LEG 미드라이즈 핀턱,https://www.zara.com/kr/ko/jeans-z1975-wide-leg-%E1%84%86%E1%85%B5%E1%84%83%E1%85%B3%E1%84%85%E1%85%A1%E1%84%8B%E1%85%B5%E1%84%8C%E1%85%B3-%E1%84%91%E1%85%B3%E1%86%AF%E1%84%85%E1%85%A2%E1%86%BA-%E1%84%91%E1%85%B3%E1%84%85%E1%85%A9%E1%86%AB%E1%84%90%E1%85%B3-p01416026.html,https://static.zara.net/assets/public/3904/1eb1/86d14c828375/a339bc62aa56/01416026427-p/01416026427-p.jpg?ts=1772035580437,"₩59,900",,,260622,미디움 블루,,,,
,false,,ZARA,상의,셔츠/블라우스,여성,자수 카프탄 블라우스,https://www.zara.com/kr/ko/%E1%84%8C%E1%85%A1%E1%84%89%E1%85%AE-%E1%84%8F%E1%85%A1%E1%84%91%E1%85%B3%E1%84%90%E1%85%A1%E1%86%AB-%E1%84%87%E1%85%B3%E1%86%AF%E1%84%85%E1%85%A1%E1%84%8B%E1%85%AE%E1%84%89%E1%85%B3-p07969038.html,https://static.zara.net/assets/public/737a/9567/94c34bcc82b6/326955351e5d/07969038086-f1/07969038086-f1.jpg?ts=1778066607953,"₩109,900",,,260622,"크림,브라운",,,,
,false,,ZARA,바지,버뮤다 팬츠,여성,벨트 스트라이프 버뮤다 팬츠,https://www.zara.com/kr/ko/%E1%84%87%E1%85%A6%E1%86%AF%E1%84%90%E1%85%B3-%E1%84%89%E1%85%B3%E1%84%90%E1%85%B3%E1%84%85%E1%85%A1%E1%84%8B%E1%85%B5%E1%84%91%E1%85%B3-%E1%84%87%E1%85%A5%E1%84%86%E1%85%B2%E1%84%83%E1%85%A1-%E1%84%91%E1%85%A2%E1%86%AB%E1%84%8E%E1%85%B3-p01608043.html,https://static.zara.net/assets/public/f889/8298/23864577a362/b55ebb1059b4/01608043105-p/01608043105-p.jpg?ts=1778076398096,"₩57,900",,,260622,스트라이프,,,,
,false,,ZARA,상의,탑,여성,링클 페이크 리본 니트 스웨터,https://www.zara.com/kr/ko/%E1%84%85%E1%85%B5%E1%84%87%E1%85%A9%E1%86%AB-%E1%84%85%E1%85%B5%E1%86%BC%E1%84%8F%E1%85%B3%E1%86%AF-%E1%84%91%E1%85%A6%E1%84%8B%E1%85%B5%E1%84%8F%E1%85%B3-%E1%84%82%E1%85%B5%E1%84%90%E1%85%B3-%E1%84%89%E1%85%B3%E1%84%8B%E1%85%B0%E1%84%90%E1%85%A5-p02142060.html,https://static.zara.net/assets/public/3dd6/04d6/c5f047e593cf/c1e599a036bf/02142060942-p/02142060942-p.jpg?ts=1771247041104,"₩59,900",,,260622,베이지 핑크,,,,
,false,,ZARA,치마,스커트,여성,링클 페이크 니트 미디 스커트,https://www.zara.com/kr/ko/%E1%84%85%E1%85%B5%E1%86%BC%E1%84%8F%E1%85%B3%E1%86%AF-%E1%84%91%E1%85%A6%E1%84%8B%E1%85%B5%E1%84%8F%E1%85%B3-%E1%84%82%E1%85%B5%E1%84%90%E1%85%B3-%E1%84%86%E1%85%B5%E1%84%83%E1%85%B5-%E1%84%89%E1%85%B3%E1%84%8F%E1%85%A5%E1%84%90%E1%85%B3-p02142059.html,https://static.zara.net/assets/public/a829/9239/82d445e2adab/8c7d8406e202/02142059942-p/02142059942-p.jpg?ts=1771247035313,"₩59,900",,,260622,베이지 핑크,,,,
,false,,ZARA,아우터,블레이저,여성,하이넥 봄버 재킷,https://www.zara.com/kr/ko/%E1%84%92%E1%85%A1%E1%84%8B%E1%85%B5%E1%84%82%E1%85%A6%E1%86%A8-%E1%84%87%E1%85%A9%E1%86%B7%E1%84%87%E1%85%A5-%E1%84%8C%E1%85%A2%E1%84%8F%E1%85%B5%E1%86%BA-p02101848.html,https://static.zara.net/assets/public/152b/6568/009b4adea841/1250092cdf34/02101848719-p/02101848719-p.jpg?ts=1765364460949,"₩99,900",,,260622,비고레 브라운,,,,
,false,,ZARA,바지,슬랙스,여성,하이웨이스트 스트레이트 팬츠,https://www.zara.com/kr/ko/%E1%84%92%E1%85%A1%E1%84%8B%E1%85%B5%E1%84%8B%E1%85%B0%E1%84%8B%E1%85%B5%E1%84%89%E1%85%B3%E1%84%90%E1%85%B3-%E1%84%89%E1%85%B3%E1%84%90%E1%85%B3%E1%84%85%E1%85%A6%E1%84%8B%E1%85%B5%E1%84%90%E1%85%B3-%E1%84%91%E1%85%A2%E1%86%AB%E1%84%8E%E1%85%B3-p02111848.html,https://static.zara.net/assets/public/d44a/9450/d2994a5c8553/42bde90aa48b/02111848719-p/02111848719-p.jpg?ts=1765364462285,"₩55,900",,,260622,비고레 브라운,,,,
,false,,ZARA,상의,셔츠/블라우스,여성,펀칭 자수 셔츠,https://www.zara.com/kr/ko/%E1%84%91%E1%85%A5%E1%86%AB%E1%84%8E%E1%85%B5%E1%86%BC-%E1%84%8C%E1%85%A1%E1%84%89%E1%85%AE-%E1%84%89%E1%85%A7%E1%84%8E%E1%85%B3-p03564087.html,https://static.zara.net/assets/public/bb4e/469c/869945639780/e7c0ca0c62a4/03564087700-p/03564087700-p.jpg?ts=1774886396918,"₩55,900",,,260622,브라운,,,,
,false,,ZARA,바지,슬랙스,여성,펀칭 자수 큐롯 팬츠,https://www.zara.com/kr/ko/%E1%84%91%E1%85%A5%E1%86%AB%E1%84%8E%E1%85%B5%E1%86%BC-%E1%84%8C%E1%85%A1%E1%84%89%E1%85%AE-%E1%84%8F%E1%85%B2%E1%84%85%E1%85%A9%E1%86%BA-%E1%84%91%E1%85%A2%E1%86%AB%E1%84%8E%E1%85%B3-p03564089.html,https://static.zara.net/assets/public/8c03/45be/ba164ce8bf7f/4234ad834f9e/03564089700-p/03564089700-p.jpg?ts=1774886657602,"₩59,900",,,260622,브라운,,,,
,false,,ZARA,기타,SWEATSHIRT,여성,케이프 슬리브 스웨트셔츠,https://www.zara.com/kr/ko/%E1%84%8F%E1%85%A6%E1%84%8B%E1%85%B5%E1%84%91%E1%85%B3-%E1%84%89%E1%85%B3%E1%86%AF%E1%84%85%E1%85%B5%E1%84%87%E1%85%B3-%E1%84%89%E1%85%B3%E1%84%8B%E1%85%B0%E1%84%90%E1%85%B3%E1%84%89%E1%85%A7%E1%84%8E%E1%85%B3-p03253340.html,https://static.zara.net/assets/public/62a5/d8e3/e719455a9b92/13c10c5cdc52/03253340712-p/03253340712-p.jpg?ts=1775054822728,"₩35,900",,,260622,크림,,,,
,false,,ZARA,바지,슬랙스,여성,언밸런스 웨이스트 팬츠,https://www.zara.com/kr/ko/%E1%84%8B%E1%85%A5%E1%86%AB%E1%84%87%E1%85%A2%E1%86%AF%E1%84%85%E1%85%A5%E1%86%AB%E1%84%89%E1%85%B3-%E1%84%8B%E1%85%B0%E1%84%8B%E1%85%B5%E1%84%89%E1%85%B3%E1%84%90%E1%85%B3-%E1%84%91%E1%85%A2%E1%86%AB%E1%84%8E%E1%85%B3-p03253341.html,https://static.zara.net/assets/public/4b66/185d/e43844c59a58/52319e6e8812/03253341712-p/03253341712-p.jpg?ts=1775054828542,"₩49,900",,,260622,크림,,,,
,false,,ZARA,상의,셔츠/블라우스,여성,스트라이프 사파리 셔츠,https://www.zara.com/kr/ko/%E1%84%89%E1%85%B3%E1%84%90%E1%85%B3%E1%84%85%E1%85%A1%E1%84%8B%E1%85%B5%E1%84%91%E1%85%B3-%E1%84%89%E1%85%A1%E1%84%91%E1%85%A1%E1%84%85%E1%85%B5-%E1%84%89%E1%85%A7%E1%84%8E%E1%85%B3-p03070900.html,https://static.zara.net/assets/public/252c/e1c2/a6194bd7828d/ef96d83903bc/03070900017-f1/03070900017-f1.jpg?ts=1779378200652,"₩59,900",,,260622,"브라운,화이트",,,,
,false,,ZARA,바지,슬랙스,여성,스트라이프 와이드 팬츠,https://www.zara.com/kr/ko/%E1%84%89%E1%85%B3%E1%84%90%E1%85%B3%E1%84%85%E1%85%A1%E1%84%8B%E1%85%B5%E1%84%91%E1%85%B3-%E1%84%8B%E1%85%AA%E1%84%8B%E1%85%B5%E1%84%83%E1%85%B3-%E1%84%91%E1%85%A2%E1%86%AB%E1%84%8E%E1%85%B3-p07710900.html,https://static.zara.net/assets/public/3472/bcc2/76ab4d9d87df/43997ad72ebb/07710900017-f1/07710900017-f1.jpg?ts=1779435929466,"₩57,900",,,260622,"브라운,화이트",,,,
,false,,ZARA,아우터,블레이저,여성,비즈 장식 숏 슬리브 사파리 재킷,https://www.zara.com/kr/ko/%E1%84%87%E1%85%B5%E1%84%8C%E1%85%B3-%E1%84%8C%E1%85%A1%E1%86%BC%E1%84%89%E1%85%B5%E1%86%A8-%E1%84%89%E1%85%AD%E1%86%BA-%E1%84%89%E1%85%B3%E1%86%AF%E1%84%85%E1%85%B5%E1%84%87%E1%85%B3-%E1%84%89%E1%85%A1%E1%84%91%E1%85%A1%E1%84%85%E1%85%B5-%E1%84%8C%E1%85%A2%E1%84%8F%E1%85%B5%E1%86%BA-p08372327.html,https://static.zara.net/assets/public/f6cb/6b21/089546db85f4/8db3afde98ec/08372327749-f1/08372327749-f1.jpg?ts=1779877168610,"₩59,900",,,260622,다크 데님,,,,
,false,,ZARA,바지,버뮤다 팬츠,여성,엘라스틱 웨이스트 버뮤다 팬츠,https://www.zara.com/kr/ko/%E1%84%8B%E1%85%A6%E1%86%AF%E1%84%85%E1%85%A1%E1%84%89%E1%85%B3%E1%84%90%E1%85%B5%E1%86%A8-%E1%84%8B%E1%85%B0%E1%84%8B%E1%85%B5%E1%84%89%E1%85%B3%E1%84%90%E1%85%B3-%E1%84%87%E1%85%A5%E1%84%86%E1%85%B2%E1%84%83%E1%85%A1-%E1%84%91%E1%85%A2%E1%86%AB%E1%84%8E%E1%85%B3-p08372227.html,https://static.zara.net/assets/public/a6d8/c492/5f52439e994d/bfbbf155fd16/08372227749-p/08372227749-p.jpg?ts=1779806284702,"₩49,900",,,260622,다크 데님,,,,
,false,,ZARA,상의,셔츠/블라우스,여성,ZW 컬렉션 벌룬 슬리브 셔츠,https://www.zara.com/kr/ko/zw-%E1%84%8F%E1%85%A5%E1%86%AF%E1%84%85%E1%85%A6%E1%86%A8%E1%84%89%E1%85%A7%E1%86%AB-%E1%84%87%E1%85%A5%E1%86%AF%E1%84%85%E1%85%AE%E1%86%AB-%E1%84%89%E1%85%B3%E1%86%AF%E1%84%85%E1%85%B5%E1%84%87%E1%85%B3-%E1%84%89%E1%85%A7%E1%84%8E%E1%85%B3-p04043071.html,https://static.zara.net/assets/public/9bc6/6c3c/4804411a8193/a8b9a9d6b135/04043071600-p/04043071600-p.jpg?ts=1776155292825,"₩59,900",,,260622,레드,,,,
,false,,ZARA,치마,스커트,여성,ZW 컬렉션 포플린 미디 스커트,https://www.zara.com/kr/ko/zw-%E1%84%8F%E1%85%A5%E1%86%AF%E1%84%85%E1%85%A6%E1%86%A8%E1%84%89%E1%85%A7%E1%86%AB-%E1%84%91%E1%85%A9%E1%84%91%E1%85%B3%E1%86%AF%E1%84%85%E1%85%B5%E1%86%AB-%E1%84%86%E1%85%B5%E1%84%83%E1%85%B5-%E1%84%89%E1%85%B3%E1%84%8F%E1%85%A5%E1%84%90%E1%85%B3-p04043378.html,https://static.zara.net/assets/public/145b/b7a5/136141f3b7ff/6501e99c43fa/04043378600-p/04043378600-p.jpg?ts=1776155294860,"₩59,900",,,260622,레드,,,,
,false,,ZARA,상의,탑,여성,피케 언밸런스 탑,https://www.zara.com/kr/ko/%E1%84%8B%E1%85%A5%E1%86%AB%E1%84%87%E1%85%A2%E1%86%AF%E1%84%85%E1%85%A5%E1%86%AB%E1%84%89%E1%85%B3-%E1%84%91%E1%85%B5%E1%84%8F%E1%85%A6-%E1%84%90%E1%85%A1%E1%86%B8-p05067155.html,https://static.zara.net/assets/public/2ebc/e079/4c8b49b69c9f/443cb135b1ed/05067155712-f1/05067155712-f1.jpg?ts=1770637864912,"₩45,900",,,260622,크림,,,,
,false,,ZARA,바지,슬랙스,여성,벨티드 피케 팬츠,https://www.zara.com/kr/ko/%E1%84%87%E1%85%A6%E1%86%AF%E1%84%90%E1%85%B5%E1%84%83%E1%85%B3-%E1%84%91%E1%85%B5%E1%84%8F%E1%85%A6-%E1%84%91%E1%85%A2%E1%86%AB%E1%84%8E%E1%85%B3-p05067154.html,https://static.zara.net/assets/public/6f46/25de/59774da8bfe6/25748b619f2e/05067154712-f1/05067154712-f1.jpg?ts=1770637896038,"₩55,900",,,260622,크림,,,,
,false,,ZARA,상의,셔츠/블라우스,여성,Z1975 데님 크로셰 콤비 탑,https://www.zara.com/kr/ko/z1975-%E1%84%83%E1%85%A6%E1%84%82%E1%85%B5%E1%86%B7-%E1%84%8F%E1%85%B3%E1%84%85%E1%85%A9%E1%84%89%E1%85%A8-%E1%84%8F%E1%85%A9%E1%86%B7%E1%84%87%E1%85%B5-%E1%84%90%E1%85%A1%E1%86%B8-p07147038.html,https://static.zara.net/assets/public/b592/cfce/8b864d189736/3887b27c6ff0/07147038427-f1/07147038427-f1.jpg?ts=1777562395847,"₩49,900",,,260622,미디움 블루,,,,
,false,,ZARA,바지,슬랙스,여성,JEANS Z1975 LOOSE FIT 미드라이즈 크로셰 콤비,https://www.zara.com/kr/ko/jeans-z1975-loose-fit-%E1%84%86%E1%85%B5%E1%84%83%E1%85%B3%E1%84%85%E1%85%A1%E1%84%8B%E1%85%B5%E1%84%8C%E1%85%B3-%E1%84%8F%E1%85%B3%E1%84%85%E1%85%A9%E1%84%89%E1%85%A8-%E1%84%8F%E1%85%A9%E1%86%B7%E1%84%87%E1%85%B5-p07147039.html,https://static.zara.net/assets/public/394b/7c04/f1cd4a8d8367/749d47de0fc1/07147039427-f1/07147039427-f1.jpg?ts=1777562396443,"₩89,900",,,260622,미디움 블루,,,,
,false,,ZARA,아우터,블레이저,여성,린넨 롤업 슬리브 더블 브레스트 블레이저,https://www.zara.com/kr/ko/%E1%84%85%E1%85%B5%E1%86%AB%E1%84%82%E1%85%A6%E1%86%AB-%E1%84%85%E1%85%A9%E1%86%AF%E1%84%8B%E1%85%A5%E1%86%B8-%E1%84%89%E1%85%B3%E1%86%AF%E1%84%85%E1%85%B5%E1%84%87%E1%85%B3-%E1%84%83%E1%85%A5%E1%84%87%E1%85%B3%E1%86%AF-%E1%84%87%E1%85%B3%E1%84%85%E1%85%A6%E1%84%89%E1%85%B3%E1%84%90%E1%85%B3-%E1%84%87%E1%85%B3%E1%86%AF%E1%84%85%E1%85%A6%E1%84%8B%E1%85%B5%E1%84%8C%E1%85%A5-p02518759.html,https://static.zara.net/assets/public/f0c8/5225/df384a78a801/6dcdba645135/02518759732-f1/02518759732-f1.jpg?ts=1772624164732,"₩89,900",,,260622,카라멜,,,,
,false,,ZARA,바지,슬랙스,여성,린넨 스트레이트 팬츠,https://www.zara.com/kr/ko/%E1%84%85%E1%85%B5%E1%86%AB%E1%84%82%E1%85%A6%E1%86%AB-%E1%84%89%E1%85%B3%E1%84%90%E1%85%B3%E1%84%85%E1%85%A6%E1%84%8B%E1%85%B5%E1%84%90%E1%85%B3-%E1%84%91%E1%85%A2%E1%86%AB%E1%84%8E%E1%85%B3-p02517759.html,https://static.zara.net/assets/public/4a8e/6675/2bf84b018e85/5744f767e082/02517759732-000-f1/02517759732-000-f1.jpg?ts=1772799276349,"₩59,900",,,260622,카라멜,,,,
,false,,ZARA,상의,셔츠/블라우스,여성,메탈릭 얀 스트라이프 셔츠,https://www.zara.com/kr/ko/%E1%84%86%E1%85%A6%E1%84%90%E1%85%A1%E1%86%AF%E1%84%85%E1%85%B5%E1%86%A8-%E1%84%8B%E1%85%A3%E1%86%AB-%E1%84%89%E1%85%B3%E1%84%90%E1%85%B3%E1%84%85%E1%85%A1%E1%84%8B%E1%85%B5%E1%84%91%E1%85%B3-%E1%84%89%E1%85%A7%E1%84%8E%E1%85%B3-p02819693.html,https://static.zara.net/assets/public/c502/0950/af974639a599/e14679423aac/02819693330-000-p/02819693330-000-p.jpg?ts=1777557466838,"₩55,900",,,260622,멀티컬러,,,,
,false,,ZARA,바지,슬랙스,여성,메탈릭 얀 스트라이프 와이드 팬츠,https://www.zara.com/kr/ko/%E1%84%86%E1%85%A6%E1%84%90%E1%85%A1%E1%86%AF%E1%84%85%E1%85%B5%E1%86%A8-%E1%84%8B%E1%85%A3%E1%86%AB-%E1%84%89%E1%85%B3%E1%84%90%E1%85%B3%E1%84%85%E1%85%A1%E1%84%8B%E1%85%B5%E1%84%91%E1%85%B3-%E1%84%8B%E1%85%AA%E1%84%8B%E1%85%B5%E1%84%83%E1%85%B3-%E1%84%91%E1%85%A2%E1%86%AB%E1%84%8E%E1%85%B3-p02825693.html,https://static.zara.net/assets/public/3988/7cbf/682246819c10/ac4e171fac79/02825693330-000-f1/02825693330-000-f1.jpg?ts=1777557460763,"₩59,900",,,260622,멀티컬러,,,,
,false,,ZARA,상의,셔츠/블라우스,여성,쇼트 슬리브 플루이드 셔츠,https://www.zara.com/kr/ko/%E1%84%89%E1%85%AD%E1%84%90%E1%85%B3-%E1%84%89%E1%85%B3%E1%86%AF%E1%84%85%E1%85%B5%E1%84%87%E1%85%B3-%E1%84%91%E1%85%B3%E1%86%AF%E1%84%85%E1%85%AE%E1%84%8B%E1%85%B5%E1%84%83%E1%85%B3-%E1%84%89%E1%85%A7%E1%84%8E%E1%85%B3-p04387021.html,https://static.zara.net/assets/public/4262/fcbe/55d8446489f9/c23c04de6f6f/04387021712-f1/04387021712-f1.jpg?ts=1770801246433,"₩45,900",,,260622,크림,,,,
,false,,ZARA,바지,슬랙스,여성,루즈핏 스트레이트 팬츠,https://www.zara.com/kr/ko/%E1%84%85%E1%85%AE%E1%84%8C%E1%85%B3%E1%84%91%E1%85%B5%E1%86%BA-%E1%84%89%E1%85%B3%E1%84%90%E1%85%B3%E1%84%85%E1%85%A6%E1%84%8B%E1%85%B5%E1%84%90%E1%85%B3-%E1%84%91%E1%85%A2%E1%86%AB%E1%84%8E%E1%85%B3-p04387023.html,https://static.zara.net/assets/public/8145/8944/67fc41ed9fbb/8e0bbff89aac/04387023712-p/04387023712-p.jpg?ts=1771937255043,"₩49,900",,,260622,크림,,,,
,false,,ZARA,상의,셔츠/블라우스,여성,Z1975 쇼트 슬리브 데님 셔츠,https://www.zara.com/kr/ko/z1975-%E1%84%89%E1%85%AD%E1%84%90%E1%85%B3-%E1%84%89%E1%85%B3%E1%86%AF%E1%84%85%E1%85%B5%E1%84%87%E1%85%B3-%E1%84%83%E1%85%A6%E1%84%82%E1%85%B5%E1%86%B7-%E1%84%89%E1%85%A7%E1%84%8E%E1%85%B3-p03593028.html,https://static.zara.net/assets/public/07b7/775d/38de407091c1/7a29d9c4b5f9/03593028427-f1/03593028427-f1.jpg?ts=1776087010130,"₩55,900",,,260622,미디움 블루,,,,
,false,,ZARA,바지,슬랙스,여성,JEANS Z1975 WIDE LEG 하이웨이스트,https://www.zara.com/kr/ko/jeans-z1975-wide-leg-%E1%84%92%E1%85%A1%E1%84%8B%E1%85%B5%E1%84%8B%E1%85%B0%E1%84%8B%E1%85%B5%E1%84%89%E1%85%B3%E1%84%90%E1%85%B3-p03593029.html,https://static.zara.net/assets/public/2c8a/2e58/01734dd192aa/3786728fcd4b/03593029427-p/03593029427-p.jpg?ts=1777384290113,"₩57,900",,,260622,미디움 블루,,,,
,false,,ZARA,아우터,블레이저,여성,라펠 칼라 더블 브레스트 블레이저,https://www.zara.com/kr/ko/%E1%84%85%E1%85%A1%E1%84%91%E1%85%A6%E1%86%AF-%E1%84%8F%E1%85%A1%E1%86%AF%E1%84%85%E1%85%A1-%E1%84%83%E1%85%A5%E1%84%87%E1%85%B3%E1%86%AF-%E1%84%87%E1%85%B3%E1%84%85%E1%85%A6%E1%84%89%E1%85%B3%E1%84%90%E1%85%B3-%E1%84%87%E1%85%B3%E1%86%AF%E1%84%85%E1%85%A6%E1%84%8B%E1%85%B5%E1%84%8C%E1%85%A5-p02427686.html,https://static.zara.net/assets/public/7301/d0a9/324b4eb2b275/35402729c87f/02427686700-p/02427686700-p.jpg?ts=1770917297171,"₩99,900",,,260622,브라운,,,,
,false,,ZARA,바지,버뮤다 팬츠,여성,플리츠 롱 버뮤다 팬츠,https://www.zara.com/kr/ko/%E1%84%91%E1%85%B3%E1%86%AF%E1%84%85%E1%85%B5%E1%84%8E%E1%85%B3-%E1%84%85%E1%85%A9%E1%86%BC-%E1%84%87%E1%85%A5%E1%84%86%E1%85%B2%E1%84%83%E1%85%A1-%E1%84%91%E1%85%A2%E1%86%AB%E1%84%8E%E1%85%B3-p02570686.html,https://static.zara.net/assets/public/96c8/afe7/7ef240fbb683/3e3197ba919c/02570686700-p/02570686700-p.jpg?ts=1770917261104,"₩55,900",,,260622,브라운,,,,
,false,,ZARA,아우터,블레이저,여성,ZW 컬렉션 스티치 크롭 블레이저,https://www.zara.com/kr/ko/zw-%E1%84%8F%E1%85%A5%E1%86%AF%E1%84%85%E1%85%A6%E1%86%A8%E1%84%89%E1%85%A7%E1%86%AB-%E1%84%89%E1%85%B3%E1%84%90%E1%85%B5%E1%84%8E%E1%85%B5-%E1%84%8F%E1%85%B3%E1%84%85%E1%85%A9%E1%86%B8-%E1%84%87%E1%85%B3%E1%86%AF%E1%84%85%E1%85%A6%E1%84%8B%E1%85%B5%E1%84%8C%E1%85%A5-p02130797.html,https://static.zara.net/assets/public/6c78/f614/446b4095b63d/2ab338ebf61e/02130797800-p/02130797800-p.jpg?ts=1768559335903,"₩169,900",,,260622,블랙,,,,
,false,,ZARA,바지,슬랙스,여성,ZW 컬렉션 크롭 팬츠,https://www.zara.com/kr/ko/zw-%E1%84%8F%E1%85%A5%E1%86%AF%E1%84%85%E1%85%A6%E1%86%A8%E1%84%89%E1%85%A7%E1%86%AB-%E1%84%8F%E1%85%B3%E1%84%85%E1%85%A9%E1%86%B8-%E1%84%91%E1%85%A2%E1%86%AB%E1%84%8E%E1%85%B3-p09479041.html,https://static.zara.net/assets/public/3b41/691a/6c034186a2de/32424fc60e77/09479041800-p/09479041800-p.jpg?ts=1768559350599,"₩89,900",,,260622,블랙,,,,
,false,,ZARA,기타,WIND-JACKET,여성,ZW 컬렉션 토글 데님 재킷,https://www.zara.com/kr/ko/zw-%E1%84%8F%E1%85%A5%E1%86%AF%E1%84%85%E1%85%A6%E1%86%A8%E1%84%89%E1%85%A7%E1%86%AB-%E1%84%8B%E1%85%A1%E1%86%AF%E1%84%85%E1%85%A1%E1%84%86%E1%85%A1%E1%84%85%E1%85%B3-%E1%84%83%E1%85%A6%E1%84%82%E1%85%B5%E1%86%B7-%E1%84%8C%E1%85%A2%E1%84%8F%E1%85%B5%E1%86%BA-p05216081.html,https://static.zara.net/assets/public/dfdf/0272/502e4da6a013/982c8ef420b5/05216081406-f1/05216081406-f1.jpg?ts=1779874153046,"₩109,900",,,260622,라이트 블루,,,,
,false,,ZARA,바지,슬랙스,여성,ZW 컬렉션 데님 팬츠,https://www.zara.com/kr/ko/zw-%E1%84%8F%E1%85%A5%E1%86%AF%E1%84%85%E1%85%A6%E1%86%A8%E1%84%89%E1%85%A7%E1%86%AB-%E1%84%83%E1%85%A6%E1%84%82%E1%85%B5%E1%86%B7-%E1%84%91%E1%85%A2%E1%86%AB%E1%84%8E%E1%85%B3-p05216082.html,https://static.zara.net/assets/public/2944/421c/af5640cab07c/5a7d4ff6c4b6/05216082406-f1/05216082406-f1.jpg?ts=1779720342675,"₩89,900",,,260622,라이트 블루,,,,
,false,,ZARA,상의,티셔츠,여성,슬리브리스 탑,https://www.zara.com/kr/ko/%E1%84%89%E1%85%B3%E1%86%AF%E1%84%85%E1%85%B5%E1%84%87%E1%85%B3%E1%84%85%E1%85%B5%E1%84%89%E1%85%B3-%E1%84%90%E1%85%A1%E1%86%B8-p05644010.html,https://static.zara.net/assets/public/61fa/5a30/146644ddb3eb/34a57306555e/05644010802-p/05644010802-p.jpg?ts=1767965259262,"₩39,900",,,260622,그레이,,,,
,false,,ZARA,바지,슬랙스,여성,크로스 오버 버튼 팬츠,https://www.zara.com/kr/ko/%E1%84%87%E1%85%A5%E1%84%90%E1%85%B3%E1%86%AB-%E1%84%85%E1%85%A2%E1%86%B8-%E1%84%91%E1%85%A2%E1%86%AB%E1%84%8E%E1%85%B3-p05644011.html,https://static.zara.net/assets/public/2f20/7f3e/b65a4726a93e/e7c5ef0cfdde/05644011802-f1/05644011802-f1.jpg?ts=1769013618510,"₩55,900",,,260622,그레이,,,,
,false,,ZARA,상의,탑,여성,플록 튤 홀터 탑,https://www.zara.com/kr/ko/%E1%84%91%E1%85%B3%E1%86%AF%E1%84%85%E1%85%A9%E1%86%A8-%E1%84%90%E1%85%B2%E1%86%AF-%E1%84%92%E1%85%A9%E1%86%AF%E1%84%90%E1%85%A5%E1%84%82%E1%85%A6%E1%86%A8-%E1%84%90%E1%85%A1%E1%86%B8-p00085308.html,https://static.zara.net/assets/public/66be/3a61/fe0747afba09/97d9b2f097d6/00085308422-f1/00085308422-f1.jpg?ts=1771258220058,"₩39,900",,,260622,다크 블루,,,,
,false,,ZARA,바지,슬랙스,여성,플록 튤 플레어 팬츠,https://www.zara.com/kr/ko/%E1%84%91%E1%85%B3%E1%86%AF%E1%84%85%E1%85%A9%E1%86%A8-%E1%84%90%E1%85%B2%E1%86%AF-%E1%84%91%E1%85%B3%E1%86%AF%E1%84%85%E1%85%A6%E1%84%8B%E1%85%A5-%E1%84%91%E1%85%A2%E1%86%AB%E1%84%8E%E1%85%B3-p00085309.html,https://static.zara.net/assets/public/532a/2d4a/0d5c42d2af15/f10d4df587c0/00085309422-f1/00085309422-f1.jpg?ts=1771253519532,"₩49,900",,,260622,다크 블루,,,,
,false,,ZARA,상의,티셔츠,여성,스트럭처 스트랩 탑,https://www.zara.com/kr/ko/%E1%84%89%E1%85%B3%E1%84%90%E1%85%B3%E1%84%85%E1%85%A5%E1%86%A8%E1%84%8E%E1%85%A5-%E1%84%89%E1%85%B3%E1%84%90%E1%85%B3%E1%84%85%E1%85%A2%E1%86%B8-%E1%84%90%E1%85%A1%E1%86%B8-p04174225.html,https://static.zara.net/assets/public/8467/b7f3/284e40d79995/2b7ef8406ccc/04174225712-f1/04174225712-f1.jpg?ts=1776771655150,"₩29,900",,,260622,크림,,,,
,false,,ZARA,바지,반바지,여성,텍스처 쇼츠,https://www.zara.com/kr/ko/%E1%84%90%E1%85%A6%E1%86%A8%E1%84%89%E1%85%B3%E1%84%8E%E1%85%A5-%E1%84%89%E1%85%AD%E1%84%8E%E1%85%B3-p04174226.html,https://static.zara.net/assets/public/9e9a/4497/75b648b6ab5c/a731b3141dc8/04174226712-f1/04174226712-f1.jpg?ts=1776243287917,"₩29,900",,,260622,크림,,,,
,false,,ZARA,아우터,블레이저,여성,ZW 컬렉션 버튼 하이넥 블레이저,https://www.zara.com/kr/ko/zw-%E1%84%8F%E1%85%A5%E1%86%AF%E1%84%85%E1%85%A6%E1%86%A8%E1%84%89%E1%85%A7%E1%86%AB-%E1%84%92%E1%85%A1%E1%84%8B%E1%85%B5%E1%84%82%E1%85%A6%E1%86%A8-%E1%84%87%E1%85%A5%E1%84%90%E1%85%B3%E1%86%AB-%E1%84%87%E1%85%B3%E1%86%AF%E1%84%85%E1%85%A6%E1%84%8B%E1%85%B5%E1%84%8C%E1%85%A5-p02237570.html,https://static.zara.net/assets/public/f32f/7a32/2bbb4329ad9d/565516cb6fca/02237570800-p/02237570800-p.jpg?ts=1768492024376,"₩169,900",,,260622,블랙,,,,
,false,,ZARA,바지,슬랙스,여성,ZW 컬렉션 와이드 레그 하이웨이스트 팬츠,https://www.zara.com/kr/ko/zw-collection-%E1%84%92%E1%85%A1%E1%84%8B%E1%85%B5%E1%84%8B%E1%85%B0%E1%84%8B%E1%85%B5%E1%84%89%E1%85%B3%E1%84%90%E1%85%B3-%E1%84%8B%E1%85%AA%E1%84%8B%E1%85%B5%E1%84%83%E1%85%B3-%E1%84%85%E1%85%A6%E1%84%80%E1%85%B3-%E1%84%91%E1%85%A2%E1%86%AB%E1%84%8E%E1%85%B3-p07149057.html,https://static.zara.net/assets/public/cb3c/98b3/5a914080af99/3bea8980fb53/07149057800-p/07149057800-p.jpg?ts=1768492024813,"₩89,900",,,260622,블랙,,,,
,false,,ZARA,아우터,블레이저,여성,롤업 슬리브 크롭 재킷,https://www.zara.com/kr/ko/%E1%84%85%E1%85%A9%E1%86%AF%E1%84%8B%E1%85%A5%E1%86%B8-%E1%84%89%E1%85%B3%E1%86%AF%E1%84%85%E1%85%B5%E1%84%87%E1%85%B3-%E1%84%8F%E1%85%B3%E1%84%85%E1%85%A9%E1%86%B8-%E1%84%8C%E1%85%A2%E1%84%8F%E1%85%B5%E1%86%BA-p02753535.html,https://static.zara.net/assets/public/9781/1263/5b9f4c2fa13f/e657f606c057/02753535704-p/02753535704-p.jpg?ts=1774881353146,"₩59,900",,,260622,샌드,,,,
,false,,ZARA,바지,슬랙스,여성,로 라이즈 스트레이트 팬츠,https://www.zara.com/kr/ko/%E1%84%85%E1%85%A9-%E1%84%85%E1%85%A1%E1%84%8B%E1%85%B5%E1%84%8C%E1%85%B3-%E1%84%89%E1%85%B3%E1%84%90%E1%85%B3%E1%84%85%E1%85%A6%E1%84%8B%E1%85%B5%E1%84%90%E1%85%B3-%E1%84%91%E1%85%A2%E1%86%AB%E1%84%8E%E1%85%B3-p02753235.html,https://static.zara.net/assets/public/a8b4/6501/da414edea000/36a642f6429a/02753235704-p/02753235704-p.jpg?ts=1774881347311,"₩57,900",,,260622,샌드,,,,
,false,,ZARA,기타,WIND-JACKET,여성,Z1975 믹스 데님 재킷,https://www.zara.com/kr/ko/z1975-%E1%84%86%E1%85%B5%E1%86%A8%E1%84%89%E1%85%B3-%E1%84%83%E1%85%A6%E1%84%82%E1%85%B5%E1%86%B7-%E1%84%8C%E1%85%A2%E1%84%8F%E1%85%B5%E1%86%BA-p06164212.html,https://static.zara.net/assets/public/d281/14d3/b56a49a790ea/9bf52f9f3206/06164212800-000-p/06164212800-000-p.jpg?ts=1768216850728,"₩89,900",,,260622,블랙,,,,
,false,,ZARA,바지,슬랙스,여성,JEANS Z1975 STRAIGHT 밑단 롤업,https://www.zara.com/kr/ko/jeans-z1975-%E1%84%89%E1%85%B3%E1%84%90%E1%85%B3%E1%84%85%E1%85%A6%E1%84%8B%E1%85%B5%E1%84%90%E1%85%B3-%E1%84%90%E1%85%A5%E1%86%AB%E1%84%8B%E1%85%A5%E1%86%B8-%E1%84%92%E1%85%A6%E1%86%B7-p06164210.html,https://static.zara.net/assets/public/62d7/7672/bbb540a28605/356b5d12aee9/06164210800-000-p/06164210800-000-p.jpg?ts=1768216846217,"₩79,900",,,260622,블랙,,,,
,false,,ZARA,상의,탑,여성,소프트 버튼 재킷,https://www.zara.com/kr/ko/%E1%84%89%E1%85%A9%E1%84%91%E1%85%B3%E1%84%90%E1%85%B3-%E1%84%87%E1%85%A5%E1%84%90%E1%85%B3%E1%86%AB-%E1%84%8C%E1%85%A2%E1%84%8F%E1%85%B5%E1%86%BA-p05039222.html,https://static.zara.net/assets/public/2c8a/6d52/ba234ac589a9/406f6f1eeb23/05039222761-f1/05039222761-f1.jpg?ts=1769211942672,"₩39,900","₩21,900",45,260622,Mocha,,,,
,false,,ZARA,바지,슬랙스,여성,소프트 터치 팔라초 팬츠,https://www.zara.com/kr/ko/%E1%84%89%E1%85%A9%E1%84%91%E1%85%B3%E1%84%90%E1%85%B3-%E1%84%90%E1%85%A5%E1%84%8E%E1%85%B5-%E1%84%91%E1%85%A1%E1%86%AF%E1%84%85%E1%85%A1%E1%84%8E%E1%85%A9-%E1%84%91%E1%85%A2%E1%86%AB%E1%84%8E%E1%85%B3-p05039223.html,https://static.zara.net/assets/public/583e/b79e/720b4a6d8886/01942bd87990/05039223761-f1/05039223761-f1.jpg?ts=1769211983429,"₩45,900","₩29,900",35,260622,Mocha,,,,
,false,,ZARA,상의,탑,여성,텍스처 폴로넥 탑,https://www.zara.com/kr/ko/%E1%84%90%E1%85%A6%E1%86%A8%E1%84%89%E1%85%B3%E1%84%8E%E1%85%A5-%E1%84%91%E1%85%A9%E1%86%AF%E1%84%85%E1%85%A9%E1%84%82%E1%85%A6%E1%86%A8-%E1%84%90%E1%85%A1%E1%86%B8-p02298470.html,https://static.zara.net/assets/public/de82/8b56/4a314560b33a/fabdf1d3b310/02298470066-p/02298470066-p.jpg?ts=1775664927581,"₩49,900",,,260622,"크림,네이비",,,,
,false,,ZARA,바지,슬랙스,여성,텍스처 큐롯 팬츠,https://www.zara.com/kr/ko/%E1%84%90%E1%85%A6%E1%86%A8%E1%84%89%E1%85%B3%E1%84%8E%E1%85%A5-%E1%84%8F%E1%85%B2%E1%84%85%E1%85%A9%E1%86%BA-%E1%84%91%E1%85%A2%E1%86%AB%E1%84%8E%E1%85%B3-p02298469.html,https://static.zara.net/assets/public/a4fc/e2e9/081240abb86d/4017e102cba8/02298469066-p/02298469066-p.jpg?ts=1775664923501,"₩55,900",,,260622,"크림,네이비",,,,
,false,,ZARA,상의,셔츠/블라우스,여성,ZW 컬렉션 린넨 포켓 셔츠,https://www.zara.com/kr/ko/zw-%E1%84%8F%E1%85%A5%E1%86%AF%E1%84%85%E1%85%A6%E1%86%A8%E1%84%89%E1%85%A7%E1%86%AB-100-%E1%84%85%E1%85%B5%E1%86%AB%E1%84%82%E1%85%A6%E1%86%AB-%E1%84%91%E1%85%A9%E1%84%8F%E1%85%A6%E1%86%BA-%E1%84%89%E1%85%A7%E1%84%8E%E1%85%B3-p05344010.html,https://static.zara.net/assets/public/0b77/d21b/1dc644aaac82/ffc14f381a0f/05344010619-f1/05344010619-f1.jpg?ts=1773995304878,"₩79,900",,,260622,라이트 제비꽃,,,,
,false,,ZARA,바지,버뮤다 팬츠,여성,ZW 컬렉션 린넨 쇼츠,https://www.zara.com/kr/ko/zw-%E1%84%8F%E1%85%A5%E1%86%AF%E1%84%85%E1%85%A6%E1%86%A8%E1%84%89%E1%85%A7%E1%86%AB-100-%E1%84%85%E1%85%B5%E1%86%AB%E1%84%82%E1%85%A6%E1%86%AB-%E1%84%89%E1%85%AD%E1%84%8E%E1%85%B3-p04344040.html,https://static.zara.net/assets/public/c4c1/17c0/17254d80b3d8/8d327a696591/04344040619-p/04344040619-p.jpg?ts=1774949050525,"₩59,900",,,260622,라이트 제비꽃,,,,
,false,,ZARA,상의,셔츠/블라우스,여성,스터드 홀터넥 탑,https://www.zara.com/kr/ko/%E1%84%89%E1%85%B3%E1%84%90%E1%85%A5%E1%84%83%E1%85%B3-%E1%84%92%E1%85%A9%E1%86%AF%E1%84%90%E1%85%A5%E1%84%82%E1%85%A6%E1%86%A8-%E1%84%90%E1%85%A1%E1%86%B8-p03777026.html,https://static.zara.net/assets/public/7c2f/e9d7/a60d4a4ab1bf/c062362d9fb4/03777026400-p/03777026400-p.jpg?ts=1781091943015,"₩55,900",,,260622,블루,,,,
,false,,ZARA,바지,슬랙스,여성,배럴 플랫 프론트 팬츠,https://www.zara.com/kr/ko/%E1%84%87%E1%85%A2%E1%84%85%E1%85%A5%E1%86%AF-%E1%84%91%E1%85%B3%E1%86%AF%E1%84%85%E1%85%A2%E1%86%BA-%E1%84%91%E1%85%B3%E1%84%85%E1%85%A9%E1%86%AB%E1%84%90%E1%85%B3-%E1%84%91%E1%85%A2%E1%86%AB%E1%84%8E%E1%85%B3-p03777027.html,https://static.zara.net/assets/public/a20d/fde9/db5542d08bee/f78d230a0d6f/03777027400-f1/03777027400-f1.jpg?ts=1780648834945,"₩59,900",,,260622,블루,,,,
,false,,ZARA,상의,탑,여성,언밸런스 니트 탑,https://www.zara.com/kr/ko/%E1%84%8B%E1%85%A5%E1%86%AB%E1%84%87%E1%85%A2%E1%86%AF%E1%84%85%E1%85%A5%E1%86%AB%E1%84%89%E1%85%B3-%E1%84%82%E1%85%B5%E1%84%90%E1%85%B3-%E1%84%90%E1%85%A1%E1%86%B8-p02893047.html,https://static.zara.net/assets/public/3a0c/350c/98af42bcaf3f/0ed9004812ae/02893047718-p/02893047718-p.jpg?ts=1774881368341,"₩49,900",,,260622,"샌드,브라운",,,,
,false,,ZARA,치마,스커트,여성,니트 미디 스커트,https://www.zara.com/kr/ko/%E1%84%82%E1%85%B5%E1%84%90%E1%85%B3-%E1%84%86%E1%85%B5%E1%84%83%E1%85%B5-%E1%84%89%E1%85%B3%E1%84%8F%E1%85%A5%E1%84%90%E1%85%B3-p02893048.html,https://static.zara.net/assets/public/3d47/4903/771f4df88779/c5c72d6a7aba/02893048718-p/02893048718-p.jpg?ts=1774881368890,"₩57,900",,,260622,"샌드,브라운",,,,
,false,,ZARA,상의,셔츠/블라우스,여성,스트라이프 리본 탑,https://www.zara.com/kr/ko/%E1%84%89%E1%85%A2%E1%84%90%E1%85%B5%E1%86%AB-%E1%84%89%E1%85%B3%E1%84%90%E1%85%B3%E1%84%85%E1%85%A2%E1%86%B8%E1%84%85%E1%85%B5%E1%84%89%E1%85%B3-%E1%84%90%E1%85%A1%E1%86%B8-p07752051.html,https://static.zara.net/assets/public/46e6/8e92/53ad4907ae53/ccbd8f25f0a5/00881003070-f1/00881003070-f1.jpg?ts=1779980739623,"₩45,900",,,260622,"크림,블랙",,,,
,false,,ZARA,바지,슬랙스,여성,스트라이프 타이 벌룬 팬츠,https://www.zara.com/kr/ko/%E1%84%89%E1%85%B3%E1%84%90%E1%85%B3%E1%84%85%E1%85%A1%E1%84%8B%E1%85%B5%E1%84%91%E1%85%B3-%E1%84%85%E1%85%A6%E1%84%8B%E1%85%B5%E1%84%89%E1%85%B3%E1%84%8B%E1%85%A5%E1%86%B8-%E1%84%87%E1%85%A5%E1%86%AF%E1%84%85%E1%85%AE%E1%86%AB-%E1%84%91%E1%85%A2%E1%86%AB%E1%84%8E%E1%85%B3-p00881500.html,https://static.zara.net/assets/public/b338/c440/b31647fa9daa/940f3447523d/00881500070-f1/00881500070-f1.jpg?ts=1780059841174,"₩59,900",,,260622,"크림,블랙",,,,
,false,,ZARA,상의,티셔츠,여성,스트라이프 슬리브리스 탑,https://www.zara.com/kr/ko/%E1%84%89%E1%85%B3%E1%84%90%E1%85%B3%E1%84%85%E1%85%A1%E1%84%8B%E1%85%B5%E1%84%91%E1%85%B3-%E1%84%89%E1%85%B3%E1%86%AF%E1%84%85%E1%85%B5%E1%84%87%E1%85%B3%E1%84%85%E1%85%B5%E1%84%89%E1%85%B3-%E1%84%90%E1%85%A1%E1%86%B8-p05039032.html,https://static.zara.net/assets/public/c691/e202/b3d24340a70b/770812ad6098/05039032400-f1/05039032400-f1.jpg?ts=1776248066103,"₩35,900",,,260622,블루,,,,
,false,,ZARA,치마,스커트,여성,스트라이프 언밸런스 스커트,https://www.zara.com/kr/ko/%E1%84%89%E1%85%B3%E1%84%90%E1%85%B3%E1%84%85%E1%85%A1%E1%84%8B%E1%85%B5%E1%84%91%E1%85%B3-%E1%84%8B%E1%85%A5%E1%86%AB%E1%84%87%E1%85%A2%E1%86%AF%E1%84%85%E1%85%A5%E1%86%AB%E1%84%89%E1%85%B3-%E1%84%89%E1%85%B3%E1%84%8F%E1%85%A5%E1%84%90%E1%85%B3-p05039033.html,https://static.zara.net/assets/public/8ad3/0b58/a6b441f0abf4/04cc51bbb042/05039033400-f1/05039033400-f1.jpg?ts=1776248068445,"₩55,900",,,260622,블루,,,,
,false,,ZARA,아우터,블레이저,여성,린넨 쇼트 슬리브 더블 브레스트 블레이저,https://www.zara.com/kr/ko/%E1%84%85%E1%85%B5%E1%86%AB%E1%84%82%E1%85%A6%E1%86%AB-%E1%84%89%E1%85%AD%E1%84%90%E1%85%B3-%E1%84%89%E1%85%B3%E1%86%AF%E1%84%85%E1%85%B5%E1%84%87%E1%85%B3-%E1%84%83%E1%85%A5%E1%84%87%E1%85%B3%E1%86%AF-%E1%84%87%E1%85%B3%E1%84%85%E1%85%A6%E1%84%89%E1%85%B3%E1%84%90%E1%85%B3-%E1%84%87%E1%85%B3%E1%86%AF%E1%84%85%E1%85%A6%E1%84%8B%E1%85%B5%E1%84%8C%E1%85%A5-p02553998.html,https://static.zara.net/assets/public/4be3/61f5/57a54b0ba154/b86470e33648/02553998052-f1/02553998052-f1.jpg?ts=1774945393884,"₩89,900",,,260622,라이트 베이지,,,,
,false,,ZARA,바지,슬랙스,여성,린넨 와이드 팬츠,https://www.zara.com/kr/ko/%E1%84%85%E1%85%B5%E1%86%AB%E1%84%82%E1%85%A6%E1%86%AB-%E1%84%8B%E1%85%AA%E1%84%8B%E1%85%B5%E1%84%83%E1%85%B3-%E1%84%91%E1%85%A2%E1%86%AB%E1%84%8E%E1%85%B3-p02550998.html,https://static.zara.net/assets/public/afbe/2bf1/d0514bbc88de/f2ac80652be3/02550998052-f1/02550998052-f1.jpg?ts=1774885634159,"₩59,900",,,260622,라이트 베이지,,,,
,false,,ZARA,기타,WIND-JACKET,여성,Z1975 자수 플라워 데님 재킷,https://www.zara.com/kr/ko/z1975-%E1%84%8C%E1%85%A1%E1%84%89%E1%85%AE-%E1%84%91%E1%85%B3%E1%86%AF%E1%84%85%E1%85%A1%E1%84%8B%E1%85%AF-%E1%84%83%E1%85%A6%E1%84%82%E1%85%B5%E1%86%B7-%E1%84%8C%E1%85%A2%E1%84%8F%E1%85%B5%E1%86%BA-%E1%84%89%E1%85%A6%E1%84%90%E1%85%B3-p07147032.html,https://static.zara.net/assets/public/e5de/84ac/b6454eb888ad/18b4f156e6eb/07147032427-p/07147032427-p.jpg?ts=1774957900399,"₩109,900",,,260622,미디움 블루,,,,
,false,,ZARA,바지,버뮤다 팬츠,여성,Z1975 플라워 자수 데님 버뮤다 팬츠,https://www.zara.com/kr/ko/z1975-%E1%84%91%E1%85%B3%E1%86%AF%E1%84%85%E1%85%A9%E1%84%85%E1%85%A5%E1%86%AF-%E1%84%8C%E1%85%A1%E1%84%89%E1%85%AE-%E1%84%83%E1%85%A6%E1%84%82%E1%85%B5%E1%86%B7-%E1%84%87%E1%85%A5%E1%84%86%E1%85%B2%E1%84%83%E1%85%A1-%E1%84%91%E1%85%A2%E1%86%AB%E1%84%8E%E1%85%B3-p07147035.html,https://static.zara.net/assets/public/4489/dee5/bd15419c85be/6cccfc6370a5/07147035427-p/07147035427-p.jpg?ts=1774957902886,"₩79,900",,,260622,미디움 블루,,,,
,false,,ZARA,아우터,블레이저,여성,투 버튼 숄더 패드 스트레이트 블레이저,https://www.zara.com/kr/ko/%E1%84%90%E1%85%AE-%E1%84%87%E1%85%A5%E1%84%90%E1%85%B3%E1%86%AB-%E1%84%89%E1%85%AD%E1%86%AF%E1%84%83%E1%85%A5-%E1%84%91%E1%85%A2%E1%84%83%E1%85%B3-%E1%84%89%E1%85%B3%E1%84%90%E1%85%B3%E1%84%85%E1%85%A6%E1%84%8B%E1%85%B5%E1%84%90%E1%85%B3-%E1%84%87%E1%85%B3%E1%86%AF%E1%84%85%E1%85%A6%E1%84%8B%E1%85%B5%E1%84%8C%E1%85%A5-p02557112.html,https://static.zara.net/assets/public/b357/89bd/76d24854bfe7/601c725a6dfe/02557112721-e1/02557112721-e1.jpg?ts=1775026694458,"₩129,900",,,260622,라이트 베이지,,,,
,false,,ZARA,바지,슬랙스,여성,플랫 프론트 스트레이트 팬츠,https://www.zara.com/kr/ko/%E1%84%91%E1%85%B3%E1%86%AF%E1%84%85%E1%85%B5%E1%84%8E%E1%85%B3-%E1%84%89%E1%85%B3%E1%84%90%E1%85%B3%E1%84%85%E1%85%A6%E1%84%8B%E1%85%B5%E1%84%90%E1%85%B3-%E1%84%91%E1%85%A2%E1%86%AB%E1%84%8E%E1%85%B3-p02562112.html,https://static.zara.net/assets/public/fe31/0bb4/2bc54200a86e/e6593e32089b/02557112721-p/02557112721-p.jpg?ts=1775062953765,"₩79,900",,,260622,라이트 베이지,,,,
,false,,ZARA,기타,WIND-JACKET,여성,플루이드 크롭 재킷,https://www.zara.com/kr/ko/%E1%84%91%E1%85%B3%E1%86%AF%E1%84%85%E1%85%AE%E1%84%8B%E1%85%B5%E1%84%83%E1%85%B3-%E1%84%8F%E1%85%B3%E1%84%85%E1%85%A9%E1%86%B8-%E1%84%8C%E1%85%A2%E1%84%8F%E1%85%B5%E1%86%BA-p03067834.html,https://static.zara.net/assets/public/2964/612c/47b0447b8ed2/9a93ff9c6c58/03067835626-f1/03067835626-f1.jpg?ts=1778492733715,"₩59,900",,,260622,화이트 로즈핑크,,,,
,false,,ZARA,바지,슬랙스,여성,루즈 팬츠,https://www.zara.com/kr/ko/%E1%84%85%E1%85%AE%E1%84%8C%E1%85%B3-%E1%84%91%E1%85%A2%E1%86%AB%E1%84%8E%E1%85%B3-p02180418.html,https://static.zara.net/assets/public/df29/8249/d85544aeb3b4/34eaec8e0ce5/03152447626-f1/03152447626-f1.jpg?ts=1778492727948,"₩49,900",,,260622,화이트 로즈핑크,,,,
,false,,ZARA,상의,셔츠/블라우스,여성,패턴 홀터넥 탑,https://www.zara.com/kr/ko/%E1%84%91%E1%85%A2%E1%84%90%E1%85%A5%E1%86%AB-%E1%84%92%E1%85%A9%E1%86%AF%E1%84%90%E1%85%A5%E1%84%82%E1%85%A6%E1%86%A8-%E1%84%90%E1%85%A1%E1%86%B8-p02738304.html,https://static.zara.net/assets/public/ec34/f548/f3ad41aeaa5a/9d29587d067f/02738304067-p/02738304067-p.jpg?ts=1774970835266,"₩49,900",,,260622,"크림,레드",,,,
,false,,ZARA,치마,스커트,여성,미디 프린트 스커트,https://www.zara.com/kr/ko/%E1%84%91%E1%85%B3%E1%84%85%E1%85%B5%E1%86%AB%E1%84%90%E1%85%B3-%E1%84%86%E1%85%B5%E1%84%83%E1%85%B5-%E1%84%89%E1%85%B3%E1%84%8F%E1%85%A5%E1%84%90%E1%85%B3-p06929412.html,https://static.zara.net/assets/public/572e/9765/65dc4ddb8ed3/ac80c0e02f68/06929412067-p/06929412067-p.jpg?ts=1774970878403,"₩59,900",,,260622,"크림,레드",,,,
,false,,ZARA,기타,WAISTCOAT,여성,벨트 더블 브레스트 베스트,https://www.zara.com/kr/ko/%E1%84%8F%E1%85%B3%E1%84%85%E1%85%A9%E1%84%89%E1%85%B3-%E1%84%87%E1%85%A6%E1%86%AF%E1%84%90%E1%85%B3-%E1%84%87%E1%85%A6%E1%84%89%E1%85%B3%E1%84%90%E1%85%B3-p08372046.html,https://static.zara.net/assets/public/1c13/26a1/dc3840caa014/7bf4d0afa426/08372046700-p/08372046700-p.jpg?ts=1769619795800,"₩79,900",,,260622,브라운,,,,
,false,,ZARA,바지,슬랙스,여성,하이웨이스트 스트레이트 팬츠,https://www.zara.com/kr/ko/%E1%84%92%E1%85%A1%E1%84%8B%E1%85%B5%E1%84%8B%E1%85%B0%E1%84%8B%E1%85%B5%E1%84%89%E1%85%B3%E1%84%90%E1%85%B3-%E1%84%89%E1%85%B3%E1%84%90%E1%85%B3%E1%84%85%E1%85%A6%E1%84%8B%E1%85%B5%E1%84%90%E1%85%B3-%E1%84%91%E1%85%A2%E1%86%AB%E1%84%8E%E1%85%B3-p08372346.html,https://static.zara.net/assets/public/e3c9/9288/81df46cb91a8/ea3167db7616/08372346700-p/08372346700-p.jpg?ts=1769619827713,"₩59,900",,,260622,브라운,,,,
,false,,ZARA,기타,WAISTCOAT,여성,Z1975 하이넥 데님 베스트,https://www.zara.com/kr/ko/z1975-%E1%84%92%E1%85%A1%E1%84%8B%E1%85%B5%E1%84%82%E1%85%A6%E1%86%A8-%E1%84%83%E1%85%A6%E1%84%82%E1%85%B5%E1%86%B7-%E1%84%87%E1%85%A6%E1%84%89%E1%85%B3%E1%84%90%E1%85%B3-p01416028.html,https://static.zara.net/assets/public/caea/3b80/12414ba4857b/9698da0abbae/01416028724-p/01416028724-p.jpg?ts=1772015064440,"₩59,900",,,260622,그레이 브라운,,,,
,false,,ZARA,바지,슬랙스,여성,JEANS Z1975 WIDE LEG 미드라이즈 플랫 프론트,https://www.zara.com/kr/ko/jeans-z1975-wide-leg-%E1%84%86%E1%85%B5%E1%84%83%E1%85%B3%E1%84%85%E1%85%A1%E1%84%8B%E1%85%B5%E1%84%8C%E1%85%B3-%E1%84%91%E1%85%B3%E1%86%AF%E1%84%85%E1%85%A2%E1%86%BA-%E1%84%91%E1%85%B3%E1%84%85%E1%85%A9%E1%86%AB%E1%84%90%E1%85%B3-p01416026.html,https://static.zara.net/assets/public/04ec/d0c7/af6249da84c3/09d8e5892056/01416026724-p/01416026724-p.jpg?ts=1772015056983,"₩59,900",,,260622,그레이 브라운,,,,
,false,,ZARA,상의,탑,여성,메탈릭 얀 립 니트 홀터넥 탑,https://www.zara.com/kr/ko/%E1%84%86%E1%85%A6%E1%84%90%E1%85%A1%E1%86%AF%E1%84%85%E1%85%B5%E1%86%A8-%E1%84%8B%E1%85%A3%E1%86%AB-%E1%84%85%E1%85%B5%E1%86%B8-%E1%84%92%E1%85%A9%E1%86%AF%E1%84%90%E1%85%A5%E1%84%82%E1%85%A6%E1%86%A8-%E1%84%90%E1%85%A1%E1%86%B8-p02756035.html,https://static.zara.net/assets/public/b279/fa44/a6d4449eacc9/b260de388e71/02756035700-f1/02756035700-f1.jpg?ts=1775041910818,"₩49,900",,,260622,브라운,,,,
,false,,ZARA,치마,스커트,여성,메탈릭 얀 립 니트 미디 스커트,https://www.zara.com/kr/ko/%E1%84%86%E1%85%A6%E1%84%90%E1%85%A1%E1%86%AF%E1%84%85%E1%85%B5%E1%86%A8-%E1%84%8B%E1%85%A3%E1%86%AB-%E1%84%85%E1%85%B5%E1%86%B8-%E1%84%86%E1%85%B5%E1%84%83%E1%85%B5-%E1%84%89%E1%85%B3%E1%84%8F%E1%85%A5%E1%84%90%E1%85%B3-p02756036.html,https://static.zara.net/assets/public/ef05/439c/2a3a487c9f5c/97c7a52f82a7/02756036700-f1/02756036700-f1.jpg?ts=1775041919494,"₩55,900",,,260622,브라운,,,,
,false,,ZARA,상의,니트,여성,배색 파이핑 니트 스웨터,https://www.zara.com/kr/ko/%E1%84%87%E1%85%A2%E1%84%89%E1%85%A2%E1%86%A8-%E1%84%91%E1%85%A1%E1%84%8B%E1%85%B5%E1%84%91%E1%85%B5%E1%86%BC-%E1%84%82%E1%85%B5%E1%84%90%E1%85%B3-%E1%84%89%E1%85%B3%E1%84%8B%E1%85%B0%E1%84%90%E1%85%A5-p02142255.html,https://static.zara.net/assets/public/efdb/f9c0/f3de41afabc8/195ca4bcc161/02142255832-p/02142255832-p.jpg?ts=1764334071435,"₩79,900",,,260622,토프 그레이,,,,
,false,,ZARA,치마,스커트,여성,콘트라스트 배색 니트 미디 스커트,https://www.zara.com/kr/ko/%E1%84%8F%E1%85%A9%E1%86%AB%E1%84%90%E1%85%B3%E1%84%85%E1%85%A1%E1%84%89%E1%85%B3%E1%84%90%E1%85%B3-%E1%84%87%E1%85%A2%E1%84%89%E1%85%A2%E1%86%A8-%E1%84%82%E1%85%B5%E1%84%90%E1%85%B3-%E1%84%86%E1%85%B5%E1%84%83%E1%85%B5-%E1%84%89%E1%85%B3%E1%84%8F%E1%85%A5%E1%84%90%E1%85%B3-p02142253.html,https://static.zara.net/assets/public/6ffb/a06a/c7534e58b0dd/98c6a8a51626/02142253832-f1/02142253832-f1.jpg?ts=1769207248865,"₩59,900",,,260622,토프 그레이,,,,
,false,,ZARA,상의,탑,여성,메탈릭 얀 립 니트 홀터넥 탑,https://www.zara.com/kr/ko/%E1%84%86%E1%85%A6%E1%84%90%E1%85%A1%E1%86%AF%E1%84%85%E1%85%B5%E1%86%A8-%E1%84%8B%E1%85%A3%E1%86%AB-%E1%84%85%E1%85%B5%E1%86%B8-%E1%84%92%E1%85%A9%E1%86%AF%E1%84%90%E1%85%A5%E1%84%82%E1%85%A6%E1%86%A8-%E1%84%90%E1%85%A1%E1%86%B8-p02756035.html,https://static.zara.net/assets/public/b279/fa44/a6d4449eacc9/b260de388e71/02756035700-f1/02756035700-f1.jpg?ts=1775041910818,"₩49,900",,,260622,브라운,,,,
,false,,ZARA,치마,스커트,여성,메탈릭 얀 립 니트 미디 스커트,https://www.zara.com/kr/ko/%E1%84%86%E1%85%A6%E1%84%90%E1%85%A1%E1%86%AF%E1%84%85%E1%85%B5%E1%86%A8-%E1%84%8B%E1%85%A3%E1%86%AB-%E1%84%85%E1%85%B5%E1%86%B8-%E1%84%86%E1%85%B5%E1%84%83%E1%85%B5-%E1%84%89%E1%85%B3%E1%84%8F%E1%85%A5%E1%84%90%E1%85%B3-p02756036.html,https://static.zara.net/assets/public/ef05/439c/2a3a487c9f5c/97c7a52f82a7/02756036700-f1/02756036700-f1.jpg?ts=1775041919494,"₩55,900",,,260622,브라운,,,,
,false,,ZARA,기타,SWEATSHIRT,여성,베이직 후드 스웨트셔츠,https://www.zara.com/kr/ko/%E1%84%87%E1%85%A6%E1%84%8B%E1%85%B5%E1%84%8C%E1%85%B5%E1%86%A8-%E1%84%92%E1%85%AE%E1%84%83%E1%85%B3-%E1%84%89%E1%85%B3%E1%84%8B%E1%85%B0%E1%84%90%E1%85%B3%E1%84%89%E1%85%A7%E1%84%8E%E1%85%B3-p03199630.html,https://static.zara.net/assets/public/6962/0333/d4144117afe9/4ef769ecfbb0/03199630803-f1/03199630803-f1.jpg?ts=1769208907623,"₩45,900",,,260622,그레이,,,,
,false,,ZARA,바지,슬랙스,여성,플러시 와이드 레그 팬츠,https://www.zara.com/kr/ko/%E1%84%91%E1%85%B3%E1%86%AF%E1%84%85%E1%85%A5%E1%84%89%E1%85%B5-%E1%84%8B%E1%85%AA%E1%84%8B%E1%85%B5%E1%84%83%E1%85%B3-%E1%84%85%E1%85%A6%E1%84%80%E1%85%B3-%E1%84%91%E1%85%A2%E1%86%AB%E1%84%8E%E1%85%B3-p03199631.html,https://static.zara.net/assets/public/6e3f/a4d9/904f4e8cb600/b0f1042a51dc/03199631803-f1/03199631803-f1.jpg?ts=1769208991287,"₩45,900",,,260622,그레이,,,,
,false,,ZARA,기타,WAISTCOAT,여성,플랫 프론트 페플럼 베스트,https://www.zara.com/kr/ko/%E1%84%91%E1%85%B3%E1%86%AF%E1%84%85%E1%85%A2%E1%86%BA-%E1%84%91%E1%85%B3%E1%84%85%E1%85%A9%E1%86%AB%E1%84%90%E1%85%B3-%E1%84%91%E1%85%A6%E1%84%91%E1%85%B3%E1%86%AF%E1%84%85%E1%85%A5%E1%86%B7-%E1%84%87%E1%85%A6%E1%84%89%E1%85%B3%E1%84%90%E1%85%B3-p01608121.html,https://static.zara.net/assets/public/d6f2/7415/55d247e9b415/0896f27ff3a9/01608121250-f1/01608121250-f1.jpg?ts=1777467711251,"₩59,900",,,260622,화이트,,,,
,false,,ZARA,바지,슬랙스,여성,미니 플레어 팬츠,https://www.zara.com/kr/ko/%E1%84%86%E1%85%B5%E1%84%82%E1%85%B5-%E1%84%91%E1%85%B3%E1%86%AF%E1%84%85%E1%85%A6%E1%84%8B%E1%85%A5-%E1%84%91%E1%85%A2%E1%86%AB%E1%84%8E%E1%85%B3-p01608021.html,https://static.zara.net/assets/public/0c22/6ce9/50874011a11d/3aba65babbd2/01608021250-f1/01608021250-f1.jpg?ts=1777385129791,"₩59,900",,,260622,화이트,,,,
,false,,ZARA,상의,탑,여성,프릴 니트 탑,https://www.zara.com/kr/ko/%E1%84%91%E1%85%B3%E1%84%85%E1%85%B5%E1%86%AF-%E1%84%82%E1%85%B5%E1%84%90%E1%85%B3-%E1%84%90%E1%85%A1%E1%86%B8-p04192078.html,https://static.zara.net/assets/public/602c/2f5d/dadd44cc80cd/b0660e842e07/04192078250-f1/04192078250-f1.jpg?ts=1779200647669,"₩49,900",,,260622,화이트,,,,
,false,,ZARA,치마,스커트,여성,미니 프릴 니트 스커트,https://www.zara.com/kr/ko/%E1%84%91%E1%85%B3%E1%84%85%E1%85%B5%E1%86%AF-%E1%84%82%E1%85%B5%E1%84%90%E1%85%B3-%E1%84%86%E1%85%B5%E1%84%82%E1%85%B5-%E1%84%89%E1%85%B3%E1%84%8F%E1%85%A5%E1%84%90%E1%85%B3-p04192079.html,https://static.zara.net/assets/public/b71c/8759/88cd4c6dace7/a5adb0f576c3/04192079250-f1/04192079250-f1.jpg?ts=1779200649381,"₩55,900",,,260622,화이트,,,,
,false,,ZARA,상의,탑,여성,콤비 니트 블라우스,https://www.zara.com/kr/ko/%E1%84%8F%E1%85%A9%E1%86%B7%E1%84%87%E1%85%B5-%E1%84%82%E1%85%B5%E1%84%90%E1%85%B3-%E1%84%87%E1%85%B3%E1%86%AF%E1%84%85%E1%85%A1%E1%84%8B%E1%85%AE%E1%84%89%E1%85%B3-p04192067.html,https://static.zara.net/assets/public/ff12/5aa5/562845818f1f/5d9ada7e5e46/04192067712-p/04192067712-p.jpg?ts=1771593437229,"₩59,900",,,260622,크림,,,,
,false,,ZARA,치마,스커트,여성,콤비 니트 스트레이트 스커트,https://www.zara.com/kr/ko/%E1%84%8F%E1%85%A9%E1%86%B7%E1%84%87%E1%85%B5-%E1%84%82%E1%85%B5%E1%84%90%E1%85%B3-%E1%84%89%E1%85%B3%E1%84%90%E1%85%B3%E1%84%85%E1%85%A6%E1%84%8B%E1%85%B5%E1%84%90%E1%85%B3-%E1%84%89%E1%85%B3%E1%84%8F%E1%85%A5%E1%84%90%E1%85%B3-p04192068.html,https://static.zara.net/assets/public/d42d/d657/31a748ee8011/aea2212f6560/04192068712-p/04192068712-p.jpg?ts=1771593437442,"₩59,900",,,260622,크림,,,,
,false,,ZARA,상의,티셔츠,여성,스트라이프 부클레 탑,https://www.zara.com/kr/ko/%E1%84%89%E1%85%B3%E1%84%90%E1%85%B3%E1%84%85%E1%85%A1%E1%84%8B%E1%85%B5%E1%84%91%E1%85%B3-%E1%84%87%E1%85%AE%E1%84%8F%E1%85%B3%E1%86%AF%E1%84%85%E1%85%A6-%E1%84%90%E1%85%A1%E1%86%B8-p02298465.html,https://static.zara.net/assets/public/815f/133c/3c614eb29579/24bf8c7a6718/02298465093-p/02298465093-p.jpg?ts=1772202560952,"₩39,900",,,260622,"블랙,크림",,,,
,false,,ZARA,바지,슬랙스,여성,스트라이프 부클레 팬츠,https://www.zara.com/kr/ko/%E1%84%89%E1%85%B3%E1%84%90%E1%85%B3%E1%84%85%E1%85%A1%E1%84%8B%E1%85%B5%E1%84%91%E1%85%B3-%E1%84%87%E1%85%AE%E1%84%8F%E1%85%B3%E1%86%AF%E1%84%85%E1%85%A6-%E1%84%91%E1%85%A2%E1%86%AB%E1%84%8E%E1%85%B3-p02298463.html,https://static.zara.net/assets/public/669d/592b/65604464a569/b7bb91d0513a/02298463093-p/02298463093-p.jpg?ts=1772202561155,"₩55,900",,,260622,"블랙,크림",,,,
,false,,ZARA,아우터,블레이저,여성,리본 스카프 블레이저,https://www.zara.com/kr/ko/%E1%84%85%E1%85%B5%E1%84%87%E1%85%A9%E1%86%AB-%E1%84%89%E1%85%B3%E1%84%8F%E1%85%A1%E1%84%91%E1%85%B3-%E1%84%87%E1%85%B3%E1%86%AF%E1%84%85%E1%85%A6%E1%84%8B%E1%85%B5%E1%84%8C%E1%85%A5-p08810597.html,https://static.zara.net/assets/public/8085/ba9b/c62e4b6aaf64/9e5806458b16/08810597800-p/08810597800-p.jpg?ts=1770824572990,"₩109,900",,,260622,블랙,,,,
,false,,ZARA,바지,슬랙스,여성,하이웨이스트 스트레이트 팬츠,https://www.zara.com/kr/ko/%E1%84%92%E1%85%A1%E1%84%8B%E1%85%B5%E1%84%8B%E1%85%B0%E1%84%8B%E1%85%B5%E1%84%89%E1%85%B3%E1%84%90%E1%85%B3-%E1%84%89%E1%85%B3%E1%84%90%E1%85%B3%E1%84%85%E1%85%A6%E1%84%8B%E1%85%B5%E1%84%90%E1%85%B3-%E1%84%91%E1%85%A2%E1%86%AB%E1%84%8E%E1%85%B3-p08820597.html,https://static.zara.net/assets/public/f011/2138/c7334828a0ce/818b562ddc02/08656791800-016-p/08656791800-016-p.jpg?ts=1770829485114,"₩79,900",,,260622,블랙,,,,
,false,,ZARA,기타,SWEATSHIRT,여성,베이직 후드 스웨트셔츠,https://www.zara.com/kr/ko/%E1%84%87%E1%85%A6%E1%84%8B%E1%85%B5%E1%84%8C%E1%85%B5%E1%86%A8-%E1%84%92%E1%85%AE%E1%84%83%E1%85%B3-%E1%84%89%E1%85%B3%E1%84%8B%E1%85%B0%E1%84%90%E1%85%B3%E1%84%89%E1%85%A7%E1%84%8E%E1%85%B3-p03199630.html,https://static.zara.net/assets/public/aa9d/dfcd/523a495ea070/8e47a4d94371/03199630720-f1/03199630720-f1.jpg?ts=1769208983350,"₩45,900",,,260622,그레이 베이지,,,,
,false,,ZARA,바지,슬랙스,여성,플러시 와이드 레그 팬츠,https://www.zara.com/kr/ko/%E1%84%91%E1%85%B3%E1%86%AF%E1%84%85%E1%85%A5%E1%84%89%E1%85%B5-%E1%84%8B%E1%85%AA%E1%84%8B%E1%85%B5%E1%84%83%E1%85%B3-%E1%84%85%E1%85%A6%E1%84%80%E1%85%B3-%E1%84%91%E1%85%A2%E1%86%AB%E1%84%8E%E1%85%B3-p03199631.html,https://static.zara.net/assets/public/ec36/84c8/76e7498fbca8/0c91688a71bc/03199631720-f1/03199631720-f1.jpg?ts=1769208957857,"₩45,900",,,260622,그레이 베이지,,,,
,false,,ZARA,상의,셔츠/블라우스,여성,패턴 스트랩 탑,https://www.zara.com/kr/ko/%E1%84%91%E1%85%A2%E1%84%90%E1%85%A5%E1%86%AB-%E1%84%89%E1%85%B3%E1%84%90%E1%85%B3%E1%84%85%E1%85%A2%E1%86%B8-%E1%84%90%E1%85%A1%E1%86%B8-p03666120.html,https://static.zara.net/assets/public/d057/c84e/eaf840678013/97752487addc/03666120330-f1/03666120330-f1.jpg?ts=1778595180773,"₩55,900",,,260622,멀티컬러,,,,
,false,,ZARA,바지,슬랙스,여성,패턴 와이드 팬츠,https://www.zara.com/kr/ko/%E1%84%91%E1%85%B3%E1%86%AF%E1%84%85%E1%85%B5%E1%84%8E%E1%85%B3-%E1%84%91%E1%85%A2%E1%84%90%E1%85%A5%E1%86%AB-%E1%84%8B%E1%85%AA%E1%84%8B%E1%85%B5%E1%84%83%E1%85%B3-%E1%84%91%E1%85%A2%E1%86%AB%E1%84%8E%E1%85%B3-p03666220.html,https://static.zara.net/assets/public/09fb/171a/068d4188b7e9/5f03fe992a73/03666220330-f1/03666220330-f1.jpg?ts=1778595179962,"₩59,900",,,260622,멀티컬러,,,,
,false,,ZARA,아우터,블레이저,여성,쇼트 스트럭처 재킷,https://www.zara.com/kr/ko/%E1%84%89%E1%85%AD%E1%84%90%E1%85%B3-%E1%84%89%E1%85%B3%E1%84%90%E1%85%B3%E1%84%85%E1%85%A5%E1%86%A8%E1%84%8E%E1%85%A5-%E1%84%8C%E1%85%A2%E1%84%8F%E1%85%B5%E1%86%BA-p02233153.html,https://static.zara.net/assets/public/7ac9/69ec/1c754c96b0a2/90b5a8d09e54/02233153044-p/02233153044-p.jpg?ts=1770379572590,"₩89,900",,,260622,"블루 ,화이트",,,,
,false,,ZARA,바지,버뮤다 팬츠,여성,스트럭처 스커트 팬츠,https://www.zara.com/kr/ko/%E1%84%89%E1%85%B3%E1%84%90%E1%85%B3%E1%84%85%E1%85%A5%E1%86%A8%E1%84%8E%E1%85%A5-%E1%84%89%E1%85%B3%E1%84%8F%E1%85%A5%E1%84%90%E1%85%B3-%E1%84%91%E1%85%A2%E1%86%AB%E1%84%8E%E1%85%B3-p02234153.html,https://static.zara.net/assets/public/9264/72a7/ee5d4a0cad33/29e33f868b03/02234153044-p/02234153044-p.jpg?ts=1770379577555,"₩57,900",,,260622,"블루 ,화이트",,,,
,false,,ZARA,상의,셔츠/블라우스,여성,셔링 홀터넥 탑,https://www.zara.com/kr/ko/%E1%84%8B%E1%85%A6%E1%86%AF%E1%84%85%E1%85%A1%E1%84%89%E1%85%B3%E1%84%90%E1%85%B5%E1%86%A8-%E1%84%89%E1%85%A7%E1%84%85%E1%85%B5%E1%86%BC-%E1%84%92%E1%85%A9%E1%86%AF%E1%84%90%E1%85%A5%E1%84%82%E1%85%A6%E1%86%A8-%E1%84%90%E1%85%A1%E1%86%B8-p04661013.html,https://static.zara.net/assets/public/f98a/44ba/78f748f0a0cf/b2b4d35c7617/04661013250-p/04661013250-p.jpg?ts=1777558196201,"₩45,900",,,260622,화이트,,,,
,false,,ZARA,바지,슬랙스,여성,드로스트링 팔라초 팬츠,https://www.zara.com/kr/ko/%E1%84%83%E1%85%B3%E1%84%85%E1%85%A9%E1%84%89%E1%85%B3%E1%84%90%E1%85%B3%E1%84%85%E1%85%B5%E1%86%BC-%E1%84%91%E1%85%A1%E1%86%AF%E1%84%85%E1%85%A1%E1%84%8E%E1%85%A9-%E1%84%91%E1%85%A2%E1%86%AB%E1%84%8E%E1%85%B3-p02180417.html,https://static.zara.net/assets/public/ccd4/1844/c6fb43a4a104/9f680efd3113/03152446250-p/03152446250-p.jpg?ts=1777558195774,"₩55,900",,,260622,화이트,,,,
,false,,ZARA,아우터,블레이저,여성,패드 벌룬 허리 더블 브레스트 블레이저,https://www.zara.com/kr/ko/%E1%84%91%E1%85%A2%E1%84%83%E1%85%B3-%E1%84%87%E1%85%A5%E1%86%AF%E1%84%85%E1%85%AE%E1%86%AB-%E1%84%92%E1%85%A5%E1%84%85%E1%85%B5-%E1%84%83%E1%85%A5%E1%84%87%E1%85%B3%E1%86%AF-%E1%84%87%E1%85%B3%E1%84%85%E1%85%A6%E1%84%89%E1%85%B3%E1%84%90%E1%85%B3-%E1%84%87%E1%85%B3%E1%86%AF%E1%84%85%E1%85%A6%E1%84%8B%E1%85%B5%E1%84%8C%E1%85%A5-p02527495.html,https://static.zara.net/assets/public/25aa/2995/86b747a790b7/1121ceff303c/02527495800-f1/02527495800-f1.jpg?ts=1774008134176,"₩129,900",,,260622,블랙,,,,
,false,,ZARA,바지,슬랙스,여성,스트레이트 팬츠,https://www.zara.com/kr/ko/%E1%84%89%E1%85%B3%E1%84%90%E1%85%B3%E1%84%85%E1%85%A6%E1%84%8B%E1%85%B5%E1%84%90%E1%85%B3-%E1%84%91%E1%85%A2%E1%86%AB%E1%84%8E%E1%85%B3-p02530495.html,https://static.zara.net/assets/public/0574/68e1/0e5d444c9f48/c6bafc7a6440/02530495800-f1/02530495800-f1.jpg?ts=1774008127648,"₩59,900",,,260622,블랙,,,,
,false,,ZARA,상의,가디건,여성,펀칭 니트 재킷,https://www.zara.com/kr/ko/%E1%84%91%E1%85%A5%E1%86%AB%E1%84%8E%E1%85%B5%E1%86%BC-%E1%84%82%E1%85%B5%E1%84%90%E1%85%B3-%E1%84%8C%E1%85%A2%E1%84%8F%E1%85%B5%E1%86%BA-p03921041.html,https://static.zara.net/assets/public/6815/eb93/92b445ec8040/96ba1ea4c1d1/03921041250-p/03921041250-p.jpg?ts=1776859925957,"₩57,900",,,260622,화이트,,,,
,false,,ZARA,바지,반바지,여성,오픈워크 니트 쇼츠,https://www.zara.com/kr/ko/%E1%84%8B%E1%85%A9%E1%84%91%E1%85%B3%E1%86%AB%E1%84%8B%E1%85%AF%E1%84%8F%E1%85%B3-%E1%84%82%E1%85%B5%E1%84%90%E1%85%B3-%E1%84%89%E1%85%AD%E1%84%8E%E1%85%B3-p03921042.html,https://static.zara.net/assets/public/4412/1b8d/ead046ebb9d1/74ab6ca7b861/03921042250-p/03921042250-p.jpg?ts=1776859937221,"₩35,900",,,260622,화이트,,,,
,false,,ZARA,상의,셔츠/블라우스,여성,글리터 새틴 탑,https://www.zara.com/kr/ko/%E1%84%89%E1%85%A2%E1%84%90%E1%85%B5%E1%86%AB-%E1%84%80%E1%85%B3%E1%86%AF%E1%84%85%E1%85%B5%E1%84%90%E1%85%A5-%E1%84%90%E1%85%A1%E1%86%B8-p03089727.html,https://static.zara.net/assets/public/1bae/df06/9273461391a4/f515c95da413/03089727307-f1/03089727307-f1.jpg?ts=1778595185356,"₩59,900",,,260622,카바,,,,
,false,,ZARA,바지,슬랙스,여성,글리터 새틴 팬츠,https://www.zara.com/kr/ko/%E1%84%80%E1%85%B3%E1%86%AF%E1%84%85%E1%85%B5%E1%84%90%E1%85%A5-%E1%84%89%E1%85%A2%E1%84%90%E1%85%B5%E1%86%AB-%E1%84%91%E1%85%A2%E1%86%AB%E1%84%8E%E1%85%B3-p02932727.html,https://static.zara.net/assets/public/b1d5/e4c4/d1fc4bb19435/d83e50472bc4/02932727307-f1/02932727307-f1.jpg?ts=1778595188600,"₩59,900",,,260622,카바,,,,
,false,,ZARA,기타,WAISTCOAT,여성,콘트라스트 파이핑 홀터넥 베스트,https://www.zara.com/kr/ko/%E1%84%8F%E1%85%A9%E1%86%AB%E1%84%90%E1%85%B3%E1%84%85%E1%85%A1%E1%84%89%E1%85%B3%E1%84%90%E1%85%B3-%E1%84%91%E1%85%A1%E1%84%8B%E1%85%B5%E1%84%91%E1%85%B5%E1%86%BC-%E1%84%92%E1%85%A9%E1%86%AF%E1%84%90%E1%85%A5%E1%84%82%E1%85%A6%E1%86%A8-%E1%84%87%E1%85%A6%E1%84%89%E1%85%B3%E1%84%90%E1%85%B3-p02872815.html,https://static.zara.net/assets/public/120a/aa4d/ef8346a88dbc/aaf464927c52/02872815405-f1/02872815405-f1.jpg?ts=1780501764828,"₩79,900",,,260622,인디고,,,,
,false,,ZARA,바지,버뮤다 팬츠,여성,콘트라스트 파이핑 스커트 팬츠,https://www.zara.com/kr/ko/%E1%84%8F%E1%85%A9%E1%86%AB%E1%84%90%E1%85%B3%E1%84%85%E1%85%A1%E1%84%89%E1%85%B3%E1%84%90%E1%85%B3-%E1%84%91%E1%85%A1%E1%84%8B%E1%85%B5%E1%84%91%E1%85%B5%E1%86%BC-%E1%84%89%E1%85%B3%E1%84%8F%E1%85%A5%E1%84%90%E1%85%B3-%E1%84%91%E1%85%A2%E1%86%AB%E1%84%8E%E1%85%B3-p07788815.html,https://static.zara.net/assets/public/e04a/d987/3bdf4f7086a0/f4f361eb035f/07788815405-f1/07788815405-f1.jpg?ts=1780578253827,"₩57,900",,,260622,인디고,,,,
,false,,ZARA,상의,티셔츠,여성,루즈핏 오버사이즈 티셔츠,https://www.zara.com/kr/ko/%E1%84%85%E1%85%AE%E1%84%8C%E1%85%B3%E1%84%91%E1%85%B5%E1%86%BA-%E1%84%8B%E1%85%A9%E1%84%87%E1%85%A5%E1%84%89%E1%85%A1%E1%84%8B%E1%85%B5%E1%84%8C%E1%85%B3-%E1%84%90%E1%85%B5%E1%84%89%E1%85%A7%E1%84%8E%E1%85%B3-p05580004.html,https://static.zara.net/assets/public/c53b/02b6/8f27491e99ac/27a6bee4f972/05580004711-f1/05580004711-f1.jpg?ts=1776322623778,"₩35,900",,,260622,샌드,,,,
,false,,ZARA,바지,슬랙스,여성,루즈 팔라초 팬츠,https://www.zara.com/kr/ko/%E1%84%85%E1%85%AE%E1%84%8C%E1%85%B3-%E1%84%91%E1%85%A1%E1%86%AF%E1%84%85%E1%85%A1%E1%84%8E%E1%85%A9-%E1%84%91%E1%85%A2%E1%86%AB%E1%84%8E%E1%85%B3-p05580005.html,https://static.zara.net/assets/public/32f1/e1bf/9b4f43ac9222/c91207fb1f9e/05580005711-f1/05580005711-f1.jpg?ts=1776331582069,"₩45,900",,,260622,샌드,,,,
,false,,ZARA,기타,SWEATSHIRT,여성,크롭 후드 스웨트셔츠,https://www.zara.com/kr/ko/%E1%84%8F%E1%85%B3%E1%84%85%E1%85%A9%E1%86%B8-%E1%84%92%E1%85%AE%E1%84%83%E1%85%B3-%E1%84%89%E1%85%B3%E1%84%8B%E1%85%B0%E1%84%90%E1%85%B3%E1%84%89%E1%85%A7%E1%84%8E%E1%85%B3-p03199303.html,https://static.zara.net/assets/public/e576/8b07/ea554b77a2d5/d76b54114f75/03199303700-p/03199303700-p.jpg?ts=1767774295360,"₩55,900",,,260622,브라운,,,,
,false,,ZARA,바지,슬랙스,여성,스트레이트 플러시 팬츠,https://www.zara.com/kr/ko/%E1%84%89%E1%85%B3%E1%84%90%E1%85%B3%E1%84%85%E1%85%A6%E1%84%8B%E1%85%B5%E1%84%90%E1%85%B3-%E1%84%91%E1%85%B3%E1%86%AF%E1%84%85%E1%85%A5%E1%84%89%E1%85%B5-%E1%84%91%E1%85%A2%E1%86%AB%E1%84%8E%E1%85%B3-p03199304.html,https://static.zara.net/assets/public/e87d/579e/90204f9eae2b/f1e528d881d6/03199304700-p/03199304700-p.jpg?ts=1767774299514,"₩49,900",,,260622,브라운,,,,
,false,,ZARA,상의,티셔츠,여성,인터록 케이프 티셔츠,https://www.zara.com/kr/ko/%E1%84%8B%E1%85%B5%E1%86%AB%E1%84%90%E1%85%A5%E1%84%85%E1%85%A9%E1%86%A8-%E1%84%8F%E1%85%A6%E1%84%8B%E1%85%B5%E1%84%91%E1%85%B3-%E1%84%90%E1%85%B5%E1%84%89%E1%85%A7%E1%84%8E%E1%85%B3-p02335185.html,https://static.zara.net/assets/public/de6f/85b4/3bdc47fea5a1/60dca9d49cbc/02335185515-f1/02335185515-f1.jpg?ts=1779095084855,"₩39,900",,,260622,올리브,,,,
,false,,ZARA,바지,슬랙스,여성,인터록 버뮤다 팬츠,https://www.zara.com/kr/ko/%E1%84%8B%E1%85%B5%E1%86%AB%E1%84%90%E1%85%A5%E1%84%85%E1%85%A9%E1%86%A8-%E1%84%87%E1%85%A5%E1%84%86%E1%85%B2%E1%84%83%E1%85%A1-%E1%84%91%E1%85%A2%E1%86%AB%E1%84%8E%E1%85%B3-p02335186.html,https://static.zara.net/assets/public/79de/a1e8/63c9412cae28/341c5b8172a5/02335186515-f1/02335186515-f1.jpg?ts=1779095077417,"₩39,900",,,260622,올리브,,,,
,false,,ZARA,상의,셔츠/블라우스,여성,비즈 프린트 홀터 탑,https://www.zara.com/kr/ko/%E1%84%87%E1%85%B5%E1%84%8C%E1%85%B3-%E1%84%91%E1%85%B3%E1%84%85%E1%85%B5%E1%86%AB%E1%84%90%E1%85%B3-%E1%84%92%E1%85%A9%E1%86%AF%E1%84%90%E1%85%A5%E1%84%82%E1%85%A6%E1%86%A8-%E1%84%90%E1%85%A1%E1%86%B8-p02854350.html,https://static.zara.net/assets/public/f092/f855/2fa744b3adfc/072666478372/02854350118-f1/02854350118-f1.jpg?ts=1779172409143,"₩49,900",,,260622,118,,,,
,false,,ZARA,치마,스커트,여성,슬릿 프린트 미디 스커트,https://www.zara.com/kr/ko/%E1%84%89%E1%85%B3%E1%86%AF%E1%84%85%E1%85%B5%E1%86%BA-%E1%84%91%E1%85%B3%E1%84%85%E1%85%B5%E1%86%AB%E1%84%90%E1%85%B3-%E1%84%86%E1%85%B5%E1%84%83%E1%85%B5-%E1%84%89%E1%85%B3%E1%84%8F%E1%85%A5%E1%84%90%E1%85%B3-p06929422.html,https://static.zara.net/assets/public/c3e7/4249/9a2546e89e26/9d14f377bbc5/06929422118-f1/06929422118-f1.jpg?ts=1779172412961,"₩59,900",,,260622,118,,,,
,false,,ZARA,상의,탑,여성,스터드 스트레치 오프숄더 탑,https://www.zara.com/kr/ko/%E1%84%89%E1%85%B3%E1%84%90%E1%85%A5%E1%84%83%E1%85%B3-%E1%84%89%E1%85%B3%E1%84%90%E1%85%B3%E1%84%85%E1%85%A6%E1%84%8E%E1%85%B5-%E1%84%8B%E1%85%A9%E1%84%91%E1%85%B3%E1%84%89%E1%85%AD%E1%86%AF%E1%84%83%E1%85%A5-%E1%84%90%E1%85%A1%E1%86%B8-p06050313.html,https://static.zara.net/assets/public/6e8a/27b1/d4474e6ea8fe/036ab64fce46/06050313800-p/06050313800-p.jpg?ts=1771597845285,"₩39,900",,,260622,블랙,,,,
,false,,ZARA,바지,슬랙스,여성,스터드 플레어 스트레치 팬츠,https://www.zara.com/kr/ko/%E1%84%89%E1%85%B3%E1%84%90%E1%85%A5%E1%84%83%E1%85%B3-%E1%84%91%E1%85%B3%E1%86%AF%E1%84%85%E1%85%A6%E1%84%8B%E1%85%A5-%E1%84%89%E1%85%B3%E1%84%90%E1%85%B3%E1%84%85%E1%85%A6%E1%84%8E%E1%85%B5-%E1%84%91%E1%85%A2%E1%86%AB%E1%84%8E%E1%85%B3-p06050314.html,https://static.zara.net/assets/public/6734/8bd2/36784d60957f/c3e9d6ba9473/06050314800-p/06050314800-p.jpg?ts=1771597850124,"₩55,900",,,260622,블랙,,,,
,false,,ZARA,기타,SWEATSHIRT,여성,베이직 플러시 스웨트셔츠,https://www.zara.com/kr/ko/%E1%84%87%E1%85%A6%E1%84%8B%E1%85%B5%E1%84%8C%E1%85%B5%E1%86%A8-%E1%84%91%E1%85%B3%E1%86%AF%E1%84%85%E1%85%A5%E1%84%89%E1%85%B5-%E1%84%89%E1%85%B3%E1%84%8B%E1%85%B0%E1%84%90%E1%85%B3%E1%84%89%E1%85%A7%E1%84%8E%E1%85%B3-p08417802.html,https://static.zara.net/assets/public/cfc1/231e/2ede4c76b93c/b2a73f233554/08417802803-p/08417802803-p.jpg?ts=1757075447315,"₩35,900",,,260622,그레이,,,,
,false,,ZARA,바지,슬랙스,여성,조절형 밑단 베이식 스트레이트 플러시 팬츠,https://www.zara.com/kr/ko/%E1%84%8C%E1%85%A9%E1%84%8C%E1%85%A5%E1%86%AF-%E1%84%86%E1%85%B5%E1%87%80%E1%84%83%E1%85%A1%E1%86%AB-%E1%84%87%E1%85%A6%E1%84%8B%E1%85%B5%E1%84%89%E1%85%B5%E1%86%A8-%E1%84%89%E1%85%B3%E1%84%90%E1%85%B3%E1%84%85%E1%85%A6%E1%84%8B%E1%85%B5%E1%84%90%E1%85%B3-%E1%84%91%E1%85%B3%E1%86%AF%E1%84%85%E1%85%A5%E1%84%89%E1%85%B5-%E1%84%91%E1%85%A2%E1%86%AB%E1%84%8E%E1%85%B3-p08417803.html,https://static.zara.net/assets/public/867c/81b9/41164af4b28a/4b23c780516d/08417803803-p/08417803803-p.jpg?ts=1757058751976,"₩45,900",,,260622,그레이,,,,
,false,,ZARA,상의,탑,여성,스트라이프 니트 탑,https://www.zara.com/kr/ko/%E1%84%89%E1%85%B3%E1%84%90%E1%85%B3%E1%84%85%E1%85%A1%E1%84%8B%E1%85%B5%E1%84%91%E1%85%B3-%E1%84%82%E1%85%B5%E1%84%90%E1%85%B3-%E1%84%90%E1%85%A1%E1%86%B8-p02142264.html,https://static.zara.net/assets/public/dee6/fe36/b934482ba4bc/1b32289c634e/02142264079-f1/02142264079-f1.jpg?ts=1778147121474,"₩29,900",,,260622,"오렌지,노랑",,,,
,false,,ZARA,상의,가디건,여성,스트라이프 니트 쇼트 재킷,https://www.zara.com/kr/ko/%E1%84%89%E1%85%B3%E1%84%90%E1%85%B3%E1%84%85%E1%85%A1%E1%84%8B%E1%85%B5%E1%84%91%E1%85%B3-%E1%84%82%E1%85%B5%E1%84%90%E1%85%B3-%E1%84%89%E1%85%AD%E1%84%90%E1%85%B3-%E1%84%8C%E1%85%A2%E1%84%8F%E1%85%B5%E1%86%BA-p02142261.html,https://static.zara.net/assets/public/e702/8b27/f1454aae83d9/1ba7015de84e/02142261079-p/02142261079-p.jpg?ts=1778240433964,"₩55,900",,,260622,"오렌지,노랑",,,,
,false,,ZARA,바지,반바지,여성,스트라이프 니트 쇼츠,https://www.zara.com/kr/ko/%E1%84%89%E1%85%B3%E1%84%90%E1%85%B3%E1%84%85%E1%85%A1%E1%84%8B%E1%85%B5%E1%84%91%E1%85%B3-%E1%84%82%E1%85%B5%E1%84%90%E1%85%B3-%E1%84%89%E1%85%AD%E1%84%8E%E1%85%B3-p02142262.html,https://static.zara.net/assets/public/3b95/c041/7972420d9774/06c3e4c60e07/02142262079-p/02142262079-p.jpg?ts=1778240456357,"₩35,900",,,260622,"오렌지,노랑",,,,
,false,,ZARA,상의,티셔츠,여성,배트윙 슬리브 탑,https://www.zara.com/kr/ko/%E1%84%85%E1%85%AE%E1%84%8C%E1%85%B3%E1%84%91%E1%85%B5%E1%86%BA-%E1%84%8B%E1%85%A9%E1%84%87%E1%85%A5%E1%84%89%E1%85%A1%E1%84%8B%E1%85%B5%E1%84%8C%E1%85%B3-%E1%84%90%E1%85%B5%E1%84%89%E1%85%A7%E1%84%8E%E1%85%B3-p05580004.html,https://static.zara.net/assets/public/cbde/a21a/caec4992a777/dc98f7cf8d07/05580004703-f1/05580004703-f1.jpg?ts=1770907292161,"₩35,900",,,260622,황토색,,,,
,false,,ZARA,바지,슬랙스,여성,루즈 팔라초 팬츠,https://www.zara.com/kr/ko/%E1%84%85%E1%85%AE%E1%84%8C%E1%85%B3-%E1%84%91%E1%85%A1%E1%86%AF%E1%84%85%E1%85%A1%E1%84%8E%E1%85%A9-%E1%84%91%E1%85%A2%E1%86%AB%E1%84%8E%E1%85%B3-p05580005.html,https://static.zara.net/assets/public/81e2/5c00/b4ac4b459802/2da0881ef029/05580005703-f1/05580005703-f1.jpg?ts=1770907103450,"₩45,900",,,260622,황토색,,,,
,false,,ZARA,상의,티셔츠,여성,밑단 셔링 티셔츠,https://www.zara.com/kr/ko/%E1%84%86%E1%85%B5%E1%87%80%E1%84%83%E1%85%A1%E1%86%AB-%E1%84%89%E1%85%A7%E1%84%85%E1%85%B5%E1%86%BC-%E1%84%90%E1%85%B5%E1%84%89%E1%85%A7%E1%84%8E%E1%85%B3-p04174005.html,https://static.zara.net/assets/public/8ff7/6a6a/fc5541ad8cee/021472d3d73c/04174005716-p/04174005716-p.jpg?ts=1774615388280,"₩35,900",,,260622,다크 브라운,,,,
,false,,ZARA,바지,레깅스,여성,카프리 팬츠,https://www.zara.com/kr/ko/%E1%84%8F%E1%85%A1%E1%84%91%E1%85%B3%E1%84%85%E1%85%B5-%E1%84%91%E1%85%A2%E1%86%AB%E1%84%8E%E1%85%B3-p04174009.html,https://static.zara.net/assets/public/f84d/7892/4aa84c229738/54fff7d103b2/04174009716-p/04174009716-p.jpg?ts=1774615391963,"₩35,900",,,260622,다크 브라운,,,,
,false,,ZARA,상의,탑,여성,리브드 버튼 탑,https://www.zara.com/kr/ko/%E1%84%85%E1%85%B5%E1%84%87%E1%85%B3%E1%84%83%E1%85%B3-%E1%84%87%E1%85%A5%E1%84%90%E1%85%B3%E1%86%AB-%E1%84%90%E1%85%A1%E1%86%B8-p01131321.html,https://static.zara.net/assets/public/718c/8650/bede42d085e9/ed6d92ac1968/01131321515-p/01131321515-p.jpg?ts=1772540813817,"₩39,900",,,260622,올리브,,,,
,false,,ZARA,바지,반바지,여성,리브드 버튼 쇼츠,https://www.zara.com/kr/ko/%E1%84%85%E1%85%B5%E1%84%87%E1%85%B3%E1%84%83%E1%85%B3-%E1%84%87%E1%85%A5%E1%84%90%E1%85%B3%E1%86%AB-%E1%84%89%E1%85%AD%E1%84%8E%E1%85%B3-p01131320.html,https://static.zara.net/assets/public/9de5/ecf0/3f954f5abf64/077caa546af9/01131320515-p/01131320515-p.jpg?ts=1772540810202,"₩39,900",,,260622,올리브,,,,
,false,,ZARA,기타,WAISTCOAT,여성,테일러드 뷔스티에 베스트,https://www.zara.com/kr/ko/%E1%84%91%E1%85%A6%E1%84%8B%E1%85%B5%E1%84%8F%E1%85%B3-%E1%84%80%E1%85%AA%E1%86%BC%E1%84%90%E1%85%A2%E1%86%A8-%E1%84%87%E1%85%A6%E1%84%89%E1%85%B3%E1%84%90%E1%85%B3-p02878556.html,https://static.zara.net/assets/public/4de5/acf3/409f48b393a4/03a7cba2a5c6/05908321307-e1/05908321307-e1.jpg?ts=1770916607974,"₩59,900",,,260622,카바,,,,
,false,,ZARA,바지,슬랙스,여성,하이웨이스트 스트레이트 팬츠,https://www.zara.com/kr/ko/%E1%84%91%E1%85%A6%E1%84%8B%E1%85%B5%E1%84%8F%E1%85%B3-%E1%84%80%E1%85%AA%E1%86%BC%E1%84%90%E1%85%A2%E1%86%A8-%E1%84%89%E1%85%B3%E1%84%90%E1%85%B3%E1%84%85%E1%85%A6%E1%84%8B%E1%85%B5%E1%84%90%E1%85%B3-%E1%84%91%E1%85%A2%E1%86%AB%E1%84%8E%E1%85%B3-p02879556.html,https://static.zara.net/assets/public/5e1a/4dfc/20204ccf8a36/d8853e5bbf13/05908221307-e1/05908221307-e1.jpg?ts=1770916633970,"₩59,900",,,260622,카바,,,,
,false,,ZARA,기타,SWEATSHIRT,여성,소프트 스웨트셔츠,https://www.zara.com/kr/ko/%E1%84%89%E1%85%A9%E1%84%91%E1%85%B3%E1%84%90%E1%85%B3-%E1%84%89%E1%85%B3%E1%84%8B%E1%85%B0%E1%84%90%E1%85%B3%E1%84%89%E1%85%A7%E1%84%8E%E1%85%B3-p05070153.html,https://static.zara.net/assets/public/b136/49b6/11ca45a9b216/b0ac64f85bde/05070153717-p/05070153717-p.jpg?ts=1768216813491,"₩55,900",,,260622,초콜렛,,,,
,false,,ZARA,바지,슬랙스,여성,소프트 와이드 팬츠,https://www.zara.com/kr/ko/%E1%84%89%E1%85%A9%E1%84%91%E1%85%B3%E1%84%90%E1%85%B3-%E1%84%8B%E1%85%AA%E1%84%8B%E1%85%B5%E1%84%83%E1%85%B3-%E1%84%91%E1%85%A2%E1%86%AB%E1%84%8E%E1%85%B3-p05070156.html,https://static.zara.net/assets/public/9d5a/7f8e/5b9d480f9e71/97e1c9851d44/05070637717-p/05070637717-p.jpg?ts=1767869163760,"₩55,900",,,260622,초콜렛,,,,
,false,,ZARA,상의,셔츠/블라우스,여성,ZW 컬렉션 체크 반소매 셔츠,https://www.zara.com/kr/ko/zw-%E1%84%8F%E1%85%A5%E1%86%AF%E1%84%85%E1%85%A6%E1%86%A8%E1%84%89%E1%85%A7%E1%86%AB-%E1%84%8E%E1%85%A6%E1%84%8F%E1%85%B3-%E1%84%87%E1%85%A1%E1%86%AB%E1%84%89%E1%85%A9%E1%84%86%E1%85%A2-%E1%84%89%E1%85%A7%E1%84%8E%E1%85%B3-p01206084.html,https://static.zara.net/assets/public/d4bc/cd35/aaf74d6ba658/50be13847097/01206084330-f1/01206084330-f1.jpg?ts=1779704876498,"₩59,900",,,260622,멀티컬러,,,,
,false,,ZARA,바지,슬랙스,여성,ZW 컬렉션 체크 벌룬 팬츠,https://www.zara.com/kr/ko/zw-%E1%84%8F%E1%85%A5%E1%86%AF%E1%84%85%E1%85%A6%E1%86%A8%E1%84%89%E1%85%A7%E1%86%AB-%E1%84%8E%E1%85%A6%E1%84%8F%E1%85%B3-%E1%84%87%E1%85%A5%E1%86%AF%E1%84%85%E1%85%AE%E1%86%AB-%E1%84%91%E1%85%A2%E1%86%AB%E1%84%8E%E1%85%B3-p01935084.html,https://static.zara.net/assets/public/5437/716c/7ffa42e08bcd/d0f8f71f6a04/01935084330-f1/01935084330-f1.jpg?ts=1779704873527,"₩89,900",,,260622,멀티컬러,,,,
,false,,ZARA,기타,WAISTCOAT,여성,테일러드 토글 버튼 베스트,https://www.zara.com/kr/ko/%E1%84%90%E1%85%A6%E1%84%8B%E1%85%B5%E1%86%AF%E1%84%85%E1%85%A5%E1%84%83%E1%85%B3-%E1%84%90%E1%85%A9%E1%84%80%E1%85%B3%E1%86%AF-%E1%84%87%E1%85%A5%E1%84%90%E1%85%B3%E1%86%AB-%E1%84%87%E1%85%A6%E1%84%89%E1%85%B3%E1%84%90%E1%85%B3-p02871793.html,https://static.zara.net/assets/public/174d/b1ff/e43947c4b35f/adecd4a59617/02871793052-f1/02871793052-f1.jpg?ts=1779172282193,"₩79,900",,,260622,라이트 베이지,,,,
,false,,ZARA,바지,버뮤다 팬츠,여성,토글 버튼 버뮤다 팬츠,https://www.zara.com/kr/ko/%E1%84%90%E1%85%A9%E1%84%80%E1%85%B3%E1%86%AF-%E1%84%87%E1%85%A5%E1%84%90%E1%85%B3%E1%86%AB-%E1%84%87%E1%85%A5%E1%84%86%E1%85%B2%E1%84%83%E1%85%A1-%E1%84%91%E1%85%A2%E1%86%AB%E1%84%8E%E1%85%B3-p02977733.html,https://static.zara.net/assets/public/8c6d/373f/7f954ec2929d/66cc4464c3fb/02977733052-f1/02977733052-f1.jpg?ts=1779264088571,"₩57,900",,,260622,라이트 베이지,,,,
,false,,ZARA,상의,탑,여성,애니멀 패턴 튤 탑,https://www.zara.com/kr/ko/%E1%84%8B%E1%85%A2%E1%84%82%E1%85%B5%E1%84%86%E1%85%A5%E1%86%AF-%E1%84%91%E1%85%B3%E1%84%85%E1%85%B5%E1%86%AB%E1%84%90%E1%85%B3-%E1%84%90%E1%85%B2%E1%86%AF-%E1%84%90%E1%85%A1%E1%86%B8-p05039405.html,https://static.zara.net/assets/public/4a3a/dc30/07644134a9bd/69117a11cc7a/05039405042-f1/05039405042-f1.jpg?ts=1775548019751,"₩35,900",,,260622,레오파드,,,,
,false,,ZARA,치마,스커트,여성,애니멀 프린트 튤 스커트,https://www.zara.com/kr/ko/%E1%84%8B%E1%85%A2%E1%84%82%E1%85%B5%E1%84%86%E1%85%A5%E1%86%AF-%E1%84%91%E1%85%B3%E1%84%85%E1%85%B5%E1%86%AB%E1%84%90%E1%85%B3-%E1%84%90%E1%85%B2%E1%86%AF-%E1%84%89%E1%85%B3%E1%84%8F%E1%85%A5%E1%84%90%E1%85%B3-p05039408.html,https://static.zara.net/assets/public/6639/8eff/b89647c5a492/f07d52a76777/05039408042-p/05039408042-p.jpg?ts=1779812388744,"₩45,900",,,260622,레오파드,,,,
,false,,ZARA,상의,탑,여성,합성 면소재 스트랩 탑,https://www.zara.com/kr/ko/%E1%84%92%E1%85%A1%E1%86%B8%E1%84%89%E1%85%A5%E1%86%BC-%E1%84%86%E1%85%A7%E1%86%AB%E1%84%89%E1%85%A9%E1%84%8C%E1%85%A2-%E1%84%89%E1%85%B3%E1%84%90%E1%85%B3%E1%84%85%E1%85%A2%E1%86%B8-%E1%84%90%E1%85%A1%E1%86%B8-p03641722.html,https://static.zara.net/assets/public/53c3/516f/a5a342b4b768/1f597cb2d63e/03641722839-p/03641722839-p.jpg?ts=1771247073693,"₩35,900",,,260622,블랙,,,,
,false,,ZARA,바지,슬랙스,여성,크레이프 벨트 팬츠,https://www.zara.com/kr/ko/%E1%84%8F%E1%85%B3%E1%84%85%E1%85%A6%E1%84%8B%E1%85%B5%E1%84%91%E1%85%B3-%E1%84%87%E1%85%A6%E1%86%AF%E1%84%90%E1%85%B3-%E1%84%91%E1%85%A2%E1%86%AB%E1%84%8E%E1%85%B3-p03641723.html,https://static.zara.net/assets/public/1a77/6211/caea47d0a237/74c57ff06941/03641723839-p/03641723839-p.jpg?ts=1771247074836,"₩49,900",,,260622,블랙,,,,
,false,,ZARA,아우터,블레이저,여성,깅엄체크 크롭 블레이저,https://www.zara.com/kr/ko/%E1%84%80%E1%85%B5%E1%86%BC%E1%84%8B%E1%85%A5%E1%86%B7%E1%84%8E%E1%85%A6%E1%84%8F%E1%85%B3-%E1%84%8F%E1%85%B3%E1%84%85%E1%85%A9%E1%86%B8-%E1%84%87%E1%85%B3%E1%86%AF%E1%84%85%E1%85%A6%E1%84%8B%E1%85%B5%E1%84%8C%E1%85%A5-p08372324.html,https://static.zara.net/assets/public/2e5e/7674/38884232af55/f5563c8ef294/08372324043-f1/08372324043-f1.jpg?ts=1779189215335,"₩59,900",,,260622,"네이비,화이트",,,,
,false,,ZARA,바지,버뮤다 팬츠,여성,깅엄체크 카프리 팬츠,https://www.zara.com/kr/ko/%E1%84%80%E1%85%B5%E1%86%BC%E1%84%8B%E1%85%A5%E1%86%B7%E1%84%8E%E1%85%A6%E1%84%8F%E1%85%B3-%E1%84%8F%E1%85%A1%E1%84%91%E1%85%B3%E1%84%85%E1%85%B5-%E1%84%91%E1%85%A2%E1%86%AB%E1%84%8E%E1%85%B3-p08372224.html,https://static.zara.net/assets/public/d722/84aa/fa3e4531a527/4558abfcb492/08372224043-p/08372224043-p.jpg?ts=1779372597855,"₩49,900",,,260622,"네이비,화이트",,,,
,false,,ZARA,상의,셔츠/블라우스,여성,벌룬 프린지 탑,https://www.zara.com/kr/ko/%E1%84%87%E1%85%A5%E1%86%AF%E1%84%85%E1%85%AE%E1%86%AB-%E1%84%91%E1%85%B3%E1%84%85%E1%85%B5%E1%86%AB%E1%84%8C%E1%85%B5-%E1%84%90%E1%85%A1%E1%86%B8-p02024640.html,https://static.zara.net/assets/public/73ff/c4e8/8a3143df9087/afcaa126b9ef/02024640612-f1/02024640612-f1.jpg?ts=1769019117628,"₩55,900",,,260622,연보라색,,,,
,false,,ZARA,치마,스커트,여성,프린지 미니 스커트,https://www.zara.com/kr/ko/%E1%84%89%E1%85%AD%E1%84%90%E1%85%B3-%E1%84%91%E1%85%B3%E1%84%85%E1%85%B5%E1%86%AB%E1%84%8C%E1%85%B5-%E1%84%89%E1%85%B3%E1%84%8F%E1%85%A5%E1%84%90%E1%85%B3-p02030640.html,https://static.zara.net/assets/public/4780/ce77/56c449e8bc54/7e03068485c1/02030640612-f1/02030640612-f1.jpg?ts=1769019011461,"₩49,900",,,260622,연보라색,,,,
,false,,ZARA,기타,WAISTCOAT,여성,스트럭처 버튼 베스트,https://www.zara.com/kr/ko/%E1%84%89%E1%85%B3%E1%84%90%E1%85%B3%E1%84%85%E1%85%A5%E1%86%A8%E1%84%8E%E1%85%A5-%E1%84%87%E1%85%A5%E1%84%90%E1%85%B3%E1%86%AB-%E1%84%87%E1%85%A6%E1%84%89%E1%85%B3%E1%84%90%E1%85%B3-p05039215.html,https://static.zara.net/assets/public/6d50/fcce/9e25453aabcd/dd635dc458c1/05039215712-p/05039215712-p.jpg?ts=1766502093606,"₩49,900","₩35,900",28,260622,크림,,,,
,false,,ZARA,바지,슬랙스,여성,스트럭처 팬츠,https://www.zara.com/kr/ko/%E1%84%89%E1%85%B3%E1%84%90%E1%85%B3%E1%84%85%E1%85%A5%E1%86%A8%E1%84%8E%E1%85%A5-%E1%84%91%E1%85%A2%E1%86%AB%E1%84%8E%E1%85%B3-p05039216.html,https://static.zara.net/assets/public/8b74/08e1/33eb4cde8652/291847a27a95/05039216712-p/05039216712-p.jpg?ts=1766505937041,"₩55,900","₩35,900",36,260622,크림,,,,
,false,,ZARA,기타,SWEATSHIRT,여성,베이직 플러시 스웨트셔츠,https://www.zara.com/kr/ko/%E1%84%87%E1%85%A6%E1%84%8B%E1%85%B5%E1%84%8C%E1%85%B5%E1%86%A8-%E1%84%91%E1%85%B3%E1%86%AF%E1%84%85%E1%85%A5%E1%84%89%E1%85%B5-%E1%84%89%E1%85%B3%E1%84%8B%E1%85%B0%E1%84%90%E1%85%B3%E1%84%89%E1%85%A7%E1%84%8E%E1%85%B3-p08417802.html,https://static.zara.net/assets/public/36e0/f268/0fc54a1fa234/ba7587877832/08417802700-f1/08417802700-f1.jpg?ts=1769217937230,"₩35,900",,,260622,브라운,,,,
,false,,ZARA,바지,슬랙스,여성,베이직 스트레이트 플러시 팬츠 조절 가능 밑단,https://www.zara.com/kr/ko/%E1%84%8C%E1%85%A9%E1%84%8C%E1%85%A5%E1%86%AF-%E1%84%86%E1%85%B5%E1%87%80%E1%84%83%E1%85%A1%E1%86%AB-%E1%84%87%E1%85%A6%E1%84%8B%E1%85%B5%E1%84%89%E1%85%B5%E1%86%A8-%E1%84%89%E1%85%B3%E1%84%90%E1%85%B3%E1%84%85%E1%85%A6%E1%84%8B%E1%85%B5%E1%84%90%E1%85%B3-%E1%84%91%E1%85%B3%E1%86%AF%E1%84%85%E1%85%A5%E1%84%89%E1%85%B5-%E1%84%91%E1%85%A2%E1%86%AB%E1%84%8E%E1%85%B3-p08417803.html,https://static.zara.net/assets/public/55a1/0408/79614686b564/2b840550aa6f/08417803700-f1/08417803700-f1.jpg?ts=1769217786681,"₩45,900",,,260622,브라운,,,,
,false,,ZARA,상의,탑,여성,배색 버튼 니트 탑,https://www.zara.com/kr/ko/%E1%84%8F%E1%85%A9%E1%86%AB%E1%84%90%E1%85%B3%E1%84%85%E1%85%A1%E1%84%89%E1%85%B3%E1%84%90%E1%85%B3-%E1%84%87%E1%85%A5%E1%84%90%E1%85%B3%E1%86%AB-%E1%84%82%E1%85%B5%E1%84%90%E1%85%B3-%E1%84%90%E1%85%A1%E1%86%B8-p02142149.html,https://static.zara.net/assets/public/d65c/9d74/b81e4647ab23/b222b405c934/02142149043-f1/02142149043-f1.jpg?ts=1777021440963,"₩49,900",,,260622,"네이비,화이트",,,,
,false,,ZARA,치마,스커트,여성,콘트라스트 버튼 니트 미니 스커트,https://www.zara.com/kr/ko/%E1%84%8F%E1%85%A9%E1%86%AB%E1%84%90%E1%85%B3%E1%84%85%E1%85%A1%E1%84%89%E1%85%B3%E1%84%90%E1%85%B3-%E1%84%87%E1%85%A5%E1%84%90%E1%85%B3%E1%86%AB-%E1%84%82%E1%85%B5%E1%84%90%E1%85%B3-%E1%84%89%E1%85%AD%E1%84%90%E1%85%B3-%E1%84%89%E1%85%B3%E1%84%8F%E1%85%A5%E1%84%90%E1%85%B3-p02142151.html,https://static.zara.net/assets/public/7cf8/0325/45db40949cf6/d3b0374548b9/02142151043-f1/02142151043-f1.jpg?ts=1777021444224,"₩49,900",,,260622,"네이비,화이트",,,,
,false,,ZARA,상의,탑,여성,드레이프 니트 탑,https://www.zara.com/kr/ko/%E1%84%83%E1%85%B3%E1%84%85%E1%85%A6%E1%84%8B%E1%85%B5%E1%84%91%E1%85%B3-%E1%84%82%E1%85%B5%E1%84%90%E1%85%B3-%E1%84%90%E1%85%A1%E1%86%B8-p01509007.html,https://static.zara.net/assets/public/6fe9/29d2/ff394435b660/0b20ee3f9188/01509007422-p/01509007422-p.jpg?ts=1774267255940,"₩49,900",,,260622,다크 블루,,,,
,false,,ZARA,치마,스커트,여성,니트 미디 스커트,https://www.zara.com/kr/ko/%E1%84%82%E1%85%B5%E1%84%90%E1%85%B3-%E1%84%86%E1%85%B5%E1%84%83%E1%85%B5-%E1%84%89%E1%85%B3%E1%84%8F%E1%85%A5%E1%84%90%E1%85%B3-p01509008.html,https://static.zara.net/assets/public/6d01/34d8/cf084deba395/cf7350fd16b9/01509008422-p/01509008422-p.jpg?ts=1774267259019,"₩59,900",,,260622,다크 블루,,,,
,false,,ZARA,상의,셔츠/블라우스,여성,Z1975 쇼트 데님 셔츠,https://www.zara.com/kr/ko/z1975-%E1%84%89%E1%85%AD%E1%84%90%E1%85%B3-%E1%84%83%E1%85%A6%E1%84%82%E1%85%B5%E1%86%B7-%E1%84%89%E1%85%A7%E1%84%8E%E1%85%B3-p01416034.html,https://static.zara.net/assets/public/c1c8/9093/b44746439849/b974cfc6d9b5/07484044407-f1/07484044407-f1.jpg?ts=1772017575854,"₩55,900",,,260622,블루,,,,
,false,,ZARA,바지,버뮤다 팬츠,여성,Z1975 크로스 오버 데님 스커트 팬츠,https://www.zara.com/kr/ko/z1975-%E1%84%8F%E1%85%B3%E1%84%85%E1%85%A9%E1%84%89%E1%85%B3-%E1%84%83%E1%85%A6%E1%84%82%E1%85%B5%E1%86%B7-%E1%84%89%E1%85%B3%E1%84%8F%E1%85%A5%E1%84%90%E1%85%B3-%E1%84%91%E1%85%A2%E1%86%AB%E1%84%8E%E1%85%B3-p01416035.html,https://static.zara.net/assets/public/5b9f/fb2a/b2ca4d3da41d/7139ca344e6b/07484045407-p/07484045407-p.jpg?ts=1781092365540,"₩49,900",,,260622,블루,,,,
,false,,ZARA,기타,SWEATSHIRT,여성,베이직 플러시 스웨트셔츠,https://www.zara.com/kr/ko/%E1%84%87%E1%85%A6%E1%84%8B%E1%85%B5%E1%84%8C%E1%85%B5%E1%86%A8-%E1%84%91%E1%85%B3%E1%86%AF%E1%84%85%E1%85%A5%E1%84%89%E1%85%B5-%E1%84%89%E1%85%B3%E1%84%8B%E1%85%B0%E1%84%90%E1%85%B3%E1%84%89%E1%85%A7%E1%84%8E%E1%85%B3-p08417802.html,https://static.zara.net/assets/public/0391/1cd1/29b143e990c7/a7305a79c775/08417802401-f1/08417802401-f1.jpg?ts=1769217707687,"₩35,900",,,260622,네이비,,,,
,false,,ZARA,바지,슬랙스,여성,조절 밑단 베이식 스트레이트 플러시 팬츠,https://www.zara.com/kr/ko/%E1%84%8C%E1%85%A9%E1%84%8C%E1%85%A5%E1%86%AF-%E1%84%86%E1%85%B5%E1%87%80%E1%84%83%E1%85%A1%E1%86%AB-%E1%84%87%E1%85%A6%E1%84%8B%E1%85%B5%E1%84%89%E1%85%B5%E1%86%A8-%E1%84%89%E1%85%B3%E1%84%90%E1%85%B3%E1%84%85%E1%85%A6%E1%84%8B%E1%85%B5%E1%84%90%E1%85%B3-%E1%84%91%E1%85%B3%E1%86%AF%E1%84%85%E1%85%A5%E1%84%89%E1%85%B5-%E1%84%91%E1%85%A2%E1%86%AB%E1%84%8E%E1%85%B3-p08417803.html,https://static.zara.net/assets/public/5728/d42c/721f4338a7a5/ac16ba2ecadb/08417803401-f1/08417803401-f1.jpg?ts=1769217663226,"₩45,900",,,260622,네이비,,,,
,false,,ZARA,기타,WIND-JACKET,여성,도트 셔링 재킷,https://www.zara.com/kr/ko/%E1%84%83%E1%85%A9%E1%84%90%E1%85%B3-%E1%84%89%E1%85%A7%E1%84%85%E1%85%B5%E1%86%BC-%E1%84%8C%E1%85%A2%E1%84%8F%E1%85%B5%E1%86%BA-p05247763.html,https://static.zara.net/assets/public/7ad8/7d8b/2b1c419bb83f/1161ff7b7f8f/05247763074-p/05247763074-p.jpg?ts=1776854065800,"₩79,900",,,260622,"블랙,옐로우",,,,
,false,,ZARA,바지,버뮤다 팬츠,여성,도트 벌룬 쇼츠,https://www.zara.com/kr/ko/%E1%84%83%E1%85%A9%E1%84%90%E1%85%B3-%E1%84%87%E1%85%A5%E1%86%AF%E1%84%85%E1%85%AE%E1%86%AB-%E1%84%89%E1%85%AD%E1%84%8E%E1%85%B3-p02180420.html,https://static.zara.net/assets/public/12ee/9f35/fd414608ab43/132779f07507/02180420074-p/02180420074-p.jpg?ts=1776871883887,"₩55,900",,,260622,"블랙,옐로우",,,,
,false,,ZARA,아우터,블레이저,여성,SOSHIOTSUKI X ZARA 숄더 패드 재킷,https://www.zara.com/kr/ko/%E1%84%89%E1%85%AD%E1%86%AF%E1%84%83%E1%85%A5-%E1%84%91%E1%85%A2%E1%84%83%E1%85%B3-%E1%84%8C%E1%85%A2%E1%84%8F%E1%85%B5%E1%86%BA-soshiotsuki-x-zara-p09832777.html,https://static.zara.net/assets/public/fa0f/abc3/d99a46ef8e7e/6bae312cce16/09832777800-f1/09832777800-f1.jpg?ts=1769678112713,"₩239,900",,,260622,블랙,,,,
,false,,ZARA,바지,슬랙스,여성,SOSHIOTSUKI X ZARA 롤업 허리 팬츠,https://www.zara.com/kr/ko/soshiotsuki-x-zara-%E1%84%85%E1%85%A9%E1%86%AF%E1%84%8B%E1%85%A5%E1%86%B8-%E1%84%92%E1%85%A5%E1%84%85%E1%85%B5-%E1%84%91%E1%85%A2%E1%86%AB%E1%84%8E%E1%85%B3-p09761777.html,https://static.zara.net/assets/public/be21/818f/6c234ee9b5b7/fc78815d3296/09761777800000-f1/09761777800000-f1.jpg?ts=1769524548217,"₩169,900",,,260622,블랙,,,,
,false,,ZARA,상의,셔츠/블라우스,여성,스트라이프 페플럼 탑,https://www.zara.com/kr/ko/%E1%84%89%E1%85%B3%E1%84%90%E1%85%B3%E1%84%85%E1%85%A1%E1%84%8B%E1%85%B5%E1%84%91%E1%85%B3-%E1%84%91%E1%85%A6%E1%84%91%E1%85%B3%E1%86%AF%E1%84%85%E1%85%A5%E1%86%B7-%E1%84%90%E1%85%A1%E1%86%B8-p02824651.html,https://static.zara.net/assets/public/62e4/9700/53e8481eb854/495d8eb50520/02824651620-f1/02824651620-f1.jpg?ts=1778573233865,"₩49,900",,,260622,로즈핑크,,,,
,false,,ZARA,바지,슬랙스,여성,스트라이프 와이드 팬츠,https://www.zara.com/kr/ko/%E1%84%89%E1%85%B3%E1%84%90%E1%85%B3%E1%84%85%E1%85%A1%E1%84%8B%E1%85%B5%E1%84%91%E1%85%B3-%E1%84%8B%E1%85%AA%E1%84%8B%E1%85%B5%E1%84%83%E1%85%B3-%E1%84%91%E1%85%A2%E1%86%AB%E1%84%8E%E1%85%B3-p02833651.html,https://static.zara.net/assets/public/6996/9ba0/f6d14df9a9dc/9bc1e4ff256a/02833651620-000-p/02833651620-000-p.jpg?ts=1779292959093,"₩59,900",,,260622,로즈핑크,,,,
,false,,ZARA,아우터,블레이저,여성,린넨 더블 브레스트 블레이저,https://www.zara.com/kr/ko/%E1%84%85%E1%85%B5%E1%86%AB%E1%84%82%E1%85%A6%E1%86%AB-%E1%84%83%E1%85%A5%E1%84%87%E1%85%B3%E1%86%AF-%E1%84%87%E1%85%B3%E1%84%85%E1%85%A6%E1%84%89%E1%85%B3%E1%84%90%E1%85%B3-%E1%84%87%E1%85%B3%E1%86%AF%E1%84%85%E1%85%A6%E1%84%8B%E1%85%B5%E1%84%8C%E1%85%A5-p08372245.html,https://static.zara.net/assets/public/05a9/f6ae/cb52438887a9/b798cb870495/08372245610-p/08372245610-p.jpg?ts=1773760443835,"₩89,900",,,260622,가지,,,,
,false,,ZARA,바지,슬랙스,여성,린넨 스트레이트 팬츠,https://www.zara.com/kr/ko/%E1%84%85%E1%85%B5%E1%86%AB%E1%84%82%E1%85%A6%E1%86%AB-%E1%84%89%E1%85%B3%E1%84%90%E1%85%B3%E1%84%85%E1%85%A6%E1%84%8B%E1%85%B5%E1%84%90%E1%85%B3-%E1%84%91%E1%85%A2%E1%86%AB%E1%84%8E%E1%85%B3-p08372145.html,https://static.zara.net/assets/public/4500/2dc6/77124c75958a/79fadc503eff/08372145610-p/08372145610-p.jpg?ts=1773760442333,"₩57,900",,,260622,가지,,,,
,false,,ZARA,상의,셔츠/블라우스,여성,Z1975 스트라이프 데님 탑,https://www.zara.com/kr/ko/z1975-%E1%84%89%E1%85%B3%E1%84%90%E1%85%B3%E1%84%85%E1%85%A1%E1%84%8B%E1%85%B5%E1%84%91%E1%85%B3-%E1%84%83%E1%85%A6%E1%84%82%E1%85%B5%E1%86%B7-%E1%84%90%E1%85%A1%E1%86%B8-p06186053.html,https://static.zara.net/assets/public/f10e/ff37/b62648d79841/c9d824447a92/06186053427-f1/06186053427-f1.jpg?ts=1780053462897,"₩55,900",,,260622,미디움 블루,,,,
,false,,ZARA,바지,슬랙스,여성,JEANS Z1975 스트레이트 로우라이즈 스트라이프,https://www.zara.com/kr/ko/jeans-z1975-%E1%84%89%E1%85%B3%E1%84%90%E1%85%B3%E1%84%85%E1%85%A6%E1%84%8B%E1%85%B5%E1%84%90%E1%85%B3-%E1%84%85%E1%85%A9%E1%84%8B%E1%85%AE%E1%84%85%E1%85%A1%E1%84%8B%E1%85%B5%E1%84%8C%E1%85%B3-%E1%84%89%E1%85%B3%E1%84%90%E1%85%B3%E1%84%85%E1%85%A1%E1%84%8B%E1%85%B5%E1%84%91%E1%85%B3-p06186054.html,https://static.zara.net/assets/public/77c3/415c/a17445ab9526/adb80197167c/06186054427-f1/06186054427-f1.jpg?ts=1780056672748,"₩79,900",,,260622,미디움 블루,,,,
,false,,ZARA,기타,WIND-JACKET,여성,숄더 패드 페이크 레더 봄버 재킷,https://www.zara.com/kr/ko/%E1%84%89%E1%85%AD%E1%86%AF%E1%84%83%E1%85%A5-%E1%84%91%E1%85%A2%E1%84%83%E1%85%B3-%E1%84%91%E1%85%A6%E1%84%8B%E1%85%B5%E1%84%8F%E1%85%B3-%E1%84%85%E1%85%A6%E1%84%83%E1%85%A5-%E1%84%87%E1%85%A9%E1%86%B7%E1%84%87%E1%85%A5-%E1%84%8C%E1%85%A2%E1%84%8F%E1%85%B5%E1%86%BA-p03046068.html,https://static.zara.net/assets/public/063e/4451/b13f44c89a8f/302e55f2c606/03046068701-p/03046068701-p.jpg?ts=1773246253493,"₩89,900",,,260622,테라코타,,,,
,false,,ZARA,치마,스커트,여성,페이크 레더 벌룬 미니 스커트,https://www.zara.com/kr/ko/%E1%84%91%E1%85%A6%E1%84%8B%E1%85%B5%E1%84%8F%E1%85%B3-%E1%84%85%E1%85%A6%E1%84%83%E1%85%A5-%E1%84%87%E1%85%A5%E1%86%AF%E1%84%85%E1%85%AE%E1%86%AB-%E1%84%86%E1%85%B5%E1%84%82%E1%85%B5-%E1%84%89%E1%85%B3%E1%84%8F%E1%85%A5%E1%84%90%E1%85%B3-p03046074.html,https://static.zara.net/assets/public/5664/86e1/3be94fa3bacb/9899d78efc00/03046074701-p/03046074701-p.jpg?ts=1773252986039,"₩55,900",,,260622,테라코타,,,,
,false,,ZARA,상의,가디건,여성,플라워 포인텔 니트 재킷,https://www.zara.com/kr/ko/%E1%84%91%E1%85%A9%E1%84%8B%E1%85%B5%E1%86%AB%E1%84%90%E1%85%A6%E1%86%AF-%E1%84%91%E1%85%B3%E1%86%AF%E1%84%85%E1%85%A1%E1%84%8B%E1%85%AF-%E1%84%82%E1%85%B5%E1%84%90%E1%85%B3-%E1%84%8C%E1%85%A2%E1%84%8F%E1%85%B5%E1%86%BA-p06771031.html,https://static.zara.net/assets/public/9dd3/2878/ceff4d1e8bcb/524a63bea061/06771031721-f1/06771031721-f1.jpg?ts=1777562386062,"₩55,900",,,260622,라이트 베이지,,,,
,false,,ZARA,상의,탑,여성,플로럴 포인텔 니트 탑,https://www.zara.com/kr/ko/%E1%84%91%E1%85%A9%E1%84%8B%E1%85%B5%E1%86%AB%E1%84%90%E1%85%A6%E1%86%AF-%E1%84%91%E1%85%B3%E1%86%AF%E1%84%85%E1%85%A1%E1%84%8B%E1%85%AF-%E1%84%82%E1%85%B5%E1%84%90%E1%85%B3-%E1%84%90%E1%85%A1%E1%86%B8-p06771032.html,https://static.zara.net/assets/public/fd8a/b029/ef604ee79fe7/fa4cb14b0e33/06771032721-p/06771032721-p.jpg?ts=1777478824138,"₩29,900",,,260622,라이트 베이지,,,,
,false,,ZARA,바지,반바지,여성,펀칭 니트 쇼츠,https://www.zara.com/kr/ko/%E1%84%91%E1%85%A9%E1%84%8B%E1%85%B5%E1%86%AB%E1%84%90%E1%85%A6%E1%86%AF-%E1%84%82%E1%85%B5%E1%84%90%E1%85%B3-%E1%84%89%E1%85%AD%E1%84%8E%E1%85%B3-p06771033.html,https://static.zara.net/assets/public/3b19/6acc/316b4b3f9b3d/836b000f5a02/06771033721-f1/06771033721-f1.jpg?ts=1777564578257,"₩45,900",,,260622,라이트 베이지,,,,
,false,,ZARA,상의,탑,여성,드레이프 코튼 탑,https://www.zara.com/kr/ko/%E1%84%83%E1%85%B3%E1%84%85%E1%85%A6%E1%84%8B%E1%85%B5%E1%84%91%E1%85%B3-%E1%84%8F%E1%85%A9%E1%84%90%E1%85%B3%E1%86%AB-%E1%84%90%E1%85%A1%E1%86%B8-p01165017.html,https://static.zara.net/assets/public/a5b3/06d3/639c44e689ab/e568fa53e226/01165017800-f1/01165017800-f1.jpg?ts=1770907082175,"₩35,900",,,260622,블랙,,,,
,false,,ZARA,바지,슬랙스,여성,헤비 코튼 파진 팬츠,https://www.zara.com/kr/ko/%E1%84%92%E1%85%A6%E1%84%87%E1%85%B5-%E1%84%8F%E1%85%A9%E1%84%90%E1%85%B3%E1%86%AB-%E1%84%91%E1%85%A1%E1%84%8C%E1%85%B5%E1%86%AB-%E1%84%91%E1%85%A2%E1%86%AB%E1%84%8E%E1%85%B3-p01165018.html,https://static.zara.net/assets/public/cd30/ad42/c7414cd8b809/71ab3106e72e/01165018800-f1/01165018800-f1.jpg?ts=1770907192989,"₩49,900",,,260622,블랙,,,,
,false,,ZARA,아우터,블레이저,여성,페더 커프스 숄더 패드 블레이저,https://www.zara.com/kr/ko/%E1%84%91%E1%85%A6%E1%84%83%E1%85%A5-%E1%84%8F%E1%85%A5%E1%84%91%E1%85%B3%E1%84%89%E1%85%B3-%E1%84%89%E1%85%AD%E1%86%AF%E1%84%83%E1%85%A5-%E1%84%91%E1%85%A2%E1%84%83%E1%85%B3-%E1%84%87%E1%85%B3%E1%86%AF%E1%84%85%E1%85%A6%E1%84%8B%E1%85%B5%E1%84%8C%E1%85%A5-p02654593.html,https://static.zara.net/assets/public/ca1c/c36d/c277479fbcda/e9ec0061bdab/02654593603-1-p/02654593603-1-p.jpg?ts=1778240350908,"₩169,900",,,260622,퍼플,,,,
,false,,ZARA,바지,슬랙스,여성,로우라이즈 스트레이트 팬츠,https://www.zara.com/kr/ko/%E1%84%85%E1%85%A9%E1%84%8B%E1%85%AE%E1%84%85%E1%85%A1%E1%84%8B%E1%85%B5%E1%84%8C%E1%85%B3-%E1%84%89%E1%85%B3%E1%84%90%E1%85%B3%E1%84%85%E1%85%A6%E1%84%8B%E1%85%B5%E1%84%90%E1%85%B3-%E1%84%91%E1%85%A2%E1%86%AB%E1%84%8E%E1%85%B3-p02530593.html,https://static.zara.net/assets/public/3ab4/099a/4907474c9e52/40932b8d0af9/02530593603-000-f1/02530593603-000-f1.jpg?ts=1776957196502,"₩89,900",,,260622,퍼플,,,,
,false,,ZARA,아우터,블레이저,여성,페더 커프스 숄더 패드 블레이저,https://www.zara.com/kr/ko/%E1%84%91%E1%85%A6%E1%84%83%E1%85%A5-%E1%84%8F%E1%85%A5%E1%84%91%E1%85%B3%E1%84%89%E1%85%B3-%E1%84%89%E1%85%AD%E1%86%AF%E1%84%83%E1%85%A5-%E1%84%91%E1%85%A2%E1%84%83%E1%85%B3-%E1%84%87%E1%85%B3%E1%86%AF%E1%84%85%E1%85%A6%E1%84%8B%E1%85%B5%E1%84%8C%E1%85%A5-p02654593.html,https://static.zara.net/assets/public/21be/6230/14e14749999c/8e6dfaaf49b2/02654593603-000-f1/02654593603-000-f1.jpg?ts=1776957097287,"₩169,900",,,260622,퍼플,,,,
,false,,ZARA,바지,슬랙스,여성,로우라이즈 스트레이트 팬츠,https://www.zara.com/kr/ko/%E1%84%85%E1%85%A9%E1%84%8B%E1%85%AE%E1%84%85%E1%85%A1%E1%84%8B%E1%85%B5%E1%84%8C%E1%85%B3-%E1%84%89%E1%85%B3%E1%84%90%E1%85%B3%E1%84%85%E1%85%A6%E1%84%8B%E1%85%B5%E1%84%90%E1%85%B3-%E1%84%91%E1%85%A2%E1%86%AB%E1%84%8E%E1%85%B3-p02530593.html,https://static.zara.net/assets/public/3ab4/099a/4907474c9e52/40932b8d0af9/02530593603-000-f1/02530593603-000-f1.jpg?ts=1776957196502,"₩89,900",,,260622,퍼플,,,,
,false,,ZARA,상의,셔츠/블라우스,여성,언밸런스 드레이프 홀터넥 탑,https://www.zara.com/kr/ko/%E1%84%8B%E1%85%A5%E1%86%AB%E1%84%87%E1%85%A2%E1%86%AF%E1%84%85%E1%85%A5%E1%86%AB%E1%84%89%E1%85%B3-%E1%84%83%E1%85%B3%E1%84%85%E1%85%A6%E1%84%8B%E1%85%B5%E1%84%91%E1%85%B3-%E1%84%92%E1%85%A9%E1%86%AF%E1%84%90%E1%85%A5%E1%84%82%E1%85%A6%E1%86%A8-%E1%84%90%E1%85%A1%E1%86%B8-p02748332.html,https://static.zara.net/assets/public/a330/0fbb/8a5742c8ba41/de080f19a13e/02748051251-p/02748051251-p.jpg?ts=1779440409364,"₩45,900",,,260622,스크래치 화이트,,,,
,false,,ZARA,바지,슬랙스,여성,드로스트링 새틴 팬츠,https://www.zara.com/kr/ko/%E1%84%89%E1%85%A2%E1%84%90%E1%85%B5%E1%86%AB-%E1%84%83%E1%85%B3%E1%84%85%E1%85%A9%E1%84%89%E1%85%B3%E1%84%90%E1%85%B3%E1%84%85%E1%85%B5%E1%86%BC-%E1%84%91%E1%85%A2%E1%86%AB%E1%84%8E%E1%85%B3-p02180415.html,https://static.zara.net/assets/public/37dc/d20e/12874b369f29/780e979450b0/05427443712-p/05427443712-p.jpg?ts=1779440424221,"₩55,900",,,260622,크림,,,,
,false,,ZARA,바지,슬랙스,여성,텍스처 포켓 팬츠,https://www.zara.com/kr/ko/%E1%84%90%E1%85%A6%E1%86%A8%E1%84%89%E1%85%B3%E1%84%8E%E1%85%A5-%E1%84%91%E1%85%A9%E1%84%8F%E1%85%A6%E1%86%BA-%E1%84%91%E1%85%A2%E1%86%AB%E1%84%8E%E1%85%B3-p03641377.html,https://static.zara.net/assets/public/8e04/6d0b/817a4bd78a8c/edfeda9da06f/03641377526-p/03641377526-p.jpg?ts=1774445671843,"₩49,900","₩29,900",40,260622,라이트 그린,,,,
,false,,ZARA,상의,셔츠/블라우스,여성,허니콤 체크 탑,https://www.zara.com/kr/ko/%E1%84%8E%E1%85%A6%E1%84%8F%E1%85%B3-%E1%84%92%E1%85%A5%E1%84%82%E1%85%B5%E1%84%8F%E1%85%A9%E1%86%B7-%E1%84%90%E1%85%A1%E1%86%B8-p08741062.html,https://static.zara.net/assets/public/a0f0/c52d/e9ec4e908247/126641990238/08741062044-p/08741062044-p.jpg?ts=1776424244178,"₩57,900",,,260622,"블루 ,화이트",,,,
,false,,ZARA,치마,스커트,여성,자수 체크 미디 스커트,https://www.zara.com/kr/ko/%E1%84%8C%E1%85%A1%E1%84%89%E1%85%AE-%E1%84%8E%E1%85%A6%E1%84%8F%E1%85%B3-%E1%84%86%E1%85%B5%E1%84%83%E1%85%B5-%E1%84%89%E1%85%B3%E1%84%8F%E1%85%A5%E1%84%90%E1%85%B3-p08741061.html,https://static.zara.net/assets/public/9c6d/c11e/83794716896f/7095b11bd326/08741061044-p/08741061044-p.jpg?ts=1776424244089,"₩89,900",,,260622,"블루 ,화이트",,,,
,false,,ZARA,아우터,블레이저,여성,타이트핏 숄더 패드 블레이저,https://www.zara.com/kr/ko/%E1%84%90%E1%85%A1%E1%84%8B%E1%85%B5%E1%84%90%E1%85%B3%E1%84%91%E1%85%B5%E1%86%BA-%E1%84%89%E1%85%AD%E1%86%AF%E1%84%83%E1%85%A5-%E1%84%91%E1%85%A2%E1%84%83%E1%85%B3-%E1%84%87%E1%85%B3%E1%86%AF%E1%84%85%E1%85%A6%E1%84%8B%E1%85%B5%E1%84%8C%E1%85%A5-p02396593.html,https://static.zara.net/assets/public/f77f/ffb6/6ea84705ae13/2ad5532b9d75/02396593600-p/02396593600-p.jpg?ts=1770190662794,"₩119,900",,,260622,레드,,,,
,false,,ZARA,바지,슬랙스,여성,하이웨이스트 스트레이트 팬츠,https://www.zara.com/kr/ko/%E1%84%92%E1%85%A1%E1%84%8B%E1%85%B5%E1%84%8B%E1%85%B0%E1%84%8B%E1%85%B5%E1%84%89%E1%85%B3%E1%84%90%E1%85%B3-%E1%84%89%E1%85%B3%E1%84%90%E1%85%B3%E1%84%85%E1%85%A6%E1%84%8B%E1%85%B5%E1%84%90%E1%85%B3-%E1%84%91%E1%85%A2%E1%86%AB%E1%84%8E%E1%85%B3-p02051593.html,https://static.zara.net/assets/public/c165/303a/b0294667ac80/b0cbb3155149/02396593600-p/02396593600-p.jpg?ts=1770189934589,"₩59,900",,,260622,레드,,,,
,false,,ZARA,상의,셔츠/블라우스,여성,스트라이프 포플린 오버사이즈 셔츠,https://www.zara.com/kr/ko/%E1%84%89%E1%85%B3%E1%84%90%E1%85%B3%E1%84%85%E1%85%A1%E1%84%8B%E1%85%B5%E1%84%91%E1%85%B3-%E1%84%91%E1%85%A9%E1%84%91%E1%85%B3%E1%86%AF%E1%84%85%E1%85%B5%E1%86%AB-%E1%84%8B%E1%85%A9%E1%84%87%E1%85%A5%E1%84%89%E1%85%A1%E1%84%8B%E1%85%B5%E1%84%8C%E1%85%B3-%E1%84%89%E1%85%A7%E1%84%8E%E1%85%B3-p02792219.html,https://static.zara.net/assets/public/2c07/bd90/67a04e41b8da/8274158802f6/02792219047-f1/02792219047-f1.jpg?ts=1777375370406,"₩49,900",,,260622,프린트,,,,
,false,,ZARA,바지,버뮤다 팬츠,여성,스트라이프 포플린 쇼츠,https://www.zara.com/kr/ko/%E1%84%89%E1%85%B3%E1%84%90%E1%85%B3%E1%84%85%E1%85%A1%E1%84%8B%E1%85%B5%E1%84%91%E1%85%B3-%E1%84%91%E1%85%A9%E1%84%91%E1%85%B3%E1%86%AF%E1%84%85%E1%85%B5%E1%86%AB-%E1%84%89%E1%85%AD%E1%84%8E%E1%85%B3-p06929416.html,https://static.zara.net/assets/public/26e1/1bf3/3cc543d39ddd/1199e8b8e284/06929416047-f1/06929416047-f1.jpg?ts=1777305581064,"₩49,900",,,260622,프린트,,,,
,false,,ZARA,아우터,블레이저,여성,시퀸 더블 브레스트 블레이저,https://www.zara.com/kr/ko/%E1%84%83%E1%85%A5%E1%84%87%E1%85%B3%E1%86%AF-%E1%84%87%E1%85%B3%E1%84%85%E1%85%A6%E1%84%89%E1%85%B3%E1%84%90%E1%85%B3-%E1%84%89%E1%85%B3%E1%84%91%E1%85%A2%E1%86%BC%E1%84%80%E1%85%B3%E1%86%AF-%E1%84%87%E1%85%B3%E1%86%AF%E1%84%85%E1%85%A6%E1%84%8B%E1%85%B5%E1%84%8C%E1%85%A5-p02423929.html,https://static.zara.net/assets/public/3dd6/515c/a8b74c09817f/648a28b50afe/02423929700-p/02423929700-p.jpg?ts=1775748327725,"₩99,900",,,260622,브라운,,,,
,false,,ZARA,바지,슬랙스,여성,루즈 시퀸 팬츠,https://www.zara.com/kr/ko/%E1%84%85%E1%85%AE%E1%84%8C%E1%85%B3-%E1%84%89%E1%85%B5%E1%84%8F%E1%85%B1%E1%86%AB-%E1%84%91%E1%85%A2%E1%86%AB%E1%84%8E%E1%85%B3-p02422929.html,https://static.zara.net/assets/public/62ef/41b8/8a914fe8a06c/c14d4eeb2b19/02422929700-p/02422929700-p.jpg?ts=1775748322209,"₩79,900",,,260622,브라운,,,,
,false,,ZARA,상의,니트,여성,오버사이즈 니트 탑,https://www.zara.com/kr/ko/%E1%84%8B%E1%85%A9%E1%84%87%E1%85%A5%E1%84%89%E1%85%A1%E1%84%8B%E1%85%B5%E1%84%8C%E1%85%B3-%E1%84%82%E1%85%B5%E1%84%90%E1%85%B3-%E1%84%90%E1%85%A1%E1%86%B8-p02142246.html,https://static.zara.net/assets/public/60d9/5a11/d1ce4b81818d/7d03a1abe638/02142246600-p/02142246600-p.jpg?ts=1774619598060,"₩55,900",,,260622,레드,,,,
,false,,ZARA,바지,슬랙스,여성,벌룬핏 니트 팬츠,https://www.zara.com/kr/ko/%E1%84%87%E1%85%A5%E1%86%AF%E1%84%85%E1%85%AE%E1%86%AB-%E1%84%82%E1%85%B5%E1%84%90%E1%85%B3-%E1%84%91%E1%85%A2%E1%86%AB%E1%84%8E%E1%85%B3-p02142247.html,https://static.zara.net/assets/public/b9a4/e8cf/f2e8463c84a9/3e2060cb28f5/02142247600-p/02142247600-p.jpg?ts=1774619596746,"₩59,900",,,260622,레드,,,,
,false,,ZARA,아우터,블레이저,여성,벨트 린넨 사파리 재킷,https://www.zara.com/kr/ko/%E1%84%87%E1%85%A6%E1%86%AF%E1%84%90%E1%85%B3-%E1%84%85%E1%85%B5%E1%86%AB%E1%84%82%E1%85%A6%E1%86%AB-%E1%84%89%E1%85%A1%E1%84%91%E1%85%A1%E1%84%85%E1%85%B5-%E1%84%8C%E1%85%A2%E1%84%8F%E1%85%B5%E1%86%BA-p02587801.html,https://static.zara.net/assets/public/8268/7666/84af439d8036/5c6c5c1ea3fa/02587801309-p/02587801309-p.jpg?ts=1774886075289,"₩79,900",,,260622,카레,,,,
,false,,ZARA,바지,슬랙스,여성,슬릿 린넨 루즈 팬츠,https://www.zara.com/kr/ko/%E1%84%89%E1%85%B3%E1%86%AF%E1%84%85%E1%85%B5%E1%86%BA-%E1%84%85%E1%85%B5%E1%86%AB%E1%84%82%E1%85%A6%E1%86%AB-%E1%84%85%E1%85%AE%E1%84%8C%E1%85%B3-%E1%84%91%E1%85%A2%E1%86%AB%E1%84%8E%E1%85%B3-p02602801.html,https://static.zara.net/assets/public/bcf5/517d/8e85465fae60/e4f18eec49cf/02602801309-p/02602801309-p.jpg?ts=1774881335327,"₩59,900",,,260622,카레,,,,
,false,,ZARA,상의,탑,여성,신축성 홀터 크롭 탑,https://www.zara.com/kr/ko/%E1%84%89%E1%85%B5%E1%86%AB%E1%84%8E%E1%85%AE%E1%86%A8%E1%84%89%E1%85%A5%E1%86%BC-%E1%84%92%E1%85%A9%E1%86%AF%E1%84%90%E1%85%A5%E1%84%82%E1%85%A6%E1%86%A8-%E1%84%8F%E1%85%B3%E1%84%85%E1%85%A9%E1%86%B8-%E1%84%90%E1%85%A1%E1%86%B8-p03641330.html,https://static.zara.net/assets/public/7c71/6fe4/205647ca9525/036190966ab4/03641330800-p/03641330800-p.jpg?ts=1775741075804,"₩29,900",,,260622,블랙,,,,
,false,,ZARA,바지,레깅스,여성,스트레치 퓌조 레깅스,https://www.zara.com/kr/ko/%E1%84%89%E1%85%B3%E1%84%90%E1%85%B3%E1%84%85%E1%85%A6%E1%84%8E%E1%85%B5-%E1%84%91%E1%85%B1%E1%84%8C%E1%85%A9-%E1%84%85%E1%85%A6%E1%84%80%E1%85%B5%E1%86%BC%E1%84%89%E1%85%B3-p03641331.html,https://static.zara.net/assets/public/9edd/0fa7/22b34f3bae52/066774592ce1/03641331800-p/03641331800-p.jpg?ts=1775741075804,"₩45,900",,,260622,블랙,,,,
,false,,ZARA,기타,WIND-JACKET,여성,도트 셔츠 재킷,https://www.zara.com/kr/ko/%E1%84%83%E1%85%A9%E1%84%90%E1%85%B3-%E1%84%89%E1%85%A7%E1%84%8E%E1%85%B3-%E1%84%8C%E1%85%A2%E1%84%8F%E1%85%B5%E1%86%BA-p02010808.html,https://static.zara.net/assets/public/1be6/756b/4f17444e9d33/722223e353e5/02010708064-p/02010708064-p.jpg?ts=1778594302861,"₩79,900",,,260622,"화이트,블랙",,,,
,false,,ZARA,바지,슬랙스,여성,도트 카프리 팬츠,https://www.zara.com/kr/ko/%E1%84%83%E1%85%A9%E1%84%90%E1%85%B3-%E1%84%8F%E1%85%A1%E1%84%91%E1%85%B3%E1%84%85%E1%85%B5-%E1%84%91%E1%85%A2%E1%86%AB%E1%84%8E%E1%85%B3-p04661446.html,https://static.zara.net/assets/public/75a3/cec2/39334128bb93/ff52da96e656/06929406064-f1/06929406064-f1.jpg?ts=1772467958269,"₩55,900",,,260622,"화이트,블랙",,,,
,false,,ZARA,아우터,블레이저,여성,링클 이펙트 시어 재킷,https://www.zara.com/kr/ko/%E1%84%85%E1%85%B5%E1%86%BC%E1%84%8F%E1%85%B3%E1%86%AF-%E1%84%91%E1%85%A6%E1%84%8B%E1%85%B5%E1%84%8F%E1%85%B3-%E1%84%89%E1%85%B5%E1%84%89%E1%85%B3%E1%84%85%E1%85%AE-%E1%84%8C%E1%85%A2%E1%84%8F%E1%85%B5%E1%86%BA-p04387333.html,https://static.zara.net/assets/public/1ce3/b44d/ba1949fc8fbc/d7bf5338236a/04387333401-f1/04387333401-f1.jpg?ts=1778595946554,"₩59,900",,,260622,네이비,,,,
,false,,ZARA,바지,슬랙스,여성,링클 이펙트 세미 시스루 팬츠,https://www.zara.com/kr/ko/%E1%84%85%E1%85%B5%E1%86%BC%E1%84%8F%E1%85%B3%E1%86%AF-%E1%84%8B%E1%85%B5%E1%84%91%E1%85%A6%E1%86%A8%E1%84%90%E1%85%B3-%E1%84%89%E1%85%A6%E1%84%86%E1%85%B5-%E1%84%89%E1%85%B5%E1%84%89%E1%85%B3%E1%84%85%E1%85%AE-%E1%84%91%E1%85%A2%E1%86%AB%E1%84%8E%E1%85%B3-p04387233.html,https://static.zara.net/assets/public/d1f5/c53f/e272419c96b6/5516521bda66/04387233401-f1/04387233401-f1.jpg?ts=1778595374320,"₩55,900",,,260622,네이비,,,,
,false,,ZARA,아우터,블레이저,여성,자카드 숄더 패드 블레이저,https://www.zara.com/kr/ko/%E1%84%8C%E1%85%A1%E1%84%8F%E1%85%A1%E1%84%83%E1%85%B3-%E1%84%89%E1%85%AD%E1%86%AF%E1%84%83%E1%85%A5-%E1%84%91%E1%85%A2%E1%84%83%E1%85%B3-%E1%84%87%E1%85%B3%E1%86%AF%E1%84%85%E1%85%A6%E1%84%8B%E1%85%B5%E1%84%8C%E1%85%A5-p02515497.html,https://static.zara.net/assets/public/994e/a024/d43941cdaddc/ad5af56e98b5/02515497671-e1/02515497671-e1.jpg?ts=1775041752062,"₩109,900",,,260622,레드베리,,,,
,false,,ZARA,바지,슬랙스,여성,자카드 스트레이트 팬츠,https://www.zara.com/kr/ko/%E1%84%8C%E1%85%A1%E1%84%8F%E1%85%A1%E1%84%83%E1%85%B3-%E1%84%89%E1%85%B3%E1%84%90%E1%85%B3%E1%84%85%E1%85%A6%E1%84%8B%E1%85%B5%E1%84%90%E1%85%B3-%E1%84%91%E1%85%A2%E1%86%AB%E1%84%8E%E1%85%B3-p02519497.html,https://static.zara.net/assets/public/46de/1f1a/a9f94c09828b/b6596423c3ad/02519497671-e1/02519497671-e1.jpg?ts=1775029025439,"₩59,900",,,260622,레드베리,,,,
,false,,ZARA,상의,셔츠/블라우스,여성,아일릿 홀터넥 탑,https://www.zara.com/kr/ko/%E1%84%87%E1%85%A5%E1%84%90%E1%85%B3%E1%86%AB-%E1%84%92%E1%85%A9%E1%86%AF-%E1%84%92%E1%85%A9%E1%86%AF%E1%84%90%E1%85%A5%E1%84%82%E1%85%A6%E1%86%A8-%E1%84%90%E1%85%A1%E1%86%B8-p01416029.html,https://static.zara.net/assets/public/8ae1/5b58/ce894fb9bf6f/bc2e2f2320fd/01416029251-p/01416029251-p.jpg?ts=1779895420499,"₩55,900",,,260622,스크래치 화이트,,,,
,false,,ZARA,바지,슬랙스,여성,로우라이즈 버튼홀 스트레이트 팬츠,https://www.zara.com/kr/ko/%E1%84%85%E1%85%A9%E1%84%8B%E1%85%AE%E1%84%85%E1%85%A1%E1%84%8B%E1%85%B5%E1%84%8C%E1%85%B3-%E1%84%8B%E1%85%A1%E1%84%8B%E1%85%B5%E1%86%AF%E1%84%85%E1%85%A6%E1%86%BA-%E1%84%89%E1%85%B3%E1%84%90%E1%85%B3%E1%84%85%E1%85%A6%E1%84%8B%E1%85%B5%E1%84%90%E1%85%B3-%E1%84%91%E1%85%A2%E1%86%AB%E1%84%8E%E1%85%B3-p01416030.html,https://static.zara.net/assets/public/761f/37fb/2fee49978466/9e4daa851e67/01416030251-f1/01416030251-f1.jpg?ts=1779787361582,"₩79,900",,,260622,스크래치 화이트,,,,
,false,,ZARA,기타,SWEATSHIRT,여성,피케 하이넥 티셔츠,https://www.zara.com/kr/ko/%E1%84%91%E1%85%B5%E1%84%8F%E1%85%A6-%E1%84%92%E1%85%A1%E1%84%8B%E1%85%B5%E1%84%82%E1%85%A6%E1%86%A8-%E1%84%90%E1%85%B5%E1%84%89%E1%85%A7%E1%84%8E%E1%85%B3-p05067177.html,https://static.zara.net/assets/public/78a3/1c90/9f9849599a67/f2110e1a7313/05067177730-f1/05067177730-f1.jpg?ts=1769212047761,"₩45,900",,,260622,라이트 브라운,,,,
,false,,ZARA,바지,슬랙스,여성,베이식 피케 팬츠,https://www.zara.com/kr/ko/%E1%84%87%E1%85%A6%E1%84%8B%E1%85%B5%E1%84%89%E1%85%B5%E1%86%A8-%E1%84%91%E1%85%B5%E1%84%8F%E1%85%A6-%E1%84%91%E1%85%A2%E1%86%AB%E1%84%8E%E1%85%B3-p05067165.html,https://static.zara.net/assets/public/6269/64de/8b614a7088b3/53fd6f03be23/05067176730-p/05067176730-p.jpg?ts=1763021717272,"₩49,900",,,260622,라이트 브라운,,,,
,false,,ZARA,상의,셔츠/블라우스,여성,ZW 컬렉션 스트라이프 자카드 셔츠,https://www.zara.com/kr/ko/zw-%E1%84%8F%E1%85%A5%E1%86%AF%E1%84%85%E1%85%A6%E1%86%A8%E1%84%89%E1%85%A7%E1%86%AB-%E1%84%89%E1%85%B3%E1%84%90%E1%85%B3%E1%84%85%E1%85%A1%E1%84%8B%E1%85%B5%E1%84%91%E1%85%B3-%E1%84%8C%E1%85%A1%E1%84%8F%E1%85%A1%E1%84%83%E1%85%B3-%E1%84%89%E1%85%A7%E1%84%8E%E1%85%B3-p09479002.html,https://static.zara.net/assets/public/ea4b/299e/748346918c54/be34ca09e858/09479002401-f1/09479002401-f1.jpg?ts=1772635331522,"₩59,900",,,260622,네이비,,,,
,false,,ZARA,바지,슬랙스,여성,스트럭처 파자마 팬츠 ZW 컬렉션,https://www.zara.com/kr/ko/%E1%84%89%E1%85%B3%E1%84%90%E1%85%B3%E1%84%85%E1%85%A5%E1%86%A8%E1%84%8E%E1%85%A5-%E1%84%91%E1%85%A1%E1%84%8C%E1%85%A1%E1%84%86%E1%85%A1-%E1%84%91%E1%85%A2%E1%86%AB%E1%84%8E%E1%85%B3-zw-%E1%84%8F%E1%85%A5%E1%86%AF%E1%84%85%E1%85%A6%E1%86%A8%E1%84%89%E1%85%A7%E1%86%AB-p09479062.html,https://static.zara.net/assets/public/197e/35f4/7ff347d1a84a/d574103d1c04/09479062401-f1/09479062401-f1.jpg?ts=1772635325258,"₩59,900",,,260622,네이비,,,,
,false,,ZARA,상의,탑,여성,크롭 텍스처 재킷,https://www.zara.com/kr/ko/%E1%84%8F%E1%85%B3%E1%84%85%E1%85%A9%E1%86%B8-%E1%84%90%E1%85%A6%E1%86%A8%E1%84%89%E1%85%B3%E1%84%8E%E1%85%A5-%E1%84%8C%E1%85%A2%E1%84%8F%E1%85%B5%E1%86%BA-p05039395.html,https://static.zara.net/assets/public/2a75/f186/c16f42659513/fd6f75072516/05039395712-p/05039395712-p.jpg?ts=1775060196537,"₩35,900",,,260622,크림,,,,
,false,,ZARA,바지,슬랙스,여성,텍스처 스트레이트 팬츠,https://www.zara.com/kr/ko/%E1%84%90%E1%85%A6%E1%86%A8%E1%84%89%E1%85%B3%E1%84%8E%E1%85%A5-%E1%84%89%E1%85%B3%E1%84%90%E1%85%B3%E1%84%85%E1%85%A6%E1%84%8B%E1%85%B5%E1%84%90%E1%85%B3-%E1%84%91%E1%85%A2%E1%86%AB%E1%84%8E%E1%85%B3-p05039396.html,https://static.zara.net/assets/public/0dd6/df82/d15f4df682ef/fefb74765b2d/05039396712-p/05039396712-p.jpg?ts=1775060204656,"₩45,900",,,260622,크림,,,,
,false,,ZARA,기타,WAISTCOAT,여성,버튼 스트라이프 크로스 탑,https://www.zara.com/kr/ko/%E1%84%87%E1%85%A5%E1%84%90%E1%85%B3%E1%86%AB-%E1%84%89%E1%85%B3%E1%84%90%E1%85%B3%E1%84%85%E1%85%A1%E1%84%8B%E1%85%B5%E1%84%91%E1%85%B3-%E1%84%8F%E1%85%B3%E1%84%85%E1%85%A9%E1%84%89%E1%85%B3-%E1%84%90%E1%85%A1%E1%86%B8-p08338700.html,https://static.zara.net/assets/public/9b19/ebf7/7b1d4fae81c0/40694ab43d5d/08338700046-f1/08338700046-f1.jpg?ts=1780558490928,"₩55,900",,,260622,"로즈핑크,화이트",,,,
,false,,ZARA,바지,슬랙스,여성,스트라이프 러플 팬츠,https://www.zara.com/kr/ko/%E1%84%89%E1%85%B3%E1%84%90%E1%85%B3%E1%84%85%E1%85%A1%E1%84%8B%E1%85%B5%E1%84%91%E1%85%B3-%E1%84%85%E1%85%A5%E1%84%91%E1%85%B3%E1%86%AF-%E1%84%91%E1%85%A2%E1%86%AB%E1%84%8E%E1%85%B3-p01255477.html,https://static.zara.net/assets/public/275c/7bea/ab3f47069f72/2b7948c20cdb/01255477046-p/01255477046-p.jpg?ts=1780586523766,"₩59,900",,,260622,"로즈핑크,화이트",,,,
,false,,ZARA,기타,WAISTCOAT,여성,콘트라스트 파이핑 홀터넥 베스트,https://www.zara.com/kr/ko/%E1%84%8F%E1%85%A9%E1%86%AB%E1%84%90%E1%85%B3%E1%84%85%E1%85%A1%E1%84%89%E1%85%B3%E1%84%90%E1%85%B3-%E1%84%91%E1%85%A1%E1%84%8B%E1%85%B5%E1%84%91%E1%85%B5%E1%86%BC-%E1%84%92%E1%85%A9%E1%86%AF%E1%84%90%E1%85%A5%E1%84%82%E1%85%A6%E1%86%A8-%E1%84%87%E1%85%A6%E1%84%89%E1%85%B3%E1%84%90%E1%85%B3-p02872815.html,https://static.zara.net/assets/public/120a/aa4d/ef8346a88dbc/aaf464927c52/02872815405-f1/02872815405-f1.jpg?ts=1780501764828,"₩79,900",,,260622,인디고,,,,
,false,,ZARA,바지,버뮤다 팬츠,여성,콘트라스트 파이핑 스커트 팬츠,https://www.zara.com/kr/ko/%E1%84%8F%E1%85%A9%E1%86%AB%E1%84%90%E1%85%B3%E1%84%85%E1%85%A1%E1%84%89%E1%85%B3%E1%84%90%E1%85%B3-%E1%84%91%E1%85%A1%E1%84%8B%E1%85%B5%E1%84%91%E1%85%B5%E1%86%BC-%E1%84%89%E1%85%B3%E1%84%8F%E1%85%A5%E1%84%90%E1%85%B3-%E1%84%91%E1%85%A2%E1%86%AB%E1%84%8E%E1%85%B3-p07788815.html,https://static.zara.net/assets/public/e04a/d987/3bdf4f7086a0/f4f361eb035f/07788815405-f1/07788815405-f1.jpg?ts=1780578253827,"₩57,900",,,260622,인디고,,,,
,false,,ZARA,기타,WAISTCOAT,여성,린넨 버튼 베스트,https://www.zara.com/kr/ko/%E1%84%85%E1%85%B5%E1%86%AB%E1%84%82%E1%85%A6%E1%86%AB-%E1%84%87%E1%85%A5%E1%84%90%E1%85%B3%E1%86%AB-%E1%84%87%E1%85%A6%E1%84%89%E1%85%B3%E1%84%90%E1%85%B3-p05427707.html,https://static.zara.net/assets/public/5f27/8763/ca664c89b005/97f06fa563b2/05427707251-f1/05427707251-f1.jpg?ts=1773738665591,"₩49,900",,,260622,스크래치 화이트,,,,
,false,,ZARA,바지,슬랙스,여성,린넨 와이드 플리츠 팬츠,https://www.zara.com/kr/ko/%E1%84%85%E1%85%B5%E1%86%AB%E1%84%82%E1%85%A6%E1%86%AB-%E1%84%8B%E1%85%AA%E1%84%8B%E1%85%B5%E1%84%83%E1%85%B3-%E1%84%91%E1%85%B3%E1%86%AF%E1%84%85%E1%85%B5%E1%84%8E%E1%85%B3-%E1%84%91%E1%85%A2%E1%86%AB%E1%84%8E%E1%85%B3-p01255452.html,https://static.zara.net/assets/public/7a6c/1f6a/bba34674ba58/ae8fb1c79961/01255452251-f1/01255452251-f1.jpg?ts=1773825535998,"₩59,900",,,260622,스크래치 화이트,,,,
,false,,ZARA,바지,반바지,여성,러스틱 쇼츠,https://www.zara.com/kr/ko/%E1%84%85%E1%85%A5%E1%84%89%E1%85%B3%E1%84%90%E1%85%B5%E1%86%A8-%E1%84%89%E1%85%AD%E1%84%8E%E1%85%B3-p01165149.html,https://static.zara.net/assets/public/f11a/f117/40b94124889d/ab02c0aae1b4/01165949712-e1/01165949712-e1.jpg?ts=1778688167442,"₩39,900",,,260622,크림,,,,
,false,,ZARA,아우터,블레이저,여성,ZW 컬렉션 핀 스트라이프 하이넥 블레이저,https://www.zara.com/kr/ko/zw-%E1%84%8F%E1%85%A5%E1%86%AF%E1%84%85%E1%85%A6%E1%86%A8%E1%84%89%E1%85%A7%E1%86%AB-%E1%84%92%E1%85%A1%E1%84%8B%E1%85%B5%E1%84%82%E1%85%A6%E1%86%A8-%E1%84%91%E1%85%B5%E1%86%AB-%E1%84%89%E1%85%B3%E1%84%90%E1%85%B3%E1%84%85%E1%85%A1%E1%84%8B%E1%85%B5%E1%84%91%E1%85%B3-%E1%84%87%E1%85%B3%E1%86%AF%E1%84%85%E1%85%A6%E1%84%8B%E1%85%B5%E1%84%8C%E1%85%A5-p03736050.html,https://static.zara.net/assets/public/bedb/2d52/ab90417fba81/21f755875a36/03736050104-p/03736050104-p.jpg?ts=1770297395299,"₩169,900",,,260622,스트라이프,,,,
,false,,ZARA,바지,슬랙스,여성,ZW COLLECTION 하이웨이스트 핀스트라이프 팬츠,https://www.zara.com/kr/ko/zw-collection-%E1%84%92%E1%85%A1%E1%84%8B%E1%85%B5%E1%84%8B%E1%85%B0%E1%84%8B%E1%85%B5%E1%84%89%E1%85%B3%E1%84%90%E1%85%B3-%E1%84%8B%E1%85%AA%E1%84%8B%E1%85%B5%E1%84%83%E1%85%B3-%E1%84%85%E1%85%A6%E1%84%80%E1%85%B3-%E1%84%91%E1%85%A2%E1%86%AB%E1%84%8E%E1%85%B3-p07149057.html,https://static.zara.net/assets/public/1318/51bb/2dbf43a28b07/1febc7e77ade/07627045104-p/07627045104-p.jpg?ts=1770297405912,"₩89,900",,,260622,스트라이프,,,,
,false,,ZARA,상의,셔츠/블라우스,여성,프린지 시퀸 탑,https://www.zara.com/kr/ko/%E1%84%91%E1%85%B3%E1%84%85%E1%85%B5%E1%86%AB%E1%84%8C%E1%85%B5-%E1%84%89%E1%85%B5%E1%84%8F%E1%85%B1%E1%86%AB-%E1%84%90%E1%85%A1%E1%86%B8-p08741075.html,https://static.zara.net/assets/public/51b0/19f6/80ca459eb85d/029390f83c53/08741075800-p/08741075800-p.jpg?ts=1776157559788,"₩59,900",,,260622,블랙,,,,
,false,,ZARA,치마,스커트,여성,프린지 시퀸 스커트,https://www.zara.com/kr/ko/%E1%84%91%E1%85%B3%E1%84%85%E1%85%B5%E1%86%AB%E1%84%8C%E1%85%B5-%E1%84%89%E1%85%B5%E1%84%8F%E1%85%B1%E1%86%AB-%E1%84%89%E1%85%B3%E1%84%8F%E1%85%A5%E1%84%90%E1%85%B3-p08741096.html,https://static.zara.net/assets/public/4083/6fb2/8a3a485e8293/4ab40c29bb3b/08741096800-p/08741096800-p.jpg?ts=1776157561020,"₩89,900",,,260622,블랙,,,,
,false,,ZARA,상의,티셔츠,여성,루즈핏 롱 슬리브 폴로셔츠,https://www.zara.com/kr/ko/%E1%84%85%E1%85%A9%E1%86%BC-%E1%84%89%E1%85%B3%E1%86%AF%E1%84%85%E1%85%B5%E1%84%87%E1%85%B3-%E1%84%85%E1%85%AE%E1%84%8C%E1%85%B3-%E1%84%91%E1%85%A9%E1%86%AF%E1%84%85%E1%85%A9%E1%84%89%E1%85%A7%E1%84%8E%E1%85%B3-p00858052.html,https://static.zara.net/assets/public/4aba/ea7b/0b1b43bba68f/e5c5a4e4ef91/00858052300-f1/00858052300-f1.jpg?ts=1778505070367,"₩49,900",,,260622,노랑,,,,
,false,,ZARA,바지,슬랙스,여성,루즈 스트레이트 팬츠,https://www.zara.com/kr/ko/%E1%84%85%E1%85%AE%E1%84%8C%E1%85%B3-%E1%84%89%E1%85%B3%E1%84%90%E1%85%B3%E1%84%85%E1%85%A6%E1%84%8B%E1%85%B5%E1%84%90%E1%85%B3-%E1%84%91%E1%85%A2%E1%86%AB%E1%84%8E%E1%85%B3-p00858053.html,https://static.zara.net/assets/public/1923/8c9b/8f5147848846/b96efe3417cb/00858053300-f1/00858053300-f1.jpg?ts=1778505072473,"₩45,900",,,260622,노랑,,,,
,false,,ZARA,상의,탑,여성,비즈 레이스 탑,https://www.zara.com/kr/ko/%E1%84%87%E1%85%B5%E1%84%8C%E1%85%B3-%E1%84%85%E1%85%A6%E1%84%8B%E1%85%B5%E1%84%89%E1%85%B3-%E1%84%90%E1%85%A1%E1%86%B8-p04344301.html,https://static.zara.net/assets/public/bdeb/911d/7a5645d2b783/419a735f1287/04344301712-p/04344301712-p.jpg?ts=1779441371452,"₩89,900",,,260622,크림,,,,
,false,,ZARA,치마,스커트,여성,비즈 프린지 레이스 스커트,https://www.zara.com/kr/ko/%E1%84%87%E1%85%B5%E1%84%8C%E1%85%B3-%E1%84%91%E1%85%B3%E1%84%85%E1%85%B5%E1%86%AB%E1%84%8C%E1%85%B5-%E1%84%85%E1%85%A6%E1%84%8B%E1%85%B5%E1%84%89%E1%85%B3-%E1%84%89%E1%85%B3%E1%84%8F%E1%85%A5%E1%84%90%E1%85%B3-p04344302.html,https://static.zara.net/assets/public/e546/6807/16b64896b157/58365884fce6/04344302712-f1/04344302712-f1.jpg?ts=1775484193953,"₩89,900",,,260622,크림,,,,
,false,,ZARA,상의,셔츠/블라우스,여성,플루이드 쇼트 슬리브 셔츠,https://www.zara.com/kr/ko/%E1%84%89%E1%85%AD%E1%84%90%E1%85%B3-%E1%84%89%E1%85%B3%E1%86%AF%E1%84%85%E1%85%B5%E1%84%87%E1%85%B3-%E1%84%91%E1%85%B3%E1%86%AF%E1%84%85%E1%85%AE%E1%84%8B%E1%85%B5%E1%84%83%E1%85%B3-%E1%84%89%E1%85%A7%E1%84%8E%E1%85%B3-p04387021.html,https://static.zara.net/assets/public/04e3/aaa1/5cc74a0daa42/d0e10fd0862d/04387021515-f1/04387021515-f1.jpg?ts=1770742780220,"₩45,900",,,260622,올리브,,,,
,false,,ZARA,바지,슬랙스,여성,루즈핏 스트레이트 팬츠,https://www.zara.com/kr/ko/%E1%84%85%E1%85%AE%E1%84%8C%E1%85%B3%E1%84%91%E1%85%B5%E1%86%BA-%E1%84%89%E1%85%B3%E1%84%90%E1%85%B3%E1%84%85%E1%85%A6%E1%84%8B%E1%85%B5%E1%84%90%E1%85%B3-%E1%84%91%E1%85%A2%E1%86%AB%E1%84%8E%E1%85%B3-p04387023.html,https://static.zara.net/assets/public/a535/6e42/c7b8454e9abf/79be5da7e092/04387023515-f1/04387023515-f1.jpg?ts=1770742778249,"₩49,900",,,260622,올리브,,,,
,false,,ZARA,상의,탑,여성,러스틱 케이프 슬리브 탑,https://www.zara.com/kr/ko/%E1%84%85%E1%85%A5%E1%84%89%E1%85%B3%E1%84%90%E1%85%B5%E1%86%A8-%E1%84%8F%E1%85%A6%E1%84%8B%E1%85%B5%E1%84%91%E1%85%B3-%E1%84%89%E1%85%B3%E1%86%AF%E1%84%85%E1%85%B5%E1%84%87%E1%85%B3-%E1%84%90%E1%85%A1%E1%86%B8-p01058142.html,https://static.zara.net/assets/public/4321/903d/7d404135af3d/7b7c67e7fbb5/01058142070-f1/01058142070-f1.jpg?ts=1776092956754,"₩39,900",,,260622,"크림,블랙",,,,
,false,,ZARA,바지,슬랙스,여성,러스틱 와이드 레그 팬츠,https://www.zara.com/kr/ko/%E1%84%85%E1%85%A5%E1%84%89%E1%85%B3%E1%84%90%E1%85%B5%E1%86%A8-%E1%84%8B%E1%85%AA%E1%84%8B%E1%85%B5%E1%84%83%E1%85%B3-%E1%84%85%E1%85%A6%E1%84%80%E1%85%B3-%E1%84%91%E1%85%A2%E1%86%AB%E1%84%8E%E1%85%B3-p01058143.html,https://static.zara.net/assets/public/3027/2d40/42494580938c/28f829358ebb/01058143070-f1/01058143070-f1.jpg?ts=1776069762745,"₩45,900",,,260622,"크림,블랙",,,,
,false,,ZARA,상의,티셔츠,여성,수피마 프릴 탑,https://www.zara.com/kr/ko/%E1%84%89%E1%85%AE%E1%84%91%E1%85%B5%E1%84%86%E1%85%A1-%E1%84%91%E1%85%B3%E1%84%85%E1%85%B5%E1%86%AF-%E1%84%90%E1%85%A1%E1%86%B8-p03641019.html,https://static.zara.net/assets/public/00d9/62bb/a5e643a09f7d/1f76d93cf171/T9636550737-p/T9636550737-p.jpg?ts=1777039773174,"₩39,900",,,260622,화이트,,,,
,false,,ZARA,바지,슬랙스,여성,코튼 스트레이트 팬츠,https://www.zara.com/kr/ko/%E1%84%8F%E1%85%A9%E1%84%90%E1%85%B3%E1%86%AB-%E1%84%89%E1%85%B3%E1%84%90%E1%85%B3%E1%84%85%E1%85%A6%E1%84%8B%E1%85%B5%E1%84%90%E1%85%B3-%E1%84%91%E1%85%A2%E1%86%AB%E1%84%8E%E1%85%B3-p04174064.html,https://static.zara.net/assets/public/c58a/1303/665b4d7fbd4c/858f0c2fcd3d/04174064250-p/04174064250-p.jpg?ts=1777026437869,"₩45,900",,,260622,화이트,,,,
,false,,ZARA,상의,셔츠/블라우스,여성,Z1975 데님 스트랩 탑,https://www.zara.com/kr/ko/z1975-%E1%84%83%E1%85%A6%E1%84%82%E1%85%B5%E1%86%B7-%E1%84%89%E1%85%B3%E1%84%90%E1%85%B3%E1%84%85%E1%85%A2%E1%86%B8-%E1%84%90%E1%85%A1%E1%86%B8-p07147028.html,https://static.zara.net/assets/public/a320/82e8/550c4c91953f/7881f1393cb8/07147028743-f1/07147028743-f1.jpg?ts=1774010777009,"₩49,900",,,260622,라이트 카멜,,,,
,false,,ZARA,바지,슬랙스,여성,JEANS Z1975 WIDE LEG 미드라이즈 플랫 프론트,https://www.zara.com/kr/ko/jeans-z1975-wide-leg-%E1%84%86%E1%85%B5%E1%84%83%E1%85%B3%E1%84%85%E1%85%A1%E1%84%8B%E1%85%B5%E1%84%8C%E1%85%B3-%E1%84%91%E1%85%B5%E1%86%AB%E1%84%90%E1%85%A5%E1%86%A8-%E1%84%83%E1%85%B5%E1%84%90%E1%85%A6%E1%84%8B%E1%85%B5%E1%86%AF-p07147029.html,https://static.zara.net/assets/public/fb04/7adc/e30d4d39b0ab/5f6203e6f9f4/07147029743-f1/07147029743-f1.jpg?ts=1774010794185,"₩59,900",,,260622,라이트 카멜,,,,
,false,,ZARA,상의,셔츠/블라우스,여성,자수 탑,https://www.zara.com/kr/ko/%E1%84%8C%E1%85%A1%E1%84%89%E1%85%AE-%E1%84%90%E1%85%A1%E1%86%B8-p02346662.html,https://static.zara.net/assets/public/3686/82a9/bb374c9da704/c0a62ed6e640/02346662087-p/02346662087-p.jpg?ts=1778670801840,"₩59,900",,,260622,"브라운,크림",,,,
,false,,ZARA,치마,스커트,여성,자수 미디 스커트,https://www.zara.com/kr/ko/%E1%84%8C%E1%85%A1%E1%84%89%E1%85%AE-%E1%84%86%E1%85%B5%E1%84%83%E1%85%B5-%E1%84%89%E1%85%B3%E1%84%8F%E1%85%A5%E1%84%90%E1%85%B3-p02347662.html,https://static.zara.net/assets/public/a91a/60f2/4766465fb934/ce29e936459d/02347662087-f1/02347662087-f1.jpg?ts=1778147579568,"₩79,900",,,260622,"브라운,크림",,,,
,false,,ZARA,상의,셔츠/블라우스,여성,도트 패턴 크롭 탑,https://www.zara.com/kr/ko/%E1%84%83%E1%85%A9%E1%84%90%E1%85%B3-%E1%84%8F%E1%85%B3%E1%84%85%E1%85%A9%E1%86%B8-%E1%84%90%E1%85%A1%E1%86%B8-p04772055.html,https://static.zara.net/assets/public/fcd4/a1d3/01ae4416841e/f5e304905e3c/04772055070-f1/04772055070-f1.jpg?ts=1772726394978,"₩45,900",,,260622,"크림,블랙",,,,
,false,,ZARA,치마,스커트,여성,도트 언밸런스 미디 스커트,https://www.zara.com/kr/ko/%E1%84%8B%E1%85%A5%E1%86%AB%E1%84%87%E1%85%A2%E1%86%AF%E1%84%85%E1%85%A5%E1%86%AB%E1%84%89%E1%85%B3-%E1%84%83%E1%85%A9%E1%84%90%E1%85%B3-%E1%84%86%E1%85%B5%E1%84%83%E1%85%B5-%E1%84%89%E1%85%B3%E1%84%8F%E1%85%A5%E1%84%90%E1%85%B3-p01255457.html,https://static.zara.net/assets/public/40e0/7beb/e48745318b15/a2447ac6777f/01255457070-f1/01255457070-f1.jpg?ts=1772726422430,"₩59,900",,,260622,"크림,블랙",,,,
,false,,ZARA,상의,탑,여성,로우백 루즈핏 탑,https://www.zara.com/kr/ko/%E1%84%85%E1%85%A9%E1%84%8B%E1%85%AE%E1%84%87%E1%85%A2%E1%86%A8-%E1%84%85%E1%85%AE%E1%84%8C%E1%85%B3%E1%84%91%E1%85%B5%E1%86%BA-%E1%84%90%E1%85%A1%E1%86%B8-p00264300.html,https://static.zara.net/assets/public/abf3/3e9d/6a4042169ba4/22097fb4cc85/00264300819-p/00264300819-p.jpg?ts=1774615364175,"₩35,900",,,260622,블루 그레이,,,,
,false,,ZARA,바지,슬랙스,여성,루즈 드로스트링 팬츠,https://www.zara.com/kr/ko/%E1%84%85%E1%85%AE%E1%84%8C%E1%85%B3-%E1%84%83%E1%85%B3%E1%84%85%E1%85%A9%E1%84%89%E1%85%B3%E1%84%90%E1%85%B3%E1%84%85%E1%85%B5%E1%86%BC-%E1%84%91%E1%85%A2%E1%86%AB%E1%84%8E%E1%85%B3-p00264303.html,https://static.zara.net/assets/public/0be4/6141/0c924c819ed4/e791d8d0032e/00264300819-000-p/00264300819-000-p.jpg?ts=1774619575825,"₩45,900",,,260622,블루 그레이,,,,
,false,,ZARA,상의,가디건,여성,스트라이프 니트 반소매 재킷,https://www.zara.com/kr/ko/%E1%84%89%E1%85%B3%E1%84%90%E1%85%B3%E1%84%85%E1%85%A1%E1%84%8B%E1%85%B5%E1%84%91%E1%85%B3-%E1%84%87%E1%85%A1%E1%86%AB%E1%84%89%E1%85%A9%E1%84%86%E1%85%A2-%E1%84%82%E1%85%B5%E1%84%90%E1%85%B3-%E1%84%8C%E1%85%A2%E1%84%8F%E1%85%B5%E1%86%BA-p03921058.html,https://static.zara.net/assets/public/b1fd/7ccf/f91c4234bfa2/674b4e6a587a/03921058104-p/03921058104-p.jpg?ts=1776859958346,"₩57,900",,,260622,스트라이프,,,,
,false,,ZARA,바지,슬랙스,여성,스트라이프 니트 팬츠,https://www.zara.com/kr/ko/%E1%84%89%E1%85%B3%E1%84%90%E1%85%B3%E1%84%85%E1%85%A1%E1%84%8B%E1%85%B5%E1%84%91%E1%85%B3-%E1%84%82%E1%85%B5%E1%84%90%E1%85%B3-%E1%84%91%E1%85%A2%E1%86%AB%E1%84%8E%E1%85%B3-p03921059.html,https://static.zara.net/assets/public/7528/fd85/cc2646b4a260/41003363f6ce/03921059104-p/03921059104-p.jpg?ts=1776859971504,"₩55,900",,,260622,스트라이프,,,,
,false,,ZARA,상의,탑,여성,소프트 버튼 재킷,https://www.zara.com/kr/ko/%E1%84%89%E1%85%A9%E1%84%91%E1%85%B3%E1%84%90%E1%85%B3-%E1%84%87%E1%85%A5%E1%84%90%E1%85%B3%E1%86%AB-%E1%84%8C%E1%85%A2%E1%84%8F%E1%85%B5%E1%86%BA-p05039222.html,https://static.zara.net/assets/public/8dc2/4464/93dd43f6b558/0a3ef1b72eff/05039222809-f1/05039222809-f1.jpg?ts=1769211991773,"₩39,900","₩21,900",45,260622,미디움 그레이,,,,
,false,,ZARA,바지,슬랙스,여성,소프트 터치 팔라초 팬츠,https://www.zara.com/kr/ko/%E1%84%89%E1%85%A9%E1%84%91%E1%85%B3%E1%84%90%E1%85%B3-%E1%84%90%E1%85%A5%E1%84%8E%E1%85%B5-%E1%84%91%E1%85%A1%E1%86%AF%E1%84%85%E1%85%A1%E1%84%8E%E1%85%A9-%E1%84%91%E1%85%A2%E1%86%AB%E1%84%8E%E1%85%B3-p05039223.html,https://static.zara.net/assets/public/da92/faca/2eac41918fd8/85784d0cf4c7/05039223809-f1/05039223809-f1.jpg?ts=1769212037041,"₩45,900","₩29,900",35,260622,미디움 그레이,,,,
,false,,ZARA,기타,WAISTCOAT,여성,콤비 스티치 베스트 탑,https://www.zara.com/kr/ko/%E1%84%8F%E1%85%A9%E1%86%B7%E1%84%87%E1%85%B5-%E1%84%89%E1%85%B3%E1%84%90%E1%85%B5%E1%84%8E%E1%85%B5-%E1%84%87%E1%85%A6%E1%84%89%E1%85%B3%E1%84%90%E1%85%B3-%E1%84%90%E1%85%A1%E1%86%B8-p08372323.html,https://static.zara.net/assets/public/b8ff/2082/eb0b49e7a3d3/a373a628dac0/08372323711-f1/08372323711-f1.jpg?ts=1780648847542,"₩49,900",,,260622,샌드,,,,
,false,,ZARA,바지,슬랙스,여성,콤비 스티치 큐롯 팬츠,https://www.zara.com/kr/ko/%E1%84%8F%E1%85%A9%E1%86%B7%E1%84%87%E1%85%B5-%E1%84%89%E1%85%B3%E1%84%90%E1%85%B5%E1%84%8E%E1%85%B5-%E1%84%8F%E1%85%B2%E1%84%85%E1%85%A9%E1%86%BA-%E1%84%91%E1%85%A2%E1%86%AB%E1%84%8E%E1%85%B3-p08372223.html,https://static.zara.net/assets/public/6560/a5d6/40da43e59157/f8768e23e4d3/08372223711-f1/08372223711-f1.jpg?ts=1780648849839,"₩57,900",,,260622,샌드,,,,
,false,,ZARA,상의,탑,여성,스트라이프 폴로 칼라 탑,https://www.zara.com/kr/ko/%E1%84%89%E1%85%B3%E1%84%90%E1%85%B3%E1%84%85%E1%85%A1%E1%84%8B%E1%85%B5%E1%84%91%E1%85%B3-%E1%84%91%E1%85%A9%E1%86%AF%E1%84%85%E1%85%A9-%E1%84%8F%E1%85%A1%E1%86%AF%E1%84%85%E1%85%A1-%E1%84%90%E1%85%A1%E1%86%B8-p08779145.html,https://static.zara.net/assets/public/38af/0c1b/4566474bba9b/8dd85bea1445/08779145700-p/08779145700-p.jpg?ts=1779202398109,"₩49,900",,,260622,브라운,,,,
,false,,ZARA,바지,슬랙스,여성,스트라이프 팬츠,https://www.zara.com/kr/ko/%E1%84%89%E1%85%B3%E1%84%90%E1%85%B3%E1%84%85%E1%85%A1%E1%84%8B%E1%85%B5%E1%84%91%E1%85%B3-%E1%84%91%E1%85%A2%E1%86%AB%E1%84%8E%E1%85%B3-p08779146.html,https://static.zara.net/assets/public/2a5f/5147/a04c4225b14d/7fd040631a27/08779146700-f1/08779146700-f1.jpg?ts=1779111469159,"₩55,900",,,260622,브라운,,,,
,false,,ZARA,기타,SWEATSHIRT,여성,베이직 후드 스웨트셔츠,https://www.zara.com/kr/ko/%E1%84%87%E1%85%A6%E1%84%8B%E1%85%B5%E1%84%8C%E1%85%B5%E1%86%A8-%E1%84%92%E1%85%AE%E1%84%83%E1%85%B3-%E1%84%89%E1%85%B3%E1%84%8B%E1%85%B0%E1%84%90%E1%85%B3%E1%84%89%E1%85%A7%E1%84%8E%E1%85%B3-p03199630.html,https://static.zara.net/assets/public/429e/c8c1/96dc4f178442/5bafd6e21b94/03199630800-f1/03199630800-f1.jpg?ts=1769208899820,"₩45,900",,,260622,블랙,,,,
,false,,ZARA,바지,슬랙스,여성,플러시 와이드 레그 팬츠,https://www.zara.com/kr/ko/%E1%84%91%E1%85%B3%E1%86%AF%E1%84%85%E1%85%A5%E1%84%89%E1%85%B5-%E1%84%8B%E1%85%AA%E1%84%8B%E1%85%B5%E1%84%83%E1%85%B3-%E1%84%85%E1%85%A6%E1%84%80%E1%85%B3-%E1%84%91%E1%85%A2%E1%86%AB%E1%84%8E%E1%85%B3-p03199631.html,https://static.zara.net/assets/public/154e/b09a/666e48f4a74d/ece71e663767/03199631800-p/03199631800-p.jpg?ts=1756460591123,"₩45,900",,,260622,블랙,,,,
,false,,ZARA,기타,SWEATSHIRT,여성,보트넥 스웨트셔츠,https://www.zara.com/kr/ko/%E1%84%87%E1%85%A9%E1%84%90%E1%85%B3%E1%84%82%E1%85%A6%E1%86%A8-%E1%84%89%E1%85%B3%E1%84%8B%E1%85%B0%E1%84%90%E1%85%B3%E1%84%89%E1%85%A7%E1%84%8E%E1%85%B3-p04174310.html,https://static.zara.net/assets/public/db59/7a44/f8494b0c8784/2a089fa9ec33/04174310700-p/04174310700-p.jpg?ts=1769708933326,"₩45,900","₩29,900",35,260622,브라운,,,,
,false,,ZARA,바지,슬랙스,여성,워싱 페이크 플레어 팬츠,https://www.zara.com/kr/ko/%E1%84%8B%E1%85%AF%E1%84%89%E1%85%B5%E1%86%BC-%E1%84%91%E1%85%A6%E1%84%8B%E1%85%B5%E1%84%8F%E1%85%B3-%E1%84%91%E1%85%B3%E1%86%AF%E1%84%85%E1%85%A6%E1%84%8B%E1%85%A5-%E1%84%91%E1%85%A2%E1%86%AB%E1%84%8E%E1%85%B3-p04174311.html,https://static.zara.net/assets/public/9b37/75af/43b441a48348/6c72e992a4d4/04174311700-p/04174311700-p.jpg?ts=1769708937731,"₩45,900","₩29,900",35,260622,브라운,,,,
,false,,ZARA,아우터,블레이저,여성,플랩 포켓 숏 재킷,https://www.zara.com/kr/ko/%E1%84%91%E1%85%B3%E1%86%AF%E1%84%85%E1%85%A2%E1%86%B8-%E1%84%91%E1%85%A9%E1%84%8F%E1%85%A6%E1%86%BA-%E1%84%89%E1%85%AD%E1%86%BA-%E1%84%8C%E1%85%A2%E1%84%8F%E1%85%B5%E1%86%BA-p02476500.html,https://static.zara.net/assets/public/6af7/334b/d2a44013bbfa/33f706ab9330/02476500700-000-p/02476500700-000-p.jpg?ts=1772204698138,"₩89,900",,,260622,브라운,,,,
,false,,ZARA,바지,슬랙스,여성,플레어 팬츠,https://www.zara.com/kr/ko/%E1%84%91%E1%85%B3%E1%86%AF%E1%84%85%E1%85%A6%E1%84%8B%E1%85%A5-%E1%84%91%E1%85%A2%E1%86%AB%E1%84%8E%E1%85%B3-p01478226.html,https://static.zara.net/assets/public/99f4/4c24/558b459fb61c/c5c421094563/01478226700-000-p/01478226700-000-p.jpg?ts=1772204716061,"₩59,900",,,260622,브라운,,,,
,false,,ZARA,상의,탑,여성,인터록 홀터넥 탑,https://www.zara.com/kr/ko/%E1%84%92%E1%85%A9%E1%86%AF%E1%84%90%E1%85%A5%E1%84%82%E1%85%A6%E1%86%A8-%E1%84%8B%E1%85%B5%E1%86%AB%E1%84%90%E1%85%A5%E1%84%85%E1%85%A9%E1%86%A8-%E1%84%90%E1%85%A1%E1%86%B8-p01131307.html,https://static.zara.net/assets/public/8f3d/4722/c5254d6d9074/5ffafd2ba2a6/01131307800-p/01131307800-p.jpg?ts=1769170614537,"₩39,900",,,260622,블랙,,,,
,false,,ZARA,바지,슬랙스,여성,인터록 플레어 팬츠,https://www.zara.com/kr/ko/%E1%84%8B%E1%85%B5%E1%86%AB%E1%84%90%E1%85%A5%E1%84%85%E1%85%A9%E1%86%A8-%E1%84%91%E1%85%B3%E1%86%AF%E1%84%85%E1%85%A6%E1%84%8B%E1%85%A5-%E1%84%91%E1%85%A2%E1%86%AB%E1%84%8E%E1%85%B3-p01131308.html,https://static.zara.net/assets/public/1378/ba0e/7a624835bf34/8718f887a046/01131308800-p/01131308800-p.jpg?ts=1769170619360,"₩45,900",,,260622,블랙,,,,
,false,,ZARA,상의,탑,여성,피케 페플럼 반소매 탑,https://www.zara.com/kr/ko/%E1%84%91%E1%85%B5%E1%84%8F%E1%85%A6-%E1%84%91%E1%85%A6%E1%84%91%E1%85%B3%E1%86%AF%E1%84%85%E1%85%A5%E1%86%B7-%E1%84%87%E1%85%A1%E1%86%AB%E1%84%89%E1%85%A9%E1%84%86%E1%85%A2-%E1%84%90%E1%85%A1%E1%86%B8-p05067286.html,https://static.zara.net/assets/public/db66/d767/512540b6a8fa/d1b22421e811/05067286712-f1/05067286712-f1.jpg?ts=1776783253045,"₩45,900",,,260622,크림,,,,
,false,,ZARA,바지,슬랙스,여성,피케 버튼 스트레이트 팬츠,https://www.zara.com/kr/ko/%E1%84%91%E1%85%B5%E1%84%8F%E1%85%A6-%E1%84%87%E1%85%A5%E1%84%90%E1%85%B3%E1%86%AB-%E1%84%89%E1%85%B3%E1%84%90%E1%85%B3%E1%84%85%E1%85%A6%E1%84%8B%E1%85%B5%E1%84%90%E1%85%B3-%E1%84%91%E1%85%A2%E1%86%AB%E1%84%8E%E1%85%B3-p05067298.html,https://static.zara.net/assets/public/e112/9324/ba7245d68d52/f0b95ad6fcaa/05067298712-f1/05067298712-f1.jpg?ts=1776765787758,"₩55,900",,,260622,크림,,,,
,false,,ZARA,기타,WAISTCOAT,여성,버튼 베스트 탑,https://www.zara.com/kr/ko/%E1%84%87%E1%85%A5%E1%84%90%E1%85%B3%E1%86%AB-%E1%84%87%E1%85%A6%E1%84%89%E1%85%B3%E1%84%90%E1%85%B3-%E1%84%90%E1%85%A1%E1%86%B8-p05584015.html,https://static.zara.net/assets/public/6989/f96f/ef654a63a631/939980678723/05584015802-f1/05584015802-f1.jpg?ts=1777979230694,"₩49,900",,,260622,그레이,,,,
,false,,ZARA,바지,슬랙스,여성,텍스처 와이드 팬츠,https://www.zara.com/kr/ko/%E1%84%90%E1%85%A6%E1%86%A8%E1%84%89%E1%85%B3%E1%84%8E%E1%85%A5-%E1%84%8B%E1%85%AA%E1%84%8B%E1%85%B5%E1%84%83%E1%85%B3-%E1%84%91%E1%85%A2%E1%86%AB%E1%84%8E%E1%85%B3-p05584016.html,https://static.zara.net/assets/public/f277/be8d/ad274ac6812d/cf839c07ec32/05584016802-f1/05584016802-f1.jpg?ts=1777979225631,"₩55,900",,,260622,그레이,,,,
,false,,ZARA,상의,탑,여성,스트레치 홀터넥 탑,https://www.zara.com/kr/ko/%E1%84%83%E1%85%A9%E1%84%90%E1%85%B3-%E1%84%91%E1%85%A2%E1%84%90%E1%85%A5%E1%86%AB-%E1%84%89%E1%85%B3%E1%84%90%E1%85%B3%E1%84%85%E1%85%A6%E1%84%8E%E1%85%B5-%E1%84%92%E1%85%A9%E1%86%AF%E1%84%90%E1%85%A5%E1%84%82%E1%85%A6%E1%86%A8-%E1%84%90%E1%85%A1%E1%86%B8-p03644324.html,https://static.zara.net/assets/public/f5e3/22dc/c02047849c55/701378e7f3b4/03644324800-f1/03644324800-f1.jpg?ts=1773856371306,"₩39,900",,,260622,블랙,,,,
,false,,ZARA,바지,슬랙스,여성,스트레치 플레어 팬츠,https://www.zara.com/kr/ko/%E1%84%83%E1%85%A9%E1%84%90%E1%85%B3-%E1%84%89%E1%85%B3%E1%84%90%E1%85%B3%E1%84%85%E1%85%A6%E1%84%8E%E1%85%B5-%E1%84%91%E1%85%B3%E1%86%AF%E1%84%85%E1%85%A6%E1%84%8B%E1%85%A5-%E1%84%91%E1%85%A2%E1%86%AB%E1%84%8E%E1%85%B3-p03644325.html,https://static.zara.net/assets/public/c3d5/05a6/44f34d3d8fec/576e119ae175/03644325800-f1/03644325800-f1.jpg?ts=1773856377764,"₩45,900",,,260622,블랙,,,,
,false,,ZARA,상의,셔츠/블라우스,여성,ZW 컬렉션 100% 린넨 포켓 셔츠,https://www.zara.com/kr/ko/zw-%E1%84%8F%E1%85%A5%E1%86%AF%E1%84%85%E1%85%A6%E1%86%A8%E1%84%89%E1%85%A7%E1%86%AB-100-%E1%84%85%E1%85%B5%E1%86%AB%E1%84%82%E1%85%A6%E1%86%AB-%E1%84%91%E1%85%A9%E1%84%8F%E1%85%A6%E1%86%BA-%E1%84%89%E1%85%A7%E1%84%8E%E1%85%B3-p05344010.html,https://static.zara.net/assets/public/2d3a/b824/9b1940fa9e23/37e33a53eb9c/05344010643-p/05344010643-p.jpg?ts=1777378131566,"₩79,900",,,260622,귤,,,,
,false,,ZARA,바지,슬랙스,여성,100% 린넨 배럴 팬츠 ZW 컬렉션,https://www.zara.com/kr/ko/100-%E1%84%85%E1%85%B5%E1%86%AB%E1%84%82%E1%85%A6%E1%86%AB-%E1%84%87%E1%85%A2%E1%84%85%E1%85%A5%E1%86%AF-%E1%84%91%E1%85%A2%E1%86%AB%E1%84%8E%E1%85%B3-zw-%E1%84%8F%E1%85%A5%E1%86%AF%E1%84%85%E1%85%A6%E1%86%A8%E1%84%89%E1%85%A7%E1%86%AB-p04344045.html,https://static.zara.net/assets/public/8b76/9366/32824cf7a048/edc8ed40db18/04344045643-f1/04344045643-f1.jpg?ts=1777445270329,"₩89,900",,,260622,귤,,,,
,false,,ZARA,아우터,블레이저,여성,ZW 컬렉션 플루이드 셔츠,https://www.zara.com/kr/ko/zw-%E1%84%8F%E1%85%A5%E1%86%AF%E1%84%85%E1%85%A6%E1%86%A8%E1%84%89%E1%85%A7%E1%86%AB-%E1%84%91%E1%85%B3%E1%86%AF%E1%84%85%E1%85%AE%E1%84%8B%E1%85%B5%E1%84%83%E1%85%B3-%E1%84%89%E1%85%A7%E1%84%8E%E1%85%B3-p05247054.html,https://static.zara.net/assets/public/78b1/269b/784346518d8f/63ef68e9f779/05247054401-f1/05247054401-f1.jpg?ts=1779187376655,"₩109,900",,,260622,네이비,,,,
,false,,ZARA,바지,슬랙스,여성,ZW 컬렉션 루즈 팬츠,https://www.zara.com/kr/ko/%E1%84%91%E1%85%B3%E1%86%AF%E1%84%85%E1%85%AE%E1%84%8B%E1%85%B5%E1%84%83%E1%85%B3-%E1%84%91%E1%85%A2%E1%86%AB%E1%84%8E%E1%85%B3-zw-%E1%84%8F%E1%85%A5%E1%86%AF%E1%84%85%E1%85%A6%E1%86%A8%E1%84%89%E1%85%A7%E1%86%AB-p05247052.html,https://static.zara.net/assets/public/661f/2b80/66a542d6b201/1a1758c8038b/05247052401-f1/05247052401-f1.jpg?ts=1779187374642,"₩109,900",,,260622,네이비,,,,
,false,,ZARA,상의,탑,여성,텍스처 셔링 탑,https://www.zara.com/kr/ko/%E1%84%90%E1%85%A6%E1%86%A8%E1%84%89%E1%85%B3%E1%84%8E%E1%85%A5-%E1%84%91%E1%85%B3%E1%86%AF%E1%84%85%E1%85%B5%E1%84%8E%E1%85%B3-%E1%84%90%E1%85%A1%E1%86%B8-p01165093.html,https://static.zara.net/assets/public/3245/beba/913b4235bc55/e21c2761cfd0/01165093450-p/01165093450-p.jpg?ts=1772713915900,"₩45,900",,,260622,베이지,,,,
,false,,ZARA,바지,레깅스,여성,텍스처 크로스 팬츠,https://www.zara.com/kr/ko/%E1%84%90%E1%85%A6%E1%86%A8%E1%84%89%E1%85%B3%E1%84%8E%E1%85%A5-%E1%84%8F%E1%85%B3%E1%84%85%E1%85%A9%E1%84%89%E1%85%B3-%E1%84%91%E1%85%A2%E1%86%AB%E1%84%8E%E1%85%B3-p01165094.html,https://static.zara.net/assets/public/fa37/8dbe/4d4a4e3ab712/75572536f940/01165094450-p/01165094450-p.jpg?ts=1772713917523,"₩49,900",,,260622,베이지,,,,
,false,,ZARA,상의,니트,여성,반소매 니트 탑,https://www.zara.com/kr/ko/%E1%84%87%E1%85%A1%E1%86%AB%E1%84%89%E1%85%A9%E1%84%86%E1%85%A2-%E1%84%82%E1%85%B5%E1%84%90%E1%85%B3-%E1%84%90%E1%85%A1%E1%86%B8-p03921044.html,https://static.zara.net/assets/public/56fa/8220/538b4d2e8d19/2a0ceba11455/03921044500-p/03921044500-p.jpg?ts=1780498736843,"₩49,900",,,260622,초록,,,,
,false,,ZARA,바지,반바지,여성,엘라스틱 허리 니트 쇼츠,https://www.zara.com/kr/ko/%E1%84%8B%E1%85%A6%E1%86%AF%E1%84%85%E1%85%A1%E1%84%89%E1%85%B3%E1%84%90%E1%85%B5%E1%86%A8-%E1%84%92%E1%85%A5%E1%84%85%E1%85%B5-%E1%84%82%E1%85%B5%E1%84%90%E1%85%B3-%E1%84%89%E1%85%AD%E1%84%8E%E1%85%B3-p03921045.html,https://static.zara.net/assets/public/920d/f4df/e6e048668e5d/13a15d54f85e/03921045500-p/03921045500-p.jpg?ts=1780498737213,"₩35,900",,,260622,초록,,,,
,false,,ZARA,아우터,블레이저,여성,숄더 패드 타이트핏 블레이저,https://www.zara.com/kr/ko/%E1%84%91%E1%85%A2%E1%84%83%E1%85%B3-%E1%84%90%E1%85%A1%E1%84%8B%E1%85%B5%E1%84%90%E1%85%B3%E1%84%91%E1%85%B5%E1%86%BA-%E1%84%87%E1%85%B3%E1%86%AF%E1%84%85%E1%85%A6%E1%84%8B%E1%85%B5%E1%84%8C%E1%85%A5-p02709135.html,https://static.zara.net/assets/public/8bee/8cf8/76c04ca490f2/7be88b24d7e0/02709135712-p/02709135712-p.jpg?ts=1774863138353,"₩109,900",,,260622,크림,,,,
,false,,ZARA,바지,슬랙스,여성,로우라이즈 스트레이트 팬츠,https://www.zara.com/kr/ko/%E1%84%85%E1%85%A9%E1%84%8B%E1%85%AE%E1%84%85%E1%85%A1%E1%84%8B%E1%85%B5%E1%84%8C%E1%85%B3-%E1%84%89%E1%85%B3%E1%84%90%E1%85%B3%E1%84%85%E1%85%A6%E1%84%8B%E1%85%B5%E1%84%90%E1%85%B3-%E1%84%91%E1%85%A2%E1%86%AB%E1%84%8E%E1%85%B3-p02716135.html,https://static.zara.net/assets/public/817e/6909/6cb044e5b318/d9f9fcc11e36/02716135712-p/02716135712-p.jpg?ts=1774957881124,"₩59,900",,,260622,크림,,,,
,false,,ZARA,상의,탑,여성,크롭 텍스처 재킷,https://www.zara.com/kr/ko/%E1%84%8F%E1%85%B3%E1%84%85%E1%85%A9%E1%86%B8-%E1%84%90%E1%85%A6%E1%86%A8%E1%84%89%E1%85%B3%E1%84%8E%E1%85%A5-%E1%84%8C%E1%85%A2%E1%84%8F%E1%85%B5%E1%86%BA-p05039395.html,https://static.zara.net/assets/public/d5b4/b18b/247c4e84aa19/15680420d73f/05039395712-f1/05039395712-f1.jpg?ts=1775026505771,"₩35,900",,,260622,크림,,,,
,false,,ZARA,바지,슬랙스,여성,텍스처 스트레이트 팬츠,https://www.zara.com/kr/ko/%E1%84%90%E1%85%A6%E1%86%A8%E1%84%89%E1%85%B3%E1%84%8E%E1%85%A5-%E1%84%89%E1%85%B3%E1%84%90%E1%85%B3%E1%84%85%E1%85%A6%E1%84%8B%E1%85%B5%E1%84%90%E1%85%B3-%E1%84%91%E1%85%A2%E1%86%AB%E1%84%8E%E1%85%B3-p05039396.html,https://static.zara.net/assets/public/3239/063f/9ab54907ae2a/bb8eff97ebfe/05039396712-f1/05039396712-f1.jpg?ts=1774972124492,"₩45,900",,,260622,크림,,,,
,false,,ZARA,상의,티셔츠,여성,플루이드 버튼 재킷,https://www.zara.com/kr/ko/%E1%84%91%E1%85%B3%E1%86%AF%E1%84%85%E1%85%AE%E1%84%8B%E1%85%B5%E1%84%83%E1%85%B3-%E1%84%87%E1%85%A5%E1%84%90%E1%85%B3%E1%86%AB-%E1%84%8C%E1%85%A2%E1%84%8F%E1%85%B5%E1%86%BA-p05644286.html,https://static.zara.net/assets/public/1d8a/91eb/d45046e2827d/886ee3b303d0/05644286800-f1/05644286800-f1.jpg?ts=1778687798772,"₩45,900",,,260622,블랙,,,,
,false,,ZARA,바지,슬랙스,여성,루즈 벌룬 팬츠,https://www.zara.com/kr/ko/%E1%84%91%E1%85%B3%E1%86%AF%E1%84%85%E1%85%AE%E1%84%8B%E1%85%B5%E1%84%83%E1%85%B3-%E1%84%87%E1%85%A5%E1%86%AF%E1%84%85%E1%85%AE%E1%86%AB-%E1%84%91%E1%85%A2%E1%86%AB%E1%84%8E%E1%85%B3-p05644287.html,https://static.zara.net/assets/public/fd8a/5ea6/df894b33b88d/28c5912a2077/05644287800-f1/05644287800-f1.jpg?ts=1778687804201,"₩49,900",,,260622,블랙,,,,
,false,,ZARA,아우터,블레이저,여성,새틴 벌룬 봄버 재킷,https://www.zara.com/kr/ko/%E1%84%89%E1%85%A2%E1%84%90%E1%85%B5%E1%86%AB-%E1%84%87%E1%85%A5%E1%86%AF%E1%84%85%E1%85%AE%E1%86%AB-%E1%84%87%E1%85%A9%E1%86%B7%E1%84%87%E1%85%A5-%E1%84%8C%E1%85%A2%E1%84%8F%E1%85%B5%E1%86%BA-p04387175.html,https://static.zara.net/assets/public/83ea/e866/95bf475591bd/4ccd56fa09ff/04387175700-p/04387175700-p.jpg?ts=1772044488010,"₩59,900",,,260622,브라운,,,,
,false,,ZARA,바지,슬랙스,여성,새틴 벌룬 팬츠,https://www.zara.com/kr/ko/%E1%84%89%E1%85%A2%E1%84%90%E1%85%B5%E1%86%AB-%E1%84%87%E1%85%A5%E1%86%AF%E1%84%85%E1%85%AE%E1%86%AB-%E1%84%91%E1%85%A2%E1%86%AB%E1%84%8E%E1%85%B3-p04387075.html,https://static.zara.net/assets/public/15de/780e/04fc4243bfbb/351d2b75e1fe/04387075700-f1/04387075700-f1.jpg?ts=1772005368240,"₩55,900",,,260622,브라운,,,,
,false,,ZARA,기타,WIND-JACKET,여성,Z1975 레이스 숏 데님 재킷,https://www.zara.com/kr/ko/z1975-%E1%84%85%E1%85%A6%E1%84%8B%E1%85%B5%E1%84%89%E1%85%B3-%E1%84%89%E1%85%AD%E1%86%BA-%E1%84%83%E1%85%A6%E1%84%82%E1%85%B5%E1%86%B7-%E1%84%8C%E1%85%A2%E1%84%8F%E1%85%B5%E1%86%BA-p06147059.html,https://static.zara.net/assets/public/f902/d56f/0b3b43a3a100/8d2ec6d3638c/06147059427-f1/06147059427-f1.jpg?ts=1773138907508,"₩99,900",,,260622,미디움 블루,,,,
,false,,ZARA,바지,슬랙스,여성,JEANS Z1975 배기 레이스 디스트로이드,https://www.zara.com/kr/ko/jeans-z1975-%E1%84%87%E1%85%A2%E1%84%80%E1%85%B5-%E1%84%85%E1%85%A6%E1%84%8B%E1%85%B5%E1%84%89%E1%85%B3-%E1%84%83%E1%85%B5%E1%84%89%E1%85%B3%E1%84%90%E1%85%B3%E1%84%85%E1%85%A9%E1%84%8B%E1%85%B5%E1%84%83%E1%85%B3-p06147095.html,https://static.zara.net/assets/public/3a61/7b68/fdba44948775/fbf2e950ddd7/06147095427-f1/06147095427-f1.jpg?ts=1773138893204,"₩89,900",,,260622,미디움 블루,,,,
,false,,ZARA,상의,셔츠/블라우스,여성,ZW 컬렉션 프린지 홀터넥 탑,https://www.zara.com/kr/ko/zw-%E1%84%8F%E1%85%A5%E1%86%AF%E1%84%85%E1%85%A6%E1%86%A8%E1%84%89%E1%85%A7%E1%86%AB-%E1%84%91%E1%85%B3%E1%84%85%E1%85%B5%E1%86%AB%E1%84%8C%E1%85%B5-%E1%84%92%E1%85%A9%E1%86%AF%E1%84%90%E1%85%A5%E1%84%82%E1%85%A6%E1%86%A8-%E1%84%90%E1%85%A1%E1%86%B8-p01106828.html,https://static.zara.net/assets/public/fb27/df24/af094233ad0d/cc671d4acc89/01106828715-p/01106828715-p.jpg?ts=1773334205522,"₩89,900",,,260622,미디움 크림,,,,
,false,,ZARA,바지,슬랙스,여성,ZW 컬렉션 와이드 레그 팬츠,https://www.zara.com/kr/ko/zw-%E1%84%8F%E1%85%A5%E1%86%AF%E1%84%85%E1%85%A6%E1%86%A8%E1%84%89%E1%85%A7%E1%86%AB-%E1%84%8B%E1%85%AA%E1%84%8B%E1%85%B5%E1%84%83%E1%85%B3-%E1%84%85%E1%85%A6%E1%84%80%E1%85%B3-%E1%84%91%E1%85%A2%E1%86%AB%E1%84%8E%E1%85%B3-p01925828.html,https://static.zara.net/assets/public/5ee9/d872/846f44f3bc7a/1eb675512d10/01925828715-000-f1/01925828715-000-f1.jpg?ts=1773656806390,"₩89,900",,,260622,미디움 크림,,,,
,false,,ZARA,기타,WIND-JACKET,여성,Z1975 오버사이즈 데님 오버셔츠,https://www.zara.com/kr/ko/z1975-%E1%84%8B%E1%85%A9%E1%84%87%E1%85%A5%E1%84%89%E1%85%A1%E1%84%8B%E1%85%B5%E1%84%8C%E1%85%B3-%E1%84%83%E1%85%A6%E1%84%82%E1%85%B5%E1%86%B7-%E1%84%8B%E1%85%A9%E1%84%87%E1%85%A5%E1%84%89%E1%85%A7%E1%84%8E%E1%85%B3-p07223033.html,https://static.zara.net/assets/public/7f86/f922/26954f639632/59af92867d6f/07223033407-p/07223033407-p.jpg?ts=1776167619303,"₩59,900",,,260622,블루,,,,
,false,,ZARA,바지,버뮤다 팬츠,여성,Z1975 미니 쇼츠,https://www.zara.com/kr/ko/z1975-%E1%84%86%E1%85%B5%E1%84%82%E1%85%B5-%E1%84%89%E1%85%AD%E1%84%8E%E1%85%B3-p07223034.html,https://static.zara.net/assets/public/40e6/8a17/f50f49a1841a/d9153c3a2b59/07223034407-p/07223034407-p.jpg?ts=1776167624442,"₩55,900",,,260622,블루,,,,
,false,,ZARA,아우터,블레이저,여성,ZW 컬렉션 더블 브레스트 버튼 블레이저,https://www.zara.com/kr/ko/zw-%E1%84%8F%E1%85%A5%E1%86%AF%E1%84%85%E1%85%A6%E1%86%A8%E1%84%89%E1%85%A7%E1%86%AB-%E1%84%83%E1%85%A5%E1%84%87%E1%85%B3%E1%86%AF-%E1%84%87%E1%85%B3%E1%84%85%E1%85%A6%E1%84%89%E1%85%B3%E1%84%90%E1%85%B3-%E1%84%87%E1%85%A5%E1%84%90%E1%85%B3%E1%86%AB-%E1%84%87%E1%85%B3%E1%86%AF%E1%84%85%E1%85%A6%E1%84%8B%E1%85%B5%E1%84%8C%E1%85%A5-p03736052.html,https://static.zara.net/assets/public/7117/fe69/4b164ae6bcf3/6e838143276a/03736052712-e1/03736052712-e1.jpg?ts=1775572675692,"₩169,900",,,260622,크림,,,,
,false,,ZARA,바지,슬랙스,여성,ZW 컬렉션 스트레이트 팬츠,https://www.zara.com/kr/ko/zw-%E1%84%8F%E1%85%A5%E1%86%AF%E1%84%85%E1%85%A6%E1%86%A8%E1%84%89%E1%85%A7%E1%86%AB-%E1%84%89%E1%85%B3%E1%84%90%E1%85%B3%E1%84%85%E1%85%A6%E1%84%8B%E1%85%B5%E1%84%90%E1%85%B3-%E1%84%91%E1%85%A2%E1%86%AB%E1%84%8E%E1%85%B3-p03736053.html,https://static.zara.net/assets/public/2e13/f001/5f5c4bfa9eb1/fcc629085af1/03736053712-e1/03736053712-e1.jpg?ts=1775632212297,"₩109,900",,,260622,크림,,,,
,false,,ZARA,상의,셔츠/블라우스,여성,스트라이프 홀터넥 탑,https://www.zara.com/kr/ko/%E1%84%89%E1%85%B3%E1%84%90%E1%85%B3%E1%84%85%E1%85%A1%E1%84%8B%E1%85%B5%E1%84%91%E1%85%B3-%E1%84%92%E1%85%A9%E1%86%AF%E1%84%90%E1%85%A5%E1%84%82%E1%85%A6%E1%86%A8-%E1%84%90%E1%85%A1%E1%86%B8-p06688060.html,https://static.zara.net/assets/public/7134/31c1/160545a6af52/4dfd03a192a9/06688060105-f1/06688060105-f1.jpg?ts=1776760785652,"₩55,900",,,260622,스트라이프,,,,
,false,,ZARA,바지,슬랙스,여성,TRF 로우라이즈 스트레이트 스트라이프 청바지,https://www.zara.com/kr/ko/trf-%E1%84%85%E1%85%A9%E1%84%8B%E1%85%AE%E1%84%85%E1%85%A1%E1%84%8B%E1%85%B5%E1%84%8C%E1%85%B3-%E1%84%89%E1%85%B3%E1%84%90%E1%85%B3%E1%84%85%E1%85%A1%E1%84%8B%E1%85%B5%E1%84%91%E1%85%B3-%E1%84%89%E1%85%B3%E1%84%90%E1%85%B3%E1%84%85%E1%85%A6%E1%84%8B%E1%85%B5%E1%84%90%E1%85%B3-%E1%84%8E%E1%85%A5%E1%86%BC%E1%84%87%E1%85%A1%E1%84%8C%E1%85%B5-p06688042.html,https://static.zara.net/assets/public/cf60/bd83/560745debfdc/c6f708c8e01d/06688042105-f1/06688042105-f1.jpg?ts=1776756809716,"₩59,900",,,260622,스트라이프,,,,
,false,,ZARA,상의,셔츠/블라우스,여성,깅엄 체크 크롭 탑,https://www.zara.com/kr/ko/%E1%84%80%E1%85%B5%E1%86%BC%E1%84%8B%E1%85%A5%E1%86%B7-%E1%84%8E%E1%85%A6%E1%84%8F%E1%85%B3-%E1%84%8F%E1%85%B3%E1%84%85%E1%85%A9%E1%86%B8-%E1%84%90%E1%85%A1%E1%86%B8-p02180039.html,https://static.zara.net/assets/public/aa69/1c8c/1cd446f7a93b/40fced98593c/02180039094-p/02180039094-p.jpg?ts=1773402434564,"₩49,900",,,260622,"레드,화이트",,,,
,false,,ZARA,바지,슬랙스,여성,깅엄체크 카프리 팬츠,https://www.zara.com/kr/ko/%E1%84%80%E1%85%B5%E1%86%BC%E1%84%8B%E1%85%A5%E1%86%B7%E1%84%8E%E1%85%A6%E1%84%8F%E1%85%B3-%E1%84%8F%E1%85%A1%E1%84%91%E1%85%B3%E1%84%85%E1%85%B5-%E1%84%91%E1%85%A2%E1%86%AB%E1%84%8E%E1%85%B3-p04661418.html,https://static.zara.net/assets/public/218c/1cd5/8e054e778014/fd567bdca76a/04661418094-p/04661418094-p.jpg?ts=1773402434578,"₩55,900",,,260622,"레드,화이트",,,,
,false,,ZARA,바지,슬랙스,여성,ZW 컬렉션 레이스 파자마 팬츠,https://www.zara.com/kr/ko/zw-%E1%84%8F%E1%85%A5%E1%86%AF%E1%84%85%E1%85%A6%E1%86%A8%E1%84%89%E1%85%A7%E1%86%AB-%E1%84%85%E1%85%A6%E1%84%8B%E1%85%B5%E1%84%89%E1%85%B3-%E1%84%91%E1%85%A1%E1%84%8C%E1%85%A1%E1%84%86%E1%85%A1-%E1%84%91%E1%85%A2%E1%86%AB%E1%84%8E%E1%85%B3-p05107083.html,https://static.zara.net/assets/public/ba50/97ec/d78040f7abad/82ead4cc167d/05107083251-p/05107083251-p.jpg?ts=1778063324678,"₩109,900",,,260622,스크래치 화이트,,,,
,false,,ZARA,상의,니트,여성,오픈워크 니트 스웨터,https://www.zara.com/kr/ko/%E1%84%8B%E1%85%A9%E1%84%91%E1%85%B3%E1%86%AB%E1%84%8B%E1%85%AF%E1%84%8F%E1%85%B3-%E1%84%82%E1%85%B5%E1%84%90%E1%85%B3-%E1%84%89%E1%85%B3%E1%84%8B%E1%85%B0%E1%84%90%E1%85%A5-p03859003.html,https://static.zara.net/assets/public/b8ea/3fdb/2e864d1a9eaf/2d03db14255b/03859003800-f1/03859003800-f1.jpg?ts=1777021434058,"₩57,900",,,260622,블랙,,,,
,false,,ZARA,바지,슬랙스,여성,포인텔 니트 벌룬 팬츠,https://www.zara.com/kr/ko/%E1%84%91%E1%85%A9%E1%84%8B%E1%85%B5%E1%86%AB%E1%84%90%E1%85%A6%E1%86%AF-%E1%84%82%E1%85%B5%E1%84%90%E1%85%B3-%E1%84%87%E1%85%A5%E1%86%AF%E1%84%85%E1%85%AE%E1%86%AB-%E1%84%91%E1%85%A2%E1%86%AB%E1%84%8E%E1%85%B3-p03859005.html,https://static.zara.net/assets/public/bc20/33be/04fc41798cb0/99976a887a33/03859005800-f1/03859005800-f1.jpg?ts=1777013334198,"₩79,900",,,260622,블랙,,,,
,false,,ZARA,상의,티셔츠,여성,러스틱 케이프 탑,https://www.zara.com/kr/ko/%E1%84%85%E1%85%A5%E1%84%89%E1%85%B3%E1%84%90%E1%85%B5%E1%86%A8-%E1%84%8F%E1%85%A6%E1%84%8B%E1%85%B5%E1%84%91%E1%85%B3-%E1%84%90%E1%85%A1%E1%86%B8-p01044158.html,https://static.zara.net/assets/public/1ac6/1311/8320406c832d/6342400c037e/01044158300-p/01044158300-p.jpg?ts=1777473399086,"₩35,900",,,260622,노랑,,,,
,false,,ZARA,바지,슬랙스,여성,드로스트링 러스틱 팬츠,https://www.zara.com/kr/ko/%E1%84%83%E1%85%B3%E1%84%85%E1%85%A9%E1%84%89%E1%85%B3%E1%84%90%E1%85%B3%E1%84%85%E1%85%B5%E1%86%BC-%E1%84%85%E1%85%A5%E1%84%89%E1%85%B3%E1%84%90%E1%85%B5%E1%86%A8-%E1%84%91%E1%85%A2%E1%86%AB%E1%84%8E%E1%85%B3-p01044159.html,https://static.zara.net/assets/public/1ad9/5b59/00844cf8bcfd/aff733ba99b2/01044159300-f1/01044159300-f1.jpg?ts=1777305841383,"₩45,900",,,260622,노랑,,,,
,false,,ZARA,상의,셔츠/블라우스,여성,ZW 컬렉션 레이스 프릴 탑,https://www.zara.com/kr/ko/zw-%E1%84%8F%E1%85%A5%E1%86%AF%E1%84%85%E1%85%A6%E1%86%A8%E1%84%89%E1%85%A7%E1%86%AB-%E1%84%85%E1%85%A6%E1%84%8B%E1%85%B5%E1%84%89%E1%85%B3-%E1%84%91%E1%85%B3%E1%84%85%E1%85%B5%E1%86%AF-%E1%84%90%E1%85%A1%E1%86%B8-p05107106.html,https://static.zara.net/assets/public/721a/8280/78b54b839f57/d670e27e425d/05107106701-f1/05107106701-f1.jpg?ts=1780565631227,"₩89,900",,,260622,테라코타,,,,
,false,,ZARA,바지,버뮤다 팬츠,여성,ZW 컬렉션 레이스 쇼츠,https://www.zara.com/kr/ko/zw-%E1%84%8F%E1%85%A5%E1%86%AF%E1%84%85%E1%85%A6%E1%86%A8%E1%84%89%E1%85%A7%E1%86%AB-%E1%84%85%E1%85%A6%E1%84%8B%E1%85%B5%E1%84%89%E1%85%B3-%E1%84%89%E1%85%AD%E1%84%8E%E1%85%B3-p05107107.html,https://static.zara.net/assets/public/05de/c2d1/01c6476cabe1/f00ad71878ce/05107107701-f1/05107107701-f1.jpg?ts=1780565643584,"₩59,900",,,260622,테라코타,,,,
,false,,ZARA,상의,탑,여성,크롭 텍스처 재킷,https://www.zara.com/kr/ko/%E1%84%8F%E1%85%B3%E1%84%85%E1%85%A9%E1%86%B8-%E1%84%90%E1%85%A6%E1%86%A8%E1%84%89%E1%85%B3%E1%84%8E%E1%85%A5-%E1%84%8C%E1%85%A2%E1%84%8F%E1%85%B5%E1%86%BA-p05039395.html,https://static.zara.net/assets/public/b673/1385/f40a4231946d/842770d00aca/05039395687-p/05039395687-p.jpg?ts=1775060196882,"₩35,900",,,260622,페일 로즈,,,,
,false,,ZARA,바지,슬랙스,여성,텍스처 스트레이트 팬츠,https://www.zara.com/kr/ko/%E1%84%90%E1%85%A6%E1%86%A8%E1%84%89%E1%85%B3%E1%84%8E%E1%85%A5-%E1%84%89%E1%85%B3%E1%84%90%E1%85%B3%E1%84%85%E1%85%A6%E1%84%8B%E1%85%B5%E1%84%90%E1%85%B3-%E1%84%91%E1%85%A2%E1%86%AB%E1%84%8E%E1%85%B3-p05039396.html,https://static.zara.net/assets/public/c850/c66f/2cf5488fb263/574b75070082/05039396687-p/05039396687-p.jpg?ts=1775060202488,"₩45,900",,,260622,페일 로즈,,,,
,false,,ZARA,바지,슬랙스,여성,텍스처 스트레이트 팬츠,https://www.zara.com/kr/ko/%E1%84%90%E1%85%A6%E1%86%A8%E1%84%89%E1%85%B3%E1%84%8E%E1%85%A5-%E1%84%89%E1%85%B3%E1%84%90%E1%85%B3%E1%84%85%E1%85%A6%E1%84%8B%E1%85%B5%E1%84%90%E1%85%B3-%E1%84%91%E1%85%A2%E1%86%AB%E1%84%8E%E1%85%B3-p05039396.html,https://static.zara.net/assets/public/01f3/efe6/9fc84279b1b0/65f77287d9ac/05039396687-f1/05039396687-f1.jpg?ts=1774972120748,"₩45,900",,,260622,페일 로즈,,,,
,false,,ZARA,상의,탑,여성,크롭 텍스처 재킷,https://www.zara.com/kr/ko/%E1%84%8F%E1%85%B3%E1%84%85%E1%85%A9%E1%86%B8-%E1%84%90%E1%85%A6%E1%86%A8%E1%84%89%E1%85%B3%E1%84%8E%E1%85%A5-%E1%84%8C%E1%85%A2%E1%84%8F%E1%85%B5%E1%86%BA-p05039395.html,https://static.zara.net/assets/public/7de7/ac02/b95b473083be/b4e30d4fd1b4/05039395687-f1/05039395687-f1.jpg?ts=1774971757880,"₩35,900",,,260622,페일 로즈,,,,
,false,,ZARA,기타,WAISTCOAT,여성,링클 이펙트 새틴 베스트,https://www.zara.com/kr/ko/%E1%84%85%E1%85%B5%E1%86%BC%E1%84%8F%E1%85%B3%E1%86%AF-%E1%84%8B%E1%85%B5%E1%84%91%E1%85%A6%E1%86%A8%E1%84%90%E1%85%B3-%E1%84%89%E1%85%A2%E1%84%90%E1%85%B5%E1%86%AB-%E1%84%87%E1%85%A6%E1%84%89%E1%85%B3%E1%84%90%E1%85%B3-p07733556.html,https://static.zara.net/assets/public/2297/c892/99324f118512/530fb41b9287/07733556303-p/07733556303-p.jpg?ts=1779452152349,"₩59,900",,,260622,골드,,,,
,false,,ZARA,바지,슬랙스,여성,링클 이펙트 스트레이트 팬츠,https://www.zara.com/kr/ko/%E1%84%85%E1%85%B5%E1%86%BC%E1%84%8F%E1%85%B3%E1%86%AF-%E1%84%8B%E1%85%B5%E1%84%91%E1%85%A6%E1%86%A8%E1%84%90%E1%85%B3-%E1%84%89%E1%85%B3%E1%84%90%E1%85%B3%E1%84%85%E1%85%A6%E1%84%8B%E1%85%B5%E1%84%90%E1%85%B3-%E1%84%91%E1%85%A2%E1%86%AB%E1%84%8E%E1%85%B3-p07734556.html,https://static.zara.net/assets/public/b98e/0441/b82c40da9a69/977c8c0d5acd/07734556303-f1/07734556303-f1.jpg?ts=1779189219459,"₩59,900",,,260622,골드,,,,
,false,,ZARA,상의,셔츠/블라우스,여성,리본 플루이드 셔츠,https://www.zara.com/kr/ko/-p07751212.html,https://static.zara.net/assets/public/6016/2ae1/adb44f06bdd7/676ffab7eb18/07751210829-e1/07751210829-e1.jpg?ts=1779865174012,"₩49,900",,,260622,코발트,,,,
,false,,ZARA,바지,버뮤다 팬츠,여성,버튼 디테일 루즈 쇼츠,https://www.zara.com/kr/ko/%E1%84%87%E1%85%A5%E1%84%90%E1%85%B3%E1%86%AB-%E1%84%83%E1%85%B5%E1%84%90%E1%85%A6%E1%84%8B%E1%85%B5%E1%86%AF-%E1%84%85%E1%85%AE%E1%84%8C%E1%85%B3-%E1%84%89%E1%85%AD%E1%84%8E%E1%85%B3-p06929500.html,https://static.zara.net/assets/public/c056/ee14/c41c47948cbb/ee86fd6c0e9d/06929500829-e1/06929500829-e1.jpg?ts=1779721537105,"₩45,900",,,260622,코발트,,,,
,false,,ZARA,기타,SWEATSHIRT,여성,패치 스웨트셔츠,https://www.zara.com/kr/ko/%E1%84%91%E1%85%A2%E1%84%8E%E1%85%B5-%E1%84%89%E1%85%B3%E1%84%8B%E1%85%B0%E1%84%90%E1%85%B3%E1%84%89%E1%85%A7%E1%84%8E%E1%85%B3-p05644203.html,https://static.zara.net/assets/public/b31b/0068/3ba84679b231/496e605c3f62/05644203707-p/05644203707-p.jpg?ts=1768218232905,"₩55,900",,,260622,샌드,,,,
,false,,ZARA,바지,슬랙스,여성,플러시 와이드 팬츠,https://www.zara.com/kr/ko/%E1%84%91%E1%85%B3%E1%86%AF%E1%84%85%E1%85%A5%E1%84%89%E1%85%B5-%E1%84%8B%E1%85%AA%E1%84%8B%E1%85%B5%E1%84%83%E1%85%B3-%E1%84%91%E1%85%A2%E1%86%AB%E1%84%8E%E1%85%B3-p05644204.html,https://static.zara.net/assets/public/8689/05c7/67384971b6f9/45725418e741/05644204707-p/05644204707-p.jpg?ts=1768218236988,"₩55,900",,,260622,샌드,,,,
,false,,ZARA,상의,가디건,여성,스트라이프 오픈워크 니트 폴로 재킷,https://www.zara.com/kr/ko/%E1%84%89%E1%85%B3%E1%84%90%E1%85%B3%E1%84%85%E1%85%A1%E1%84%8B%E1%85%B5%E1%84%91%E1%85%B3-%E1%84%8B%E1%85%A9%E1%84%91%E1%85%B3%E1%86%AB%E1%84%8B%E1%85%AF%E1%84%8F%E1%85%B3-%E1%84%82%E1%85%B5%E1%84%90%E1%85%B3-%E1%84%91%E1%85%A9%E1%86%AF%E1%84%85%E1%85%A9-%E1%84%8C%E1%85%A2%E1%84%8F%E1%85%B5%E1%86%BA-p03921037.html,https://static.zara.net/assets/public/1925/bfec/4af8437e8a72/2eaf054af7ee/03921037330-p/03921037330-p.jpg?ts=1776859898928,"₩57,900",,,260622,멀티컬러,,,,
,false,,ZARA,상의,셔츠/블라우스,여성,도트 패턴 새틴 홀터넥 탑,https://www.zara.com/kr/ko/%E1%84%89%E1%85%A2%E1%84%90%E1%85%B5%E1%86%AB-%E1%84%92%E1%85%A9%E1%86%AF%E1%84%90%E1%85%A5%E1%84%82%E1%85%A6%E1%86%A8-%E1%84%90%E1%85%A1%E1%86%B8-p02337051.html,https://static.zara.net/assets/public/f33d/486f/c040427dbe50/ee4506685f52/04661041064-p/04661041064-p.jpg?ts=1776871893455,"₩45,900",,,260622,"화이트,블랙",,,,
,false,,ZARA,바지,슬랙스,여성,도트 패턴 새틴 팬츠,https://www.zara.com/kr/ko/%E1%84%89%E1%85%A2%E1%84%90%E1%85%B5%E1%86%AB-%E1%84%83%E1%85%B3%E1%84%85%E1%85%A9%E1%84%89%E1%85%B3%E1%84%90%E1%85%B3%E1%84%85%E1%85%B5%E1%86%BC-%E1%84%91%E1%85%A2%E1%86%AB%E1%84%8E%E1%85%B3-p02180415.html,https://static.zara.net/assets/public/8513/d8ac/1f964b00b12a/4d5c10c5862e/03152443064-p/03152443064-p.jpg?ts=1776091774538,"₩55,900",,,260622,"화이트,블랙",,,,
,false,,ZARA,기타,WIND-JACKET,여성,케이프 셔츠,https://www.zara.com/kr/ko/%E1%84%8F%E1%85%A6%E1%84%8B%E1%85%B5%E1%84%91%E1%85%B3-%E1%84%89%E1%85%A7%E1%84%8E%E1%85%B3-p04772709.html,https://static.zara.net/assets/public/8455/1541/405a47faa411/b6d3de07bc6d/04772709710-p/04772709710-p.jpg?ts=1775064962722,"₩55,900",,,260622,베이지,,,,
,false,,ZARA,바지,슬랙스,여성,엘라스틱 웨이스트 팬츠,https://www.zara.com/kr/ko/%E1%84%8B%E1%85%A6%E1%86%AF%E1%84%85%E1%85%A1%E1%84%89%E1%85%B3%E1%84%90%E1%85%B5%E1%86%A8-%E1%84%8B%E1%85%B0%E1%84%8B%E1%85%B5%E1%84%89%E1%85%B3%E1%84%90%E1%85%B3-%E1%84%91%E1%85%A2%E1%86%AB%E1%84%8E%E1%85%B3-p01255413.html,https://static.zara.net/assets/public/2e2e/7996/bf0847c592bc/3eded48f0479/01255413710-p/01255413710-p.jpg?ts=1774445662724,"₩59,900",,,260622,베이지,,,,
,false,,ZARA,상의,셔츠/블라우스,여성,도트 시퀸 오프숄더 탑,https://www.zara.com/kr/ko/%E1%84%89%E1%85%B5%E1%84%8F%E1%85%B1%E1%86%AB-%E1%84%83%E1%85%A9%E1%84%90%E1%85%B3-%E1%84%8B%E1%85%A9%E1%84%91%E1%85%B3%E1%84%89%E1%85%AD%E1%86%AF%E1%84%83%E1%85%A5-%E1%84%90%E1%85%A1%E1%86%B8-p03210010.html,https://static.zara.net/assets/public/52fe/6ee6/9a064c92879a/1d86b96f0794/03210010064-f1/03210010064-f1.jpg?ts=1774007607979,"₩59,900",,,260622,"화이트,블랙",,,,
,false,,ZARA,바지,버뮤다 팬츠,여성,도트 시퀸 미니 쇼츠,https://www.zara.com/kr/ko/%E1%84%83%E1%85%A9%E1%84%90%E1%85%B3-%E1%84%89%E1%85%B5%E1%84%8F%E1%85%B1%E1%86%AB-%E1%84%86%E1%85%B5%E1%84%82%E1%85%B5-%E1%84%89%E1%85%AD%E1%84%8E%E1%85%B3-p03210400.html,https://static.zara.net/assets/public/21b5/e341/f5d34b9780a0/4090e1dc74f6/03210400064-f1/03210400064-f1.jpg?ts=1774007612437,"₩79,900",,,260622,"화이트,블랙",,,,
,false,,ZARA,바지,버뮤다 팬츠,여성,ZW 컬렉션 린넨 자수 쇼츠,https://www.zara.com/kr/ko/zw-%E1%84%8F%E1%85%A5%E1%86%AF%E1%84%85%E1%85%A6%E1%86%A8%E1%84%89%E1%85%A7%E1%86%AB-%E1%84%85%E1%85%B5%E1%86%AB%E1%84%82%E1%85%A6%E1%86%AB-%E1%84%8C%E1%85%A1%E1%84%89%E1%85%AE-%E1%84%89%E1%85%AD%E1%84%8E%E1%85%B3-p05107097.html,https://static.zara.net/assets/public/41b4/db72/1e704e3b91e4/ed721d9440ad/05107097712-f1/05107097712-f1.jpg?ts=1778513053169,"₩79,900",,,260622,크림,,,,
,false,,ZARA,아우터,블레이저,여성,숄더 패드 크롭 블레이저,https://www.zara.com/kr/ko/%E1%84%89%E1%85%AD%E1%86%AF%E1%84%83%E1%85%A5-%E1%84%91%E1%85%A2%E1%84%83%E1%85%B3-%E1%84%8F%E1%85%B3%E1%84%85%E1%85%A9%E1%86%B8-%E1%84%87%E1%85%B3%E1%86%AF%E1%84%85%E1%85%A6%E1%84%8B%E1%85%B5%E1%84%8C%E1%85%A5-p02796334.html,https://static.zara.net/assets/public/5197/d1fa/e89a4d47b6ac/83ae7ec6a65d/02796334620-f1/02796334620-f1.jpg?ts=1777974372954,"₩109,900",,,260622,로즈핑크,,,,
,false,,ZARA,바지,버뮤다 팬츠,여성,플랫 프론트 크로스 버뮤다 팬츠,https://www.zara.com/kr/ko/%E1%84%8F%E1%85%B3%E1%84%85%E1%85%A9%E1%84%89%E1%85%B3-%E1%84%91%E1%85%B3%E1%86%AF%E1%84%85%E1%85%A2%E1%86%BA-%E1%84%91%E1%85%B3%E1%84%85%E1%85%A9%E1%86%AB%E1%84%90%E1%85%B3-%E1%84%87%E1%85%A5%E1%84%86%E1%85%B2%E1%84%83%E1%85%A1-%E1%84%91%E1%85%A2%E1%86%AB%E1%84%8E%E1%85%B3-p02793334.html,https://static.zara.net/assets/public/896e/a26d/89e344e59ad8/a17598db23d1/02793334620-f1/02793334620-f1.jpg?ts=1777971738088,"₩59,900",,,260622,로즈핑크,,,,
,false,,ZARA,상의,셔츠/블라우스,여성,린넨 토글 크롭 탑,https://www.zara.com/kr/ko/%E1%84%85%E1%85%B5%E1%86%AB%E1%84%82%E1%85%A6%E1%86%AB-%E1%84%90%E1%85%A9%E1%84%80%E1%85%B3%E1%86%AF-%E1%84%8F%E1%85%B3%E1%84%85%E1%85%A9%E1%86%B8-%E1%84%90%E1%85%A1%E1%86%B8-p07696837.html,https://static.zara.net/assets/public/bf06/e125/1de44af28a50/2062b6e3da9b/07696837802-p/07696837802-p.jpg?ts=1780042934630,"₩55,900",,,260622,그레이,,,,
,false,,ZARA,바지,슬랙스,여성,린넨 미니 플레어 팬츠,https://www.zara.com/kr/ko/%E1%84%85%E1%85%B5%E1%86%AB%E1%84%82%E1%85%A6%E1%86%AB-%E1%84%86%E1%85%B5%E1%84%82%E1%85%B5-%E1%84%91%E1%85%B3%E1%86%AF%E1%84%85%E1%85%A6%E1%84%8B%E1%85%A5-%E1%84%91%E1%85%A2%E1%86%AB%E1%84%8E%E1%85%B3-p07738837.html,https://static.zara.net/assets/public/aabd/cca8/71974bdd9f50/b5f5c958c8c9/07738837802-f1/07738837802-f1.jpg?ts=1780056339707,"₩57,900",,,260622,그레이,,,,
,false,,ZARA,상의,셔츠/블라우스,여성,ZW 컬렉션 슬리브리스 플리츠 셔츠,https://www.zara.com/kr/ko/zw-%E1%84%8F%E1%85%A5%E1%86%AF%E1%84%85%E1%85%A6%E1%86%A8%E1%84%89%E1%85%A7%E1%86%AB-%E1%84%89%E1%85%B3%E1%86%AF%E1%84%85%E1%85%B5%E1%84%87%E1%85%B3%E1%84%85%E1%85%B5%E1%84%89%E1%85%B3-%E1%84%91%E1%85%B3%E1%86%AF%E1%84%85%E1%85%B5%E1%84%8E%E1%85%B3-%E1%84%89%E1%85%A7%E1%84%8E%E1%85%B3-p06095982.html,https://static.zara.net/assets/public/57c3/2f26/56574f359cd5/f8b8068dce6a/06095982601-p/06095982601-p.jpg?ts=1774615256430,"₩59,900",,,260622,브라이트 레드,,,,
,false,,ZARA,기타,WAISTCOAT,여성,버튼 홀터넥 베스트 탑,https://www.zara.com/kr/ko/%E1%84%87%E1%85%A5%E1%84%90%E1%85%B3%E1%86%AB-%E1%84%92%E1%85%A9%E1%86%AF%E1%84%90%E1%85%A5%E1%84%82%E1%85%A6%E1%86%A8-%E1%84%87%E1%85%A6%E1%84%89%E1%85%B3%E1%84%90%E1%85%B3-%E1%84%90%E1%85%A1%E1%86%B8-p07794603.html,https://static.zara.net/assets/public/d17f/818e/40074300bc0e/d253aa29ab0e/07794603800-p/07794603800-p.jpg?ts=1780049674838,"₩57,900",,,260622,블랙,,,,
,false,,ZARA,바지,버뮤다 팬츠,여성,플리츠 쇼츠,https://www.zara.com/kr/ko/%E1%84%91%E1%85%B3%E1%86%AF%E1%84%85%E1%85%B5%E1%84%8E%E1%85%B3-%E1%84%89%E1%85%AD%E1%84%8E%E1%85%B3-p07795603.html,https://static.zara.net/assets/public/62fb/c748/bc414a658028/e19fbe1f34a5/07795603800-f1/07795603800-f1.jpg?ts=1780059818987,"₩55,900",,,260622,블랙,,,,
,false,,ZARA,상의,셔츠/블라우스,여성,ZW 컬렉션 스트라이프 슬리브리스 탑,https://www.zara.com/kr/ko/zw-%E1%84%8F%E1%85%A5%E1%86%AF%E1%84%85%E1%85%A6%E1%86%A8%E1%84%89%E1%85%A7%E1%86%AB-%E1%84%89%E1%85%B3%E1%84%90%E1%85%B3%E1%84%85%E1%85%A1%E1%84%8B%E1%85%B5%E1%84%91%E1%85%B3-%E1%84%89%E1%85%B3%E1%86%AF%E1%84%85%E1%85%B5%E1%84%87%E1%85%B3%E1%84%85%E1%85%B5%E1%84%89%E1%85%B3-%E1%84%90%E1%85%A1%E1%86%B8-p01220120.html,https://static.zara.net/assets/public/065a/0ae9/0c76470d991f/bdfd95de7557/01220120068-f1/01220120068-f1.jpg?ts=1779291283313,"₩59,900",,,260622,"크림,석류",,,,
,false,,ZARA,바지,슬랙스,여성,ZW 컬렉션 스트라이프 벌룬 팬츠,https://www.zara.com/kr/ko/zw-%E1%84%8F%E1%85%A5%E1%86%AF%E1%84%85%E1%85%A6%E1%86%A8%E1%84%89%E1%85%A7%E1%86%AB-%E1%84%89%E1%85%B3%E1%84%90%E1%85%B3%E1%84%85%E1%85%A1%E1%84%8B%E1%85%B5%E1%84%91%E1%85%B3-%E1%84%87%E1%85%A5%E1%86%AF%E1%84%85%E1%85%AE%E1%86%AB-%E1%84%91%E1%85%A2%E1%86%AB%E1%84%8E%E1%85%B3-p01954120.html,https://static.zara.net/assets/public/9cf5/0d8c/c01241a2b1e7/94195ae512e8/01954120068-p/01954120068-p.jpg?ts=1779722088576,"₩99,900",,,260622,"크림,석류",,,,
,false,,ZARA,바지,슬랙스,여성,헤비 코튼 와이드 레그 팬츠,https://www.zara.com/kr/ko/%E1%84%92%E1%85%A6%E1%84%87%E1%85%B5-%E1%84%8F%E1%85%A9%E1%84%90%E1%85%B3%E1%86%AB-%E1%84%8B%E1%85%AA%E1%84%8B%E1%85%B5%E1%84%83%E1%85%B3-%E1%84%85%E1%85%A6%E1%84%80%E1%85%B3-%E1%84%91%E1%85%A2%E1%86%AB%E1%84%8E%E1%85%B3-p04174043.html,https://static.zara.net/assets/public/6245/52dc/4f1a4edfb60d/2466bfe69f91/04174043736-f1/04174043736-f1.jpg?ts=1771575440765,"₩49,900",,,260622,라이트 밍크,,,,
,false,,ZARA,상의,탑,여성,크롭 텍스처 재킷,https://www.zara.com/kr/ko/%E1%84%8F%E1%85%B3%E1%84%85%E1%85%A9%E1%86%B8-%E1%84%90%E1%85%A6%E1%86%A8%E1%84%89%E1%85%B3%E1%84%8E%E1%85%A5-%E1%84%8C%E1%85%A2%E1%84%8F%E1%85%B5%E1%86%BA-p05039395.html,https://static.zara.net/assets/public/9e39/5a00/dba94c3687a9/35741aae5673/05039395716-p/05039395716-p.jpg?ts=1775060201684,"₩35,900",,,260622,다크 브라운,,,,
,false,,ZARA,바지,슬랙스,여성,텍스처 스트레이트 팬츠,https://www.zara.com/kr/ko/%E1%84%90%E1%85%A6%E1%86%A8%E1%84%89%E1%85%B3%E1%84%8E%E1%85%A5-%E1%84%89%E1%85%B3%E1%84%90%E1%85%B3%E1%84%85%E1%85%A6%E1%84%8B%E1%85%B5%E1%84%90%E1%85%B3-%E1%84%91%E1%85%A2%E1%86%AB%E1%84%8E%E1%85%B3-p05039396.html,https://static.zara.net/assets/public/6367/8d7d/a5ae439284e0/8a990eb5e6aa/05039396716-p/05039396716-p.jpg?ts=1775060207332,"₩45,900",,,260622,다크 브라운,,,,
,false,,ZARA,상의,탑,여성,크롭 텍스처 재킷,https://www.zara.com/kr/ko/%E1%84%8F%E1%85%B3%E1%84%85%E1%85%A9%E1%86%B8-%E1%84%90%E1%85%A6%E1%86%A8%E1%84%89%E1%85%B3%E1%84%8E%E1%85%A5-%E1%84%8C%E1%85%A2%E1%84%8F%E1%85%B5%E1%86%BA-p05039395.html,https://static.zara.net/assets/public/ae7d/1c7e/1cc648438cbd/bdc293dcb641/05039395716-f1/05039395716-f1.jpg?ts=1774971762023,"₩35,900",,,260622,다크 브라운,,,,
,false,,ZARA,바지,슬랙스,여성,텍스처 스트레이트 팬츠,https://www.zara.com/kr/ko/%E1%84%90%E1%85%A6%E1%86%A8%E1%84%89%E1%85%B3%E1%84%8E%E1%85%A5-%E1%84%89%E1%85%B3%E1%84%90%E1%85%B3%E1%84%85%E1%85%A6%E1%84%8B%E1%85%B5%E1%84%90%E1%85%B3-%E1%84%91%E1%85%A2%E1%86%AB%E1%84%8E%E1%85%B3-p05039396.html,https://static.zara.net/assets/public/3b84/31c7/d56147f3af49/b5f7f4cb395f/05039396716-f1/05039396716-f1.jpg?ts=1775026511279,"₩45,900",,,260622,다크 브라운,,,,
,false,,ZARA,기타,WAISTCOAT,여성,깅엄 체크 홀터넥 탑,https://www.zara.com/kr/ko/%E1%84%80%E1%85%B5%E1%86%BC%E1%84%8B%E1%85%A5%E1%86%B7-%E1%84%8E%E1%85%A6%E1%84%8F%E1%85%B3-%E1%84%92%E1%85%A9%E1%86%AF%E1%84%90%E1%85%A5%E1%84%82%E1%85%A6%E1%86%A8-%E1%84%90%E1%85%A1%E1%86%B8-p02010700.html,https://static.zara.net/assets/public/9852/4291/49ca4b64a24a/ce6817f0082d/02010700043-p/02010700043-p.jpg?ts=1773408652638,"₩55,900",,,260622,"네이비,화이트",,,,
,false,,ZARA,바지,슬랙스,여성,깅엄체크 플레어 팬츠,https://www.zara.com/kr/ko/%E1%84%80%E1%85%B5%E1%86%BC%E1%84%8B%E1%85%A5%E1%86%B7%E1%84%8E%E1%85%A6%E1%84%8F%E1%85%B3-%E1%84%91%E1%85%B3%E1%86%AF%E1%84%85%E1%85%A6%E1%84%8B%E1%85%A5-%E1%84%91%E1%85%A2%E1%86%AB%E1%84%8E%E1%85%B3-p03152437.html,https://static.zara.net/assets/public/c419/7509/10d14f38a926/d4afeac61608/03152437043-p/03152437043-p.jpg?ts=1773408652612,"₩55,900",,,260622,"네이비,화이트",,,,
,false,,ZARA,기타,WAISTCOAT,여성,더블 브레스트 스트라이프 베스트,https://www.zara.com/kr/ko/%E1%84%89%E1%85%B3%E1%84%90%E1%85%B3%E1%84%85%E1%85%A1%E1%84%8B%E1%85%B5%E1%84%91%E1%85%B3-%E1%84%83%E1%85%A5%E1%84%87%E1%85%B3%E1%86%AF-%E1%84%87%E1%85%B3%E1%84%85%E1%85%A6%E1%84%89%E1%85%B3%E1%84%90%E1%85%B3-%E1%84%87%E1%85%A6%E1%84%89%E1%85%B3%E1%84%90%E1%85%B3-p02010731.html,https://static.zara.net/assets/public/5c50/e2da/37b04f319227/49bdec507645/02010731485-p/02010731485-p.jpg?ts=1771936987331,"₩55,900",,,260622,"블루,그레이",,,,
,false,,ZARA,바지,슬랙스,여성,핀스트라이프 플레어 팬츠,https://www.zara.com/kr/ko/%E1%84%91%E1%85%B5%E1%86%AB%E1%84%89%E1%85%B3%E1%84%90%E1%85%B3%E1%84%85%E1%85%A1%E1%84%8B%E1%85%B5%E1%84%91%E1%85%B3-%E1%84%91%E1%85%B3%E1%86%AF%E1%84%85%E1%85%A6%E1%84%8B%E1%85%A5-%E1%84%91%E1%85%A2%E1%86%AB%E1%84%8E%E1%85%B3-p02180414.html,https://static.zara.net/assets/public/434f/1fd1/75ef4d9293fc/f674dfc92b95/02180414485-p/02180414485-p.jpg?ts=1771936987699,"₩59,900",,,260622,"블루,그레이",,,,
,false,,ZARA,상의,탑,여성,인터록 언밸런스 케이프,https://www.zara.com/kr/ko/%E1%84%8B%E1%85%B5%E1%86%AB%E1%84%90%E1%85%A5%E1%84%85%E1%85%A9%E1%86%A8-%E1%84%8B%E1%85%A5%E1%86%AB%E1%84%87%E1%85%A2%E1%86%AF%E1%84%85%E1%85%A5%E1%86%AB%E1%84%89%E1%85%B3-%E1%84%8F%E1%85%A6%E1%84%8B%E1%85%B5%E1%84%91%E1%85%B3-p02335172.html,https://static.zara.net/assets/public/6943/4575/e7a545c49fe2/5444cb51367e/02335172712-p/02335172712-p.jpg?ts=1769767904012,"₩49,900",,,260622,크림,,,,
,false,,ZARA,바지,슬랙스,여성,인터록 스트레이트 팬츠,https://www.zara.com/kr/ko/%E1%84%8B%E1%85%B5%E1%86%AB%E1%84%90%E1%85%A5%E1%84%85%E1%85%A9%E1%86%A8-%E1%84%89%E1%85%B3%E1%84%90%E1%85%B3%E1%84%85%E1%85%A6%E1%84%8B%E1%85%B5%E1%84%90%E1%85%B3-%E1%84%91%E1%85%A2%E1%86%AB%E1%84%8E%E1%85%B3-p02335171.html,https://static.zara.net/assets/public/bea3/064f/778548f886e6/49a5ce5f5f7b/02335171712-f1/02335171712-f1.jpg?ts=1769615829267,"₩49,900",,,260622,크림,,,,
,false,,ZARA,상의,탑,여성,포인텔 니트 탑,https://www.zara.com/kr/ko/%E1%84%91%E1%85%A9%E1%84%8B%E1%85%B5%E1%86%AB%E1%84%90%E1%85%A6%E1%86%AF-%E1%84%82%E1%85%B5%E1%84%90%E1%85%B3-%E1%84%90%E1%85%A2%E1%86%BC%E1%84%8F%E1%85%B3-%E1%84%90%E1%85%A1%E1%86%B8-p06771029.html,https://static.zara.net/assets/public/72e4/9574/e1d845c9855f/71bf4d8a237f/06771029707-p/06771029707-p.jpg?ts=1778847922051,"₩39,900",,,260622,샌드,,,,
,false,,ZARA,바지,반바지,여성,포인텔 니트 쇼츠,https://www.zara.com/kr/ko/%E1%84%91%E1%85%A9%E1%84%8B%E1%85%B5%E1%86%AB%E1%84%90%E1%85%A6%E1%86%AF-%E1%84%82%E1%85%B5%E1%84%90%E1%85%B3-%E1%84%89%E1%85%AD%E1%84%8E%E1%85%B3-p06771027.html,https://static.zara.net/assets/public/16f4/c6da/cb3d4438a3c9/c0060f3ce669/06771027707-p/06771027707-p.jpg?ts=1778847920013,"₩39,900",,,260622,샌드,,,,
,false,,ZARA,기타,WIND-JACKET,여성,골드 버튼 재킷,https://www.zara.com/kr/ko/%E1%84%80%E1%85%A9%E1%86%AF%E1%84%83%E1%85%B3-%E1%84%87%E1%85%A5%E1%84%90%E1%85%B3%E1%86%AB-%E1%84%8C%E1%85%A2%E1%84%8F%E1%85%B5%E1%86%BA-p08784860.html,https://static.zara.net/assets/public/84a2/bd74/dac94d42b19d/568d021fa177/08784860250-p/08784860250-p.jpg?ts=1779983412788,"₩59,900",,,260622,화이트,,,,
,false,,ZARA,바지,슬랙스,여성,골드 버튼 큐롯 팬츠,https://www.zara.com/kr/ko/%E1%84%80%E1%85%A9%E1%86%AF%E1%84%83%E1%85%B3-%E1%84%87%E1%85%A5%E1%84%90%E1%85%B3%E1%86%AB-%E1%84%8F%E1%85%B2%E1%84%85%E1%85%A9%E1%86%BA-%E1%84%91%E1%85%A2%E1%86%AB%E1%84%8E%E1%85%B3-p08785860.html,https://static.zara.net/assets/public/2aec/61aa/77e044ed9856/bc398db5342d/08785860250-f1/08785860250-f1.jpg?ts=1780059828928,"₩59,900",,,260622,화이트,,,,
,false,,ZARA,상의,셔츠/블라우스,여성,ZW 컬렉션 린넨 포켓 셔츠,https://www.zara.com/kr/ko/zw-%E1%84%8F%E1%85%A5%E1%86%AF%E1%84%85%E1%85%A6%E1%86%A8%E1%84%89%E1%85%A7%E1%86%AB-100-%E1%84%85%E1%85%B5%E1%86%AB%E1%84%82%E1%85%A6%E1%86%AB-%E1%84%91%E1%85%A9%E1%84%8F%E1%85%A6%E1%86%BA-%E1%84%89%E1%85%A7%E1%84%8E%E1%85%B3-p05344010.html,https://static.zara.net/assets/public/0b77/d21b/1dc644aaac82/ffc14f381a0f/05344010619-f1/05344010619-f1.jpg?ts=1773995304878,"₩79,900",,,260622,라이트 제비꽃,,,,
,false,,ZARA,바지,슬랙스,여성,ZW 컬렉션 린넨 배럴 팬츠,https://www.zara.com/kr/ko/100-%E1%84%85%E1%85%B5%E1%86%AB%E1%84%82%E1%85%A6%E1%86%AB-%E1%84%87%E1%85%A2%E1%84%85%E1%85%A5%E1%86%AF-%E1%84%91%E1%85%A2%E1%86%AB%E1%84%8E%E1%85%B3-zw-%E1%84%8F%E1%85%A5%E1%86%AF%E1%84%85%E1%85%A6%E1%86%A8%E1%84%89%E1%85%A7%E1%86%AB-p04344045.html,https://static.zara.net/assets/public/5285/e1ea/025248d08224/d8af274b6227/04344045619-f1/04344045619-f1.jpg?ts=1773995339310,"₩89,900",,,260622,라이트 제비꽃,,,,
,false,,ZARA,아우터,블레이저,여성,숄더 패드 레이스 콤비 블레이저,https://www.zara.com/kr/ko/%E1%84%85%E1%85%A6%E1%84%8B%E1%85%B5%E1%84%89%E1%85%B3-%E1%84%89%E1%85%AD%E1%86%AF%E1%84%83%E1%85%A5%E1%84%91%E1%85%A2%E1%84%83%E1%85%B3-%E1%84%8F%E1%85%A9%E1%86%B7%E1%84%87%E1%85%B5-%E1%84%87%E1%85%B3%E1%86%AF%E1%84%85%E1%85%A6%E1%84%8B%E1%85%B5%E1%84%8C%E1%85%A5-p02193666.html,https://static.zara.net/assets/public/06cf/0abc/f233452e8ef2/96d0f5513d5d/02193593251-f1/02193593251-f1.jpg?ts=1777021328538,"₩89,900",,,260622,스크래치 화이트,,,,
,false,,ZARA,바지,버뮤다 팬츠,여성,레이스 콤비 버뮤다 팬츠,https://www.zara.com/kr/ko/%E1%84%85%E1%85%A6%E1%84%8B%E1%85%B5%E1%84%89%E1%85%B3-%E1%84%8F%E1%85%A9%E1%86%B7%E1%84%87%E1%85%B5-%E1%84%87%E1%85%A5%E1%84%86%E1%85%B2%E1%84%83%E1%85%A1-%E1%84%91%E1%85%A2%E1%86%AB%E1%84%8E%E1%85%B3-p02708593.html,https://static.zara.net/assets/public/a984/e89e/a27b423c8dae/adb7c372a50f/02708593251-f1/02708593251-f1.jpg?ts=1777024379813,"₩55,900",,,260622,스크래치 화이트,,,,
,false,,ZARA,아우터,블레이저,여성,숄더 패드 레이스 콤비 블레이저,https://www.zara.com/kr/ko/%E1%84%85%E1%85%A6%E1%84%8B%E1%85%B5%E1%84%89%E1%85%B3-%E1%84%89%E1%85%AD%E1%86%AF%E1%84%83%E1%85%A5%E1%84%91%E1%85%A2%E1%84%83%E1%85%B3-%E1%84%8F%E1%85%A9%E1%86%B7%E1%84%87%E1%85%B5-%E1%84%87%E1%85%B3%E1%86%AF%E1%84%85%E1%85%A6%E1%84%8B%E1%85%B5%E1%84%8C%E1%85%A5-p02193666.html,https://static.zara.net/assets/public/f4ac/8186/d6ae43f4ab8e/e8f4ecffcdf2/02193593251-p/02193593251-p.jpg?ts=1777019740685,"₩89,900",,,260622,스크래치 화이트,,,,
,false,,ZARA,바지,버뮤다 팬츠,여성,레이스 콤비 버뮤다 팬츠,https://www.zara.com/kr/ko/%E1%84%85%E1%85%A6%E1%84%8B%E1%85%B5%E1%84%89%E1%85%B3-%E1%84%8F%E1%85%A9%E1%86%B7%E1%84%87%E1%85%B5-%E1%84%87%E1%85%A5%E1%84%86%E1%85%B2%E1%84%83%E1%85%A1-%E1%84%91%E1%85%A2%E1%86%AB%E1%84%8E%E1%85%B3-p02708593.html,https://static.zara.net/assets/public/5cd6/93af/fba546699923/305aa7a6ef32/02708593251-p/02708593251-p.jpg?ts=1777019778016,"₩55,900",,,260622,스크래치 화이트,,,,
,false,,ZARA,아우터,블레이저,여성,레이스 콤비 크롭 블레이저,https://www.zara.com/kr/ko/%E1%84%85%E1%85%A6%E1%84%8B%E1%85%B5%E1%84%89%E1%85%B3-%E1%84%8F%E1%85%A9%E1%86%B7%E1%84%87%E1%85%B5-%E1%84%8F%E1%85%B3%E1%84%85%E1%85%A9%E1%86%B8-%E1%84%87%E1%85%B3%E1%86%AF%E1%84%85%E1%85%A6%E1%84%8B%E1%85%B5%E1%84%8C%E1%85%A5-p07775471.html,https://static.zara.net/assets/public/55a8/02aa/651145e79ecc/65e6c9029124/07775471300-e1/07775471300-e1.jpg?ts=1778152983953,"₩89,900",,,260622,노랑,,,,
,false,,ZARA,바지,버뮤다 팬츠,여성,레이스 콤비 스커트 팬츠,https://www.zara.com/kr/ko/%E1%84%85%E1%85%A6%E1%84%8B%E1%85%B5%E1%84%89%E1%85%B3-%E1%84%8F%E1%85%A9%E1%86%B7%E1%84%87%E1%85%B5-%E1%84%89%E1%85%B3%E1%84%8F%E1%85%A5%E1%84%90%E1%85%B3-%E1%84%91%E1%85%A2%E1%86%AB%E1%84%8E%E1%85%B3-p01165087.html,https://static.zara.net/assets/public/e70e/a768/3dea4644b375/d94b6b9c5f78/07775471300-p/07775471300-p.jpg?ts=1778246073570,"₩55,900",,,260622,노랑,,,,
,false,,ZARA,상의,셔츠/블라우스,여성,ZW 컬렉션 깅엄 체크 셔츠,https://www.zara.com/kr/ko/zw-%E1%84%8F%E1%85%A5%E1%86%AF%E1%84%85%E1%85%A6%E1%86%A8%E1%84%89%E1%85%A7%E1%86%AB-%E1%84%80%E1%85%B5%E1%86%BC%E1%84%8B%E1%85%A5%E1%86%B7-%E1%84%8E%E1%85%A6%E1%84%8F%E1%85%B3-%E1%84%89%E1%85%A7%E1%84%8E%E1%85%B3-p04333008.html,https://static.zara.net/assets/public/a752/54c7/eb4243239e1e/c42ca689ca03/04333008060-f1/04333008060-f1.jpg?ts=1779378197551,"₩59,900",,,260622,"화이트,네이비",,,,
,false,,ZARA,바지,버뮤다 팬츠,여성,ZW 컬렉션 깅엄 체크 쇼츠,https://www.zara.com/kr/ko/zw-%E1%84%8F%E1%85%A5%E1%86%AF%E1%84%85%E1%85%A6%E1%86%A8%E1%84%89%E1%85%A7%E1%86%AB-%E1%84%80%E1%85%B5%E1%86%BC%E1%84%8B%E1%85%A5%E1%86%B7-%E1%84%8E%E1%85%A6%E1%84%8F%E1%85%B3-%E1%84%89%E1%85%AD%E1%84%8E%E1%85%B3-p04333052.html,https://static.zara.net/assets/public/8304/9f1f/47b0499da3cf/a73a99f5f94e/04333052060-f1/04333052060-f1.jpg?ts=1779378496308,"₩59,900",,,260622,"화이트,네이비",,,,
,false,,ZARA,아우터,블레이저,여성,ZW 컬렉션 린넨 하운드투스 블레이저,https://www.zara.com/kr/ko/zw-%E1%84%8F%E1%85%A5%E1%86%AF%E1%84%85%E1%85%A6%E1%86%A8%E1%84%89%E1%85%A7%E1%86%AB-%E1%84%85%E1%85%B5%E1%86%AB%E1%84%82%E1%85%A6%E1%86%AB-%E1%84%92%E1%85%A1%E1%84%8B%E1%85%AE%E1%86%AB%E1%84%83%E1%85%B3%E1%84%90%E1%85%AE%E1%84%89%E1%85%B3-%E1%84%87%E1%85%B3%E1%86%AF%E1%84%85%E1%85%A6%E1%84%8B%E1%85%B5%E1%84%8C%E1%85%A5-p02704033.html,https://static.zara.net/assets/public/94c0/8c17/d52845a59429/e105a1e18b7c/02704033044-p/02704033044-p.jpg?ts=1775723669704,"₩129,900",,,260622,"블루 ,화이트",,,,
,false,,ZARA,바지,슬랙스,여성,하운드 투스 파레오 팬츠 ZW 컬렉션,https://www.zara.com/kr/ko/%E1%84%92%E1%85%A1%E1%84%8B%E1%85%AE%E1%86%AB%E1%84%83%E1%85%B3-%E1%84%90%E1%85%AE%E1%84%89%E1%85%B3-%E1%84%91%E1%85%A1%E1%84%85%E1%85%A6%E1%84%8B%E1%85%A9-%E1%84%91%E1%85%A2%E1%86%AB%E1%84%8E%E1%85%B3-zw-%E1%84%8F%E1%85%A5%E1%86%AF%E1%84%85%E1%85%A6%E1%86%A8%E1%84%89%E1%85%A7%E1%86%AB-p01904033.html,https://static.zara.net/assets/public/1a11/dc63/f5ea40a7a6cd/e5a731be11f5/01904033044-p/01904033044-p.jpg?ts=1775723707672,"₩99,900",,,260622,"블루 ,화이트",,,,
,false,,ZARA,기타,SWEATSHIRT,여성,지퍼 패치 스웨트셔츠,https://www.zara.com/kr/ko/%E1%84%8C%E1%85%B5%E1%84%91%E1%85%A5-%E1%84%91%E1%85%A2%E1%84%8E%E1%85%B5-%E1%84%89%E1%85%B3%E1%84%8B%E1%85%B0%E1%84%90%E1%85%B3%E1%84%89%E1%85%A7%E1%84%8E%E1%85%B3-p05644200.html,https://static.zara.net/assets/public/c8fe/52c4/95f34659bdde/28090a98479e/05644200700-p/05644200700-p.jpg?ts=1768218227530,"₩57,900",,,260622,브라운,,,,
,false,,ZARA,바지,슬랙스,여성,패치 플러시 팬츠,https://www.zara.com/kr/ko/%E1%84%91%E1%85%A2%E1%84%8E%E1%85%B5-%E1%84%91%E1%85%B3%E1%86%AF%E1%84%85%E1%85%A5%E1%84%89%E1%85%B5-%E1%84%91%E1%85%A2%E1%86%AB%E1%84%8E%E1%85%B3-p05644201.html,https://static.zara.net/assets/public/85cb/5976/13ea4e059fb1/bbf22c3f3867/05644201700-p/05644201700-p.jpg?ts=1768218231139,"₩55,900",,,260622,브라운,,,,
,false,,ZARA,상의,티셔츠,여성,래글런 롱 슬리브 티셔츠,https://www.zara.com/kr/ko/%E1%84%85%E1%85%A2%E1%84%80%E1%85%B3%E1%86%AF%E1%84%85%E1%85%A5%E1%86%AB-%E1%84%85%E1%85%A9%E1%86%BC-%E1%84%89%E1%85%B3%E1%86%AF%E1%84%85%E1%85%B5%E1%84%87%E1%85%B3-%E1%84%90%E1%85%B5%E1%84%89%E1%85%A7%E1%84%8E%E1%85%B3-p00858152.html,https://static.zara.net/assets/public/77cd/da11/ae8d4324a488/503fdbfd85ad/00858152800-f1/00858152800-f1.jpg?ts=1778147623089,"₩39,900",,,260622,블랙,,,,
,false,,ZARA,바지,슬랙스,여성,코튼 스트링 버뮤다 팬츠,https://www.zara.com/kr/ko/%E1%84%89%E1%85%B3%E1%84%90%E1%85%B3%E1%84%85%E1%85%B5%E1%86%BC-%E1%84%8F%E1%85%A9%E1%84%90%E1%85%B3%E1%86%AB-%E1%84%87%E1%85%A5%E1%84%86%E1%85%B2%E1%84%83%E1%85%A1-%E1%84%91%E1%85%A2%E1%86%AB%E1%84%8E%E1%85%B3-p00858133.html,https://static.zara.net/assets/public/7fc5/ccf8/21f541f7aa64/23f4d56ea9a3/00858133800-f1/00858133800-f1.jpg?ts=1778226156446,"₩39,900",,,260622,블랙,,,,
,false,,ZARA,상의,셔츠/블라우스,여성,스트라이프 포플린 크롭 셔츠,https://www.zara.com/kr/ko/%E1%84%89%E1%85%B3%E1%84%90%E1%85%B3%E1%84%85%E1%85%A1%E1%84%8B%E1%85%B5%E1%84%91%E1%85%B3-%E1%84%91%E1%85%A9%E1%84%91%E1%85%B3%E1%86%AF%E1%84%85%E1%85%B5%E1%86%AB-%E1%84%8F%E1%85%B3%E1%84%85%E1%85%A9%E1%86%B8-%E1%84%89%E1%85%A7%E1%84%8E%E1%85%B3-p00975023.html,https://static.zara.net/assets/public/0a1e/fa1f/6e5741fd9489/113aff261dca/00975023047-e1/00975023047-e1.jpg?ts=1779782586006,"₩49,900",,,260622,프린트,,,,
,false,,ZARA,바지,버뮤다 팬츠,여성,스트라이프 포플린 쇼츠,https://www.zara.com/kr/ko/%E1%84%89%E1%85%B3%E1%84%90%E1%85%B3%E1%84%85%E1%85%A1%E1%84%8B%E1%85%B5%E1%84%91%E1%85%B3-%E1%84%91%E1%85%A9%E1%84%91%E1%85%B3%E1%86%AF%E1%84%85%E1%85%B5%E1%86%AB-%E1%84%89%E1%85%AD%E1%84%8E%E1%85%B3-p06929502.html,https://static.zara.net/assets/public/50cd/0eab/04dc459a99a8/2c9ab39d3513/06929502047-e1/06929502047-e1.jpg?ts=1779782587349,"₩45,900",,,260622,프린트,,,,
,false,,ZARA,아우터,블레이저,여성,100% 린넨 스트라이프 블레이저,https://www.zara.com/kr/ko/100-%E1%84%85%E1%85%B5%E1%86%AB%E1%84%82%E1%85%A6%E1%86%AB-%E1%84%89%E1%85%B3%E1%84%90%E1%85%B3%E1%84%85%E1%85%A1%E1%84%8B%E1%85%B5%E1%84%91%E1%85%B3-%E1%84%87%E1%85%B3%E1%86%AF%E1%84%85%E1%85%A6%E1%84%8B%E1%85%B5%E1%84%8C%E1%85%A5-p02775647.html,https://static.zara.net/assets/public/ce10/6ec6/29e146c09eb9/5c5cf319a9eb/02775647178-f1/02775647178-f1.jpg?ts=1777909852762,"₩89,900",,,260622,Brown Stripes,,,,
,false,,ZARA,바지,슬랙스,여성,100% 린넨 스트라이프 팬츠,https://www.zara.com/kr/ko/100-%E1%84%85%E1%85%B5%E1%86%AB%E1%84%82%E1%85%A6%E1%86%AB-%E1%84%89%E1%85%B3%E1%84%90%E1%85%B3%E1%84%85%E1%85%A1%E1%84%8B%E1%85%B5%E1%84%91%E1%85%B3-%E1%84%91%E1%85%A2%E1%86%AB%E1%84%8E%E1%85%B3-p02444647.html,https://static.zara.net/assets/public/8e19/3091/8b324663ad4a/17a40908ef6c/02444647178-f1/02444647178-f1.jpg?ts=1777909854332,"₩79,900",,,260622,Brown Stripes,,,,
,false,,ZARA,기타,SWEATSHIRT,여성,페이크 워싱 스웨트셔츠,https://www.zara.com/kr/ko/%E1%84%91%E1%85%A6%E1%84%8B%E1%85%B5%E1%84%8F%E1%85%B3-%E1%84%8B%E1%85%AF%E1%84%89%E1%85%B5%E1%86%BC-%E1%84%89%E1%85%B3%E1%84%8B%E1%85%B0%E1%84%90%E1%85%B3%E1%84%89%E1%85%A7%E1%84%8E%E1%85%B3-p03253326.html,https://static.zara.net/assets/public/f720/495e/9ea14d16b20a/430ecbb4286d/03253326759-f1/03253326759-f1.jpg?ts=1773849239809,"₩45,900","₩29,900",35,260622,도트,,,,
,false,,ZARA,바지,슬랙스,여성,와이드 워시드 이펙트 팬츠,https://www.zara.com/kr/ko/%E1%84%8B%E1%85%AA%E1%84%8B%E1%85%B5%E1%84%83%E1%85%B3-%E1%84%8B%E1%85%AF%E1%84%89%E1%85%B5%E1%84%83%E1%85%B3-%E1%84%8B%E1%85%B5%E1%84%91%E1%85%A6%E1%86%A8%E1%84%90%E1%85%B3-%E1%84%91%E1%85%A2%E1%86%AB%E1%84%8E%E1%85%B3-p03253327.html,https://static.zara.net/assets/public/5aeb/989e/757b4f41a263/f80842786d01/03253327759-f1/03253327759-f1.jpg?ts=1773849255821,"₩45,900","₩29,900",35,260622,도트,,,,
,false,,ZARA,상의,셔츠/블라우스,여성,ZW 컬렉션 자수 벌룬 탑,https://www.zara.com/kr/ko/zw-%E1%84%8F%E1%85%A5%E1%86%AF%E1%84%85%E1%85%A6%E1%86%A8%E1%84%89%E1%85%A7%E1%86%AB-%E1%84%8C%E1%85%A1%E1%84%89%E1%85%AE-%E1%84%87%E1%85%A5%E1%86%AF%E1%84%85%E1%85%AE%E1%86%AB-%E1%84%90%E1%85%A1%E1%86%B8-p06895087.html,https://static.zara.net/assets/public/ef80/72a1/22c447378607/7ff9dad93389/06895087251-p/06895087251-p.jpg?ts=1778586943063,"₩79,900",,,260622,스크래치 화이트,,,,
,false,,ZARA,바지,버뮤다 팬츠,여성,ZW 컬렉션 자수 쇼츠,https://www.zara.com/kr/ko/zw-%E1%84%8F%E1%85%A5%E1%86%AF%E1%84%85%E1%85%A6%E1%86%A8%E1%84%89%E1%85%A7%E1%86%AB-%E1%84%8C%E1%85%A1%E1%84%89%E1%85%AE-%E1%84%89%E1%85%AD%E1%84%8E%E1%85%B3-p06895090.html,https://static.zara.net/assets/public/64f5/8655/845d4b179e23/fbb1006dbe57/06895090251-p/06895090251-p.jpg?ts=1778586948980,"₩109,900",,,260622,스크래치 화이트,,,,
,false,,ZARA,상의,탑,여성,부클 콤비 탑,https://www.zara.com/kr/ko/%E1%84%87%E1%85%AE%E1%84%8F%E1%85%B3%E1%86%AF-%E1%84%8F%E1%85%A9%E1%86%B7%E1%84%87%E1%85%B5-%E1%84%90%E1%85%A1%E1%86%B8-p02298153.html,https://static.zara.net/assets/public/c97b/91b8/61cd4be585df/d469689d6309/02298153093-p/02298153093-p.jpg?ts=1769086102115,"₩49,900",,,260622,"블랙,크림",,,,
,false,,ZARA,바지,슬랙스,여성,부클 메탈릭 얀 팬츠,https://www.zara.com/kr/ko/%E1%84%87%E1%85%AE%E1%84%8F%E1%85%B3%E1%86%AF-%E1%84%86%E1%85%A6%E1%84%90%E1%85%A1%E1%86%AF%E1%84%85%E1%85%B5%E1%86%A8-%E1%84%8B%E1%85%A3%E1%86%AB-%E1%84%91%E1%85%A2%E1%86%AB%E1%84%8E%E1%85%B3-p02298460.html,https://static.zara.net/assets/public/29ec/bfc5/57b147078afb/97ab4ae2b993/02298460093-p/02298460093-p.jpg?ts=1769086114874,"₩55,900",,,260622,"블랙,크림",,,,
,false,,ZARA,상의,탑,여성,플록 튤 홀터넥 탑,https://www.zara.com/kr/ko/%E1%84%91%E1%85%B3%E1%86%AF%E1%84%85%E1%85%A9%E1%86%A8-%E1%84%90%E1%85%B2%E1%86%AF-%E1%84%92%E1%85%A9%E1%86%AF%E1%84%90%E1%85%A5%E1%84%82%E1%85%A6%E1%86%A8-%E1%84%90%E1%85%A1%E1%86%B8-p00085322.html,https://static.zara.net/assets/public/e17f/aa1c/f01941eb9a80/381b0f1111b6/00085322645-f1/00085322645-f1.jpg?ts=1777541029022,"₩39,900",,,260622,미디움 로즈,,,,
,false,,ZARA,치마,스커트,여성,플록 튤 언밸런스 미디 스커트,https://www.zara.com/kr/ko/%E1%84%91%E1%85%B3%E1%86%AF%E1%84%85%E1%85%A9%E1%86%A8-%E1%84%90%E1%85%B2%E1%86%AF-%E1%84%8B%E1%85%A5%E1%86%AB%E1%84%87%E1%85%A2%E1%86%AF%E1%84%85%E1%85%A5%E1%86%AB%E1%84%89%E1%85%B3-%E1%84%86%E1%85%B5%E1%84%83%E1%85%B5-%E1%84%89%E1%85%B3%E1%84%8F%E1%85%A5%E1%84%90%E1%85%B3-p00085324.html,https://static.zara.net/assets/public/3b2c/e22c/1b4047f9a162/b6db6a14b2df/00085324645-f1/00085324645-f1.jpg?ts=1777541023976,"₩45,900",,,260622,미디움 로즈,,,,
,false,,ZARA,아우터,블레이저,여성,레이스 크롭 블레이저,https://www.zara.com/kr/ko/%E1%84%85%E1%85%A6%E1%84%8B%E1%85%B5%E1%84%89%E1%85%B3-%E1%84%89%E1%85%AD%E1%86%AF%E1%84%83%E1%85%A5%E1%84%91%E1%85%A2%E1%84%83%E1%85%B3-%E1%84%8F%E1%85%A9%E1%86%B7%E1%84%87%E1%85%B5-%E1%84%87%E1%85%B3%E1%86%AF%E1%84%85%E1%85%A6%E1%84%8B%E1%85%B5%E1%84%8C%E1%85%A5-p02193666.html,https://static.zara.net/assets/public/4e81/e280/ee3d48bea6cf/d92305107b07/02193666800-p/02193666800-p.jpg?ts=1769618076241,"₩89,900",,,260622,블랙,,,,
,false,,ZARA,바지,버뮤다 팬츠,여성,레이스 쇼츠,https://www.zara.com/kr/ko/%E1%84%85%E1%85%A6%E1%84%8B%E1%85%B5%E1%84%89%E1%85%B3-%E1%84%89%E1%85%AD%E1%84%8E%E1%85%B3-p02194827.html,https://static.zara.net/assets/public/5dad/c181/8a144eaa8422/15aa39c9563e/02194827800-p/02194827800-p.jpg?ts=1769618073889,"₩55,900",,,260622,블랙,,,,
,false,,ZARA,상의,티셔츠,여성,워싱 페이크 레이스 크롭 탑,https://www.zara.com/kr/ko/%E1%84%8B%E1%85%AF%E1%84%89%E1%85%B5%E1%86%BC-%E1%84%85%E1%85%A6%E1%84%8B%E1%85%B5%E1%84%89%E1%85%B3-%E1%84%8F%E1%85%B3%E1%84%85%E1%85%A9%E1%86%B8-%E1%84%90%E1%85%A1%E1%86%B8-p05063360.html,https://static.zara.net/assets/public/3ac4/18ff/4f6640ab8482/19353d53f482/05063360700-f1/05063360700-f1.jpg?ts=1775545473316,"₩45,900",,,260622,브라운,,,,
,false,,ZARA,바지,슬랙스,여성,페이크 워싱 레이스 쇼츠,https://www.zara.com/kr/ko/%E1%84%91%E1%85%A6%E1%84%8B%E1%85%B5%E1%84%8F%E1%85%B3-%E1%84%8B%E1%85%AF%E1%84%89%E1%85%B5%E1%86%BC-%E1%84%85%E1%85%A6%E1%84%8B%E1%85%B5%E1%84%89%E1%85%B3-%E1%84%89%E1%85%AD%E1%84%8E%E1%85%B3-p05063361.html,https://static.zara.net/assets/public/3ccc/f8c4/e23849c0a1c0/6b639866fa35/05063361700-f1/05063361700-f1.jpg?ts=1775546375686,"₩45,900",,,260622,브라운,,,,
,false,,ZARA,상의,니트,여성,언밸런스 니트 탑,https://www.zara.com/kr/ko/%E1%84%8B%E1%85%A5%E1%86%AB%E1%84%87%E1%85%A2%E1%86%AF%E1%84%85%E1%85%A5%E1%86%AB%E1%84%89%E1%85%B3-%E1%84%82%E1%85%B5%E1%84%90%E1%85%B3-%E1%84%90%E1%85%A1%E1%86%B8-p02756032.html,https://static.zara.net/assets/public/ba35/da42/ac41480bba04/ee55e2cdd3ee/02756032711-p/02756032711-p.jpg?ts=1775748337104,"₩49,900",,,260622,샌드,,,,
,false,,ZARA,치마,스커트,여성,니트 미디 스커트,https://www.zara.com/kr/ko/%E1%84%82%E1%85%B5%E1%84%90%E1%85%B3-%E1%84%86%E1%85%B5%E1%84%83%E1%85%B5-%E1%84%89%E1%85%B3%E1%84%8F%E1%85%A5%E1%84%90%E1%85%B3-p02756033.html,https://static.zara.net/assets/public/d56d/9382/a4734efd951d/933d19b53c89/02756033711-p/02756033711-p.jpg?ts=1775748337973,"₩57,900",,,260622,샌드,,,,
,false,,ZARA,바지,레깅스,여성,플레어 스티치 레깅스,https://www.zara.com/kr/ko/%E1%84%91%E1%85%B3%E1%86%AF%E1%84%85%E1%85%A6%E1%84%8B%E1%85%A5-%E1%84%89%E1%85%B3%E1%84%90%E1%85%B5%E1%84%8E%E1%85%B5-%E1%84%85%E1%85%A6%E1%84%80%E1%85%B5%E1%86%BC%E1%84%89%E1%85%B3-p05039281.html,https://static.zara.net/assets/public/0e82/3c96/d60640919421/2707c62df462/05039281800-p/05039281800-p.jpg?ts=1777549868364,"₩49,900",,,260622,블랙,,,,
,false,,ZARA,아우터,블레이저,여성,배색 파이핑 쇼트 슬리브 블레이저,https://www.zara.com/kr/ko/%E1%84%8F%E1%85%A9%E1%86%AB%E1%84%90%E1%85%B3%E1%84%85%E1%85%A1%E1%84%89%E1%85%B3%E1%84%90%E1%85%B3-%E1%84%91%E1%85%A1%E1%84%8B%E1%85%B5%E1%84%91%E1%85%B5%E1%86%BC-%E1%84%89%E1%85%AD%E1%84%90%E1%85%B3-%E1%84%89%E1%85%B3%E1%86%AF%E1%84%85%E1%85%B5%E1%84%87%E1%85%B3-%E1%84%87%E1%85%B3%E1%86%AF%E1%84%85%E1%85%A6%E1%84%8B%E1%85%B5%E1%84%8C%E1%85%A5-p02853998.html,https://static.zara.net/assets/public/2c18/603c/81f240e8842d/a8832b22c5e7/02853709401-f1/02853709401-f1.jpg?ts=1777547341255,"₩89,900",,,260622,네이비,,,,
,false,,ZARA,바지,슬랙스,여성,콘트라스트 웨이스트 린넨 스트레이트 팬츠,https://www.zara.com/kr/ko/%E1%84%8F%E1%85%A9%E1%86%AB%E1%84%90%E1%85%B3%E1%84%85%E1%85%A1%E1%84%89%E1%85%B3%E1%84%90%E1%85%B3-%E1%84%8B%E1%85%B0%E1%84%8B%E1%85%B5%E1%84%89%E1%85%B3%E1%84%90%E1%85%B3-%E1%84%85%E1%85%B5%E1%86%AB%E1%84%82%E1%85%A6%E1%86%AB-%E1%84%89%E1%85%B3%E1%84%90%E1%85%B3%E1%84%85%E1%85%A6%E1%84%8B%E1%85%B5%E1%84%90%E1%85%B3-%E1%84%91%E1%85%A2%E1%86%AB%E1%84%8E%E1%85%B3-p02852998.html,https://static.zara.net/assets/public/ae1f/c133/5a2b456c9341/20872663925c/02852709401-p/02852709401-p.jpg?ts=1777563296653,"₩59,900",,,260622,네이비,,,,
,false,,ZARA,기타,WAISTCOAT,여성,버튼 홀터넥 탑,https://www.zara.com/kr/ko/%E1%84%87%E1%85%A5%E1%84%90%E1%85%B3%E1%86%AB-%E1%84%92%E1%85%A9%E1%86%AF%E1%84%90%E1%85%A5%E1%84%82%E1%85%A6%E1%86%A8-%E1%84%90%E1%85%A1%E1%86%B8-p02010743.html,https://static.zara.net/assets/public/3f3a/fc12/4e8c4f3f922f/21340fd680d9/02010743712-f1/02010743712-f1.jpg?ts=1776236396967,"₩55,900",,,260622,크림,,,,
,false,,ZARA,바지,버뮤다 팬츠,여성,미니 쇼츠,https://www.zara.com/kr/ko/%E1%84%86%E1%85%B5%E1%84%82%E1%85%B5-%E1%84%89%E1%85%AD%E1%84%8E%E1%85%B3-p04661421.html,https://static.zara.net/assets/public/9f09/6ffe/22e247daac48/246df4da25f8/04661421712-f1/04661421712-f1.jpg?ts=1776236483081,"₩45,900",,,260622,크림,,,,
,false,,ZARA,기타,WAISTCOAT,여성,페이크 광택 베스트,https://www.zara.com/kr/ko/%E1%84%91%E1%85%A6%E1%84%8B%E1%85%B5%E1%84%8F%E1%85%B3-%E1%84%80%E1%85%AA%E1%86%BC%E1%84%90%E1%85%A2%E1%86%A8-%E1%84%87%E1%85%A6%E1%84%89%E1%85%B3%E1%84%90%E1%85%B3-p02878556.html,https://static.zara.net/assets/public/e955/4839/0e3349a287b7/e1659d79c6a4/02878556700-f1/02878556700-f1.jpg?ts=1777996089321,"₩59,900",,,260622,브라운,,,,
,false,,ZARA,바지,슬랙스,여성,광택 페이크 와이드 팬츠,https://www.zara.com/kr/ko/%E1%84%91%E1%85%A6%E1%84%8B%E1%85%B5%E1%84%8F%E1%85%B3-%E1%84%80%E1%85%AA%E1%86%BC%E1%84%90%E1%85%A2%E1%86%A8-%E1%84%89%E1%85%B3%E1%84%90%E1%85%B3%E1%84%85%E1%85%A6%E1%84%8B%E1%85%B5%E1%84%90%E1%85%B3-%E1%84%91%E1%85%A2%E1%86%AB%E1%84%8E%E1%85%B3-p02879556.html,https://static.zara.net/assets/public/3d47/01b5/3bbe43699387/8a9d0d2d801f/02879556700-f1/02879556700-f1.jpg?ts=1777996086262,"₩59,900",,,260622,브라운,,,,
,false,,ZARA,기타,WAISTCOAT,여성,페이크 광택 베스트,https://www.zara.com/kr/ko/%E1%84%91%E1%85%A6%E1%84%8B%E1%85%B5%E1%84%8F%E1%85%B3-%E1%84%80%E1%85%AA%E1%86%BC%E1%84%90%E1%85%A2%E1%86%A8-%E1%84%87%E1%85%A6%E1%84%89%E1%85%B3%E1%84%90%E1%85%B3-p02878556.html,https://static.zara.net/assets/public/4383/2962/cc874e229e07/8c7fae318bd1/02878556700-p/02878556700-p.jpg?ts=1780050881177,"₩59,900",,,260622,브라운,,,,
,false,,ZARA,바지,슬랙스,여성,광택 페이크 와이드 팬츠,https://www.zara.com/kr/ko/%E1%84%91%E1%85%A6%E1%84%8B%E1%85%B5%E1%84%8F%E1%85%B3-%E1%84%80%E1%85%AA%E1%86%BC%E1%84%90%E1%85%A2%E1%86%A8-%E1%84%89%E1%85%B3%E1%84%90%E1%85%B3%E1%84%85%E1%85%A6%E1%84%8B%E1%85%B5%E1%84%90%E1%85%B3-%E1%84%91%E1%85%A2%E1%86%AB%E1%84%8E%E1%85%B3-p02879556.html,https://static.zara.net/assets/public/3d47/01b5/3bbe43699387/8a9d0d2d801f/02879556700-f1/02879556700-f1.jpg?ts=1777996086262,"₩59,900",,,260622,브라운,,,,
,false,,ZARA,상의,셔츠/블라우스,여성,린넨 비즈 홀터넥 탑,https://www.zara.com/kr/ko/%E1%84%85%E1%85%B5%E1%86%AB%E1%84%82%E1%85%A6%E1%86%AB-%E1%84%87%E1%85%B5%E1%84%8C%E1%85%B3-%E1%84%92%E1%85%A9%E1%86%AF%E1%84%90%E1%85%A5%E1%84%82%E1%85%A6%E1%86%A8-%E1%84%90%E1%85%A1%E1%86%B8-p07051712.html,https://static.zara.net/assets/public/a670/787b/130c48fca16e/a52e3cdd20ba/07051712705-f1/07051712705-f1.jpg?ts=1780054719811,"₩49,900",,,260622,타바코,,,,
,false,,ZARA,치마,스커트,여성,비즈 린넨 스커트 팬츠,https://www.zara.com/kr/ko/%E1%84%87%E1%85%B5%E1%84%8C%E1%85%B3-%E1%84%85%E1%85%B5%E1%86%AB%E1%84%82%E1%85%A6%E1%86%AB-%E1%84%89%E1%85%B3%E1%84%8F%E1%85%A5%E1%84%90%E1%85%B3-%E1%84%91%E1%85%A2%E1%86%AB%E1%84%8E%E1%85%B3-p02915712.html,https://static.zara.net/assets/public/9bf9/2b96/c40048569899/a775adfff1cb/02915712705-f1/02915712705-f1.jpg?ts=1779969096955,"₩55,900",,,260622,타바코,,,,
,false,,ZARA,바지,버뮤다 팬츠,여성,TRF 로우라이즈 미니 데님 쇼츠,https://www.zara.com/kr/ko/trf-%E1%84%85%E1%85%A9%E1%84%8B%E1%85%AE%E1%84%85%E1%85%A1%E1%84%8B%E1%85%B5%E1%84%8C%E1%85%B3-%E1%84%86%E1%85%B5%E1%84%82%E1%85%B5-%E1%84%83%E1%85%A6%E1%84%82%E1%85%B5%E1%86%B7-%E1%84%89%E1%85%AD%E1%84%8E%E1%85%B3-p00695003.html,https://static.zara.net/assets/public/1595/8e7c/939348af9e0f/0040d65f84d4/00695003400-p/00695003400-p.jpg?ts=1774445650233,"₩55,900",,,260622,블루,,,,
,false,,ZARA,바지,버뮤다 팬츠,여성,자수 플로럴 쇼츠,https://www.zara.com/kr/ko/%E1%84%8C%E1%85%A1%E1%84%89%E1%85%AE-%E1%84%91%E1%85%B3%E1%86%AF%E1%84%85%E1%85%A1%E1%84%8B%E1%85%AF-%E1%84%89%E1%85%AD%E1%84%8E%E1%85%B3-p07200054.html,https://static.zara.net/assets/public/e2ff/4b8d/9d04499cb8a4/9d311c93fd65/07200054712-f1/07200054712-f1.jpg?ts=1778599996402,"₩59,900",,,260622,크림,,,,
,false,,ZARA,바지,슬랙스,여성,콘트라스트 웨이스트 스트레이트 팬츠,https://www.zara.com/kr/ko/%E1%84%8F%E1%85%A9%E1%86%AB%E1%84%90%E1%85%B3%E1%84%85%E1%85%A1%E1%84%89%E1%85%B3%E1%84%90%E1%85%B3-%E1%84%8B%E1%85%B0%E1%84%8B%E1%85%B5%E1%84%89%E1%85%B3%E1%84%90%E1%85%B3-%E1%84%89%E1%85%B3%E1%84%90%E1%85%B3%E1%84%85%E1%85%A6%E1%84%8B%E1%85%B5%E1%84%90%E1%85%B3-%E1%84%91%E1%85%A2%E1%86%AB%E1%84%8E%E1%85%B3-p08316696.html,https://static.zara.net/assets/public/1a65/9b6d/93574c0a81cc/6b4d110dde42/08316696711-p/08316696711-p.jpg?ts=1772641980335,"₩59,900",,,260622,샌드,,,,
,false,,ZARA,상의,셔츠/블라우스,여성,리넨 슬리브리스 탑,https://www.zara.com/kr/ko/%E1%84%85%E1%85%B5%E1%84%82%E1%85%A6%E1%86%AB-%E1%84%89%E1%85%B3%E1%86%AF%E1%84%85%E1%85%B5%E1%84%87%E1%85%B3%E1%84%85%E1%85%B5%E1%84%89%E1%85%B3-%E1%84%90%E1%85%A1%E1%86%B8-p02608775.html,https://static.zara.net/assets/public/433a/1477/55524954a6ca/cc60bfe16ad9/02608775052-f1/02608775052-f1.jpg?ts=1776756131445,"₩49,900",,,260622,라이트 베이지,,,,
,false,,ZARA,치마,스커트,여성,린넨 크로스 미디 스커트,https://www.zara.com/kr/ko/%E1%84%85%E1%85%B5%E1%86%AB%E1%84%82%E1%85%A6%E1%86%AB-%E1%84%8F%E1%85%B3%E1%84%85%E1%85%A9%E1%84%89%E1%85%B3%E1%84%8B%E1%85%A9%E1%84%87%E1%85%A5-%E1%84%86%E1%85%B5%E1%84%83%E1%85%B5-%E1%84%89%E1%85%B3%E1%84%8F%E1%85%A5%E1%84%90%E1%85%B3-p02612775.html,https://static.zara.net/assets/public/f6f9/0496/da7e4ef38078/5611957261e8/02612775052-f1/02612775052-f1.jpg?ts=1776756126549,"₩59,900",,,260622,라이트 베이지,,,,
,false,,ZARA,상의,탑,여성,애니멀 패턴 튤 탑,https://www.zara.com/kr/ko/%E1%84%8B%E1%85%A2%E1%84%82%E1%85%B5%E1%84%86%E1%85%A5%E1%86%AF-%E1%84%91%E1%85%B3%E1%84%85%E1%85%B5%E1%86%AB%E1%84%90%E1%85%B3-%E1%84%90%E1%85%B2%E1%86%AF-%E1%84%90%E1%85%A1%E1%86%B8-p05039405.html,https://static.zara.net/assets/public/2de8/17b1/c52942448fcc/f8bc30401c40/05039405042-p/05039405042-p.jpg?ts=1775476113287,"₩35,900",,,260622,레오파드,,,,
,false,,ZARA,치마,스커트,여성,애니멀 프린트 튤 스커트,https://www.zara.com/kr/ko/%E1%84%8B%E1%85%A2%E1%84%82%E1%85%B5%E1%84%86%E1%85%A5%E1%86%AF-%E1%84%91%E1%85%B3%E1%84%85%E1%85%B5%E1%86%AB%E1%84%90%E1%85%B3-%E1%84%90%E1%85%B2%E1%86%AF-%E1%84%89%E1%85%B3%E1%84%8F%E1%85%A5%E1%84%90%E1%85%B3-p05039408.html,https://static.zara.net/assets/public/2b93/5fda/0b084bec92df/a39a46cf821a/05039408042-p/05039408042-p.jpg?ts=1775476118147,"₩45,900",,,260622,레오파드,,,,
,false,,ZARA,아우터,블레이저,여성,벨트 링클 이펙트 재킷,https://www.zara.com/kr/ko/%E1%84%85%E1%85%B5%E1%86%BC%E1%84%8F%E1%85%B3%E1%86%AF-%E1%84%8B%E1%85%B5%E1%84%91%E1%85%A6%E1%86%A8%E1%84%90%E1%85%B3-%E1%84%87%E1%85%A6%E1%86%AF%E1%84%90%E1%85%B3-%E1%84%8C%E1%85%A2%E1%84%8F%E1%85%B5%E1%86%BA-p08372203.html,https://static.zara.net/assets/public/95a5/76f7/5ac743b3bd48/9b1ec0977b9d/08372203700-f1/08372203700-f1.jpg?ts=1778599992689,"₩59,900",,,260622,브라운,,,,
,false,,ZARA,바지,슬랙스,여성,페이크 링클 팬츠,https://www.zara.com/kr/ko/%E1%84%91%E1%85%A6%E1%84%8B%E1%85%B5%E1%84%8F%E1%85%B3-%E1%84%85%E1%85%B5%E1%86%BC%E1%84%8F%E1%85%B3%E1%86%AF-%E1%84%91%E1%85%A2%E1%86%AB%E1%84%8E%E1%85%B3-p08372103.html,https://static.zara.net/assets/public/c959/d7fb/d7854d548830/ef77fc48eafa/08372103700-f1/08372103700-f1.jpg?ts=1778599988867,"₩49,900",,,260622,브라운,,,,
,false,,ZARA,기타,SWEATSHIRT,여성,언밸런스 플러시 스웨트셔츠,https://www.zara.com/kr/ko/%E1%84%8B%E1%85%A5%E1%86%AB%E1%84%87%E1%85%A2%E1%86%AF%E1%84%85%E1%85%A5%E1%86%AB%E1%84%89%E1%85%B3-%E1%84%91%E1%85%B3%E1%86%AF%E1%84%85%E1%85%A5%E1%84%89%E1%85%B5-%E1%84%89%E1%85%B3%E1%84%8B%E1%85%B0%E1%84%90%E1%85%B3%E1%84%89%E1%85%A7%E1%84%8E%E1%85%B3-p03199151.html,https://static.zara.net/assets/public/f153/212c/3daa418ba42f/1fc559a44273/03199151720-p/03199151720-p.jpg?ts=1768908891141,"₩39,900",,,260622,그레이 베이지,,,,
,false,,ZARA,바지,슬랙스,여성,롤업 웨이스트 팬츠,https://www.zara.com/kr/ko/%E1%84%85%E1%85%A9%E1%86%AF%E1%84%8B%E1%85%A5%E1%86%B8-%E1%84%8B%E1%85%B0%E1%84%8B%E1%85%B5%E1%84%89%E1%85%B3%E1%84%90%E1%85%B3-%E1%84%91%E1%85%A2%E1%86%AB%E1%84%8E%E1%85%B3-p03199152.html,https://static.zara.net/assets/public/cab1/ab59/a14846658a9a/8b689fcd1ea0/03199152720-p/03199152720-p.jpg?ts=1768908890828,"₩45,900",,,260622,그레이 베이지,,,,
,false,,ZARA,상의,탑,여성,스트라이프 니트 탑,https://www.zara.com/kr/ko/%E1%84%89%E1%85%B3%E1%84%90%E1%85%B3%E1%84%85%E1%85%A1%E1%84%8B%E1%85%B5%E1%84%91%E1%85%B3-%E1%84%82%E1%85%B5%E1%84%90%E1%85%B3-%E1%84%90%E1%85%A1%E1%86%B8-p02893056.html,https://static.zara.net/assets/public/7512/5fb9/cb724c4c9e5f/dad494722faf/02893056330-p/02893056330-p.jpg?ts=1777285627379,"₩45,900",,,260622,멀티컬러,,,,
,false,,ZARA,바지,슬랙스,여성,스트라이프 니트 롱 큐롯 팬츠,https://www.zara.com/kr/ko/%E1%84%89%E1%85%B3%E1%84%90%E1%85%B3%E1%84%85%E1%85%A1%E1%84%8B%E1%85%B5%E1%84%91%E1%85%B3-%E1%84%82%E1%85%B5%E1%84%90%E1%85%B3-%E1%84%85%E1%85%A9%E1%86%BC-%E1%84%89%E1%85%B3%E1%84%8F%E1%85%A5%E1%84%90%E1%85%B3-%E1%84%91%E1%85%A2%E1%86%AB%E1%84%8E%E1%85%B3-p02893057.html,https://static.zara.net/assets/public/5dda/75f7/4d5e4b709c17/b1a2f543b54d/02893057330-f1/02893057330-f1.jpg?ts=1778742011249,"₩79,900",,,260622,멀티컬러,,,,
,false,,ZARA,기타,WAISTCOAT,여성,버튼 지퍼 베스트,https://www.zara.com/kr/ko/%E1%84%87%E1%85%A5%E1%84%90%E1%85%B3%E1%86%AB-%E1%84%8C%E1%85%B5%E1%84%91%E1%85%A5-%E1%84%87%E1%85%A6%E1%84%89%E1%85%B3%E1%84%90%E1%85%B3-p04341702.html,https://static.zara.net/assets/public/e372/c2d7/7ef74606bb9c/d67d68d7ee63/04341702505-f1/04341702505-f1.jpg?ts=1780648867851,"₩59,900",,,260622,카키,,,,
,false,,ZARA,바지,버뮤다 팬츠,여성,버튼 미니 쇼츠,https://www.zara.com/kr/ko/%E1%84%87%E1%85%A5%E1%84%90%E1%85%B3%E1%86%AB-%E1%84%86%E1%85%B5%E1%84%82%E1%85%B5-%E1%84%89%E1%85%AD%E1%84%8E%E1%85%B3-p04391503.html,https://static.zara.net/assets/public/da10/b585/c85e46649588/c080074904f2/04391503505-f1/04391503505-f1.jpg?ts=1780648860142,"₩55,900",,,260622,카키,,,,
,false,,ZARA,기타,SWEATSHIRT,여성,긴소매 콤비 스웨트셔츠,https://www.zara.com/kr/ko/%E1%84%80%E1%85%B5%E1%86%AB%E1%84%89%E1%85%A9%E1%84%86%E1%85%A2-%E1%84%8F%E1%85%A9%E1%86%B7%E1%84%87%E1%85%B5-%E1%84%89%E1%85%B3%E1%84%8B%E1%85%B0%E1%84%90%E1%85%B3%E1%84%89%E1%85%A7%E1%84%8E%E1%85%B3-p08417151.html,https://static.zara.net/assets/public/f821/118c/1143437ba3d6/3b92a55690f1/08417151712-p/08417151712-p.jpg?ts=1772715414761,"₩45,900",,,260622,크림,,,,
,false,,ZARA,바지,슬랙스,여성,벌룬 팬츠,https://www.zara.com/kr/ko/%E1%84%87%E1%85%A5%E1%86%AF%E1%84%85%E1%85%AE%E1%86%AB-%E1%84%91%E1%85%A2%E1%86%AB%E1%84%8E%E1%85%B3-p08417152.html,https://static.zara.net/assets/public/2fba/9abd/d6eb4eb287aa/6352a45a79db/08417152712-p/08417152712-p.jpg?ts=1772715452605,"₩49,900",,,260622,크림,,,,
,false,,ZARA,상의,탑,여성,도트 홀터넥 탑,https://www.zara.com/kr/ko/%E1%84%83%E1%85%A9%E1%84%90%E1%85%B3-%E1%84%91%E1%85%A2%E1%84%90%E1%85%A5%E1%86%AB-%E1%84%89%E1%85%B3%E1%84%90%E1%85%B3%E1%84%85%E1%85%A6%E1%84%8E%E1%85%B5-%E1%84%92%E1%85%A9%E1%86%AF%E1%84%90%E1%85%A5%E1%84%82%E1%85%A6%E1%86%A8-%E1%84%90%E1%85%A1%E1%86%B8-p03644324.html,https://static.zara.net/assets/public/fca0/9bca/12124b5da2d1/2b6b7bd68bf7/03644325064-p/03644325064-p.jpg?ts=1778231448160,"₩39,900",,,260622,"화이트,블랙",,,,
,false,,ZARA,바지,슬랙스,여성,도트 스트레치 플레어 팬츠,https://www.zara.com/kr/ko/%E1%84%83%E1%85%A9%E1%84%90%E1%85%B3-%E1%84%89%E1%85%B3%E1%84%90%E1%85%B3%E1%84%85%E1%85%A6%E1%84%8E%E1%85%B5-%E1%84%91%E1%85%B3%E1%86%AF%E1%84%85%E1%85%A6%E1%84%8B%E1%85%A5-%E1%84%91%E1%85%A2%E1%86%AB%E1%84%8E%E1%85%B3-p03644325.html,https://static.zara.net/assets/public/523b/bd0d/ae5c4e7e8ed0/b069ff2f0846/03644325064-f1/03644325064-f1.jpg?ts=1773317879379,"₩45,900",,,260622,"화이트,블랙",,,,
,false,,ZARA,상의,탑,여성,도트 홀터넥 탑,https://www.zara.com/kr/ko/%E1%84%83%E1%85%A9%E1%84%90%E1%85%B3-%E1%84%91%E1%85%A2%E1%84%90%E1%85%A5%E1%86%AB-%E1%84%89%E1%85%B3%E1%84%90%E1%85%B3%E1%84%85%E1%85%A6%E1%84%8E%E1%85%B5-%E1%84%92%E1%85%A9%E1%86%AF%E1%84%90%E1%85%A5%E1%84%82%E1%85%A6%E1%86%A8-%E1%84%90%E1%85%A1%E1%86%B8-p03644324.html,https://static.zara.net/assets/public/fb91/0077/7d744d328da5/f1ae2f8f4c7a/03644324064-p/03644324064-p.jpg?ts=1773920700699,"₩39,900",,,260622,"화이트,블랙",,,,
,false,,ZARA,바지,슬랙스,여성,도트 스트레치 플레어 팬츠,https://www.zara.com/kr/ko/%E1%84%83%E1%85%A9%E1%84%90%E1%85%B3-%E1%84%89%E1%85%B3%E1%84%90%E1%85%B3%E1%84%85%E1%85%A6%E1%84%8E%E1%85%B5-%E1%84%91%E1%85%B3%E1%86%AF%E1%84%85%E1%85%A6%E1%84%8B%E1%85%A5-%E1%84%91%E1%85%A2%E1%86%AB%E1%84%8E%E1%85%B3-p03644325.html,https://static.zara.net/assets/public/bc18/3dea/54874192ae3f/2b6731436c74/03644325064-p/03644325064-p.jpg?ts=1773920701509,"₩45,900",,,260622,"화이트,블랙",,,,
,false,,ZARA,상의,셔츠/블라우스,여성,ZW 컬렉션 도트 홀터넥 탑,https://www.zara.com/kr/ko/zw-%E1%84%8F%E1%85%A5%E1%86%AF%E1%84%85%E1%85%A6%E1%86%A8%E1%84%89%E1%85%A7%E1%86%AB-%E1%84%83%E1%85%A9%E1%84%90%E1%85%B3-%E1%84%92%E1%85%A9%E1%86%AF%E1%84%90%E1%85%A5%E1%84%82%E1%85%A6%E1%86%A8-%E1%84%90%E1%85%A1%E1%86%B8-p02507006.html,https://static.zara.net/assets/public/240e/7a4b/c9d7469aa5d1/b410bedbe173/02507006084-p/02507006084-p.jpg?ts=1780387852856,"₩79,900",,,260622,"블랙,화이트",,,,
,false,,ZARA,바지,슬랙스,여성,ZW 컬렉션 도트 플리츠 팬츠,https://www.zara.com/kr/ko/zw-%E1%84%8F%E1%85%A5%E1%86%AF%E1%84%85%E1%85%A6%E1%86%A8%E1%84%89%E1%85%A7%E1%86%AB-%E1%84%83%E1%85%A9%E1%84%90%E1%85%B3-%E1%84%91%E1%85%B3%E1%86%AF%E1%84%85%E1%85%B5%E1%84%8E%E1%85%B3-%E1%84%91%E1%85%A2%E1%86%AB%E1%84%8E%E1%85%B3-p09479085.html,https://static.zara.net/assets/public/bfca/318e/cf794b5dbb02/d9f97a4406e8/09479085084-p/09479085084-p.jpg?ts=1780387871290,"₩109,900",,,260622,"블랙,화이트",,,,
,false,,ZARA,상의,셔츠/블라우스,여성,린넨 사파리 셔츠,https://www.zara.com/kr/ko/%E1%84%85%E1%85%B5%E1%86%AB%E1%84%82%E1%85%A6%E1%86%AB-%E1%84%89%E1%85%A1%E1%84%91%E1%85%A1%E1%84%85%E1%85%B5-%E1%84%89%E1%85%A7%E1%84%8E%E1%85%B3-p08090757.html,https://static.zara.net/assets/public/759d/4924/c8de484b8868/d4e786fa887f/08090757406-f1/08090757406-f1.jpg?ts=1772624694885,"₩79,900",,,260622,라이트 블루,,,,
,false,,ZARA,바지,슬랙스,여성,플랫 프론트 린넨 와이드 팬츠,https://www.zara.com/kr/ko/%E1%84%85%E1%85%B5%E1%86%AB%E1%84%82%E1%85%A6%E1%86%AB-%E1%84%8B%E1%85%AA%E1%84%8B%E1%85%B5%E1%84%83%E1%85%B3-%E1%84%91%E1%85%B3%E1%86%AF%E1%84%85%E1%85%A2%E1%86%BA-%E1%84%91%E1%85%B3%E1%84%85%E1%85%A9%E1%86%AB%E1%84%90%E1%85%B3-%E1%84%91%E1%85%A2%E1%86%AB%E1%84%8E%E1%85%B3-p07983757.html,https://static.zara.net/assets/public/994c/f250/c3f14007a52f/53c621b03ad1/07983757406-f1/07983757406-f1.jpg?ts=1772624742342,"₩59,900",,,260622,라이트 블루,,,,
,false,,ZARA,아우터,블레이저,여성,ZW 컬렉션 지퍼 봄버 재킷,https://www.zara.com/kr/ko/zw-%E1%84%8F%E1%85%A5%E1%86%AF%E1%84%85%E1%85%A6%E1%86%A8%E1%84%89%E1%85%A7%E1%86%AB-%E1%84%8C%E1%85%B5%E1%84%91%E1%85%A5-%E1%84%87%E1%85%A9%E1%86%B7%E1%84%87%E1%85%A5-%E1%84%8C%E1%85%A2%E1%84%8F%E1%85%B5%E1%86%BA-p02749305.html,https://static.zara.net/assets/public/d0ae/8c27/3a9e440f9028/70fe783b97e4/02749305710-f1/02749305710-f1.jpg?ts=1776950785082,"₩169,900",,,260622,베이지,,,,
,false,,ZARA,바지,슬랙스,여성,ZW 컬렉션 울 혼방 벌룬 팬츠,https://www.zara.com/kr/ko/zw-%E1%84%8F%E1%85%A5%E1%86%AF%E1%84%85%E1%85%A6%E1%86%A8%E1%84%89%E1%85%A7%E1%86%AB-%E1%84%8B%E1%85%AE%E1%86%AF-%E1%84%92%E1%85%A9%E1%86%AB%E1%84%87%E1%85%A1%E1%86%BC-%E1%84%87%E1%85%A5%E1%86%AF%E1%84%85%E1%85%AE%E1%86%AB-%E1%84%91%E1%85%A2%E1%86%AB%E1%84%8E%E1%85%B3-p01944305.html,https://static.zara.net/assets/public/74d8/596c/ce5248318fbb/2444e5eef64a/01944305710-f1/01944305710-f1.jpg?ts=1777013566140,"₩149,900",,,260622,베이지,,,,
,false,,ZARA,기타,WIND-JACKET,여성,100% 스웨이드 재킷,https://www.zara.com/kr/ko/100-%E1%84%89%E1%85%B3%E1%84%8B%E1%85%B0%E1%84%8B%E1%85%B5%E1%84%83%E1%85%B3-%E1%84%8C%E1%85%A2%E1%84%8F%E1%85%B5%E1%86%BA-p03046080.html,https://static.zara.net/assets/public/9d1a/349f/5fef491b911d/d6b51307c278/03046080505-p/03046080505-p.jpg?ts=1773657407980,"₩259,900",,,260622,카키,,,,
,false,,ZARA,치마,스커트,여성,100% 스웨이드 미니 스커트,https://www.zara.com/kr/ko/100-%E1%84%89%E1%85%B3%E1%84%8B%E1%85%B0%E1%84%8B%E1%85%B5%E1%84%83%E1%85%B3-%E1%84%86%E1%85%B5%E1%84%82%E1%85%B5-%E1%84%89%E1%85%B3%E1%84%8F%E1%85%A5%E1%84%90%E1%85%B3-p03046089.html,https://static.zara.net/assets/public/0256/64da/306540bab1a0/3a1cfe790e44/03046089527-p/03046089527-p.jpg?ts=1773657408733,"₩129,900",,,260622,미디움 그린,,,,
,false,,ZARA,상의,티셔츠,여성,러스틱 슬리브리스 탑,https://www.zara.com/kr/ko/%E1%84%85%E1%85%A5%E1%84%89%E1%85%B3%E1%84%90%E1%85%B5%E1%86%A8-%E1%84%89%E1%85%B3%E1%86%AF%E1%84%85%E1%85%B5%E1%84%87%E1%85%B3%E1%84%85%E1%85%B5%E1%84%89%E1%85%B3-%E1%84%90%E1%85%A1%E1%86%B8-p01165104.html,https://static.zara.net/assets/public/2808/128f/b5be4e3b8f54/807553c8dfd6/01165104681-f1/01165104681-f1.jpg?ts=1773317735658,"₩35,900",,,260622,버건디,,,,
,false,,ZARA,바지,슬랙스,여성,스트레이트 러스틱 팬츠,https://www.zara.com/kr/ko/%E1%84%89%E1%85%B3%E1%84%90%E1%85%B3%E1%84%85%E1%85%A6%E1%84%8B%E1%85%B5%E1%84%90%E1%85%B3-%E1%84%85%E1%85%A5%E1%84%89%E1%85%B3%E1%84%90%E1%85%B5%E1%86%A8-%E1%84%91%E1%85%A2%E1%86%AB%E1%84%8E%E1%85%B3-p01165105.html,https://static.zara.net/assets/public/b2a5/2c7d/8c4347318e05/d24cc13c2d7f/01165105681-f1/01165105681-f1.jpg?ts=1773317910575,"₩49,900",,,260622,버건디,,,,
,false,,ZARA,상의,셔츠/블라우스,여성,ZW 컬렉션 limited edition 포플린 셔츠,https://www.zara.com/kr/ko/zw-%E1%84%8F%E1%85%A5%E1%86%AF%E1%84%85%E1%85%A6%E1%86%A8%E1%84%89%E1%85%A7%E1%86%AB-limited-edition-%E1%84%91%E1%85%A9%E1%84%91%E1%85%B3%E1%86%AF%E1%84%85%E1%85%B5%E1%86%AB-%E1%84%89%E1%85%A7%E1%84%8E%E1%85%B3-p02554369.html,https://static.zara.net/assets/public/1d96/374b/4e4043aea34c/fdc27611628c/02554369711-p/02554369711-p.jpg?ts=1776070084350,"₩89,900",,,260622,샌드,,,,
,false,,ZARA,바지,슬랙스,여성,ZW COLLECTION LIMITED EDITION 플리츠 팬츠,https://www.zara.com/kr/ko/zw-collection-limited-edition-%E1%84%90%E1%85%A5%E1%86%A8-%E1%84%83%E1%85%B5%E1%84%90%E1%85%A6%E1%84%8B%E1%85%B5%E1%86%AF-%E1%84%91%E1%85%A2%E1%86%AB%E1%84%8E%E1%85%B3-p03012369.html,https://static.zara.net/assets/public/a3fb/b711/550a439da092/8b82c373a358/03012369711-1-p/03012369711-1-p.jpg?ts=1776334168129,"₩109,900",,,260622,샌드,,,,
,false,,ZARA,상의,탑,여성,토글 버튼 스트레치 탑,https://www.zara.com/kr/ko/%E1%84%90%E1%85%A9%E1%84%80%E1%85%B3%E1%86%AF-%E1%84%87%E1%85%A5%E1%84%90%E1%85%B3%E1%86%AB-%E1%84%89%E1%85%B3%E1%84%90%E1%85%B3%E1%84%85%E1%85%A6%E1%84%8E%E1%85%B5-%E1%84%90%E1%85%A1%E1%86%B8-p06050345.html,https://static.zara.net/assets/public/9d6c/d016/f6ff4b55b583/395b071bf85b/06050345306-f1/06050345306-f1.jpg?ts=1778659778583,"₩49,900",,,260622,라이트 옐로우,,,,
,false,,ZARA,바지,슬랙스,여성,스트레치 발목 기장 팬츠,https://www.zara.com/kr/ko/%E1%84%89%E1%85%B3%E1%84%90%E1%85%B3%E1%84%85%E1%85%A6%E1%84%8E%E1%85%B5-%E1%84%8B%E1%85%A2%E1%86%BC%E1%84%8F%E1%85%B3%E1%86%AF-%E1%84%91%E1%85%A2%E1%86%AB%E1%84%8E%E1%85%B3-p06050346.html,https://static.zara.net/assets/public/6db0/5925/32cd464cb8aa/f727391a3dd9/06050346306-f1/06050346306-f1.jpg?ts=1778659776910,"₩45,900",,,260622,라이트 옐로우,,,,
,false,,ZARA,상의,셔츠/블라우스,여성,스트라이프 포플린 크롭 셔츠,https://www.zara.com/kr/ko/%E1%84%89%E1%85%B3%E1%84%90%E1%85%B3%E1%84%85%E1%85%A1%E1%84%8B%E1%85%B5%E1%84%91%E1%85%B3-%E1%84%91%E1%85%A9%E1%84%91%E1%85%B3%E1%86%AF%E1%84%85%E1%85%B5%E1%86%AB-%E1%84%8F%E1%85%B3%E1%84%85%E1%85%A9%E1%86%B8-%E1%84%89%E1%85%A7%E1%84%8E%E1%85%B3-p07747288.html,https://static.zara.net/assets/public/d3e5/fe23/a34147ebb69f/74d82bf4937d/07747288046-f1/07747288046-f1.jpg?ts=1780057286845,"₩45,900",,,260622,"로즈핑크,화이트",,,,
,false,,ZARA,바지,버뮤다 팬츠,여성,스트라이프 포플린 쇼츠,https://www.zara.com/kr/ko/%E1%84%89%E1%85%B3%E1%84%90%E1%85%B3%E1%84%85%E1%85%A1%E1%84%8B%E1%85%B5%E1%84%91%E1%85%B3-%E1%84%91%E1%85%A9%E1%84%91%E1%85%B3%E1%86%AF%E1%84%85%E1%85%B5%E1%86%AB-%E1%84%89%E1%85%AD%E1%84%8E%E1%85%B3-p06929503.html,https://static.zara.net/assets/public/14f5/be2f/0fb04512ab8d/3c0143a3cacb/06929503046-f1/06929503046-f1.jpg?ts=1779961898877,"₩45,900",,,260622,"로즈핑크,화이트",,,,
,false,,ZARA,상의,셔츠/블라우스,여성,린넨 플라워 프린트 셔츠,https://www.zara.com/kr/ko/%E1%84%91%E1%85%B3%E1%86%AF%E1%84%85%E1%85%A1%E1%84%8B%E1%85%AF-%E1%84%91%E1%85%A2%E1%84%90%E1%85%A5%E1%86%AB-%E1%84%85%E1%85%B5%E1%86%AB%E1%84%82%E1%85%A6%E1%86%AB-%E1%84%89%E1%85%A7%E1%84%8E%E1%85%B3-p02587057.html,https://static.zara.net/assets/public/f868/6f7a/54554aeca484/53fb978e3706/02587057330-f1/02587057330-f1.jpg?ts=1779377106724,"₩55,900",,,260622,멀티컬러,,,,
,false,,ZARA,바지,슬랙스,여성,플로럴 패턴 린넨 팬츠,https://www.zara.com/kr/ko/%E1%84%91%E1%85%B3%E1%86%AF%E1%84%85%E1%85%A1%E1%84%8B%E1%85%AF-%E1%84%91%E1%85%B3%E1%84%85%E1%85%B5%E1%86%AB%E1%84%90%E1%85%B3-%E1%84%85%E1%85%B5%E1%86%AB%E1%84%82%E1%85%A6%E1%86%AB-%E1%84%91%E1%85%A2%E1%86%AB%E1%84%8E%E1%85%B3-p02587058.html,https://static.zara.net/assets/public/a1aa/6ff4/97c5453cb548/d16941e0605b/02587058330-f1/02587058330-f1.jpg?ts=1779376113896,"₩59,900",,,260622,멀티컬러,,,,
,false,,ZARA,아우터,블레이저,여성,깅엄 체크 보우 재킷,https://www.zara.com/kr/ko/%E1%84%80%E1%85%B5%E1%86%BC%E1%84%8B%E1%85%A5%E1%86%B7-%E1%84%8E%E1%85%A6%E1%84%8F%E1%85%B3-%E1%84%90%E1%85%A1%E1%84%8B%E1%85%B5-%E1%84%8C%E1%85%A2%E1%84%8F%E1%85%B5%E1%86%BA-p04387355.html,https://static.zara.net/assets/public/8530/cae6/80c944bcb24a/60078e5f7555/04387355527-p/04387355527-p.jpg?ts=1778670828784,"₩59,900",,,260622,미디움 그린,,,,
,false,,ZARA,바지,버뮤다 팬츠,여성,깅엄 체크 쇼츠,https://www.zara.com/kr/ko/%E1%84%80%E1%85%B5%E1%86%BC%E1%84%8B%E1%85%A5%E1%86%B7-%E1%84%8E%E1%85%A6%E1%84%8F%E1%85%B3-%E1%84%89%E1%85%AD%E1%84%8E%E1%85%B3-p04387255.html,https://static.zara.net/assets/public/4783/b3fd/1fd043c0860c/3f6ae78ac76c/04387255527-p/04387255527-p.jpg?ts=1778670826100,"₩49,900",,,260622,미디움 그린,,,,
,false,,ZARA,기타,WIND-JACKET,여성,페이크 워싱 포켓 재킷,https://www.zara.com/kr/ko/%E1%84%8B%E1%85%AF%E1%84%89%E1%85%B5%E1%86%BC-%E1%84%91%E1%85%A6%E1%84%8B%E1%85%B5%E1%84%8F%E1%85%B3-%E1%84%91%E1%85%A9%E1%84%8F%E1%85%A6%E1%86%BA-%E1%84%8C%E1%85%A2%E1%84%8F%E1%85%B5%E1%86%BA-p05854710.html,https://static.zara.net/assets/public/a4d5/2d03/5a314475b65c/ca6c7d3f8b86/05854710622-p/05854710622-p.jpg?ts=1776094464054,"₩89,900",,,260622,페일 로즈,,,,
,false,,ZARA,바지,슬랙스,여성,워시드 카고 팬츠,https://www.zara.com/kr/ko/%E1%84%8B%E1%85%AF%E1%84%89%E1%85%B5%E1%84%83%E1%85%B3-%E1%84%8F%E1%85%A1%E1%84%80%E1%85%A9-%E1%84%91%E1%85%A2%E1%86%AB%E1%84%8E%E1%85%B3-p05854413.html,https://static.zara.net/assets/public/5e4b/f441/53e442818421/7ea07d6d28cf/05854413622-p/05854413622-p.jpg?ts=1776181919817,"₩79,900",,,260622,페일 로즈,,,,
,false,,ZARA,상의,니트,여성,파인 니트 스웨터,https://www.zara.com/kr/ko/%E1%84%91%E1%85%A1%E1%84%8B%E1%85%B5%E1%86%AB-%E1%84%82%E1%85%B5%E1%84%90%E1%85%B3-%E1%84%89%E1%85%B3%E1%84%8B%E1%85%B0%E1%84%90%E1%85%A5-p09598063.html,https://static.zara.net/assets/public/68bd/2fd3/35d844afbee2/61974efaf75b/09598063303-f1/09598063303-f1.jpg?ts=1780411373360,"₩59,900",,,260622,골드,,,,
,false,,ZARA,바지,슬랙스,여성,벌룬 니트 팬츠,https://www.zara.com/kr/ko/%E1%84%87%E1%85%A5%E1%86%AF%E1%84%85%E1%85%AE%E1%86%AB-%E1%84%82%E1%85%B5%E1%84%90%E1%85%B3-%E1%84%91%E1%85%A2%E1%86%AB%E1%84%8E%E1%85%B3-p09598066.html,https://static.zara.net/assets/public/7b65/1e76/baef495d913b/690d64a181bc/09598066303-f1/09598066303-f1.jpg?ts=1780398682917,"₩79,900",,,260622,골드,,,,
,false,,ZARA,상의,티셔츠,여성,린넨 혼방 버튼 라운드넥 티셔츠,https://www.zara.com/kr/ko/%E1%84%85%E1%85%B5%E1%86%AB%E1%84%82%E1%85%A6%E1%86%AB-%E1%84%92%E1%85%A9%E1%86%AB%E1%84%87%E1%85%A1%E1%86%BC-%E1%84%87%E1%85%A5%E1%84%90%E1%85%B3%E1%86%AB-%E1%84%85%E1%85%A1%E1%84%8B%E1%85%AE%E1%86%AB%E1%84%83%E1%85%B3%E1%84%82%E1%85%A6%E1%86%A8-%E1%84%90%E1%85%B5%E1%84%89%E1%85%A7%E1%84%8E%E1%85%B3-p00858101.html,https://static.zara.net/assets/public/5662/048a/a7594525b586/2b877424da22/00858101800-f1/00858101800-f1.jpg?ts=1779704814483,"₩49,900",,,260622,블랙,,,,
,false,,ZARA,상의,탑,여성,드레이프 오프숄더 탑,https://www.zara.com/kr/ko/%E1%84%90%E1%85%A6%E1%86%A8%E1%84%89%E1%85%B3%E1%84%8E%E1%85%A5-%E1%84%83%E1%85%B3%E1%84%85%E1%85%A6%E1%84%8B%E1%85%B5%E1%84%91%E1%85%B3-%E1%84%8B%E1%85%A9%E1%84%91%E1%85%B3%E1%84%89%E1%85%AD%E1%86%AF%E1%84%83%E1%85%A5-%E1%84%90%E1%85%A1%E1%86%B8-p03641376.html,https://static.zara.net/assets/public/598e/a2e3/ed27474d9ac8/b2c625b8cab4/03641376505-p/03641376505-p.jpg?ts=1774445666418,"₩29,900","₩17,900",40,260622,카키,,,,
,false,,ZARA,바지,슬랙스,여성,텍스처 포켓 팬츠,https://www.zara.com/kr/ko/%E1%84%90%E1%85%A6%E1%86%A8%E1%84%89%E1%85%B3%E1%84%8E%E1%85%A5-%E1%84%91%E1%85%A9%E1%84%8F%E1%85%A6%E1%86%BA-%E1%84%91%E1%85%A2%E1%86%AB%E1%84%8E%E1%85%B3-p03641377.html,https://static.zara.net/assets/public/ec92/45dc/f8554a6b9f45/7480b53be08a/03641377505-p/03641377505-p.jpg?ts=1774445667587,"₩49,900","₩29,900",40,260622,카키,,,,
,false,,ZARA,상의,셔츠/블라우스,여성,ZW 컬렉션 데님 벌룬 슬리브 블라우스,https://www.zara.com/kr/ko/zw-%E1%84%8F%E1%85%A5%E1%86%AF%E1%84%85%E1%85%A6%E1%86%A8%E1%84%89%E1%85%A7%E1%86%AB-%E1%84%87%E1%85%A5%E1%86%AF%E1%84%85%E1%85%AE%E1%86%AB-%E1%84%89%E1%85%B3%E1%86%AF%E1%84%85%E1%85%B5%E1%84%87%E1%85%B3-%E1%84%83%E1%85%A6%E1%84%82%E1%85%B5%E1%86%B7-%E1%84%87%E1%85%B3%E1%86%AF%E1%84%85%E1%85%A1%E1%84%8B%E1%85%AE%E1%84%89%E1%85%B3-p02183047.html,https://static.zara.net/assets/public/c376/e1ee/263e4d789295/dfbf0883380b/02183047407-f1/02183047407-f1.jpg?ts=1777305483728,"₩89,900",,,260622,블루,,,,
,false,,ZARA,바지,슬랙스,여성,JEANS ZW COLLECTION CROPPED FLARE 미드라이즈,https://www.zara.com/kr/ko/jeans-zw-collection-cropped-flare-%E1%84%86%E1%85%B5%E1%84%83%E1%85%B3%E1%84%85%E1%85%A1%E1%84%8B%E1%85%B5%E1%84%8C%E1%85%B3-p04676052.html,https://static.zara.net/assets/public/0d77/dc6f/fbc34c9a8a74/22373db45eac/04676052407-f1/04676052407-f1.jpg?ts=1777450259097,"₩79,900",,,260622,블루,,,,
,false,,ZARA,상의,셔츠/블라우스,여성,ZW 컬렉션 링클 자수 블라우스,https://www.zara.com/kr/ko/zw-%E1%84%8F%E1%85%A5%E1%86%AF%E1%84%85%E1%85%A6%E1%86%A8%E1%84%89%E1%85%A7%E1%86%AB-%E1%84%85%E1%85%B5%E1%86%BC%E1%84%8F%E1%85%B3%E1%86%AF-%E1%84%8C%E1%85%A1%E1%84%89%E1%85%AE-%E1%84%87%E1%85%B3%E1%86%AF%E1%84%85%E1%85%A1%E1%84%8B%E1%85%AE%E1%84%89%E1%85%B3-p05358041.html,https://static.zara.net/assets/public/d1b6/bfc5/ff6749ebaee2/97f2cd9e7b5e/05358041712-p/05358041712-p.jpg?ts=1775040132299,"₩99,900",,,260622,크림,,,,
,false,,ZARA,치마,스커트,여성,ZW 컬렉션 자수 코르셋 미디 스커트,https://www.zara.com/kr/ko/zw-%E1%84%8F%E1%85%A5%E1%86%AF%E1%84%85%E1%85%A6%E1%86%A8%E1%84%89%E1%85%A7%E1%86%AB-%E1%84%8C%E1%85%A1%E1%84%89%E1%85%AE-%E1%84%8F%E1%85%A9%E1%84%85%E1%85%B3%E1%84%89%E1%85%A6%E1%86%BA-%E1%84%87%E1%85%A6%E1%86%AF%E1%84%90%E1%85%B3-%E1%84%86%E1%85%B5%E1%84%83%E1%85%B5-%E1%84%89%E1%85%B3%E1%84%8F%E1%85%A5%E1%84%90%E1%85%B3-p05358040.html,https://static.zara.net/assets/public/2a9d/3c69/4284402d8dc1/c7e71999e893/05358041712-000-p/05358041712-000-p.jpg?ts=1775042905415,"₩109,900",,,260622,크림,,,,
,false,,ZARA,상의,탑,여성,러스틱 탑,https://www.zara.com/kr/ko/%E1%84%85%E1%85%A5%E1%84%89%E1%85%B3%E1%84%90%E1%85%B5%E1%86%A8-%E1%84%90%E1%85%A1%E1%86%B8-p05584017.html,https://static.zara.net/assets/public/f45c/a27d/148e4f91963f/b30e8830ca0c/05584017710-p/05584017710-p.jpg?ts=1777026452369,"₩39,900",,,260622,베이지,,,,
,false,,ZARA,바지,슬랙스,여성,러스틱 쇼츠,https://www.zara.com/kr/ko/%E1%84%85%E1%85%A5%E1%84%91%E1%85%B3-%E1%84%90%E1%85%A6%E1%86%A8%E1%84%89%E1%85%B3%E1%84%8E%E1%85%A5-%E1%84%89%E1%85%AD%E1%84%8E%E1%85%B3-p05584018.html,https://static.zara.net/assets/public/57d6/88ef/7a0541e28aa7/d4b60c6dfaad/05584018710-p/05584018710-p.jpg?ts=1777026457711,"₩45,900",,,260622,베이지,,,,
,false,,ZARA,상의,티셔츠,여성,코튼 모달 스트랩 탑,https://www.zara.com/kr/ko/%E1%84%8F%E1%85%A9%E1%84%90%E1%85%B3%E1%86%AB-%E1%84%86%E1%85%A9%E1%84%83%E1%85%A1%E1%86%AF-%E1%84%89%E1%85%B3%E1%84%90%E1%85%B3%E1%84%85%E1%85%A2%E1%86%B8-%E1%84%90%E1%85%A1%E1%86%B8-p03641328.html,https://static.zara.net/assets/public/0f2b/b928/79784f71a72d/7c50bb1cafca/03641328800-f1/03641328800-f1.jpg?ts=1771514429305,"₩15,900",,,260622,블랙,,,,
,false,,ZARA,기타,SWEATSHIRT,여성,페이크 워싱 스웨트셔츠,https://www.zara.com/kr/ko/%E1%84%91%E1%85%A6%E1%84%8B%E1%85%B5%E1%84%8F%E1%85%B3-%E1%84%8B%E1%85%AF%E1%84%89%E1%85%B5%E1%86%BC-%E1%84%89%E1%85%B3%E1%84%8B%E1%85%B0%E1%84%90%E1%85%B3%E1%84%89%E1%85%A7%E1%84%8E%E1%85%B3-p03253326.html,https://static.zara.net/assets/public/0e60/78d9/37544b5aa4e7/bb5a5de73c28/03253326818-f1/03253326818-f1.jpg?ts=1773849238148,"₩45,900","₩29,900",35,260622,납,,,,
,false,,ZARA,기타,WIND-JACKET,여성,후드 스웨트셔츠,https://www.zara.com/kr/ko/%E1%84%92%E1%85%AE%E1%84%83%E1%85%B3-%E1%84%89%E1%85%B3%E1%84%8B%E1%85%B0%E1%84%90%E1%85%B3%E1%84%89%E1%85%A7%E1%84%8E%E1%85%B3-p08372267.html,https://static.zara.net/assets/public/e7a5/0900/d1954905a77b/17945f924f2b/08372367712-f1/08372367712-f1.jpg?ts=1769216536932,"₩55,900",,,260622,크림,,,,
,false,,ZARA,바지,슬랙스,여성,엘라스틱 웨이스트 와이드 팬츠,https://www.zara.com/kr/ko/%E1%84%8B%E1%85%A6%E1%86%AF%E1%84%85%E1%85%A1%E1%84%89%E1%85%B3%E1%84%90%E1%85%B5%E1%86%A8-%E1%84%8B%E1%85%B0%E1%84%8B%E1%85%B5%E1%84%89%E1%85%B3%E1%84%90%E1%85%B3-%E1%84%8B%E1%85%AA%E1%84%8B%E1%85%B5%E1%84%83%E1%85%B3-%E1%84%91%E1%85%A2%E1%86%AB%E1%84%8E%E1%85%B3-p08372266.html,https://static.zara.net/assets/public/700e/ce7f/5c354e68ab21/792e13125dea/08372366712-f1/08372366712-f1.jpg?ts=1769216704069,"₩49,900",,,260622,크림,,,,
,false,,ZARA,기타,WIND-JACKET,여성,도트 셔츠형 재킷,https://www.zara.com/kr/ko/%E1%84%83%E1%85%A9%E1%84%90%E1%85%B3-%E1%84%89%E1%85%A7%E1%84%8E%E1%85%B3-%E1%84%8C%E1%85%A2%E1%84%8F%E1%85%B5%E1%86%BA-p02010808.html,https://static.zara.net/assets/public/f623/965d/f3ac4159aea7/673f05920a47/02010808402-f1/02010808402-f1.jpg?ts=1778153299073,"₩79,900",,,260622,터키블루,,,,
,false,,ZARA,바지,버뮤다 팬츠,여성,미니 도트 포켓 쇼츠,https://www.zara.com/kr/ko/%E1%84%86%E1%85%B5%E1%84%82%E1%85%B5-%E1%84%91%E1%85%A9%E1%84%8F%E1%85%A6%E1%86%BA-%E1%84%89%E1%85%AD%E1%84%8E%E1%85%B3-p03067420.html,https://static.zara.net/assets/public/aa8e/b65f/989846f6a4ec/4751538fc2a9/03152451402-p/03152451402-p.jpg?ts=1778150292828,"₩49,900",,,260622,터키블루,,,,
,false,,ZARA,상의,셔츠/블라우스,여성,버튼 디테일 패턴 탑,https://www.zara.com/kr/ko/%E1%84%87%E1%85%A5%E1%84%90%E1%85%B3%E1%86%AB-%E1%84%83%E1%85%B5%E1%84%90%E1%85%A6%E1%84%8B%E1%85%B5%E1%86%AF-%E1%84%91%E1%85%A2%E1%84%90%E1%85%A5%E1%86%AB-%E1%84%90%E1%85%A1%E1%86%B8-p03032313.html,https://static.zara.net/assets/public/658c/93a5/2c514c7a862f/89c31710dcf0/03032313330-p/03032313330-p.jpg?ts=1778835427518,"₩55,900",,,260622,멀티컬러,,,,
,false,,ZARA,바지,슬랙스,여성,스트링 패턴 큐롯 팬츠,https://www.zara.com/kr/ko/%E1%84%91%E1%85%A2%E1%84%90%E1%85%A5%E1%86%AB-%E1%84%85%E1%85%B5%E1%84%87%E1%85%A9%E1%86%AB-%E1%84%8F%E1%85%B2%E1%84%85%E1%85%A9%E1%86%BA-%E1%84%91%E1%85%A2%E1%86%AB%E1%84%8E%E1%85%B3-p02888313.html,https://static.zara.net/assets/public/83f1/7636/40df4d25be30/e3b15a2ecd13/02888313044-f1/02888313044-f1.jpg?ts=1778838248468,"₩59,900",,,260622,"블루 ,화이트",,,,
,false,,ZARA,기타,SWEATSHIRT,여성,피케 하이넥 티셔츠,https://www.zara.com/kr/ko/%E1%84%91%E1%85%B5%E1%84%8F%E1%85%A6-%E1%84%92%E1%85%A1%E1%84%8B%E1%85%B5%E1%84%82%E1%85%A6%E1%86%A8-%E1%84%90%E1%85%B5%E1%84%89%E1%85%A7%E1%84%8E%E1%85%B3-p05067177.html,https://static.zara.net/assets/public/8995/6622/a1e547c4b96b/3befc923ede6/05067177716-p/05067177716-p.jpg?ts=1768214702736,"₩45,900",,,260622,다크 브라운,,,,
,false,,ZARA,바지,슬랙스,여성,기본 피케 팬츠,https://www.zara.com/kr/ko/%E1%84%87%E1%85%A6%E1%84%8B%E1%85%B5%E1%84%89%E1%85%B5%E1%86%A8-%E1%84%91%E1%85%B5%E1%84%8F%E1%85%A6-%E1%84%91%E1%85%A2%E1%86%AB%E1%84%8E%E1%85%B3-p05067165.html,https://static.zara.net/assets/public/b780/f6b6/97b24cfd9260/e85430c70028/05067176716-p/05067176716-p.jpg?ts=1768214702520,"₩49,900",,,260622,다크 브라운,,,,
,false,,ZARA,상의,셔츠/블라우스,여성,새틴 언밸런스 홀터넥 탑,https://www.zara.com/kr/ko/%E1%84%8B%E1%85%A5%E1%86%AB%E1%84%87%E1%85%A2%E1%86%AF%E1%84%85%E1%85%A5%E1%86%AB%E1%84%89%E1%85%B3-%E1%84%83%E1%85%B3%E1%84%85%E1%85%A6%E1%84%8B%E1%85%B5%E1%84%91%E1%85%B3-%E1%84%92%E1%85%A9%E1%86%AF%E1%84%90%E1%85%A5%E1%84%82%E1%85%A6%E1%86%A8-%E1%84%90%E1%85%A1%E1%86%B8-p02748332.html,https://static.zara.net/assets/public/c3a1/8bcc/f43c4e88a465/6eb078b9a346/02748332800-p/02748332800-p.jpg?ts=1774970855516,"₩45,900",,,260622,블랙,,,,
,false,,ZARA,바지,슬랙스,여성,새틴 드로스트링 팬츠,https://www.zara.com/kr/ko/%E1%84%89%E1%85%A2%E1%84%90%E1%85%B5%E1%86%AB-%E1%84%83%E1%85%B3%E1%84%85%E1%85%A9%E1%84%89%E1%85%B3%E1%84%90%E1%85%B3%E1%84%85%E1%85%B5%E1%86%BC-%E1%84%91%E1%85%A2%E1%86%AB%E1%84%8E%E1%85%B3-p02180415.html,https://static.zara.net/assets/public/e583/73d0/207b498f9e9f/7ab7ccfcc710/03152442800-p/03152442800-p.jpg?ts=1774970859359,"₩55,900",,,260622,블랙,,,,
,false,,ZARA,기타,WIND-JACKET,여성,후드 벌룬 재킷,https://www.zara.com/kr/ko/%E1%84%92%E1%85%AE%E1%84%83%E1%85%B3-%E1%84%87%E1%85%A5%E1%86%AF%E1%84%85%E1%85%AE%E1%86%AB-%E1%84%8C%E1%85%A2%E1%84%8F%E1%85%B5%E1%86%BA-p08372095.html,https://static.zara.net/assets/public/bead/e30a/1e794ecdada0/f98921ac47c5/08372095715-f1/08372095715-f1.jpg?ts=1775720130779,"₩79,900",,,260622,미디움 크림,,,,
,false,,ZARA,바지,슬랙스,여성,하이웨이스트 큐롯 팬츠,https://www.zara.com/kr/ko/%E1%84%92%E1%85%A1%E1%84%8B%E1%85%B5%E1%84%8B%E1%85%B0%E1%84%8B%E1%85%B5%E1%84%89%E1%85%B3%E1%84%90%E1%85%B3-%E1%84%8F%E1%85%B2%E1%84%85%E1%85%A9%E1%86%BA-%E1%84%91%E1%85%A2%E1%86%AB%E1%84%8E%E1%85%B3-p08372097.html,https://static.zara.net/assets/public/6f85/a115/afd94b4ea667/c13fcae4f6d2/08372097715-p/08372097715-p.jpg?ts=1772636279861,"₩57,900",,,260622,미디움 크림,,,,
,false,,ZARA,상의,셔츠/블라우스,여성,ZW 컬렉션 체크 탑,https://www.zara.com/kr/ko/zw-%E1%84%8F%E1%85%A5%E1%86%AF%E1%84%85%E1%85%A6%E1%86%A8%E1%84%89%E1%85%A7%E1%86%AB-%E1%84%8E%E1%85%A6%E1%84%8F%E1%85%B3-%E1%84%90%E1%85%A1%E1%86%B8-p01089878.html,https://static.zara.net/assets/public/6da6/039a/53c24356b658/3123d8bfe615/01089878710-f1/01089878710-f1.jpg?ts=1770637935148,"₩99,900",,,260622,베이지,,,,
,false,,ZARA,바지,슬랙스,여성,ZW 컬렉션 체크 팬츠,https://www.zara.com/kr/ko/zw-%E1%84%8F%E1%85%A5%E1%86%AF%E1%84%85%E1%85%A6%E1%86%A8%E1%84%89%E1%85%A7%E1%86%AB-%E1%84%8E%E1%85%A6%E1%84%8F%E1%85%B3-%E1%84%91%E1%85%B3%E1%86%AF%E1%84%85%E1%85%A2%E1%86%BA-%E1%84%91%E1%85%B3%E1%84%85%E1%85%A9%E1%86%AB%E1%84%90%E1%85%B3-%E1%84%91%E1%85%A2%E1%86%AB%E1%84%8E%E1%85%B3-p02239878.html,https://static.zara.net/assets/public/13ae/3b19/76634a3c9525/08bb0b19e364/02239878710-f1/02239878710-f1.jpg?ts=1770637861194,"₩149,900",,,260622,베이지,,,,
,false,,ZARA,아우터,블레이저,여성,ZW 컬렉션 타이트핏 블레이저,https://www.zara.com/kr/ko/zw-%E1%84%8F%E1%85%A5%E1%86%AF%E1%84%85%E1%85%A6%E1%86%A8%E1%84%89%E1%85%A7%E1%86%AB-%E1%84%90%E1%85%A1%E1%84%8B%E1%85%B5%E1%84%90%E1%85%B3%E1%84%91%E1%85%B5%E1%86%BA-%E1%84%87%E1%85%B3%E1%86%AF%E1%84%85%E1%85%A6%E1%84%8B%E1%85%B5%E1%84%8C%E1%85%A5-p03736047.html,https://static.zara.net/assets/public/532f/b8e7/86374560ba99/0d0146536130/03736047700-p/03736047700-p.jpg?ts=1769600474123,"₩149,900",,,260622,브라운,,,,
,false,,ZARA,바지,슬랙스,여성,ZW COLLECTION 미니멀 와이드 레그 팬츠,https://www.zara.com/kr/ko/zw-%E1%84%8F%E1%85%A5%E1%86%AF%E1%84%85%E1%85%A6%E1%86%A8%E1%84%89%E1%85%A7%E1%86%AB-%E1%84%86%E1%85%B5%E1%84%82%E1%85%B5%E1%84%86%E1%85%A5%E1%86%AF-%E1%84%8B%E1%85%AA%E1%84%8B%E1%85%B5%E1%84%83%E1%85%B3-%E1%84%85%E1%85%A6%E1%84%80%E1%85%B3-%E1%84%91%E1%85%A2%E1%86%AB%E1%84%8E%E1%85%B3-p05344042.html,https://static.zara.net/assets/public/ac23/3b9e/68bd4aab98cf/088c3859dd1d/05344042700-p/05344042700-p.jpg?ts=1769600484233,"₩89,900",,,260622,브라운,,,,
,false,,ZARA,기타,WIND-JACKET,여성,후드 스웨트셔츠,https://www.zara.com/kr/ko/%E1%84%92%E1%85%AE%E1%84%83%E1%85%B3-%E1%84%89%E1%85%B3%E1%84%8B%E1%85%B0%E1%84%90%E1%85%B3%E1%84%89%E1%85%A7%E1%84%8E%E1%85%B3-p08372267.html,https://static.zara.net/assets/public/61a0/392a/5bb544be823f/18a427dfbaba/08372267716-p/08372267716-p.jpg?ts=1757427464199,"₩55,900",,,260622,다크 브라운,,,,
,false,,ZARA,바지,슬랙스,여성,엘라스틱 웨이스트 와이드 팬츠,https://www.zara.com/kr/ko/%E1%84%8B%E1%85%A6%E1%86%AF%E1%84%85%E1%85%A1%E1%84%89%E1%85%B3%E1%84%90%E1%85%B5%E1%86%A8-%E1%84%8B%E1%85%B0%E1%84%8B%E1%85%B5%E1%84%89%E1%85%B3%E1%84%90%E1%85%B3-%E1%84%8B%E1%85%AA%E1%84%8B%E1%85%B5%E1%84%83%E1%85%B3-%E1%84%91%E1%85%A2%E1%86%AB%E1%84%8E%E1%85%B3-p08372266.html,https://static.zara.net/assets/public/b5b2/0b6e/c830409c9d6f/cfb0094cb822/08372266716-p/08372266716-p.jpg?ts=1757427464384,"₩49,900",,,260622,다크 브라운,,,,
,false,,ZARA,아우터,블레이저,여성,더블 패브릭 스트라이프 오버사이즈 블레이저,https://www.zara.com/kr/ko/%E1%84%89%E1%85%B3%E1%84%90%E1%85%B3%E1%84%85%E1%85%A1%E1%84%8B%E1%85%B5%E1%84%91%E1%85%B3-%E1%84%83%E1%85%A5%E1%84%87%E1%85%B3%E1%86%AF-%E1%84%91%E1%85%A2%E1%84%87%E1%85%B3%E1%84%85%E1%85%B5%E1%86%A8-%E1%84%8B%E1%85%A9%E1%84%87%E1%85%A5%E1%84%89%E1%85%A1%E1%84%8B%E1%85%B5%E1%84%8C%E1%85%B3-%E1%84%87%E1%85%B3%E1%86%AF%E1%84%85%E1%85%A6%E1%84%8B%E1%85%B5%E1%84%8C%E1%85%A5-p01255853.html,https://static.zara.net/assets/public/4956/5294/f2b84d50a7be/ee61210e004d/01255853087-p/01255853087-p.jpg?ts=1767801804970,"₩129,900",,,260622,"브라운,크림",,,,
,false,,ZARA,바지,슬랙스,여성,핀 스트라이프 팬츠,https://www.zara.com/kr/ko/%E1%84%91%E1%85%B5%E1%86%AB%E1%84%89%E1%85%B3%E1%84%90%E1%85%B3%E1%84%85%E1%85%A1%E1%84%8B%E1%85%B5%E1%84%91%E1%85%B3-%E1%84%91%E1%85%A2%E1%86%AB%E1%84%8E%E1%85%B3-p04772401.html,https://static.zara.net/assets/public/5dc9/7951/c7c44863a8b1/19459d212100/04772401087-p/04772401087-p.jpg?ts=1767801901903,"₩59,900",,,260622,"브라운,크림",,,,
,false,,ZARA,상의,셔츠/블라우스,여성,ZW 컬렉션 오버사이즈 스트럭처 셔츠,https://www.zara.com/kr/ko/zw-%E1%84%8F%E1%85%A5%E1%86%AF%E1%84%85%E1%85%A6%E1%86%A8%E1%84%89%E1%85%A7%E1%86%AB-%E1%84%8B%E1%85%A9%E1%84%87%E1%85%A5%E1%84%89%E1%85%A1%E1%84%8B%E1%85%B5%E1%84%8C%E1%85%B3-%E1%84%89%E1%85%B3%E1%84%90%E1%85%B3%E1%84%85%E1%85%A5%E1%86%A8%E1%84%8E%E1%85%A5-%E1%84%89%E1%85%A7%E1%84%8E%E1%85%B3-p01215392.html,https://static.zara.net/assets/public/b84e/897d/5f6e46e484dd/dace283993f9/01215392251-f1/01215392251-f1.jpg?ts=1780299827527,"₩79,900",,,260622,스크래치 화이트,,,,
,false,,ZARA,바지,버뮤다 팬츠,여성,ZW 컬렉션 롱 벨트 버뮤다 팬츠,https://www.zara.com/kr/ko/zw-%E1%84%8F%E1%85%A5%E1%86%AF%E1%84%85%E1%85%A6%E1%86%A8%E1%84%89%E1%85%A7%E1%86%AB-%E1%84%85%E1%85%A9%E1%86%BC-%E1%84%87%E1%85%A6%E1%86%AF%E1%84%90%E1%85%B3-%E1%84%87%E1%85%A5%E1%84%86%E1%85%B2%E1%84%83%E1%85%A1-%E1%84%91%E1%85%A2%E1%86%AB%E1%84%8E%E1%85%B3-p01966392.html,https://static.zara.net/assets/public/ab02/c8a0/5cf443c58bad/e5e1ae9ba1a0/01966392251-f1/01966392251-f1.jpg?ts=1779960171837,"₩89,900",,,260622,스크래치 화이트,,,,
,false,,ZARA,상의,탑,여성,벌룬 슬리브 탑,https://www.zara.com/kr/ko/%E1%84%87%E1%85%A5%E1%86%AF%E1%84%85%E1%85%AE%E1%86%AB-%E1%84%89%E1%85%B3%E1%86%AF%E1%84%85%E1%85%B5%E1%84%87%E1%85%B3-%E1%84%90%E1%85%A1%E1%86%B8-p05039203.html,https://static.zara.net/assets/public/68b9/312e/19204ba785c0/6d18953ca1c0/05039203800-p/05039203800-p.jpg?ts=1772202594066,"₩45,900",,,260622,블랙,,,,
,false,,ZARA,바지,슬랙스,여성,볼륨 팬츠,https://www.zara.com/kr/ko/%E1%84%87%E1%85%A9%E1%86%AF%E1%84%85%E1%85%B2%E1%86%B7-%E1%84%91%E1%85%A2%E1%86%AB%E1%84%8E%E1%85%B3-p05039204.html,https://static.zara.net/assets/public/014a/25de/a59d4798b047/186ad47cb292/05039204800-p/05039204800-p.jpg?ts=1772202600740,"₩55,900",,,260622,블랙,,,,
,false,,ZARA,기타,WAISTCOAT,여성,린넨 버튼 베스트,https://www.zara.com/kr/ko/%E1%84%85%E1%85%B5%E1%86%AB%E1%84%82%E1%85%A6%E1%86%AB-%E1%84%87%E1%85%A5%E1%84%90%E1%85%B3%E1%86%AB-%E1%84%87%E1%85%A6%E1%84%89%E1%85%B3%E1%84%90%E1%85%B3-p05427706.html,https://static.zara.net/assets/public/1474/32b9/53c2426e8054/b0fe76e95b1c/05427706629-f1/05427706629-f1.jpg?ts=1778826661218,"₩49,900",,,260622,라일락,,,,
,false,,ZARA,바지,슬랙스,여성,린넨 와이드 플리츠 팬츠,https://www.zara.com/kr/ko/%E1%84%85%E1%85%B5%E1%86%AB%E1%84%82%E1%85%A6%E1%86%AB-%E1%84%8B%E1%85%AA%E1%84%8B%E1%85%B5%E1%84%83%E1%85%B3-%E1%84%91%E1%85%B3%E1%86%AF%E1%84%85%E1%85%B5%E1%84%8E%E1%85%B3-%E1%84%91%E1%85%A2%E1%86%AB%E1%84%8E%E1%85%B3-p01255476.html,https://static.zara.net/assets/public/f3ab/f63f/403649e7bc4b/376cbfaf10ce/01255476629-f1/01255476629-f1.jpg?ts=1778826637926,"₩59,900",,,260622,라일락,,,,
,false,,ZARA,아우터,블레이저,여성,크로스 인서션 재킷,https://www.zara.com/kr/ko/%E1%84%8F%E1%85%B3%E1%84%85%E1%85%A9%E1%84%89%E1%85%B3-%E1%84%8B%E1%85%B5%E1%86%AB%E1%84%89%E1%85%A5%E1%84%89%E1%85%A7%E1%86%AB-%E1%84%8C%E1%85%A2%E1%84%8F%E1%85%B5%E1%86%BA-p08372329.html,https://static.zara.net/assets/public/4f70/5f34/8399417daa76/28dbd27cdbcd/08372329950-p/08372329950-p.jpg?ts=1778668022549,"₩59,900",,,260622,머스터드,,,,
,false,,ZARA,바지,버뮤다 팬츠,여성,콤비 레이스 쇼츠,https://www.zara.com/kr/ko/%E1%84%85%E1%85%A6%E1%84%8B%E1%85%B5%E1%84%89%E1%85%B3-%E1%84%8B%E1%85%B5%E1%86%AB%E1%84%89%E1%85%A5%E1%84%90%E1%85%B3-%E1%84%86%E1%85%B5%E1%86%A8%E1%84%89%E1%85%B3-%E1%84%89%E1%85%AD%E1%84%8E%E1%85%B3-p08372229.html,https://static.zara.net/assets/public/a2d1/0892/0a274578a162/c830bcfe6da4/08372229950-p/08372229950-p.jpg?ts=1778668021362,"₩55,900",,,260622,머스터드,,,,
,false,,ZARA,아우터,블레이저,여성,100% 린넨 숄더 패드 블레이저,https://www.zara.com/kr/ko/100-%E1%84%85%E1%85%B5%E1%86%AB%E1%84%82%E1%85%A6%E1%86%AB-%E1%84%89%E1%85%AD%E1%86%AF%E1%84%83%E1%85%A5-%E1%84%91%E1%85%A2%E1%84%83%E1%85%B3-%E1%84%87%E1%85%B3%E1%86%AF%E1%84%85%E1%85%A6%E1%84%8B%E1%85%B5%E1%84%8C%E1%85%A5-p02601832.html,https://static.zara.net/assets/public/5cc8/f2c3/acc34222abd3/081ed47ef973/02601832081-f1/02601832081-f1.jpg?ts=1773072894978,"₩129,900",,,260622,"샌드,그레이",,,,
,false,,ZARA,바지,슬랙스,여성,100% 린넨 스트레이트 팬츠,https://www.zara.com/kr/ko/100-%E1%84%85%E1%85%B5%E1%86%AB%E1%84%82%E1%85%A6%E1%86%AB-%E1%84%89%E1%85%B3%E1%84%90%E1%85%B3%E1%84%85%E1%85%A6%E1%84%8B%E1%85%B5%E1%84%90%E1%85%B3-%E1%84%91%E1%85%A2%E1%86%AB%E1%84%8E%E1%85%B3-p02600832.html,https://static.zara.net/assets/public/7d50/68fb/cd82453e9f1f/b151d4941acb/02600832081-f1/02600832081-f1.jpg?ts=1773072888846,"₩89,900",,,260622,"샌드,그레이",,,,
,false,,ZARA,상의,탑,여성,벌룬 슬리브 탑,https://www.zara.com/kr/ko/%E1%84%87%E1%85%A5%E1%86%AF%E1%84%85%E1%85%AE%E1%86%AB-%E1%84%89%E1%85%B3%E1%86%AF%E1%84%85%E1%85%B5%E1%84%87%E1%85%B3-%E1%84%90%E1%85%A1%E1%86%B8-p05039203.html,https://static.zara.net/assets/public/ff28/dbf7/9c1644e08737/e14ccad12773/05039203712-p/05039203712-p.jpg?ts=1772202591418,"₩45,900",,,260622,크림,,,,
,false,,ZARA,바지,슬랙스,여성,볼륨 팬츠,https://www.zara.com/kr/ko/%E1%84%87%E1%85%A9%E1%86%AF%E1%84%85%E1%85%B2%E1%86%B7-%E1%84%91%E1%85%A2%E1%86%AB%E1%84%8E%E1%85%B3-p05039204.html,https://static.zara.net/assets/public/14c7/72ad/22ec421dbf70/50b586fe6b50/05039204712-p/05039204712-p.jpg?ts=1772202595919,"₩55,900",,,260622,크림,,,,
,false,,ZARA,기타,WAISTCOAT,여성,프린지 체크 베스트,https://www.zara.com/kr/ko/%E1%84%91%E1%85%B3%E1%84%85%E1%85%B5%E1%86%AB%E1%84%8C%E1%85%B5-%E1%84%8E%E1%85%A6%E1%84%8F%E1%85%B3-%E1%84%87%E1%85%A6%E1%84%89%E1%85%B3%E1%84%90%E1%85%B3-p04387184.html,https://static.zara.net/assets/public/e3a7/ca4e/b77c4b388f7a/feb00c1635e3/04387184712-p/04387184712-p.jpg?ts=1778670823245,"₩59,900",,,260622,크림,,,,
,false,,ZARA,바지,버뮤다 팬츠,여성,프린지 체크 버뮤다 팬츠,https://www.zara.com/kr/ko/%E1%84%92%E1%85%A1%E1%84%8B%E1%85%B5%E1%84%8B%E1%85%B0%E1%84%8B%E1%85%B5%E1%84%89%E1%85%B3%E1%84%90%E1%85%B3-%E1%84%91%E1%85%B3%E1%84%85%E1%85%B5%E1%86%AB%E1%84%8C%E1%85%B5-%E1%84%8E%E1%85%A6%E1%84%8F%E1%85%B3-%E1%84%87%E1%85%A5%E1%84%86%E1%85%B2%E1%84%83%E1%85%A1-%E1%84%91%E1%85%A2%E1%86%AB%E1%84%8E%E1%85%B3-p04387084.html,https://static.zara.net/assets/public/f3cc/3782/d48f4267b29f/80c7d44a2ece/04387084712-p/04387084712-p.jpg?ts=1778670816322,"₩49,900",,,260622,크림,,,,
,false,,ZARA,아우터,블레이저,여성,메탈 버튼 페플럼 블레이저,https://www.zara.com/kr/ko/%E1%84%86%E1%85%A6%E1%84%90%E1%85%A1%E1%86%AF-%E1%84%87%E1%85%A5%E1%84%90%E1%85%B3%E1%86%AB-%E1%84%91%E1%85%A6%E1%84%91%E1%85%B3%E1%86%AF%E1%84%85%E1%85%A5%E1%86%B7-%E1%84%87%E1%85%B3%E1%86%AF%E1%84%85%E1%85%A6%E1%84%8B%E1%85%B5%E1%84%8C%E1%85%A5-p02917496.html,https://static.zara.net/assets/public/8ae8/946d/a3b94df4a73f/068d901ee2b8/02917496712-p/02917496712-p.jpg?ts=1779290546724,"₩109,900",,,260622,크림,,,,
,false,,ZARA,바지,슬랙스,여성,메탈 버튼 팬츠,https://www.zara.com/kr/ko/%E1%84%86%E1%85%A6%E1%84%90%E1%85%A1%E1%86%AF-%E1%84%87%E1%85%A5%E1%84%90%E1%85%B3%E1%86%AB-%E1%84%91%E1%85%A2%E1%86%AB%E1%84%8E%E1%85%B3-p02916496.html,https://static.zara.net/assets/public/94d9/3b91/e9e64f5e9fee/bf455ec0d09e/02916496712-f1/02916496712-f1.jpg?ts=1778826754143,"₩59,900",,,260622,크림,,,,
,false,,ZARA,상의,셔츠/블라우스,여성,ZW 컬렉션 100% 린넨 자수 탑,https://www.zara.com/kr/ko/zw-%E1%84%8F%E1%85%A5%E1%86%AF%E1%84%85%E1%85%A6%E1%86%A8%E1%84%89%E1%85%A7%E1%86%AB-100-%E1%84%85%E1%85%B5%E1%86%AB%E1%84%82%E1%85%A6%E1%86%AB-%E1%84%8C%E1%85%A1%E1%84%89%E1%85%AE-%E1%84%90%E1%85%A1%E1%86%B8-p04786154.html,https://static.zara.net/assets/public/769a/8cfc/277843b68798/2bfff2739c75/04786154250-f1/04786154250-f1.jpg?ts=1780567655894,"₩79,900",,,260622,화이트,,,,
,false,,ZARA,치마,스커트,여성,ZW 컬렉션 자수 언밸런스 스커트,https://www.zara.com/kr/ko/zw-%E1%84%8F%E1%85%A5%E1%86%AF%E1%84%85%E1%85%A6%E1%86%A8%E1%84%89%E1%85%A7%E1%86%AB-%E1%84%8C%E1%85%A1%E1%84%89%E1%85%AE-%E1%84%8B%E1%85%A5%E1%86%AB%E1%84%87%E1%85%A2%E1%86%AF%E1%84%85%E1%85%A5%E1%86%AB%E1%84%89%E1%85%B3-%E1%84%89%E1%85%B3%E1%84%8F%E1%85%A5%E1%84%90%E1%85%B3-p04786217.html,https://static.zara.net/assets/public/8ed1/2fe5/f415446d842d/8cf2772bf769/04786217250-f1/04786217250-f1.jpg?ts=1780567658666,"₩129,900",,,260622,화이트,,,,
,false,,ZARA,상의,탑,여성,인터록 언밸런스 케이프,https://www.zara.com/kr/ko/%E1%84%8B%E1%85%B5%E1%86%AB%E1%84%90%E1%85%A5%E1%84%85%E1%85%A9%E1%86%A8-%E1%84%8B%E1%85%A5%E1%86%AB%E1%84%87%E1%85%A2%E1%86%AF%E1%84%85%E1%85%A5%E1%86%AB%E1%84%89%E1%85%B3-%E1%84%8F%E1%85%A6%E1%84%8B%E1%85%B5%E1%84%91%E1%85%B3-p02335172.html,https://static.zara.net/assets/public/7c34/8b1c/49494c8a8e43/2ba029a2cb83/02335172401-p/02335172401-p.jpg?ts=1769767903593,"₩49,900",,,260622,네이비,,,,
,false,,ZARA,바지,슬랙스,여성,인터록 스트레이트 팬츠,https://www.zara.com/kr/ko/%E1%84%8B%E1%85%B5%E1%86%AB%E1%84%90%E1%85%A5%E1%84%85%E1%85%A9%E1%86%A8-%E1%84%89%E1%85%B3%E1%84%90%E1%85%B3%E1%84%85%E1%85%A6%E1%84%8B%E1%85%B5%E1%84%90%E1%85%B3-%E1%84%91%E1%85%A2%E1%86%AB%E1%84%8E%E1%85%B3-p02335171.html,https://static.zara.net/assets/public/786a/3a4e/a6cb46a59f5e/6201738e532d/02335171401-p/02335171401-p.jpg?ts=1769767898123,"₩49,900",,,260622,네이비,,,,
,false,,ZARA,아우터,블레이저,여성,레이스 숄더 타이트핏 블레이저,https://www.zara.com/kr/ko/%E1%84%85%E1%85%A6%E1%84%8B%E1%85%B5%E1%84%89%E1%85%B3-%E1%84%89%E1%85%AD%E1%86%AF%E1%84%83%E1%85%A5-%E1%84%90%E1%85%A1%E1%84%8B%E1%85%B5%E1%84%90%E1%85%B3%E1%84%91%E1%85%B5%E1%86%BA-%E1%84%87%E1%85%B3%E1%86%AF%E1%84%85%E1%85%A6%E1%84%8B%E1%85%B5%E1%84%8C%E1%85%A5-p02665507.html,https://static.zara.net/assets/public/3b6b/5c9d/b5cd4908947c/81b18410c304/02665507629-f1/02665507629-f1.jpg?ts=1777021336709,"₩119,900",,,260622,라일락,,,,
,false,,ZARA,바지,슬랙스,여성,하이웨이스트 스트레이트 팬츠,https://www.zara.com/kr/ko/%E1%84%92%E1%85%A1%E1%84%8B%E1%85%B5%E1%84%8B%E1%85%B0%E1%84%8B%E1%85%B5%E1%84%89%E1%85%B3%E1%84%90%E1%85%B3-%E1%84%89%E1%85%B3%E1%84%90%E1%85%B3%E1%84%85%E1%85%A6%E1%84%8B%E1%85%B5%E1%84%90%E1%85%B3-%E1%84%91%E1%85%A2%E1%86%AB%E1%84%8E%E1%85%B3-p02530507.html,https://static.zara.net/assets/public/4f19/babe/e707425fa75a/2ea864ba2ab8/02530507629-f1/02530507629-f1.jpg?ts=1777013440567,"₩59,900",,,260622,라일락,,,,
,false,,ZARA,상의,셔츠/블라우스,여성,ZW 컬렉션 린넨 혼방 언밸런스 탑,https://www.zara.com/kr/ko/zw-%E1%84%8F%E1%85%A5%E1%86%AF%E1%84%85%E1%85%A6%E1%86%A8%E1%84%89%E1%85%A7%E1%86%AB-%E1%84%85%E1%85%B5%E1%86%AB%E1%84%82%E1%85%A6%E1%86%AB-%E1%84%92%E1%85%A9%E1%86%AB%E1%84%87%E1%85%A1%E1%86%BC-%E1%84%8B%E1%85%A5%E1%86%AB%E1%84%87%E1%85%A2%E1%86%AF%E1%84%85%E1%85%A5%E1%86%AB%E1%84%89%E1%85%B3-%E1%84%90%E1%85%A1%E1%86%B8-p01212006.html,https://static.zara.net/assets/public/fe69/5b05/06344e9e82ec/a88b571f386d/01212006633-f1/01212006633-f1.jpg?ts=1779116618066,"₩89,900",,,260622,워싱 로즈핑크,,,,
,false,,ZARA,바지,슬랙스,여성,ZW 컬렉션 린넨 혼방 벌룬 팬츠,https://www.zara.com/kr/ko/zw-%E1%84%8F%E1%85%A5%E1%86%AF%E1%84%85%E1%85%A6%E1%86%A8%E1%84%89%E1%85%A7%E1%86%AB-%E1%84%85%E1%85%B5%E1%86%AB%E1%84%82%E1%85%A6%E1%86%AB-%E1%84%92%E1%85%A9%E1%86%AB%E1%84%87%E1%85%A1%E1%86%BC-%E1%84%87%E1%85%A5%E1%86%AF%E1%84%85%E1%85%AE%E1%86%AB-%E1%84%91%E1%85%A2%E1%86%AB%E1%84%8E%E1%85%B3-p01951006.html,https://static.zara.net/assets/public/5265/f742/2f864fb6878c/f1e3498ec86e/01951006633-f1/01951006633-f1.jpg?ts=1780585566457,"₩109,900",,,260622,워싱 로즈핑크,,,,
,false,,ZARA,상의,셔츠/블라우스,여성,CARAMEL LONDON X ZARA 포플린 탑,https://www.zara.com/kr/ko/caramel-london-x-zara-%E1%84%91%E1%85%A9%E1%84%91%E1%85%B3%E1%86%AF%E1%84%85%E1%85%B5%E1%86%AB-%E1%84%90%E1%85%A1%E1%86%B8-p00451148.html,https://static.zara.net/assets/public/cb47/aa32/ddae4675914e/5a05d6581e4d/00451148600-f1/00451148600-f1.jpg?ts=1779983500637,"₩49,900",,,260622,레드,,,,
,false,,ZARA,바지,버뮤다 팬츠,여성,카라멜 런던 X 자라 버뮤다 팬츠,https://www.zara.com/kr/ko/%E1%84%8F%E1%85%A1%E1%84%85%E1%85%A1%E1%84%86%E1%85%A6%E1%86%AF-%E1%84%85%E1%85%A5%E1%86%AB%E1%84%83%E1%85%A5%E1%86%AB-x-%E1%84%8C%E1%85%A1%E1%84%85%E1%85%A1-%E1%84%87%E1%85%A5%E1%84%86%E1%85%B2%E1%84%83%E1%85%A1-%E1%84%91%E1%85%A2%E1%86%AB%E1%84%8E%E1%85%B3-p02051148.html,https://static.zara.net/assets/public/e014/ac03/a19d43bc812c/754c6760a5ff/02051148600-f1/02051148600-f1.jpg?ts=1779983478881,"₩59,900",,,260622,레드,,,,
,false,,ZARA,기타,WIND-JACKET,여성,Z1975 데님 재킷,https://www.zara.com/kr/ko/z1975-%E1%84%83%E1%85%A6%E1%84%82%E1%85%B5%E1%86%B7-%E1%84%8C%E1%85%A2%E1%84%8F%E1%85%B5%E1%86%BA-p07223031.html,https://static.zara.net/assets/public/8085/7c6f/fe484132bad6/a7ba92d9fa40/07223031407-1-p/07223031407-1-p.jpg?ts=1772629564563,"₩59,900",,,260622,블루,,,,
,false,,ZARA,바지,버뮤다 팬츠,여성,Z1975 롱 데님 버뮤다 팬츠,https://www.zara.com/kr/ko/z1975-%E1%84%85%E1%85%A9%E1%86%BC-%E1%84%83%E1%85%A6%E1%84%82%E1%85%B5%E1%86%B7-%E1%84%87%E1%85%A5%E1%84%86%E1%85%B2%E1%84%83%E1%85%A1-%E1%84%91%E1%85%A2%E1%86%AB%E1%84%8E%E1%85%B3-p07223032.html,https://static.zara.net/assets/public/464c/2df3/d6204eb59313/25b7d2a30041/07223032407-1-p/07223032407-1-p.jpg?ts=1772629563765,"₩55,900",,,260622,블루,,,,
,false,,ZARA,상의,티셔츠,여성,워싱 이펙트 반소매 티셔츠,https://www.zara.com/kr/ko/%E1%84%8B%E1%85%AF%E1%84%89%E1%85%B5%E1%84%83%E1%85%B3-%E1%84%8B%E1%85%B5%E1%84%91%E1%85%A6%E1%86%A8%E1%84%90%E1%85%B3-%E1%84%87%E1%85%A1%E1%86%AB%E1%84%89%E1%85%A9%E1%84%86%E1%85%A2-%E1%84%90%E1%85%B5%E1%84%89%E1%85%A7%E1%84%8E%E1%85%B3-p08417153.html,https://static.zara.net/assets/public/d581/ca8a/8d8e4df8b00c/0496a4d35861/08417153515-f1/08417153515-f1.jpg?ts=1776337709152,"₩39,900",,,260622,올리브,,,,
,false,,ZARA,바지,슬랙스,여성,워싱 이펙트 팬츠,https://www.zara.com/kr/ko/%E1%84%8B%E1%85%AF%E1%84%89%E1%85%B5%E1%84%83%E1%85%B3-%E1%84%8B%E1%85%B5%E1%84%91%E1%85%A6%E1%86%A8%E1%84%90%E1%85%B3-%E1%84%91%E1%85%A2%E1%86%AB%E1%84%8E%E1%85%B3-p08417154.html,https://static.zara.net/assets/public/52a1/a785/550f452695c1/f5bdaa3d6a19/08417154515-f1/08417154515-f1.jpg?ts=1776337712538,"₩49,900",,,260622,올리브,,,,
,false,,ZARA,기타,SWEATSHIRT,여성,플러시 지퍼 재킷,https://www.zara.com/kr/ko/%E1%84%91%E1%85%B3%E1%86%AF%E1%84%85%E1%85%A5%E1%84%89%E1%85%B5-%E1%84%8C%E1%85%B5%E1%84%91%E1%85%A5-%E1%84%8C%E1%85%A2%E1%84%8F%E1%85%B5%E1%86%BA-p04174816.html,https://static.zara.net/assets/public/3ae7/1d33/88b74450978b/b13199b4abda/04174816621-f1/04174816621-f1.jpg?ts=1778230624216,"₩49,900",,,260622,파스텔 로즈,,,,
,false,,ZARA,바지,슬랙스,여성,플러시 플레어 팬츠,https://www.zara.com/kr/ko/%E1%84%91%E1%85%B3%E1%86%AF%E1%84%85%E1%85%A5%E1%84%89%E1%85%B5-%E1%84%91%E1%85%B3%E1%86%AF%E1%84%85%E1%85%A6%E1%84%8B%E1%85%A5-%E1%84%91%E1%85%A2%E1%86%AB%E1%84%8E%E1%85%B3-p04174817.html,https://static.zara.net/assets/public/ac31/cf9f/8cdc4178bb8c/7b5eef08d935/04174817621-f1/04174817621-f1.jpg?ts=1778230621269,"₩45,900",,,260622,파스텔 로즈,,,,
,false,,ZARA,상의,니트,여성,오버사이즈 메탈릭 얀 니트 탑,https://www.zara.com/kr/ko/%E1%84%8B%E1%85%A9%E1%84%87%E1%85%A5%E1%84%89%E1%85%A1%E1%84%8B%E1%85%B5%E1%84%8C%E1%85%B3-%E1%84%86%E1%85%A6%E1%84%90%E1%85%A1%E1%86%AF%E1%84%85%E1%85%B5%E1%86%A8-%E1%84%8B%E1%85%A3%E1%86%AB-%E1%84%82%E1%85%B5%E1%84%90%E1%85%B3-%E1%84%90%E1%85%A1%E1%86%B8-p02804002.html,https://static.zara.net/assets/public/6087/2d75/c2c541b5be4d/f899737dd1c0/02804002808-e1/02804002808-e1.jpg?ts=1779969157455,"₩89,900",,,260622,실버,,,,
,false,,ZARA,바지,슬랙스,여성,메탈릭 얀 니트 벌룬 팬츠,https://www.zara.com/kr/ko/%E1%84%86%E1%85%A6%E1%84%90%E1%85%A1%E1%86%AF%E1%84%85%E1%85%B5%E1%86%A8-%E1%84%8B%E1%85%A3%E1%86%AB-%E1%84%82%E1%85%B5%E1%84%90%E1%85%B3-%E1%84%87%E1%85%A5%E1%86%AF%E1%84%85%E1%85%AE%E1%86%AB-%E1%84%91%E1%85%A2%E1%86%AB%E1%84%8E%E1%85%B3-p02804003.html,https://static.zara.net/assets/public/69fe/adc0/dfb54acebba2/c0fabb30c0e9/02804003808-e1/02804003808-e1.jpg?ts=1779969152833,"₩109,900",,,260622,실버,,,,
,false,,ZARA,상의,셔츠/블라우스,여성,스트라이프 오픈백 탑,https://www.zara.com/kr/ko/%E1%84%89%E1%85%B3%E1%84%90%E1%85%B3%E1%84%85%E1%85%A1%E1%84%8B%E1%85%B5%E1%84%91%E1%85%B3-%E1%84%8B%E1%85%A9%E1%84%91%E1%85%B3%E1%86%AB%E1%84%87%E1%85%A2%E1%86%A8-%E1%84%90%E1%85%A1%E1%86%B8-p07484100.html,https://static.zara.net/assets/public/fe37/d5c7/feb44a94b75d/30a2ee7d54a6/07484100424-f1/07484100424-f1.jpg?ts=1779791930646,"₩45,900",,,260622,다크 터키블루,,,,
,false,,ZARA,바지,슬랙스,여성,스트라이프 와이드 팬츠,https://www.zara.com/kr/ko/%E1%84%89%E1%85%B3%E1%84%90%E1%85%B3%E1%84%85%E1%85%A1%E1%84%8B%E1%85%B5%E1%84%91%E1%85%B3-%E1%84%8B%E1%85%AA%E1%84%8B%E1%85%B5%E1%84%83%E1%85%B3-%E1%84%91%E1%85%A2%E1%86%AB%E1%84%8E%E1%85%B3-p07484097.html,https://static.zara.net/assets/public/1b8e/6ce1/0c36472f9751/ac9481f47450/07484097402-f1/07484097402-f1.jpg?ts=1779720420636,"₩57,900",,,260622,터키블루,,,,
,false,,ZARA,상의,셔츠/블라우스,여성,스트라이프 오픈백 탑,https://www.zara.com/kr/ko/%E1%84%89%E1%85%B3%E1%84%90%E1%85%B3%E1%84%85%E1%85%A1%E1%84%8B%E1%85%B5%E1%84%91%E1%85%B3-%E1%84%8B%E1%85%A9%E1%84%91%E1%85%B3%E1%86%AB%E1%84%87%E1%85%A2%E1%86%A8-%E1%84%90%E1%85%A1%E1%86%B8-p07484100.html,https://static.zara.net/assets/public/fe37/d5c7/feb44a94b75d/30a2ee7d54a6/07484100424-f1/07484100424-f1.jpg?ts=1779791930646,"₩45,900",,,260622,다크 터키블루,,,,
,false,,ZARA,바지,슬랙스,여성,스트라이프 와이드 팬츠,https://www.zara.com/kr/ko/%E1%84%89%E1%85%B3%E1%84%90%E1%85%B3%E1%84%85%E1%85%A1%E1%84%8B%E1%85%B5%E1%84%91%E1%85%B3-%E1%84%8B%E1%85%AA%E1%84%8B%E1%85%B5%E1%84%83%E1%85%B3-%E1%84%91%E1%85%A2%E1%86%AB%E1%84%8E%E1%85%B3-p07484097.html,https://static.zara.net/assets/public/3d9e/0c1c/03c54d5c8c68/62b7982703fa/07484097402-p/07484097402-p.jpg?ts=1779873867579,"₩57,900",,,260622,터키블루,,,,
,false,,ZARA,상의,셔츠/블라우스,여성,ZW 컬렉션 자카드 레이스 탑,https://www.zara.com/kr/ko/zw-%E1%84%8F%E1%85%A5%E1%86%AF%E1%84%85%E1%85%A6%E1%86%A8%E1%84%89%E1%85%A7%E1%86%AB-%E1%84%8C%E1%85%A1%E1%84%8F%E1%85%A1%E1%84%83%E1%85%B3-%E1%84%85%E1%85%A6%E1%84%8B%E1%85%B5%E1%84%89%E1%85%B3-%E1%84%90%E1%85%A1%E1%86%B8-p05107066.html,https://static.zara.net/assets/public/71d7/a015/594d493295c1/41a0b0755f9f/05107066321-000-p/05107066321-000-p.jpg?ts=1774862238888,"₩59,900",,,260622,파스텔 옐로우,,,,
,false,,ZARA,바지,버뮤다 팬츠,여성,ZW 컬렉션 레이스 자카드 쇼츠,https://www.zara.com/kr/ko/zw-%E1%84%8F%E1%85%A5%E1%86%AF%E1%84%85%E1%85%A6%E1%86%A8%E1%84%89%E1%85%A7%E1%86%AB-%E1%84%85%E1%85%A6%E1%84%8B%E1%85%B5%E1%84%89%E1%85%B3-%E1%84%8C%E1%85%A1%E1%84%8F%E1%85%A1%E1%84%83%E1%85%B3-%E1%84%89%E1%85%AD%E1%84%8E%E1%85%B3-p05107084.html,https://static.zara.net/assets/public/8216/a4ee/22b944ae9287/69db871b3b17/05107084321-000-p/05107084321-000-p.jpg?ts=1774862239470,"₩59,900",,,260622,파스텔 옐로우,,,,
,false,,ZARA,기타,SWEATSHIRT,여성,피케 하이넥 티셔츠,https://www.zara.com/kr/ko/%E1%84%91%E1%85%B5%E1%84%8F%E1%85%A6-%E1%84%92%E1%85%A1%E1%84%8B%E1%85%B5%E1%84%82%E1%85%A6%E1%86%A8-%E1%84%90%E1%85%B5%E1%84%89%E1%85%A7%E1%84%8E%E1%85%B3-p05067177.html,https://static.zara.net/assets/public/1625/ffcf/d77340f4be54/4de599c7b8b9/05067177716-f1/05067177716-f1.jpg?ts=1769212082985,"₩45,900",,,260622,다크 브라운,,,,
,false,,ZARA,바지,슬랙스,여성,기본 피케 팬츠,https://www.zara.com/kr/ko/%E1%84%87%E1%85%A6%E1%84%8B%E1%85%B5%E1%84%89%E1%85%B5%E1%86%A8-%E1%84%91%E1%85%B5%E1%84%8F%E1%85%A6-%E1%84%91%E1%85%A2%E1%86%AB%E1%84%8E%E1%85%B3-p05067165.html,https://static.zara.net/assets/public/602b/5ef9/48a14eb69a66/fe3712cc6e54/05067176716-f1/05067176716-f1.jpg?ts=1769211974141,"₩49,900",,,260622,다크 브라운,,,,
,false,,ZARA,기타,WAISTCOAT,여성,리본 홀터넥 탑,https://www.zara.com/kr/ko/%E1%84%85%E1%85%B5%E1%84%87%E1%85%A9%E1%86%AB-%E1%84%92%E1%85%A9%E1%86%AF%E1%84%90%E1%85%A5%E1%84%82%E1%85%A6%E1%86%A8-%E1%84%90%E1%85%A1%E1%86%B8-p02010845.html,https://static.zara.net/assets/public/96dd/6857/0f0a491e93d4/f8d889daaa83/02010845527-f1/02010845527-f1.jpg?ts=1776236402120,"₩55,900",,,260622,미디움 그린,,,,
,false,,ZARA,바지,버뮤다 팬츠,여성,리본 디테일 스커트 팬츠,https://www.zara.com/kr/ko/%E1%84%85%E1%85%B5%E1%84%87%E1%85%A9%E1%86%AB-%E1%84%89%E1%85%B3%E1%84%8F%E1%85%A5%E1%84%90%E1%85%B3-%E1%84%91%E1%85%A2%E1%86%AB%E1%84%8E%E1%85%B3-p03067438.html,https://static.zara.net/assets/public/eb1e/716e/8acf4af49e7b/58ce3b84b15c/03067438527-f1/03067438527-f1.jpg?ts=1776236404391,"₩49,900",,,260622,미디움 그린,,,,
,false,,ZARA,상의,탑,여성,루즈 홀터넥 탑,https://www.zara.com/kr/ko/%E1%84%85%E1%85%AE%E1%84%8C%E1%85%B3-%E1%84%92%E1%85%A9%E1%86%AF%E1%84%90%E1%85%A5%E1%84%82%E1%85%A6%E1%86%A8-%E1%84%90%E1%85%A1%E1%86%B8-p01165091.html,https://static.zara.net/assets/public/5345/f840/776144f88336/3ac422e01d29/01165091712-p/01165091712-p.jpg?ts=1772726883175,"₩45,900",,,260622,크림,,,,
,false,,ZARA,치마,스커트,여성,플루이드 언밸런스 스커트,https://www.zara.com/kr/ko/%E1%84%91%E1%85%B3%E1%86%AF%E1%84%85%E1%85%AE%E1%84%8B%E1%85%B5%E1%84%83%E1%85%B3-%E1%84%8B%E1%85%A5%E1%86%AB%E1%84%87%E1%85%A2%E1%86%AF%E1%84%85%E1%85%A5%E1%86%AB%E1%84%89%E1%85%B3-%E1%84%89%E1%85%B3%E1%84%8F%E1%85%A5%E1%84%90%E1%85%B3-p01165092.html,https://static.zara.net/assets/public/2300/4999/ed4641ea95da/a4a7b535af7b/01165092712-p/01165092712-p.jpg?ts=1772726888983,"₩49,900",,,260622,크림,,,,
,false,,ZARA,상의,셔츠/블라우스,여성,쇼트 슬리브 플루이드 셔츠,https://www.zara.com/kr/ko/%E1%84%89%E1%85%AD%E1%84%90%E1%85%B3-%E1%84%89%E1%85%B3%E1%86%AF%E1%84%85%E1%85%B5%E1%84%87%E1%85%B3-%E1%84%91%E1%85%B3%E1%86%AF%E1%84%85%E1%85%AE%E1%84%8B%E1%85%B5%E1%84%83%E1%85%B3-%E1%84%89%E1%85%A7%E1%84%8E%E1%85%B3-p01608322.html,https://static.zara.net/assets/public/6b7a/b415/87c442f7887d/4c00e89d9442/01608322600-p/01608322600-p.jpg?ts=1780659557858,"₩55,900",,,260622,레드,,,,
,false,,ZARA,바지,버뮤다 팬츠,여성,엘라스틱 허리 루즈핏 쇼츠,https://www.zara.com/kr/ko/%E1%84%8B%E1%85%A6%E1%86%AF%E1%84%85%E1%85%A1%E1%84%89%E1%85%B3%E1%84%90%E1%85%B5%E1%86%A8-%E1%84%92%E1%85%A5%E1%84%85%E1%85%B5-%E1%84%85%E1%85%AE%E1%84%8C%E1%85%B3%E1%84%91%E1%85%B5%E1%86%BA-%E1%84%89%E1%85%AD%E1%84%8E%E1%85%B3-p01608222.html,https://static.zara.net/assets/public/4c00/7475/07444d25be42/7d78cdb6f1c9/01608222600-f1/01608222600-f1.jpg?ts=1780501697970,"₩49,900",,,260622,레드,,,,
,false,,ZARA,아우터,블레이저,여성,린넨 롤업 슬리브 더블 브레스트 블레이저,https://www.zara.com/kr/ko/%E1%84%85%E1%85%B5%E1%86%AB%E1%84%82%E1%85%A6%E1%86%AB-%E1%84%85%E1%85%A9%E1%86%AF%E1%84%8B%E1%85%A5%E1%86%B8-%E1%84%89%E1%85%B3%E1%86%AF%E1%84%85%E1%85%B5%E1%84%87%E1%85%B3-%E1%84%83%E1%85%A5%E1%84%87%E1%85%B3%E1%86%AF-%E1%84%87%E1%85%B3%E1%84%85%E1%85%A6%E1%84%89%E1%85%B3%E1%84%90%E1%85%B3-%E1%84%87%E1%85%B3%E1%86%AF%E1%84%85%E1%85%A6%E1%84%8B%E1%85%B5%E1%84%8C%E1%85%A5-p02518759.html,https://static.zara.net/assets/public/7574/99e6/1ae947f0a0d8/84e4276b33e1/02518759401-f1/02518759401-f1.jpg?ts=1772701647498,"₩89,900",,,260622,네이비,,,,
,false,,ZARA,바지,슬랙스,여성,린넨 스트레이트 팬츠,https://www.zara.com/kr/ko/%E1%84%85%E1%85%B5%E1%86%AB%E1%84%82%E1%85%A6%E1%86%AB-%E1%84%89%E1%85%B3%E1%84%90%E1%85%B3%E1%84%85%E1%85%A6%E1%84%8B%E1%85%B5%E1%84%90%E1%85%B3-%E1%84%91%E1%85%A2%E1%86%AB%E1%84%8E%E1%85%B3-p02517759.html,https://static.zara.net/assets/public/ae38/ecd0/2ade49b18c50/d6b810f193c9/02621759401-p/02621759401-p.jpg?ts=1772796761679,"₩59,900",,,260622,네이비,,,,
,false,,ZARA,상의,티셔츠,여성,러스틱 슬리브리스 탑,https://www.zara.com/kr/ko/%E1%84%85%E1%85%A5%E1%84%89%E1%85%B3%E1%84%90%E1%85%B5%E1%86%A8-%E1%84%89%E1%85%B3%E1%86%AF%E1%84%85%E1%85%B5%E1%84%87%E1%85%B3%E1%84%85%E1%85%B5%E1%84%89%E1%85%B3-%E1%84%90%E1%85%A1%E1%86%B8-p01165104.html,https://static.zara.net/assets/public/4405/893a/d41545ee9fad/a34e626d0d72/01165104807-p/01165104807-p.jpg?ts=1781704956595,"₩35,900",,,260622,콜 그레이,,,,
,false,,ZARA,바지,슬랙스,여성,스트레이트 러스틱 팬츠,https://www.zara.com/kr/ko/%E1%84%89%E1%85%B3%E1%84%90%E1%85%B3%E1%84%85%E1%85%A6%E1%84%8B%E1%85%B5%E1%84%90%E1%85%B3-%E1%84%85%E1%85%A5%E1%84%89%E1%85%B3%E1%84%90%E1%85%B5%E1%86%A8-%E1%84%91%E1%85%A2%E1%86%AB%E1%84%8E%E1%85%B3-p01165105.html,https://static.zara.net/assets/public/6048/cb1c/f764497fa68d/95988595dd08/01165105807-f1/01165105807-f1.jpg?ts=1773317774941,"₩49,900",,,260622,콜 그레이,,,,
,false,,ZARA,상의,티셔츠,여성,러스틱 슬리브리스 탑,https://www.zara.com/kr/ko/%E1%84%85%E1%85%A5%E1%84%89%E1%85%B3%E1%84%90%E1%85%B5%E1%86%A8-%E1%84%89%E1%85%B3%E1%86%AF%E1%84%85%E1%85%B5%E1%84%87%E1%85%B3%E1%84%85%E1%85%B5%E1%84%89%E1%85%B3-%E1%84%90%E1%85%A1%E1%86%B8-p01165104.html,https://static.zara.net/assets/public/92ee/7d14/95e54ba1a66e/19b112bfc02d/01165104807-f1/01165104807-f1.jpg?ts=1773317749502,"₩35,900",,,260622,콜 그레이,,,,
,false,,ZARA,바지,슬랙스,여성,스트레이트 러스틱 팬츠,https://www.zara.com/kr/ko/%E1%84%89%E1%85%B3%E1%84%90%E1%85%B3%E1%84%85%E1%85%A6%E1%84%8B%E1%85%B5%E1%84%90%E1%85%B3-%E1%84%85%E1%85%A5%E1%84%89%E1%85%B3%E1%84%90%E1%85%B5%E1%86%A8-%E1%84%91%E1%85%A2%E1%86%AB%E1%84%8E%E1%85%B3-p01165105.html,https://static.zara.net/assets/public/6048/cb1c/f764497fa68d/95988595dd08/01165105807-f1/01165105807-f1.jpg?ts=1773317774941,"₩49,900",,,260622,콜 그레이,,,,
,false,,ZARA,상의,셔츠/블라우스,여성,ZW 컬렉션 린넨 벨트 탑,https://www.zara.com/kr/ko/zw-%E1%84%8F%E1%85%A5%E1%86%AF%E1%84%85%E1%85%A6%E1%86%A8%E1%84%89%E1%85%A7%E1%86%AB-%E1%84%85%E1%85%B5%E1%86%AB%E1%84%82%E1%85%A6%E1%86%AB-%E1%84%87%E1%85%A6%E1%86%AF%E1%84%90%E1%85%B3-%E1%84%90%E1%85%A1%E1%86%B8-p01110064.html,https://static.zara.net/assets/public/fe05/2075/d95342528da6/c2c0a71d8875/01110064505-p/01110064505-p.jpg?ts=1775817616471,"₩109,900",,,260622,카키,,,,
,false,,ZARA,바지,슬랙스,여성,린넨 와이드 팬츠 ZW 컬렉션,https://www.zara.com/kr/ko/%E1%84%85%E1%85%B5%E1%86%AB%E1%84%82%E1%85%A6%E1%86%AB-%E1%84%8B%E1%85%AA%E1%84%8B%E1%85%B5%E1%84%83%E1%85%B3-%E1%84%91%E1%85%A2%E1%86%AB%E1%84%8E%E1%85%B3-zw-%E1%84%8F%E1%85%A5%E1%86%AF%E1%84%85%E1%85%A6%E1%86%A8%E1%84%89%E1%85%A7%E1%86%AB-p01924064.html,https://static.zara.net/assets/public/583c/4516/00e2414d9a0b/8a86f77bca28/01924064505-p/01924064505-p.jpg?ts=1775817616650,"₩129,900",,,260622,카키,,,,
,false,,ZARA,상의,탑,여성,스트랩 니트 탑,https://www.zara.com/kr/ko/%E1%84%89%E1%85%B3%E1%84%90%E1%85%B3%E1%84%85%E1%85%A2%E1%86%B8-%E1%84%82%E1%85%B5%E1%84%90%E1%85%B3-%E1%84%90%E1%85%A1%E1%86%B8-p02756043.html,https://static.zara.net/assets/public/4b93/7958/762446aca088/3febaa7349a9/02756043700-p/02756043700-p.jpg?ts=1779205292418,"₩35,900",,,260622,브라운,,,,
,false,,ZARA,치마,스커트,여성,비대칭 니트 미디 스커트,https://www.zara.com/kr/ko/%E1%84%82%E1%85%B5%E1%84%90%E1%85%B3-%E1%84%87%E1%85%B5%E1%84%83%E1%85%A2%E1%84%8E%E1%85%B5%E1%86%BC-%E1%84%86%E1%85%B5%E1%84%83%E1%85%B5-%E1%84%89%E1%85%B3%E1%84%8F%E1%85%A5%E1%84%90%E1%85%B3-p02756045.html,https://static.zara.net/assets/public/ee29/cdfe/340d4f4db67e/edc70804b3cd/02756045700-f1/02756045700-f1.jpg?ts=1779111664277,"₩55,900",,,260622,브라운,,,,
,false,,ZARA,아우터,블레이저,여성,ZW 컬렉션 limited edition 타이트핏 블레이저,https://www.zara.com/kr/ko/zw-%E1%84%8F%E1%85%A5%E1%86%AF%E1%84%85%E1%85%A6%E1%86%A8%E1%84%89%E1%85%A7%E1%86%AB-limited-edition-%E1%84%90%E1%85%A1%E1%84%8B%E1%85%B5%E1%84%90%E1%85%B3%E1%84%91%E1%85%B5%E1%86%BA-%E1%84%87%E1%85%B3%E1%86%AF%E1%84%85%E1%85%A6%E1%84%8B%E1%85%B5%E1%84%8C%E1%85%A5-p03004369.html,https://static.zara.net/assets/public/e759/c945/7e564b629e7b/9a5f78a37dd1/03004369711-p/03004369711-p.jpg?ts=1776070089694,"₩169,900",,,260622,샌드,,,,
,false,,ZARA,바지,슬랙스,여성,ZW COLLECTION LIMITED EDITION 플리츠 팬츠,https://www.zara.com/kr/ko/zw-collection-limited-edition-%E1%84%90%E1%85%A5%E1%86%A8-%E1%84%83%E1%85%B5%E1%84%90%E1%85%A6%E1%84%8B%E1%85%B5%E1%86%AF-%E1%84%91%E1%85%A2%E1%86%AB%E1%84%8E%E1%85%B3-p03012369.html,https://static.zara.net/assets/public/89d8/59f6/268241e3ac82/6f3cf8eff7c3/03012369711-p/03012369711-p.jpg?ts=1776070092081,"₩109,900",,,260622,샌드,,,,
,false,,ZARA,상의,셔츠/블라우스,여성,리넨 셔링 홀터넥 탑,https://www.zara.com/kr/ko/%E1%84%85%E1%85%B5%E1%84%82%E1%85%A6%E1%86%AB-%E1%84%89%E1%85%A7%E1%84%85%E1%85%B5%E1%86%BC-%E1%84%92%E1%85%A9%E1%86%AF%E1%84%90%E1%85%A5%E1%84%82%E1%85%A6%E1%86%A8-%E1%84%90%E1%85%A1%E1%86%B8-p08741222.html,https://static.zara.net/assets/public/76f1/0b5d/e40b4da29f22/cb9424f6893e/08741222605-000-p/08741222605-000-p.jpg?ts=1779708358301,"₩49,900",,,260622,석류,,,,
,false,,ZARA,치마,스커트,여성,린넨 러플 미디 스커트,https://www.zara.com/kr/ko/%E1%84%85%E1%85%B5%E1%86%AB%E1%84%82%E1%85%A6%E1%86%AB-%E1%84%91%E1%85%B3%E1%84%85%E1%85%B5%E1%86%AF-%E1%84%86%E1%85%B5%E1%84%83%E1%85%B5-%E1%84%89%E1%85%B3%E1%84%8F%E1%85%A5%E1%84%90%E1%85%B3-p08741223.html,https://static.zara.net/assets/public/76f1/0b5d/e40b4da29f22/cb9424f6893e/08741222605-000-p/08741222605-000-p.jpg?ts=1779708358301,"₩59,900",,,260622,석류,,,,
,false,,ZARA,상의,니트,여성,포인텔 니트 스웨터,https://www.zara.com/kr/ko/%E1%84%91%E1%85%A9%E1%84%8B%E1%85%B5%E1%86%AB%E1%84%90%E1%85%A6%E1%86%AF-%E1%84%82%E1%85%B5%E1%84%90%E1%85%B3-%E1%84%89%E1%85%B3%E1%84%8B%E1%85%B0%E1%84%90%E1%85%A5-p05802016.html,https://static.zara.net/assets/public/ea2a/30ca/6c0a481b941b/b2bf03b597bb/05802016711-p/05802016711-p.jpg?ts=1777367105445,"₩49,900",,,260622,샌드,,,,
,false,,ZARA,치마,스커트,여성,포인텔 니트 미니 스커트,https://www.zara.com/kr/ko/%E1%84%91%E1%85%A9%E1%84%8B%E1%85%B5%E1%86%AB%E1%84%90%E1%85%A6%E1%86%AF-%E1%84%82%E1%85%B5%E1%84%90%E1%85%B3-%E1%84%86%E1%85%B5%E1%84%82%E1%85%B5-%E1%84%89%E1%85%B3%E1%84%8F%E1%85%A5%E1%84%90%E1%85%B3-p05802018.html,https://static.zara.net/assets/public/b411/dcef/633d45f3a68d/3c3c2a4c9e62/05802018711-p/05802018711-p.jpg?ts=1777367111180,"₩39,900",,,260622,샌드,,,,
,false,,ZARA,상의,셔츠/블라우스,여성,ZW 컬렉션 린넨 포켓 셔츠,https://www.zara.com/kr/ko/zw-%E1%84%8F%E1%85%A5%E1%86%AF%E1%84%85%E1%85%A6%E1%86%A8%E1%84%89%E1%85%A7%E1%86%AB-100-%E1%84%85%E1%85%B5%E1%86%AB%E1%84%82%E1%85%A6%E1%86%AB-%E1%84%91%E1%85%A9%E1%84%8F%E1%85%A6%E1%86%BA-%E1%84%89%E1%85%A7%E1%84%8E%E1%85%B3-p05344010.html,https://static.zara.net/assets/public/668c/0a01/60e54c8eb125/a75cd8743443/05344010700-f1/05344010700-f1.jpg?ts=1773995297044,"₩79,900",,,260622,브라운,,,,
,false,,ZARA,바지,슬랙스,여성,100% 리넨 배럴 팬츠 ZW 컬렉션,https://www.zara.com/kr/ko/100-%E1%84%85%E1%85%B5%E1%86%AB%E1%84%82%E1%85%A6%E1%86%AB-%E1%84%87%E1%85%A2%E1%84%85%E1%85%A5%E1%86%AF-%E1%84%91%E1%85%A2%E1%86%AB%E1%84%8E%E1%85%B3-zw-%E1%84%8F%E1%85%A5%E1%86%AF%E1%84%85%E1%85%A6%E1%86%A8%E1%84%89%E1%85%A7%E1%86%AB-p04344045.html,https://static.zara.net/assets/public/da85/3796/d60549228f12/c534f956a29d/04344045700-f1/04344045700-f1.jpg?ts=1773995332378,"₩89,900",,,260622,브라운,,,,
,false,,ZARA,상의,셔츠/블라우스,여성,스트라이프 폴로 칼라 셔츠,https://www.zara.com/kr/ko/%E1%84%89%E1%85%B3%E1%84%90%E1%85%B3%E1%84%85%E1%85%A1%E1%84%8B%E1%85%B5%E1%84%91%E1%85%B3-%E1%84%91%E1%85%A9%E1%86%AF%E1%84%85%E1%85%A9%E1%84%89%E1%85%A7%E1%84%8E%E1%85%B3-p01971173.html,https://static.zara.net/assets/public/ded3/6afe/31f24c8baa7a/94de397cc817/02298273330-f1/02298273330-f1.jpg?ts=1779707403416,"₩57,900",,,260622,멀티컬러,,,,
,false,,ZARA,바지,슬랙스,여성,스트라이프 와이드 팬츠,https://www.zara.com/kr/ko/%E1%84%89%E1%85%B3%E1%84%90%E1%85%B3%E1%84%85%E1%85%A1%E1%84%8B%E1%85%B5%E1%84%91%E1%85%B3-%E1%84%8B%E1%85%AA%E1%84%8B%E1%85%B5%E1%84%83%E1%85%B3-%E1%84%91%E1%85%A2%E1%86%AB%E1%84%8E%E1%85%B3-p01971073.html,https://static.zara.net/assets/public/9dbd/8c64/78ee4081a834/8e3cc1b3e15d/01971073330-f1/01971073330-f1.jpg?ts=1779704862472,"₩59,900",,,260622,멀티컬러,,,,
,false,,ZARA,치마,스커트,여성,프린지 파레오 미디 스커트,https://www.zara.com/kr/ko/%E1%84%91%E1%85%B3%E1%84%85%E1%85%B5%E1%86%AB%E1%84%8C%E1%85%B5-%E1%84%86%E1%85%B5%E1%84%83%E1%85%B5-%E1%84%91%E1%85%A1%E1%84%85%E1%85%A6%E1%84%8B%E1%85%A9-%E1%84%89%E1%85%B3%E1%84%8F%E1%85%A5%E1%84%90%E1%85%B3-p08372138.html,https://static.zara.net/assets/public/48bb/2a02/a5c94ae29bc2/3e7da168d7a4/08372138700-p/08372138700-p.jpg?ts=1775748432310,"₩79,900",,,260622,브라운,,,,
,false,,ZARA,상의,셔츠/블라우스,여성,ZW 컬렉션 자수 캐미솔 탑,https://www.zara.com/kr/ko/zw-%E1%84%8F%E1%85%A5%E1%86%AF%E1%84%85%E1%85%A6%E1%86%A8%E1%84%89%E1%85%A7%E1%86%AB-%E1%84%8C%E1%85%A1%E1%84%89%E1%85%AE-%E1%84%8F%E1%85%A2%E1%84%86%E1%85%B5%E1%84%89%E1%85%A9%E1%86%AF-%E1%84%90%E1%85%A1%E1%86%B8-p01377200.html,https://static.zara.net/assets/public/a1ff/7e33/d6194dff9f4c/f1a6e2b81294/01377200814-p/01377200814-p.jpg?ts=1778767676396,"₩79,900",,,260622,"그레이,베이지",,,,
,false,,ZARA,바지,버뮤다 팬츠,여성,ZW 컬렉션 자수 쇼츠,https://www.zara.com/kr/ko/zw-%E1%84%8F%E1%85%A5%E1%86%AF%E1%84%85%E1%85%A6%E1%86%A8%E1%84%89%E1%85%A7%E1%86%AB-%E1%84%8C%E1%85%A1%E1%84%89%E1%85%AE-%E1%84%89%E1%85%AD%E1%84%8E%E1%85%B3-p01377201.html,https://static.zara.net/assets/public/01d6/cfdf/eab046c48a4c/ea20cc5a9968/01377201814-p/01377201814-p.jpg?ts=1778767682563,"₩55,900",,,260622,"그레이,베이지",,,,
,false,,ZARA,아우터,블레이저,여성,ZW 컬렉션 토글 재킷,https://www.zara.com/kr/ko/zw-%E1%84%8F%E1%85%A5%E1%86%AF%E1%84%85%E1%85%A6%E1%86%A8%E1%84%89%E1%85%A7%E1%86%AB-%E1%84%90%E1%85%A9%E1%84%80%E1%85%B3%E1%86%AF-%E1%84%8C%E1%85%A2%E1%84%8F%E1%85%B5%E1%86%BA-p02900668.html,https://static.zara.net/assets/public/29cd/7495/8f2144fcaca8/6e22aab85dd9/02900668803-p/02900668803-p.jpg?ts=1779119950831,"₩169,900",,,260622,그레이,,,,
,false,,ZARA,상의,셔츠/블라우스,여성,Z1975 벌룬 데님 홀터 탑,https://www.zara.com/kr/ko/z1975-%E1%84%92%E1%85%A9%E1%86%AF%E1%84%90%E1%85%A5%E1%84%82%E1%85%A6%E1%86%A8-%E1%84%83%E1%85%A6%E1%84%82%E1%85%B5%E1%86%B7-%E1%84%87%E1%85%A5%E1%86%AF%E1%84%85%E1%85%AE%E1%86%AB-%E1%84%90%E1%85%A1%E1%86%B8-p06147118.html,https://static.zara.net/assets/public/fc52/b768/f1fc48bdaa03/24ffd3695d4d/06147118407-p/06147118407-p.jpg?ts=1769764652961,"₩59,900",,,260622,블루,,,,
,false,,ZARA,치마,스커트,여성,Z1975 데님 미디 스커트,https://www.zara.com/kr/ko/z1975-%E1%84%83%E1%85%A6%E1%84%82%E1%85%B5%E1%86%B7-%E1%84%86%E1%85%B5%E1%84%83%E1%85%B5-%E1%84%89%E1%85%B3%E1%84%8F%E1%85%A5%E1%84%90%E1%85%B3-p06147119.html,https://static.zara.net/assets/public/94d5/0bf4/015744b6b250/fd4b7c13691d/06147119407-p/06147119407-p.jpg?ts=1769764654495,"₩59,900",,,260622,블루,,,,
,false,,ZARA,상의,셔츠/블라우스,여성,스트라이프 오버사이즈 셔츠,https://www.zara.com/kr/ko/%E1%84%89%E1%85%B3%E1%84%90%E1%85%B3%E1%84%85%E1%85%A1%E1%84%8B%E1%85%B5%E1%84%91%E1%85%B3-%E1%84%8B%E1%85%A9%E1%84%87%E1%85%A5%E1%84%89%E1%85%A1%E1%84%8B%E1%85%B5%E1%84%8C%E1%85%B3-%E1%84%89%E1%85%A7%E1%84%8E%E1%85%B3-p06011331.html,https://static.zara.net/assets/public/af9c/bc5c/ab804fefa2f2/a47af2291dad/06011331330-f1/06011331330-f1.jpg?ts=1779354610319,"₩59,900",,,260622,멀티컬러,,,,
,false,,ZARA,바지,슬랙스,여성,스트라이프 와이드 팬츠,https://www.zara.com/kr/ko/%E1%84%89%E1%85%B3%E1%84%90%E1%85%B3%E1%84%85%E1%85%A1%E1%84%8B%E1%85%B5%E1%84%91%E1%85%B3-%E1%84%8B%E1%85%AA%E1%84%8B%E1%85%B5%E1%84%83%E1%85%B3-%E1%84%91%E1%85%A2%E1%86%AB%E1%84%8E%E1%85%B3-p07753330.html,https://static.zara.net/assets/public/b72e/156f/25024ad7ada7/5ea797e73643/07753330330-f1/07753330330-f1.jpg?ts=1779354607356,"₩59,900",,,260622,멀티컬러,,,,
,false,,ZARA,상의,탑,여성,링클 페이크 니트 셔츠,https://www.zara.com/kr/ko/%E1%84%85%E1%85%B5%E1%86%BC%E1%84%8F%E1%85%B3%E1%86%AF-%E1%84%8B%E1%85%B5%E1%84%91%E1%85%A6%E1%86%A8%E1%84%90%E1%85%B3-%E1%84%82%E1%85%B5%E1%84%90%E1%85%B3-%E1%84%89%E1%85%A7%E1%84%8E%E1%85%B3-p03921027.html,https://static.zara.net/assets/public/1406/d10a/239943f6aa61/9d044dc401bc/03921027733-p/03921027733-p.jpg?ts=1779119962699,"₩109,900",,,260622,크림,,,,
,false,,ZARA,치마,스커트,여성,링클 이펙트 니트 미디 스커트,https://www.zara.com/kr/ko/%E1%84%85%E1%85%B5%E1%86%BC%E1%84%8F%E1%85%B3%E1%86%AF-%E1%84%8B%E1%85%B5%E1%84%91%E1%85%A6%E1%86%A8%E1%84%90%E1%85%B3-%E1%84%82%E1%85%B5%E1%84%90%E1%85%B3-%E1%84%86%E1%85%B5%E1%84%83%E1%85%B5-%E1%84%89%E1%85%B3%E1%84%8F%E1%85%A5%E1%84%90%E1%85%B3-p03921028.html,https://static.zara.net/assets/public/cedd/7a54/7373416f90a5/2d8e383f5be7/03921028733-f1/03921028733-f1.jpg?ts=1779184054095,"₩109,900",,,260622,크림,,,,
,false,,ZARA,상의,티셔츠,여성,인터록 트임 티셔츠,https://www.zara.com/kr/ko/%E1%84%8B%E1%85%B5%E1%86%AB%E1%84%90%E1%85%A5%E1%84%85%E1%85%A9%E1%86%A8-%E1%84%90%E1%85%B3%E1%84%8B%E1%85%B5%E1%86%B7-%E1%84%90%E1%85%B5%E1%84%89%E1%85%A7%E1%84%8E%E1%85%B3-p04174190.html,https://static.zara.net/assets/public/c8c5/324a/2d8145c484d6/5b6203e38afe/04174190570-p/04174190570-p.jpg?ts=1753285979567,"₩39,900",,,260622,라이트 라임,,,,
,false,,ZARA,바지,슬랙스,여성,인터록 팬츠,https://www.zara.com/kr/ko/%E1%84%8B%E1%85%B5%E1%86%AB%E1%84%90%E1%85%A5%E1%84%85%E1%85%A9%E1%86%A8-%E1%84%91%E1%85%A2%E1%86%AB%E1%84%8E%E1%85%B3-p04174191.html,https://static.zara.net/assets/public/b504/886e/c8da4678b801/6fd0a91199e1/04174191570-p/04174191570-p.jpg?ts=1753286326474,"₩49,900",,,260622,라이트 라임,,,,
,false,,ZARA,아우터,블레이저,여성,턱시도 블레이저,https://www.zara.com/kr/ko/%E1%84%90%E1%85%A5%E1%86%A8%E1%84%89%E1%85%B5%E1%84%83%E1%85%A9-%E1%84%87%E1%85%B3%E1%86%AF%E1%84%85%E1%85%A6%E1%84%8B%E1%85%B5%E1%84%8C%E1%85%A5-p02438593.html,https://static.zara.net/assets/public/7c32/ebde/59ad4146984f/a5413828caca/02438593251-p/02438593251-p.jpg?ts=1772543788303,"₩109,900",,,260622,스크래치 화이트,,,,
,false,,ZARA,바지,슬랙스,여성,턱시도 팬츠,https://www.zara.com/kr/ko/%E1%84%90%E1%85%A5%E1%86%A8%E1%84%89%E1%85%B5%E1%84%83%E1%85%A9-%E1%84%91%E1%85%A2%E1%86%AB%E1%84%8E%E1%85%B3-p02433593.html,https://static.zara.net/assets/public/a156/1768/41aa4b09901e/c429378251fd/02433593251-p/02433593251-p.jpg?ts=1772543763284,"₩59,900",,,260622,스크래치 화이트,,,,
,false,,ZARA,아우터,블레이저,여성,ZW 컬렉션 LIMITED EDITION 슬림 울 블레이저,https://www.zara.com/kr/ko/limited-edition-zw-%E1%84%8F%E1%85%A5%E1%86%AF%E1%84%85%E1%85%A6%E1%86%A8%E1%84%89%E1%85%A7%E1%86%AB-%E1%84%89%E1%85%B3%E1%86%AF%E1%84%85%E1%85%B5%E1%86%B7-%E1%84%8B%E1%85%AE%E1%86%AF-%E1%84%87%E1%85%B3%E1%86%AF%E1%84%85%E1%85%A6%E1%84%8B%E1%85%B5%E1%84%8C%E1%85%A5-p03002143.html,https://static.zara.net/assets/public/e1e5/c09f/b4a5492886af/406ade7d2923/03002143800-f1/03002143800-f1.jpg?ts=1776242743071,"₩239,900",,,260622,블랙,,,,
,false,,ZARA,바지,슬랙스,여성,ZW COLLECTION LIMITED EDITION 슬림핏 울 팬츠,https://www.zara.com/kr/ko/zw-collection-limited-edition-%E1%84%89%E1%85%B3%E1%86%AF%E1%84%85%E1%85%B5%E1%86%B7%E1%84%91%E1%85%B5%E1%86%BA-%E1%84%8B%E1%85%AE%E1%86%AF-%E1%84%91%E1%85%A2%E1%86%AB%E1%84%8E%E1%85%B3-p03003143.html,https://static.zara.net/assets/public/6319/3323/62a64136ba10/ae18c52d0851/03003143800-p/03003143800-p.jpg?ts=1776328655884,"₩149,900",,,260622,블랙,,,,
,false,,ZARA,기타,WAISTCOAT,여성,텍스처 버튼 베스트 탑,https://www.zara.com/kr/ko/%E1%84%90%E1%85%A6%E1%86%A8%E1%84%89%E1%85%B3%E1%84%8E%E1%85%A5-%E1%84%87%E1%85%A5%E1%84%90%E1%85%B3%E1%86%AB-%E1%84%87%E1%85%A6%E1%84%89%E1%85%B3%E1%84%90%E1%85%B3-%E1%84%90%E1%85%A1%E1%86%B8-p05039277.html,https://static.zara.net/assets/public/7303/f1f9/5666461eacdf/5a9afd11798d/05039367717-p/05039367717-p.jpg?ts=1771581403553,"₩39,900",,,260622,초콜렛,,,,
,false,,ZARA,바지,슬랙스,여성,텍스처 스트레이트 팬츠,https://www.zara.com/kr/ko/%E1%84%90%E1%85%A6%E1%86%A8%E1%84%89%E1%85%B3%E1%84%8E%E1%85%A5-%E1%84%89%E1%85%B3%E1%84%90%E1%85%B3%E1%84%85%E1%85%A6%E1%84%8B%E1%85%B5%E1%84%90%E1%85%B3-%E1%84%91%E1%85%A2%E1%86%AB%E1%84%8E%E1%85%B3-p05039278.html,https://static.zara.net/assets/public/b0bf/c49e/8f1c408a820b/cf3c501b0920/05039368717-p/05039368717-p.jpg?ts=1746180083294,"₩45,900",,,260622,초콜렛,,,,
,false,,ZARA,상의,셔츠/블라우스,여성,펀칭 자수 탑,https://www.zara.com/kr/ko/%E1%84%91%E1%85%A5%E1%86%AB%E1%84%8E%E1%85%B5%E1%86%BC-%E1%84%8C%E1%85%A1%E1%84%89%E1%85%AE-%E1%84%90%E1%85%A1%E1%86%B8-p03041996.html,https://static.zara.net/assets/public/b0a0/486c/fe154f87b7f1/e10fbf5e22c8/03041996700-p/03041996700-p.jpg?ts=1776269946964,"₩57,900",,,260622,브라운,,,,
,false,,ZARA,치마,스커트,여성,펀칭 자수 미디 스커트,https://www.zara.com/kr/ko/%E1%84%91%E1%85%A5%E1%86%AB%E1%84%8E%E1%85%B5%E1%86%BC-%E1%84%8C%E1%85%A1%E1%84%89%E1%85%AE-%E1%84%86%E1%85%B5%E1%84%83%E1%85%B5-%E1%84%89%E1%85%B3%E1%84%8F%E1%85%A5%E1%84%90%E1%85%B3-p03042996.html,https://static.zara.net/assets/public/622b/5b15/cb8d4e8a999d/41874dd57036/03042996700-p/03042996700-p.jpg?ts=1776269969703,"₩89,900",,,260622,브라운,,,,
,false,,ZARA,상의,탑,여성,더블 레이어 니트 탑,https://www.zara.com/kr/ko/%E1%84%83%E1%85%A5%E1%84%87%E1%85%B3%E1%86%AF-%E1%84%85%E1%85%A6%E1%84%8B%E1%85%B5%E1%84%8B%E1%85%A5-%E1%84%82%E1%85%B5%E1%84%90%E1%85%B3-%E1%84%90%E1%85%A1%E1%86%B8-p02488101.html,https://static.zara.net/assets/public/7c91/883b/d6ec40e2a56b/398fde1db07a/02488101250-f1/02488101250-f1.jpg?ts=1778147669377,"₩45,900",,,260622,화이트,,,,
,false,,ZARA,치마,스커트,여성,더블 레이어 니트 미디 스커트,https://www.zara.com/kr/ko/%E1%84%83%E1%85%A5%E1%84%87%E1%85%B3%E1%86%AF-%E1%84%85%E1%85%A6%E1%84%8B%E1%85%B5%E1%84%8B%E1%85%A5-%E1%84%82%E1%85%B5%E1%84%90%E1%85%B3-%E1%84%86%E1%85%B5%E1%84%83%E1%85%B5-%E1%84%89%E1%85%B3%E1%84%8F%E1%85%A5%E1%84%90%E1%85%B3-p02488114.html,https://static.zara.net/assets/public/82f3/4235/de634409a475/4b606760e596/02488101250-p/02488101250-p.jpg?ts=1778228839641,"₩59,900",,,260622,화이트,,,,
,false,,ZARA,기타,SWEATSHIRT,여성,ZA 지퍼 스웨트셔츠,https://www.zara.com/kr/ko/za-%E1%84%8C%E1%85%B5%E1%84%91%E1%85%A5-%E1%84%89%E1%85%B3%E1%84%8B%E1%85%B0%E1%84%90%E1%85%B3%E1%84%89%E1%85%A7%E1%84%8E%E1%85%B3-p05644274.html,https://static.zara.net/assets/public/c591/8c9e/f1b1416c8b69/609e93dd9880/05644274401-e1/05644274401-e1.jpg?ts=1777391421211,"₩59,900",,,260622,네이비,,,,
,false,,ZARA,바지,슬랙스,여성,ZA 조거 팬츠,https://www.zara.com/kr/ko/za-%E1%84%8C%E1%85%A9%E1%84%80%E1%85%A5-%E1%84%91%E1%85%A2%E1%86%AB%E1%84%8E%E1%85%B3-p05644275.html,https://static.zara.net/assets/public/1271/9f7d/84a34111b8ed/5e313cbe449b/05644275401-e1/05644275401-e1.jpg?ts=1777391421573,"₩55,900",,,260622,네이비,,,,
,false,,ZARA,상의,셔츠/블라우스,여성,핀 스트라이프 버튼 탑,https://www.zara.com/kr/ko/%E1%84%91%E1%85%B5%E1%86%AB-%E1%84%89%E1%85%B3%E1%84%90%E1%85%B3%E1%84%85%E1%85%A1%E1%84%8B%E1%85%B5%E1%84%91%E1%85%B3-%E1%84%90%E1%85%A6%E1%84%8B%E1%85%B5%E1%86%AF%E1%84%85%E1%85%A5%E1%84%83%E1%85%B3-%E1%84%87%E1%85%A5%E1%84%90%E1%85%B3%E1%86%AB-%E1%84%90%E1%85%A1%E1%86%B8-p02162505.html,https://static.zara.net/assets/public/30bf/8535/49c34e869916/e0686828914d/02162505801-p/02162505801-p.jpg?ts=1770990028426,"₩55,900",,,260622,다크 그레이,,,,
,false,,ZARA,바지,슬랙스,여성,핀 스트라이프 로우라이즈 팬츠,https://www.zara.com/kr/ko/%E1%84%91%E1%85%B5%E1%86%AB-%E1%84%89%E1%85%B3%E1%84%90%E1%85%B3%E1%84%85%E1%85%A1%E1%84%8B%E1%85%B5%E1%84%91%E1%85%B3-%E1%84%85%E1%85%A9%E1%84%8B%E1%85%AE%E1%84%85%E1%85%A1%E1%84%8B%E1%85%B5%E1%84%8C%E1%85%B3-%E1%84%91%E1%85%A2%E1%86%AB%E1%84%8E%E1%85%B3-p04772406.html,https://static.zara.net/assets/public/e87e/fa0f/5cb8458da08c/38792a4e5ba1/04772406801-p/04772406801-p.jpg?ts=1770990036020,"₩59,900",,,260622,다크 그레이,,,,
,false,,ZARA,기타,WAISTCOAT,여성,스트라이프 홀터넥 탑,https://www.zara.com/kr/ko/%E1%84%89%E1%85%B3%E1%84%90%E1%85%B3%E1%84%85%E1%85%A1%E1%84%8B%E1%85%B5%E1%84%91%E1%85%B3-%E1%84%92%E1%85%A9%E1%86%AF%E1%84%90%E1%85%A5%E1%84%82%E1%85%A6%E1%86%A8-%E1%84%90%E1%85%A1%E1%86%B8-p05427713.html,https://static.zara.net/assets/public/0f0d/d8a7/c5914a9788bb/a7a3999545c6/05427713044-p/05427713044-p.jpg?ts=1774371078149,"₩55,900",,,260622,"블루 ,화이트",,,,
,false,,ZARA,바지,버뮤다 팬츠,여성,미니 스트라이프 쇼츠,https://www.zara.com/kr/ko/%E1%84%86%E1%85%B5%E1%84%82%E1%85%B5-%E1%84%89%E1%85%B3%E1%84%90%E1%85%B3%E1%84%85%E1%85%A1%E1%84%8B%E1%85%B5%E1%84%91%E1%85%B3-%E1%84%89%E1%85%AD%E1%84%8E%E1%85%B3-p06929410.html,https://static.zara.net/assets/public/dff6/8e0c/f481491484d5/2404c1be0524/06929410044-p/06929410044-p.jpg?ts=1774371086387,"₩49,900",,,260622,"블루 ,화이트",,,,
,false,,ZARA,아우터,블레이저,여성,메탈릭 얀 스팽글 로브,https://www.zara.com/kr/ko/%E1%84%86%E1%85%A6%E1%84%90%E1%85%A1%E1%86%AF%E1%84%85%E1%85%B5%E1%86%A8-%E1%84%8B%E1%85%A3%E1%86%AB-%E1%84%89%E1%85%B3%E1%84%91%E1%85%A2%E1%86%BC%E1%84%80%E1%85%B3%E1%86%AF-%E1%84%85%E1%85%A9%E1%84%87%E1%85%B3-p02403980.html,https://static.zara.net/assets/public/bc15/f619/40464d558c2a/1c0ac8c4bb1d/02403980700-e1/02403980700-e1.jpg?ts=1775055707976,"₩99,900",,,260622,브라운,,,,
,false,,ZARA,바지,슬랙스,여성,메탈릭 얀 스팽글 벌룬 팬츠,https://www.zara.com/kr/ko/%E1%84%86%E1%85%A6%E1%84%90%E1%85%A1%E1%86%AF%E1%84%85%E1%85%B5%E1%86%A8-%E1%84%8B%E1%85%A3%E1%86%AB-%E1%84%89%E1%85%B3%E1%84%91%E1%85%A2%E1%86%BC%E1%84%80%E1%85%B3%E1%86%AF-%E1%84%87%E1%85%A5%E1%86%AF%E1%84%85%E1%85%AE%E1%86%AB-%E1%84%91%E1%85%A2%E1%86%AB%E1%84%8E%E1%85%B3-p02419980.html,https://static.zara.net/assets/public/dd4c/47d0/acaf4e5db3b8/716073e5d201/02419980700-e1/02419980700-e1.jpg?ts=1775041758418,"₩89,900",,,260622,브라운,,,,
,false,,ZARA,기타,WAISTCOAT,여성,루즈핏 매듭 탑,https://www.zara.com/kr/ko/%E1%84%85%E1%85%AE%E1%84%8C%E1%85%B3%E1%84%91%E1%85%B5%E1%86%BA-%E1%84%86%E1%85%A2%E1%84%83%E1%85%B3%E1%86%B8-%E1%84%90%E1%85%A1%E1%86%B8-p04387353.html,https://static.zara.net/assets/public/2717/2d01/2e8a4376a462/7793d289f66b/04387353749-f1/04387353749-f1.jpg?ts=1780409710349,"₩55,900",,,260622,다크 데님,,,,
,false,,ZARA,바지,슬랙스,여성,엘라스틱 웨이스트 와이드 팬츠,https://www.zara.com/kr/ko/%E1%84%8B%E1%85%A6%E1%86%AF%E1%84%85%E1%85%A1%E1%84%89%E1%85%B3%E1%84%90%E1%85%B5%E1%86%A8-%E1%84%8B%E1%85%B0%E1%84%8B%E1%85%B5%E1%84%89%E1%85%B3%E1%84%90%E1%85%B3-%E1%84%8B%E1%85%AA%E1%84%8B%E1%85%B5%E1%84%83%E1%85%B3-%E1%84%91%E1%85%A2%E1%86%AB%E1%84%8E%E1%85%B3-p04387253.html,https://static.zara.net/assets/public/52cc/8a33/de594351baf4/83f28d3d0af9/04387253749-f1/04387253749-f1.jpg?ts=1780409704483,"₩57,900",,,260622,다크 데님,,,,
,false,,ZARA,상의,셔츠/블라우스,여성,ZW 컬렉션 limited edition 오버사이즈 셔츠,https://www.zara.com/kr/ko/zw-collection-limited-edition-%E1%84%8B%E1%85%A9%E1%84%87%E1%85%A5%E1%84%89%E1%85%A1%E1%84%8B%E1%85%B5%E1%84%8C%E1%85%B3-%E1%84%89%E1%85%A7%E1%84%8E%E1%85%B3-p02538143.html,https://static.zara.net/assets/public/f3cd/8a82/96be44e09a50/3d4c9d6504d2/02538143052-p/02538143052-p.jpg?ts=1775723664053,"₩109,900",,,260622,라이트 베이지,,,,
,false,,ZARA,바지,슬랙스,여성,ZW 컬렉션 플리츠 팬츠 LIMITED EDITION,https://www.zara.com/kr/ko/zw-collection-limited-edition-%E1%84%90%E1%85%A5%E1%86%A8-%E1%84%83%E1%85%B5%E1%84%90%E1%85%A6%E1%84%8B%E1%85%B5%E1%86%AF-%E1%84%91%E1%85%A2%E1%86%AB%E1%84%8E%E1%85%B3-p09900143.html,https://static.zara.net/assets/public/d876/30c2/c82e42ce9f40/d3cf91e25761/09900143052-p/09900143052-p.jpg?ts=1775723722913,"₩109,900",,,260622,라이트 베이지,,,,
,false,,ZARA,기타,SWEATSHIRT,여성,긴소매 콤비 스웨트셔츠,https://www.zara.com/kr/ko/%E1%84%80%E1%85%B5%E1%86%AB%E1%84%89%E1%85%A9%E1%84%86%E1%85%A2-%E1%84%8F%E1%85%A9%E1%86%B7%E1%84%87%E1%85%B5-%E1%84%89%E1%85%B3%E1%84%8B%E1%85%B0%E1%84%90%E1%85%B3%E1%84%89%E1%85%A7%E1%84%8E%E1%85%B3-p08417151.html,https://static.zara.net/assets/public/362a/9f68/1c1a41b59c50/3067d499c2ce/08417151730-p/08417151730-p.jpg?ts=1772715428015,"₩45,900",,,260622,라이트 브라운,,,,
,false,,ZARA,바지,슬랙스,여성,벌룬 팬츠,https://www.zara.com/kr/ko/%E1%84%87%E1%85%A5%E1%86%AF%E1%84%85%E1%85%AE%E1%86%AB-%E1%84%91%E1%85%A2%E1%86%AB%E1%84%8E%E1%85%B3-p08417152.html,https://static.zara.net/assets/public/d63e/378a/279949ef83bd/ca679828b851/08417152730-p/08417152730-p.jpg?ts=1772715471618,"₩49,900",,,260622,라이트 브라운,,,,
,false,,ZARA,아우터,블레이저,여성,하이넥 재킷,https://www.zara.com/kr/ko/%E1%84%92%E1%85%A1%E1%84%8B%E1%85%B5%E1%84%82%E1%85%A6%E1%86%A8-%E1%84%8C%E1%85%A2%E1%84%8F%E1%85%B5%E1%86%BA-p02495613.html,https://static.zara.net/assets/public/7fef/9859/71d84d3eb837/fa48fae36a91/02495613251-f1/02495613251-f1.jpg?ts=1772555535696,"₩99,900",,,260622,스크래치 화이트,,,,
,false,,ZARA,바지,슬랙스,여성,조절 가능한 밑단 루즈 팬츠,https://www.zara.com/kr/ko/%E1%84%86%E1%85%B5%E1%87%80%E1%84%83%E1%85%A1%E1%86%AB-%E1%84%8C%E1%85%A9%E1%84%8C%E1%85%A5%E1%86%AF-%E1%84%85%E1%85%AE%E1%84%8C%E1%85%B3%E1%84%91%E1%85%B5%E1%86%BA-%E1%84%91%E1%85%A2%E1%86%AB%E1%84%8E%E1%85%B3-p02508613.html,https://static.zara.net/assets/public/f4d8/49db/8a6c4f59b7c5/9c37b4ece6d8/02508613251-f1/02508613251-f1.jpg?ts=1772624147999,"₩79,900",,,260622,스크래치 화이트,,,,
,false,,ZARA,기타,WAISTCOAT,여성,코르셋 홀터넥 탑,https://www.zara.com/kr/ko/%E1%84%8F%E1%85%A9%E1%84%85%E1%85%B3%E1%84%89%E1%85%A6%E1%86%BA-%E1%84%92%E1%85%A9%E1%86%AF%E1%84%90%E1%85%A5%E1%84%82%E1%85%A6%E1%86%A8-%E1%84%90%E1%85%A1%E1%86%B8-p02010851.html,https://static.zara.net/assets/public/5b2b/cecc/c8b048d394cd/aa2dcb1625ec/02010852712-p/02010852712-p.jpg?ts=1779359033144,"₩55,900",,,260622,크림,,,,
,false,,ZARA,바지,버뮤다 팬츠,여성,슬릿 스커트 팬츠,https://www.zara.com/kr/ko/%E1%84%89%E1%85%B3%E1%86%AF%E1%84%85%E1%85%B5%E1%86%BA-%E1%84%89%E1%85%B3%E1%84%8F%E1%85%A5%E1%84%90%E1%85%B3-%E1%84%91%E1%85%A2%E1%86%AB%E1%84%8E%E1%85%B3-p03067454.html,https://static.zara.net/assets/public/fa6e/55ba/b2374776a6c2/20f0a628c85a/03067454712-p/03067454712-p.jpg?ts=1779359046291,"₩49,900","₩29,900",40,260622,크림,,,,
,false,,ZARA,원피스,원피스,여성,ZW 컬렉션 린넨 튜닉 원피스,https://www.zara.com/kr/ko/zw-%E1%84%8F%E1%85%A5%E1%86%AF%E1%84%85%E1%85%A6%E1%86%A8%E1%84%89%E1%85%A7%E1%86%AB-%E1%84%85%E1%85%B5%E1%86%AB%E1%84%82%E1%85%A6%E1%86%AB-%E1%84%90%E1%85%B2%E1%84%82%E1%85%B5%E1%86%A8-%E1%84%8B%E1%85%AF%E1%86%AB%E1%84%91%E1%85%B5%E1%84%89%E1%85%B3-p01932919.html,https://static.zara.net/assets/public/212a/be31/68d64a05916b/433966c706fc/01932919756-f1/01932919756-f1.jpg?ts=1776950782813,"₩129,900",,,260622,미디움 카멜,,,,
,false,,ZARA,바지,슬랙스,여성,ZW 컬렉션 린넨 혼방 팬츠,https://www.zara.com/kr/ko/zw-%E1%84%8F%E1%85%A5%E1%86%AF%E1%84%85%E1%85%A6%E1%86%A8%E1%84%89%E1%85%A7%E1%86%AB-%E1%84%85%E1%85%B5%E1%86%AB%E1%84%82%E1%85%A6%E1%86%AB-%E1%84%87%E1%85%B3%E1%86%AF%E1%84%85%E1%85%A6%E1%86%AB%E1%84%83%E1%85%B3-%E1%84%91%E1%85%A2%E1%86%AB%E1%84%8E%E1%85%B3-p01931919.html,https://static.zara.net/assets/public/8f46/8712/bf384311b877/ef7f375ff815/01931919756-f1/01931919756-f1.jpg?ts=1776954360685,"₩109,900",,,260622,미디움 카멜,,,,
,false,,ZARA,아우터,블레이저,여성,크로스 스트링 재킷,https://www.zara.com/kr/ko/%E1%84%8F%E1%85%B3%E1%84%85%E1%85%A9%E1%84%89%E1%85%B3-%E1%84%89%E1%85%B3%E1%84%90%E1%85%B3%E1%84%85%E1%85%B5%E1%86%BC-%E1%84%8C%E1%85%A2%E1%84%8F%E1%85%B5%E1%86%BA-p04387351.html,https://static.zara.net/assets/public/28d4/a0ab/dd4f455f851e/aaba7fd836b2/04387351950-f1/04387351950-f1.jpg?ts=1778596527414,"₩59,900",,,260622,머스터드,,,,
,false,,ZARA,바지,슬랙스,여성,드로스트링 와이드 팬츠,https://www.zara.com/kr/ko/%E1%84%83%E1%85%B3%E1%84%85%E1%85%A9%E1%84%89%E1%85%B3%E1%84%90%E1%85%B3%E1%84%85%E1%85%B5%E1%86%BC-%E1%84%8B%E1%85%AA%E1%84%8B%E1%85%B5%E1%84%83%E1%85%B3-%E1%84%91%E1%85%A2%E1%86%AB%E1%84%8E%E1%85%B3-p04387251.html,https://static.zara.net/assets/public/0572/2218/23024dcda10c/9336282a4ba5/04387251950-f1/04387251950-f1.jpg?ts=1778596529152,"₩57,900",,,260622,머스터드,,,,
,false,,ZARA,기타,WAISTCOAT,여성,새틴 파이핑 뷔스티에 탑,https://www.zara.com/kr/ko/%E1%84%89%E1%85%A2%E1%84%90%E1%85%B5%E1%86%AB-%E1%84%91%E1%85%A1%E1%84%8B%E1%85%B5%E1%84%91%E1%85%B5%E1%86%BC-%E1%84%87%E1%85%B1%E1%84%89%E1%85%B3%E1%84%90%E1%85%B5%E1%84%8B%E1%85%A6-%E1%84%90%E1%85%A1%E1%86%B8-p02826593.html,https://static.zara.net/assets/public/5513/d329/291a4787a853/681ec749f6a5/02826593251-f1/02826593251-f1.jpg?ts=1777994257650,"₩57,900",,,260622,스크래치 화이트,,,,
,false,,ZARA,바지,슬랙스,여성,턱시도 팬츠,https://www.zara.com/kr/ko/%E1%84%90%E1%85%A5%E1%86%A8%E1%84%89%E1%85%B5%E1%84%83%E1%85%A9-%E1%84%91%E1%85%A2%E1%86%AB%E1%84%8E%E1%85%B3-p02433593.html,https://static.zara.net/assets/public/81e8/2bb8/727d4b51a66b/27b8e9711679/02433593251-f1/02433593251-f1.jpg?ts=1772005382290,"₩59,900",,,260622,스크래치 화이트,,,,
,false,,ZARA,치마,스커트,여성,플루이드 언밸런스 스커트,https://www.zara.com/kr/ko/%E1%84%91%E1%85%B3%E1%86%AF%E1%84%85%E1%85%AE%E1%84%8B%E1%85%B5%E1%84%83%E1%85%B3-%E1%84%8B%E1%85%A5%E1%86%AB%E1%84%87%E1%85%A2%E1%86%AF%E1%84%85%E1%85%A5%E1%86%AB%E1%84%89%E1%85%B3-%E1%84%89%E1%85%B3%E1%84%8F%E1%85%A5%E1%84%90%E1%85%B3-p01165021.html,https://static.zara.net/assets/public/836b/5b6e/98ca421d8222/028383087fee/01165021711-p/01165021711-p.jpg?ts=1768994025873,"₩55,900",,,260622,샌드,,,,
,false,,ZARA,상의,셔츠/블라우스,여성,ZW 컬렉션 자카드 언밸런스 탑,https://www.zara.com/kr/ko/zw-%E1%84%8F%E1%85%A5%E1%86%AF%E1%84%85%E1%85%A6%E1%86%A8%E1%84%89%E1%85%A7%E1%86%AB-%E1%84%8B%E1%85%A5%E1%86%AB%E1%84%87%E1%85%A2%E1%86%AF%E1%84%85%E1%85%A5%E1%86%AB%E1%84%89%E1%85%B3-%E1%84%8C%E1%85%A1%E1%84%8F%E1%85%A1%E1%84%83%E1%85%B3-%E1%84%90%E1%85%A1%E1%86%B8-p06102341.html,https://static.zara.net/assets/public/a43e/3c82/83074011a366/51807b7b958c/06102341450-f1/06102341450-f1.jpg?ts=1777019451843,"₩149,900",,,260622,베이지,,,,
,false,,ZARA,바지,슬랙스,여성,ZW 컬렉션 자카드 와이드 레그 팬츠,https://www.zara.com/kr/ko/zw-%E1%84%8F%E1%85%A5%E1%86%AF%E1%84%85%E1%85%A6%E1%86%A8%E1%84%89%E1%85%A7%E1%86%AB-%E1%84%8C%E1%85%A1%E1%84%8F%E1%85%A1%E1%84%83%E1%85%B3-%E1%84%8B%E1%85%AA%E1%84%8B%E1%85%B5%E1%84%83%E1%85%B3-%E1%84%85%E1%85%A6%E1%84%80%E1%85%B3-%E1%84%91%E1%85%A2%E1%86%AB%E1%84%8E%E1%85%B3-p01946341.html,https://static.zara.net/assets/public/ffb5/bf07/e4ee43de8c64/2ee7b7a3b906/01946341450-f1/01946341450-f1.jpg?ts=1777013259782,"₩129,900",,,260622,베이지,,,,
,false,,ZARA,기타,SWEATSHIRT,여성,플러시 지퍼 재킷,https://www.zara.com/kr/ko/%E1%84%91%E1%85%B3%E1%86%AF%E1%84%85%E1%85%A5%E1%84%89%E1%85%B5-%E1%84%8C%E1%85%B5%E1%84%91%E1%85%A5-%E1%84%8C%E1%85%A2%E1%84%8F%E1%85%B5%E1%86%BA-p04174816.html,https://static.zara.net/assets/public/79ee/ce26/6f5f4d99a5cc/de06c7f63ec3/04174816300-f1/04174816300-f1.jpg?ts=1774007649670,"₩49,900",,,260622,노랑,,,,
,false,,ZARA,바지,슬랙스,여성,플러시 플레어 팬츠,https://www.zara.com/kr/ko/%E1%84%91%E1%85%B3%E1%86%AF%E1%84%85%E1%85%A5%E1%84%89%E1%85%B5-%E1%84%91%E1%85%B3%E1%86%AF%E1%84%85%E1%85%A6%E1%84%8B%E1%85%A5-%E1%84%91%E1%85%A2%E1%86%AB%E1%84%8E%E1%85%B3-p04174817.html,https://static.zara.net/assets/public/83ad/9ea3/f41f4f71a57a/a739fefb23fa/04174817300-p/04174817300-p.jpg?ts=1781785604696,"₩45,900",,,260622,노랑,,,,
,false,,ZARA,기타,SWEATSHIRT,여성,플러시 지퍼 재킷,https://www.zara.com/kr/ko/%E1%84%91%E1%85%B3%E1%86%AF%E1%84%85%E1%85%A5%E1%84%89%E1%85%B5-%E1%84%8C%E1%85%B5%E1%84%91%E1%85%A5-%E1%84%8C%E1%85%A2%E1%84%8F%E1%85%B5%E1%86%BA-p04174816.html,https://static.zara.net/assets/public/79ee/ce26/6f5f4d99a5cc/de06c7f63ec3/04174816300-f1/04174816300-f1.jpg?ts=1774007649670,"₩49,900",,,260622,노랑,,,,
,false,,ZARA,바지,슬랙스,여성,플러시 플레어 팬츠,https://www.zara.com/kr/ko/%E1%84%91%E1%85%B3%E1%86%AF%E1%84%85%E1%85%A5%E1%84%89%E1%85%B5-%E1%84%91%E1%85%B3%E1%86%AF%E1%84%85%E1%85%A6%E1%84%8B%E1%85%A5-%E1%84%91%E1%85%A2%E1%86%AB%E1%84%8E%E1%85%B3-p04174817.html,https://static.zara.net/assets/public/f59d/9853/32424dc69ff1/0ccf916c86bd/04174817300-f1/04174817300-f1.jpg?ts=1774008141092,"₩45,900",,,260622,노랑,,,,
,false,,ZARA,아우터,블레이저,여성,ZW 컬렉션 LIMITED EDITION 자카드 블레이저,https://www.zara.com/kr/ko/zw-%E1%84%8F%E1%85%A5%E1%86%AF%E1%84%85%E1%85%A6%E1%86%A8%E1%84%89%E1%85%A7%E1%86%AB-limited-edition-%E1%84%8C%E1%85%A1%E1%84%8F%E1%85%A1%E1%84%83%E1%85%B3-%E1%84%87%E1%85%B3%E1%86%AF%E1%84%85%E1%85%A6%E1%84%8B%E1%85%B5%E1%84%8C%E1%85%A5-p03000143.html,https://static.zara.net/assets/public/b0d7/b6d9/0a7546cc990e/251e0cab6488/03000143250-p/03000143250-p.jpg?ts=1775636803031,"₩209,900",,,260622,화이트,,,,
,false,,ZARA,바지,슬랙스,여성,ZW COLLECTION LIMITED EDITION 자카드 팬츠,https://www.zara.com/kr/ko/zw-limited-edition-%E1%84%8C%E1%85%A1%E1%84%8F%E1%85%A1%E1%84%83%E1%85%B3-%E1%84%91%E1%85%A2%E1%86%AB%E1%84%8E%E1%85%B3-p06000143.html,https://static.zara.net/assets/public/acfb/df8e/19fa45dbbbb4/76766f2deba6/06000143250-p/06000143250-p.jpg?ts=1775636807896,"₩129,900",,,260622,화이트,,,,
,false,,ZARA,아우터,블레이저,여성,ZW 컬렉션 린넨 턱시도 블레이저,https://www.zara.com/kr/ko/zw-%E1%84%8F%E1%85%A5%E1%86%AF%E1%84%85%E1%85%A6%E1%86%A8%E1%84%89%E1%85%A7%E1%86%AB-%E1%84%85%E1%85%B5%E1%86%AB%E1%84%82%E1%85%A6%E1%86%AB-%E1%84%90%E1%85%A5%E1%86%A8%E1%84%89%E1%85%B5%E1%84%83%E1%85%A9-%E1%84%87%E1%85%B3%E1%86%AF%E1%84%85%E1%85%A6%E1%84%8B%E1%85%B5%E1%84%8C%E1%85%A5-p07179046.html,https://static.zara.net/assets/public/3d7f/7039/87c14abba5af/073ba0a10384/07179046250-f1/07179046250-f1.jpg?ts=1776327551523,"₩189,900",,,260622,화이트,,,,
,false,,ZARA,바지,슬랙스,여성,린넨 와이드 벨트 팬츠 ZW 컬렉션,https://www.zara.com/kr/ko/%E1%84%85%E1%85%B5%E1%86%AB%E1%84%82%E1%85%A6%E1%86%AB-%E1%84%8B%E1%85%AA%E1%84%8B%E1%85%B5%E1%84%83%E1%85%B3-%E1%84%87%E1%85%A6%E1%86%AF%E1%84%90%E1%85%B3-%E1%84%91%E1%85%A2%E1%86%AB%E1%84%8E%E1%85%B3-zw-%E1%84%8F%E1%85%A5%E1%86%AF%E1%84%85%E1%85%A6%E1%86%A8%E1%84%89%E1%85%A7%E1%86%AB-p01943904.html,https://static.zara.net/assets/public/3389/4a36/005a4d25ad6d/0ba28edec4d3/01943904250-f1/01943904250-f1.jpg?ts=1776240361035,"₩149,900",,,260622,화이트,,,,
,false,,ZARA,바지,반바지,여성,스트링 쇼츠,https://www.zara.com/kr/ko/%E1%84%89%E1%85%B3%E1%84%90%E1%85%B3%E1%84%85%E1%85%B5%E1%86%BC-%E1%84%89%E1%85%AD%E1%84%8E%E1%85%B3-p03641404.html,https://static.zara.net/assets/public/7890/9d5a/98504848b350/604d8dd17b2e/03641404600-p/03641404600-p.jpg?ts=1774544796081,"₩39,900",,,260622,레드,,,,
,false,,ZARA,바지,슬랙스,여성,스트레치 앵클 팬츠,https://www.zara.com/kr/ko/%E1%84%89%E1%85%B3%E1%84%90%E1%85%B3%E1%84%85%E1%85%A6%E1%84%8E%E1%85%B5-%E1%84%8B%E1%85%A2%E1%86%BC%E1%84%8F%E1%85%B3%E1%86%AF-%E1%84%91%E1%85%A2%E1%86%AB%E1%84%8E%E1%85%B3-p06050346.html,https://static.zara.net/assets/public/3264/a77c/b3b642c39d99/4ee74adc0d68/06050346800-f1/06050346800-f1.jpg?ts=1778659775134,"₩45,900",,,260622,블랙,,,,
,false,,ZARA,아우터,블레이저,여성,벨트 린넨 사파리 재킷,https://www.zara.com/kr/ko/%E1%84%85%E1%85%B5%E1%84%82%E1%85%A6%E1%86%AB-%E1%84%87%E1%85%A6%E1%86%AF%E1%84%90%E1%85%B3-%E1%84%89%E1%85%A1%E1%84%91%E1%85%A1%E1%84%85%E1%85%B5-%E1%84%8C%E1%85%A2%E1%84%8F%E1%85%B5%E1%86%BA-p03046196.html,https://static.zara.net/assets/public/1bbf/cca8/33964de3b312/bdd0d8aec0c4/03046196681-p/03046196681-p.jpg?ts=1774618111484,"₩79,900",,,260622,버건디,,,,
,false,,ZARA,바지,슬랙스,여성,린넨 스트레이트 팬츠,https://www.zara.com/kr/ko/%E1%84%85%E1%85%B5%E1%86%AB%E1%84%82%E1%85%A6%E1%86%AB-%E1%84%89%E1%85%B3%E1%84%90%E1%85%B3%E1%84%85%E1%85%A6%E1%84%8B%E1%85%B5%E1%84%90%E1%85%B3-%E1%84%91%E1%85%A2%E1%86%AB%E1%84%8E%E1%85%B3-p03046096.html,https://static.zara.net/assets/public/124f/f3dc/047c40dfbd73/ad24d38b1add/03046096681-p/03046096681-p.jpg?ts=1774618106627,"₩57,900",,,260622,버건디,,,,
,false,,ZARA,상의,탑,여성,소프트 버튼 재킷,https://www.zara.com/kr/ko/%E1%84%89%E1%85%A9%E1%84%91%E1%85%B3%E1%84%90%E1%85%B3-%E1%84%87%E1%85%A5%E1%84%90%E1%85%B3%E1%86%AB-%E1%84%8C%E1%85%A2%E1%84%8F%E1%85%B5%E1%86%BA-p05039222.html,https://static.zara.net/assets/public/5ddf/498e/94fe4096b191/a74c2368eb69/05039222720-f1/05039222720-f1.jpg?ts=1769212090941,"₩39,900","₩21,900",45,260622,그레이 베이지,,,,
,false,,ZARA,상의,셔츠/블라우스,여성,새틴 오프숄더 탑,https://www.zara.com/kr/ko/%E1%84%89%E1%85%A2%E1%84%90%E1%85%B5%E1%86%AB-%E1%84%8B%E1%85%A9%E1%84%91%E1%85%B3%E1%84%89%E1%85%AD%E1%86%AF%E1%84%83%E1%85%A5-%E1%84%90%E1%85%A1%E1%86%B8-p03067058.html,https://static.zara.net/assets/public/c531/1eff/6d134660adc9/07e07e223432/03067058679-p/03067058679-p.jpg?ts=1774970858808,"₩45,900",,,260622,코랄,,,,
,false,,ZARA,바지,슬랙스,여성,드로스트링 새틴 팬츠,https://www.zara.com/kr/ko/%E1%84%89%E1%85%A2%E1%84%90%E1%85%B5%E1%86%AB-%E1%84%83%E1%85%B3%E1%84%85%E1%85%A9%E1%84%89%E1%85%B3%E1%84%90%E1%85%B3%E1%84%85%E1%85%B5%E1%86%BC-%E1%84%91%E1%85%A2%E1%86%AB%E1%84%8E%E1%85%B3-p02180415.html,https://static.zara.net/assets/public/476a/f07c/4b974cee8339/e36dec6027fd/02180415649-p/02180415649-p.jpg?ts=1774970834958,"₩55,900",,,260622,"레드,코랄",,,,
,false,,ZARA,상의,셔츠/블라우스,여성,기퓌르 토글 탑,https://www.zara.com/kr/ko/%E1%84%80%E1%85%B5%E1%84%91%E1%85%B1%E1%84%85%E1%85%B3-%E1%84%90%E1%85%A9%E1%84%80%E1%85%B3%E1%86%AF-%E1%84%90%E1%85%A1%E1%86%B8-p03035478.html,https://static.zara.net/assets/public/8070/bc87/56bd4579a214/f3c6bef25ecb/03035478600-p/03035478600-p.jpg?ts=1779372571074,"₩55,900",,,260622,레드,,,,
,false,,ZARA,바지,버뮤다 팬츠,여성,기퓌르 버뮤다 팬츠,https://www.zara.com/kr/ko/%E1%84%80%E1%85%B5%E1%84%91%E1%85%B1%E1%84%85%E1%85%B3-%E1%84%87%E1%85%A5%E1%84%86%E1%85%B2%E1%84%83%E1%85%A1-%E1%84%91%E1%85%A2%E1%86%AB%E1%84%8E%E1%85%B3-p07784478.html,https://static.zara.net/assets/public/d65f/dc31/f2a14218b3c3/5aaa1ab5670a/07784478600-p/07784478600-p.jpg?ts=1779372596647,"₩55,900",,,260622,레드,,,,
,false,,ZARA,바지,슬랙스,여성,루즈 팔라초 팬츠,https://www.zara.com/kr/ko/%E1%84%85%E1%85%AE%E1%84%8C%E1%85%B3-%E1%84%91%E1%85%A1%E1%86%AF%E1%84%85%E1%85%A1%E1%84%8E%E1%85%A9-%E1%84%91%E1%85%A2%E1%86%AB%E1%84%8E%E1%85%B3-p05580005.html,https://static.zara.net/assets/public/2e8e/695c/fa1d406190d4/76521a330cfb/05580005809-f1/05580005809-f1.jpg?ts=1770907091759,"₩45,900",,,260622,미디움 그레이,,,,
,false,,ZARA,아우터,블레이저,여성,100% 린넨 더블 브레스트 블레이저,https://www.zara.com/kr/ko/100-%E1%84%85%E1%85%B5%E1%86%AB%E1%84%82%E1%85%A6%E1%86%AB-%E1%84%83%E1%85%A5%E1%84%87%E1%85%B3%E1%86%AF-%E1%84%87%E1%85%B3%E1%84%85%E1%85%A6%E1%84%89%E1%85%B3%E1%84%90%E1%85%B3-%E1%84%87%E1%85%B3%E1%86%AF%E1%84%85%E1%85%A6%E1%84%8B%E1%85%B5%E1%84%8C%E1%85%A5-p02651809.html,https://static.zara.net/assets/public/a6c2/67d0/063a447ca58b/68ed08a235db/02651809942-p/02651809942-p.jpg?ts=1773413599922,"₩129,900",,,260622,베이지 핑크,,,,
,false,,ZARA,바지,슬랙스,여성,100% 린넨 스트레이트 팬츠,https://www.zara.com/kr/ko/100-%E1%84%85%E1%85%B5%E1%86%AB%E1%84%82%E1%85%A6%E1%86%AB-%E1%84%89%E1%85%B3%E1%84%90%E1%85%B3%E1%84%85%E1%85%A6%E1%84%8B%E1%85%B5%E1%84%90%E1%85%B3-%E1%84%91%E1%85%A2%E1%86%AB%E1%84%8E%E1%85%B3-p02645809.html,https://static.zara.net/assets/public/0ed3/5e51/207c401d9eca/6b2e8f0495d2/02645809942-p/02645809942-p.jpg?ts=1773413600602,"₩89,900",,,260622,베이지 핑크,,,,
,false,,ZARA,상의,티셔츠,여성,러스틱 슬리브리스 탑,https://www.zara.com/kr/ko/%E1%84%85%E1%85%A5%E1%84%89%E1%85%B3%E1%84%90%E1%85%B5%E1%86%A8-%E1%84%89%E1%85%B3%E1%86%AF%E1%84%85%E1%85%B5%E1%84%87%E1%85%B3%E1%84%85%E1%85%B5%E1%84%89%E1%85%B3-%E1%84%90%E1%85%A1%E1%86%B8-p01165104.html,https://static.zara.net/assets/public/2808/128f/b5be4e3b8f54/807553c8dfd6/01165104681-f1/01165104681-f1.jpg?ts=1773317735658,"₩35,900",,,260622,버건디,,,,
,false,,ZARA,바지,슬랙스,여성,스트레이트 러스틱 팬츠,https://www.zara.com/kr/ko/%E1%84%89%E1%85%B3%E1%84%90%E1%85%B3%E1%84%85%E1%85%A6%E1%84%8B%E1%85%B5%E1%84%90%E1%85%B3-%E1%84%85%E1%85%A5%E1%84%89%E1%85%B3%E1%84%90%E1%85%B5%E1%86%A8-%E1%84%91%E1%85%A2%E1%86%AB%E1%84%8E%E1%85%B3-p01165105.html,https://static.zara.net/assets/public/b2a5/2c7d/8c4347318e05/d24cc13c2d7f/01165105681-f1/01165105681-f1.jpg?ts=1773317910575,"₩49,900",,,260622,버건디,,,,
,false,,ZARA,상의,셔츠/블라우스,여성,새틴 스트랩리스 리본 탑,https://www.zara.com/kr/ko/%E1%84%89%E1%85%A2%E1%84%90%E1%85%B5%E1%86%AB-%E1%84%89%E1%85%B3%E1%84%90%E1%85%B3%E1%84%85%E1%85%A2%E1%86%B8%E1%84%85%E1%85%B5%E1%84%89%E1%85%B3-%E1%84%90%E1%85%A1%E1%86%B8-p07752051.html,https://static.zara.net/assets/public/136d/2512/a67a49e787ae/93828b140104/07752051300-f1/07752051300-f1.jpg?ts=1779186420011,"₩45,900",,,260622,노랑,,,,
,false,,ZARA,바지,슬랙스,여성,드로스트링 새틴 팬츠,https://www.zara.com/kr/ko/%E1%84%89%E1%85%A2%E1%84%90%E1%85%B5%E1%86%AB-%E1%84%83%E1%85%B3%E1%84%85%E1%85%A9%E1%84%89%E1%85%B3%E1%84%90%E1%85%B3%E1%84%85%E1%85%B5%E1%86%BC-%E1%84%91%E1%85%A2%E1%86%AB%E1%84%8E%E1%85%B3-p02180415.html,https://static.zara.net/assets/public/25a4/005a/516b42b1a0bf/2fd83c0dd75d/01255509300-f1/01255509300-f1.jpg?ts=1779111787361,"₩55,900",,,260622,노랑,,,,
,false,,ZARA,상의,티셔츠,여성,러스틱 슬리브리스 탑,https://www.zara.com/kr/ko/%E1%84%85%E1%85%A5%E1%84%89%E1%85%B3%E1%84%90%E1%85%B5%E1%86%A8-%E1%84%89%E1%85%B3%E1%86%AF%E1%84%85%E1%85%B5%E1%84%87%E1%85%B3%E1%84%85%E1%85%B5%E1%84%89%E1%85%B3-%E1%84%90%E1%85%A1%E1%86%B8-p01165104.html,https://static.zara.net/assets/public/2808/128f/b5be4e3b8f54/807553c8dfd6/01165104681-f1/01165104681-f1.jpg?ts=1773317735658,"₩35,900",,,260622,버건디,,,,
,false,,ZARA,바지,슬랙스,여성,스트레이트 러스틱 팬츠,https://www.zara.com/kr/ko/%E1%84%89%E1%85%B3%E1%84%90%E1%85%B3%E1%84%85%E1%85%A6%E1%84%8B%E1%85%B5%E1%84%90%E1%85%B3-%E1%84%85%E1%85%A5%E1%84%89%E1%85%B3%E1%84%90%E1%85%B5%E1%86%A8-%E1%84%91%E1%85%A2%E1%86%AB%E1%84%8E%E1%85%B3-p01165105.html,https://static.zara.net/assets/public/b2a5/2c7d/8c4347318e05/d24cc13c2d7f/01165105681-f1/01165105681-f1.jpg?ts=1773317910575,"₩49,900",,,260622,버건디,,,,
,false,,ZARA,기타,SWEATSHIRT,여성,플러시 지퍼 재킷,https://www.zara.com/kr/ko/%E1%84%91%E1%85%B3%E1%86%AF%E1%84%85%E1%85%A5%E1%84%89%E1%85%B5-%E1%84%8C%E1%85%B5%E1%84%91%E1%85%A5-%E1%84%8C%E1%85%A2%E1%84%8F%E1%85%B5%E1%86%BA-p04174816.html,https://static.zara.net/assets/public/3ae7/1d33/88b74450978b/b13199b4abda/04174816621-f1/04174816621-f1.jpg?ts=1778230624216,"₩49,900",,,260622,파스텔 로즈,,,,
,false,,ZARA,바지,슬랙스,여성,플러시 플레어 팬츠,https://www.zara.com/kr/ko/%E1%84%91%E1%85%B3%E1%86%AF%E1%84%85%E1%85%A5%E1%84%89%E1%85%B5-%E1%84%91%E1%85%B3%E1%86%AF%E1%84%85%E1%85%A6%E1%84%8B%E1%85%A5-%E1%84%91%E1%85%A2%E1%86%AB%E1%84%8E%E1%85%B3-p04174817.html,https://static.zara.net/assets/public/ac31/cf9f/8cdc4178bb8c/7b5eef08d935/04174817621-f1/04174817621-f1.jpg?ts=1778230621269,"₩45,900",,,260622,파스텔 로즈,,,,
,false,,ZARA,기타,WIND-JACKET,여성,밑단 조절 케이프 셔츠,https://www.zara.com/kr/ko/%E1%84%8C%E1%85%A9%E1%84%8C%E1%85%A5%E1%86%AF-%E1%84%80%E1%85%A1%E1%84%82%E1%85%B3%E1%86%BC%E1%84%92%E1%85%A1%E1%86%AB-%E1%84%86%E1%85%B5%E1%87%80%E1%84%83%E1%85%A1%E1%86%AB-%E1%84%8F%E1%85%A6%E1%84%8B%E1%85%B5%E1%84%91%E1%85%B3-%E1%84%89%E1%85%A7%E1%84%8E%E1%85%B3-p08338709.html,https://static.zara.net/assets/public/5d8e/6676/e9b74d0bbab5/4d87ce1157e0/08338709644-p/08338709644-p.jpg?ts=1779440432985,"₩55,900",,,260622,라이트 로즈,,,,
,false,,ZARA,바지,슬랙스,여성,엘라스틱 웨이스트 배기 팬츠,https://www.zara.com/kr/ko/%E1%84%8B%E1%85%A6%E1%86%AF%E1%84%85%E1%85%A1%E1%84%89%E1%85%B3%E1%84%90%E1%85%B5%E1%86%A8-%E1%84%8B%E1%85%B0%E1%84%8B%E1%85%B5%E1%84%89%E1%85%B3%E1%84%90%E1%85%B3-%E1%84%87%E1%85%A2%E1%84%80%E1%85%B5-%E1%84%91%E1%85%A2%E1%86%AB%E1%84%8E%E1%85%B3-p01255478.html,https://static.zara.net/assets/public/85c4/e910/48cb45388c9e/61e9690a655e/01255478644-p/01255478644-p.jpg?ts=1779440404580,"₩59,900",,,260622,라이트 로즈,,,,
,false,,ZARA,아우터,블레이저,여성,ZW 컬렉션 오버사이즈 더블 브레스트 블레이저,https://www.zara.com/kr/ko/zw-%E1%84%8F%E1%85%A5%E1%86%AF%E1%84%85%E1%85%A6%E1%86%A8%E1%84%89%E1%85%A7%E1%86%AB-%E1%84%83%E1%85%A5%E1%84%87%E1%85%B3%E1%86%AF-%E1%84%87%E1%85%B3%E1%84%85%E1%85%A6%E1%84%89%E1%85%B3%E1%84%90%E1%85%B3-%E1%84%8B%E1%85%A9%E1%84%87%E1%85%A5%E1%84%89%E1%85%A1%E1%84%8B%E1%85%B5%E1%84%8C%E1%85%B3-%E1%84%87%E1%85%B3%E1%86%AF%E1%84%85%E1%85%A6%E1%84%8B%E1%85%B5%E1%84%8C%E1%85%A5-p02767751.html,https://static.zara.net/assets/public/0582/b8c8/d7924dba82e6/a63df28b9ce3/02767751741-f1/02767751741-f1.jpg?ts=1778595384127,"₩209,900",,,260622,아이보리,,,,
,false,,ZARA,바지,슬랙스,여성,ZW 컬렉션 콘트라스트 스티치 스트레이트 팬츠,https://www.zara.com/kr/ko/zw-%E1%84%8F%E1%85%A5%E1%86%AF%E1%84%85%E1%85%A6%E1%86%A8%E1%84%89%E1%85%A7%E1%86%AB-%E1%84%8F%E1%85%A9%E1%86%AB%E1%84%90%E1%85%B3%E1%84%85%E1%85%A1%E1%84%89%E1%85%B3%E1%84%90%E1%85%B3-%E1%84%89%E1%85%B3%E1%84%90%E1%85%B5%E1%84%8E%E1%85%B5-%E1%84%89%E1%85%B3%E1%84%90%E1%85%B3%E1%84%85%E1%85%A6%E1%84%8B%E1%85%B5%E1%84%90%E1%85%B3-%E1%84%91%E1%85%A2%E1%86%AB%E1%84%8E%E1%85%B3-p01947948.html,https://static.zara.net/assets/public/5110/0631/667f4115b627/ecbebf81db4e/01947751741-f1/01947751741-f1.jpg?ts=1778595386135,"₩129,900",,,260622,아이보리,,,,
,false,,ZARA,상의,니트,여성,비대칭 롱 니트 스웨터,https://www.zara.com/kr/ko/%E1%84%85%E1%85%A9%E1%86%BC-%E1%84%87%E1%85%B5%E1%84%83%E1%85%A2%E1%84%8E%E1%85%B5%E1%86%BC-%E1%84%82%E1%85%B5%E1%84%90%E1%85%B3-%E1%84%89%E1%85%B3%E1%84%8B%E1%85%B0%E1%84%90%E1%85%A5-p02142225.html,https://static.zara.net/assets/public/c0d5/0e3b/4e464145b608/314916807788/02142225250-e1/02142225250-e1.jpg?ts=1775570620861,"₩59,900",,,260622,화이트,,,,
,false,,ZARA,치마,스커트,여성,니트 미디 스커트,https://www.zara.com/kr/ko/%E1%84%82%E1%85%B5%E1%84%90%E1%85%B3-%E1%84%86%E1%85%B5%E1%84%83%E1%85%B5-%E1%84%89%E1%85%B3%E1%84%8F%E1%85%A5%E1%84%90%E1%85%B3-p02142252.html,https://static.zara.net/assets/public/6736/c847/60f24d9dbdb7/d23bd9bfed2e/02142252250-e1/02142252250-e1.jpg?ts=1775558915201,"₩55,900",,,260622,화이트,,,,
,false,,ZARA,상의,탑,여성,홀터넥 인터록 탑,https://www.zara.com/kr/ko/%E1%84%92%E1%85%A9%E1%86%AF%E1%84%90%E1%85%A5%E1%84%82%E1%85%A6%E1%86%A8-%E1%84%8B%E1%85%B5%E1%86%AB%E1%84%90%E1%85%A5%E1%84%85%E1%85%A9%E1%86%A8-%E1%84%90%E1%85%A1%E1%86%B8-p01131307.html,https://static.zara.net/assets/public/d355/7556/62d84f0a9b76/452f84cd44b8/01131307824-p/01131307824-p.jpg?ts=1769170617630,"₩39,900",,,260622,진한 회색,,,,
,false,,ZARA,바지,슬랙스,여성,인터록 플레어 팬츠,https://www.zara.com/kr/ko/%E1%84%8B%E1%85%B5%E1%86%AB%E1%84%90%E1%85%A5%E1%84%85%E1%85%A9%E1%86%A8-%E1%84%91%E1%85%B3%E1%86%AF%E1%84%85%E1%85%A6%E1%84%8B%E1%85%A5-%E1%84%91%E1%85%A2%E1%86%AB%E1%84%8E%E1%85%B3-p01131308.html,https://static.zara.net/assets/public/57f8/e755/92554fd38a8c/f93ee265f6f4/01131308824-p/01131308824-p.jpg?ts=1769170621690,"₩45,900",,,260622,진한 회색,,,,
,false,,ZARA,상의,셔츠/블라우스,여성,도트 포플린 탑,https://www.zara.com/kr/ko/%E1%84%83%E1%85%A9%E1%84%90%E1%85%B3-%E1%84%91%E1%85%A9%E1%84%91%E1%85%B3%E1%86%AF%E1%84%85%E1%85%B5%E1%86%AB-%E1%84%90%E1%85%A1%E1%86%B8-p03067054.html,https://static.zara.net/assets/public/d222/f4cd/0f974425a698/7be88b4ffe5f/03067054747-f1/03067054747-f1.jpg?ts=1772467963896,"₩55,900",,,260622,"brown,white",,,,
,false,,ZARA,바지,버뮤다 팬츠,여성,미니 도트 쇼츠,https://www.zara.com/kr/ko/%E1%84%86%E1%85%B5%E1%84%82%E1%85%B5-%E1%84%83%E1%85%A9%E1%84%90%E1%85%B3-%E1%84%89%E1%85%AD%E1%84%8E%E1%85%B3-p03067424.html,https://static.zara.net/assets/public/c3d8/ebbb/7fa74621a319/f5a1a7611020/03067424747-f1/03067424747-f1.jpg?ts=1772460160193,"₩49,900",,,260622,"brown,white",,,,
,false,,ZARA,아우터,블레이저,여성,벨트 린넨 사파리 재킷,https://www.zara.com/kr/ko/%E1%84%87%E1%85%A6%E1%86%AF%E1%84%90%E1%85%B3-%E1%84%85%E1%85%B5%E1%86%AB%E1%84%82%E1%85%A6%E1%86%AB-%E1%84%89%E1%85%A1%E1%84%91%E1%85%A1%E1%84%85%E1%85%B5-%E1%84%8C%E1%85%A2%E1%84%8F%E1%85%B5%E1%86%BA-p07781709.html,https://static.zara.net/assets/public/b1d9/8b73/f219411c84f2/1811402f8be7/07781709600-e1/07781709600-e1.jpg?ts=1779875010758,"₩79,900",,,260622,레드,,,,
,false,,ZARA,바지,버뮤다 팬츠,여성,ZW 컬렉션 100% 린넨 쇼츠,https://www.zara.com/kr/ko/zw-%E1%84%8F%E1%85%A5%E1%86%AF%E1%84%85%E1%85%A6%E1%86%A8%E1%84%89%E1%85%A7%E1%86%AB-100-%E1%84%85%E1%85%B5%E1%86%AB%E1%84%82%E1%85%A6%E1%86%AB-%E1%84%89%E1%85%AD%E1%84%8E%E1%85%B3-p04344040.html,https://static.zara.net/assets/public/d0de/536e/a0bb405082af/9be1a14ea6ed/05344010445-000-p/05344010445-000-p.jpg?ts=1775751803495,"₩59,900",,,260622,"블루,그린",,,,
,false,,ZARA,기타,SWEATSHIRT,여성,페이크 워싱 스웨트셔츠,https://www.zara.com/kr/ko/%E1%84%91%E1%85%A6%E1%84%8B%E1%85%B5%E1%84%8F%E1%85%B3-%E1%84%8B%E1%85%AF%E1%84%89%E1%85%B5%E1%86%BC-%E1%84%89%E1%85%B3%E1%84%8B%E1%85%B0%E1%84%90%E1%85%B3%E1%84%89%E1%85%A7%E1%84%8E%E1%85%B3-p03253326.html,https://static.zara.net/assets/public/da2b/48fc/ba97442489d9/8b1482b58df4/03253326621-f1/03253326621-f1.jpg?ts=1773849243244,"₩45,900","₩29,900",35,260622,파스텔 로즈,,,,
,false,,ZARA,바지,슬랙스,여성,워시드 페이크 와이드 팬츠,https://www.zara.com/kr/ko/%E1%84%8B%E1%85%AA%E1%84%8B%E1%85%B5%E1%84%83%E1%85%B3-%E1%84%8B%E1%85%AF%E1%84%89%E1%85%B5%E1%84%83%E1%85%B3-%E1%84%8B%E1%85%B5%E1%84%91%E1%85%A6%E1%86%A8%E1%84%90%E1%85%B3-%E1%84%91%E1%85%A2%E1%86%AB%E1%84%8E%E1%85%B3-p03253327.html,https://static.zara.net/assets/public/ac24/cdd5/f3b248f9913a/cfe6f153cd1b/03253327621-f1/03253327621-f1.jpg?ts=1773849251117,"₩45,900","₩29,900",35,260622,파스텔 로즈,,,,
,false,,ZARA,기타,WAISTCOAT,여성,시퀸 홀터넥 탑,https://www.zara.com/kr/ko/%E1%84%89%E1%85%B5%E1%84%8F%E1%85%B1%E1%86%AB-%E1%84%92%E1%85%A9%E1%86%AF%E1%84%90%E1%85%A5%E1%84%82%E1%85%A6%E1%86%A8-%E1%84%90%E1%85%A1%E1%86%B8-p02671991.html,https://static.zara.net/assets/public/e939/fcb2/2cba41b0adee/af6d69d0ba01/02671991700-p/02671991700-p.jpg?ts=1776157547872,"₩59,900",,,260622,브라운,,,,
,false,,ZARA,바지,슬랙스,여성,스팽글 와이드 팬츠,https://www.zara.com/kr/ko/%E1%84%89%E1%85%B3%E1%84%91%E1%85%A2%E1%86%BC%E1%84%80%E1%85%B3%E1%86%AF-%E1%84%8B%E1%85%AA%E1%84%8B%E1%85%B5%E1%84%83%E1%85%B3-%E1%84%91%E1%85%A2%E1%86%AB%E1%84%8E%E1%85%B3-p02698991.html,https://static.zara.net/assets/public/1736/f15b/fee941c79e5a/5aa0153159d8/02698991700-p/02698991700-p.jpg?ts=1776157537022,"₩89,900",,,260622,브라운,,,,
,false,,ZARA,기타,WIND-JACKET,여성,조절 가능한 밑단 케이프 셔츠,https://www.zara.com/kr/ko/%E1%84%8C%E1%85%A9%E1%84%8C%E1%85%A5%E1%86%AF-%E1%84%80%E1%85%A1%E1%84%82%E1%85%B3%E1%86%BC%E1%84%92%E1%85%A1%E1%86%AB-%E1%84%86%E1%85%B5%E1%87%80%E1%84%83%E1%85%A1%E1%86%AB-%E1%84%8F%E1%85%A6%E1%84%8B%E1%85%B5%E1%84%91%E1%85%B3-%E1%84%89%E1%85%A7%E1%84%8E%E1%85%B3-p08338709.html,https://static.zara.net/assets/public/b81a/bcf8/27a4498c9cdf/2e65a2c2e13f/08338709807-f1/08338709807-f1.jpg?ts=1778826664116,"₩55,900",,,260622,콜 그레이,,,,
,false,,ZARA,바지,슬랙스,여성,엘라스틱 웨이스트 배기 팬츠,https://www.zara.com/kr/ko/%E1%84%8B%E1%85%A6%E1%86%AF%E1%84%85%E1%85%A1%E1%84%89%E1%85%B3%E1%84%90%E1%85%B5%E1%86%A8-%E1%84%8B%E1%85%B0%E1%84%8B%E1%85%B5%E1%84%89%E1%85%B3%E1%84%90%E1%85%B3-%E1%84%87%E1%85%A2%E1%84%80%E1%85%B5-%E1%84%91%E1%85%A2%E1%86%AB%E1%84%8E%E1%85%B3-p01255478.html,https://static.zara.net/assets/public/acb2/13e8/328d4e8f8349/d43aae139693/01255478807-p/01255478807-p.jpg?ts=1779440409593,"₩59,900",,,260622,콜 그레이,,,,
,false,,ZARA,상의,셔츠/블라우스,여성,ZW 컬렉션 플라워 셔츠,https://www.zara.com/kr/ko/zw-%E1%84%8F%E1%85%A5%E1%86%AF%E1%84%85%E1%85%A6%E1%86%A8%E1%84%89%E1%85%A7%E1%86%AB-%E1%84%91%E1%85%B3%E1%86%AF%E1%84%85%E1%85%A1%E1%84%8B%E1%85%AF-%E1%84%89%E1%85%A7%E1%84%8E%E1%85%B3-p01213131.html,https://static.zara.net/assets/public/8e32/ac7f/8dc346149ab3/ebc140053108/01213131400-f1/01213131400-f1.jpg?ts=1780323657725,"₩99,900",,,260622,블루,,,,
,false,,ZARA,바지,슬랙스,여성,ZW 컬렉션 플라워 팬츠,https://www.zara.com/kr/ko/zw-%E1%84%8F%E1%85%A5%E1%86%AF%E1%84%85%E1%85%A6%E1%86%A8%E1%84%89%E1%85%A7%E1%86%AB-%E1%84%91%E1%85%B3%E1%86%AF%E1%84%85%E1%85%A1%E1%84%8B%E1%85%AF-%E1%84%91%E1%85%A2%E1%86%AB%E1%84%8E%E1%85%B3-p01957131.html,https://static.zara.net/assets/public/e153/7fc9/abfa4728a8b2/aa643385cf06/01957131400-000-p/01957131400-000-p.jpg?ts=1780485662244,"₩99,900",,,260622,블루,,,,
,false,,ZARA,상의,셔츠/블라우스,여성,린넨 사파리 셔츠,https://www.zara.com/kr/ko/%E1%84%85%E1%85%B5%E1%86%AB%E1%84%82%E1%85%A6%E1%86%AB-%E1%84%89%E1%85%A1%E1%84%91%E1%85%A1%E1%84%85%E1%85%B5-%E1%84%89%E1%85%A7%E1%84%8E%E1%85%B3-p02617771.html,https://static.zara.net/assets/public/a6b4/7050/9d554d13a0fe/f8c42ba19fc8/02617771510-f1/02617771510-f1.jpg?ts=1773250310288,"₩59,900",,,260622,라임 그린,,,,
,false,,ZARA,바지,슬랙스,여성,린넨 배럴 팬츠,https://www.zara.com/kr/ko/%E1%84%85%E1%85%B5%E1%86%AB%E1%84%82%E1%85%A6%E1%86%AB-%E1%84%87%E1%85%A2%E1%84%85%E1%85%A5%E1%86%AF-%E1%84%91%E1%85%A2%E1%86%AB%E1%84%8E%E1%85%B3-p02509771.html,https://static.zara.net/assets/public/3ea5/cc83/2e6f46738187/a73b8abfdeb7/02509771510-f1/02509771510-f1.jpg?ts=1773403157506,"₩59,900",,,260622,라임 그린,,,,
,false,,ZARA,치마,스커트,여성,플라워 크로셰 니트 미디 스커트,https://www.zara.com/kr/ko/%E1%84%91%E1%85%B3%E1%86%AF%E1%84%85%E1%85%A1%E1%84%8B%E1%85%AF-%E1%84%8F%E1%85%B3%E1%84%85%E1%85%A9%E1%84%89%E1%85%A8-%E1%84%82%E1%85%B5%E1%84%90%E1%85%B3-%E1%84%86%E1%85%B5%E1%84%83%E1%85%B5-%E1%84%89%E1%85%B3%E1%84%8F%E1%85%A5%E1%84%90%E1%85%B3-p01957010.html,https://static.zara.net/assets/public/6715/ddfd/6ecb4fcc8c0e/f26d39fcad34/01957010250-f1/01957010250-f1.jpg?ts=1779116479972,"₩109,900",,,260622,화이트,,,,
,false,,ZARA,기타,BODYSUIT,여성,레이스 처리된 폴리아미드 혼방 바디수트,https://www.zara.com/kr/ko/%E1%84%91%E1%85%A9%E1%86%AF%E1%84%85%E1%85%B5%E1%84%8B%E1%85%A1%E1%84%86%E1%85%B5%E1%84%83%E1%85%B3-%E1%84%92%E1%85%A9%E1%86%AB%E1%84%87%E1%85%A1%E1%86%BC-%E1%84%85%E1%85%A6%E1%84%8B%E1%85%B5%E1%84%89%E1%85%B3-%E1%84%8E%E1%85%A5%E1%84%85%E1%85%B5%E1%84%83%E1%85%AC%E1%86%AB-%E1%84%87%E1%85%A1%E1%84%83%E1%85%B5%E1%84%89%E1%85%AE%E1%84%90%E1%85%B3-p01355012.html,https://static.zara.net/assets/public/ae34/db81/926f4f609647/7e1806ea12ba/01355012800-p/01355012800-p.jpg?ts=1768472888450,"₩55,900",,,260622,블랙,,,,
,false,,ZARA,바지,레깅스,여성,레이스 폴리아미드 레깅스,https://www.zara.com/kr/ko/%E1%84%91%E1%85%A9%E1%86%AF%E1%84%85%E1%85%B5%E1%84%8B%E1%85%A1%E1%84%86%E1%85%B5%E1%84%83%E1%85%B3-%E1%84%85%E1%85%A6%E1%84%8B%E1%85%B5%E1%84%89%E1%85%B3-%E1%84%85%E1%85%A6%E1%84%80%E1%85%B5%E1%86%BC%E1%84%89%E1%85%B3-p01355013.html,https://static.zara.net/assets/public/d930/de60/bdd243f09f33/a57cdb3d4486/01355013800-p/01355013800-p.jpg?ts=1768472891844,"₩59,900",,,260622,블랙,,,,
,false,,ZARA,상의,탑,여성,오프숄더 탑,https://www.zara.com/kr/ko/%E1%84%8B%E1%85%A9%E1%84%91%E1%85%B3%E1%84%89%E1%85%AD%E1%86%AF%E1%84%83%E1%85%A5-%E1%84%90%E1%85%A1%E1%86%B8-p05063306.html,https://static.zara.net/assets/public/68c6/f500/64a14fe692d4/fe2696c53e28/05063306717-p/05063306717-p.jpg?ts=1768908904876,"₩29,900",,,260622,초콜렛,,,,
,false,,ZARA,바지,슬랙스,여성,심리스 카프리 팬츠,https://www.zara.com/kr/ko/%E1%84%89%E1%85%B5%E1%86%B7%E1%84%85%E1%85%B5%E1%84%89%E1%85%B3-%E1%84%8F%E1%85%A1%E1%84%91%E1%85%B3%E1%84%85%E1%85%B5-%E1%84%91%E1%85%A2%E1%86%AB%E1%84%8E%E1%85%B3-p05063307.html,https://static.zara.net/assets/public/c7e1/063f/7c604e00ae9f/36d0840557c5/05063307717-p/05063307717-p.jpg?ts=1768908905675,"₩35,900",,,260622,초콜렛,,,,
,false,,ZARA,치마,스커트,여성,콤비 볼륨 스커트,https://www.zara.com/kr/ko/%E1%84%8F%E1%85%A9%E1%86%B7%E1%84%87%E1%85%B5-%E1%84%87%E1%85%A9%E1%86%AF%E1%84%85%E1%85%B2%E1%86%B7-%E1%84%89%E1%85%B3%E1%84%8F%E1%85%A5%E1%84%90%E1%85%B3-p04174216.html,https://static.zara.net/assets/public/7fb4/36d1/e3fe41728c59/69924cf6b790/04174216712-p/04174216712-p.jpg?ts=1774267228086,"₩55,900",,,260622,크림,,,,
,false,,ZARA,상의,티셔츠,여성,린넨 혼방 버튼 라운드넥 티셔츠,https://www.zara.com/kr/ko/%E1%84%85%E1%85%B5%E1%86%AB%E1%84%82%E1%85%A6%E1%86%AB-%E1%84%92%E1%85%A9%E1%86%AB%E1%84%87%E1%85%A1%E1%86%BC-%E1%84%87%E1%85%A5%E1%84%90%E1%85%B3%E1%86%AB-%E1%84%85%E1%85%A1%E1%84%8B%E1%85%AE%E1%86%AB%E1%84%83%E1%85%B3%E1%84%82%E1%85%A6%E1%86%A8-%E1%84%90%E1%85%B5%E1%84%89%E1%85%A7%E1%84%8E%E1%85%B3-p00858101.html,https://static.zara.net/assets/public/7353/feab/ce204b6fba32/5721dbb333de/00858101250-f1/00858101250-f1.jpg?ts=1779437584602,"₩49,900",,,260622,화이트,,,,
,false,,ZARA,아우터,블레이저,여성,ZW 컬렉션 린넨 스트라이프 재킷,https://www.zara.com/kr/ko/zw-%E1%84%8F%E1%85%A5%E1%86%AF%E1%84%85%E1%85%A6%E1%86%A8%E1%84%89%E1%85%A7%E1%86%AB-%E1%84%85%E1%85%B5%E1%86%AB%E1%84%82%E1%85%A6%E1%86%AB-%E1%84%89%E1%85%B3%E1%84%90%E1%85%B3%E1%84%85%E1%85%A1%E1%84%8B%E1%85%B5%E1%84%91%E1%85%B3-%E1%84%8C%E1%85%A2%E1%84%8F%E1%85%B5%E1%86%BA-p02720799.html,https://static.zara.net/assets/public/b8ec/468c/e2954ebe89d7/20b72f946528/02720799401-p/02720799401-p.jpg?ts=1774267263408,"₩149,900",,,260622,네이비,,,,
,false,,ZARA,바지,슬랙스,여성,린넨 스트라이프 팬츠 ZW 컬렉션,https://www.zara.com/kr/ko/%E1%84%85%E1%85%B5%E1%86%AB%E1%84%82%E1%85%A6%E1%86%AB-%E1%84%89%E1%85%B3%E1%84%90%E1%85%B3%E1%84%85%E1%85%A1%E1%84%8B%E1%85%B5%E1%84%91%E1%85%B3-%E1%84%91%E1%85%A2%E1%86%AB%E1%84%8E%E1%85%B3-zw-%E1%84%8F%E1%85%A5%E1%86%AF%E1%84%85%E1%85%A6%E1%86%A8%E1%84%89%E1%85%A7%E1%86%AB-p01917799.html,https://static.zara.net/assets/public/22e3/668f/21364d3ab7cc/e4cd7b463efe/01917799401-p/01917799401-p.jpg?ts=1774267260256,"₩129,900",,,260622,네이비,,,,
,false,,ZARA,바지,슬랙스,여성,ZW 컬렉션 스트레이트 팬츠,https://www.zara.com/kr/ko/zw-%E1%84%8F%E1%85%A5%E1%86%AF%E1%84%85%E1%85%A6%E1%86%A8%E1%84%89%E1%85%A7%E1%86%AB-%E1%84%89%E1%85%B3%E1%84%90%E1%85%B3%E1%84%85%E1%85%A6%E1%84%8B%E1%85%B5%E1%84%90%E1%85%B3-%E1%84%91%E1%85%A2%E1%86%AB%E1%84%8E%E1%85%B3-p01906776.html,https://static.zara.net/assets/public/c1f5/c534/adbc48629725/18039e78f70d/01906776712-f1/01906776712-f1.jpg?ts=1772190306690,"₩129,900",,,260622,크림,,,,
,false,,ZARA,기타,SWEATSHIRT,여성,스터드 워싱 페이크 플러시 스웨트셔츠,https://www.zara.com/kr/ko/%E1%84%89%E1%85%B3%E1%84%90%E1%85%A5%E1%84%83%E1%85%B3-%E1%84%91%E1%85%B3%E1%86%AF%E1%84%85%E1%85%A5%E1%84%89%E1%85%B5-%E1%84%92%E1%85%AE%E1%84%83%E1%85%B3-%E1%84%89%E1%85%B3%E1%84%8B%E1%85%B0%E1%84%90%E1%85%B3%E1%84%89%E1%85%A7%E1%84%8E%E1%85%B3-p04174056.html,https://static.zara.net/assets/public/c79d/db9c/5a3c4a9b9d26/7e60366a1927/04174056822-f1/04174056822-f1.jpg?ts=1770051714532,"₩59,900",,,260622,먹색,,,,
,false,,ZARA,바지,슬랙스,여성,워싱 페이크 플러시 스터드 팬츠,https://www.zara.com/kr/ko/%E1%84%8B%E1%85%AF%E1%84%89%E1%85%B5%E1%86%BC-%E1%84%91%E1%85%A6%E1%84%8B%E1%85%B5%E1%84%8F%E1%85%B3-%E1%84%91%E1%85%B3%E1%86%AF%E1%84%85%E1%85%A5%E1%84%89%E1%85%B5-%E1%84%89%E1%85%B3%E1%84%90%E1%85%A5%E1%84%83%E1%85%B3-%E1%84%91%E1%85%A2%E1%86%AB%E1%84%8E%E1%85%B3-p04174057.html,https://static.zara.net/assets/public/7868/4f51/8ffa4a709c14/7afaa3555ae4/04174057822-f1/04174057822-f1.jpg?ts=1770051685749,"₩59,900",,,260622,먹색,,,,
,false,,ZARA,기타,WAISTCOAT,여성,타이업 베스트,https://www.zara.com/kr/ko/%E1%84%90%E1%85%A1%E1%84%8B%E1%85%B5%E1%84%8B%E1%85%A5%E1%86%B8-%E1%84%87%E1%85%A6%E1%84%89%E1%85%B3%E1%84%90%E1%85%B3-p02883546.html,https://static.zara.net/assets/public/1f62/fb4b/cbd34b2ea0f6/94ab224c04f2/02883546614-f1/02883546614-f1.jpg?ts=1778573224656,"₩57,900",,,260622,번 오렌지,,,,
,false,,ZARA,바지,슬랙스,여성,벌룬 팬츠,https://www.zara.com/kr/ko/%E1%84%87%E1%85%A5%E1%86%AF%E1%84%85%E1%85%AE%E1%86%AB-%E1%84%91%E1%85%A2%E1%86%AB%E1%84%8E%E1%85%B3-p02886546.html,https://static.zara.net/assets/public/26eb/a7aa/594f4ac0a0c5/4cf30e400560/02886546614-p/02886546614-p.jpg?ts=1778670814222,"₩59,900",,,260622,번 오렌지,,,,
,false,,ZARA,상의,셔츠/블라우스,여성,시퀸 크롭 탑,https://www.zara.com/kr/ko/%E1%84%89%E1%85%B5%E1%84%8F%E1%85%B1%E1%86%AB-%E1%84%8F%E1%85%B3%E1%84%85%E1%85%A9%E1%86%B8-%E1%84%90%E1%85%A1%E1%86%B8-p03210006.html,https://static.zara.net/assets/public/887a/7d73/c0f94caf9e22/337f2f3b91fa/03210006735-f1/03210006735-f1.jpg?ts=1780477832851,"₩55,900",,,260622,구리,,,,
,false,,ZARA,바지,버뮤다 팬츠,여성,라미 혼방 버튼 쇼츠,https://www.zara.com/kr/ko/%E1%84%85%E1%85%A1%E1%84%86%E1%85%B5-%E1%84%92%E1%85%A9%E1%86%AB%E1%84%87%E1%85%A1%E1%86%BC-%E1%84%87%E1%85%A5%E1%84%90%E1%85%B3%E1%86%AB-%E1%84%89%E1%85%AD%E1%84%8E%E1%85%B3-p04341403.html,https://static.zara.net/assets/public/4fd7/c65d/4a9b4203a287/817183c1a3a5/04341403250-p/04341403250-p.jpg?ts=1777015150379,"₩55,900",,,260622,화이트,,,,
