platform,is_ranking,rank,brand,main_category,category,gender,product_name,product_detail_url,thumbnail,regular_price,current_price,discount_rate,crawled_at,color,material,details,rating,reviews
,false,,ZARA,상의,셔츠/블라우스,여성,ZW 컬렉션 란제리 레이스 탑,https://www.zara.com/kr/ko/zw-%E1%84%8F%E1%85%A5%E1%86%AF%E1%84%85%E1%85%A6%E1%86%A8%E1%84%89%E1%85%A7%E1%86%AB-%E1%84%85%E1%85%A1%E1%86%AB%E1%84%8C%E1%85%A6%E1%84%85%E1%85%B5-%E1%84%85%E1%85%A6%E1%84%8B%E1%85%B5%E1%84%89%E1%85%B3-%E1%84%90%E1%85%A1%E1%86%B8-p05919002.html,https://static.zara.net/assets/public/978f/982d/2f504fe9a616/110b59aa25df/05919002942-p/05919002942-p.jpg?ts=1781775502422,"₩89,900",,,260622,베이지 핑크,,,,
,false,,ZARA,상의,셔츠/블라우스,여성,벌룬 드레이프 탑,https://www.zara.com/kr/ko/%E1%84%87%E1%85%A5%E1%86%AF%E1%84%85%E1%85%AE%E1%86%AB-%E1%84%83%E1%85%B3%E1%84%85%E1%85%A6%E1%84%8B%E1%85%B5%E1%84%91%E1%85%B3-%E1%84%90%E1%85%A1%E1%86%B8-p03666151.html,https://static.zara.net/assets/public/f9a4/fc9f/731449c2a23c/496d395f26ed/03666151064-a3/03666151064-a3.jpg?ts=1781860768618,"₩49,900",,,260622,"화이트,블랙",,,,
,false,,ZARA,상의,셔츠/블라우스,여성,새틴 홀터넥 탑,https://www.zara.com/kr/ko/%E1%84%89%E1%85%A2%E1%84%90%E1%85%B5%E1%86%AB-%E1%84%92%E1%85%A9%E1%86%AF%E1%84%90%E1%85%A5%E1%84%82%E1%85%A6%E1%86%A8-%E1%84%90%E1%85%A1%E1%86%B8-p02157221.html,https://static.zara.net/assets/public/7c26/ea2a/2910438394fe/2a297dfcabce/08016399700-a1/08016399700-a1.jpg?ts=1781860767211,"₩45,900",,,260622,브라운,,,,
,false,,ZARA,상의,셔츠/블라우스,여성,새틴 홀터넥 탑,https://www.zara.com/kr/ko/%E1%84%89%E1%85%A2%E1%84%90%E1%85%B5%E1%86%AB-%E1%84%92%E1%85%A9%E1%86%AF%E1%84%90%E1%85%A5%E1%84%82%E1%85%A6%E1%86%A8-%E1%84%90%E1%85%A1%E1%86%B8-p02157221.html,https://static.zara.net/assets/public/8de4/5b8c/d817498b837a/f14033b02d38/07969057506-a2/07969057506-a2.jpg?ts=1781868788288,"₩45,900",,,260622,라이트 카키,,,,
,false,,ZARA,상의,탑,여성,100% 실크 플라워 자수 탑,https://www.zara.com/kr/ko/100-%E1%84%89%E1%85%B5%E1%86%AF%E1%84%8F%E1%85%B3-%E1%84%91%E1%85%B3%E1%86%AF%E1%84%85%E1%85%A1%E1%84%8B%E1%85%AF-%E1%84%8C%E1%85%A1%E1%84%89%E1%85%AE-%E1%84%90%E1%85%A1%E1%86%B8-p02678129.html,https://static.zara.net/assets/public/2fdc/ce53/3e0943ac86f6/d750ef39eb6a/02678129982-p/02678129982-p.jpg?ts=1781769385159,"₩109,900",,,260622,워터 그린,,,,
,false,,ZARA,상의,셔츠/블라우스,여성,ZW 컬렉션 100% 리넨 코드 탑,https://www.zara.com/kr/ko/zw-%E1%84%8F%E1%85%A5%E1%86%AF%E1%84%85%E1%85%A6%E1%86%A8%E1%84%89%E1%85%A7%E1%86%AB-100-%E1%84%85%E1%85%B5%E1%84%82%E1%85%A6%E1%86%AB-%E1%84%8F%E1%85%A9%E1%84%83%E1%85%B3-%E1%84%90%E1%85%A1%E1%86%B8-p05344016.html,https://static.zara.net/assets/public/1df1/fdfb/5ed04524b410/47320f4b0831/05344016679-015-h1/05344016679-015-h1.jpg?ts=1781777985342,"₩59,900",,,260622,코랄,,,,
,false,,ZARA,상의,탑,여성,니트 튜닉 탑,https://www.zara.com/kr/ko/%E1%84%82%E1%85%B5%E1%84%90%E1%85%B3-%E1%84%90%E1%85%B2%E1%84%82%E1%85%B5%E1%86%A8-%E1%84%90%E1%85%A1%E1%86%B8-p09598018.html,https://static.zara.net/assets/public/b662/92e5/53fd49d7ad31/44254ecb4bee/095980184011-a2/095980184011-a2.jpg?ts=1781856346489,"₩59,900",,,260622,네이비,,,,
,false,,ZARA,상의,셔츠/블라우스,여성,ZW 컬렉션 프린지 홀터넥 탑,https://www.zara.com/kr/ko/zw-%E1%84%8F%E1%85%A5%E1%86%AF%E1%84%85%E1%85%A6%E1%86%A8%E1%84%89%E1%85%A7%E1%86%AB-%E1%84%91%E1%85%B3%E1%84%85%E1%85%B5%E1%86%AB%E1%84%8C%E1%85%B5-%E1%84%92%E1%85%A9%E1%86%AF%E1%84%90%E1%85%A5%E1%84%82%E1%85%A6%E1%86%A8-%E1%84%90%E1%85%A1%E1%86%B8-p01106828.html,https://static.zara.net/assets/public/f898/3e23/7e57419fbef9/df615964da79/01106828715-p/01106828715-p.jpg?ts=1781775507784,"₩89,900",,,260622,미디움 크림,,,,
,false,,ZARA,상의,티셔츠,여성,하이넥 슬리브리스 탑,https://www.zara.com/kr/ko/%E1%84%92%E1%85%A1%E1%84%8B%E1%85%B5%E1%84%82%E1%85%A6%E1%86%A8-%E1%84%89%E1%85%B3%E1%86%AF%E1%84%85%E1%85%B5%E1%84%87%E1%85%B3%E1%84%85%E1%85%B5%E1%84%89%E1%85%B3-%E1%84%90%E1%85%A1%E1%86%B8-p04786008.html,https://static.zara.net/assets/public/f8c5/47e1/a7704fb89634/009f4fbd9622/04786008712-p/04786008712-p.jpg?ts=1781775507607,"₩39,900",,,260622,크림,,,,
,false,,ZARA,상의,탑,여성,파인 니트 슬리브리스 탑,https://www.zara.com/kr/ko/%E1%84%91%E1%85%A1%E1%84%8B%E1%85%B5%E1%86%AB-%E1%84%82%E1%85%B5%E1%84%90%E1%85%B3-%E1%84%89%E1%85%B3%E1%86%AF%E1%84%85%E1%85%B5%E1%84%87%E1%85%B3%E1%84%85%E1%85%B5%E1%84%89%E1%85%B3-%E1%84%90%E1%85%A1%E1%86%B8-p02142083.html,https://static.zara.net/assets/public/e64a/82ef/83174ce0b4e5/59967564d676/02142083600-a2/02142083600-a2.jpg?ts=1781775510584,"₩35,900",,,260622,레드,,,,
,false,,ZARA,상의,셔츠/블라우스,여성,ZW 컬렉션 LIMITED EDITION 자수 홀터 탑,https://www.zara.com/kr/ko/zw-%E1%84%8F%E1%85%A5%E1%86%AF%E1%84%85%E1%85%A6%E1%86%A8%E1%84%89%E1%85%A7%E1%86%AB-limited-edition-%E1%84%8C%E1%85%A1%E1%84%89%E1%85%AE-%E1%84%92%E1%85%A9%E1%86%AF%E1%84%90%E1%85%A5-%E1%84%90%E1%85%A1%E1%86%B8-p06895088.html,https://static.zara.net/assets/public/bb19/515e/07894cdcbb1a/44131f92734c/06895088710-a2/06895088710-a2.jpg?ts=1781775509384,"₩149,900",,,260622,베이지,,,,
,false,,ZARA,상의,티셔츠,여성,드레이프 탑,https://www.zara.com/kr/ko/%E1%84%83%E1%85%B3%E1%84%85%E1%85%A6%E1%84%8B%E1%85%B5%E1%84%91%E1%85%B3-%E1%84%90%E1%85%A1%E1%86%B8-p06050308.html,https://static.zara.net/assets/public/edc0/e461/7b224034aa0e/491678a20acc/06050308251-p/06050308251-p.jpg?ts=1770643928053,"₩35,900",,,260622,스크래치 화이트,,,,
,false,,ZARA,상의,니트,여성,골지 니트 탑,https://www.zara.com/kr/ko/%E1%84%80%E1%85%A9%E1%86%AF%E1%84%8C%E1%85%B5-%E1%84%82%E1%85%B5%E1%84%90%E1%85%B3-%E1%84%90%E1%85%A1%E1%86%B8-p03390002.html,https://static.zara.net/assets/public/7112/7d7f/29f84a65826e/2f2b4cc13c3b/03390002321-p/03390002321-p.jpg?ts=1769788022030,"₩45,900",,,260622,파스텔 옐로우,,,,
,false,,ZARA,상의,탑,여성,링클 페이크 매듭 하이넥 니트 탑,https://www.zara.com/kr/ko/%E1%84%85%E1%85%B5%E1%86%BC%E1%84%8F%E1%85%B3%E1%86%AF-%E1%84%8B%E1%85%B5%E1%84%91%E1%85%A6%E1%86%A8%E1%84%90%E1%85%B3-%E1%84%86%E1%85%A2%E1%84%83%E1%85%B3%E1%86%B8-%E1%84%82%E1%85%B5%E1%84%90%E1%85%B3-%E1%84%90%E1%85%A1%E1%86%B8-p02893015.html,https://static.zara.net/assets/public/ac60/50e8/647a42b28aff/fe3f29cf7a34/02893015081-a3/02893015081-a3.jpg?ts=1774619598738,"₩55,900",,,260622,"샌드,그레이",,,,
,false,,ZARA,상의,탑,여성,라운드 밑단 홀터넥 탑,https://www.zara.com/kr/ko/%E1%84%85%E1%85%A1%E1%84%8B%E1%85%AE%E1%86%AB%E1%84%83%E1%85%B3-%E1%84%86%E1%85%B5%E1%87%80%E1%84%83%E1%85%A1%E1%86%AB-%E1%84%92%E1%85%A9%E1%86%AF%E1%84%90%E1%85%A5%E1%84%82%E1%85%A6%E1%86%A8-%E1%84%90%E1%85%A1%E1%86%B8-p04424332.html,https://static.zara.net/assets/public/feeb/6c6b/a75e477494d7/f223a49ac2ec/04424332800-p/04424332800-p.jpg?ts=1780476031728,"₩17,900",,,260622,블랙,,,,
,false,,ZARA,상의,탑,여성,라운드 밑단 홀터넥 탑,https://www.zara.com/kr/ko/%E1%84%85%E1%85%A1%E1%84%8B%E1%85%AE%E1%86%AB%E1%84%83%E1%85%B3-%E1%84%86%E1%85%B5%E1%87%80%E1%84%83%E1%85%A1%E1%86%AB-%E1%84%92%E1%85%A9%E1%86%AF%E1%84%90%E1%85%A5%E1%84%82%E1%85%A6%E1%86%A8-%E1%84%90%E1%85%A1%E1%86%B8-p04424332.html,https://static.zara.net/assets/public/1c00/c3ee/dd7641bf9889/8bc5955b912f/04424332250-p/04424332250-p.jpg?ts=1779978060852,"₩17,900",,,260622,화이트,,,,
,false,,ZARA,상의,셔츠/블라우스,여성,레이스 란제리 탑,https://www.zara.com/kr/ko/%E1%84%85%E1%85%A6%E1%84%8B%E1%85%B5%E1%84%89%E1%85%B3-%E1%84%85%E1%85%A1%E1%86%AB%E1%84%8C%E1%85%A6%E1%84%85%E1%85%B5-%E1%84%90%E1%85%A1%E1%86%B8-p07969037.html,https://static.zara.net/assets/public/f106/fe49/a7b948b6839e/fa9cfd887712/07969037700-p/07969037700-p.jpg?ts=1778491722728,"₩55,900",,,260622,브라운,,,,
,false,,ZARA,상의,탑,여성,니트 콤비 탑,https://www.zara.com/kr/ko/%E1%84%82%E1%85%B5%E1%84%90%E1%85%B3-%E1%84%8F%E1%85%A9%E1%86%B7%E1%84%87%E1%85%B5-%E1%84%90%E1%85%A1%E1%86%B8-p03921011.html,https://static.zara.net/assets/public/c3f2/fd7d/38474859b789/0ae396683655/03921011407-p/03921011407-p.jpg?ts=1780585854561,"₩49,900",,,260622,블루,,,,
,false,,ZARA,상의,탑,여성,러스틱 케이프 슬리브 탑,https://www.zara.com/kr/ko/%E1%84%85%E1%85%A5%E1%84%89%E1%85%B3%E1%84%90%E1%85%B5%E1%86%A8-%E1%84%8F%E1%85%A6%E1%84%8B%E1%85%B5%E1%84%91%E1%85%B3-%E1%84%89%E1%85%B3%E1%86%AF%E1%84%85%E1%85%B5%E1%84%87%E1%85%B3-%E1%84%90%E1%85%A1%E1%86%B8-p01058142.html,https://static.zara.net/assets/public/c0d9/8281/4451490db43c/041ca13e576e/01058842306-p/01058842306-p.jpg?ts=1779793903190,"₩39,900",,,260622,라이트 옐로우,,,,
,false,,ZARA,상의,탑,여성,러스틱 케이프 슬리브 탑,https://www.zara.com/kr/ko/%E1%84%85%E1%85%A5%E1%84%89%E1%85%B3%E1%84%90%E1%85%B5%E1%86%A8-%E1%84%8F%E1%85%A6%E1%84%8B%E1%85%B5%E1%84%91%E1%85%B3-%E1%84%89%E1%85%B3%E1%86%AF%E1%84%85%E1%85%B5%E1%84%87%E1%85%B3-%E1%84%90%E1%85%A1%E1%86%B8-p01058142.html,https://static.zara.net/assets/public/f2dd/6866/439747c39812/b41d2c0a3e1e/01058842746-p/01058842746-p.jpg?ts=1779794650838,"₩39,900",,,260622,라이트 베이지,,,,
,false,,ZARA,상의,셔츠/블라우스,여성,자수 프릴 탑,https://www.zara.com/kr/ko/%E1%84%8C%E1%85%A1%E1%84%89%E1%85%AE-%E1%84%91%E1%85%B3%E1%84%85%E1%85%B5%E1%86%AF-%E1%84%90%E1%85%A1%E1%86%B8-p08372143.html,https://static.zara.net/assets/public/519f/87b7/abc645a49f1d/875fb5849b4e/08372143250-p/08372143250-p.jpg?ts=1778671883523,"₩49,900",,,260622,화이트,,,,
,false,,ZARA,상의,셔츠/블라우스,여성,펀칭 자수 토글 탑,https://www.zara.com/kr/ko/%E1%84%91%E1%85%A5%E1%86%AB%E1%84%8E%E1%85%B5%E1%86%BC-%E1%84%8C%E1%85%A1%E1%84%89%E1%85%AE-%E1%84%90%E1%85%A9%E1%84%80%E1%85%B3%E1%86%AF-%E1%84%90%E1%85%A1%E1%86%B8-p03019656.html,https://static.zara.net/assets/public/d604/0c95/f32344df8492/c91684096e20/03019656712-p/03019656712-p.jpg?ts=1780488480368,"₩55,900",,,260622,크림,,,,
,false,,ZARA,상의,셔츠/블라우스,여성,프릴 언밸런스 탑,https://www.zara.com/kr/ko/%E1%84%91%E1%85%B3%E1%84%85%E1%85%B5%E1%86%AF-%E1%84%8B%E1%85%A5%E1%86%AB%E1%84%87%E1%85%A2%E1%86%AF%E1%84%85%E1%85%A5%E1%86%AB%E1%84%89%E1%85%B3-%E1%84%90%E1%85%A1%E1%86%B8-p03666124.html,https://static.zara.net/assets/public/63bb/dd98/a8734ab99482/fe2d6f01de0f/03666124700-a1/03666124700-a1.jpg?ts=1780488480463,"₩55,900",,,260622,브라운,,,,
,false,,ZARA,상의,티셔츠,여성,레이스 프릴 슬리브 탑,https://www.zara.com/kr/ko/%E1%84%85%E1%85%A6%E1%84%8B%E1%85%B5%E1%84%89%E1%85%B3-%E1%84%91%E1%85%B3%E1%84%85%E1%85%B5%E1%86%AF-%E1%84%89%E1%85%B3%E1%86%AF%E1%84%85%E1%85%B5%E1%84%87%E1%85%B3-%E1%84%90%E1%85%A1%E1%86%B8-p01058310.html,https://static.zara.net/assets/public/47e7/b1cb/823e4b8caf95/f8aba918333c/01058310250-p/01058310250-p.jpg?ts=1777536259465,"₩39,900",,,260622,화이트,,,,
,false,,ZARA,상의,탑,여성,레이스 콤비 탑 재킷,https://www.zara.com/kr/ko/%E1%84%85%E1%85%A6%E1%84%8B%E1%85%B5%E1%84%89%E1%85%B3-%E1%84%8F%E1%85%A9%E1%86%B7%E1%84%87%E1%85%B5-%E1%84%90%E1%85%A1%E1%86%B8-%E1%84%8C%E1%85%A2%E1%84%8F%E1%85%B5%E1%86%BA-p05644315.html,https://static.zara.net/assets/public/bc60/2563/5cd94d019ace/e53c91c2d34f/05644315081-p/05644315081-p.jpg?ts=1774017216266,"₩39,900",,,260622,"샌드,그레이",,,,
,false,,ZARA,상의,탑,여성,레이스 탑 콤비 재킷,https://www.zara.com/kr/ko/%E1%84%85%E1%85%A6%E1%84%8B%E1%85%B5%E1%84%89%E1%85%B3-%E1%84%8F%E1%85%A9%E1%86%B7%E1%84%87%E1%85%B5-%E1%84%90%E1%85%A1%E1%86%B8-%E1%84%8C%E1%85%A2%E1%84%8F%E1%85%B5%E1%86%BA-p05644315.html,https://static.zara.net/assets/public/cdc4/1817/922e47ce86e2/c8205d16da53/05644315803-000-p/05644315803-000-p.jpg?ts=1774020316896,"₩39,900",,,260622,그레이,,,,
,false,,ZARA,상의,탑,여성,레이스 콤비 탑 재킷,https://www.zara.com/kr/ko/%E1%84%85%E1%85%A6%E1%84%8B%E1%85%B5%E1%84%89%E1%85%B3-%E1%84%8F%E1%85%A9%E1%86%B7%E1%84%87%E1%85%B5-%E1%84%90%E1%85%A1%E1%86%B8-%E1%84%8C%E1%85%A2%E1%84%8F%E1%85%B5%E1%86%BA-p05644315.html,https://static.zara.net/assets/public/ca05/6dd2/839546349c0f/053cf5430c5a/05644315625-000-p/05644315625-000-p.jpg?ts=1774020385651,"₩39,900",,,260622,그레이 로즈,,,,
,false,,ZARA,상의,셔츠/블라우스,여성,ZW 컬렉션 레이스 디테일 새틴 탑,https://www.zara.com/kr/ko/zw-%E1%84%8F%E1%85%A5%E1%86%AF%E1%84%85%E1%85%A6%E1%86%A8%E1%84%89%E1%85%A7%E1%86%AB-%E1%84%85%E1%85%A6%E1%84%8B%E1%85%B5%E1%84%89%E1%85%B3-%E1%84%83%E1%85%B5%E1%84%90%E1%85%A6%E1%84%8B%E1%85%B5%E1%86%AF-%E1%84%89%E1%85%A2%E1%84%90%E1%85%B5%E1%86%AB-%E1%84%90%E1%85%A1%E1%86%B8-p06895079.html,https://static.zara.net/assets/public/eaa8/956c/16534c88b5c2/f7ede17d92dc/06895079251-p/06895079251-p.jpg?ts=1778586936030,"₩89,900",,,260622,스크래치 화이트,,,,
,false,,ZARA,상의,셔츠/블라우스,여성,ZW 컬렉션 자수 벌룬 탑,https://www.zara.com/kr/ko/zw-%E1%84%8F%E1%85%A5%E1%86%AF%E1%84%85%E1%85%A6%E1%86%A8%E1%84%89%E1%85%A7%E1%86%AB-%E1%84%8C%E1%85%A1%E1%84%89%E1%85%AE-%E1%84%87%E1%85%A5%E1%86%AF%E1%84%85%E1%85%AE%E1%86%AB-%E1%84%90%E1%85%A1%E1%86%B8-p06895087.html,https://static.zara.net/assets/public/7803/1976/13ed445491aa/e548be4f5690/06895087251-a4/06895087251-a4.jpg?ts=1778586948999,"₩79,900",,,260622,스크래치 화이트,,,,
,false,,ZARA,상의,니트,여성,시스루 니트 폴로셔츠,https://www.zara.com/kr/ko/%E1%84%89%E1%85%B5%E1%84%89%E1%85%B3%E1%84%85%E1%85%AE-%E1%84%82%E1%85%B5%E1%84%90%E1%85%B3-%E1%84%91%E1%85%A9%E1%86%AF%E1%84%85%E1%85%A9%E1%84%89%E1%85%A7%E1%84%8E%E1%85%B3-p08779003.html,https://static.zara.net/assets/public/a67b/9cd9/6ba44f0eb8f3/7e3dd0679882/01953967094-p/01953967094-p.jpg?ts=1778602708947,"₩49,900",,,260622,화이트,,,,
,false,,ZARA,상의,탑,여성,소매 없는 니트 폴로셔츠,https://www.zara.com/kr/ko/%E1%84%89%E1%85%B3%E1%86%AF%E1%84%85%E1%85%B5%E1%84%87%E1%85%B3%E1%84%85%E1%85%B5%E1%84%89%E1%85%B3-%E1%84%82%E1%85%B5%E1%84%90%E1%85%B3-%E1%84%91%E1%85%A9%E1%86%AF%E1%84%85%E1%85%A9%E1%84%89%E1%85%A7%E1%84%8E%E1%85%B3-p02142196.html,https://static.zara.net/assets/public/3d0d/ca2e/aa7d4601a214/d327bd3fb120/07149073800-p/07149073800-p.jpg?ts=1778673550869,"₩45,900",,,260622,블루,,,,
,false,,ZARA,상의,탑,여성,포인텔 니트 탑,https://www.zara.com/kr/ko/%E1%84%91%E1%85%A9%E1%84%8B%E1%85%B5%E1%86%AB%E1%84%90%E1%85%A6%E1%86%AF-%E1%84%82%E1%85%B5%E1%84%90%E1%85%B3-%E1%84%90%E1%85%A1%E1%86%B8-p06236034.html,https://static.zara.net/assets/public/b210/7786/3e5e46c0894e/77d8456b37b6/06236034712-p/06236034712-p.jpg?ts=1777367113384,"₩45,900",,,260622,크림,,,,
,false,,ZARA,상의,셔츠/블라우스,여성,새틴 홀터넥 탑,https://www.zara.com/kr/ko/%E1%84%89%E1%85%A2%E1%84%90%E1%85%B5%E1%86%AB-%E1%84%92%E1%85%A9%E1%86%AF%E1%84%90%E1%85%A5%E1%84%82%E1%85%A6%E1%86%A8-%E1%84%90%E1%85%A1%E1%86%B8-p02157221.html,https://static.zara.net/assets/public/f6a5/41d7/c2874212ab47/a01f9b5fc6e6/03203748800-p/03203748800-p.jpg?ts=1781248316829,"₩45,900",,,260622,블랙,,,,
,false,,ZARA,상의,탑,여성,주얼리 비즈 니트 탑,https://www.zara.com/kr/ko/%E1%84%8C%E1%85%AE%E1%84%8B%E1%85%A5%E1%86%AF%E1%84%85%E1%85%B5-%E1%84%87%E1%85%B5%E1%84%8C%E1%85%B3-%E1%84%82%E1%85%B5%E1%84%90%E1%85%B3-%E1%84%90%E1%85%A1%E1%86%B8-p05755100.html,https://static.zara.net/assets/public/ac87/e9ea/2e7547af9247/bdd9f2ac068e/05755100250-a3/05755100250-a3.jpg?ts=1781189510013,"₩59,900",,,260622,화이트,,,,
,false,,ZARA,상의,셔츠/블라우스,여성,펀칭 자수 셔링 탑,https://www.zara.com/kr/ko/%E1%84%91%E1%85%A5%E1%86%AB%E1%84%8E%E1%85%B5%E1%86%BC-%E1%84%8C%E1%85%A1%E1%84%89%E1%85%AE-%E1%84%89%E1%85%A7%E1%84%85%E1%85%B5%E1%86%BC-%E1%84%90%E1%85%A1%E1%86%B8-p02346664.html,https://static.zara.net/assets/public/1ced/39fa/b2754082aa07/c33993b36310/02346664250-p/02346664250-p.jpg?ts=1779372566286,"₩59,900",,,260622,화이트,,,,
,false,,ZARA,상의,셔츠/블라우스,여성,프릴 깅엄 체크 탑,https://www.zara.com/kr/ko/%E1%84%80%E1%85%B5%E1%86%BC%E1%84%8B%E1%85%A5%E1%86%B7-%E1%84%8E%E1%85%A6%E1%84%8F%E1%85%B3-%E1%84%89%E1%85%A7%E1%84%85%E1%85%B5%E1%86%BC-%E1%84%90%E1%85%A1%E1%86%B8-p03564105.html,https://static.zara.net/assets/public/aa92/1275/cda14138bc2f/fab870122a6a/03564105061-p/03564105061-p.jpg?ts=1779372747741,"₩55,900",,,260622,"화이트,레드",,,,
,false,,ZARA,상의,니트,여성,숏 슬리브 니트 탑,https://www.zara.com/kr/ko/%E1%84%89%E1%85%AD%E1%84%90%E1%85%B3-%E1%84%89%E1%85%B3%E1%86%AF%E1%84%85%E1%85%B5%E1%84%87%E1%85%B3-%E1%84%82%E1%85%B5%E1%84%90%E1%85%B3-%E1%84%90%E1%85%A1%E1%86%B8-p02756031.html,https://static.zara.net/assets/public/4151/55a7/fd534d51a2b6/ae66ff6c186d/02756031711-p/02756031711-p.jpg?ts=1781167191553,"₩49,900",,,260622,샌드,,,,
,false,,ZARA,기타,WAISTCOAT,여성,콤비 스티치 베스트 탑,https://www.zara.com/kr/ko/%E1%84%8F%E1%85%A9%E1%86%B7%E1%84%87%E1%85%B5-%E1%84%89%E1%85%B3%E1%84%90%E1%85%B5%E1%84%8E%E1%85%B5-%E1%84%87%E1%85%A6%E1%84%89%E1%85%B3%E1%84%90%E1%85%B3-%E1%84%90%E1%85%A1%E1%86%B8-p08372323.html,https://static.zara.net/assets/public/c3e4/4b9e/4c0b4e57b9db/0c7cb61f9849/08372323711-a5/08372323711-a5.jpg?ts=1781110694705,"₩49,900",,,260622,샌드,,,,
,false,,ZARA,상의,탑,여성,콤비 니트 탑,https://www.zara.com/kr/ko/%E1%84%82%E1%85%B5%E1%84%90%E1%85%B3-%E1%84%8F%E1%85%A9%E1%86%B7%E1%84%87%E1%85%B5-%E1%84%90%E1%85%A1%E1%86%B8-p03921011.html,https://static.zara.net/assets/public/641c/6020/78024387ae46/0b0b3ad0add8/03921011505-a2/03921011505-a2.jpg?ts=1780502053389,"₩49,900",,,260622,카키,,,,
,false,,ZARA,상의,탑,여성,니트 콤비 탑,https://www.zara.com/kr/ko/%E1%84%82%E1%85%B5%E1%84%90%E1%85%B3-%E1%84%8F%E1%85%A9%E1%86%B7%E1%84%87%E1%85%B5-%E1%84%90%E1%85%A1%E1%86%B8-p03921011.html,https://static.zara.net/assets/public/33a7/8e46/c90941e794f3/a4b48dd6a996/03921011800-p/03921011800-p.jpg?ts=1780502054193,"₩49,900",,,260622,블랙,,,,
,false,,ZARA,기타,WAISTCOAT,여성,테일러드 토글 베스트,https://www.zara.com/kr/ko/%E1%84%90%E1%85%A6%E1%84%8B%E1%85%B5%E1%86%AF%E1%84%85%E1%85%A5%E1%84%83%E1%85%B3-%E1%84%90%E1%85%A9%E1%84%80%E1%85%B3%E1%86%AF-%E1%84%87%E1%85%A5%E1%84%90%E1%85%B3%E1%86%AB-%E1%84%87%E1%85%A6%E1%84%89%E1%85%B3%E1%84%90%E1%85%B3-p02843709.html,https://static.zara.net/assets/public/e038/f779/d10646bfa5ab/b6409935634c/02843709800-p/02843709800-p.jpg?ts=1779206927993,"₩79,900",,,260622,블랙,,,,
,false,,ZARA,상의,셔츠/블라우스,여성,크로셰 콤비 탑,https://www.zara.com/kr/ko/%E1%84%8F%E1%85%B3%E1%84%85%E1%85%A9%E1%84%89%E1%85%A8-%E1%84%8F%E1%85%A9%E1%86%B7%E1%84%87%E1%85%B5-%E1%84%90%E1%85%A1%E1%86%B8-p05029150.html,https://static.zara.net/assets/public/134a/817c/362d4ad0ae28/cb4f9be43d51/05029150712-p/05029150712-p.jpg?ts=1779208876566,"₩59,900",,,260622,크림,,,,
,false,,ZARA,상의,셔츠/블라우스,여성,옆면 버튼 새틴 탑,https://www.zara.com/kr/ko/%E1%84%8B%E1%85%A7%E1%87%81%E1%84%86%E1%85%A7%E1%86%AB-%E1%84%87%E1%85%A5%E1%84%90%E1%85%B3%E1%86%AB-%E1%84%89%E1%85%A2%E1%84%90%E1%85%B5%E1%86%AB-%E1%84%90%E1%85%A1%E1%86%B8-p02751051.html,https://static.zara.net/assets/public/6d33/e483/1df24f5e93e7/0023ed1267ca/02751051626-p/02751051626-p.jpg?ts=1779978104841,"₩49,900",,,260622,화이트 로즈핑크,,,,
,false,,ZARA,상의,셔츠/블라우스,여성,ZW 컬렉션 100% 린넨 코드 탑,https://www.zara.com/kr/ko/zw-%E1%84%8F%E1%85%A5%E1%86%AF%E1%84%85%E1%85%A6%E1%86%A8%E1%84%89%E1%85%A7%E1%86%AB-100-%E1%84%85%E1%85%B5%E1%84%82%E1%85%A6%E1%86%AB-%E1%84%8F%E1%85%A9%E1%84%83%E1%85%B3-%E1%84%90%E1%85%A1%E1%86%B8-p05344016.html,https://static.zara.net/assets/public/88b7/881a/48b948bbb5ea/b5111290570f/05344016800-p/05344016800-p.jpg?ts=1780058347992,"₩59,900",,,260622,블랙,,,,
,false,,ZARA,상의,셔츠/블라우스,여성,자수 스트랩 탑,https://www.zara.com/kr/ko/%E1%84%8C%E1%85%A1%E1%84%89%E1%85%AE-%E1%84%89%E1%85%B3%E1%84%90%E1%85%B3%E1%84%85%E1%85%A2%E1%86%B8-%E1%84%90%E1%85%A1%E1%86%B8-p04387101.html,https://static.zara.net/assets/public/9d02/8492/bc3e4701969a/2f6087d1a219/04387103250-p/04387103250-p.jpg?ts=1776248700412,"₩45,900",,,260622,화이트,,,,
,false,,ZARA,상의,니트,여성,주얼리 비즈 니트 폴로셔츠,https://www.zara.com/kr/ko/%E1%84%8C%E1%85%AE%E1%84%8B%E1%85%A5%E1%86%AF%E1%84%85%E1%85%B5-%E1%84%87%E1%85%B5%E1%84%8C%E1%85%B3-%E1%84%82%E1%85%B5%E1%84%90%E1%85%B3-%E1%84%91%E1%85%A9%E1%86%AF%E1%84%85%E1%85%A9%E1%84%89%E1%85%A7%E1%84%8E%E1%85%B3-p08851006.html,https://static.zara.net/assets/public/c1bc/9404/ab77429a9555/2c2e81fb2849/08851006401-a1/08851006401-a1.jpg?ts=1773931431055,"₩55,900",,,260622,네이비,,,,
,false,,ZARA,기타,WAISTCOAT,여성,브이넥 니트 베스트 탑,https://www.zara.com/kr/ko/%E1%84%87%E1%85%B3%E1%84%8B%E1%85%B5%E1%84%82%E1%85%A6%E1%86%A8-%E1%84%82%E1%85%B5%E1%84%90%E1%85%B3-%E1%84%87%E1%85%A6%E1%84%89%E1%85%B3%E1%84%90%E1%85%B3-%E1%84%90%E1%85%A1%E1%86%B8-p05755054.html,https://static.zara.net/assets/public/9181/0fd6/7fb747f7838a/d38688a6f650/08372449658-p/08372449658-p.jpg?ts=1778668064445,"₩55,900",,,260622,크림,,,,
,false,,ZARA,상의,탑,여성,텍스처 케이프 탑,https://www.zara.com/kr/ko/%E1%84%90%E1%85%A6%E1%86%A8%E1%84%89%E1%85%B3%E1%84%8E%E1%85%A5-%E1%84%8F%E1%85%A6%E1%84%8B%E1%85%B5%E1%84%91%E1%85%B3-%E1%84%90%E1%85%A1%E1%86%B8-p05067283.html,https://static.zara.net/assets/public/ec64/c966/4e284f81bbb1/9967a04196c7/05067283250-p/05067283250-p.jpg?ts=1775563174928,"₩49,900",,,260622,화이트,,,,
,false,,ZARA,상의,탑,여성,텍스처 케이프 탑,https://www.zara.com/kr/ko/%E1%84%90%E1%85%A6%E1%86%A8%E1%84%89%E1%85%B3%E1%84%8E%E1%85%A5-%E1%84%8F%E1%85%A6%E1%84%8B%E1%85%B5%E1%84%91%E1%85%B3-%E1%84%90%E1%85%A1%E1%86%B8-p05067283.html,https://static.zara.net/assets/public/0527/a33a/66064771bbd3/c63c5c036870/05067283805-p/05067283805-p.jpg?ts=1775563182660,"₩49,900",,,260622,아이스,,,,
,false,,ZARA,상의,탑,여성,텍스처 케이프 탑,https://www.zara.com/kr/ko/%E1%84%90%E1%85%A6%E1%86%A8%E1%84%89%E1%85%B3%E1%84%8E%E1%85%A5-%E1%84%8F%E1%85%A6%E1%84%8B%E1%85%B5%E1%84%91%E1%85%B3-%E1%84%90%E1%85%A1%E1%86%B8-p05067283.html,https://static.zara.net/assets/public/b212/ce66/e9024e3094be/92992878d078/05067283706-p/05067283706-p.jpg?ts=1775563178837,"₩49,900",,,260622,밍크,,,,
,false,,ZARA,상의,티셔츠,여성,립 레이스 탑,https://www.zara.com/kr/ko/%E1%84%85%E1%85%B5%E1%86%B8-%E1%84%85%E1%85%A6%E1%84%8B%E1%85%B5%E1%84%89%E1%85%B3-%E1%84%90%E1%85%A1%E1%86%B8-p05039022.html,https://static.zara.net/assets/public/5113/46f6/dfc24a48b8cd/e251d2621181/05039022800-p/05039022800-p.jpg?ts=1779982343605,"₩39,900",,,260622,블랙,,,,
,false,,ZARA,상의,탑,여성,레이스 콤비 탑,https://www.zara.com/kr/ko/%E1%84%85%E1%85%A6%E1%84%8B%E1%85%B5%E1%84%89%E1%85%B3-%E1%84%8F%E1%85%A9%E1%86%B7%E1%84%87%E1%85%B5-%E1%84%90%E1%85%A1%E1%86%B8-p04770468.html,https://static.zara.net/assets/public/7dcf/76a5/9a9c49ed8146/6f7610ea4373/04770468800-a1/04770468800-a1.jpg?ts=1779952770681,"₩55,900",,,260622,블랙,,,,
,false,,ZARA,상의,티셔츠,여성,코튼 슬리브리스 티셔츠,https://www.zara.com/kr/ko/%E1%84%8F%E1%85%A9%E1%84%90%E1%85%B3%E1%86%AB-%E1%84%89%E1%85%B3%E1%86%AF%E1%84%85%E1%85%B5%E1%84%87%E1%85%B3%E1%84%85%E1%85%B5%E1%84%89%E1%85%B3-%E1%84%90%E1%85%B5%E1%84%89%E1%85%A7%E1%84%8E%E1%85%B3-p04174324.html,https://static.zara.net/assets/public/9b22/1251/be774a21ace8/641e8fd7b771/04174324250-p/04174324250-p.jpg?ts=1777036375754,"₩15,900",,,260622,화이트,,,,
,false,,ZARA,상의,탑,여성,실크 100% 콤비 탱크 탑,https://www.zara.com/kr/ko/%E1%84%89%E1%85%B5%E1%86%AF%E1%84%8F%E1%85%B3-100-%E1%84%8F%E1%85%A9%E1%86%B7%E1%84%87%E1%85%B5-%E1%84%90%E1%85%A2%E1%86%BC%E1%84%8F%E1%85%B3-%E1%84%90%E1%85%A1%E1%86%B8-p01758162.html,https://static.zara.net/assets/public/3741/059e/ecd34085aece/110dc81ca1bc/01377119913-p/01377119913-p.jpg?ts=1781254805539,"₩149,900",,,260622,크림,,,,
,false,,ZARA,상의,셔츠/블라우스,여성,ZW 컬렉션 페플럼 탑,https://www.zara.com/kr/ko/zw-%E1%84%8F%E1%85%A5%E1%86%AF%E1%84%85%E1%85%A6%E1%86%A8%E1%84%89%E1%85%A7%E1%86%AB-%E1%84%91%E1%85%A6%E1%84%91%E1%85%B3%E1%86%AF%E1%84%85%E1%85%A5%E1%86%B7-%E1%84%90%E1%85%A1%E1%86%B8-p01223180.html,https://static.zara.net/assets/public/16fd/15c0/2a2b45329524/d06569650acf/01223180712-p/01223180712-p.jpg?ts=1780646438984,"₩79,900",,,260622,크림,,,,
,false,,ZARA,상의,셔츠/블라우스,여성,ZW 컬렉션 언밸런스 탑,https://www.zara.com/kr/ko/zw-%E1%84%8F%E1%85%A5%E1%86%AF%E1%84%85%E1%85%A6%E1%86%A8%E1%84%89%E1%85%A7%E1%86%AB-%E1%84%8B%E1%85%A5%E1%86%AB%E1%84%87%E1%85%A2%E1%86%AF%E1%84%85%E1%85%A5%E1%86%AB%E1%84%89%E1%85%B3-%E1%84%90%E1%85%A1%E1%86%B8-p01226972.html,https://static.zara.net/assets/public/b49e/b4a7/06524c8c8af1/5e9f1f59f1f7/01226972712-p/01226972712-p.jpg?ts=1780646441296,"₩79,900",,,260622,크림,,,,
,false,,ZARA,상의,탑,여성,셔링 캐미솔 탑,https://www.zara.com/kr/ko/%E1%84%89%E1%85%A7%E1%84%85%E1%85%B5%E1%86%BC-%E1%84%8F%E1%85%A2%E1%84%86%E1%85%B5%E1%84%89%E1%85%A9%E1%86%AF-%E1%84%90%E1%85%A1%E1%86%B8-p01067142.html,https://static.zara.net/assets/public/9d56/618f/37e94cd4bd99/05626ff811ff/01067142637-p/01067142637-p.jpg?ts=1777032325767,"₩55,900",,,260622,라이트 로즈,,,,
,false,,ZARA,상의,셔츠/블라우스,여성,버튼 홀터넥 탑,https://www.zara.com/kr/ko/%E1%84%80%E1%85%B5%E1%86%BC%E1%84%8B%E1%85%A5%E1%86%B7%E1%84%8E%E1%85%A6%E1%84%8F%E1%85%B3-%E1%84%92%E1%85%A9%E1%86%AF%E1%84%90%E1%85%A5%E1%84%82%E1%85%A6%E1%86%A8-%E1%84%90%E1%85%A1%E1%86%B8-p04661090.html,https://static.zara.net/assets/public/05fa/786c/eb1e4a4d85f3/efb28abd3417/04661090800-p/04661090800-p.jpg?ts=1777033554977,"₩49,900",,,260622,블랙,,,,
,false,,ZARA,상의,니트,여성,반소매 니트 탑,https://www.zara.com/kr/ko/%E1%84%87%E1%85%A1%E1%86%AB%E1%84%89%E1%85%A9%E1%84%86%E1%85%A2-%E1%84%82%E1%85%B5%E1%84%90%E1%85%B3-%E1%84%90%E1%85%A1%E1%86%B8-p02142137.html,https://static.zara.net/assets/public/5607/0b76/a63f42839f56/e6865f748929/02142137104-a2/02142137104-a2.jpg?ts=1781076431447,"₩49,900",,,260622,스트라이프,,,,
,false,,ZARA,상의,티셔츠,여성,리브드 브이넥 탑,https://www.zara.com/kr/ko/%E1%84%85%E1%85%B5%E1%84%87%E1%85%B3%E1%84%83%E1%85%B3-%E1%84%87%E1%85%B3%E1%84%8B%E1%85%B5%E1%84%82%E1%85%A6%E1%86%A8-%E1%84%90%E1%85%A1%E1%86%B8-p03253336.html,https://static.zara.net/assets/public/f96c/136b/5c604fa4a9b4/5accc751fe73/03253336250-p/03253336250-p.jpg?ts=1781684672649,"₩17,900",,,260622,화이트,,,,
,false,,ZARA,상의,니트,여성,쇼트 슬리브 니트 폴로셔츠,https://www.zara.com/kr/ko/%E1%84%89%E1%85%AD%E1%84%90%E1%85%B3-%E1%84%89%E1%85%B3%E1%86%AF%E1%84%85%E1%85%B5%E1%84%87%E1%85%B3-%E1%84%82%E1%85%B5%E1%84%90%E1%85%B3-%E1%84%91%E1%85%A9%E1%86%AF%E1%84%85%E1%85%A9%E1%84%89%E1%85%A7%E1%84%8E%E1%85%B3-p02142519.html,https://static.zara.net/assets/public/5f41/56ac/d6fc44c6bcc0/cf2f7a5ba621/02142519250-p/02142519250-p.jpg?ts=1781684668718,"₩45,900",,,260622,화이트,,,,
,false,,ZARA,상의,티셔츠,여성,립 레이스 탑,https://www.zara.com/kr/ko/%E1%84%85%E1%85%B5%E1%86%B8-%E1%84%85%E1%85%A6%E1%84%8B%E1%85%B5%E1%84%89%E1%85%B3-%E1%84%90%E1%85%A1%E1%86%B8-p05039022.html,https://static.zara.net/assets/public/deab/14c9/ccb044abb19f/71482393d946/05039022712-a2/05039022712-a2.jpg?ts=1779982344069,"₩39,900",,,260622,크림,,,,
,false,,ZARA,상의,니트,여성,스트라이프 니트 탑,https://www.zara.com/kr/ko/%E1%84%89%E1%85%B3%E1%84%90%E1%85%B3%E1%84%85%E1%85%A1%E1%84%8B%E1%85%B5%E1%84%91%E1%85%B3-%E1%84%82%E1%85%B5%E1%84%90%E1%85%B3-%E1%84%90%E1%85%A1%E1%86%B8-p00244003.html,https://static.zara.net/assets/public/6305/ea7f/48cc43f8bdb6/3a881cee08e4/00244003048-a4/00244003048-a4.jpg?ts=1779983415400,"₩39,900",,,260622,화이트-오렌지,,,,
,false,,ZARA,상의,탑,여성,울 엑스트라 파인 니트 탑,https://www.zara.com/kr/ko/%E1%84%8B%E1%85%AE%E1%86%AF-%E1%84%8B%E1%85%A6%E1%86%A8%E1%84%89%E1%85%B3%E1%84%90%E1%85%B3%E1%84%85%E1%85%A1-%E1%84%91%E1%85%A1%E1%84%8B%E1%85%B5%E1%86%AB-%E1%84%82%E1%85%B5%E1%84%90%E1%85%B3-%E1%84%90%E1%85%A1%E1%86%B8-p03920192.html,https://static.zara.net/assets/public/117d/ecb4/ee844f77a8b8/4957c1dfdb5f/03920192676-p/03920192676-p.jpg?ts=1773743100609,"₩45,900",,,260622,로즈 가루,,,,
,false,,ZARA,상의,탑,여성,와이드 슬리브 니트 탑,https://www.zara.com/kr/ko/%E1%84%8B%E1%85%AA%E1%84%8B%E1%85%B5%E1%84%83%E1%85%B3-%E1%84%89%E1%85%B3%E1%86%AF%E1%84%85%E1%85%B5%E1%84%87%E1%85%B3-%E1%84%82%E1%85%B5%E1%84%90%E1%85%B3-%E1%84%90%E1%85%A1%E1%86%B8-p03433004.html,https://static.zara.net/assets/public/b6a5/0e89/3cbc425ea308/500bd08043c0/03519044944-p/03519044944-p.jpg?ts=1781105361533,"₩45,900",,,260622,레드 스트라이프,,,,
,false,,ZARA,상의,탑,여성,와이드 슬리브 니트 탑,https://www.zara.com/kr/ko/%E1%84%8B%E1%85%AA%E1%84%8B%E1%85%B5%E1%84%83%E1%85%B3-%E1%84%89%E1%85%B3%E1%86%AF%E1%84%85%E1%85%B5%E1%84%87%E1%85%B3-%E1%84%82%E1%85%B5%E1%84%90%E1%85%B3-%E1%84%90%E1%85%A1%E1%86%B8-p03433004.html,https://static.zara.net/assets/public/1a14/4b58/973a46d39ddb/a09d0c25c472/03433004104-p/03433004104-p.jpg?ts=1781105360974,"₩45,900",,,260622,스트라이프,,,,
,false,,ZARA,상의,탑,여성,드레이프 언밸런스 탑,https://www.zara.com/kr/ko/%E1%84%83%E1%85%B3%E1%84%85%E1%85%A6%E1%84%8B%E1%85%B5%E1%84%91%E1%85%B3-%E1%84%8B%E1%85%A5%E1%86%AB%E1%84%87%E1%85%A2%E1%86%AF%E1%84%85%E1%85%A5%E1%86%AB%E1%84%89%E1%85%B3-%E1%84%90%E1%85%A1%E1%86%B8-p02615301.html,https://static.zara.net/assets/public/aa51/0996/7b334e4da6ae/586b0266a64a/02615301712-p/02615301712-p.jpg?ts=1775645538432,"₩29,900",,,260622,크림,,,,
,false,,ZARA,상의,탑,여성,드레이프 언밸런스 탑,https://www.zara.com/kr/ko/%E1%84%83%E1%85%B3%E1%84%85%E1%85%A6%E1%84%8B%E1%85%B5%E1%84%91%E1%85%B3-%E1%84%8B%E1%85%A5%E1%86%AB%E1%84%87%E1%85%A2%E1%86%AF%E1%84%85%E1%85%A5%E1%86%AB%E1%84%89%E1%85%B3-%E1%84%90%E1%85%A1%E1%86%B8-p02615301.html,https://static.zara.net/assets/public/fefd/058a/c8494ad88c2c/9d406864b806/02615301300-p/02615301300-p.jpg?ts=1775638259311,"₩29,900",,,260622,노랑,,,,
,false,,ZARA,상의,탑,여성,드레이프 언밸런스 탑,https://www.zara.com/kr/ko/%E1%84%83%E1%85%B3%E1%84%85%E1%85%A6%E1%84%8B%E1%85%B5%E1%84%91%E1%85%B3-%E1%84%8B%E1%85%A5%E1%86%AB%E1%84%87%E1%85%A2%E1%86%AF%E1%84%85%E1%85%A5%E1%86%AB%E1%84%89%E1%85%B3-%E1%84%90%E1%85%A1%E1%86%B8-p02615301.html,https://static.zara.net/assets/public/375c/3522/e89e4bfeb4c3/2b69234ef3d3/02615301406-p/02615301406-p.jpg?ts=1775645537910,"₩29,900",,,260622,라이트 블루,,,,
,false,,ZARA,상의,셔츠/블라우스,여성,자수 프릴 탑,https://www.zara.com/kr/ko/%E1%84%8C%E1%85%A1%E1%84%89%E1%85%AE-%E1%84%91%E1%85%B3%E1%84%85%E1%85%B5%E1%86%AF-%E1%84%90%E1%85%A1%E1%86%B8-p08372143.html,https://static.zara.net/assets/public/f651/ed93/7d2a4e9f808e/e78d17d979f2/08372143250-p/08372143250-p.jpg?ts=1781704957465,"₩49,900",,,260622,화이트,,,,
,false,,ZARA,상의,탑,여성,스트레치 홀터넥 니트 탑,https://www.zara.com/kr/ko/%E1%84%89%E1%85%B3%E1%84%90%E1%85%B3%E1%84%85%E1%85%A6%E1%84%8E%E1%85%B5-%E1%84%82%E1%85%B5%E1%84%90%E1%85%B3-%E1%84%92%E1%85%A9%E1%86%AF%E1%84%90%E1%85%A5%E1%84%82%E1%85%A6%E1%86%A8-%E1%84%90%E1%85%A1%E1%86%B8-p05584397.html,https://static.zara.net/assets/public/dac1/52c2/8a0c4b6c8aaf/3623c6db88c2/05584397800-p/05584397800-p.jpg?ts=1774606100011,"₩35,900",,,260622,블랙,,,,
,false,,ZARA,상의,탑,여성,홀터넥 탑,https://www.zara.com/kr/ko/%E1%84%92%E1%85%A9%E1%86%AF%E1%84%90%E1%85%A5%E1%84%82%E1%85%A6%E1%86%A8-%E1%84%90%E1%85%A1%E1%86%B8-p04424319.html,https://static.zara.net/assets/public/9317/1619/fea6448cbb2d/5053db06a038/04424319800-017-p/04424319800-017-p.jpg?ts=1774858496917,"₩17,900",,,260622,블랙,,,,
,false,,ZARA,상의,탑,여성,리브드 스트랩 티셔츠,https://www.zara.com/kr/ko/%E1%84%85%E1%85%B5%E1%84%87%E1%85%B3%E1%84%83%E1%85%B3-%E1%84%89%E1%85%B3%E1%84%90%E1%85%B3%E1%84%85%E1%85%A2%E1%86%B8-%E1%84%90%E1%85%B5%E1%84%89%E1%85%A7%E1%84%8E%E1%85%B3-p05039001.html,https://static.zara.net/assets/public/4ae1/ebe2/89fb4777ae21/8feea551bd5f/02989998052-a3/02989998052-a3.jpg?ts=1779983414869,"₩29,900",,,260622,화이트,,,,
,false,,ZARA,상의,탑,여성,크롭 텍스처 재킷,https://www.zara.com/kr/ko/%E1%84%8F%E1%85%B3%E1%84%85%E1%85%A9%E1%86%B8-%E1%84%90%E1%85%A6%E1%86%A8%E1%84%89%E1%85%B3%E1%84%8E%E1%85%A5-%E1%84%8C%E1%85%A2%E1%84%8F%E1%85%B5%E1%86%BA-p05039395.html,https://static.zara.net/assets/public/adbb/6e88/cf914250bbb9/90544a942673/05039395800-p/05039395800-p.jpg?ts=1779809718419,"₩35,900",,,260622,블랙,,,,
,false,,ZARA,상의,탑,여성,스트라이프 스트럭처 니트 탑,https://www.zara.com/kr/ko/%E1%84%89%E1%85%B3%E1%84%90%E1%85%B3%E1%84%85%E1%85%A1%E1%84%8B%E1%85%B5%E1%84%91%E1%85%B3-%E1%84%89%E1%85%B3%E1%84%90%E1%85%B3%E1%84%85%E1%85%A5%E1%86%A8%E1%84%8E%E1%85%A5-%E1%84%82%E1%85%B5%E1%84%90%E1%85%B3-%E1%84%90%E1%85%A1%E1%86%B8-p06236032.html,https://static.zara.net/assets/public/2198/6f74/35b648bd9166/49ba6c123c21/06236032330-p/06236032330-p.jpg?ts=1779809735043,"₩39,900",,,260622,멀티컬러,,,,
,false,,ZARA,상의,탑,여성,엑스트라 파인 니트 탑,https://www.zara.com/kr/ko/%E1%84%8B%E1%85%A6%E1%86%A8%E1%84%89%E1%85%B3%E1%84%90%E1%85%B3%E1%84%85%E1%85%A1-%E1%84%91%E1%85%A1%E1%84%8B%E1%85%B5%E1%86%AB-%E1%84%82%E1%85%B5%E1%84%90%E1%85%B3-%E1%84%90%E1%85%A1%E1%86%B8-p02142077.html,https://static.zara.net/assets/public/fc4a/e3ea/c3334d788c43/5e25c99813e8/02142077250-p/02142077250-p.jpg?ts=1771592314758,"₩45,900",,,260622,화이트,,,,
,false,,ZARA,상의,셔츠/블라우스,여성,ZW 컬렉션 레이스 코르셋 탑,https://www.zara.com/kr/ko/zw-%E1%84%8F%E1%85%A5%E1%86%AF%E1%84%85%E1%85%A6%E1%86%A8%E1%84%89%E1%85%A7%E1%86%AB-%E1%84%85%E1%85%A6%E1%84%8B%E1%85%B5%E1%84%89%E1%85%B3-%E1%84%8F%E1%85%A9%E1%84%85%E1%85%B3%E1%84%89%E1%85%A6%E1%86%BA-%E1%84%90%E1%85%A1%E1%86%B8-p06101120.html,https://static.zara.net/assets/public/596e/a09a/250a4db5abab/070211ab60df/06101120712-p/06101120712-p.jpg?ts=1780048130824,"₩109,900",,,260622,크림,,,,
,false,,ZARA,상의,셔츠/블라우스,여성,ZW 컬렉션 100% 리넨 코드 탑,https://www.zara.com/kr/ko/zw-%E1%84%8F%E1%85%A5%E1%86%AF%E1%84%85%E1%85%A6%E1%86%A8%E1%84%89%E1%85%A7%E1%86%AB-100-%E1%84%85%E1%85%B5%E1%84%82%E1%85%A6%E1%86%AB-%E1%84%8F%E1%85%A9%E1%84%83%E1%85%B3-%E1%84%90%E1%85%A1%E1%86%B8-p05344016.html,https://static.zara.net/assets/public/3653/ab4b/1ea74b9695bb/30938171f9e9/01936330350-p/01936330350-p.jpg?ts=1780058312274,"₩59,900",,,260622,화이트,,,,
,false,,ZARA,상의,탑,여성,코튼 슬리브리스 티셔츠,https://www.zara.com/kr/ko/%E1%84%8F%E1%85%A9%E1%84%90%E1%85%B3%E1%86%AB-%E1%84%89%E1%85%B3%E1%86%AF%E1%84%85%E1%85%B5%E1%84%87%E1%85%B3%E1%84%85%E1%85%B5%E1%84%89%E1%85%B3-%E1%84%90%E1%85%B5%E1%84%89%E1%85%A7%E1%84%8E%E1%85%B3-p00264015.html,https://static.zara.net/assets/public/ea6f/0206/52414d0faac3/e2cfe22cc9cc/00264015800-p/00264015800-p.jpg?ts=1777542966339,"₩29,900",,,260622,블랙,,,,
,false,,ZARA,상의,탑,여성,페이크 더블 튤 홀터넥 탑,https://www.zara.com/kr/ko/%E1%84%91%E1%85%A6%E1%84%8B%E1%85%B5%E1%84%8F%E1%85%B3-%E1%84%90%E1%85%B2%E1%86%AF-%E1%84%83%E1%85%A5%E1%84%87%E1%85%B3%E1%86%AF-%E1%84%92%E1%85%A9%E1%86%AF%E1%84%90%E1%85%A5%E1%84%82%E1%85%A6%E1%86%A8-%E1%84%90%E1%85%A1%E1%86%B8-p05644317.html,https://static.zara.net/assets/public/1b0f/75ad/bdd142728ef6/e5794e70ce6a/05644317942-p/05644317942-p.jpg?ts=1773334326724,"₩39,900",,,260622,베이지 핑크,,,,
,false,,ZARA,상의,티셔츠,여성,러스틱 슬리브리스 탑,https://www.zara.com/kr/ko/%E1%84%85%E1%85%A5%E1%84%89%E1%85%B3%E1%84%90%E1%85%B5%E1%86%A8-%E1%84%89%E1%85%B3%E1%86%AF%E1%84%85%E1%85%B5%E1%84%87%E1%85%B3%E1%84%85%E1%85%B5%E1%84%89%E1%85%B3-%E1%84%90%E1%85%A1%E1%86%B8-p01165104.html,https://static.zara.net/assets/public/19df/7347/54d2430bb0b6/2fd4ce8c502b/01165104681-p/01165104681-p.jpg?ts=1773398843732,"₩35,900",,,260622,버건디,,,,
,false,,ZARA,상의,탑,여성,새틴 레이스 캐미솔 탑,https://www.zara.com/kr/ko/%E1%84%89%E1%85%A2%E1%84%90%E1%85%B5%E1%86%AB-%E1%84%85%E1%85%A6%E1%84%8B%E1%85%B5%E1%84%89%E1%85%B3-%E1%84%8F%E1%85%A2%E1%84%86%E1%85%B5%E1%84%89%E1%85%A9%E1%86%AF-%E1%84%90%E1%85%A1%E1%86%B8-p05344143.html,https://static.zara.net/assets/public/efc3/08d3/300c4e0894c3/21fb07735fa5/05344143442-p/05344143442-p.jpg?ts=1781249655892,"₩79,900",,,260622,덕 블루,,,,
,false,,ZARA,상의,탑,여성,슬리브리스 니트 탑,https://www.zara.com/kr/ko/%E1%84%89%E1%85%B3%E1%86%AF%E1%84%85%E1%85%B5%E1%84%87%E1%85%B3%E1%84%85%E1%85%B5%E1%84%89%E1%85%B3-%E1%84%82%E1%85%B5%E1%84%90%E1%85%B3-%E1%84%90%E1%85%A1%E1%86%B8-p02142218.html,https://static.zara.net/assets/public/ac94/35af/d6c548e0b016/f36b6f74d406/02142218250-p/02142218250-p.jpg?ts=1780488822806,"₩45,900",,,260622,화이트,,,,
,false,,ZARA,상의,니트,여성,언밸런스 니트 탑,https://www.zara.com/kr/ko/%E1%84%8B%E1%85%A5%E1%86%AB%E1%84%87%E1%85%A2%E1%86%AF%E1%84%85%E1%85%A5%E1%86%AB%E1%84%89%E1%85%B3-%E1%84%82%E1%85%B5%E1%84%90%E1%85%B3-%E1%84%90%E1%85%A1%E1%86%B8-p02756032.html,https://static.zara.net/assets/public/0cf3/a0ed/5ce34cf588d7/898036b9c352/02756032711-a2/02756032711-a2.jpg?ts=1780488821251,"₩49,900",,,260622,샌드,,,,
,false,,ZARA,상의,셔츠/블라우스,여성,워싱 레이스업 탑,https://www.zara.com/kr/ko/%E1%84%8B%E1%85%AF%E1%84%89%E1%85%B5%E1%86%BC-%E1%84%85%E1%85%A6%E1%84%8B%E1%85%B5%E1%84%89%E1%85%B3%E1%84%8B%E1%85%A5%E1%86%B8-%E1%84%90%E1%85%A1%E1%86%B8-p00881033.html,https://static.zara.net/assets/public/56d4/3898/8b034e96a173/74834c3bab1a/00881033506-p/00881033506-p.jpg?ts=1779286194085,"₩45,900",,,260622,라이트 카키,,,,
,false,,ZARA,상의,니트,여성,콘트라스트 레이스 니트 폴로셔츠,https://www.zara.com/kr/ko/%E1%84%8F%E1%85%A9%E1%86%AB%E1%84%90%E1%85%B3%E1%84%85%E1%85%A1%E1%84%89%E1%85%B3%E1%84%90%E1%85%B3-%E1%84%85%E1%85%A6%E1%84%8B%E1%85%B5%E1%84%89%E1%85%B3-%E1%84%82%E1%85%B5%E1%84%90%E1%85%B3-%E1%84%91%E1%85%A9%E1%86%AF%E1%84%85%E1%85%A9%E1%84%89%E1%85%A7%E1%84%8E%E1%85%B3-p02142440.html,https://static.zara.net/assets/public/12d9/3003/1ce247c18079/acb0b4f8e544/02142440250-p/02142440250-p.jpg?ts=1779286192567,"₩55,900",,,260622,화이트,,,,
,false,,ZARA,상의,탑,여성,언밸런스 스트라이프 니트 탑 - THE ITEM ZARA WOMAN,https://www.zara.com/kr/ko/%E1%84%8B%E1%85%A5%E1%86%AB%E1%84%87%E1%85%A2%E1%86%AF%E1%84%85%E1%85%A5%E1%86%AB%E1%84%89%E1%85%B3-%E1%84%89%E1%85%B3%E1%84%90%E1%85%B3%E1%84%85%E1%85%A1%E1%84%8B%E1%85%B5%E1%84%91%E1%85%B3-%E1%84%82%E1%85%B5%E1%84%90%E1%85%B3-%E1%84%90%E1%85%A1%E1%86%B8---the-item-zara-woman-p02142214.html,https://static.zara.net/assets/public/490e/337b/ed1645168cd3/e827806f57ce/02142214061-60-a1/02142214061-60-a1.jpg?ts=1781534383623,"₩89,900",,,260622,"화이트,레드",,,,
,false,,ZARA,상의,셔츠/블라우스,여성,CTTN SHRT 16,https://www.zara.com/kr/ko/cttn-shrt-16-p02489204.html,https://static.zara.net/assets/public/e561/9c88/e3264ecc924b/ae69ad4ca7d2/02489204300-60-a1/02489204300-60-a1.jpg?ts=1781534383320,"₩109,900",,,260622,노랑,,,,
,false,,ZARA,상의,탑,여성,란제리 스타일 탑,https://www.zara.com/kr/ko/%E1%84%8F%E1%85%A2%E1%84%86%E1%85%B5%E1%84%89%E1%85%A9%E1%86%AF-%E1%84%90%E1%85%A1%E1%86%B8-p06050322.html,https://static.zara.net/assets/public/13bd/35f9/236f412f854a/7ab40c830b86/06050322712-p/06050322712-p.jpg?ts=1773858407337,"₩35,900",,,260622,크림,,,,
,false,,ZARA,상의,탑,여성,콤비 텍스처드 탑,https://www.zara.com/kr/ko/%E1%84%8F%E1%85%A9%E1%86%B7%E1%84%87%E1%85%B5-%E1%84%90%E1%85%A6%E1%86%A8%E1%84%89%E1%85%B3%E1%84%8E%E1%85%A5%E1%84%83%E1%85%B3-%E1%84%90%E1%85%A1%E1%86%B8-p05039273.html,https://static.zara.net/assets/public/d1b7/649d/f8c144ccb096/66792a3b2885/05039273086-p/05039273086-p.jpg?ts=1779447389434,"₩49,900",,,260622,"크림,브라운",,,,
,false,,ZARA,상의,셔츠/블라우스,여성,자수 리본 탑,https://www.zara.com/kr/ko/%E1%84%8C%E1%85%A1%E1%84%89%E1%85%AE-%E1%84%85%E1%85%B5%E1%84%87%E1%85%A9%E1%86%AB-%E1%84%90%E1%85%A1%E1%86%B8-p02823706.html,https://static.zara.net/assets/public/c763/a900/09bf4aaea00a/2639dcd4ddf5/02823706620-000-p/02823706620-000-p.jpg?ts=1779707984893,"₩55,900",,,260622,로즈핑크,,,,
,false,,ZARA,상의,셔츠/블라우스,여성,ZW 컬렉션 벌룬 슬리브 탑,https://www.zara.com/kr/ko/zw-%E1%84%8F%E1%85%A5%E1%86%AF%E1%84%85%E1%85%A6%E1%86%A8%E1%84%89%E1%85%A7%E1%86%AB-%E1%84%87%E1%85%A5%E1%86%AF%E1%84%85%E1%85%AE%E1%86%AB-%E1%84%89%E1%85%B3%E1%86%AF%E1%84%85%E1%85%B5%E1%84%87%E1%85%B3-%E1%84%90%E1%85%A1%E1%86%B8-p01101198.html,https://static.zara.net/assets/public/e240/16f6/283e4853a2b5/4ddfc6663d0c/01100198800-p/01100198800-p.jpg?ts=1772713880658,"₩89,900",,,260622,블랙,,,,
,false,,ZARA,상의,셔츠/블라우스,여성,리본 패턴 탑,https://www.zara.com/kr/ko/%E1%84%85%E1%85%B5%E1%84%87%E1%85%A9%E1%86%AB-%E1%84%91%E1%85%A2%E1%84%90%E1%85%A5%E1%86%AB-%E1%84%90%E1%85%A1%E1%86%B8-p03065345.html,https://static.zara.net/assets/public/6e62/c94f/c47d47cca8e3/65658e50611f/03065345330-p/03065345330-p.jpg?ts=1779452090882,"₩55,900",,,260622,멀티컬러,,,,
,false,,ZARA,상의,탑,여성,웨이브 마감 니트 탑,https://www.zara.com/kr/ko/%E1%84%8B%E1%85%B0%E1%84%8B%E1%85%B5%E1%84%87%E1%85%B3-%E1%84%86%E1%85%A1%E1%84%80%E1%85%A1%E1%86%B7-%E1%84%82%E1%85%B5%E1%84%90%E1%85%B3-%E1%84%90%E1%85%A1%E1%86%B8-p00014027.html,https://static.zara.net/assets/public/2041/66be/fda5444bbdd1/9e13f5752320/00014027712-p/00014027712-p.jpg?ts=1779452590102,"₩55,900",,,260622,크림,,,,
,false,,ZARA,상의,셔츠/블라우스,여성,ZW 컬렉션 벌룬 슬리브 탑,https://www.zara.com/kr/ko/zw-%E1%84%8F%E1%85%A5%E1%86%AF%E1%84%85%E1%85%A6%E1%86%A8%E1%84%89%E1%85%A7%E1%86%AB-%E1%84%87%E1%85%A5%E1%86%AF%E1%84%85%E1%85%AE%E1%86%AB-%E1%84%89%E1%85%B3%E1%86%AF%E1%84%85%E1%85%B5%E1%84%87%E1%85%B3-%E1%84%90%E1%85%A1%E1%86%B8-p01101198.html,https://static.zara.net/assets/public/3e71/5aca/34cd4eb6a70d/1b6488147493/01100198800-p/01100198800-p.jpg?ts=1776357493418,"₩89,900",,,260622,블랙,,,,
,false,,ZARA,상의,셔츠/블라우스,여성,ZW 컬렉션 콘트라스트 레이스 탑,https://www.zara.com/kr/ko/zw-%E1%84%8F%E1%85%A5%E1%86%AF%E1%84%85%E1%85%A6%E1%86%A8%E1%84%89%E1%85%A7%E1%86%AB-%E1%84%8F%E1%85%A9%E1%86%AB%E1%84%90%E1%85%B3%E1%84%85%E1%85%A1%E1%84%89%E1%85%B3%E1%84%90%E1%85%B3-%E1%84%85%E1%85%A6%E1%84%8B%E1%85%B5%E1%84%89%E1%85%B3-%E1%84%90%E1%85%A1%E1%86%B8-p06895040.html,https://static.zara.net/assets/public/1fa8/f17a/ce5b4824b1ed/b47e1eeac19d/06895040064-p/06895040064-p.jpg?ts=1772187325069,"₩89,900",,,260622,"화이트,블랙",,,,
,false,,ZARA,상의,셔츠/블라우스,여성,페이크 링클 란제리 탑,https://www.zara.com/kr/ko/%E1%84%91%E1%85%A6%E1%84%8B%E1%85%B5%E1%84%8F%E1%85%B3-%E1%84%85%E1%85%B5%E1%86%BC%E1%84%8F%E1%85%B3%E1%86%AF-%E1%84%85%E1%85%A1%E1%86%AB%E1%84%8C%E1%85%A6%E1%84%85%E1%85%B5-%E1%84%90%E1%85%A1%E1%86%B8-p07969035.html,https://static.zara.net/assets/public/7a13/6704/f00847c38ca0/dd7d8dfca65f/07969035712-p/07969035712-p.jpg?ts=1772017109835,"₩49,900",,,260622,크림,,,,
,false,,ZARA,상의,셔츠/블라우스,여성,페이크 링클 란제리 탑,https://www.zara.com/kr/ko/%E1%84%91%E1%85%A6%E1%84%8B%E1%85%B5%E1%84%8F%E1%85%B3-%E1%84%85%E1%85%B5%E1%86%BC%E1%84%8F%E1%85%B3%E1%86%AF-%E1%84%85%E1%85%A1%E1%86%AB%E1%84%8C%E1%85%A6%E1%84%85%E1%85%B5-%E1%84%90%E1%85%A1%E1%86%B8-p07969035.html,https://static.zara.net/assets/public/7a13/6704/f00847c38ca0/dd7d8dfca65f/07969035712-p/07969035712-p.jpg?ts=1772017109835,"₩49,900",,,260622,크림,,,,
,false,,ZARA,상의,셔츠/블라우스,여성,스트라이프 리본 탑,https://www.zara.com/kr/ko/%E1%84%89%E1%85%A2%E1%84%90%E1%85%B5%E1%86%AB-%E1%84%89%E1%85%B3%E1%84%90%E1%85%B3%E1%84%85%E1%85%A2%E1%86%B8%E1%84%85%E1%85%B5%E1%84%89%E1%85%B3-%E1%84%90%E1%85%A1%E1%86%B8-p07752051.html,https://static.zara.net/assets/public/97ef/ebd4/124d480ca8c3/7f0c931c411c/00881003070-a1/00881003070-a1.jpg?ts=1781622786599,"₩45,900",,,260622,"크림,블랙",,,,
,false,,ZARA,상의,셔츠/블라우스,여성,자수 거즈 홀터넥 탑,https://www.zara.com/kr/ko/%E1%84%8C%E1%85%A1%E1%84%89%E1%85%AE-%E1%84%80%E1%85%A5%E1%84%8C%E1%85%B3-%E1%84%92%E1%85%A9%E1%86%AF%E1%84%90%E1%85%A5%E1%84%82%E1%85%A6%E1%86%A8-%E1%84%90%E1%85%A1%E1%86%B8-p00881035.html,https://static.zara.net/assets/public/0e16/2c50/2da348408a45/d9a7727c4e1a/00881035250-p/00881035250-p.jpg?ts=1781622787295,"₩45,900",,,260622,화이트,,,,
,false,,ZARA,상의,셔츠/블라우스,여성,벌룬 슬리브 탑 ZW 컬렉션,https://www.zara.com/kr/ko/zw-%E1%84%8F%E1%85%A5%E1%86%AF%E1%84%85%E1%85%A6%E1%86%A8%E1%84%89%E1%85%A7%E1%86%AB-%E1%84%87%E1%85%A5%E1%86%AF%E1%84%85%E1%85%AE%E1%86%AB-%E1%84%89%E1%85%B3%E1%86%AF%E1%84%85%E1%85%B5%E1%84%87%E1%85%B3-%E1%84%90%E1%85%A1%E1%86%B8-p01101198.html,https://static.zara.net/assets/public/7e51/8c10/e8f64dd6883a/4b3bcb3e874a/01101198715-p/01101198715-p.jpg?ts=1772785707313,"₩89,900",,,260622,미디움 크림,,,,
,false,,ZARA,상의,탑,여성,애니멀 패턴 튤 탑,https://www.zara.com/kr/ko/%E1%84%8B%E1%85%A2%E1%84%82%E1%85%B5%E1%84%86%E1%85%A5%E1%86%AF-%E1%84%91%E1%85%B3%E1%84%85%E1%85%B5%E1%86%AB%E1%84%90%E1%85%B3-%E1%84%90%E1%85%B2%E1%86%AF-%E1%84%90%E1%85%A1%E1%86%B8-p05039405.html,https://static.zara.net/assets/public/99f4/ed45/9cc7407da10f/f02e99293d7a/05039405042-p/05039405042-p.jpg?ts=1779812388788,"₩35,900",,,260622,레오파드,,,,
,false,,ZARA,상의,탑,여성,도트 패턴 튤 탑,https://www.zara.com/kr/ko/%E1%84%8B%E1%85%A2%E1%84%82%E1%85%B5%E1%84%86%E1%85%A5%E1%86%AF-%E1%84%91%E1%85%B3%E1%84%85%E1%85%B5%E1%86%AB%E1%84%90%E1%85%B3-%E1%84%90%E1%85%B2%E1%86%AF-%E1%84%90%E1%85%A1%E1%86%B8-p05039405.html,https://static.zara.net/assets/public/78b7/34dd/9e4540ae9c58/db8bf28bd434/05039405064-p/05039405064-p.jpg?ts=1779809726083,"₩35,900",,,260622,"화이트,블랙",,,,
,false,,ZARA,상의,셔츠/블라우스,여성,자수 케이프 탑,https://www.zara.com/kr/ko/%E1%84%8C%E1%85%A1%E1%84%89%E1%85%AE-%E1%84%8F%E1%85%A6%E1%84%8B%E1%85%B5%E1%84%91%E1%85%B3-%E1%84%90%E1%85%A1%E1%86%B8-p00881064.html,https://static.zara.net/assets/public/46e9/9d22/7d1f4983aa17/9ca73879b63c/00881064712-p/00881064712-p.jpg?ts=1779447229289,"₩79,900",,,260622,크림,,,,
,false,,ZARA,상의,셔츠/블라우스,여성,스트라이프 코르셋 탑,https://www.zara.com/kr/ko/%E1%84%89%E1%85%B3%E1%84%90%E1%85%B3%E1%84%85%E1%85%A1%E1%84%8B%E1%85%B5%E1%84%91%E1%85%B3-%E1%84%8F%E1%85%A9%E1%84%85%E1%85%B3%E1%84%89%E1%85%A6%E1%86%BA-%E1%84%90%E1%85%A1%E1%86%B8-p02690158.html,https://static.zara.net/assets/public/303a/f517/142042be967e/79f7e0431dba/02690158120-p/02690158120-p.jpg?ts=1779447229366,"₩49,900",,,260622,녹색,,,,
,false,,ZARA,상의,셔츠/블라우스,여성,ZW 컬렉션 언밸런스 케이프 탑,https://www.zara.com/kr/ko/zw-%E1%84%8F%E1%85%A5%E1%86%AF%E1%84%85%E1%85%A6%E1%86%A8%E1%84%89%E1%85%A7%E1%86%AB-%E1%84%8B%E1%85%A5%E1%86%AB%E1%84%87%E1%85%A2%E1%86%AF%E1%84%85%E1%85%A5%E1%86%AB%E1%84%89%E1%85%B3-%E1%84%8F%E1%85%A6%E1%84%8B%E1%85%B5%E1%84%91%E1%85%B3-%E1%84%90%E1%85%A1%E1%86%B8-p01114198.html,https://static.zara.net/assets/public/113d/bb2f/64a6484298eb/20b02615f128/01114198712-1-p/01114198712-1-p.jpg?ts=1773744723177,"₩79,900",,,260622,크림,,,,
,false,,ZARA,상의,니트,여성,골드 볼 장식 니트 탑,https://www.zara.com/kr/ko/%E1%84%80%E1%85%A9%E1%86%AF%E1%84%83%E1%85%B3-%E1%84%87%E1%85%A9%E1%86%AF-%E1%84%8C%E1%85%A1%E1%86%BC%E1%84%89%E1%85%B5%E1%86%A8-%E1%84%82%E1%85%B5%E1%84%90%E1%85%B3-%E1%84%90%E1%85%A1%E1%86%B8-p03921034.html,https://static.zara.net/assets/public/5f20/14d6/7187409b9be1/a2b2730e6a57/03921034400-p/03921034400-p.jpg?ts=1775662018322,"₩57,900",,,260622,블루,,,,
,false,,ZARA,상의,탑,여성,슬리브리스 니트 탑,https://www.zara.com/kr/ko/%E1%84%89%E1%85%B3%E1%86%AF%E1%84%85%E1%85%B5%E1%84%87%E1%85%B3%E1%84%85%E1%85%B5%E1%84%89%E1%85%B3-%E1%84%82%E1%85%B5%E1%84%90%E1%85%B3-%E1%84%90%E1%85%A1%E1%86%B8-p08851002.html,https://static.zara.net/assets/public/9566/ba61/b8244c5d91bf/5dffdd50fd5e/08851002250-p/08851002250-p.jpg?ts=1775663746106,"₩39,900",,,260622,화이트,,,,
,false,,ZARA,상의,니트,여성,지퍼 니트 폴로셔츠,https://www.zara.com/kr/ko/%E1%84%8C%E1%85%B5%E1%84%91%E1%85%A5-%E1%84%82%E1%85%B5%E1%84%90%E1%85%B3-%E1%84%91%E1%85%A9%E1%86%AF%E1%84%85%E1%85%A9%E1%84%89%E1%85%A7%E1%84%8E%E1%85%B3-p06427020.html,https://static.zara.net/assets/public/30d6/e0e7/0fb447a5a2d6/3bd66c16b28e/06427020401-p/06427020401-p.jpg?ts=1777448267179,"₩55,900",,,260622,네이비,,,,
,false,,ZARA,상의,니트,여성,지퍼 니트 폴로셔츠,https://www.zara.com/kr/ko/%E1%84%8C%E1%85%B5%E1%84%91%E1%85%A5-%E1%84%82%E1%85%B5%E1%84%90%E1%85%B3-%E1%84%91%E1%85%A9%E1%86%AF%E1%84%85%E1%85%A9%E1%84%89%E1%85%A7%E1%84%8E%E1%85%B3-p06427020.html,https://static.zara.net/assets/public/3b4d/2384/8a3e464b9317/ffa9de9a5b6c/06427020600-p/06427020600-p.jpg?ts=1777448267544,"₩55,900",,,260622,레드,,,,
,false,,ZARA,상의,셔츠/블라우스,여성,레이스 캐미솔 탑,https://www.zara.com/kr/ko/%E1%84%85%E1%85%A6%E1%84%8B%E1%85%B5%E1%84%89%E1%85%B3-%E1%84%8F%E1%85%A2%E1%84%86%E1%85%B5%E1%84%89%E1%85%A9%E1%86%AF-%E1%84%90%E1%85%A1%E1%86%B8-p08741103.html,https://static.zara.net/assets/public/f506/abf1/d4764e35ae33/f86d9311c8cd/08741103423-p/08741103423-p.jpg?ts=1774884884575,"₩49,900",,,260622,파스텔 블루,,,,
,false,,ZARA,상의,탑,여성,메탈릭 얀 언밸런스 케이프,https://www.zara.com/kr/ko/%E1%84%86%E1%85%A6%E1%84%90%E1%85%A1%E1%86%AF%E1%84%85%E1%85%B5%E1%86%A8-%E1%84%8B%E1%85%A3%E1%86%AB-%E1%84%8B%E1%85%A5%E1%86%AB%E1%84%87%E1%85%A2%E1%86%AF%E1%84%85%E1%85%A5%E1%86%AB%E1%84%89%E1%85%B3-%E1%84%8F%E1%85%A6%E1%84%8B%E1%85%B5%E1%84%91%E1%85%B3-p05039021.html,https://static.zara.net/assets/public/d046/567a/92aa454f9a2a/5de5948f590c/05039021712-a3/05039021712-a3.jpg?ts=1778702652206,"₩49,900",,,260622,크림,,,,
,false,,ZARA,상의,탑,여성,백리스 메쉬 니트 탑,https://www.zara.com/kr/ko/%E1%84%86%E1%85%A6%E1%84%89%E1%85%B1-%E1%84%8B%E1%85%A9%E1%84%91%E1%85%B3%E1%86%AB%E1%84%87%E1%85%A2%E1%86%A8-%E1%84%82%E1%85%B5%E1%84%90%E1%85%B3-%E1%84%90%E1%85%A1%E1%86%B8-p03991002.html,https://static.zara.net/assets/public/a02d/6bae/a6d347e2b8c2/c0f1e239bf42/03991002250-p/03991002250-p.jpg?ts=1776181911057,"₩39,900",,,260622,화이트,,,,
,false,,ZARA,상의,탑,여성,로맨틱 리본 니트 탑,https://www.zara.com/kr/ko/%E1%84%85%E1%85%A9%E1%84%86%E1%85%A2%E1%86%AB%E1%84%90%E1%85%B5%E1%86%A8-%E1%84%85%E1%85%B5%E1%84%87%E1%85%A9%E1%86%AB-%E1%84%82%E1%85%B5%E1%84%90%E1%85%B3-%E1%84%90%E1%85%A1%E1%86%B8-p06236029.html,https://static.zara.net/assets/public/e2ed/0026/8a874f74a919/a76dec69e9c7/06236029075-p/06236029075-p.jpg?ts=1776181929845,"₩49,900",,,260622,"크림,베이지",,,,
,false,,ZARA,상의,탑,여성,콤비 니트 탑,https://www.zara.com/kr/ko/%E1%84%8F%E1%85%A9%E1%86%B7%E1%84%87%E1%85%B5-%E1%84%82%E1%85%B5%E1%84%90%E1%85%B3-%E1%84%90%E1%85%A1%E1%86%B8-p09598030.html,https://static.zara.net/assets/public/2caa/24a0/5d9941d4bf6a/f42f8970c30f/09598030052-p/09598030052-p.jpg?ts=1774957905480,"₩59,900",,,260622,라이트 베이지,,,,
,false,,ZARA,상의,탑,여성,프린지 니트 탑,https://www.zara.com/kr/ko/%E1%84%91%E1%85%B3%E1%84%85%E1%85%B5%E1%86%AB%E1%84%8C%E1%85%B5-%E1%84%82%E1%85%B5%E1%84%90%E1%85%B3-%E1%84%90%E1%85%A1%E1%86%B8-p02893035.html,https://static.zara.net/assets/public/420c/53a2/6fe543df897f/434b6bd11f18/02893035250-p/02893035250-p.jpg?ts=1774881358498,"₩49,900",,,260622,화이트,,,,
,false,,ZARA,상의,탑,여성,숄더 패드 니트 탑,https://www.zara.com/kr/ko/%E1%84%89%E1%85%AD%E1%86%AF%E1%84%83%E1%85%A5-%E1%84%91%E1%85%A2%E1%84%83%E1%85%B3-%E1%84%82%E1%85%B5%E1%84%90%E1%85%B3-%E1%84%90%E1%85%A1%E1%86%B8-p01822029.html,https://static.zara.net/assets/public/060d/ce8f/bdc74596aaf1/90f00a7e906d/01822029800-a3/01822029800-a3.jpg?ts=1777549843570,"₩49,900",,,260622,블랙,,,,
,false,,ZARA,상의,셔츠/블라우스,여성,레이스 새틴 탑,https://www.zara.com/kr/ko/%E1%84%85%E1%85%A6%E1%84%8B%E1%85%B5%E1%84%89%E1%85%B3-%E1%84%89%E1%85%A2%E1%84%90%E1%85%B5%E1%86%AB-%E1%84%90%E1%85%A1%E1%86%B8-p02902368.html,https://static.zara.net/assets/public/133c/e129/781843588042/d5056a8883ec/02902368096-p/02902368096-p.jpg?ts=1778588133462,"₩49,900",,,260622,"화이트,그레이",,,,
,false,,ZARA,상의,탑,여성,프릴 세미 시스루 탑,https://www.zara.com/kr/ko/%E1%84%91%E1%85%B3%E1%84%85%E1%85%B5%E1%86%AF-%E1%84%89%E1%85%A6%E1%84%86%E1%85%B5-%E1%84%89%E1%85%B5%E1%84%89%E1%85%B3%E1%84%85%E1%85%AE-%E1%84%90%E1%85%A1%E1%86%B8-p05039404.html,https://static.zara.net/assets/public/5728/7c66/313f4ef7900b/289b058a4644/05039404712-p/05039404712-p.jpg?ts=1777390334151,"₩57,900",,,260622,크림,,,,
,false,,ZARA,상의,탑,여성,주얼 비즈 니트 탑,https://www.zara.com/kr/ko/%E1%84%8C%E1%85%AE%E1%84%8B%E1%85%A5%E1%86%AF%E1%84%85%E1%85%B5-%E1%84%87%E1%85%B5%E1%84%8C%E1%85%B3-%E1%84%82%E1%85%B5%E1%84%90%E1%85%B3-%E1%84%90%E1%85%A1%E1%86%B8-p05755039.html,https://static.zara.net/assets/public/6f30/307c/289545a180d6/ac2c20259023/05755039621-p/05755039621-p.jpg?ts=1773931429867,"₩59,900",,,260622,파스텔 로즈,,,,
,false,,ZARA,상의,티셔츠,여성,슬리브리스 탑,https://www.zara.com/kr/ko/%E1%84%89%E1%85%B3%E1%86%AF%E1%84%85%E1%85%B5%E1%84%87%E1%85%B3%E1%84%85%E1%85%B5%E1%84%89%E1%85%B3-%E1%84%90%E1%85%A1%E1%86%B8-p03641871.html,https://static.zara.net/assets/public/3c47/1361/6c64404bb054/0c647bd381d4/03641871510-p/03641871510-p.jpg?ts=1772472077441,"₩17,900",,,260622,라임 그린,,,,
,false,,ZARA,상의,셔츠/블라우스,여성,새틴 홀터넥 탑,https://www.zara.com/kr/ko/%E1%84%89%E1%85%A2%E1%84%90%E1%85%B5%E1%86%AB-%E1%84%92%E1%85%A9%E1%86%AF%E1%84%90%E1%85%A5%E1%84%82%E1%85%A6%E1%86%A8-%E1%84%90%E1%85%A1%E1%86%B8-p02337051.html,https://static.zara.net/assets/public/c615/33a1/c5d34835b7ff/6b5be31cbc0f/02337051602-p/02337051602-p.jpg?ts=1773310924359,"₩45,900",,,260622,라이트 제비꽃,,,,
,false,,ZARA,상의,탑,여성,메탈릭 얀 언밸런스 케이프,https://www.zara.com/kr/ko/%E1%84%86%E1%85%A6%E1%84%90%E1%85%A1%E1%86%AF%E1%84%85%E1%85%B5%E1%86%A8-%E1%84%8B%E1%85%A3%E1%86%AB-%E1%84%8B%E1%85%A5%E1%86%AB%E1%84%87%E1%85%A2%E1%86%AF%E1%84%85%E1%85%A5%E1%86%AB%E1%84%89%E1%85%B3-%E1%84%8F%E1%85%A6%E1%84%8B%E1%85%B5%E1%84%91%E1%85%B3-p05039021.html,https://static.zara.net/assets/public/a27c/28a9/a0a34890b732/7d593fa2ef43/05039021700-p/05039021700-p.jpg?ts=1778668521161,"₩49,900",,,260622,브라운,,,,
,false,,ZARA,상의,셔츠/블라우스,여성,프릴 자수 루즈 탑,https://www.zara.com/kr/ko/%E1%84%91%E1%85%B3%E1%84%85%E1%85%B5%E1%86%AF-%E1%84%8C%E1%85%A1%E1%84%89%E1%85%AE-%E1%84%85%E1%85%AE%E1%84%8C%E1%85%B3%E1%84%91%E1%85%B5%E1%86%BA-%E1%84%90%E1%85%A1%E1%86%B8-p07200060.html,https://static.zara.net/assets/public/4dbb/f9f6/77c24231b90d/f03201d9fa2a/07200060800-p/07200060800-p.jpg?ts=1779272156996,"₩55,900",,,260622,블랙,,,,
,false,,ZARA,상의,셔츠/블라우스,여성,버튼 쇼트 슬리브 탑,https://www.zara.com/kr/ko/%E1%84%87%E1%85%A5%E1%84%90%E1%85%B3%E1%86%AB-%E1%84%89%E1%85%AD%E1%84%90%E1%85%B3-%E1%84%89%E1%85%B3%E1%86%AF%E1%84%85%E1%85%B5%E1%84%87%E1%85%B3-%E1%84%90%E1%85%A1%E1%86%B8-p02162272.html,https://static.zara.net/assets/public/daa9/4cc4/8e9c4bb18a62/8de24e63d5b6/02162272250-p/02162272250-p.jpg?ts=1776953975233,"₩55,900",,,260622,화이트,,,,
,false,,ZARA,상의,셔츠/블라우스,여성,버튼 쇼트 슬리브 탑,https://www.zara.com/kr/ko/%E1%84%87%E1%85%A5%E1%84%90%E1%85%B3%E1%86%AB-%E1%84%89%E1%85%AD%E1%84%90%E1%85%B3-%E1%84%89%E1%85%B3%E1%86%AF%E1%84%85%E1%85%B5%E1%84%87%E1%85%B3-%E1%84%90%E1%85%A1%E1%86%B8-p02162272.html,https://static.zara.net/assets/public/3e43/ba27/998144b2bf1d/8cf5ed2a093a/02162224044-p/02162224044-p.jpg?ts=1777033548886,"₩55,900",,,260622,"블루 ,화이트",,,,
,false,,ZARA,상의,탑,여성,하이넥 파인 니트 탑,https://www.zara.com/kr/ko/%E1%84%91%E1%85%A1%E1%84%8B%E1%85%B5%E1%86%AB-%E1%84%82%E1%85%B5%E1%84%90%E1%85%B3-%E1%84%92%E1%85%A1%E1%84%8B%E1%85%B5%E1%84%82%E1%85%A6%E1%86%A8-%E1%84%90%E1%85%A1%E1%86%B8-p02488109.html,https://static.zara.net/assets/public/a5e9/70a3/0ae74157b01d/4163434f089f/02488109802-000-p/02488109802-000-p.jpg?ts=1770827776721,"₩55,900",,,260622,그레이,,,,
,false,,ZARA,상의,탑,여성,포인텔 레이스 탑,https://www.zara.com/kr/ko/%E1%84%91%E1%85%A9%E1%84%8B%E1%85%B5%E1%86%AB%E1%84%90%E1%85%A6%E1%86%AF-%E1%84%85%E1%85%A6%E1%84%8B%E1%85%B5%E1%84%89%E1%85%B3-%E1%84%90%E1%85%A1%E1%86%B8-p01223159.html,https://static.zara.net/assets/public/ef50/8069/ff4740098c20/b0ce81f6ca8e/01223159812-a6/01223159812-a6.jpg?ts=1781693711117,"₩55,900",,,260622,그레이,,,,
,false,,ZARA,상의,탑,여성,레이스 립 탑,https://www.zara.com/kr/ko/%E1%84%85%E1%85%A6%E1%84%8B%E1%85%B5%E1%84%89%E1%85%B3-%E1%84%85%E1%85%B5%E1%86%B8-%E1%84%90%E1%85%A1%E1%86%B8-p08779716.html,https://static.zara.net/assets/public/b904/78cc/9a06465082b9/70323cbd1592/08779716800-p/08779716800-p.jpg?ts=1781693759484,"₩49,900",,,260622,블랙,,,,
,false,,ZARA,상의,셔츠/블라우스,여성,ZW 컬렉션 도트 탑,https://www.zara.com/kr/ko/zw-%E1%84%8F%E1%85%A5%E1%86%AF%E1%84%85%E1%85%A6%E1%86%A8%E1%84%89%E1%85%A7%E1%86%AB-%E1%84%83%E1%85%A9%E1%84%90%E1%85%B3-%E1%84%90%E1%85%A1%E1%86%B8-p01108027.html,https://static.zara.net/assets/public/b9db/cab1/e6084ecd8fb0/bda89a4485f4/01108027400-p/01108027400-p.jpg?ts=1772713913161,"₩59,900",,,260622,블루,,,,
,false,,ZARA,상의,셔츠/블라우스,여성,ZW 컬렉션 콘트라스트 레이스 탑,https://www.zara.com/kr/ko/zw-%E1%84%8F%E1%85%A5%E1%86%AF%E1%84%85%E1%85%A6%E1%86%A8%E1%84%89%E1%85%A7%E1%86%AB-%E1%84%8F%E1%85%A9%E1%86%AB%E1%84%90%E1%85%B3%E1%84%85%E1%85%A1%E1%84%89%E1%85%B3%E1%84%90%E1%85%B3-%E1%84%85%E1%85%A6%E1%84%8B%E1%85%B5%E1%84%89%E1%85%B3-%E1%84%90%E1%85%A1%E1%86%B8-p05919004.html,https://static.zara.net/assets/public/710f/aa88/595d431f91be/058407fd76eb/05919004712-p/05919004712-p.jpg?ts=1773239508634,"₩59,900",,,260622,크림,,,,
,false,,ZARA,상의,셔츠/블라우스,여성,펀칭 자수 탑,https://www.zara.com/kr/ko/%E1%84%91%E1%85%A5%E1%86%AB%E1%84%8E%E1%85%B5%E1%86%BC-%E1%84%8C%E1%85%A1%E1%84%89%E1%85%AE-%E1%84%90%E1%85%A1%E1%86%B8-p03086694.html,https://static.zara.net/assets/public/2136/8c74/9c994b309096/db478e1d1e90/03086694305-p/03086694305-p.jpg?ts=1780501005621,"₩59,900",,,260622,머스터드,,,,
,false,,ZARA,상의,니트,여성,콘트라스트 레이스 니트 폴로셔츠,https://www.zara.com/kr/ko/%E1%84%8F%E1%85%A9%E1%86%AB%E1%84%90%E1%85%B3%E1%84%85%E1%85%A1%E1%84%89%E1%85%B3%E1%84%90%E1%85%B3-%E1%84%85%E1%85%A6%E1%84%8B%E1%85%B5%E1%84%89%E1%85%B3-%E1%84%82%E1%85%B5%E1%84%90%E1%85%B3-%E1%84%91%E1%85%A9%E1%86%AF%E1%84%85%E1%85%A9%E1%84%89%E1%85%A7%E1%84%8E%E1%85%B3-p02142440.html,https://static.zara.net/assets/public/5883/5779/aff54dca821b/e80e71cc60d3/02142440649-p/02142440649-p.jpg?ts=1777390859685,"₩55,900",,,260622,"레드,코랄",,,,
,false,,ZARA,상의,니트,여성,콘트라스트 레이스 니트 폴로셔츠,https://www.zara.com/kr/ko/%E1%84%8F%E1%85%A9%E1%86%AB%E1%84%90%E1%85%B3%E1%84%85%E1%85%A1%E1%84%89%E1%85%B3%E1%84%90%E1%85%B3-%E1%84%85%E1%85%A6%E1%84%8B%E1%85%B5%E1%84%89%E1%85%B3-%E1%84%82%E1%85%B5%E1%84%90%E1%85%B3-%E1%84%91%E1%85%A9%E1%86%AF%E1%84%85%E1%85%A9%E1%84%89%E1%85%A7%E1%84%8E%E1%85%B3-p02142440.html,https://static.zara.net/assets/public/503b/d2e6/552f47f68cae/4905130f6175/02142440250-p/02142440250-p.jpg?ts=1777449776945,"₩55,900",,,260622,화이트,,,,
,false,,ZARA,상의,니트,여성,숏 슬리브 니트 탑,https://www.zara.com/kr/ko/%E1%84%89%E1%85%AD%E1%84%90%E1%85%B3-%E1%84%89%E1%85%B3%E1%86%AF%E1%84%85%E1%85%B5%E1%84%87%E1%85%B3-%E1%84%82%E1%85%B5%E1%84%90%E1%85%B3-%E1%84%90%E1%85%A1%E1%86%B8-p02756031.html,https://static.zara.net/assets/public/3a8d/8b52/122543b2a518/fb3fe6a535fd/02756031711-p/02756031711-p.jpg?ts=1775723672456,"₩49,900",,,260622,샌드,,,,
,false,,ZARA,상의,니트,여성,쇼트 슬리브 니트 탑,https://www.zara.com/kr/ko/%E1%84%89%E1%85%AD%E1%84%90%E1%85%B3-%E1%84%89%E1%85%B3%E1%86%AF%E1%84%85%E1%85%B5%E1%84%87%E1%85%B3-%E1%84%82%E1%85%B5%E1%84%90%E1%85%B3-%E1%84%90%E1%85%A1%E1%86%B8-p02756031.html,https://static.zara.net/assets/public/4023/537f/a11740909aaa/ede590a272c8/02756031526-p/02756031526-p.jpg?ts=1775723669940,"₩49,900",,,260622,라이트 그린,,,,
,false,,ZARA,상의,셔츠/블라우스,여성,리본 시퀸 튤 탑,https://www.zara.com/kr/ko/%E1%84%89%E1%85%B5%E1%84%8F%E1%85%B1%E1%86%AB-%E1%84%90%E1%85%B2%E1%86%AF-%E1%84%90%E1%85%A1%E1%86%B8-p04772071.html,https://static.zara.net/assets/public/ca60/18ce/19504affa66f/1550b589bd01/04772071116-p/04772071116-p.jpg?ts=1775818301663,"₩49,900",,,260622,핑크,,,,
,false,,ZARA,상의,셔츠/블라우스,여성,언밸런스 시퀸 탑,https://www.zara.com/kr/ko/%E1%84%8B%E1%85%A5%E1%86%AB%E1%84%87%E1%85%A2%E1%86%AF%E1%84%85%E1%85%A5%E1%86%AB%E1%84%89%E1%85%B3-%E1%84%89%E1%85%B5%E1%84%8F%E1%85%B1%E1%86%AB-%E1%84%90%E1%85%A1%E1%86%B8-p04772070.html,https://static.zara.net/assets/public/4d8f/6552/e8da48f3a84c/54a51caa43d5/04772070300-p/04772070300-p.jpg?ts=1775818302146,"₩49,900",,,260622,노랑,,,,
,false,,ZARA,상의,셔츠/블라우스,여성,벌룬 슬리브 도트 탑,https://www.zara.com/kr/ko/%E1%84%87%E1%85%A5%E1%86%AF%E1%84%85%E1%85%AE%E1%86%AB-%E1%84%89%E1%85%B3%E1%86%AF%E1%84%85%E1%85%B5%E1%84%87%E1%85%B3-%E1%84%83%E1%85%A9%E1%84%90%E1%85%B3-%E1%84%90%E1%85%A1%E1%86%B8-p03897091.html,https://static.zara.net/assets/public/62ee/6664/dff545ac8232/d743f15db60b/03897091116-p/03897091116-p.jpg?ts=1777019803266,"₩57,900",,,260622,핑크,,,,
,false,,ZARA,상의,탑,여성,와이드 슬리브 니트 탑,https://www.zara.com/kr/ko/%E1%84%8B%E1%85%AA%E1%84%8B%E1%85%B5%E1%84%83%E1%85%B3-%E1%84%89%E1%85%B3%E1%86%AF%E1%84%85%E1%85%B5%E1%84%87%E1%85%B3-%E1%84%82%E1%85%B5%E1%84%90%E1%85%B3-%E1%84%90%E1%85%A1%E1%86%B8-p03433004.html,https://static.zara.net/assets/public/bfa4/71f5/301944ae9dd0/662dc0715c86/03519044600-a2/03519044600-a2.jpg?ts=1780476099168,"₩45,900",,,260622,레드,,,,
,false,,ZARA,상의,니트,여성,버튼 니트 탑,https://www.zara.com/kr/ko/%E1%84%87%E1%85%A5%E1%84%90%E1%85%B3%E1%86%AB-%E1%84%82%E1%85%B5%E1%84%90%E1%85%B3-%E1%84%90%E1%85%A1%E1%86%B8-p05755056.html,https://static.zara.net/assets/public/322e/d108/f9944f818807/e0b251e4a8f7/05755056250-p/05755056250-p.jpg?ts=1777026459641,"₩45,900",,,260622,화이트,,,,
,false,,ZARA,상의,니트,여성,버튼 니트 탑,https://www.zara.com/kr/ko/%E1%84%87%E1%85%A5%E1%84%90%E1%85%B3%E1%86%AB-%E1%84%82%E1%85%B5%E1%84%90%E1%85%B3-%E1%84%90%E1%85%A1%E1%86%B8-p05755056.html,https://static.zara.net/assets/public/cf89/d3d5/0ef0430c8e82/48934f8ba8f7/05755056800-p/05755056800-p.jpg?ts=1777026463015,"₩45,900",,,260622,블랙,,,,
,false,,ZARA,상의,탑,여성,스트레치 니트 홀터넥 탑,https://www.zara.com/kr/ko/%E1%84%89%E1%85%B3%E1%84%90%E1%85%B3%E1%84%85%E1%85%A6%E1%84%8E%E1%85%B5-%E1%84%82%E1%85%B5%E1%84%90%E1%85%B3-%E1%84%92%E1%85%A9%E1%86%AF%E1%84%90%E1%85%A5%E1%84%82%E1%85%A6%E1%86%A8-%E1%84%90%E1%85%A1%E1%86%B8-p05584397.html,https://static.zara.net/assets/public/aba2/2a5a/e813477487b7/0e971a4d65d1/05584397250-p/05584397250-p.jpg?ts=1772725679632,"₩35,900",,,260622,화이트,,,,
,false,,ZARA,상의,탑,여성,스트레치 홀터넥 니트 탑,https://www.zara.com/kr/ko/%E1%84%89%E1%85%B3%E1%84%90%E1%85%B3%E1%84%85%E1%85%A6%E1%84%8E%E1%85%B5-%E1%84%82%E1%85%B5%E1%84%90%E1%85%B3-%E1%84%92%E1%85%A9%E1%86%AF%E1%84%90%E1%85%A5%E1%84%82%E1%85%A6%E1%86%A8-%E1%84%90%E1%85%A1%E1%86%B8-p05584397.html,https://static.zara.net/assets/public/d695/8da4/cf264464acdc/5030a8b69167/05584397800-p/05584397800-p.jpg?ts=1772725683481,"₩35,900",,,260622,블랙,,,,
,false,,ZARA,상의,탑,여성,스트레치 니트 홀터넥 탑,https://www.zara.com/kr/ko/%E1%84%89%E1%85%B3%E1%84%90%E1%85%B3%E1%84%85%E1%85%A6%E1%84%8E%E1%85%B5-%E1%84%82%E1%85%B5%E1%84%90%E1%85%B3-%E1%84%92%E1%85%A9%E1%86%AF%E1%84%90%E1%85%A5%E1%84%82%E1%85%A6%E1%86%A8-%E1%84%90%E1%85%A1%E1%86%B8-p05584397.html,https://static.zara.net/assets/public/0bff/0380/75814ffaba66/3d982ee15466/05584397641-p/05584397641-p.jpg?ts=1772725683211,"₩35,900",,,260622,다크 레드,,,,
,false,,ZARA,상의,탑,여성,벌룬 슬리브 니트 탑,https://www.zara.com/kr/ko/%E1%84%87%E1%85%A5%E1%86%AF%E1%84%85%E1%85%AE%E1%86%AB-%E1%84%89%E1%85%B3%E1%86%AF%E1%84%85%E1%85%B5%E1%84%87%E1%85%B3-%E1%84%82%E1%85%B5%E1%84%90%E1%85%B3-%E1%84%90%E1%85%A1%E1%86%B8-p02142016.html,https://static.zara.net/assets/public/a1fe/1c27/34a04def947b/1794314a1afb/02142016712-p/02142016712-p.jpg?ts=1769621961618,"₩55,900",,,260622,크림,,,,
,false,,ZARA,상의,탑,여성,버튼 리브드 페플럼 탑,https://www.zara.com/kr/ko/%E1%84%87%E1%85%A5%E1%84%90%E1%85%B3%E1%86%AB-%E1%84%85%E1%85%B5%E1%84%87%E1%85%B3%E1%84%83%E1%85%B3-%E1%84%91%E1%85%A6%E1%84%91%E1%85%B3%E1%86%AF%E1%84%85%E1%85%A5%E1%86%B7-%E1%84%90%E1%85%A1%E1%86%B8-p08779159.html,https://static.zara.net/assets/public/80a9/c0d0/bf134132a512/74557e1701cd/08779159715-p/08779159715-p.jpg?ts=1769617523774,"₩49,900",,,260622,미디움 크림,,,,
,false,,ZARA,상의,셔츠/블라우스,여성,깅엄 체크 드레이프 탑,https://www.zara.com/kr/ko/%E1%84%80%E1%85%B5%E1%86%BC%E1%84%8B%E1%85%A5%E1%86%B7-%E1%84%8E%E1%85%A6%E1%84%8F%E1%85%B3-%E1%84%83%E1%85%B3%E1%84%85%E1%85%A6%E1%84%8B%E1%85%B5%E1%84%91%E1%85%B3-%E1%84%90%E1%85%A1%E1%86%B8-p04745038.html,https://static.zara.net/assets/public/52d4/02f5/c098410b9e65/fbfb2b250316/04745038080-p/04745038080-p.jpg?ts=1778681679911,"₩49,900",,,260622,"크림,블루",,,,
,false,,ZARA,상의,셔츠/블라우스,여성,깅엄체크 셔링 탑,https://www.zara.com/kr/ko/%E1%84%80%E1%85%B5%E1%86%BC%E1%84%8B%E1%85%A5%E1%86%B7%E1%84%8E%E1%85%A6%E1%84%8F%E1%85%B3-%E1%84%89%E1%85%A7%E1%84%85%E1%85%B5%E1%86%BC-%E1%84%90%E1%85%A1%E1%86%B8-p02180040.html,https://static.zara.net/assets/public/cef4/9623/443c402eaf04/e5bb0bf0f3ef/02180040094-p/02180040094-p.jpg?ts=1776700305626,"₩49,900",,,260622,"레드,화이트",,,,
,false,,ZARA,상의,탑,여성,펀칭 니트 탑,https://www.zara.com/kr/ko/%E1%84%91%E1%85%A5%E1%86%AB%E1%84%8E%E1%85%B5%E1%86%BC-%E1%84%82%E1%85%B5%E1%84%90%E1%85%B3-%E1%84%90%E1%85%A1%E1%86%B8-p06236036.html,https://static.zara.net/assets/public/371b/9888/266e4fdf8aa0/a5d48b985bb5/06236036712-p/06236036712-p.jpg?ts=1776957804396,"₩49,900",,,260622,크림,,,,
,false,,ZARA,상의,티셔츠,여성,미러 RIB 탑,https://www.zara.com/kr/ko/%E1%84%86%E1%85%B5%E1%84%85%E1%85%A5-%E1%84%83%E1%85%B5%E1%84%90%E1%85%A6%E1%84%8B%E1%85%B5%E1%86%AF-%E1%84%85%E1%85%B5%E1%84%87%E1%85%B3%E1%84%83%E1%85%B3-%E1%84%90%E1%85%A1%E1%86%B8-p01067013.html,https://static.zara.net/assets/public/ba87/97ee/b7bf4485ab2f/c6b24144e90b/01067013730-p/01067013730-p.jpg?ts=1776957793758,"₩39,900",,,260622,라이트 브라운,,,,
,false,,ZARA,상의,탑,여성,컷아웃 볼 니트 탑,https://www.zara.com/kr/ko/%E1%84%8F%E1%85%A5%E1%86%BA%E1%84%8B%E1%85%A1%E1%84%8B%E1%85%AE%E1%86%BA-%E1%84%87%E1%85%A9%E1%86%AF-%E1%84%82%E1%85%B5%E1%84%90%E1%85%B3-%E1%84%90%E1%85%A1%E1%86%B8-p04938022.html,https://static.zara.net/assets/public/18cb/126a/69734f2caacd/fb44c9d25c8e/04938022300-p/04938022300-p.jpg?ts=1775811912120,"₩49,900",,,260622,노랑,,,,
,false,,ZARA,상의,탑,여성,로맨틱 리본 탑,https://www.zara.com/kr/ko/%E1%84%85%E1%85%A9%E1%84%86%E1%85%A2%E1%86%AB%E1%84%90%E1%85%B5%E1%86%A8-%E1%84%85%E1%85%B5%E1%84%87%E1%85%A9%E1%86%AB-%E1%84%90%E1%85%A1%E1%86%B8-p09874005.html,https://static.zara.net/assets/public/abb5/edf4/c9c641f9a061/5cecd85920b3/09874005629-p/09874005629-p.jpg?ts=1775808634416,"₩49,900",,,260622,라일락,,,,
,false,,ZARA,상의,탑,여성,골지 반소매 니트 탑,https://www.zara.com/kr/ko/%E1%84%80%E1%85%A9%E1%86%AF%E1%84%8C%E1%85%B5-%E1%84%87%E1%85%A1%E1%86%AB%E1%84%89%E1%85%A9%E1%84%86%E1%85%A2-%E1%84%82%E1%85%B5%E1%84%90%E1%85%B3-%E1%84%90%E1%85%A1%E1%86%B8-p03471002.html,https://static.zara.net/assets/public/2f2e/0dae/9ed2408192fe/47f4265928e8/03471002500-p/03471002500-p.jpg?ts=1781180725497,"₩35,900",,,260622,초록,,,,
,false,,ZARA,상의,탑,여성,와이드 슬리브 니트 탑,https://www.zara.com/kr/ko/%E1%84%8B%E1%85%AA%E1%84%8B%E1%85%B5%E1%84%83%E1%85%B3-%E1%84%89%E1%85%B3%E1%86%AF%E1%84%85%E1%85%B5%E1%84%87%E1%85%B3-%E1%84%82%E1%85%B5%E1%84%90%E1%85%B3-%E1%84%90%E1%85%A1%E1%86%B8-p03433004.html,https://static.zara.net/assets/public/015c/af1b/aa7545cf93f9/f300c06d5377/03519044944-p/03519044944-p.jpg?ts=1781180725091,"₩45,900",,,260622,레드 스트라이프,,,,
,false,,ZARA,상의,탑,여성,레이스 스트랩 탑,https://www.zara.com/kr/ko/%E1%84%85%E1%85%A6%E1%84%8B%E1%85%B5%E1%84%89%E1%85%B3-%E1%84%89%E1%85%B3%E1%84%90%E1%85%B3%E1%84%85%E1%85%A2%E1%86%B8-%E1%84%90%E1%85%A1%E1%86%B8-p01067019.html,https://static.zara.net/assets/public/c5f4/c62a/c72b4082b3f7/517b7eaa9456/01067019800-p/01067019800-p.jpg?ts=1779378509057,"₩45,900",,,260622,블랙,,,,
,false,,ZARA,상의,탑,여성,프릴 튤 코르셋,https://www.zara.com/kr/ko/%E1%84%8F%E1%85%A9%E1%84%85%E1%85%B3%E1%84%89%E1%85%A6%E1%86%BA-%E1%84%90%E1%85%B2%E1%86%AF-%E1%84%91%E1%85%B3%E1%84%85%E1%85%B5%E1%86%AF-p05070007.html,https://static.zara.net/assets/public/da17/7c6d/e1e3456586b2/1d976358fc7a/05070007800-p/05070007800-p.jpg?ts=1777364076680,"₩49,900",,,260622,블랙,,,,
,false,,ZARA,상의,셔츠/블라우스,여성,허니콤 탑,https://www.zara.com/kr/ko/%E1%84%92%E1%85%A5%E1%84%82%E1%85%B5%E1%84%8F%E1%85%A9%E1%86%B7-%E1%84%90%E1%85%A1%E1%86%B8-p05770041.html,https://static.zara.net/assets/public/d21e/2597/c0334136ad84/e96c76ea4744/05770041800-p/05770041800-p.jpg?ts=1776094442413,"₩49,900",,,260622,블랙,,,,
,false,,ZARA,상의,탑,여성,컷아웃 볼 니트 탑,https://www.zara.com/kr/ko/%E1%84%8F%E1%85%A5%E1%86%BA%E1%84%8B%E1%85%A1%E1%84%8B%E1%85%AE%E1%86%BA-%E1%84%87%E1%85%A9%E1%86%AF-%E1%84%82%E1%85%B5%E1%84%90%E1%85%B3-%E1%84%90%E1%85%A1%E1%86%B8-p09874010.html,https://static.zara.net/assets/public/bd57/b111/8932493984ef/43e8c2babde0/09874010713-p/09874010713-p.jpg?ts=1776094456486,"₩55,900",,,260622,베이지 핑크,,,,
,false,,ZARA,상의,탑,여성,텍스트 지퍼 탑,https://www.zara.com/kr/ko/%E1%84%90%E1%85%A6%E1%86%A8%E1%84%89%E1%85%B3%E1%84%90%E1%85%B3-%E1%84%8C%E1%85%B5%E1%84%91%E1%85%A5-%E1%84%90%E1%85%A1%E1%86%B8-p06050067.html,https://static.zara.net/assets/public/8cf7/ea72/3214493089da/b71f816d294b/06050067407-p/06050067407-p.jpg?ts=1776167139450,"₩45,900",,,260622,블루,,,,
,false,,ZARA,상의,탑,여성,니트 튜닉 탑,https://www.zara.com/kr/ko/%E1%84%82%E1%85%B5%E1%84%90%E1%85%B3-%E1%84%90%E1%85%B2%E1%84%82%E1%85%B5%E1%86%A8-%E1%84%90%E1%85%A1%E1%86%B8-p09598018.html,https://static.zara.net/assets/public/1a8e/1237/885f44ac9844/c5923d6b9e9e/02560209251-p/02560209251-p.jpg?ts=1781682774401,"₩59,900",,,260622,네이비,,,,
,false,,ZARA,상의,탑,여성,파인 니트 슬리브리스 탑,https://www.zara.com/kr/ko/%E1%84%91%E1%85%A1%E1%84%8B%E1%85%B5%E1%86%AB-%E1%84%82%E1%85%B5%E1%84%90%E1%85%B3-%E1%84%89%E1%85%B3%E1%86%AF%E1%84%85%E1%85%B5%E1%84%87%E1%85%B3%E1%84%85%E1%85%B5%E1%84%89%E1%85%B3-%E1%84%90%E1%85%A1%E1%86%B8-p02142083.html,https://static.zara.net/assets/public/ccdc/2547/6c97499fa268/fcb4570f0701/01950199712-p/01950199712-p.jpg?ts=1781682931430,"₩35,900",,,260622,블랙,,,,
,false,,ZARA,상의,니트,여성,쇼트 슬리브 스트라이프 니트 폴로,https://www.zara.com/kr/ko/%E1%84%89%E1%85%AD%E1%84%90%E1%85%B3-%E1%84%89%E1%85%B3%E1%86%AF%E1%84%85%E1%85%B5%E1%84%87%E1%85%B3-%E1%84%89%E1%85%B3%E1%84%90%E1%85%B3%E1%84%85%E1%85%A1%E1%84%8B%E1%85%B5%E1%84%91%E1%85%B3-%E1%84%82%E1%85%B5%E1%84%90%E1%85%B3-%E1%84%91%E1%85%A9%E1%86%AF%E1%84%85%E1%85%A9%E1%84%89%E1%85%A7%E1%84%8E%E1%85%B3-p05755057.html,https://static.zara.net/assets/public/e6ee/912e/42a14324a39d/2e9e5317d214/05755057104-p/05755057104-p.jpg?ts=1780647236627,"₩49,900",,,260622,스트라이프,,,,
,false,,ZARA,상의,탑,여성,언밸런스 오프숄더 탑,https://www.zara.com/kr/ko/%E1%84%8B%E1%85%A5%E1%86%AB%E1%84%87%E1%85%A2%E1%86%AF%E1%84%85%E1%85%A5%E1%86%AB%E1%84%89%E1%85%B3-%E1%84%8B%E1%85%A9%E1%84%91%E1%85%B3%E1%84%89%E1%85%AD%E1%86%AF%E1%84%83%E1%85%A5-%E1%84%90%E1%85%A1%E1%86%B8-p04813346.html,https://static.zara.net/assets/public/4a64/6628/4c7941188d84/ca152a490d53/04813346712-a1/04813346712-a1.jpg?ts=1770980267537,"₩49,900",,,260622,크림,,,,
,false,,ZARA,상의,탑,여성,볼륨 홀터넥 탑,https://www.zara.com/kr/ko/%E1%84%87%E1%85%A9%E1%86%AF%E1%84%85%E1%85%B2%E1%86%B7-%E1%84%92%E1%85%A9%E1%86%AF%E1%84%90%E1%85%A5%E1%84%82%E1%85%A6%E1%86%A8-%E1%84%90%E1%85%A1%E1%86%B8-p08779173.html,https://static.zara.net/assets/public/6c3f/8214/8f444a1c891b/87bf9475f84c/08779173300-p/08779173300-p.jpg?ts=1772193747964,"₩49,900",,,260622,노랑,,,,
,false,,ZARA,상의,탑,여성,러플 니트 탑,https://www.zara.com/kr/ko/%E1%84%85%E1%85%A5%E1%84%91%E1%85%B3%E1%86%AF-%E1%84%82%E1%85%B5%E1%84%90%E1%85%B3-%E1%84%90%E1%85%A1%E1%86%B8-p03921068.html,https://static.zara.net/assets/public/eb5b/44fd/9f1f457ead73/ccc5bbbff226/03921068620-p/03921068620-p.jpg?ts=1777563339064,"₩49,900",,,260622,로즈핑크,,,,
,false,,ZARA,상의,탑,여성,니트 콤비 탑,https://www.zara.com/kr/ko/%E1%84%82%E1%85%B5%E1%84%90%E1%85%B3-%E1%84%8F%E1%85%A9%E1%86%B7%E1%84%87%E1%85%B5-%E1%84%90%E1%85%A1%E1%86%B8-p03921011.html,https://static.zara.net/assets/public/cf47/d7f1/339146ecbbf3/d6debd0ff0e9/03921011800-p/03921011800-p.jpg?ts=1776165333602,"₩49,900",,,260622,블랙,,,,
,false,,ZARA,상의,셔츠/블라우스,여성,도트 레이스 새틴 탑,https://www.zara.com/kr/ko/%E1%84%83%E1%85%A9%E1%84%90%E1%85%B3-%E1%84%85%E1%85%A6%E1%84%8B%E1%85%B5%E1%84%89%E1%85%B3-%E1%84%89%E1%85%A2%E1%84%90%E1%85%B5%E1%86%AB-%E1%84%90%E1%85%A1%E1%86%B8-p02905383.html,https://static.zara.net/assets/public/6e65/f283/2e4b4315bcf0/e25aa7e39e4f/02905384116-p/02905384116-p.jpg?ts=1779793119685,"₩49,900",,,260622,핑크,,,,
,false,,ZARA,원피스,원피스,여성,레이스 콤비 탑,https://www.zara.com/kr/ko/%E1%84%85%E1%85%A6%E1%84%8B%E1%85%B5%E1%84%89%E1%85%B3-%E1%84%8F%E1%85%A9%E1%86%B7%E1%84%87%E1%85%B5-%E1%84%90%E1%85%A1%E1%86%B8-p01223012.html,https://static.zara.net/assets/public/cba2/a411/6a6145018060/6d52c0c8f420/01223012835-p/01223012835-p.jpg?ts=1774613893741,"₩49,900",,,260622,다크 납색,,,,
,false,,ZARA,상의,셔츠/블라우스,여성,플리츠 프릴 리본 탑,https://www.zara.com/kr/ko/%E1%84%91%E1%85%B3%E1%86%AF%E1%84%85%E1%85%B5%E1%84%8E%E1%85%B3-%E1%84%85%E1%85%B5%E1%84%87%E1%85%A9%E1%86%AB-%E1%84%91%E1%85%B3%E1%84%85%E1%85%B5%E1%86%AF-%E1%84%90%E1%85%A1%E1%86%B8-p05029140.html,https://static.zara.net/assets/public/d916/40f3/706f477ebe89/964dcc66e505/05029140250-p/05029140250-p.jpg?ts=1774957895873,"₩49,900",,,260622,화이트,,,,
,false,,ZARA,상의,탑,여성,텍스처 케이프 탑,https://www.zara.com/kr/ko/%E1%84%90%E1%85%A6%E1%86%A8%E1%84%89%E1%85%B3%E1%84%8E%E1%85%A5-%E1%84%8F%E1%85%A6%E1%84%8B%E1%85%B5%E1%84%91%E1%85%B3-%E1%84%90%E1%85%A1%E1%86%B8-p05067283.html,https://static.zara.net/assets/public/09dd/2dae/76654cc0a775/0856bf485ba7/05067283706-p/05067283706-p.jpg?ts=1779806800821,"₩49,900",,,260622,밍크,,,,
,false,,ZARA,기타,WAISTCOAT,여성,홀터넥 크롭 탑,https://www.zara.com/kr/ko/%E1%84%92%E1%85%A9%E1%86%AF%E1%84%90%E1%85%A5%E1%84%82%E1%85%A6%E1%86%A8-%E1%84%8F%E1%85%B3%E1%84%85%E1%85%A9%E1%86%B8-%E1%84%90%E1%85%A1%E1%86%B8-p04387349.html,https://static.zara.net/assets/public/683c/8c6f/b191435a967f/e75aeb9346b7/04387349749-p/04387349749-p.jpg?ts=1779806800793,"₩49,900",,,260622,다크 데님,,,,
,false,,ZARA,상의,셔츠/블라우스,여성,도트 블라우스,https://www.zara.com/kr/ko/%E1%84%83%E1%85%A9%E1%84%90%E1%85%B3-%E1%84%87%E1%85%B3%E1%86%AF%E1%84%85%E1%85%A1%E1%84%8B%E1%85%AE%E1%84%89%E1%85%B3-p07969042.html,https://static.zara.net/assets/public/0fca/f8e3/043f485b9d38/db7d6ec0a2c1/02535556068-p/02535556068-p.jpg?ts=1770917256327,"₩49,900",,,260622,"크림,석류",,,,
,false,,ZARA,상의,셔츠/블라우스,여성,자수 프릴 거즈 탑,https://www.zara.com/kr/ko/%E1%84%8C%E1%85%A1%E1%84%89%E1%85%AE-%E1%84%91%E1%85%B3%E1%84%85%E1%85%B5%E1%86%AF-%E1%84%80%E1%85%A5%E1%84%8C%E1%85%B3-%E1%84%90%E1%85%A1%E1%86%B8-p00881031.html,https://static.zara.net/assets/public/dda3/0049/8e114a7eaae7/207dede058cb/05427427737-000-p/05427427737-000-p.jpg?ts=1776862509890,"₩49,900",,,260622,라이트 그린,,,,
,false,,ZARA,상의,탑,여성,레이스 프릴 탑,https://www.zara.com/kr/ko/%E1%84%85%E1%85%A6%E1%84%8B%E1%85%B5%E1%84%89%E1%85%B3-%E1%84%91%E1%85%B3%E1%84%85%E1%85%B5%E1%86%AF-%E1%84%90%E1%85%A1%E1%86%B8-p05063366.html,https://static.zara.net/assets/public/527d/d835/cdc946918b35/cfa09d4bbc4a/05063366712-p/05063366712-p.jpg?ts=1780413277454,"₩49,900",,,260622,크림,,,,
,false,,ZARA,상의,탑,여성,도트 홀터넥 탑,https://www.zara.com/kr/ko/%E1%84%83%E1%85%A9%E1%84%90%E1%85%B3-%E1%84%92%E1%85%A9%E1%86%AF%E1%84%90%E1%85%A5%E1%84%82%E1%85%A6%E1%86%A8-%E1%84%90%E1%85%A1%E1%86%B8-p00264474.html,https://static.zara.net/assets/public/d5a8/d124/8d8c4d149a5e/1b7cbcc6ff80/00264474064-p/00264474064-p.jpg?ts=1780413276376,"₩45,900",,,260622,"화이트,블랙",,,,
,false,,ZARA,상의,탑,여성,포인텔 콤비 니트 탑,https://www.zara.com/kr/ko/%E1%84%91%E1%85%A9%E1%84%8B%E1%85%B5%E1%86%AB%E1%84%90%E1%85%A6%E1%86%AF-%E1%84%8F%E1%85%A9%E1%86%B7%E1%84%87%E1%85%B5-%E1%84%82%E1%85%B5%E1%84%90%E1%85%B3-%E1%84%90%E1%85%A1%E1%86%B8-p06236027.html,https://static.zara.net/assets/public/7c22/61ff/5f30409d99e2/f848a47e3787/06236027712-p/06236027712-p.jpg?ts=1774008117065,"₩49,900",,,260622,크림,,,,
,false,,ZARA,상의,티셔츠,여성,자수 탑,https://www.zara.com/kr/ko/%E1%84%8C%E1%85%A1%E1%84%89%E1%85%AE-%E1%84%90%E1%85%A1%E1%86%B8-p01165107.html,https://static.zara.net/assets/public/7562/ee95/1b7a49dfaebe/7808d6d52f0d/01165107250-p/01165107250-p.jpg?ts=1773931397662,"₩49,900",,,260622,화이트,,,,
,false,,ZARA,상의,티셔츠,여성,리브드 코튼 탱크 탑,https://www.zara.com/kr/ko/%E1%84%85%E1%85%B5%E1%84%87%E1%85%B3%E1%84%83%E1%85%B3-%E1%84%8F%E1%85%A9%E1%84%90%E1%85%B3%E1%86%AB-%E1%84%90%E1%85%A2%E1%86%BC%E1%84%8F%E1%85%B3-%E1%84%90%E1%85%A1%E1%86%B8-p03641406.html,https://static.zara.net/assets/public/7eee/6da4/a57545ecb35d/c6b3ee9c8e92/03641406250-p/03641406250-p.jpg?ts=1781785601499,"₩17,900",,,260622,화이트,,,,
,false,,ZARA,상의,티셔츠,여성,코튼 모달 스트랩 탑,https://www.zara.com/kr/ko/%E1%84%8F%E1%85%A9%E1%84%90%E1%85%B3%E1%86%AB-%E1%84%86%E1%85%A9%E1%84%83%E1%85%A1%E1%86%AF-%E1%84%89%E1%85%B3%E1%84%90%E1%85%B3%E1%84%85%E1%85%A2%E1%86%B8-%E1%84%90%E1%85%A1%E1%86%B8-p03641328.html,https://static.zara.net/assets/public/b696/9e06/d27a4c0ea69b/6046e6401584/03641328800-a2/03641328800-a2.jpg?ts=1781785599486,"₩15,900",,,260622,블랙,,,,
,false,,ZARA,상의,티셔츠,여성,코튼 모달 스트랩 탑,https://www.zara.com/kr/ko/%E1%84%8F%E1%85%A9%E1%84%90%E1%85%B3%E1%86%AB-%E1%84%86%E1%85%A9%E1%84%83%E1%85%A1%E1%86%AF-%E1%84%89%E1%85%B3%E1%84%90%E1%85%B3%E1%84%85%E1%85%A2%E1%86%B8-%E1%84%90%E1%85%A1%E1%86%B8-p03641328.html,https://static.zara.net/assets/public/19e8/b73d/410b4e99b735/bc8fb8c5de22/03641328737-a3/03641328737-a3.jpg?ts=1781785604556,"₩15,900",,,260622,"브라운,토프",,,,
,false,,ZARA,상의,셔츠/블라우스,여성,홀터넥 새틴 탑,https://www.zara.com/kr/ko/%E1%84%92%E1%85%A9%E1%86%AF%E1%84%90%E1%85%A5%E1%84%82%E1%85%A6%E1%86%A8-%E1%84%89%E1%85%A2%E1%84%90%E1%85%B5%E1%86%AB-%E1%84%90%E1%85%A1%E1%86%B8-p01165114.html,https://static.zara.net/assets/public/44d7/7fd4/ec03480797d9/fd20cb77cbbe/01165114800-p/01165114800-p.jpg?ts=1777019733567,"₩49,900",,,260622,블랙,,,,
,false,,ZARA,상의,탑,여성,드레이프 언밸런스 탑,https://www.zara.com/kr/ko/%E1%84%83%E1%85%B3%E1%84%85%E1%85%A6%E1%84%8B%E1%85%B5%E1%84%91%E1%85%B3-%E1%84%8B%E1%85%A5%E1%86%AB%E1%84%87%E1%85%A2%E1%86%AF%E1%84%85%E1%85%A5%E1%86%AB%E1%84%89%E1%85%B3-%E1%84%90%E1%85%A1%E1%86%B8-p05039275.html,https://static.zara.net/assets/public/5174/3e00/8158494aad80/0790a0f6bf0b/05039275800-p/05039275800-p.jpg?ts=1777019823102,"₩45,900",,,260622,블랙,,,,
,false,,ZARA,상의,셔츠/블라우스,여성,자수 스트랩 탑,https://www.zara.com/kr/ko/%E1%84%8C%E1%85%A1%E1%84%89%E1%85%AE-%E1%84%89%E1%85%B3%E1%84%90%E1%85%B3%E1%84%85%E1%85%A2%E1%86%B8-%E1%84%90%E1%85%A1%E1%86%B8-p04387101.html,https://static.zara.net/assets/public/8315/a0b9/96364227b137/93f9703e84c1/04387102700-p/04387102700-p.jpg?ts=1776175451166,"₩45,900",,,260622,브라운,,,,
,false,,ZARA,상의,셔츠/블라우스,여성,자수 스트랩 탑,https://www.zara.com/kr/ko/%E1%84%8C%E1%85%A1%E1%84%89%E1%85%AE-%E1%84%89%E1%85%B3%E1%84%90%E1%85%B3%E1%84%85%E1%85%A2%E1%86%B8-%E1%84%90%E1%85%A1%E1%86%B8-p04387101.html,https://static.zara.net/assets/public/14f6/6597/ffe14a59bec0/eb335efaf10a/04387101300-p/04387101300-p.jpg?ts=1776175447249,"₩45,900",,,260622,노랑,,,,
,false,,ZARA,상의,가디건,여성,자카드 반소매 니트 재킷,https://www.zara.com/kr/ko/%E1%84%8C%E1%85%A1%E1%84%8F%E1%85%A1%E1%84%83%E1%85%B3-%E1%84%87%E1%85%A1%E1%86%AB%E1%84%89%E1%85%A9%E1%84%86%E1%85%A2-%E1%84%82%E1%85%B5%E1%84%90%E1%85%B3-%E1%84%8C%E1%85%A2%E1%84%8F%E1%85%B5%E1%86%BA-p03991005.html,https://static.zara.net/assets/public/eec5/02b3/dddb4f75aac7/af1e337caa1e/03991005050-p/03991005050-p.jpg?ts=1776248698666,"₩49,900",,,260622,단색,,,,
,false,,ZARA,상의,탑,여성,포인텔 니트 탑,https://www.zara.com/kr/ko/%E1%84%91%E1%85%A9%E1%84%8B%E1%85%B5%E1%86%AB%E1%84%90%E1%85%A6%E1%86%AF-%E1%84%82%E1%85%B5%E1%84%90%E1%85%B3-%E1%84%90%E1%85%A1%E1%86%B8-p02142256.html,https://static.zara.net/assets/public/f1db/a4e8/4dcb4a41a7d5/fd5fff0cc1c5/02142256250-p/02142256250-p.jpg?ts=1779809687752,"₩45,900",,,260622,화이트,,,,
,false,,ZARA,상의,탑,여성,자카드 니트 재킷,https://www.zara.com/kr/ko/%E1%84%8C%E1%85%A1%E1%84%8F%E1%85%A1%E1%84%83%E1%85%B3-%E1%84%82%E1%85%B5%E1%84%90%E1%85%B3-%E1%84%8C%E1%85%A2%E1%84%8F%E1%85%B5%E1%86%BA-p09874021.html,https://static.zara.net/assets/public/9420/2e37/c083462bb318/0e8ef320850f/09874021526-001-p/09874021526-001-p.jpg?ts=1778774666920,"₩45,900",,,260622,라이트 그린,,,,
,false,,ZARA,상의,탑,여성,시스루 니트 탑,https://www.zara.com/kr/ko/%E1%84%89%E1%85%B5%E1%84%89%E1%85%B3%E1%84%85%E1%85%AE-%E1%84%82%E1%85%B5%E1%84%90%E1%85%B3-%E1%84%90%E1%85%A1%E1%86%B8-p02142051.html,https://static.zara.net/assets/public/c955/ce6e/b1df41ba90d6/9f6b28957b5c/02142051250-p/02142051250-p.jpg?ts=1770293444010,"₩45,900",,,260622,화이트,,,,
,false,,ZARA,상의,셔츠/블라우스,여성,도트 루즈 탑,https://www.zara.com/kr/ko/%E1%84%83%E1%85%A9%E1%84%90%E1%85%B3-%E1%84%85%E1%85%AE%E1%84%8C%E1%85%B3-%E1%84%90%E1%85%A1%E1%86%B8-p03564054.html,https://static.zara.net/assets/public/82c5/f84d/b6d94c01bcdc/a3a8cdc5d85f/03564054049-p/03564054049-p.jpg?ts=1772623831137,"₩45,900",,,260622,브라운-블루,,,,
,false,,ZARA,상의,티셔츠,여성,폴리아미드 혼방 탑,https://www.zara.com/kr/ko/%E1%84%91%E1%85%A9%E1%86%AF%E1%84%85%E1%85%B5%E1%84%8B%E1%85%A1%E1%84%86%E1%85%B5%E1%84%83%E1%85%B3-%E1%84%92%E1%85%A9%E1%86%AB%E1%84%87%E1%85%A1%E1%86%BC-%E1%84%90%E1%85%A1%E1%86%B8-p01355457.html,https://static.zara.net/assets/public/7221/fc26/de5344e6b217/d8d4e0e1fedc/01355457725-p/01355457725-p.jpg?ts=1781169371707,"₩45,900",,,260622,버터,,,,
,false,,ZARA,상의,탑,여성,홀터 니트 탑,https://www.zara.com/kr/ko/%E1%84%92%E1%85%A9%E1%86%AF%E1%84%90%E1%85%A5%E1%84%82%E1%85%A6%E1%86%A8-%E1%84%82%E1%85%B5%E1%84%90%E1%85%B3-%E1%84%90%E1%85%A1%E1%86%B8-p06771030.html,https://static.zara.net/assets/public/8fc1/d1ec/97eb4823bfdb/001c5a08de71/06771030712-p/06771030712-p.jpg?ts=1780643507341,"₩35,900",,,260622,크림,,,,
,false,,ZARA,상의,셔츠/블라우스,여성,새틴 홀터넥 탑,https://www.zara.com/kr/ko/%E1%84%89%E1%85%A2%E1%84%90%E1%85%B5%E1%86%AB-%E1%84%92%E1%85%A9%E1%86%AF%E1%84%90%E1%85%A5%E1%84%82%E1%85%A6%E1%86%A8-%E1%84%90%E1%85%A1%E1%86%B8-p02812051.html,https://static.zara.net/assets/public/7899/43d7/42e04f2e8715/8c593155e1c3/02812051800-a2/02812051800-a2.jpg?ts=1780644365446,"₩45,900",,,260622,블랙,,,,
,false,,ZARA,상의,탑,여성,텍스처 하이넥 탑,https://www.zara.com/kr/ko/%E1%84%90%E1%85%A6%E1%86%A8%E1%84%89%E1%85%B3%E1%84%8E%E1%85%A5-%E1%84%92%E1%85%A1%E1%84%8B%E1%85%B5%E1%84%82%E1%85%A6%E1%86%A8-%E1%84%90%E1%85%A1%E1%86%B8-p05039390.html,https://static.zara.net/assets/public/5506/9980/5add4db492fd/fe5926adfd23/05039390800-p/05039390800-p.jpg?ts=1775060782540,"₩29,900",,,260622,블랙,,,,
,false,,ZARA,상의,탑,여성,텍스처 하이넥 탑,https://www.zara.com/kr/ko/%E1%84%90%E1%85%A6%E1%86%A8%E1%84%89%E1%85%B3%E1%84%8E%E1%85%A5-%E1%84%92%E1%85%A1%E1%84%8B%E1%85%B5%E1%84%82%E1%85%A6%E1%86%A8-%E1%84%90%E1%85%A1%E1%86%B8-p05039390.html,https://static.zara.net/assets/public/771a/3c27/1b614d78bf7b/220f65c56fbc/05039390712-p/05039390712-p.jpg?ts=1775060782331,"₩29,900",,,260622,크림,,,,
,false,,ZARA,상의,탑,여성,파인 니트 슬리브리스 탑,https://www.zara.com/kr/ko/%E1%84%91%E1%85%A1%E1%84%8B%E1%85%B5%E1%86%AB-%E1%84%82%E1%85%B5%E1%84%90%E1%85%B3-%E1%84%89%E1%85%B3%E1%86%AF%E1%84%85%E1%85%B5%E1%84%87%E1%85%B3%E1%84%85%E1%85%B5%E1%84%89%E1%85%B3-%E1%84%90%E1%85%A1%E1%86%B8-p02142083.html,https://static.zara.net/assets/public/4db9/1e69/d7c346b5ae67/fd2fc51d9cc1/02142083600-p/02142083600-p.jpg?ts=1772713923621,"₩35,900",,,260622,레드,,,,
,false,,ZARA,상의,탑,여성,울 엑스트라 파인 니트 탑,https://www.zara.com/kr/ko/%E1%84%8B%E1%85%AE%E1%86%AF-%E1%84%8B%E1%85%A6%E1%86%A8%E1%84%89%E1%85%B3%E1%84%90%E1%85%B3%E1%84%85%E1%85%A1-%E1%84%91%E1%85%A1%E1%84%8B%E1%85%B5%E1%86%AB-%E1%84%90%E1%85%A1%E1%86%B8-p02142092.html,https://static.zara.net/assets/public/ce01/8196/421e4141bc13/4a09ef577e2a/02142092712-p/02142092712-p.jpg?ts=1771593405248,"₩39,900",,,260622,크림,,,,
,false,,ZARA,상의,티셔츠,여성,하이넥 슬리브리스 탑,https://www.zara.com/kr/ko/%E1%84%92%E1%85%A1%E1%84%8B%E1%85%B5%E1%84%82%E1%85%A6%E1%86%A8-%E1%84%89%E1%85%B3%E1%86%AF%E1%84%85%E1%85%B5%E1%84%87%E1%85%B3%E1%84%85%E1%85%B5%E1%84%89%E1%85%B3-%E1%84%90%E1%85%A1%E1%86%B8-p04786008.html,https://static.zara.net/assets/public/3ec9/d5f2/3f56483f81b6/93b3e549d078/04786008406-p/04786008406-p.jpg?ts=1768304640170,"₩39,900",,,260622,라이트 블루,,,,
,false,,ZARA,상의,티셔츠,여성,하이넥 슬리브리스 탑,https://www.zara.com/kr/ko/%E1%84%92%E1%85%A1%E1%84%8B%E1%85%B5%E1%84%82%E1%85%A6%E1%86%A8-%E1%84%89%E1%85%B3%E1%86%AF%E1%84%85%E1%85%B5%E1%84%87%E1%85%B3%E1%84%85%E1%85%B5%E1%84%89%E1%85%B3-%E1%84%90%E1%85%A1%E1%86%B8-p04786008.html,https://static.zara.net/assets/public/c329/1b85/678a4f91b263/0f1da7cd23d7/04786008712-p/04786008712-p.jpg?ts=1768304692198,"₩39,900",,,260622,크림,,,,
,false,,ZARA,상의,탑,여성,스트라이프 스트랩 탑,https://www.zara.com/kr/ko/%E1%84%89%E1%85%B3%E1%84%90%E1%85%B3%E1%84%85%E1%85%A1%E1%84%8B%E1%85%B5%E1%84%91%E1%85%B3-%E1%84%89%E1%85%B3%E1%84%90%E1%85%B3%E1%84%85%E1%85%A2%E1%86%B8-%E1%84%90%E1%85%A1%E1%86%B8-p05584296.html,https://static.zara.net/assets/public/c496/6967/b9c94c459c8f/918744e584ea/05584296104-p/05584296104-p.jpg?ts=1776163250674,"₩39,900",,,260622,스트라이프,,,,
,false,,ZARA,상의,탑,여성,골지 니트 홀터넥 탑,https://www.zara.com/kr/ko/%E1%84%80%E1%85%A9%E1%86%AF%E1%84%8C%E1%85%B5-%E1%84%82%E1%85%B5%E1%84%90%E1%85%B3-%E1%84%92%E1%85%A9%E1%86%AF%E1%84%90%E1%85%A5%E1%84%82%E1%85%A6%E1%86%A8-%E1%84%90%E1%85%A1%E1%86%B8-p03519002.html,https://static.zara.net/assets/public/5d2b/6bbd/c8be4ded84c2/0adfbb520289/03519002250-p/03519002250-p.jpg?ts=1771263215247,"₩39,900",,,260622,화이트,,,,
,false,,ZARA,상의,티셔츠,여성,드레이프 언밸런스 탑,https://www.zara.com/kr/ko/%E1%84%83%E1%85%B3%E1%84%85%E1%85%A6%E1%84%8B%E1%85%B5%E1%84%91%E1%85%B3-%E1%84%8B%E1%85%A5%E1%86%AB%E1%84%87%E1%85%A2%E1%86%AF%E1%84%85%E1%85%A5%E1%86%AB%E1%84%89%E1%85%B3-%E1%84%90%E1%85%A1%E1%86%B8-p05644312.html,https://static.zara.net/assets/public/0d5d/113b/fbb4481aaa74/62a5538c22d8/05644312803-p/05644312803-p.jpg?ts=1771586232355,"₩35,900",,,260622,그레이,,,,
,false,,ZARA,상의,티셔츠,여성,프릴 배트윙 슬리브 탑,https://www.zara.com/kr/ko/%E1%84%91%E1%85%B3%E1%84%85%E1%85%B5%E1%86%AF-%E1%84%87%E1%85%A2%E1%84%90%E1%85%B3%E1%84%8B%E1%85%B1%E1%86%BC-%E1%84%89%E1%85%B3%E1%86%AF%E1%84%85%E1%85%B5%E1%84%87%E1%85%B3-%E1%84%90%E1%85%A1%E1%86%B8-p06050309.html,https://static.zara.net/assets/public/d0e7/4972/2222492ca3de/b62a7f4fa3cb/06050309803-p/06050309803-p.jpg?ts=1771586175202,"₩39,900",,,260622,그레이,,,,
,false,,ZARA,상의,티셔츠,여성,레이스 스트랩 탑,https://www.zara.com/kr/ko/%E1%84%85%E1%85%A6%E1%84%8B%E1%85%B5%E1%84%89%E1%85%B3-%E1%84%89%E1%85%B3%E1%84%90%E1%85%B3%E1%84%85%E1%85%A2%E1%86%B8-%E1%84%90%E1%85%A1%E1%86%B8-p01058308.html,https://static.zara.net/assets/public/c4ba/d8ba/845e4eafa5f4/f1771a168472/01058308811-p/01058308811-p.jpg?ts=1776412628836,"₩29,900",,,260622,라이트 그레이,,,,
,false,,ZARA,상의,탑,여성,러스틱 언밸런스 탑,https://www.zara.com/kr/ko/%E1%84%85%E1%85%A5%E1%84%89%E1%85%B3%E1%84%90%E1%85%B5%E1%86%A8-%E1%84%8B%E1%85%A5%E1%86%AB%E1%84%87%E1%85%A2%E1%86%AF%E1%84%85%E1%85%A5%E1%86%AB%E1%84%89%E1%85%B3-%E1%84%90%E1%85%A1%E1%86%B8-p02298006.html,https://static.zara.net/assets/public/af7e/6203/f77f48709d5b/b60bfa9e3d48/02298006712-p/02298006712-p.jpg?ts=1774008306167,"₩35,900",,,260622,크림,,,,
,false,,ZARA,상의,탑,여성,러스틱 언밸런스 탑,https://www.zara.com/kr/ko/%E1%84%85%E1%85%A5%E1%84%89%E1%85%B3%E1%84%90%E1%85%B5%E1%86%A8-%E1%84%8B%E1%85%A5%E1%86%AB%E1%84%87%E1%85%A2%E1%86%AF%E1%84%85%E1%85%A5%E1%86%AB%E1%84%89%E1%85%B3-%E1%84%90%E1%85%A1%E1%86%B8-p02298006.html,https://static.zara.net/assets/public/d2b1/e158/70f442ab9e20/84436598f061/02298006807-p/02298006807-p.jpg?ts=1773998493156,"₩35,900",,,260622,콜 그레이,,,,
,false,,ZARA,상의,탑,여성,언밸런스 러스틱 탑,https://www.zara.com/kr/ko/%E1%84%85%E1%85%A5%E1%84%89%E1%85%B3%E1%84%90%E1%85%B5%E1%86%A8-%E1%84%8B%E1%85%A5%E1%86%AB%E1%84%87%E1%85%A2%E1%86%AF%E1%84%85%E1%85%A5%E1%86%AB%E1%84%89%E1%85%B3-%E1%84%90%E1%85%A1%E1%86%B8-p02298006.html,https://static.zara.net/assets/public/41e4/4824/0c8040d596ad/2895949a172d/02298006700-p/02298006700-p.jpg?ts=1774008300035,"₩35,900",,,260622,브라운,,,,
,false,,ZARA,상의,셔츠/블라우스,여성,ZW 컬렉션 limited edition 포플린 탑,https://www.zara.com/kr/ko/zw-%E1%84%8F%E1%85%A5%E1%86%AF%E1%84%85%E1%85%A6%E1%86%A8%E1%84%89%E1%85%A7%E1%86%AB-limited-edition-%E1%84%91%E1%85%A9%E1%84%91%E1%85%B3%E1%86%AF%E1%84%85%E1%85%B5%E1%86%AB-%E1%84%90%E1%85%A1%E1%86%B8-p02416122.html,https://static.zara.net/assets/public/f095/d9b4/db55475085d8/2954f3f159ab/02416122250-p/02416122250-p.jpg?ts=1776788190285,"₩109,900",,,260622,화이트,,,,
,false,,ZARA,상의,탑,여성,드레이프 언밸런스 탑,https://www.zara.com/kr/ko/%E1%84%83%E1%85%B3%E1%84%85%E1%85%A6%E1%84%8B%E1%85%B5%E1%84%91%E1%85%B3-%E1%84%8B%E1%85%A5%E1%86%AB%E1%84%87%E1%85%A2%E1%86%AF%E1%84%85%E1%85%A5%E1%86%AB%E1%84%89%E1%85%B3-%E1%84%90%E1%85%A1%E1%86%B8-p05644024.html,https://static.zara.net/assets/public/306e/3425/fca74ccaaa91/89f08944ad81/05644024250-p/05644024250-p.jpg?ts=1776697574412,"₩49,900",,,260622,화이트,,,,
,false,,ZARA,상의,탑,여성,배색 파이핑 스트랩 탑,https://www.zara.com/kr/ko/%E1%84%87%E1%85%A2%E1%84%89%E1%85%A2%E1%86%A8-%E1%84%91%E1%85%A1%E1%84%8B%E1%85%B5%E1%84%91%E1%85%B5%E1%86%BC-%E1%84%89%E1%85%B3%E1%84%90%E1%85%B3%E1%84%85%E1%85%A2%E1%86%B8-%E1%84%90%E1%85%A1%E1%86%B8-p05644068.html,https://static.zara.net/assets/public/11e8/7d88/896d4453883e/60950aa0cda5/05644068084-p/05644068084-p.jpg?ts=1776338766809,"₩35,900",,,260622,"블랙,화이트",,,,
,false,,ZARA,상의,티셔츠,여성,플라워 펀칭 탑,https://www.zara.com/kr/ko/%E1%84%91%E1%85%B3%E1%86%AF%E1%84%85%E1%85%A1%E1%84%8B%E1%85%AF-%E1%84%91%E1%85%A5%E1%86%AB%E1%84%8E%E1%85%B5%E1%86%BC-%E1%84%90%E1%85%A1%E1%86%B8-p04805107.html,https://static.zara.net/assets/public/e3fa/59d5/7b444eaf92de/178e2d590615/04805107802-p/04805107802-p.jpg?ts=1773406180045,"₩35,900",,,260622,그레이,,,,
,false,,ZARA,상의,탑,여성,홀터넥 도티드 스위스 탑,https://www.zara.com/kr/ko/%E1%84%83%E1%85%A9%E1%84%90%E1%85%B5%E1%84%83%E1%85%B3-%E1%84%89%E1%85%B3%E1%84%8B%E1%85%B1%E1%84%89%E1%85%B3-%E1%84%92%E1%85%A9%E1%86%AF%E1%84%90%E1%85%A5%E1%84%82%E1%85%A6%E1%86%A8-%E1%84%90%E1%85%A1%E1%86%B8-p00264306.html,https://static.zara.net/assets/public/b608/b369/35b84ea893a5/215c368364f8/00264306306-p/00264306306-p.jpg?ts=1777903853511,"₩35,900",,,260622,라이트 옐로우,,,,
,false,,ZARA,상의,탑,여성,도티드 스위스 홀터넥 탑,https://www.zara.com/kr/ko/%E1%84%83%E1%85%A9%E1%84%90%E1%85%B5%E1%84%83%E1%85%B3-%E1%84%89%E1%85%B3%E1%84%8B%E1%85%B1%E1%84%89%E1%85%B3-%E1%84%92%E1%85%A9%E1%86%AF%E1%84%90%E1%85%A5%E1%84%82%E1%85%A6%E1%86%A8-%E1%84%90%E1%85%A1%E1%86%B8-p00264306.html,https://static.zara.net/assets/public/4e17/8138/d1f64423acf9/b2134b9c99a2/00264306800-p/00264306800-p.jpg?ts=1777903856879,"₩35,900",,,260622,블랙,,,,
,false,,ZARA,상의,티셔츠,여성,언밸런스 케이프 탑,https://www.zara.com/kr/ko/%E1%84%8B%E1%85%A5%E1%86%AB%E1%84%87%E1%85%A2%E1%86%AF%E1%84%85%E1%85%A5%E1%86%AB%E1%84%89%E1%85%B3-%E1%84%8F%E1%85%A6%E1%84%8B%E1%85%B5%E1%84%91%E1%85%B3-%E1%84%90%E1%85%A1%E1%86%B8-p04174234.html,https://static.zara.net/assets/public/c79e/d2e9/aac245e89c36/bc42a0666de0/04174234711-p/04174234711-p.jpg?ts=1777473439048,"₩35,900",,,260622,샌드,,,,
,false,,ZARA,상의,티셔츠,여성,린넨 버튼 탑,https://www.zara.com/kr/ko/%E1%84%85%E1%85%B5%E1%86%AB%E1%84%82%E1%85%A6%E1%86%AB-%E1%84%87%E1%85%A5%E1%84%90%E1%85%B3%E1%86%AB-%E1%84%90%E1%85%A1%E1%86%B8-p04174341.html,https://static.zara.net/assets/public/f092/654c/d6354043869d/568e037a03f7/04365003407-015-p/04365003407-015-p.jpg?ts=1777473015986,"₩29,900",,,260622,화이트,,,,
,false,,ZARA,상의,티셔츠,여성,린넨 버튼 탑,https://www.zara.com/kr/ko/%E1%84%85%E1%85%B5%E1%86%AB%E1%84%82%E1%85%A6%E1%86%AB-%E1%84%87%E1%85%A5%E1%84%90%E1%85%B3%E1%86%AB-%E1%84%90%E1%85%A1%E1%86%B8-p04174341.html,https://static.zara.net/assets/public/18bc/e69b/4b9846bfae9a/3741fd66038d/04174341806-p/04174341806-p.jpg?ts=1777472711586,"₩29,900",,,260622,스톤,,,,
,false,,ZARA,상의,티셔츠,여성,인터록 탱크 탑,https://www.zara.com/kr/ko/%E1%84%8B%E1%85%B5%E1%86%AB%E1%84%90%E1%85%A5%E1%84%85%E1%85%A9%E1%86%A8-%E1%84%90%E1%85%A2%E1%86%BC%E1%84%8F%E1%85%B3-%E1%84%90%E1%85%A1%E1%86%B8-p00858062.html,https://static.zara.net/assets/public/0c91/0090/ee3843049679/81e988b7d8d2/00858062251-p/00858062251-p.jpg?ts=1778168095816,"₩29,900",,,260622,스크래치 화이트,,,,
,false,,ZARA,상의,티셔츠,여성,콤비 스트랩 티셔츠,https://www.zara.com/kr/ko/%E1%84%8F%E1%85%A9%E1%86%B7%E1%84%87%E1%85%B5-%E1%84%89%E1%85%B3%E1%84%90%E1%85%B3%E1%84%85%E1%85%A2%E1%86%B8-%E1%84%90%E1%85%B5%E1%84%89%E1%85%A7%E1%84%8E%E1%85%B3-p05039025.html,https://static.zara.net/assets/public/5e21/6d2c/628a4126ab19/c7aa62bb40c6/05039025800-p/05039025800-p.jpg?ts=1775645470818,"₩29,900",,,260622,블랙,,,,
,false,,ZARA,상의,티셔츠,여성,콤비 스트랩 티셔츠,https://www.zara.com/kr/ko/%E1%84%8F%E1%85%A9%E1%86%B7%E1%84%87%E1%85%B5-%E1%84%89%E1%85%B3%E1%84%90%E1%85%B3%E1%84%85%E1%85%A2%E1%86%B8-%E1%84%90%E1%85%B5%E1%84%89%E1%85%A7%E1%84%8E%E1%85%B3-p05039025.html,https://static.zara.net/assets/public/2c9d/b054/909b435c96e2/4fd9f133c0ed/05039025802-a2/05039025802-a2.jpg?ts=1775645472449,"₩29,900",,,260622,그레이,,,,
,false,,ZARA,상의,셔츠/블라우스,여성,ZW 컬렉션 콘트라스트 자수 탑,https://www.zara.com/kr/ko/zw-%E1%84%8F%E1%85%A5%E1%86%AF%E1%84%85%E1%85%A6%E1%86%A8%E1%84%89%E1%85%A7%E1%86%AB-%E1%84%8F%E1%85%A9%E1%86%AB%E1%84%90%E1%85%B3%E1%84%85%E1%85%A1%E1%84%89%E1%85%B3%E1%84%90%E1%85%B3-%E1%84%8C%E1%85%A1%E1%84%89%E1%85%AE-%E1%84%90%E1%85%A1%E1%86%B8-p05107098.html,https://static.zara.net/assets/public/8f44/5c2a/bb8945ccafd6/6fc5d7b3d663/05107098064-p/05107098064-p.jpg?ts=1778601333337,"₩79,900",,,260622,"화이트,블랙",,,,
,false,,ZARA,상의,셔츠/블라우스,여성,ZW 컬렉션 란제리 레이스 탑,https://www.zara.com/kr/ko/zw-%E1%84%8F%E1%85%A5%E1%86%AF%E1%84%85%E1%85%A6%E1%86%A8%E1%84%89%E1%85%A7%E1%86%AB-%E1%84%85%E1%85%A1%E1%86%AB%E1%84%8C%E1%85%A6%E1%84%85%E1%85%B5-%E1%84%85%E1%85%A6%E1%84%8B%E1%85%B5%E1%84%89%E1%85%B3-%E1%84%90%E1%85%A1%E1%86%B8-p05919002.html,https://static.zara.net/assets/public/d2d3/8867/834a40938537/656648474689/05919002942-p/05919002942-p.jpg?ts=1778601357115,"₩89,900",,,260622,베이지 핑크,,,,
,false,,ZARA,상의,티셔츠,여성,리브드 스트랩 탑,https://www.zara.com/kr/ko/%E1%84%85%E1%85%B5%E1%84%87%E1%85%B3%E1%84%83%E1%85%B3-%E1%84%89%E1%85%B3%E1%84%90%E1%85%B3%E1%84%85%E1%85%A2%E1%86%B8-%E1%84%90%E1%85%A1%E1%86%B8-p04424300.html,https://static.zara.net/assets/public/c6dc/cfbb/967546cba0cb/68afe2d25094/03152459400-p/03152459400-p.jpg?ts=1781622786279,"₩19,900",,,260622,파스텔 로즈,,,,
,false,,ZARA,상의,티셔츠,여성,콘트라스트 파이핑 탑 ZA,https://www.zara.com/kr/ko/%E1%84%8F%E1%85%A9%E1%86%AB%E1%84%90%E1%85%B3%E1%84%85%E1%85%A1%E1%84%89%E1%85%B3%E1%84%90%E1%85%B3-%E1%84%91%E1%85%A1%E1%84%8B%E1%85%B5%E1%84%91%E1%85%B5%E1%86%BC-%E1%84%90%E1%85%A1%E1%86%B8-za-p05644062.html,https://static.zara.net/assets/public/0dd6/4504/8e6142f2a3a9/7585fbc802ca/05644062046-p/05644062046-p.jpg?ts=1775063509418,"₩29,900",,,260622,"로즈핑크,화이트",,,,
,false,,ZARA,상의,탑,여성,CREATED BY CARAMEL LONDON X ZARA 린넨 니트 탑,https://www.zara.com/kr/ko/created-by-caramel-london-x-zara-%E1%84%85%E1%85%B5%E1%86%AB%E1%84%82%E1%85%A6%E1%86%AB-%E1%84%82%E1%85%B5%E1%84%90%E1%85%B3-%E1%84%90%E1%85%A1%E1%86%B8-p02142278.html,https://static.zara.net/assets/public/a405/a2f1/c0c34511a29c/599d3f1c99c3/02142278807-e1/02142278807-e1.jpg?ts=1779984595917,"₩59,900",,,260622,콜 그레이,,,,
,false,,ZARA,상의,탑,여성,CREATED BY CARAMEL LONDON X ZARA 린넨 니트 탑,https://www.zara.com/kr/ko/created-by-caramel-london-x-zara-%E1%84%85%E1%85%B5%E1%86%AB%E1%84%82%E1%85%A6%E1%86%AB-%E1%84%82%E1%85%B5%E1%84%90%E1%85%B3-%E1%84%90%E1%85%A1%E1%86%B8-p02142278.html,https://static.zara.net/assets/public/3812/b12d/50bc469b8887/c32a678d0582/02142278505-e1/02142278505-e1.jpg?ts=1779984595350,"₩59,900",,,260622,카키,,,,
,false,,ZARA,상의,티셔츠,여성,전면 자수 탑,https://www.zara.com/kr/ko/%E1%84%8B%E1%85%A1%E1%87%81%E1%84%86%E1%85%A7%E1%86%AB-%E1%84%8C%E1%85%A1%E1%84%89%E1%85%AE-%E1%84%90%E1%85%A1%E1%86%B8-p01131009.html,https://static.zara.net/assets/public/d7a9/a7f4/7c5e4101bd18/146f83c079fa/01131009251-p/01131009251-p.jpg?ts=1775743529071,"₩29,900",,,260622,스크래치 화이트,,,,
,false,,ZARA,상의,셔츠/블라우스,여성,ZW 컬렉션 벌룬 슬리브 탑,https://www.zara.com/kr/ko/zw-%E1%84%8F%E1%85%A5%E1%86%AF%E1%84%85%E1%85%A6%E1%86%A8%E1%84%89%E1%85%A7%E1%86%AB-%E1%84%87%E1%85%A5%E1%86%AF%E1%84%85%E1%85%AE%E1%86%AB-%E1%84%89%E1%85%B3%E1%86%AF%E1%84%85%E1%85%B5%E1%84%87%E1%85%B3-%E1%84%90%E1%85%A1%E1%86%B8-p01101198.html,https://static.zara.net/assets/public/ed8c/818f/2a1748808947/da187372e67e/01100199800-p/01100199800-p.jpg?ts=1781647318912,"₩89,900",,,260622,블랙,,,,
,false,,ZARA,상의,셔츠/블라우스,여성,ZW 컬렉션 슬릿 케이프 셔츠,https://www.zara.com/kr/ko/zw-%E1%84%8F%E1%85%A5%E1%86%AF%E1%84%85%E1%85%A6%E1%86%A8%E1%84%89%E1%85%A7%E1%86%AB-%E1%84%89%E1%85%B3%E1%86%AF%E1%84%85%E1%85%B5%E1%86%BA-%E1%84%8F%E1%85%A6%E1%84%8B%E1%85%B5%E1%84%91%E1%85%B3-%E1%84%89%E1%85%A7%E1%84%8E%E1%85%B3-p01118333.html,https://static.zara.net/assets/public/7c85/68f7/3ad24593b93d/179468263147/01118333712-p/01118333712-p.jpg?ts=1781647669116,"₩79,900",,,260622,크림,,,,
,false,,ZARA,상의,니트,여성,스트라이프 니트 폴로셔츠,https://www.zara.com/kr/ko/%E1%84%89%E1%85%B3%E1%84%90%E1%85%B3%E1%84%85%E1%85%A1%E1%84%8B%E1%85%B5%E1%84%91%E1%85%B3-%E1%84%82%E1%85%B5%E1%84%90%E1%85%B3-%E1%84%91%E1%85%A9%E1%86%AF%E1%84%85%E1%85%A9%E1%84%89%E1%85%A7%E1%84%8E%E1%85%B3-p03653015.html,https://static.zara.net/assets/public/0931/8a35/54ff49e984ce/b8a2bc36856a/03653015330-p/03653015330-p.jpg?ts=1781180725313,"₩49,900",,,260622,멀티컬러,,,,
,false,,ZARA,상의,탑,여성,골지 홀터넥 탑,https://www.zara.com/kr/ko/%E1%84%80%E1%85%A9%E1%86%AF%E1%84%8C%E1%85%B5-%E1%84%92%E1%85%A9%E1%86%AF%E1%84%90%E1%85%A5%E1%84%82%E1%85%A6%E1%86%A8-%E1%84%82%E1%85%B5%E1%84%90%E1%85%B3-%E1%84%90%E1%85%A1%E1%86%B8-p03471026.html,https://static.zara.net/assets/public/7d0d/ddbe/e1bc43b8866c/1b9569fd269a/03471026645-p/03471026645-p.jpg?ts=1781180725082,"₩35,900",,,260622,미디움 로즈,,,,
,false,,ZARA,상의,티셔츠,여성,슬리브리스 탑,https://www.zara.com/kr/ko/%E1%84%89%E1%85%B3%E1%86%AF%E1%84%85%E1%85%B5%E1%84%87%E1%85%B3%E1%84%85%E1%85%B5%E1%84%89%E1%85%B3-%E1%84%90%E1%85%A1%E1%86%B8-p03641871.html,https://static.zara.net/assets/public/a5e0/d41e/22d947c2b929/36fcace5a633/03641871800-p/03641871800-p.jpg?ts=1765300165289,"₩17,900",,,260622,블랙,,,,
,false,,ZARA,상의,티셔츠,여성,슬리브리스 탑,https://www.zara.com/kr/ko/%E1%84%89%E1%85%B3%E1%86%AF%E1%84%85%E1%85%B5%E1%84%87%E1%85%B3%E1%84%85%E1%85%B5%E1%84%89%E1%85%B3-%E1%84%90%E1%85%A1%E1%86%B8-p03641871.html,https://static.zara.net/assets/public/cd09/b52b/02a94806b077/88854ca16aad/03641871605-p/03641871605-p.jpg?ts=1765300165411,"₩17,900",,,260622,석류,,,,
,false,,ZARA,상의,티셔츠,여성,골지 크롭 탑,https://www.zara.com/kr/ko/%E1%84%80%E1%85%A9%E1%86%AF%E1%84%8C%E1%85%B5-%E1%84%8F%E1%85%B3%E1%84%85%E1%85%A9%E1%86%B8-%E1%84%90%E1%85%A1%E1%86%B8-p03641327.html,https://static.zara.net/assets/public/0192/041f/9f234a45ba1a/9adb7ca63bbd/04387041250-p/04387041250-p.jpg?ts=1779280306179,"₩17,900",,,260622,화이트,,,,
,false,,ZARA,상의,탑,여성,스터드 홀터넥 탑,https://www.zara.com/kr/ko/%E1%84%89%E1%85%B3%E1%84%90%E1%85%A5%E1%84%83%E1%85%B3-%E1%84%92%E1%85%A9%E1%86%AF%E1%84%90%E1%85%A5%E1%84%82%E1%85%A6%E1%86%A8-%E1%84%90%E1%85%A1%E1%86%B8-p05968100.html,https://static.zara.net/assets/public/4aa5/052d/cf2343bdb7a0/62ad57e719d3/05968100500-p/05968100500-p.jpg?ts=1779205950727,"₩21,900",,,260622,초록,,,,
,false,,ZARA,상의,탑,여성,스터드 홀터넥 탑,https://www.zara.com/kr/ko/%E1%84%89%E1%85%B3%E1%84%90%E1%85%A5%E1%84%83%E1%85%B3-%E1%84%92%E1%85%A9%E1%86%AF%E1%84%90%E1%85%A5%E1%84%82%E1%85%A6%E1%86%A8-%E1%84%90%E1%85%A1%E1%86%B8-p05968100.html,https://static.zara.net/assets/public/53f1/ce3c/925f4b2cae46/3000f1526b52/05968100712-000-p/05968100712-000-p.jpg?ts=1779452136036,"₩21,900",,,260622,크림,,,,
,false,,ZARA,상의,탑,여성,스터드 홀터넥 탑,https://www.zara.com/kr/ko/%E1%84%89%E1%85%B3%E1%84%90%E1%85%A5%E1%84%83%E1%85%B3-%E1%84%92%E1%85%A9%E1%86%AF%E1%84%90%E1%85%A5%E1%84%82%E1%85%A6%E1%86%A8-%E1%84%90%E1%85%A1%E1%86%B8-p05968100.html,https://static.zara.net/assets/public/61e2/fe2b/26874d968110/87501c37e7bc/05968100300-000-p/05968100300-000-p.jpg?ts=1779452141265,"₩21,900",,,260622,노랑,,,,
,false,,ZARA,상의,티셔츠,여성,립 스트랩 탑,https://www.zara.com/kr/ko/%E1%84%85%E1%85%B5%E1%86%B8-%E1%84%89%E1%85%B3%E1%84%90%E1%85%B3%E1%84%85%E1%85%A2%E1%86%B8-%E1%84%90%E1%85%A1%E1%86%B8-p04174351.html,https://static.zara.net/assets/public/7b64/ee5a/ff22456fbaee/5f694e1747b0/04174351621-p/04174351621-p.jpg?ts=1777547157909,"₩21,900",,,260622,파스텔 로즈,,,,
,false,,ZARA,상의,티셔츠,여성,립 스트랩 탑,https://www.zara.com/kr/ko/%E1%84%85%E1%85%B5%E1%86%B8-%E1%84%89%E1%85%B3%E1%84%90%E1%85%B3%E1%84%85%E1%85%A2%E1%86%B8-%E1%84%90%E1%85%A1%E1%86%B8-p04174351.html,https://static.zara.net/assets/public/25d7/f45c/c6ce468b8a89/07cd099fa0ae/04174351800-p/04174351800-p.jpg?ts=1777536263654,"₩21,900",,,260622,블랙,,,,
,false,,ZARA,상의,티셔츠,여성,립 슬리브리스 탑,https://www.zara.com/kr/ko/%E1%84%85%E1%85%B5%E1%86%B8-%E1%84%89%E1%85%B3%E1%86%AF%E1%84%85%E1%85%B5%E1%84%87%E1%85%B3%E1%84%85%E1%85%B5%E1%84%89%E1%85%B3-%E1%84%90%E1%85%A1%E1%86%B8-p03253301.html,https://static.zara.net/assets/public/348a/733c/7e9645a9b5a0/902a1ee69609/03253301621-a1/03253301621-a1.jpg?ts=1781180840454,"₩15,900",,,260622,파스텔 로즈,,,,
,false,,ZARA,상의,티셔츠,여성,레이스 스트랩 탑,https://www.zara.com/kr/ko/%E1%84%85%E1%85%A6%E1%84%8B%E1%85%B5%E1%84%89%E1%85%B3-%E1%84%89%E1%85%B3%E1%84%90%E1%85%B3%E1%84%85%E1%85%A2%E1%86%B8-%E1%84%90%E1%85%A1%E1%86%B8-p04174342.html,https://static.zara.net/assets/public/d528/f195/c7244079b067/1357e20480f4/04174342251-p/04174342251-p.jpg?ts=1778147034064,"₩21,900",,,260622,스크래치 화이트,,,,
,false,,ZARA,상의,티셔츠,여성,골지 스트랩 탑,https://www.zara.com/kr/ko/%E1%84%85%E1%85%B5%E1%86%B8-%E1%84%89%E1%85%B3%E1%84%90%E1%85%B3%E1%84%85%E1%85%A2%E1%86%B8-%E1%84%90%E1%85%A1%E1%86%B8-p04174351.html,https://static.zara.net/assets/public/adb1/2e2e/8c0f400b8f1f/866b58e21c1d/04174351250-p/04174351250-p.jpg?ts=1778230437076,"₩21,900",,,260622,화이트,,,,
,false,,ZARA,상의,티셔츠,여성,립 스트랩 탑,https://www.zara.com/kr/ko/%E1%84%85%E1%85%B5%E1%86%B8-%E1%84%89%E1%85%B3%E1%84%90%E1%85%B3%E1%84%85%E1%85%A2%E1%86%B8-%E1%84%90%E1%85%A1%E1%86%B8-p04174351.html,https://static.zara.net/assets/public/6ecc/ce16/3a484a4a8f53/d45faaf97d94/04174351621-p/04174351621-p.jpg?ts=1778231446717,"₩21,900",,,260622,파스텔 로즈,,,,
,false,,ZARA,상의,셔츠/블라우스,여성,CREATED BY CARAMEL LONDON X ZARA 100% 실크 탑,https://www.zara.com/kr/ko/caramel-london-x-zara-100-%E1%84%89%E1%85%B5%E1%86%AF%E1%84%8F%E1%85%B3-%E1%84%90%E1%85%A1%E1%86%B8-p04510103.html,https://static.zara.net/assets/public/34fb/f87f/67a14ee097cc/4e089d5b42a9/04510103021-a1/04510103021-a1.jpg?ts=1779966946415,"₩99,900",,,260622,프린트,,,,
,false,,ZARA,상의,셔츠/블라우스,여성,CARAMEL LONDON X ZARA 포플린 탑,https://www.zara.com/kr/ko/caramel-london-x-zara-%E1%84%91%E1%85%A9%E1%84%91%E1%85%B3%E1%86%AF%E1%84%85%E1%85%B5%E1%86%AB-%E1%84%90%E1%85%A1%E1%86%B8-p00451148.html,https://static.zara.net/assets/public/a52d/a7fa/b41848d48573/212badb6280d/00451148306-p/00451148306-p.jpg?ts=1779966947068,"₩49,900",,,260622,라이트 옐로우,,,,
,false,,ZARA,상의,셔츠/블라우스,여성,CARAMEL LONDON X ZARA 포플린 탑,https://www.zara.com/kr/ko/caramel-london-x-zara-%E1%84%91%E1%85%A9%E1%84%91%E1%85%B3%E1%86%AF%E1%84%85%E1%85%B5%E1%86%AB-%E1%84%90%E1%85%A1%E1%86%B8-p00451148.html,https://static.zara.net/assets/public/b34b/1d42/226143528622/48b3a8bffd0c/00451148600-p/00451148600-p.jpg?ts=1779966940770,"₩49,900",,,260622,레드,,,,
,false,,ZARA,상의,셔츠/블라우스,여성,CARAMEL LONDON X ZARA 포플린 탑,https://www.zara.com/kr/ko/caramel-london-x-zara-%E1%84%91%E1%85%A9%E1%84%91%E1%85%B3%E1%86%AF%E1%84%85%E1%85%B5%E1%86%AB-%E1%84%90%E1%85%A1%E1%86%B8-p00451148.html,https://static.zara.net/assets/public/4507/c49e/894741f3a4e1/453ed8faff11/00451148717-p/00451148717-p.jpg?ts=1779966940733,"₩49,900",,,260622,초콜렛,,,,
,false,,ZARA,상의,셔츠/블라우스,여성,ZW 컬렉션 레이스 새틴 탑,https://www.zara.com/kr/ko/zw-%E1%84%8F%E1%85%A5%E1%86%AF%E1%84%85%E1%85%A6%E1%86%A8%E1%84%89%E1%85%A7%E1%86%AB-%E1%84%85%E1%85%A6%E1%84%8B%E1%85%B5%E1%84%89%E1%85%B3-%E1%84%89%E1%85%A2%E1%84%90%E1%85%B5%E1%86%AB-%E1%84%90%E1%85%A1%E1%86%B8-p01758135.html,https://static.zara.net/assets/public/3bc6/cab1/ce6842fa8aab/4cd757a328e6/01758135712-p/01758135712-p.jpg?ts=1771502954304,"₩59,900",,,260622,크림,,,,
,false,,ZARA,상의,셔츠/블라우스,여성,ZW 컬렉션 레이스 새틴 탑,https://www.zara.com/kr/ko/zw-%E1%84%8F%E1%85%A5%E1%86%AF%E1%84%85%E1%85%A6%E1%86%A8%E1%84%89%E1%85%A7%E1%86%AB-%E1%84%85%E1%85%A6%E1%84%8B%E1%85%B5%E1%84%89%E1%85%B3-%E1%84%89%E1%85%A2%E1%84%90%E1%85%B5%E1%86%AB-%E1%84%90%E1%85%A1%E1%86%B8-p01758135.html,https://static.zara.net/assets/public/3ab4/17af/44c040579f10/324c679f9ea0/01758135300-p/01758135300-p.jpg?ts=1771560344342,"₩59,900",,,260622,노랑,,,,
,false,,ZARA,상의,탑,여성,부클 크로스 탑,https://www.zara.com/kr/ko/%E1%84%87%E1%85%AE%E1%84%8F%E1%85%B3%E1%86%AF-%E1%84%8F%E1%85%B3%E1%84%85%E1%85%A9%E1%84%89%E1%85%B3-%E1%84%90%E1%85%A1%E1%86%B8-p02298466.html,https://static.zara.net/assets/public/a015/9517/744749cd941b/3a0efdfd3992/02298466251-p/02298466251-p.jpg?ts=1772202569588,"₩39,900",,,260622,스크래치 화이트,,,,
,false,,ZARA,상의,탑,여성,부클 크로스 탑,https://www.zara.com/kr/ko/%E1%84%87%E1%85%AE%E1%84%8F%E1%85%B3%E1%86%AF-%E1%84%8F%E1%85%B3%E1%84%85%E1%85%A9%E1%84%89%E1%85%B3-%E1%84%90%E1%85%A1%E1%86%B8-p02298466.html,https://static.zara.net/assets/public/4a65/dc4c/61c04b269213/26c884a2e156/02298466060-p/02298466060-p.jpg?ts=1772202565487,"₩39,900",,,260622,"화이트,네이비",,,,
,false,,ZARA,상의,탑,여성,부클 크로스 탑,https://www.zara.com/kr/ko/%E1%84%87%E1%85%AE%E1%84%8F%E1%85%B3%E1%86%AF-%E1%84%8F%E1%85%B3%E1%84%85%E1%85%A9%E1%84%89%E1%85%B3-%E1%84%90%E1%85%A1%E1%86%B8-p02298466.html,https://static.zara.net/assets/public/1de8/2fc1/05974e879ab5/53f40161c2ff/02298466084-p/02298466084-p.jpg?ts=1772202566337,"₩39,900",,,260622,"블랙,화이트",,,,
,false,,ZARA,상의,탑,여성,라운드 밑단 홀터넥 탑,https://www.zara.com/kr/ko/%E1%84%85%E1%85%A1%E1%84%8B%E1%85%AE%E1%86%AB%E1%84%83%E1%85%B3-%E1%84%86%E1%85%B5%E1%87%80%E1%84%83%E1%85%A1%E1%86%AB-%E1%84%92%E1%85%A9%E1%86%AF%E1%84%90%E1%85%A5%E1%84%82%E1%85%A6%E1%86%A8-%E1%84%90%E1%85%A1%E1%86%B8-p04424332.html,https://static.zara.net/assets/public/1a01/81c9/0e4842f69212/e941762c4ed7/04424332800-p/04424332800-p.jpg?ts=1780645213202,"₩17,900",,,260622,블랙,,,,
,false,,ZARA,상의,탑,여성,라운드 밑단 홀터넥 탑,https://www.zara.com/kr/ko/%E1%84%85%E1%85%A1%E1%84%8B%E1%85%AE%E1%86%AB%E1%84%83%E1%85%B3-%E1%84%86%E1%85%B5%E1%87%80%E1%84%83%E1%85%A1%E1%86%AB-%E1%84%92%E1%85%A9%E1%86%AF%E1%84%90%E1%85%A5%E1%84%82%E1%85%A6%E1%86%A8-%E1%84%90%E1%85%A1%E1%86%B8-p04424332.html,https://static.zara.net/assets/public/8466/7d83/39d24a76a4b1/e9398af83131/04424332300-p/04424332300-p.jpg?ts=1779981786290,"₩17,900",,,260622,노랑,,,,
,false,,ZARA,상의,티셔츠,여성,수피마® 언밸런스 탑,https://www.zara.com/kr/ko/%E1%84%89%E1%85%AE%E1%84%91%E1%85%B5%E1%84%86%E1%85%A1--%E1%84%8B%E1%85%A5%E1%86%AB%E1%84%87%E1%85%A2%E1%86%AF%E1%84%85%E1%85%A5%E1%86%AB%E1%84%89%E1%85%B3-%E1%84%90%E1%85%A1%E1%86%B8-p00264007.html,https://static.zara.net/assets/public/932d/b93a/5b854b60bde3/98e23a91f59d/00264007800-p/00264007800-p.jpg?ts=1769095034222,"₩39,900",,,260622,블랙,,,,
,false,,ZARA,상의,티셔츠,여성,더블 페이크 콤비 탑,https://www.zara.com/kr/ko/%E1%84%91%E1%85%A6%E1%84%8B%E1%85%B5%E1%84%8F%E1%85%B3-%E1%84%83%E1%85%A5%E1%84%87%E1%85%B3%E1%86%AF-%E1%84%8F%E1%85%A9%E1%86%B7%E1%84%87%E1%85%B5-%E1%84%90%E1%85%A1%E1%86%B8-p01165011.html,https://static.zara.net/assets/public/920c/a5fd/8d8540b1b468/d4cee0cf39c5/01165011064-p/01165011064-p.jpg?ts=1769095040678,"₩49,900",,,260622,"화이트,블랙",,,,
,false,,ZARA,상의,셔츠/블라우스,여성,ZW 컬렉션 자카드 레이스 탑,https://www.zara.com/kr/ko/zw-%E1%84%8F%E1%85%A5%E1%86%AF%E1%84%85%E1%85%A6%E1%86%A8%E1%84%89%E1%85%A7%E1%86%AB-%E1%84%8C%E1%85%A1%E1%84%8F%E1%85%A1%E1%84%83%E1%85%B3-%E1%84%85%E1%85%A6%E1%84%8B%E1%85%B5%E1%84%89%E1%85%B3-%E1%84%90%E1%85%A1%E1%86%B8-p05107066.html,https://static.zara.net/assets/public/71d7/a015/594d493295c1/41a0b0755f9f/05107066321-000-p/05107066321-000-p.jpg?ts=1774862238888,"₩59,900",,,260622,파스텔 옐로우,,,,
,false,,ZARA,상의,셔츠/블라우스,여성,ZW 컬렉션 쇼트 슬리브 루즈핏 탑,https://www.zara.com/kr/ko/zw-%E1%84%8F%E1%85%A5%E1%86%AF%E1%84%85%E1%85%A6%E1%86%A8%E1%84%89%E1%85%A7%E1%86%AB-%E1%84%85%E1%85%AE%E1%84%8C%E1%85%B3%E1%84%91%E1%85%B5%E1%86%BA-%E1%84%89%E1%85%AD%E1%84%90%E1%85%B3-%E1%84%89%E1%85%B3%E1%86%AF%E1%84%85%E1%85%B5%E1%84%87%E1%85%B3-%E1%84%90%E1%85%A1%E1%86%B8-p09479074.html,https://static.zara.net/assets/public/d33a/8005/34d84002a630/ec88518bdd9c/09479074737-p/09479074737-p.jpg?ts=1774611576470,"₩59,900",,,260622,"브라운,토프",,,,
,false,,ZARA,상의,셔츠/블라우스,여성,ZW 컬렉션 린넨 탑,https://www.zara.com/kr/ko/zw-%E1%84%8F%E1%85%A5%E1%86%AF%E1%84%85%E1%85%A6%E1%86%A8%E1%84%89%E1%85%A7%E1%86%AB-%E1%84%85%E1%85%B5%E1%86%AB%E1%84%82%E1%85%A6%E1%86%AB-%E1%84%90%E1%85%A1%E1%86%B8-p04043007.html,https://static.zara.net/assets/public/4af6/001d/0a474ae9adab/eee88fa25e82/04043007401-a3/04043007401-a3.jpg?ts=1779120590076,"₩59,900",,,260622,네이비,,,,
,false,,ZARA,상의,셔츠/블라우스,여성,ZW 컬렉션 자수 새틴 탑,https://www.zara.com/kr/ko/zw-%E1%84%8F%E1%85%A5%E1%86%AF%E1%84%85%E1%85%A6%E1%86%A8%E1%84%89%E1%85%A7%E1%86%AB-%E1%84%8C%E1%85%A1%E1%84%89%E1%85%AE-%E1%84%89%E1%85%A2%E1%84%90%E1%85%B5%E1%86%AB-%E1%84%90%E1%85%A1%E1%86%B8-p05344202.html,https://static.zara.net/assets/public/8371/cb98/4db74257a3eb/8927e19c45d3/05344202800-p/05344202800-p.jpg?ts=1779119981886,"₩89,900",,,260622,블랙,,,,
,false,,ZARA,상의,탑,여성,홀터넥 탑,https://www.zara.com/kr/ko/%E1%84%92%E1%85%A9%E1%86%AF%E1%84%90%E1%85%A5%E1%84%82%E1%85%A6%E1%86%A8-%E1%84%90%E1%85%A1%E1%86%B8-p04424319.html,https://static.zara.net/assets/public/4e4a/6324/34de4224b0ea/d1a5dfb14c95/06929051430-001-a2/06929051430-001-a2.jpg?ts=1771834466408,"₩17,900",,,260622,블랙,,,,
,false,,ZARA,상의,탑,여성,홀터넥 탑,https://www.zara.com/kr/ko/%E1%84%92%E1%85%A9%E1%86%AF%E1%84%90%E1%85%A5%E1%84%82%E1%85%A6%E1%86%A8-%E1%84%90%E1%85%A1%E1%86%B8-p04424319.html,https://static.zara.net/assets/public/7f41/c6b4/a80544f4b906/4f30f2f82a4f/04424319700-p/04424319700-p.jpg?ts=1772193744714,"₩17,900",,,260622,브라운,,,,
,false,,ZARA,상의,탑,여성,엑스트라 파인 니트 탑,https://www.zara.com/kr/ko/%E1%84%8B%E1%85%A6%E1%86%A8%E1%84%89%E1%85%B3%E1%84%90%E1%85%B3%E1%84%85%E1%85%A1-%E1%84%91%E1%85%A1%E1%84%8B%E1%85%B5%E1%86%AB-%E1%84%82%E1%85%B5%E1%84%90%E1%85%B3-%E1%84%90%E1%85%A1%E1%86%B8-p04192037.html,https://static.zara.net/assets/public/c501/85f5/1331492486c8/39f511b5cf09/04192037250-p/04192037250-p.jpg?ts=1774279822156,"₩39,900",,,260622,화이트,,,,
,false,,ZARA,상의,탑,여성,엑스트라 파인 니트 탑,https://www.zara.com/kr/ko/%E1%84%8B%E1%85%A6%E1%86%A8%E1%84%89%E1%85%B3%E1%84%90%E1%85%B3%E1%84%85%E1%85%A1-%E1%84%91%E1%85%A1%E1%84%8B%E1%85%B5%E1%86%AB-%E1%84%82%E1%85%B5%E1%84%90%E1%85%B3-%E1%84%90%E1%85%A1%E1%86%B8-p04192037.html,https://static.zara.net/assets/public/238e/56e0/23b749f6ab22/b83939a6500d/04192037800-p/04192037800-p.jpg?ts=1774348389477,"₩39,900",,,260622,블랙,,,,
,false,,ZARA,상의,탑,여성,엑스트라 파인 니트 탑,https://www.zara.com/kr/ko/%E1%84%8B%E1%85%A6%E1%86%A8%E1%84%89%E1%85%B3%E1%84%90%E1%85%B3%E1%84%85%E1%85%A1-%E1%84%91%E1%85%A1%E1%84%8B%E1%85%B5%E1%86%AB-%E1%84%82%E1%85%B5%E1%84%90%E1%85%B3-%E1%84%90%E1%85%A1%E1%86%B8-p04192037.html,https://static.zara.net/assets/public/615a/0d58/435542759914/356740d7b8b2/04192037730-p/04192037730-p.jpg?ts=1774279828149,"₩39,900",,,260622,라이트 브라운,,,,
,false,,ZARA,상의,탑,여성,튤 스티치 탑,https://www.zara.com/kr/ko/%E1%84%89%E1%85%B3%E1%84%90%E1%85%B5%E1%84%8E%E1%85%B5-%E1%84%90%E1%85%B2%E1%86%AF-%E1%84%90%E1%85%A1%E1%86%B8-p05644321.html,https://static.zara.net/assets/public/bc4e/9b4c/c69c4d5e8f83/722ee5253511/05644321942-p/05644321942-p.jpg?ts=1773334365560,"₩39,900",,,260622,베이지 핑크,,,,
,false,,ZARA,상의,티셔츠,여성,러스틱 슬리브리스 탑,https://www.zara.com/kr/ko/%E1%84%85%E1%85%A5%E1%84%89%E1%85%B3%E1%84%90%E1%85%B5%E1%86%A8-%E1%84%89%E1%85%B3%E1%86%AF%E1%84%85%E1%85%B5%E1%84%87%E1%85%B3%E1%84%85%E1%85%B5%E1%84%89%E1%85%B3-%E1%84%90%E1%85%A1%E1%86%B8-p01165104.html,https://static.zara.net/assets/public/a9dc/fa10/dd5941ba96ce/cb8b6ad5811c/01165104712-000-p/01165104712-000-p.jpg?ts=1773733891509,"₩35,900",,,260622,크림,,,,
,false,,ZARA,기타,WAISTCOAT,여성,버튼 지퍼 베스트,https://www.zara.com/kr/ko/%E1%84%87%E1%85%A5%E1%84%90%E1%85%B3%E1%86%AB-%E1%84%8C%E1%85%B5%E1%84%91%E1%85%A5-%E1%84%87%E1%85%A6%E1%84%89%E1%85%B3%E1%84%90%E1%85%B3-p04341702.html,https://static.zara.net/assets/public/d3ba/52b4/0c90416cb635/f12f123afbd8/04341702505-a1/04341702505-a1.jpg?ts=1780903300539,"₩59,900",,,260622,카키,,,,
,false,,ZARA,기타,WAISTCOAT,여성,더블 버튼 새틴 베스트,https://www.zara.com/kr/ko/%E1%84%83%E1%85%A5%E1%84%87%E1%85%B3%E1%86%AF-%E1%84%87%E1%85%A5%E1%84%90%E1%85%B3%E1%86%AB-%E1%84%89%E1%85%A2%E1%84%90%E1%85%B5%E1%86%AB-%E1%84%87%E1%85%A6%E1%84%89%E1%85%B3%E1%84%90%E1%85%B3-p05247710.html,https://static.zara.net/assets/public/156a/1400/5f01480299e6/8bc5caa3029d/05257710306-a2/05257710306-a2.jpg?ts=1781077242156,"₩55,900",,,260622,라이트 옐로우,,,,
,false,,ZARA,상의,셔츠/블라우스,여성,자카드 버튼 새틴 탑,https://www.zara.com/kr/ko/%E1%84%8C%E1%85%A1%E1%84%8F%E1%85%A1%E1%84%83%E1%85%B3-%E1%84%87%E1%85%A5%E1%84%90%E1%85%B3%E1%86%AB-%E1%84%89%E1%85%A2%E1%84%90%E1%85%B5%E1%86%AB-%E1%84%90%E1%85%A1%E1%86%B8-p04772088.html,https://static.zara.net/assets/public/5f59/3848/06e94cf78d92/a626aa5a0464/04772088620-a1/04772088620-a1.jpg?ts=1780906500735,"₩55,900",,,260622,로즈핑크,,,,
,false,,ZARA,상의,셔츠/블라우스,여성,펀칭 자수 크롭 탑,https://www.zara.com/kr/ko/%E1%84%91%E1%85%A5%E1%86%AB%E1%84%8E%E1%85%B5%E1%86%BC-%E1%84%8C%E1%85%A1%E1%84%89%E1%85%AE-%E1%84%8F%E1%85%B3%E1%84%85%E1%85%A9%E1%86%B8-%E1%84%90%E1%85%A1%E1%86%B8-p03036994.html,https://static.zara.net/assets/public/fe22/2714/aacb49f1a5d3/c9964785f876/03036994330-p/03036994330-p.jpg?ts=1777367094902,"₩59,900",,,260622,멀티컬러,,,,
,false,,ZARA,상의,셔츠/블라우스,여성,리넨 벌룬 도트 탑,https://www.zara.com/kr/ko/%E1%84%85%E1%85%B5%E1%84%82%E1%85%A6%E1%86%AB-%E1%84%87%E1%85%A5%E1%86%AF%E1%84%85%E1%85%AE%E1%86%AB-%E1%84%83%E1%85%A9%E1%84%90%E1%85%B3-%E1%84%90%E1%85%A1%E1%86%B8-p03911700.html,https://static.zara.net/assets/public/f394/3bca/37fb46839c64/a34b2f4c849a/03911700930-p/03911700930-p.jpg?ts=1777550015577,"₩55,900",,,260622,930,,,,
,false,,ZARA,상의,니트,여성,숄더 패드 쇼트 슬리브 니트 스웨터,https://www.zara.com/kr/ko/%E1%84%89%E1%85%AD%E1%86%AF%E1%84%83%E1%85%A5-%E1%84%91%E1%85%A2%E1%84%83%E1%85%B3-%E1%84%89%E1%85%AD%E1%84%90%E1%85%B3-%E1%84%89%E1%85%B3%E1%86%AF%E1%84%85%E1%85%B5%E1%84%87%E1%85%B3-%E1%84%82%E1%85%B5%E1%84%90%E1%85%B3-%E1%84%89%E1%85%B3%E1%84%8B%E1%85%B0%E1%84%90%E1%85%A5-p01822030.html,https://static.zara.net/assets/public/79f5/ecfa/9eb34dd6a145/527f3f55d13f/01822030250-p/01822030250-p.jpg?ts=1779378505973,"₩55,900",,,260622,화이트,,,,
,false,,ZARA,상의,탑,여성,레이스 탑,https://www.zara.com/kr/ko/%E1%84%85%E1%85%A6%E1%84%8B%E1%85%B5%E1%84%89%E1%85%B3-%E1%84%90%E1%85%A1%E1%86%B8-p05039036.html,https://static.zara.net/assets/public/0174/71c4/bd0742fca6c8/47862dcb30f8/05039036251-p/05039036251-p.jpg?ts=1779362881605,"₩45,900",,,260622,스크래치 화이트,,,,
,false,,ZARA,상의,셔츠/블라우스,여성,프릴 코르셋 탑,https://www.zara.com/kr/ko/%E1%84%91%E1%85%B3%E1%84%85%E1%85%B5%E1%86%AF-%E1%84%8F%E1%85%A9%E1%84%85%E1%85%B3%E1%84%89%E1%85%A6%E1%86%BA-%E1%84%90%E1%85%A1%E1%86%B8-p04661064.html,https://static.zara.net/assets/public/f854/f15a/fa0541cea3b6/8ad7889d51eb/04661064733-a2/04661064733-a2.jpg?ts=1771589313073,"₩55,900",,,260622,크림,,,,
,false,,ZARA,상의,탑,여성,플로럴 패턴 니트 탑,https://www.zara.com/kr/ko/%E1%84%91%E1%85%B3%E1%86%AF%E1%84%85%E1%85%A9%E1%84%85%E1%85%A5%E1%86%AF-%E1%84%91%E1%85%A2%E1%84%90%E1%85%A5%E1%86%AB-%E1%84%82%E1%85%B5%E1%84%90%E1%85%B3-%E1%84%90%E1%85%A1%E1%86%B8-p02893029.html,https://static.zara.net/assets/public/ce49/c6b9/93be418789e3/366d4be7cd73/02893029330-p/02893029330-p.jpg?ts=1771589309146,"₩49,900",,,260622,멀티컬러,,,,
,false,,ZARA,상의,셔츠/블라우스,여성,홀터넥 페플럼 셔츠,https://www.zara.com/kr/ko/%E1%84%91%E1%85%A6%E1%84%91%E1%85%B3%E1%86%AF%E1%84%85%E1%85%A5%E1%86%B7-%E1%84%92%E1%85%A9%E1%86%AF%E1%84%90%E1%85%A5%E1%84%82%E1%85%A6%E1%86%A8-%E1%84%89%E1%85%A7%E1%84%8E%E1%85%B3-p01165133.html,https://static.zara.net/assets/public/35a9/c53b/582245719db4/fa318275315f/01165133250-p/01165133250-p.jpg?ts=1779206492484,"₩49,900",,,260622,화이트,,,,
,false,,ZARA,상의,셔츠/블라우스,여성,스트라이프 리본 탑,https://www.zara.com/kr/ko/%E1%84%89%E1%85%B3%E1%84%90%E1%85%B3%E1%84%85%E1%85%A1%E1%84%8B%E1%85%B5%E1%84%91%E1%85%B3-%E1%84%85%E1%85%B5%E1%84%87%E1%85%A9%E1%86%AB-%E1%84%90%E1%85%A1%E1%86%B8-p02298100.html,https://static.zara.net/assets/public/4e7e/4c3b/5f514415b0b9/f7e0f788d734/02298100058-ult/02298100058-ult.jpg?ts=1779206654811,"₩55,900",,,260622,"화이트,하늘색",,,,
,false,,ZARA,상의,셔츠/블라우스,여성,허니콤 깅엄 체크 탑,https://www.zara.com/kr/ko/%E1%84%92%E1%85%A5%E1%84%82%E1%85%B5%E1%84%8F%E1%85%A9%E1%86%B7-%E1%84%80%E1%85%B5%E1%86%BC%E1%84%8B%E1%85%A5%E1%86%B7-%E1%84%8E%E1%85%A6%E1%84%8F%E1%85%B3-%E1%84%90%E1%85%A1%E1%86%B8-p08741238.html,https://static.zara.net/assets/public/9d66/a599/34a44138b6a7/ccd9df6cc207/08741238068-a2/08741238068-a2.jpg?ts=1780500986356,"₩49,900",,,260622,"크림,석류",,,,
,false,,ZARA,상의,셔츠/블라우스,여성,허니콤 깅엄 체크 탑,https://www.zara.com/kr/ko/%E1%84%92%E1%85%A5%E1%84%82%E1%85%B5%E1%84%8F%E1%85%A9%E1%86%B7-%E1%84%80%E1%85%B5%E1%86%BC%E1%84%8B%E1%85%A5%E1%86%B7-%E1%84%8E%E1%85%A6%E1%84%8F%E1%85%B3-%E1%84%90%E1%85%A1%E1%86%B8-p08741238.html,https://static.zara.net/assets/public/d307/eb17/b76b429c9d4f/7802e9289419/08741238080-p/08741238080-p.jpg?ts=1780500991034,"₩49,900",,,260622,"크림,블루",,,,
,false,,ZARA,상의,니트,여성,반소매 니트 탑,https://www.zara.com/kr/ko/%E1%84%87%E1%85%A1%E1%86%AB%E1%84%89%E1%85%A9%E1%84%86%E1%85%A2-%E1%84%82%E1%85%B5%E1%84%90%E1%85%B3-%E1%84%90%E1%85%A1%E1%86%B8-p02142137.html,https://static.zara.net/assets/public/e9d4/272f/0099431c9753/bdf3b41a00b3/02142137330-p/02142137330-p.jpg?ts=1781162235127,"₩49,900",,,260622,멀티컬러,,,,
,false,,ZARA,상의,티셔츠,여성,슬리브리스 탑,https://www.zara.com/kr/ko/%E1%84%89%E1%85%B3%E1%86%AF%E1%84%85%E1%85%B5%E1%84%87%E1%85%B3%E1%84%85%E1%85%B5%E1%84%89%E1%85%B3-%E1%84%90%E1%85%A1%E1%86%B8-p03641871.html,https://static.zara.net/assets/public/f763/4d11/bf3e4b6fb106/52048e690981/03641826250-a1/03641826250-a1.jpg?ts=1781162235657,"₩17,900",,,260622,화이트,,,,
,false,,ZARA,상의,티셔츠,여성,슬리브리스 티셔츠,https://www.zara.com/kr/ko/%E1%84%89%E1%85%B3%E1%86%AF%E1%84%85%E1%85%B5%E1%84%87%E1%85%B3%E1%84%85%E1%85%B5%E1%84%89%E1%85%B3-%E1%84%90%E1%85%B5%E1%84%89%E1%85%A7%E1%84%8E%E1%85%B3-p02335150.html,https://static.zara.net/assets/public/f01a/4765/80de4729ade5/ccd277041fe2/02335150250-a1/02335150250-a1.jpg?ts=1781162233344,"₩21,900",,,260622,화이트,,,,
,false,,ZARA,상의,셔츠/블라우스,여성,플라워 자수 크롭 탑,https://www.zara.com/kr/ko/%E1%84%91%E1%85%B3%E1%86%AF%E1%84%85%E1%85%A1%E1%84%8B%E1%85%AF-%E1%84%8C%E1%85%A1%E1%84%89%E1%85%AE-%E1%84%8F%E1%85%B3%E1%84%85%E1%85%A9%E1%86%B8-%E1%84%90%E1%85%A1%E1%86%B8-p05770023.html,https://static.zara.net/assets/public/d154/47b5/41584c85b660/081779c3b936/05770023407-p/05770023407-p.jpg?ts=1772202946434,"₩59,900",,,260622,블루,,,,
,false,,ZARA,상의,셔츠/블라우스,여성,크롭 리본 탑,https://www.zara.com/kr/ko/%E1%84%8F%E1%85%B3%E1%84%85%E1%85%A9%E1%86%B8-%E1%84%85%E1%85%B5%E1%84%87%E1%85%A9%E1%86%AB-%E1%84%90%E1%85%A1%E1%86%B8-p02410769.html,https://static.zara.net/assets/public/a76a/ef2d/9f2f4f128460/2f2715254d37/02410769701-p/02410769701-p.jpg?ts=1772202904900,"₩55,900",,,260622,테라코타,,,,
,false,,ZARA,상의,셔츠/블라우스,여성,새틴 홀터넥 탑,https://www.zara.com/kr/ko/%E1%84%89%E1%85%A2%E1%84%90%E1%85%B5%E1%86%AB-%E1%84%92%E1%85%A9%E1%86%AF%E1%84%90%E1%85%A5%E1%84%82%E1%85%A6%E1%86%A8-%E1%84%90%E1%85%A1%E1%86%B8-p02157221.html,https://static.zara.net/assets/public/362a/e73c/33a340b6ad1e/11b652121f7f/02157221800-p/02157221800-p.jpg?ts=1773401355214,"₩45,900",,,260622,블랙,,,,
,false,,ZARA,상의,셔츠/블라우스,여성,벌룬 슬리브 탑,https://www.zara.com/kr/ko/%E1%84%87%E1%85%A5%E1%86%AF%E1%84%85%E1%85%AE%E1%86%AB-%E1%84%89%E1%85%B3%E1%86%AF%E1%84%85%E1%85%B5%E1%84%87%E1%85%B3-%E1%84%90%E1%85%A1%E1%86%B8-p02560536.html,https://static.zara.net/assets/public/dedc/4b4a/5a064ccc8b30/048b89e3fc1b/02560536712-p/02560536712-p.jpg?ts=1773399218192,"₩57,900",,,260622,크림,,,,
,false,,ZARA,상의,셔츠/블라우스,여성,자수 스트랩 탑,https://www.zara.com/kr/ko/%E1%84%8C%E1%85%A1%E1%84%89%E1%85%AE-%E1%84%89%E1%85%B3%E1%84%90%E1%85%B3%E1%84%85%E1%85%A2%E1%86%B8-%E1%84%90%E1%85%A1%E1%86%B8-p07521060.html,https://static.zara.net/assets/public/73c7/4723/6ad5441a8b8b/2cceabb7c1ae/07521060400-p/07521060400-p.jpg?ts=1776953035255,"₩55,900",,,260622,블루,,,,
,false,,ZARA,상의,셔츠/블라우스,여성,자수 홀터넥 탑,https://www.zara.com/kr/ko/%E1%84%8C%E1%85%A1%E1%84%89%E1%85%AE-%E1%84%92%E1%85%A9%E1%86%AF%E1%84%90%E1%85%A5%E1%84%82%E1%85%A6%E1%86%A8-%E1%84%90%E1%85%A1%E1%86%B8-p05107160.html,https://static.zara.net/assets/public/1ed7/f643/538d4a6c9960/a65d257aea91/05107160406-p/05107160406-p.jpg?ts=1776953029766,"₩55,900",,,260622,라이트 블루,,,,
,false,,ZARA,상의,셔츠/블라우스,여성,비즈 스트랩 탑,https://www.zara.com/kr/ko/%E1%84%87%E1%85%B5%E1%84%8C%E1%85%B3-%E1%84%89%E1%85%B3%E1%84%90%E1%85%B3%E1%84%85%E1%85%A2%E1%86%B8-%E1%84%90%E1%85%A1%E1%86%B8-p07200016.html,https://static.zara.net/assets/public/8ef3/c680/de17476f896c/e4999966f94e/07200016801-p/07200016801-p.jpg?ts=1775743542192,"₩79,900",,,260622,다크 그레이,,,,
,false,,ZARA,상의,셔츠/블라우스,여성,워싱 페이크 포플린 탑,https://www.zara.com/kr/ko/%E1%84%8B%E1%85%AF%E1%84%89%E1%85%B5%E1%86%BC-%E1%84%91%E1%85%A6%E1%84%8B%E1%85%B5%E1%84%8F%E1%85%B3-%E1%84%91%E1%85%A9%E1%84%91%E1%85%B3%E1%86%AF%E1%84%85%E1%85%B5%E1%86%AB-%E1%84%90%E1%85%A1%E1%86%B8-p07521029.html,https://static.zara.net/assets/public/797a/89ee/78dd4d3eb560/ca908aad75d8/07521029703-p/07521029703-p.jpg?ts=1775743550637,"₩55,900",,,260622,황토색,,,,
,false,,ZARA,상의,셔츠/블라우스,여성,플리츠 린넨 탑,https://www.zara.com/kr/ko/%E1%84%91%E1%85%B3%E1%86%AF%E1%84%85%E1%85%A2%E1%86%BA-%E1%84%91%E1%85%B3%E1%84%85%E1%85%A9%E1%86%AB%E1%84%90%E1%85%B3-%E1%84%85%E1%85%B5%E1%86%AB%E1%84%82%E1%85%A6%E1%86%AB-%E1%84%90%E1%85%A1%E1%86%B8-p02580789.html,https://static.zara.net/assets/public/0464/d62e/08ff48f4a649/246cffb4e6c1/02580712250-p/02580712250-p.jpg?ts=1775490581179,"₩55,900",,,260622,화이트,,,,
,false,,ZARA,상의,셔츠/블라우스,여성,플랫 프론트 린넨 탑,https://www.zara.com/kr/ko/%E1%84%91%E1%85%B3%E1%86%AF%E1%84%85%E1%85%A2%E1%86%BA-%E1%84%91%E1%85%B3%E1%84%85%E1%85%A9%E1%86%AB%E1%84%90%E1%85%B3-%E1%84%85%E1%85%B5%E1%86%AB%E1%84%82%E1%85%A6%E1%86%AB-%E1%84%90%E1%85%A1%E1%86%B8-p02580789.html,https://static.zara.net/assets/public/d5ed/5e3b/04084fc3851e/5848e71753c6/02580789400-a3/02580789400-a3.jpg?ts=1776248678713,"₩55,900",,,260622,블루,,,,
,false,,ZARA,상의,셔츠/블라우스,여성,버클 홀터넥 탑,https://www.zara.com/kr/ko/%E1%84%87%E1%85%A5%E1%84%8F%E1%85%B3%E1%86%AF-%E1%84%92%E1%85%A9%E1%86%AF%E1%84%90%E1%85%A5%E1%84%82%E1%85%A6%E1%86%A8-%E1%84%90%E1%85%A1%E1%86%B8-p04387089.html,https://static.zara.net/assets/public/b2b1/5f17/b16446608bd4/ad3dc4136e98/04387089800-p/04387089800-p.jpg?ts=1769770219420,"₩55,900",,,260622,블랙,,,,
,false,,ZARA,상의,티셔츠,여성,하이넥 슬리브리스 탑,https://www.zara.com/kr/ko/%E1%84%92%E1%85%A1%E1%84%8B%E1%85%B5%E1%84%82%E1%85%A6%E1%86%A8-%E1%84%89%E1%85%B3%E1%86%AF%E1%84%85%E1%85%B5%E1%84%87%E1%85%B3%E1%84%85%E1%85%B5%E1%84%89%E1%85%B3-%E1%84%90%E1%85%A1%E1%86%B8-p04174035.html,https://static.zara.net/assets/public/29f9/df26/92db4ef185be/6db61eea9d8d/04174035717-e1/04174035717-e1.jpg?ts=1769615852947,"₩29,900",,,260622,초콜렛,,,,
,false,,ZARA,상의,셔츠/블라우스,여성,도트 코르셋 탑,https://www.zara.com/kr/ko/%E1%84%83%E1%85%A9%E1%84%90%E1%85%B3-%E1%84%8F%E1%85%A9%E1%84%85%E1%85%B3%E1%84%89%E1%85%A6%E1%86%BA-%E1%84%90%E1%85%A1%E1%86%B8-p01210079.html,https://static.zara.net/assets/public/8746/1875/d327405eb4d7/ff61a077df6c/01210079084-p/01210079084-p.jpg?ts=1778150293280,"₩55,900",,,260622,"블랙,화이트",,,,
,false,,ZARA,상의,셔츠/블라우스,여성,코르셋 탑,https://www.zara.com/kr/ko/%E1%84%8F%E1%85%A9%E1%84%85%E1%85%B3%E1%84%89%E1%85%A6%E1%86%BA-%E1%84%90%E1%85%A1%E1%86%B8-p04661057.html,https://static.zara.net/assets/public/eb75/e643/1a83497c861a/9a64f07ea507/04661057800-000-a2/04661057800-000-a2.jpg?ts=1778513035570,"₩59,900",,,260622,블랙,,,,
,false,,ZARA,상의,탑,여성,셔링 니트 탑,https://www.zara.com/kr/ko/%E1%84%89%E1%85%A7%E1%84%85%E1%85%B5%E1%86%BC-%E1%84%82%E1%85%B5%E1%84%90%E1%85%B3-%E1%84%90%E1%85%A1%E1%86%B8-p02142108.html,https://static.zara.net/assets/public/d55a/8484/496f4d9b94f8/711d6d8f4400/02142108250-a1/02142108250-a1.jpg?ts=1781860768017,"₩55,900",,,260622,화이트,,,,
,false,,ZARA,상의,셔츠/블라우스,여성,벌룬 드레이프 탑,https://www.zara.com/kr/ko/%E1%84%87%E1%85%A5%E1%86%AF%E1%84%85%E1%85%AE%E1%86%AB-%E1%84%83%E1%85%B3%E1%84%85%E1%85%A6%E1%84%8B%E1%85%B5%E1%84%91%E1%85%B3-%E1%84%90%E1%85%A1%E1%86%B8-p03666151.html,https://static.zara.net/assets/public/98bb/a7b0/88d94edfb098/b817b20f3948/03666151800-p/03666151800-p.jpg?ts=1781860767054,"₩49,900",,,260622,블랙,,,,
,false,,ZARA,상의,셔츠/블라우스,여성,로맨틱 레이스 탑,https://www.zara.com/kr/ko/%E1%84%85%E1%85%A9%E1%84%86%E1%85%A2%E1%86%AB%E1%84%90%E1%85%B5%E1%86%A8-%E1%84%85%E1%85%A6%E1%84%8B%E1%85%B5%E1%84%89%E1%85%B3-%E1%84%90%E1%85%A1%E1%86%B8-p08741109.html,https://static.zara.net/assets/public/bea1/8993/63d442a28a2c/3e89d2288111/08741109712-p/08741109712-p.jpg?ts=1777367125547,"₩49,900",,,260622,크림,,,,
,false,,ZARA,기타,WAISTCOAT,여성,자수 리본 탑,https://www.zara.com/kr/ko/%E1%84%8C%E1%85%A1%E1%84%89%E1%85%AE-%E1%84%85%E1%85%B5%E1%84%87%E1%85%A9%E1%86%AB-%E1%84%90%E1%85%A1%E1%86%B8-p01165228.html,https://static.zara.net/assets/public/9313/cc9e/d3064811bea0/3049d4e0b6e0/01165228052-p/01165228052-p.jpg?ts=1777367078212,"₩49,900",,,260622,라이트 베이지,,,,
,false,,ZARA,상의,탑,여성,도트 세미 시스루 니트 탑,https://www.zara.com/kr/ko/%E1%84%89%E1%85%B5%E1%84%89%E1%85%B3%E1%84%85%E1%85%AE-%E1%84%83%E1%85%A9%E1%84%90%E1%85%B3-%E1%84%82%E1%85%B5%E1%84%90%E1%85%B3-%E1%84%90%E1%85%A1%E1%86%B8-p09598096.html,https://static.zara.net/assets/public/1269/eef3/13074e4b86eb/b42a7bf3207a/09598096712-e1/09598096712-e1.jpg?ts=1779111655801,"₩49,900",,,260622,크림,,,,
,false,,ZARA,상의,탑,여성,시스루 도트 니트 탑,https://www.zara.com/kr/ko/%E1%84%89%E1%85%B5%E1%84%89%E1%85%B3%E1%84%85%E1%85%AE-%E1%84%83%E1%85%A9%E1%84%90%E1%85%B3-%E1%84%82%E1%85%B5%E1%84%90%E1%85%B3-%E1%84%90%E1%85%A1%E1%86%B8-p09598096.html,https://static.zara.net/assets/public/6851/c207/57b943dfac0b/9d9c12b13d99/09598096800-e1/09598096800-e1.jpg?ts=1779116475587,"₩49,900",,,260622,블랙,,,,
,false,,ZARA,상의,탑,여성,합성 면소재 벌룬 슬리브 탑,https://www.zara.com/kr/ko/%E1%84%92%E1%85%A1%E1%86%B8%E1%84%89%E1%85%A5%E1%86%BC-%E1%84%86%E1%85%A7%E1%86%AB%E1%84%89%E1%85%A9%E1%84%8C%E1%85%A2-%E1%84%87%E1%85%A5%E1%86%AF%E1%84%85%E1%85%AE%E1%86%AB-%E1%84%89%E1%85%B3%E1%86%AF%E1%84%85%E1%85%B5%E1%84%87%E1%85%B3-%E1%84%90%E1%85%A1%E1%86%B8-p05039193.html,https://static.zara.net/assets/public/b48e/797f/d44b4a60a3ce/b0666ad9b182/05039193064-a1/05039193064-a1.jpg?ts=1781175194266,"₩49,900",,,260622,"화이트,블랙",,,,
,false,,ZARA,상의,탑,여성,합성 면소재 벌룬 슬리브 탑,https://www.zara.com/kr/ko/%E1%84%92%E1%85%A1%E1%86%B8%E1%84%89%E1%85%A5%E1%86%BC-%E1%84%86%E1%85%A7%E1%86%AB%E1%84%89%E1%85%A9%E1%84%8C%E1%85%A2-%E1%84%87%E1%85%A5%E1%86%AF%E1%84%85%E1%85%AE%E1%86%AB-%E1%84%89%E1%85%B3%E1%86%AF%E1%84%85%E1%85%B5%E1%84%87%E1%85%B3-%E1%84%90%E1%85%A1%E1%86%B8-p05039193.html,https://static.zara.net/assets/public/5414/0501/0e6b45b4b615/362c56c5aa58/05039193800-a1/05039193800-a1.jpg?ts=1781175221664,"₩49,900",,,260622,블랙,,,,
,false,,ZARA,상의,셔츠/블라우스,여성,ZW 컬렉션 레이스 새틴 탑,https://www.zara.com/kr/ko/zw-%E1%84%8F%E1%85%A5%E1%86%AF%E1%84%85%E1%85%A6%E1%86%A8%E1%84%89%E1%85%A7%E1%86%AB-%E1%84%85%E1%85%A6%E1%84%8B%E1%85%B5%E1%84%89%E1%85%B3-%E1%84%89%E1%85%A2%E1%84%90%E1%85%B5%E1%86%AB-%E1%84%90%E1%85%A1%E1%86%B8-p01758135.html,https://static.zara.net/assets/public/f9a5/a2f6/e91b418c89f0/2df41378e235/01758135800-p/01758135800-p.jpg?ts=1778226697413,"₩59,900",,,260622,블랙,,,,
,false,,ZARA,상의,셔츠/블라우스,여성,ZW 컬렉션 레이스 새틴 탑,https://www.zara.com/kr/ko/zw-%E1%84%8F%E1%85%A5%E1%86%AF%E1%84%85%E1%85%A6%E1%86%A8%E1%84%89%E1%85%A7%E1%86%AB-%E1%84%85%E1%85%A6%E1%84%8B%E1%85%B5%E1%84%89%E1%85%B3-%E1%84%89%E1%85%A2%E1%84%90%E1%85%B5%E1%86%AB-%E1%84%90%E1%85%A1%E1%86%B8-p01758135.html,https://static.zara.net/assets/public/2b37/fe70/642a47e2ae84/f17a6404e4e4/06050322800-015-a4/06050322800-015-a4.jpg?ts=1778141186977,"₩59,900",,,260622,블랙,,,,
,false,,ZARA,상의,셔츠/블라우스,여성,ZW 컬렉션 레이스 새틴 보디수트,https://www.zara.com/kr/ko/zw-%E1%84%8F%E1%85%A5%E1%86%AF%E1%84%85%E1%85%A6%E1%86%A8%E1%84%89%E1%85%A7%E1%86%AB-%E1%84%85%E1%85%A6%E1%84%8B%E1%85%B5%E1%84%89%E1%85%B3-%E1%84%89%E1%85%A2%E1%84%90%E1%85%B5%E1%86%AB-%E1%84%87%E1%85%A9%E1%84%83%E1%85%B5%E1%84%89%E1%85%AE%E1%84%90%E1%85%B3-p01500201.html,https://static.zara.net/assets/public/fb50/505f/bc8c4faaa4d8/030653801d6c/01500201251-p/01500201251-p.jpg?ts=1772191988315,"₩89,900",,,260622,스크래치 화이트,,,,
,false,,ZARA,상의,셔츠/블라우스,여성,ZW 컬렉션 루즈 핏 반소매 탑,https://www.zara.com/kr/ko/zw-%E1%84%8F%E1%85%A5%E1%86%AF%E1%84%85%E1%85%A6%E1%86%A8%E1%84%89%E1%85%A7%E1%86%AB-%E1%84%85%E1%85%AE%E1%84%8C%E1%85%B3-%E1%84%91%E1%85%B5%E1%86%BA-%E1%84%87%E1%85%A1%E1%86%AB%E1%84%89%E1%85%A9%E1%84%86%E1%85%A2-%E1%84%90%E1%85%A1%E1%86%B8-p02731047.html,https://static.zara.net/assets/public/0ae5/1f4e/2e08487caed9/000685e1f810/02731057712-a2/02731057712-a2.jpg?ts=1772470897487,"₩59,900",,,260622,크림,,,,
,false,,ZARA,상의,셔츠/블라우스,여성,포플린 버튼 탑,https://www.zara.com/kr/ko/%E1%84%87%E1%85%A5%E1%84%90%E1%85%B3%E1%86%AB-%E1%84%91%E1%85%A9%E1%84%91%E1%85%B3%E1%86%AF%E1%84%85%E1%85%B5%E1%86%AB-%E1%84%90%E1%85%A1%E1%86%B8-p02180028.html,https://static.zara.net/assets/public/b4c3/146e/28ed484aba66/cbbac91fae01/02180028898-p/02180028898-p.jpg?ts=1775747443294,"₩45,900",,,260622,다크 앤트러사이트 그레이,,,,
,false,,ZARA,상의,셔츠/블라우스,여성,코르셋 스타일 프릴 탑,https://www.zara.com/kr/ko/%E1%84%8F%E1%85%A9%E1%84%85%E1%85%B3%E1%84%89%E1%85%A6%E1%86%BA-%E1%84%89%E1%85%B3%E1%84%90%E1%85%A1%E1%84%8B%E1%85%B5%E1%86%AF-%E1%84%91%E1%85%B3%E1%84%85%E1%85%B5%E1%86%AF-%E1%84%90%E1%85%A1%E1%86%B8-p04661050.html,https://static.zara.net/assets/public/446b/7625/e17a48b9a746/4f18204b55ae/04661050250-p/04661050250-p.jpg?ts=1775815128852,"₩59,900",,,260622,화이트,,,,
,false,,ZARA,상의,탑,여성,콘트라스트 트리밍 니트 크롭 탑,https://www.zara.com/kr/ko/%E1%84%8F%E1%85%A9%E1%86%AB%E1%84%90%E1%85%B3%E1%84%85%E1%85%A1%E1%84%89%E1%85%B3%E1%84%90%E1%85%B3-%E1%84%90%E1%85%B3%E1%84%85%E1%85%B5%E1%84%86%E1%85%B5%E1%86%BC-%E1%84%82%E1%85%B5%E1%84%90%E1%85%B3-%E1%84%8F%E1%85%B3%E1%84%85%E1%85%A9%E1%86%B8-%E1%84%90%E1%85%A1%E1%86%B8-p03519011.html,https://static.zara.net/assets/public/d846/0356/2efd4fd7bda7/9214f1c91d18/03519011615-p/03519011615-p.jpg?ts=1779873849147,"₩29,900",,,260622,오렌지,,,,
,false,,ZARA,기타,WAISTCOAT,여성,Z1975 웨이브 마감 탑,https://www.zara.com/kr/ko/z1975-%E1%84%8B%E1%85%B0%E1%84%8B%E1%85%B5%E1%84%87%E1%85%B3-%E1%84%86%E1%85%A1%E1%84%80%E1%85%A1%E1%86%B7-%E1%84%90%E1%85%A1%E1%86%B8-p07484153.html,https://static.zara.net/assets/public/36b7/f99b/e7484247943d/16f3df161caa/07484153250-a5/07484153250-a5.jpg?ts=1779873741115,"₩57,900",,,260622,화이트,,,,
,false,,ZARA,상의,탑,여성,프린지 니트 탑,https://www.zara.com/kr/ko/%E1%84%91%E1%85%B3%E1%84%85%E1%85%B5%E1%86%AB%E1%84%8C%E1%85%B5-%E1%84%82%E1%85%B5%E1%84%90%E1%85%B3-%E1%84%90%E1%85%A1%E1%86%B8-p02893035.html,https://static.zara.net/assets/public/d7f7/6c55/064040fd9a8f/94d881ddd72e/02893035250-p/02893035250-p.jpg?ts=1781105361299,"₩49,900",,,260622,화이트,,,,
,false,,ZARA,상의,탑,여성,와이드 슬리브 니트 탑,https://www.zara.com/kr/ko/%E1%84%8B%E1%85%AA%E1%84%8B%E1%85%B5%E1%84%83%E1%85%B3-%E1%84%89%E1%85%B3%E1%86%AF%E1%84%85%E1%85%B5%E1%84%87%E1%85%B3-%E1%84%82%E1%85%B5%E1%84%90%E1%85%B3-%E1%84%90%E1%85%A1%E1%86%B8-p03433004.html,https://static.zara.net/assets/public/3783/7ac2/f4a44e27be52/be09773d4835/03433004401-p/03433004401-p.jpg?ts=1781105359038,"₩45,900",,,260622,네이비,,,,
,false,,ZARA,상의,셔츠/블라우스,여성,도트 홀터넥 라운드넥 탑,https://www.zara.com/kr/ko/%E1%84%92%E1%85%A1%E1%84%90%E1%85%B3-%E1%84%82%E1%85%A6%E1%84%8F%E1%85%B3%E1%84%85%E1%85%A1%E1%84%8B%E1%85%B5%E1%86%AB-%E1%84%92%E1%85%A9%E1%86%AF%E1%84%90%E1%85%A5%E1%84%82%E1%85%A6%E1%86%A8-%E1%84%90%E1%85%A1%E1%86%B8-p04772023.html,https://static.zara.net/assets/public/9e2c/88f9/b8224da8b3a0/cf183ec49567/02732045427-p/02732045427-p.jpg?ts=1774526295816,"₩45,900",,,260622,미디움 블루,,,,
,false,,ZARA,상의,셔츠/블라우스,여성,도트 홀터넥 탑,https://www.zara.com/kr/ko/%E1%84%92%E1%85%A1%E1%84%90%E1%85%B3-%E1%84%82%E1%85%A6%E1%84%8F%E1%85%B3%E1%84%85%E1%85%A1%E1%84%8B%E1%85%B5%E1%86%AB-%E1%84%92%E1%85%A9%E1%86%AF%E1%84%90%E1%85%A5%E1%84%82%E1%85%A6%E1%86%A8-%E1%84%90%E1%85%A1%E1%86%B8-p04772023.html,https://static.zara.net/assets/public/9583/b3bd/082b4e9aa7d8/0d4d9069b1c6/02180043084-p/02180043084-p.jpg?ts=1774452747434,"₩45,900",,,260622,"블랙,화이트",,,,
,false,,ZARA,상의,니트,여성,쇼트 슬리브 니트 폴로셔츠,https://www.zara.com/kr/ko/%E1%84%89%E1%85%AD%E1%84%90%E1%85%B3-%E1%84%89%E1%85%B3%E1%86%AF%E1%84%85%E1%85%B5%E1%84%87%E1%85%B3-%E1%84%82%E1%85%B5%E1%84%90%E1%85%B3-%E1%84%91%E1%85%A9%E1%86%AF%E1%84%85%E1%85%A9%E1%84%89%E1%85%A7%E1%84%8E%E1%85%B3-p06236015.html,https://static.zara.net/assets/public/ccd8/570b/d7d149708089/1d32b6ffcb2c/06236015700-a1/06236015700-a1.jpg?ts=1773831473491,"₩55,900",,,260622,브라운,,,,
,false,,ZARA,상의,니트,여성,쇼트 슬리브 니트 폴로셔츠,https://www.zara.com/kr/ko/%E1%84%89%E1%85%AD%E1%84%90%E1%85%B3-%E1%84%89%E1%85%B3%E1%86%AF%E1%84%85%E1%85%B5%E1%84%87%E1%85%B3-%E1%84%82%E1%85%B5%E1%84%90%E1%85%B3-%E1%84%91%E1%85%A9%E1%86%AF%E1%84%85%E1%85%A9%E1%84%89%E1%85%A7%E1%84%8E%E1%85%B3-p06236015.html,https://static.zara.net/assets/public/ecfe/4a42/266448c69006/64099b8e2593/02664857172-1-p/02664857172-1-p.jpg?ts=1773749740239,"₩55,900",,,260622,브라운,,,,
,false,,ZARA,상의,탑,여성,메탈릭 얀 시퀸 니트 탑,https://www.zara.com/kr/ko/%E1%84%86%E1%85%A6%E1%84%90%E1%85%A1%E1%86%AF%E1%84%85%E1%85%B5%E1%86%A8-%E1%84%8B%E1%85%A3%E1%86%AB-%E1%84%89%E1%85%B5%E1%84%8F%E1%85%B1%E1%86%AB-%E1%84%82%E1%85%B5%E1%84%90%E1%85%B3-%E1%84%90%E1%85%A1%E1%86%B8-p09598085.html,https://static.zara.net/assets/public/8866/585f/cb2c42668575/4e3801518725/09598085712-p/09598085712-p.jpg?ts=1776870950623,"₩45,900",,,260622,크림,,,,
,false,,ZARA,상의,셔츠/블라우스,여성,레이스 트리밍 자수 탑,https://www.zara.com/kr/ko/%E1%84%8C%E1%85%A1%E1%84%89%E1%85%AE-%E1%84%85%E1%85%A6%E1%84%8B%E1%85%B5%E1%84%89%E1%85%B3-%E1%84%87%E1%85%A2%E1%86%AB%E1%84%83%E1%85%B3-%E1%84%90%E1%85%A1%E1%86%B8-p08741051.html,https://static.zara.net/assets/public/886e/1300/b53745e48445/5db4124f33de/08741051700-a3/08741051700-a3.jpg?ts=1776870940126,"₩55,900",,,260622,브라운,,,,
,false,,ZARA,상의,탑,여성,벌룬 슬리브 니트 탑,https://www.zara.com/kr/ko/%E1%84%87%E1%85%A5%E1%86%AF%E1%84%85%E1%85%AE%E1%86%AB-%E1%84%89%E1%85%B3%E1%86%AF%E1%84%85%E1%85%B5%E1%84%87%E1%85%B3-%E1%84%82%E1%85%B5%E1%84%90%E1%85%B3-%E1%84%90%E1%85%A1%E1%86%B8-p09598042.html,https://static.zara.net/assets/public/cf2e/82c9/c49747419b56/84e949a4cdb8/09598042800-p/09598042800-p.jpg?ts=1772036364657,"₩55,900",,,260622,블랙,,,,
,false,,ZARA,상의,탑,여성,벌룬 슬리브 니트 탑,https://www.zara.com/kr/ko/%E1%84%87%E1%85%A5%E1%86%AF%E1%84%85%E1%85%AE%E1%86%AB-%E1%84%89%E1%85%B3%E1%86%AF%E1%84%85%E1%85%B5%E1%84%87%E1%85%B3-%E1%84%82%E1%85%B5%E1%84%90%E1%85%B3-%E1%84%90%E1%85%A1%E1%86%B8-p04192038.html,https://static.zara.net/assets/public/0d57/3b56/198b438393ef/c1f4d7624f6f/04192038250-p/04192038250-p.jpg?ts=1772036356013,"₩55,900",,,260622,화이트,,,,
,false,,ZARA,상의,탑,여성,프린지 니트 탑,https://www.zara.com/kr/ko/%E1%84%91%E1%85%B3%E1%84%85%E1%85%B5%E1%86%AB%E1%84%8C%E1%85%B5-%E1%84%82%E1%85%B5%E1%84%90%E1%85%B3-%E1%84%90%E1%85%A1%E1%86%B8-p03920295.html,https://static.zara.net/assets/public/ea3c/d624/e61d439fb2b8/9098386145cf/03920295712-p/03920295712-p.jpg?ts=1775552281499,"₩55,900",,,260622,크림,,,,
,false,,ZARA,상의,탑,여성,플라워 스트럭처 홀터넥 크롭 탑,https://www.zara.com/kr/ko/%E1%84%91%E1%85%B3%E1%86%AF%E1%84%85%E1%85%A1%E1%84%8B%E1%85%AF-%E1%84%89%E1%85%B3%E1%84%90%E1%85%B3%E1%84%85%E1%85%A5%E1%86%A8%E1%84%8E%E1%85%A5-%E1%84%92%E1%85%A9%E1%86%AF%E1%84%90%E1%85%A5%E1%84%82%E1%85%A6%E1%86%A8-%E1%84%8F%E1%85%B3%E1%84%85%E1%85%A9%E1%86%B8-%E1%84%90%E1%85%A1%E1%86%B8-p03920171.html,https://static.zara.net/assets/public/bd92/9cf9/f0504466b097/8adf508168c8/03920171710-p/03920171710-p.jpg?ts=1775552278236,"₩89,900",,,260622,베이지,,,,
,false,,ZARA,상의,가디건,여성,페이크 워싱 포켓 탑 베스트,https://www.zara.com/kr/ko/%E1%84%91%E1%85%A6%E1%84%8B%E1%85%B5%E1%84%8F%E1%85%B3-%E1%84%8B%E1%85%AF%E1%84%89%E1%85%B5%E1%86%BC-%E1%84%91%E1%85%A9%E1%84%8F%E1%85%A6%E1%86%BA-%E1%84%87%E1%85%A6%E1%84%89%E1%85%B3%E1%84%90%E1%85%B3-%E1%84%90%E1%85%A1%E1%86%B8-p00085306.html,https://static.zara.net/assets/public/17da/ca7d/f9af485baa21/a2b205b289bd/00085306506-p/00085306506-p.jpg?ts=1771254671885,"₩45,900",,,260622,라이트 카키,,,,
,false,,ZARA,기타,WIND-JACKET,여성,체크 케이프 셔츠,https://www.zara.com/kr/ko/%E1%84%8E%E1%85%A6%E1%84%8F%E1%85%B3-%E1%84%8F%E1%85%A6%E1%84%8B%E1%85%B5%E1%84%91%E1%85%B3-%E1%84%89%E1%85%A7%E1%84%8E%E1%85%B3-p03067709.html,https://static.zara.net/assets/public/b601/dccc/af3c4b36a723/029f74bbc626/03067709809-p/03067709809-p.jpg?ts=1774445663498,"₩55,900",,,260622,미디움 그레이,,,,
,false,,ZARA,상의,탑,여성,언밸런스 니트 탑,https://www.zara.com/kr/ko/%E1%84%8B%E1%85%A5%E1%86%AB%E1%84%87%E1%85%A2%E1%86%AF%E1%84%85%E1%85%A5%E1%86%AB%E1%84%89%E1%85%B3-%E1%84%82%E1%85%B5%E1%84%90%E1%85%B3-%E1%84%90%E1%85%A1%E1%86%B8-p09598016.html,https://static.zara.net/assets/public/836a/fc7a/2bf1416db5ca/4bc314bcba72/09598016800-p/09598016800-p.jpg?ts=1780058353953,"₩49,900",,,260622,블랙,,,,
,false,,ZARA,상의,탑,여성,언밸런스 니트 탑,https://www.zara.com/kr/ko/%E1%84%8B%E1%85%A5%E1%86%AB%E1%84%87%E1%85%A2%E1%86%AF%E1%84%85%E1%85%A5%E1%86%AB%E1%84%89%E1%85%B3-%E1%84%82%E1%85%B5%E1%84%90%E1%85%B3-%E1%84%90%E1%85%A1%E1%86%B8-p09598016.html,https://static.zara.net/assets/public/281a/4ee4/02e74681a7c7/499b615691ee/09598016072-p/09598016072-p.jpg?ts=1780058347765,"₩49,900",,,260622,아이보리-화이트,,,,
,false,,ZARA,상의,셔츠/블라우스,여성,패턴 홀터넥 탑,https://www.zara.com/kr/ko/%E1%84%91%E1%85%A2%E1%84%90%E1%85%A5%E1%86%AB-%E1%84%92%E1%85%A9%E1%86%AF%E1%84%90%E1%85%A5%E1%84%82%E1%85%A6%E1%86%A8-%E1%84%90%E1%85%A1%E1%86%B8-p02738304.html,https://static.zara.net/assets/public/ec34/f548/f3ad41aeaa5a/9d29587d067f/02738304067-p/02738304067-p.jpg?ts=1774970835266,"₩49,900",,,260622,"크림,레드",,,,
,false,,ZARA,상의,셔츠/블라우스,여성,스트로베리 새틴 탑,https://www.zara.com/kr/ko/%E1%84%91%E1%85%B3%E1%84%85%E1%85%B5%E1%86%AF-%E1%84%89%E1%85%A2%E1%84%90%E1%85%B5%E1%86%AB-%E1%84%90%E1%85%A1%E1%86%B8-p02752302.html,https://static.zara.net/assets/public/cc40/bd2c/80a54cfab0f9/2f8aa7324059/02752302067-p/02752302067-p.jpg?ts=1774970852210,"₩49,900",,,260622,"크림,레드",,,,
,false,,ZARA,상의,셔츠/블라우스,여성,레이스 새틴 탑,https://www.zara.com/kr/ko/%E1%84%85%E1%85%A6%E1%84%8B%E1%85%B5%E1%84%89%E1%85%B3-%E1%84%89%E1%85%A2%E1%84%90%E1%85%B5%E1%86%AB-%E1%84%90%E1%85%A1%E1%86%B8-p04764002.html,https://static.zara.net/assets/public/d665/4b07/e9f04c0c9df9/2521f5728a34/04764012626-a2/04764012626-a2.jpg?ts=1776857461839,"₩49,900",,,260622,화이트 로즈핑크,,,,
,false,,ZARA,상의,셔츠/블라우스,여성,비즈 홀터넥 탑,https://www.zara.com/kr/ko/%E1%84%87%E1%85%B5%E1%84%8C%E1%85%B3-%E1%84%92%E1%85%A9%E1%86%AF%E1%84%90%E1%85%A5%E1%84%82%E1%85%A6%E1%86%A8-%E1%84%90%E1%85%A1%E1%86%B8-p00881051.html,https://static.zara.net/assets/public/ce60/7b50/53f14cdea716/dc33de2d3d3a/00881051300-p/00881051300-p.jpg?ts=1776857447977,"₩55,900",,,260622,노랑,,,,
,false,,ZARA,상의,셔츠/블라우스,여성,셔링 포플린 탑,https://www.zara.com/kr/ko/%E1%84%89%E1%85%A7%E1%84%85%E1%85%B5%E1%86%BC-%E1%84%91%E1%85%A9%E1%84%91%E1%85%B3%E1%86%AF%E1%84%85%E1%85%B5%E1%86%AB-%E1%84%90%E1%85%A1%E1%86%B8-p02256260.html,https://static.zara.net/assets/public/7a89/5d9c/dfb74098808b/7872290832d9/04764034064-p/04764034064-p.jpg?ts=1771506746993,"₩49,900",,,260622,"화이트,블랙",,,,
,false,,ZARA,상의,셔츠/블라우스,여성,포플린 셔링 탑,https://www.zara.com/kr/ko/%E1%84%89%E1%85%A7%E1%84%85%E1%85%B5%E1%86%BC-%E1%84%91%E1%85%A9%E1%84%91%E1%85%B3%E1%86%AF%E1%84%85%E1%85%B5%E1%86%AB-%E1%84%90%E1%85%A1%E1%86%B8-p02256260.html,https://static.zara.net/assets/public/29fa/43cb/3a3b4c82b339/ce716d64e1df/02256260800-p/02256260800-p.jpg?ts=1771506740685,"₩49,900",,,260622,블랙,,,,
,false,,ZARA,상의,셔츠/블라우스,여성,허니콤 리본 탑,https://www.zara.com/kr/ko/%E1%84%92%E1%85%A5%E1%84%82%E1%85%B5%E1%84%8F%E1%85%A9%E1%86%B7-%E1%84%85%E1%85%B5%E1%84%87%E1%85%A9%E1%86%AB-%E1%84%90%E1%85%A1%E1%86%B8-p03564057.html,https://static.zara.net/assets/public/b549/9d3f/44e94173a557/c747227041bb/03564057712-p/03564057712-p.jpg?ts=1773406431072,"₩49,900",,,260622,크림,,,,
,false,,ZARA,상의,셔츠/블라우스,여성,스트라이프 허니콤 탑,https://www.zara.com/kr/ko/%E1%84%89%E1%85%B3%E1%84%90%E1%85%B3%E1%84%85%E1%85%A1%E1%84%8B%E1%85%B5%E1%84%91%E1%85%B3-%E1%84%92%E1%85%A5%E1%84%82%E1%85%B5%E1%84%8F%E1%85%A9%E1%86%B7-%E1%84%90%E1%85%A1%E1%86%B8-p08372120.html,https://static.zara.net/assets/public/6b90/7102/a43448fcb93b/d82f9f92c070/08372120104-p/08372120104-p.jpg?ts=1773404170372,"₩49,900",,,260622,스트라이프,,,,
,false,,ZARA,기타,WAISTCOAT,여성,스트라이프 토글 탑,https://www.zara.com/kr/ko/%E1%84%89%E1%85%B3%E1%84%90%E1%85%B3%E1%84%85%E1%85%A1%E1%84%8B%E1%85%B5%E1%84%91%E1%85%B3-%E1%84%90%E1%85%A9%E1%84%80%E1%85%B3%E1%86%AF-%E1%84%87%E1%85%A5%E1%84%90%E1%85%B3%E1%86%AB-%E1%84%90%E1%85%A1%E1%86%B8-p02969329.html,https://static.zara.net/assets/public/a401/c203/17d24f7bad7a/71083f0329c3/02969329330-p/02969329330-p.jpg?ts=1779441865517,"₩59,900",,,260622,멀티컬러,,,,
,false,,ZARA,상의,티셔츠,여성,브이넥 루즈 탑,https://www.zara.com/kr/ko/%E1%84%87%E1%85%B3%E1%84%8B%E1%85%B5%E1%84%82%E1%85%A6%E1%86%A8-%E1%84%85%E1%85%AE%E1%84%8C%E1%85%B3-%E1%84%90%E1%85%A1%E1%86%B8-p01165004.html,https://static.zara.net/assets/public/f57b/9f23/864e4b9bb7cf/9773d0422275/01165004300-p/01165004300-p.jpg?ts=1779441853583,"₩45,900",,,260622,노랑,,,,
,false,,ZARA,상의,셔츠/블라우스,여성,루즈핏 크로스오버 탑,https://www.zara.com/kr/ko/%E1%84%85%E1%85%AE%E1%84%8C%E1%85%B3%E1%84%91%E1%85%B5%E1%86%BA-%E1%84%8F%E1%85%B3%E1%84%85%E1%85%A9%E1%84%89%E1%85%B3%E1%84%8B%E1%85%A9%E1%84%87%E1%85%A5-%E1%84%90%E1%85%A1%E1%86%B8-p03897122.html,https://static.zara.net/assets/public/ee74/21f7/93f44568945c/8d3070ea25a4/03897122251-p/03897122251-p.jpg?ts=1779441918415,"₩55,900",,,260622,스크래치 화이트,,,,
,false,,ZARA,상의,셔츠/블라우스,여성,하트 홀터넥 탑,https://www.zara.com/kr/ko/%E1%84%92%E1%85%A1%E1%84%90%E1%85%B3-%E1%84%82%E1%85%A6%E1%84%8F%E1%85%B3%E1%84%85%E1%85%A1%E1%84%8B%E1%85%B5%E1%86%AB-%E1%84%92%E1%85%A9%E1%86%AF%E1%84%90%E1%85%A5%E1%84%82%E1%85%A6%E1%86%A8-%E1%84%90%E1%85%A1%E1%86%B8-p04772023.html,https://static.zara.net/assets/public/c75d/3e97/a9e0472eb5a0/a652b56255d4/04772023637-p/04772023637-p.jpg?ts=1780399024621,"₩45,900",,,260622,라이트 로즈,,,,
,false,,ZARA,상의,셔츠/블라우스,여성,콤비 백 리본 탑,https://www.zara.com/kr/ko/%E1%84%8F%E1%85%A9%E1%86%B7%E1%84%87%E1%85%B5-%E1%84%87%E1%85%A2%E1%86%A8-%E1%84%85%E1%85%B5%E1%84%87%E1%85%A9%E1%86%AB-%E1%84%90%E1%85%A1%E1%86%B8-p02865777.html,https://static.zara.net/assets/public/b4e0/c1d1/19934e18bd5d/0172644eb08e/02865777250-p/02865777250-p.jpg?ts=1780399015191,"₩55,900",,,260622,화이트,,,,
,false,,ZARA,상의,셔츠/블라우스,여성,벌룬 스트랩 탑,https://www.zara.com/kr/ko/%E1%84%87%E1%85%A5%E1%86%AF%E1%84%85%E1%85%AE%E1%86%AB-%E1%84%89%E1%85%B3%E1%84%90%E1%85%B3%E1%84%85%E1%85%A2%E1%86%B8-%E1%84%90%E1%85%A1%E1%86%B8-p08372127.html,https://static.zara.net/assets/public/42c6/18f5/91694a99acf9/54fdf9f18822/08372127700-a1/08372127700-a1.jpg?ts=1780502054658,"₩45,900",,,260622,브라운,,,,
,false,,ZARA,상의,셔츠/블라우스,여성,자수 리본 탑,https://www.zara.com/kr/ko/%E1%84%8C%E1%85%A1%E1%84%89%E1%85%AE-%E1%84%85%E1%85%B5%E1%84%87%E1%85%A9%E1%86%AB-%E1%84%90%E1%85%A1%E1%86%B8-p02823706.html,https://static.zara.net/assets/public/fe44/3f82/61844d4a9a64/04f73e6150a0/02823706620-a3/02823706620-a3.jpg?ts=1780502052603,"₩55,900",,,260622,로즈핑크,,,,
,false,,ZARA,상의,탑,여성,프릴 리본 크롭 탑,https://www.zara.com/kr/ko/%E1%84%91%E1%85%B3%E1%84%85%E1%85%B5%E1%86%AF-%E1%84%85%E1%85%B5%E1%84%87%E1%85%A9%E1%86%AB-%E1%84%90%E1%85%A1%E1%86%B8-p01131300.html,https://static.zara.net/assets/public/da42/8182/0b0345708bdb/0908b205567a/01131300251-p/01131300251-p.jpg?ts=1774445657988,"₩45,900",,,260622,스크래치 화이트,,,,
,false,,ZARA,상의,탑,여성,프릴 리본 크롭 탑,https://www.zara.com/kr/ko/%E1%84%91%E1%85%B3%E1%84%85%E1%85%B5%E1%86%AF-%E1%84%85%E1%85%B5%E1%84%87%E1%85%A9%E1%86%AB-%E1%84%90%E1%85%A1%E1%86%B8-p01131300.html,https://static.zara.net/assets/public/a3b8/c6c0/7aef4fc496ea/1a037a66962c/01131300306-p/01131300306-p.jpg?ts=1774445656722,"₩45,900",,,260622,라이트 옐로우,,,,
,false,,ZARA,상의,탑,여성,프릴 리본 탑,https://www.zara.com/kr/ko/%E1%84%91%E1%85%B3%E1%84%85%E1%85%B5%E1%86%AF-%E1%84%85%E1%85%B5%E1%84%87%E1%85%A9%E1%86%AB-%E1%84%90%E1%85%A1%E1%86%B8-p01131300.html,https://static.zara.net/assets/public/2f9d/bbf1/87cd49f9a4a8/918ca5fe2e55/01131300450-p/01131300450-p.jpg?ts=1774445658860,"₩45,900",,,260622,베이지,,,,
,false,,ZARA,상의,티셔츠,여성,콘트라스트 페이크 더블 탑,https://www.zara.com/kr/ko/%E1%84%91%E1%85%A6%E1%84%8B%E1%85%B5%E1%84%8F%E1%85%B3-%E1%84%8B%E1%85%B5%E1%84%8C%E1%85%AE%E1%86%BC-%E1%84%87%E1%85%A2%E1%84%89%E1%85%A2%E1%86%A8-%E1%84%90%E1%85%A1%E1%86%B8-p05644009.html,https://static.zara.net/assets/public/2789/5e0b/50c549db8edf/59017268198d/05644009099-p/05644009099-p.jpg?ts=1768480177246,"₩29,900",,,260622,"블랙,브라운",,,,
,false,,ZARA,상의,티셔츠,여성,울 슬리브리스 티셔츠,https://www.zara.com/kr/ko/%E1%84%8B%E1%85%AE%E1%86%AF-%E1%84%89%E1%85%B3%E1%86%AF%E1%84%85%E1%85%B5%E1%84%87%E1%85%B3%E1%84%85%E1%85%B5%E1%84%89%E1%85%B3-%E1%84%90%E1%85%B5%E1%84%89%E1%85%A7%E1%84%8E%E1%85%B3-p03039002.html,https://static.zara.net/assets/public/bd77/8d77/0f2f4c0d9b65/691fafa6d435/03039002746-p/03039002746-p.jpg?ts=1768480146195,"₩45,900",,,260622,라이트 베이지,,,,
,false,,ZARA,상의,탑,여성,리브드 레이스 탑,https://www.zara.com/kr/ko/%E1%84%85%E1%85%A6%E1%84%8B%E1%85%B5%E1%84%89%E1%85%B3-%E1%84%85%E1%85%B5%E1%84%87%E1%85%B3%E1%84%83%E1%85%B3-%E1%84%90%E1%85%A1%E1%86%B8-p02298050.html,https://static.zara.net/assets/public/2e22/39d6/ee72458fb31d/c19939fed3b4/02298050250-p/02298050250-p.jpg?ts=1777378083964,"₩35,900",,,260622,화이트,,,,
,false,,ZARA,상의,탑,여성,레이스 리브드 탑,https://www.zara.com/kr/ko/%E1%84%85%E1%85%A6%E1%84%8B%E1%85%B5%E1%84%89%E1%85%B3-%E1%84%85%E1%85%B5%E1%84%87%E1%85%B3%E1%84%83%E1%85%B3-%E1%84%90%E1%85%A1%E1%86%B8-p02298050.html,https://static.zara.net/assets/public/3032/0f49/e6d44f89b2ec/7e1a8a4caba0/02298050800-p/02298050800-p.jpg?ts=1777378087665,"₩35,900",,,260622,블랙,,,,
,false,,ZARA,상의,셔츠/블라우스,여성,레이스 새틴 크롭 탑,https://www.zara.com/kr/ko/%E1%84%89%E1%85%A2%E1%84%90%E1%85%B5%E1%86%AB-%E1%84%85%E1%85%A6%E1%84%8B%E1%85%B5%E1%84%89%E1%85%B3-%E1%84%8F%E1%85%B3%E1%84%85%E1%85%A9%E1%86%B8-%E1%84%90%E1%85%A1%E1%86%B8-p04772046.html,https://static.zara.net/assets/public/c4e5/db4a/66d94eeeaa5b/fe6b55734b8e/04772046725-e1/04772046725-e1.jpg?ts=1777372136665,"₩49,900",,,260622,버터,,,,
,false,,ZARA,상의,셔츠/블라우스,여성,레이스 새틴 크롭 탑,https://www.zara.com/kr/ko/%E1%84%89%E1%85%A2%E1%84%90%E1%85%B5%E1%86%AB-%E1%84%85%E1%85%A6%E1%84%8B%E1%85%B5%E1%84%89%E1%85%B3-%E1%84%8F%E1%85%B3%E1%84%85%E1%85%A9%E1%86%B8-%E1%84%90%E1%85%A1%E1%86%B8-p02771341.html,https://static.zara.net/assets/public/3027/9bdc/86064f158fb1/a7abea1fd040/02771341800-p/02771341800-p.jpg?ts=1777544242279,"₩49,900",,,260622,블랙,,,,
,false,,ZARA,상의,탑,여성,버튼 리브드 페플럼 탑,https://www.zara.com/kr/ko/%E1%84%87%E1%85%A5%E1%84%90%E1%85%B3%E1%86%AB-%E1%84%85%E1%85%B5%E1%84%87%E1%85%B3%E1%84%83%E1%85%B3-%E1%84%91%E1%85%A6%E1%84%91%E1%85%B3%E1%86%AF%E1%84%85%E1%85%A5%E1%86%B7-%E1%84%90%E1%85%A1%E1%86%B8-p08779159.html,https://static.zara.net/assets/public/7375/a771/867f4c7cbe28/7173322007bf/08779159719-p/08779159719-p.jpg?ts=1769615300887,"₩49,900",,,260622,비고레 브라운,,,,
,false,,ZARA,기타,WAISTCOAT,여성,레이스 언밸런스 탑,https://www.zara.com/kr/ko/%E1%84%85%E1%85%A6%E1%84%8B%E1%85%B5%E1%84%89%E1%85%B3-%E1%84%8B%E1%85%A5%E1%86%AB%E1%84%87%E1%85%A2%E1%86%AF%E1%84%85%E1%85%A5%E1%86%AB%E1%84%89%E1%85%B3-%E1%84%90%E1%85%A1%E1%86%B8-p02220684.html,https://static.zara.net/assets/public/6fd1/4db9/26f84fc48d66/255319f51e0e/02220684700-p/02220684700-p.jpg?ts=1769783460609,"₩59,900",,,260622,브라운,,,,
,false,,ZARA,상의,탑,여성,스트라이프 도트 니트 탑,https://www.zara.com/kr/ko/%E1%84%89%E1%85%B3%E1%84%90%E1%85%B3%E1%84%85%E1%85%A1%E1%84%8B%E1%85%B5%E1%84%91%E1%85%B3-%E1%84%83%E1%85%A9%E1%84%90%E1%85%B3-%E1%84%82%E1%85%B5%E1%84%90%E1%85%B3-%E1%84%90%E1%85%A1%E1%86%B8-p09874019.html,https://static.zara.net/assets/public/6c74/27d5/96b84bd1808e/bdc667c29425/09874019050-p/09874019050-p.jpg?ts=1776181931538,"₩39,900",,,260622,단색,,,,
,false,,ZARA,상의,탑,여성,지퍼 후드 탑,https://www.zara.com/kr/ko/%E1%84%92%E1%85%AE%E1%84%83%E1%85%B3-%E1%84%8C%E1%85%B5%E1%84%91%E1%85%A5-%E1%84%90%E1%85%A1%E1%86%B8-p06050074.html,https://static.zara.net/assets/public/63f4/8d2e/58fe46ddbb1a/ef80acf0f74b/06050074500-p/06050074500-p.jpg?ts=1776181923618,"₩49,900",,,260622,초록,,,,
,false,,ZARA,상의,탑,여성,튤 콤비 코르셋,https://www.zara.com/kr/ko/%E1%84%90%E1%85%B2%E1%86%AF-%E1%84%8F%E1%85%A9%E1%86%B7%E1%84%87%E1%85%B5-%E1%84%8F%E1%85%A9%E1%84%85%E1%85%B3%E1%84%89%E1%85%A6%E1%86%BA-p01067009.html,https://static.zara.net/assets/public/8aaf/ba17/632e424bbf06/a10decafcde8/01067009668-p/01067009668-p.jpg?ts=1775723692568,"₩55,900",,,260622,"로즈핑크,제비꽃",,,,
,false,,ZARA,상의,탑,여성,메탈릭 얀 홀터넥 탑,https://www.zara.com/kr/ko/%E1%84%86%E1%85%A6%E1%84%90%E1%85%A1%E1%86%AF%E1%84%85%E1%85%B5%E1%86%A8-%E1%84%8B%E1%85%A3%E1%86%AB-%E1%84%92%E1%85%A9%E1%86%AF%E1%84%90%E1%85%A5%E1%84%82%E1%85%A6%E1%86%A8-%E1%84%90%E1%85%A1%E1%86%B8-p04737002.html,https://static.zara.net/assets/public/aa9b/395c/97c2487487d9/5a866f59a019/04737002808-p/04737002808-p.jpg?ts=1775723678496,"₩49,900",,,260622,실버,,,,
,false,,ZARA,상의,셔츠/블라우스,여성,리본 스트라이프 탑,https://www.zara.com/kr/ko/%E1%84%85%E1%85%B5%E1%84%87%E1%85%A9%E1%86%AB-%E1%84%89%E1%85%B3%E1%84%90%E1%85%B3%E1%84%85%E1%85%A1%E1%84%8B%E1%85%B5%E1%84%91%E1%85%B3-%E1%84%90%E1%85%A1%E1%86%B8-p02157034.html,https://static.zara.net/assets/public/b29c/e74d/dd574de4908c/2afde1635d10/02157034086-p/02157034086-p.jpg?ts=1775062921429,"₩49,900",,,260622,"크림,브라운",,,,
,false,,ZARA,상의,셔츠/블라우스,여성,메탈릭 얀 스트라이프 탑,https://www.zara.com/kr/ko/%E1%84%86%E1%85%A6%E1%84%90%E1%85%A1%E1%86%AF%E1%84%85%E1%85%B5%E1%86%A8-%E1%84%8B%E1%85%A3%E1%86%AB-%E1%84%89%E1%85%B3%E1%84%90%E1%85%B3%E1%84%85%E1%85%A1%E1%84%8B%E1%85%B5%E1%84%91%E1%85%B3-%E1%84%90%E1%85%A1%E1%86%B8-p08741104.html,https://static.zara.net/assets/public/ff14/a4e5/b11a4451bd7b/765cdbb20901/08741104700-p/08741104700-p.jpg?ts=1775063018647,"₩49,900",,,260622,브라운,,,,
,false,,ZARA,기타,WAISTCOAT,여성,린넨 버튼 베스트,https://www.zara.com/kr/ko/%E1%84%85%E1%85%B5%E1%86%AB%E1%84%82%E1%85%A6%E1%86%AB-%E1%84%87%E1%85%A5%E1%84%90%E1%85%B3%E1%86%AB-%E1%84%87%E1%85%A6%E1%84%89%E1%85%B3%E1%84%90%E1%85%B3-p05427707.html,https://static.zara.net/assets/public/03fd/2902/2fb54c739508/4c603cefe325/05427708703-p/05427708703-p.jpg?ts=1774015569761,"₩49,900",,,260622,황토색,,,,
,false,,ZARA,기타,WAISTCOAT,여성,린넨 버튼 베스트,https://www.zara.com/kr/ko/%E1%84%85%E1%85%B5%E1%86%AB%E1%84%82%E1%85%A6%E1%86%AB-%E1%84%87%E1%85%A5%E1%84%90%E1%85%B3%E1%86%AB-%E1%84%87%E1%85%A6%E1%84%89%E1%85%B3%E1%84%90%E1%85%B3-p05427707.html,https://static.zara.net/assets/public/5e69/459d/71154b5799b5/8a86443ad896/05427707251-p/05427707251-p.jpg?ts=1774015569104,"₩49,900",,,260622,스크래치 화이트,,,,
,false,,ZARA,상의,셔츠/블라우스,여성,린넨 콘트라스트 트리밍 탑,https://www.zara.com/kr/ko/%E1%84%85%E1%85%B5%E1%86%AB%E1%84%82%E1%85%A6%E1%86%AB-%E1%84%8F%E1%85%A9%E1%86%AB%E1%84%90%E1%85%B3%E1%84%85%E1%85%A1%E1%84%89%E1%85%B3%E1%84%90%E1%85%B3-%E1%84%90%E1%85%B3%E1%84%85%E1%85%B5%E1%84%86%E1%85%B5%E1%86%BC-%E1%84%90%E1%85%A1%E1%86%B8-p08372271.html,https://static.zara.net/assets/public/0e3a/26c4/1bce4f4eb189/70a1ee3ddfe8/08372271401-p/08372271401-p.jpg?ts=1780488498399,"₩49,900",,,260622,네이비,,,,
,false,,ZARA,상의,셔츠/블라우스,여성,린넨 콘트라스트 트리밍 탑,https://www.zara.com/kr/ko/%E1%84%85%E1%85%B5%E1%86%AB%E1%84%82%E1%85%A6%E1%86%AB-%E1%84%8F%E1%85%A9%E1%86%AB%E1%84%90%E1%85%B3%E1%84%85%E1%85%A1%E1%84%89%E1%85%B3%E1%84%90%E1%85%B3-%E1%84%90%E1%85%B3%E1%84%85%E1%85%B5%E1%84%86%E1%85%B5%E1%86%BC-%E1%84%90%E1%85%A1%E1%86%B8-p08372271.html,https://static.zara.net/assets/public/1eb0/94b7/70c04c3a8994/6b1154799d37/08372273681-p/08372273681-p.jpg?ts=1780496676996,"₩49,900",,,260622,버건디,,,,
,false,,ZARA,상의,탑,여성,쇼트 슬리브 컷아웃 탑,https://www.zara.com/kr/ko/%E1%84%89%E1%85%AD%E1%84%90%E1%85%B3-%E1%84%89%E1%85%B3%E1%86%AF%E1%84%85%E1%85%B5%E1%84%87%E1%85%B3-%E1%84%8F%E1%85%A5%E1%86%BA%E1%84%8B%E1%85%A1%E1%84%8B%E1%85%AE%E1%86%BA-%E1%84%90%E1%85%A1%E1%86%B8-p05584262.html,https://static.zara.net/assets/public/ae65/7926/c82a4d57b0f6/1b1d8a2cdc18/05584262800-p/05584262800-p.jpg?ts=1780648730750,"₩45,900",,,260622,블랙,,,,
,false,,ZARA,상의,탑,여성,쇼트 슬리브 컷아웃 탑,https://www.zara.com/kr/ko/%E1%84%89%E1%85%AD%E1%84%90%E1%85%B3-%E1%84%89%E1%85%B3%E1%86%AF%E1%84%85%E1%85%B5%E1%84%87%E1%85%B3-%E1%84%8F%E1%85%A5%E1%86%BA%E1%84%8B%E1%85%A1%E1%84%8B%E1%85%AE%E1%86%BA-%E1%84%90%E1%85%A1%E1%86%B8-p05584262.html,https://static.zara.net/assets/public/6761/5539/56e948c3a434/9ec928ac0880/05584262505-p/05584262505-p.jpg?ts=1773751978564,"₩45,900",,,260622,카키,,,,
,false,,ZARA,상의,탑,여성,쇼트 슬리브 컷아웃 탑,https://www.zara.com/kr/ko/%E1%84%89%E1%85%AD%E1%84%90%E1%85%B3-%E1%84%89%E1%85%B3%E1%86%AF%E1%84%85%E1%85%B5%E1%84%87%E1%85%B3-%E1%84%8F%E1%85%A5%E1%86%BA%E1%84%8B%E1%85%A1%E1%84%8B%E1%85%AE%E1%86%BA-%E1%84%90%E1%85%A1%E1%86%B8-p05584262.html,https://static.zara.net/assets/public/2d0e/a9bb/cb4b44cc9fa8/cf2ba8fc9e0f/05584262712-p/05584262712-p.jpg?ts=1780648802790,"₩45,900",,,260622,크림,,,,
,false,,ZARA,상의,티셔츠,여성,글리터 언밸런스 탑,https://www.zara.com/kr/ko/%E1%84%80%E1%85%B3%E1%86%AF%E1%84%85%E1%85%B5%E1%84%90%E1%85%A5-%E1%84%8B%E1%85%A5%E1%86%AB%E1%84%87%E1%85%A2%E1%86%AF%E1%84%85%E1%85%A5%E1%86%AB%E1%84%89%E1%85%B3-%E1%84%90%E1%85%A1%E1%86%B8-p05063352.html,https://static.zara.net/assets/public/d525/ac06/2212440a8fbc/5773f3e5b97d/05063352922-p/05063352922-p.jpg?ts=1776954850622,"₩45,900",,,260622,다크 그레이,,,,
,false,,ZARA,상의,티셔츠,여성,글리터 언밸런스 탑,https://www.zara.com/kr/ko/%E1%84%80%E1%85%B3%E1%86%AF%E1%84%85%E1%85%B5%E1%84%90%E1%85%A5-%E1%84%8B%E1%85%A5%E1%86%AB%E1%84%87%E1%85%A2%E1%86%AF%E1%84%85%E1%85%A5%E1%86%AB%E1%84%89%E1%85%B3-%E1%84%90%E1%85%A1%E1%86%B8-p05063352.html,https://static.zara.net/assets/public/99d4/3760/df6e45d38b26/ef124e0678ea/05063352250-p/05063352250-p.jpg?ts=1777015708624,"₩45,900",,,260622,화이트,,,,
,false,,ZARA,상의,탑,여성,크로스 뒷면 니트 탑,https://www.zara.com/kr/ko/%E1%84%8F%E1%85%B3%E1%84%85%E1%85%A9%E1%84%89%E1%85%B3-%E1%84%82%E1%85%B5%E1%84%90%E1%85%B3-%E1%84%90%E1%85%A1%E1%86%B8-p05802007.html,https://static.zara.net/assets/public/a92f/7024/d1e245a9a491/ecc54b13d4e5/01608058064-p/01608058064-p.jpg?ts=1780653302847,"₩45,900",,,260622,오렌지,,,,
,false,,ZARA,상의,탑,여성,버튼 니트 탑,https://www.zara.com/kr/ko/%E1%84%87%E1%85%A5%E1%84%90%E1%85%B3%E1%86%AB-%E1%84%82%E1%85%B5%E1%84%90%E1%85%B3-%E1%84%90%E1%85%A1%E1%86%B8-p09598072.html,https://static.zara.net/assets/public/9a95/dae7/607e47f7b20c/61d5edfc30c4/07725841405-p/07725841405-p.jpg?ts=1780659857848,"₩45,900",,,260622,라이트 블루,,,,
,false,,ZARA,상의,탑,여성,러스틱 오프 숄더 탑,https://www.zara.com/kr/ko/%E1%84%85%E1%85%A5%E1%84%89%E1%85%B3%E1%84%90%E1%85%B5%E1%86%A8-%E1%84%8B%E1%85%A9%E1%84%91%E1%85%B3%E1%84%89%E1%85%AD%E1%86%AF%E1%84%83%E1%85%A5-%E1%84%90%E1%85%A1%E1%86%B8-p02298004.html,https://static.zara.net/assets/public/635e/cdb7/6b904991b11c/c222c57be6b9/02298004703-p/02298004703-p.jpg?ts=1772795578961,"₩35,900",,,260622,황토색,,,,
,false,,ZARA,상의,탑,여성,크레이프 드레이프 탑,https://www.zara.com/kr/ko/%E1%84%8F%E1%85%B3%E1%84%85%E1%85%A6%E1%84%8B%E1%85%B5%E1%84%91%E1%85%B3-%E1%84%83%E1%85%B3%E1%84%85%E1%85%A6%E1%84%8B%E1%85%B5%E1%84%91%E1%85%B3-%E1%84%90%E1%85%A1%E1%86%B8-p05580007.html,https://static.zara.net/assets/public/cb97/03bd/d71f44feb9b1/d19591ac0650/05580007800-p/05580007800-p.jpg?ts=1772726927973,"₩45,900",,,260622,블랙,,,,
,false,,ZARA,상의,니트,여성,버튼 니트 탑,https://www.zara.com/kr/ko/%E1%84%87%E1%85%A5%E1%84%90%E1%85%B3%E1%86%AB-%E1%84%82%E1%85%B5%E1%84%90%E1%85%B3-%E1%84%90%E1%85%A1%E1%86%B8-p05755056.html,https://static.zara.net/assets/public/0d94/cc57/d9974e369ef9/0ca692ad3595/05755056406-p/05755056406-p.jpg?ts=1777384286384,"₩45,900",,,260622,라이트 블루,,,,
,false,,ZARA,상의,니트,여성,버튼 니트 탑,https://www.zara.com/kr/ko/%E1%84%87%E1%85%A5%E1%84%90%E1%85%B3%E1%86%AB-%E1%84%82%E1%85%B5%E1%84%90%E1%85%B3-%E1%84%90%E1%85%A1%E1%86%B8-p05755056.html,https://static.zara.net/assets/public/998e/e09b/645d4bf88b4c/43f2e67e6189/05755056306-p/05755056306-p.jpg?ts=1777284479393,"₩45,900",,,260622,라이트 옐로우,,,,
,false,,ZARA,상의,니트,여성,버튼 니트 탑,https://www.zara.com/kr/ko/%E1%84%87%E1%85%A5%E1%84%90%E1%85%B3%E1%86%AB-%E1%84%82%E1%85%B5%E1%84%90%E1%85%B3-%E1%84%90%E1%85%A1%E1%86%B8-p05755056.html,https://static.zara.net/assets/public/a9e3/ce24/75b54d6a9d5a/3e708327a0e6/05755056406-p/05755056406-p.jpg?ts=1777284479613,"₩45,900",,,260622,라이트 블루,,,,
,false,,ZARA,상의,셔츠/블라우스,여성,라자다 포플린 탑,https://www.zara.com/kr/ko/%E1%84%85%E1%85%A1%E1%84%8C%E1%85%A1%E1%84%83%E1%85%A1-%E1%84%91%E1%85%A9%E1%84%91%E1%85%B3%E1%86%AF%E1%84%85%E1%85%B5%E1%86%AB-%E1%84%90%E1%85%A1%E1%86%B8-p04661035.html,https://static.zara.net/assets/public/61f6/5424/88c749df9855/d24a1a3bacd9/04661035406-p/04661035406-p.jpg?ts=1771259890885,"₩49,900",,,260622,라이트 블루,,,,
,false,,ZARA,상의,탑,여성,골지 니트 크롭 탑,https://www.zara.com/kr/ko/%E1%84%85%E1%85%B5%E1%84%87%E1%85%B3%E1%84%83%E1%85%B3-%E1%84%82%E1%85%B5%E1%84%90%E1%85%B3-%E1%84%8F%E1%85%B3%E1%84%85%E1%85%A9%E1%86%B8-%E1%84%90%E1%85%A1%E1%86%B8-p03920234.html,https://static.zara.net/assets/public/04ce/76d3/0cd444cca429/18bb6e2d0a91/03920234250-p/03920234250-p.jpg?ts=1771259888087,"₩45,900",,,260622,화이트,,,,
,false,,ZARA,상의,탑,여성,피케 페플럼 반소매 탑,https://www.zara.com/kr/ko/%E1%84%91%E1%85%B5%E1%84%8F%E1%85%A6-%E1%84%91%E1%85%A6%E1%84%91%E1%85%B3%E1%86%AF%E1%84%85%E1%85%A5%E1%86%B7-%E1%84%87%E1%85%A1%E1%86%AB%E1%84%89%E1%85%A9%E1%84%86%E1%85%A2-%E1%84%90%E1%85%A1%E1%86%B8-p05067286.html,https://static.zara.net/assets/public/c130/f828/ef7640c9bdbf/cd45bbe0097d/05067286712-p/05067286712-p.jpg?ts=1778245611241,"₩45,900",,,260622,크림,,,,
,false,,ZARA,상의,탑,여성,피케 페플럼 반소매 탑,https://www.zara.com/kr/ko/%E1%84%91%E1%85%B5%E1%84%8F%E1%85%A6-%E1%84%91%E1%85%A6%E1%84%91%E1%85%B3%E1%86%AF%E1%84%85%E1%85%A5%E1%86%B7-%E1%84%87%E1%85%A1%E1%86%AB%E1%84%89%E1%85%A9%E1%84%86%E1%85%A2-%E1%84%90%E1%85%A1%E1%86%B8-p05067286.html,https://static.zara.net/assets/public/b3f8/8944/33a04221917e/c328bc88a98f/05067286251-p/05067286251-p.jpg?ts=1778245713936,"₩45,900",,,260622,스크래치 화이트,,,,
,false,,ZARA,상의,탑,여성,크롭 텍스처 재킷,https://www.zara.com/kr/ko/%E1%84%8F%E1%85%B3%E1%84%85%E1%85%A9%E1%86%B8-%E1%84%90%E1%85%A6%E1%86%A8%E1%84%89%E1%85%B3%E1%84%8E%E1%85%A5-%E1%84%8C%E1%85%A2%E1%84%8F%E1%85%B5%E1%86%BA-p05039395.html,https://static.zara.net/assets/public/4123/2574/30c74fa1b2eb/0564fe46fa30/05039395716-p/05039395716-p.jpg?ts=1781085688621,"₩35,900",,,260622,다크 브라운,,,,
,false,,ZARA,상의,탑,여성,크롭 텍스처 재킷,https://www.zara.com/kr/ko/%E1%84%8F%E1%85%B3%E1%84%85%E1%85%A9%E1%86%B8-%E1%84%90%E1%85%A6%E1%86%A8%E1%84%89%E1%85%B3%E1%84%8E%E1%85%A5-%E1%84%8C%E1%85%A2%E1%84%8F%E1%85%B5%E1%86%BA-p05039395.html,https://static.zara.net/assets/public/73eb/fabf/f1254b47adf9/a66e6a578d77/05039395800-p/05039395800-p.jpg?ts=1781085688435,"₩35,900",,,260622,블랙,,,,
,false,,ZARA,상의,탑,여성,스트레치 홀터넥 탑,https://www.zara.com/kr/ko/%E1%84%83%E1%85%A9%E1%84%90%E1%85%B3-%E1%84%91%E1%85%A2%E1%84%90%E1%85%A5%E1%86%AB-%E1%84%89%E1%85%B3%E1%84%90%E1%85%B3%E1%84%85%E1%85%A6%E1%84%8E%E1%85%B5-%E1%84%92%E1%85%A9%E1%86%AF%E1%84%90%E1%85%A5%E1%84%82%E1%85%A6%E1%86%A8-%E1%84%90%E1%85%A1%E1%86%B8-p03644324.html,https://static.zara.net/assets/public/685c/22c8/3ce046f69d37/17081ba634ee/03644324800-p/03644324800-p.jpg?ts=1781085687465,"₩39,900",,,260622,블랙,,,,
,false,,ZARA,상의,탑,여성,도트 홀터넥 탑,https://www.zara.com/kr/ko/%E1%84%83%E1%85%A9%E1%84%90%E1%85%B3-%E1%84%91%E1%85%A2%E1%84%90%E1%85%A5%E1%86%AB-%E1%84%89%E1%85%B3%E1%84%90%E1%85%B3%E1%84%85%E1%85%A6%E1%84%8E%E1%85%B5-%E1%84%92%E1%85%A9%E1%86%AF%E1%84%90%E1%85%A5%E1%84%82%E1%85%A6%E1%86%A8-%E1%84%90%E1%85%A1%E1%86%B8-p03644324.html,https://static.zara.net/assets/public/39ff/51c3/ae014e3aa246/ef131788a303/03644324064-p/03644324064-p.jpg?ts=1781085688646,"₩39,900",,,260622,"화이트,블랙",,,,
,false,,ZARA,상의,탑,여성,러스틱 케이프 슬리브 탑,https://www.zara.com/kr/ko/%E1%84%85%E1%85%A5%E1%84%89%E1%85%B3%E1%84%90%E1%85%B5%E1%86%A8-%E1%84%8F%E1%85%A6%E1%84%8B%E1%85%B5%E1%84%91%E1%85%B3-%E1%84%89%E1%85%B3%E1%86%AF%E1%84%85%E1%85%B5%E1%84%87%E1%85%B3-%E1%84%90%E1%85%A1%E1%86%B8-p01058142.html,https://static.zara.net/assets/public/d39c/daac/418f4846931a/dd11c3fd5ccc/01058142600-p/01058142600-p.jpg?ts=1776085476011,"₩39,900",,,260622,레드,,,,
,false,,ZARA,상의,탑,여성,러스틱 케이프 슬리브 탑,https://www.zara.com/kr/ko/%E1%84%85%E1%85%A5%E1%84%89%E1%85%B3%E1%84%90%E1%85%B5%E1%86%A8-%E1%84%8F%E1%85%A6%E1%84%8B%E1%85%B5%E1%84%91%E1%85%B3-%E1%84%89%E1%85%B3%E1%86%AF%E1%84%85%E1%85%B5%E1%84%87%E1%85%B3-%E1%84%90%E1%85%A1%E1%86%B8-p01058142.html,https://static.zara.net/assets/public/eaaf/b1f0/2b5b405088c6/0ea29bb0449d/01058142070-p/01058142070-p.jpg?ts=1776085471338,"₩39,900",,,260622,"크림,블랙",,,,
,false,,ZARA,상의,탑,여성,러스틱 케이프 슬리브 탑,https://www.zara.com/kr/ko/%E1%84%85%E1%85%A5%E1%84%89%E1%85%B3%E1%84%90%E1%85%B5%E1%86%A8-%E1%84%8F%E1%85%A6%E1%84%8B%E1%85%B5%E1%84%91%E1%85%B3-%E1%84%89%E1%85%B3%E1%86%AF%E1%84%85%E1%85%B5%E1%84%87%E1%85%B3-%E1%84%90%E1%85%A1%E1%86%B8-p01058142.html,https://static.zara.net/assets/public/b631/3842/3ae4410f9617/4a0e9d546a49/01058142746-p/01058142746-p.jpg?ts=1776085476327,"₩39,900",,,260622,라이트 베이지,,,,
,false,,ZARA,상의,티셔츠,여성,드레이프 언밸런스 탑,https://www.zara.com/kr/ko/%E1%84%83%E1%85%B3%E1%84%85%E1%85%A6%E1%84%8B%E1%85%B5%E1%84%91%E1%85%B3-%E1%84%8B%E1%85%A5%E1%86%AB%E1%84%87%E1%85%A2%E1%86%AF%E1%84%85%E1%85%A5%E1%86%AB%E1%84%89%E1%85%B3-%E1%84%90%E1%85%A1%E1%86%B8-p05644313.html,https://static.zara.net/assets/public/4bbe/ce17/62b74780bc25/a33bbd720d7d/05644313081-p/05644313081-p.jpg?ts=1771597838616,"₩35,900",,,260622,"샌드,그레이",,,,
,false,,ZARA,상의,티셔츠,여성,드레이프 언밸런스 탑,https://www.zara.com/kr/ko/%E1%84%83%E1%85%B3%E1%84%85%E1%85%A6%E1%84%8B%E1%85%B5%E1%84%91%E1%85%B3-%E1%84%8B%E1%85%A5%E1%86%AB%E1%84%87%E1%85%A2%E1%86%AF%E1%84%85%E1%85%A5%E1%86%AB%E1%84%89%E1%85%B3-%E1%84%90%E1%85%A1%E1%86%B8-p05644313.html,https://static.zara.net/assets/public/48b1/5c26/9d8743d6b40b/369a71ed0a52/05644313515-p/05644313515-p.jpg?ts=1771597839447,"₩35,900",,,260622,올리브,,,,
,false,,ZARA,상의,탑,여성,코르셋 니트 탑,https://www.zara.com/kr/ko/%E1%84%8F%E1%85%A9%E1%84%85%E1%85%B3%E1%84%89%E1%85%A6%E1%86%BA-%E1%84%85%E1%85%B5%E1%86%B8-%E1%84%82%E1%85%B5%E1%84%90%E1%85%B3-%E1%84%90%E1%85%A1%E1%86%B8-p04331007.html,https://static.zara.net/assets/public/b0a7/ee35/705e409393b5/72746b053259/04331007300-p/04331007300-p.jpg?ts=1781180725026,"₩49,900",,,260622,노랑,,,,
,false,,ZARA,상의,탑,여성,리브드 니트 탑,https://www.zara.com/kr/ko/%E1%84%85%E1%85%B5%E1%84%87%E1%85%B3%E1%84%83%E1%85%B3-%E1%84%82%E1%85%B5%E1%84%90%E1%85%B3-%E1%84%90%E1%85%A1%E1%86%B8-p00244004.html,https://static.zara.net/assets/public/fdb1/f002/1e644387b415/3ca503349023/00244004500-p/00244004500-p.jpg?ts=1781180724625,"₩35,900",,,260622,초록,,,,
,false,,ZARA,상의,티셔츠,여성,콤비 스트랩 티셔츠,https://www.zara.com/kr/ko/%E1%84%8F%E1%85%A9%E1%86%B7%E1%84%87%E1%85%B5-%E1%84%89%E1%85%B3%E1%84%90%E1%85%B3%E1%84%85%E1%85%A2%E1%86%B8-%E1%84%90%E1%85%B5%E1%84%89%E1%85%A7%E1%84%8E%E1%85%B3-p05039039.html,https://static.zara.net/assets/public/9ca3/8d3e/3dc14ed9a977/d35a5909fcd5/05039039250-p/05039039250-p.jpg?ts=1778767739411,"₩35,900",,,260622,화이트,,,,
,false,,ZARA,상의,티셔츠,여성,탱크 탑,https://www.zara.com/kr/ko/%E1%84%89%E1%85%B3%E1%86%AF%E1%84%85%E1%85%B5%E1%86%B7%E1%84%91%E1%85%B5%E1%86%BA-%E1%84%87%E1%85%B3%E1%84%8B%E1%85%B5%E1%84%82%E1%85%A6%E1%86%A8-%E1%84%90%E1%85%A2%E1%86%BC%E1%84%8F%E1%85%B3-%E1%84%90%E1%85%A1%E1%86%B8-p05039038.html,https://static.zara.net/assets/public/6887/762b/f0f548309293/0d1188e95cfd/05039038250-p/05039038250-p.jpg?ts=1778767738630,"₩35,900",,,260622,화이트,,,,
,false,,ZARA,상의,탑,여성,리브 니트 브이넥 탑,https://www.zara.com/kr/ko/%E1%84%85%E1%85%B5%E1%84%87%E1%85%B3%E1%84%83%E1%85%B3-%E1%84%87%E1%85%B3%E1%84%8B%E1%85%B5%E1%84%82%E1%85%A6%E1%86%A8-%E1%84%82%E1%85%B5%E1%84%90%E1%85%B3-%E1%84%90%E1%85%A1%E1%86%B8-p06427008.html,https://static.zara.net/assets/public/46ea/a7bb/c1e74972bd65/3d1554256b1e/06427008620-p/06427008620-p.jpg?ts=1773825909664,"₩35,900",,,260622,로즈핑크,,,,
,false,,ZARA,상의,탑,여성,리브드 브이넥 니트 탑,https://www.zara.com/kr/ko/%E1%84%85%E1%85%B5%E1%84%87%E1%85%B3%E1%84%83%E1%85%B3-%E1%84%87%E1%85%B3%E1%84%8B%E1%85%B5%E1%84%82%E1%85%A6%E1%86%A8-%E1%84%82%E1%85%B5%E1%84%90%E1%85%B3-%E1%84%90%E1%85%A1%E1%86%B8-p06427008.html,https://static.zara.net/assets/public/2004/bc17/15b643d48bda/499802d32788/06427008250-p/06427008250-p.jpg?ts=1773833201103,"₩35,900",,,260622,화이트,,,,
,false,,ZARA,상의,티셔츠,여성,헤비 코튼 언밸런스 탑,https://www.zara.com/kr/ko/%E1%84%92%E1%85%A6%E1%84%87%E1%85%B5-%E1%84%8F%E1%85%A9%E1%84%90%E1%85%B3%E1%86%AB-%E1%84%8B%E1%85%A5%E1%86%AB%E1%84%87%E1%85%A2%E1%86%AF%E1%84%85%E1%85%A5%E1%86%AB%E1%84%89%E1%85%B3-%E1%84%90%E1%85%A1%E1%86%B8-p02335187.html,https://static.zara.net/assets/public/ab06/1a0b/27b44f5ba4dd/7fb02956d668/02335187250-p/02335187250-p.jpg?ts=1777378091270,"₩39,900",,,260622,화이트,,,,
,false,,ZARA,상의,티셔츠,여성,헤비 코튼 볼륨 케이프 탑,https://www.zara.com/kr/ko/%E1%84%92%E1%85%A6%E1%84%87%E1%85%B5-%E1%84%8F%E1%85%A9%E1%84%90%E1%85%B3%E1%86%AB-%E1%84%87%E1%85%A9%E1%86%AF%E1%84%85%E1%85%B2%E1%86%B7-%E1%84%8F%E1%85%A6%E1%84%8B%E1%85%B5%E1%84%91%E1%85%B3-%E1%84%90%E1%85%A1%E1%86%B8-p02335189.html,https://static.zara.net/assets/public/a5d1/952d/db174b1b9465/03ff7bbe7eea/02335189250-p/02335189250-p.jpg?ts=1777378094439,"₩39,900",,,260622,화이트,,,,
,false,,ZARA,상의,탑,여성,파인 니트 탑,https://www.zara.com/kr/ko/%E1%84%91%E1%85%A1%E1%84%8B%E1%85%B5%E1%86%AB-%E1%84%82%E1%85%B5%E1%84%90%E1%85%B3-%E1%84%90%E1%85%A1%E1%86%B8-p03519016.html,https://static.zara.net/assets/public/d172/aefe/69614d6bae79/9337787d4b88/08073082087-p/08073082087-p.jpg?ts=1780502052817,"₩35,900",,,260622,노랑,,,,
,false,,ZARA,상의,니트,여성,크롭 스트라이프 니트 탑,https://www.zara.com/kr/ko/%E1%84%89%E1%85%B3%E1%84%90%E1%85%B3%E1%84%85%E1%85%A1%E1%84%8B%E1%85%B5%E1%84%91%E1%85%B3-%E1%84%82%E1%85%B5%E1%84%90%E1%85%B3-%E1%84%8F%E1%85%B3%E1%84%85%E1%85%A9%E1%86%B8-%E1%84%90%E1%85%A1%E1%86%B8-p06236037.html,https://static.zara.net/assets/public/0307/038f/cc824c3693e8/10e6f3541753/08372230711-p/08372230711-p.jpg?ts=1780500982945,"₩39,900",,,260622,프린트,,,,
,false,,ZARA,상의,탑,여성,스트레치 홀터넥 탑,https://www.zara.com/kr/ko/%E1%84%83%E1%85%A9%E1%84%90%E1%85%B3-%E1%84%91%E1%85%A2%E1%84%90%E1%85%A5%E1%86%AB-%E1%84%89%E1%85%B3%E1%84%90%E1%85%B3%E1%84%85%E1%85%A6%E1%84%8E%E1%85%B5-%E1%84%92%E1%85%A9%E1%86%AF%E1%84%90%E1%85%A5%E1%84%82%E1%85%A6%E1%86%A8-%E1%84%90%E1%85%A1%E1%86%B8-p03644324.html,https://static.zara.net/assets/public/5914/390d/d1cf414789b9/8d091bbf3fb6/03644324800-p/03644324800-p.jpg?ts=1773921427116,"₩39,900",,,260622,블랙,,,,
,false,,ZARA,상의,탑,여성,도트 홀터넥 탑,https://www.zara.com/kr/ko/%E1%84%83%E1%85%A9%E1%84%90%E1%85%B3-%E1%84%91%E1%85%A2%E1%84%90%E1%85%A5%E1%86%AB-%E1%84%89%E1%85%B3%E1%84%90%E1%85%B3%E1%84%85%E1%85%A6%E1%84%8E%E1%85%B5-%E1%84%92%E1%85%A9%E1%86%AF%E1%84%90%E1%85%A5%E1%84%82%E1%85%A6%E1%86%A8-%E1%84%90%E1%85%A1%E1%86%B8-p03644324.html,https://static.zara.net/assets/public/fb91/0077/7d744d328da5/f1ae2f8f4c7a/03644324064-p/03644324064-p.jpg?ts=1773920700699,"₩39,900",,,260622,"화이트,블랙",,,,
,false,,ZARA,상의,탑,여성,러스틱 쇼트 슬리브 탑,https://www.zara.com/kr/ko/%E1%84%85%E1%85%A5%E1%84%89%E1%85%B3%E1%84%90%E1%85%B5%E1%86%A8-%E1%84%89%E1%85%AD%E1%84%90%E1%85%B3-%E1%84%89%E1%85%B3%E1%86%AF%E1%84%85%E1%85%B5%E1%84%87%E1%85%B3-%E1%84%90%E1%85%A1%E1%86%B8-p05067951.html,https://static.zara.net/assets/public/de83/cc51/96e34d9a9139/2c0777defbac/01058151712-p/01058151712-p.jpg?ts=1771415482931,"₩39,900",,,260622,크림,,,,
,false,,ZARA,상의,탑,여성,러스틱 쇼트 슬리브 탑,https://www.zara.com/kr/ko/%E1%84%85%E1%85%A5%E1%84%89%E1%85%B3%E1%84%90%E1%85%B5%E1%86%A8-%E1%84%89%E1%85%AD%E1%84%90%E1%85%B3-%E1%84%89%E1%85%B3%E1%86%AF%E1%84%85%E1%85%B5%E1%84%87%E1%85%B3-%E1%84%90%E1%85%A1%E1%86%B8-p05067951.html,https://static.zara.net/assets/public/0348/7380/bc0a4c40abd8/4eed50435344/01058151716-p/01058151716-p.jpg?ts=1771415483851,"₩39,900",,,260622,다크 브라운,,,,
,false,,ZARA,상의,탑,여성,심리스 홀터넥 탑,https://www.zara.com/kr/ko/%E1%84%89%E1%85%B5%E1%86%B7%E1%84%85%E1%85%B5%E1%84%89%E1%85%B3-%E1%84%92%E1%85%A9%E1%86%AF%E1%84%90%E1%85%A5%E1%84%82%E1%85%A6%E1%86%A8-%E1%84%90%E1%85%A1%E1%86%B8-p05063315.html,https://static.zara.net/assets/public/9268/af06/7ccf468ab2f0/78a1c223b0c7/05063315712-p/05063315712-p.jpg?ts=1777980063412,"₩29,900",,,260622,크림,,,,
,false,,ZARA,상의,티셔츠,여성,린넨 버튼 탑,https://www.zara.com/kr/ko/%E1%84%85%E1%85%B5%E1%86%AB%E1%84%82%E1%85%A6%E1%86%AB-%E1%84%87%E1%85%A5%E1%84%90%E1%85%B3%E1%86%AB-%E1%84%90%E1%85%A1%E1%86%B8-p04174341.html,https://static.zara.net/assets/public/7b3c/69df/861641b6b4d7/ca30dbabb5c7/04174341250-015-p/04174341250-015-p.jpg?ts=1778512783796,"₩29,900",,,260622,화이트,,,,
,false,,ZARA,상의,탑,여성,파인 니트 탑,https://www.zara.com/kr/ko/%E1%84%91%E1%85%A1%E1%84%8B%E1%85%B5%E1%86%AB-%E1%84%82%E1%85%B5%E1%84%90%E1%85%B3-%E1%84%90%E1%85%A1%E1%86%B8-p03519016.html,https://static.zara.net/assets/public/cc16/6413/201e4dd697b2/fed820f7ab76/03519016300-p/03519016300-p.jpg?ts=1778168196316,"₩35,900",,,260622,노랑,,,,
,false,,ZARA,기타,WAISTCOAT,여성,브이넥 니트 베스트 탑,https://www.zara.com/kr/ko/%E1%84%87%E1%85%B3%E1%84%8B%E1%85%B5%E1%84%82%E1%85%A6%E1%86%A8-%E1%84%82%E1%85%B5%E1%84%90%E1%85%B3-%E1%84%87%E1%85%A6%E1%84%89%E1%85%B3%E1%84%90%E1%85%B3-%E1%84%90%E1%85%A1%E1%86%B8-p05755054.html,https://static.zara.net/assets/public/6eca/3b55/d13c4b43a9fb/d7a16fa9315e/05755054712-p/05755054712-p.jpg?ts=1778168223915,"₩55,900",,,260622,크림,,,,
,false,,ZARA,상의,탑,여성,스트라이프 니트 탑,https://www.zara.com/kr/ko/%E1%84%89%E1%85%B3%E1%84%90%E1%85%B3%E1%84%85%E1%85%A1%E1%84%8B%E1%85%B5%E1%84%91%E1%85%B3-%E1%84%82%E1%85%B5%E1%84%90%E1%85%B3-%E1%84%90%E1%85%A1%E1%86%B8-p03471025.html,https://static.zara.net/assets/public/4dad/03f6/384b4e3196d3/245170f3d141/03471025427-p/03471025427-p.jpg?ts=1775645463144,"₩35,900",,,260622,미디움 블루,,,,
,false,,ZARA,상의,티셔츠,여성,드레이프 슬리브리스 티셔츠,https://www.zara.com/kr/ko/%E1%84%83%E1%85%B3%E1%84%85%E1%85%A6%E1%84%8B%E1%85%B5%E1%84%91%E1%85%B3-%E1%84%89%E1%85%B3%E1%86%AF%E1%84%85%E1%85%B5%E1%84%87%E1%85%B3%E1%84%85%E1%85%B5%E1%84%89%E1%85%B3-%E1%84%90%E1%85%B5%E1%84%89%E1%85%A7%E1%84%8E%E1%85%B3-p05644045.html,https://static.zara.net/assets/public/558e/9048/53d648509ba3/562c319dac02/05644045446-p/05644045446-p.jpg?ts=1775645472542,"₩29,900",,,260622,일렉트릭 블루,,,,
,false,,ZARA,상의,탑,여성,도트 홀터넥 탑,https://www.zara.com/kr/ko/%E1%84%83%E1%85%A9%E1%84%90%E1%85%B3-%E1%84%92%E1%85%A9%E1%86%AF%E1%84%90%E1%85%A5%E1%84%82%E1%85%A6%E1%86%A8-%E1%84%90%E1%85%A1%E1%86%B8-p05644037.html,https://static.zara.net/assets/public/f224/2783/ec204adabfe2/6f328edffa72/05644037700-p/05644037700-p.jpg?ts=1773920710678,"₩35,900",,,260622,브라운,,,,
,false,,ZARA,상의,티셔츠,여성,수피마® 도트 롱 슬리브 티셔츠,https://www.zara.com/kr/ko/%E1%84%89%E1%85%AE%E1%84%91%E1%85%B5%E1%84%86%E1%85%A1--%E1%84%83%E1%85%A9%E1%84%90%E1%85%B3-%E1%84%85%E1%85%A9%E1%86%BC-%E1%84%89%E1%85%B3%E1%86%AF%E1%84%85%E1%85%B5%E1%84%87%E1%85%B3-%E1%84%90%E1%85%B5%E1%84%89%E1%85%A7%E1%84%8E%E1%85%B3-p00264034.html,https://static.zara.net/assets/public/7409/174a/860440beab71/6bc7f0cf8b92/00264034620-p/00264034620-p.jpg?ts=1773920692601,"₩39,900",,,260622,로즈핑크,,,,
,false,,ZARA,기타,BODYSUIT,여성,튤 콤비 바디수트,https://www.zara.com/kr/ko/%E1%84%90%E1%85%B2%E1%86%AF-%E1%84%8F%E1%85%A9%E1%86%B7%E1%84%87%E1%85%B5-%E1%84%87%E1%85%A1%E1%84%83%E1%85%B5%E1%84%89%E1%85%AE%E1%84%90%E1%85%B3-p05039371.html,https://static.zara.net/assets/public/260c/26d4/e84041b39f17/18d88746d93d/05039371684-p/05039371684-p.jpg?ts=1773861617579,"₩35,900",,,260622,다크 버건디,,,,
,false,,ZARA,기타,BODYSUIT,여성,튤 콤비 바디수트,https://www.zara.com/kr/ko/%E1%84%90%E1%85%B2%E1%86%AF-%E1%84%8F%E1%85%A9%E1%86%B7%E1%84%87%E1%85%B5-%E1%84%87%E1%85%A1%E1%84%83%E1%85%B5%E1%84%89%E1%85%AE%E1%84%90%E1%85%B3-p05039371.html,https://static.zara.net/assets/public/2ac4/587d/05c7419f8fe2/1d82caf591ab/05039371800-p/05039371800-p.jpg?ts=1770741688474,"₩35,900",,,260622,블랙,,,,
,false,,ZARA,상의,탑,여성,리브드 니트 탑,https://www.zara.com/kr/ko/%E1%84%85%E1%85%B5%E1%84%87%E1%85%B3%E1%84%83%E1%85%B3-%E1%84%82%E1%85%B5%E1%84%90%E1%85%B3-%E1%84%90%E1%85%A1%E1%86%B8-p00244004.html,https://static.zara.net/assets/public/c282/5885/0aaa4a2eb94e/f79e78081c1f/00244004500-a2/00244004500-a2.jpg?ts=1775636449117,"₩35,900",,,260622,초록,,,,
,false,,ZARA,상의,탑,여성,리브드 니트 탑,https://www.zara.com/kr/ko/%E1%84%85%E1%85%B5%E1%84%87%E1%85%B3%E1%84%83%E1%85%B3-%E1%84%82%E1%85%B5%E1%84%90%E1%85%B3-%E1%84%90%E1%85%A1%E1%86%B8-p00244004.html,https://static.zara.net/assets/public/112b/6565/142646c7b19a/56513166bc3f/00244004250-a4/00244004250-a4.jpg?ts=1776242636419,"₩35,900",,,260622,화이트,,,,
,false,,ZARA,상의,탑,여성,텍스트 트리밍 스트라이프 탑,https://www.zara.com/kr/ko/%E1%84%90%E1%85%A6%E1%86%A8%E1%84%89%E1%85%B3%E1%84%90%E1%85%B3-%E1%84%90%E1%85%B3%E1%84%85%E1%85%B5%E1%84%86%E1%85%B5%E1%86%BC-%E1%84%89%E1%85%B3%E1%84%90%E1%85%B3%E1%84%85%E1%85%A1%E1%84%8B%E1%85%B5%E1%84%91%E1%85%B3-%E1%84%90%E1%85%A1%E1%86%B8-p00264128.html,https://static.zara.net/assets/public/2668/e50d/2a7d41a191ee/f51955ec05ba/00264128067-p/00264128067-p.jpg?ts=1778686136233,"₩29,900",,,260622,"크림,레드",,,,
,false,,ZARA,상의,탑,여성,텍스트 콘트라스트 스트라이프 탑,https://www.zara.com/kr/ko/%E1%84%90%E1%85%A6%E1%86%A8%E1%84%89%E1%85%B3%E1%84%90%E1%85%B3-%E1%84%90%E1%85%B3%E1%84%85%E1%85%B5%E1%84%86%E1%85%B5%E1%86%BC-%E1%84%89%E1%85%B3%E1%84%90%E1%85%B3%E1%84%85%E1%85%A1%E1%84%8B%E1%85%B5%E1%84%91%E1%85%B3-%E1%84%90%E1%85%A1%E1%86%B8-p00264132.html,https://static.zara.net/assets/public/526c/59ff/2b354944a5d3/deeada780056/00264132044-p/00264132044-p.jpg?ts=1778686136904,"₩29,900",,,260622,"블루 ,화이트",,,,
,false,,ZARA,상의,셔츠/블라우스,여성,오픈백 콤비 탑,https://www.zara.com/kr/ko/%E1%84%85%E1%85%A9%E1%84%8B%E1%85%AE%E1%84%87%E1%85%A2%E1%86%A8-%E1%84%8F%E1%85%A9%E1%86%B7%E1%84%87%E1%85%B5-%E1%84%90%E1%85%A1%E1%86%B8-p07200051.html,https://static.zara.net/assets/public/8596/3c52/442f497badcf/415f44b668aa/07200051044-p/07200051044-p.jpg?ts=1778847924315,"₩55,900",,,260622,"블루 ,화이트",,,,
,false,,ZARA,상의,셔츠/블라우스,여성,엔트레도스 자수 체크 탑,https://www.zara.com/kr/ko/%E1%84%91%E1%85%A5%E1%86%AB%E1%84%8E%E1%85%B5%E1%86%BC-%E1%84%8C%E1%85%A1%E1%84%89%E1%85%AE-%E1%84%8E%E1%85%A6%E1%84%8F%E1%85%B3-%E1%84%90%E1%85%A1%E1%86%B8-p03969051.html,https://static.zara.net/assets/public/c989/37c9/f1d84180a6c9/d03b259e1a71/03969051044-p/03969051044-p.jpg?ts=1778847902341,"₩59,900",,,260622,"블루 ,화이트",,,,
,false,,ZARA,상의,셔츠/블라우스,여성,스트라이프 엘라스틱 탑,https://www.zara.com/kr/ko/%E1%84%8B%E1%85%A6%E1%86%AF%E1%84%85%E1%85%A1%E1%84%89%E1%85%B3%E1%84%90%E1%85%B5%E1%86%A8-%E1%84%89%E1%85%B3%E1%84%90%E1%85%B3%E1%84%85%E1%85%A1%E1%84%8B%E1%85%B5%E1%84%91%E1%85%B3-%E1%84%90%E1%85%A1%E1%86%B8-p07732792.html,https://static.zara.net/assets/public/c3a1/1094/964047e1b422/70eb6e604286/07732792044-p/07732792044-p.jpg?ts=1778847927868,"₩49,900",,,260622,"블루 ,화이트",,,,
,false,,ZARA,상의,탑,여성,텍스처 하이넥 탑,https://www.zara.com/kr/ko/%E1%84%90%E1%85%A6%E1%86%A8%E1%84%89%E1%85%B3%E1%84%8E%E1%85%A5-%E1%84%92%E1%85%A1%E1%84%8B%E1%85%B5%E1%84%82%E1%85%A6%E1%86%A8-%E1%84%90%E1%85%A1%E1%86%B8-p05039390.html,https://static.zara.net/assets/public/fdc1/a485/a2614469969d/a59decaaa54e/05039390712-p/05039390712-p.jpg?ts=1774017539396,"₩29,900",,,260622,크림,,,,
,false,,ZARA,상의,탑,여성,텍스처 하이넥 탑,https://www.zara.com/kr/ko/%E1%84%90%E1%85%A6%E1%86%A8%E1%84%89%E1%85%B3%E1%84%8E%E1%85%A5-%E1%84%92%E1%85%A1%E1%84%8B%E1%85%B5%E1%84%82%E1%85%A6%E1%86%A8-%E1%84%90%E1%85%A1%E1%86%B8-p05039390.html,https://static.zara.net/assets/public/3d2b/371c/323444209c30/8cd0eaafc872/05039390800-p/05039390800-p.jpg?ts=1774017543016,"₩29,900",,,260622,블랙,,,,
,false,,ZARA,상의,티셔츠,여성,콤비 탱크 탑,https://www.zara.com/kr/ko/%E1%84%8F%E1%85%A9%E1%86%B7%E1%84%87%E1%85%B5-%E1%84%90%E1%85%A2%E1%86%BC%E1%84%8F%E1%85%B3-%E1%84%90%E1%85%A1%E1%86%B8-p03253380.html,https://static.zara.net/assets/public/2194/26c4/461f4151845c/0f4ba5401d95/03253380620-000-p/03253380620-000-p.jpg?ts=1773834198303,"₩21,900",,,260622,로즈핑크,,,,
,false,,ZARA,상의,티셔츠,여성,페이크 이중 탑,https://www.zara.com/kr/ko/%E1%84%91%E1%85%A6%E1%84%8B%E1%85%B5%E1%84%8F%E1%85%B3-%E1%84%83%E1%85%A5%E1%84%87%E1%85%B3%E1%86%AF-%E1%84%90%E1%85%A1%E1%86%B8-p04174348.html,https://static.zara.net/assets/public/8b48/2925/bd3c4db68492/aadd56c98580/04174348600-p/04174348600-p.jpg?ts=1773762705758,"₩29,900",,,260622,레드,,,,
,false,,ZARA,상의,티셔츠,여성,플루이드 탱크 탑,https://www.zara.com/kr/ko/%E1%84%91%E1%85%B3%E1%86%AF%E1%84%85%E1%85%AE%E1%84%8B%E1%85%B5%E1%84%83%E1%85%B3-%E1%84%90%E1%85%A2%E1%86%BC%E1%84%8F%E1%85%B3-%E1%84%90%E1%85%A1%E1%86%B8-p03431161.html,https://static.zara.net/assets/public/b4b0/e35c/9801406f930d/175a86f3a839/03431161737-p/03431161737-p.jpg?ts=1780647238417,"₩29,900",,,260622,"브라운,토프",,,,
,false,,ZARA,상의,티셔츠,여성,플루이드 탱크 탑,https://www.zara.com/kr/ko/%E1%84%91%E1%85%B3%E1%86%AF%E1%84%85%E1%85%AE%E1%84%8B%E1%85%B5%E1%84%83%E1%85%B3-%E1%84%90%E1%85%A2%E1%86%BC%E1%84%8F%E1%85%B3-%E1%84%90%E1%85%A1%E1%86%B8-p03431161.html,https://static.zara.net/assets/public/cca3/aef7/1e0045f3a55d/e97fa207dea5/03431161300-p/03431161300-p.jpg?ts=1780647238942,"₩29,900",,,260622,노랑,,,,
,false,,ZARA,상의,티셔츠,여성,러스틱 리브드 탑,https://www.zara.com/kr/ko/%E1%84%85%E1%85%A5%E1%84%89%E1%85%B3%E1%84%90%E1%85%B5%E1%86%A8-%E1%84%85%E1%85%B5%E1%84%87%E1%85%B3%E1%84%83%E1%85%B3-%E1%84%90%E1%85%A1%E1%86%B8-p04174148.html,https://static.zara.net/assets/public/d5be/3738/2e0049d8bab9/76837fd63135/04174148712-p/04174148712-p.jpg?ts=1775638379280,"₩21,900",,,260622,크림,,,,
,false,,ZARA,상의,티셔츠,여성,러스틱 리브드 탑,https://www.zara.com/kr/ko/%E1%84%85%E1%85%A5%E1%84%89%E1%85%B3%E1%84%90%E1%85%B5%E1%86%A8-%E1%84%85%E1%85%B5%E1%84%87%E1%85%B3%E1%84%83%E1%85%B3-%E1%84%90%E1%85%A1%E1%86%B8-p04174148.html,https://static.zara.net/assets/public/da25/e453/ffb345eeb8b9/34517fd92f84/04174149822-000-p/04174149822-000-p.jpg?ts=1775804854096,"₩21,900",,,260622,먹색,,,,
,false,,ZARA,상의,탑,여성,크로스 뒷면 니트 탑,https://www.zara.com/kr/ko/%E1%84%8F%E1%85%B3%E1%84%85%E1%85%A9%E1%84%89%E1%85%B3-%E1%84%82%E1%85%B5%E1%84%90%E1%85%B3-%E1%84%90%E1%85%A1%E1%86%B8-p05802007.html,https://static.zara.net/assets/public/a376/8b97/ac7e4228a0f8/fae54dd31bb3/05802007615-p/05802007615-p.jpg?ts=1774014499988,"₩45,900",,,260622,오렌지,,,,
,false,,ZARA,상의,티셔츠,여성,레이스 스트랩 탑,https://www.zara.com/kr/ko/%E1%84%85%E1%85%A6%E1%84%8B%E1%85%B5%E1%84%89%E1%85%B3-%E1%84%89%E1%85%B3%E1%84%90%E1%85%B3%E1%84%85%E1%85%A2%E1%86%B8-%E1%84%90%E1%85%A1%E1%86%B8-p05584394.html,https://static.zara.net/assets/public/d26c/58c6/446e47309016/f471db631ae9/05584394621-p/05584394621-p.jpg?ts=1774014494375,"₩21,900",,,260622,파스텔 로즈,,,,
,false,,ZARA,상의,티셔츠,여성,코튼 탱크 탑,https://www.zara.com/kr/ko/%E1%84%8F%E1%85%A9%E1%84%90%E1%85%B3%E1%86%AB-%E1%84%90%E1%85%A2%E1%86%BC%E1%84%8F%E1%85%B3-%E1%84%90%E1%85%A1%E1%86%B8-p01044151.html,https://static.zara.net/assets/public/c0fa/00cc/34fb45ebb4ea/ac6387db06a0/01044151800-p/01044151800-p.jpg?ts=1774609724196,"₩21,900",,,260622,블랙,,,,
,false,,ZARA,상의,티셔츠,여성,코튼 탱크 탑,https://www.zara.com/kr/ko/%E1%84%8F%E1%85%A9%E1%84%90%E1%85%B3%E1%86%AB-%E1%84%90%E1%85%A2%E1%86%BC%E1%84%8F%E1%85%B3-%E1%84%90%E1%85%A1%E1%86%B8-p01044151.html,https://static.zara.net/assets/public/6fae/613a/b7964f2694c2/6b131c5460e8/01044151321-p/01044151321-p.jpg?ts=1774880604873,"₩21,900",,,260622,파스텔 옐로우,,,,
,false,,ZARA,상의,티셔츠,여성,코튼 탱크 탑,https://www.zara.com/kr/ko/%E1%84%8F%E1%85%A9%E1%84%90%E1%85%B3%E1%86%AB-%E1%84%90%E1%85%A2%E1%86%BC%E1%84%8F%E1%85%B3-%E1%84%90%E1%85%A1%E1%86%B8-p01044151.html,https://static.zara.net/assets/public/2f8c/f0e1/89b6406b84e8/e8aee687c28b/01044151250-p/01044151250-p.jpg?ts=1774631920522,"₩21,900",,,260622,화이트,,,,
,false,,ZARA,상의,티셔츠,여성,트임 크롭 탑,https://www.zara.com/kr/ko/%E1%84%90%E1%85%B3%E1%84%8B%E1%85%B5%E1%86%B7-%E1%84%8F%E1%85%B3%E1%84%85%E1%85%A9%E1%86%B8-%E1%84%90%E1%85%A1%E1%86%B8-p03253367.html,https://static.zara.net/assets/public/07f3/ab92/22404575b016/2a138e1b0449/03253367803-p/03253367803-p.jpg?ts=1776847523133,"₩19,900",,,260622,그레이,,,,
,false,,ZARA,상의,티셔츠,여성,슬릿 크롭 탑,https://www.zara.com/kr/ko/%E1%84%90%E1%85%B3%E1%84%8B%E1%85%B5%E1%86%B7-%E1%84%8F%E1%85%B3%E1%84%85%E1%85%A9%E1%86%B8-%E1%84%90%E1%85%A1%E1%86%B8-p03253367.html,https://static.zara.net/assets/public/a9d2/2c29/6c8f4eb08311/2a0a611601a4/03253367250-p/03253367250-p.jpg?ts=1776847518624,"₩19,900",,,260622,화이트,,,,
,false,,ZARA,상의,티셔츠,여성,워싱 페이크 러스틱 탑,https://www.zara.com/kr/ko/%E1%84%8B%E1%85%AF%E1%84%89%E1%85%B5%E1%86%BC-%E1%84%8B%E1%85%B5%E1%84%91%E1%85%A6%E1%86%A8%E1%84%90%E1%85%B3-%E1%84%85%E1%85%A5%E1%84%89%E1%85%B3%E1%84%90%E1%85%B5%E1%86%A8-%E1%84%90%E1%85%A1%E1%86%B8-p06145055.html,https://static.zara.net/assets/public/7825/b788/34cc45d1a7b7/de04e0138a9f/06145055807-p/06145055807-p.jpg?ts=1775819504192,"₩21,900",,,260622,콜 그레이,,,,
,false,,ZARA,상의,티셔츠,여성,워싱 이펙트 러스틱 탑,https://www.zara.com/kr/ko/%E1%84%8B%E1%85%AF%E1%84%89%E1%85%B5%E1%86%BC-%E1%84%8B%E1%85%B5%E1%84%91%E1%85%A6%E1%86%A8%E1%84%90%E1%85%B3-%E1%84%85%E1%85%A5%E1%84%89%E1%85%B3%E1%84%90%E1%85%B5%E1%86%A8-%E1%84%90%E1%85%A1%E1%86%B8-p06145055.html,https://static.zara.net/assets/public/61ec/09d8/858344d389b8/ec461afcc28b/06145055731-p/06145055731-p.jpg?ts=1775819505219,"₩21,900",,,260622,다크 베이지,,,,
,false,,ZARA,상의,탑,여성,플라워 언밸런스 탑,https://www.zara.com/kr/ko/%E1%84%91%E1%85%B3%E1%86%AF%E1%84%85%E1%85%A1%E1%84%8B%E1%85%AF-%E1%84%8B%E1%85%A5%E1%86%AB%E1%84%87%E1%85%A2%E1%86%AF%E1%84%85%E1%85%A5%E1%86%AB%E1%84%89%E1%85%B3-%E1%84%90%E1%85%A1%E1%86%B8-p06050335.html,https://static.zara.net/assets/public/9987/5590/3e694a7f8cc6/3dfc6e48b9e8/06050335800-p/06050335800-p.jpg?ts=1777558200227,"₩49,900",,,260622,블랙,,,,
,false,,ZARA,상의,탑,여성,옆면 셔링 탑,https://www.zara.com/kr/ko/%E1%84%89%E1%85%A1%E1%84%8B%E1%85%B5%E1%84%83%E1%85%B3-%E1%84%89%E1%85%A7%E1%84%85%E1%85%B5%E1%86%BC-%E1%84%90%E1%85%A1%E1%86%B8-p04174361.html,https://static.zara.net/assets/public/f398/888e/66fb4a06ad50/0064665f4fad/04174361818-p/04174361818-p.jpg?ts=1777558196293,"₩21,900",,,260622,납,,,,
,false,,ZARA,상의,탑,여성,스트라이프 폴로 칼라 탑,https://www.zara.com/kr/ko/%E1%84%89%E1%85%B3%E1%84%90%E1%85%B3%E1%84%85%E1%85%A1%E1%84%8B%E1%85%B5%E1%84%91%E1%85%B3-%E1%84%91%E1%85%A9%E1%86%AF%E1%84%85%E1%85%A9-%E1%84%8F%E1%85%A1%E1%86%AF%E1%84%85%E1%85%A1-%E1%84%90%E1%85%A1%E1%86%B8-p08779145.html,https://static.zara.net/assets/public/38af/0c1b/4566474bba9b/8dd85bea1445/08779145700-p/08779145700-p.jpg?ts=1779202398109,"₩49,900",,,260622,브라운,,,,
,false,,ZARA,상의,셔츠/블라우스,여성,프릴 언밸런스 탑,https://www.zara.com/kr/ko/%E1%84%91%E1%85%B3%E1%84%85%E1%85%B5%E1%86%AF-%E1%84%8B%E1%85%A5%E1%86%AB%E1%84%87%E1%85%A2%E1%86%AF%E1%84%85%E1%85%A5%E1%86%AB%E1%84%89%E1%85%B3-%E1%84%90%E1%85%A1%E1%86%B8-p03666124.html,https://static.zara.net/assets/public/bd70/2581/97a44175a5b5/e4d56f6cc4f9/03666124600-p/03666124600-p.jpg?ts=1779202385235,"₩55,900",,,260622,레드,,,,
,false,,ZARA,상의,셔츠/블라우스,여성,벌룬 스트라이프 리본 탑,https://www.zara.com/kr/ko/%E1%84%87%E1%85%A5%E1%86%AF%E1%84%85%E1%85%AE%E1%86%AB-%E1%84%89%E1%85%B3%E1%84%90%E1%85%B3%E1%84%85%E1%85%A1%E1%84%8B%E1%85%B5%E1%84%91%E1%85%B3-%E1%84%85%E1%85%B5%E1%84%87%E1%85%A9%E1%86%AB-%E1%84%90%E1%85%A1%E1%86%B8-p03564114.html,https://static.zara.net/assets/public/de2a/80d1/9fbb4234b74a/143364faf2de/03564114047-p/03564114047-p.jpg?ts=1779202384242,"₩49,900",,,260622,프린트,,,,
,false,,ZARA,상의,셔츠/블라우스,여성,홀터넥 새틴 탑,https://www.zara.com/kr/ko/%E1%84%92%E1%85%A9%E1%86%AF%E1%84%90%E1%85%A5%E1%84%82%E1%85%A6%E1%86%A8-%E1%84%89%E1%85%A2%E1%84%90%E1%85%B5%E1%86%AB-%E1%84%90%E1%85%A1%E1%86%B8-p02477341.html,https://static.zara.net/assets/public/3907/249f/6d564891946f/295656279d6d/02477341251-p/02477341251-p.jpg?ts=1773318586034,"₩55,900",,,260622,스크래치 화이트,,,,
,false,,ZARA,상의,셔츠/블라우스,여성,새틴 홀터넥 탑,https://www.zara.com/kr/ko/%E1%84%89%E1%85%A2%E1%84%90%E1%85%B5%E1%86%AB-%E1%84%92%E1%85%A9%E1%86%AF%E1%84%90%E1%85%A5%E1%84%82%E1%85%A6%E1%86%A8-%E1%84%90%E1%85%A1%E1%86%B8-p02157221.html,https://static.zara.net/assets/public/2a46/52eb/9c86422d9578/852960b02302/08016399712-p/08016399712-p.jpg?ts=1781248908959,"₩45,900",,,260622,크림,,,,
,false,,ZARA,상의,탑,여성,드레이프 홀터넥 탑,https://www.zara.com/kr/ko/%E1%84%83%E1%85%B3%E1%84%85%E1%85%A6%E1%84%8B%E1%85%B5%E1%84%91%E1%85%B3-%E1%84%92%E1%85%A9%E1%86%AF%E1%84%90%E1%85%A5%E1%84%82%E1%85%A6%E1%86%A8-%E1%84%90%E1%85%A1%E1%86%B8-p00085314.html,https://static.zara.net/assets/public/a338/7b14/42ba4d5196d0/5eb41c93ad47/00085314250-p/00085314250-p.jpg?ts=1773253887955,"₩35,900",,,260622,화이트,,,,
,false,,ZARA,상의,탑,여성,드레이프 홀터넥 탑,https://www.zara.com/kr/ko/%E1%84%83%E1%85%B3%E1%84%85%E1%85%A6%E1%84%8B%E1%85%B5%E1%84%91%E1%85%B3-%E1%84%92%E1%85%A9%E1%86%AF%E1%84%90%E1%85%A5%E1%84%82%E1%85%A6%E1%86%A8-%E1%84%90%E1%85%A1%E1%86%B8-p00085314.html,https://static.zara.net/assets/public/3ea7/298f/b8a14a46b014/d1f44727e227/00085314920-p/00085314920-p.jpg?ts=1773253359043,"₩35,900",,,260622,블루,,,,
,false,,ZARA,상의,탑,여성,드레이프 홀터넥 탑,https://www.zara.com/kr/ko/%E1%84%83%E1%85%B3%E1%84%85%E1%85%A6%E1%84%8B%E1%85%B5%E1%84%91%E1%85%B3-%E1%84%92%E1%85%A9%E1%86%AF%E1%84%90%E1%85%A5%E1%84%82%E1%85%A6%E1%86%A8-%E1%84%90%E1%85%A1%E1%86%B8-p00085314.html,https://static.zara.net/assets/public/6631/f8df/b7f8482e911d/97ee9be54620/00085314716-p/00085314716-p.jpg?ts=1773253358697,"₩35,900",,,260622,다크 브라운,,,,
,false,,ZARA,상의,셔츠/블라우스,여성,도트 프릴 홀터넥 탑,https://www.zara.com/kr/ko/%E1%84%83%E1%85%A9%E1%84%90%E1%85%B3-%E1%84%91%E1%85%B3%E1%84%85%E1%85%B5%E1%86%AF-%E1%84%92%E1%85%A9%E1%86%AF%E1%84%90%E1%85%A5%E1%84%82%E1%85%A6%E1%86%A8-%E1%84%90%E1%85%A1%E1%86%B8-p01165116.html,https://static.zara.net/assets/public/86f3/1097/63774d78a552/b187cdeb9a9e/01165116107-p/01165116107-p.jpg?ts=1780481032087,"₩49,900",,,260622,107,,,,
,false,,ZARA,상의,셔츠/블라우스,여성,도트 프릴 홀터넥 탑,https://www.zara.com/kr/ko/%E1%84%83%E1%85%A9%E1%84%90%E1%85%B3-%E1%84%91%E1%85%B3%E1%84%85%E1%85%B5%E1%86%AF-%E1%84%92%E1%85%A9%E1%86%AF%E1%84%90%E1%85%A5%E1%84%82%E1%85%A6%E1%86%A8-%E1%84%90%E1%85%A1%E1%86%B8-p01165116.html,https://static.zara.net/assets/public/9306/ec05/171c4025bdb3/6ce008b4f601/01165116017-p/01165116017-p.jpg?ts=1780572517452,"₩49,900",,,260622,"브라운,화이트",,,,
,false,,ZARA,상의,셔츠/블라우스,여성,도트 프릴 홀터넥 탑,https://www.zara.com/kr/ko/%E1%84%83%E1%85%A9%E1%84%90%E1%85%B3-%E1%84%91%E1%85%B3%E1%84%85%E1%85%B5%E1%86%AF-%E1%84%92%E1%85%A9%E1%86%AF%E1%84%90%E1%85%A5%E1%84%82%E1%85%A6%E1%86%A8-%E1%84%90%E1%85%A1%E1%86%B8-p01165116.html,https://static.zara.net/assets/public/6c2c/9665/c3554298a27a/dff4a0197518/01165116070-a3/01165116070-a3.jpg?ts=1780481031940,"₩49,900",,,260622,"크림,블랙",,,,
,false,,ZARA,상의,셔츠/블라우스,여성,도트 프릴 홀터넥 탑,https://www.zara.com/kr/ko/%E1%84%83%E1%85%A9%E1%84%90%E1%85%B3-%E1%84%91%E1%85%B3%E1%84%85%E1%85%B5%E1%86%AF-%E1%84%92%E1%85%A9%E1%86%AF%E1%84%90%E1%85%A5%E1%84%82%E1%85%A6%E1%86%A8-%E1%84%90%E1%85%A1%E1%86%B8-p01165116.html,https://static.zara.net/assets/public/4b61/a842/0dc64fc9918d/b836cbdac6ba/01165116107-h2/01165116107-h2.jpg?ts=1779718301869,"₩49,900",,,260622,107,,,,
,false,,ZARA,상의,셔츠/블라우스,여성,도트 프릴 홀터넥 탑,https://www.zara.com/kr/ko/%E1%84%83%E1%85%A9%E1%84%90%E1%85%B3-%E1%84%91%E1%85%B3%E1%84%85%E1%85%B5%E1%86%AF-%E1%84%92%E1%85%A9%E1%86%AF%E1%84%90%E1%85%A5%E1%84%82%E1%85%A6%E1%86%A8-%E1%84%90%E1%85%A1%E1%86%B8-p01165116.html,https://static.zara.net/assets/public/16a0/0f14/c32e4189a713/05dd45b21980/01165116017-p/01165116017-p.jpg?ts=1779878715790,"₩49,900",,,260622,"브라운,화이트",,,,
,false,,ZARA,상의,셔츠/블라우스,여성,도트 프릴 홀터넥 탑,https://www.zara.com/kr/ko/%E1%84%83%E1%85%A9%E1%84%90%E1%85%B3-%E1%84%91%E1%85%B3%E1%84%85%E1%85%B5%E1%86%AF-%E1%84%92%E1%85%A9%E1%86%AF%E1%84%90%E1%85%A5%E1%84%82%E1%85%A6%E1%86%A8-%E1%84%90%E1%85%A1%E1%86%B8-p01165116.html,https://static.zara.net/assets/public/4586/3a42/6dc94c869545/57bfab7ac54f/01165116070-p/01165116070-p.jpg?ts=1779718296055,"₩49,900",,,260622,"크림,블랙",,,,
,false,,ZARA,상의,탑,여성,스트레치 코르셋 탑,https://www.zara.com/kr/ko/%E1%84%89%E1%85%B3%E1%84%90%E1%85%B3%E1%84%85%E1%85%A6%E1%84%8E%E1%85%B5-%E1%84%8F%E1%85%A9%E1%84%85%E1%85%B3%E1%84%89%E1%85%A6%E1%86%BA-%E1%84%90%E1%85%A1%E1%86%B8-p05584399.html,https://static.zara.net/assets/public/9a7f/bf6a/1fc24707820a/e37ab6869d96/05584399800-000-p/05584399800-000-p.jpg?ts=1774634656830,"₩39,900",,,260622,블랙,,,,
,false,,ZARA,상의,탑,여성,스트레치 코르셋 탑,https://www.zara.com/kr/ko/%E1%84%89%E1%85%B3%E1%84%90%E1%85%B3%E1%84%85%E1%85%A6%E1%84%8E%E1%85%B5-%E1%84%8F%E1%85%A9%E1%84%85%E1%85%B3%E1%84%89%E1%85%A6%E1%86%BA-%E1%84%90%E1%85%A1%E1%86%B8-p05584399.html,https://static.zara.net/assets/public/be5b/7648/93934c399f2b/61a0c9dba821/05584399641-p/05584399641-p.jpg?ts=1774609767371,"₩39,900",,,260622,다크 레드,,,,
,false,,ZARA,상의,탑,여성,코르셋 스트레치 탑,https://www.zara.com/kr/ko/%E1%84%89%E1%85%B3%E1%84%90%E1%85%B3%E1%84%85%E1%85%A6%E1%84%8E%E1%85%B5-%E1%84%8F%E1%85%A9%E1%84%85%E1%85%B3%E1%84%89%E1%85%A6%E1%86%BA-%E1%84%90%E1%85%A1%E1%86%B8-p05584399.html,https://static.zara.net/assets/public/0672/8003/4e7f4c0494b2/b42cd9247a8f/05584399251-p/05584399251-p.jpg?ts=1774611460311,"₩39,900",,,260622,스크래치 화이트,,,,
,false,,ZARA,상의,셔츠/블라우스,여성,펀칭 자수 패턴 탑,https://www.zara.com/kr/ko/%E1%84%91%E1%85%A5%E1%86%AB%E1%84%8E%E1%85%B5%E1%86%BC-%E1%84%8C%E1%85%A1%E1%84%89%E1%85%AE-%E1%84%91%E1%85%A2%E1%84%90%E1%85%A5%E1%86%AB-%E1%84%90%E1%85%A1%E1%86%B8-p02952939.html,https://static.zara.net/assets/public/a733/083c/d6934087b11d/dc8584176af9/02952939066-p/02952939066-p.jpg?ts=1780042895939,"₩57,900",,,260622,"크림,네이비",,,,
,false,,ZARA,상의,셔츠/블라우스,여성,린넨 토글 크롭 탑,https://www.zara.com/kr/ko/%E1%84%85%E1%85%B5%E1%86%AB%E1%84%82%E1%85%A6%E1%86%AB-%E1%84%90%E1%85%A9%E1%84%80%E1%85%B3%E1%86%AF-%E1%84%8F%E1%85%B3%E1%84%85%E1%85%A9%E1%86%B8-%E1%84%90%E1%85%A1%E1%86%B8-p07696837.html,https://static.zara.net/assets/public/bf06/e125/1de44af28a50/2062b6e3da9b/07696837802-p/07696837802-p.jpg?ts=1780042934630,"₩55,900",,,260622,그레이,,,,
,false,,ZARA,상의,탑,여성,셔링 니트 탑,https://www.zara.com/kr/ko/%E1%84%89%E1%85%A7%E1%84%85%E1%85%B5%E1%86%BC-%E1%84%82%E1%85%B5%E1%84%90%E1%85%B3-%E1%84%90%E1%85%A1%E1%86%B8-p02142108.html,https://static.zara.net/assets/public/c65d/b905/e00c482280ed/a0b1dd09d01f/02142108250-p/02142108250-p.jpg?ts=1772038856051,"₩55,900",,,260622,화이트,,,,
,false,,ZARA,상의,탑,여성,벌집 니트 재킷,https://www.zara.com/kr/ko/%E1%84%87%E1%85%A5%E1%86%AF%E1%84%8C%E1%85%B5%E1%86%B8-%E1%84%82%E1%85%B5%E1%84%90%E1%85%B3-%E1%84%8C%E1%85%A2%E1%84%8F%E1%85%B5%E1%86%BA-p04938010.html,https://static.zara.net/assets/public/a3ad/4da6/b0564822ae72/adca7f2a8578/04928010800-a2/04928010800-a2.jpg?ts=1778770528183,"₩49,900",,,260622,블랙,,,,
,false,,ZARA,상의,니트,여성,포인텔 니트 탑,https://www.zara.com/kr/ko/%E1%84%91%E1%85%A9%E1%84%8B%E1%85%B5%E1%86%AB%E1%84%90%E1%85%A6%E1%86%AF-%E1%84%82%E1%85%B5%E1%84%90%E1%85%B3-%E1%84%90%E1%85%A1%E1%86%B8-p06236028.html,https://static.zara.net/assets/public/a33e/6c98/eb7d42d0bc67/dc1d18372857/06236028712-p/06236028712-p.jpg?ts=1774008192283,"₩57,900",,,260622,크림,,,,
,false,,ZARA,상의,탑,여성,크로셰 밑단 니트 탑,https://www.zara.com/kr/ko/%E1%84%8F%E1%85%B3%E1%84%85%E1%85%A9%E1%84%89%E1%85%A8-%E1%84%86%E1%85%B5%E1%87%80%E1%84%83%E1%85%A1%E1%86%AB-%E1%84%82%E1%85%B5%E1%84%90%E1%85%B3-%E1%84%90%E1%85%A1%E1%86%B8-p03920184.html,https://static.zara.net/assets/public/d333/4136/db7048308f21/61348acb8e55/03920184712-p/03920184712-p.jpg?ts=1774008111867,"₩39,900",,,260622,크림,,,,
,false,,ZARA,상의,티셔츠,여성,슬리브리스 코튼 탑,https://www.zara.com/kr/ko/%E1%84%89%E1%85%B3%E1%86%AF%E1%84%85%E1%85%B5%E1%84%87%E1%85%B3%E1%84%85%E1%85%B5%E1%84%89%E1%85%B3-%E1%84%8F%E1%85%A9%E1%84%90%E1%85%B3%E1%86%AB-%E1%84%90%E1%85%A1%E1%86%B8-p03431162.html,https://static.zara.net/assets/public/e519/6a0d/7579427ba903/1b17ad7c14d1/03431162700-001-p/03431162700-001-p.jpg?ts=1774958393942,"₩29,900",,,260622,브라운,,,,
,false,,ZARA,상의,티셔츠,여성,슬리브리스 코튼 탑,https://www.zara.com/kr/ko/%E1%84%89%E1%85%B3%E1%86%AF%E1%84%85%E1%85%B5%E1%84%87%E1%85%B3%E1%84%85%E1%85%B5%E1%84%89%E1%85%B3-%E1%84%8F%E1%85%A9%E1%84%90%E1%85%B3%E1%86%AB-%E1%84%90%E1%85%A1%E1%86%B8-p03431162.html,https://static.zara.net/assets/public/c90f/5610/326c40cbb538/bba11c323a60/03431162629-p/03431162629-p.jpg?ts=1774944122173,"₩29,900",,,260622,라일락,,,,
,false,,ZARA,상의,티셔츠,여성,코튼 슬리브리스 탑,https://www.zara.com/kr/ko/%E1%84%89%E1%85%B3%E1%86%AF%E1%84%85%E1%85%B5%E1%84%87%E1%85%B3%E1%84%85%E1%85%B5%E1%84%89%E1%85%B3-%E1%84%8F%E1%85%A9%E1%84%90%E1%85%B3%E1%86%AB-%E1%84%90%E1%85%A1%E1%86%B8-p03431162.html,https://static.zara.net/assets/public/87f5/4c75/e1054313bb29/781f8e021cec/03431162250-p/03431162250-p.jpg?ts=1774944119725,"₩29,900",,,260622,화이트,,,,
,false,,ZARA,상의,티셔츠,여성,플라메 셔링 탑,https://www.zara.com/kr/ko/%E1%84%91%E1%85%B3%E1%86%AF%E1%84%85%E1%85%A1%E1%84%86%E1%85%A6-%E1%84%89%E1%85%A7%E1%84%85%E1%85%B5%E1%86%BC-%E1%84%90%E1%85%A1%E1%86%B8-p03641381.html,https://static.zara.net/assets/public/0c52/90d2/1c8843f2904e/d93d7cdcf718/03641381706-p/03641381706-p.jpg?ts=1774615383697,"₩29,900",,,260622,밍크,,,,
,false,,ZARA,상의,탑,여성,로우백 루즈핏 탑,https://www.zara.com/kr/ko/%E1%84%85%E1%85%A9%E1%84%8B%E1%85%AE%E1%84%87%E1%85%A2%E1%86%A8-%E1%84%85%E1%85%AE%E1%84%8C%E1%85%B3%E1%84%91%E1%85%B5%E1%86%BA-%E1%84%90%E1%85%A1%E1%86%B8-p00264300.html,https://static.zara.net/assets/public/abf3/3e9d/6a4042169ba4/22097fb4cc85/00264300819-p/00264300819-p.jpg?ts=1774615364175,"₩35,900",,,260622,블루 그레이,,,,
,false,,ZARA,상의,탑,여성,로우백 루즈핏 탑,https://www.zara.com/kr/ko/%E1%84%85%E1%85%A9%E1%84%8B%E1%85%AE%E1%84%87%E1%85%A2%E1%86%A8-%E1%84%85%E1%85%AE%E1%84%8C%E1%85%B3%E1%84%91%E1%85%B5%E1%86%BA-%E1%84%90%E1%85%A1%E1%86%B8-p00264300.html,https://static.zara.net/assets/public/a6dd/6045/986a460cb606/221ef4ab2f01/00264300658-a3/00264300658-a3.jpg?ts=1774615365476,"₩35,900",,,260622,테라코타,,,,
,false,,ZARA,상의,가디건,여성,리브드 콤비 탑,https://www.zara.com/kr/ko/%E1%84%85%E1%85%B5%E1%84%87%E1%85%B3%E1%84%83%E1%85%B3-%E1%84%8F%E1%85%A9%E1%86%B7%E1%84%87%E1%85%B5-%E1%84%90%E1%85%A1%E1%86%B8-p00264301.html,https://static.zara.net/assets/public/1525/e6a1/9dd14c1f9be3/62a6e6972d11/00264301800-p/00264301800-p.jpg?ts=1769708920748,"₩45,900",,,260622,블랙,,,,
,false,,ZARA,상의,티셔츠,여성,리브드 코튼 탱크 탑,https://www.zara.com/kr/ko/%E1%84%85%E1%85%B5%E1%84%87%E1%85%B3%E1%84%83%E1%85%B3-%E1%84%8F%E1%85%A9%E1%84%90%E1%85%B3%E1%86%AB-%E1%84%90%E1%85%A2%E1%86%BC%E1%84%8F%E1%85%B3-%E1%84%90%E1%85%A1%E1%86%B8-p03641406.html,https://static.zara.net/assets/public/175e/544c/ca9c4fe7b791/8cbfcb0ea040/03641406401-p/03641406401-p.jpg?ts=1777477770416,"₩17,900",,,260622,네이비,,,,
,false,,ZARA,상의,티셔츠,여성,리브드 코튼 탱크 탑,https://www.zara.com/kr/ko/%E1%84%85%E1%85%B5%E1%84%87%E1%85%B3%E1%84%83%E1%85%B3-%E1%84%8F%E1%85%A9%E1%84%90%E1%85%B3%E1%86%AB-%E1%84%90%E1%85%A2%E1%86%BC%E1%84%8F%E1%85%B3-%E1%84%90%E1%85%A1%E1%86%B8-p03641406.html,https://static.zara.net/assets/public/e350/3d02/4b824ca49bc5/94a228495b45/03641406720-p/03641406720-p.jpg?ts=1777547151332,"₩17,900",,,260622,그레이 베이지,,,,
,false,,ZARA,상의,티셔츠,여성,리브드 코튼 탱크 탑,https://www.zara.com/kr/ko/%E1%84%85%E1%85%B5%E1%84%87%E1%85%B3%E1%84%83%E1%85%B3-%E1%84%8F%E1%85%A9%E1%84%90%E1%85%B3%E1%86%AB-%E1%84%90%E1%85%A2%E1%86%BC%E1%84%8F%E1%85%B3-%E1%84%90%E1%85%A1%E1%86%B8-p03641406.html,https://static.zara.net/assets/public/1546/c4ee/cda04c1b9c0c/9ed97eaf68b6/03253301250-p/03253301250-p.jpg?ts=1777558580645,"₩17,900",,,260622,화이트,,,,
,false,,ZARA,상의,셔츠/블라우스,여성,ZW 컬렉션 슬리브리스 페플럼 탑,https://www.zara.com/kr/ko/zw-%E1%84%8F%E1%85%A5%E1%86%AF%E1%84%85%E1%85%A6%E1%86%A8%E1%84%89%E1%85%A7%E1%86%AB-%E1%84%89%E1%85%B3%E1%86%AF%E1%84%85%E1%85%B5%E1%84%87%E1%85%B3%E1%84%85%E1%85%B5%E1%84%89%E1%85%B3-%E1%84%91%E1%85%A6%E1%84%91%E1%85%B3%E1%86%AF%E1%84%85%E1%85%A5%E1%86%B7-%E1%84%90%E1%85%A1%E1%86%B8-p01115325.html,https://static.zara.net/assets/public/2cb6/236b/5992451e8533/f40300981ab2/01115325800-p/01115325800-p.jpg?ts=1776699484126,"₩79,900",,,260622,블랙,,,,
,false,,ZARA,상의,탑,여성,깅엄 체크 레이스 탑,https://www.zara.com/kr/ko/%E1%84%80%E1%85%B5%E1%86%BC%E1%84%8B%E1%85%A5%E1%86%B7-%E1%84%8E%E1%85%A6%E1%84%8F%E1%85%B3-%E1%84%85%E1%85%A6%E1%84%8B%E1%85%B5%E1%84%89%E1%85%B3-%E1%84%90%E1%85%A1%E1%86%B8-p05039403.html,https://static.zara.net/assets/public/3cab/c14a/11fe43d3b729/723b1e21248c/05039403075-p/05039403075-p.jpg?ts=1776176023936,"₩45,900",,,260622,"크림,베이지",,,,
,false,,ZARA,상의,탑,여성,플라워 스트레치 코르셋 탑,https://www.zara.com/kr/ko/%E1%84%91%E1%85%B3%E1%86%AF%E1%84%85%E1%85%A1%E1%84%8B%E1%85%AF-%E1%84%89%E1%85%B3%E1%84%90%E1%85%B3%E1%84%85%E1%85%A6%E1%84%8E%E1%85%B5-%E1%84%8F%E1%85%A9%E1%84%85%E1%85%B3%E1%84%89%E1%85%A6%E1%86%BA-%E1%84%90%E1%85%A1%E1%86%B8-p05584448.html,https://static.zara.net/assets/public/fb1a/dada/43a44b5baa8d/3483ce562c33/05584448321-p/05584448321-p.jpg?ts=1776176023952,"₩49,900",,,260622,파스텔 옐로우,,,,
,false,,ZARA,상의,셔츠/블라우스,여성,LIMITED EDITION 로맨틱 버튼 탑,https://www.zara.com/kr/ko/limited-edition-%E1%84%85%E1%85%A9%E1%84%86%E1%85%A2%E1%86%AB%E1%84%90%E1%85%B5%E1%86%A8-%E1%84%87%E1%85%A5%E1%84%90%E1%85%B3%E1%86%AB-%E1%84%90%E1%85%A1%E1%86%B8-p02348725.html,https://static.zara.net/assets/public/0a3b/834a/1ebd42c09aa8/1dc85e3c58e7/02348725805-p/02348725805-p.jpg?ts=1773412217809,"₩89,900",,,260622,아이스,,,,
,false,,ZARA,상의,티셔츠,여성,LIMITED EDITION 탱크 탑,https://www.zara.com/kr/ko/limited-edition-%E1%84%90%E1%85%A2%E1%86%BC%E1%84%8F%E1%85%B3-%E1%84%90%E1%85%A1%E1%86%B8-p06085800.html,https://static.zara.net/assets/public/9192/1b00/a24e4fdf84eb/07a475f28a67/06085800433-e10/06085800433-e10.jpg?ts=1773310076506,"₩35,900",,,260622,"블루,라벤더",,,,
,false,,ZARA,상의,티셔츠,여성,드레이프 슬리브리스 티셔츠,https://www.zara.com/kr/ko/%E1%84%83%E1%85%B3%E1%84%85%E1%85%A6%E1%84%8B%E1%85%B5%E1%84%91%E1%85%B3-%E1%84%89%E1%85%B3%E1%86%AF%E1%84%85%E1%85%B5%E1%84%87%E1%85%B3%E1%84%85%E1%85%B5%E1%84%89%E1%85%B3-%E1%84%90%E1%85%B5%E1%84%89%E1%85%A7%E1%84%8E%E1%85%B3-p05644045.html,https://static.zara.net/assets/public/6f6b/4551/79e24d6e9595/dcd0cfcc69c2/05644045446-p/05644045446-p.jpg?ts=1780056113346,"₩29,900",,,260622,일렉트릭 블루,,,,
,false,,ZARA,상의,탑,여성,보트넥 니트 탑,https://www.zara.com/kr/ko/%E1%84%87%E1%85%A9%E1%84%90%E1%85%B3%E1%84%82%E1%85%A6%E1%86%A8-%E1%84%82%E1%85%B5%E1%84%90%E1%85%B3-%E1%84%90%E1%85%A1%E1%86%B8-p05536082.html,https://static.zara.net/assets/public/9cb9/42ba/08d2467dbe5c/1cb29b4ae6ec/05536082250-p/05536082250-p.jpg?ts=1779290552037,"₩57,900",,,260622,화이트,,,,
,false,,ZARA,상의,니트,여성,시스루 니트 폴로셔츠,https://www.zara.com/kr/ko/%E1%84%89%E1%85%B5%E1%84%89%E1%85%B3%E1%84%85%E1%85%AE-%E1%84%82%E1%85%B5%E1%84%90%E1%85%B3-%E1%84%91%E1%85%A9%E1%86%AF%E1%84%85%E1%85%A9%E1%84%89%E1%85%A7%E1%84%8E%E1%85%B3-p08779003.html,https://static.zara.net/assets/public/c39f/7a33/7329465ab106/76efa4c939fa/08779003250-p/08779003250-p.jpg?ts=1777028795699,"₩49,900",,,260622,화이트,,,,
,false,,ZARA,상의,탑,여성,웨이브 마감 니트 탑,https://www.zara.com/kr/ko/%E1%84%8B%E1%85%B0%E1%84%8B%E1%85%B5%E1%84%87%E1%85%B3-%E1%84%86%E1%85%A1%E1%84%80%E1%85%A1%E1%86%B7-%E1%84%82%E1%85%B5%E1%84%90%E1%85%B3-%E1%84%90%E1%85%A1%E1%86%B8-p00014027.html,https://static.zara.net/assets/public/b36f/9945/e2044f19bde1/4267bdfdc7a2/00014027712-p/00014027712-p.jpg?ts=1779274056844,"₩55,900",,,260622,크림,,,,
,false,,ZARA,상의,탑,여성,시스루 도트 니트 탑,https://www.zara.com/kr/ko/%E1%84%89%E1%85%B5%E1%84%89%E1%85%B3%E1%84%85%E1%85%AE-%E1%84%83%E1%85%A9%E1%84%90%E1%85%B3-%E1%84%82%E1%85%B5%E1%84%90%E1%85%B3-%E1%84%90%E1%85%A1%E1%86%B8-p09598096.html,https://static.zara.net/assets/public/c711/8f0b/f05d4050ad6f/3e16c01b17f1/09598096800-p/09598096800-p.jpg?ts=1779289148457,"₩49,900",,,260622,블랙,,,,
,false,,ZARA,상의,탑,여성,언밸런스 니트 탑,https://www.zara.com/kr/ko/%E1%84%8B%E1%85%A5%E1%86%AB%E1%84%87%E1%85%A2%E1%86%AF%E1%84%85%E1%85%A5%E1%86%AB%E1%84%89%E1%85%B3-%E1%84%82%E1%85%B5%E1%84%90%E1%85%B3-%E1%84%90%E1%85%A1%E1%86%B8-p09598016.html,https://static.zara.net/assets/public/e45f/5aaa/80b841acad2f/1af7d20d8318/09598016072-p/09598016072-p.jpg?ts=1779445671856,"₩49,900",,,260622,아이보리-화이트,,,,
,false,,ZARA,상의,탑,여성,슬리브리스 니트 탑,https://www.zara.com/kr/ko/%E1%84%89%E1%85%B3%E1%86%AF%E1%84%85%E1%85%B5%E1%84%87%E1%85%B3%E1%84%85%E1%85%B5%E1%84%89%E1%85%B3-%E1%84%82%E1%85%B5%E1%84%90%E1%85%B3-%E1%84%90%E1%85%A1%E1%86%B8-p02142218.html,https://static.zara.net/assets/public/f2b7/0cbb/e7d04923be2c/38e9c651b742/02142218250-p/02142218250-p.jpg?ts=1779441862101,"₩45,900",,,260622,화이트,,,,
,false,,ZARA,상의,탑,여성,하트 시스루 니트 탑,https://www.zara.com/kr/ko/%E1%84%92%E1%85%A1%E1%84%90%E1%85%B3-%E1%84%89%E1%85%B5%E1%84%89%E1%85%B3%E1%84%85%E1%85%AE-%E1%84%82%E1%85%B5%E1%84%90%E1%85%B3-%E1%84%90%E1%85%A1%E1%86%B8-p09874023.html,https://static.zara.net/assets/public/57d6/4694/5c364e54ab33/7f40add5702d/09874023050-p/09874023050-p.jpg?ts=1779285024192,"₩49,900",,,260622,단색,,,,
,false,,ZARA,상의,탑,여성,자수 레이스 콤비 탑,https://www.zara.com/kr/ko/%E1%84%8C%E1%85%A1%E1%84%89%E1%85%AE-%E1%84%85%E1%85%A6%E1%84%8B%E1%85%B5%E1%84%89%E1%85%B3-%E1%84%8F%E1%85%A9%E1%86%B7%E1%84%87%E1%85%B5-%E1%84%90%E1%85%A1%E1%86%B8-p01377117.html,https://static.zara.net/assets/public/082d/542e/5c8b461281ba/0bb5f1e5e50a/01377117712-p/01377117712-p.jpg?ts=1779205512836,"₩129,900",,,260622,크림,,,,
,false,,ZARA,상의,티셔츠,여성,러프 언밸런스 레이스 탑,https://www.zara.com/kr/ko/%E1%84%85%E1%85%A6%E1%84%8B%E1%85%B5%E1%84%89%E1%85%B3-%E1%84%8B%E1%85%A5%E1%86%AB%E1%84%87%E1%85%A2%E1%86%AF%E1%84%85%E1%85%A5%E1%86%AB%E1%84%89%E1%85%B3-%E1%84%85%E1%85%A5%E1%84%91%E1%85%B3-%E1%84%90%E1%85%A1%E1%86%B8-p01131315.html,https://static.zara.net/assets/public/f2f6/4424/6ed5474ebe1a/448b1ba17ad4/01131315800-p/01131315800-p.jpg?ts=1773399204970,"₩39,900",,,260622,블랙,,,,
,false,,ZARA,상의,티셔츠,여성,레이스 언밸런스 러프 탑,https://www.zara.com/kr/ko/%E1%84%85%E1%85%A6%E1%84%8B%E1%85%B5%E1%84%89%E1%85%B3-%E1%84%8B%E1%85%A5%E1%86%AB%E1%84%87%E1%85%A2%E1%86%AF%E1%84%85%E1%85%A5%E1%86%AB%E1%84%89%E1%85%B3-%E1%84%85%E1%85%A5%E1%84%91%E1%85%B3-%E1%84%90%E1%85%A1%E1%86%B8-p01131315.html,https://static.zara.net/assets/public/7323/c5c6/128742bcbc74/44e774483280/01131315942-000-p/01131315942-000-p.jpg?ts=1773243164690,"₩39,900",,,260622,베이지 핑크,,,,
,false,,ZARA,상의,탑,여성,버튼 니트 탑,https://www.zara.com/kr/ko/%E1%84%87%E1%85%A5%E1%84%90%E1%85%B3%E1%86%AB-%E1%84%82%E1%85%B5%E1%84%90%E1%85%B3-%E1%84%90%E1%85%A1%E1%86%B8-p09598072.html,https://static.zara.net/assets/public/67c2/7566/79d94067923f/daa73814d9a2/09598072406-p/09598072406-p.jpg?ts=1778767758829,"₩45,900",,,260622,라이트 블루,,,,
,false,,ZARA,상의,셔츠/블라우스,여성,코르셋 스타일 포플린 크롭 탑,https://www.zara.com/kr/ko/%E1%84%8F%E1%85%A9%E1%84%85%E1%85%B3%E1%84%89%E1%85%A6%E1%86%BA-%E1%84%89%E1%85%B3%E1%84%90%E1%85%A1%E1%84%8B%E1%85%B5%E1%86%AF-%E1%84%91%E1%85%A9%E1%84%91%E1%85%B3%E1%86%AF%E1%84%85%E1%85%B5%E1%86%AB-%E1%84%8F%E1%85%B3%E1%84%85%E1%85%A9%E1%86%B8-%E1%84%90%E1%85%A1%E1%86%B8-p02180063.html,https://static.zara.net/assets/public/eedb/3cd9/698e423f8bac/013c8c5160e8/02629224044-a2/02629224044-a2.jpg?ts=1777904006612,"₩45,900",,,260622,"블루 ,화이트",,,,
,false,,ZARA,상의,탑,여성,스트라이프 니트 탑,https://www.zara.com/kr/ko/%E1%84%89%E1%85%B3%E1%84%90%E1%85%B3%E1%84%85%E1%85%A1%E1%84%8B%E1%85%B5%E1%84%91%E1%85%B3-%E1%84%82%E1%85%B5%E1%84%90%E1%85%B3-%E1%84%90%E1%85%A1%E1%86%B8-p03471025.html,https://static.zara.net/assets/public/1725/7318/f88845709a80/c028ca3982f5/07147223427-p/07147223427-p.jpg?ts=1781092370745,"₩35,900",,,260622,미디움 블루,,,,
,false,,ZARA,상의,탑,여성,스트라이프 니트 탑,https://www.zara.com/kr/ko/%E1%84%89%E1%85%B3%E1%84%90%E1%85%B3%E1%84%85%E1%85%A1%E1%84%8B%E1%85%B5%E1%84%91%E1%85%B3-%E1%84%82%E1%85%B5%E1%84%90%E1%85%B3-%E1%84%90%E1%85%A1%E1%86%B8-p04192045.html,https://static.zara.net/assets/public/db6b/244b/325244c2ada1/179cf8b6991c/08228021427-p/08228021427-p.jpg?ts=1781092369250,"₩39,900",,,260622,블루,,,,
,false,,ZARA,상의,탑,여성,고데트 콤비 홀터넥 탑,https://www.zara.com/kr/ko/%E1%84%80%E1%85%A9%E1%84%83%E1%85%A6-%E1%84%8C%E1%85%A2%E1%84%83%E1%85%A1%E1%86%AB-%E1%84%8F%E1%85%A9%E1%86%B7%E1%84%87%E1%85%B5-%E1%84%92%E1%85%A9%E1%86%AF%E1%84%90%E1%85%A5%E1%84%82%E1%85%A6%E1%86%A8-%E1%84%90%E1%85%A1%E1%86%B8-p05919131.html,https://static.zara.net/assets/public/9552/904b/562b4374a672/1393ac92ed72/05919131712-p/05919131712-p.jpg?ts=1778660909367,"₩109,900",,,260622,크림,,,,
,false,,ZARA,상의,셔츠/블라우스,여성,ZW 컬렉션 100% 린넨 끈 탑,https://www.zara.com/kr/ko/zw-%E1%84%8F%E1%85%A5%E1%86%AF%E1%84%85%E1%85%A6%E1%86%A8%E1%84%89%E1%85%A7%E1%86%AB-100-%E1%84%85%E1%85%B5%E1%84%82%E1%85%A6%E1%86%AB-%E1%84%8F%E1%85%A9%E1%84%83%E1%85%B3-%E1%84%90%E1%85%A1%E1%86%B8-p05344016.html,https://static.zara.net/assets/public/6de8/d22a/43be4afd9a78/a8af723d1025/05344016737-a4/05344016737-a4.jpg?ts=1779371953651,"₩59,900",,,260622,"브라운,토프",,,,
,false,,ZARA,상의,탑,여성,볼륨 슬리브 스웨터,https://www.zara.com/kr/ko/%E1%84%87%E1%85%A9%E1%86%AF%E1%84%85%E1%85%B2%E1%86%B7-%E1%84%89%E1%85%B3%E1%86%AF%E1%84%85%E1%85%B5%E1%84%87%E1%85%B3-%E1%84%89%E1%85%B3%E1%84%8B%E1%85%B0%E1%84%90%E1%85%A5-p03456009.html,https://static.zara.net/assets/public/85d7/ba0c/b4f24cf581a9/6dcdbfd73a7b/03456009715-p/03456009715-p.jpg?ts=1776787118081,"₩55,900",,,260622,미디움 크림,,,,
,false,,ZARA,상의,티셔츠,여성,콘트라스트 파이핑 테일러드 탑,https://www.zara.com/kr/ko/%E1%84%8F%E1%85%A9%E1%86%AB%E1%84%90%E1%85%B3%E1%84%85%E1%85%A1%E1%84%89%E1%85%B3%E1%84%90%E1%85%B3-%E1%84%91%E1%85%A1%E1%84%8B%E1%85%B5%E1%84%91%E1%85%B5%E1%86%BC-%E1%84%90%E1%85%A6%E1%84%8B%E1%85%B5%E1%86%AF%E1%84%85%E1%85%A5%E1%84%83%E1%85%B3-%E1%84%90%E1%85%A1%E1%86%B8-p00858155.html,https://static.zara.net/assets/public/275e/0e43/33cf4d73a9d4/ed8408723ec4/00858155716-p/00858155716-p.jpg?ts=1771415470120,"₩35,900",,,260622,다크 브라운,,,,
,false,,ZARA,상의,셔츠/블라우스,여성,시퀸 스트랩 탑,https://www.zara.com/kr/ko/%E1%84%89%E1%85%B5%E1%84%8F%E1%85%B1%E1%86%AB-%E1%84%89%E1%85%B3%E1%84%90%E1%85%B3%E1%84%85%E1%85%A2%E1%86%B8-%E1%84%90%E1%85%A1%E1%86%B8-p02500800.html,https://static.zara.net/assets/public/318c/c49e/d151429ea585/df0c1ad48f2b/02500800052-p/02500800052-p.jpg?ts=1776338785659,"₩57,900",,,260622,라이트 베이지,,,,
,false,,ZARA,상의,셔츠/블라우스,여성,시퀸 크롭 탑,https://www.zara.com/kr/ko/%E1%84%89%E1%85%B5%E1%84%8F%E1%85%B1%E1%86%AB-%E1%84%8F%E1%85%B3%E1%84%85%E1%85%A9%E1%86%B8-%E1%84%90%E1%85%A1%E1%86%B8-p07969021.html,https://static.zara.net/assets/public/6641/66b2/720b49999943/f05a9600fb88/07969021800-p/07969021800-p.jpg?ts=1776338806728,"₩45,900",,,260622,블랙,,,,
,false,,ZARA,기타,WAISTCOAT,여성,루즈핏 매듭 탑,https://www.zara.com/kr/ko/%E1%84%85%E1%85%AE%E1%84%8C%E1%85%B3%E1%84%91%E1%85%B5%E1%86%BA-%E1%84%86%E1%85%A2%E1%84%83%E1%85%B3%E1%86%B8-%E1%84%90%E1%85%A1%E1%86%B8-p04387353.html,https://static.zara.net/assets/public/3088/d88f/d8b547e9b017/9114b836cf7a/04387353749-a1/04387353749-a1.jpg?ts=1780488490866,"₩55,900",,,260622,다크 데님,,,,
,false,,ZARA,상의,셔츠/블라우스,여성,버튼 슬리브리스 셔츠,https://www.zara.com/kr/ko/%E1%84%87%E1%85%A5%E1%84%90%E1%85%B3%E1%86%AB-%E1%84%89%E1%85%B3%E1%86%AF%E1%84%85%E1%85%B5%E1%84%87%E1%85%B3%E1%84%85%E1%85%B5%E1%84%89%E1%85%B3-%E1%84%89%E1%85%A7%E1%84%8E%E1%85%B3-p07969223.html,https://static.zara.net/assets/public/22c9/5016/9df14e6b818c/5c15270a518a/07969223800-p/07969223800-p.jpg?ts=1780488821327,"₩55,900",,,260622,블랙,,,,
,false,,ZARA,상의,탑,여성,플라워 세미 시스루 니트 탑,https://www.zara.com/kr/ko/%E1%84%89%E1%85%A6%E1%84%86%E1%85%B5-%E1%84%89%E1%85%B5%E1%84%89%E1%85%B3%E1%84%85%E1%85%AE-%E1%84%91%E1%85%B3%E1%86%AF%E1%84%85%E1%85%A1%E1%84%8B%E1%85%AF-%E1%84%82%E1%85%B5%E1%84%90%E1%85%B3-%E1%84%90%E1%85%A1%E1%86%B8-p09598095.html,https://static.zara.net/assets/public/e0a8/dd80/750148798755/7bda0a52cdde/09598095423-p/09598095423-p.jpg?ts=1779272168447,"₩49,900",,,260622,파스텔 블루,,,,
,false,,ZARA,원피스,오버롤,여성,스트라이프 스트럭처 니트 점프수트,https://www.zara.com/kr/ko/%E1%84%89%E1%85%B3%E1%84%90%E1%85%B3%E1%84%85%E1%85%A1%E1%84%8B%E1%85%B5%E1%84%91%E1%85%B3-%E1%84%89%E1%85%B3%E1%84%90%E1%85%B3%E1%84%85%E1%85%A5%E1%86%A8%E1%84%8E%E1%85%A5-%E1%84%82%E1%85%B5%E1%84%90%E1%85%B3-%E1%84%8C%E1%85%A5%E1%86%B7%E1%84%91%E1%85%B3%E1%84%89%E1%85%AE%E1%84%90%E1%85%B3-p06236042.html,https://static.zara.net/assets/public/e45d/001e/faba4e76935b/a3594a0a29b3/06236042330-p/06236042330-p.jpg?ts=1779272149387,"₩55,900",,,260622,멀티컬러,,,,
,false,,ZARA,상의,티셔츠,여성,드레이프 언밸런스 탑,https://www.zara.com/kr/ko/%E1%84%83%E1%85%B3%E1%84%85%E1%85%A6%E1%84%8B%E1%85%B5%E1%84%91%E1%85%B3-%E1%84%8B%E1%85%A5%E1%86%AB%E1%84%87%E1%85%A2%E1%86%AF%E1%84%85%E1%85%A5%E1%86%AB%E1%84%89%E1%85%B3-%E1%84%90%E1%85%A1%E1%86%B8-p04424329.html,https://static.zara.net/assets/public/3f65/b97d/7d2946fb9fb6/4ffe6cd70f15/06929403800-p/06929403800-p.jpg?ts=1776093372433,"₩29,900",,,260622,화이트,,,,
,false,,ZARA,상의,티셔츠,여성,리브드 브이넥 탑,https://www.zara.com/kr/ko/%E1%84%85%E1%85%B5%E1%84%87%E1%85%B3%E1%84%83%E1%85%B3-%E1%84%87%E1%85%B3%E1%84%8B%E1%85%B5%E1%84%82%E1%85%A6%E1%86%A8-%E1%84%90%E1%85%A1%E1%86%B8-p03253336.html,https://static.zara.net/assets/public/c482/f421/8aba45baa7c1/78188015c9b8/03253336700-p/03253336700-p.jpg?ts=1776076171650,"₩17,900",,,260622,브라운,,,,
,false,,ZARA,상의,탑,여성,리브드 스트랩 티셔츠,https://www.zara.com/kr/ko/%E1%84%85%E1%85%B5%E1%84%87%E1%85%B3%E1%84%83%E1%85%B3-%E1%84%89%E1%85%B3%E1%84%90%E1%85%B3%E1%84%85%E1%85%A2%E1%86%B8-%E1%84%90%E1%85%B5%E1%84%89%E1%85%A7%E1%84%8E%E1%85%B3-p05039001.html,https://static.zara.net/assets/public/0ae5/628c/b40640ffb6ba/774f6869cc42/05939001800-p/05939001800-p.jpg?ts=1776267149979,"₩29,900",,,260622,블랙,,,,
,false,,ZARA,상의,티셔츠,여성,레이스 보트넥 탑,https://www.zara.com/kr/ko/%E1%84%85%E1%85%A6%E1%84%8B%E1%85%B5%E1%84%89%E1%85%B3-%E1%84%87%E1%85%A9%E1%84%90%E1%85%B3%E1%84%82%E1%85%A6%E1%86%A8-%E1%84%90%E1%85%A1%E1%86%B8-p05584393.html,https://static.zara.net/assets/public/f0a6/306e/8dbb4a5997e4/671054fb42cf/05584393251-p/05584393251-p.jpg?ts=1774014494487,"₩29,900",,,260622,스크래치 화이트,,,,
,false,,ZARA,상의,셔츠/블라우스,여성,리본 스트럭처 탑,https://www.zara.com/kr/ko/%E1%84%85%E1%85%B5%E1%84%87%E1%85%A9%E1%86%AB-%E1%84%89%E1%85%B3%E1%84%90%E1%85%B3%E1%84%85%E1%85%A5%E1%86%A8%E1%84%8E%E1%85%A5-%E1%84%90%E1%85%A1%E1%86%B8-p07521020.html,https://static.zara.net/assets/public/c61d/4866/23224fcfaaa3/bff8bbd1fb6b/04661070725-001-p/04661070725-001-p.jpg?ts=1770211583201,"₩49,900",,,260622,버터,,,,
,false,,ZARA,상의,셔츠/블라우스,여성,워싱 포플린 크롭 탑,https://www.zara.com/kr/ko/%E1%84%8B%E1%85%AF%E1%84%89%E1%85%B5%E1%86%BC-%E1%84%91%E1%85%A9%E1%84%91%E1%85%B3%E1%86%AF%E1%84%85%E1%85%B5%E1%86%AB-%E1%84%8F%E1%85%B3%E1%84%85%E1%85%A9%E1%86%B8-%E1%84%90%E1%85%A1%E1%86%B8-p07521022.html,https://static.zara.net/assets/public/4861/ddcd/2d8a4b3ebaac/30c43a9e37e4/07521022505-a2/07521022505-a2.jpg?ts=1770192157037,"₩49,900",,,260622,카키,,,,
,false,,ZARA,상의,셔츠/블라우스,여성,세미 시스루 조젯 탑,https://www.zara.com/kr/ko/%E1%84%89%E1%85%A6%E1%84%86%E1%85%B5-%E1%84%89%E1%85%B5%E1%84%89%E1%85%B3%E1%84%85%E1%85%AE-%E1%84%8C%E1%85%A9%E1%84%8C%E1%85%A6%E1%86%BA-%E1%84%90%E1%85%A1%E1%86%B8-p04764044.html,https://static.zara.net/assets/public/e04f/463a/0c2246afa9e2/329d05818a20/07200011064-p/07200011064-p.jpg?ts=1769099080816,"₩45,900",,,260622,"화이트,블랙",,,,
,false,,ZARA,상의,티셔츠,여성,레이스 스트랩 탑,https://www.zara.com/kr/ko/%E1%84%85%E1%85%A6%E1%84%8B%E1%85%B5%E1%84%89%E1%85%B3-%E1%84%89%E1%85%B3%E1%84%90%E1%85%B3%E1%84%85%E1%85%A2%E1%86%B8-%E1%84%90%E1%85%A1%E1%86%B8-p04174342.html,https://static.zara.net/assets/public/2a09/afef/13e04d0b8e47/587a4cfd5301/04174342800-p/04174342800-p.jpg?ts=1778078332956,"₩21,900",,,260622,블랙,,,,
,false,,ZARA,상의,티셔츠,여성,레이스 스트랩 탑,https://www.zara.com/kr/ko/%E1%84%85%E1%85%A6%E1%84%8B%E1%85%B5%E1%84%89%E1%85%B3-%E1%84%89%E1%85%B3%E1%84%90%E1%85%B3%E1%84%85%E1%85%A2%E1%86%B8-%E1%84%90%E1%85%A1%E1%86%B8-p04174342.html,https://static.zara.net/assets/public/1988/caee/719940adb34d/cefda7e5533d/04174342700-p/04174342700-p.jpg?ts=1778153873374,"₩21,900",,,260622,브라운,,,,
,false,,ZARA,상의,티셔츠,여성,워싱 페이크 리브드 홀터넥 탑,https://www.zara.com/kr/ko/%E1%84%8B%E1%85%AF%E1%84%89%E1%85%B5%E1%86%BC-%E1%84%91%E1%85%A6%E1%84%8B%E1%85%B5%E1%84%8F%E1%85%B3-%E1%84%85%E1%85%B5%E1%84%87%E1%85%B3%E1%84%83%E1%85%B3-%E1%84%92%E1%85%A9%E1%86%AF%E1%84%90%E1%85%A5%E1%84%82%E1%85%A6%E1%86%A8-%E1%84%90%E1%85%A1%E1%86%B8-p03253300.html,https://static.zara.net/assets/public/abcc/e268/738a465da378/8a423149ddc5/03253300250-p/03253300250-p.jpg?ts=1774453978786,"₩21,900",,,260622,화이트,,,,
,false,,ZARA,상의,탑,여성,레이스 스트랩 탑,https://www.zara.com/kr/ko/%E1%84%85%E1%85%A6%E1%84%8B%E1%85%B5%E1%84%89%E1%85%B3-%E1%84%89%E1%85%B3%E1%84%90%E1%85%B3%E1%84%85%E1%85%A2%E1%86%B8-%E1%84%90%E1%85%A1%E1%86%B8-p05063362.html,https://static.zara.net/assets/public/87bc/e9e3/008f4e03a009/bc75063099ed/05063362727-p/05063362727-p.jpg?ts=1776412676246,"₩35,900",,,260622,바닐라,,,,
,false,,ZARA,상의,티셔츠,여성,워싱 페이크 레이스 크롭 탑,https://www.zara.com/kr/ko/%E1%84%8B%E1%85%AF%E1%84%89%E1%85%B5%E1%86%BC-%E1%84%85%E1%85%A6%E1%84%8B%E1%85%B5%E1%84%89%E1%85%B3-%E1%84%8F%E1%85%B3%E1%84%85%E1%85%A9%E1%86%B8-%E1%84%90%E1%85%A1%E1%86%B8-p05063360.html,https://static.zara.net/assets/public/99c1/bfdf/c6ef4f74800c/b22ecd85f5ef/05063360700-p/05063360700-p.jpg?ts=1776412673558,"₩45,900",,,260622,브라운,,,,
,false,,ZARA,기타,SWEATSHIRT,여성,크롭 워싱 페이크 티셔츠,https://www.zara.com/kr/ko/%E1%84%8B%E1%85%AF%E1%84%89%E1%85%B5%E1%86%BC-%E1%84%8F%E1%85%B3%E1%84%85%E1%85%A9%E1%86%B8-%E1%84%90%E1%85%B5%E1%84%89%E1%85%A7%E1%84%8E%E1%85%B3-p03253390.html,https://static.zara.net/assets/public/b502/5a2c/01ee45f4a081/fdddf894bfd5/03253390420-p/03253390420-p.jpg?ts=1776859851344,"₩35,900",,,260622,블루,,,,
,false,,ZARA,기타,SWEATSHIRT,여성,워싱 크롭 티셔츠,https://www.zara.com/kr/ko/%E1%84%8B%E1%85%AF%E1%84%89%E1%85%B5%E1%86%BC-%E1%84%8F%E1%85%B3%E1%84%85%E1%85%A9%E1%86%B8-%E1%84%90%E1%85%B5%E1%84%89%E1%85%A7%E1%84%8E%E1%85%B3-p03253390.html,https://static.zara.net/assets/public/eea8/3fc3/8fb840089904/21f197f22997/03253390806-p/03253390806-p.jpg?ts=1777030588094,"₩35,900",,,260622,스톤,,,,
,false,,ZARA,상의,티셔츠,여성,린넨 혼방 홀터넥 탑,https://www.zara.com/kr/ko/%E1%84%85%E1%85%B5%E1%86%AB%E1%84%82%E1%85%A6%E1%86%AB-%E1%84%92%E1%85%A9%E1%86%AB%E1%84%87%E1%85%A1%E1%86%BC-%E1%84%92%E1%85%A9%E1%86%AF%E1%84%90%E1%85%A5%E1%84%82%E1%85%A6%E1%86%A8-%E1%84%90%E1%85%A1%E1%86%B8-p02615303.html,https://static.zara.net/assets/public/be07/79a1/5cc947ed84f0/835cb9d31578/02615303803-p/02615303803-p.jpg?ts=1774609731376,"₩21,900",,,260622,그레이,,,,
,false,,ZARA,상의,티셔츠,여성,린넨 혼방 홀터넥 탑,https://www.zara.com/kr/ko/%E1%84%85%E1%85%B5%E1%86%AB%E1%84%82%E1%85%A6%E1%86%AB-%E1%84%92%E1%85%A9%E1%86%AB%E1%84%87%E1%85%A1%E1%86%BC-%E1%84%92%E1%85%A9%E1%86%AF%E1%84%90%E1%85%A5%E1%84%82%E1%85%A6%E1%86%A8-%E1%84%90%E1%85%A1%E1%86%B8-p02615303.html,https://static.zara.net/assets/public/d3d9/838a/5af84a0083b8/16267948bf2d/02615303720-p/02615303720-p.jpg?ts=1774611363746,"₩21,900",,,260622,그레이 베이지,,,,
,false,,ZARA,상의,티셔츠,여성,린넨 혼방 홀터넥 탑,https://www.zara.com/kr/ko/%E1%84%85%E1%85%B5%E1%86%AB%E1%84%82%E1%85%A6%E1%86%AB-%E1%84%92%E1%85%A9%E1%86%AB%E1%84%87%E1%85%A1%E1%86%BC-%E1%84%92%E1%85%A9%E1%86%AF%E1%84%90%E1%85%A5%E1%84%82%E1%85%A6%E1%86%A8-%E1%84%90%E1%85%A1%E1%86%B8-p02615303.html,https://static.zara.net/assets/public/ad39/9aba/4a9146aea4e2/ba8797008b03/02615303723-p/02615303723-p.jpg?ts=1774609731639,"₩21,900",,,260622,그레이 샌드,,,,
,false,,ZARA,상의,셔츠/블라우스,여성,ZW 컬렉션 프릴 탑,https://www.zara.com/kr/ko/zw-%E1%84%8F%E1%85%A5%E1%86%AF%E1%84%85%E1%85%A6%E1%86%A8%E1%84%89%E1%85%A7%E1%86%AB-%E1%84%91%E1%85%B3%E1%84%85%E1%85%B5%E1%86%AF-%E1%84%90%E1%85%A1%E1%86%B8-p02488113.html,https://static.zara.net/assets/public/3180/6753/077748a1a9b4/d5baa0947e22/02488113406-p/02488113406-p.jpg?ts=1779377109783,"₩59,900",,,260622,라이트 블루,,,,
,false,,ZARA,상의,셔츠/블라우스,여성,레이스 프릴 탑,https://www.zara.com/kr/ko/%E1%84%85%E1%85%A6%E1%84%8B%E1%85%B5%E1%84%89%E1%85%B3-%E1%84%91%E1%85%B3%E1%84%85%E1%85%B5%E1%86%AF-%E1%84%90%E1%85%A1%E1%86%B8-p07521028.html,https://static.zara.net/assets/public/6e99/cf24/c6c44ac597ca/7d029611c97f/07521018712-000-p/07521018712-000-p.jpg?ts=1772187015504,"₩59,900",,,260622,크림,,,,
,false,,ZARA,상의,셔츠/블라우스,여성,프릴 자수 탑,https://www.zara.com/kr/ko/%E1%84%8C%E1%85%A1%E1%84%89%E1%85%AE-%E1%84%91%E1%85%B3%E1%84%85%E1%85%B5%E1%86%AF-%E1%84%90%E1%85%A1%E1%86%B8-p07521018.html,https://static.zara.net/assets/public/257a/3beb/374f42fd8f11/f6a508aa4e42/07521018700-p/07521018700-p.jpg?ts=1772186754544,"₩59,900",,,260622,브라운,,,,
,false,,ZARA,기타,WAISTCOAT,여성,레이스 트리밍 탑,https://www.zara.com/kr/ko/%E1%84%89%E1%85%A1%E1%84%8B%E1%85%B5%E1%84%83%E1%85%B3-%E1%84%85%E1%85%A6%E1%84%8B%E1%85%B5%E1%84%89%E1%85%B3-%E1%84%90%E1%85%B3%E1%84%85%E1%85%B5%E1%84%86%E1%85%B5%E1%86%BC-%E1%84%90%E1%85%A1%E1%86%B8-p08372326.html,https://static.zara.net/assets/public/17e0/cba8/b76242bdb6b5/d6a08094b32d/08372326712-000-a2/08372326712-000-a2.jpg?ts=1779956082380,"₩57,900",,,260622,크림,,,,
,false,,ZARA,상의,셔츠/블라우스,여성,언밸런스 프릴 탑,https://www.zara.com/kr/ko/%E1%84%8B%E1%85%A5%E1%86%AB%E1%84%87%E1%85%A2%E1%86%AF%E1%84%85%E1%85%A5%E1%86%AB%E1%84%89%E1%85%B3-%E1%84%91%E1%85%B3%E1%84%85%E1%85%B5%E1%86%AF-%E1%84%90%E1%85%A1%E1%86%B8-p07484099.html,https://static.zara.net/assets/public/a41e/9d0c/08584ad5880f/f9467721171d/07484099633-a1/07484099633-a1.jpg?ts=1780476105801,"₩55,900",,,260622,워싱 로즈핑크,,,,
,false,,ZARA,상의,셔츠/블라우스,여성,토글 페플럼 탑,https://www.zara.com/kr/ko/%E1%84%90%E1%85%A9%E1%84%80%E1%85%B3%E1%86%AF-%E1%84%91%E1%85%A6%E1%84%91%E1%85%B3%E1%86%AF%E1%84%85%E1%85%A5%E1%86%B7-%E1%84%90%E1%85%A1%E1%86%B8-p05029258.html,https://static.zara.net/assets/public/47e4/b37a/7d0740f8a788/c2885505edb1/05029258800-p/05029258800-p.jpg?ts=1780476029291,"₩57,900",,,260622,블랙,,,,
,false,,ZARA,상의,셔츠/블라우스,여성,ZW 컬렉션 플리츠 탑,https://www.zara.com/kr/ko/zw-%E1%84%8F%E1%85%A5%E1%86%AF%E1%84%85%E1%85%A6%E1%86%A8%E1%84%89%E1%85%A7%E1%86%AB-%E1%84%91%E1%85%B3%E1%86%AF%E1%84%85%E1%85%B5%E1%84%8E%E1%85%B3-%E1%84%90%E1%85%A1%E1%86%B8-p04786164.html,https://static.zara.net/assets/public/e895/2b41/e7dc49f1a866/6a04c8ef5cda/04786164712-p/04786164712-p.jpg?ts=1780569323598,"₩149,900",,,260622,크림,,,,
,false,,ZARA,상의,셔츠/블라우스,여성,ZW 컬렉션 플리츠 홀터넥 탑,https://www.zara.com/kr/ko/zw-%E1%84%8F%E1%85%A5%E1%86%AF%E1%84%85%E1%85%A6%E1%86%A8%E1%84%89%E1%85%A7%E1%86%AB-%E1%84%91%E1%85%B3%E1%86%AF%E1%84%85%E1%85%B5%E1%84%8E%E1%85%B3-%E1%84%92%E1%85%A9%E1%86%AF%E1%84%90%E1%85%A5%E1%84%82%E1%85%A6%E1%86%A8-%E1%84%90%E1%85%A1%E1%86%B8-p02678002.html,https://static.zara.net/assets/public/29cb/beb9/88a6498ca343/ff8c36e60d04/02678002101-p/02678002101-p.jpg?ts=1780387917636,"₩79,900",,,260622,"펄,베이지",,,,
,false,,ZARA,상의,셔츠/블라우스,여성,도트 포플린 포켓 탑,https://www.zara.com/kr/ko/%E1%84%83%E1%85%A9%E1%84%90%E1%85%B3-%E1%84%91%E1%85%A9%E1%84%8F%E1%85%A6%E1%86%BA-%E1%84%91%E1%85%A9%E1%84%91%E1%85%B3%E1%86%AF%E1%84%85%E1%85%B5%E1%86%AB-%E1%84%90%E1%85%A1%E1%86%B8-p01210064.html,https://static.zara.net/assets/public/4f14/152a/7287449b97fc/b7d5321d292f/01210064070-1-p/01210064070-1-p.jpg?ts=1779435482358,"₩55,900",,,260622,"크림,블랙",,,,
,false,,ZARA,상의,셔츠/블라우스,여성,깅엄체크 허니콤 탑,https://www.zara.com/kr/ko/%E1%84%80%E1%85%B5%E1%86%BC%E1%84%8B%E1%85%A5%E1%86%B7%E1%84%8E%E1%85%A6%E1%84%8F%E1%85%B3-%E1%84%92%E1%85%A5%E1%84%82%E1%85%B5%E1%84%8F%E1%85%A9%E1%86%B7-%E1%84%90%E1%85%A1%E1%86%B8-p05029149.html,https://static.zara.net/assets/public/329a/dc9c/f5ce4133a04b/80214a88d560/05029149120-p/05029149120-p.jpg?ts=1777032341079,"₩55,900",,,260622,녹색,,,,
,false,,ZARA,상의,셔츠/블라우스,여성,체리 자수 깅엄 체크 탑,https://www.zara.com/kr/ko/%E1%84%8E%E1%85%A6%E1%84%85%E1%85%B5-%E1%84%8C%E1%85%A1%E1%84%89%E1%85%AE-%E1%84%80%E1%85%B5%E1%86%BC%E1%84%8B%E1%85%A5%E1%86%B7-%E1%84%8E%E1%85%A6%E1%84%8F%E1%85%B3-%E1%84%90%E1%85%A1%E1%86%B8-p03564093.html,https://static.zara.net/assets/public/2237/38f2/a42542578889/3dcfaafdfdfd/03564093064-p/03564093064-p.jpg?ts=1777032335928,"₩55,900",,,260622,"화이트,블랙",,,,
,false,,ZARA,상의,셔츠/블라우스,여성,린넨 언밸런스 숄더 패드 탑,https://www.zara.com/kr/ko/%E1%84%85%E1%85%B5%E1%86%AB%E1%84%82%E1%85%A6%E1%86%AB-%E1%84%87%E1%85%B3%E1%86%AF%E1%84%85%E1%85%A6%E1%86%AB%E1%84%83%E1%85%B3-%E1%84%8B%E1%85%A5%E1%86%AB%E1%84%87%E1%85%A2%E1%86%AF%E1%84%85%E1%85%A5%E1%86%AB%E1%84%89%E1%85%B3-%E1%84%89%E1%85%AD%E1%86%AF%E1%84%83%E1%85%A5-%E1%84%91%E1%85%A2%E1%84%83%E1%85%B3-%E1%84%90%E1%85%A1%E1%86%B8-p02782736.html,https://static.zara.net/assets/public/dce3/b792/2b084e1ab255/210f24cab1a8/02782736405-p/02782736405-p.jpg?ts=1776167583613,"₩55,900",,,260622,인디고,,,,
,false,,ZARA,상의,니트,여성,스트라이프 니트 반소매 폴로셔츠,https://www.zara.com/kr/ko/%E1%84%89%E1%85%B3%E1%84%90%E1%85%B3%E1%84%85%E1%85%A1%E1%84%8B%E1%85%B5%E1%84%91%E1%85%B3-%E1%84%82%E1%85%B5%E1%84%90%E1%85%B3-%E1%84%87%E1%85%A1%E1%86%AB%E1%84%89%E1%85%A9%E1%84%86%E1%85%A2-%E1%84%91%E1%85%A9%E1%86%AF%E1%84%85%E1%85%A9%E1%84%89%E1%85%A7%E1%84%8E%E1%85%B3-p05755053.html,https://static.zara.net/assets/public/5839/0f79/64fa40ffa6d1/c04da0f3e83a/05755053600-a5/05755053600-a5.jpg?ts=1776957594399,"₩45,900",,,260622,레드,,,,
,false,,ZARA,상의,셔츠/블라우스,여성,레이스 새틴 탑,https://www.zara.com/kr/ko/%E1%84%85%E1%85%A6%E1%84%8B%E1%85%B5%E1%84%89%E1%85%B3-%E1%84%89%E1%85%A2%E1%84%90%E1%85%B5%E1%86%AB-%E1%84%90%E1%85%A1%E1%86%B8-p04764002.html,https://static.zara.net/assets/public/6abb/3807/f73149c890bc/49e75ba4d592/04764002804-p/04764002804-p.jpg?ts=1770835955443,"₩49,900",,,260622,펄 그레이,,,,
,false,,ZARA,상의,셔츠/블라우스,여성,플라워 스트라이프 코르셋 탑,https://www.zara.com/kr/ko/%E1%84%91%E1%85%B3%E1%86%AF%E1%84%85%E1%85%A1%E1%84%8B%E1%85%AF-%E1%84%89%E1%85%B3%E1%84%90%E1%85%B3%E1%84%85%E1%85%A1%E1%84%8B%E1%85%B5%E1%84%91%E1%85%B3-%E1%84%8F%E1%85%A9%E1%84%85%E1%85%B3%E1%84%89%E1%85%A6%E1%86%BA-%E1%84%90%E1%85%A1%E1%86%B8-p03231544.html,https://static.zara.net/assets/public/e6c1/683b/5e0642f5a376/fb176e91535d/03231544620-p/03231544620-p.jpg?ts=1776866674598,"₩49,900",,,260622,로즈핑크,,,,
,false,,ZARA,상의,셔츠/블라우스,여성,펀칭 자수 글로브 탑,https://www.zara.com/kr/ko/%E1%84%91%E1%85%A5%E1%86%AB%E1%84%8E%E1%85%B5%E1%86%BC-%E1%84%8C%E1%85%A1%E1%84%89%E1%85%AE-%E1%84%80%E1%85%B3%E1%86%AF%E1%84%85%E1%85%A9%E1%84%87%E1%85%B3-%E1%84%90%E1%85%A1%E1%86%B8-p07969039.html,https://static.zara.net/assets/public/fe85/00c8/fda043ed9f5b/d57674b456cc/07969039712-p/07969039712-p.jpg?ts=1775748404664,"₩49,900",,,260622,크림,,,,
,false,,ZARA,상의,셔츠/블라우스,여성,자수 옆면 스트링 탑,https://www.zara.com/kr/ko/%E1%84%8C%E1%85%A1%E1%84%89%E1%85%AE-%E1%84%8B%E1%85%A7%E1%87%81%E1%84%86%E1%85%A7%E1%86%AB-%E1%84%89%E1%85%B3%E1%84%90%E1%85%B3%E1%84%85%E1%85%B5%E1%86%BC-%E1%84%90%E1%85%A1%E1%86%B8-p07200024.html,https://static.zara.net/assets/public/54b6/9a89/74124c9fb15e/2cb8be22cdbf/07200024712-p/07200024712-p.jpg?ts=1775748397995,"₩49,900",,,260622,크림,,,,
,false,,ZARA,상의,탑,여성,보트넥 니트 탑,https://www.zara.com/kr/ko/%E1%84%87%E1%85%A9%E1%84%90%E1%85%B3%E1%84%82%E1%85%A6%E1%86%A8-%E1%84%82%E1%85%B5%E1%84%90%E1%85%B3-%E1%84%90%E1%85%A1%E1%86%B8-p02142154.html,https://static.zara.net/assets/public/1b56/05ab/5b41485cbe93/67efccf08443/02142154800-p/02142154800-p.jpg?ts=1778586828600,"₩49,900",,,260622,블랙,,,,
,false,,ZARA,상의,셔츠/블라우스,여성,나일론 프릴 탑,https://www.zara.com/kr/ko/%E1%84%82%E1%85%A1%E1%84%8B%E1%85%B5%E1%86%AF%E1%84%85%E1%85%A9%E1%86%AB-%E1%84%91%E1%85%B3%E1%84%85%E1%85%B5%E1%86%AF-%E1%84%90%E1%85%A1%E1%86%B8-p02196125.html,https://static.zara.net/assets/public/a2f9/354e/7796419ab10d/ab124a9a5efd/02196125250-p/02196125250-p.jpg?ts=1772788191849,"₩49,900",,,260622,화이트,,,,
,false,,ZARA,상의,셔츠/블라우스,여성,스트라이프 페플럼 탑,https://www.zara.com/kr/ko/%E1%84%89%E1%85%B3%E1%84%90%E1%85%B3%E1%84%85%E1%85%A1%E1%84%8B%E1%85%B5%E1%84%91%E1%85%B3-%E1%84%91%E1%85%A6%E1%84%91%E1%85%B3%E1%86%AF%E1%84%85%E1%85%A5%E1%86%B7-%E1%84%90%E1%85%A1%E1%86%B8-p02824651.html,https://static.zara.net/assets/public/53c3/890f/dfdc4ca5aee9/a4665857e7e6/02824651620-a2/02824651620-a2.jpg?ts=1779202412132,"₩49,900",,,260622,로즈핑크,,,,
,false,,ZARA,상의,탑,여성,레이스 스트랩 탑,https://www.zara.com/kr/ko/%E1%84%85%E1%85%A6%E1%84%8B%E1%85%B5%E1%84%89%E1%85%B3-%E1%84%89%E1%85%B3%E1%84%90%E1%85%B3%E1%84%85%E1%85%A2%E1%86%B8-%E1%84%90%E1%85%A1%E1%86%B8-p01067019.html,https://static.zara.net/assets/public/8aa6/86e1/d5d949d7b8c1/c7696cbca817/01067019800-p/01067019800-p.jpg?ts=1774613895048,"₩45,900",,,260622,블랙,,,,
,false,,ZARA,상의,탑,여성,레이스 스트랩 탑,https://www.zara.com/kr/ko/%E1%84%85%E1%85%A6%E1%84%8B%E1%85%B5%E1%84%89%E1%85%B3-%E1%84%89%E1%85%B3%E1%84%90%E1%85%B3%E1%84%85%E1%85%A2%E1%86%B8-%E1%84%90%E1%85%A1%E1%86%B8-p04344172.html,https://static.zara.net/assets/public/52db/af31/a88b457a9c21/ea5442109a70/04344172800-p/04344172800-p.jpg?ts=1774613894612,"₩49,900",,,260622,블랙,,,,
,false,,ZARA,상의,니트,여성,도트 니트 폴로셔츠,https://www.zara.com/kr/ko/%E1%84%83%E1%85%A9%E1%84%90%E1%85%B3-%E1%84%82%E1%85%B5%E1%84%90%E1%85%B3-%E1%84%91%E1%85%A9%E1%86%AF%E1%84%85%E1%85%A9%E1%84%89%E1%85%A7%E1%84%8E%E1%85%B3-p04938030.html,https://static.zara.net/assets/public/aee2/ce6c/106d4c79be13/0a7327fbfe7d/04938030400-p/04938030400-p.jpg?ts=1777979471333,"₩49,900",,,260622,블루,,,,
,false,,ZARA,상의,탑,여성,로맨틱 리본 탑,https://www.zara.com/kr/ko/%E1%84%85%E1%85%A9%E1%84%86%E1%85%A2%E1%86%AB%E1%84%90%E1%85%B5%E1%86%A8-%E1%84%85%E1%85%B5%E1%84%87%E1%85%A9%E1%86%AB-%E1%84%90%E1%85%A1%E1%86%B8-p09874005.html,https://static.zara.net/assets/public/1e41/3e6b/53c74724b4f2/fae8cd7fa1ff/09874005629-p/09874005629-p.jpg?ts=1777282913445,"₩49,900",,,260622,라일락,,,,
,false,,ZARA,상의,셔츠/블라우스,여성,패턴 뷔스티에 탑,https://www.zara.com/kr/ko/%E1%84%91%E1%85%A2%E1%84%90%E1%85%A5%E1%86%AB-%E1%84%87%E1%85%B1%E1%84%89%E1%85%B3%E1%84%90%E1%85%B5%E1%84%8B%E1%85%A6-%E1%84%90%E1%85%A1%E1%86%B8-p02587055.html,https://static.zara.net/assets/public/d241/fff8/26ad43eca595/375976575e78/02587055107-a3/02587055107-a3.jpg?ts=1779205285169,"₩55,900",,,260622,107,,,,
,false,,ZARA,상의,셔츠/블라우스,여성,스트라이프 페플럼 홀터넥 셔츠,https://www.zara.com/kr/ko/%E1%84%89%E1%85%B3%E1%84%90%E1%85%B3%E1%84%85%E1%85%A1%E1%84%8B%E1%85%B5%E1%84%91%E1%85%B3-%E1%84%91%E1%85%A6%E1%84%91%E1%85%B3%E1%86%AF%E1%84%85%E1%85%A5%E1%86%B7-%E1%84%92%E1%85%A9%E1%86%AF%E1%84%90%E1%85%A5%E1%84%82%E1%85%A6%E1%86%A8-%E1%84%89%E1%85%A7%E1%84%8E%E1%85%B3-p03030577.html,https://static.zara.net/assets/public/c520/efb6/18ec4c97963f/9354a80ca696/03030577080-p/03030577080-p.jpg?ts=1779205299976,"₩49,900",,,260622,"크림,블루",,,,
,false,,ZARA,상의,셔츠/블라우스,여성,도트 리본 탑,https://www.zara.com/kr/ko/%E1%84%83%E1%85%A9%E1%84%90%E1%85%B3-%E1%84%85%E1%85%B5%E1%84%87%E1%85%A9%E1%86%AB-%E1%84%90%E1%85%A1%E1%86%B8-p03053483.html,https://static.zara.net/assets/public/6987/df33/266745b78ac1/8f15a7aee37d/03053483030-p/03053483030-p.jpg?ts=1778229906526,"₩49,900",,,260622,"블루,블랙",,,,
,false,,ZARA,상의,셔츠/블라우스,여성,프릴 도트 탑,https://www.zara.com/kr/ko/%E1%84%83%E1%85%A9%E1%84%90%E1%85%B3-%E1%84%91%E1%85%B3%E1%84%85%E1%85%B5%E1%86%AF-%E1%84%90%E1%85%A1%E1%86%B8-p05029145.html,https://static.zara.net/assets/public/d9df/1909/b23b42b58606/89446a2b38a7/05029145068-p/05029145068-p.jpg?ts=1778230029603,"₩49,900",,,260622,"크림,석류",,,,
,false,,ZARA,기타,WAISTCOAT,여성,콤비 스티치 베스트 탑,https://www.zara.com/kr/ko/%E1%84%8F%E1%85%A9%E1%86%B7%E1%84%87%E1%85%B5-%E1%84%89%E1%85%B3%E1%84%90%E1%85%B5%E1%84%8E%E1%85%B5-%E1%84%87%E1%85%A6%E1%84%89%E1%85%B3%E1%84%90%E1%85%B3-%E1%84%90%E1%85%A1%E1%86%B8-p08372323.html,https://static.zara.net/assets/public/1c82/aec4/b5c94ef89e0f/601baf34a9e6/08372323711-a1/08372323711-a1.jpg?ts=1781106118820,"₩49,900",,,260622,샌드,,,,
,false,,ZARA,상의,탑,여성,코르셋 니트 탑,https://www.zara.com/kr/ko/%E1%84%8F%E1%85%A9%E1%84%85%E1%85%B3%E1%84%89%E1%85%A6%E1%86%BA-%E1%84%82%E1%85%B5%E1%84%90%E1%85%B3-%E1%84%90%E1%85%A1%E1%86%B8-p02142075.html,https://static.zara.net/assets/public/8327/cd37/8bcc4c38af81/1d7cad406568/02142075712-p/02142075712-p.jpg?ts=1772186714787,"₩49,900",,,260622,크림,,,,
,false,,ZARA,상의,셔츠/블라우스,여성,홀터넥 페플럼 셔츠,https://www.zara.com/kr/ko/%E1%84%91%E1%85%A6%E1%84%91%E1%85%B3%E1%86%AF%E1%84%85%E1%85%A5%E1%86%B7-%E1%84%92%E1%85%A9%E1%86%AF%E1%84%90%E1%85%A5%E1%84%82%E1%85%A6%E1%86%A8-%E1%84%89%E1%85%A7%E1%84%8E%E1%85%B3-p01165133.html,https://static.zara.net/assets/public/0498/3ed2/0db44ad5a8ae/1524a164abbb/01165133250-a2/01165133250-a2.jpg?ts=1781707975137,"₩49,900",,,260622,화이트,,,,
,false,,ZARA,상의,셔츠/블라우스,여성,펀칭 자수 토글 탑,https://www.zara.com/kr/ko/%E1%84%91%E1%85%A5%E1%86%AB%E1%84%8E%E1%85%B5%E1%86%BC-%E1%84%8C%E1%85%A1%E1%84%89%E1%85%AE-%E1%84%90%E1%85%A9%E1%84%80%E1%85%B3%E1%86%AF-%E1%84%90%E1%85%A1%E1%86%B8-p03019656.html,https://static.zara.net/assets/public/81ce/03a4/2a994484af5e/608053a2a53a/03019656712-p/03019656712-p.jpg?ts=1781707975305,"₩55,900",,,260622,크림,,,,
,false,,ZARA,상의,탑,여성,루즈핏 브이넥 니트 스웨터,https://www.zara.com/kr/ko/%E1%84%85%E1%85%AE%E1%84%8C%E1%85%B3%E1%84%91%E1%85%B5%E1%86%BA-%E1%84%87%E1%85%B3%E1%84%8B%E1%85%B5%E1%84%82%E1%85%A6%E1%86%A8-%E1%84%82%E1%85%B5%E1%84%90%E1%85%B3-%E1%84%89%E1%85%B3%E1%84%8B%E1%85%B0%E1%84%90%E1%85%A5-p03471006.html,https://static.zara.net/assets/public/2bea/78bf/88e54616aeb0/f3096fd7946e/03471006800-p/03471006800-p.jpg?ts=1772470785454,"₩49,900",,,260622,블랙,,,,
,false,,ZARA,상의,탑,여성,루즈핏 브이넥 니트 스웨터,https://www.zara.com/kr/ko/%E1%84%85%E1%85%AE%E1%84%8C%E1%85%B3%E1%84%91%E1%85%B5%E1%86%BA-%E1%84%87%E1%85%B3%E1%84%8B%E1%85%B5%E1%84%82%E1%85%A6%E1%86%A8-%E1%84%82%E1%85%B5%E1%84%90%E1%85%B3-%E1%84%89%E1%85%B3%E1%84%8B%E1%85%B0%E1%84%90%E1%85%A5-p03471006.html,https://static.zara.net/assets/public/fb09/f4b5/dfa143c0a875/2b04ddb4dad6/00858038250-1-p/00858038250-1-p.jpg?ts=1772191932266,"₩49,900",,,260622,화이트,,,,
,false,,ZARA,상의,니트,여성,쇼트 슬리브 니트 폴로셔츠,https://www.zara.com/kr/ko/%E1%84%89%E1%85%AD%E1%84%90%E1%85%B3-%E1%84%89%E1%85%B3%E1%86%AF%E1%84%85%E1%85%B5%E1%84%87%E1%85%B3-%E1%84%82%E1%85%B5%E1%84%90%E1%85%B3-%E1%84%91%E1%85%A9%E1%86%AF%E1%84%85%E1%85%A9%E1%84%89%E1%85%A7%E1%84%8E%E1%85%B3-p02142257.html,https://static.zara.net/assets/public/57de/83b2/564a4b419682/75a90dbf5c36/02142257645-a2/02142257645-a2.jpg?ts=1778835390614,"₩49,900",,,260622,미디움 로즈,,,,
,false,,ZARA,상의,니트,여성,스트라이프 니트 반소매 폴로셔츠,https://www.zara.com/kr/ko/%E1%84%89%E1%85%B3%E1%84%90%E1%85%B3%E1%84%85%E1%85%A1%E1%84%8B%E1%85%B5%E1%84%91%E1%85%B3-%E1%84%82%E1%85%B5%E1%84%90%E1%85%B3-%E1%84%87%E1%85%A1%E1%86%AB%E1%84%89%E1%85%A9%E1%84%86%E1%85%A2-%E1%84%91%E1%85%A9%E1%86%AF%E1%84%85%E1%85%A9%E1%84%89%E1%85%A7%E1%84%8E%E1%85%B3-p05755053.html,https://static.zara.net/assets/public/f16c/4c4b/a0fe46a49f50/53d3a8094711/05755053500-p/05755053500-p.jpg?ts=1777032340526,"₩45,900",,,260622,초록,,,,
,false,,ZARA,상의,탑,여성,오프숄더 스트라이프 니트 탑,https://www.zara.com/kr/ko/%E1%84%8B%E1%85%A9%E1%84%91%E1%85%B3%E1%84%89%E1%85%AD%E1%86%AF%E1%84%83%E1%85%A5-%E1%84%89%E1%85%B3%E1%84%90%E1%85%B3%E1%84%85%E1%85%A1%E1%84%8B%E1%85%B5%E1%84%91%E1%85%B3-%E1%84%82%E1%85%B5%E1%84%90%E1%85%B3-%E1%84%90%E1%85%A1%E1%86%B8-p04938024.html,https://static.zara.net/assets/public/ce03/032e/501b489fb57e/2dffc3a83884/04938024050-p/04938024050-p.jpg?ts=1777979463819,"₩45,900",,,260622,단색,,,,
,false,,ZARA,상의,탑,여성,허니콤 스트라이프 탑,https://www.zara.com/kr/ko/%E1%84%89%E1%85%B3%E1%84%90%E1%85%B3%E1%84%85%E1%85%A1%E1%84%8B%E1%85%B5%E1%84%91%E1%85%B3-%E1%84%92%E1%85%A5%E1%84%82%E1%85%B5%E1%84%8F%E1%85%A9%E1%86%B7-%E1%84%90%E1%85%A1%E1%86%B8-p05802034.html,https://static.zara.net/assets/public/785d/9586/3dfe4c53b268/bd93f0908081/05802034330-p/05802034330-p.jpg?ts=1777979476530,"₩49,900",,,260622,멀티컬러,,,,
,false,,ZARA,상의,셔츠/블라우스,여성,새틴 홀터넥 탑,https://www.zara.com/kr/ko/%E1%84%89%E1%85%A2%E1%84%90%E1%85%B5%E1%86%AB-%E1%84%92%E1%85%A9%E1%86%AF%E1%84%90%E1%85%A5%E1%84%82%E1%85%A6%E1%86%A8-%E1%84%90%E1%85%A1%E1%86%B8-p02157221.html,https://static.zara.net/assets/public/5b24/0b3a/a2104ef6a111/ae35accfbcf4/02231399506-a2/02231399506-a2.jpg?ts=1776845210137,"₩45,900",,,260622,라이트 카키,,,,
,false,,ZARA,상의,탑,여성,허니콤 니트 탑,https://www.zara.com/kr/ko/%E1%84%92%E1%85%A5%E1%84%82%E1%85%B5%E1%84%8F%E1%85%A9%E1%86%B7-%E1%84%82%E1%85%B5%E1%84%90%E1%85%B3-%E1%84%90%E1%85%A1%E1%86%B8-p00014026.html,https://static.zara.net/assets/public/40bb/e9d7/cfda4bec8340/9166ec4cd400/00014026800-p/00014026800-p.jpg?ts=1779809682653,"₩45,900",,,260622,블랙,,,,
,false,,ZARA,상의,셔츠/블라우스,여성,새틴 홀터넥 탑,https://www.zara.com/kr/ko/%E1%84%89%E1%85%A2%E1%84%90%E1%85%B5%E1%86%AB-%E1%84%92%E1%85%A9%E1%86%AF%E1%84%90%E1%85%A5%E1%84%82%E1%85%A6%E1%86%A8-%E1%84%90%E1%85%A1%E1%86%B8-p02157221.html,https://static.zara.net/assets/public/0dc1/5c44/e65f43c5ac3d/2af63e7e04fe/08016399700-p/08016399700-p.jpg?ts=1765876071921,"₩45,900",,,260622,브라운,,,,
,false,,ZARA,상의,셔츠/블라우스,여성,세미 시스루 조젯 탑,https://www.zara.com/kr/ko/%E1%84%89%E1%85%A6%E1%84%86%E1%85%B5-%E1%84%89%E1%85%B5%E1%84%89%E1%85%B3%E1%84%85%E1%85%AE-%E1%84%8C%E1%85%A9%E1%84%8C%E1%85%A6%E1%86%BA-%E1%84%90%E1%85%A1%E1%86%B8-p04764044.html,https://static.zara.net/assets/public/1b17/70d3/bc114add8100/afab848cc561/07200011064-p/07200011064-p.jpg?ts=1769157418330,"₩45,900",,,260622,"화이트,블랙",,,,
,false,,ZARA,상의,셔츠/블라우스,여성,도트 홀터넥 탑,https://www.zara.com/kr/ko/%E1%84%92%E1%85%A1%E1%84%90%E1%85%B3-%E1%84%82%E1%85%A6%E1%84%8F%E1%85%B3%E1%84%85%E1%85%A1%E1%84%8B%E1%85%B5%E1%86%AB-%E1%84%92%E1%85%A9%E1%86%AF%E1%84%90%E1%85%A5%E1%84%82%E1%85%A6%E1%86%A8-%E1%84%90%E1%85%A1%E1%86%B8-p04772023.html,https://static.zara.net/assets/public/2f66/1b38/f24c4e8e80fc/eb9d8bba1312/04772023084-a2/04772023084-a2.jpg?ts=1781172033634,"₩45,900",,,260622,"블랙,화이트",,,,
,false,,ZARA,상의,탑,여성,라운드 밑단 홀터넥 탑,https://www.zara.com/kr/ko/%E1%84%85%E1%85%A1%E1%84%8B%E1%85%AE%E1%86%AB%E1%84%83%E1%85%B3-%E1%84%86%E1%85%B5%E1%87%80%E1%84%83%E1%85%A1%E1%86%AB-%E1%84%92%E1%85%A9%E1%86%AF%E1%84%90%E1%85%A5%E1%84%82%E1%85%A6%E1%86%A8-%E1%84%90%E1%85%A1%E1%86%B8-p04424332.html,https://static.zara.net/assets/public/1f62/11f3/7d0045d2a266/67fc4f0b72f3/04424332300-p/04424332300-p.jpg?ts=1781785601310,"₩17,900",,,260622,노랑,,,,
,false,,ZARA,상의,탑,여성,라운드 밑단 홀터넥 탑,https://www.zara.com/kr/ko/%E1%84%85%E1%85%A1%E1%84%8B%E1%85%AE%E1%86%AB%E1%84%83%E1%85%B3-%E1%84%86%E1%85%B5%E1%87%80%E1%84%83%E1%85%A1%E1%86%AB-%E1%84%92%E1%85%A9%E1%86%AF%E1%84%90%E1%85%A5%E1%84%82%E1%85%A6%E1%86%A8-%E1%84%90%E1%85%A1%E1%86%B8-p04424332.html,https://static.zara.net/assets/public/c1b7/5013/de704172adcf/2c86acdb780c/04424332250-a1/04424332250-a1.jpg?ts=1781785604564,"₩17,900",,,260622,화이트,,,,
,false,,ZARA,상의,니트,여성,스트라이프 니트 탑,https://www.zara.com/kr/ko/%E1%84%89%E1%85%B3%E1%84%90%E1%85%B3%E1%84%85%E1%85%A1%E1%84%8B%E1%85%B5%E1%84%91%E1%85%B3-%E1%84%82%E1%85%B5%E1%84%90%E1%85%B3-%E1%84%90%E1%85%A1%E1%86%B8-p00244003.html,https://static.zara.net/assets/public/b3a9/14f6/44344325b5fa/5504c620f19c/00244003048-p/00244003048-p.jpg?ts=1777992018187,"₩39,900",,,260622,화이트-오렌지,,,,
,false,,ZARA,상의,탑,여성,레이스 리본 탑,https://www.zara.com/kr/ko/%E1%84%85%E1%85%A6%E1%84%8B%E1%85%B5%E1%84%89%E1%85%B3-%E1%84%85%E1%85%B5%E1%84%87%E1%85%A9%E1%86%AB-%E1%84%90%E1%85%A1%E1%86%B8-p06050317.html,https://static.zara.net/assets/public/fa49/eb29/45c540848e74/52062b8e8570/06050317306-p/06050317306-p.jpg?ts=1774014502984,"₩39,900",,,260622,라이트 옐로우,,,,
,false,,ZARA,상의,탑,여성,100% 울 리브드 탑,https://www.zara.com/kr/ko/100-%E1%84%8B%E1%85%AE%E1%86%AF-%E1%84%85%E1%85%B5%E1%84%87%E1%85%B3%E1%84%83%E1%85%B3-%E1%84%90%E1%85%A1%E1%86%B8-p08779105.html,https://static.zara.net/assets/public/3e1f/aa94/583c4c569bb0/9d71ae8313ee/08779105802-p/08779105802-p.jpg?ts=1766999975995,"₩109,900",,,260622,그레이,,,,
,false,,ZARA,상의,탑,여성,100% 울 리브드 탑,https://www.zara.com/kr/ko/100-%E1%84%8B%E1%85%AE%E1%86%AF-%E1%84%85%E1%85%B5%E1%84%87%E1%85%B3%E1%84%83%E1%85%B3-%E1%84%90%E1%85%A1%E1%86%B8-p08779105.html,https://static.zara.net/assets/public/bdd0/1c09/c42942fb85cd/e78b971e6c13/08779105712-p/08779105712-p.jpg?ts=1766999975899,"₩109,900",,,260622,크림,,,,
,false,,ZARA,상의,티셔츠,여성,플라워 슬리브리스 탑,https://www.zara.com/kr/ko/%E1%84%91%E1%85%B3%E1%86%AF%E1%84%85%E1%85%A1%E1%84%8B%E1%85%AF-%E1%84%89%E1%85%B3%E1%86%AF%E1%84%85%E1%85%B5%E1%84%87%E1%85%B3%E1%84%85%E1%85%B5%E1%84%89%E1%85%B3-%E1%84%90%E1%85%A1%E1%86%B8-p01131008.html,https://static.zara.net/assets/public/b41c/d7b0/2e3b4e748ec0/9a5210a301c1/01131008251-p/01131008251-p.jpg?ts=1775638259197,"₩35,900",,,260622,스크래치 화이트,,,,
,false,,ZARA,상의,탑,여성,리브드 니트 탑,https://www.zara.com/kr/ko/%E1%84%85%E1%85%B5%E1%84%87%E1%85%B3%E1%84%83%E1%85%B3-%E1%84%82%E1%85%B5%E1%84%90%E1%85%B3-%E1%84%90%E1%85%A1%E1%86%B8-p00244004.html,https://static.zara.net/assets/public/556e/e32f/6e104e4dbcc9/016e5fcf9a08/00244004250-p/00244004250-p.jpg?ts=1781684668236,"₩35,900",,,260622,화이트,,,,
,false,,ZARA,상의,티셔츠,여성,폴리아미드 혼방 탑,https://www.zara.com/kr/ko/%E1%84%91%E1%85%A9%E1%86%AF%E1%84%85%E1%85%B5%E1%84%8B%E1%85%A1%E1%84%86%E1%85%B5%E1%84%83%E1%85%B3-%E1%84%92%E1%85%A9%E1%86%AB%E1%84%87%E1%85%A1%E1%86%BC-%E1%84%90%E1%85%A1%E1%86%B8-p01355457.html,https://static.zara.net/assets/public/873f/68cf/90fa437fb34b/deb5a8d41e95/01355457725-a1/01355457725-a1.jpg?ts=1781684670627,"₩45,900",,,260622,버터,,,,
,false,,ZARA,상의,탑,여성,펄 레이스 탑,https://www.zara.com/kr/ko/%E1%84%91%E1%85%A5%E1%86%AF-%E1%84%85%E1%85%A6%E1%84%8B%E1%85%B5%E1%84%89%E1%85%B3-%E1%84%90%E1%85%A1%E1%86%B8-p05644067.html,https://static.zara.net/assets/public/c3e4/5c83/8f6144528146/41586c920206/05644067251-p/05644067251-p.jpg?ts=1776843593177,"₩35,900",,,260622,스크래치 화이트,,,,
,false,,ZARA,상의,탑,여성,펄 레이스 탑,https://www.zara.com/kr/ko/%E1%84%91%E1%85%A5%E1%86%AF-%E1%84%85%E1%85%A6%E1%84%8B%E1%85%B5%E1%84%89%E1%85%B3-%E1%84%90%E1%85%A1%E1%86%B8-p05644067.html,https://static.zara.net/assets/public/8b7e/5b70/9f974950ac3d/9bfa703ba31f/05644067800-p/05644067800-p.jpg?ts=1776843592719,"₩35,900",,,260622,블랙,,,,
,false,,ZARA,상의,탑,여성,스트라이프 스트랩 니트 탑,https://www.zara.com/kr/ko/%E1%84%89%E1%85%B3%E1%84%90%E1%85%B3%E1%84%85%E1%85%A1%E1%84%8B%E1%85%B5%E1%84%91%E1%85%B3-%E1%84%82%E1%85%B5%E1%84%90%E1%85%B3-%E1%84%89%E1%85%B3%E1%84%90%E1%85%B3%E1%84%85%E1%85%A2%E1%86%B8-%E1%84%90%E1%85%A1%E1%86%B8-p03471027.html,https://static.zara.net/assets/public/ef9b/f359/5c8f4213becb/0e23ae386b04/03471027645-p/03471027645-p.jpg?ts=1775723674057,"₩35,900",,,260622,미디움 로즈,,,,
,false,,ZARA,상의,탑,여성,골지 홀터넥 탑,https://www.zara.com/kr/ko/%E1%84%80%E1%85%A9%E1%86%AF%E1%84%8C%E1%85%B5-%E1%84%92%E1%85%A9%E1%86%AF%E1%84%90%E1%85%A5%E1%84%82%E1%85%A6%E1%86%A8-%E1%84%82%E1%85%B5%E1%84%90%E1%85%B3-%E1%84%90%E1%85%A1%E1%86%B8-p03471026.html,https://static.zara.net/assets/public/3b97/94b0/7b894e478e07/73f831d43197/03471026645-p/03471026645-p.jpg?ts=1775723674081,"₩35,900",,,260622,미디움 로즈,,,,
,false,,ZARA,상의,셔츠/블라우스,여성,튜브탑,https://www.zara.com/kr/ko/%E1%84%89%E1%85%B3%E1%84%90%E1%85%B3%E1%84%85%E1%85%A2%E1%86%B8%E1%84%85%E1%85%B5%E1%84%89%E1%85%B3-%E1%84%90%E1%85%A1%E1%86%B8-p04764150.html,https://static.zara.net/assets/public/dc07/7c29/4f7e474081c9/768123e6fed7/04764150800-p/04764150800-p.jpg?ts=1771424874231,"₩49,900",,,260622,블랙,,,,
,false,,ZARA,상의,탑,여성,튤 믹스 소재 스트랩 탑,https://www.zara.com/kr/ko/%E1%84%90%E1%85%B2%E1%86%AF-%E1%84%86%E1%85%B5%E1%86%A8%E1%84%89%E1%85%B3-%E1%84%89%E1%85%A9%E1%84%8C%E1%85%A2-%E1%84%89%E1%85%B3%E1%84%90%E1%85%B3%E1%84%85%E1%85%A2%E1%86%B8-%E1%84%90%E1%85%A1%E1%86%B8-p06050306.html,https://static.zara.net/assets/public/0fd2/d449/c5df4c8ba803/0b2955bc309c/06050306407-p/06050306407-p.jpg?ts=1771432738389,"₩35,900",,,260622,블루,,,,
,false,,ZARA,상의,니트,여성,반소매 니트 탑,https://www.zara.com/kr/ko/%E1%84%87%E1%85%A1%E1%86%AB%E1%84%89%E1%85%A9%E1%84%86%E1%85%A2-%E1%84%82%E1%85%B5%E1%84%90%E1%85%B3-%E1%84%90%E1%85%A1%E1%86%B8-p03921044.html,https://static.zara.net/assets/public/56fa/8220/538b4d2e8d19/2a0ceba11455/03921044500-p/03921044500-p.jpg?ts=1780498736843,"₩49,900",,,260622,초록,,,,
,false,,ZARA,상의,티셔츠,여성,코튼 모달 스트랩 탑,https://www.zara.com/kr/ko/%E1%84%8F%E1%85%A9%E1%84%90%E1%85%B3%E1%86%AB-%E1%84%86%E1%85%A9%E1%84%83%E1%85%A1%E1%86%AF-%E1%84%89%E1%85%B3%E1%84%90%E1%85%B3%E1%84%85%E1%85%A2%E1%86%B8-%E1%84%90%E1%85%A1%E1%86%B8-p03641328.html,https://static.zara.net/assets/public/5072/4445/7b1c45b990cc/049372a58479/03641328621-a3/03641328621-a3.jpg?ts=1780498733751,"₩15,900",,,260622,파스텔 로즈,,,,
,false,,ZARA,상의,탑,여성,언밸런스 니트 탑,https://www.zara.com/kr/ko/%E1%84%8B%E1%85%A5%E1%86%AB%E1%84%87%E1%85%A2%E1%86%AF%E1%84%85%E1%85%A5%E1%86%AB%E1%84%89%E1%85%B3-%E1%84%82%E1%85%B5%E1%84%90%E1%85%B3-%E1%84%90%E1%85%A1%E1%86%B8-p03646009.html,https://static.zara.net/assets/public/5d32/f03d/d82a4d3a8441/0f9522354e15/03646009800-p/03646009800-p.jpg?ts=1779722099639,"₩35,900",,,260622,블랙,,,,
,false,,ZARA,상의,셔츠/블라우스,여성,ZW 컬렉션 크로셰 탑,https://www.zara.com/kr/ko/zw-%E1%84%8F%E1%85%A5%E1%86%AF%E1%84%85%E1%85%A6%E1%86%A8%E1%84%89%E1%85%A7%E1%86%AB-%E1%84%8F%E1%85%B3%E1%84%85%E1%85%A9%E1%84%89%E1%85%A8-%E1%84%90%E1%85%A1%E1%86%B8-p04786100.html,https://static.zara.net/assets/public/4147/3596/616f4287aaf2/c386e59bfd23/04786100712-p/04786100712-p.jpg?ts=1779718547209,"₩99,900",,,260622,크림,,,,
,false,,ZARA,상의,티셔츠,여성,드레이프 언밸런스 탑,https://www.zara.com/kr/ko/%E1%84%83%E1%85%B3%E1%84%85%E1%85%A6%E1%84%8B%E1%85%B5%E1%84%91%E1%85%B3-%E1%84%8B%E1%85%A5%E1%86%AB%E1%84%87%E1%85%A2%E1%86%AF%E1%84%85%E1%85%A5%E1%86%AB%E1%84%89%E1%85%B3-%E1%84%90%E1%85%A1%E1%86%B8-p04424329.html,https://static.zara.net/assets/public/035e/74e9/aa2e4acd860c/9879b7046701/04424329800-p/04424329800-p.jpg?ts=1775741079799,"₩29,900",,,260622,블랙,,,,
,false,,ZARA,상의,티셔츠,여성,드레이프 언밸런스 탑,https://www.zara.com/kr/ko/%E1%84%83%E1%85%B3%E1%84%85%E1%85%A6%E1%84%8B%E1%85%B5%E1%84%91%E1%85%B3-%E1%84%8B%E1%85%A5%E1%86%AB%E1%84%87%E1%85%A2%E1%86%AF%E1%84%85%E1%85%A5%E1%86%AB%E1%84%89%E1%85%B3-%E1%84%90%E1%85%A1%E1%86%B8-p04424329.html,https://static.zara.net/assets/public/3a20/a8df/0ce649f2a49a/4640080bcb07/04424329300-p/04424329300-p.jpg?ts=1775741079927,"₩29,900",,,260622,노랑,,,,
,false,,ZARA,상의,티셔츠,여성,포인텔 스트랩 티셔츠,https://www.zara.com/kr/ko/%E1%84%91%E1%85%A9%E1%84%8B%E1%85%B5%E1%86%AB%E1%84%90%E1%85%A6%E1%86%AF-%E1%84%89%E1%85%B3%E1%84%90%E1%85%B3%E1%84%85%E1%85%A2%E1%86%B8-%E1%84%90%E1%85%B5%E1%84%89%E1%85%A7%E1%84%8E%E1%85%B3-p00264124.html,https://static.zara.net/assets/public/36e2/2825/ad464209bc4e/9153af67f079/00264124712-e1/00264124712-e1.jpg?ts=1769789732857,"₩29,900",,,260622,크림,,,,
,false,,ZARA,상의,티셔츠,여성,플루이드 탱크 탑,https://www.zara.com/kr/ko/%E1%84%91%E1%85%B3%E1%86%AF%E1%84%85%E1%85%AE%E1%84%8B%E1%85%B5%E1%84%83%E1%85%B3-%E1%84%90%E1%85%A2%E1%86%BC%E1%84%8F%E1%85%B3-%E1%84%90%E1%85%A1%E1%86%B8-p03431161.html,https://static.zara.net/assets/public/bb1d/21fb/964a4895beea/6cf9b0fece8a/03431161737-p/03431161737-p.jpg?ts=1774944120300,"₩29,900",,,260622,"브라운,토프",,,,
,false,,ZARA,상의,탑,여성,레이스 플리츠 탑,https://www.zara.com/kr/ko/%E1%84%85%E1%85%A6%E1%84%8B%E1%85%B5%E1%84%89%E1%85%B3-%E1%84%91%E1%85%B3%E1%86%AF%E1%84%85%E1%85%B5%E1%84%8E%E1%85%B3-%E1%84%90%E1%85%A1%E1%86%B8-p04940100.html,https://static.zara.net/assets/public/cdd1/0871/0bb941a6bec4/e96c8c1534f4/04940100710-p/04940100710-p.jpg?ts=1778063309219,"₩89,900",,,260622,베이지,,,,
,false,,ZARA,상의,탑,여성,자수 프린트 오간자 탑,https://www.zara.com/kr/ko/%E1%84%8C%E1%85%A1%E1%84%89%E1%85%AE-%E1%84%91%E1%85%B3%E1%84%85%E1%85%B5%E1%86%AB%E1%84%90%E1%85%B3-%E1%84%8B%E1%85%A9%E1%84%80%E1%85%A1%E1%86%AB%E1%84%8C%E1%85%A1-%E1%84%90%E1%85%A1%E1%86%B8-p01377109.html,https://static.zara.net/assets/public/7134/6301/d2d24b53930c/6ef00aa4e0ab/01377109712-p/01377109712-p.jpg?ts=1778063294491,"₩89,900",,,260622,크림,,,,
,false,,ZARA,상의,셔츠/블라우스,여성,ZW 컬렉션 벌룬 슬리브 탑,https://www.zara.com/kr/ko/zw-%E1%84%8F%E1%85%A5%E1%86%AF%E1%84%85%E1%85%A6%E1%86%A8%E1%84%89%E1%85%A7%E1%86%AB-%E1%84%87%E1%85%A5%E1%86%AF%E1%84%85%E1%85%AE%E1%86%AB-%E1%84%89%E1%85%B3%E1%86%AF%E1%84%85%E1%85%B5%E1%84%87%E1%85%B3-%E1%84%90%E1%85%A1%E1%86%B8-p01101198.html,https://static.zara.net/assets/public/ccec/6cb6/ae974631b991/c2e951b63d94/01011198300-p/01011198300-p.jpg?ts=1779274120372,"₩89,900",,,260622,노랑,,,,
,false,,ZARA,상의,셔츠/블라우스,여성,ZW 컬렉션 드레이프 도트 탑,https://www.zara.com/kr/ko/zw-%E1%84%8F%E1%85%A5%E1%86%AF%E1%84%85%E1%85%A6%E1%86%A8%E1%84%89%E1%85%A7%E1%86%AB-%E1%84%83%E1%85%B3%E1%84%85%E1%85%A6%E1%84%8B%E1%85%B5%E1%84%91%E1%85%B3-%E1%84%83%E1%85%A9%E1%84%90%E1%85%B3-%E1%84%90%E1%85%A1%E1%86%B8-p06103004.html,https://static.zara.net/assets/public/6569/6b1f/462043e9836c/180c31b0df5c/06103004087-p/master.m3u8?ts=1776840486576,"₩89,900",,,260622,"브라운,크림",,,,
,false,,ZARA,상의,셔츠/블라우스,여성,ZW 컬렉션 시퀸 스트랩 탑,https://www.zara.com/kr/ko/zw-%E1%84%8F%E1%85%A5%E1%86%AF%E1%84%85%E1%85%A6%E1%86%A8%E1%84%89%E1%85%A7%E1%86%AB-%E1%84%89%E1%85%B5%E1%84%8F%E1%85%B1%E1%86%AB-%E1%84%89%E1%85%B3%E1%84%90%E1%85%B3%E1%84%85%E1%85%A2%E1%86%B8-%E1%84%90%E1%85%A1%E1%86%B8-p01758153.html,https://static.zara.net/assets/public/ef12/5071/f2274000b65c/d0cc3e392c42/01758153836-p/01758153836-p.jpg?ts=1776679428041,"₩89,900",,,260622,다크 은색,,,,
,false,,ZARA,상의,셔츠/블라우스,여성,ZW 컬렉션 주름 언밸런스 탑,https://www.zara.com/kr/ko/zw-%E1%84%8F%E1%85%A5%E1%86%AF%E1%84%85%E1%85%A6%E1%86%A8%E1%84%89%E1%85%A7%E1%86%AB-%E1%84%91%E1%85%B3%E1%86%AF%E1%84%85%E1%85%B5%E1%84%8E%E1%85%B3-%E1%84%8B%E1%85%A5%E1%86%AB%E1%84%87%E1%85%A2%E1%86%AF%E1%84%85%E1%85%A5%E1%86%AB%E1%84%89%E1%85%B3-%E1%84%90%E1%85%A1%E1%86%B8-p06895065.html,https://static.zara.net/assets/public/aaaa/2a46/ba214759a3e4/87424c50a50c/06895065712-p/06895065712-p.jpg?ts=1773239597631,"₩89,900",,,260622,크림,,,,
,false,,ZARA,상의,셔츠/블라우스,여성,ZW 컬렉션 주름 언밸런스 탑,https://www.zara.com/kr/ko/zw-%E1%84%8F%E1%85%A5%E1%86%AF%E1%84%85%E1%85%A6%E1%86%A8%E1%84%89%E1%85%A7%E1%86%AB-%E1%84%91%E1%85%B3%E1%86%AF%E1%84%85%E1%85%B5%E1%84%8E%E1%85%B3-%E1%84%8B%E1%85%A5%E1%86%AB%E1%84%87%E1%85%A2%E1%86%AF%E1%84%85%E1%85%A5%E1%86%AB%E1%84%89%E1%85%B3-%E1%84%90%E1%85%A1%E1%86%B8-p06895065.html,https://static.zara.net/assets/public/cb12/9afe/d906479596fb/cb07c1f4f3c6/06895065712-p/06895065712-p.jpg?ts=1773256387304,"₩89,900",,,260622,크림,,,,
,false,,ZARA,상의,탑,여성,보트넥 니트 탑,https://www.zara.com/kr/ko/%E1%84%87%E1%85%A9%E1%84%90%E1%85%B3%E1%84%82%E1%85%A6%E1%86%A8-%E1%84%82%E1%85%B5%E1%84%90%E1%85%B3-%E1%84%90%E1%85%A1%E1%86%B8-p02142154.html,https://static.zara.net/assets/public/2283/cc56/25a9426db40a/fa51ed109c37/02142154691-a3/02142154691-a3.jpg?ts=1780909799241,"₩49,900",,,260622,미디움 레드,,,,
,false,,ZARA,상의,탑,여성,언밸런스 스트라이프 니트 탑 - THE ITEM ZARA WOMAN,https://www.zara.com/kr/ko/%E1%84%8B%E1%85%A5%E1%86%AB%E1%84%87%E1%85%A2%E1%86%AF%E1%84%85%E1%85%A5%E1%86%AB%E1%84%89%E1%85%B3-%E1%84%89%E1%85%B3%E1%84%90%E1%85%B3%E1%84%85%E1%85%A1%E1%84%8B%E1%85%B5%E1%84%91%E1%85%B3-%E1%84%82%E1%85%B5%E1%84%90%E1%85%B3-%E1%84%90%E1%85%A1%E1%86%B8---the-item-zara-woman-p02142214.html,https://static.zara.net/assets/public/8882/0b1e/b4e449f48eca/cfe4dbcd3e8e/02142214061-p/02142214061-p.jpg?ts=1780909799829,"₩89,900",,,260622,"화이트,레드",,,,
,false,,ZARA,상의,셔츠/블라우스,여성,ZW 컬렉션 프릴 홀터넥 탑,https://www.zara.com/kr/ko/zw-%E1%84%8F%E1%85%A5%E1%86%AF%E1%84%85%E1%85%A6%E1%86%A8%E1%84%89%E1%85%A7%E1%86%AB-%E1%84%91%E1%85%B3%E1%84%85%E1%85%B5%E1%86%AF-%E1%84%92%E1%85%A9%E1%86%AF%E1%84%90%E1%85%A5%E1%84%82%E1%85%A6%E1%86%A8-%E1%84%90%E1%85%A1%E1%86%B8-p07521200.html,https://static.zara.net/assets/public/353c/bf7a/0c7446488297/ae5f3fe0cd11/07521200913-p/07521200913-p.jpg?ts=1780495012072,"₩109,900",,,260622,벽돌색,,,,
,false,,ZARA,상의,셔츠/블라우스,여성,ZW 컬렉션 레이스 프릴 탑,https://www.zara.com/kr/ko/zw-%E1%84%8F%E1%85%A5%E1%86%AF%E1%84%85%E1%85%A6%E1%86%A8%E1%84%89%E1%85%A7%E1%86%AB-%E1%84%85%E1%85%A6%E1%84%8B%E1%85%B5%E1%84%89%E1%85%B3-%E1%84%91%E1%85%B3%E1%84%85%E1%85%B5%E1%86%AF-%E1%84%90%E1%85%A1%E1%86%B8-p05107106.html,https://static.zara.net/assets/public/6aeb/67d7/3eaf4c14914e/81dce1b24b18/05107106701-01-p/05107106701-01-p.jpg?ts=1780651564950,"₩89,900",,,260622,테라코타,,,,
,false,,ZARA,상의,셔츠/블라우스,여성,ZW 컬렉션 프린지 탑,https://www.zara.com/kr/ko/zw-%E1%84%8F%E1%85%A5%E1%86%AF%E1%84%85%E1%85%A6%E1%86%A8%E1%84%89%E1%85%A7%E1%86%AB-%E1%84%91%E1%85%B3%E1%84%85%E1%85%B5%E1%86%AB%E1%84%8C%E1%85%B5-%E1%84%90%E1%85%A1%E1%86%B8-p01105267.html,https://static.zara.net/assets/public/28c6/a49c/abef4900a8ff/c5f44a5b04d4/01105267251-p/01105267251-p.jpg?ts=1773742963056,"₩79,900",,,260622,스크래치 화이트,,,,
,false,,ZARA,상의,셔츠/블라우스,여성,ZW 컬렉션 레이스 란제리 탑,https://www.zara.com/kr/ko/zw-%E1%84%8F%E1%85%A5%E1%86%AF%E1%84%85%E1%85%A6%E1%86%A8%E1%84%89%E1%85%A7%E1%86%AB-%E1%84%85%E1%85%A6%E1%84%8B%E1%85%B5%E1%84%89%E1%85%B3-%E1%84%85%E1%85%A1%E1%86%AB%E1%84%8C%E1%85%A6%E1%84%85%E1%85%B5-%E1%84%90%E1%85%A1%E1%86%B8-p05107046.html,https://static.zara.net/assets/public/f0b2/2eec/d85741f0bca6/e06f3981bd41/05107046620-p/05107046620-p.jpg?ts=1773742985195,"₩79,900",,,260622,로즈핑크,,,,
,false,,ZARA,상의,셔츠/블라우스,여성,ZW 컬렉션 드레이프 비즈 탑,https://www.zara.com/kr/ko/zw-%E1%84%8F%E1%85%A5%E1%86%AF%E1%84%85%E1%85%A6%E1%86%A8%E1%84%89%E1%85%A7%E1%86%AB-%E1%84%83%E1%85%B3%E1%84%85%E1%85%A6%E1%84%8B%E1%85%B5%E1%84%91%E1%85%B3-%E1%84%87%E1%85%B5%E1%84%8C%E1%85%B3-%E1%84%90%E1%85%A1%E1%86%B8-p00392002.html,https://static.zara.net/assets/public/b1d3/5be4/5f1a41f48514/027afa38d69e/00392002800-p/00392002800-p.jpg?ts=1780387831664,"₩109,900",,,260622,블랙,,,,
,false,,ZARA,상의,셔츠/블라우스,여성,ZW 컬렉션 린넨 크로스 탑,https://www.zara.com/kr/ko/zw-%E1%84%8F%E1%85%A5%E1%86%AF%E1%84%85%E1%85%A6%E1%86%A8%E1%84%89%E1%85%A7%E1%86%AB-%E1%84%85%E1%85%B5%E1%86%AB%E1%84%82%E1%85%A6%E1%86%AB-%E1%84%8F%E1%85%B3%E1%84%85%E1%85%A9%E1%84%89%E1%85%B3-%E1%84%90%E1%85%A1%E1%86%B8-p04043008.html,https://static.zara.net/assets/public/f737/13e7/ab524e26907a/ebf606991277/04043008807-p/04043008807-p.jpg?ts=1780387925833,"₩79,900",,,260622,콜 그레이,,,,
,false,,ZARA,상의,티셔츠,여성,골지 스트랩 탑,https://www.zara.com/kr/ko/%E1%84%85%E1%85%B5%E1%86%B8-%E1%84%89%E1%85%B3%E1%84%90%E1%85%B3%E1%84%85%E1%85%A2%E1%86%B8-%E1%84%90%E1%85%A1%E1%86%B8-p04174351.html,https://static.zara.net/assets/public/d52e/914d/338541199187/f1b85b10de8e/04174351250-p/04174351250-p.jpg?ts=1777547158142,"₩21,900",,,260622,화이트,,,,
,false,,ZARA,상의,티셔츠,여성,옆면 셔링 탑,https://www.zara.com/kr/ko/%E1%84%8B%E1%85%A7%E1%87%81%E1%84%86%E1%85%A7%E1%86%AB-%E1%84%89%E1%85%A7%E1%84%85%E1%85%B5%E1%86%BC-%E1%84%90%E1%85%A1%E1%86%B8-p04174222.html,https://static.zara.net/assets/public/6b1e/7469/e4704d22b2e2/11da64d9d7bc/04174222251-p/04174222251-p.jpg?ts=1775748344205,"₩21,900",,,260622,스크래치 화이트,,,,
,false,,ZARA,상의,티셔츠,여성,옆면 셔링 탑,https://www.zara.com/kr/ko/%E1%84%8B%E1%85%A7%E1%87%81%E1%84%86%E1%85%A7%E1%86%AB-%E1%84%89%E1%85%A7%E1%84%85%E1%85%B5%E1%86%BC-%E1%84%90%E1%85%A1%E1%86%B8-p04174222.html,https://static.zara.net/assets/public/ff0d/f4bf/812148a999db/6434557010c5/04174222818-p/04174222818-p.jpg?ts=1775748351609,"₩21,900",,,260622,납,,,,
,false,,ZARA,상의,티셔츠,여성,옆면 셔링 탑,https://www.zara.com/kr/ko/%E1%84%8B%E1%85%A7%E1%87%81%E1%84%86%E1%85%A7%E1%86%AB-%E1%84%89%E1%85%A7%E1%84%85%E1%85%B5%E1%86%BC-%E1%84%90%E1%85%A1%E1%86%B8-p04174222.html,https://static.zara.net/assets/public/5287/ed96/6f59481ca8d2/12981216a783/04174222614-p/04174222614-p.jpg?ts=1775748351735,"₩21,900",,,260622,번 오렌지,,,,
,false,,ZARA,상의,티셔츠,여성,슬릿 크롭 탑,https://www.zara.com/kr/ko/%E1%84%90%E1%85%B3%E1%84%8B%E1%85%B5%E1%86%B7-%E1%84%8F%E1%85%B3%E1%84%85%E1%85%A9%E1%86%B8-%E1%84%90%E1%85%A1%E1%86%B8-p03253367.html,https://static.zara.net/assets/public/182a/b26b/f7a94899b86f/ee50c621341c/03253367250-p/03253367250-p.jpg?ts=1776859839152,"₩19,900",,,260622,화이트,,,,
,false,,ZARA,상의,셔츠/블라우스,여성,ZW 컬렉션 비즈 장식 탑,https://www.zara.com/kr/ko/zw-%E1%84%8F%E1%85%A5%E1%86%AF%E1%84%85%E1%85%A6%E1%86%A8%E1%84%89%E1%85%A7%E1%86%AB-%E1%84%87%E1%85%B5%E1%84%8C%E1%85%B3-%E1%84%8C%E1%85%A1%E1%86%BC%E1%84%89%E1%85%B5%E1%86%A8-%E1%84%90%E1%85%A1%E1%86%B8-p03920176.html,https://static.zara.net/assets/public/d6bb/ae91/d0f044ac8c06/71c671f6dea1/03920176808-p/03920176808-p.jpg?ts=1779277051449,"₩89,900",,,260622,실버,,,,
,false,,ZARA,상의,셔츠/블라우스,여성,ZW 컬렉션 자수 새틴 탑,https://www.zara.com/kr/ko/zw-%E1%84%8F%E1%85%A5%E1%86%AF%E1%84%85%E1%85%A6%E1%86%A8%E1%84%89%E1%85%A7%E1%86%AB-%E1%84%8C%E1%85%A1%E1%84%89%E1%85%AE-%E1%84%89%E1%85%A2%E1%84%90%E1%85%B5%E1%86%AB-%E1%84%90%E1%85%A1%E1%86%B8-p05344202.html,https://static.zara.net/assets/public/4a11/8e9c/f03a44a1820d/84d0374cf126/05344202800-p/05344202800-p.jpg?ts=1779278086857,"₩89,900",,,260622,블랙,,,,
,false,,ZARA,상의,탑,여성,링클 페이크 니트 셔츠,https://www.zara.com/kr/ko/%E1%84%85%E1%85%B5%E1%86%BC%E1%84%8F%E1%85%B3%E1%86%AF-%E1%84%8B%E1%85%B5%E1%84%91%E1%85%A6%E1%86%A8%E1%84%90%E1%85%B3-%E1%84%82%E1%85%B5%E1%84%90%E1%85%B3-%E1%84%89%E1%85%A7%E1%84%8E%E1%85%B3-p03921027.html,https://static.zara.net/assets/public/e940/70c4/104d4dbd8bc5/24d1941f4a72/00858116250-p/00858116250-p.jpg?ts=1779279528501,"₩109,900",,,260622,크림,,,,
,false,,ZARA,상의,탑,여성,웨이브 밑단 니트 탑,https://www.zara.com/kr/ko/%E1%84%8B%E1%85%B0%E1%84%8B%E1%85%B5%E1%84%87%E1%85%B5-%E1%84%92%E1%85%A6%E1%86%B7-%E1%84%82%E1%85%B5%E1%84%90%E1%85%B3-%E1%84%90%E1%85%A1%E1%86%B8-p00014028.html,https://static.zara.net/assets/public/1a86/c0f6/3460449b9168/ebd84eec83c6/00014028800-p/00014028800-p.jpg?ts=1779279611403,"₩45,900",,,260622,블랙,,,,
,false,,ZARA,상의,티셔츠,여성,슬리브리스 탑,https://www.zara.com/kr/ko/%E1%84%89%E1%85%B3%E1%86%AF%E1%84%85%E1%85%B5%E1%84%87%E1%85%B3%E1%84%85%E1%85%B5%E1%84%89%E1%85%B3-%E1%84%90%E1%85%A1%E1%86%B8-p03641871.html,https://static.zara.net/assets/public/58a8/bd7c/c42646758392/879585749d9f/03641871250-a1/03641871250-a1.jpg?ts=1755770627486,"₩17,900",,,260622,화이트,,,,
,false,,ZARA,상의,티셔츠,여성,슬리브리스 탑,https://www.zara.com/kr/ko/%E1%84%89%E1%85%B3%E1%86%AF%E1%84%85%E1%85%B5%E1%84%87%E1%85%B3%E1%84%85%E1%85%B5%E1%84%89%E1%85%B3-%E1%84%90%E1%85%A1%E1%86%B8-p03641871.html,https://static.zara.net/assets/public/6228/3e67/aa614601bed0/a672f0d5472d/03641871700-p/03641871700-p.jpg?ts=1765356562186,"₩17,900",,,260622,브라운,,,,
,false,,ZARA,상의,티셔츠,여성,폴리아미드 스트랩 티셔츠,https://www.zara.com/kr/ko/%E1%84%91%E1%85%A9%E1%86%AF%E1%84%85%E1%85%B5%E1%84%8B%E1%85%A1%E1%84%86%E1%85%B5%E1%84%83%E1%85%B3-%E1%84%8B%E1%85%A3%E1%86%B2%E1%84%8B%E1%85%B3%E1%86%AB-%E1%84%89%E1%85%B3%E1%84%90%E1%85%B3%E1%84%85%E1%85%A2%E1%86%B8-%E1%84%90%E1%85%B5%E1%84%89%E1%85%A7%E1%84%8E%E1%85%B3-p03905532.html,https://static.zara.net/assets/public/ee88/d19f/8eaf4187b7ca/be6155ad50d7/03905982406-p/03905982406-p.jpg?ts=1772714645932,"₩17,900",,,260622,라이트 블루,,,,
,false,,ZARA,상의,티셔츠,여성,코튼 슬리브리스 티셔츠,https://www.zara.com/kr/ko/%E1%84%8F%E1%85%A9%E1%84%90%E1%85%B3%E1%86%AB-%E1%84%89%E1%85%B3%E1%86%AF%E1%84%85%E1%85%B5%E1%84%87%E1%85%B3%E1%84%85%E1%85%B5%E1%84%89%E1%85%B3-%E1%84%90%E1%85%B5%E1%84%89%E1%85%A7%E1%84%8E%E1%85%B3-p04174324.html,https://static.zara.net/assets/public/ded2/b623/8d3a43eaaa17/14446e36688b/04174324723-p/04174324723-p.jpg?ts=1772472079329,"₩15,900",,,260622,그레이 샌드,,,,
,false,,ZARA,상의,셔츠/블라우스,여성,자수 탑,https://www.zara.com/kr/ko/%E1%84%8C%E1%85%A1%E1%84%89%E1%85%AE-%E1%84%90%E1%85%A1%E1%86%B8-p02346662.html,https://static.zara.net/assets/public/3686/82a9/bb374c9da704/c0a62ed6e640/02346662087-p/02346662087-p.jpg?ts=1778670801840,"₩59,900",,,260622,"브라운,크림",,,,
,false,,ZARA,상의,셔츠/블라우스,여성,메탈릭 얀 페더 홀터넥 탑,https://www.zara.com/kr/ko/%E1%84%86%E1%85%A6%E1%84%90%E1%85%A1%E1%86%AF%E1%84%85%E1%85%B5%E1%86%A8-%E1%84%8B%E1%85%A3%E1%86%AB-%E1%84%91%E1%85%A6%E1%84%83%E1%85%A5-%E1%84%92%E1%85%A9%E1%86%AF%E1%84%90%E1%85%A5%E1%84%82%E1%85%A6%E1%86%A8-%E1%84%90%E1%85%A1%E1%86%B8-p02652644.html,https://static.zara.net/assets/public/b7c7/8194/13ed41b5aecd/c3a5e56b2e5e/02652644712-a3/02652644712-a3.jpg?ts=1778581333754,"₩55,900",,,260622,크림,,,,
,false,,ZARA,상의,가디건,여성,언밸런스 클로저 니트 탑,https://www.zara.com/kr/ko/%E1%84%8B%E1%85%A5%E1%86%AB%E1%84%87%E1%85%A2%E1%86%AF%E1%84%85%E1%85%A5%E1%86%AB%E1%84%89%E1%85%B3-%E1%84%8F%E1%85%B3%E1%86%AF%E1%84%85%E1%85%A9%E1%84%8C%E1%85%A5-%E1%84%82%E1%85%B5%E1%84%90%E1%85%B3-%E1%84%90%E1%85%A1%E1%86%B8-p05536078.html,https://static.zara.net/assets/public/668a/0c79/7b304820a044/7094882106dd/05536078800-p/05536078800-p.jpg?ts=1777019826259,"₩59,900",,,260622,블랙,,,,
,false,,ZARA,상의,셔츠/블라우스,여성,벌룬 슬리브 탑,https://www.zara.com/kr/ko/%E1%84%87%E1%85%A5%E1%86%AF%E1%84%85%E1%85%AE%E1%86%AB-%E1%84%89%E1%85%B3%E1%86%AF%E1%84%85%E1%85%B5%E1%84%87%E1%85%B3-%E1%84%83%E1%85%A9%E1%84%90%E1%85%B3-%E1%84%90%E1%85%A1%E1%86%B8-p03897091.html,https://static.zara.net/assets/public/afd7/fadf/c5564cf19b6d/a93b1643ac10/03897091800-p/03897091800-p.jpg?ts=1777020778267,"₩57,900",,,260622,블랙,,,,
,false,,ZARA,상의,셔츠/블라우스,여성,ZW 컬렉션 100% 린넨 코드 탑,https://www.zara.com/kr/ko/zw-%E1%84%8F%E1%85%A5%E1%86%AF%E1%84%85%E1%85%A6%E1%86%A8%E1%84%89%E1%85%A7%E1%86%AB-100-%E1%84%85%E1%85%B5%E1%84%82%E1%85%A6%E1%86%AB-%E1%84%8F%E1%85%A9%E1%84%83%E1%85%B3-%E1%84%90%E1%85%A1%E1%86%B8-p05344016.html,https://static.zara.net/assets/public/ddf5/d8da/31704f9bbb2d/255778d16206/05344016800-p/05344016800-p.jpg?ts=1774949070415,"₩59,900",,,260622,블랙,,,,
,false,,ZARA,상의,탑,여성,니트 튜닉 탑,https://www.zara.com/kr/ko/%E1%84%82%E1%85%B5%E1%84%90%E1%85%B3-%E1%84%90%E1%85%B2%E1%84%82%E1%85%B5%E1%86%A8-%E1%84%90%E1%85%A1%E1%86%B8-p09598018.html,https://static.zara.net/assets/public/5553/23ad/9cef4971a99b/2792fb9f511d/09598018401-p/09598018401-p.jpg?ts=1774949612851,"₩59,900",,,260622,네이비,,,,
,false,,ZARA,상의,셔츠/블라우스,여성,ZW 컬렉션 레이스 스트랩 탑,https://www.zara.com/kr/ko/zw-%E1%84%8F%E1%85%A5%E1%86%AF%E1%84%85%E1%85%A6%E1%86%A8%E1%84%89%E1%85%A7%E1%86%AB-%E1%84%85%E1%85%A6%E1%84%8B%E1%85%B5%E1%84%89%E1%85%B3-%E1%84%89%E1%85%B3%E1%84%90%E1%85%B3%E1%84%85%E1%85%A2%E1%86%B8-%E1%84%90%E1%85%A1%E1%86%B8-p05107091.html,https://static.zara.net/assets/public/4952/b3b5/f9f4449cac00/6f8ef47cd8c6/05107091402-p/05107091402-p.jpg?ts=1778168215813,"₩59,900",,,260622,터키블루,,,,
,false,,ZARA,상의,셔츠/블라우스,여성,ZW 컬렉션 언밸런스 홀터 탑,https://www.zara.com/kr/ko/zw-%E1%84%8F%E1%85%A5%E1%86%AF%E1%84%85%E1%85%A6%E1%86%A8%E1%84%89%E1%85%A7%E1%86%AB-%E1%84%8B%E1%85%A5%E1%86%AB%E1%84%87%E1%85%A2%E1%86%AF%E1%84%85%E1%85%A5%E1%86%AB%E1%84%89%E1%85%B3-%E1%84%92%E1%85%A9%E1%86%AF%E1%84%90%E1%85%A5%E1%84%82%E1%85%A6%E1%86%A8-%E1%84%90%E1%85%A1%E1%86%B8-p06104375.html,https://static.zara.net/assets/public/43f2/126e/86804b61bf4e/94f7860249f1/06104375819-p/06104375819-p.jpg?ts=1778230658987,"₩79,900",,,260622,블루 그레이,,,,
,false,,ZARA,상의,탑,여성,프릴 패턴 란제리 탑,https://www.zara.com/kr/ko/%E1%84%91%E1%85%B3%E1%84%85%E1%85%B5%E1%86%AF-%E1%84%91%E1%85%A2%E1%84%90%E1%85%A5%E1%86%AB-%E1%84%85%E1%85%A1%E1%86%AB%E1%84%8C%E1%85%A6%E1%84%85%E1%85%B5-%E1%84%90%E1%85%A1%E1%86%B8-p09025030.html,https://static.zara.net/assets/public/c539/3e45/477e4d75bcf7/f50edd368289/09025030251-p/09025030251-p.jpg?ts=1776766855168,"₩59,900",,,260622,스크래치 화이트,,,,
,false,,ZARA,상의,탑,여성,어깨끈 니트 탑,https://www.zara.com/kr/ko/%E1%84%82%E1%85%B5%E1%84%90%E1%85%B3-%E1%84%89%E1%85%A5%E1%84%89%E1%85%B3%E1%84%91%E1%85%A6%E1%86%AB%E1%84%83%E1%85%A5-%E1%84%90%E1%85%A1%E1%86%B8-p08779127.html,https://static.zara.net/assets/public/e32e/a733/54f64c76b925/1829bb37ba8c/08779127323-p/08779127323-p.jpg?ts=1776766844247,"₩49,900",,,260622,노랑,,,,
,false,,ZARA,상의,셔츠/블라우스,여성,레이스 새틴 탑,https://www.zara.com/kr/ko/%E1%84%85%E1%85%A6%E1%84%8B%E1%85%B5%E1%84%89%E1%85%B3-%E1%84%89%E1%85%A2%E1%84%90%E1%85%B5%E1%86%AB-%E1%84%90%E1%85%A1%E1%86%B8-p00881058.html,https://static.zara.net/assets/public/9982/e8d4/0835403d9c98/2f8549253d9c/00881058706-p/00881058706-p.jpg?ts=1777020888175,"₩59,900",,,260622,밍크,,,,
,false,,ZARA,상의,셔츠/블라우스,여성,스터드 프릴 홀터넥 탑,https://www.zara.com/kr/ko/%E1%84%89%E1%85%B3%E1%84%90%E1%85%A5%E1%84%83%E1%85%B3-%E1%84%91%E1%85%B3%E1%84%85%E1%85%B5%E1%86%AF-%E1%84%92%E1%85%A9%E1%86%AF%E1%84%90%E1%85%A5%E1%84%82%E1%85%A6%E1%86%A8-%E1%84%90%E1%85%A1%E1%86%B8-p00881045.html,https://static.zara.net/assets/public/2681/9c31/eaef44eeb55c/a01df5d796dc/00881045712-p/00881045712-p.jpg?ts=1776952989854,"₩55,900",,,260622,크림,,,,
,false,,ZARA,상의,셔츠/블라우스,여성,벌룬 슬리브 펄 리본 탑,https://www.zara.com/kr/ko/%E1%84%87%E1%85%A5%E1%86%AF%E1%84%85%E1%85%AE%E1%86%AB-%E1%84%89%E1%85%B3%E1%86%AF%E1%84%85%E1%85%B5%E1%84%87%E1%85%B3-%E1%84%8C%E1%85%B5%E1%86%AB%E1%84%8C%E1%85%AE-%E1%84%85%E1%85%B5%E1%84%87%E1%85%A9%E1%86%AB-%E1%84%90%E1%85%A1%E1%86%B8-p02280844.html,https://static.zara.net/assets/public/57c1/e53f/66f44c2984eb/3a7cd8cf346f/02280844800-p/02280844800-p.jpg?ts=1769767880546,"₩57,900",,,260622,블랙,,,,
,false,,ZARA,상의,셔츠/블라우스,여성,하운드투스 언밸런스 레이스 탑,https://www.zara.com/kr/ko/%E1%84%92%E1%85%A1%E1%84%8B%E1%85%AE%E1%86%AB%E1%84%83%E1%85%B3%E1%84%90%E1%85%AE%E1%84%89%E1%85%B3-%E1%84%8B%E1%85%A5%E1%86%AB%E1%84%87%E1%85%A2%E1%86%AF%E1%84%85%E1%85%A5%E1%86%AB%E1%84%89%E1%85%B3-%E1%84%85%E1%85%A6%E1%84%8B%E1%85%B5%E1%84%89%E1%85%B3-%E1%84%90%E1%85%A1%E1%86%B8-p02166681.html,https://static.zara.net/assets/public/ce62/2a17/2ddb4e81ac07/bfb1390fb57a/02166681093-p/02166681093-p.jpg?ts=1769783442065,"₩55,900",,,260622,"블랙,크림",,,,
,false,,ZARA,상의,셔츠/블라우스,여성,린넨 비즈 홀터넥 탑,https://www.zara.com/kr/ko/%E1%84%85%E1%85%B5%E1%86%AB%E1%84%82%E1%85%A6%E1%86%AB-%E1%84%87%E1%85%B5%E1%84%8C%E1%85%B3-%E1%84%92%E1%85%A9%E1%86%AF%E1%84%90%E1%85%A5%E1%84%82%E1%85%A6%E1%86%A8-%E1%84%90%E1%85%A1%E1%86%B8-p07051712.html,https://static.zara.net/assets/public/82ef/8136/aa2d4a3e8f2d/ceaf95760184/07051712705-a1/07051712705-a1.jpg?ts=1780054543747,"₩49,900",,,260622,타바코,,,,
,false,,ZARA,상의,셔츠/블라우스,여성,100% 린넨 체크 탑,https://www.zara.com/kr/ko/100-%E1%84%85%E1%85%B5%E1%86%AB%E1%84%82%E1%85%A6%E1%86%AB-%E1%84%8E%E1%85%A6%E1%84%8F%E1%85%B3-%E1%84%90%E1%85%A1%E1%86%B8-p03072703.html,https://static.zara.net/assets/public/1dbc/dee2/457f4b11b515/c1308e8c709e/03072703330-p/03072703330-p.jpg?ts=1780054529670,"₩57,900",,,260622,멀티컬러,,,,
,false,,ZARA,상의,탑,여성,루즈 홀터넥 탑,https://www.zara.com/kr/ko/%E1%84%85%E1%85%AE%E1%84%8C%E1%85%B3-%E1%84%92%E1%85%A9%E1%86%AF%E1%84%90%E1%85%A5%E1%84%82%E1%85%A6%E1%86%A8-%E1%84%90%E1%85%A1%E1%86%B8-p01165091.html,https://static.zara.net/assets/public/5345/f840/776144f88336/3ac422e01d29/01165091712-p/01165091712-p.jpg?ts=1772726883175,"₩45,900",,,260622,크림,,,,
,false,,ZARA,상의,티셔츠,여성,언밸런스 슬리브리스 탑,https://www.zara.com/kr/ko/%E1%84%8B%E1%85%A5%E1%86%AB%E1%84%87%E1%85%A2%E1%86%AF%E1%84%85%E1%85%A5%E1%86%AB%E1%84%89%E1%85%B3-%E1%84%89%E1%85%B3%E1%86%AF%E1%84%85%E1%85%B5%E1%84%87%E1%85%B3%E1%84%85%E1%85%B5%E1%84%89%E1%85%B3-%E1%84%90%E1%85%A1%E1%86%B8-p01165096.html,https://static.zara.net/assets/public/815c/3ca1/48564b20bb1c/0fdf2df35724/01165096712-p/01165096712-p.jpg?ts=1772726888620,"₩55,900",,,260622,크림,,,,
,false,,ZARA,상의,탑,여성,스트레치 스트럭처 탑,https://www.zara.com/kr/ko/%E1%84%89%E1%85%B3%E1%84%90%E1%85%B3%E1%84%85%E1%85%A6%E1%84%8E%E1%85%B5-%E1%84%89%E1%85%B3%E1%84%90%E1%85%B3%E1%84%85%E1%85%A5%E1%86%A8%E1%84%8E%E1%85%A5-%E1%84%90%E1%85%A1%E1%86%B8-p05063371.html,https://static.zara.net/assets/public/b7b6/2360/cce34f7d8e22/908d36483228/05063371611-p/05063371611-p.jpg?ts=1777390878160,"₩49,900",,,260622,보라,,,,
,false,,ZARA,상의,니트,여성,플라워 자수 니트 탑,https://www.zara.com/kr/ko/%E1%84%91%E1%85%B3%E1%86%AF%E1%84%85%E1%85%A1%E1%84%8B%E1%85%AF-%E1%84%8C%E1%85%A1%E1%84%89%E1%85%AE-%E1%84%82%E1%85%B5%E1%84%90%E1%85%B3-%E1%84%90%E1%85%A1%E1%86%B8-p03921054.html,https://static.zara.net/assets/public/92b1/1c40/4fe4424e9cda/dbddd640805f/03921054407-p/03921054407-p.jpg?ts=1777390867962,"₩55,900",,,260622,블루,,,,
,false,,ZARA,상의,셔츠/블라우스,여성,토글 버튼 홀터넥 탑,https://www.zara.com/kr/ko/%E1%84%90%E1%85%A9%E1%84%80%E1%85%B3%E1%86%AF-%E1%84%87%E1%85%A5%E1%84%90%E1%85%B3%E1%86%AB-%E1%84%92%E1%85%A9%E1%86%AF%E1%84%90%E1%85%A5-%E1%84%90%E1%85%A1%E1%86%B8-p03152081.html,https://static.zara.net/assets/public/e17f/e992/2acc4a53b875/c07e487b174a/03152081251-p/03152081251-p.jpg?ts=1777562156928,"₩55,900",,,260622,스크래치 화이트,,,,
,false,,ZARA,상의,셔츠/블라우스,여성,새틴 벌룬 홀터 크롭 탑,https://www.zara.com/kr/ko/%E1%84%89%E1%85%A2%E1%84%90%E1%85%B5%E1%86%AB-%E1%84%87%E1%85%A5%E1%86%AF%E1%84%85%E1%85%AE%E1%86%AB-%E1%84%92%E1%85%A9%E1%86%AF%E1%84%90%E1%85%A5%E1%84%82%E1%85%A6%E1%86%A8-%E1%84%8F%E1%85%B3%E1%84%85%E1%85%A9%E1%86%B8-%E1%84%90%E1%85%A1%E1%86%B8-p02646061.html,https://static.zara.net/assets/public/7e60/2679/f77b47b78f32/65fd5318ecb9/02646061733-a2/02646061733-a2.jpg?ts=1777562152101,"₩49,900",,,260622,크림,,,,
,false,,ZARA,상의,탑,여성,콤비 탑,https://www.zara.com/kr/ko/%E1%84%8F%E1%85%A9%E1%86%B7%E1%84%87%E1%85%B5-%E1%84%90%E1%85%A1%E1%86%B8-p01223015.html,https://static.zara.net/assets/public/68cd/0796/a84546a58c8a/8d0287051b7c/01223015406-p/01223015406-p.jpg?ts=1774267216490,"₩55,900",,,260622,라이트 블루,,,,
,false,,ZARA,상의,탑,여성,심리스 레이스 탑,https://www.zara.com/kr/ko/%E1%84%89%E1%85%B5%E1%86%B7%E1%84%85%E1%85%B5%E1%84%89%E1%85%B3-%E1%84%85%E1%85%A6%E1%84%8B%E1%85%B5%E1%84%89%E1%85%B3-%E1%84%90%E1%85%A1%E1%86%B8-p01067010.html,https://static.zara.net/assets/public/8b9b/6b66/eda447d5a9e9/c2837c0e1a97/01067010942-p/01067010942-p.jpg?ts=1774267210590,"₩45,900",,,260622,베이지 핑크,,,,
,false,,ZARA,상의,탑,여성,루즈핏 하이넥 니트 탑,https://www.zara.com/kr/ko/%E1%84%85%E1%85%AE%E1%84%8C%E1%85%B3%E1%84%91%E1%85%B5%E1%86%BA-%E1%84%92%E1%85%A1%E1%84%8B%E1%85%B5%E1%84%82%E1%85%A6%E1%86%A8-%E1%84%82%E1%85%B5%E1%84%90%E1%85%B3-%E1%84%90%E1%85%A1%E1%86%B8-p03471005.html,https://static.zara.net/assets/public/28b8/11c7/493748c9a655/fef3366f0829/03471005520-p/03471005520-p.jpg?ts=1772557057753,"₩49,900",,,260622,라임,,,,
,false,,ZARA,상의,탑,여성,벌룬 슬리브 반소매 니트 탑,https://www.zara.com/kr/ko/%E1%84%87%E1%85%A5%E1%86%AF%E1%84%85%E1%85%AE%E1%86%AB-%E1%84%89%E1%85%B3%E1%86%AF%E1%84%85%E1%85%B5%E1%84%87%E1%85%B3-%E1%84%87%E1%85%A1%E1%86%AB%E1%84%89%E1%85%A9%E1%84%86%E1%85%A2-%E1%84%82%E1%85%B5%E1%84%90%E1%85%B3-%E1%84%90%E1%85%A1%E1%86%B8-p04192009.html,https://static.zara.net/assets/public/2f2b/aaea/1cb14e91a931/1233ea65180e/04192009620-p/04192009620-p.jpg?ts=1772637755385,"₩55,900",,,260622,로즈핑크,,,,
,false,,ZARA,상의,셔츠/블라우스,여성,패턴 스트랩 탑,https://www.zara.com/kr/ko/%E1%84%91%E1%85%A2%E1%84%90%E1%85%A5%E1%86%AB-%E1%84%89%E1%85%B3%E1%84%90%E1%85%B3%E1%84%85%E1%85%A2%E1%86%B8-%E1%84%90%E1%85%A1%E1%86%B8-p03666120.html,https://static.zara.net/assets/public/d015/259d/77be43139459/8995703a40a6/03666120330-p/03666120330-p.jpg?ts=1778847891284,"₩55,900",,,260622,멀티컬러,,,,
,false,,ZARA,상의,탑,여성,포인텔 니트 탑,https://www.zara.com/kr/ko/%E1%84%91%E1%85%A9%E1%84%8B%E1%85%B5%E1%86%AB%E1%84%90%E1%85%A6%E1%86%AF-%E1%84%82%E1%85%B5%E1%84%90%E1%85%B3-%E1%84%90%E1%85%A2%E1%86%BC%E1%84%8F%E1%85%B3-%E1%84%90%E1%85%A1%E1%86%B8-p06771029.html,https://static.zara.net/assets/public/72e4/9574/e1d845c9855f/71bf4d8a237f/06771029707-p/06771029707-p.jpg?ts=1778847922051,"₩39,900",,,260622,샌드,,,,
,false,,ZARA,상의,니트,여성,크롭 니트 탑,https://www.zara.com/kr/ko/%E1%84%8F%E1%85%B3%E1%84%85%E1%85%A9%E1%86%B8-%E1%84%82%E1%85%B5%E1%84%90%E1%85%B3-%E1%84%90%E1%85%A1%E1%86%B8-p05536076.html,https://static.zara.net/assets/public/10e0/13a8/86c945608a32/7e65866e7925/05536076919-p/05536076919-p.jpg?ts=1778847904573,"₩59,900",,,260622,레드 코랄,,,,
,false,,ZARA,상의,셔츠/블라우스,여성,리본 깅엄 체크 벌룬 탑,https://www.zara.com/kr/ko/%E1%84%85%E1%85%B5%E1%84%87%E1%85%A9%E1%86%AB-%E1%84%80%E1%85%B5%E1%86%BC%E1%84%8B%E1%85%A5%E1%86%B7%E1%84%8E%E1%85%A6%E1%84%8F%E1%85%B3-%E1%84%87%E1%85%A5%E1%86%AF%E1%84%85%E1%85%AE%E1%86%AB-%E1%84%90%E1%85%A1%E1%86%B8-p02298070.html,https://static.zara.net/assets/public/7487/cecb/c2834007a168/b14a0cf17529/02298070087-p/02298070087-p.jpg?ts=1771587773758,"₩55,900",,,260622,"브라운,크림",,,,
,false,,ZARA,상의,셔츠/블라우스,여성,벌룬 페이크 스웨이드 탑,https://www.zara.com/kr/ko/%E1%84%87%E1%85%A5%E1%86%AF%E1%84%85%E1%85%AE%E1%86%AB-%E1%84%91%E1%85%A6%E1%84%8B%E1%85%B5%E1%84%8F%E1%85%B3-%E1%84%89%E1%85%B3%E1%84%8B%E1%85%B0%E1%84%8B%E1%85%B5%E1%84%83%E1%85%B3-%E1%84%90%E1%85%A1%E1%86%B8-p04968029.html,https://static.zara.net/assets/public/93ef/9c9a/0800493e9b69/f357845b6340/04968029505-a2/04968029505-a2.jpg?ts=1771847070380,"₩55,900",,,260622,카키,,,,
,false,,ZARA,상의,셔츠/블라우스,여성,토글 레이스 탑,https://www.zara.com/kr/ko/%E1%84%90%E1%85%A9%E1%84%80%E1%85%B3%E1%86%AF-%E1%84%85%E1%85%A6%E1%84%8B%E1%85%B5%E1%84%89%E1%85%B3-%E1%84%90%E1%85%A1%E1%86%B8-p04007653.html,https://static.zara.net/assets/public/ace7/440a/74a74df29ee2/42829bcc8136/04007653800-a1/04007653800-a1.jpg?ts=1781248320798,"₩55,900",,,260622,블랙,,,,
,false,,ZARA,기타,WAISTCOAT,여성,버튼 홀터넥 베스트 탑,https://www.zara.com/kr/ko/%E1%84%87%E1%85%A5%E1%84%90%E1%85%B3%E1%86%AB-%E1%84%92%E1%85%A9%E1%86%AF%E1%84%90%E1%85%A5%E1%84%82%E1%85%A6%E1%86%A8-%E1%84%87%E1%85%A6%E1%84%89%E1%85%B3%E1%84%90%E1%85%B3-%E1%84%90%E1%85%A1%E1%86%B8-p07794603.html,https://static.zara.net/assets/public/ff4f/54f4/7fbe4304bd08/9e2e083534cb/07794603800-a1/07794603800-a1.jpg?ts=1781248318870,"₩57,900",,,260622,블랙,,,,
,false,,ZARA,상의,셔츠/블라우스,여성,스트라이프 버튼 크로스 탑,https://www.zara.com/kr/ko/%E1%84%89%E1%85%B3%E1%84%90%E1%85%B3%E1%84%85%E1%85%A1%E1%84%8B%E1%85%B5%E1%84%91%E1%85%B3-%E1%84%87%E1%85%A5%E1%84%90%E1%85%B3%E1%86%AB-%E1%84%8F%E1%85%B3%E1%84%85%E1%85%A9%E1%84%89%E1%85%B3-%E1%84%90%E1%85%A1%E1%86%B8-p06929065.html,https://static.zara.net/assets/public/10b3/19fa/f46c413a832b/c48b8ee0e308/06929006406-p/06929006406-p.jpg?ts=1776872913740,"₩55,900",,,260622,라이트 블루,,,,
,false,,ZARA,상의,티셔츠,여성,트임 크롭 탑,https://www.zara.com/kr/ko/%E1%84%90%E1%85%B3%E1%84%8B%E1%85%B5%E1%86%B7-%E1%84%8F%E1%85%B3%E1%84%85%E1%85%A9%E1%86%B8-%E1%84%90%E1%85%A1%E1%86%B8-p03253367.html,https://static.zara.net/assets/public/8443/eced/2afc42babda7/971e29d0a53c/03253367800-000-a5/03253367800-000-a5.jpg?ts=1776937215069,"₩19,900",,,260622,블랙,,,,
,false,,ZARA,상의,셔츠/블라우스,여성,깅엄 체크 프릴 크롭 탑,https://www.zara.com/kr/ko/%E1%84%80%E1%85%B5%E1%86%BC%E1%84%8B%E1%85%A5%E1%86%B7-%E1%84%8E%E1%85%A6%E1%84%8F%E1%85%B3-%E1%84%91%E1%85%B3%E1%84%85%E1%85%B5%E1%86%AF-%E1%84%8F%E1%85%B3%E1%84%85%E1%85%A9%E1%86%B8-%E1%84%90%E1%85%A1%E1%86%B8-p03067067.html,https://static.zara.net/assets/public/d076/b434/9aa540729f3d/d1e2b4f0483e/03067067620-p/03067067620-p.jpg?ts=1779359082662,"₩49,900",,,260622,로즈핑크,,,,
,false,,ZARA,상의,셔츠/블라우스,여성,깅엄 체크 크롭 탑,https://www.zara.com/kr/ko/%E1%84%80%E1%85%B5%E1%86%BC%E1%84%8B%E1%85%A5%E1%86%B7-%E1%84%8E%E1%85%A6%E1%84%8F%E1%85%B3-%E1%84%8F%E1%85%B3%E1%84%85%E1%85%A9%E1%86%B8-%E1%84%90%E1%85%A1%E1%86%B8-p02180039.html,https://static.zara.net/assets/public/894b/5a60/62b54d97a688/701191b27759/02180039094-a2/02180039094-a2.jpg?ts=1779434427763,"₩49,900",,,260622,"레드,화이트",,,,
,false,,ZARA,상의,티셔츠,여성,레이스 버튼 탑,https://www.zara.com/kr/ko/%E1%84%85%E1%85%A6%E1%84%8B%E1%85%B5%E1%84%89%E1%85%B3-%E1%84%87%E1%85%A5%E1%84%90%E1%85%B3%E1%86%AB-%E1%84%90%E1%85%A1%E1%86%B8-p01067150.html,https://static.zara.net/assets/public/71de/58af/667f4fc79f3f/97ea70fbb24a/01067150759-p/01067150759-p.jpg?ts=1769621960750,"₩49,900",,,260622,도트,,,,
,false,,ZARA,상의,티셔츠,여성,숄더 오프 콤비 티셔츠,https://www.zara.com/kr/ko/%E1%84%89%E1%85%AD%E1%86%AF%E1%84%83%E1%85%A5-%E1%84%8B%E1%85%A9%E1%84%91%E1%85%B3-%E1%84%8F%E1%85%A9%E1%86%B7%E1%84%87%E1%85%B5-%E1%84%90%E1%85%B5%E1%84%89%E1%85%A7%E1%84%8E%E1%85%B3-p01067007.html,https://static.zara.net/assets/public/cd70/0146/fc4743baa03f/9d0eeeef8fb3/01067007800-p/01067007800-p.jpg?ts=1769617492799,"₩49,900",,,260622,블랙,,,,
,false,,ZARA,상의,셔츠/블라우스,여성,허니콤 페플럼 탑,https://www.zara.com/kr/ko/%E1%84%92%E1%85%A5%E1%84%82%E1%85%B5%E1%84%8F%E1%85%A9%E1%86%B7-%E1%84%91%E1%85%A6%E1%84%91%E1%85%B3%E1%86%AF%E1%84%85%E1%85%A5%E1%86%B7-%E1%84%90%E1%85%A1%E1%86%B8-p05029148.html,https://static.zara.net/assets/public/6c35/e712/f6cc4f44a7bf/b0fe0af6f963/05029148250-p/05029148250-p.jpg?ts=1778076559216,"₩49,900",,,260622,화이트,,,,
,false,,ZARA,상의,티셔츠,여성,레이스 슬리브리스 탑,https://www.zara.com/kr/ko/%E1%84%85%E1%85%A6%E1%84%8B%E1%85%B5%E1%84%89%E1%85%B3-%E1%84%89%E1%85%B3%E1%86%AF%E1%84%85%E1%85%B5%E1%84%87%E1%85%B3%E1%84%85%E1%85%B5%E1%84%89%E1%85%B3-%E1%84%90%E1%85%A1%E1%86%B8-p01165124.html,https://static.zara.net/assets/public/0780/cafe/857a43cb94c0/e6af1709f542/01165124250-p/01165124250-p.jpg?ts=1778075574701,"₩39,900",,,260622,화이트,,,,
,false,,ZARA,상의,셔츠/블라우스,여성,깅엄 체크 홀터넥 탑,https://www.zara.com/kr/ko/%E1%84%80%E1%85%B5%E1%86%BC%E1%84%8B%E1%85%A5%E1%86%B7%E1%84%8E%E1%85%A6%E1%84%8F%E1%85%B3-%E1%84%92%E1%85%A9%E1%86%AF%E1%84%90%E1%85%A5%E1%84%82%E1%85%A6%E1%86%A8-%E1%84%90%E1%85%A1%E1%86%B8-p04661090.html,https://static.zara.net/assets/public/5f21/61ee/ceda4d8386e5/0adf5dc8c6d9/02761216071-p/02761216071-p.jpg?ts=1778170546148,"₩49,900",,,260622,"크림,카키",,,,
,false,,ZARA,상의,탑,여성,스트라이프 니트 탑,https://www.zara.com/kr/ko/%E1%84%89%E1%85%B3%E1%84%90%E1%85%B3%E1%84%85%E1%85%A1%E1%84%8B%E1%85%B5%E1%84%91%E1%85%B3-%E1%84%82%E1%85%B5%E1%84%90%E1%85%B3-%E1%84%90%E1%85%A1%E1%86%B8-p02142264.html,https://static.zara.net/assets/public/b4cf/b3ab/05484c56ac3e/51db251bbe1b/02142264079-a2/02142264079-a2.jpg?ts=1778240514254,"₩29,900",,,260622,"오렌지,노랑",,,,
,false,,ZARA,상의,셔츠/블라우스,여성,크로셰 크롭 탑,https://www.zara.com/kr/ko/%E1%84%8F%E1%85%B3%E1%84%85%E1%85%A9%E1%84%89%E1%85%A8-%E1%84%8F%E1%85%B3%E1%84%85%E1%85%A9%E1%86%B8-%E1%84%90%E1%85%A1%E1%86%B8-p02298093.html,https://static.zara.net/assets/public/1886/a0ce/32964a44a674/8e7a2c49ba54/02298093712-p/02298093712-p.jpg?ts=1778076405068,"₩55,900",,,260622,크림,,,,
,false,,ZARA,상의,탑,여성,언밸런스 니트 탑,https://www.zara.com/kr/ko/%E1%84%8B%E1%85%A5%E1%86%AB%E1%84%87%E1%85%A2%E1%86%AF%E1%84%85%E1%85%A5%E1%86%AB%E1%84%89%E1%85%B3-%E1%84%82%E1%85%B5%E1%84%90%E1%85%B3-%E1%84%90%E1%85%A1%E1%86%B8-p09598016.html,https://static.zara.net/assets/public/773a/7457/d94a46dea6bf/a83627c41cb5/09598016700-p/09598016700-p.jpg?ts=1778077772898,"₩49,900",,,260622,브라운,,,,
,false,,ZARA,상의,탑,여성,러스틱 스트라이프 탑,https://www.zara.com/kr/ko/%E1%84%85%E1%85%A5%E1%84%89%E1%85%B3%E1%84%90%E1%85%B5%E1%86%A8-%E1%84%89%E1%85%B3%E1%84%90%E1%85%B3%E1%84%85%E1%85%A1%E1%84%8B%E1%85%B5%E1%84%91%E1%85%B3-%E1%84%90%E1%85%A1%E1%86%B8-p08779144.html,https://static.zara.net/assets/public/725e/1f17/3fb54b6f8955/232b6a1da628/08779144712-p/08779144712-p.jpg?ts=1776085517584,"₩49,900",,,260622,크림,,,,
,false,,ZARA,상의,탑,여성,러스틱 쇼트 슬리브 폴로셔츠,https://www.zara.com/kr/ko/%E1%84%85%E1%85%A5%E1%84%91%E1%85%B3-%E1%84%90%E1%85%A6%E1%86%A8%E1%84%89%E1%85%B3%E1%84%8E%E1%85%A5-%E1%84%89%E1%85%AD%E1%84%90%E1%85%B3-%E1%84%89%E1%85%B3%E1%86%AF%E1%84%85%E1%85%B5%E1%84%87%E1%85%B3-%E1%84%91%E1%85%A9%E1%86%AF%E1%84%85%E1%85%A9%E1%84%89%E1%85%A7%E1%84%8E%E1%85%B3-p08779143.html,https://static.zara.net/assets/public/17b1/25c6/ae554512941e/adf8a0199969/08779143049-p/08779143049-p.jpg?ts=1776085517136,"₩49,900",,,260622,브라운-블루,,,,
,false,,ZARA,상의,셔츠/블라우스,여성,자수 거즈 스트랩 탑,https://www.zara.com/kr/ko/%E1%84%80%E1%85%A5%E1%84%8C%E1%85%B3-%E1%84%8C%E1%85%A1%E1%84%89%E1%85%AE-%E1%84%89%E1%85%B3%E1%84%90%E1%85%B3%E1%84%85%E1%85%A2%E1%86%B8-%E1%84%90%E1%85%A1%E1%86%B8-p00881026.html,https://static.zara.net/assets/public/864e/d10b/2d0f4b47be57/b204fdbdcc3b/00881026712-p/00881026712-p.jpg?ts=1776094451616,"₩59,900",,,260622,크림,,,,
,false,,ZARA,상의,셔츠/블라우스,여성,언밸런스 시퀸 탑,https://www.zara.com/kr/ko/%E1%84%8B%E1%85%A5%E1%86%AB%E1%84%87%E1%85%A2%E1%86%AF%E1%84%85%E1%85%A5%E1%86%AB%E1%84%89%E1%85%B3-%E1%84%89%E1%85%B5%E1%84%8F%E1%85%B1%E1%86%AB-%E1%84%90%E1%85%A1%E1%86%B8-p04772070.html,https://static.zara.net/assets/public/da29/7eec/0622408682c9/b4b974c5793c/04365053506-p/04365053506-p.jpg?ts=1776248301865,"₩49,900",,,260622,노랑,,,,
,false,,ZARA,상의,셔츠/블라우스,여성,리넨 슬리브리스 탑,https://www.zara.com/kr/ko/%E1%84%85%E1%85%B5%E1%84%82%E1%85%A6%E1%86%AB-%E1%84%89%E1%85%B3%E1%86%AF%E1%84%85%E1%85%B5%E1%84%87%E1%85%B3%E1%84%85%E1%85%B5%E1%84%89%E1%85%B3-%E1%84%90%E1%85%A1%E1%86%B8-p02608775.html,https://static.zara.net/assets/public/5447/a800/74b2482d8e11/82bda9a2825f/02608775052-p/02608775052-p.jpg?ts=1776870920716,"₩49,900",,,260622,라이트 베이지,,,,
,false,,ZARA,상의,셔츠/블라우스,여성,레이스 란제리 탑,https://www.zara.com/kr/ko/%E1%84%85%E1%85%A6%E1%84%8B%E1%85%B5%E1%84%89%E1%85%B3-%E1%84%85%E1%85%A1%E1%86%AB%E1%84%8C%E1%85%A6%E1%84%85%E1%85%B5-%E1%84%90%E1%85%A1%E1%86%B8-p07969037.html,https://static.zara.net/assets/public/1057/400b/5b9548fdb761/867711121daf/07969037700-a3/07969037700-a3.jpg?ts=1776870935936,"₩55,900",,,260622,브라운,,,,
,false,,ZARA,상의,탑,여성,벌룬 슬리브 니트 탑,https://www.zara.com/kr/ko/%E1%84%87%E1%85%A5%E1%86%AF%E1%84%85%E1%85%AE%E1%86%AB-%E1%84%89%E1%85%B3%E1%86%AF%E1%84%85%E1%85%B5%E1%84%87%E1%85%B3-%E1%84%82%E1%85%B5%E1%84%90%E1%85%B3-%E1%84%90%E1%85%A1%E1%86%B8-p00014025.html,https://static.zara.net/assets/public/7969/d149/c13443b68a2e/dedc1550dc9c/0014025649-p/0014025649-p.jpg?ts=1774444533797,"₩49,900",,,260622,"레드,코랄",,,,
,false,,ZARA,상의,탑,여성,벌룬 슬리브 니트 탑,https://www.zara.com/kr/ko/%E1%84%87%E1%85%A5%E1%86%AF%E1%84%85%E1%85%AE%E1%86%AB-%E1%84%89%E1%85%B3%E1%86%AF%E1%84%85%E1%85%B5%E1%84%87%E1%85%B3-%E1%84%82%E1%85%B5%E1%84%90%E1%85%B3-%E1%84%90%E1%85%A1%E1%86%B8-p00014025.html,https://static.zara.net/assets/public/abc1/125a/944c42e4b029/d2bd86a497c3/00014025250-p/00014025250-p.jpg?ts=1774372274581,"₩49,900",,,260622,화이트,,,,
,false,,ZARA,상의,셔츠/블라우스,여성,라자다 포플린 탑,https://www.zara.com/kr/ko/%E1%84%85%E1%85%A1%E1%84%8C%E1%85%A1%E1%84%83%E1%85%A1-%E1%84%91%E1%85%A9%E1%84%91%E1%85%B3%E1%86%AF%E1%84%85%E1%85%B5%E1%86%AB-%E1%84%90%E1%85%A1%E1%86%B8-p04661035.html,https://static.zara.net/assets/public/90e7/fc2b/6f1a45c299d4/bc9cc533b212/04661045800-p/04661045800-p.jpg?ts=1774452757874,"₩49,900",,,260622,블랙,,,,
,false,,ZARA,상의,셔츠/블라우스,여성,라자다 포플린 탑,https://www.zara.com/kr/ko/%E1%84%85%E1%85%A1%E1%84%8C%E1%85%A1%E1%84%83%E1%85%A1-%E1%84%91%E1%85%A9%E1%84%91%E1%85%B3%E1%86%AF%E1%84%85%E1%85%B5%E1%86%AB-%E1%84%90%E1%85%A1%E1%86%B8-p04661035.html,https://static.zara.net/assets/public/4a78/afb2/a33e4ccdaa5a/e47b837c71f3/02180046070-p/02180046070-p.jpg?ts=1774452748258,"₩49,900",,,260622,"크림,블랙",,,,
,false,,ZARA,상의,셔츠/블라우스,여성,프릴 비즈 스트랩 탑,https://www.zara.com/kr/ko/%E1%84%87%E1%85%B5%E1%84%8C%E1%85%B3-%E1%84%91%E1%85%B3%E1%84%85%E1%85%B5%E1%86%AF-%E1%84%89%E1%85%B3%E1%84%90%E1%85%B3%E1%84%85%E1%85%A2%E1%86%B8-%E1%84%90%E1%85%A1%E1%86%B8-p03897115.html,https://static.zara.net/assets/public/242c/2d83/244d4dc690e7/b1808bc580d9/03897115629-p/03897115629-p.jpg?ts=1778228860500,"₩49,900",,,260622,라일락,,,,
,false,,ZARA,상의,탑,여성,드레이프 언밸런스 탑,https://www.zara.com/kr/ko/%E1%84%83%E1%85%B3%E1%84%85%E1%85%A6%E1%84%8B%E1%85%B5%E1%84%91%E1%85%B3-%E1%84%8B%E1%85%A5%E1%86%AB%E1%84%87%E1%85%A2%E1%86%AF%E1%84%85%E1%85%A5%E1%86%AB%E1%84%89%E1%85%B3-%E1%84%90%E1%85%A1%E1%86%B8-p05644024.html,https://static.zara.net/assets/public/008b/a264/61524264afe5/beadff6a0959/01934041427-p/01934041427-p.jpg?ts=1778228833518,"₩49,900",,,260622,화이트,,,,
,false,,ZARA,상의,탑,여성,토글 버튼 스트랩 탑,https://www.zara.com/kr/ko/%E1%84%90%E1%85%A9%E1%84%80%E1%85%B3%E1%86%AF-%E1%84%89%E1%85%B3%E1%84%90%E1%85%B3%E1%84%85%E1%85%A2%E1%86%B8-%E1%84%90%E1%85%A1%E1%86%B8-p05584215.html,https://static.zara.net/assets/public/e859/d811/49a444c68c0e/4d1246ca30c7/05584215251-p/05584215251-p.jpg?ts=1779718386384,"₩45,900",,,260622,스크래치 화이트,,,,
,false,,ZARA,상의,탑,여성,배색 버튼 니트 탑,https://www.zara.com/kr/ko/%E1%84%8F%E1%85%A9%E1%86%AB%E1%84%90%E1%85%B3%E1%84%85%E1%85%A1%E1%84%89%E1%85%B3%E1%84%90%E1%85%B3-%E1%84%87%E1%85%A5%E1%84%90%E1%85%B3%E1%86%AB-%E1%84%82%E1%85%B5%E1%84%90%E1%85%B3-%E1%84%90%E1%85%A1%E1%86%B8-p02142149.html,https://static.zara.net/assets/public/3d8d/c028/9b0e4cce9d95/fc978a567176/02142149043-p/02142149043-p.jpg?ts=1779718377883,"₩49,900",,,260622,"네이비,화이트",,,,
,false,,ZARA,상의,탑,여성,파인 니트 반소매 탑,https://www.zara.com/kr/ko/%E1%84%91%E1%85%A1%E1%84%8B%E1%85%B5%E1%86%AB-%E1%84%82%E1%85%B5%E1%84%90%E1%85%B3-%E1%84%87%E1%85%A1%E1%86%AB%E1%84%89%E1%85%A9%E1%84%86%E1%85%A2-%E1%84%90%E1%85%A1%E1%86%B8-p02142139.html,https://static.zara.net/assets/public/1619/34aa/7e5d462d9cd7/8051bbc4cec9/02142139800-p/02142139800-p.jpg?ts=1776165332633,"₩49,900",,,260622,블랙,,,,
,false,,ZARA,상의,탑,여성,언밸런스 니트 탑,https://www.zara.com/kr/ko/%E1%84%8B%E1%85%A5%E1%86%AB%E1%84%87%E1%85%A2%E1%86%AF%E1%84%85%E1%85%A5%E1%86%AB%E1%84%89%E1%85%B3-%E1%84%82%E1%85%B5%E1%84%90%E1%85%B3-%E1%84%90%E1%85%A1%E1%86%B8-p02893047.html,https://static.zara.net/assets/public/65ac/b30f/04fc443898c0/a88da70533ed/02893047718-p/02893047718-p.jpg?ts=1776165334102,"₩49,900",,,260622,"샌드,브라운",,,,
,false,,ZARA,상의,탑,여성,플라워 코르셋 탑,https://www.zara.com/kr/ko/%E1%84%91%E1%85%B3%E1%86%AF%E1%84%85%E1%85%A1%E1%84%8B%E1%85%AF-%E1%84%8F%E1%85%A9%E1%84%85%E1%85%B3%E1%84%89%E1%85%A6%E1%86%BA-%E1%84%90%E1%85%A1%E1%86%B8-p01131123.html,https://static.zara.net/assets/public/30c6/6fa4/9e5944319c52/d17f0ea75256/01131123621-000-p/01131123621-000-p.jpg?ts=1779452078091,"₩49,900",,,260622,파스텔 로즈,,,,
,false,,ZARA,상의,탑,여성,플라워 코르셋 탑,https://www.zara.com/kr/ko/%E1%84%91%E1%85%B3%E1%86%AF%E1%84%85%E1%85%A1%E1%84%8B%E1%85%AF-%E1%84%8F%E1%85%A9%E1%84%85%E1%85%B3%E1%84%89%E1%85%A6%E1%86%BA-%E1%84%90%E1%85%A1%E1%86%B8-p01131124.html,https://static.zara.net/assets/public/8845/4f84/449745f0967b/339a35d7a974/01131124800-000-p/01131124800-000-p.jpg?ts=1779452055075,"₩49,900",,,260622,블랙,,,,
,false,,ZARA,상의,탑,여성,글리터 홀터넥 탑,https://www.zara.com/kr/ko/%E1%84%80%E1%85%B3%E1%86%AF%E1%84%85%E1%85%B5%E1%84%90%E1%85%A5-%E1%84%92%E1%85%A9%E1%86%AF%E1%84%90%E1%85%A5%E1%84%82%E1%85%A6%E1%86%A8-%E1%84%90%E1%85%A1%E1%86%B8-p05063370.html,https://static.zara.net/assets/public/2dae/a93c/ed1b4e67b1c2/71a10491f708/05063370645-020-p/05063370645-020-p.jpg?ts=1778156065917,"₩49,900",,,260622,미디움 로즈,,,,
,false,,ZARA,상의,셔츠/블라우스,여성,레이스 플로럴 새틴 탑,https://www.zara.com/kr/ko/%E1%84%85%E1%85%A6%E1%84%8B%E1%85%B5%E1%84%89%E1%85%B3-%E1%84%89%E1%85%A2%E1%84%90%E1%85%B5%E1%86%AB-%E1%84%90%E1%85%A1%E1%86%B8-p04764002.html,https://static.zara.net/assets/public/4208/4e2b/b5b9496cbb40/49d27002316e/02762441307-p/02762441307-p.jpg?ts=1778241022597,"₩49,900",,,260622,카바,,,,
,false,,ZARA,상의,탑,여성,인터록 언밸런스 케이프,https://www.zara.com/kr/ko/%E1%84%8B%E1%85%B5%E1%86%AB%E1%84%90%E1%85%A5%E1%84%85%E1%85%A9%E1%86%A8-%E1%84%8B%E1%85%A5%E1%86%AB%E1%84%87%E1%85%A2%E1%86%AF%E1%84%85%E1%85%A5%E1%86%AB%E1%84%89%E1%85%B3-%E1%84%8F%E1%85%A6%E1%84%8B%E1%85%B5%E1%84%91%E1%85%B3-p02335172.html,https://static.zara.net/assets/public/7c34/8b1c/49494c8a8e43/2ba029a2cb83/02335172401-p/02335172401-p.jpg?ts=1769767903593,"₩49,900",,,260622,네이비,,,,
,false,,ZARA,상의,탑,여성,인터록 언밸런스 케이프,https://www.zara.com/kr/ko/%E1%84%8B%E1%85%B5%E1%86%AB%E1%84%90%E1%85%A5%E1%84%85%E1%85%A9%E1%86%A8-%E1%84%8B%E1%85%A5%E1%86%AB%E1%84%87%E1%85%A2%E1%86%AF%E1%84%85%E1%85%A5%E1%86%AB%E1%84%89%E1%85%B3-%E1%84%8F%E1%85%A6%E1%84%8B%E1%85%B5%E1%84%91%E1%85%B3-p02335172.html,https://static.zara.net/assets/public/6943/4575/e7a545c49fe2/5444cb51367e/02335172712-p/02335172712-p.jpg?ts=1769767904012,"₩49,900",,,260622,크림,,,,
,false,,ZARA,상의,탑,여성,보트넥 니트 탑,https://www.zara.com/kr/ko/%E1%84%87%E1%85%A9%E1%84%90%E1%85%B3%E1%84%82%E1%85%A6%E1%86%A8-%E1%84%82%E1%85%B5%E1%84%90%E1%85%B3-%E1%84%90%E1%85%A1%E1%86%B8-p02142154.html,https://static.zara.net/assets/public/633c/dd0b/3bef42108fad/e4f129d5bd8d/02142155691-p/02142155691-p.jpg?ts=1778595895986,"₩49,900",,,260622,미디움 레드,,,,
,false,,ZARA,상의,탑,여성,보트넥 니트 탑,https://www.zara.com/kr/ko/%E1%84%87%E1%85%A9%E1%84%90%E1%85%B3%E1%84%82%E1%85%A6%E1%86%A8-%E1%84%82%E1%85%B5%E1%84%90%E1%85%B3-%E1%84%90%E1%85%A1%E1%86%B8-p02142154.html,https://static.zara.net/assets/public/068b/1928/f7b94f14b2eb/38e9e4b1fbad/02142154691-p/02142154691-p.jpg?ts=1778596680078,"₩49,900",,,260622,미디움 레드,,,,
,false,,ZARA,상의,셔츠/블라우스,여성,로맨틱 스트랩 탑,https://www.zara.com/kr/ko/%E1%84%85%E1%85%A9%E1%84%86%E1%85%A2%E1%86%AB%E1%84%90%E1%85%B5%E1%86%A8-%E1%84%89%E1%85%B3%E1%84%90%E1%85%B3%E1%84%85%E1%85%A2%E1%86%B8-%E1%84%90%E1%85%A1%E1%86%B8-p03666122.html,https://static.zara.net/assets/public/e87f/f5c5/ce4645269154/5331f4ee8b7f/03666122712-p/03666122712-p.jpg?ts=1780653316912,"₩57,900",,,260622,크림,,,,
,false,,ZARA,상의,셔츠/블라우스,여성,스트라이프 크롭 탑,https://www.zara.com/kr/ko/%E1%84%89%E1%85%B3%E1%84%90%E1%85%B3%E1%84%85%E1%85%A1%E1%84%8B%E1%85%B5%E1%84%91%E1%85%B3-%E1%84%8F%E1%85%B3%E1%84%85%E1%85%A9%E1%86%B8-%E1%84%90%E1%85%A1%E1%86%B8-p03564155.html,https://static.zara.net/assets/public/a5f7/1021/cd994b0681b0/a61e2fc6929b/03564155730-p/03564155730-p.jpg?ts=1781110509910,"₩45,900",,,260622,라이트 브라운,,,,
,false,,ZARA,상의,탑,여성,스트라이프 언밸런스 탑,https://www.zara.com/kr/ko/%E1%84%89%E1%85%B3%E1%84%90%E1%85%B3%E1%84%85%E1%85%A1%E1%84%8B%E1%85%B5%E1%84%91%E1%85%B3-%E1%84%8B%E1%85%A5%E1%86%AB%E1%84%87%E1%85%A2%E1%86%AF%E1%84%85%E1%85%A5%E1%86%AB%E1%84%89%E1%85%B3-%E1%84%90%E1%85%A1%E1%86%B8-p05063354.html,https://static.zara.net/assets/public/7502/bd3b/8a6043cd987d/2c7533efbb5b/05063354944-p/05063354944-p.jpg?ts=1775052061072,"₩39,900",,,260622,레드 스트라이프,,,,
,false,,ZARA,상의,티셔츠,여성,버튼 스트라이프 탑,https://www.zara.com/kr/ko/%E1%84%89%E1%85%B3%E1%84%90%E1%85%B3%E1%84%85%E1%85%A1%E1%84%8B%E1%85%B5%E1%84%91%E1%85%B3-%E1%84%87%E1%85%A5%E1%84%90%E1%85%B3%E1%86%AB-%E1%84%90%E1%85%A1%E1%86%B8-p05063357.html,https://static.zara.net/assets/public/eadc/527d/e6a740afb7b9/fa59578a370c/05063357620-p/05063357620-p.jpg?ts=1775052061933,"₩45,900",,,260622,로즈핑크,,,,
,false,,ZARA,기타,WAISTCOAT,여성,린넨 엘라스틱 허리 베스트,https://www.zara.com/kr/ko/%E1%84%85%E1%85%B5%E1%86%AB%E1%84%82%E1%85%A6%E1%86%AB-%E1%84%8B%E1%85%A6%E1%86%AF%E1%84%85%E1%85%A1%E1%84%89%E1%85%B3%E1%84%90%E1%85%B5%E1%86%A8-%E1%84%92%E1%85%A5%E1%84%85%E1%85%B5-%E1%84%87%E1%85%A6%E1%84%89%E1%85%B3%E1%84%90%E1%85%B3-p02893454.html,https://static.zara.net/assets/public/bdc7/3314/46ac40b4a23b/58f4e4f93344/02893454405-p/02893454405-p.jpg?ts=1781262736915,"₩59,900",,,260622,인디고,,,,
,false,,ZARA,상의,셔츠/블라우스,여성,홀터넥 새틴 탑,https://www.zara.com/kr/ko/%E1%84%89%E1%85%A2%E1%84%90%E1%85%B5%E1%86%AB-%E1%84%92%E1%85%A9%E1%86%AF%E1%84%90%E1%85%A5%E1%84%82%E1%85%A6%E1%86%A8-%E1%84%90%E1%85%A1%E1%86%B8-p02157069.html,https://static.zara.net/assets/public/1a63/d389/dfe9468eb3e4/379411856f4b/07969052615-p/07969052615-p.jpg?ts=1781248321079,"₩45,900",,,260622,오렌지,,,,
,false,,ZARA,상의,셔츠/블라우스,여성,언밸런스 드레이프 홀터넥 탑,https://www.zara.com/kr/ko/%E1%84%8B%E1%85%A5%E1%86%AB%E1%84%87%E1%85%A2%E1%86%AF%E1%84%85%E1%85%A5%E1%86%AB%E1%84%89%E1%85%B3-%E1%84%83%E1%85%B3%E1%84%85%E1%85%A6%E1%84%8B%E1%85%B5%E1%84%91%E1%85%B3-%E1%84%92%E1%85%A9%E1%86%AF%E1%84%90%E1%85%A5%E1%84%82%E1%85%A6%E1%86%A8-%E1%84%90%E1%85%A1%E1%86%B8-p02748332.html,https://static.zara.net/assets/public/a330/0fbb/8a5742c8ba41/de080f19a13e/02748051251-p/02748051251-p.jpg?ts=1779440409364,"₩45,900",,,260622,스크래치 화이트,,,,
,false,,ZARA,상의,셔츠/블라우스,여성,새틴 홀터넥 탑,https://www.zara.com/kr/ko/%E1%84%89%E1%85%A2%E1%84%90%E1%85%B5%E1%86%AB-%E1%84%92%E1%85%A9%E1%86%AF%E1%84%90%E1%85%A5%E1%84%82%E1%85%A6%E1%86%A8-%E1%84%90%E1%85%A1%E1%86%B8-p02812051.html,https://static.zara.net/assets/public/9f37/a4ad/9f8e4087b882/769daba9e614/02812342902-a3/02812342902-a3.jpg?ts=1779441371203,"₩45,900",,,260622,핑크,,,,
,false,,ZARA,상의,셔츠/블라우스,여성,새틴 홀터넥 탑,https://www.zara.com/kr/ko/%E1%84%89%E1%85%A2%E1%84%90%E1%85%B5%E1%86%AB-%E1%84%92%E1%85%A9%E1%86%AF%E1%84%90%E1%85%A5%E1%84%82%E1%85%A6%E1%86%A8-%E1%84%90%E1%85%A1%E1%86%B8-p02812051.html,https://static.zara.net/assets/public/a1f6/a6c5/878b4f55aaa9/573bbcd18297/02812051800-a2/02812051800-a2.jpg?ts=1779441370518,"₩45,900",,,260622,블랙,,,,
,false,,ZARA,상의,셔츠/블라우스,여성,메탈릭 얀 시퀸 탑,https://www.zara.com/kr/ko/%E1%84%86%E1%85%A6%E1%84%90%E1%85%A1%E1%86%AF%E1%84%85%E1%85%B5%E1%86%A8-%E1%84%8B%E1%85%A3%E1%86%AB-%E1%84%89%E1%85%B5%E1%84%8F%E1%85%B1%E1%86%AB-%E1%84%90%E1%85%A1%E1%86%B8-p08741038.html,https://static.zara.net/assets/public/d651/44b8/41634ea79b60/f88c89d886de/08741038712-p/08741038712-p.jpg?ts=1776157555255,"₩45,900",,,260622,크림,,,,
,false,,ZARA,상의,셔츠/블라우스,여성,프린지 시퀸 탑,https://www.zara.com/kr/ko/%E1%84%91%E1%85%B3%E1%84%85%E1%85%B5%E1%86%AB%E1%84%8C%E1%85%B5-%E1%84%89%E1%85%B5%E1%84%8F%E1%85%B1%E1%86%AB-%E1%84%90%E1%85%A1%E1%86%B8-p08741075.html,https://static.zara.net/assets/public/51b0/19f6/80ca459eb85d/029390f83c53/08741075800-p/08741075800-p.jpg?ts=1776157559788,"₩59,900",,,260622,블랙,,,,
,false,,ZARA,상의,셔츠/블라우스,여성,TRF 리본 홀터 데님 탑,https://www.zara.com/kr/ko/trf-%E1%84%85%E1%85%B5%E1%84%87%E1%85%A9%E1%86%AB-%E1%84%92%E1%85%A9%E1%86%AF%E1%84%90%E1%85%A5-%E1%84%83%E1%85%A6%E1%84%82%E1%85%B5%E1%86%B7-%E1%84%90%E1%85%A1%E1%86%B8-p08727267.html,https://static.zara.net/assets/public/3dd5/de49/91454c938b4a/81130d64f8f7/08727267443-p/08727267443-p.jpg?ts=1769163905247,"₩55,900",,,260622,다크 인디고,,,,
,false,,ZARA,상의,셔츠/블라우스,여성,세미 시스루 조젯 탑,https://www.zara.com/kr/ko/%E1%84%89%E1%85%A6%E1%84%86%E1%85%B5-%E1%84%89%E1%85%B5%E1%84%89%E1%85%B3%E1%84%85%E1%85%AE-%E1%84%8C%E1%85%A9%E1%84%8C%E1%85%A6%E1%86%BA-%E1%84%90%E1%85%A1%E1%86%B8-p04764044.html,https://static.zara.net/assets/public/1789/742e/d10b40b5ba14/7f3bd3436972/04764044621-p/04764044621-p.jpg?ts=1769163871866,"₩45,900",,,260622,파스텔 로즈,,,,
,false,,ZARA,상의,셔츠/블라우스,여성,새틴 홀터넥 탑,https://www.zara.com/kr/ko/%E1%84%89%E1%85%A2%E1%84%90%E1%85%B5%E1%86%AB-%E1%84%92%E1%85%A9%E1%86%AF%E1%84%90%E1%85%A5%E1%84%82%E1%85%A6%E1%86%A8-%E1%84%90%E1%85%A1%E1%86%B8-p02632332.html,https://static.zara.net/assets/public/a669/5f02/686a46039fc6/3964a5eb636f/02632332800-p/02632332800-p.jpg?ts=1773836388707,"₩45,900",,,260622,블랙,,,,
,false,,ZARA,상의,셔츠/블라우스,여성,메쉬 콤비 드레이프 탑,https://www.zara.com/kr/ko/%E1%84%86%E1%85%A6%E1%84%89%E1%85%B1-%E1%84%8F%E1%85%A9%E1%86%B7%E1%84%87%E1%85%B5-%E1%84%83%E1%85%B3%E1%84%85%E1%85%A6%E1%84%8B%E1%85%B5%E1%84%91%E1%85%B3-%E1%84%90%E1%85%A1%E1%86%B8-p04772019.html,https://static.zara.net/assets/public/91fd/fc00/40ae4f4ca200/0a82897834fb/04772019835-p/04772019835-p.jpg?ts=1773836389609,"₩59,900",,,260622,다크 납색,,,,
,false,,ZARA,상의,셔츠/블라우스,여성,코르셋 스타일 포플린 크롭 탑,https://www.zara.com/kr/ko/%E1%84%8F%E1%85%A9%E1%84%85%E1%85%B3%E1%84%89%E1%85%A6%E1%86%BA-%E1%84%89%E1%85%B3%E1%84%90%E1%85%A1%E1%84%8B%E1%85%B5%E1%86%AF-%E1%84%91%E1%85%A9%E1%84%91%E1%85%B3%E1%86%AF%E1%84%85%E1%85%B5%E1%86%AB-%E1%84%8F%E1%85%B3%E1%84%85%E1%85%A9%E1%86%B8-%E1%84%90%E1%85%A1%E1%86%B8-p02180063.html,https://static.zara.net/assets/public/ee54/8876/d6794a61add5/fddfc1d4dbc4/02629224044-p/02629224044-p.jpg?ts=1775808612392,"₩45,900",,,260622,"블루 ,화이트",,,,
,false,,ZARA,상의,셔츠/블라우스,여성,버튼 쇼트 슬리브 탑,https://www.zara.com/kr/ko/%E1%84%87%E1%85%A5%E1%84%90%E1%85%B3%E1%86%AB-%E1%84%89%E1%85%AD%E1%84%90%E1%85%B3-%E1%84%89%E1%85%B3%E1%86%AF%E1%84%85%E1%85%B5%E1%84%87%E1%85%B3-%E1%84%90%E1%85%A1%E1%86%B8-p02162272.html,https://static.zara.net/assets/public/53bd/edd9/d2df4fa2b4aa/87f7e2a5f769/01210058621-p/01210058621-p.jpg?ts=1775808612632,"₩55,900",,,260622,파스텔 로즈,,,,
,false,,ZARA,상의,탑,여성,파인 니트 탑,https://www.zara.com/kr/ko/%E1%84%91%E1%85%A1%E1%84%8B%E1%85%B5%E1%86%AB-%E1%84%82%E1%85%B5%E1%84%90%E1%85%B3-%E1%84%90%E1%85%A1%E1%86%B8-p03519016.html,https://static.zara.net/assets/public/090a/c6b3/8de643e88111/2c83c0493cf3/03519016300-p/03519016300-p.jpg?ts=1781076432397,"₩35,900",,,260622,노랑,,,,
,false,,ZARA,상의,니트,여성,쇼트 슬리브 니트 폴로셔츠,https://www.zara.com/kr/ko/%E1%84%89%E1%85%AD%E1%84%90%E1%85%B3-%E1%84%89%E1%85%B3%E1%86%AF%E1%84%85%E1%85%B5%E1%84%87%E1%85%B3-%E1%84%82%E1%85%B5%E1%84%90%E1%85%B3-%E1%84%91%E1%85%A9%E1%86%AF%E1%84%85%E1%85%A9%E1%84%89%E1%85%A7%E1%84%8E%E1%85%B3-p02142519.html,https://static.zara.net/assets/public/58b3/ed4d/7c10410e8687/ec66bf927a2a/02142519250-p/02142519250-p.jpg?ts=1781076426949,"₩45,900",,,260622,화이트,,,,
,false,,ZARA,상의,니트,여성,쇼트 슬리브 니트 폴로셔츠,https://www.zara.com/kr/ko/%E1%84%89%E1%85%AD%E1%84%90%E1%85%B3-%E1%84%89%E1%85%B3%E1%86%AF%E1%84%85%E1%85%B5%E1%84%87%E1%85%B3-%E1%84%82%E1%85%B5%E1%84%90%E1%85%B3-%E1%84%91%E1%85%A9%E1%86%AF%E1%84%85%E1%85%A9%E1%84%89%E1%85%A7%E1%84%8E%E1%85%B3-p02142519.html,https://static.zara.net/assets/public/0e86/8442/c10f47999613/7048c2d28976/02142519250-1-a2/02142519250-1-a2.jpg?ts=1779373988263,"₩45,900",,,260622,화이트,,,,
,false,,ZARA,상의,니트,여성,쇼트 슬리브 니트 폴로셔츠,https://www.zara.com/kr/ko/%E1%84%89%E1%85%AD%E1%84%90%E1%85%B3-%E1%84%89%E1%85%B3%E1%86%AF%E1%84%85%E1%85%B5%E1%84%87%E1%85%B3-%E1%84%82%E1%85%B5%E1%84%90%E1%85%B3-%E1%84%91%E1%85%A9%E1%86%AF%E1%84%85%E1%85%A9%E1%84%89%E1%85%A7%E1%84%8E%E1%85%B3-p02142519.html,https://static.zara.net/assets/public/f267/6911/447d4834bc63/c77cbe37f962/02142519800-p/02142519800-p.jpg?ts=1779378512364,"₩45,900",,,260622,블랙,,,,
,false,,ZARA,상의,니트,여성,프렌치 슬리브 폴로 스웨터,https://www.zara.com/kr/ko/%E1%84%91%E1%85%B3%E1%84%85%E1%85%A6%E1%86%AB%E1%84%8E%E1%85%B5-%E1%84%89%E1%85%B3%E1%86%AF%E1%84%85%E1%85%B5%E1%84%87%E1%85%B3-%E1%84%91%E1%85%A9%E1%86%AF%E1%84%85%E1%85%A9-%E1%84%89%E1%85%B3%E1%84%8B%E1%85%B0%E1%84%90%E1%85%A5-p02142114.html,https://static.zara.net/assets/public/991d/ef32/3eaf4bfbbdcd/16cab4a094ea/02142114300-000-a1/02142114300-000-a1.jpg?ts=1773064828471,"₩55,900",,,260622,노랑,,,,
,false,,ZARA,상의,탑,여성,파인 니트 보우 탑,https://www.zara.com/kr/ko/%E1%84%91%E1%85%A1%E1%84%8B%E1%85%B5%E1%86%AB-%E1%84%82%E1%85%B5%E1%84%90%E1%85%B3-%E1%84%87%E1%85%A9%E1%84%8B%E1%85%AE-%E1%84%90%E1%85%A1%E1%86%B8-p09874018.html,https://static.zara.net/assets/public/84e4/9e33/daec4ed890d0/eba1c477537f/09874018460-p/09874018460-p.jpg?ts=1775811913170,"₩39,900",,,260622,네온 로즈핑크,,,,
,false,,ZARA,상의,티셔츠,여성,슬리브리스 탑,https://www.zara.com/kr/ko/%E1%84%89%E1%85%B3%E1%86%AF%E1%84%85%E1%85%B5%E1%84%87%E1%85%B3%E1%84%85%E1%85%B5%E1%84%89%E1%85%B3-%E1%84%90%E1%85%A1%E1%86%B8-p05644010.html,https://static.zara.net/assets/public/61fa/5a30/146644ddb3eb/34a57306555e/05644010802-p/05644010802-p.jpg?ts=1767965259262,"₩39,900",,,260622,그레이,,,,
,false,,ZARA,상의,티셔츠,여성,더블 러스틱 탑,https://www.zara.com/kr/ko/%E1%84%83%E1%85%A5%E1%84%87%E1%85%B3%E1%86%AF-%E1%84%85%E1%85%A5%E1%84%89%E1%85%B3%E1%84%90%E1%85%B5%E1%86%A8-%E1%84%90%E1%85%A1%E1%86%B8-p05644008.html,https://static.zara.net/assets/public/1167/1c47/a6e24e228d9d/59a0276ba613/05644008063-p/05644008063-p.jpg?ts=1767965257712,"₩39,900",,,260622,"화이트,그린",,,,
,false,,ZARA,상의,티셔츠,여성,립 레이스 탑,https://www.zara.com/kr/ko/%E1%84%85%E1%85%B5%E1%86%B8-%E1%84%85%E1%85%A6%E1%84%8B%E1%85%B5%E1%84%89%E1%85%B3-%E1%84%90%E1%85%A1%E1%86%B8-p05039022.html,https://static.zara.net/assets/public/09d8/3f99/d41f4255a56d/717aab9edf96/05039022712-p/05039022712-p.jpg?ts=1775057969749,"₩39,900",,,260622,크림,,,,
,false,,ZARA,상의,티셔츠,여성,립 레이스 탑,https://www.zara.com/kr/ko/%E1%84%85%E1%85%B5%E1%86%B8-%E1%84%85%E1%85%A6%E1%84%8B%E1%85%B5%E1%84%89%E1%85%B3-%E1%84%90%E1%85%A1%E1%86%B8-p05039022.html,https://static.zara.net/assets/public/730e/ad06/56734deea817/c83b6bb0f4a5/05039022800-p/05039022800-p.jpg?ts=1775057981571,"₩39,900",,,260622,블랙,,,,
,false,,ZARA,상의,탑,여성,자수 스트랩 탑,https://www.zara.com/kr/ko/%E1%84%8C%E1%85%A1%E1%84%89%E1%85%AE-%E1%84%89%E1%85%B3%E1%84%90%E1%85%B3%E1%84%85%E1%85%A2%E1%86%B8-%E1%84%90%E1%85%A1%E1%86%B8-p05063363.html,https://static.zara.net/assets/public/6259/1818/1e19461b9fef/bd2fbbc08803/05063363406-p/05063363406-p.jpg?ts=1776953021348,"₩55,900",,,260622,라이트 블루,,,,
,false,,ZARA,상의,탑,여성,플라워 스트랩 탑,https://www.zara.com/kr/ko/%E1%84%91%E1%85%B3%E1%86%AF%E1%84%85%E1%85%A1%E1%84%8B%E1%85%AF-%E1%84%89%E1%85%B3%E1%84%90%E1%85%B3%E1%84%85%E1%85%A2%E1%86%B8-%E1%84%90%E1%85%A1%E1%86%B8-p04813358.html,https://static.zara.net/assets/public/5ac7/481f/47024d1a9570/0db3e5eaa8c2/04813358402-p/04813358402-p.jpg?ts=1776953015854,"₩39,900",,,260622,터키블루,,,,
,false,,ZARA,상의,티셔츠,여성,러스틱 슬리브리스 탑,https://www.zara.com/kr/ko/%E1%84%85%E1%85%A5%E1%84%89%E1%85%B3%E1%84%90%E1%85%B5%E1%86%A8-%E1%84%89%E1%85%B3%E1%86%AF%E1%84%85%E1%85%B5%E1%84%87%E1%85%B3%E1%84%85%E1%85%B5%E1%84%89%E1%85%B3-%E1%84%90%E1%85%A1%E1%86%B8-p01165104.html,https://static.zara.net/assets/public/4405/893a/d41545ee9fad/a34e626d0d72/01165104807-p/01165104807-p.jpg?ts=1781704956595,"₩35,900",,,260622,콜 그레이,,,,
,false,,ZARA,상의,티셔츠,여성,러스틱 슬리브리스 탑,https://www.zara.com/kr/ko/%E1%84%85%E1%85%A5%E1%84%89%E1%85%B3%E1%84%90%E1%85%B5%E1%86%A8-%E1%84%89%E1%85%B3%E1%86%AF%E1%84%85%E1%85%B5%E1%84%87%E1%85%B3%E1%84%85%E1%85%B5%E1%84%89%E1%85%B3-%E1%84%90%E1%85%A1%E1%86%B8-p01165104.html,https://static.zara.net/assets/public/fbc6/71a6/285d4290980a/9307266750c2/01165104681-p/01165104681-p.jpg?ts=1781704957195,"₩35,900",,,260622,버건디,,,,
,false,,ZARA,기타,BODYSUIT,여성,폴리아미드 긴소매 바디수트,https://www.zara.com/kr/ko/%E1%84%91%E1%85%A9%E1%86%AF%E1%84%85%E1%85%B5%E1%84%8B%E1%85%A1%E1%84%86%E1%85%B5%E1%84%83%E1%85%B3-%E1%84%80%E1%85%B5%E1%86%AB%E1%84%89%E1%85%A9%E1%84%86%E1%85%A2-%E1%84%87%E1%85%A1%E1%84%83%E1%85%B5%E1%84%89%E1%85%AE%E1%84%90%E1%85%B3-p01026825.html,https://static.zara.net/assets/public/e8e3/4ff2/ae874b7489ee/2594f2c51127/01026825800-p/01026825800-p.jpg?ts=1769088127353,"₩35,900",,,260622,블랙,,,,
,false,,ZARA,상의,탑,여성,폴리아미드 혼방 탑,https://www.zara.com/kr/ko/%E1%84%91%E1%85%A9%E1%86%AF%E1%84%85%E1%85%B5%E1%84%8B%E1%85%A1%E1%84%86%E1%85%B5%E1%84%83%E1%85%B3-%E1%84%92%E1%85%A9%E1%86%AB%E1%84%87%E1%85%A1%E1%86%BC-%E1%84%8B%E1%85%B5%E1%86%AB%E1%84%89%E1%85%A5%E1%84%90%E1%85%B3-%E1%84%90%E1%85%A1%E1%86%B8-p01355010.html,https://static.zara.net/assets/public/6f9f/be18/585448bab4fc/e0d822ad2655/01355010800-p/01355010800-p.jpg?ts=1768472880818,"₩55,900",,,260622,블랙,,,,
,false,,ZARA,상의,탑,여성,자수 레이스 새틴 탑,https://www.zara.com/kr/ko/%E1%84%8C%E1%85%A1%E1%84%89%E1%85%AE-%E1%84%85%E1%85%A6%E1%84%8B%E1%85%B5%E1%84%89%E1%85%B3-%E1%84%89%E1%85%A2%E1%84%90%E1%85%B5%E1%86%AB-%E1%84%90%E1%85%A1%E1%86%B8-p07521134.html,https://static.zara.net/assets/public/a59c/4b1d/46214ba1810a/e1a0fc919701/07521134514-p/07521134514-p.jpg?ts=1780558048242,"₩99,900",,,260622,그린,,,,
,false,,ZARA,상의,탑,여성,포인텔 리본 탑,https://www.zara.com/kr/ko/%E1%84%91%E1%85%A9%E1%84%8B%E1%85%B5%E1%86%AB%E1%84%90%E1%85%A6%E1%86%AF-%E1%84%85%E1%85%B5%E1%84%87%E1%85%A9%E1%86%AB-%E1%84%90%E1%85%A1%E1%86%B8-p01223151.html,https://static.zara.net/assets/public/8953/0f11/533446cc90d2/31bc48892afe/01223151622-p/01223151622-p.jpg?ts=1780474140828,"₩35,900",,,260622,페일 로즈,,,,
,false,,ZARA,상의,티셔츠,여성,벌룬 슬리브 비대칭 탑,https://www.zara.com/kr/ko/%E1%84%87%E1%85%A5%E1%86%AF%E1%84%85%E1%85%AE%E1%86%AB-%E1%84%89%E1%85%B3%E1%86%AF%E1%84%85%E1%85%B5%E1%84%87%E1%85%B3-%E1%84%87%E1%85%B5%E1%84%83%E1%85%A2%E1%84%8E%E1%85%B5%E1%86%BC-%E1%84%90%E1%85%A1%E1%86%B8-p05644304.html,https://static.zara.net/assets/public/b556/5604/3de342bfa40c/9c87980a97b3/05644304706-p/05644304706-p.jpg?ts=1771586289293,"₩39,900",,,260622,밍크,,,,
,false,,ZARA,상의,티셔츠,여성,드레이프 언밸런스 탑,https://www.zara.com/kr/ko/%E1%84%83%E1%85%B3%E1%84%85%E1%85%A6%E1%84%8B%E1%85%B5%E1%84%91%E1%85%B3-%E1%84%8B%E1%85%A5%E1%86%AB%E1%84%87%E1%85%A2%E1%86%AF%E1%84%85%E1%85%A5%E1%86%AB%E1%84%89%E1%85%B3-%E1%84%90%E1%85%A1%E1%86%B8-p05644313.html,https://static.zara.net/assets/public/0203/c67f/ae2a4d718255/3267540ee50b/05644313803-p/05644313803-p.jpg?ts=1771516847334,"₩35,900",,,260622,그레이,,,,
,false,,ZARA,상의,티셔츠,여성,합성 면소재 홀터넥 탑,https://www.zara.com/kr/ko/%E1%84%92%E1%85%A1%E1%86%B8%E1%84%89%E1%85%A5%E1%86%BC-%E1%84%86%E1%85%A7%E1%86%AB%E1%84%89%E1%85%A9%E1%84%8C%E1%85%A2-%E1%84%92%E1%85%A9%E1%86%AF%E1%84%90%E1%85%A5%E1%84%82%E1%85%A6%E1%86%A8-%E1%84%90%E1%85%A1%E1%86%B8-p03641015.html,https://static.zara.net/assets/public/ea74/97c8/135242349465/68c80f4236e4/03641015653-015-p/03641015653-015-p.jpg?ts=1781768369885,"₩35,900",,,260622,"로즈핑크,백합",,,,
,false,,ZARA,상의,탑,여성,코르셋 니트 탑,https://www.zara.com/kr/ko/%E1%84%8F%E1%85%A9%E1%84%85%E1%85%B3%E1%84%89%E1%85%A6%E1%86%BA-%E1%84%82%E1%85%B5%E1%84%90%E1%85%B3-%E1%84%90%E1%85%A1%E1%86%B8-p02142122.html,https://static.zara.net/assets/public/f86e/bbfb/7be54140a080/c17d87a9202a/02142122800-p/02142122800-p.jpg?ts=1775054818075,"₩55,900",,,260622,블랙,,,,
,false,,ZARA,상의,티셔츠,여성,리브드 프릴 탑,https://www.zara.com/kr/ko/%E1%84%85%E1%85%B5%E1%84%87%E1%85%B3%E1%84%83%E1%85%B3-%E1%84%91%E1%85%B3%E1%84%85%E1%85%B5%E1%86%AF-%E1%84%90%E1%85%A1%E1%86%B8-p06050321.html,https://static.zara.net/assets/public/92a1/5211/5ff146bfa2bb/ada74c5e23a6/06050321250-p/06050321250-p.jpg?ts=1773826973787,"₩35,900",,,260622,화이트,,,,
,false,,ZARA,상의,티셔츠,여성,리브드 프릴 탑,https://www.zara.com/kr/ko/%E1%84%85%E1%85%B5%E1%84%87%E1%85%B3%E1%84%83%E1%85%B3-%E1%84%91%E1%85%B3%E1%84%85%E1%85%B5%E1%86%AF-%E1%84%90%E1%85%A1%E1%86%B8-p06050321.html,https://static.zara.net/assets/public/17ce/66e0/0ed940819f29/5b18e03f7df7/06050321306-p/06050321306-p.jpg?ts=1773826975891,"₩35,900",,,260622,라이트 옐로우,,,,
,false,,ZARA,상의,티셔츠,여성,러스틱 슬리브리스 탑,https://www.zara.com/kr/ko/%E1%84%85%E1%85%A5%E1%84%89%E1%85%B3%E1%84%90%E1%85%B5%E1%86%A8-%E1%84%89%E1%85%B3%E1%86%AF%E1%84%85%E1%85%B5%E1%84%87%E1%85%B3%E1%84%85%E1%85%B5%E1%84%89%E1%85%B3-%E1%84%90%E1%85%A1%E1%86%B8-p01165104.html,https://static.zara.net/assets/public/2b11/f5c6/cfac466dbe04/6afbd417e4b0/01165104807-p/01165104807-p.jpg?ts=1773334296395,"₩35,900",,,260622,콜 그레이,,,,
,false,,ZARA,상의,셔츠/블라우스,여성,ZW 컬렉션 언밸런스 케이프 탑,https://www.zara.com/kr/ko/zw-%E1%84%8F%E1%85%A5%E1%86%AF%E1%84%85%E1%85%A6%E1%86%A8%E1%84%89%E1%85%A7%E1%86%AB-%E1%84%8B%E1%85%A5%E1%86%AB%E1%84%87%E1%85%A2%E1%86%AF%E1%84%85%E1%85%A5%E1%86%AB%E1%84%89%E1%85%B3-%E1%84%8F%E1%85%A6%E1%84%8B%E1%85%B5%E1%84%91%E1%85%B3-%E1%84%90%E1%85%A1%E1%86%B8-p01114198.html,https://static.zara.net/assets/public/5b59/8293/3e454646a7c1/269ca6454825/01114198712-a5/01114198712-a5.jpg?ts=1773334218204,"₩79,900",,,260622,크림,,,,
,false,,ZARA,상의,티셔츠,여성,드레이프 언밸런스 탑,https://www.zara.com/kr/ko/%E1%84%83%E1%85%B3%E1%84%85%E1%85%A6%E1%84%8B%E1%85%B5%E1%84%91%E1%85%B3-%E1%84%8B%E1%85%A5%E1%86%AB%E1%84%87%E1%85%A2%E1%86%AF%E1%84%85%E1%85%A5%E1%86%AB%E1%84%89%E1%85%B3-%E1%84%90%E1%85%A1%E1%86%B8-p04424329.html,https://static.zara.net/assets/public/7fc2/9fc5/79264461b662/5b1c13d22060/04424329250-p/04424329250-p.jpg?ts=1775642906873,"₩29,900",,,260622,화이트,,,,
,false,,ZARA,상의,탑,여성,레이스 크롭 탑,https://www.zara.com/kr/ko/%E1%84%85%E1%85%A6%E1%84%8B%E1%85%B5%E1%84%89%E1%85%B3-%E1%84%8F%E1%85%B3%E1%84%85%E1%85%A9%E1%86%B8-%E1%84%90%E1%85%A1%E1%86%B8-p06050307.html,https://static.zara.net/assets/public/eec2/99d3/478645a7a91d/f8b23b6af122/06050307716-p/06050307716-p.jpg?ts=1770741691803,"₩29,900",,,260622,다크 브라운,,,,
,false,,ZARA,상의,탑,여성,레이스 크롭 탑,https://www.zara.com/kr/ko/%E1%84%85%E1%85%A6%E1%84%8B%E1%85%B5%E1%84%89%E1%85%B3-%E1%84%8F%E1%85%B3%E1%84%85%E1%85%A9%E1%86%B8-%E1%84%90%E1%85%A1%E1%86%B8-p06050307.html,https://static.zara.net/assets/public/837f/6113/66004df19d79/6316a6d59d40/06050307514-p/06050307514-p.jpg?ts=1770738608761,"₩29,900",,,260622,그린,,,,
,false,,ZARA,상의,탑,여성,레이스 크롭 탑,https://www.zara.com/kr/ko/%E1%84%85%E1%85%A6%E1%84%8B%E1%85%B5%E1%84%89%E1%85%B3-%E1%84%8F%E1%85%B3%E1%84%85%E1%85%A9%E1%86%B8-%E1%84%90%E1%85%A1%E1%86%B8-p06050307.html,https://static.zara.net/assets/public/4135/7ccf/a09a44c4bddc/abd00764e8b1/06050307800-p/06050307800-p.jpg?ts=1770738609098,"₩29,900",,,260622,블랙,,,,
,false,,ZARA,상의,탑,여성,도트 오프숄더 탑,https://www.zara.com/kr/ko/%E1%84%83%E1%85%A9%E1%84%90%E1%85%B3-%E1%84%8B%E1%85%A9%E1%84%91%E1%85%B3%E1%84%89%E1%85%AD%E1%86%AF%E1%84%83%E1%85%A5-%E1%84%90%E1%85%A1%E1%86%B8-p00264029.html,https://static.zara.net/assets/public/b0d4/e71f/4f394b449002/59c8bb7fde77/00264029700-p/00264029700-p.jpg?ts=1773920686979,"₩29,900",,,260622,브라운,,,,
,false,,ZARA,상의,탑,여성,도트 오프 숄더 탑,https://www.zara.com/kr/ko/%E1%84%83%E1%85%A9%E1%84%90%E1%85%B3-%E1%84%8B%E1%85%A9%E1%84%91%E1%85%B3%E1%84%89%E1%85%AD%E1%86%AF%E1%84%83%E1%85%A5-%E1%84%90%E1%85%A1%E1%86%B8-p00264029.html,https://static.zara.net/assets/public/b3df/5636/742d4b78b8ec/aaddcf3b2371/00264029400-p/00264029400-p.jpg?ts=1773920686706,"₩29,900",,,260622,블루,,,,
,false,,ZARA,상의,셔츠/블라우스,여성,비즈 리본 탑,https://www.zara.com/kr/ko/%E1%84%87%E1%85%B5%E1%84%8C%E1%85%B3-%E1%84%85%E1%85%B5%E1%84%87%E1%85%A9%E1%86%AB-%E1%84%90%E1%85%A1%E1%86%B8-p07521026.html,https://static.zara.net/assets/public/9971/bf52/41ec48e4bc85/0c54909ab45d/07521026807-p/07521026807-p.jpg?ts=1775743549847,"₩79,900",,,260622,콜 그레이,,,,
,false,,ZARA,상의,탑,여성,스터드 홀터넥 탑,https://www.zara.com/kr/ko/%E1%84%89%E1%85%B3%E1%84%90%E1%85%A5%E1%84%83%E1%85%B3-%E1%84%92%E1%85%A9%E1%86%AF%E1%84%90%E1%85%A5%E1%84%82%E1%85%A6%E1%86%A8-%E1%84%90%E1%85%A1%E1%86%B8-p05968003.html,https://static.zara.net/assets/public/a6ab/ee23/72484551bca5/55c5c388bd3c/05968003500-p/05968003500-p.jpg?ts=1775743536641,"₩21,900",,,260622,초록,,,,
,false,,ZARA,상의,탑,여성,수피마 코튼 탑,https://www.zara.com/kr/ko/-p00264011.html,https://static.zara.net/assets/public/38a2/10cd/b0aa4d7b8bd8/1e3cd7651d73/00264011800-p/00264011800-p.jpg?ts=1775645446419,"₩29,900",,,260622,블랙,,,,
,false,,ZARA,상의,티셔츠,여성,코튼 린넨 스트랩 탑,https://www.zara.com/kr/ko/%E1%84%8F%E1%85%A9%E1%84%90%E1%85%B3%E1%86%AB-%E1%84%85%E1%85%B5%E1%86%AB%E1%84%82%E1%85%A6%E1%86%AB-%E1%84%89%E1%85%B3%E1%84%90%E1%85%B3%E1%84%85%E1%85%A2%E1%86%B8-%E1%84%90%E1%85%A1%E1%86%B8-p04174253.html,https://static.zara.net/assets/public/cf31/517d/5f8949c799cb/4d9e976bf737/04174253730-p/04174253730-p.jpg?ts=1775645462195,"₩21,900",,,260622,라이트 브라운,,,,
,false,,ZARA,상의,탑,여성,오프숄더 탑,https://www.zara.com/kr/ko/%E1%84%8B%E1%85%A9%E1%84%91%E1%85%B3%E1%84%89%E1%85%AD%E1%86%AF%E1%84%83%E1%85%A5-%E1%84%90%E1%85%A1%E1%86%B8-p03641355.html,https://static.zara.net/assets/public/b92f/6de4/bc31451f822f/ac645fa1c294/03641355818-p/03641355818-p.jpg?ts=1774884569477,"₩21,900",,,260622,납,,,,
,false,,ZARA,상의,탑,여성,오프숄더 탑,https://www.zara.com/kr/ko/%E1%84%8B%E1%85%A9%E1%84%91%E1%85%B3%E1%84%89%E1%85%AD%E1%86%AF%E1%84%83%E1%85%A5-%E1%84%90%E1%85%A1%E1%86%B8-p03641355.html,https://static.zara.net/assets/public/cd54/6264/276642cb901b/555d6f164033/03641355621-p/03641355621-p.jpg?ts=1774971517593,"₩21,900",,,260622,파스텔 로즈,,,,
,false,,ZARA,상의,티셔츠,여성,리본 로우 백 탑,https://www.zara.com/kr/ko/%E1%84%85%E1%85%B5%E1%84%87%E1%85%A9%E1%86%AB-%E1%84%85%E1%85%A9%E1%84%8B%E1%85%AE-%E1%84%87%E1%85%A2%E1%86%A8-%E1%84%90%E1%85%A1%E1%86%B8-p03253374.html,https://static.zara.net/assets/public/5449/1034/d7db4659bb83/777e4e55c131/03253374250-p/03253374250-p.jpg?ts=1776414982635,"₩21,900",,,260622,화이트,,,,
,false,,ZARA,상의,티셔츠,여성,리본 로우 백 탑,https://www.zara.com/kr/ko/%E1%84%85%E1%85%B5%E1%84%87%E1%85%A9%E1%86%AB-%E1%84%85%E1%85%A9%E1%84%8B%E1%85%AE-%E1%84%87%E1%85%A2%E1%86%A8-%E1%84%90%E1%85%A1%E1%86%B8-p03253374.html,https://static.zara.net/assets/public/efb9/4c69/76ce4ff99d5a/d5c9823bed57/03253374620-p/03253374620-p.jpg?ts=1776414983191,"₩21,900",,,260622,로즈핑크,,,,
,false,,ZARA,상의,티셔츠,여성,리본 로우 백 탑,https://www.zara.com/kr/ko/%E1%84%85%E1%85%B5%E1%84%87%E1%85%A9%E1%86%AB-%E1%84%85%E1%85%A9%E1%84%8B%E1%85%AE-%E1%84%87%E1%85%A2%E1%86%A8-%E1%84%90%E1%85%A1%E1%86%B8-p03253374.html,https://static.zara.net/assets/public/f350/7042/883a4a108ce0/daeea42cd316/03253374800-p/03253374800-p.jpg?ts=1776414983080,"₩21,900",,,260622,블랙,,,,
,false,,ZARA,상의,티셔츠,여성,리브드 크롭 탑,https://www.zara.com/kr/ko/%E1%84%85%E1%85%B5%E1%84%87%E1%85%B3%E1%84%83%E1%85%B3-%E1%84%8F%E1%85%B3%E1%84%85%E1%85%A9%E1%86%B8-%E1%84%90%E1%85%A1%E1%86%B8-p01044150.html,https://static.zara.net/assets/public/4e99/19fc/63304e0f92f9/67f9a28b6612/01044150515-p/01044150515-p.jpg?ts=1774618474040,"₩21,900",,,260622,올리브,,,,
,false,,ZARA,상의,티셔츠,여성,리브드 크롭 탑,https://www.zara.com/kr/ko/%E1%84%85%E1%85%B5%E1%84%87%E1%85%B3%E1%84%83%E1%85%B3-%E1%84%8F%E1%85%B3%E1%84%85%E1%85%A9%E1%86%B8-%E1%84%90%E1%85%A1%E1%86%B8-p01044150.html,https://static.zara.net/assets/public/5c3b/6c83/d39443f28d10/0b2ba16401fd/03641374800-p/03641374800-p.jpg?ts=1774632111550,"₩21,900",,,260622,블랙,,,,
,false,,ZARA,상의,티셔츠,여성,리브 크롭 탑,https://www.zara.com/kr/ko/%E1%84%85%E1%85%B5%E1%84%87%E1%85%B3%E1%84%83%E1%85%B3-%E1%84%8F%E1%85%B3%E1%84%85%E1%85%A9%E1%86%B8-%E1%84%90%E1%85%A1%E1%86%B8-p01044150.html,https://static.zara.net/assets/public/45ce/5f40/4da44be5b19c/dd812e8856cd/01044150250-p/01044150250-p.jpg?ts=1774618471518,"₩21,900",,,260622,화이트,,,,
,false,,ZARA,상의,티셔츠,여성,리브드 크롭 탑,https://www.zara.com/kr/ko/%E1%84%85%E1%85%B5%E1%84%87%E1%85%B3%E1%84%83%E1%85%B3-%E1%84%8F%E1%85%B3%E1%84%85%E1%85%A9%E1%86%B8-%E1%84%90%E1%85%A1%E1%86%B8-p01044150.html,https://static.zara.net/assets/public/7c75/45e0/a60a476cb805/c7f281c38813/01044150800-p/01044150800-p.jpg?ts=1774606085640,"₩21,900",,,260622,블랙,,,,
,false,,ZARA,상의,탑,여성,리브드 스트랩 탑,https://www.zara.com/kr/ko/%E1%84%85%E1%85%B5%E1%84%87%E1%85%B3%E1%84%83%E1%85%B3-%E1%84%89%E1%85%B3%E1%84%90%E1%85%B3%E1%84%85%E1%85%A2%E1%86%B8-%E1%84%90%E1%85%A1%E1%86%B8-p01044156.html,https://static.zara.net/assets/public/0839/cfce/4eda4400bcbb/d9c97861c5ec/01044156401-p/01044156401-p.jpg?ts=1774606097781,"₩21,900",,,260622,네이비,,,,
,false,,ZARA,상의,셔츠/블라우스,여성,깅엄체크 벌룬 홀터넥 탑,https://www.zara.com/kr/ko/%E1%84%80%E1%85%B5%E1%86%BC%E1%84%8B%E1%85%A5%E1%86%B7%E1%84%8E%E1%85%A6%E1%84%8F%E1%85%B3-%E1%84%87%E1%85%A5%E1%86%AF%E1%84%85%E1%85%AE%E1%86%AB-%E1%84%92%E1%85%A9%E1%86%AF%E1%84%90%E1%85%A5%E1%84%82%E1%85%A6%E1%86%A8-%E1%84%90%E1%85%A1%E1%86%B8-p03152042.html,https://static.zara.net/assets/public/9a90/8f4d/5e5c4c53b850/e936c266063d/T9209643259-p/T9209643259-p.jpg?ts=1775746758541,"₩49,900",,,260622,화이트-오렌지,,,,
,false,,ZARA,상의,셔츠/블라우스,여성,스터드 오프숄더 탑,https://www.zara.com/kr/ko/%E1%84%89%E1%85%B3%E1%84%90%E1%85%A5%E1%84%83%E1%85%B3-%E1%84%8B%E1%85%A9%E1%84%91%E1%85%B3%E1%84%89%E1%85%AD%E1%86%AF%E1%84%83%E1%85%A5-%E1%84%90%E1%85%A1%E1%86%B8-p04772063.html,https://static.zara.net/assets/public/004e/bf62/28ee4d1c874c/e680f741ef4f/T9984777569-p/T9984777569-p.jpg?ts=1775750352298,"₩49,900",,,260622,화이트,,,,
,false,,ZARA,상의,탑,여성,스트라이프 홀터넥 탑,https://www.zara.com/kr/ko/%E1%84%89%E1%85%B3%E1%84%90%E1%85%B3%E1%84%85%E1%85%A1%E1%84%8B%E1%85%B5%E1%84%91%E1%85%B3-%E1%84%92%E1%85%A9%E1%86%AF%E1%84%90%E1%85%A5%E1%84%82%E1%85%A6%E1%86%A8-%E1%84%90%E1%85%A1%E1%86%B8-p00264066.html,https://static.zara.net/assets/public/e18c/055b/59d04c7a81e7/d012016fcf3c/T9276337356-p/T9276337356-p.jpg?ts=1775750165609,"₩35,900",,,260622,멀티컬러,,,,
,false,,ZARA,상의,탑,여성,스트라이프 홀터넥 탑,https://www.zara.com/kr/ko/%E1%84%89%E1%85%B3%E1%84%90%E1%85%B3%E1%84%85%E1%85%A1%E1%84%8B%E1%85%B5%E1%84%91%E1%85%B3-%E1%84%92%E1%85%A9%E1%86%AF%E1%84%90%E1%85%A5%E1%84%82%E1%85%A6%E1%86%A8-%E1%84%90%E1%85%A1%E1%86%B8-p00264066.html,https://static.zara.net/assets/public/21f1/6b87/06894ca29c1d/b4df2152d73d/00264066330-e1/00264066330-e1.jpg?ts=1775740693894,"₩35,900",,,260622,멀티컬러,,,,
,false,,ZARA,상의,탑,여성,드레이프 코튼 탑,https://www.zara.com/kr/ko/%E1%84%83%E1%85%B3%E1%84%85%E1%85%A6%E1%84%8B%E1%85%B5%E1%84%91%E1%85%B3-%E1%84%8F%E1%85%A9%E1%84%90%E1%85%B3%E1%86%AB-%E1%84%90%E1%85%A1%E1%86%B8-p01165017.html,https://static.zara.net/assets/public/1f5c/5523/d1f9437abb79/9b9ee1edcad8/01165017712-a1/01165017712-a1.jpg?ts=1770909898665,"₩35,900",,,260622,크림,,,,
,false,,ZARA,상의,탑,여성,드레이프 코튼 탑,https://www.zara.com/kr/ko/%E1%84%83%E1%85%B3%E1%84%85%E1%85%A6%E1%84%8B%E1%85%B5%E1%84%91%E1%85%B3-%E1%84%8F%E1%85%A9%E1%84%90%E1%85%B3%E1%86%AB-%E1%84%90%E1%85%A1%E1%86%B8-p01165017.html,https://static.zara.net/assets/public/2d16/a383/6d694424ad5a/6e25430408f8/01165017800-p/01165017800-p.jpg?ts=1770901265013,"₩35,900",,,260622,블랙,,,,
,false,,ZARA,상의,탑,여성,드레이프 코튼 탑,https://www.zara.com/kr/ko/%E1%84%83%E1%85%B3%E1%84%85%E1%85%A6%E1%84%8B%E1%85%B5%E1%84%91%E1%85%B3-%E1%84%8F%E1%85%A9%E1%84%90%E1%85%B3%E1%86%AB-%E1%84%90%E1%85%A1%E1%86%B8-p01165017.html,https://static.zara.net/assets/public/bf74/92b7/22404c6bbb0e/8a40ebdce651/01165017819-p/01165017819-p.jpg?ts=1770901265342,"₩35,900",,,260622,블루 그레이,,,,
,false,,ZARA,상의,탑,여성,크롭 텍스처 재킷,https://www.zara.com/kr/ko/%E1%84%8F%E1%85%B3%E1%84%85%E1%85%A9%E1%86%B8-%E1%84%90%E1%85%A6%E1%86%A8%E1%84%89%E1%85%B3%E1%84%8E%E1%85%A5-%E1%84%8C%E1%85%A2%E1%84%8F%E1%85%B5%E1%86%BA-p05039395.html,https://static.zara.net/assets/public/b673/1385/f40a4231946d/842770d00aca/05039395687-p/05039395687-p.jpg?ts=1775060196882,"₩35,900",,,260622,페일 로즈,,,,
,false,,ZARA,상의,탑,여성,크롭 텍스처 재킷,https://www.zara.com/kr/ko/%E1%84%8F%E1%85%B3%E1%84%85%E1%85%A9%E1%86%B8-%E1%84%90%E1%85%A6%E1%86%A8%E1%84%89%E1%85%B3%E1%84%8E%E1%85%A5-%E1%84%8C%E1%85%A2%E1%84%8F%E1%85%B5%E1%86%BA-p05039395.html,https://static.zara.net/assets/public/9e39/5a00/dba94c3687a9/35741aae5673/05039395716-p/05039395716-p.jpg?ts=1775060201684,"₩35,900",,,260622,다크 브라운,,,,
,false,,ZARA,상의,탑,여성,크롭 텍스처 재킷,https://www.zara.com/kr/ko/%E1%84%8F%E1%85%B3%E1%84%85%E1%85%A9%E1%86%B8-%E1%84%90%E1%85%A6%E1%86%A8%E1%84%89%E1%85%B3%E1%84%8E%E1%85%A5-%E1%84%8C%E1%85%A2%E1%84%8F%E1%85%B5%E1%86%BA-p05039395.html,https://static.zara.net/assets/public/2a75/f186/c16f42659513/fd6f75072516/05039395712-p/05039395712-p.jpg?ts=1775060196537,"₩35,900",,,260622,크림,,,,
,false,,ZARA,상의,탑,여성,파인 니트 슬리브리스 탑,https://www.zara.com/kr/ko/%E1%84%91%E1%85%A1%E1%84%8B%E1%85%B5%E1%86%AB-%E1%84%82%E1%85%B5%E1%84%90%E1%85%B3-%E1%84%89%E1%85%B3%E1%86%AF%E1%84%85%E1%85%B5%E1%84%87%E1%85%B3%E1%84%85%E1%85%B5%E1%84%89%E1%85%B3-%E1%84%90%E1%85%A1%E1%86%B8-p02142083.html,https://static.zara.net/assets/public/5d9d/86b0/d75c45188440/7ef91e9225fb/02142083250-p/02142083250-p.jpg?ts=1772806606472,"₩35,900",,,260622,화이트,,,,
,false,,ZARA,상의,탑,여성,파인 니트 슬리브리스 탑,https://www.zara.com/kr/ko/%E1%84%91%E1%85%A1%E1%84%8B%E1%85%B5%E1%86%AB-%E1%84%82%E1%85%B5%E1%84%90%E1%85%B3-%E1%84%89%E1%85%B3%E1%86%AF%E1%84%85%E1%85%B5%E1%84%87%E1%85%B3%E1%84%85%E1%85%B5%E1%84%89%E1%85%B3-%E1%84%90%E1%85%A1%E1%86%B8-p02142083.html,https://static.zara.net/assets/public/192a/6453/50f644109c71/aff721b60028/02142083600-p/02142083600-p.jpg?ts=1772806617571,"₩35,900",,,260622,레드,,,,
,false,,ZARA,상의,탑,여성,파인 니트 슬리브리스 탑,https://www.zara.com/kr/ko/%E1%84%91%E1%85%A1%E1%84%8B%E1%85%B5%E1%86%AB-%E1%84%82%E1%85%B5%E1%84%90%E1%85%B3-%E1%84%89%E1%85%B3%E1%86%AF%E1%84%85%E1%85%B5%E1%84%87%E1%85%B3%E1%84%85%E1%85%B5%E1%84%89%E1%85%B3-%E1%84%90%E1%85%A1%E1%86%B8-p02142083.html,https://static.zara.net/assets/public/6af1/e43f/d0674bc7bf80/1be781a19110/02142083800-p/02142083800-p.jpg?ts=1772726907717,"₩35,900",,,260622,블랙,,,,
,false,,ZARA,상의,티셔츠,여성,셔링 탑,https://www.zara.com/kr/ko/%E1%84%89%E1%85%A7%E1%84%85%E1%85%B5%E1%86%BC-%E1%84%90%E1%85%A1%E1%86%B8-p04174220.html,https://static.zara.net/assets/public/c92b/e42a/90c34462bbaf/7d91b54ecebf/04174220250-p/04174220250-p.jpg?ts=1776240786307,"₩29,900",,,260622,화이트,,,,
,false,,ZARA,상의,티셔츠,여성,셔링 탑,https://www.zara.com/kr/ko/%E1%84%89%E1%85%A7%E1%84%85%E1%85%B5%E1%86%BC-%E1%84%90%E1%85%A1%E1%86%B8-p04174220.html,https://static.zara.net/assets/public/1f14/995a/7bc54fc6bd15/e8eb624a7148/04174220717-p/04174220717-p.jpg?ts=1776069991431,"₩29,900",,,260622,초콜렛,,,,
,false,,ZARA,상의,티셔츠,여성,셔링 탑,https://www.zara.com/kr/ko/%E1%84%89%E1%85%A7%E1%84%85%E1%85%B5%E1%86%BC-%E1%84%90%E1%85%A1%E1%86%B8-p04174220.html,https://static.zara.net/assets/public/228f/349c/62a9418a94a1/c62973fc0371/04174220321-000-p/04174220321-000-p.jpg?ts=1776266786115,"₩29,900",,,260622,파스텔 옐로우,,,,
,false,,ZARA,상의,탑,여성,소프트 하이넥 탑,https://www.zara.com/kr/ko/%E1%84%89%E1%85%A9%E1%84%91%E1%85%B3%E1%84%90%E1%85%B3-%E1%84%92%E1%85%A1%E1%84%8B%E1%85%B5%E1%84%82%E1%85%A6%E1%86%A8-%E1%84%90%E1%85%A1%E1%86%B8-p05067157.html,https://static.zara.net/assets/public/b388/caf0/ad624420a2d7/11ffec5f600b/05067157251-p/05067157251-p.jpg?ts=1768480164473,"₩35,900",,,260622,스크래치 화이트,,,,
,false,,ZARA,상의,탑,여성,로우 백 탑,https://www.zara.com/kr/ko/%E1%84%85%E1%85%A9%E1%84%8B%E1%85%AE-%E1%84%87%E1%85%A2%E1%86%A8-%E1%84%90%E1%85%A1%E1%86%B8-p03644170.html,https://static.zara.net/assets/public/8e29/4d36/e07b40a19b4a/18c2b171ac21/03644170719-p/03644170719-p.jpg?ts=1768480146337,"₩29,900",,,260622,비고레 브라운,,,,
,false,,ZARA,상의,탑,여성,로우 백 탑,https://www.zara.com/kr/ko/%E1%84%85%E1%85%A9%E1%84%8B%E1%85%AE-%E1%84%87%E1%85%A2%E1%86%A8-%E1%84%90%E1%85%A1%E1%86%B8-p03644170.html,https://static.zara.net/assets/public/531e/a142/8c594c328307/d78f991d6a0f/03644170807-p/03644170807-p.jpg?ts=1768480150495,"₩29,900",,,260622,콜 그레이,,,,
,false,,ZARA,상의,티셔츠,여성,골지 크롭 탑,https://www.zara.com/kr/ko/%E1%84%80%E1%85%A9%E1%86%AF%E1%84%8C%E1%85%B5-%E1%84%8F%E1%85%B3%E1%84%85%E1%85%A9%E1%86%B8-%E1%84%90%E1%85%A1%E1%86%B8-p03641327.html,https://static.zara.net/assets/public/0961/c314/cc904539bcd5/243679d4b3e4/03641327800-p/03641327800-p.jpg?ts=1775027751168,"₩17,900",,,260622,블랙,,,,
,false,,ZARA,상의,티셔츠,여성,골지 크롭 탑,https://www.zara.com/kr/ko/%E1%84%80%E1%85%A9%E1%86%AF%E1%84%8C%E1%85%B5-%E1%84%8F%E1%85%B3%E1%84%85%E1%85%A9%E1%86%B8-%E1%84%90%E1%85%A1%E1%86%B8-p03641327.html,https://static.zara.net/assets/public/13a6/fa9a/fc3d46e9abc5/7d0d8e4c0988/03641327250-p/03641327250-p.jpg?ts=1775027742474,"₩17,900",,,260622,화이트,,,,
,false,,ZARA,상의,티셔츠,여성,골지 크롭 탑,https://www.zara.com/kr/ko/%E1%84%80%E1%85%A9%E1%86%AF%E1%84%8C%E1%85%B5-%E1%84%8F%E1%85%B3%E1%84%85%E1%85%A9%E1%86%B8-%E1%84%90%E1%85%A1%E1%86%B8-p03641327.html,https://static.zara.net/assets/public/b4e5/7367/cfa347129a48/7c4038c67944/03641327406-p/03641327406-p.jpg?ts=1775027747144,"₩17,900",,,260622,라이트 블루,,,,
,false,,ZARA,상의,티셔츠,여성,골지 크롭 탑,https://www.zara.com/kr/ko/%E1%84%80%E1%85%A9%E1%86%AF%E1%84%8C%E1%85%B5-%E1%84%8F%E1%85%B3%E1%84%85%E1%85%A9%E1%86%B8-%E1%84%90%E1%85%A1%E1%86%B8-p03641327.html,https://static.zara.net/assets/public/bc25/6537/339d4c1bbeae/00047151d6b8/03641327300-p/03641327300-p.jpg?ts=1775027746864,"₩17,900",,,260622,노랑,,,,
,false,,ZARA,상의,셔츠/블라우스,여성,100% 스웨이드 탑,https://www.zara.com/kr/ko/100-%E1%84%89%E1%85%B3%E1%84%8B%E1%85%B0%E1%84%8B%E1%85%B5%E1%84%83%E1%85%B3-%E1%84%80%E1%85%A1%E1%84%8C%E1%85%AE%E1%86%A8-%E1%84%90%E1%85%A1%E1%86%B8-p03046088.html,https://static.zara.net/assets/public/3d85/9091/850b4b75928f/f445b35e9080/03046032743-p/03046032743-p.jpg?ts=1771415887902,"₩129,900",,,260622,샌드,,,,
,false,,ZARA,상의,탑,여성,라운드넥 니트 탑,https://www.zara.com/kr/ko/%E1%84%85%E1%85%A1%E1%84%8B%E1%85%AE%E1%86%AB%E1%84%83%E1%85%B3%E1%84%82%E1%85%A6%E1%86%A8-%E1%84%82%E1%85%B5%E1%84%90%E1%85%B3-%E1%84%90%E1%85%A1%E1%86%B8-p06427006.html,https://static.zara.net/assets/public/4ae3/0650/e6714bd7831d/2d8030426f50/06427006712-p/06427006712-p.jpg?ts=1774620466616,"₩39,900",,,260622,크림,,,,
,false,,ZARA,상의,니트,여성,포인텔 니트 탑,https://www.zara.com/kr/ko/%E1%84%91%E1%85%A9%E1%84%8B%E1%85%B5%E1%86%AB%E1%84%90%E1%85%A6%E1%86%AF-%E1%84%82%E1%85%B5%E1%84%90%E1%85%B3-%E1%84%90%E1%85%A1%E1%86%B8-p06236030.html,https://static.zara.net/assets/public/6d9f/10af/dea84659bf81/b531d39ae068/06236030405-p/06236030405-p.jpg?ts=1774618856867,"₩45,900",,,260622,인디고,,,,
,false,,ZARA,상의,티셔츠,여성,프릴 배트윙 슬리브 탑,https://www.zara.com/kr/ko/%E1%84%91%E1%85%B3%E1%84%85%E1%85%B5%E1%86%AF-%E1%84%87%E1%85%A2%E1%84%90%E1%85%B3%E1%84%8B%E1%85%B1%E1%86%BC-%E1%84%89%E1%85%B3%E1%86%AF%E1%84%85%E1%85%B5%E1%84%87%E1%85%B3-%E1%84%90%E1%85%A1%E1%86%B8-p06050309.html,https://static.zara.net/assets/public/b8bd/6ac4/5d9c4225be47/062f8a89cecb/06050309803-p/06050309803-p.jpg?ts=1772726579166,"₩39,900",,,260622,그레이,,,,
,false,,ZARA,상의,셔츠/블라우스,여성,ZW 컬렉션 코르셋 탑,https://www.zara.com/kr/ko/zw-%E1%84%8F%E1%85%A5%E1%86%AF%E1%84%85%E1%85%A6%E1%86%A8%E1%84%89%E1%85%A7%E1%86%AB-%E1%84%8F%E1%85%A9%E1%84%85%E1%85%B3%E1%84%89%E1%85%A6%E1%86%BA-%E1%84%90%E1%85%A1%E1%86%B8-p06107459.html,https://static.zara.net/assets/public/f4c8/f7e6/ef00455f8305/3e9a4743e1e7/06107459800-p/06107459800-p.jpg?ts=1778168265780,"₩59,900",,,260622,블랙,,,,
,false,,ZARA,상의,셔츠/블라우스,여성,크로스 새틴 탑,https://www.zara.com/kr/ko/%E1%84%8F%E1%85%B3%E1%84%85%E1%85%A9%E1%84%89%E1%85%B3-%E1%84%89%E1%85%A2%E1%84%90%E1%85%B5%E1%86%AB-%E1%84%90%E1%85%A1%E1%86%B8-p02275614.html,https://static.zara.net/assets/public/1c17/1311/9b8e4b5398cf/d995d29393bd/02275614250-p/02275614250-p.jpg?ts=1770240013704,"₩49,900",,,260622,화이트,,,,
,false,,ZARA,상의,탑,여성,더블 니트 탑,https://www.zara.com/kr/ko/%E1%84%83%E1%85%A5%E1%84%87%E1%85%B3%E1%86%AF-%E1%84%82%E1%85%B5%E1%84%90%E1%85%B3-%E1%84%90%E1%85%A1%E1%86%B8-p02142058.html,https://static.zara.net/assets/public/e5ed/c9c8/cbf145829412/7d5790e9bcbc/02142058250-p/02142058250-p.jpg?ts=1770239996812,"₩49,900",,,260622,화이트,,,,
,false,,ZARA,상의,탑,여성,스트라이프 니트 폴로셔츠,https://www.zara.com/kr/ko/%E1%84%89%E1%85%B3%E1%84%90%E1%85%B3%E1%84%85%E1%85%A1%E1%84%8B%E1%85%B5%E1%84%91%E1%85%B3-%E1%84%82%E1%85%B5%E1%84%90%E1%85%B3-%E1%84%91%E1%85%A9%E1%86%AF%E1%84%85%E1%85%A9%E1%84%89%E1%85%A7%E1%84%8E%E1%85%B3-p05755060.html,https://static.zara.net/assets/public/8809/f7fd/521d4c92855c/e0f5dfa2fbf2/05755060080-a3/05755060080-a3.jpg?ts=1779447391659,"₩49,900",,,260622,"크림,블루",,,,
,false,,ZARA,상의,셔츠/블라우스,여성,페플럼 벌룬 탑,https://www.zara.com/kr/ko/%E1%84%87%E1%85%A5%E1%86%AF%E1%84%85%E1%85%AE%E1%86%AB-%E1%84%91%E1%85%A6%E1%84%91%E1%85%B3%E1%86%AF%E1%84%85%E1%85%A5%E1%86%B7-%E1%84%90%E1%85%A1%E1%86%B8-p01165068.html,https://static.zara.net/assets/public/76cf/e8bd/6a054f30a244/a9933ac2967e/01165068700-p/01165068700-p.jpg?ts=1771520180558,"₩59,900",,,260622,브라운,,,,
,false,,ZARA,상의,셔츠/블라우스,여성,벌룬 슬리브 허니콤 탑,https://www.zara.com/kr/ko/%E1%84%87%E1%85%A5%E1%86%AF%E1%84%85%E1%85%AE%E1%86%AB-%E1%84%89%E1%85%B3%E1%86%AF%E1%84%85%E1%85%B5%E1%84%87%E1%85%B3-%E1%84%92%E1%85%A5%E1%84%82%E1%85%B5%E1%84%8F%E1%85%A9%E1%86%B7-%E1%84%90%E1%85%A1%E1%86%B8-p02369658.html,https://static.zara.net/assets/public/bb1c/8ddf/eb9e433392a6/22d847befb3b/02369658620-p/02369658620-p.jpg?ts=1770389649021,"₩57,900",,,260622,로즈핑크,,,,
,false,,ZARA,상의,탑,여성,크롭 텍스처 재킷,https://www.zara.com/kr/ko/%E1%84%8F%E1%85%B3%E1%84%85%E1%85%A9%E1%86%B8-%E1%84%90%E1%85%A6%E1%86%A8%E1%84%89%E1%85%B3%E1%84%8E%E1%85%A5-%E1%84%8C%E1%85%A2%E1%84%8F%E1%85%B5%E1%86%BA-p05039395.html,https://static.zara.net/assets/public/abbb/59cc/c32b4bd8adb8/978f285a277b/05039395716-p/05039395716-p.jpg?ts=1779286193781,"₩35,900",,,260622,다크 브라운,,,,
,false,,ZARA,상의,탑,여성,크롭 텍스처 재킷,https://www.zara.com/kr/ko/%E1%84%8F%E1%85%B3%E1%84%85%E1%85%A9%E1%86%B8-%E1%84%90%E1%85%A6%E1%86%A8%E1%84%89%E1%85%B3%E1%84%8E%E1%85%A5-%E1%84%8C%E1%85%A2%E1%84%8F%E1%85%B5%E1%86%BA-p05039395.html,https://static.zara.net/assets/public/6c25/d08a/94c44869a182/b8028c34f5e5/05039395712-p/05039395712-p.jpg?ts=1779286625394,"₩35,900",,,260622,크림,,,,
,false,,ZARA,상의,탑,여성,크롭 텍스처 재킷,https://www.zara.com/kr/ko/%E1%84%8F%E1%85%B3%E1%84%85%E1%85%A9%E1%86%B8-%E1%84%90%E1%85%A6%E1%86%A8%E1%84%89%E1%85%B3%E1%84%8E%E1%85%A5-%E1%84%8C%E1%85%A2%E1%84%8F%E1%85%B5%E1%86%BA-p05039395.html,https://static.zara.net/assets/public/4aab/2464/cebb4b38b7fb/b68dea00bcbf/05039395687-p/05039395687-p.jpg?ts=1779286624786,"₩35,900",,,260622,페일 로즈,,,,
,false,,ZARA,상의,탑,여성,버튼 베스트 탑,https://www.zara.com/kr/ko/%E1%84%87%E1%85%A5%E1%84%90%E1%85%B3%E1%86%AB-%E1%84%87%E1%85%A6%E1%84%89%E1%85%B3%E1%84%90%E1%85%B3-%E1%84%90%E1%85%A1%E1%86%B8-p05584299.html,https://static.zara.net/assets/public/406e/725d/ef1347c7a8e7/51208933d79d/05584299251-p/05584299251-p.jpg?ts=1778075603895,"₩45,900",,,260622,스크래치 화이트,,,,
,false,,ZARA,상의,탑,여성,플록 튤 홀터넥 탑,https://www.zara.com/kr/ko/%E1%84%91%E1%85%B3%E1%86%AF%E1%84%85%E1%85%A9%E1%86%A8-%E1%84%90%E1%85%B2%E1%86%AF-%E1%84%92%E1%85%A9%E1%86%AF%E1%84%90%E1%85%A5%E1%84%82%E1%85%A6%E1%86%A8-%E1%84%90%E1%85%A1%E1%86%B8-p00085322.html,https://static.zara.net/assets/public/9f9b/dc9b/d1364d51acf9/90d47d2d795b/00085322645-p/00085322645-p.jpg?ts=1777285622500,"₩39,900",,,260622,미디움 로즈,,,,
,false,,ZARA,상의,셔츠/블라우스,여성,옆면 버튼 새틴 탑,https://www.zara.com/kr/ko/%E1%84%8B%E1%85%A7%E1%87%81%E1%84%86%E1%85%A7%E1%86%AB-%E1%84%87%E1%85%A5%E1%84%90%E1%85%B3%E1%86%AB-%E1%84%89%E1%85%A2%E1%84%90%E1%85%B5%E1%86%AB-%E1%84%90%E1%85%A1%E1%86%B8-p02751341.html,https://static.zara.net/assets/public/3e79/be4e/a20449bd9b91/3fa22ee879b5/02751332800-a2/02751332800-a2.jpg?ts=1775572215432,"₩49,900",,,260622,블랙,,,,
,false,,ZARA,상의,셔츠/블라우스,여성,옆면 버튼 새틴 탑,https://www.zara.com/kr/ko/%E1%84%8B%E1%85%A7%E1%87%81%E1%84%86%E1%85%A7%E1%86%AB-%E1%84%87%E1%85%A5%E1%84%90%E1%85%B3%E1%86%AB-%E1%84%89%E1%85%A2%E1%84%90%E1%85%B5%E1%86%AB-%E1%84%90%E1%85%A1%E1%86%B8-p02751341.html,https://static.zara.net/assets/public/c0ae/519a/ffb9496dbc60/c4099b29b39b/02751341251-p/02751341251-p.jpg?ts=1775572215778,"₩49,900",,,260622,스크래치 화이트,,,,
,false,,ZARA,상의,탑,여성,신축성 크롭 탑,https://www.zara.com/kr/ko/%E1%84%89%E1%85%B3%E1%84%90%E1%85%B3%E1%84%85%E1%85%A6%E1%84%8E%E1%85%B5-%E1%84%8F%E1%85%B3%E1%84%85%E1%85%A9%E1%86%B8-%E1%84%90%E1%85%A1%E1%86%B8-p03641314.html,https://static.zara.net/assets/public/3973/c7ea/0c9545c08145/afd77f56a5f9/03641314800-p/03641314800-p.jpg?ts=1775741071157,"₩29,900",,,260622,블랙,,,,
,false,,ZARA,상의,탑,여성,미니 프린지 탑,https://www.zara.com/kr/ko/%E1%84%86%E1%85%B5%E1%84%82%E1%85%B5-%E1%84%91%E1%85%B3%E1%84%85%E1%85%B5%E1%86%AB%E1%84%8C%E1%85%B5-%E1%84%90%E1%85%A1%E1%86%B8-p05919118.html,https://static.zara.net/assets/public/1c79/2532/53cd42cd8caf/c1171479c2f8/05919118700-p/05919118700-p.jpg?ts=1769774060888,"₩79,900",,,260622,브라운,,,,
,false,,ZARA,상의,탑,여성,소프트 언밸런스 탑,https://www.zara.com/kr/ko/%E1%84%89%E1%85%A9%E1%84%91%E1%85%B3%E1%84%90%E1%85%B3-%E1%84%8B%E1%85%A5%E1%86%AB%E1%84%87%E1%85%A2%E1%86%AF%E1%84%85%E1%85%A5%E1%86%AB%E1%84%89%E1%85%B3-%E1%84%90%E1%85%A1%E1%86%B8-p05039155.html,https://static.zara.net/assets/public/458b/16e9/81b64b47afef/44eb16c0d411/05039155803-p/05039155803-p.jpg?ts=1769780528900,"₩39,900",,,260622,그레이,,,,
,false,,ZARA,상의,탑,여성,소프트 언밸런스 탑,https://www.zara.com/kr/ko/%E1%84%89%E1%85%A9%E1%84%91%E1%85%B3%E1%84%90%E1%85%B3-%E1%84%8B%E1%85%A5%E1%86%AB%E1%84%87%E1%85%A2%E1%86%AF%E1%84%85%E1%85%A5%E1%86%AB%E1%84%89%E1%85%B3-%E1%84%90%E1%85%A1%E1%86%B8-p05039155.html,https://static.zara.net/assets/public/6259/2218/e1454453aad2/9759c7820e82/05039155720-p/05039155720-p.jpg?ts=1769780526442,"₩39,900",,,260622,그레이 베이지,,,,
,false,,ZARA,상의,탑,여성,텍스처 셔링 탑,https://www.zara.com/kr/ko/%E1%84%90%E1%85%A6%E1%86%A8%E1%84%89%E1%85%B3%E1%84%8E%E1%85%A5-%E1%84%91%E1%85%B3%E1%86%AF%E1%84%85%E1%85%B5%E1%84%8E%E1%85%B3-%E1%84%90%E1%85%A1%E1%86%B8-p01165093.html,https://static.zara.net/assets/public/3245/beba/913b4235bc55/e21c2761cfd0/01165093450-p/01165093450-p.jpg?ts=1772713915900,"₩45,900",,,260622,베이지,,,,
,false,,ZARA,상의,탑,여성,텍스처 니트 스트랩 탑,https://www.zara.com/kr/ko/%E1%84%90%E1%85%A6%E1%86%A8%E1%84%89%E1%85%B3%E1%84%8E%E1%85%A5-%E1%84%82%E1%85%B5%E1%84%90%E1%85%B3-%E1%84%89%E1%85%B3%E1%84%90%E1%85%B3%E1%84%85%E1%85%A2%E1%86%B8-%E1%84%90%E1%85%A1%E1%86%B8-p08779120.html,https://static.zara.net/assets/public/5cde/8a0a/13944aa8ab4a/3f66320accd7/08779120505-p/08779120505-p.jpg?ts=1780474098326,"₩45,900",,,260622,카키,,,,
,false,,ZARA,상의,탑,여성,신축성 홀터 크롭 탑,https://www.zara.com/kr/ko/%E1%84%89%E1%85%B5%E1%86%AB%E1%84%8E%E1%85%AE%E1%86%A8%E1%84%89%E1%85%A5%E1%86%BC-%E1%84%92%E1%85%A9%E1%86%AF%E1%84%90%E1%85%A5%E1%84%82%E1%85%A6%E1%86%A8-%E1%84%8F%E1%85%B3%E1%84%85%E1%85%A9%E1%86%B8-%E1%84%90%E1%85%A1%E1%86%B8-p03641330.html,https://static.zara.net/assets/public/7c71/6fe4/205647ca9525/036190966ab4/03641330800-p/03641330800-p.jpg?ts=1775741075804,"₩29,900",,,260622,블랙,,,,
,false,,ZARA,상의,탑,여성,코튼 슬리브리스 티셔츠,https://www.zara.com/kr/ko/%E1%84%8F%E1%85%A9%E1%84%90%E1%85%B3%E1%86%AB-%E1%84%89%E1%85%B3%E1%86%AF%E1%84%85%E1%85%B5%E1%84%87%E1%85%B3%E1%84%85%E1%85%B5%E1%84%89%E1%85%B3-%E1%84%90%E1%85%B5%E1%84%89%E1%85%A7%E1%84%8E%E1%85%B3-p00264015.html,https://static.zara.net/assets/public/3371/282e/75434e6eba5d/1c954d0ea432/00264015615-p/00264015615-p.jpg?ts=1778690446729,"₩29,900",,,260622,오렌지,,,,
,false,,ZARA,상의,셔츠/블라우스,여성,튤 콤비 홀터넥 탑,https://www.zara.com/kr/ko/%E1%84%90%E1%85%B2%E1%86%AF-%E1%84%8F%E1%85%A9%E1%86%B7%E1%84%87%E1%85%B5-%E1%84%92%E1%85%A9%E1%86%AF%E1%84%90%E1%85%A5%E1%84%82%E1%85%A6%E1%86%A8-%E1%84%90%E1%85%A1%E1%86%B8-p04661072.html,https://static.zara.net/assets/public/359f/d7c4/df4844c69be7/7a4fd223554e/04661072645-p/04661072645-p.jpg?ts=1773311607878,"₩49,900",,,260622,미디움 로즈,,,,
,false,,ZARA,상의,탑,여성,파인 니트 탑,https://www.zara.com/kr/ko/%E1%84%91%E1%85%A1%E1%84%8B%E1%85%B5%E1%86%AB-%E1%84%82%E1%85%B5%E1%84%90%E1%85%B3-%E1%84%90%E1%85%A1%E1%86%B8-p03519016.html,https://static.zara.net/assets/public/f295/c513/3bd1432187ef/bf30db8a5cfc/03519016300-016-p/03519016300-016-p.jpg?ts=1778770213373,"₩35,900",,,260622,노랑,,,,
,false,,ZARA,상의,셔츠/블라우스,여성,ZW 컬렉션 언밸런스 탑,https://www.zara.com/kr/ko/zw-%E1%84%8F%E1%85%A5%E1%86%AF%E1%84%85%E1%85%A6%E1%86%A8%E1%84%89%E1%85%A7%E1%86%AB-%E1%84%8B%E1%85%A5%E1%86%AB%E1%84%87%E1%85%A2%E1%86%AF%E1%84%85%E1%85%A5%E1%86%AB%E1%84%89%E1%85%B3-%E1%84%90%E1%85%A1%E1%86%B8-p04437004.html,https://static.zara.net/assets/public/6d42/f5aa/a0de47bba9f7/b59d16eb301b/04437004251-p/04437004251-p.jpg?ts=1771559627622,"₩79,900",,,260622,스크래치 화이트,,,,
,false,,ZARA,상의,탑,여성,언밸런스 부클레 탑,https://www.zara.com/kr/ko/%E1%84%87%E1%85%AE%E1%84%8F%E1%85%B3%E1%86%AF-%E1%84%8B%E1%85%A5%E1%86%AB%E1%84%87%E1%85%A2%E1%86%AF%E1%84%85%E1%85%A5%E1%86%AB%E1%84%89%E1%85%B3-%E1%84%90%E1%85%A1%E1%86%B8-p02298472.html,https://static.zara.net/assets/public/c31c/a70f/e0b64e889f82/77f3ddb8067b/02298472712-p/02298472712-p.jpg?ts=1777549855327,"₩49,900",,,260622,크림,,,,
,false,,ZARA,상의,탑,여성,부클 콤비 탑,https://www.zara.com/kr/ko/%E1%84%87%E1%85%AE%E1%84%8F%E1%85%B3%E1%86%AF-%E1%84%8F%E1%85%A9%E1%86%B7%E1%84%87%E1%85%B5-%E1%84%90%E1%85%A1%E1%86%B8-p02298471.html,https://static.zara.net/assets/public/7294/2ae6/55094ee38b18/81aa33ca607c/02298471632-p/02298471632-p.jpg?ts=1777549849506,"₩55,900",,,260622,브라이트 레드,,,,
,false,,ZARA,상의,탑,여성,레이스 주름 지오젯 탑,https://www.zara.com/kr/ko/%E1%84%85%E1%85%A6%E1%84%8B%E1%85%B5%E1%84%89%E1%85%B3-%E1%84%8C%E1%85%AE%E1%84%85%E1%85%B3%E1%86%B7-%E1%84%8C%E1%85%A9%E1%84%8C%E1%85%A6%E1%86%BA-%E1%84%90%E1%85%A1%E1%86%B8-p01758148.html,https://static.zara.net/assets/public/34c4/d641/7c614481a44d/a2e81eabeece/01758148300-p/01758148300-p.jpg?ts=1779976890318,"₩99,900",,,260622,노랑,,,,
,false,,ZARA,기타,WAISTCOAT,여성,슬리브리스 니트 탑,https://www.zara.com/kr/ko/%E1%84%89%E1%85%B3%E1%86%AF%E1%84%85%E1%85%B5%E1%84%87%E1%85%B3%E1%84%85%E1%85%B5%E1%84%89%E1%85%B3-%E1%84%82%E1%85%B5%E1%84%90%E1%85%B3-%E1%84%90%E1%85%A1%E1%86%B8-p05755020.html,https://static.zara.net/assets/public/15f8/2274/6f7e44e5a8fb/e1f22593693a/05755020600-p/05755020600-p.jpg?ts=1772206285351,"₩49,900",,,260622,레드,,,,
,false,,ZARA,상의,티셔츠,여성,홀터넥 탑,https://www.zara.com/kr/ko/%E1%84%91%E1%85%A2%E1%84%82%E1%85%A5%E1%86%AF-%E1%84%92%E1%85%A9%E1%86%AF%E1%84%90%E1%85%A5%E1%84%82%E1%85%A6%E1%86%A8-%E1%84%90%E1%85%A1%E1%86%B8-p03641010.html,https://static.zara.net/assets/public/2c3a/7ebd/174f4805b409/4cc6d140df66/04174053700-020-p/04174053700-020-p.jpg?ts=1774619394246,"₩29,900",,,260622,로즈핑크,,,,
,false,,ZARA,상의,티셔츠,여성,스트라이프 언밸런스 밑단 탑,https://www.zara.com/kr/ko/%E1%84%89%E1%85%B3%E1%84%90%E1%85%B3%E1%84%85%E1%85%A1%E1%84%8B%E1%85%B5%E1%84%91%E1%85%B3-%E1%84%8B%E1%85%A5%E1%86%AB%E1%84%87%E1%85%A2%E1%86%AF%E1%84%85%E1%85%A5%E1%86%AB%E1%84%89%E1%85%B3-%E1%84%86%E1%85%B5%E1%87%80%E1%84%83%E1%85%A1%E1%86%AB-%E1%84%90%E1%85%A1%E1%86%B8-p03253016.html,https://static.zara.net/assets/public/7526/74d6/1a154941a142/e31f3cefaaef/03253016620-p/03253016620-p.jpg?ts=1774615374623,"₩35,900",,,260622,로즈핑크,,,,
,false,,ZARA,상의,탑,여성,스퀘어넥 스트랩 탑,https://www.zara.com/kr/ko/%E1%84%89%E1%85%B3%E1%84%8F%E1%85%B0%E1%84%8B%E1%85%A5%E1%84%82%E1%85%A6%E1%86%A8-%E1%84%89%E1%85%B3%E1%84%90%E1%85%B3%E1%84%85%E1%85%A2%E1%86%B8-%E1%84%90%E1%85%A1%E1%86%B8-p04813303.html,https://static.zara.net/assets/public/16ab/0d9b/9b1e4051bb92/95d7538da3f0/04813303800-p/04813303800-p.jpg?ts=1768989039837,"₩29,900",,,260622,블랙,,,,
,false,,ZARA,상의,탑,여성,심리스 홀터넥 탑,https://www.zara.com/kr/ko/%E1%84%89%E1%85%B5%E1%86%B7%E1%84%85%E1%85%B5%E1%84%89%E1%85%B3-%E1%84%92%E1%85%A9%E1%86%AF%E1%84%90%E1%85%A5%E1%84%82%E1%85%A6%E1%86%A8-%E1%84%90%E1%85%A1%E1%86%B8-p05063315.html,https://static.zara.net/assets/public/6efe/a0c9/73b04a618242/cc68a6a11a63/05063315712-a2/05063315712-a2.jpg?ts=1768908908112,"₩29,900",,,260622,크림,,,,
,false,,ZARA,상의,셔츠/블라우스,여성,벌룬 슬리브 포플린 탑,https://www.zara.com/kr/ko/%E1%84%87%E1%85%A5%E1%86%AF%E1%84%85%E1%85%AE%E1%86%AB-%E1%84%89%E1%85%B3%E1%86%AF%E1%84%85%E1%85%B5%E1%84%87%E1%85%B3-%E1%84%91%E1%85%A9%E1%84%91%E1%85%B3%E1%86%AF%E1%84%85%E1%85%B5%E1%86%AB-%E1%84%90%E1%85%A1%E1%86%B8-p02180023.html,https://static.zara.net/assets/public/576d/8f85/e5e0456684f9/b0439adc761a/02180023250-p/02180023250-p.jpg?ts=1771597816813,"₩49,900",,,260622,화이트,,,,
,false,,ZARA,상의,셔츠/블라우스,여성,벌룬 슬리브 포플린 탑,https://www.zara.com/kr/ko/%E1%84%87%E1%85%A5%E1%86%AF%E1%84%85%E1%85%AE%E1%86%AB-%E1%84%89%E1%85%B3%E1%86%AF%E1%84%85%E1%85%B5%E1%84%87%E1%85%B3-%E1%84%91%E1%85%A9%E1%84%91%E1%85%B3%E1%86%AF%E1%84%85%E1%85%B5%E1%86%AB-%E1%84%90%E1%85%A1%E1%86%B8-p02180023.html,https://static.zara.net/assets/public/8d9d/66fc/cc494494a11a/ba0eb965d8e8/03067032115-p/03067032115-p.jpg?ts=1771597816707,"₩49,900",,,260622,오렌지,,,,
,false,,ZARA,상의,셔츠/블라우스,여성,스트라이프 폴로 칼라 셔츠,https://www.zara.com/kr/ko/%E1%84%89%E1%85%B3%E1%84%90%E1%85%B3%E1%84%85%E1%85%A1%E1%84%8B%E1%85%B5%E1%84%91%E1%85%B3-%E1%84%91%E1%85%A9%E1%86%AF%E1%84%85%E1%85%A9%E1%84%89%E1%85%A7%E1%84%8E%E1%85%B3-p01971173.html,https://static.zara.net/assets/public/1e4a/0db5/231a4739a4f5/81727d419446/02298273330-1-p/02298273330-1-p.jpg?ts=1779953685892,"₩57,900",,,260622,멀티컬러,,,,
,false,,ZARA,상의,셔츠/블라우스,여성,하운드투스 레이스 탑,https://www.zara.com/kr/ko/%E1%84%92%E1%85%A1%E1%84%8B%E1%85%AE%E1%86%AB%E1%84%83%E1%85%B3-%E1%84%90%E1%85%AE%E1%84%89%E1%85%B3-%E1%84%85%E1%85%A6%E1%84%8B%E1%85%B5%E1%84%89%E1%85%B3-%E1%84%90%E1%85%A1%E1%86%B8-p02128155.html,https://static.zara.net/assets/public/dafd/eadc/87214061bde0/ea73b1dd7a59/02128155080-p/02128155080-p.jpg?ts=1764927130199,"₩55,900",,,260622,"크림,블루",,,,
,false,,ZARA,상의,셔츠/블라우스,여성,러스틱 백리스 자수 탑,https://www.zara.com/kr/ko/%E1%84%85%E1%85%A5%E1%84%89%E1%85%B3%E1%84%90%E1%85%B5%E1%86%A8-%E1%84%87%E1%85%A2%E1%86%A8%E1%84%85%E1%85%B5%E1%84%89%E1%85%B3-%E1%84%8C%E1%85%A1%E1%84%89%E1%85%AE-%E1%84%90%E1%85%A1%E1%86%B8-p05770053.html,https://static.zara.net/assets/public/0db6/5015/821c409eb4ce/1922ba385160/05770053712-p/05770053712-p.jpg?ts=1778690444383,"₩49,900",,,260622,크림,,,,
,false,,ZARA,상의,티셔츠,여성,글리터 레이스 프릴 탑,https://www.zara.com/kr/ko/%E1%84%80%E1%85%B3%E1%86%AF%E1%84%85%E1%85%B5%E1%84%90%E1%85%A5-%E1%84%85%E1%85%A6%E1%84%8B%E1%85%B5%E1%84%89%E1%85%B3-%E1%84%91%E1%85%B3%E1%84%85%E1%85%B5%E1%86%AF-%E1%84%90%E1%85%A1%E1%86%B8-p01937320.html,https://static.zara.net/assets/public/e013/e64c/d953404fba97/a327b7b76bef/01937320712-p/01937320712-p.jpg?ts=1778690446742,"₩49,900",,,260622,크림,,,,
,false,,ZARA,상의,셔츠/블라우스,여성,골든 버튼 페플럼 탑,https://www.zara.com/kr/ko/%E1%84%80%E1%85%A9%E1%86%AF%E1%84%83%E1%85%B3-%E1%84%87%E1%85%A5%E1%84%90%E1%85%B3%E1%86%AB-%E1%84%91%E1%85%A6%E1%84%91%E1%85%B3%E1%86%AF%E1%84%85%E1%85%A5%E1%86%B7-%E1%84%90%E1%85%A1%E1%86%B8-p00387062.html,https://static.zara.net/assets/public/e69d/5dc4/3909423da842/326d87604003/00387062251-a3/00387062251-a3.jpg?ts=1779292008255,"₩55,900",,,260622,스크래치 화이트,,,,
,false,,ZARA,상의,셔츠/블라우스,여성,드레이프 언밸런스 탑,https://www.zara.com/kr/ko/%E1%84%83%E1%85%B3%E1%84%85%E1%85%A6%E1%84%8B%E1%85%B5%E1%84%91%E1%85%B3-%E1%84%8B%E1%85%A5%E1%86%AB%E1%84%87%E1%85%A2%E1%86%AF%E1%84%85%E1%85%A5%E1%86%AB%E1%84%89%E1%85%B3-%E1%84%90%E1%85%A1%E1%86%B8-p08741084.html,https://static.zara.net/assets/public/a48b/71a0/db9744fdb0b2/13053982a61d/08741084500-p/08741084500-p.jpg?ts=1772623877495,"₩49,900",,,260622,초록,,,,
,false,,ZARA,상의,셔츠/블라우스,여성,벌룬 슬리브 탑 ZW 컬렉션,https://www.zara.com/kr/ko/zw-%E1%84%8F%E1%85%A5%E1%86%AF%E1%84%85%E1%85%A6%E1%86%A8%E1%84%89%E1%85%A7%E1%86%AB-%E1%84%87%E1%85%A5%E1%86%AF%E1%84%85%E1%85%AE%E1%86%AB-%E1%84%89%E1%85%B3%E1%86%AF%E1%84%85%E1%85%B5%E1%84%87%E1%85%B3-%E1%84%90%E1%85%A1%E1%86%B8-p01101198.html,https://static.zara.net/assets/public/29df/63c7/f3784e87b8a5/2e2139b14278/01063198715-p/01063198715-p.jpg?ts=1769095033731,"₩89,900",,,260622,미디움 크림,,,,
,false,,ZARA,상의,티셔츠,여성,벌룬 숄더 패드 탑,https://www.zara.com/kr/ko/%E1%84%87%E1%85%A5%E1%86%AF%E1%84%85%E1%85%AE%E1%86%AB-%E1%84%89%E1%85%AD%E1%86%AF%E1%84%83%E1%85%A5-%E1%84%91%E1%85%A2%E1%84%83%E1%85%B3-%E1%84%90%E1%85%A1%E1%86%B8-p00085326.html,https://static.zara.net/assets/public/8f39/15b1/bc0a4329af51/bfbf01a7e071/00085326250-p/00085326250-p.jpg?ts=1777547144314,"₩39,900",,,260622,화이트,,,,
,false,,ZARA,상의,티셔츠,여성,벌룬 숄더 패드 탑,https://www.zara.com/kr/ko/%E1%84%87%E1%85%A5%E1%86%AF%E1%84%85%E1%85%AE%E1%86%AB-%E1%84%89%E1%85%AD%E1%86%AF%E1%84%83%E1%85%A5-%E1%84%91%E1%85%A2%E1%84%83%E1%85%B3-%E1%84%90%E1%85%A1%E1%86%B8-p00085326.html,https://static.zara.net/assets/public/983f/ce82/aff54a93ba20/b71bddf3eb16/00085326800-p/00085326800-p.jpg?ts=1777536259216,"₩39,900",,,260622,블랙,,,,
,false,,ZARA,상의,탑,여성,벌룬 슬리브 탑,https://www.zara.com/kr/ko/%E1%84%87%E1%85%A5%E1%86%AF%E1%84%85%E1%85%AE%E1%86%AB-%E1%84%89%E1%85%B3%E1%86%AF%E1%84%85%E1%85%B5%E1%84%87%E1%85%B3-%E1%84%90%E1%85%A1%E1%86%B8-p05039203.html,https://static.zara.net/assets/public/8ce2/ca26/7a6546998f3a/270c9a2bbc2c/05039203800-a3/05039203800-a3.jpg?ts=1778060976448,"₩45,900",,,260622,블랙,,,,
,false,,ZARA,상의,탑,여성,버튼 베스트 탑,https://www.zara.com/kr/ko/%E1%84%87%E1%85%A5%E1%84%90%E1%85%B3%E1%86%AB-%E1%84%87%E1%85%A6%E1%84%89%E1%85%B3%E1%84%90%E1%85%B3-%E1%84%90%E1%85%A1%E1%86%B8-p05584299.html,https://static.zara.net/assets/public/76c1/3dd6/a5e543a899c6/0c6ebbde1107/05584299800-p/05584299800-p.jpg?ts=1778059500068,"₩45,900",,,260622,블랙,,,,
,false,,ZARA,상의,티셔츠,여성,페이크 케이프 크롭 탑,https://www.zara.com/kr/ko/%E1%84%91%E1%85%A6%E1%84%8B%E1%85%B5%E1%84%8F%E1%85%B3-%E1%84%8F%E1%85%A6%E1%84%8B%E1%85%B5%E1%84%91%E1%85%B3-%E1%84%8F%E1%85%B3%E1%84%85%E1%85%A9%E1%86%B8-%E1%84%90%E1%85%A1%E1%86%B8-p04424169.html,https://static.zara.net/assets/public/b784/3716/19584dc0b470/8eaedb6173c4/04424169712-p/04424169712-p.jpg?ts=1774267234687,"₩29,900",,,260622,크림,,,,
,false,,ZARA,상의,티셔츠,여성,케이프 크롭 탑,https://www.zara.com/kr/ko/%E1%84%91%E1%85%A6%E1%84%8B%E1%85%B5%E1%84%8F%E1%85%B3-%E1%84%8F%E1%85%A6%E1%84%8B%E1%85%B5%E1%84%91%E1%85%B3-%E1%84%8F%E1%85%B3%E1%84%85%E1%85%A9%E1%86%B8-%E1%84%90%E1%85%A1%E1%86%B8-p04424169.html,https://static.zara.net/assets/public/0cb2/c438/a9684e5e918d/dba27f8b0b5a/04424169515-000-p/04424169515-000-p.jpg?ts=1774458325508,"₩29,900",,,260622,올리브,,,,
,false,,ZARA,상의,티셔츠,여성,페이크 케이프 크롭 탑,https://www.zara.com/kr/ko/%E1%84%91%E1%85%A6%E1%84%8B%E1%85%B5%E1%84%8F%E1%85%B3-%E1%84%8F%E1%85%A6%E1%84%8B%E1%85%B5%E1%84%91%E1%85%B3-%E1%84%8F%E1%85%B3%E1%84%85%E1%85%A9%E1%86%B8-%E1%84%90%E1%85%A1%E1%86%B8-p04424169.html,https://static.zara.net/assets/public/1112/2567/553e49129c33/fa50c523f88b/04424169822-p/04424169822-p.jpg?ts=1774267235223,"₩29,900",,,260622,먹색,,,,
,false,,ZARA,상의,셔츠/블라우스,여성,새틴 스트랩리스 탑,https://www.zara.com/kr/ko/%E1%84%89%E1%85%A2%E1%84%90%E1%85%B5%E1%86%AB-%E1%84%89%E1%85%B3%E1%84%90%E1%85%B3%E1%84%85%E1%85%A2%E1%86%B8%E1%84%85%E1%85%B5%E1%84%89%E1%85%B3-%E1%84%90%E1%85%A1%E1%86%B8-p07752051.html,https://static.zara.net/assets/public/e729/b793/61484f7797a6/266c3f934228/07752051800-p/07752051800-p.jpg?ts=1780502236606,"₩45,900",,,260622,블랙,,,,
,false,,ZARA,상의,티셔츠,여성,리브드 슬리브리스 탑,https://www.zara.com/kr/ko/%E1%84%85%E1%85%B5%E1%84%87%E1%85%B3%E1%84%83%E1%85%B3-%E1%84%89%E1%85%B3%E1%86%AF%E1%84%85%E1%85%B5%E1%84%87%E1%85%B3%E1%84%85%E1%85%B5%E1%84%89%E1%85%B3-%E1%84%90%E1%85%A1%E1%86%B8-p02335180.html,https://static.zara.net/assets/public/205b/ad0c/00ca47efbeaa/30d6cb391636/02335180711-p/02335180711-p.jpg?ts=1775490574304,"₩21,900",,,260622,샌드,,,,
,false,,ZARA,상의,티셔츠,여성,리브드 슬리브리스 탑,https://www.zara.com/kr/ko/%E1%84%85%E1%85%B5%E1%84%87%E1%85%B3%E1%84%83%E1%85%B3-%E1%84%89%E1%85%B3%E1%86%AF%E1%84%85%E1%85%B5%E1%84%87%E1%85%B3%E1%84%85%E1%85%B5%E1%84%89%E1%85%B3-%E1%84%90%E1%85%A1%E1%86%B8-p02335180.html,https://static.zara.net/assets/public/86d8/fef8/b5db46ff957a/cebbbb354322/02335180678-p/02335180678-p.jpg?ts=1775552256465,"₩21,900",,,260622,구리-다크,,,,
,false,,ZARA,상의,탑,여성,콘트라스트 RIB 니트 탑,https://www.zara.com/kr/ko/%E1%84%8F%E1%85%A9%E1%86%AB%E1%84%90%E1%85%B3%E1%84%85%E1%85%A1%E1%84%89%E1%85%B3%E1%84%90%E1%85%B3-rib-%E1%84%82%E1%85%B5%E1%84%90%E1%85%B3-%E1%84%90%E1%85%A1%E1%86%B8-p02893021.html,https://static.zara.net/assets/public/09b9/8f77/91034a45a877/f7d2c647d6f3/02893021806-p/02893021806-p.jpg?ts=1770917307991,"₩45,900",,,260622,스톤,,,,
,false,,ZARA,상의,셔츠/블라우스,여성,지퍼 코르셋 탑,https://www.zara.com/kr/ko/%E1%84%8C%E1%85%B5%E1%84%91%E1%85%A5-%E1%84%8F%E1%85%A9%E1%84%85%E1%85%B3%E1%84%89%E1%85%A6%E1%86%BA-%E1%84%90%E1%85%A1%E1%86%B8-p09856660.html,https://static.zara.net/assets/public/b5d9/5b82/9e4f4d63991b/175de9fc31e5/09856660800-p/09856660800-p.jpg?ts=1764674959540,"₩49,900",,,260622,블랙,,,,
,false,,ZARA,상의,탑,여성,폴리아미드 트임 탑,https://www.zara.com/kr/ko/%E1%84%91%E1%85%A9%E1%86%AF%E1%84%85%E1%85%B5%E1%84%8B%E1%85%A1%E1%84%86%E1%85%B5%E1%84%83%E1%85%B3-%E1%84%90%E1%85%B3%E1%84%8B%E1%85%B5%E1%86%B7-%E1%84%90%E1%85%A1%E1%86%B8-p01355026.html,https://static.zara.net/assets/public/77f9/1206/8d2b41a5a480/8bbe7c16a393/01355026800-1-p/01355026800-1-p.jpg?ts=1775744677865,"₩45,900",,,260622,블랙,,,,
,false,,ZARA,상의,탑,여성,파인 니트 케이프 탑,https://www.zara.com/kr/ko/%E1%84%91%E1%85%A1%E1%84%8B%E1%85%B5%E1%86%AB-%E1%84%82%E1%85%B5%E1%84%90%E1%85%B3-%E1%84%8F%E1%85%B3%E1%84%85%E1%85%A9%E1%86%B8-%E1%84%90%E1%85%A1%E1%86%B8-p03456007.html,https://static.zara.net/assets/public/d294/b125/35344bd5b38b/755c25dd5a83/03456007800-p/03456007800-p.jpg?ts=1775744295554,"₩55,900",,,260622,블랙,,,,
,false,,ZARA,상의,셔츠/블라우스,여성,매듭 새틴 탑,https://www.zara.com/kr/ko/%E1%84%89%E1%85%A2%E1%84%90%E1%85%B5%E1%86%AB-%E1%84%86%E1%85%A2%E1%84%83%E1%85%B3%E1%86%B8-%E1%84%90%E1%85%A1%E1%86%B8-p03897068.html,https://static.zara.net/assets/public/cf1f/de0b/3f024744b432/c2262af60a64/03897068505-p/03897068505-p.jpg?ts=1770988913062,"₩49,900",,,260622,카키,,,,
,false,,ZARA,상의,셔츠/블라우스,여성,지퍼 코르셋 탑,https://www.zara.com/kr/ko/%E1%84%8C%E1%85%B5%E1%84%91%E1%85%A5-%E1%84%8F%E1%85%A9%E1%84%85%E1%85%B3%E1%84%89%E1%85%A6%E1%86%BA-%E1%84%90%E1%85%A1%E1%86%B8-p09856660.html,https://static.zara.net/assets/public/6cfa/360c/4d8649088846/d817665eb9ae/09856660800-p/09856660800-p.jpg?ts=1770988913513,"₩49,900",,,260622,블랙,,,,
,false,,ZARA,상의,셔츠/블라우스,여성,토글 새틴 탑,https://www.zara.com/kr/ko/%E1%84%90%E1%85%A9%E1%84%80%E1%85%B3%E1%86%AF-%E1%84%89%E1%85%A2%E1%84%90%E1%85%B5%E1%86%AB-%E1%84%90%E1%85%A1%E1%86%B8-p03152082.html,https://static.zara.net/assets/public/b72f/6060/302744dbb8ca/1a9d08412f01/03152082251-p/03152082251-p.jpg?ts=1778241026326,"₩49,900",,,260622,스크래치 화이트,,,,
,false,,ZARA,상의,셔츠/블라우스,여성,도트 프릴 홀터넥 탑,https://www.zara.com/kr/ko/%E1%84%83%E1%85%A9%E1%84%90%E1%85%B3-%E1%84%91%E1%85%B3%E1%84%85%E1%85%B5%E1%86%AF-%E1%84%92%E1%85%A9%E1%86%AF%E1%84%90%E1%85%A5%E1%84%82%E1%85%A6%E1%86%A8-%E1%84%90%E1%85%A1%E1%86%B8-p04772079.html,https://static.zara.net/assets/public/8daf/7542/0b634e29962a/9c1922b82874/04772079609-p/04772079609-p.jpg?ts=1779809713712,"₩45,900",,,260622,레드빗,,,,
,false,,ZARA,상의,셔츠/블라우스,여성,프릴 홀터넥 탑,https://www.zara.com/kr/ko/%E1%84%83%E1%85%A9%E1%84%90%E1%85%B3-%E1%84%91%E1%85%B3%E1%84%85%E1%85%B5%E1%86%AF-%E1%84%92%E1%85%A9%E1%86%AF%E1%84%90%E1%85%A5%E1%84%82%E1%85%A6%E1%86%A8-%E1%84%90%E1%85%A1%E1%86%B8-p04772079.html,https://static.zara.net/assets/public/c5d6/2e1c/6790416497ce/0243cf76b6cb/04772079800-000-p/04772079800-000-p.jpg?ts=1779955673060,"₩45,900",,,260622,블랙,,,,
,false,,ZARA,상의,셔츠/블라우스,여성,페이크 워시 펀칭 자수 탑,https://www.zara.com/kr/ko/%E1%84%8B%E1%85%AF%E1%84%89%E1%85%B5%E1%86%BC-%E1%84%91%E1%85%A5%E1%86%AB%E1%84%8E%E1%85%B5%E1%86%BC-%E1%84%8C%E1%85%A1%E1%84%89%E1%85%AE-%E1%84%90%E1%85%A1%E1%86%B8-p07200061.html,https://static.zara.net/assets/public/c86e/30dd/8b8a4bd78097/a64aaa726656/07200061050-p/07200061050-p.jpg?ts=1779285021180,"₩55,900",,,260622,단색,,,,
,false,,ZARA,상의,탑,여성,도트 레이스 탑,https://www.zara.com/kr/ko/%E1%84%83%E1%85%A9%E1%84%90%E1%85%B3-%E1%84%91%E1%85%A2%E1%84%90%E1%85%A5%E1%86%AB-%E1%84%85%E1%85%A6%E1%84%8B%E1%85%B5%E1%84%89%E1%85%B3-%E1%84%90%E1%85%A1%E1%86%B8-p04786135.html,https://static.zara.net/assets/public/7fa4/f448/c2fd4bacaf0c/498a33c55ca3/04786135800-p/04786135800-p.jpg?ts=1772723506130,"₩79,900",,,260622,블랙,,,,
,false,,ZARA,상의,탑,여성,자수 시퀸 탑,https://www.zara.com/kr/ko/%E1%84%8C%E1%85%A1%E1%84%89%E1%85%AE-%E1%84%89%E1%85%B5%E1%84%8F%E1%85%B1%E1%86%AB-%E1%84%90%E1%85%A1%E1%86%B8-p04813331.html,https://static.zara.net/assets/public/1661/8c4e/95324681953f/d3866c43d074/04813331250-p/04813331250-p.jpg?ts=1779441370911,"₩49,900",,,260622,화이트,,,,
,false,,ZARA,상의,탑,여성,비즈 레이스 탑,https://www.zara.com/kr/ko/%E1%84%87%E1%85%B5%E1%84%8C%E1%85%B3-%E1%84%85%E1%85%A6%E1%84%8B%E1%85%B5%E1%84%89%E1%85%B3-%E1%84%90%E1%85%A1%E1%86%B8-p04344301.html,https://static.zara.net/assets/public/bdeb/911d/7a5645d2b783/419a735f1287/04344301712-p/04344301712-p.jpg?ts=1779441371452,"₩89,900",,,260622,크림,,,,
,false,,ZARA,상의,티셔츠,여성,레이스 커프스 세미 시스루 탑,https://www.zara.com/kr/ko/%E1%84%85%E1%85%A6%E1%84%8B%E1%85%B5%E1%84%89%E1%85%B3-%E1%84%8F%E1%85%A5%E1%84%91%E1%85%B3%E1%84%89%E1%85%B3-%E1%84%89%E1%85%A6%E1%84%86%E1%85%B5-%E1%84%89%E1%85%B5%E1%84%89%E1%85%B3%E1%84%85%E1%85%AE-%E1%84%90%E1%85%A1%E1%86%B8-p00264302.html,https://static.zara.net/assets/public/ac91/4894/a9424d7b8a44/d65707477878/00264302251-p/00264302251-p.jpg?ts=1771931167912,"₩39,900",,,260622,스크래치 화이트,,,,
,false,,ZARA,상의,티셔츠,여성,코르셋 백 탑,https://www.zara.com/kr/ko/%E1%84%8F%E1%85%A9%E1%84%85%E1%85%B3%E1%84%89%E1%85%A6%E1%86%BA-%E1%84%87%E1%85%A2%E1%86%A8-%E1%84%90%E1%85%A1%E1%86%B8-p00347318.html,https://static.zara.net/assets/public/c262/2844/396d4c61a904/80263c346c5c/00347318250-p/00347318250-p.jpg?ts=1771931167932,"₩35,900",,,260622,화이트,,,,
,false,,ZARA,상의,탑,여성,프릴 탱크 탑,https://www.zara.com/kr/ko/%E1%84%91%E1%85%B3%E1%84%85%E1%85%B5%E1%86%AF-%E1%84%90%E1%85%A2%E1%86%BC%E1%84%8F%E1%85%B3-%E1%84%90%E1%85%A1%E1%86%B8-p03641379.html,https://static.zara.net/assets/public/d8a2/a54a/f42642cb83a0/36c275d1aa2b/04365001407-015-p/04365001407-015-p.jpg?ts=1777036882620,"₩29,900",,,260622,화이트,,,,
,false,,ZARA,상의,티셔츠,여성,언밸런스 롱 탑,https://www.zara.com/kr/ko/%E1%84%8B%E1%85%A5%E1%86%AB%E1%84%87%E1%85%A2%E1%86%AF%E1%84%85%E1%85%A5%E1%86%AB%E1%84%89%E1%85%B3-%E1%84%85%E1%85%A9%E1%86%BC-%E1%84%90%E1%85%A1%E1%86%B8-p02335188.html,https://static.zara.net/assets/public/b777/2b2f/80bf452db439/edbcca993974/02335188250-p/02335188250-p.jpg?ts=1777378091548,"₩39,900",,,260622,화이트,,,,
,false,,ZARA,상의,셔츠/블라우스,여성,레이스 란제리 탑 ZW 컬렉션,https://www.zara.com/kr/ko/%E1%84%85%E1%85%A6%E1%84%8B%E1%85%B5%E1%84%89%E1%85%B3-%E1%84%85%E1%85%A1%E1%86%AB%E1%84%8C%E1%85%A6%E1%84%85%E1%85%B5-%E1%84%90%E1%85%A1%E1%86%B8-zw-%E1%84%8F%E1%85%A5%E1%86%AF%E1%84%85%E1%85%A6%E1%86%A8%E1%84%89%E1%85%A7%E1%86%AB-p05919105.html,https://static.zara.net/assets/public/60d7/0e0e/0a3345c8bef3/2b21f6516fa3/05919105700-p/05919105700-p.jpg?ts=1763572714591,"₩79,900",,,260622,브라운,,,,
,false,,ZARA,상의,셔츠/블라우스,여성,레이스 란제리 탑 ZW 컬렉션,https://www.zara.com/kr/ko/%E1%84%85%E1%85%A6%E1%84%8B%E1%85%B5%E1%84%89%E1%85%B3-%E1%84%85%E1%85%A1%E1%86%AB%E1%84%8C%E1%85%A6%E1%84%85%E1%85%B5-%E1%84%90%E1%85%A1%E1%86%B8-zw-%E1%84%8F%E1%85%A5%E1%86%AF%E1%84%85%E1%85%A6%E1%86%A8%E1%84%89%E1%85%A7%E1%86%AB-p05919105.html,https://static.zara.net/assets/public/0457/be58/675f4e09be11/7d809b85926a/05919205800-a1/05919205800-a1.jpg?ts=1756912656007,"₩79,900",,,260622,블랙,,,,
,false,,ZARA,상의,셔츠/블라우스,여성,ZW 컬렉션 자수 크롭 탑,https://www.zara.com/kr/ko/zw-%E1%84%8F%E1%85%A5%E1%86%AF%E1%84%85%E1%85%A6%E1%86%A8%E1%84%89%E1%85%A7%E1%86%AB-%E1%84%8C%E1%85%A1%E1%84%89%E1%85%AE-%E1%84%8F%E1%85%B3%E1%84%85%E1%85%A9%E1%86%B8-%E1%84%90%E1%85%A1%E1%86%B8-p01377205.html,https://static.zara.net/assets/public/ee7b/0398/dfa04d18bd9b/c00e88dff7e2/01377205715-p/01377205715-p.jpg?ts=1778767682367,"₩59,900",,,260622,미디움 크림,,,,
,false,,ZARA,상의,탑,여성,프린지 니트 탑,https://www.zara.com/kr/ko/%E1%84%91%E1%85%B3%E1%84%85%E1%85%B5%E1%86%AB%E1%84%8C%E1%85%B5-%E1%84%82%E1%85%B5%E1%84%90%E1%85%B3-%E1%84%90%E1%85%A1%E1%86%B8-p06771025.html,https://static.zara.net/assets/public/b7b2/7231/21de470a8e7a/5f94268429dd/01939140067-p/01939140067-p.jpg?ts=1777561252548,"₩45,900",,,260622,끈,,,,
,false,,ZARA,상의,탑,여성,레이스 믹스 코르셋 탑,https://www.zara.com/kr/ko/%E1%84%85%E1%85%A6%E1%84%8B%E1%85%B5%E1%84%89%E1%85%B3-%E1%84%86%E1%85%B5%E1%86%A8%E1%84%89%E1%85%B3-%E1%84%8F%E1%85%A9%E1%84%85%E1%85%B3%E1%84%89%E1%85%A6%E1%86%BA-%E1%84%90%E1%85%A1%E1%86%B8-p05039374.html,https://static.zara.net/assets/public/ba92/e71b/ec784292ac57/369c852ebd41/05039374712-p/05039374712-p.jpg?ts=1774969472930,"₩45,900",,,260622,크림,,,,
,false,,ZARA,상의,탑,여성,레이스 콤비 코르셋,https://www.zara.com/kr/ko/%E1%84%85%E1%85%A6%E1%84%8B%E1%85%B5%E1%84%89%E1%85%B3-%E1%84%8F%E1%85%A9%E1%86%B7%E1%84%87%E1%85%B5-%E1%84%8F%E1%85%A9%E1%84%85%E1%85%B3%E1%84%89%E1%85%A6%E1%86%BA-p04770310.html,https://static.zara.net/assets/public/4c79/9034/6a014438941f/f92a997ed51b/04770310712-p/04770310712-p.jpg?ts=1774969464962,"₩49,900",,,260622,크림,,,,
,false,,ZARA,기타,WAISTCOAT,여성,골드 버튼 크롭 베스트,https://www.zara.com/kr/ko/%E1%84%80%E1%85%A9%E1%86%AF%E1%84%83%E1%85%B3-%E1%84%87%E1%85%A5%E1%84%90%E1%85%B3%E1%86%AB-%E1%84%8F%E1%85%B3%E1%84%85%E1%85%A9%E1%86%B8-%E1%84%87%E1%85%A6%E1%84%89%E1%85%B3%E1%84%90%E1%85%B3-p04387360.html,https://static.zara.net/assets/public/251d/c1f5/3fa143ecb0a9/e6286c5364dd/04387360800-p/04387360800-p.jpg?ts=1753965834941,"₩55,900",,,260622,블랙,,,,
,false,,ZARA,상의,탑,여성,드레이프 언밸런스 탑,https://www.zara.com/kr/ko/%E1%84%83%E1%85%B3%E1%84%85%E1%85%A6%E1%84%8B%E1%85%B5%E1%84%91%E1%85%B3-%E1%84%8B%E1%85%A5%E1%86%AB%E1%84%87%E1%85%A2%E1%86%AF%E1%84%85%E1%85%A5%E1%86%AB%E1%84%89%E1%85%B3-%E1%84%90%E1%85%A1%E1%86%B8-p05039275.html,https://static.zara.net/assets/public/4c48/9244/dcf84155814f/ed8d5a2155fa/05039275520-p/05039275520-p.jpg?ts=1777019817515,"₩45,900",,,260622,라임,,,,
,false,,ZARA,상의,탑,여성,드레이프 언밸런스 탑,https://www.zara.com/kr/ko/%E1%84%83%E1%85%B3%E1%84%85%E1%85%A6%E1%84%8B%E1%85%B5%E1%84%91%E1%85%B3-%E1%84%8B%E1%85%A5%E1%86%AB%E1%84%87%E1%85%A2%E1%86%AF%E1%84%85%E1%85%A5%E1%86%AB%E1%84%89%E1%85%B3-%E1%84%90%E1%85%A1%E1%86%B8-p05039275.html,https://static.zara.net/assets/public/6660/0f02/9793455787a5/2471d89cc8b1/05039275251-p/05039275251-p.jpg?ts=1777019815469,"₩45,900",,,260622,스크래치 화이트,,,,
,false,,ZARA,상의,탑,여성,언밸런스 니트 탑,https://www.zara.com/kr/ko/%E1%84%8B%E1%85%A5%E1%86%AB%E1%84%87%E1%85%A2%E1%86%AF%E1%84%85%E1%85%A5%E1%86%AB%E1%84%89%E1%85%B3-%E1%84%82%E1%85%B5%E1%84%90%E1%85%B3-%E1%84%90%E1%85%A1%E1%86%B8-p09598016.html,https://static.zara.net/assets/public/d659/6ea1/a74d43ec999b/675fe9c91697/09598016700-p/09598016700-p.jpg?ts=1772470870557,"₩49,900",,,260622,브라운,,,,
,false,,ZARA,상의,셔츠/블라우스,여성,ZW 컬렉션 도트 탑,https://www.zara.com/kr/ko/zw-%E1%84%8F%E1%85%A5%E1%86%AF%E1%84%85%E1%85%A6%E1%86%A8%E1%84%89%E1%85%A7%E1%86%AB-%E1%84%83%E1%85%A9%E1%84%90%E1%85%B3-%E1%84%90%E1%85%A1%E1%86%B8-p01108027.html,https://static.zara.net/assets/public/9712/692a/d109438c9365/1fd6ab694828/01108027400-p/01108027400-p.jpg?ts=1772785947669,"₩59,900",,,260622,블루,,,,
,false,,ZARA,상의,셔츠/블라우스,여성,펀칭 자수 탑,https://www.zara.com/kr/ko/%E1%84%91%E1%85%A5%E1%86%AB%E1%84%8E%E1%85%B5%E1%86%BC-%E1%84%8C%E1%85%A1%E1%84%89%E1%85%AE-%E1%84%90%E1%85%A1%E1%86%B8-p03041996.html,https://static.zara.net/assets/public/b0a0/486c/fe154f87b7f1/e10fbf5e22c8/03041996700-p/03041996700-p.jpg?ts=1776269946964,"₩57,900",,,260622,브라운,,,,
,false,,ZARA,상의,티셔츠,여성,레이스 페이크 더블 탑,https://www.zara.com/kr/ko/%E1%84%83%E1%85%A5%E1%84%87%E1%85%B3%E1%86%AF-%E1%84%85%E1%85%A6%E1%84%8B%E1%85%B5%E1%84%8B%E1%85%A5%E1%84%83%E1%85%B3-%E1%84%85%E1%85%A6%E1%84%8B%E1%85%B5%E1%84%89%E1%85%B3-%E1%84%90%E1%85%A1%E1%86%B8-p03641349.html,https://static.zara.net/assets/public/42e1/43ba/339240ed9c2b/db31ae58fbd2/03641349800-p/03641349800-p.jpg?ts=1777036207937,"₩39,900",,,260622,블랙,,,,
,false,,ZARA,상의,티셔츠,여성,글리터 레이스 프릴 탑,https://www.zara.com/kr/ko/%E1%84%80%E1%85%B3%E1%86%AF%E1%84%85%E1%85%B5%E1%84%90%E1%85%A5-%E1%84%85%E1%85%A6%E1%84%8B%E1%85%B5%E1%84%89%E1%85%B3-%E1%84%91%E1%85%B3%E1%84%85%E1%85%B5%E1%86%AF-%E1%84%90%E1%85%A1%E1%86%B8-p01937320.html,https://static.zara.net/assets/public/9248/04ad/135d4600a4e0/f432fd1029bc/01937320712-p/01937320712-p.jpg?ts=1777036208065,"₩49,900",,,260622,크림,,,,
,false,,ZARA,기타,WAISTCOAT,여성,플랫 프론트 페플럼 베스트,https://www.zara.com/kr/ko/%E1%84%91%E1%85%B3%E1%86%AF%E1%84%85%E1%85%A2%E1%86%BA-%E1%84%91%E1%85%B3%E1%84%85%E1%85%A9%E1%86%AB%E1%84%90%E1%85%B3-%E1%84%91%E1%85%A6%E1%84%91%E1%85%B3%E1%86%AF%E1%84%85%E1%85%A5%E1%86%B7-%E1%84%87%E1%85%A6%E1%84%89%E1%85%B3%E1%84%90%E1%85%B3-p01608121.html,https://static.zara.net/assets/public/d14c/48f4/c46744228da6/0ef4d7a9d6fc/01608121250-p/01608121250-p.jpg?ts=1777463319000,"₩59,900",,,260622,화이트,,,,
,false,,ZARA,상의,셔츠/블라우스,여성,도트 리본 탑,https://www.zara.com/kr/ko/%E1%84%83%E1%85%A9%E1%84%90%E1%85%B3-%E1%84%85%E1%85%B5%E1%84%87%E1%85%A9%E1%86%AB-%E1%84%90%E1%85%A1%E1%86%B8-p03087243.html,https://static.zara.net/assets/public/9949/939a/317943d4a2d0/54d47857824c/03087243032-p/03087243032-p.jpg?ts=1777463316886,"₩55,900",,,260622,"블랙,푸시아",,,,
,false,,ZARA,기타,BODYSUIT,여성,콤비 레이스 바디수트,https://www.zara.com/kr/ko/%E1%84%85%E1%85%A6%E1%84%8B%E1%85%B5%E1%84%89%E1%85%B3-%E1%84%8F%E1%85%A9%E1%86%B7%E1%84%87%E1%85%B5-%E1%84%87%E1%85%A1%E1%84%83%E1%85%B5%E1%84%89%E1%85%AE%E1%84%90%E1%85%B3-p05039334.html,https://static.zara.net/assets/public/7681/b480/0249453e89f1/bb08e31deffb/05039334800-p/05039334800-p.jpg?ts=1770741686744,"₩45,900",,,260622,블랙,,,,
,false,,ZARA,상의,니트,여성,소프트 버클 탑,https://www.zara.com/kr/ko/%E1%84%89%E1%85%A9%E1%84%91%E1%85%B3%E1%84%90%E1%85%B3-%E1%84%87%E1%85%A5%E1%84%8F%E1%85%B3%E1%86%AF-%E1%84%90%E1%85%A1%E1%86%B8-p00264304.html,https://static.zara.net/assets/public/11f1/f7da/17e645ad8238/203ed7ff26e5/00264304712-a1/00264304712-a1.jpg?ts=1767005127220,"₩49,900",,,260622,크림,,,,
,false,,ZARA,상의,니트,여성,소프트 버클 탑,https://www.zara.com/kr/ko/%E1%84%89%E1%85%A9%E1%84%91%E1%85%B3%E1%84%90%E1%85%B3-%E1%84%87%E1%85%A5%E1%84%8F%E1%85%B3%E1%86%AF-%E1%84%90%E1%85%A1%E1%86%B8-p00264304.html,https://static.zara.net/assets/public/d018/9701/cc304a1bbb16/17e1c3053a56/00264304093-a1/00264304093-a1.jpg?ts=1767005121419,"₩49,900",,,260622,"블랙,크림",,,,
,false,,ZARA,상의,니트,여성,오프숄더 아플리케 탑,https://www.zara.com/kr/ko/%E1%84%89%E1%85%A9%E1%84%91%E1%85%B3%E1%84%90%E1%85%B3-%E1%84%87%E1%85%A5%E1%84%8F%E1%85%B3%E1%86%AF-%E1%84%90%E1%85%A1%E1%86%B8-p00264304.html,https://static.zara.net/assets/public/d040/2f51/f3c643818375/b02cbd98ce17/00264304420-p/00264304420-p.jpg?ts=1767005126404,"₩49,900",,,260622,블루,,,,
,false,,ZARA,상의,셔츠/블라우스,여성,플라워 포플린 탑,https://www.zara.com/kr/ko/%E1%84%91%E1%85%B3%E1%86%AF%E1%84%85%E1%85%A1%E1%84%8B%E1%85%AF-%E1%84%91%E1%85%A9%E1%84%91%E1%85%B3%E1%86%AF%E1%84%85%E1%85%B5%E1%86%AB-%E1%84%90%E1%85%A1%E1%86%B8-p02180024.html,https://static.zara.net/assets/public/1b60/5071/12fe478e8cf5/36f81ca59e61/02180024330-p/02180024330-p.jpg?ts=1773835681503,"₩49,900",,,260622,멀티컬러,,,,
,false,,ZARA,상의,탑,여성,오픈백 탑,https://www.zara.com/kr/ko/%E1%84%8B%E1%85%A9%E1%84%91%E1%85%B3%E1%86%AB-%E1%84%87%E1%85%A2%E1%86%A8-%E1%84%90%E1%85%A1%E1%86%B8-p05039027.html,https://static.zara.net/assets/public/5a0d/e8a7/cdb3488ca082/6b3929e4fe22/05039027800-p/05039027800-p.jpg?ts=1777540770501,"₩55,900",,,260622,블랙,,,,
,false,,ZARA,상의,셔츠/블라우스,여성,새틴 오프숄더 탑,https://www.zara.com/kr/ko/%E1%84%89%E1%85%A2%E1%84%90%E1%85%B5%E1%86%AB-%E1%84%8B%E1%85%A9%E1%84%91%E1%85%B3%E1%84%89%E1%85%AD%E1%86%AF%E1%84%83%E1%85%A5-%E1%84%90%E1%85%A1%E1%86%B8-p02733332.html,https://static.zara.net/assets/public/b7f3/97b5/33cd4263b868/9174ea3cb747/02733332800-p/02733332800-p.jpg?ts=1774609736017,"₩55,900",,,260622,블랙,,,,
,false,,ZARA,상의,탑,여성,골지 반소매 니트 탑,https://www.zara.com/kr/ko/%E1%84%80%E1%85%A9%E1%86%AF%E1%84%8C%E1%85%B5-%E1%84%87%E1%85%A1%E1%86%AB%E1%84%89%E1%85%A9%E1%84%86%E1%85%A2-%E1%84%82%E1%85%B5%E1%84%90%E1%85%B3-%E1%84%90%E1%85%A1%E1%86%B8-p03471002.html,https://static.zara.net/assets/public/a0be/1773/a0e047e190d3/6d8ae9aa8460/03471002250-p/03471002250-p.jpg?ts=1773401353246,"₩35,900",,,260622,화이트,,,,
,false,,ZARA,상의,탑,여성,벌룬 니트 스웨터,https://www.zara.com/kr/ko/%E1%84%87%E1%85%A5%E1%86%AF%E1%84%85%E1%85%AE%E1%86%AB-%E1%84%82%E1%85%B5%E1%84%90%E1%85%B3-%E1%84%89%E1%85%B3%E1%84%8B%E1%85%B0%E1%84%90%E1%85%A5-p03456008.html,https://static.zara.net/assets/public/28e2/1ce2/69034309aa17/7ea43569ad81/03456008200-p/03456008200-p.jpg?ts=1773138484227,"₩55,900",,,260622,"블루,인디고",,,,
,false,,ZARA,기타,WAISTCOAT,여성,헤링본 베스트,https://www.zara.com/kr/ko/%E1%84%92%E1%85%A6%E1%84%85%E1%85%B5%E1%86%BC%E1%84%87%E1%85%A9%E1%86%AB-%E1%84%87%E1%85%A6%E1%84%89%E1%85%B3%E1%84%90%E1%85%B3-p04387063.html,https://static.zara.net/assets/public/75f9/69cb/e07a45ea80bd/3c2009a63a31/04387063806-p/04387063806-p.jpg?ts=1769594229044,"₩55,900",,,260622,스톤,,,,
,false,,ZARA,상의,셔츠/블라우스,여성,ZW 컬렉션 레이스 탑,https://www.zara.com/kr/ko/zw-%E1%84%8F%E1%85%A5%E1%86%AF%E1%84%85%E1%85%A6%E1%86%A8%E1%84%89%E1%85%A7%E1%86%AB-%E1%84%85%E1%85%A6%E1%84%8B%E1%85%B5%E1%84%89%E1%85%B3-%E1%84%90%E1%85%A1%E1%86%B8-p01067201.html,https://static.zara.net/assets/public/bedc/5c3d/756d4946a330/b812f7c54253/01067201802-p/01067201802-p.jpg?ts=1778168123520,"₩55,900",,,260622,그레이,,,,
,false,,ZARA,상의,셔츠/블라우스,여성,ZW 컬렉션 레이스 새틴 탑,https://www.zara.com/kr/ko/zw-%E1%84%8F%E1%85%A5%E1%86%AF%E1%84%85%E1%85%A6%E1%86%A8%E1%84%89%E1%85%A7%E1%86%AB-%E1%84%85%E1%85%A6%E1%84%8B%E1%85%B5%E1%84%89%E1%85%B3-%E1%84%89%E1%85%A2%E1%84%90%E1%85%B5%E1%86%AB-%E1%84%90%E1%85%A1%E1%86%B8-p05107092.html,https://static.zara.net/assets/public/178a/c159/cf9749e8afca/9ba20bb3dac2/05107092306-p/05107092306-p.jpg?ts=1778168217487,"₩59,900",,,260622,라이트 옐로우,,,,
,false,,ZARA,상의,탑,여성,플라워 스트럭처 니트 탑,https://www.zara.com/kr/ko/%E1%84%91%E1%85%B3%E1%86%AF%E1%84%85%E1%85%A1%E1%84%8B%E1%85%AF-%E1%84%89%E1%85%B3%E1%84%90%E1%85%B3%E1%84%85%E1%85%A5%E1%86%A8%E1%84%8E%E1%85%A5-%E1%84%82%E1%85%B5%E1%84%90%E1%85%B3-%E1%84%90%E1%85%A1%E1%86%B8-p01957006.html,https://static.zara.net/assets/public/694a/3d85/2eb0417f9fb5/1a7155249493/01957006093-p/01957006093-p.jpg?ts=1775059461201,"₩79,900",,,260622,"블랙,크림",,,,
,false,,ZARA,상의,탑,여성,크로스 니트 탑,https://www.zara.com/kr/ko/%E1%84%8F%E1%85%B3%E1%84%85%E1%85%A9%E1%84%89%E1%85%B3-%E1%84%82%E1%85%B5%E1%84%90%E1%85%B3-%E1%84%90%E1%85%A1%E1%86%B8-p08779008.html,https://static.zara.net/assets/public/e586/f93a/a5384d5fabb2/a461f655239c/08779008800-p/08779008800-p.jpg?ts=1775058872141,"₩49,900",,,260622,블랙,,,,
,false,,ZARA,상의,티셔츠,여성,헤비 코튼 벌룬 탑,https://www.zara.com/kr/ko/%E1%84%92%E1%85%A6%E1%84%87%E1%85%B5-%E1%84%8F%E1%85%A9%E1%84%90%E1%85%B3%E1%86%AB-%E1%84%87%E1%85%A5%E1%86%AF%E1%84%85%E1%85%AE%E1%86%AB-%E1%84%90%E1%85%A1%E1%86%B8-p00264468.html,https://static.zara.net/assets/public/be38/040f/d47e419c9f7a/d226b396a3b3/00264468250-p/00264468250-p.jpg?ts=1772620151876,"₩49,900",,,260622,화이트,,,,
,false,,ZARA,상의,티셔츠,여성,헤비 코튼 벌룬 탑,https://www.zara.com/kr/ko/%E1%84%92%E1%85%A6%E1%84%87%E1%85%B5-%E1%84%8F%E1%85%A9%E1%84%90%E1%85%B3%E1%86%AB-%E1%84%87%E1%85%A5%E1%86%AF%E1%84%85%E1%85%AE%E1%86%AB-%E1%84%90%E1%85%A1%E1%86%B8-p00264468.html,https://static.zara.net/assets/public/be38/040f/d47e419c9f7a/d226b396a3b3/00264468250-p/00264468250-p.jpg?ts=1772620151876,"₩49,900",,,260622,화이트,,,,
,false,,ZARA,상의,탑,여성,플라워 스트럭처 니트 탑,https://www.zara.com/kr/ko/%E1%84%91%E1%85%B3%E1%86%AF%E1%84%85%E1%85%A1%E1%84%8B%E1%85%AF-%E1%84%89%E1%85%B3%E1%84%90%E1%85%B3%E1%84%85%E1%85%A5%E1%86%A8%E1%84%8E%E1%85%A5-%E1%84%82%E1%85%B5%E1%84%90%E1%85%B3-%E1%84%90%E1%85%A1%E1%86%B8-p01957006.html,https://static.zara.net/assets/public/af77/a438/076d4a718878/89a9f411bb76/01957006093-p/01957006093-p.jpg?ts=1775037534834,"₩79,900",,,260622,"블랙,크림",,,,
,false,,ZARA,상의,셔츠/블라우스,여성,ZW 컬렉션 레이스 홀터넥 새틴 바디수트,https://www.zara.com/kr/ko/zw-%E1%84%8F%E1%85%A5%E1%86%AF%E1%84%85%E1%85%A6%E1%86%A8%E1%84%89%E1%85%A7%E1%86%AB-%E1%84%85%E1%85%A6%E1%84%8B%E1%85%B5%E1%84%89%E1%85%B3-%E1%84%92%E1%85%A9%E1%86%AF%E1%84%90%E1%85%A5%E1%84%82%E1%85%A6%E1%86%A8-%E1%84%89%E1%85%A2%E1%84%90%E1%85%B5%E1%86%AB-%E1%84%87%E1%85%A1%E1%84%83%E1%85%B5%E1%84%89%E1%85%AE%E1%84%90%E1%85%B3-p01500202.html,https://static.zara.net/assets/public/c428/145e/5e25441a965a/e5359b56e5ae/01500202800-p/01500202800-p.jpg?ts=1775037534663,"₩89,900",,,260622,블랙,,,,
,false,,ZARA,상의,티셔츠,여성,홀터넥 크레이프 탑,https://www.zara.com/kr/ko/%E1%84%92%E1%85%A1%E1%86%B8%E1%84%89%E1%85%A5%E1%86%BC-%E1%84%86%E1%85%A7%E1%86%AB%E1%84%89%E1%85%A9%E1%84%8C%E1%85%A2-%E1%84%92%E1%85%A9%E1%86%AF%E1%84%90%E1%85%A5%E1%84%82%E1%85%A6%E1%86%A8-%E1%84%90%E1%85%A1%E1%86%B8-p03641015.html,https://static.zara.net/assets/public/68ae/856a/9a5e406983b6/d6c597313409/03641015250-p/03641015250-p.jpg?ts=1774884565718,"₩35,900",,,260622,화이트,,,,
,false,,ZARA,상의,탑,여성,콤비 홀터넥 니트 탑,https://www.zara.com/kr/ko/%E1%84%8F%E1%85%A9%E1%86%B7%E1%84%87%E1%85%B5-%E1%84%92%E1%85%A9%E1%86%AF%E1%84%90%E1%85%A5%E1%84%82%E1%85%A6%E1%86%A8-%E1%84%82%E1%85%B5%E1%84%90%E1%85%B3-%E1%84%90%E1%85%A1%E1%86%B8-p01579101.html,https://static.zara.net/assets/public/8e1b/2cb9/28684308a5f0/3330125ab63c/01579101800-p/01579101800-p.jpg?ts=1769085121056,"₩59,900",,,260622,블랙,,,,
,false,,ZARA,상의,티셔츠,여성,TNKTP PRNT 16,https://www.zara.com/kr/ko/tnktp-prnt-16-p06085903.html,https://static.zara.net/assets/public/ca31/b69e/434e49b08f88/7ebdf9c9c858/T9843460170-p/T9843460170-p.jpg?ts=1776164031191,"₩55,900",,,260622,로즈핑크,,,,
,false,,ZARA,상의,티셔츠,여성,TNKTP PRNT 16,https://www.zara.com/kr/ko/tnktp-prnt-16-p06085903.html,https://static.zara.net/assets/public/ca31/b69e/434e49b08f88/7ebdf9c9c858/T9843460170-p/T9843460170-p.jpg?ts=1776164031191,"₩55,900",,,260622,로즈핑크,,,,
,false,,ZARA,상의,셔츠/블라우스,여성,페플럼 토글 탑,https://www.zara.com/kr/ko/%E1%84%91%E1%85%A6%E1%84%91%E1%85%B3%E1%86%AF%E1%84%85%E1%85%A5%E1%86%B7-%E1%84%90%E1%85%A9%E1%84%80%E1%85%B3%E1%86%AF-%E1%84%90%E1%85%A1%E1%86%B8-p05029250.html,https://static.zara.net/assets/public/fc5e/7fc4/39a54c249625/fed9a680eda7/05029250405-p/05029250405-p.jpg?ts=1780476026656,"₩55,900",,,260622,인디고,,,,
,false,,ZARA,기타,WAISTCOAT,여성,린넨 벨트 베스트,https://www.zara.com/kr/ko/%E1%84%85%E1%85%B5%E1%86%AB%E1%84%82%E1%85%A6%E1%86%AB-%E1%84%87%E1%85%A6%E1%86%AF%E1%84%90%E1%85%B3-%E1%84%87%E1%85%A6%E1%84%89%E1%85%B3%E1%84%90%E1%85%B3-p07773785.html,https://static.zara.net/assets/public/3b86/0284/4e554933acf0/58e5ac41e46b/07773785405-p/07773785405-p.jpg?ts=1780476033157,"₩79,900",,,260622,인디고,,,,
,false,,ZARA,상의,탑,여성,레이스 탑,https://www.zara.com/kr/ko/%E1%84%85%E1%85%A6%E1%84%8B%E1%85%B5%E1%84%89%E1%85%B3-%E1%84%90%E1%85%A1%E1%86%B8-p05039036.html,https://static.zara.net/assets/public/897d/8614/70c946829ca5/51042c935aa2/05039036251-p/05039036251-p.jpg?ts=1779452277995,"₩45,900",,,260622,스크래치 화이트,,,,
,false,,ZARA,상의,티셔츠,여성,리브드 브이넥 탑,https://www.zara.com/kr/ko/%E1%84%85%E1%85%B5%E1%84%87%E1%85%B3%E1%84%83%E1%85%B3-%E1%84%87%E1%85%B3%E1%84%8B%E1%85%B5%E1%84%82%E1%85%A6%E1%86%A8-%E1%84%90%E1%85%A1%E1%86%B8-p03253336.html,https://static.zara.net/assets/public/2de1/500c/592d4f2a9c8b/2bfd9046d679/03253336800-a2/03253336800-a2.jpg?ts=1781684670372,"₩17,900",,,260622,블랙,,,,
,false,,ZARA,상의,탑,여성,코르셋 니트 탑,https://www.zara.com/kr/ko/%E1%84%8F%E1%85%A9%E1%84%85%E1%85%B3%E1%84%89%E1%85%A6%E1%86%BA-%E1%84%82%E1%85%B5%E1%84%90%E1%85%B3-%E1%84%90%E1%85%A1%E1%86%B8-p02142122.html,https://static.zara.net/assets/public/15b3/7535/d1df41b1bbc3/5f375360d765/02142122800-a2/02142122800-a2.jpg?ts=1781684650323,"₩55,900",,,260622,블랙,,,,
,false,,ZARA,상의,셔츠/블라우스,여성,린넨 홀터넥 리본 탑,https://www.zara.com/kr/ko/%E1%84%85%E1%85%B5%E1%86%AB%E1%84%82%E1%85%A6%E1%86%AB-%E1%84%92%E1%85%A9%E1%86%AF%E1%84%90%E1%85%A5%E1%84%82%E1%85%A6%E1%86%A8-%E1%84%85%E1%85%B5%E1%84%87%E1%85%A9%E1%86%AB-%E1%84%90%E1%85%A1%E1%86%B8-p07706804.html,https://static.zara.net/assets/public/0976/4164/da7444a98874/e8d2a624f1b2/07706804600-p/07706804600-p.jpg?ts=1780058770775,"₩55,900",,,260622,레드,,,,
,false,,ZARA,상의,셔츠/블라우스,여성,페플럼 홀터넥 탑,https://www.zara.com/kr/ko/%E1%84%91%E1%85%A6%E1%84%91%E1%85%B3%E1%86%AF%E1%84%85%E1%85%A5%E1%86%B7-%E1%84%92%E1%85%A9%E1%86%AF%E1%84%90%E1%85%A5%E1%84%82%E1%85%A6%E1%86%A8-%E1%84%90%E1%85%A1%E1%86%B8-p05029259.html,https://static.zara.net/assets/public/b809/8c69/06f04e4e8fa5/b0fd56d41787/05029259600-p/05029259600-p.jpg?ts=1780058854244,"₩49,900",,,260622,레드,,,,
,false,,ZARA,상의,탑,여성,루즈 언밸런스 탑,https://www.zara.com/kr/ko/%E1%84%85%E1%85%AE%E1%84%8C%E1%85%B3-%E1%84%8B%E1%85%A5%E1%86%AB%E1%84%87%E1%85%A2%E1%86%AF%E1%84%85%E1%85%A5%E1%86%AB%E1%84%89%E1%85%B3-%E1%84%90%E1%85%A1%E1%86%B8-p05644014.html,https://static.zara.net/assets/public/164a/73ff/a86a4c129738/573f53fb7a27/T9131796683-p/T9131796683-p.jpg?ts=1775662208247,"₩49,900",,,260622,버터,,,,
,false,,ZARA,상의,탑,여성,드레이프 언밸런스 탑,https://www.zara.com/kr/ko/%E1%84%83%E1%85%B3%E1%84%85%E1%85%A6%E1%84%8B%E1%85%B5%E1%84%91%E1%85%B3-%E1%84%8B%E1%85%A5%E1%86%AB%E1%84%87%E1%85%A2%E1%86%AF%E1%84%85%E1%85%A5%E1%86%AB%E1%84%89%E1%85%B3-%E1%84%90%E1%85%A1%E1%86%B8-p05644024.html,https://static.zara.net/assets/public/2c3e/db6f/28884e3facb7/bfcfd84fea29/11635710087-000-p/11635710087-000-p.jpg?ts=1775662290700,"₩49,900",,,260622,블랙,,,,
,false,,ZARA,상의,탑,여성,피케 언밸런스 탑,https://www.zara.com/kr/ko/%E1%84%8B%E1%85%A5%E1%86%AB%E1%84%87%E1%85%A2%E1%86%AF%E1%84%85%E1%85%A5%E1%86%AB%E1%84%89%E1%85%B3-%E1%84%91%E1%85%B5%E1%84%8F%E1%85%A6-%E1%84%90%E1%85%A1%E1%86%B8-p05067155.html,https://static.zara.net/assets/public/eb26/7781/9b244e578af3/f1bf92d12bad/05067155712-p/05067155712-p.jpg?ts=1772039960564,"₩45,900",,,260622,크림,,,,
,false,,ZARA,상의,탑,여성,언밸런스 피케 탑,https://www.zara.com/kr/ko/%E1%84%8B%E1%85%A5%E1%86%AB%E1%84%87%E1%85%A2%E1%86%AF%E1%84%85%E1%85%A5%E1%86%AB%E1%84%89%E1%85%B3-%E1%84%91%E1%85%B5%E1%84%8F%E1%85%A6-%E1%84%90%E1%85%A1%E1%86%B8-p05067155.html,https://static.zara.net/assets/public/6a96/f474/0a944561a317/65f7c134add1/05067155716-p/05067155716-p.jpg?ts=1772039958705,"₩45,900",,,260622,다크 브라운,,,,
,false,,ZARA,기타,WAISTCOAT,여성,버튼 베스트 탑,https://www.zara.com/kr/ko/%E1%84%87%E1%85%A5%E1%84%90%E1%85%B3%E1%86%AB-%E1%84%87%E1%85%A6%E1%84%89%E1%85%B3%E1%84%90%E1%85%B3-%E1%84%90%E1%85%A1%E1%86%B8-p05536062.html,https://static.zara.net/assets/public/3b03/f43d/f57745708277/af0aa857ebbb/05536062250-p/05536062250-p.jpg?ts=1777909114122,"₩57,900",,,260622,화이트,,,,
,false,,ZARA,상의,탑,여성,시퀸 니트 탑,https://www.zara.com/kr/ko/%E1%84%89%E1%85%B5%E1%84%8F%E1%85%B1%E1%86%AB-%E1%84%82%E1%85%B5%E1%84%90%E1%85%B3-%E1%84%90%E1%85%A1%E1%86%B8-p02142048.html,https://static.zara.net/assets/public/da6c/1a43/0b5f46e78d12/1600d76752e6/02142048330-p/02142048330-p.jpg?ts=1772190232432,"₩59,900",,,260622,멀티컬러,,,,
,false,,ZARA,상의,탑,여성,페이크 스웨이드 언밸런스 탑,https://www.zara.com/kr/ko/%E1%84%91%E1%85%A6%E1%84%8B%E1%85%B5%E1%84%8F%E1%85%B3-%E1%84%89%E1%85%B3%E1%84%8B%E1%85%B0%E1%84%8B%E1%85%B5%E1%84%83%E1%85%B3-%E1%84%8B%E1%85%A5%E1%86%AB%E1%84%87%E1%85%A2%E1%86%AF%E1%84%85%E1%85%A5%E1%86%AB%E1%84%89%E1%85%B3-%E1%84%90%E1%85%A1%E1%86%B8-p04344152.html,https://static.zara.net/assets/public/fc6e/2e75/6527456e9b3a/fe9a6c5d72fc/04344152753-1-p/04344152753-1-p.jpg?ts=1770654672475,"₩55,900",,,260622,초콜렛 블라운,,,,
,false,,ZARA,상의,탑,여성,언밸런스 페이크 스웨이드 탑,https://www.zara.com/kr/ko/%E1%84%91%E1%85%A6%E1%84%8B%E1%85%B5%E1%84%8F%E1%85%B3-%E1%84%89%E1%85%B3%E1%84%8B%E1%85%B0%E1%84%8B%E1%85%B5%E1%84%83%E1%85%B3-%E1%84%8B%E1%85%A5%E1%86%AB%E1%84%87%E1%85%A2%E1%86%AF%E1%84%85%E1%85%A5%E1%86%AB%E1%84%89%E1%85%B3-%E1%84%90%E1%85%A1%E1%86%B8-p04344152.html,https://static.zara.net/assets/public/03c3/2298/8de74623b041/a64713e475af/04344152427-1-p/04344152427-1-p.jpg?ts=1770654672558,"₩55,900",,,260622,미디움 블루,,,,
,false,,ZARA,상의,티셔츠,여성,셔링 타이 탑,https://www.zara.com/kr/ko/%E1%84%89%E1%85%A7%E1%84%85%E1%85%B5%E1%86%BC-%E1%84%90%E1%85%A1%E1%84%8B%E1%85%B5-%E1%84%90%E1%85%A1%E1%86%B8-p00347322.html,https://static.zara.net/assets/public/6be1/d636/b94148588ea8/515bc8dd3e4e/00347322250-p/00347322250-p.jpg?ts=1774610275022,"₩39,900",,,260622,화이트,,,,
,false,,ZARA,상의,티셔츠,여성,셔링 타이 탑,https://www.zara.com/kr/ko/%E1%84%89%E1%85%A7%E1%84%85%E1%85%B5%E1%86%BC-%E1%84%90%E1%85%A1%E1%84%8B%E1%85%B5-%E1%84%90%E1%85%A1%E1%86%B8-p00347322.html,https://static.zara.net/assets/public/97b7/7c49/5e644ed598e3/c6624a4a8515/00347322485-p/00347322485-p.jpg?ts=1774609717928,"₩39,900",,,260622,"블루,그레이",,,,
,false,,ZARA,상의,티셔츠,여성,셔링 타이 탑,https://www.zara.com/kr/ko/%E1%84%89%E1%85%A7%E1%84%85%E1%85%B5%E1%86%BC-%E1%84%90%E1%85%A1%E1%84%8B%E1%85%B5-%E1%84%90%E1%85%A1%E1%86%B8-p00347322.html,https://static.zara.net/assets/public/762f/272b/430b46a69962/ff4210651098/00347322711-p/00347322711-p.jpg?ts=1774609724115,"₩39,900",,,260622,샌드,,,,
,false,,ZARA,상의,셔츠/블라우스,여성,체크 캐미솔 탑,https://www.zara.com/kr/ko/%E1%84%8E%E1%85%A6%E1%84%8F%E1%85%B3-%E1%84%8F%E1%85%A2%E1%84%86%E1%85%B5%E1%84%89%E1%85%A9%E1%86%AF-%E1%84%90%E1%85%A1%E1%86%B8-p07969028.html,https://static.zara.net/assets/public/3145/eba5/dbd7413f8f62/b410619ceb4a/07969028300-p/07969028300-p.jpg?ts=1772718168112,"₩49,900",,,260622,노랑,,,,
,false,,ZARA,기타,WAISTCOAT,여성,홀터넥 버튼 베스트,https://www.zara.com/kr/ko/%E1%84%92%E1%85%A9%E1%86%AF%E1%84%90%E1%85%A5%E1%84%82%E1%85%A6%E1%86%A8-%E1%84%87%E1%85%A5%E1%84%90%E1%85%B3%E1%86%AB-%E1%84%87%E1%85%A6%E1%84%89%E1%85%B3%E1%84%90%E1%85%B3-p07763115.html,https://static.zara.net/assets/public/52c7/19d5/746a42578acb/11726e8cf925/07763115712-a2/07763115712-a2.jpg?ts=1781707974898,"₩79,900",,,260622,크림,,,,
,false,,ZARA,기타,WAISTCOAT,여성,Z1975 데님 토글 탑,https://www.zara.com/kr/ko/z1975-%E1%84%83%E1%85%A6%E1%84%82%E1%85%B5%E1%86%B7-%E1%84%90%E1%85%A9%E1%84%80%E1%85%B3%E1%86%AF-%E1%84%90%E1%85%A1%E1%86%B8-p09942153.html,https://static.zara.net/assets/public/ac25/3490/573c4365b75a/aed1e4294af0/09942153427-a3/09942153427-a3.jpg?ts=1781707975572,"₩79,900",,,260622,미디움 블루,,,,
,false,,ZARA,상의,셔츠/블라우스,여성,프린트 새틴 탑,https://www.zara.com/kr/ko/%E1%84%91%E1%85%B3%E1%84%85%E1%85%B5%E1%86%AB%E1%84%90%E1%85%B3-%E1%84%89%E1%85%A2%E1%84%90%E1%85%B5%E1%86%AB-%E1%84%90%E1%85%A1%E1%86%B8-p07050216.html,https://static.zara.net/assets/public/ed8b/487a/2bf34bc2b048/55a5de425f6f/07050216330-p/07050216330-p.jpg?ts=1778581599078,"₩49,900",,,260622,멀티컬러,,,,
,false,,ZARA,상의,탑,여성,오프숄더 탑,https://www.zara.com/kr/ko/%E1%84%8B%E1%85%A9%E1%84%91%E1%85%B3%E1%84%89%E1%85%AD%E1%86%AF%E1%84%83%E1%85%A5-%E1%84%90%E1%85%A1%E1%86%B8-p03641355.html,https://static.zara.net/assets/public/4386/b7e3/125548f98b25/4d23d7a9f0ac/03641355800-p/03641355800-p.jpg?ts=1774884569506,"₩21,900",,,260622,블랙,,,,
,false,,ZARA,상의,탑,여성,오프숄더 탑,https://www.zara.com/kr/ko/%E1%84%8B%E1%85%A9%E1%84%91%E1%85%B3%E1%84%89%E1%85%AD%E1%86%AF%E1%84%83%E1%85%A5-%E1%84%90%E1%85%A1%E1%86%B8-p03641355.html,https://static.zara.net/assets/public/1e32/0155/2a624e869a18/a6fd70339595/03641355621-p/03641355621-p.jpg?ts=1774884569255,"₩21,900",,,260622,파스텔 로즈,,,,
,false,,ZARA,상의,셔츠/블라우스,여성,셔링 홀터넥 탑,https://www.zara.com/kr/ko/%E1%84%8B%E1%85%A6%E1%86%AF%E1%84%85%E1%85%A1%E1%84%89%E1%85%B3%E1%84%90%E1%85%B5%E1%86%A8-%E1%84%89%E1%85%A7%E1%84%85%E1%85%B5%E1%86%BC-%E1%84%92%E1%85%A9%E1%86%AF%E1%84%90%E1%85%A5%E1%84%82%E1%85%A6%E1%86%A8-%E1%84%90%E1%85%A1%E1%86%B8-p04661013.html,https://static.zara.net/assets/public/cc17/51e6/080048b79a28/02d2c75c6537/04661013250-p/04661013250-p.jpg?ts=1779286192617,"₩45,900",,,260622,화이트,,,,
,false,,ZARA,상의,셔츠/블라우스,여성,엘라스틱 셔링 홀터넥 탑,https://www.zara.com/kr/ko/%E1%84%8B%E1%85%A6%E1%86%AF%E1%84%85%E1%85%A1%E1%84%89%E1%85%B3%E1%84%90%E1%85%B5%E1%86%A8-%E1%84%89%E1%85%A7%E1%84%85%E1%85%B5%E1%86%BC-%E1%84%92%E1%85%A9%E1%86%AF%E1%84%90%E1%85%A5%E1%84%82%E1%85%A6%E1%86%A8-%E1%84%90%E1%85%A1%E1%86%B8-p04661013.html,https://static.zara.net/assets/public/0dbd/4801/17144df5bb58/3d1e730e47f4/04661013649-p/04661013649-p.jpg?ts=1779286626793,"₩45,900",,,260622,"레드,코랄",,,,
,false,,ZARA,상의,탑,여성,스퀘어넥 스트랩 탑,https://www.zara.com/kr/ko/%E1%84%89%E1%85%B3%E1%84%8F%E1%85%B0%E1%84%8B%E1%85%A5%E1%84%82%E1%85%A6%E1%86%A8-%E1%84%89%E1%85%B3%E1%84%90%E1%85%B3%E1%84%85%E1%85%A2%E1%86%B8-%E1%84%90%E1%85%A1%E1%86%B8-p04813303.html,https://static.zara.net/assets/public/d8ec/a9b8/e1ec4551be41/e86a474a5c40/04813303800-p/04813303800-p.jpg?ts=1767869055488,"₩29,900",,,260622,블랙,,,,
,false,,ZARA,상의,셔츠/블라우스,여성,홀터넥 리본 탑,https://www.zara.com/kr/ko/%E1%84%92%E1%85%A9%E1%86%AF%E1%84%90%E1%85%A5%E1%84%82%E1%85%A6%E1%86%A8-%E1%84%85%E1%85%B5%E1%84%87%E1%85%A9%E1%86%AB-%E1%84%90%E1%85%A1%E1%86%B8-p02531225.html,https://static.zara.net/assets/public/66a3/1d24/29ae457e91d0/c5b986e6f164/02531225800-p/02531225800-p.jpg?ts=1774015560965,"₩49,900",,,260622,블랙,,,,
,false,,ZARA,상의,셔츠/블라우스,여성,홀터넥 리본 탑,https://www.zara.com/kr/ko/%E1%84%92%E1%85%A9%E1%86%AF%E1%84%90%E1%85%A5%E1%84%82%E1%85%A6%E1%86%A8-%E1%84%85%E1%85%B5%E1%84%87%E1%85%A9%E1%86%AB-%E1%84%90%E1%85%A1%E1%86%B8-p02531225.html,https://static.zara.net/assets/public/8333/bee0/f494468c8351/a2ef7e1115fa/02531225250-p/02531225250-p.jpg?ts=1774015561167,"₩49,900",,,260622,화이트,,,,
,false,,ZARA,상의,셔츠/블라우스,여성,ZW 컬렉션 LIMITED EDITION 자카드 탑,https://www.zara.com/kr/ko/zw-%E1%84%8F%E1%85%A5%E1%86%AF%E1%84%85%E1%85%A6%E1%86%A8%E1%84%89%E1%85%A7%E1%86%AB-limited-edition-%E1%84%8C%E1%85%A1%E1%84%8F%E1%85%A1%E1%84%83%E1%85%B3-%E1%84%90%E1%85%A1%E1%86%B8-p04490143.html,https://static.zara.net/assets/public/6d46/df0d/6df246eda454/7de7c31220ed/04490143250-p/04490143250-p.jpg?ts=1775636805533,"₩89,900",,,260622,화이트,,,,
,false,,ZARA,상의,셔츠/블라우스,여성,코르셋 탑,https://www.zara.com/kr/ko/%E1%84%8F%E1%85%A9%E1%84%85%E1%85%B3%E1%84%89%E1%85%A6%E1%86%BA-%E1%84%90%E1%85%A1%E1%86%B8-p04661057.html,https://static.zara.net/assets/public/c7da/0675/99ce478da4d1/64d7d484e03d/04661057733-p/04661057733-p.jpg?ts=1771413685554,"₩59,900",,,260622,크림,,,,
,false,,ZARA,상의,셔츠/블라우스,여성,자수 프릴 거즈 탑,https://www.zara.com/kr/ko/%E1%84%8C%E1%85%A1%E1%84%89%E1%85%AE-%E1%84%91%E1%85%B3%E1%84%85%E1%85%B5%E1%86%AF-%E1%84%80%E1%85%A5%E1%84%8C%E1%85%B3-%E1%84%90%E1%85%A1%E1%86%B8-p00881031.html,https://static.zara.net/assets/public/d827/e5be/cbe94d8aabb7/9b40bf5c9bdd/00881031251-p/00881031251-p.jpg?ts=1776859581767,"₩49,900",,,260622,스크래치 화이트,,,,
,false,,ZARA,상의,탑,여성,펀칭 자수 니트 탑,https://www.zara.com/kr/ko/%E1%84%91%E1%85%A5%E1%86%AB%E1%84%8E%E1%85%B5%E1%86%BC-%E1%84%8C%E1%85%A1%E1%84%89%E1%85%AE-%E1%84%82%E1%85%B5%E1%84%90%E1%85%B3-%E1%84%90%E1%85%A1%E1%86%B8-p05802032.html,https://static.zara.net/assets/public/9b69/2b8d/02b14bf4988b/bd53ff8214fc/05802032250-p/05802032250-p.jpg?ts=1776860039672,"₩49,900",,,260622,화이트,,,,
,false,,ZARA,상의,티셔츠,여성,트임 크롭 탑,https://www.zara.com/kr/ko/%E1%84%90%E1%85%B3%E1%84%8B%E1%85%B5%E1%86%B7-%E1%84%8F%E1%85%B3%E1%84%85%E1%85%A9%E1%86%B8-%E1%84%90%E1%85%A1%E1%86%B8-p03253367.html,https://static.zara.net/assets/public/d8a2/45a8/a8a04c128646/7157c538541d/03253367800-p/03253367800-p.jpg?ts=1777978276731,"₩19,900",,,260622,블랙,,,,
,false,,ZARA,상의,티셔츠,여성,트임 크롭 탑,https://www.zara.com/kr/ko/%E1%84%90%E1%85%B3%E1%84%8B%E1%85%B5%E1%86%B7-%E1%84%8F%E1%85%B3%E1%84%85%E1%85%A9%E1%86%B8-%E1%84%90%E1%85%A1%E1%86%B8-p03253367.html,https://static.zara.net/assets/public/4538/6d11/fcd04a08abfe/6186d013faa8/04391892800-000-p/04391892800-000-p.jpg?ts=1777465133564,"₩19,900",,,260622,그레이,,,,
,false,,ZARA,상의,탑,여성,러스틱 오프 숄더 탑,https://www.zara.com/kr/ko/%E1%84%85%E1%85%A5%E1%84%91%E1%85%B3-%E1%84%87%E1%85%A2%E1%86%AB%E1%84%83%E1%85%B2-%E1%84%90%E1%85%A1%E1%86%B8-p05063358.html,https://static.zara.net/assets/public/8ec1/f597/1bee4a5c88e3/c10cf407668e/05063358621-p/05063358621-p.jpg?ts=1774371067563,"₩39,900",,,260622,파스텔 로즈,,,,
,false,,ZARA,상의,탑,여성,러프 홀터넥 탑,https://www.zara.com/kr/ko/%E1%84%85%E1%85%A5%E1%84%91%E1%85%B3-%E1%84%92%E1%85%A9%E1%86%AF%E1%84%90%E1%85%A5%E1%84%82%E1%85%A6%E1%86%A8-%E1%84%90%E1%85%A1%E1%86%B8-p05063320.html,https://static.zara.net/assets/public/b45a/2bf3/21944a62b773/5b7da520a405/05063320423-p/05063320423-p.jpg?ts=1774371066890,"₩45,900",,,260622,파스텔 블루,,,,
,false,,ZARA,기타,WAISTCOAT,여성,콘트라스트 파이핑 홀터넥 베스트,https://www.zara.com/kr/ko/%E1%84%8F%E1%85%A9%E1%86%AB%E1%84%90%E1%85%B3%E1%84%85%E1%85%A1%E1%84%89%E1%85%B3%E1%84%90%E1%85%B3-%E1%84%91%E1%85%A1%E1%84%8B%E1%85%B5%E1%84%91%E1%85%B5%E1%86%BC-%E1%84%92%E1%85%A9%E1%86%AF%E1%84%90%E1%85%A5%E1%84%82%E1%85%A6%E1%86%A8-%E1%84%87%E1%85%A6%E1%84%89%E1%85%B3%E1%84%90%E1%85%B3-p02872815.html,https://static.zara.net/assets/public/c69b/23a1/1c4849ee8d70/b6bd8ff94eaa/02872815405-a1/02872815405-a1.jpg?ts=1781707974384,"₩79,900",,,260622,인디고,,,,
,false,,ZARA,상의,탑,여성,드레이프 액세서리 탑,https://www.zara.com/kr/ko/%E1%84%83%E1%85%B3%E1%84%85%E1%85%A6%E1%84%8B%E1%85%B5%E1%84%91%E1%85%B3-%E1%84%8B%E1%85%A2%E1%86%A8%E1%84%89%E1%85%A6%E1%84%89%E1%85%A5%E1%84%85%E1%85%B5-%E1%84%90%E1%85%A1%E1%86%B8-p01165476.html,https://static.zara.net/assets/public/d7cb/1337/98754acaa5a7/bbf7ec08b8e6/01165476800-p/01165476800-p.jpg?ts=1781715321941,"₩39,900",,,260622,블랙,,,,
,false,,ZARA,상의,탑,여성,폴리아미드 하이넥 탑,https://www.zara.com/kr/ko/%E1%84%91%E1%85%A9%E1%86%AF%E1%84%85%E1%85%B5%E1%84%8B%E1%85%A1%E1%84%86%E1%85%B5%E1%84%83%E1%85%B3-%E1%84%92%E1%85%A1%E1%84%8B%E1%85%B5%E1%84%82%E1%85%A6%E1%86%A8-%E1%84%90%E1%85%A1%E1%86%B8-p05919614.html,https://static.zara.net/assets/public/f45e/ed7c/f8574425a214/fbaf0c8dad15/05919614800-a1/05919614800-a1.jpg?ts=1758879435386,"₩49,900",,,260622,블랙,,,,
,false,,ZARA,상의,티셔츠,여성,리브드 홀터넥 탑,https://www.zara.com/kr/ko/%E1%84%85%E1%85%B5%E1%84%87%E1%85%B3%E1%84%83%E1%85%B3-%E1%84%92%E1%85%A9%E1%86%AF%E1%84%90%E1%85%A5%E1%84%82%E1%85%A6%E1%86%A8-%E1%84%90%E1%85%A1%E1%86%B8-p00264032.html,https://static.zara.net/assets/public/c8b0/f79e/86eb41928dd0/8354c8559813/00264032250-a4/00264032250-a4.jpg?ts=1773076306787,"₩29,900",,,260622,화이트,,,,
,false,,ZARA,상의,탑,여성,링클 이펙트 니트 탑,https://www.zara.com/kr/ko/%E1%84%85%E1%85%B5%E1%86%BC%E1%84%8F%E1%85%B3%E1%86%AF-%E1%84%8B%E1%85%B5%E1%84%91%E1%85%A6%E1%86%A8%E1%84%90%E1%85%B3-%E1%84%82%E1%85%B5%E1%84%90%E1%85%B3-%E1%84%90%E1%85%A1%E1%86%B8-p02142233.html,https://static.zara.net/assets/public/aecd/6100/02ea4154ac5e/9d0a3b556a6a/02142233691-p/02142233691-p.jpg?ts=1773239104983,"₩45,900",,,260622,미디움 레드,,,,
,false,,ZARA,상의,탑,여성,울 엑스트라 파인 탑,https://www.zara.com/kr/ko/%E1%84%8B%E1%85%AE%E1%86%AF-%E1%84%8B%E1%85%A6%E1%86%A8%E1%84%89%E1%85%B3%E1%84%90%E1%85%B3%E1%84%85%E1%85%A1-%E1%84%91%E1%85%A1%E1%84%8B%E1%85%B5%E1%86%AB-%E1%84%90%E1%85%A1%E1%86%B8-p02142092.html,https://static.zara.net/assets/public/0f13/2765/5fac4747a995/8b9123046998/02142092802-000-p/02142092802-000-p.jpg?ts=1770387515643,"₩39,900",,,260622,그레이,,,,
,false,,ZARA,상의,탑,여성,프릴 민소매 탑,https://www.zara.com/kr/ko/%E1%84%90%E1%85%A1%E1%86%B8-p09874009.html,https://static.zara.net/assets/public/4f4c/019a/1b1945a3b17c/6351c28e7d84/09874009712-p/09874009712-p.jpg?ts=1774017552470,"₩55,900",,,260622,크림,,,,
,false,,ZARA,상의,탑,여성,자수 텍스처 코르셋 탑,https://www.zara.com/kr/ko/%E1%84%8C%E1%85%A1%E1%84%89%E1%85%AE-%E1%84%90%E1%85%A6%E1%86%A8%E1%84%89%E1%85%B3%E1%84%8E%E1%85%A5-%E1%84%8F%E1%85%A9%E1%84%85%E1%85%B3%E1%84%89%E1%85%A6%E1%86%BA-%E1%84%90%E1%85%A1%E1%86%B8-p04813314.html,https://static.zara.net/assets/public/2c22/5e20/6a85428ebdf2/3a477f7548df/04813314712-p/04813314712-p.jpg?ts=1774017536992,"₩55,900",,,260622,크림,,,,
,false,,ZARA,상의,셔츠/블라우스,여성,코르셋 탑,https://www.zara.com/kr/ko/%E1%84%8F%E1%85%A9%E1%84%85%E1%85%B3%E1%84%89%E1%85%A6%E1%86%BA-%E1%84%90%E1%85%A1%E1%86%B8-p04661057.html,https://static.zara.net/assets/public/f6ee/c19a/d8b44be9afe8/dc3f4bbd25ad/04661057250-p/04661057250-p.jpg?ts=1776847531044,"₩59,900",,,260622,화이트,,,,
,false,,ZARA,상의,셔츠/블라우스,여성,도트 패턴 새틴 홀터넥 탑,https://www.zara.com/kr/ko/%E1%84%89%E1%85%A2%E1%84%90%E1%85%B5%E1%86%AB-%E1%84%92%E1%85%A9%E1%86%AF%E1%84%90%E1%85%A5%E1%84%82%E1%85%A6%E1%86%A8-%E1%84%90%E1%85%A1%E1%86%B8-p02337051.html,https://static.zara.net/assets/public/f33d/486f/c040427dbe50/ee4506685f52/04661041064-p/04661041064-p.jpg?ts=1776871893455,"₩45,900",,,260622,"화이트,블랙",,,,
,false,,ZARA,기타,WAISTCOAT,여성,깅엄 체크 홀터넥 탑,https://www.zara.com/kr/ko/%E1%84%80%E1%85%B5%E1%86%BC%E1%84%8B%E1%85%A5%E1%86%B7-%E1%84%8E%E1%85%A6%E1%84%8F%E1%85%B3-%E1%84%92%E1%85%A9%E1%86%AF%E1%84%90%E1%85%A5%E1%84%82%E1%85%A6%E1%86%A8-%E1%84%90%E1%85%A1%E1%86%B8-p02010700.html,https://static.zara.net/assets/public/eda9/ae7b/8b4c457eab86/06fb4998d8a2/02010700043-p/02010700043-p.jpg?ts=1773401921221,"₩55,900",,,260622,"네이비,화이트",,,,
,false,,ZARA,상의,티셔츠,여성,리브드 코튼 탱크 탑,https://www.zara.com/kr/ko/%E1%84%85%E1%85%B5%E1%84%87%E1%85%B3%E1%84%83%E1%85%B3-%E1%84%8F%E1%85%A9%E1%84%90%E1%85%B3%E1%86%AB-%E1%84%90%E1%85%A2%E1%86%BC%E1%84%8F%E1%85%B3-%E1%84%90%E1%85%A1%E1%86%B8-p03641406.html,https://static.zara.net/assets/public/175e/544c/ca9c4fe7b791/8cbfcb0ea040/03641406401-p/03641406401-p.jpg?ts=1777477770416,"₩17,900",,,260622,네이비,,,,
,false,,ZARA,상의,셔츠/블라우스,여성,ZW 컬렉션 레이스 스트랩 탑,https://www.zara.com/kr/ko/zw-%E1%84%8F%E1%85%A5%E1%86%AF%E1%84%85%E1%85%A6%E1%86%A8%E1%84%89%E1%85%A7%E1%86%AB-%E1%84%85%E1%85%A6%E1%84%8B%E1%85%B5%E1%84%89%E1%85%B3-%E1%84%89%E1%85%B3%E1%84%90%E1%85%B3%E1%84%85%E1%85%A2%E1%86%B8-%E1%84%90%E1%85%A1%E1%86%B8-p05107054.html,https://static.zara.net/assets/public/b7c1/fc43/48074c76af45/b1ae478bf61f/05107054520-p/05107054520-p.jpg?ts=1776155308140,"₩59,900",,,260622,라임,,,,
,false,,ZARA,상의,셔츠/블라우스,여성,ZW 컬렉션 레이스 홀터넥 탑,https://www.zara.com/kr/ko/zw-%E1%84%8F%E1%85%A5%E1%86%AF%E1%84%85%E1%85%A6%E1%86%A8%E1%84%89%E1%85%A7%E1%86%AB-%E1%84%85%E1%85%A6%E1%84%8B%E1%85%B5%E1%84%89%E1%85%B3-%E1%84%92%E1%85%A9%E1%86%AF%E1%84%90%E1%85%A5%E1%84%82%E1%85%A6%E1%86%A8-%E1%84%90%E1%85%A1%E1%86%B8-p05107089.html,https://static.zara.net/assets/public/d8ba/ff6d/137c4609aa17/f44d0f9f9fbb/05107089749-p/05107089749-p.jpg?ts=1776155315366,"₩59,900",,,260622,다크 데님,,,,
,false,,ZARA,상의,탑,여성,링클 이펙트 니트 탑,https://www.zara.com/kr/ko/%E1%84%85%E1%85%B5%E1%86%BC%E1%84%8F%E1%85%B3%E1%86%AF-%E1%84%8B%E1%85%B5%E1%84%91%E1%85%A6%E1%86%A8%E1%84%90%E1%85%B3-%E1%84%82%E1%85%B5%E1%84%90%E1%85%B3-%E1%84%90%E1%85%A1%E1%86%B8-p02142233.html,https://static.zara.net/assets/public/3f96/3178/301844a79f3a/7d5b6653bdcb/02142233691-p/02142233691-p.jpg?ts=1773256887042,"₩45,900",,,260622,미디움 레드,,,,
,false,,ZARA,상의,티셔츠,여성,러스틱 셔링 티셔츠,https://www.zara.com/kr/ko/%E1%84%85%E1%85%A5%E1%84%89%E1%85%B3%E1%84%90%E1%85%B5%E1%86%A8-%E1%84%89%E1%85%A7%E1%84%85%E1%85%B5%E1%86%BC-%E1%84%90%E1%85%B5%E1%84%89%E1%85%A7%E1%84%8E%E1%85%B3-p06912150.html,https://static.zara.net/assets/public/e865/9394/a489481c8eb1/7404ef85e152/06912150725-p/06912150725-p.jpg?ts=1775748396055,"₩29,900",,,260622,버터,,,,
,false,,ZARA,상의,티셔츠,여성,러스틱 셔링 티셔츠,https://www.zara.com/kr/ko/%E1%84%85%E1%85%A5%E1%84%89%E1%85%B3%E1%84%90%E1%85%B5%E1%86%A8-%E1%84%89%E1%85%A7%E1%84%85%E1%85%B5%E1%86%BC-%E1%84%90%E1%85%B5%E1%84%89%E1%85%A7%E1%84%8E%E1%85%B3-p06912150.html,https://static.zara.net/assets/public/0aea/c583/fd25491aaed5/58ad9a609d25/06912150505-p/06912150505-p.jpg?ts=1775748391279,"₩29,900",,,260622,카키,,,,
,false,,ZARA,상의,티셔츠,여성,러스틱 셔링 티셔츠,https://www.zara.com/kr/ko/%E1%84%85%E1%85%A5%E1%84%89%E1%85%B3%E1%84%90%E1%85%B5%E1%86%A8-%E1%84%89%E1%85%A7%E1%84%85%E1%85%B5%E1%86%BC-%E1%84%90%E1%85%B5%E1%84%89%E1%85%A7%E1%84%8E%E1%85%B3-p06912150.html,https://static.zara.net/assets/public/d393/2525/445343238577/b0bc163383aa/06912150250-p/06912150250-p.jpg?ts=1775808804187,"₩29,900",,,260622,화이트,,,,
,false,,ZARA,상의,셔츠/블라우스,여성,버튼 슬리브리스 셔츠,https://www.zara.com/kr/ko/%E1%84%87%E1%85%A5%E1%84%90%E1%85%B3%E1%86%AB-%E1%84%89%E1%85%B3%E1%86%AF%E1%84%85%E1%85%B5%E1%84%87%E1%85%B3%E1%84%85%E1%85%B5%E1%84%89%E1%85%B3-%E1%84%89%E1%85%A7%E1%84%8E%E1%85%B3-p07969223.html,https://static.zara.net/assets/public/6ec1/a254/0b05412dab54/340e0c99d3a9/07969223800-p/07969223800-p.jpg?ts=1779209482042,"₩55,900",,,260622,블랙,,,,
,false,,ZARA,상의,탑,여성,코르셋 텍스처 탑,https://www.zara.com/kr/ko/%E1%84%8F%E1%85%A9%E1%84%85%E1%85%B3%E1%84%89%E1%85%A6%E1%86%BA-%E1%84%90%E1%85%A6%E1%86%A8%E1%84%89%E1%85%B3%E1%84%8E%E1%85%A5-%E1%84%90%E1%85%A1%E1%86%B8-p04813313.html,https://static.zara.net/assets/public/eb53/5e3c/a4744ef6b70c/766fbba690ae/04813313712-p/04813313712-p.jpg?ts=1775062251877,"₩49,900",,,260622,크림,,,,
,false,,ZARA,상의,탑,여성,텍스처 코르셋 탑,https://www.zara.com/kr/ko/%E1%84%8F%E1%85%A9%E1%84%85%E1%85%B3%E1%84%89%E1%85%A6%E1%86%BA-%E1%84%90%E1%85%A6%E1%86%A8%E1%84%89%E1%85%B3%E1%84%8E%E1%85%A5-%E1%84%90%E1%85%A1%E1%86%B8-p04813313.html,https://static.zara.net/assets/public/a7b5/be00/884f417e906e/c6e0ee3b398f/04813313717-p/04813313717-p.jpg?ts=1775062251848,"₩49,900",,,260622,초콜렛,,,,
,false,,ZARA,상의,탑,여성,코르셋 텍스처 탑,https://www.zara.com/kr/ko/%E1%84%8F%E1%85%A9%E1%84%85%E1%85%B3%E1%84%89%E1%85%A6%E1%86%BA-%E1%84%90%E1%85%A6%E1%86%A8%E1%84%89%E1%85%B3%E1%84%8E%E1%85%A5-%E1%84%90%E1%85%A1%E1%86%B8-p04813313.html,https://static.zara.net/assets/public/6f2c/aff3/78234b379e87/273150fec7eb/04813313621-p/04813313621-p.jpg?ts=1775062251820,"₩49,900",,,260622,파스텔 로즈,,,,
,false,,ZARA,상의,셔츠/블라우스,여성,페플럼 토글 탑,https://www.zara.com/kr/ko/%E1%84%90%E1%85%A9%E1%84%80%E1%85%B3%E1%86%AF-%E1%84%87%E1%85%A5%E1%84%90%E1%85%B3%E1%86%AB-%E1%84%91%E1%85%A6%E1%84%91%E1%85%B3%E1%86%AF%E1%84%85%E1%85%A5%E1%86%B7-%E1%84%90%E1%85%A1%E1%86%B8-p02832576.html,https://static.zara.net/assets/public/0e49/3603/b0124a27a371/86120a24d0a8/02832576400-p/02832576400-p.jpg?ts=1778849364273,"₩55,900",,,260622,블루,,,,
,false,,ZARA,상의,티셔츠,여성,배트윙 슬리브 탑,https://www.zara.com/kr/ko/%E1%84%85%E1%85%AE%E1%84%8C%E1%85%B3%E1%84%91%E1%85%B5%E1%86%BA-%E1%84%8B%E1%85%A9%E1%84%87%E1%85%A5%E1%84%89%E1%85%A1%E1%84%8B%E1%85%B5%E1%84%8C%E1%85%B3-%E1%84%90%E1%85%B5%E1%84%89%E1%85%A7%E1%84%8E%E1%85%B3-p05580004.html,https://static.zara.net/assets/public/9a7d/0081/4c664003b114/239fb1a2c421/05580004703-p/05580004703-p.jpg?ts=1770981866152,"₩35,900",,,260622,황토색,,,,
,false,,ZARA,상의,셔츠/블라우스,여성,드레이프 새틴 탑,https://www.zara.com/kr/ko/%E1%84%83%E1%85%B3%E1%84%85%E1%85%A6%E1%84%8B%E1%85%B5%E1%84%91%E1%85%B3-%E1%84%89%E1%85%A2%E1%84%90%E1%85%B5%E1%86%AB-%E1%84%90%E1%85%A1%E1%86%B8-p03223842.html,https://static.zara.net/assets/public/26c7/dd74/6c154a69a9e1/0d201a89cfb7/03223842309-p/03223842309-p.jpg?ts=1776338798056,"₩49,900",,,260622,카레,,,,
,false,,ZARA,상의,셔츠/블라우스,여성,메쉬 시퀸 탑,https://www.zara.com/kr/ko/%E1%84%86%E1%85%A6%E1%84%89%E1%85%B1-%E1%84%89%E1%85%B5%E1%84%8F%E1%85%B1%E1%86%AB-%E1%84%90%E1%85%A1%E1%86%B8-p04387070.html,https://static.zara.net/assets/public/808d/aeee/7fcd4c20895d/8b4467f9db8e/04387070712-p/04387070712-p.jpg?ts=1776338805539,"₩59,900",,,260622,크림,,,,
,false,,ZARA,상의,셔츠/블라우스,여성,ZW 컬렉션 프린지 스카프 홀터 탑,https://www.zara.com/kr/ko/zw-%E1%84%8F%E1%85%A5%E1%86%AF%E1%84%85%E1%85%A6%E1%86%A8%E1%84%89%E1%85%A7%E1%86%AB-%E1%84%91%E1%85%B3%E1%84%85%E1%85%B5%E1%86%AB%E1%84%8C%E1%85%B5-%E1%84%89%E1%85%B3%E1%84%8F%E1%85%A1%E1%84%91%E1%85%B3-%E1%84%92%E1%85%A9%E1%86%AF%E1%84%90%E1%85%A5-%E1%84%90%E1%85%A1%E1%86%B8-p01112994.html,https://static.zara.net/assets/public/f0f3/8fec/15a648fd9a36/5fb4b5ef249f/01112994800-p/01112994800-p.jpg?ts=1773334339298,"₩89,900",,,260622,블랙,,,,
,false,,ZARA,상의,셔츠/블라우스,여성,ZW 컬렉션 언밸런스 탑,https://www.zara.com/kr/ko/zw-%E1%84%8F%E1%85%A5%E1%86%AF%E1%84%85%E1%85%A6%E1%86%A8%E1%84%89%E1%85%A7%E1%86%AB-%E1%84%8B%E1%85%A5%E1%86%AB%E1%84%87%E1%85%A2%E1%86%AF%E1%84%85%E1%85%A5%E1%86%AB%E1%84%89%E1%85%B3-%E1%84%90%E1%85%A1%E1%86%B8-p04437004.html,https://static.zara.net/assets/public/09dc/5ac5/12044901af52/dd0b6d937119/04437004251-p/04437004251-p.jpg?ts=1770902318913,"₩79,900",,,260622,스크래치 화이트,,,,
,false,,ZARA,상의,티셔츠,여성,하이넥 슬리브리스 탑,https://www.zara.com/kr/ko/%E1%84%92%E1%85%A1%E1%84%8B%E1%85%B5%E1%84%82%E1%85%A6%E1%86%A8-%E1%84%89%E1%85%B3%E1%86%AF%E1%84%85%E1%85%B5%E1%84%87%E1%85%B3%E1%84%85%E1%85%B5%E1%84%89%E1%85%B3-%E1%84%90%E1%85%A1%E1%86%B8-p04174001.html,https://static.zara.net/assets/public/8968/e253/1936422ea0a6/c138a915747d/04174001706-p/04174001706-p.jpg?ts=1767965245957,"₩17,900",,,260622,밍크,,,,
,false,,ZARA,상의,티셔츠,여성,하이넥 슬리브리스 탑,https://www.zara.com/kr/ko/%E1%84%92%E1%85%A1%E1%84%8B%E1%85%B5%E1%84%82%E1%85%A6%E1%86%A8-%E1%84%89%E1%85%B3%E1%86%AF%E1%84%85%E1%85%B5%E1%84%87%E1%85%B3%E1%84%85%E1%85%B5%E1%84%89%E1%85%B3-%E1%84%90%E1%85%A1%E1%86%B8-p04174001.html,https://static.zara.net/assets/public/c957/837c/bab74913a4a8/977229e79eea/04174001251-e1/04174001251-e1.jpg?ts=1767887909553,"₩17,900",,,260622,스크래치 화이트,,,,
,false,,ZARA,기타,BODYSUIT,여성,스트랩리스 바디수트,https://www.zara.com/kr/ko/%E1%84%89%E1%85%B3%E1%84%90%E1%85%B3%E1%84%85%E1%85%A2%E1%86%B8%E1%84%85%E1%85%B5%E1%84%89%E1%85%B3-%E1%84%87%E1%85%A1%E1%84%83%E1%85%B5%E1%84%89%E1%85%AE%E1%84%90%E1%85%B3-p01355014.html,https://static.zara.net/assets/public/5da1/28d2/bbf74d3093a5/4eb84500e4a2/01355014800-p/01355014800-p.jpg?ts=1771437921287,"₩45,900",,,260622,블랙,,,,
,false,,ZARA,상의,탑,여성,루즈 언밸런스 탑,https://www.zara.com/kr/ko/%E1%84%85%E1%85%AE%E1%84%8C%E1%85%B3-%E1%84%8B%E1%85%A5%E1%86%AB%E1%84%87%E1%85%A2%E1%86%AF%E1%84%85%E1%85%A5%E1%86%AB%E1%84%89%E1%85%B3-%E1%84%90%E1%85%A1%E1%86%B8-p05644014.html,https://static.zara.net/assets/public/bec1/88f0/7eb74af0b9b1/0fee852d6d4c/05644014725-p/05644014725-p.jpg?ts=1771437735345,"₩49,900",,,260622,버터,,,,
,false,,ZARA,상의,셔츠/블라우스,여성,아일릿 홀터넥 탑,https://www.zara.com/kr/ko/%E1%84%87%E1%85%A5%E1%84%90%E1%85%B3%E1%86%AB-%E1%84%92%E1%85%A9%E1%86%AF-%E1%84%92%E1%85%A9%E1%86%AF%E1%84%90%E1%85%A5%E1%84%82%E1%85%A6%E1%86%A8-%E1%84%90%E1%85%A1%E1%86%B8-p01416029.html,https://static.zara.net/assets/public/8ae1/5b58/ce894fb9bf6f/bc2e2f2320fd/01416029251-p/01416029251-p.jpg?ts=1779895420499,"₩55,900",,,260622,스크래치 화이트,,,,
,false,,ZARA,상의,셔츠/블라우스,여성,숏 슬리브 버튼 탑,https://www.zara.com/kr/ko/%E1%84%87%E1%85%A5%E1%84%90%E1%85%B3%E1%86%AB-%E1%84%87%E1%85%A1%E1%86%AB%E1%84%89%E1%85%A9%E1%84%86%E1%85%A2-%E1%84%90%E1%85%A1%E1%86%B8-p07015473.html,https://static.zara.net/assets/public/47b4/a2ab/58e147119733/5ad39155c345/07015473658-p/07015473658-p.jpg?ts=1779895443500,"₩55,900",,,260622,테라코타,,,,
,false,,ZARA,상의,탑,여성,튤 스카프 탑,https://www.zara.com/kr/ko/%E1%84%90%E1%85%B2%E1%86%AF-%E1%84%89%E1%85%B3%E1%84%8F%E1%85%A1%E1%84%91%E1%85%B3-%E1%84%90%E1%85%A1%E1%86%B8-p00347311.html,https://static.zara.net/assets/public/5bd7/e1a5/e4df4713ba76/4b0fc12c25f3/00347311407-p/00347311407-p.jpg?ts=1771432717870,"₩35,900",,,260622,블루,,,,
,false,,ZARA,상의,탑,여성,플록 튤 홀터 탑,https://www.zara.com/kr/ko/%E1%84%91%E1%85%B3%E1%86%AF%E1%84%85%E1%85%A9%E1%86%A8-%E1%84%90%E1%85%B2%E1%86%AF-%E1%84%92%E1%85%A9%E1%86%AF%E1%84%90%E1%85%A5%E1%84%82%E1%85%A6%E1%86%A8-%E1%84%90%E1%85%A1%E1%86%B8-p00085308.html,https://static.zara.net/assets/public/9505/b3c1/a1e4491b96ea/7ed35af4d0b5/00085308422-p/00085308422-p.jpg?ts=1771432709770,"₩39,900",,,260622,다크 블루,,,,
,false,,ZARA,상의,탑,여성,울 니트 탑,https://www.zara.com/kr/ko/%E1%84%8B%E1%85%AE%E1%86%AF-%E1%84%82%E1%85%B5%E1%84%90%E1%85%B3-%E1%84%90%E1%85%A1%E1%86%B8-p03921012.html,https://static.zara.net/assets/public/c8de/0338/33da4b9fa247/9ed920ff9511/03921012600-p/03921012600-p.jpg?ts=1771409141632,"₩45,900",,,260622,레드,,,,
,false,,ZARA,상의,탑,여성,울 니트 탑,https://www.zara.com/kr/ko/%E1%84%8B%E1%85%AE%E1%86%AF-%E1%84%82%E1%85%B5%E1%84%90%E1%85%B3-%E1%84%90%E1%85%A1%E1%86%B8-p03921012.html,https://static.zara.net/assets/public/197c/d74d/199d4701a395/7eefcf654119/03921012401-p/03921012401-p.jpg?ts=1771409140057,"₩45,900",,,260622,네이비,,,,
,false,,ZARA,상의,셔츠/블라우스,여성,메탈릭 얀 스트라이프 리본 탑,https://www.zara.com/kr/ko/%E1%84%86%E1%85%A6%E1%84%90%E1%85%A1%E1%86%AF%E1%84%85%E1%85%B5%E1%86%A8-%E1%84%8B%E1%85%A3%E1%86%AB-%E1%84%89%E1%85%B3%E1%84%90%E1%85%B3%E1%84%85%E1%85%A1%E1%84%8B%E1%85%B5%E1%84%91%E1%85%B3-%E1%84%85%E1%85%B5%E1%84%87%E1%85%A9%E1%86%AB-%E1%84%90%E1%85%A1%E1%86%B8-p04015805.html,https://static.zara.net/assets/public/567f/5906/f09847df94c1/5c8e5ce5eacd/04015805098-a3/04015805098-a3.jpg?ts=1779806272832,"₩49,900",,,260622,"그린,크림",,,,
,false,,ZARA,기타,WAISTCOAT,여성,린넨 엘라스틱 허리 베스트,https://www.zara.com/kr/ko/%E1%84%85%E1%85%B5%E1%86%AB%E1%84%82%E1%85%A6%E1%86%AB-%E1%84%8B%E1%85%A6%E1%86%AF%E1%84%85%E1%85%A1%E1%84%89%E1%85%B3%E1%84%90%E1%85%B5%E1%86%A8-%E1%84%92%E1%85%A5%E1%84%85%E1%85%B5-%E1%84%87%E1%85%A6%E1%84%89%E1%85%B3%E1%84%90%E1%85%B3-p02893454.html,https://static.zara.net/assets/public/bc3c/1251/0fea45e59e5c/423eae5bd2a2/02893454405-p/02893454405-p.jpg?ts=1779806800994,"₩59,900",,,260622,인디고,,,,
,false,,ZARA,상의,탑,여성,언밸런스 립 니트 탑,https://www.zara.com/kr/ko/%E1%84%8B%E1%85%A5%E1%86%AB%E1%84%87%E1%85%A2%E1%86%AF%E1%84%85%E1%85%A5%E1%86%AB%E1%84%89%E1%85%B3-%E1%84%85%E1%85%B5%E1%86%B8-%E1%84%82%E1%85%B5%E1%84%90%E1%85%B3-%E1%84%90%E1%85%A1%E1%86%B8-p03390004.html,https://static.zara.net/assets/public/2471/43c7/35644edea470/5851e804f471/03390004800-p/03390004800-p.jpg?ts=1774267266477,"₩45,900",,,260622,블랙,,,,
,false,,ZARA,상의,탑,여성,드레이프 니트 탑,https://www.zara.com/kr/ko/%E1%84%83%E1%85%B3%E1%84%85%E1%85%A6%E1%84%8B%E1%85%B5%E1%84%91%E1%85%B3-%E1%84%82%E1%85%B5%E1%84%90%E1%85%B3-%E1%84%90%E1%85%A1%E1%86%B8-p01509007.html,https://static.zara.net/assets/public/6fe9/29d2/ff394435b660/0b20ee3f9188/01509007422-p/01509007422-p.jpg?ts=1774267255940,"₩49,900",,,260622,다크 블루,,,,
,false,,ZARA,상의,탑,여성,자수 시퀸 탑,https://www.zara.com/kr/ko/%E1%84%8C%E1%85%A1%E1%84%89%E1%85%AE-%E1%84%89%E1%85%B5%E1%84%8F%E1%85%B1%E1%86%AB-%E1%84%90%E1%85%A1%E1%86%B8-p05063309.html,https://static.zara.net/assets/public/d0cd/9020/696741309201/ea037e209c4b/05063309811-p/05063309811-p.jpg?ts=1772207472618,"₩79,900",,,260622,라이트 그레이,,,,
,false,,ZARA,상의,탑,여성,비즈 시퀸 튤 탑,https://www.zara.com/kr/ko/%E1%84%87%E1%85%B5%E1%84%8C%E1%85%B3-%E1%84%89%E1%85%B5%E1%84%8F%E1%85%B1%E1%86%AB-%E1%84%90%E1%85%B2%E1%86%AF-%E1%84%90%E1%85%A1%E1%86%B8-p05063311.html,https://static.zara.net/assets/public/fcf1/4332/8f2d4585806e/1e3d4f2c32f7/05063311303-p/05063311303-p.jpg?ts=1772207504455,"₩55,900",,,260622,골드,,,,
,false,,ZARA,상의,셔츠/블라우스,여성,DRP VST 16,https://www.zara.com/kr/ko/drp-vst-16-p08110232.html,https://static.zara.net/assets/public/ccfe/2f80/7dd340779356/bb2aabf01248/T92236185431-p/T92236185431-p.jpg?ts=1775658430592,"₩109,900",,,260622,로즈핑크,,,,
,false,,ZARA,상의,티셔츠,여성,CTTN TNKTP 16,https://www.zara.com/kr/ko/cttn-tnktp-16-p06858900.html,https://static.zara.net/assets/public/cb2c/21ed/5f7a4314b346/4b94fba69806/06858900600-e1/06858900600-e1.jpg?ts=1775629577916,"₩45,900",,,260622,레드,,,,
,false,,ZARA,상의,티셔츠,여성,CTTN TNKTP 16,https://www.zara.com/kr/ko/cttn-tnktp-16-p06858900.html,https://static.zara.net/assets/public/9177/6142/0e084b2ca6e5/0811632a10bb/06858900712-e1/06858900712-e1.jpg?ts=1775540569635,"₩45,900",,,260622,크림,,,,
,false,,ZARA,상의,셔츠/블라우스,여성,DRP VST 16,https://www.zara.com/kr/ko/drp-vst-16-p08110232.html,https://static.zara.net/assets/public/ccfe/2f80/7dd340779356/bb2aabf01248/T92236185431-p/T92236185431-p.jpg?ts=1775658430592,"₩109,900",,,260622,로즈핑크,,,,
,false,,ZARA,상의,셔츠/블라우스,여성,CTTN SHRT 16,https://www.zara.com/kr/ko/cttn-shrt-16-p02489204.html,https://static.zara.net/assets/public/60ff/45ef/98814fe3b432/df3a5f2611aa/02489204300-e1/02489204300-e1.jpg?ts=1775540552585,"₩109,900",,,260622,노랑,,,,
,false,,ZARA,상의,티셔츠,여성,자수 케이프 탑,https://www.zara.com/kr/ko/%E1%84%8C%E1%85%A1%E1%84%89%E1%85%AE-%E1%84%8F%E1%85%A6%E1%84%8B%E1%85%B5%E1%84%91%E1%85%B3-%E1%84%90%E1%85%A1%E1%86%B8-p00858464.html,https://static.zara.net/assets/public/2657/15f6/f8134238b5e8/39fc0c36a471/00858464250-p/00858464250-p.jpg?ts=1772550756602,"₩39,900",,,260622,화이트,,,,
,false,,ZARA,상의,탑,여성,스트라이프 반소매 니트 탑,https://www.zara.com/kr/ko/%E1%84%89%E1%85%B3%E1%84%90%E1%85%B3%E1%84%85%E1%85%A1%E1%84%8B%E1%85%B5%E1%84%91%E1%85%B3-%E1%84%87%E1%85%A1%E1%86%AB%E1%84%89%E1%85%A9%E1%84%86%E1%85%A2-%E1%84%82%E1%85%B5%E1%84%90%E1%85%B3-%E1%84%90%E1%85%A1%E1%86%B8-p05755034.html,https://static.zara.net/assets/public/5345/0c98/b36e479fbaf2/ca8f3c445586/05755034330-p/05755034330-p.jpg?ts=1772191112870,"₩49,900",,,260622,멀티컬러,,,,
,false,,ZARA,상의,탑,여성,100% 린넨 메쉬 니트 탑,https://www.zara.com/kr/ko/100-%E1%84%85%E1%85%B5%E1%86%AB%E1%84%82%E1%85%A6%E1%86%AB-%E1%84%86%E1%85%A6%E1%84%89%E1%85%B1-%E1%84%82%E1%85%B5%E1%84%90%E1%85%B3-%E1%84%90%E1%85%A1%E1%86%B8-p02142243.html,https://static.zara.net/assets/public/ffd6/298a/4ccf4ef69c07/7e228475aa63/02142243738-p/02142243738-p.jpg?ts=1772191230764,"₩49,900",,,260622,끈,,,,
,false,,ZARA,상의,셔츠/블라우스,여성,페이크 레더 숄더 플리츠 탑,https://www.zara.com/kr/ko/%E1%84%89%E1%85%AD%E1%86%AF%E1%84%83%E1%85%A5-%E1%84%91%E1%85%B3%E1%86%AF%E1%84%85%E1%85%B5%E1%84%8E%E1%85%B3-%E1%84%91%E1%85%A6%E1%84%8B%E1%85%B5%E1%84%8F%E1%85%B3-%E1%84%85%E1%85%A6%E1%84%83%E1%85%A5-%E1%84%90%E1%85%A1%E1%86%B8-p04387090.html,https://static.zara.net/assets/public/1976/6d4e/ee974fbda55f/c4d69a791271/04387090620-p/04387090620-p.jpg?ts=1773248674458,"₩55,900",,,260622,로즈핑크,,,,
,false,,ZARA,상의,셔츠/블라우스,여성,벨트 페이크 레더 탑,https://www.zara.com/kr/ko/%E1%84%87%E1%85%A6%E1%86%AF%E1%84%90%E1%85%B5%E1%84%83%E1%85%B3-%E1%84%91%E1%85%A6%E1%84%8B%E1%85%B5%E1%84%8F%E1%85%B3-%E1%84%85%E1%85%A6%E1%84%83%E1%85%A5-%E1%84%90%E1%85%A1%E1%86%B8-p02658868.html,https://static.zara.net/assets/public/bc44/cdd8/4ab34b71a9c8/b73de0d9a34e/02658868800-p/02658868800-p.jpg?ts=1773311543253,"₩55,900",,,260622,블랙,,,,
,false,,ZARA,상의,탑,여성,레이스 패턴 란제리 탑,https://www.zara.com/kr/ko/%E1%84%85%E1%85%A6%E1%84%8B%E1%85%B5%E1%84%89%E1%85%B3-%E1%84%91%E1%85%A2%E1%84%90%E1%85%A5%E1%86%AB-%E1%84%85%E1%85%A1%E1%86%AB%E1%84%8C%E1%85%A6%E1%84%85%E1%85%B5-%E1%84%90%E1%85%A1%E1%86%B8-p09013028.html,https://static.zara.net/assets/public/b1f2/0588/7b7640ba828f/53ec6471fc5a/09013028070-p/09013028070-p.jpg?ts=1774887080816,"₩89,900",,,260622,"크림,블랙",,,,
,false,,ZARA,상의,티셔츠,여성,인터록 탱크 탑,https://www.zara.com/kr/ko/%E1%84%8B%E1%85%B5%E1%86%AB%E1%84%90%E1%85%A5%E1%84%85%E1%85%A9%E1%86%A8-%E1%84%90%E1%85%A2%E1%86%BC%E1%84%8F%E1%85%B3-%E1%84%90%E1%85%A1%E1%86%B8-p00858062.html,https://static.zara.net/assets/public/417a/4358/28884b44aea8/bd690bf903ae/T9119459549-p/T9119459549-p.jpg?ts=1779378032153,"₩29,900",,,260622,스크래치 화이트,,,,
,false,,ZARA,상의,티셔츠,여성,드레이프 셔링 탑,https://www.zara.com/kr/ko/%E1%84%89%E1%85%A7%E1%84%85%E1%85%B5%E1%86%BC-%E1%84%83%E1%85%B3%E1%84%85%E1%85%A6%E1%84%8B%E1%85%B5%E1%84%91%E1%85%B3-%E1%84%90%E1%85%A1%E1%86%B8-p05584014.html,https://static.zara.net/assets/public/74f2/fe1c/e5a14479b3c5/25543f709ec5/05584014300-p/05584014300-p.jpg?ts=1770823146745,"₩35,900",,,260622,노랑,,,,
,false,,ZARA,상의,티셔츠,여성,셔링 드레이프 탑,https://www.zara.com/kr/ko/%E1%84%89%E1%85%A7%E1%84%85%E1%85%B5%E1%86%BC-%E1%84%83%E1%85%B3%E1%84%85%E1%85%A6%E1%84%8B%E1%85%B5%E1%84%91%E1%85%B3-%E1%84%90%E1%85%A1%E1%86%B8-p05584014.html,https://static.zara.net/assets/public/4980/826b/2da34af1a0bb/1332a0819ddd/05584014700-p/05584014700-p.jpg?ts=1770823150274,"₩35,900",,,260622,브라운,,,,
,false,,ZARA,상의,티셔츠,여성,셔링 드레이프 탑,https://www.zara.com/kr/ko/%E1%84%89%E1%85%A7%E1%84%85%E1%85%B5%E1%86%BC-%E1%84%83%E1%85%B3%E1%84%85%E1%85%A6%E1%84%8B%E1%85%B5%E1%84%91%E1%85%B3-%E1%84%90%E1%85%A1%E1%86%B8-p05584014.html,https://static.zara.net/assets/public/ed6a/8bfc/2a3a45f19981/d1179f29c305/05584014724-p/05584014724-p.jpg?ts=1770823153856,"₩35,900",,,260622,그레이 브라운,,,,
,false,,ZARA,상의,탑,여성,시퀸 콤비 홀터넥 탑,https://www.zara.com/kr/ko/%E1%84%89%E1%85%B5%E1%84%8F%E1%85%B1%E1%86%AB-%E1%84%8F%E1%85%A9%E1%86%B7%E1%84%87%E1%85%B5-%E1%84%92%E1%85%A9%E1%86%AF%E1%84%90%E1%85%A5%E1%84%82%E1%85%A6%E1%86%A8-%E1%84%90%E1%85%A1%E1%86%B8-p05063322.html,https://static.zara.net/assets/public/8bfe/dde8/101d4293ba02/c293e556ef1f/05063322621-p/05063322621-p.jpg?ts=1774452766018,"₩49,900",,,260622,파스텔 로즈,,,,
,false,,ZARA,상의,탑,여성,시퀸 크롭 탑,https://www.zara.com/kr/ko/%E1%84%89%E1%85%B5%E1%84%8F%E1%85%B1%E1%86%AB-%E1%84%8F%E1%85%B3%E1%84%85%E1%85%A9%E1%86%B8-%E1%84%90%E1%85%A1%E1%86%B8-p05063324.html,https://static.zara.net/assets/public/696c/2e7f/eb5a4555b9c1/7ea993f8daa7/05063324485-p/05063324485-p.jpg?ts=1774452766185,"₩49,900",,,260622,"블루,그레이",,,,
,false,,ZARA,기타,WAISTCOAT,여성,ZW 컬렉션 프린지 자수 베스트,https://www.zara.com/kr/ko/zw-%E1%84%8F%E1%85%A5%E1%86%AF%E1%84%85%E1%85%A6%E1%86%A8%E1%84%89%E1%85%A7%E1%86%AB-%E1%84%8C%E1%85%A1%E1%84%89%E1%85%AE-%E1%84%91%E1%85%B3%E1%84%85%E1%85%B5%E1%86%AB%E1%84%8C%E1%85%B5-%E1%84%87%E1%85%A6%E1%84%89%E1%85%B3%E1%84%90%E1%85%B3-p06895077.html,https://static.zara.net/assets/public/3b98/a95e/f7c144988d9d/3268a2c39b51/06895077712-p/06895077712-p.jpg?ts=1776679518339,"₩99,900",,,260622,크림,,,,
,false,,ZARA,상의,탑,여성,리브드 콤비 탑,https://www.zara.com/kr/ko/%E1%84%85%E1%85%B5%E1%84%87%E1%85%B3%E1%84%83%E1%85%B3-%E1%84%8F%E1%85%A9%E1%86%B7%E1%84%87%E1%85%B5-%E1%84%90%E1%85%A1%E1%86%B8-p01223021.html,https://static.zara.net/assets/public/fd07/f95f/0a3043d49a8e/f5acd992a754/01223021251-p/01223021251-p.jpg?ts=1776957798459,"₩39,900",,,260622,스크래치 화이트,,,,
,false,,ZARA,상의,셔츠/블라우스,여성,워싱 레이스업 탑,https://www.zara.com/kr/ko/%E1%84%8B%E1%85%AF%E1%84%89%E1%85%B5%E1%86%BC-%E1%84%85%E1%85%A6%E1%84%8B%E1%85%B5%E1%84%89%E1%85%B3%E1%84%8B%E1%85%A5%E1%86%B8-%E1%84%90%E1%85%A1%E1%86%B8-p00881033.html,https://static.zara.net/assets/public/c258/736f/b43941e98f0a/705783c401d3/00881033506-p/00881033506-p.jpg?ts=1775476096823,"₩45,900",,,260622,라이트 카키,,,,
,false,,ZARA,상의,셔츠/블라우스,여성,워싱 레이스업 스트랩 탑,https://www.zara.com/kr/ko/%E1%84%8B%E1%85%AF%E1%84%89%E1%85%B5%E1%86%BC-%E1%84%85%E1%85%A6%E1%84%8B%E1%85%B5%E1%84%89%E1%85%B3%E1%84%8B%E1%85%A5%E1%86%B8-%E1%84%90%E1%85%A1%E1%86%B8-p00881033.html,https://static.zara.net/assets/public/55b2/1a3e/a77945d09845/11a7b36941a7/00881033306-p/00881033306-p.jpg?ts=1775476096190,"₩45,900",,,260622,라이트 옐로우,,,,
,false,,ZARA,상의,티셔츠,여성,버튼 쇼트 슬리브 티셔츠,https://www.zara.com/kr/ko/%E1%84%87%E1%85%A5%E1%84%90%E1%85%B3%E1%86%AB-%E1%84%89%E1%85%AD%E1%84%90%E1%85%B3-%E1%84%89%E1%85%B3%E1%86%AF%E1%84%85%E1%85%B5%E1%84%87%E1%85%B3-%E1%84%90%E1%85%B5%E1%84%89%E1%85%A7%E1%84%8E%E1%85%B3-p01198015.html,https://static.zara.net/assets/public/0b6a/0673/98a445ae9434/3551fcba4f42/01198015632-p/01198015632-p.jpg?ts=1773933779172,"₩39,900",,,260622,브라이트 레드,,,,
,false,,ZARA,상의,셔츠/블라우스,여성,지오젯 홀터넥 탑,https://www.zara.com/kr/ko/%E1%84%8C%E1%85%A9%E1%84%8C%E1%85%A6%E1%86%BA-%E1%84%92%E1%85%A9%E1%86%AF%E1%84%90%E1%85%A5%E1%84%82%E1%85%A6%E1%86%A8-%E1%84%90%E1%85%A1%E1%86%B8-p04661038.html,https://static.zara.net/assets/public/c103/93ec/6fa14c488f43/00fffc76fc20/02503457067-p/02503457067-p.jpg?ts=1772715121194,"₩45,900",,,260622,"크림,레드",,,,
,false,,ZARA,상의,티셔츠,여성,슬리브리스 티셔츠,https://www.zara.com/kr/ko/%E1%84%89%E1%85%B3%E1%86%AF%E1%84%85%E1%85%B5%E1%84%87%E1%85%B3%E1%84%85%E1%85%B5%E1%84%89%E1%85%B3-%E1%84%90%E1%85%B5%E1%84%89%E1%85%A7%E1%84%8E%E1%85%B3-p02335150.html,https://static.zara.net/assets/public/4d24/38f4/fed64259ac77/dc76be7f3a14/02335150600-p/02335150600-p.jpg?ts=1780058849803,"₩21,900",,,260622,레드,,,,
,false,,ZARA,상의,셔츠/블라우스,여성,Z1975 스트라이프 데님 탑,https://www.zara.com/kr/ko/z1975-%E1%84%89%E1%85%B3%E1%84%90%E1%85%B3%E1%84%85%E1%85%A1%E1%84%8B%E1%85%B5%E1%84%91%E1%85%B3-%E1%84%83%E1%85%A6%E1%84%82%E1%85%B5%E1%86%B7-%E1%84%90%E1%85%A1%E1%86%B8-p06186053.html,https://static.zara.net/assets/public/8bf9/76a4/411549fe8b35/23145d0c3c24/06186053427-a2/06186053427-a2.jpg?ts=1780058857081,"₩55,900",,,260622,미디움 블루,,,,
,false,,ZARA,상의,탑,여성,셔링 콤비 탑,https://www.zara.com/kr/ko/%E1%84%89%E1%85%A7%E1%84%85%E1%85%B5%E1%86%BC-%E1%84%8F%E1%85%A9%E1%86%B7%E1%84%87%E1%85%B5-%E1%84%90%E1%85%A1%E1%86%B8-p03641398.html,https://static.zara.net/assets/public/d5a2/ae00/25b042a4bccf/02b6f88ce2b9/03641398087-p/03641398087-p.jpg?ts=1773762702701,"₩29,900",,,260622,"브라운,크림",,,,
,false,,ZARA,상의,탑,여성,홀터넥 콤비 탑,https://www.zara.com/kr/ko/%E1%84%92%E1%85%A9%E1%86%AF%E1%84%90%E1%85%A5%E1%84%82%E1%85%A6%E1%86%A8-%E1%84%8F%E1%85%A9%E1%86%B7%E1%84%87%E1%85%B5-%E1%84%90%E1%85%A1%E1%86%B8-p03641397.html,https://static.zara.net/assets/public/e912/e235/876042f7b658/2c4e45ba94a3/03641397049-p/03641397049-p.jpg?ts=1773762701204,"₩21,900",,,260622,브라운-블루,,,,
,false,,ZARA,상의,티셔츠,여성,페이크 더블 콘트라스트 탑,https://www.zara.com/kr/ko/%E1%84%91%E1%85%A6%E1%84%8B%E1%85%B5%E1%84%8F%E1%85%B3-%E1%84%83%E1%85%A5%E1%84%87%E1%85%B3%E1%86%AF-%E1%84%8F%E1%85%A9%E1%86%AB%E1%84%90%E1%85%B3%E1%84%85%E1%85%A1%E1%84%89%E1%85%B3%E1%84%90%E1%85%B3-%E1%84%90%E1%85%A1%E1%86%B8-p03641013.html,https://static.zara.net/assets/public/6a43/df66/72e74101a195/f85d8c33c468/03641013960-p/03641013960-p.jpg?ts=1772470830017,"₩39,900",,,260622,크림,,,,
,false,,ZARA,상의,셔츠/블라우스,여성,ZW 컬렉션 롱 레이스 탑,https://www.zara.com/kr/ko/zw-%E1%84%8F%E1%85%A5%E1%86%AF%E1%84%85%E1%85%A6%E1%86%A8%E1%84%89%E1%85%A7%E1%86%AB-%E1%84%85%E1%85%A9%E1%86%BC-%E1%84%85%E1%85%A6%E1%84%8B%E1%85%B5%E1%84%89%E1%85%B3-%E1%84%90%E1%85%A1%E1%86%B8-p02731285.html,https://static.zara.net/assets/public/f4b7/dffd/71fa4cb194c3/4d5ee90ff0ae/02731285800-p/02731285800-p.jpg?ts=1772641325131,"₩89,900",,,260622,블랙,,,,
,false,,ZARA,상의,탑,여성,메탈 볼 백리스 니트 탑,https://www.zara.com/kr/ko/%E1%84%86%E1%85%A6%E1%84%90%E1%85%A1%E1%86%AF-%E1%84%87%E1%85%A9%E1%86%AF-%E1%84%87%E1%85%A2%E1%86%A8%E1%84%85%E1%85%B5%E1%84%89%E1%85%B3-%E1%84%82%E1%85%B5%E1%84%90%E1%85%B3-%E1%84%90%E1%85%A1%E1%86%B8-p03921019.html,https://static.zara.net/assets/public/1609/ce5e/eb9e4252bd4c/71ce3f536b30/03921019250-p/03921019250-p.jpg?ts=1773329208511,"₩55,900",,,260622,화이트,,,,
,false,,ZARA,상의,셔츠/블라우스,여성,도트 패턴 리본 새틴 탑,https://www.zara.com/kr/ko/%E1%84%89%E1%85%A2%E1%84%90%E1%85%B5%E1%86%AB-%E1%84%89%E1%85%B3%E1%84%90%E1%85%B3%E1%84%85%E1%85%A2%E1%86%B8%E1%84%85%E1%85%B5%E1%84%89%E1%85%B3-%E1%84%90%E1%85%A1%E1%86%B8-p07752051.html,https://static.zara.net/assets/public/315e/4159/1bf64123bfc8/f12d07657a01/07752833064-a2/07752833064-a2.jpg?ts=1781622787794,"₩45,900",,,260622,"화이트,블랙",,,,
,false,,ZARA,상의,셔츠/블라우스,여성,도트 벌룬 탑,https://www.zara.com/kr/ko/%E1%84%83%E1%85%A9%E1%84%90%E1%85%B3-%E1%84%91%E1%85%A2%E1%84%90%E1%85%A5%E1%86%AB-%E1%84%87%E1%85%A5%E1%86%AF%E1%84%85%E1%85%AE%E1%86%AB-%E1%84%90%E1%85%A1%E1%86%B8-p01165071.html,https://static.zara.net/assets/public/53a2/5c6e/70314514a5df/36f7aa500a7c/01165071070-a3/01165071070-a3.jpg?ts=1772543625350,"₩55,900",,,260622,"크림,블랙",,,,
,false,,ZARA,상의,셔츠/블라우스,여성,도트 루즈 탑,https://www.zara.com/kr/ko/%E1%84%83%E1%85%A9%E1%84%90%E1%85%B3-%E1%84%85%E1%85%AE%E1%84%8C%E1%85%B3-%E1%84%90%E1%85%A1%E1%86%B8-p03564054.html,https://static.zara.net/assets/public/a1ee/c97a/9359468c803c/d465d76caff2/03564054049-1-p/03564054049-1-p.jpg?ts=1772629560841,"₩45,900",,,260622,브라운-블루,,,,
,false,,ZARA,상의,탑,여성,벌룬 슬리브 탑,https://www.zara.com/kr/ko/%E1%84%87%E1%85%A5%E1%86%AF%E1%84%85%E1%85%AE%E1%86%AB-%E1%84%89%E1%85%B3%E1%86%AF%E1%84%85%E1%85%B5%E1%84%87%E1%85%B3-%E1%84%90%E1%85%A1%E1%86%B8-p05039203.html,https://static.zara.net/assets/public/68b9/312e/19204ba785c0/6d18953ca1c0/05039203800-p/05039203800-p.jpg?ts=1772202594066,"₩45,900",,,260622,블랙,,,,
,false,,ZARA,상의,탑,여성,벌룬 슬리브 탑,https://www.zara.com/kr/ko/%E1%84%87%E1%85%A5%E1%86%AF%E1%84%85%E1%85%AE%E1%86%AB-%E1%84%89%E1%85%B3%E1%86%AF%E1%84%85%E1%85%B5%E1%84%87%E1%85%B3-%E1%84%90%E1%85%A1%E1%86%B8-p05039203.html,https://static.zara.net/assets/public/ff28/dbf7/9c1644e08737/e14ccad12773/05039203712-p/05039203712-p.jpg?ts=1772202591418,"₩45,900",,,260622,크림,,,,
,false,,ZARA,기타,WAISTCOAT,여성,코르셋 홀터넥 탑,https://www.zara.com/kr/ko/%E1%84%8F%E1%85%A9%E1%84%85%E1%85%B3%E1%84%89%E1%85%A6%E1%86%BA-%E1%84%92%E1%85%A9%E1%86%AF%E1%84%90%E1%85%A5%E1%84%82%E1%85%A6%E1%86%A8-%E1%84%90%E1%85%A1%E1%86%B8-p02010851.html,https://static.zara.net/assets/public/5b2b/cecc/c8b048d394cd/aa2dcb1625ec/02010852712-p/02010852712-p.jpg?ts=1779359033144,"₩55,900",,,260622,크림,,,,
,false,,ZARA,기타,WAISTCOAT,여성,깅엄 체크 코르셋 홀터넥 탑,https://www.zara.com/kr/ko/%E1%84%8F%E1%85%A9%E1%84%85%E1%85%B3%E1%84%89%E1%85%A6%E1%86%BA-%E1%84%92%E1%85%A9%E1%86%AF%E1%84%90%E1%85%A5%E1%84%82%E1%85%A6%E1%86%A8-%E1%84%90%E1%85%A1%E1%86%B8-p02010851.html,https://static.zara.net/assets/public/7549/5441/bc084adaa9cb/63fa1e480cf0/02010851615-a1/02010851615-a1.jpg?ts=1779359033440,"₩55,900",,,260622,오렌지,,,,
,false,,ZARA,상의,탑,여성,백리스 니트 탑,https://www.zara.com/kr/ko/%E1%84%8B%E1%85%A9%E1%84%91%E1%85%B3%E1%86%AB%E1%84%87%E1%85%A2%E1%86%A8-%E1%84%82%E1%85%B5%E1%84%90%E1%85%B3-%E1%84%90%E1%85%A1%E1%86%B8-p03920371.html,https://static.zara.net/assets/public/0631/34bb/28844232a547/9c62d6a32634/03920371700-p/03920371700-p.jpg?ts=1780413277112,"₩55,900",,,260622,브라운,,,,
,false,,ZARA,상의,탑,여성,스터드 로우백 탑,https://www.zara.com/kr/ko/%E1%84%89%E1%85%B3%E1%84%90%E1%85%A5%E1%84%83%E1%85%B3-%E1%84%85%E1%85%A9%E1%84%8B%E1%85%AE-%E1%84%87%E1%85%A2%E1%86%A8-%E1%84%90%E1%85%A1%E1%86%B8-p05941004.html,https://static.zara.net/assets/public/80ec/93fb/8f624ddd8143/b13cf0cc86ff/05941004707-p/05941004707-p.jpg?ts=1775476126936,"₩35,900",,,260622,샌드,,,,
,false,,ZARA,상의,탑,여성,애니멀 패턴 튤 탑,https://www.zara.com/kr/ko/%E1%84%8B%E1%85%A2%E1%84%82%E1%85%B5%E1%84%86%E1%85%A5%E1%86%AF-%E1%84%91%E1%85%B3%E1%84%85%E1%85%B5%E1%86%AB%E1%84%90%E1%85%B3-%E1%84%90%E1%85%B2%E1%86%AF-%E1%84%90%E1%85%A1%E1%86%B8-p05039405.html,https://static.zara.net/assets/public/2de8/17b1/c52942448fcc/f8bc30401c40/05039405042-p/05039405042-p.jpg?ts=1775476113287,"₩35,900",,,260622,레오파드,,,,
,false,,ZARA,상의,탑,여성,언밸런스 니트 탑,https://www.zara.com/kr/ko/%E1%84%8B%E1%85%A5%E1%86%AB%E1%84%87%E1%85%A2%E1%86%AF%E1%84%85%E1%85%A5%E1%86%AB%E1%84%89%E1%85%B3-%E1%84%82%E1%85%B5%E1%84%90%E1%85%B3-%E1%84%90%E1%85%A1%E1%86%B8-p02893047.html,https://static.zara.net/assets/public/3a0c/350c/98af42bcaf3f/0ed9004812ae/02893047718-p/02893047718-p.jpg?ts=1774881368341,"₩49,900",,,260622,"샌드,브라운",,,,
,false,,ZARA,상의,탑,여성,언밸런스 니트 탑,https://www.zara.com/kr/ko/%E1%84%8B%E1%85%A5%E1%86%AB%E1%84%87%E1%85%A2%E1%86%AF%E1%84%85%E1%85%A5%E1%86%AB%E1%84%89%E1%85%B3-%E1%84%82%E1%85%B5%E1%84%90%E1%85%B3-%E1%84%90%E1%85%A1%E1%86%B8-p06873004.html,https://static.zara.net/assets/public/28ec/03be/c3364e508434/08442b67a150/06873004712-p/06873004712-p.jpg?ts=1775054842951,"₩49,900",,,260622,크림,,,,
,false,,ZARA,상의,티셔츠,여성,보트넥 탑,https://www.zara.com/kr/ko/%E1%84%87%E1%85%A9%E1%84%90%E1%85%B3%E1%84%82%E1%85%A6%E1%86%A8-%E1%84%90%E1%85%A1%E1%86%B8-p03641301.html,https://static.zara.net/assets/public/d914/5563/7211404aa2ca/4022f00585de/03641301626-ult/03641301626-ult.jpg?ts=1775221206284,"₩21,900",,,260622,화이트 로즈핑크,,,,
,false,,ZARA,상의,티셔츠,여성,보트넥 탑,https://www.zara.com/kr/ko/%E1%84%87%E1%85%A9%E1%84%90%E1%85%B3%E1%84%82%E1%85%A6%E1%86%A8-%E1%84%90%E1%85%A1%E1%86%B8-p03641301.html,https://static.zara.net/assets/public/b216/121b/38f044f7aacf/966c2bd708f3/03641301250-p/03641301250-p.jpg?ts=1775027737264,"₩21,900",,,260622,화이트,,,,
,false,,ZARA,상의,티셔츠,여성,보트넥 탑,https://www.zara.com/kr/ko/%E1%84%87%E1%85%A9%E1%84%90%E1%85%B3%E1%84%82%E1%85%A6%E1%86%A8-%E1%84%90%E1%85%A1%E1%86%B8-p03641301.html,https://static.zara.net/assets/public/d1cd/2a9c/01df4225b666/6e0c68a3f037/03641301406-p/03641301406-p.jpg?ts=1775027742291,"₩21,900",,,260622,라이트 블루,,,,
,false,,ZARA,상의,탑,여성,허니콤 니트 탑,https://www.zara.com/kr/ko/%E1%84%92%E1%85%A5%E1%84%82%E1%85%B5%E1%84%8F%E1%85%A9%E1%86%B7-%E1%84%82%E1%85%B5%E1%84%90%E1%85%B3-%E1%84%90%E1%85%A1%E1%86%B8-p06236005.html,https://static.zara.net/assets/public/4110/4009/535d4dd0942b/d3446dea763b/06236005712-p/06236005712-p.jpg?ts=1773851101341,"₩45,900",,,260622,크림,,,,
,false,,ZARA,상의,탑,여성,포인텔 니트 탑,https://www.zara.com/kr/ko/%E1%84%91%E1%85%A9%E1%84%8B%E1%85%B5%E1%86%AB%E1%84%90%E1%85%A6%E1%86%AF-%E1%84%82%E1%85%B5%E1%84%90%E1%85%B3-%E1%84%90%E1%85%A1%E1%86%B8-p02142201.html,https://static.zara.net/assets/public/5408/cb60/4ef947b789e2/8ef20eb633f6/02142201800-p/02142201800-p.jpg?ts=1773851066945,"₩49,900",,,260622,블랙,,,,
,false,,ZARA,상의,탑,여성,코르셋 셔링 탑,https://www.zara.com/kr/ko/%E1%84%8F%E1%85%A9%E1%84%85%E1%85%B3%E1%84%89%E1%85%A6%E1%86%BA-%E1%84%89%E1%85%A7%E1%84%85%E1%85%B5%E1%86%BC-%E1%84%90%E1%85%A1%E1%86%B8-p03641396.html,https://static.zara.net/assets/public/aa20/6695/dfad4441b249/3d732a27f28d/03641396250-p/03641396250-p.jpg?ts=1777036214366,"₩29,900",,,260622,화이트,,,,
,false,,ZARA,상의,탑,여성,셔링 콤비 탑,https://www.zara.com/kr/ko/%E1%84%89%E1%85%A7%E1%84%85%E1%85%B5%E1%86%BC-%E1%84%8F%E1%85%A9%E1%86%B7%E1%84%87%E1%85%B5-%E1%84%90%E1%85%A1%E1%86%B8-p04174186.html,https://static.zara.net/assets/public/5e6d/9cfa/dc4b45189b0a/f8d27afd6cdc/04174186250-p/04174186250-p.jpg?ts=1777036214236,"₩39,900",,,260622,화이트,,,,
,false,,ZARA,상의,셔츠/블라우스,여성,토글 레이스 탑,https://www.zara.com/kr/ko/%E1%84%90%E1%85%A9%E1%84%80%E1%85%B3%E1%86%AF-%E1%84%85%E1%85%A6%E1%84%8B%E1%85%B5%E1%84%89%E1%85%B3-%E1%84%90%E1%85%A1%E1%86%B8-p04007653.html,https://static.zara.net/assets/public/9953/96af/6b9143f5a9ce/8eeda3b84722/04007653800-a2/04007653800-a2.jpg?ts=1780049571805,"₩55,900",,,260622,블랙,,,,
,false,,ZARA,기타,WAISTCOAT,여성,버튼 홀터넥 베스트 탑,https://www.zara.com/kr/ko/%E1%84%87%E1%85%A5%E1%84%90%E1%85%B3%E1%86%AB-%E1%84%92%E1%85%A9%E1%86%AF%E1%84%90%E1%85%A5%E1%84%82%E1%85%A6%E1%86%A8-%E1%84%87%E1%85%A6%E1%84%89%E1%85%B3%E1%84%90%E1%85%B3-%E1%84%90%E1%85%A1%E1%86%B8-p07794603.html,https://static.zara.net/assets/public/d17f/818e/40074300bc0e/d253aa29ab0e/07794603800-p/07794603800-p.jpg?ts=1780049674838,"₩57,900",,,260622,블랙,,,,
,false,,ZARA,상의,셔츠/블라우스,여성,벨트 린넨 숄더 패드 탑,https://www.zara.com/kr/ko/%E1%84%87%E1%85%A6%E1%86%AF%E1%84%90%E1%85%B3-%E1%84%85%E1%85%B5%E1%86%AB%E1%84%82%E1%85%A6%E1%86%AB-%E1%84%89%E1%85%AD%E1%86%AF%E1%84%83%E1%85%A5-%E1%84%91%E1%85%A2%E1%84%83%E1%85%B3-%E1%84%90%E1%85%A1%E1%86%B8-p02605801.html,https://static.zara.net/assets/public/27dc/a4b1/e8ff4d68b9a0/9206822fceef/02605801716-p/02605801716-p.jpg?ts=1776421097390,"₩49,900",,,260622,다크 브라운,,,,
,false,,ZARA,상의,셔츠/블라우스,여성,페플럼 플랫 프론트 탑,https://www.zara.com/kr/ko/%E1%84%91%E1%85%A6%E1%84%91%E1%85%B3%E1%86%AF%E1%84%85%E1%85%A5%E1%86%B7-%E1%84%91%E1%85%B3%E1%86%AF%E1%84%85%E1%85%A2%E1%86%BA-%E1%84%91%E1%85%B3%E1%84%85%E1%85%A9%E1%86%AB%E1%84%90%E1%85%B3-%E1%84%90%E1%85%A1%E1%86%B8-p02610769.html,https://static.zara.net/assets/public/c4a3/0b0a/d9274681aba4/1709b590dea8/02610769730-p/02610769730-p.jpg?ts=1776421102316,"₩55,900",,,260622,라이트 브라운,,,,
,false,,ZARA,기타,WAISTCOAT,여성,벌룬 지퍼 베스트,https://www.zara.com/kr/ko/%E1%84%87%E1%85%A5%E1%86%AF%E1%84%85%E1%85%AE%E1%86%AB-%E1%84%8C%E1%85%B5%E1%84%91%E1%85%A5-%E1%84%87%E1%85%A6%E1%84%89%E1%85%B3%E1%84%90%E1%85%B3-p08372093.html,https://static.zara.net/assets/public/3ac9/27df/6be8423eb3f2/281916f4fad8/08372093505-p/08372093505-p.jpg?ts=1773161236572,"₩57,900",,,260622,카키,,,,
,false,,ZARA,상의,셔츠/블라우스,여성,포플린 벌룬 탑,https://www.zara.com/kr/ko/%E1%84%91%E1%85%A9%E1%84%91%E1%85%B3%E1%86%AF%E1%84%85%E1%85%B5%E1%86%AB-%E1%84%87%E1%85%A5%E1%86%AF%E1%84%85%E1%85%AE%E1%86%AB-%E1%84%90%E1%85%A1%E1%86%B8-p08372114.html,https://static.zara.net/assets/public/1d04/1329/f2cc45288e0d/8020d8754b4c/08372114712-p/08372114712-p.jpg?ts=1773160653448,"₩49,900",,,260622,크림,,,,
,false,,ZARA,상의,탑,여성,버튼 페플럼 탑,https://www.zara.com/kr/ko/%E1%84%87%E1%85%A5%E1%84%90%E1%85%B3%E1%86%AB-%E1%84%91%E1%85%A6%E1%84%91%E1%85%B3%E1%86%AF%E1%84%85%E1%85%A5%E1%86%B7-%E1%84%90%E1%85%A1%E1%86%B8-p05584292.html,https://static.zara.net/assets/public/c44a/241c/8a914931b7d7/c5982a681848/05584292600-p/05584292600-p.jpg?ts=1776163246469,"₩45,900",,,260622,레드,,,,
,false,,ZARA,상의,탑,여성,페플럼 버튼 탑,https://www.zara.com/kr/ko/%E1%84%87%E1%85%A5%E1%84%90%E1%85%B3%E1%86%AB-%E1%84%91%E1%85%A6%E1%84%91%E1%85%B3%E1%86%AF%E1%84%85%E1%85%A5%E1%86%B7-%E1%84%90%E1%85%A1%E1%86%B8-p05584292.html,https://static.zara.net/assets/public/abca/f495/5a574a0d8ee6/dc8af70a0648/05584292251-p/05584292251-p.jpg?ts=1776163242239,"₩45,900",,,260622,스크래치 화이트,,,,
,false,,ZARA,상의,탑,여성,버튼 페플럼 탑,https://www.zara.com/kr/ko/%E1%84%87%E1%85%A5%E1%84%90%E1%85%B3%E1%86%AB-%E1%84%91%E1%85%A6%E1%84%91%E1%85%B3%E1%86%AF%E1%84%85%E1%85%A5%E1%86%B7-%E1%84%90%E1%85%A1%E1%86%B8-p05584292.html,https://static.zara.net/assets/public/c5f8/642e/acc3400397f9/a80c8ca96bd7/05584292800-p/05584292800-p.jpg?ts=1776163247423,"₩45,900",,,260622,블랙,,,,
,false,,ZARA,상의,셔츠/블라우스,여성,태피터 벌룬 탑,https://www.zara.com/kr/ko/%E1%84%90%E1%85%A2%E1%84%91%E1%85%B5%E1%84%90%E1%85%A5-%E1%84%87%E1%85%A5%E1%86%AF%E1%84%85%E1%85%AE%E1%86%AB-%E1%84%90%E1%85%A1%E1%86%B8-p02248032.html,https://static.zara.net/assets/public/8d5e/33d0/248d41d295ca/26e6266c3801/02248032630-p/02248032630-p.jpg?ts=1772193741911,"₩59,900",,,260622,자주색,,,,
,false,,ZARA,상의,셔츠/블라우스,여성,벌룬 포플린 크롭 탑,https://www.zara.com/kr/ko/%E1%84%87%E1%85%A5%E1%86%AF%E1%84%85%E1%85%AE%E1%86%AB-%E1%84%91%E1%85%A9%E1%84%91%E1%85%B3%E1%86%AF%E1%84%85%E1%85%B5%E1%86%AB-%E1%84%8F%E1%85%B3%E1%84%85%E1%85%A9%E1%86%B8-%E1%84%90%E1%85%A1%E1%86%B8-p02304200.html,https://static.zara.net/assets/public/b0a5/7763/8c7b4242b791/ba487bf19155/02304200250-p/02304200250-p.jpg?ts=1772193748862,"₩55,900",,,260622,화이트,,,,
,false,,ZARA,상의,셔츠/블라우스,여성,ZW 컬렉션 프린지 홀터넥 탑,https://www.zara.com/kr/ko/zw-%E1%84%8F%E1%85%A5%E1%86%AF%E1%84%85%E1%85%A6%E1%86%A8%E1%84%89%E1%85%A7%E1%86%AB-%E1%84%91%E1%85%B3%E1%84%85%E1%85%B5%E1%86%AB%E1%84%8C%E1%85%B5-%E1%84%92%E1%85%A9%E1%86%AF%E1%84%90%E1%85%A5%E1%84%82%E1%85%A6%E1%86%A8-%E1%84%90%E1%85%A1%E1%86%B8-p01106828.html,https://static.zara.net/assets/public/fb27/df24/af094233ad0d/cc671d4acc89/01106828715-p/01106828715-p.jpg?ts=1773334205522,"₩89,900",,,260622,미디움 크림,,,,
,false,,ZARA,상의,셔츠/블라우스,여성,아일릿 홀터넥 탑,https://www.zara.com/kr/ko/%E1%84%87%E1%85%A5%E1%84%90%E1%85%B3%E1%86%AB-%E1%84%92%E1%85%A9%E1%86%AF-%E1%84%92%E1%85%A9%E1%86%AF%E1%84%90%E1%85%A5%E1%84%82%E1%85%A6%E1%86%A8-%E1%84%90%E1%85%A1%E1%86%B8-p01416029.html,https://static.zara.net/assets/public/a0bf/1773/aaba4ae592db/d0bc24dcb7a3/01416029251-1-p/01416029251-1-p.jpg?ts=1779896492634,"₩55,900",,,260622,스크래치 화이트,,,,
,false,,ZARA,상의,셔츠/블라우스,여성,숏 슬리브 버튼 탑,https://www.zara.com/kr/ko/%E1%84%87%E1%85%A5%E1%84%90%E1%85%B3%E1%86%AB-%E1%84%87%E1%85%A1%E1%86%AB%E1%84%89%E1%85%A9%E1%84%86%E1%85%A2-%E1%84%90%E1%85%A1%E1%86%B8-p07015473.html,https://static.zara.net/assets/public/0efe/4e29/76354cd19979/0a145761fb2a/07754477500-001-p/07754477500-001-p.jpg?ts=1779896695939,"₩55,900",,,260622,테라코타,,,,
,false,,ZARA,상의,탑,여성,언밸런스 리브드 니트 탑,https://www.zara.com/kr/ko/%E1%84%8B%E1%85%A5%E1%86%AB%E1%84%87%E1%85%A2%E1%86%AF%E1%84%85%E1%85%A5%E1%86%AB%E1%84%89%E1%85%B3-%E1%84%85%E1%85%B5%E1%84%87%E1%85%B3%E1%84%83%E1%85%B3-%E1%84%82%E1%85%B5%E1%84%90%E1%85%B3-%E1%84%90%E1%85%A1%E1%86%B8-p04331002.html,https://static.zara.net/assets/public/bc58/7ba7/a6214aa58e38/e5de89e04281/04331002520-p/04331002520-p.jpg?ts=1779272136519,"₩39,900",,,260622,라임,,,,
,false,,ZARA,상의,셔츠/블라우스,여성,비즈 프린트 지오젯 홀터넥 탑,https://www.zara.com/kr/ko/%E1%84%87%E1%85%B5%E1%84%8C%E1%85%B3-%E1%84%91%E1%85%B3%E1%84%85%E1%85%B5%E1%86%AB%E1%84%90%E1%85%B3-%E1%84%8C%E1%85%B5%E1%84%8B%E1%85%A9%E1%84%8C%E1%85%A6%E1%86%BA-%E1%84%92%E1%85%A9%E1%86%AF%E1%84%90%E1%85%A5%E1%84%82%E1%85%A6%E1%86%A8-%E1%84%90%E1%85%A1%E1%86%B8-p07521025.html,https://static.zara.net/assets/public/6eb9/020f/a5d84724814f/e5a0b5db5a93/07521025605-p/07521025605-p.jpg?ts=1779272169151,"₩59,900",,,260622,석류,,,,
,false,,ZARA,상의,셔츠/블라우스,여성,플라워 스트라이프 코르셋 탑,https://www.zara.com/kr/ko/%E1%84%91%E1%85%B3%E1%86%AF%E1%84%85%E1%85%A1%E1%84%8B%E1%85%AF-%E1%84%89%E1%85%B3%E1%84%90%E1%85%B3%E1%84%85%E1%85%A1%E1%84%8B%E1%85%B5%E1%84%91%E1%85%B3-%E1%84%8F%E1%85%A9%E1%84%85%E1%85%B3%E1%84%89%E1%85%A6%E1%86%BA-%E1%84%90%E1%85%A1%E1%86%B8-p03231544.html,https://static.zara.net/assets/public/9ee7/b039/64434006868f/c4ed83c257fb/03231544620-p/03231544620-p.jpg?ts=1777019325157,"₩49,900",,,260622,로즈핑크,,,,
,false,,ZARA,상의,셔츠/블라우스,여성,허니콤 깅엄 체크 탑,https://www.zara.com/kr/ko/%E1%84%80%E1%85%B5%E1%86%BC%E1%84%8B%E1%85%A5%E1%86%B7-%E1%84%8E%E1%85%A6%E1%84%8F%E1%85%B3-%E1%84%92%E1%85%A5%E1%84%82%E1%85%B5%E1%84%8F%E1%85%A9%E1%86%B7-%E1%84%90%E1%85%A1%E1%86%B8-p02358659.html,https://static.zara.net/assets/public/87d7/07ed/4fa04a76a4fd/412f7d3fdcb5/02358659087-p/02358659087-p.jpg?ts=1770803360265,"₩55,900",,,260622,"브라운,크림",,,,
,false,,ZARA,상의,셔츠/블라우스,여성,벌룬 포플린 탑,https://www.zara.com/kr/ko/%E1%84%87%E1%85%A5%E1%86%AF%E1%84%85%E1%85%AE%E1%86%AB-%E1%84%91%E1%85%A9%E1%84%91%E1%85%B3%E1%86%AF%E1%84%85%E1%85%B5%E1%86%AB-%E1%84%90%E1%85%A1%E1%86%B8-p05029067.html,https://static.zara.net/assets/public/d1cc/b55a/6f4547e3ab13/ae5d31aeb5c2/05029067250-p/05029067250-p.jpg?ts=1770803372327,"₩49,900",,,260622,화이트,,,,
,false,,ZARA,상의,탑,여성,리브드 스트랩 티셔츠,https://www.zara.com/kr/ko/%E1%84%85%E1%85%B5%E1%84%87%E1%85%B3%E1%84%83%E1%85%B3-%E1%84%89%E1%85%B3%E1%84%90%E1%85%B3%E1%84%85%E1%85%A2%E1%86%B8-%E1%84%90%E1%85%B5%E1%84%89%E1%85%A7%E1%84%8E%E1%85%B3-p05039001.html,https://static.zara.net/assets/public/88ff/6233/5af14774bf88/d99dedcaf05b/05039001052-a1/05039001052-a1.jpg?ts=1769431524128,"₩29,900",,,260622,라이트 베이지,,,,
,false,,ZARA,상의,티셔츠,여성,리브드 브이넥 탑,https://www.zara.com/kr/ko/%E1%84%85%E1%85%B5%E1%84%87%E1%85%B3%E1%84%83%E1%85%B3-%E1%84%87%E1%85%B3%E1%84%8B%E1%85%B5%E1%84%82%E1%85%A6%E1%86%A8-%E1%84%90%E1%85%A1%E1%86%B8-p03253336.html,https://static.zara.net/assets/public/904b/0818/a2944be8b2bf/abf64831b434/T9152036859-p/T9152036859-p.jpg?ts=1775051826882,"₩17,900",,,260622,화이트,,,,
,false,,ZARA,기타,WAISTCOAT,여성,플라워 홀터넥 탑,https://www.zara.com/kr/ko/%E1%84%91%E1%85%B3%E1%86%AF%E1%84%85%E1%85%A1%E1%84%8B%E1%85%AF-%E1%84%92%E1%85%A9%E1%86%AF%E1%84%90%E1%85%A5%E1%84%82%E1%85%A6%E1%86%A8-%E1%84%90%E1%85%A1%E1%86%B8-p02010728.html,https://static.zara.net/assets/public/bc81/c178/5ed64395850c/fe173c9842df/02010728330-p/02010728330-p.jpg?ts=1773835681239,"₩55,900",,,260622,멀티컬러,,,,
,false,,ZARA,상의,탑,여성,컷아웃 니트 탑,https://www.zara.com/kr/ko/%E1%84%8F%E1%85%A5%E1%86%BA%E1%84%8B%E1%85%A1%E1%84%8B%E1%85%AE%E1%86%BA-%E1%84%82%E1%85%B5%E1%84%90%E1%85%B3-%E1%84%90%E1%85%A1%E1%86%B8-p04938007.html,https://static.zara.net/assets/public/4c96/e621/fd1e496383c4/89cbe176947d/04938007539-p/04938007539-p.jpg?ts=1773848570213,"₩39,900",,,260622,네온 라임,,,,
,false,,ZARA,기타,BODYSUIT,여성,스트레치 니트 컷아웃 홀터넥 바디수트,https://www.zara.com/kr/ko/%E1%84%89%E1%85%B3%E1%84%90%E1%85%B3%E1%84%85%E1%85%A6%E1%84%8E%E1%85%B5-%E1%84%82%E1%85%B5%E1%84%90%E1%85%B3-%E1%84%8F%E1%85%A5%E1%86%BA%E1%84%8B%E1%85%A1%E1%84%8B%E1%85%AE%E1%86%BA-%E1%84%92%E1%85%A9%E1%86%AF%E1%84%90%E1%85%A5%E1%84%82%E1%85%A6%E1%86%A8-%E1%84%87%E1%85%A1%E1%84%83%E1%85%B5%E1%84%89%E1%85%AE%E1%84%90%E1%85%B3-p05584374.html,https://static.zara.net/assets/public/4f29/325e/070649bca64a/3f5203ad89be/05584374800-p/05584374800-p.jpg?ts=1773258887013,"₩45,900",,,260622,블랙,,,,
,false,,ZARA,상의,탑,여성,하트 파인 니트 탑,https://www.zara.com/kr/ko/%E1%84%92%E1%85%A1%E1%84%90%E1%85%B3-%E1%84%91%E1%85%A1%E1%84%8B%E1%85%B5%E1%86%AB-%E1%84%82%E1%85%B5%E1%84%90%E1%85%B3-%E1%84%90%E1%85%A1%E1%86%B8-p09874008.html,https://static.zara.net/assets/public/b897/b04d/3ed84ae2b1e4/2c5e71048d35/09874008401-p/09874008401-p.jpg?ts=1769764657556,"₩49,900",,,260622,네이비,,,,
,false,,ZARA,상의,탑,여성,하트 파인 니트 탑,https://www.zara.com/kr/ko/%E1%84%92%E1%85%A1%E1%84%90%E1%85%B3-%E1%84%91%E1%85%A2%E1%84%90%E1%85%A5%E1%86%AB-%E1%84%8B%E1%85%A3%E1%86%B2%E1%84%8B%E1%85%B3%E1%86%AB-%E1%84%82%E1%85%B5%E1%84%90%E1%85%B3-%E1%84%89%E1%85%B3%E1%84%8B%E1%85%B0%E1%84%90%E1%85%A5-p09598040.html,https://static.zara.net/assets/public/4686/cd95/27e847cda0db/a19740b82a0f/09598040625-p/09598040625-p.jpg?ts=1769764656807,"₩49,900",,,260622,그레이 로즈,,,,
,false,,ZARA,상의,탑,여성,신축성 홀터 크롭 탑,https://www.zara.com/kr/ko/%E1%84%89%E1%85%B5%E1%86%AB%E1%84%8E%E1%85%AE%E1%86%A8%E1%84%89%E1%85%A5%E1%86%BC-%E1%84%92%E1%85%A9%E1%86%AF%E1%84%90%E1%85%A5%E1%84%82%E1%85%A6%E1%86%A8-%E1%84%8F%E1%85%B3%E1%84%85%E1%85%A9%E1%86%B8-%E1%84%90%E1%85%A1%E1%86%B8-p03641330.html,https://static.zara.net/assets/public/5203/8308/7fcf4f62bca8/936bdbc5bdd2/03641330800-p/03641330800-p.jpg?ts=1776244721656,"₩29,900",,,260622,블랙,,,,
,false,,ZARA,상의,탑,여성,신축성 크롭 탑,https://www.zara.com/kr/ko/%E1%84%89%E1%85%B3%E1%84%90%E1%85%B3%E1%84%85%E1%85%A6%E1%84%8E%E1%85%B5-%E1%84%8F%E1%85%B3%E1%84%85%E1%85%A9%E1%86%B8-%E1%84%90%E1%85%A1%E1%86%B8-p03641314.html,https://static.zara.net/assets/public/6c12/fd07/6263427d991d/5bca5550ebaf/03641314800-p/03641314800-p.jpg?ts=1776243051681,"₩29,900",,,260622,블랙,,,,
,false,,ZARA,상의,탑,여성,스트럭처 니트 탑,https://www.zara.com/kr/ko/%E1%84%89%E1%85%B3%E1%84%90%E1%85%B3%E1%84%85%E1%85%A5%E1%86%A8%E1%84%8E%E1%85%A5-%E1%84%82%E1%85%B5%E1%84%90%E1%85%B3-%E1%84%90%E1%85%A1%E1%86%B8-p05802001.html,https://static.zara.net/assets/public/56b3/707e/3dad49ef98c1/53fa369a98de/05802001600-p/05802001600-p.jpg?ts=1779441371255,"₩39,900",,,260622,레드,,,,
,false,,ZARA,상의,탑,여성,스트라이프 스트럭처 니트 탑,https://www.zara.com/kr/ko/%E1%84%89%E1%85%B3%E1%84%90%E1%85%B3%E1%84%85%E1%85%A1%E1%84%8B%E1%85%B5%E1%84%91%E1%85%B3-%E1%84%89%E1%85%B3%E1%84%90%E1%85%B3%E1%84%85%E1%85%A5%E1%86%A8%E1%84%8E%E1%85%A5-%E1%84%82%E1%85%B5%E1%84%90%E1%85%B3-%E1%84%90%E1%85%A1%E1%86%B8-p03991010.html,https://static.zara.net/assets/public/5465/1ed3/b90d46ed90aa/f071ebfece5d/03991010087-p/03991010087-p.jpg?ts=1779451767940,"₩39,900",,,260622,"브라운,크림",,,,
,false,,ZARA,상의,탑,여성,홀터넥 탑,https://www.zara.com/kr/ko/%E1%84%92%E1%85%A9%E1%86%AF%E1%84%90%E1%85%A5%E1%84%82%E1%85%A6%E1%86%A8-%E1%84%90%E1%85%A1%E1%86%B8-p04424319.html,https://static.zara.net/assets/public/5f87/ab34/f41d409a8bdd/746ee6d44818/05479718806-001-p/05479718806-001-p.jpg?ts=1771834939336,"₩17,900",,,260622,레드베리,,,,
,false,,ZARA,상의,탑,여성,스트럭처 니트 탑,https://www.zara.com/kr/ko/%E1%84%89%E1%85%B3%E1%84%90%E1%85%B3%E1%84%85%E1%85%A5%E1%86%A8%E1%84%8E%E1%85%A5-%E1%84%82%E1%85%B5%E1%84%90%E1%85%B3-%E1%84%90%E1%85%A1%E1%86%B8-p06873002.html,https://static.zara.net/assets/public/350d/c95f/2e454529844c/3ef79f8949ec/06873002620-p/06873002620-p.jpg?ts=1771589326292,"₩45,900",,,260622,로즈핑크,,,,
,false,,ZARA,상의,셔츠/블라우스,여성,페이크 스웨이드 셔링 슬리브리스 탑,https://www.zara.com/kr/ko/%E1%84%91%E1%85%A6%E1%84%8B%E1%85%B5%E1%84%8F%E1%85%B3-%E1%84%89%E1%85%B3%E1%84%8B%E1%85%B0%E1%84%8B%E1%85%B5%E1%84%83%E1%85%B3-%E1%84%89%E1%85%A7%E1%84%85%E1%85%B5%E1%86%BC-%E1%84%89%E1%85%AD%E1%86%AF%E1%84%83%E1%85%A5-%E1%84%90%E1%85%A1%E1%86%B8-p02546710.html,https://static.zara.net/assets/public/396a/574d/58ab410bbe11/835ba0f89fbf/02546710172-p/02546710172-p.jpg?ts=1776338788243,"₩49,900",,,260622,MARSALA,,,,
,false,,ZARA,상의,티셔츠,여성,드레이프 크로스 네크라인 탑,https://www.zara.com/kr/ko/%E1%84%83%E1%85%B3%E1%84%85%E1%85%A6%E1%84%8B%E1%85%B5%E1%84%91%E1%85%B3-%E1%84%8F%E1%85%B3%E1%84%85%E1%85%A9%E1%84%89%E1%85%B3-%E1%84%82%E1%85%A6%E1%84%8F%E1%85%B3%E1%84%85%E1%85%A1%E1%84%8B%E1%85%B5%E1%86%AB-%E1%84%90%E1%85%A1%E1%86%B8-p05039224.html,https://static.zara.net/assets/public/b3b8/30d1/495943d5925f/b3a4198b1275/05039224524-a1/05039224524-a1.jpg?ts=1758103105822,"₩39,900",,,260622,그레이 그린,,,,
,false,,ZARA,상의,티셔츠,여성,드레이프 크로스 네크라인 탑,https://www.zara.com/kr/ko/%E1%84%83%E1%85%B3%E1%84%85%E1%85%A6%E1%84%8B%E1%85%B5%E1%84%91%E1%85%B3-%E1%84%8F%E1%85%B3%E1%84%85%E1%85%A9%E1%84%89%E1%85%B3-%E1%84%82%E1%85%A6%E1%84%8F%E1%85%B3%E1%84%85%E1%85%A1%E1%84%8B%E1%85%B5%E1%86%AB-%E1%84%90%E1%85%A1%E1%86%B8-p05039224.html,https://static.zara.net/assets/public/18db/50f5/910e44108da0/990ce5196926/03666173686-a1/03666173686-a1.jpg?ts=1771411116233,"₩39,900",,,260622,비고레 브라운,,,,
,false,,ZARA,상의,티셔츠,여성,페플럼 콤비 탑,https://www.zara.com/kr/ko/%E1%84%91%E1%85%A6%E1%84%91%E1%85%B3%E1%86%AF%E1%84%85%E1%85%A5%E1%86%B7-%E1%84%8F%E1%85%A9%E1%86%B7%E1%84%87%E1%85%B5-%E1%84%90%E1%85%A1%E1%86%B8-p05644002.html,https://static.zara.net/assets/public/f072/150e/7c5240168082/9bad731a8b6a/05644002250-p/05644002250-p.jpg?ts=1771854218723,"₩39,900",,,260622,화이트,,,,
,false,,ZARA,상의,셔츠/블라우스,여성,벌룬 슬리브 리본 탑,https://www.zara.com/kr/ko/%E1%84%85%E1%85%B5%E1%84%87%E1%85%A9%E1%86%AB-%E1%84%87%E1%85%A5%E1%86%AF%E1%84%85%E1%85%AE%E1%86%AB-%E1%84%90%E1%85%A1%E1%86%B8-p04387054.html,https://static.zara.net/assets/public/0505/a861/620b48499b66/febf90d902fb/04387054250-p/04387054250-p.jpg?ts=1772557063266,"₩45,900",,,260622,화이트,,,,
,false,,ZARA,상의,탑,여성,와이드 슬리브 니트 탑,https://www.zara.com/kr/ko/%E1%84%8B%E1%85%AA%E1%84%8B%E1%85%B5%E1%84%83%E1%85%B3-%E1%84%89%E1%85%B3%E1%86%AF%E1%84%85%E1%85%B5%E1%84%87%E1%85%B3-%E1%84%82%E1%85%B5%E1%84%90%E1%85%B3-%E1%84%90%E1%85%A1%E1%86%B8-p03433004.html,https://static.zara.net/assets/public/f17e/253a/311d4aa28814/1b66a9d6c711/03433004401-p/03433004401-p.jpg?ts=1772038894310,"₩45,900",,,260622,네이비,,,,
,false,,ZARA,상의,탑,여성,와이드 슬리브 니트 탑,https://www.zara.com/kr/ko/%E1%84%8B%E1%85%AA%E1%84%8B%E1%85%B5%E1%84%83%E1%85%B3-%E1%84%89%E1%85%B3%E1%86%AF%E1%84%85%E1%85%B5%E1%84%87%E1%85%B3-%E1%84%82%E1%85%B5%E1%84%90%E1%85%B3-%E1%84%90%E1%85%A1%E1%86%B8-p03433004.html,https://static.zara.net/assets/public/e56e/1f5e/fa2e46b792c7/3c6f110acb2e/03433004104-p/03433004104-p.jpg?ts=1772038891697,"₩45,900",,,260622,스트라이프,,,,
,false,,ZARA,상의,탑,여성,니트 튜닉 탑,https://www.zara.com/kr/ko/%E1%84%82%E1%85%B5%E1%84%90%E1%85%B3-%E1%84%90%E1%85%B2%E1%84%82%E1%85%B5%E1%86%A8-%E1%84%90%E1%85%A1%E1%86%B8-p09598018.html,https://static.zara.net/assets/public/8d62/be73/72784c728cd8/dfe4f621231d/09598018401-p/09598018401-p.jpg?ts=1774944142619,"₩59,900",,,260622,네이비,,,,
,false,,ZARA,상의,셔츠/블라우스,여성,LIMITED EDITION 스트랩리스 코르셋,https://www.zara.com/kr/ko/limited-edition-%E1%84%89%E1%85%B3%E1%84%90%E1%85%B3%E1%84%85%E1%85%A2%E1%86%B8%E1%84%85%E1%85%B5%E1%84%89%E1%85%B3-%E1%84%8F%E1%85%A9%E1%84%85%E1%85%B3%E1%84%89%E1%85%A6%E1%86%BA-p06339119.html,https://static.zara.net/assets/public/118a/1aba/883c4e73ab60/d1733d37e237/06339119330-p/06339119330-p.jpg?ts=1772645103540,"₩109,900",,,260622,멀티컬러,,,,
,false,,ZARA,상의,셔츠/블라우스,여성,LIMITED EDITION 스트랩리스 코르셋,https://www.zara.com/kr/ko/limited-edition-%E1%84%89%E1%85%B3%E1%84%90%E1%85%B3%E1%84%85%E1%85%A2%E1%86%B8%E1%84%85%E1%85%B5%E1%84%89%E1%85%B3-%E1%84%8F%E1%85%A9%E1%84%85%E1%85%B3%E1%84%89%E1%85%A6%E1%86%BA-p06339119.html,https://static.zara.net/assets/public/1629/d112/873640b2ab29/2d04382cb012/06339119330-1-p/06339119330-1-p.jpg?ts=1772645372138,"₩109,900",,,260622,멀티컬러,,,,
,false,,ZARA,상의,셔츠/블라우스,여성,LIMITED EDITION 스트랩리스 코르셋,https://www.zara.com/kr/ko/limited-edition-%E1%84%89%E1%85%B3%E1%84%90%E1%85%B3%E1%84%85%E1%85%A2%E1%86%B8%E1%84%85%E1%85%B5%E1%84%89%E1%85%B3-%E1%84%8F%E1%85%A9%E1%84%85%E1%85%B3%E1%84%89%E1%85%A6%E1%86%BA-p06339119.html,https://static.zara.net/assets/public/d5c0/14da/264440de8e43/1d993f093bbe/06339119330-2-p/06339119330-2-p.jpg?ts=1772645314486,"₩109,900",,,260622,멀티컬러,,,,
,false,,ZARA,상의,셔츠/블라우스,여성,플로럴 패턴 리본 탑,https://www.zara.com/kr/ko/%E1%84%85%E1%85%B5%E1%84%87%E1%85%A9%E1%86%AB-%E1%84%91%E1%85%B3%E1%86%AF%E1%84%85%E1%85%A9%E1%84%85%E1%85%A5%E1%86%AF-%E1%84%91%E1%85%A2%E1%84%90%E1%85%A5%E1%86%AB-%E1%84%90%E1%85%A1%E1%86%B8-p03043207.html,https://static.zara.net/assets/public/4040/b0a0/65aa435fbcbf/93d5181176e2/03043207330-p/03043207330-p.jpg?ts=1776953754648,"₩55,900",,,260622,멀티컬러,,,,
,false,,ZARA,상의,셔츠/블라우스,여성,새틴 홀터넥 탑,https://www.zara.com/kr/ko/%E1%84%89%E1%85%A2%E1%84%90%E1%85%B5%E1%86%AB-%E1%84%92%E1%85%A9%E1%86%AF%E1%84%90%E1%85%A5%E1%84%82%E1%85%A6%E1%86%A8-%E1%84%90%E1%85%A1%E1%86%B8-p02157221.html,https://static.zara.net/assets/public/980d/11f7/b0e84d2da3ea/49f333e4d8dc/02157221712017-a5/02157221712017-a5.jpg?ts=1778701067115,"₩45,900",,,260622,크림,,,,
,false,,ZARA,상의,탑,여성,도트 패턴 크롭 탑,https://www.zara.com/kr/ko/%E1%84%83%E1%85%A9%E1%84%90%E1%85%B3-%E1%84%91%E1%85%A2%E1%84%90%E1%85%A5%E1%86%AB-%E1%84%8F%E1%85%B3%E1%84%85%E1%85%A9%E1%86%B8-%E1%84%90%E1%85%A1%E1%86%B8-p01067109.html,https://static.zara.net/assets/public/cf76/7632/b4964e3a962f/499779a4300a/01067109712-p/01067109712-p.jpg?ts=1772723493567,"₩49,900",,,260622,크림,,,,
,false,,ZARA,상의,셔츠/블라우스,여성,스트랩 탑,https://www.zara.com/kr/ko/%E1%84%90%E1%85%A2%E1%86%B8-%E1%84%83%E1%85%B5%E1%84%90%E1%85%A6%E1%84%8B%E1%85%B5%E1%86%AF-%E1%84%90%E1%85%A1%E1%86%B8-p01165064.html,https://static.zara.net/assets/public/fadc/1bd8/557946bd8566/3ae7c1dd1309/01165064700-p/01165064700-p.jpg?ts=1772017026770,"₩57,900",,,260622,브라운,,,,
,false,,ZARA,상의,셔츠/블라우스,여성,체크 캐미솔 탑,https://www.zara.com/kr/ko/%E1%84%8E%E1%85%A6%E1%84%8F%E1%85%B3-%E1%84%85%E1%85%A1%E1%86%AB%E1%84%8C%E1%85%A6%E1%84%85%E1%85%B5-%E1%84%89%E1%85%B3%E1%84%90%E1%85%A1%E1%84%8B%E1%85%B5%E1%86%AF-%E1%84%90%E1%85%A1%E1%86%B8-p03666060.html,https://static.zara.net/assets/public/4ce8/0561/5e3348449b88/7c68f7645653/03666060330-p/03666060330-p.jpg?ts=1772017070840,"₩57,900",,,260622,멀티컬러,,,,
,false,,ZARA,상의,셔츠/블라우스,여성,셔링 홀터넥 탑,https://www.zara.com/kr/ko/%E1%84%89%E1%85%A7%E1%84%85%E1%85%B5%E1%86%BC-%E1%84%92%E1%85%A9%E1%86%AF%E1%84%90%E1%85%A5%E1%84%82%E1%85%A6%E1%86%A8-%E1%84%90%E1%85%A1%E1%86%B8-p05721001.html,https://static.zara.net/assets/public/0068/0b3d/cddd4adc91d9/2a74b7363e19/05721001250-p/05721001250-p.jpg?ts=1776871896311,"₩49,900",,,260622,화이트,,,,
,false,,ZARA,상의,셔츠/블라우스,여성,셔링 홀터넥 탑,https://www.zara.com/kr/ko/%E1%84%89%E1%85%A7%E1%84%85%E1%85%B5%E1%86%BC-%E1%84%92%E1%85%A9%E1%86%AF%E1%84%90%E1%85%A5%E1%84%82%E1%85%A6%E1%86%A8-%E1%84%90%E1%85%A1%E1%86%B8-p05721001.html,https://static.zara.net/assets/public/8753/1b5b/3aa34215b5a6/e3843a821b99/05721001800-p/05721001800-p.jpg?ts=1776873305273,"₩49,900",,,260622,블랙,,,,
,false,,ZARA,상의,티셔츠,여성,코튼 린넨 스트랩 탑,https://www.zara.com/kr/ko/%E1%84%8F%E1%85%A9%E1%84%90%E1%85%B3%E1%86%AB-%E1%84%85%E1%85%B5%E1%86%AB%E1%84%82%E1%85%A6%E1%86%AB-%E1%84%89%E1%85%B3%E1%84%90%E1%85%B3%E1%84%85%E1%85%A2%E1%86%B8-%E1%84%90%E1%85%A1%E1%86%B8-p04174253.html,https://static.zara.net/assets/public/d8c0/dd54/9e29426ab4f8/c1f576998f86/03666022712-p/03666022712-p.jpg?ts=1779806227563,"₩21,900",,,260622,라이트 브라운,,,,
,false,,ZARA,기타,WAISTCOAT,여성,홀터넥 버튼 베스트,https://www.zara.com/kr/ko/%E1%84%92%E1%85%A9%E1%86%AF%E1%84%90%E1%85%A5%E1%84%82%E1%85%A6%E1%86%A8-%E1%84%87%E1%85%A5%E1%84%90%E1%85%B3%E1%86%AB-%E1%84%87%E1%85%A6%E1%84%89%E1%85%B3%E1%84%90%E1%85%B3-p07763115.html,https://static.zara.net/assets/public/71b6/81ac/58e34dc982db/ab5eead157d5/07763115712-p/07763115712-p.jpg?ts=1780058774431,"₩79,900",,,260622,크림,,,,
,false,,ZARA,상의,셔츠/블라우스,여성,토글 스트라이프 탑,https://www.zara.com/kr/ko/%E1%84%8B%E1%85%A1%E1%86%AF%E1%84%85%E1%85%A1%E1%84%86%E1%85%A1%E1%84%85%E1%85%A6%E1%84%89%E1%85%B3-%E1%84%89%E1%85%B3%E1%84%90%E1%85%B3%E1%84%85%E1%85%A1%E1%84%8B%E1%85%B5%E1%84%91%E1%85%B3-%E1%84%90%E1%85%A1%E1%86%B8-p03897120.html,https://static.zara.net/assets/public/433a/9f3e/882c42eda547/076c336bae3b/03897120061-p/03897120061-p.jpg?ts=1780059542152,"₩55,900",,,260622,"화이트,레드",,,,
,false,,ZARA,상의,탑,여성,코튼 저지 탑,https://www.zara.com/kr/ko/%E1%84%8F%E1%85%A9%E1%84%90%E1%85%B3%E1%86%AB-%E1%84%8C%E1%85%A5%E1%84%8C%E1%85%B5-%E1%84%90%E1%85%A1%E1%86%B8-p01067631.html,https://static.zara.net/assets/public/4b39/17c6/d6c443cda958/2f538817d06a/T9275966176-p/T9275966176-p.jpg?ts=1770210770342,"₩49,900",,,260622,블랙,,,,
,false,,ZARA,상의,셔츠/블라우스,여성,ZW 컬렉션 비즈 자수 란제리 탑,https://www.zara.com/kr/ko/zw-%E1%84%8F%E1%85%A5%E1%86%AF%E1%84%85%E1%85%A6%E1%86%A8%E1%84%89%E1%85%A7%E1%86%AB-%E1%84%87%E1%85%B5%E1%84%8C%E1%85%B3-%E1%84%8C%E1%85%A1%E1%84%89%E1%85%AE-%E1%84%85%E1%85%A1%E1%86%AB%E1%84%8C%E1%85%A6%E1%84%85%E1%85%B5-%E1%84%90%E1%85%A1%E1%86%B8-p06895052.html,https://static.zara.net/assets/public/f554/ab99/386e4a628759/660a331ed882/06895052800-p/06895052800-p.jpg?ts=1770190819446,"₩89,900",,,260622,블랙,,,,
,false,,ZARA,상의,셔츠/블라우스,여성,Z1975 데님 크로셰 콤비 탑,https://www.zara.com/kr/ko/z1975-%E1%84%83%E1%85%A6%E1%84%82%E1%85%B5%E1%86%B7-%E1%84%8F%E1%85%B3%E1%84%85%E1%85%A9%E1%84%89%E1%85%A8-%E1%84%8F%E1%85%A9%E1%86%B7%E1%84%87%E1%85%B5-%E1%84%90%E1%85%A1%E1%86%B8-p07147038.html,https://static.zara.net/assets/public/f57d/2790/3adb4579b2e7/a518a2d0919a/07147038427-p/07147038427-p.jpg?ts=1777478837058,"₩49,900",,,260622,미디움 블루,,,,
,false,,ZARA,상의,탑,여성,코튼 저지 탑,https://www.zara.com/kr/ko/%E1%84%8F%E1%85%A9%E1%84%90%E1%85%B3%E1%86%AB-%E1%84%8C%E1%85%A5%E1%84%8C%E1%85%B5-%E1%84%90%E1%85%A1%E1%86%B8-p01067631.html,https://static.zara.net/assets/public/e71d/76b8/8955410dac97/7e8dabb16d66/01067631800-a1/01067631800-a1.jpg?ts=1756314822505,"₩49,900",,,260622,블랙,,,,
,false,,ZARA,상의,탑,여성,드레이프 언밸런스 탑,https://www.zara.com/kr/ko/%E1%84%83%E1%85%B3%E1%84%85%E1%85%A6%E1%84%8B%E1%85%B5%E1%84%91%E1%85%B3-%E1%84%8B%E1%85%A5%E1%86%AB%E1%84%87%E1%85%A2%E1%86%AF%E1%84%85%E1%85%A5%E1%86%AB%E1%84%89%E1%85%B3-%E1%84%90%E1%85%A1%E1%86%B8-p05644024.html,https://static.zara.net/assets/public/654c/01dd/4163464786fd/4fe05b3cdf81/05644024800-1-p/05644024800-1-p.jpg?ts=1771438025515,"₩49,900",,,260622,블랙,,,,
,false,,ZARA,상의,티셔츠,여성,리브 크롭 탑,https://www.zara.com/kr/ko/%E1%84%85%E1%85%B5%E1%84%87%E1%85%B3%E1%84%83%E1%85%B3-%E1%84%8F%E1%85%B3%E1%84%85%E1%85%A9%E1%86%B8-%E1%84%90%E1%85%A1%E1%86%B8-p01044150.html,https://static.zara.net/assets/public/c7a9/02ea/a6a54e3a9226/9383c2b11abc/01044150250-p/01044150250-p.jpg?ts=1773247038386,"₩21,900",,,260622,화이트,,,,
,false,,ZARA,상의,티셔츠,여성,리브드 크롭 탑,https://www.zara.com/kr/ko/%E1%84%85%E1%85%B5%E1%84%87%E1%85%B3%E1%84%83%E1%85%B3-%E1%84%8F%E1%85%B3%E1%84%85%E1%85%A9%E1%86%B8-%E1%84%90%E1%85%A1%E1%86%B8-p01044150.html,https://static.zara.net/assets/public/26be/aa21/92e14756bf9d/2e284f2edf20/01044150800-p/01044150800-p.jpg?ts=1773247037191,"₩21,900",,,260622,블랙,,,,
,false,,ZARA,상의,티셔츠,여성,셔링 언밸런스 탑,https://www.zara.com/kr/ko/%E1%84%8B%E1%85%A5%E1%86%AB%E1%84%87%E1%85%A2%E1%86%AF%E1%84%85%E1%85%A5%E1%86%AB%E1%84%89%E1%85%B3-%E1%84%89%E1%85%A7%E1%84%85%E1%85%B5%E1%86%BC-%E1%84%90%E1%85%A1%E1%86%B8-p03641369.html,https://static.zara.net/assets/public/a89f/96bc/0bf5474e9f9e/c6be043b6368/03641369251-a3/03641369251-a3.jpg?ts=1774953970043,"₩39,900",,,260622,스크래치 화이트,,,,
,false,,ZARA,상의,탑,여성,스트라이프 니트 탑,https://www.zara.com/kr/ko/%E1%84%89%E1%85%B3%E1%84%90%E1%85%B3%E1%84%85%E1%85%A1%E1%84%8B%E1%85%B5%E1%84%91%E1%85%B3-%E1%84%82%E1%85%B5%E1%84%90%E1%85%B3-%E1%84%90%E1%85%A1%E1%86%B8-p02893056.html,https://static.zara.net/assets/public/7512/5fb9/cb724c4c9e5f/dad494722faf/02893056330-p/02893056330-p.jpg?ts=1777285627379,"₩45,900",,,260622,멀티컬러,,,,
,false,,ZARA,상의,셔츠/블라우스,여성,셔링 홀터넥 탑,https://www.zara.com/kr/ko/%E1%84%89%E1%85%A7%E1%84%85%E1%85%B5%E1%86%BC-%E1%84%92%E1%85%A9%E1%86%AF%E1%84%90%E1%85%A5%E1%84%82%E1%85%A6%E1%86%A8-%E1%84%90%E1%85%A1%E1%86%B8-p05721001.html,https://static.zara.net/assets/public/2c4f/add0/9ac74f55a634/2afb1972bba8/05721001800-p/05721001800-p.jpg?ts=1774609771750,"₩49,900",,,260622,블랙,,,,
,false,,ZARA,상의,탑,여성,코르셋 니트 탑,https://www.zara.com/kr/ko/%E1%84%8F%E1%85%A9%E1%84%85%E1%85%B3%E1%84%89%E1%85%A6%E1%86%BA-%E1%84%82%E1%85%B5%E1%84%90%E1%85%B3-%E1%84%90%E1%85%A1%E1%86%B8-p05802012.html,https://static.zara.net/assets/public/82ae/1e50/ca4241528c0f/c0adb73d7f50/05802012800-p/05802012800-p.jpg?ts=1774609772363,"₩49,900",,,260622,블랙,,,,
,false,,ZARA,상의,셔츠/블라우스,여성,ZW 컬렉션 반소매 탑,https://www.zara.com/kr/ko/zw-%E1%84%8F%E1%85%A5%E1%86%AF%E1%84%85%E1%85%A6%E1%86%A8%E1%84%89%E1%85%A7%E1%86%AB-%E1%84%87%E1%85%A1%E1%86%AB%E1%84%89%E1%85%A9%E1%84%86%E1%85%A2-%E1%84%90%E1%85%A1%E1%86%B8-p01095013.html,https://static.zara.net/assets/public/0c4e/8c7c/741349b0a798/eae9450d2fec/01095013251-p/01095013251-p.jpg?ts=1770901264504,"₩79,900",,,260622,스크래치 화이트,,,,
,false,,ZARA,상의,탑,여성,페플럼 니트 탑,https://www.zara.com/kr/ko/%E1%84%91%E1%85%A6%E1%84%91%E1%85%B3%E1%86%AF%E1%84%85%E1%85%A5%E1%86%B7-%E1%84%82%E1%85%B5%E1%84%90%E1%85%B3-%E1%84%90%E1%85%A1%E1%86%B8-p09598034.html,https://static.zara.net/assets/public/e4a3/0a1a/59934458860c/968dc5f64f39/09598034712-p/09598034712-p.jpg?ts=1770379587663,"₩55,900",,,260622,크림,,,,
,false,,ZARA,상의,티셔츠,여성,볼륨 프릴 탑,https://www.zara.com/kr/ko/%E1%84%87%E1%85%A9%E1%86%AF%E1%84%85%E1%85%B2%E1%86%B7-%E1%84%89%E1%85%B3%E1%84%90%E1%85%B3%E1%84%85%E1%85%A2%E1%86%B8-%E1%84%90%E1%85%A1%E1%86%B8-p00858467.html,https://static.zara.net/assets/public/44ba/4603/d8404416941a/da61fa815942/00858467250-p/00858467250-p.jpg?ts=1772620155389,"₩49,900",,,260622,화이트,,,,
,false,,ZARA,상의,티셔츠,여성,헤비 코튼 벌룬 홀터넥 탑,https://www.zara.com/kr/ko/%E1%84%92%E1%85%A6%E1%84%87%E1%85%B5-%E1%84%8F%E1%85%A9%E1%84%90%E1%85%B3%E1%86%AB-%E1%84%87%E1%85%A5%E1%86%AF%E1%84%85%E1%85%AE%E1%86%AB-%E1%84%92%E1%85%A9%E1%86%AF%E1%84%90%E1%85%A5%E1%84%82%E1%85%A6%E1%86%A8-%E1%84%90%E1%85%A1%E1%86%B8-p00264469.html,https://static.zara.net/assets/public/a12f/0fb3/2a474dc8af9c/e6d894ee9e9f/00264469250-p/00264469250-p.jpg?ts=1772620155879,"₩39,900",,,260622,화이트,,,,
,false,,ZARA,상의,탑,여성,벌룬 슬리브 셔링 탑,https://www.zara.com/kr/ko/%E1%84%87%E1%85%A5%E1%86%AF%E1%84%85%E1%85%AE%E1%86%AB-%E1%84%89%E1%85%B3%E1%86%AF%E1%84%85%E1%85%B5%E1%84%87%E1%85%B3-%E1%84%89%E1%85%A7%E1%84%85%E1%85%B5%E1%86%BC-%E1%84%90%E1%85%A1%E1%86%B8-p05584227.html,https://static.zara.net/assets/public/e9e0/2a71/925d497f9bf8/3702e20daf06/05584227250-p/05584227250-p.jpg?ts=1771516837770,"₩49,900",,,260622,화이트,,,,
,false,,ZARA,상의,탑,여성,스토퍼 벌룬 탑,https://www.zara.com/kr/ko/%E1%84%89%E1%85%B3%E1%84%90%E1%85%A9%E1%84%91%E1%85%A5-%E1%84%87%E1%85%A5%E1%86%AF%E1%84%85%E1%85%AE%E1%86%AB-%E1%84%90%E1%85%A1%E1%86%B8-p05584228.html,https://static.zara.net/assets/public/b0ed/876d/d1a84e8db506/80ea152c8cbb/05584228800-p/05584228800-p.jpg?ts=1771516836680,"₩55,900",,,260622,블랙,,,,
,false,,ZARA,상의,탑,여성,합성 면소재 스트랩 탑,https://www.zara.com/kr/ko/%E1%84%92%E1%85%A1%E1%86%B8%E1%84%89%E1%85%A5%E1%86%BC-%E1%84%86%E1%85%A7%E1%86%AB%E1%84%89%E1%85%A9%E1%84%8C%E1%85%A2-%E1%84%89%E1%85%B3%E1%84%90%E1%85%B3%E1%84%85%E1%85%A2%E1%86%B8-%E1%84%90%E1%85%A1%E1%86%B8-p03641722.html,https://static.zara.net/assets/public/53c3/516f/a5a342b4b768/1f597cb2d63e/03641722839-p/03641722839-p.jpg?ts=1771247073693,"₩35,900",,,260622,블랙,,,,
,false,,ZARA,상의,탑,여성,합성 면소재 스트랩 탑,https://www.zara.com/kr/ko/%E1%84%92%E1%85%A1%E1%86%B8%E1%84%89%E1%85%A5%E1%86%BC-%E1%84%86%E1%85%A7%E1%86%AB%E1%84%89%E1%85%A9%E1%84%8C%E1%85%A2-%E1%84%89%E1%85%B3%E1%84%90%E1%85%B3%E1%84%85%E1%85%A2%E1%86%B8-%E1%84%90%E1%85%A1%E1%86%B8-p03641722.html,https://static.zara.net/assets/public/62d3/f78a/cd4c4fd48d43/315de106a46b/03641722401-001-p/03641722401-001-p.jpg?ts=1771410910771,"₩35,900",,,260622,네이비,,,,
,false,,ZARA,상의,셔츠/블라우스,여성,엘라스틱 셔링 홀터넥 탑,https://www.zara.com/kr/ko/%E1%84%8B%E1%85%A6%E1%86%AF%E1%84%85%E1%85%A1%E1%84%89%E1%85%B3%E1%84%90%E1%85%B5%E1%86%A8-%E1%84%89%E1%85%A7%E1%84%85%E1%85%B5%E1%86%BC-%E1%84%92%E1%85%A9%E1%86%AF%E1%84%90%E1%85%A5%E1%84%82%E1%85%A6%E1%86%A8-%E1%84%90%E1%85%A1%E1%86%B8-p04661013.html,https://static.zara.net/assets/public/988c/02cc/fe2b4260a2b8/c5b9fe45d4bb/04661013649-p/04661013649-p.jpg?ts=1777558199570,"₩45,900",,,260622,"레드,코랄",,,,
,false,,ZARA,상의,탑,여성,프릴 니트 탑,https://www.zara.com/kr/ko/%E1%84%91%E1%85%B3%E1%84%85%E1%85%B5%E1%86%AF-%E1%84%82%E1%85%B5%E1%84%90%E1%85%B3-%E1%84%90%E1%85%A1%E1%86%B8-p03456010.html,https://static.zara.net/assets/public/b74e/e9bb/c8b040cdb441/34d294f46336/03456010622-p/03456010622-p.jpg?ts=1775062977470,"₩45,900",,,260622,페일 로즈,,,,
,false,,ZARA,상의,셔츠/블라우스,여성,린넨 비즈 홀터넥 탑,https://www.zara.com/kr/ko/%E1%84%85%E1%85%B5%E1%86%AB%E1%84%82%E1%85%A6%E1%86%AB-%E1%84%87%E1%85%B5%E1%84%8C%E1%85%B3-%E1%84%92%E1%85%A9%E1%86%AF%E1%84%90%E1%85%A5%E1%84%82%E1%85%A6%E1%86%A8-%E1%84%90%E1%85%A1%E1%86%B8-p07051712.html,https://static.zara.net/assets/public/d9d6/cbc8/4dc94c789454/07c540722a51/07051712705-p/07051712705-p.jpg?ts=1781111173940,"₩49,900",,,260622,타바코,,,,
,false,,ZARA,상의,탑,여성,루즈 언밸런스 탑,https://www.zara.com/kr/ko/%E1%84%85%E1%85%AE%E1%84%8C%E1%85%B3-%E1%84%8B%E1%85%A5%E1%86%AB%E1%84%87%E1%85%A2%E1%86%AF%E1%84%85%E1%85%A5%E1%86%AB%E1%84%89%E1%85%B3-%E1%84%90%E1%85%A1%E1%86%B8-p05644014.html,https://static.zara.net/assets/public/db4e/85d5/1acf4ea0b142/fc0a1ae1038e/01966041620-1-p/01966041620-1-p.jpg?ts=1771433270134,"₩49,900",,,260622,버터,,,,
,false,,ZARA,상의,탑,여성,메탈릭 얀 립 니트 탑,https://www.zara.com/kr/ko/%E1%84%86%E1%85%A6%E1%84%90%E1%85%A1%E1%86%AF%E1%84%85%E1%85%B5%E1%86%A8-%E1%84%8B%E1%85%A3%E1%86%AB-%E1%84%85%E1%85%B5%E1%84%87%E1%85%B3-%E1%84%82%E1%85%B5%E1%84%90%E1%85%B3-%E1%84%90%E1%85%A1%E1%86%B8-p03471003.html,https://static.zara.net/assets/public/3a30/1dd6/0a9844679cef/6dc54fff98a6/03471003808-p/03471003808-p.jpg?ts=1772714382133,"₩39,900",,,260622,실버,,,,
,false,,ZARA,상의,탑,여성,프릴넥 니트 탑,https://www.zara.com/kr/ko/%E1%84%91%E1%85%B3%E1%84%85%E1%85%B5%E1%86%AF%E1%84%82%E1%85%A6%E1%86%A8-%E1%84%82%E1%85%B5%E1%84%90%E1%85%B3-%E1%84%90%E1%85%A1%E1%86%B8-p06771019.html,https://static.zara.net/assets/public/e097/4773/796241c2b418/bbafad15df2b/06771019250-p/06771019250-p.jpg?ts=1772714539388,"₩49,900",,,260622,화이트,,,,
,false,,ZARA,상의,셔츠/블라우스,여성,TRF 데님 베스트 탑,https://www.zara.com/kr/ko/trf-%E1%84%83%E1%85%A6%E1%84%82%E1%85%B5%E1%86%B7-%E1%84%87%E1%85%A6%E1%84%89%E1%85%B3%E1%84%90%E1%85%B3-%E1%84%90%E1%85%A1%E1%86%B8-p01300061.html,https://static.zara.net/assets/public/840f/fe0c/84884f2099e8/f8c5d2ed6b30/01300061407-p/01300061407-p.jpg?ts=1778576325049,"₩55,900",,,260622,블루,,,,
,false,,ZARA,상의,셔츠/블라우스,여성,스트라이프 새틴 홀터넥 탑,https://www.zara.com/kr/ko/%E1%84%89%E1%85%B3%E1%84%90%E1%85%B3%E1%84%85%E1%85%A1%E1%84%8B%E1%85%B5%E1%84%91%E1%85%B3-%E1%84%92%E1%85%A9%E1%86%AF%E1%84%90%E1%85%A5%E1%84%82%E1%85%A6%E1%86%A8-%E1%84%89%E1%85%A2%E1%84%90%E1%85%B5%E1%86%AB-%E1%84%90%E1%85%A1%E1%86%B8-p02877337.html,https://static.zara.net/assets/public/d0c3/e571/851b4b2ead41/3ae573b3de2a/02877337330-p/02877337330-p.jpg?ts=1778499542812,"₩49,900",,,260622,멀티컬러,,,,
,false,,ZARA,상의,탑,여성,토글 버튼 스트레치 탑,https://www.zara.com/kr/ko/%E1%84%90%E1%85%A9%E1%84%80%E1%85%B3%E1%86%AF-%E1%84%87%E1%85%A5%E1%84%90%E1%85%B3%E1%86%AB-%E1%84%89%E1%85%B3%E1%84%90%E1%85%B3%E1%84%85%E1%85%A6%E1%84%8E%E1%85%B5-%E1%84%90%E1%85%A1%E1%86%B8-p06050345.html,https://static.zara.net/assets/public/7a7d/2914/17d647b99d0e/470d71dc29cb/06050345306-p/06050345306-p.jpg?ts=1778490744295,"₩49,900",,,260622,라이트 옐로우,,,,
,false,,ZARA,상의,셔츠/블라우스,여성,페플럼 홀터넥 탑,https://www.zara.com/kr/ko/%E1%84%91%E1%85%A6%E1%84%91%E1%85%B3%E1%86%AF%E1%84%85%E1%85%A5%E1%86%B7-%E1%84%92%E1%85%A9%E1%86%AF%E1%84%90%E1%85%A5%E1%84%82%E1%85%A6%E1%86%A8-%E1%84%90%E1%85%A1%E1%86%B8-p05029141.html,https://static.zara.net/assets/public/69dd/83c3/23b349258647/cd0844f829b0/05029141800-p/05029141800-p.jpg?ts=1777566757244,"₩45,900",,,260622,블랙,,,,
,false,,ZARA,상의,셔츠/블라우스,여성,홀터넥 새틴 탑,https://www.zara.com/kr/ko/%E1%84%89%E1%85%A2%E1%84%90%E1%85%B5%E1%86%AB-%E1%84%92%E1%85%A9%E1%86%AF%E1%84%90%E1%85%A5%E1%84%82%E1%85%A6%E1%86%A8-%E1%84%90%E1%85%A1%E1%86%B8-p02157069.html,https://static.zara.net/assets/public/4274/3f6f/9eb44584b83c/f746de2aa4de/02157069615-p/02157069615-p.jpg?ts=1777566710426,"₩45,900",,,260622,오렌지,,,,
,false,,ZARA,기타,BODYSUIT,여성,폴리아미드 캐미솔 바디수트,https://www.zara.com/kr/ko/%E1%84%91%E1%85%A9%E1%86%AF%E1%84%85%E1%85%B5%E1%84%8B%E1%85%A1%E1%84%86%E1%85%B5%E1%84%83%E1%85%B3-%E1%84%8F%E1%85%A2%E1%84%86%E1%85%B5%E1%84%89%E1%85%A9%E1%86%AF-%E1%84%87%E1%85%A1%E1%84%83%E1%85%B5%E1%84%89%E1%85%AE%E1%84%90%E1%85%B3-p00347001.html,https://static.zara.net/assets/public/b733/8897/6dc846f8a604/7a3ea70230a7/00347001800-p/00347001800-p.jpg?ts=1769782171833,"₩39,900",,,260622,블랙,,,,
,false,,ZARA,상의,탑,여성,리브드 니트 페플럼 탑,https://www.zara.com/kr/ko/%E1%84%85%E1%85%B5%E1%84%87%E1%85%B3-%E1%84%82%E1%85%B5%E1%84%90%E1%85%B3-%E1%84%91%E1%85%A6%E1%84%91%E1%85%B3%E1%86%AF%E1%84%85%E1%85%A5%E1%86%B7-%E1%84%90%E1%85%A1%E1%86%B8-p00014007.html,https://static.zara.net/assets/public/9963/0b61/e8f841e995a1/08384d694904/00014007712-p/00014007712-p.jpg?ts=1773399203740,"₩49,900",,,260622,크림,,,,
,false,,ZARA,상의,셔츠/블라우스,여성,벌룬 슬리브 포플린 탑,https://www.zara.com/kr/ko/%E1%84%87%E1%85%A5%E1%86%AF%E1%84%85%E1%85%AE%E1%86%AB-%E1%84%89%E1%85%B3%E1%86%AF%E1%84%85%E1%85%B5%E1%84%87%E1%85%B3-%E1%84%91%E1%85%A9%E1%84%91%E1%85%B3%E1%86%AF%E1%84%85%E1%85%B5%E1%86%AB-%E1%84%90%E1%85%A1%E1%86%B8-p05770022.html,https://static.zara.net/assets/public/68ab/4544/c3034fa89317/9eac3fd52ff6/05770022800-p/05770022800-p.jpg?ts=1775064548027,"₩57,900",,,260622,블랙,,,,
,false,,ZARA,상의,탑,여성,프린트 비스코스 100% 비대칭 레이스 탑,https://www.zara.com/kr/ko/100-%E1%84%87%E1%85%B5%E1%84%89%E1%85%B3%E1%84%8F%E1%85%A9%E1%84%89%E1%85%B3-%E1%84%85%E1%85%A6%E1%84%8B%E1%85%B5%E1%84%89%E1%85%B3-%E1%84%8B%E1%85%A5%E1%86%AB%E1%84%87%E1%85%A2%E1%86%AF%E1%84%85%E1%85%A5%E1%86%AB%E1%84%89%E1%85%B3-%E1%84%91%E1%85%A2%E1%84%90%E1%85%A5%E1%86%AB-%E1%84%90%E1%85%A1%E1%86%B8-p09004804.html,https://static.zara.net/assets/public/5727/4e40/d744472387f8/402d9a146902/09004804330-p/09004804330-p.jpg?ts=1770816160520,"₩89,900",,,260622,멀티컬러,,,,
,false,,ZARA,상의,탑,여성,100% 비스코스 레이스 패턴 탑,https://www.zara.com/kr/ko/100-%E1%84%87%E1%85%B5%E1%84%89%E1%85%B3%E1%84%8F%E1%85%A9%E1%84%89%E1%85%B3-%E1%84%85%E1%85%A6%E1%84%8B%E1%85%B5%E1%84%89%E1%85%B3-%E1%84%91%E1%85%A2%E1%84%90%E1%85%A5%E1%86%AB-%E1%84%90%E1%85%A1%E1%86%B8-p09002818.html,https://static.zara.net/assets/public/0071/db17/6ec2464eb526/8543d530148d/09002818481-p/09002818481-p.jpg?ts=1770816151419,"₩89,900",,,260622,네이비,,,,
,false,,ZARA,상의,셔츠/블라우스,여성,버튼 슬리브리스 셔츠,https://www.zara.com/kr/ko/%E1%84%87%E1%85%A5%E1%84%90%E1%85%B3%E1%86%AB-%E1%84%89%E1%85%B3%E1%86%AF%E1%84%85%E1%85%B5%E1%84%87%E1%85%B3%E1%84%85%E1%85%B5%E1%84%89%E1%85%B3-%E1%84%89%E1%85%A7%E1%84%8E%E1%85%B3-p07969223.html,https://static.zara.net/assets/public/371b/7c6b/f5d14626b63a/216f0eaee3e3/07969223711-p/07969223711-p.jpg?ts=1778244303215,"₩55,900",,,260622,샌드,,,,
,false,,ZARA,기타,WAISTCOAT,여성,플랫 프론트 페플럼 베스트,https://www.zara.com/kr/ko/%E1%84%91%E1%85%B3%E1%86%AF%E1%84%85%E1%85%A2%E1%86%BA-%E1%84%91%E1%85%B3%E1%84%85%E1%85%A9%E1%86%AB%E1%84%90%E1%85%B3-%E1%84%91%E1%85%A6%E1%84%91%E1%85%B3%E1%86%AF%E1%84%85%E1%85%A5%E1%86%B7-%E1%84%87%E1%85%A6%E1%84%89%E1%85%B3%E1%84%90%E1%85%B3-p01608121.html,https://static.zara.net/assets/public/00d9/9353/9d9b421ab80b/d002a77a225d/01608121700-p/01608121700-p.jpg?ts=1770824564200,"₩59,900",,,260622,브라운,,,,
,false,,ZARA,상의,셔츠/블라우스,여성,매듭 새틴 탑,https://www.zara.com/kr/ko/%E1%84%89%E1%85%A2%E1%84%90%E1%85%B5%E1%86%AB-%E1%84%86%E1%85%A2%E1%84%83%E1%85%B3%E1%86%B8-%E1%84%90%E1%85%A1%E1%86%B8-p03897068.html,https://static.zara.net/assets/public/c597/e9df/7f1e4991a5e5/b9c3ee6ff0ae/03897068505-p/03897068505-p.jpg?ts=1770824568658,"₩49,900",,,260622,카키,,,,
,false,,ZARA,상의,탑,여성,메탈릭 얀 립 니트 홀터넥 탑,https://www.zara.com/kr/ko/%E1%84%86%E1%85%A6%E1%84%90%E1%85%A1%E1%86%AF%E1%84%85%E1%85%B5%E1%86%A8-%E1%84%8B%E1%85%A3%E1%86%AB-%E1%84%85%E1%85%B5%E1%86%B8-%E1%84%92%E1%85%A9%E1%86%AF%E1%84%90%E1%85%A5%E1%84%82%E1%85%A6%E1%86%A8-%E1%84%90%E1%85%A1%E1%86%B8-p02756035.html,https://static.zara.net/assets/public/0d14/5289/7f6d4134a549/6259c4dff928/02756035700-a2/02756035700-a2.jpg?ts=1780653873572,"₩49,900",,,260622,브라운,,,,
,false,,ZARA,상의,탑,여성,오픈백 니트 탑,https://www.zara.com/kr/ko/%E1%84%8B%E1%85%A9%E1%84%91%E1%85%B3%E1%86%AB%E1%84%87%E1%85%A2%E1%86%A8-%E1%84%82%E1%85%B5%E1%84%90%E1%85%B3-%E1%84%90%E1%85%A1%E1%86%B8-p03920371.html,https://static.zara.net/assets/public/7d8a/1a4b/325448d9a92b/2da5429bd34d/03920371250-a4/03920371250-a4.jpg?ts=1780653872997,"₩55,900",,,260622,화이트,,,,
,false,,ZARA,상의,탑,여성,텍스처 브이넥 탑,https://www.zara.com/kr/ko/%E1%84%90%E1%85%A6%E1%86%A8%E1%84%89%E1%85%B3%E1%84%8E%E1%85%A5-%E1%84%87%E1%85%B3%E1%84%8B%E1%85%B5%E1%84%82%E1%85%A6%E1%86%A8-%E1%84%90%E1%85%A1%E1%86%B8-p05067284.html,https://static.zara.net/assets/public/2925/e299/5d594fc9a87a/df9cad28546d/05067284712-p/05067284712-p.jpg?ts=1775748383310,"₩45,900",,,260622,크림,,,,
,false,,ZARA,상의,탑,여성,텍스처 브이넥 탑,https://www.zara.com/kr/ko/%E1%84%90%E1%85%A6%E1%86%A8%E1%84%89%E1%85%B3%E1%84%8E%E1%85%A5-%E1%84%87%E1%85%B3%E1%84%8B%E1%85%B5%E1%84%82%E1%85%A6%E1%86%A8-%E1%84%90%E1%85%A1%E1%86%B8-p05067284.html,https://static.zara.net/assets/public/59b3/9a94/229846868997/c4743e1f2a7d/05067284700-p/05067284700-p.jpg?ts=1775748368431,"₩45,900",,,260622,브라운,,,,
,false,,ZARA,상의,셔츠/블라우스,여성,깅엄체크 벌룬 홀터넥 탑,https://www.zara.com/kr/ko/%E1%84%80%E1%85%B5%E1%86%BC%E1%84%8B%E1%85%A5%E1%86%B7%E1%84%8E%E1%85%A6%E1%84%8F%E1%85%B3-%E1%84%87%E1%85%A5%E1%86%AF%E1%84%85%E1%85%AE%E1%86%AB-%E1%84%92%E1%85%A9%E1%86%AF%E1%84%90%E1%85%A5%E1%84%82%E1%85%A6%E1%86%A8-%E1%84%90%E1%85%A1%E1%86%B8-p03152042.html,https://static.zara.net/assets/public/216b/0a99/62c349a9ba5d/aff64524b25b/03152042048-p/03152042048-p.jpg?ts=1775815127678,"₩49,900",,,260622,화이트-오렌지,,,,
,false,,ZARA,상의,셔츠/블라우스,여성,프릴 태피터 오프숄더 탑,https://www.zara.com/kr/ko/%E1%84%91%E1%85%B3%E1%84%85%E1%85%B5%E1%86%AF-%E1%84%90%E1%85%A2%E1%84%91%E1%85%B5%E1%84%90%E1%85%A5-%E1%84%8B%E1%85%A9%E1%84%91%E1%85%B3%E1%84%89%E1%85%AD%E1%86%AF%E1%84%83%E1%85%A5-%E1%84%90%E1%85%A1%E1%86%B8-p02685156.html,https://static.zara.net/assets/public/e1ad/eb5e/00714b1d9ed1/613b396eafa7/02685156500-p/02685156500-p.jpg?ts=1775815123324,"₩45,900",,,260622,초록,,,,
,false,,ZARA,상의,탑,여성,프릴 니트 탑,https://www.zara.com/kr/ko/%E1%84%85%E1%85%A5%E1%84%91%E1%85%B3%E1%86%AF-%E1%84%82%E1%85%B5%E1%84%90%E1%85%B3-%E1%84%90%E1%85%A1%E1%86%B8-p03920212.html,https://static.zara.net/assets/public/c859/6375/a44d4e3483ac/c64d4b834015/03920212800-p/03920212800-p.jpg?ts=1772540828644,"₩49,900",,,260622,블랙,,,,
,false,,ZARA,상의,셔츠/블라우스,여성,도트 패턴 크롭 탑,https://www.zara.com/kr/ko/%E1%84%83%E1%85%A9%E1%84%90%E1%85%B3-%E1%84%91%E1%85%A2%E1%84%90%E1%85%A5%E1%86%AB-%E1%84%8F%E1%85%B3%E1%84%85%E1%85%A9%E1%86%B8-%E1%84%90%E1%85%A1%E1%86%B8-p02684423.html,https://static.zara.net/assets/public/df5b/4838/275245418b2b/6727c8957d62/02684423067-p/02684423067-p.jpg?ts=1772540820970,"₩45,900",,,260622,"크림,레드",,,,
,false,,ZARA,상의,탑,여성,파인 니트 반소매 탑,https://www.zara.com/kr/ko/%E1%84%91%E1%85%A1%E1%84%8B%E1%85%B5%E1%86%AB-%E1%84%82%E1%85%B5%E1%84%90%E1%85%B3-%E1%84%87%E1%85%A1%E1%86%AB%E1%84%89%E1%85%A9%E1%84%86%E1%85%A2-%E1%84%90%E1%85%A1%E1%86%B8-p02142139.html,https://static.zara.net/assets/public/bf74/2301/d4af4ca8b78c/abe0803d6097/02142139300-a5/02142139300-a5.jpg?ts=1774611551547,"₩49,900",,,260622,노랑,,,,
,false,,ZARA,상의,탑,여성,파인 니트 반소매 탑,https://www.zara.com/kr/ko/%E1%84%91%E1%85%A1%E1%84%8B%E1%85%B5%E1%86%AB-%E1%84%82%E1%85%B5%E1%84%90%E1%85%B3-%E1%84%87%E1%85%A1%E1%86%AB%E1%84%89%E1%85%A9%E1%84%86%E1%85%A2-%E1%84%90%E1%85%A1%E1%86%B8-p02142139.html,https://static.zara.net/assets/public/6111/7e9e/474440688975/3aef6f002924/02142139800-000-p/02142139800-000-p.jpg?ts=1774631287185,"₩49,900",,,260622,블랙,,,,
,false,,ZARA,상의,탑,여성,러스틱 쇼트 슬리브 탑,https://www.zara.com/kr/ko/%E1%84%85%E1%85%A5%E1%84%89%E1%85%B3%E1%84%90%E1%85%B5%E1%86%A8-%E1%84%89%E1%85%AD%E1%84%90%E1%85%B3-%E1%84%89%E1%85%B3%E1%86%AF%E1%84%85%E1%85%B5%E1%84%87%E1%85%B3-%E1%84%90%E1%85%A1%E1%86%B8-p05067951.html,https://static.zara.net/assets/public/dc62/c6e1/fa0c4e5d8c69/5b5f7e7c154e/01058151716-p/01058151716-p.jpg?ts=1776409764311,"₩39,900",,,260622,다크 브라운,,,,
,false,,ZARA,상의,탑,여성,러스틱 쇼트 슬리브 탑,https://www.zara.com/kr/ko/%E1%84%85%E1%85%A5%E1%84%89%E1%85%B3%E1%84%90%E1%85%B5%E1%86%A8-%E1%84%89%E1%85%AD%E1%84%90%E1%85%B3-%E1%84%89%E1%85%B3%E1%86%AF%E1%84%85%E1%85%B5%E1%84%87%E1%85%B3-%E1%84%90%E1%85%A1%E1%86%B8-p05067951.html,https://static.zara.net/assets/public/7fa0/81bd/b74f4efea792/14d375e009bb/01058151712-p/01058151712-p.jpg?ts=1776409764935,"₩39,900",,,260622,크림,,,,
,false,,ZARA,상의,니트,여성,스트라이프 쇼트 슬리브 폴로 니트,https://www.zara.com/kr/ko/%E1%84%89%E1%85%AD%E1%84%90%E1%85%B3-%E1%84%89%E1%85%B3%E1%86%AF%E1%84%85%E1%85%B5%E1%84%87%E1%85%B3-%E1%84%89%E1%85%B3%E1%84%90%E1%85%B3%E1%84%85%E1%85%A1%E1%84%8B%E1%85%B5%E1%84%91%E1%85%B3-%E1%84%82%E1%85%B5%E1%84%90%E1%85%B3-%E1%84%91%E1%85%A9%E1%86%AF%E1%84%85%E1%85%A9%E1%84%89%E1%85%A7%E1%84%8E%E1%85%B3-p02142184.html,https://static.zara.net/assets/public/cec8/837d/ac4a465ebdb4/78a717bd1425/02142184105-p/02142184105-p.jpg?ts=1780499369430,"₩49,900",,,260622,스트라이프,,,,
,false,,ZARA,상의,셔츠/블라우스,여성,셔링 홀터넥 탑,https://www.zara.com/kr/ko/%E1%84%89%E1%85%A7%E1%84%85%E1%85%B5%E1%86%BC-%E1%84%92%E1%85%A9%E1%86%AF%E1%84%90%E1%85%A5%E1%84%82%E1%85%A6%E1%86%A8-%E1%84%90%E1%85%A1%E1%86%B8-p05721001.html,https://static.zara.net/assets/public/0970/3a76/1df34bbf9da9/314625f75a19/05721001250-p/05721001250-p.jpg?ts=1775065422783,"₩49,900",,,260622,화이트,,,,
,false,,ZARA,상의,셔츠/블라우스,여성,자수 거즈 스트랩 탑,https://www.zara.com/kr/ko/%E1%84%8C%E1%85%A1%E1%84%89%E1%85%AE-%E1%84%80%E1%85%A5%E1%84%8C%E1%85%B3-%E1%84%90%E1%85%A1%E1%86%B8-p00881022.html,https://static.zara.net/assets/public/1b4a/2016/250d4acd8c91/73bd610f34cf/00881022727-p/00881022727-p.jpg?ts=1775065426981,"₩49,900",,,260622,바닐라,,,,
,false,,ZARA,상의,셔츠/블라우스,여성,페이크 레더 버클 홀터넥 탑,https://www.zara.com/kr/ko/%E1%84%91%E1%85%A6%E1%84%8B%E1%85%B5%E1%84%8F%E1%85%B3-%E1%84%85%E1%85%A6%E1%84%83%E1%85%A5-%E1%84%87%E1%85%A5%E1%84%8F%E1%85%B3%E1%86%AF-%E1%84%92%E1%85%A9%E1%86%AF%E1%84%90%E1%85%A5%E1%84%82%E1%85%A6%E1%86%A8-%E1%84%90%E1%85%A1%E1%86%B8-p04387096.html,https://static.zara.net/assets/public/d530/7828/6bce4bb18980/840ce776e11a/04387096251-p/04387096251-p.jpg?ts=1774255425339,"₩55,900",,,260622,스크래치 화이트,,,,
,false,,ZARA,상의,탑,여성,버튼 링클 이펙트 탑,https://www.zara.com/kr/ko/%E1%84%87%E1%85%A5%E1%84%90%E1%85%B3%E1%86%AB-%E1%84%91%E1%85%A6%E1%84%8B%E1%85%B5%E1%84%8F%E1%85%B3-%E1%84%85%E1%85%B5%E1%86%BC%E1%84%8F%E1%85%B3%E1%86%AF-%E1%84%90%E1%85%A1%E1%86%B8-p00392102.html,https://static.zara.net/assets/public/f7f9/dafe/c19f46e6a7e3/68b3ec0bdff5/00392102075-p/00392102075-p.jpg?ts=1777477555748,"₩109,900",,,260622,"크림,베이지",,,,
,false,,ZARA,상의,탑,여성,코르셋 니트 탑,https://www.zara.com/kr/ko/%E1%84%8F%E1%85%A9%E1%84%85%E1%85%B3%E1%84%89%E1%85%A6%E1%86%BA-%E1%84%85%E1%85%B5%E1%86%B8-%E1%84%82%E1%85%B5%E1%84%90%E1%85%B3-%E1%84%90%E1%85%A1%E1%86%B8-p04331007.html,https://static.zara.net/assets/public/b17e/bb60/b5ca4b2bb75f/8e9955678123/04331007300-p/04331007300-p.jpg?ts=1776094458840,"₩49,900",,,260622,노랑,,,,
,false,,ZARA,기타,WAISTCOAT,여성,테일러드 토글 버튼 베스트,https://www.zara.com/kr/ko/%E1%84%90%E1%85%A6%E1%84%8B%E1%85%B5%E1%86%AF%E1%84%85%E1%85%A5%E1%84%83%E1%85%B3-%E1%84%90%E1%85%A9%E1%84%80%E1%85%B3%E1%86%AF-%E1%84%87%E1%85%A5%E1%84%90%E1%85%B3%E1%86%AB-%E1%84%87%E1%85%A6%E1%84%89%E1%85%B3%E1%84%90%E1%85%B3-p02871793.html,https://static.zara.net/assets/public/2a0d/dd3f/ba1b4226ba9b/19811017ac30/02871793052-p/02871793052-p.jpg?ts=1780044693109,"₩79,900",,,260622,라이트 베이지,,,,
,false,,ZARA,상의,셔츠/블라우스,여성,페플럼 토글 탑,https://www.zara.com/kr/ko/%E1%84%90%E1%85%A9%E1%84%80%E1%85%B3%E1%86%AF-%E1%84%87%E1%85%A5%E1%84%90%E1%85%B3%E1%86%AB-%E1%84%91%E1%85%A6%E1%84%91%E1%85%B3%E1%86%AF%E1%84%85%E1%85%A5%E1%86%B7-%E1%84%90%E1%85%A1%E1%86%B8-p02832576.html,https://static.zara.net/assets/public/8473/6227/0a604a3b8b99/5f43684ca605/02832576400-p/02832576400-p.jpg?ts=1780044694904,"₩55,900",,,260622,블루,,,,
,false,,ZARA,상의,티셔츠,여성,셔링 반소매 탑,https://www.zara.com/kr/ko/%E1%84%89%E1%85%A7%E1%84%85%E1%85%B5%E1%86%BC-%E1%84%87%E1%85%A1%E1%86%AB%E1%84%89%E1%85%A9%E1%84%86%E1%85%A2-%E1%84%90%E1%85%A1%E1%86%B8-p05584229.html,https://static.zara.net/assets/public/9c0e/1d6b/afab4b7c9ce5/0f9d4295aa7e/05584229250-p/05584229250-p.jpg?ts=1771516838830,"₩45,900",,,260622,화이트,,,,
,false,,ZARA,상의,셔츠/블라우스,여성,스트라이프 오픈백 탑,https://www.zara.com/kr/ko/%E1%84%89%E1%85%B3%E1%84%90%E1%85%B3%E1%84%85%E1%85%A1%E1%84%8B%E1%85%B5%E1%84%91%E1%85%B3-%E1%84%8B%E1%85%A9%E1%84%91%E1%85%B3%E1%86%AB%E1%84%87%E1%85%A2%E1%86%A8-%E1%84%90%E1%85%A1%E1%86%B8-p07484100.html,https://static.zara.net/assets/public/6fc8/bb10/0c08409e9774/8e9e96aed792/07484100424-015-a1/07484100424-015-a1.jpg?ts=1780660048827,"₩45,900",,,260622,다크 터키블루,,,,
,false,,ZARA,기타,WAISTCOAT,여성,콘트라스트 파이핑 홀터넥 베스트,https://www.zara.com/kr/ko/%E1%84%8F%E1%85%A9%E1%86%AB%E1%84%90%E1%85%B3%E1%84%85%E1%85%A1%E1%84%89%E1%85%B3%E1%84%90%E1%85%B3-%E1%84%91%E1%85%A1%E1%84%8B%E1%85%B5%E1%84%91%E1%85%B5%E1%86%BC-%E1%84%92%E1%85%A9%E1%86%AF%E1%84%90%E1%85%A5%E1%84%82%E1%85%A6%E1%86%A8-%E1%84%87%E1%85%A6%E1%84%89%E1%85%B3%E1%84%90%E1%85%B3-p02872815.html,https://static.zara.net/assets/public/ab34/c26d/747f4ac8b328/eb582db2de7e/02872815405-a1/02872815405-a1.jpg?ts=1780659507878,"₩79,900",,,260622,인디고,,,,
,false,,ZARA,상의,셔츠/블라우스,여성,레이스 란제리 탑 ZW 컬렉션,https://www.zara.com/kr/ko/%E1%84%85%E1%85%A6%E1%84%8B%E1%85%B5%E1%84%89%E1%85%B3-%E1%84%85%E1%85%A1%E1%86%AB%E1%84%8C%E1%85%A6%E1%84%85%E1%85%B5-%E1%84%90%E1%85%A1%E1%86%B8-zw-%E1%84%8F%E1%85%A5%E1%86%AF%E1%84%85%E1%85%A6%E1%86%A8%E1%84%89%E1%85%A7%E1%86%AB-p05919105.html,https://static.zara.net/assets/public/5cd3/69b6/07414f51adb1/6b227851556a/05919205800-p/05919205800-p.jpg?ts=1767789626321,"₩79,900",,,260622,블랙,,,,
,false,,ZARA,상의,니트,여성,스트라이프 니트 폴로셔츠,https://www.zara.com/kr/ko/%E1%84%89%E1%85%B3%E1%84%90%E1%85%B3%E1%84%85%E1%85%A1%E1%84%8B%E1%85%B5%E1%84%91%E1%85%B3-%E1%84%82%E1%85%B5%E1%84%90%E1%85%B3-%E1%84%91%E1%85%A9%E1%86%AF%E1%84%85%E1%85%A9%E1%84%89%E1%85%A7%E1%84%8E%E1%85%B3-p05536012.html,https://static.zara.net/assets/public/81b1/7541/ce264d1e8dbb/6edb50e56f70/05536012330-p/05536012330-p.jpg?ts=1767789626626,"₩59,900",,,260622,멀티컬러,,,,
,false,,ZARA,상의,탑,여성,세미 시스루 콤비 니트 탑,https://www.zara.com/kr/ko/%E1%84%89%E1%85%A6%E1%84%86%E1%85%B5-%E1%84%89%E1%85%B5%E1%84%89%E1%85%B3%E1%84%85%E1%85%AE-%E1%84%8F%E1%85%A9%E1%86%B7%E1%84%87%E1%85%B5-%E1%84%82%E1%85%B5%E1%84%90%E1%85%B3-%E1%84%90%E1%85%A1%E1%86%B8-p03921015.html,https://static.zara.net/assets/public/1812/0a81/db27444c8f62/5d04b9080d41/03921015250-p/03921015250-p.jpg?ts=1774459472641,"₩45,900",,,260622,화이트,,,,
,false,,ZARA,상의,탑,여성,니트 스트랩 탑,https://www.zara.com/kr/ko/%E1%84%82%E1%85%B5%E1%84%90%E1%85%B3-%E1%84%89%E1%85%B3%E1%84%90%E1%85%B3%E1%84%85%E1%85%A2%E1%86%B8-%E1%84%90%E1%85%A1%E1%86%B8-p03920232.html,https://static.zara.net/assets/public/7c50/04ea/069145468bc6/52145d649177/03920232172-p/03920232172-p.jpg?ts=1774451769280,"₩45,900",,,260622,MARSALA,,,,
,false,,ZARA,기타,WAISTCOAT,여성,Z1975 테일러드 데님 베스트,https://www.zara.com/kr/ko/z1975-%E1%84%90%E1%85%A6%E1%84%8B%E1%85%B5%E1%86%AF%E1%84%85%E1%85%A5%E1%84%83%E1%85%B3-%E1%84%83%E1%85%A6%E1%84%82%E1%85%B5%E1%86%B7-%E1%84%87%E1%85%A6%E1%84%89%E1%85%B3%E1%84%90%E1%85%B3-p06147178.html,https://static.zara.net/assets/public/1b1d/f9cd/a3134f9ea88f/fbf9790876af/06147178407-p/06147178407-p.jpg?ts=1755692809702,"₩59,900",,,260622,블루,,,,
,false,,ZARA,상의,탑,여성,페이크 스웨이드 언밸런스 탑,https://www.zara.com/kr/ko/%E1%84%91%E1%85%A6%E1%84%8B%E1%85%B5%E1%84%8F%E1%85%B3-%E1%84%89%E1%85%B3%E1%84%8B%E1%85%B0%E1%84%8B%E1%85%B5%E1%84%83%E1%85%B3-%E1%84%8B%E1%85%A5%E1%86%AB%E1%84%87%E1%85%A2%E1%86%AF%E1%84%85%E1%85%A5%E1%86%AB%E1%84%89%E1%85%B3-%E1%84%90%E1%85%A1%E1%86%B8-p04344152.html,https://static.zara.net/assets/public/7e1f/0be8/0776434286e0/e2484da2ce7d/04344152753-p/04344152753-p.jpg?ts=1770654370158,"₩55,900",,,260622,초콜렛 블라운,,,,
,false,,ZARA,상의,탑,여성,언밸런스 페이크 스웨이드 탑,https://www.zara.com/kr/ko/%E1%84%91%E1%85%A6%E1%84%8B%E1%85%B5%E1%84%8F%E1%85%B3-%E1%84%89%E1%85%B3%E1%84%8B%E1%85%B0%E1%84%8B%E1%85%B5%E1%84%83%E1%85%B3-%E1%84%8B%E1%85%A5%E1%86%AB%E1%84%87%E1%85%A2%E1%86%AF%E1%84%85%E1%85%A5%E1%86%AB%E1%84%89%E1%85%B3-%E1%84%90%E1%85%A1%E1%86%B8-p04344152.html,https://static.zara.net/assets/public/1dfa/992f/af0a4930a556/0755ac55595f/04344152427-p/04344152427-p.jpg?ts=1770654370607,"₩55,900",,,260622,미디움 블루,,,,
,false,,ZARA,상의,티셔츠,여성,플루이드 탱크 탑,https://www.zara.com/kr/ko/%E1%84%91%E1%85%B3%E1%86%AF%E1%84%85%E1%85%AE%E1%84%8B%E1%85%B5%E1%84%83%E1%85%B3-%E1%84%90%E1%85%A2%E1%86%BC%E1%84%8F%E1%85%B3-%E1%84%90%E1%85%A1%E1%86%B8-p03431161.html,https://static.zara.net/assets/public/b130/3ea3/a92646b5ba82/1461e4d772e2/05129047658-p/05129047658-p.jpg?ts=1775049087680,"₩29,900",,,260622,노랑,,,,
,false,,ZARA,상의,탑,여성,메탈릭 얀 홀터넥 니트 탑,https://www.zara.com/kr/ko/%E1%84%86%E1%85%A6%E1%84%90%E1%85%A1%E1%86%AF%E1%84%85%E1%85%B5%E1%86%A8-%E1%84%8B%E1%85%A3%E1%86%AB-%E1%84%92%E1%85%A9%E1%86%AF%E1%84%90%E1%85%A5%E1%84%82%E1%85%A6%E1%86%A8-%E1%84%82%E1%85%B5%E1%84%90%E1%85%B3-%E1%84%90%E1%85%A1%E1%86%B8-p06236025.html,https://static.zara.net/assets/public/f488/4db9/9c154b2dba8d/a6d0d9fe41a9/T9080172654-p/T9080172654-p.jpg?ts=1775051841925,"₩49,900",,,260622,골드,,,,
,false,,ZARA,상의,셔츠/블라우스,여성,새틴 홀터넥 탑,https://www.zara.com/kr/ko/%E1%84%89%E1%85%A2%E1%84%90%E1%85%B5%E1%86%AB-%E1%84%92%E1%85%A9%E1%86%AF%E1%84%90%E1%85%A5%E1%84%82%E1%85%A6%E1%86%A8-%E1%84%90%E1%85%A1%E1%86%B8-p02157221.html,https://static.zara.net/assets/public/97ca/a241/541344649708/59f30dddb3bb/07969056712-p/07969056712-p.jpg?ts=1778767973972,"₩45,900",,,260622,크림,,,,
,false,,ZARA,상의,셔츠/블라우스,여성,새틴 홀터넥 탑,https://www.zara.com/kr/ko/%E1%84%89%E1%85%A2%E1%84%90%E1%85%B5%E1%86%AB-%E1%84%92%E1%85%A9%E1%86%AF%E1%84%90%E1%85%A5%E1%84%82%E1%85%A6%E1%86%A8-%E1%84%90%E1%85%A1%E1%86%B8-p02157221.html,https://static.zara.net/assets/public/584a/5bc5/52ff42c08c72/d7ac5b82a67f/02157221800-p/02157221800-p.jpg?ts=1778247232797,"₩45,900",,,260622,블랙,,,,
,false,,ZARA,기타,WAISTCOAT,여성,페이크 광택 베스트,https://www.zara.com/kr/ko/%E1%84%91%E1%85%A6%E1%84%8B%E1%85%B5%E1%84%8F%E1%85%B3-%E1%84%80%E1%85%AA%E1%86%BC%E1%84%90%E1%85%A2%E1%86%A8-%E1%84%87%E1%85%A6%E1%84%89%E1%85%B3%E1%84%90%E1%85%B3-p02878556.html,https://static.zara.net/assets/public/a828/6f2c/a8894552b75a/421204ab1896/02878556700-a2/02878556700-a2.jpg?ts=1779290541772,"₩59,900",,,260622,브라운,,,,
,false,,ZARA,상의,탑,여성,오프숄더 니트 스웨터,https://www.zara.com/kr/ko/%E1%84%8B%E1%85%A9%E1%84%91%E1%85%B3%E1%84%89%E1%85%AD%E1%86%AF%E1%84%83%E1%85%A5-%E1%84%82%E1%85%B5%E1%84%90%E1%85%B3-%E1%84%89%E1%85%B3%E1%84%8B%E1%85%B0%E1%84%90%E1%85%A5-p05755131.html,https://static.zara.net/assets/public/0b12/e581/7bca4ddea6a2/65489d820e82/05755131832-p/05755131832-p.jpg?ts=1757587609380,"₩57,900",,,260622,토프 그레이,,,,
,false,,ZARA,상의,탑,여성,오프숄더 니트 스웨터,https://www.zara.com/kr/ko/%E1%84%8B%E1%85%A9%E1%84%91%E1%85%B3%E1%84%89%E1%85%AD%E1%86%AF%E1%84%83%E1%85%A5-%E1%84%82%E1%85%B5%E1%84%90%E1%85%B3-%E1%84%89%E1%85%B3%E1%84%8B%E1%85%B0%E1%84%90%E1%85%A5-p05755131.html,https://static.zara.net/assets/public/af8d/fdef/8bd345709470/1337e60ca0d3/05755131832-p/05755131832-p.jpg?ts=1756814080183,"₩57,900",,,260622,토프 그레이,,,,
,false,,ZARA,상의,탑,여성,깅엄 체크 홀터넥 크롭 탑,https://www.zara.com/kr/ko/%E1%84%80%E1%85%B5%E1%86%BC%E1%84%8B%E1%85%A5%E1%86%B7-%E1%84%8E%E1%85%A6%E1%84%8F%E1%85%B3-%E1%84%92%E1%85%A9%E1%86%AF%E1%84%90%E1%85%A5%E1%84%82%E1%85%A6%E1%86%A8-%E1%84%8F%E1%85%B3%E1%84%85%E1%85%A9%E1%86%B8-%E1%84%90%E1%85%A1%E1%86%B8-p00085319.html,https://static.zara.net/assets/public/45e8/f5de/7d8a4753b6f3/53fecf6a07e6/00085319075-p/00085319075-p.jpg?ts=1776176135955,"₩39,900",,,260622,"크림,베이지",,,,
,false,,ZARA,상의,탑,여성,레이스 란제리 탑,https://www.zara.com/kr/ko/%E1%84%85%E1%85%A6%E1%84%8B%E1%85%B5%E1%84%89%E1%85%B3-%E1%84%8F%E1%85%A2%E1%84%86%E1%85%B5%E1%84%89%E1%85%A9%E1%86%AF-%E1%84%90%E1%85%A1%E1%86%B8-p04344145.html,https://static.zara.net/assets/public/034a/0bab/2e6f47a2b24e/9c206eabb7b1/04344145716-p/04344145716-p.jpg?ts=1778228869536,"₩49,900",,,260622,다크 브라운,,,,
,false,,ZARA,상의,탑,여성,리브드 버튼 탑,https://www.zara.com/kr/ko/%E1%84%85%E1%85%B5%E1%84%87%E1%85%B3%E1%84%83%E1%85%B3-%E1%84%87%E1%85%A5%E1%84%90%E1%85%B3%E1%86%AB-%E1%84%90%E1%85%A1%E1%86%B8-p01131321.html,https://static.zara.net/assets/public/8eee/245c/a7e4430fb4e8/2f36efb2cf2f/01131321515-p/01131321515-p.jpg?ts=1772618848648,"₩39,900",,,260622,올리브,,,,
,false,,ZARA,상의,탑,여성,컷아웃 버튼 니트 탑,https://www.zara.com/kr/ko/%E1%84%87%E1%85%A5%E1%84%90%E1%85%B3%E1%86%AB-%E1%84%8F%E1%85%A5%E1%86%BA-%E1%84%82%E1%85%B5%E1%84%90%E1%85%B3-%E1%84%90%E1%85%A1%E1%86%B8-p05039384.html,https://static.zara.net/assets/public/7302/1f2e/d96a48b0bfdc/f72c878c657e/05039384711-p/05039384711-p.jpg?ts=1772618853294,"₩39,900",,,260622,샌드,,,,
,false,,ZARA,상의,셔츠/블라우스,여성,포켓 개버딘 탑,https://www.zara.com/kr/ko/%E1%84%91%E1%85%A9%E1%84%8F%E1%85%A6%E1%86%BA-%E1%84%80%E1%85%A2%E1%84%87%E1%85%A5%E1%84%83%E1%85%B5%E1%86%AB-%E1%84%90%E1%85%A1%E1%86%B8-p03067014.html,https://static.zara.net/assets/public/575f/3001/fb2f4656a24f/2773ae048a10/03067014505-p/03067014505-p.jpg?ts=1769708157152,"₩55,900",,,260622,카키,,,,
,false,,ZARA,상의,셔츠/블라우스,여성,ZW 컬렉션 자수 크롭 탑,https://www.zara.com/kr/ko/zw-%E1%84%8F%E1%85%A5%E1%86%AF%E1%84%85%E1%85%A6%E1%86%A8%E1%84%89%E1%85%A7%E1%86%AB-%E1%84%8C%E1%85%A1%E1%84%89%E1%85%AE-%E1%84%8F%E1%85%B3%E1%84%85%E1%85%A9%E1%86%B8-%E1%84%90%E1%85%A1%E1%86%B8-p01377205.html,https://static.zara.net/assets/public/0702/5f19/2eaa4c8caa6f/7010676004ae/01377205715-1-p/01377205715-1-p.jpg?ts=1778769617952,"₩59,900",,,260622,미디움 크림,,,,
,false,,ZARA,상의,셔츠/블라우스,여성,레이스 케이프 탑,https://www.zara.com/kr/ko/%E1%84%85%E1%85%A6%E1%84%8B%E1%85%B5%E1%84%89%E1%85%B3-%E1%84%8F%E1%85%A6%E1%84%8B%E1%85%B5%E1%84%91%E1%85%B3-%E1%84%90%E1%85%A1%E1%86%B8-p05107005.html,https://static.zara.net/assets/public/41ed/1127/833343e68ffa/acd870243323/05107005712-p/05107005712-p.jpg?ts=1778832850246,"₩79,900",,,260622,크림,,,,
,false,,ZARA,상의,탑,여성,벌룬 슬리브 시스루 니트 탑,https://www.zara.com/kr/ko/%E1%84%87%E1%85%A5%E1%86%AF%E1%84%85%E1%85%AE%E1%86%AB-%E1%84%89%E1%85%B3%E1%86%AF%E1%84%85%E1%85%B5%E1%84%87%E1%85%B3-%E1%84%89%E1%85%B5%E1%84%89%E1%85%B3%E1%84%85%E1%85%AE-%E1%84%82%E1%85%B5%E1%84%90%E1%85%B3-%E1%84%90%E1%85%A1%E1%86%B8-p03920386.html,https://static.zara.net/assets/public/6fb9/e278/cd2d4b229926/b26248da6920/03920386687-p/03920386687-p.jpg?ts=1772015103945,"₩55,900",,,260622,페일 로즈,,,,
,false,,ZARA,상의,셔츠/블라우스,여성,홀터넥 새틴 탑,https://www.zara.com/kr/ko/%E1%84%89%E1%85%A2%E1%84%90%E1%85%B5%E1%86%AB-%E1%84%92%E1%85%A9%E1%86%AF%E1%84%90%E1%85%A5%E1%84%82%E1%85%A6%E1%86%A8-%E1%84%90%E1%85%A1%E1%86%B8-p07017476.html,https://static.zara.net/assets/public/e2c2/afb6/1fe545518fa0/2e5d7ee8eb34/07017476620-a5/07017476620-a5.jpg?ts=1779895444198,"₩49,900",,,260622,로즈핑크,,,,
,false,,ZARA,상의,셔츠/블라우스,여성,컷아웃 리본 탑,https://www.zara.com/kr/ko/%E1%84%85%E1%85%B5%E1%84%87%E1%85%A9%E1%86%AB-%E1%84%8F%E1%85%A5%E1%86%BA%E1%84%8B%E1%85%A1%E1%84%8B%E1%85%AE%E1%86%BA-%E1%84%90%E1%85%A1%E1%86%B8-p07021317.html,https://static.zara.net/assets/public/e969/73de/b8c04554af1b/98a7e6a13d43/07021317250-a1/07021317250-a1.jpg?ts=1779895447311,"₩55,900",,,260622,화이트,,,,
,false,,ZARA,상의,탑,여성,숄더 디테일 니트 탑,https://www.zara.com/kr/ko/%E1%84%89%E1%85%AD%E1%86%AF%E1%84%83%E1%85%A5-%E1%84%83%E1%85%B5%E1%84%90%E1%85%A6%E1%84%8B%E1%85%B5%E1%86%AF-%E1%84%82%E1%85%B5%E1%84%90%E1%85%B3-%E1%84%90%E1%85%A1%E1%86%B8-p04938006.html,https://static.zara.net/assets/public/d2e4/2065/f9c5468e91a7/53d974b286fe/04938006715-p/04938006715-p.jpg?ts=1770977643767,"₩49,900",,,260622,미디움 크림,,,,
,false,,ZARA,상의,셔츠/블라우스,여성,깅엄체크 허니콤 탑,https://www.zara.com/kr/ko/%E1%84%80%E1%85%B5%E1%86%BC%E1%84%8B%E1%85%A5%E1%86%B7%E1%84%8E%E1%85%A6%E1%84%8F%E1%85%B3-%E1%84%92%E1%85%A5%E1%84%82%E1%85%B5%E1%84%8F%E1%85%A9%E1%86%B7-%E1%84%90%E1%85%A1%E1%86%B8-p05029149.html,https://static.zara.net/assets/public/3df6/828d/92ec44458fe3/c7d8fbef63ad/05029149120-1-p/05029149120-1-p.jpg?ts=1777034141566,"₩55,900",,,260622,녹색,,,,
,false,,ZARA,상의,탑,여성,볼 니트 오프숄더 탑,https://www.zara.com/kr/ko/%E1%84%87%E1%85%A9%E1%86%AF-%E1%84%82%E1%85%B5%E1%84%90%E1%85%B3-%E1%84%87%E1%85%A2%E1%86%AB%E1%84%83%E1%85%A9-%E1%84%90%E1%85%A1%E1%86%B8-p04938014.html,https://static.zara.net/assets/public/b254/40ed/2ee840aabf93/dc1c4804d36d/04938014250-p/04938014250-p.jpg?ts=1781180724468,"₩45,900",,,260622,화이트,,,,
,false,,ZARA,상의,탑,여성,콘트라스트 트리밍 니트 크롭 탑,https://www.zara.com/kr/ko/%E1%84%8F%E1%85%A9%E1%86%AB%E1%84%90%E1%85%B3%E1%84%85%E1%85%A1%E1%84%89%E1%85%B3%E1%84%90%E1%85%B3-%E1%84%90%E1%85%B3%E1%84%85%E1%85%B5%E1%84%86%E1%85%B5%E1%86%BC-%E1%84%82%E1%85%B5%E1%84%90%E1%85%B3-%E1%84%8F%E1%85%B3%E1%84%85%E1%85%A9%E1%86%B8-%E1%84%90%E1%85%A1%E1%86%B8-p03519011.html,https://static.zara.net/assets/public/0f67/832e/6c774b8aa03c/471e9c4ebd6a/03519011615-p/03519011615-p.jpg?ts=1781180724784,"₩29,900",,,260622,오렌지,,,,
,false,,ZARA,상의,탑,여성,벌룬 슬리브 콤비 탑,https://www.zara.com/kr/ko/%E1%84%87%E1%85%A5%E1%86%AF%E1%84%85%E1%85%AE%E1%86%AB-%E1%84%89%E1%85%B3%E1%86%AF%E1%84%85%E1%85%B5%E1%84%87%E1%85%B3-%E1%84%8F%E1%85%A9%E1%86%B7%E1%84%87%E1%85%B5-%E1%84%90%E1%85%A1%E1%86%B8-p04770464.html,https://static.zara.net/assets/public/5c6e/3e3b/45bd4536b8b9/d8fd43df0e31/04770464250-p/04770464250-p.jpg?ts=1772620156873,"₩49,900",,,260622,화이트,,,,
,false,,ZARA,상의,탑,여성,벌룬 슬리브 콤비 탑,https://www.zara.com/kr/ko/%E1%84%87%E1%85%A5%E1%86%AF%E1%84%85%E1%85%AE%E1%86%AB-%E1%84%89%E1%85%B3%E1%86%AF%E1%84%85%E1%85%B5%E1%84%87%E1%85%B3-%E1%84%8F%E1%85%A9%E1%86%B7%E1%84%87%E1%85%B5-%E1%84%90%E1%85%A1%E1%86%B8-p04770464.html,https://static.zara.net/assets/public/5c6e/3e3b/45bd4536b8b9/d8fd43df0e31/04770464250-p/04770464250-p.jpg?ts=1772620156873,"₩49,900",,,260622,화이트,,,,
,false,,ZARA,상의,탑,여성,홀터 니트 탑,https://www.zara.com/kr/ko/%E1%84%92%E1%85%A9%E1%86%AF%E1%84%90%E1%85%A5%E1%84%82%E1%85%A6%E1%86%A8-%E1%84%82%E1%85%B5%E1%84%90%E1%85%B3-%E1%84%90%E1%85%A1%E1%86%B8-p06771030.html,https://static.zara.net/assets/public/df4e/8781/39384c3d9a2f/2ad6ece90040/06771030712-p/06771030712-p.jpg?ts=1778500401701,"₩35,900",,,260622,크림,,,,
,false,,ZARA,상의,탑,여성,메탈릭 얀 언밸런스 케이프,https://www.zara.com/kr/ko/%E1%84%86%E1%85%A6%E1%84%90%E1%85%A1%E1%86%AF%E1%84%85%E1%85%B5%E1%86%A8-%E1%84%8B%E1%85%A3%E1%86%AB-%E1%84%8B%E1%85%A5%E1%86%AB%E1%84%87%E1%85%A2%E1%86%AF%E1%84%85%E1%85%A5%E1%86%AB%E1%84%89%E1%85%B3-%E1%84%8F%E1%85%A6%E1%84%8B%E1%85%B5%E1%84%91%E1%85%B3-p05039021.html,https://static.zara.net/assets/public/73a4/ef3a/638a40bdae68/06e0d31a9b7e/05039021712-p/05039021712-p.jpg?ts=1775063006066,"₩49,900",,,260622,크림,,,,
,false,,ZARA,상의,탑,여성,메탈릭 얀 언밸런스 케이프,https://www.zara.com/kr/ko/%E1%84%86%E1%85%A6%E1%84%90%E1%85%A1%E1%86%AF%E1%84%85%E1%85%B5%E1%86%A8-%E1%84%8B%E1%85%A3%E1%86%AB-%E1%84%8B%E1%85%A5%E1%86%AB%E1%84%87%E1%85%A2%E1%86%AF%E1%84%85%E1%85%A5%E1%86%AB%E1%84%89%E1%85%B3-%E1%84%8F%E1%85%A6%E1%84%8B%E1%85%B5%E1%84%91%E1%85%B3-p05039021.html,https://static.zara.net/assets/public/65ea/184a/1d494cb99cf5/6e6d5ef81dbc/05039021700-p/05039021700-p.jpg?ts=1775063003176,"₩49,900",,,260622,브라운,,,,
,false,,ZARA,상의,탑,여성,볼 크롭 니트 탑,https://www.zara.com/kr/ko/%E1%84%87%E1%85%B5%E1%84%8C%E1%85%B3-%E1%84%8C%E1%85%A1%E1%86%BC%E1%84%89%E1%85%B5%E1%86%A8-%E1%84%82%E1%85%B5%E1%84%90%E1%85%B3-%E1%84%8F%E1%85%B3%E1%84%85%E1%85%A9%E1%86%B8-%E1%84%90%E1%85%A1%E1%86%B8-p04938017.html,https://static.zara.net/assets/public/4af4/b4d7/d27b40e49b21/045a42fc71b8/04938017621-p/04938017621-p.jpg?ts=1774970865499,"₩45,900",,,260622,파스텔 로즈,,,,
,false,,ZARA,상의,탑,여성,볼 니트 오프숄더 탑,https://www.zara.com/kr/ko/%E1%84%87%E1%85%A9%E1%86%AF-%E1%84%82%E1%85%B5%E1%84%90%E1%85%B3-%E1%84%87%E1%85%A2%E1%86%AB%E1%84%83%E1%85%A9-%E1%84%90%E1%85%A1%E1%86%B8-p04938014.html,https://static.zara.net/assets/public/c32a/a9f4/64c74af29ca5/29df9bd53a2d/04938014250-p/04938014250-p.jpg?ts=1774970864686,"₩45,900",,,260622,화이트,,,,
,false,,ZARA,상의,탑,여성,레이스 셔링 탑,https://www.zara.com/kr/ko/%E1%84%85%E1%85%A6%E1%84%8B%E1%85%B5%E1%84%89%E1%85%B3-%E1%84%89%E1%85%A7%E1%84%85%E1%85%B5%E1%86%BC-%E1%84%90%E1%85%A1%E1%86%B8-p04813315.html,https://static.zara.net/assets/public/4d5c/111a/474340fc8071/a5f05bcc06fc/04813315321-p/04813315321-p.jpg?ts=1773247635090,"₩49,900",,,260622,파스텔 옐로우,,,,
,false,,ZARA,상의,니트,여성,TNKTP DBL16,https://www.zara.com/kr/ko/tnktp-dbl16-p03003900.html,https://static.zara.net/assets/public/f50a/e590/979d4a039eef/df8a211121fb/03003900712-a5/03003900712-a5.jpg?ts=1778226698533,"₩59,900",,,260622,크림,,,,
,false,,ZARA,상의,티셔츠,여성,러스틱 슬리브리스 탑,https://www.zara.com/kr/ko/%E1%84%85%E1%85%A5%E1%84%89%E1%85%B3%E1%84%90%E1%85%B5%E1%86%A8-%E1%84%89%E1%85%B3%E1%86%AF%E1%84%85%E1%85%B5%E1%84%87%E1%85%B3%E1%84%85%E1%85%B5%E1%84%89%E1%85%B3-%E1%84%90%E1%85%A1%E1%86%B8-p01165104.html,https://static.zara.net/assets/public/86b8/f23f/c99c41309066/958ce99b2486/01165104681-p/01165104681-p.jpg?ts=1778234826143,"₩35,900",,,260622,버건디,,,,
,false,,ZARA,상의,탑,여성,스트레치 코르셋 탑,https://www.zara.com/kr/ko/%E1%84%89%E1%85%B3%E1%84%90%E1%85%B3%E1%84%85%E1%85%A6%E1%84%8E%E1%85%B5-%E1%84%8F%E1%85%A9%E1%84%85%E1%85%B3%E1%84%89%E1%85%A6%E1%86%BA-%E1%84%90%E1%85%A1%E1%86%B8-p05584325.html,https://static.zara.net/assets/public/474c/1564/c13647e9b0da/474173a4f93a/05584325800-p/05584325800-p.jpg?ts=1770983062737,"₩39,900",,,260622,블랙,,,,
,false,,ZARA,상의,탑,여성,레이스 스트레치 탑,https://www.zara.com/kr/ko/%E1%84%89%E1%85%B3%E1%84%90%E1%85%B3%E1%84%85%E1%85%A6%E1%84%8E%E1%85%B5-%E1%84%85%E1%85%A6%E1%84%8B%E1%85%B5%E1%84%89%E1%85%B3-%E1%84%90%E1%85%A1%E1%86%B8-p05584326.html,https://static.zara.net/assets/public/f79f/003e/e0194e89a9b9/faae29ddd437/05584326800-p/05584326800-p.jpg?ts=1770983028239,"₩39,900",,,260622,블랙,,,,
,false,,ZARA,상의,탑,여성,러스틱 탑,https://www.zara.com/kr/ko/%E1%84%85%E1%85%A5%E1%84%89%E1%85%B3%E1%84%90%E1%85%B5%E1%86%A8-%E1%84%90%E1%85%A1%E1%86%B8-p05584017.html,https://static.zara.net/assets/public/f45c/a27d/148e4f91963f/b30e8830ca0c/05584017710-p/05584017710-p.jpg?ts=1777026452369,"₩39,900",,,260622,베이지,,,,
,false,,ZARA,상의,탑,여성,스트라이프 언밸런스 탑,https://www.zara.com/kr/ko/%E1%84%89%E1%85%B3%E1%84%90%E1%85%B3%E1%84%85%E1%85%A1%E1%84%8B%E1%85%B5%E1%84%91%E1%85%B3-%E1%84%8B%E1%85%A5%E1%86%AB%E1%84%87%E1%85%A2%E1%86%AF%E1%84%85%E1%85%A5%E1%86%AB%E1%84%89%E1%85%B3-%E1%84%90%E1%85%A1%E1%86%B8-p03253021.html,https://static.zara.net/assets/public/06f7/dd0b/ae054f8aa7de/9a329dd74de7/03253021020-p/03253021020-p.jpg?ts=1777026403114,"₩35,900",,,260622,프린트,,,,
,false,,ZARA,기타,BODYSUIT,여성,코튼 모달 바디수트,https://www.zara.com/kr/ko/%E1%84%8F%E1%85%A9%E1%84%90%E1%85%B3%E1%86%AB-%E1%84%86%E1%85%A9%E1%84%83%E1%85%A1%E1%86%AF-%E1%84%87%E1%85%A1%E1%84%83%E1%85%B5%E1%84%89%E1%85%AE%E1%84%90%E1%85%B3-p03641838.html,https://static.zara.net/assets/public/7205/d617/27b04f16bf0a/6e82f111293f/04424816800-p/04424816800-p.jpg?ts=1763039436962,"₩29,900",,,260622,블랙,,,,
,false,,ZARA,상의,티셔츠,여성,스트라이프 크롭 탑,https://www.zara.com/kr/ko/%E1%84%89%E1%85%B3%E1%84%90%E1%85%B3%E1%84%85%E1%85%A1%E1%84%8B%E1%85%B5%E1%84%91%E1%85%B3-%E1%84%8F%E1%85%B3%E1%84%85%E1%85%A9%E1%86%B8-%E1%84%90%E1%85%A1%E1%86%B8-p03253316.html,https://static.zara.net/assets/public/619d/9ab6/d6164b9e8fc3/decad2f61d95/03253316104-p/03253316104-p.jpg?ts=1768412003057,"₩21,900",,,260622,스트라이프,,,,
,false,,ZARA,상의,탑,여성,루즈핏 하이넥 탑,https://www.zara.com/kr/ko/%E1%84%85%E1%85%AE%E1%84%8C%E1%85%B3-%E1%84%92%E1%85%A1%E1%84%8B%E1%85%B5%E1%84%82%E1%85%A6%E1%86%A8-%E1%84%90%E1%85%A1%E1%86%B8-p00085016.html,https://static.zara.net/assets/public/f1df/1372/7cf043d8924e/83b0aa7ea96d/00085016501-p/00085016501-p.jpg?ts=1770211015106,"₩39,900",,,260622,암녹색,,,,
,false,,ZARA,상의,티셔츠,여성,드레이프 슬리브리스 탑,https://www.zara.com/kr/ko/%E1%84%83%E1%85%B3%E1%84%85%E1%85%A6%E1%84%8B%E1%85%B5%E1%84%91%E1%85%B3-%E1%84%89%E1%85%B3%E1%86%AF%E1%84%85%E1%85%B5%E1%84%87%E1%85%B3%E1%84%85%E1%85%B5%E1%84%89%E1%85%B3-%E1%84%90%E1%85%A1%E1%86%B8-p01198005.html,https://static.zara.net/assets/public/49ed/d404/2e7e4fd39b49/9b56741c9ce5/01198005600-p/01198005600-p.jpg?ts=1770211141519,"₩35,900",,,260622,레드,,,,
,false,,ZARA,기타,WAISTCOAT,여성,린넨 더블 브레스트 베스트,https://www.zara.com/kr/ko/%E1%84%85%E1%85%B5%E1%86%AB%E1%84%82%E1%85%A6%E1%86%AB-%E1%84%83%E1%85%A5%E1%84%87%E1%85%B3%E1%86%AF-%E1%84%87%E1%85%B3%E1%84%85%E1%85%A6%E1%84%89%E1%85%B3%E1%84%90%E1%85%B3-%E1%84%87%E1%85%A6%E1%84%89%E1%85%B3%E1%84%90%E1%85%B3-p09929128.html,https://static.zara.net/assets/public/6665/5647/d1094de68331/7e8f2c8fb61f/09929128745-a2/09929128745-a2.jpg?ts=1771937271437,"₩55,900",,,260622,토피,,,,
,false,,ZARA,상의,셔츠/블라우스,여성,ZW 컬렉션 레이스 란제리 탑,https://www.zara.com/kr/ko/zw-%E1%84%8F%E1%85%A5%E1%86%AF%E1%84%85%E1%85%A6%E1%86%A8%E1%84%89%E1%85%A7%E1%86%AB-%E1%84%85%E1%85%A6%E1%84%8B%E1%85%B5%E1%84%89%E1%85%B3-%E1%84%85%E1%85%A1%E1%86%AB%E1%84%8C%E1%85%A6%E1%84%85%E1%85%B5-%E1%84%90%E1%85%A1%E1%86%B8-p05107044.html,https://static.zara.net/assets/public/dd7c/df5d/890349ca9042/957697711dfd/05107044700-p/05107044700-p.jpg?ts=1773398826935,"₩59,900",,,260622,브라운,,,,
,false,,ZARA,상의,탑,여성,하트 네크라인 오프 숄더 탑,https://www.zara.com/kr/ko/%E1%84%92%E1%85%A1%E1%84%90%E1%85%B3-%E1%84%82%E1%85%A6%E1%84%8F%E1%85%B3%E1%84%85%E1%85%A1%E1%84%8B%E1%85%B5%E1%86%AB-%E1%84%8B%E1%85%A9%E1%84%91%E1%85%B3-%E1%84%89%E1%85%AD%E1%86%AF%E1%84%83%E1%85%A5-%E1%84%90%E1%85%A1%E1%86%B8-p03641303.html,https://static.zara.net/assets/public/05e2/6f53/3fb34d66a3ce/d30efc8f67e6/03641303250-p/03641303250-p.jpg?ts=1773858849126,"₩29,900",,,260622,화이트,,,,
,false,,ZARA,상의,셔츠/블라우스,여성,레이스 크롭 탑,https://www.zara.com/kr/ko/%E1%84%85%E1%85%A6%E1%84%8B%E1%85%B5%E1%84%89%E1%85%B3-%E1%84%8F%E1%85%B3%E1%84%85%E1%85%A9%E1%86%B8-%E1%84%90%E1%85%A1%E1%86%B8-p03067044.html,https://static.zara.net/assets/public/5663/d1d3/e9914beabe8f/77706b495188/03067044306-p/03067044306-p.jpg?ts=1772550770275,"₩45,900",,,260622,라이트 옐로우,,,,
,false,,ZARA,상의,탑,여성,버튼 프린지 크롭 탑,https://www.zara.com/kr/ko/%E1%84%87%E1%85%A5%E1%84%90%E1%85%B3%E1%86%AB-%E1%84%91%E1%85%B3%E1%84%85%E1%85%B5%E1%86%AB%E1%84%8C%E1%85%B5-%E1%84%8F%E1%85%B3%E1%84%85%E1%85%A9%E1%86%B8-%E1%84%90%E1%85%A1%E1%86%B8-p05644316.html,https://static.zara.net/assets/public/a53d/769c/f5c54ca18273/6bb197d7af49/05039385100-001-p/05039385100-001-p.jpg?ts=1772699538785,"₩39,900",,,260622,베이지,,,,
,false,,ZARA,상의,티셔츠,여성,리본 크롭 탑,https://www.zara.com/kr/ko/%E1%84%85%E1%85%B5%E1%84%87%E1%85%A9%E1%86%AB-%E1%84%8F%E1%85%B3%E1%84%85%E1%85%A9%E1%86%B8-%E1%84%90%E1%85%A1%E1%86%B8-p03641395.html,https://static.zara.net/assets/public/3f7f/18df/2cd149b2adcb/5851e6dae400/03641395250-p/03641395250-p.jpg?ts=1777036213333,"₩21,900",,,260622,화이트,,,,
,false,,ZARA,상의,셔츠/블라우스,여성,새틴 코르셋 탑,https://www.zara.com/kr/ko/%E1%84%89%E1%85%A2%E1%84%90%E1%85%B5%E1%86%AB-%E1%84%8F%E1%85%A9%E1%84%85%E1%85%B3%E1%84%89%E1%85%A6%E1%86%BA-%E1%84%90%E1%85%A1%E1%86%B8-p03067026.html,https://static.zara.net/assets/public/a1dc/0347/30524af38a7e/29c03e4ee90d/03067026800-p/03067026800-p.jpg?ts=1780502233925,"₩49,900",,,260622,블랙,,,,
,false,,ZARA,상의,셔츠/블라우스,여성,새틴 코르셋 탑,https://www.zara.com/kr/ko/%E1%84%89%E1%85%A2%E1%84%90%E1%85%B5%E1%86%AB-%E1%84%8F%E1%85%A9%E1%84%85%E1%85%B3%E1%84%89%E1%85%A6%E1%86%BA-%E1%84%90%E1%85%A1%E1%86%B8-p03067026.html,https://static.zara.net/assets/public/b8e9/047e/fc00477783ec/8e92a05c2cfa/03067026711-p/03067026711-p.jpg?ts=1780502233494,"₩49,900",,,260622,샌드,,,,
,false,,ZARA,상의,티셔츠,여성,워싱 이펙트 케이프 탑,https://www.zara.com/kr/ko/%E1%84%8B%E1%85%AF%E1%84%89%E1%85%B5%E1%86%BC-%E1%84%8B%E1%85%B5%E1%84%91%E1%85%A6%E1%86%A8%E1%84%90%E1%85%B3-%E1%84%8F%E1%85%A6%E1%84%8B%E1%85%B5%E1%84%91%E1%85%B3-%E1%84%90%E1%85%A1%E1%86%B8-p03253323.html,https://static.zara.net/assets/public/2cef/5a5b/451b4b238d05/12226be1ed28/03253323807-p/03253323807-p.jpg?ts=1774973381028,"₩29,900",,,260622,콜 그레이,,,,
,false,,ZARA,상의,티셔츠,여성,워싱 이펙트 케이프 탑,https://www.zara.com/kr/ko/%E1%84%8B%E1%85%AF%E1%84%89%E1%85%B5%E1%86%BC-%E1%84%8B%E1%85%B5%E1%84%91%E1%85%A6%E1%86%A8%E1%84%90%E1%85%B3-%E1%84%8F%E1%85%A6%E1%84%8B%E1%85%B5%E1%84%91%E1%85%B3-%E1%84%90%E1%85%A1%E1%86%B8-p03253323.html,https://static.zara.net/assets/public/1a59/9043/b5a84dddb11a/c8654f35a571/03253323700-p/03253323700-p.jpg?ts=1774884561506,"₩29,900",,,260622,브라운,,,,
,false,,ZARA,상의,티셔츠,여성,워싱 페이크 케이프 탑,https://www.zara.com/kr/ko/%E1%84%8B%E1%85%AF%E1%84%89%E1%85%B5%E1%86%BC-%E1%84%8B%E1%85%B5%E1%84%91%E1%85%A6%E1%86%A8%E1%84%90%E1%85%B3-%E1%84%8F%E1%85%A6%E1%84%8B%E1%85%B5%E1%84%91%E1%85%B3-%E1%84%90%E1%85%A1%E1%86%B8-p03253323.html,https://static.zara.net/assets/public/6a38/620f/d507459b815c/7b50b9733f98/03253323300-p/03253323300-p.jpg?ts=1774973390521,"₩29,900",,,260622,노랑,,,,
,false,,ZARA,상의,셔츠/블라우스,여성,드레이프 벌룬 탑,https://www.zara.com/kr/ko/%E1%84%87%E1%85%A5%E1%86%AF%E1%84%85%E1%85%AE%E1%86%AB-%E1%84%83%E1%85%B3%E1%84%85%E1%85%A6%E1%84%8B%E1%85%B5%E1%84%91%E1%85%B3-%E1%84%90%E1%85%A1%E1%86%B8-p03666080.html,https://static.zara.net/assets/public/890b/17e5/13a649bfb6a6/5d4dd38ad925/03666080800-a1/03666080800-a1.jpg?ts=1772641800158,"₩49,900",,,260622,블랙,,,,
,false,,ZARA,상의,셔츠/블라우스,여성,도트 벌룬 탑,https://www.zara.com/kr/ko/%E1%84%83%E1%85%A9%E1%84%90%E1%85%B3-%E1%84%91%E1%85%A2%E1%84%90%E1%85%A5%E1%86%AB-%E1%84%87%E1%85%A5%E1%86%AF%E1%84%85%E1%85%AE%E1%86%AB-%E1%84%90%E1%85%A1%E1%86%B8-p01165071.html,https://static.zara.net/assets/public/4d83/1f17/db1946ca95b4/b47bda743f07/01165071070-p/01165071070-p.jpg?ts=1772714930977,"₩55,900",,,260622,"크림,블랙",,,,
,false,,ZARA,상의,셔츠/블라우스,여성,스트라이프 홀터넥 탑,https://www.zara.com/kr/ko/%E1%84%89%E1%85%B3%E1%84%90%E1%85%B3%E1%84%85%E1%85%A1%E1%84%8B%E1%85%B5%E1%84%91%E1%85%B3-%E1%84%92%E1%85%A9%E1%86%AF%E1%84%90%E1%85%A5%E1%84%82%E1%85%A6%E1%86%A8-%E1%84%90%E1%85%A1%E1%86%B8-p06688060.html,https://static.zara.net/assets/public/1c60/e12b/ccde4514aaa0/bb3c9268e5e1/06688042105-p/06688042105-p.jpg?ts=1776873145961,"₩55,900",,,260622,스트라이프,,,,
,false,,ZARA,상의,셔츠/블라우스,여성,코르셋 탑,https://www.zara.com/kr/ko/%E1%84%8F%E1%85%A9%E1%84%85%E1%85%B3%E1%84%89%E1%85%A6%E1%86%BA-%E1%84%90%E1%85%A1%E1%86%B8-p04661057.html,https://static.zara.net/assets/public/fe07/0f0f/469a4e129863/7ba0a8c9c09f/04661057450-p/04661057450-p.jpg?ts=1776872962377,"₩59,900",,,260622,베이지,,,,
,false,,ZARA,상의,셔츠/블라우스,여성,ZW 컬렉션 린넨 혼방 언밸런스 탑,https://www.zara.com/kr/ko/zw-%E1%84%8F%E1%85%A5%E1%86%AF%E1%84%85%E1%85%A6%E1%86%A8%E1%84%89%E1%85%A7%E1%86%AB-%E1%84%85%E1%85%B5%E1%86%AB%E1%84%82%E1%85%A6%E1%86%AB-%E1%84%92%E1%85%A9%E1%86%AB%E1%84%87%E1%85%A1%E1%86%BC-%E1%84%8B%E1%85%A5%E1%86%AB%E1%84%87%E1%85%A2%E1%86%AF%E1%84%85%E1%85%A5%E1%86%AB%E1%84%89%E1%85%B3-%E1%84%90%E1%85%A1%E1%86%B8-p01212006.html,https://static.zara.net/assets/public/0939/b130/06434d068041/3a2bd6c52c4f/01212006633-p/01212006633-p.jpg?ts=1780650952310,"₩89,900",,,260622,워싱 로즈핑크,,,,
,false,,ZARA,상의,탑,여성,레이스 스트라이프 탑,https://www.zara.com/kr/ko/%E1%84%89%E1%85%B3%E1%84%90%E1%85%B3%E1%84%85%E1%85%A1%E1%84%8B%E1%85%B5%E1%84%91%E1%85%B3-%E1%84%85%E1%85%A6%E1%84%8B%E1%85%B5%E1%84%89%E1%85%B3-%E1%84%90%E1%85%A2%E1%86%BC%E1%84%8F%E1%85%B3-%E1%84%90%E1%85%A1%E1%86%B8-p05344105.html,https://static.zara.net/assets/public/12cf/0347/ad764369ab41/81459fb872cb/05344105075-p/05344105075-p.jpg?ts=1777477571505,"₩79,900",,,260622,"크림,베이지",,,,
,false,,ZARA,상의,셔츠/블라우스,여성,ZW 컬렉션 플리츠 탑,https://www.zara.com/kr/ko/zw-%E1%84%8F%E1%85%A5%E1%86%AF%E1%84%85%E1%85%A6%E1%86%A8%E1%84%89%E1%85%A7%E1%86%AB-%E1%84%91%E1%85%B3%E1%86%AF%E1%84%85%E1%85%B5%E1%84%8E%E1%85%B3-%E1%84%90%E1%85%A1%E1%86%B8-p04786164.html,https://static.zara.net/assets/public/6674/ccaf/e9304b809c0d/89e51309590c/04786164712-p/04786164712-p.jpg?ts=1780406498950,"₩149,900",,,260622,크림,,,,
,false,,ZARA,상의,탑,여성,소매 없는 니트 폴로셔츠,https://www.zara.com/kr/ko/%E1%84%89%E1%85%B3%E1%86%AF%E1%84%85%E1%85%B5%E1%84%87%E1%85%B3%E1%84%85%E1%85%B5%E1%84%89%E1%85%B3-%E1%84%82%E1%85%B5%E1%84%90%E1%85%B3-%E1%84%91%E1%85%A9%E1%86%AF%E1%84%85%E1%85%A9%E1%84%89%E1%85%A7%E1%84%8E%E1%85%B3-p02142196.html,https://static.zara.net/assets/public/27ed/9ebf/a79743b2a775/1872a7900243/02142196400-p/02142196400-p.jpg?ts=1778063239507,"₩45,900",,,260622,블루,,,,
,false,,ZARA,상의,탑,여성,드레이프 언밸런스 탑,https://www.zara.com/kr/ko/%E1%84%83%E1%85%B3%E1%84%85%E1%85%A6%E1%84%8B%E1%85%B5%E1%84%91%E1%85%B3-%E1%84%8B%E1%85%A5%E1%86%AB%E1%84%87%E1%85%A2%E1%86%AF%E1%84%85%E1%85%A5%E1%86%AB%E1%84%89%E1%85%B3-%E1%84%90%E1%85%A1%E1%86%B8-p05644028.html,https://static.zara.net/assets/public/7bcc/3633/a49f4e098f56/50e343f9aa66/05644028800-p/05644028800-p.jpg?ts=1772554885298,"₩35,900",,,260622,블랙,,,,
,false,,ZARA,상의,셔츠/블라우스,여성,ZW 컬렉션 체크 탑,https://www.zara.com/kr/ko/zw-%E1%84%8F%E1%85%A5%E1%86%AF%E1%84%85%E1%85%A6%E1%86%A8%E1%84%89%E1%85%A7%E1%86%AB-%E1%84%8E%E1%85%A6%E1%84%8F%E1%85%B3-%E1%84%90%E1%85%A1%E1%86%B8-p01089878.html,https://static.zara.net/assets/public/6c39/abde/919c4b129c46/fa4c831f70dc/01089878710-p/01089878710-p.jpg?ts=1770653354484,"₩99,900",,,260622,베이지,,,,
,false,,ZARA,상의,셔츠/블라우스,여성,ZW 컬렉션 언밸런스 탑,https://www.zara.com/kr/ko/zw-%E1%84%8F%E1%85%A5%E1%86%AF%E1%84%85%E1%85%A6%E1%86%A8%E1%84%89%E1%85%A7%E1%86%AB-%E1%84%8B%E1%85%A5%E1%86%AB%E1%84%87%E1%85%A2%E1%86%AF%E1%84%85%E1%85%A5%E1%86%AB%E1%84%89%E1%85%B3-%E1%84%90%E1%85%A1%E1%86%B8-p04437004.html,https://static.zara.net/assets/public/bfd7/9182/c66642bbbb1f/921c9e328f32/04437004251-p/04437004251-p.jpg?ts=1770297374959,"₩79,900",,,260622,스크래치 화이트,,,,
,false,,ZARA,상의,탑,여성,레이스 스트랩 새틴 탑,https://www.zara.com/kr/ko/%E1%84%85%E1%85%A6%E1%84%8B%E1%85%B5%E1%84%89%E1%85%B3-%E1%84%89%E1%85%A2%E1%84%90%E1%85%B5%E1%86%AB-%E1%84%89%E1%85%B3%E1%84%90%E1%85%B3%E1%84%85%E1%85%A2%E1%86%B8-%E1%84%90%E1%85%A1%E1%86%B8-p02488100.html,https://static.zara.net/assets/public/a2c6/35ec/a81e41239b89/be1962df6865/02488100800-p/02488100800-p.jpg?ts=1769526378108,"₩59,900",,,260622,블랙,,,,
,false,,ZARA,상의,셔츠/블라우스,여성,ZW 컬렉션 자수 슬리브리스 탑,https://www.zara.com/kr/ko/zw-%E1%84%8F%E1%85%A5%E1%86%AF%E1%84%85%E1%85%A6%E1%86%A8%E1%84%89%E1%85%A7%E1%86%AB-%E1%84%8C%E1%85%A1%E1%84%89%E1%85%AE-%E1%84%89%E1%85%B3%E1%86%AF%E1%84%85%E1%85%B5%E1%84%87%E1%85%B3%E1%84%85%E1%85%B5%E1%84%89%E1%85%B3-%E1%84%90%E1%85%A1%E1%86%B8-p05107045.html,https://static.zara.net/assets/public/afad/b372/acef407bab53/97c81d9b962d/05107045712-p/05107045712-p.jpg?ts=1771513463042,"₩59,900",,,260622,크림,,,,
,false,,ZARA,기타,WAISTCOAT,여성,텍스처 버튼 베스트 탑,https://www.zara.com/kr/ko/%E1%84%90%E1%85%A6%E1%86%A8%E1%84%89%E1%85%B3%E1%84%8E%E1%85%A5-%E1%84%87%E1%85%A5%E1%84%90%E1%85%B3%E1%86%AB-%E1%84%87%E1%85%A6%E1%84%89%E1%85%B3%E1%84%90%E1%85%B3-%E1%84%90%E1%85%A1%E1%86%B8-p05039277.html,https://static.zara.net/assets/public/3407/db39/f23545b8a9fc/8e30d0233672/05039277800-p/05039277800-p.jpg?ts=1750674510171,"₩39,900",,,260622,블랙,,,,
,false,,ZARA,기타,WAISTCOAT,여성,텍스처 버튼 베스트 탑,https://www.zara.com/kr/ko/%E1%84%90%E1%85%A6%E1%86%A8%E1%84%89%E1%85%B3%E1%84%8E%E1%85%A5-%E1%84%87%E1%85%A5%E1%84%90%E1%85%B3%E1%86%AB-%E1%84%87%E1%85%A6%E1%84%89%E1%85%B3%E1%84%90%E1%85%B3-%E1%84%90%E1%85%A1%E1%86%B8-p05039277.html,https://static.zara.net/assets/public/1b9f/a372/edc048509d04/8014855393e9/05039367717-p/05039367717-p.jpg?ts=1750674510674,"₩39,900",,,260622,초콜렛,,,,
,false,,ZARA,상의,셔츠/블라우스,여성,벨티드 플로럴 숄더 패드 탑,https://www.zara.com/kr/ko/%E1%84%89%E1%85%AD%E1%86%AF%E1%84%83%E1%85%A5-%E1%84%91%E1%85%A2%E1%84%83%E1%85%B3-%E1%84%91%E1%85%B3%E1%86%AF%E1%84%85%E1%85%A9%E1%84%85%E1%85%A5%E1%86%AF-%E1%84%91%E1%85%B3%E1%84%85%E1%85%B5%E1%86%AB%E1%84%90%E1%85%B3-%E1%84%90%E1%85%A1%E1%86%B8-p02023184.html,https://static.zara.net/assets/public/602f/db53/9906430595bb/fa6757829c35/02023184046-p/02023184046-p.jpg?ts=1773253596861,"₩49,900",,,260622,"로즈핑크,화이트",,,,
,false,,ZARA,상의,셔츠/블라우스,여성,새틴 홀터넥 탑,https://www.zara.com/kr/ko/%E1%84%89%E1%85%A2%E1%84%90%E1%85%B5%E1%86%AB-%E1%84%92%E1%85%A9%E1%86%AF%E1%84%90%E1%85%A5%E1%84%82%E1%85%A6%E1%86%A8-%E1%84%90%E1%85%A1%E1%86%B8-p02337051.html,https://static.zara.net/assets/public/c2f1/62e0/76a2459e848d/dc50b1a35f2e/02337051800-p/02337051800-p.jpg?ts=1774618467596,"₩45,900",,,260622,블랙,,,,
,false,,ZARA,상의,셔츠/블라우스,여성,포플린 스트랩 탑,https://www.zara.com/kr/ko/%E1%84%91%E1%85%A9%E1%84%91%E1%85%B3%E1%86%AF%E1%84%85%E1%85%B5%E1%86%AB-%E1%84%89%E1%85%B3%E1%84%90%E1%85%B3%E1%84%85%E1%85%A2%E1%86%B8-%E1%84%90%E1%85%A1%E1%86%B8-p00881032.html,https://static.zara.net/assets/public/7add/dbce/8f5e4b008439/1b9786094f79/00881032700-p/00881032700-p.jpg?ts=1773231203459,"₩45,900",,,260622,브라운,,,,
,false,,ZARA,상의,셔츠/블라우스,여성,포플린 스트랩 탑,https://www.zara.com/kr/ko/%E1%84%91%E1%85%A9%E1%84%91%E1%85%B3%E1%86%AF%E1%84%85%E1%85%B5%E1%86%AB-%E1%84%89%E1%85%B3%E1%84%90%E1%85%B3%E1%84%85%E1%85%A2%E1%86%B8-%E1%84%90%E1%85%A1%E1%86%B8-p00881032.html,https://static.zara.net/assets/public/223b/67f0/c22c4c6bbd1e/7d9b7e492593/00881032656-000-p/00881032656-000-p.jpg?ts=1773401057109,"₩45,900",,,260622,라이트  라일락,,,,
,false,,ZARA,상의,티셔츠,여성,슬리브리스 코튼 탑,https://www.zara.com/kr/ko/%E1%84%89%E1%85%B3%E1%86%AF%E1%84%85%E1%85%B5%E1%84%87%E1%85%B3%E1%84%85%E1%85%B5%E1%84%89%E1%85%B3-%E1%84%8F%E1%85%A9%E1%84%90%E1%85%B3%E1%86%AB-%E1%84%90%E1%85%A1%E1%86%B8-p03431162.html,https://static.zara.net/assets/public/166e/ac08/acb244dcad08/fc707b3df3b1/01736017700-p/01736017700-p.jpg?ts=1774949609662,"₩29,900",,,260622,브라운,,,,
,false,,ZARA,상의,셔츠/블라우스,여성,린넨 홀터넥 탑,https://www.zara.com/kr/ko/%E1%84%85%E1%85%B5%E1%86%AB%E1%84%82%E1%85%A6%E1%86%AB-%E1%84%92%E1%85%A9%E1%86%AF%E1%84%90%E1%85%A5%E1%84%82%E1%85%A6%E1%86%A8-%E1%84%90%E1%85%A1%E1%86%B8-p02638723.html,https://static.zara.net/assets/public/93fc/394d/46aa43b5887f/aa443919a6b2/02638723716-p/02638723716-p.jpg?ts=1778491723021,"₩49,900",,,260622,다크 브라운,,,,
,false,,ZARA,상의,셔츠/블라우스,여성,벌룬 슬리브 탑,https://www.zara.com/kr/ko/%E1%84%87%E1%85%A5%E1%86%AF%E1%84%85%E1%85%AE%E1%86%AB-%E1%84%89%E1%85%B3%E1%86%AF%E1%84%85%E1%85%B5%E1%84%87%E1%85%B3-%E1%84%83%E1%85%A9%E1%84%90%E1%85%B3-%E1%84%90%E1%85%A1%E1%86%B8-p03897091.html,https://static.zara.net/assets/public/6e15/a167/241f454dabc2/265b8da4ec2f/03897091800-p/03897091800-p.jpg?ts=1778491722403,"₩57,900",,,260622,블랙,,,,
,false,,ZARA,상의,탑,여성,스터드 홀터넥 탑,https://www.zara.com/kr/ko/%E1%84%89%E1%85%B3%E1%84%90%E1%85%A5%E1%84%83%E1%85%B3-%E1%84%92%E1%85%A9%E1%86%AF%E1%84%90%E1%85%A5%E1%84%82%E1%85%A6%E1%86%A8-%E1%84%90%E1%85%A1%E1%86%B8-p05063328.html,https://static.zara.net/assets/public/805a/7c27/bef54071aaf1/82525482c63c/05063328800-p/05063328800-p.jpg?ts=1774966569760,"₩45,900",,,260622,블랙,,,,
,false,,ZARA,상의,탑,여성,스터드 오프숄더 탑,https://www.zara.com/kr/ko/%E1%84%89%E1%85%B3%E1%84%90%E1%85%A5%E1%84%83%E1%85%B3-%E1%84%8B%E1%85%A9%E1%84%91%E1%85%B3%E1%84%89%E1%85%AD%E1%86%AF%E1%84%83%E1%85%A5-%E1%84%90%E1%85%A1%E1%86%B8-p04344303.html,https://static.zara.net/assets/public/b979/8a95/be27424bbade/eaa471d8279f/04344303802-p/04344303802-p.jpg?ts=1774966559241,"₩45,900",,,260622,그레이,,,,
,false,,ZARA,상의,탑,여성,자카드 레이스 크롭 탑,https://www.zara.com/kr/ko/%E1%84%8C%E1%85%A1%E1%84%8F%E1%85%A1%E1%84%83%E1%85%B3-%E1%84%85%E1%85%A6%E1%84%8B%E1%85%B5%E1%84%89%E1%85%B3-%E1%84%8F%E1%85%B3%E1%84%85%E1%85%A9%E1%86%B8-%E1%84%90%E1%85%A1%E1%86%B8-p06354102.html,https://static.zara.net/assets/public/32d8/bf09/e8694bac9b04/6e22a1ea1e05/04786152055-p/04786152055-p.jpg?ts=1777477567207,"₩89,900",,,260622,"그레이,블루",,,,
,false,,ZARA,상의,셔츠/블라우스,여성,자수 리본 탑,https://www.zara.com/kr/ko/%E1%84%8C%E1%85%A1%E1%84%89%E1%85%AE-%E1%84%85%E1%85%B5%E1%84%87%E1%85%A9%E1%86%AB-%E1%84%90%E1%85%A1%E1%86%B8-p00881127.html,https://static.zara.net/assets/public/cd97/efe2/b3154c3393b5/2ae448f1ee06/00881127712-P/00881127712-P.jpg?ts=1779443168444,"₩49,900",,,260622,크림,,,,
,false,,ZARA,상의,셔츠/블라우스,여성,자수 리본 스트랩 탑,https://www.zara.com/kr/ko/%E1%84%8C%E1%85%A1%E1%84%89%E1%85%AE-%E1%84%85%E1%85%B5%E1%84%87%E1%85%A9%E1%86%AB-%E1%84%90%E1%85%A1%E1%86%B8-p00881127.html,https://static.zara.net/assets/public/ee6e/7867/d46f4541a144/06029d8b8ad4/00881127300-P/00881127300-P.jpg?ts=1779443422933,"₩49,900",,,260622,노랑,,,,
,false,,ZARA,상의,셔츠/블라우스,여성,레이스 코르셋 탑,https://www.zara.com/kr/ko/%E1%84%85%E1%85%A6%E1%84%8B%E1%85%B5%E1%84%89%E1%85%B3-%E1%84%8F%E1%85%A9%E1%84%85%E1%85%B3%E1%84%89%E1%85%A6%E1%86%BA-%E1%84%90%E1%85%A1%E1%86%B8-p02322399.html,https://static.zara.net/assets/public/c621/4281/fe754d348c7f/fcb66ccc9a15/02322399800-p/02322399800-p.jpg?ts=1769623025765,"₩55,900",,,260622,블랙,,,,
,false,,ZARA,상의,탑,여성,오프숄더 탑,https://www.zara.com/kr/ko/%E1%84%8B%E1%85%A9%E1%84%91%E1%85%B3%E1%84%89%E1%85%AD%E1%86%AF%E1%84%83%E1%85%A5-%E1%84%90%E1%85%A1%E1%86%B8-p05063306.html,https://static.zara.net/assets/public/68c6/f500/64a14fe692d4/fe2696c53e28/05063306717-p/05063306717-p.jpg?ts=1768908904876,"₩29,900",,,260622,초콜렛,,,,
,false,,ZARA,상의,탑,여성,심리스 크롭 탑,https://www.zara.com/kr/ko/%E1%84%89%E1%85%B5%E1%86%B7%E1%84%85%E1%85%B5%E1%84%89%E1%85%B3-%E1%84%8F%E1%85%B3%E1%84%85%E1%85%A9%E1%86%B8-%E1%84%90%E1%85%A1%E1%86%B8-p03253318.html,https://static.zara.net/assets/public/1b66/b7b8/69134089b9f2/eabde9c52de1/03253318710-a2/03253318710-a2.jpg?ts=1769170631277,"₩15,900",,,260622,베이지,,,,
,false,,ZARA,상의,탑,여성,언밸런스 클로저 니트 탑,https://www.zara.com/kr/ko/%E1%84%8B%E1%85%A5%E1%86%AB%E1%84%87%E1%85%A2%E1%86%AF%E1%84%85%E1%85%A5%E1%86%AB%E1%84%89%E1%85%B3-%E1%84%8F%E1%85%B3%E1%86%AF%E1%84%85%E1%85%A9%E1%84%8C%E1%85%B5%E1%86%BC-%E1%84%82%E1%85%B5%E1%84%90%E1%85%B3-%E1%84%90%E1%85%A1%E1%86%B8-p05536050.html,https://static.zara.net/assets/public/908f/b78a/3642423a910b/9a5712cb205b/05536050250-p/05536050250-p.jpg?ts=1777285651252,"₩55,900",,,260622,화이트,,,,
,false,,ZARA,상의,셔츠/블라우스,여성,콤비 폴로 탑,https://www.zara.com/kr/ko/%E1%84%8F%E1%85%A9%E1%86%B7%E1%84%87%E1%85%B5-%E1%84%91%E1%85%A9%E1%86%AF%E1%84%85%E1%85%A9-%E1%84%90%E1%85%A1%E1%86%B8-p00387160.html,https://static.zara.net/assets/public/90fe/932b/577248b4a9a5/155456ef5141/00387160800-p/00387160800-p.jpg?ts=1768567551205,"₩49,900",,,260622,블랙,,,,
,false,,ZARA,상의,탑,여성,레이스 탑,https://www.zara.com/kr/ko/%E1%84%85%E1%85%A6%E1%84%8B%E1%85%B5%E1%84%89%E1%85%B3-%E1%84%90%E1%85%A1%E1%86%B8-p05039036.html,https://static.zara.net/assets/public/86b9/0a4f/040c4b129b51/920dee738dd5/05039036251-p/05039036251-p.jpg?ts=1780497557496,"₩45,900",,,260622,스크래치 화이트,,,,
,false,,ZARA,상의,탑,여성,시퀸 스트랩 탑,https://www.zara.com/kr/ko/%E1%84%89%E1%85%B5%E1%84%8F%E1%85%B1%E1%86%AB-%E1%84%89%E1%85%B3%E1%84%90%E1%85%B3%E1%84%85%E1%85%A2%E1%86%B8-%E1%84%90%E1%85%A1%E1%86%B8-p04813359.html,https://static.zara.net/assets/public/7378/7c1d/bda94537a927/851a1c29ef38/04813359712-a2/04813359712-a2.jpg?ts=1780497557128,"₩59,900",,,260622,크림,,,,
,false,,ZARA,상의,티셔츠,여성,레이스 리브드 탑,https://www.zara.com/kr/ko/%E1%84%85%E1%85%A6%E1%84%8B%E1%85%B5%E1%84%89%E1%85%B3-%E1%84%85%E1%85%B5%E1%84%87%E1%85%B3%E1%84%83%E1%85%B3-%E1%84%90%E1%85%A1%E1%86%B8-p05039037.html,https://static.zara.net/assets/public/8fd8/4722/d44d40d18635/f7ebeb9f03d9/05039037506-p/05039037506-p.jpg?ts=1778594133836,"₩39,900",,,260622,라이트 카키,,,,
,false,,ZARA,상의,티셔츠,여성,레이스 리브드 탑,https://www.zara.com/kr/ko/%E1%84%85%E1%85%A6%E1%84%8B%E1%85%B5%E1%84%89%E1%85%B3-%E1%84%85%E1%85%B5%E1%84%87%E1%85%B3%E1%84%83%E1%85%B3-%E1%84%90%E1%85%A1%E1%86%B8-p05039037.html,https://static.zara.net/assets/public/6321/6a98/454d491d9a77/485871abc304/05039037712-p/05039037712-p.jpg?ts=1778594135097,"₩39,900",,,260622,크림,,,,
,false,,ZARA,상의,탑,여성,버튼 리브드 페플럼 탑,https://www.zara.com/kr/ko/%E1%84%87%E1%85%A5%E1%84%90%E1%85%B3%E1%86%AB-%E1%84%85%E1%85%B5%E1%84%87%E1%85%B3%E1%84%83%E1%85%B3-%E1%84%91%E1%85%A6%E1%84%91%E1%85%B3%E1%86%AF%E1%84%85%E1%85%A5%E1%86%B7-%E1%84%90%E1%85%A1%E1%86%B8-p08779159.html,https://static.zara.net/assets/public/6eaf/8f18/a8f04cc4b5a0/1fb6f6d231a1/08779159800-a2/08779159800-a2.jpg?ts=1769619759711,"₩49,900",,,260622,블랙,,,,
,false,,ZARA,상의,티셔츠,여성,인터록 언밸런스 탑,https://www.zara.com/kr/ko/%E1%84%8B%E1%85%B5%E1%86%AB%E1%84%90%E1%85%A5%E1%84%85%E1%85%A9%E1%86%A8-%E1%84%8B%E1%85%A5%E1%86%AB%E1%84%87%E1%85%A2%E1%86%AF%E1%84%85%E1%85%A5%E1%86%AB%E1%84%89%E1%85%B3-%E1%84%90%E1%85%A1%E1%86%B8-p00264156.html,https://static.zara.net/assets/public/a95d/14b3/50104602b4b0/ea448f313c16/00264156250-p/00264156250-p.jpg?ts=1771854196652,"₩45,900",,,260622,화이트,,,,
,false,,ZARA,상의,탑,여성,크로셰 슬리브리스 탑,https://www.zara.com/kr/ko/%E1%84%8F%E1%85%B3%E1%84%85%E1%85%A9%E1%84%89%E1%85%A8-%E1%84%89%E1%85%B3%E1%86%AF%E1%84%85%E1%85%B5%E1%84%87%E1%85%B3%E1%84%85%E1%85%B5%E1%84%89%E1%85%B3-%E1%84%90%E1%85%A1%E1%86%B8-p08779164.html,https://static.zara.net/assets/public/1dc7/49f4/ba174b4b8494/cfdb03768899/08779164250-p/08779164250-p.jpg?ts=1773136422444,"₩55,900",,,260622,화이트,,,,
,false,,ZARA,상의,탑,여성,크로셰 플라워 탑,https://www.zara.com/kr/ko/%E1%84%8F%E1%85%B3%E1%84%85%E1%85%A9%E1%84%89%E1%85%A8-%E1%84%91%E1%85%B3%E1%86%AF%E1%84%85%E1%85%A1%E1%84%8B%E1%85%AF-%E1%84%90%E1%85%A1%E1%86%B8-p08779171.html,https://static.zara.net/assets/public/ea27/21be/18014bf9961c/b7aa30950ffb/08779171250-p/08779171250-p.jpg?ts=1773136423164,"₩55,900",,,260622,화이트,,,,
,false,,ZARA,상의,셔츠/블라우스,여성,글리터 새틴 탑,https://www.zara.com/kr/ko/%E1%84%89%E1%85%A2%E1%84%90%E1%85%B5%E1%86%AB-%E1%84%80%E1%85%B3%E1%86%AF%E1%84%85%E1%85%B5%E1%84%90%E1%85%A5-%E1%84%90%E1%85%A1%E1%86%B8-p03089727.html,https://static.zara.net/assets/public/edeb/bc7c/c4f4493a8ef2/4af81d9db283/03089727307-a4/03089727307-a4.jpg?ts=1778699797540,"₩59,900",,,260622,카바,,,,
,false,,ZARA,상의,셔츠/블라우스,여성,비즈 홀터넥 탑,https://www.zara.com/kr/ko/%E1%84%87%E1%85%B5%E1%84%8C%E1%85%B3-%E1%84%92%E1%85%A9%E1%86%AF%E1%84%90%E1%85%A5%E1%84%82%E1%85%A6%E1%86%A8-%E1%84%90%E1%85%A1%E1%86%B8-p05770054.html,https://static.zara.net/assets/public/6b58/365b/fab74783beda/7d4d6de53218/05770054802-p/05770054802-p.jpg?ts=1778702316315,"₩89,900",,,260622,그레이,,,,
,false,,ZARA,상의,셔츠/블라우스,여성,벨티드 플로럴 숄더 패드 탑,https://www.zara.com/kr/ko/%E1%84%89%E1%85%AD%E1%86%AF%E1%84%83%E1%85%A5-%E1%84%91%E1%85%A2%E1%84%83%E1%85%B3-%E1%84%91%E1%85%B3%E1%86%AF%E1%84%85%E1%85%A9%E1%84%85%E1%85%A5%E1%86%AF-%E1%84%91%E1%85%B3%E1%84%85%E1%85%B5%E1%86%AB%E1%84%90%E1%85%B3-%E1%84%90%E1%85%A1%E1%86%B8-p02023184.html,https://static.zara.net/assets/public/86d1/9ea1/4cd94af5b486/ebde2ba8f9db/02023184046-a3/02023184046-a3.jpg?ts=1773244941562,"₩49,900",,,260622,"로즈핑크,화이트",,,,
,false,,ZARA,상의,셔츠/블라우스,여성,코르셋 스타일 포플린 크롭 탑,https://www.zara.com/kr/ko/%E1%84%8F%E1%85%A9%E1%84%85%E1%85%B3%E1%84%89%E1%85%A6%E1%86%BA-%E1%84%89%E1%85%B3%E1%84%90%E1%85%A1%E1%84%8B%E1%85%B5%E1%86%AF-%E1%84%91%E1%85%A9%E1%84%91%E1%85%B3%E1%86%AF%E1%84%85%E1%85%B5%E1%86%AB-%E1%84%8F%E1%85%B3%E1%84%85%E1%85%A9%E1%86%B8-%E1%84%90%E1%85%A1%E1%86%B8-p02180063.html,https://static.zara.net/assets/public/7fde/0ca4/62bd4419a0c4/73a63f2200df/02180063250-p/02180063250-p.jpg?ts=1772011229817,"₩45,900",,,260622,화이트,,,,
,false,,ZARA,상의,셔츠/블라우스,여성,코르셋 스타일 포플린 크롭 탑,https://www.zara.com/kr/ko/%E1%84%8F%E1%85%A9%E1%84%85%E1%85%B3%E1%84%89%E1%85%A6%E1%86%BA-%E1%84%89%E1%85%B3%E1%84%90%E1%85%A1%E1%84%8B%E1%85%B5%E1%86%AF-%E1%84%91%E1%85%A9%E1%84%91%E1%85%B3%E1%86%AF%E1%84%85%E1%85%B5%E1%86%AB-%E1%84%8F%E1%85%B3%E1%84%85%E1%85%A9%E1%86%B8-%E1%84%90%E1%85%A1%E1%86%B8-p02180063.html,https://static.zara.net/assets/public/1c1a/11a6/5c0c48a0b5d8/d6651cffb9de/02180063800-p/02180063800-p.jpg?ts=1772011230172,"₩45,900",,,260622,블랙,,,,
,false,,ZARA,기타,WAISTCOAT,여성,더블 브레스트 스트라이프 베스트,https://www.zara.com/kr/ko/%E1%84%89%E1%85%B3%E1%84%90%E1%85%B3%E1%84%85%E1%85%A1%E1%84%8B%E1%85%B5%E1%84%91%E1%85%B3-%E1%84%83%E1%85%A5%E1%84%87%E1%85%B3%E1%86%AF-%E1%84%87%E1%85%B3%E1%84%85%E1%85%A6%E1%84%89%E1%85%B3%E1%84%90%E1%85%B3-%E1%84%87%E1%85%A6%E1%84%89%E1%85%B3%E1%84%90%E1%85%B3-p02010731.html,https://static.zara.net/assets/public/67b4/7dfc/6803473fbc0e/c00d52b934be/02010731485-p/02010731485-p.jpg?ts=1772011227672,"₩55,900",,,260622,"블루,그레이",,,,
,false,,ZARA,상의,탑,여성,파인 니트 반소매 탑,https://www.zara.com/kr/ko/%E1%84%91%E1%85%A1%E1%84%8B%E1%85%B5%E1%86%AB-%E1%84%82%E1%85%B5%E1%84%90%E1%85%B3-%E1%84%87%E1%85%A1%E1%86%AB%E1%84%89%E1%85%A9%E1%84%86%E1%85%A2-%E1%84%90%E1%85%A1%E1%86%B8-p02142139.html,https://static.zara.net/assets/public/2520/dbdc/32a548c8a5e5/2b5cf5d3f6d0/02142139300-1-p/02142139300-1-p.jpg?ts=1774615214368,"₩49,900",,,260622,노랑,,,,
,false,,ZARA,상의,탑,여성,피케 언밸런스 탑,https://www.zara.com/kr/ko/%E1%84%8B%E1%85%A5%E1%86%AB%E1%84%87%E1%85%A2%E1%86%AF%E1%84%85%E1%85%A5%E1%86%AB%E1%84%89%E1%85%B3-%E1%84%91%E1%85%B5%E1%84%8F%E1%85%A6-%E1%84%90%E1%85%A1%E1%86%B8-p05067155.html,https://static.zara.net/assets/public/9330/aff1/79da42ca9ff5/5dcb4e9eab22/05067155712-p/05067155712-p.jpg?ts=1770827728841,"₩45,900",,,260622,크림,,,,
,false,,ZARA,상의,탑,여성,언밸런스 피케 탑,https://www.zara.com/kr/ko/%E1%84%8B%E1%85%A5%E1%86%AB%E1%84%87%E1%85%A2%E1%86%AF%E1%84%85%E1%85%A5%E1%86%AB%E1%84%89%E1%85%B3-%E1%84%91%E1%85%B5%E1%84%8F%E1%85%A6-%E1%84%90%E1%85%A1%E1%86%B8-p05067155.html,https://static.zara.net/assets/public/8620/d660/69e343efb148/1b1ffea72ab4/05067155716-p/05067155716-p.jpg?ts=1770827729512,"₩45,900",,,260622,다크 브라운,,,,
,false,,ZARA,상의,탑,여성,드레이프 홀터넥 탑,https://www.zara.com/kr/ko/%E1%84%83%E1%85%B3%E1%84%85%E1%85%A6%E1%84%8B%E1%85%B5%E1%84%91%E1%85%B3-%E1%84%92%E1%85%A9%E1%86%AF%E1%84%90%E1%85%A5%E1%84%82%E1%85%A6%E1%86%A8-%E1%84%90%E1%85%A1%E1%86%B8-p00085314.html,https://static.zara.net/assets/public/09e6/3385/ab0848edb895/de84dcf1cf37/00085314800-001-p/00085314800-001-p.jpg?ts=1777115293745,"₩35,900",,,260622,블랙,,,,
,false,,ZARA,상의,탑,여성,시퀸 스트랩 탑,https://www.zara.com/kr/ko/%E1%84%89%E1%85%B5%E1%84%8F%E1%85%B1%E1%86%AB-%E1%84%89%E1%85%B3%E1%84%90%E1%85%B3%E1%84%85%E1%85%A2%E1%86%B8-%E1%84%90%E1%85%A1%E1%86%B8-p04813359.html,https://static.zara.net/assets/public/fe15/75aa/d4e2436c95a7/c6ecb15798f5/04813359712-a1/04813359712-a1.jpg?ts=1776953016338,"₩59,900",,,260622,크림,,,,
,false,,ZARA,상의,탑,여성,자수 스트랩 탑,https://www.zara.com/kr/ko/%E1%84%8C%E1%85%A1%E1%84%89%E1%85%AE-%E1%84%89%E1%85%B3%E1%84%90%E1%85%B3%E1%84%85%E1%85%A2%E1%86%B8-%E1%84%90%E1%85%A1%E1%86%B8-p05063363.html,https://static.zara.net/assets/public/a8b9/0ef7/c2a345b0badc/379d50f569d8/05063363505-p/05063363505-p.jpg?ts=1776953023773,"₩55,900",,,260622,카키,,,,
,false,,ZARA,상의,탑,여성,드레이프 홀터넥 탑,https://www.zara.com/kr/ko/%E1%84%83%E1%85%B3%E1%84%85%E1%85%A6%E1%84%8B%E1%85%B5%E1%84%91%E1%85%B3-%E1%84%92%E1%85%A9%E1%86%AF%E1%84%90%E1%85%A5%E1%84%82%E1%85%A6%E1%86%A8-%E1%84%90%E1%85%A1%E1%86%B8-p00085314.html,https://static.zara.net/assets/public/e2b7/3541/55d44573b4bf/48ded439c7ba/00085314250-p/00085314250-p.jpg?ts=1777018318115,"₩35,900",,,260622,화이트,,,,
,false,,ZARA,상의,티셔츠,여성,코튼 모달 스트랩 탑,https://www.zara.com/kr/ko/%E1%84%8F%E1%85%A9%E1%84%90%E1%85%B3%E1%86%AB-%E1%84%86%E1%85%A9%E1%84%83%E1%85%A1%E1%86%AF-%E1%84%89%E1%85%B3%E1%84%90%E1%85%B3%E1%84%85%E1%85%A2%E1%86%B8-%E1%84%90%E1%85%A1%E1%86%B8-p03641328.html,https://static.zara.net/assets/public/33c1/b462/1efd4d47b081/867a951536f0/03641328800-p/03641328800-p.jpg?ts=1771597824503,"₩15,900",,,260622,블랙,,,,
,false,,ZARA,상의,티셔츠,여성,코튼 모달 스트랩 탑,https://www.zara.com/kr/ko/%E1%84%8F%E1%85%A9%E1%84%90%E1%85%B3%E1%86%AB-%E1%84%86%E1%85%A9%E1%84%83%E1%85%A1%E1%86%AF-%E1%84%89%E1%85%B3%E1%84%90%E1%85%B3%E1%84%85%E1%85%A2%E1%86%B8-%E1%84%90%E1%85%A1%E1%86%B8-p03641328.html,https://static.zara.net/assets/public/63b0/c106/bfb24f16895b/756e0ecb791d/03641328737-p/03641328737-p.jpg?ts=1771597824115,"₩15,900",,,260622,"브라운,토프",,,,
,false,,ZARA,상의,셔츠/블라우스,여성,홀터넥 새틴 탑,https://www.zara.com/kr/ko/%E1%84%89%E1%85%A2%E1%84%90%E1%85%B5%E1%86%AB-%E1%84%92%E1%85%A9%E1%86%AF%E1%84%90%E1%85%A5%E1%84%82%E1%85%A6%E1%86%A8-%E1%84%90%E1%85%A1%E1%86%B8-p02157069.html,https://static.zara.net/assets/public/ddd4/4459/6a7a45c0b7ae/aa89a028703e/02157069615-p/02157069615-p.jpg?ts=1778247472591,"₩45,900",,,260622,오렌지,,,,
,false,,ZARA,상의,셔츠/블라우스,여성,새틴 홀터넥 탑,https://www.zara.com/kr/ko/%E1%84%89%E1%85%A2%E1%84%90%E1%85%B5%E1%86%AB-%E1%84%92%E1%85%A9%E1%86%AF%E1%84%90%E1%85%A5%E1%84%82%E1%85%A6%E1%86%A8-%E1%84%90%E1%85%A1%E1%86%B8-p02157221.html,https://static.zara.net/assets/public/285e/b69a/54074c8382d9/d7d42fcc6f63/02157062712-p/02157062712-p.jpg?ts=1777019740569,"₩45,900",,,260622,크림,,,,
,false,,ZARA,상의,셔츠/블라우스,여성,새틴 홀터넥 탑,https://www.zara.com/kr/ko/%E1%84%89%E1%85%A2%E1%84%90%E1%85%B5%E1%86%AB-%E1%84%92%E1%85%A9%E1%86%AF%E1%84%90%E1%85%A5%E1%84%82%E1%85%A6%E1%86%A8-%E1%84%90%E1%85%A1%E1%86%B8-p02157221.html,https://static.zara.net/assets/public/992e/7c4d/1197424c8c5d/8c69b5a778d1/07969056712-p/07969056712-p.jpg?ts=1778581612479,"₩45,900",,,260622,크림,,,,
,false,,ZARA,상의,셔츠/블라우스,여성,새틴 홀터넥 탑,https://www.zara.com/kr/ko/%E1%84%89%E1%85%A2%E1%84%90%E1%85%B5%E1%86%AB-%E1%84%92%E1%85%A9%E1%86%AF%E1%84%90%E1%85%A5%E1%84%82%E1%85%A6%E1%86%A8-%E1%84%90%E1%85%A1%E1%86%B8-p02157221.html,https://static.zara.net/assets/public/10d8/7baf/fcad409ebeb8/f8d346165d86/02157221800-p/02157221800-p.jpg?ts=1778582743571,"₩45,900",,,260622,블랙,,,,
,false,,ZARA,상의,탑,여성,레이스 셔링 탑,https://www.zara.com/kr/ko/%E1%84%89%E1%85%A7%E1%84%85%E1%85%B5%E1%86%BC-%E1%84%85%E1%85%A6%E1%84%8B%E1%85%B5%E1%84%89%E1%85%B3-%E1%84%90%E1%85%A1%E1%86%B8-p04813317.html,https://static.zara.net/assets/public/f4d6/8d90/bb8645749ef4/fb5cb95f133a/04813317712-p/04813317712-p.jpg?ts=1773257027210,"₩49,900",,,260622,크림,,,,
,false,,ZARA,상의,탑,여성,폴리아미드 메탈 드레이프 탑,https://www.zara.com/kr/ko/%E1%84%91%E1%85%A9%E1%86%AF%E1%84%85%E1%85%B5%E1%84%8B%E1%85%A1%E1%84%86%E1%85%B5%E1%84%83%E1%85%B3-%E1%84%83%E1%85%B3%E1%84%85%E1%85%A6%E1%84%8B%E1%85%B5%E1%84%91%E1%85%B3-%E1%84%90%E1%85%B3%E1%84%85%E1%85%B5%E1%84%86%E1%85%B5%E1%86%BC-%E1%84%90%E1%85%A1%E1%86%B8-p01026287.html,https://static.zara.net/assets/public/0ef7/2d74/adf04ee69cc4/26c5e15c81db/01026287681-p/01026287681-p.jpg?ts=1776081549961,"₩39,900",,,260622,버건디,,,,
,false,,ZARA,상의,티셔츠,여성,더블 스트랩 탑,https://www.zara.com/kr/ko/%E1%84%83%E1%85%A5%E1%84%87%E1%85%B3%E1%86%AF-%E1%84%89%E1%85%B3%E1%84%90%E1%85%B3%E1%84%85%E1%85%A2%E1%86%B8-%E1%84%90%E1%85%A1%E1%86%B8-p01198007.html,https://static.zara.net/assets/public/b677/e2c6/ba414979bbde/b9b9e517f6d7/01198007075-p/01198007075-p.jpg?ts=1770211154313,"₩35,900",,,260622,"크림,베이지",,,,
,false,,ZARA,상의,니트,여성,엑스트라 파인 울 실크 탑,https://www.zara.com/kr/ko/%E1%84%8B%E1%85%A6%E1%86%A8%E1%84%89%E1%85%B3%E1%84%90%E1%85%B3%E1%84%85%E1%85%A1-%E1%84%91%E1%85%A1%E1%84%8B%E1%85%B5%E1%86%AB-%E1%84%8B%E1%85%AE%E1%86%AF-%E1%84%89%E1%85%B5%E1%86%AF%E1%84%8F%E1%85%B3-%E1%84%90%E1%85%A1%E1%86%B8-p09598146.html,https://static.zara.net/assets/public/8f41/e343/79934407bf16/563fa7b34166/09598146401-p/09598146401-p.jpg?ts=1770211764380,"₩59,900",,,260622,네이비,,,,
,false,,ZARA,상의,셔츠/블라우스,여성,ZW 컬렉션 레이스 코르셋,https://www.zara.com/kr/ko/zw-%E1%84%8F%E1%85%A5%E1%86%AF%E1%84%85%E1%85%A6%E1%86%A8%E1%84%89%E1%85%A7%E1%86%AB-%E1%84%85%E1%85%A6%E1%84%8B%E1%85%B5%E1%84%89%E1%85%B3-%E1%84%8F%E1%85%A9%E1%84%85%E1%85%B3%E1%84%89%E1%85%A6%E1%86%BA-p04772241.html,https://static.zara.net/assets/public/4607/a223/c9dd459da7f9/af570c975e85/04772241800-p/04772241800-p.jpg?ts=1779722157824,"₩89,900",,,260622,블랙,,,,
,false,,ZARA,상의,티셔츠,여성,코튼 모달 스트랩 탑,https://www.zara.com/kr/ko/%E1%84%8F%E1%85%A9%E1%84%90%E1%85%B3%E1%86%AB-%E1%84%86%E1%85%A9%E1%84%83%E1%85%A1%E1%86%AF-%E1%84%89%E1%85%B3%E1%84%90%E1%85%B3%E1%84%85%E1%85%A2%E1%86%B8-%E1%84%90%E1%85%A1%E1%86%B8-p03641328.html,https://static.zara.net/assets/public/cc6f/59ab/f86f474aab71/e45a1f8befe4/03641328800-p/03641328800-p.jpg?ts=1775819504316,"₩15,900",,,260622,블랙,,,,
,false,,ZARA,상의,티셔츠,여성,코튼 모달 스트랩 탑,https://www.zara.com/kr/ko/%E1%84%8F%E1%85%A9%E1%84%90%E1%85%B3%E1%86%AB-%E1%84%86%E1%85%A9%E1%84%83%E1%85%A1%E1%86%AF-%E1%84%89%E1%85%B3%E1%84%90%E1%85%B3%E1%84%85%E1%85%A2%E1%86%B8-%E1%84%90%E1%85%A1%E1%86%B8-p03641328.html,https://static.zara.net/assets/public/74a6/786b/3df34a9c86ed/345095679f8c/03641328737-p/03641328737-p.jpg?ts=1775819505201,"₩15,900",,,260622,"브라운,토프",,,,
,false,,ZARA,상의,셔츠/블라우스,여성,리본 플리츠 포플린 홀터넥 탑,https://www.zara.com/kr/ko/%E1%84%85%E1%85%B5%E1%84%87%E1%85%A9%E1%86%AB-%E1%84%91%E1%85%B3%E1%86%AF%E1%84%85%E1%85%B5%E1%84%8E%E1%85%B3-%E1%84%91%E1%85%A9%E1%84%91%E1%85%B3%E1%86%AF%E1%84%85%E1%85%B5%E1%86%AB-%E1%84%92%E1%85%A9%E1%86%AF%E1%84%90%E1%85%A5%E1%84%82%E1%85%A6%E1%86%A8-%E1%84%90%E1%85%A1%E1%86%B8-p03233920.html,https://static.zara.net/assets/public/76aa/94f2/3e5442da87e3/31341719a049/03233920620-000-p/03233920620-000-p.jpg?ts=1777036780422,"₩55,900",,,260622,로즈핑크,,,,
,false,,ZARA,상의,탑,여성,실크 혼방 레이스 캐미솔 탑,https://www.zara.com/kr/ko/%E1%84%89%E1%85%B5%E1%86%AF%E1%84%8F%E1%85%B3-%E1%84%92%E1%85%A9%E1%86%AB%E1%84%87%E1%85%A1%E1%86%BC-%E1%84%85%E1%85%A6%E1%84%8B%E1%85%B5%E1%84%89%E1%85%B3-%E1%84%8F%E1%85%A2%E1%84%86%E1%85%B5%E1%84%89%E1%85%A9%E1%86%AF-%E1%84%90%E1%85%A1%E1%86%B8-p02678112.html,https://static.zara.net/assets/public/0ea2/8cc2/f8ca4d8f81aa/26e623950b59/02678112712-p/02678112712-p.jpg?ts=1771492304470,"₩129,900",,,260622,크림,,,,
,false,,ZARA,상의,탑,여성,자수 거즈 탑,https://www.zara.com/kr/ko/%E1%84%8C%E1%85%A1%E1%84%89%E1%85%AE-%E1%84%80%E1%85%A5%E1%84%8C%E1%85%B3-%E1%84%90%E1%85%A1%E1%86%B8-p04786126.html,https://static.zara.net/assets/public/cffd/746a/2a1841f0b7b5/8c67de29ff0c/04786126800-p/04786126800-p.jpg?ts=1771424151266,"₩109,900",,,260622,블랙,,,,
,false,,ZARA,상의,셔츠/블라우스,여성,ZW 컬렉션 새틴 언밸런스 탑,https://www.zara.com/kr/ko/zw-%E1%84%8F%E1%85%A5%E1%86%AF%E1%84%85%E1%85%A6%E1%86%A8%E1%84%89%E1%85%A7%E1%86%AB-%E1%84%89%E1%85%A2%E1%84%90%E1%85%B5%E1%86%AB-%E1%84%8B%E1%85%A5%E1%86%AB%E1%84%87%E1%85%A2%E1%86%AF%E1%84%85%E1%85%A5%E1%86%AB%E1%84%89%E1%85%B3-%E1%84%90%E1%85%A1%E1%86%B8-p01086213.html,https://static.zara.net/assets/public/9dab/dd86/41184e0bb4ac/dc9788931647/01086213251-p/01086213251-p.jpg?ts=1771502954629,"₩79,900",,,260622,스크래치 화이트,,,,
,false,,ZARA,상의,셔츠/블라우스,여성,크로스 스트럭처 크롭 탑,https://www.zara.com/kr/ko/%E1%84%8F%E1%85%B3%E1%84%85%E1%85%A9%E1%84%89%E1%85%B3-%E1%84%89%E1%85%B3%E1%84%90%E1%85%B3%E1%84%85%E1%85%A5%E1%86%A8%E1%84%8E%E1%85%A5-%E1%84%8F%E1%85%B3%E1%84%85%E1%85%A9%E1%86%B8-%E1%84%90%E1%85%A1%E1%86%B8-p00881055.html,https://static.zara.net/assets/public/6345/1cc9/db0a49e09a1c/dad34f6ee6b0/00881055756-p/00881055756-p.jpg?ts=1776330931797,"₩55,900",,,260622,미디움 카멜,,,,
,false,,ZARA,상의,탑,여성,100% 린넨 메쉬 니트 탑,https://www.zara.com/kr/ko/100-%E1%84%85%E1%85%B5%E1%86%AB%E1%84%82%E1%85%A6%E1%86%AB-%E1%84%86%E1%85%A6%E1%84%89%E1%85%B1-%E1%84%82%E1%85%B5%E1%84%90%E1%85%B3-%E1%84%90%E1%85%A1%E1%86%B8-p02142243.html,https://static.zara.net/assets/public/6a60/888f/d7384c2aa044/0b41d60ba509/06147125811-p/06147125811-p.jpg?ts=1775748387930,"₩49,900",,,260622,끈,,,,
,false,,ZARA,기타,WAISTCOAT,여성,타이업 베스트,https://www.zara.com/kr/ko/%E1%84%90%E1%85%A1%E1%84%8B%E1%85%B5%E1%84%8B%E1%85%A5%E1%86%B8-%E1%84%87%E1%85%A6%E1%84%89%E1%85%B3%E1%84%90%E1%85%B3-p02883546.html,https://static.zara.net/assets/public/56c0/5948/6b8a44e3baae/4058c3e49637/02886546614-000-p/02886546614-000-p.jpg?ts=1778673188234,"₩57,900",,,260622,번 오렌지,,,,
,false,,ZARA,기타,WAISTCOAT,여성,프린지 체크 베스트,https://www.zara.com/kr/ko/%E1%84%91%E1%85%B3%E1%84%85%E1%85%B5%E1%86%AB%E1%84%8C%E1%85%B5-%E1%84%8E%E1%85%A6%E1%84%8F%E1%85%B3-%E1%84%87%E1%85%A6%E1%84%89%E1%85%B3%E1%84%90%E1%85%B3-p04387184.html,https://static.zara.net/assets/public/e3a7/ca4e/b77c4b388f7a/feb00c1635e3/04387184712-p/04387184712-p.jpg?ts=1778670823245,"₩59,900",,,260622,크림,,,,
,false,,ZARA,상의,탑,여성,시퀸 오프숄더 크롭 탑,https://www.zara.com/kr/ko/%E1%84%89%E1%85%B5%E1%84%8F%E1%85%B1%E1%86%AB-%E1%84%8B%E1%85%A9%E1%84%91%E1%85%B3%E1%84%89%E1%85%AD%E1%86%AF%E1%84%83%E1%85%A5-%E1%84%8F%E1%85%B3%E1%84%85%E1%85%A9%E1%86%B8-%E1%84%90%E1%85%A1%E1%86%B8-p05063321.html,https://static.zara.net/assets/public/532c/f373/0f374df6a579/561ffadb2cee/05063321300-p/05063321300-p.jpg?ts=1774452763510,"₩55,900",,,260622,노랑,,,,
,false,,ZARA,상의,셔츠/블라우스,여성,깅엄 체크 허니콤 탑,https://www.zara.com/kr/ko/%E1%84%80%E1%85%B5%E1%86%BC%E1%84%8B%E1%85%A5%E1%86%B7-%E1%84%8E%E1%85%A6%E1%84%8F%E1%85%B3-%E1%84%92%E1%85%A5%E1%84%82%E1%85%B5%E1%84%8F%E1%85%A9%E1%86%B7-%E1%84%90%E1%85%A1%E1%86%B8-p08741110.html,https://static.zara.net/assets/public/5a97/c903/f4e94b858943/e55081b570d0/08741110080-p/08741110080-p.jpg?ts=1774529324390,"₩49,900",,,260622,"크림,블루",,,,
,false,,ZARA,상의,셔츠/블라우스,여성,깅엄 체크 허니콤 탑,https://www.zara.com/kr/ko/%E1%84%80%E1%85%B5%E1%86%BC%E1%84%8B%E1%85%A5%E1%86%B7-%E1%84%8E%E1%85%A6%E1%84%8F%E1%85%B3-%E1%84%92%E1%85%A5%E1%84%82%E1%85%B5%E1%84%8F%E1%85%A9%E1%86%B7-%E1%84%90%E1%85%A1%E1%86%B8-p08741110.html,https://static.zara.net/assets/public/139e/71fb/35424b10913b/79a455fae131/08741110068-p/08741110068-p.jpg?ts=1774529321519,"₩49,900",,,260622,"크림,석류",,,,
,false,,ZARA,상의,셔츠/블라우스,여성,벌룬 스트랩 탑,https://www.zara.com/kr/ko/%E1%84%87%E1%85%A5%E1%86%AF%E1%84%85%E1%85%AE%E1%86%AB-%E1%84%89%E1%85%B3%E1%84%90%E1%85%B3%E1%84%85%E1%85%A2%E1%86%B8-%E1%84%90%E1%85%A1%E1%86%B8-p08372127.html,https://static.zara.net/assets/public/79a6/259a/a3994f758ccd/07f3b9c821d5/08372127700-p/08372127700-p.jpg?ts=1778228882842,"₩45,900",,,260622,브라운,,,,
,false,,ZARA,상의,셔츠/블라우스,여성,도트 포플린 탑,https://www.zara.com/kr/ko/%E1%84%83%E1%85%A9%E1%84%90%E1%85%B3-%E1%84%91%E1%85%A9%E1%84%91%E1%85%B3%E1%86%AF%E1%84%85%E1%85%B5%E1%86%AB-%E1%84%90%E1%85%A1%E1%86%B8-p03067054.html,https://static.zara.net/assets/public/657d/d12e/f57743528b4d/c971f5776717/03067054747-a3/03067054747-a3.jpg?ts=1772618848597,"₩55,900",,,260622,"brown,white",,,,
,false,,ZARA,상의,셔츠/블라우스,여성,프릴 콤비 셔츠,https://www.zara.com/kr/ko/%E1%84%91%E1%85%B3%E1%84%85%E1%85%B5%E1%86%AF-%E1%84%8F%E1%85%A9%E1%86%B7%E1%84%87%E1%85%B5-%E1%84%89%E1%85%A7%E1%84%8E%E1%85%B3-p05584258.html,https://static.zara.net/assets/public/52f4/a654/4c964838aa24/016dfb134ff7/05584258250-p/05584258250-p.jpg?ts=1772620156330,"₩55,900",,,260622,화이트,,,,
,false,,ZARA,상의,셔츠/블라우스,여성,프릴 콤비 셔츠,https://www.zara.com/kr/ko/%E1%84%91%E1%85%B3%E1%84%85%E1%85%B5%E1%86%AF-%E1%84%8F%E1%85%A9%E1%86%B7%E1%84%87%E1%85%B5-%E1%84%89%E1%85%A7%E1%84%8E%E1%85%B3-p05584258.html,https://static.zara.net/assets/public/dafa/2997/f2f4455a95cc/15df241166f9/05584258250-a3/05584258250-a3.jpg?ts=1772620155905,"₩55,900",,,260622,화이트,,,,
,false,,ZARA,기타,WAISTCOAT,여성,홀터넥 포플린 탑,https://www.zara.com/kr/ko/%E1%84%89%E1%85%B3%E1%84%90%E1%85%B3%E1%84%85%E1%85%A1%E1%84%8B%E1%85%B5%E1%84%91%E1%85%B3-%E1%84%91%E1%85%A9%E1%84%91%E1%85%B3%E1%86%AF%E1%84%85%E1%85%B5%E1%86%AB-%E1%84%92%E1%85%A9%E1%86%AF%E1%84%90%E1%85%A5%E1%84%82%E1%85%A6%E1%86%A8-%E1%84%90%E1%85%A1%E1%86%B8-p02010746.html,https://static.zara.net/assets/public/d6a7/3eb6/7fa3418f82f7/d1d285b6a973/02010747800-p/02010747800-p.jpg?ts=1780916959606,"₩49,900",,,260622,블랙,,,,
,false,,ZARA,기타,WAISTCOAT,여성,스트라이프 포플린 홀터넥 탑,https://www.zara.com/kr/ko/%E1%84%89%E1%85%B3%E1%84%90%E1%85%B3%E1%84%85%E1%85%A1%E1%84%8B%E1%85%B5%E1%84%91%E1%85%B3-%E1%84%91%E1%85%A9%E1%84%91%E1%85%B3%E1%86%AF%E1%84%85%E1%85%B5%E1%86%AB-%E1%84%92%E1%85%A9%E1%86%AF%E1%84%90%E1%85%A5%E1%84%82%E1%85%A6%E1%86%A8-%E1%84%90%E1%85%A1%E1%86%B8-p02010746.html,https://static.zara.net/assets/public/480f/b9a4/e0834c16ab34/4683153ebd89/02010746046-p/02010746046-p.jpg?ts=1780916955416,"₩49,900",,,260622,"로즈핑크,화이트",,,,
,false,,ZARA,상의,탑,여성,액세서리 드레이프 탑,https://www.zara.com/kr/ko/%E1%84%83%E1%85%B3%E1%84%85%E1%85%A6%E1%84%8B%E1%85%B5%E1%84%91%E1%85%B3-%E1%84%8B%E1%85%A2%E1%86%A8%E1%84%89%E1%85%A6%E1%84%89%E1%85%A5%E1%84%85%E1%85%B5-%E1%84%90%E1%85%A1%E1%86%B8-p01165476.html,https://static.zara.net/assets/public/1f4e/f84a/6cc84c96b4a4/a04aa67aefe8/01165476251-p/01165476251-p.jpg?ts=1776865574871,"₩39,900",,,260622,스크래치 화이트,,,,
,false,,ZARA,상의,탑,여성,드레이프 액세서리 탑,https://www.zara.com/kr/ko/%E1%84%83%E1%85%B3%E1%84%85%E1%85%A6%E1%84%8B%E1%85%B5%E1%84%91%E1%85%B3-%E1%84%8B%E1%85%A2%E1%86%A8%E1%84%89%E1%85%A6%E1%84%89%E1%85%A5%E1%84%85%E1%85%B5-%E1%84%90%E1%85%A1%E1%86%B8-p01165476.html,https://static.zara.net/assets/public/9ba9/9eb0/01394c83a047/126f67fd747e/01165476401-p/01165476401-p.jpg?ts=1776865574595,"₩39,900",,,260622,네이비,,,,
,false,,ZARA,상의,탑,여성,드레이프 액세서리 탑,https://www.zara.com/kr/ko/%E1%84%83%E1%85%B3%E1%84%85%E1%85%A6%E1%84%8B%E1%85%B5%E1%84%91%E1%85%B3-%E1%84%8B%E1%85%A2%E1%86%A8%E1%84%89%E1%85%A6%E1%84%89%E1%85%A5%E1%84%85%E1%85%B5-%E1%84%90%E1%85%A1%E1%86%B8-p01165476.html,https://static.zara.net/assets/public/c647/bbcc/ef34483bb7b1/5d7018a6e531/01165476620-p/01165476620-p.jpg?ts=1776865578283,"₩39,900",,,260622,로즈핑크,,,,
,false,,ZARA,상의,탑,여성,크롭 롱 슬리브 탑,https://www.zara.com/kr/ko/%E1%84%8F%E1%85%B3%E1%84%85%E1%85%A9%E1%86%B8-%E1%84%85%E1%85%A9%E1%86%BC-%E1%84%89%E1%85%B3%E1%86%AF%E1%84%85%E1%85%B5%E1%84%87%E1%85%B3-%E1%84%90%E1%85%A1%E1%86%B8-p03644167.html,https://static.zara.net/assets/public/923d/2786/dce843bb8250/be83ebf3968d/03644167450-p/03644167450-p.jpg?ts=1768921656650,"₩49,900",,,260622,베이지,,,,
,false,,ZARA,상의,탑,여성,링클 페이크 니트 탑,https://www.zara.com/kr/ko/%E1%84%85%E1%85%B5%E1%86%BC%E1%84%8F%E1%85%B3%E1%86%AF-%E1%84%91%E1%85%A6%E1%84%8B%E1%85%B5%E1%84%8F%E1%85%B3-%E1%84%82%E1%85%B5%E1%84%90%E1%85%B3-%E1%84%90%E1%85%A1%E1%86%B8-p05802010.html,https://static.zara.net/assets/public/983b/2a1d/8b744b76ae31/19a5ac39f5ae/05802010610-p/05802010610-p.jpg?ts=1776787117453,"₩49,900",,,260622,가지,,,,
,false,,ZARA,상의,탑,여성,리버서블 패턴 파레오 탑,https://www.zara.com/kr/ko/%E1%84%85%E1%85%B5%E1%84%87%E1%85%A5%E1%84%89%E1%85%A5%E1%84%87%E1%85%B3%E1%86%AF-%E1%84%91%E1%85%A2%E1%84%90%E1%85%A5%E1%86%AB-%E1%84%91%E1%85%A1%E1%84%85%E1%85%A6%E1%84%8B%E1%85%A9-%E1%84%90%E1%85%A1%E1%86%B8-p04758061.html,https://static.zara.net/assets/public/2bed/35da/403d44c7ab6a/ae4bd61aea70/04758061330-001-p/04758061330-001-p.jpg?ts=1778510718504,"₩45,900",,,260622,멀티컬러,,,,
,false,,ZARA,상의,탑,여성,세미 시스루 니트 탑,https://www.zara.com/kr/ko/%E1%84%89%E1%85%A6%E1%84%86%E1%85%B5-%E1%84%89%E1%85%B5%E1%84%89%E1%85%B3%E1%84%85%E1%85%AE-%E1%84%82%E1%85%B5%E1%84%90%E1%85%B3-%E1%84%90%E1%85%A1%E1%86%B8-p02142103.html,https://static.zara.net/assets/public/edc1/b666/8e984bfba30b/ce2932867180/02142103818-p/02142103818-p.jpg?ts=1771424502441,"₩79,900",,,260622,납,,,,
,false,,ZARA,상의,탑,여성,매듭 니트 탑,https://www.zara.com/kr/ko/%E1%84%86%E1%85%A2%E1%84%83%E1%85%B3%E1%86%B8-%E1%84%82%E1%85%B5%E1%84%90%E1%85%B3-%E1%84%90%E1%85%A1%E1%86%B8-p05755043.html,https://static.zara.net/assets/public/9633/1eca/3b3447a6abaa/52f862c988ee/05755043052-p/05755043052-p.jpg?ts=1772636260720,"₩59,900",,,260622,라이트 베이지,,,,
,false,,ZARA,상의,티셔츠,여성,하이넥 슬리브리스 탑,https://www.zara.com/kr/ko/%E1%84%92%E1%85%A1%E1%84%8B%E1%85%B5%E1%84%82%E1%85%A6%E1%86%A8-%E1%84%89%E1%85%B3%E1%86%AF%E1%84%85%E1%85%B5%E1%84%87%E1%85%B3%E1%84%85%E1%85%B5%E1%84%89%E1%85%B3-%E1%84%90%E1%85%A1%E1%86%B8-p04174001.html,https://static.zara.net/assets/public/fcee/2f7a/95ed4e39ab04/f6db3706ad22/04174001251-p/04174001251-p.jpg?ts=1769783494543,"₩17,900",,,260622,스크래치 화이트,,,,
,false,,ZARA,상의,탑,여성,스트레치 코르셋 탑,https://www.zara.com/kr/ko/%E1%84%89%E1%85%B3%E1%84%90%E1%85%B3%E1%84%85%E1%85%A6%E1%84%8E%E1%85%B5-%E1%84%8F%E1%85%A9%E1%84%85%E1%85%B3%E1%84%89%E1%85%A6%E1%86%BA-%E1%84%90%E1%85%A1%E1%86%B8-p06050337.html,https://static.zara.net/assets/public/c50d/9bef/26c241f9817d/69645ca5a732/06050337250-p/06050337250-p.jpg?ts=1779877375197,"₩45,900",,,260622,화이트,,,,
,false,,ZARA,상의,탑,여성,스트레치 코르셋 탑,https://www.zara.com/kr/ko/%E1%84%89%E1%85%B3%E1%84%90%E1%85%B3%E1%84%85%E1%85%A6%E1%84%8E%E1%85%B5-%E1%84%8F%E1%85%A9%E1%84%85%E1%85%B3%E1%84%89%E1%85%A6%E1%86%BA-%E1%84%90%E1%85%A1%E1%86%B8-p06050337.html,https://static.zara.net/assets/public/1c36/efa3/9909434482f9/36967db3225d/06050337507-p/06050337507-p.jpg?ts=1779877375298,"₩45,900",,,260622,다크 카키,,,,
,false,,ZARA,상의,탑,여성,스트레치 코르셋 탑,https://www.zara.com/kr/ko/%E1%84%89%E1%85%B3%E1%84%90%E1%85%B3%E1%84%85%E1%85%A6%E1%84%8E%E1%85%B5-%E1%84%8F%E1%85%A9%E1%84%85%E1%85%B3%E1%84%89%E1%85%A6%E1%86%BA-%E1%84%90%E1%85%A1%E1%86%B8-p06050337.html,https://static.zara.net/assets/public/d8f2/242e/0b8e425fad58/e966dfc2e9f4/06050337800-p/06050337800-p.jpg?ts=1779877374952,"₩45,900",,,260622,블랙,,,,
,false,,ZARA,기타,WAISTCOAT,여성,린넨 홀터넥 베스트,https://www.zara.com/kr/ko/%E1%84%85%E1%85%B5%E1%86%AB%E1%84%82%E1%85%A6%E1%86%AB-%E1%84%92%E1%85%A9%E1%86%AF%E1%84%90%E1%85%A5%E1%84%82%E1%85%A6%E1%86%A8-%E1%84%87%E1%85%A6%E1%84%89%E1%85%B3%E1%84%90%E1%85%B3-p09929127.html,https://static.zara.net/assets/public/616c/0724/2342450d80a5/b7da7fcffc9b/09929127681-p/09929127681-p.jpg?ts=1774627088805,"₩55,900",,,260622,버건디,,,,
,false,,ZARA,상의,탑,여성,리본 배색 크롭 탑,https://www.zara.com/kr/ko/%E1%84%85%E1%85%B5%E1%84%87%E1%85%A9%E1%86%AB-%E1%84%87%E1%85%A2%E1%84%89%E1%85%A2%E1%86%A8-%E1%84%8F%E1%85%B3%E1%84%85%E1%85%A9%E1%86%B8-%E1%84%90%E1%85%A1%E1%86%B8-p01377101.html,https://static.zara.net/assets/public/098d/5abf/4a744a16addf/ea51622a9251/01377101712-e1/01377101712-e1.jpg?ts=1775056326817,"₩59,900",,,260622,크림,,,,
,false,,ZARA,상의,셔츠/블라우스,여성,ZW 컬렉션 LIMITED EDITION 100% 레더 밴도 탑,https://www.zara.com/kr/ko/zw-%E1%84%8F%E1%85%A5%E1%86%AF%E1%84%85%E1%85%A6%E1%86%A8%E1%84%89%E1%85%A7%E1%86%AB-limited-edition-100-%E1%84%85%E1%85%A6%E1%84%83%E1%85%A5-%E1%84%87%E1%85%A2%E1%86%AB%E1%84%83%E1%85%B2-%E1%84%90%E1%85%A1%E1%86%B8-p01758107.html,https://static.zara.net/assets/public/2f3e/cdde/8a7d4e3ea8ad/21ce5bb3daf9/01758107800-p/01758107800-p.jpg?ts=1762273772421,"₩89,900",,,260622,블랙,,,,
,false,,ZARA,상의,탑,여성,100% 레더 탑,https://www.zara.com/kr/ko/100-%E1%84%85%E1%85%A6%E1%84%83%E1%85%A5-%E1%84%90%E1%85%A1%E1%86%B8-p01758130.html,https://static.zara.net/assets/public/ceb3/c473/d5ee42d995ae/3af62ffd1e41/01758130800-p/01758130800-p.jpg?ts=1767875156187,"₩109,900",,,260622,블랙,,,,
,false,,ZARA,상의,셔츠/블라우스,여성,셔링 슬리브리스 탑,https://www.zara.com/kr/ko/%E1%84%89%E1%85%B3%E1%86%AF%E1%84%85%E1%85%B5%E1%84%87%E1%85%B3%E1%84%85%E1%85%B5%E1%84%89%E1%85%B3-%E1%84%89%E1%85%A7%E1%84%85%E1%85%B5%E1%86%BC-%E1%84%90%E1%85%A1%E1%86%B8-p02157022.html,https://static.zara.net/assets/public/2a0c/7642/41b341df8628/d6e0b44e3a64/02157022800-p/02157022800-p.jpg?ts=1770981853067,"₩49,900",,,260622,블랙,,,,
,false,,ZARA,상의,셔츠/블라우스,여성,ZW 컬렉션 100% 린넨 자수 탑,https://www.zara.com/kr/ko/zw-%E1%84%8F%E1%85%A5%E1%86%AF%E1%84%85%E1%85%A6%E1%86%A8%E1%84%89%E1%85%A7%E1%86%AB-100-%E1%84%85%E1%85%B5%E1%86%AB%E1%84%82%E1%85%A6%E1%86%AB-%E1%84%8C%E1%85%A1%E1%84%89%E1%85%AE-%E1%84%90%E1%85%A1%E1%86%B8-p04786154.html,https://static.zara.net/assets/public/7030/3e9b/75614a848504/0b07eaad04bd/04786154250-a6/04786154250-a6.jpg?ts=1780495035680,"₩79,900",,,260622,화이트,,,,
,false,,ZARA,상의,티셔츠,여성,폴리아미드 혼방 탑,https://www.zara.com/kr/ko/%E1%84%91%E1%85%A9%E1%86%AF%E1%84%85%E1%85%B5%E1%84%8B%E1%85%A1%E1%84%86%E1%85%B5%E1%84%83%E1%85%B3-%E1%84%92%E1%85%A9%E1%86%AB%E1%84%87%E1%85%A1%E1%86%BC-%E1%84%90%E1%85%A1%E1%86%B8-p01355457.html,https://static.zara.net/assets/public/e71f/a0f1/669147069d49/7d9bb133eb9a/01355457700-p/01355457700-p.jpg?ts=1762967661284,"₩45,900",,,260622,브라운,,,,
,false,,ZARA,상의,티셔츠,여성,폴리아미드 혼방 탑,https://www.zara.com/kr/ko/%E1%84%91%E1%85%A9%E1%86%AF%E1%84%85%E1%85%B5%E1%84%8B%E1%85%A1%E1%84%86%E1%85%B5%E1%84%83%E1%85%B3-%E1%84%92%E1%85%A9%E1%86%AB%E1%84%87%E1%85%A1%E1%86%BC-%E1%84%90%E1%85%A1%E1%86%B8-p01355457.html,https://static.zara.net/assets/public/6b74/dc9b/e3c949f5bf1b/501df99eddc0/01355457725-p/01355457725-p.jpg?ts=1774279812453,"₩45,900",,,260622,버터,,,,
,false,,ZARA,상의,니트,여성,오픈워크 니트 스웨터,https://www.zara.com/kr/ko/%E1%84%8B%E1%85%A9%E1%84%91%E1%85%B3%E1%86%AB%E1%84%8B%E1%85%AF%E1%84%8F%E1%85%B3-%E1%84%82%E1%85%B5%E1%84%90%E1%85%B3-%E1%84%89%E1%85%B3%E1%84%8B%E1%85%B0%E1%84%90%E1%85%A5-p05755048.html,https://static.zara.net/assets/public/ad35/554c/764a49a0b20c/38399362c695/05755048800-1-p/05755048800-1-p.jpg?ts=1779895426552,"₩49,900",,,260622,블랙,,,,
,false,,ZARA,상의,탑,여성,캐미솔 탑,https://www.zara.com/kr/ko/%E1%84%8F%E1%85%A2%E1%84%86%E1%85%B5%E1%84%89%E1%85%A9%E1%86%AF-%E1%84%90%E1%85%A1%E1%86%B8-p06050322.html,https://static.zara.net/assets/public/c26f/7bf2/3e484827a4fc/5842891562fb/06050322800-p/06050322800-p.jpg?ts=1773858407431,"₩35,900",,,260622,블랙,,,,
,false,,ZARA,상의,탑,여성,스트레치 홀터넥 탑,https://www.zara.com/kr/ko/%E1%84%83%E1%85%A9%E1%84%90%E1%85%B3-%E1%84%91%E1%85%A2%E1%84%90%E1%85%A5%E1%86%AB-%E1%84%89%E1%85%B3%E1%84%90%E1%85%B3%E1%84%85%E1%85%A6%E1%84%8E%E1%85%B5-%E1%84%92%E1%85%A9%E1%86%AF%E1%84%90%E1%85%A5%E1%84%82%E1%85%A6%E1%86%A8-%E1%84%90%E1%85%A1%E1%86%B8-p03644324.html,https://static.zara.net/assets/public/9484/0b73/54314fd8804b/77fe0a1a220f/03644324716-p/03644324716-p.jpg?ts=1773920701406,"₩39,900",,,260622,다크 브라운,,,,
,false,,ZARA,상의,셔츠/블라우스,여성,토글 페플럼 탑,https://www.zara.com/kr/ko/%E1%84%90%E1%85%A9%E1%84%80%E1%85%B3%E1%86%AF-%E1%84%87%E1%85%A5%E1%84%90%E1%85%B3%E1%86%AB-%E1%84%91%E1%85%A6%E1%84%91%E1%85%B3%E1%86%AF%E1%84%85%E1%85%A5%E1%86%B7-%E1%84%90%E1%85%A1%E1%86%B8-p02828772.html,https://static.zara.net/assets/public/1d05/f789/65124bb1af72/457526e59cf2/02828772620-p/02828772620-p.jpg?ts=1778082059829,"₩55,900",,,260622,로즈핑크,,,,
,false,,ZARA,상의,탑,여성,버튼 베스트 탑,https://www.zara.com/kr/ko/%E1%84%87%E1%85%A5%E1%84%90%E1%85%B3%E1%86%AB-%E1%84%87%E1%85%A6%E1%84%89%E1%85%B3%E1%84%90%E1%85%B3-%E1%84%90%E1%85%A1%E1%86%B8-p05584299.html,https://static.zara.net/assets/public/5c90/eaa8/94764bc8abe2/53ff887a490f/05584299104-p/05584299104-p.jpg?ts=1778059495102,"₩45,900",,,260622,스트라이프,,,,
,false,,ZARA,상의,셔츠/블라우스,여성,레이스 새틴 탑,https://www.zara.com/kr/ko/%E1%84%85%E1%85%A6%E1%84%8B%E1%85%B5%E1%84%89%E1%85%B3-%E1%84%89%E1%85%A2%E1%84%90%E1%85%B5%E1%86%AB-%E1%84%90%E1%85%A1%E1%86%B8-p04764002.html,https://static.zara.net/assets/public/1033/54c1/fd8d44ea9d7f/50bdcf792040/04764002804-p/04764002804-p.jpg?ts=1769783372354,"₩49,900",,,260622,펄 그레이,,,,
,false,,ZARA,상의,탑,여성,드레이프 액세서리 탑,https://www.zara.com/kr/ko/%E1%84%83%E1%85%B3%E1%84%85%E1%85%A6%E1%84%8B%E1%85%B5%E1%84%91%E1%85%B3-%E1%84%8B%E1%85%A2%E1%86%A8%E1%84%89%E1%85%A6%E1%84%89%E1%85%A5%E1%84%85%E1%85%B5-%E1%84%90%E1%85%A1%E1%86%B8-p01165476.html,https://static.zara.net/assets/public/413b/67eb/dce249678353/96b7e811c586/01165476800-p/01165476800-p.jpg?ts=1781860767963,"₩39,900",,,260622,블랙,,,,
,false,,ZARA,상의,탑,여성,액세서리 드레이프 탑,https://www.zara.com/kr/ko/%E1%84%83%E1%85%B3%E1%84%85%E1%85%A6%E1%84%8B%E1%85%B5%E1%84%91%E1%85%B3-%E1%84%8B%E1%85%A2%E1%86%A8%E1%84%89%E1%85%A6%E1%84%89%E1%85%A5%E1%84%85%E1%85%B5-%E1%84%90%E1%85%A1%E1%86%B8-p01165476.html,https://static.zara.net/assets/public/e257/bd8c/ad7d4a26b0f2/0d1231f88fe9/01165476251-a4/01165476251-a4.jpg?ts=1781860764590,"₩39,900",,,260622,스크래치 화이트,,,,
,false,,ZARA,상의,탑,여성,메탈릭 얀 레이스 탑,https://www.zara.com/kr/ko/%E1%84%86%E1%85%A6%E1%84%90%E1%85%A1%E1%86%AF%E1%84%85%E1%85%B5%E1%86%A8-%E1%84%8B%E1%85%A3%E1%86%AB-%E1%84%85%E1%85%A6%E1%84%8B%E1%85%B5%E1%84%89%E1%85%B3-%E1%84%90%E1%85%A1%E1%86%B8-p01223114.html,https://static.zara.net/assets/public/a981/b474/c7834b09b65e/3080b59041c9/01223114303-p/01223114303-p.jpg?ts=1770194700669,"₩59,900",,,260622,골드,,,,
,false,,ZARA,상의,티셔츠,여성,골지 크롭 탑,https://www.zara.com/kr/ko/%E1%84%80%E1%85%A9%E1%86%AF%E1%84%8C%E1%85%B5-%E1%84%8F%E1%85%B3%E1%84%85%E1%85%A9%E1%86%B8-%E1%84%90%E1%85%A1%E1%86%B8-p03641327.html,https://static.zara.net/assets/public/5366/22ff/4b8e4b98abd1/678367a786a8/03641327250-p/03641327250-p.jpg?ts=1776355312096,"₩17,900",,,260622,화이트,,,,
,false,,ZARA,상의,티셔츠,여성,보트넥 탑,https://www.zara.com/kr/ko/%E1%84%87%E1%85%A9%E1%84%90%E1%85%B3%E1%84%82%E1%85%A6%E1%86%A8-%E1%84%90%E1%85%A1%E1%86%B8-p03641301.html,https://static.zara.net/assets/public/cdf4/a105/95324e229008/bb0d04e077b1/03641301250-016-p/03641301250-016-p.jpg?ts=1776427981024,"₩21,900",,,260622,화이트,,,,
,false,,ZARA,상의,셔츠/블라우스,여성,포플린 셔링 크롭 탑,https://www.zara.com/kr/ko/%E1%84%91%E1%85%A9%E1%84%91%E1%85%B3%E1%86%AF%E1%84%85%E1%85%B5%E1%86%AB-%E1%84%89%E1%85%A7%E1%84%85%E1%85%B5%E1%86%BC-%E1%84%8F%E1%85%B3%E1%84%85%E1%85%A9%E1%86%B8-%E1%84%90%E1%85%A1%E1%86%B8-p03067028.html,https://static.zara.net/assets/public/b123/c6a8/0f8043809a35/6df1de94716b/03067028800-p/03067028800-p.jpg?ts=1775054818117,"₩45,900",,,260622,블랙,,,,
,false,,ZARA,상의,셔츠/블라우스,여성,ZW 컬렉션 오픈 뒷면 탑,https://www.zara.com/kr/ko/zw-%E1%84%8F%E1%85%A5%E1%86%AF%E1%84%85%E1%85%A6%E1%86%A8%E1%84%89%E1%85%A7%E1%86%AB-%E1%84%8B%E1%85%A9%E1%84%91%E1%85%B3%E1%86%AB-%E1%84%83%E1%85%B1%E1%86%BA%E1%84%86%E1%85%A7%E1%86%AB-%E1%84%90%E1%85%A1%E1%86%B8-p01098767.html,https://static.zara.net/assets/public/d38f/c2e9/2b0f42f2af1f/c966af580b70/01098767711-h2/master.m3u8?ts=1772708513071,"₩109,900",,,260622,샌드,,,,
,false,,ZARA,상의,셔츠/블라우스,여성,ZW 컬렉션 비즈 탑,https://www.zara.com/kr/ko/zw-%E1%84%8F%E1%85%A5%E1%86%AF%E1%84%85%E1%85%A6%E1%86%A8%E1%84%89%E1%85%A7%E1%86%AB-%E1%84%87%E1%85%B5%E1%84%8C%E1%85%B3-%E1%84%8C%E1%85%A1%E1%86%BC%E1%84%89%E1%85%B5%E1%86%A8-%E1%84%90%E1%85%A1%E1%86%B8-p03920176.html,https://static.zara.net/assets/public/16a5/8788/a22c4cf4bb65/494549091dc3/03920176712-060-a3/master.m3u8?ts=1772798763262,"₩89,900",,,260622,크림,,,,
,false,,ZARA,상의,셔츠/블라우스,여성,ZW 컬렉션 홀터넥 오픈 백 탑,https://www.zara.com/kr/ko/zw-%E1%84%8F%E1%85%A5%E1%86%AF%E1%84%85%E1%85%A6%E1%86%A8%E1%84%89%E1%85%A7%E1%86%AB-%E1%84%92%E1%85%A9%E1%86%AF%E1%84%90%E1%85%A5%E1%84%82%E1%85%A6%E1%86%A8-%E1%84%8B%E1%85%A9%E1%84%91%E1%85%B3%E1%86%AB-%E1%84%87%E1%85%A2%E1%86%A8-%E1%84%90%E1%85%A1%E1%86%B8-p01087100.html,https://static.zara.net/assets/public/29f8/cd63/bcbe462884b2/ee0c3a643a94/01087100741-e1/01087100741-e1.jpg?ts=1772186379099,"₩59,900",,,260622,아이보리,,,,
,false,,ZARA,상의,셔츠/블라우스,여성,ZW 컬렉션 레이스 새틴 탑,https://www.zara.com/kr/ko/zw-%E1%84%8F%E1%85%A5%E1%86%AF%E1%84%85%E1%85%A6%E1%86%A8%E1%84%89%E1%85%A7%E1%86%AB-%E1%84%85%E1%85%A6%E1%84%8B%E1%85%B5%E1%84%89%E1%85%B3-%E1%84%89%E1%85%A2%E1%84%90%E1%85%B5%E1%86%AB-%E1%84%90%E1%85%A1%E1%86%B8-p01758135.html,https://static.zara.net/assets/public/3519/eee4/d6144a298080/d9db478447c4/03322242712-060-p/03322242712-060-p.jpg?ts=1772806935913,"₩59,900",,,260622,크림,,,,
,false,,ZARA,상의,셔츠/블라우스,여성,케이프 콤비 블라우스,https://www.zara.com/kr/ko/%E1%84%8F%E1%85%A9%E1%86%B7%E1%84%87%E1%85%B5-%E1%84%8F%E1%85%A6%E1%84%8B%E1%85%B5%E1%84%91%E1%85%B3-%E1%84%87%E1%85%B3%E1%86%AF%E1%84%85%E1%85%A1%E1%84%8B%E1%85%AE%E1%84%89%E1%85%B3-p04387284.html,https://static.zara.net/assets/public/cf8a/2b30/cea14f0581ab/497d92940284/04387284800-p/04387284800-p.jpg?ts=1770991316400,"₩49,900",,,260622,블랙,,,,
,false,,ZARA,상의,셔츠/블라우스,여성,허니콤 체크 탑,https://www.zara.com/kr/ko/%E1%84%92%E1%85%A5%E1%84%82%E1%85%B5%E1%84%8F%E1%85%A9%E1%86%B7-%E1%84%8E%E1%85%A6%E1%84%8F%E1%85%B3-%E1%84%90%E1%85%A1%E1%86%B8-p02298062.html,https://static.zara.net/assets/public/701d/bcc1/b4664d9d86cb/a79fa0608e3c/02298062250-p/02298062250-p.jpg?ts=1771247196559,"₩55,900",,,260622,화이트,,,,
,false,,ZARA,상의,탑,여성,파인 니트 슬리브리스 탑,https://www.zara.com/kr/ko/%E1%84%91%E1%85%A1%E1%84%8B%E1%85%B5%E1%86%AB-%E1%84%82%E1%85%B5%E1%84%90%E1%85%B3-%E1%84%89%E1%85%B3%E1%86%AF%E1%84%85%E1%85%B5%E1%84%87%E1%85%B3%E1%84%85%E1%85%B5%E1%84%89%E1%85%B3-%E1%84%90%E1%85%A1%E1%86%B8-p02142083.html,https://static.zara.net/assets/public/cebc/3f4f/6948438eaf4f/de0991f3a4d8/02142083600-p/02142083600-p.jpg?ts=1781682492388,"₩35,900",,,260622,레드,,,,
,false,,ZARA,상의,티셔츠,여성,리브드 코튼 탱크 탑,https://www.zara.com/kr/ko/%E1%84%85%E1%85%B5%E1%84%87%E1%85%B3%E1%84%83%E1%85%B3-%E1%84%8F%E1%85%A9%E1%84%90%E1%85%B3%E1%86%AB-%E1%84%90%E1%85%A2%E1%86%BC%E1%84%8F%E1%85%B3-%E1%84%90%E1%85%A1%E1%86%B8-p03641406.html,https://static.zara.net/assets/public/6d7f/a11c/4c3a43afbb80/1cf8e1a2a310/04043045250-p/04043045250-p.jpg?ts=1781681437711,"₩17,900",,,260622,네이비,,,,
,false,,ZARA,상의,탑,여성,청키 니트 탑,https://www.zara.com/kr/ko/%E1%84%8E%E1%85%A5%E1%86%BC%E1%84%8F%E1%85%B5-%E1%84%82%E1%85%B5%E1%84%90%E1%85%B3-%E1%84%90%E1%85%A1%E1%86%B8-p00014017.html,https://static.zara.net/assets/public/3438/7918/55b8482ebdc0/e17f9a383418/00014017712-p/00014017712-p.jpg?ts=1771939265894,"₩57,900",,,260622,크림,,,,
,false,,ZARA,상의,탑,여성,청키 니트 탑,https://www.zara.com/kr/ko/%E1%84%8E%E1%85%A5%E1%86%BC%E1%84%8F%E1%85%B5-%E1%84%82%E1%85%B5%E1%84%90%E1%85%B3-%E1%84%90%E1%85%A1%E1%86%B8-p00014017.html,https://static.zara.net/assets/public/0a8c/ea21/167049d8917f/0de9f68fe066/00014017712-1-p/00014017712-1-p.jpg?ts=1772039461647,"₩57,900",,,260622,크림,,,,
,false,,ZARA,상의,탑,여성,시퀸 콤비 니트 탑,https://www.zara.com/kr/ko/%E1%84%89%E1%85%B5%E1%84%8F%E1%85%B1%E1%86%AB-%E1%84%8F%E1%85%A9%E1%86%B7%E1%84%87%E1%85%B5-%E1%84%82%E1%85%B5%E1%84%90%E1%85%B3-%E1%84%90%E1%85%A1%E1%86%B8-p02142049.html,https://static.zara.net/assets/public/5fde/aa0c/19ae4daeab05/f617b29c2797/02142049706-p/02142049706-p.jpg?ts=1773930239235,"₩59,900",,,260622,밍크,,,,
,false,,ZARA,상의,탑,여성,로맨틱 리본 니트 탑,https://www.zara.com/kr/ko/%E1%84%85%E1%85%A9%E1%84%86%E1%85%A2%E1%86%AB%E1%84%90%E1%85%B5%E1%86%A8-%E1%84%85%E1%85%B5%E1%84%87%E1%85%A9%E1%86%AB-%E1%84%82%E1%85%B5%E1%84%90%E1%85%B3-%E1%84%90%E1%85%A1%E1%86%B8-p06236029.html,https://static.zara.net/assets/public/1e73/91a6/2766443481e7/45ab2ff5832a/06236029075-a1/06236029075-a1.jpg?ts=1781107140986,"₩49,900",,,260622,"크림,베이지",,,,
,false,,ZARA,상의,셔츠/블라우스,여성,버튼 슬리브리스 셔츠,https://www.zara.com/kr/ko/%E1%84%87%E1%85%A5%E1%84%90%E1%85%B3%E1%86%AB-%E1%84%89%E1%85%B3%E1%86%AF%E1%84%85%E1%85%B5%E1%84%87%E1%85%B3%E1%84%85%E1%85%B5%E1%84%89%E1%85%B3-%E1%84%89%E1%85%A7%E1%84%8E%E1%85%B3-p07969223.html,https://static.zara.net/assets/public/650b/2989/730241f1a9f3/947bec3cd362/07969223711-a2/07969223711-a2.jpg?ts=1781107140977,"₩55,900",,,260622,샌드,,,,
,false,,ZARA,상의,셔츠/블라우스,여성,코튼 스트랩 탑,https://www.zara.com/kr/ko/%E1%84%8F%E1%85%A9%E1%84%90%E1%85%B3%E1%86%AB-%E1%84%89%E1%85%B3%E1%84%90%E1%85%B3%E1%84%85%E1%85%A2%E1%86%B8-%E1%84%90%E1%85%A1%E1%86%B8-p05644314.html,https://static.zara.net/assets/public/d800/8aa7/f8654312a483/3c866c83ed48/05644314625-p/05644314625-p.jpg?ts=1772540841388,"₩29,900",,,260622,그레이 로즈,,,,
,false,,ZARA,상의,탑,여성,리브드 버튼 탑,https://www.zara.com/kr/ko/%E1%84%85%E1%85%B5%E1%84%87%E1%85%B3%E1%84%83%E1%85%B3-%E1%84%87%E1%85%A5%E1%84%90%E1%85%B3%E1%86%AB-%E1%84%90%E1%85%A1%E1%86%B8-p01131321.html,https://static.zara.net/assets/public/718c/8650/bede42d085e9/ed6d92ac1968/01131321515-p/01131321515-p.jpg?ts=1772540813817,"₩39,900",,,260622,올리브,,,,
,false,,ZARA,상의,티셔츠,여성,슬러브 코튼 밴드 탑,https://www.zara.com/kr/ko/%E1%84%89%E1%85%B3%E1%86%AF%E1%84%85%E1%85%A5%E1%84%87%E1%85%B3-%E1%84%8F%E1%85%A9%E1%84%90%E1%85%B3%E1%86%AB-%E1%84%87%E1%85%A2%E1%86%AB%E1%84%83%E1%85%B3-%E1%84%90%E1%85%A1%E1%86%B8-p04174345.html,https://static.zara.net/assets/public/b19d/6956/7e354a8e9f4f/a64a46ed5981/04174345620-p/04174345620-p.jpg?ts=1775642900099,"₩39,900",,,260622,로즈핑크,,,,
,false,,ZARA,상의,티셔츠,여성,슬러브 코튼 밴드 탑,https://www.zara.com/kr/ko/%E1%84%89%E1%85%B3%E1%86%AF%E1%84%85%E1%85%A5%E1%84%87%E1%85%B3-%E1%84%8F%E1%85%A9%E1%84%90%E1%85%B3%E1%86%AB-%E1%84%87%E1%85%A2%E1%86%AB%E1%84%83%E1%85%B3-%E1%84%90%E1%85%A1%E1%86%B8-p04174345.html,https://static.zara.net/assets/public/2237/c96b/79ed4a78b0f5/d90ccb54de95/04174345802-p/04174345802-p.jpg?ts=1775642907120,"₩39,900",,,260622,그레이,,,,
,false,,ZARA,상의,티셔츠,여성,슬러브 코튼 밴드 탑,https://www.zara.com/kr/ko/%E1%84%89%E1%85%B3%E1%86%AF%E1%84%85%E1%85%A5%E1%84%87%E1%85%B3-%E1%84%8F%E1%85%A9%E1%84%90%E1%85%B3%E1%86%AB-%E1%84%87%E1%85%A2%E1%86%AB%E1%84%83%E1%85%B3-%E1%84%90%E1%85%A1%E1%86%B8-p04174345.html,https://static.zara.net/assets/public/ce41/51d2/5e254601ab56/b633b340a554/04174345250-p/04174345250-p.jpg?ts=1775741080133,"₩39,900",,,260622,화이트,,,,
,false,,ZARA,상의,니트,여성,오버사이즈 니트 탑,https://www.zara.com/kr/ko/%E1%84%8B%E1%85%A9%E1%84%87%E1%85%A5%E1%84%89%E1%85%A1%E1%84%8B%E1%85%B5%E1%84%8C%E1%85%B3-%E1%84%82%E1%85%B5%E1%84%90%E1%85%B3-%E1%84%90%E1%85%A1%E1%86%B8-p02142246.html,https://static.zara.net/assets/public/60d9/5a11/d1ce4b81818d/7d03a1abe638/02142246600-p/02142246600-p.jpg?ts=1774619598060,"₩55,900",,,260622,레드,,,,
,false,,ZARA,상의,탑,여성,코르셋 스트링 니트 탑,https://www.zara.com/kr/ko/%E1%84%8F%E1%85%A9%E1%84%85%E1%85%B3%E1%84%89%E1%85%A6%E1%86%BA-%E1%84%89%E1%85%B3%E1%84%90%E1%85%B3%E1%84%85%E1%85%B5%E1%86%BC-%E1%84%82%E1%85%B5%E1%84%90%E1%85%B3-%E1%84%90%E1%85%A1%E1%86%B8-p05802003.html,https://static.zara.net/assets/public/36d4/ce2e/79694ffcb1e7/220654cd0395/05802003800-a2/05802003800-a2.jpg?ts=1773998505275,"₩45,900",,,260622,블랙,,,,
,false,,ZARA,상의,탑,여성,링클 페이크 니트 탑,https://www.zara.com/kr/ko/%E1%84%85%E1%85%B5%E1%86%BC%E1%84%8F%E1%85%B3%E1%86%AF-%E1%84%91%E1%85%A6%E1%84%8B%E1%85%B5%E1%84%8F%E1%85%B3-%E1%84%82%E1%85%B5%E1%84%90%E1%85%B3-%E1%84%90%E1%85%A1%E1%86%B8-p05802010.html,https://static.zara.net/assets/public/38aa/98eb/f804462dadfc/c18778b69873/05802010610-p/05802010610-p.jpg?ts=1774014282371,"₩49,900",,,260622,가지,,,,
,false,,ZARA,상의,탑,여성,텍스처 프릴 크롭 탑,https://www.zara.com/kr/ko/%E1%84%90%E1%85%A6%E1%86%A8%E1%84%89%E1%85%B3%E1%84%8E%E1%85%A5-%E1%84%91%E1%85%B3%E1%84%85%E1%85%B5%E1%86%AF-%E1%84%8F%E1%85%B3%E1%84%85%E1%85%A9%E1%86%B8-%E1%84%90%E1%85%A1%E1%86%B8-p04813328.html,https://static.zara.net/assets/public/2e8b/78e6/bf8145788ed7/79e0599333b7/04813328912-p/04813328912-p.jpg?ts=1773858403487,"₩45,900",,,260622,라이트 그린,,,,
,false,,ZARA,상의,탑,여성,프릴 텍스처 크롭 탑,https://www.zara.com/kr/ko/%E1%84%90%E1%85%A6%E1%86%A8%E1%84%89%E1%85%B3%E1%84%8E%E1%85%A5-%E1%84%91%E1%85%B3%E1%84%85%E1%85%B5%E1%86%AF-%E1%84%8F%E1%85%B3%E1%84%85%E1%85%A9%E1%86%B8-%E1%84%90%E1%85%A1%E1%86%B8-p04813328.html,https://static.zara.net/assets/public/650c/f04b/6ccf4ba5851c/9ada2da1086f/04813328321-p/04813328321-p.jpg?ts=1773858403390,"₩45,900",,,260622,파스텔 옐로우,,,,
,false,,ZARA,상의,탑,여성,텍스처 프릴 크롭 탑,https://www.zara.com/kr/ko/%E1%84%90%E1%85%A6%E1%86%A8%E1%84%89%E1%85%B3%E1%84%8E%E1%85%A5-%E1%84%91%E1%85%B3%E1%84%85%E1%85%B5%E1%86%AF-%E1%84%8F%E1%85%B3%E1%84%85%E1%85%A9%E1%86%B8-%E1%84%90%E1%85%A1%E1%86%B8-p04813328.html,https://static.zara.net/assets/public/72fb/49ca/b0df4ccbb0b5/cf9370f130ea/04813328712-p/04813328712-p.jpg?ts=1773858403312,"₩45,900",,,260622,크림,,,,
,false,,ZARA,상의,셔츠/블라우스,여성,ZW 컬렉션 데님 벌룬 슬리브 블라우스,https://www.zara.com/kr/ko/zw-%E1%84%8F%E1%85%A5%E1%86%AF%E1%84%85%E1%85%A6%E1%86%A8%E1%84%89%E1%85%A7%E1%86%AB-%E1%84%87%E1%85%A5%E1%86%AF%E1%84%85%E1%85%AE%E1%86%AB-%E1%84%89%E1%85%B3%E1%86%AF%E1%84%85%E1%85%B5%E1%84%87%E1%85%B3-%E1%84%83%E1%85%A6%E1%84%82%E1%85%B5%E1%86%B7-%E1%84%87%E1%85%B3%E1%86%AF%E1%84%85%E1%85%A1%E1%84%8B%E1%85%AE%E1%84%89%E1%85%B3-p02183047.html,https://static.zara.net/assets/public/6b28/35a3/41fb48b290dd/96b21fc8cc59/02183047407-a2/02183047407-a2.jpg?ts=1777376092855,"₩89,900",,,260622,블루,,,,
,false,,ZARA,상의,탑,여성,레이스 리브드 탑,https://www.zara.com/kr/ko/%E1%84%85%E1%85%A6%E1%84%8B%E1%85%B5%E1%84%89%E1%85%B3-%E1%84%85%E1%85%B5%E1%84%87%E1%85%B3%E1%84%83%E1%85%B3-%E1%84%90%E1%85%A1%E1%86%B8-p05039003.html,https://static.zara.net/assets/public/69de/1153/8ae941d1858c/6463f22d7031/05039003712-p/05039003712-p.jpg?ts=1769617520196,"₩39,900",,,260622,크림,,,,
,false,,ZARA,상의,탑,여성,비즈 자수 탑,https://www.zara.com/kr/ko/%E1%84%87%E1%85%B5%E1%84%8C%E1%85%B3-%E1%84%8C%E1%85%A1%E1%84%89%E1%85%AE-%E1%84%90%E1%85%A1%E1%86%B8-p04813341.html,https://static.zara.net/assets/public/5e54/9c1c/7d49480397a9/6dfdb02c1b63/04813341450-p/04813341450-p.jpg?ts=1769621965984,"₩57,900",,,260622,베이지,,,,
,false,,ZARA,상의,셔츠/블라우스,여성,홀터넥 지오젯 탑,https://www.zara.com/kr/ko/%E1%84%8C%E1%85%A9%E1%84%8C%E1%85%A6%E1%86%BA-%E1%84%92%E1%85%A9%E1%86%AF%E1%84%90%E1%85%A5%E1%84%82%E1%85%A6%E1%86%A8-%E1%84%90%E1%85%A1%E1%86%B8-p04661038.html,https://static.zara.net/assets/public/d826/5fb5/3ced4c8882dd/cb2730c62732/04772020716-p/04772020716-p.jpg?ts=1778055143589,"₩45,900",,,260622,다크 브라운,,,,
,false,,ZARA,상의,셔츠/블라우스,여성,코르셋 시퀸 탑,https://www.zara.com/kr/ko/%E1%84%8F%E1%85%A9%E1%84%85%E1%85%B3%E1%84%89%E1%85%A6%E1%86%BA-%E1%84%89%E1%85%B5%E1%84%8F%E1%85%B1%E1%86%AB-%E1%84%90%E1%85%A1%E1%86%B8-p02322604.html,https://static.zara.net/assets/public/cb63/5ce6/cfe94781aba4/06d45588ae3d/02322604712-p/02322604712-p.jpg?ts=1773739853481,"₩57,900",,,260622,크림,,,,
,false,,ZARA,상의,셔츠/블라우스,여성,애니멀 프린트 새틴 홀터넥 탑,https://www.zara.com/kr/ko/%E1%84%8B%E1%85%A2%E1%84%82%E1%85%B5%E1%84%86%E1%85%A5%E1%86%AF-%E1%84%91%E1%85%B3%E1%84%85%E1%85%B5%E1%86%AB%E1%84%90%E1%85%B3-%E1%84%89%E1%85%A2%E1%84%90%E1%85%B5%E1%86%AB-%E1%84%92%E1%85%A9%E1%86%AF%E1%84%90%E1%85%A5%E1%84%82%E1%85%A6%E1%86%A8-%E1%84%90%E1%85%A1%E1%86%B8-p02157227.html,https://static.zara.net/assets/public/2b51/6c3a/280d478a9ad5/fd156a41d37a/02157227051-p/02157227051-p.jpg?ts=1781189506358,"₩45,900",,,260622,표범 무늬,,,,
,false,,ZARA,상의,셔츠/블라우스,여성,ZW 컬렉션 레이스 코르셋 탑,https://www.zara.com/kr/ko/zw-%E1%84%8F%E1%85%A5%E1%86%AF%E1%84%85%E1%85%A6%E1%86%A8%E1%84%89%E1%85%A7%E1%86%AB-%E1%84%85%E1%85%A6%E1%84%8B%E1%85%B5%E1%84%89%E1%85%B3-%E1%84%8F%E1%85%A9%E1%84%85%E1%85%B3%E1%84%89%E1%85%A6%E1%86%BA-%E1%84%90%E1%85%A1%E1%86%B8-p06101120.html,https://static.zara.net/assets/public/19a0/7458/cf904aa290d8/8c1a9d6949b8/06101120712-p/06101120712-p.jpg?ts=1779119987777,"₩109,900",,,260622,크림,,,,
,false,,ZARA,상의,니트,여성,오버사이즈 메탈릭 얀 니트 탑,https://www.zara.com/kr/ko/%E1%84%8B%E1%85%A9%E1%84%87%E1%85%A5%E1%84%89%E1%85%A1%E1%84%8B%E1%85%B5%E1%84%8C%E1%85%B3-%E1%84%86%E1%85%A6%E1%84%90%E1%85%A1%E1%86%AF%E1%84%85%E1%85%B5%E1%86%A8-%E1%84%8B%E1%85%A3%E1%86%AB-%E1%84%82%E1%85%B5%E1%84%90%E1%85%B3-%E1%84%90%E1%85%A1%E1%86%B8-p02804002.html,https://static.zara.net/assets/public/5a9e/a33f/f45943139767/7e2b9a76ece1/02804002808-p/02804002808-p.jpg?ts=1780043400606,"₩89,900",,,260622,실버,,,,
,false,,ZARA,상의,티셔츠,여성,ZA 콘트라스트 골지 폴로셔츠,https://www.zara.com/kr/ko/za-%E1%84%8F%E1%85%A9%E1%86%AB%E1%84%90%E1%85%B3%E1%84%85%E1%85%A1%E1%84%89%E1%85%B3%E1%84%90%E1%85%B3-%E1%84%80%E1%85%A9%E1%86%AF%E1%84%8C%E1%85%B5-%E1%84%91%E1%85%A9%E1%86%AF%E1%84%85%E1%85%A9%E1%84%89%E1%85%A7%E1%84%8E%E1%85%B3-p05644277.html,https://static.zara.net/assets/public/7533/ef79/cc0749be8423/3248c31be79c/05644277098-p/05644277098-p.jpg?ts=1777452624978,"₩49,900",,,260622,"그린,크림",,,,
,false,,ZARA,기타,BODYSUIT,여성,폴리아미드 후크 바디수트,https://www.zara.com/kr/ko/%E1%84%91%E1%85%A9%E1%86%AF%E1%84%85%E1%85%B5%E1%84%8B%E1%85%A1%E1%84%86%E1%85%B5%E1%84%83%E1%85%B3-%E1%84%92%E1%85%AE%E1%84%8F%E1%85%B3-%E1%84%87%E1%85%A1%E1%84%83%E1%85%B5%E1%84%89%E1%85%AE%E1%84%90%E1%85%B3-p01355625.html,https://static.zara.net/assets/public/84d6/3201/6a2c486884a4/e19c897d8e8b/01355625800-p/01355625800-p.jpg?ts=1762792616298,"₩55,900",,,260622,블랙,,,,
,false,,ZARA,기타,WAISTCOAT,여성,ZW 컬렉션 데님 토글 버튼 베스트,https://www.zara.com/kr/ko/zw-%E1%84%8F%E1%85%A5%E1%86%AF%E1%84%85%E1%85%A6%E1%86%A8%E1%84%89%E1%85%A7%E1%86%AB-%E1%84%83%E1%85%A6%E1%84%82%E1%85%B5%E1%86%B7-%E1%84%90%E1%85%A9%E1%84%80%E1%85%B3%E1%86%AF-%E1%84%89%E1%85%B3%E1%84%90%E1%85%B5%E1%84%8E%E1%85%B5-%E1%84%87%E1%85%A6%E1%84%89%E1%85%B3%E1%84%90%E1%85%B3-p07627048.html,https://static.zara.net/assets/public/4e03/42a0/6b9a460fb153/9399a936c44c/07627048407-1-p/07627048407-1-p.jpg?ts=1778226686388,"₩109,900",,,260622,블루,,,,
,false,,ZARA,기타,BODYSUIT,여성,레이스 백리스 바디수트,https://www.zara.com/kr/ko/%E1%84%85%E1%85%A6%E1%84%8B%E1%85%B5%E1%84%89%E1%85%B3-%E1%84%87%E1%85%A2%E1%86%A8%E1%84%85%E1%85%B5%E1%84%89%E1%85%B3-%E1%84%87%E1%85%A1%E1%84%83%E1%85%B5%E1%84%89%E1%85%AE%E1%84%90%E1%85%B3-p01355002.html,https://static.zara.net/assets/public/7728/a892/3b6444958fa6/b4c3511357bf/01355002800-p/01355002800-p.jpg?ts=1768324838057,"₩49,900",,,260622,블랙,,,,
,false,,ZARA,기타,BODYSUIT,여성,폴리아미드 캐미솔 바디수트,https://www.zara.com/kr/ko/%E1%84%91%E1%85%A9%E1%86%AF%E1%84%85%E1%85%B5%E1%84%8B%E1%85%A1%E1%84%86%E1%85%B5%E1%84%83%E1%85%B3-%E1%84%8F%E1%85%A2%E1%84%86%E1%85%B5%E1%84%89%E1%85%A9%E1%86%AF-%E1%84%87%E1%85%A1%E1%84%83%E1%85%B5%E1%84%89%E1%85%AE%E1%84%90%E1%85%B3-p00347001.html,https://static.zara.net/assets/public/6486/8bd6/97eb4dfa9b0b/8d40946da66b/00347001800-p/00347001800-p.jpg?ts=1768324825562,"₩39,900",,,260622,블랙,,,,
,false,,ZARA,상의,셔츠/블라우스,여성,조젯 레이스 탑,https://www.zara.com/kr/ko/%E1%84%8C%E1%85%B5%E1%84%8B%E1%85%A9%E1%84%8C%E1%85%A6%E1%86%BA-%E1%84%85%E1%85%A6%E1%84%8B%E1%85%B5%E1%84%89%E1%85%B3-%E1%84%90%E1%85%A1%E1%86%B8-p04764046.html,https://static.zara.net/assets/public/1adc/7d53/f246420ba6f2/9ded320faf15/04764046802-p/04764046802-p.jpg?ts=1768836166247,"₩55,900",,,260622,그레이,,,,
,false,,ZARA,상의,탑,여성,콤비 니트 탑,https://www.zara.com/kr/ko/%E1%84%82%E1%85%B5%E1%84%90%E1%85%B3-%E1%84%8F%E1%85%A9%E1%86%B7%E1%84%87%E1%85%B5-%E1%84%90%E1%85%A1%E1%86%B8-p03921011.html,https://static.zara.net/assets/public/ef28/b03a/87654047b1d4/dbdea436c2fb/03921011505-p/03921011505-p.jpg?ts=1775062982846,"₩49,900",,,260622,카키,,,,
,false,,ZARA,상의,탑,여성,니트 콤비 탑,https://www.zara.com/kr/ko/%E1%84%82%E1%85%B5%E1%84%90%E1%85%B3-%E1%84%8F%E1%85%A9%E1%86%B7%E1%84%87%E1%85%B5-%E1%84%90%E1%85%A1%E1%86%B8-p03921011.html,https://static.zara.net/assets/public/616c/eaf1/09c44a9895bb/a7758f306db2/03921011800-p/03921011800-p.jpg?ts=1775062983695,"₩49,900",,,260622,블랙,,,,
,false,,ZARA,상의,티셔츠,여성,하이넥 슬리브리스 탑,https://www.zara.com/kr/ko/%E1%84%92%E1%85%A1%E1%84%8B%E1%85%B5%E1%84%82%E1%85%A6%E1%86%A8-%E1%84%89%E1%85%B3%E1%86%AF%E1%84%85%E1%85%B5%E1%84%87%E1%85%B3%E1%84%85%E1%85%B5%E1%84%89%E1%85%B3-%E1%84%90%E1%85%A1%E1%86%B8-p04786008.html,https://static.zara.net/assets/public/8ab6/37f3/a7a641a4a3cc/4a973cf6ad4c/04786008712-017-p/04786008712-017-p.jpg?ts=1777032609388,"₩39,900",,,260622,크림,,,,
,false,,ZARA,상의,티셔츠,여성,스트라이프 부클레 탑,https://www.zara.com/kr/ko/%E1%84%89%E1%85%B3%E1%84%90%E1%85%B3%E1%84%85%E1%85%A1%E1%84%8B%E1%85%B5%E1%84%91%E1%85%B3-%E1%84%87%E1%85%AE%E1%84%8F%E1%85%B3%E1%86%AF%E1%84%85%E1%85%A6-%E1%84%90%E1%85%A1%E1%86%B8-p02298465.html,https://static.zara.net/assets/public/815f/133c/3c614eb29579/24bf8c7a6718/02298465093-p/02298465093-p.jpg?ts=1772202560952,"₩39,900",,,260622,"블랙,크림",,,,
,false,,ZARA,상의,티셔츠,여성,골지 리본 탑,https://www.zara.com/kr/ko/%E1%84%80%E1%85%A9%E1%86%AF%E1%84%8C%E1%85%B5-%E1%84%85%E1%85%B5%E1%84%87%E1%85%A9%E1%86%AB-%E1%84%90%E1%85%A1%E1%86%B8-p04770463.html,https://static.zara.net/assets/public/9ec6/ff75/97434275885b/58a8c10ee79c/04770463800-p/04770463800-p.jpg?ts=1772202584715,"₩45,900",,,260622,블랙,,,,
,false,,ZARA,상의,탑,여성,레이스 콤비 탑,https://www.zara.com/kr/ko/%E1%84%85%E1%85%A6%E1%84%8B%E1%85%B5%E1%84%89%E1%85%B3-%E1%84%8F%E1%85%A9%E1%86%B7%E1%84%87%E1%85%B5-%E1%84%90%E1%85%A1%E1%86%B8-p04770468.html,https://static.zara.net/assets/public/3570/48e4/7f304a119b26/2ed7d8cd50d5/04770468800-1-p/04770468800-1-p.jpg?ts=1780330174901,"₩55,900",,,260622,블랙,,,,
,false,,ZARA,상의,탑,여성,레이스 코르셋 탑,https://www.zara.com/kr/ko/%E1%84%8F%E1%85%A9%E1%84%85%E1%85%B3%E1%84%89%E1%85%A6%E1%86%BA-%E1%84%85%E1%85%A6%E1%84%8B%E1%85%B5%E1%84%89%E1%85%B3-%E1%84%90%E1%85%A1%E1%86%B8-p04770470.html,https://static.zara.net/assets/public/445d/cd36/96a6493fb657/0ff716ae345c/04770470800-1-p/04770470800-1-p.jpg?ts=1780330174787,"₩59,900",,,260622,블랙,,,,
,false,,ZARA,상의,탑,여성,레이스 콤비 탑,https://www.zara.com/kr/ko/%E1%84%85%E1%85%A6%E1%84%8B%E1%85%B5%E1%84%89%E1%85%B3-%E1%84%8F%E1%85%A9%E1%86%B7%E1%84%87%E1%85%B5-%E1%84%90%E1%85%A1%E1%86%B8-p05584188.html,https://static.zara.net/assets/public/fa81/1a78/76cb4666bf85/94dc0cdbc811/05584188800-p/05584188800-p.jpg?ts=1780330271478,"₩57,900",,,260622,블랙,,,,
,false,,ZARA,상의,셔츠/블라우스,여성,스트라이프 콤비 폴로 탑,https://www.zara.com/kr/ko/%E1%84%89%E1%85%B3%E1%84%90%E1%85%B3%E1%84%85%E1%85%A1%E1%84%8B%E1%85%B5%E1%84%91%E1%85%B3-%E1%84%8F%E1%85%A9%E1%86%B7%E1%84%87%E1%85%B5-%E1%84%91%E1%85%A9%E1%86%AF%E1%84%85%E1%85%A9-%E1%84%90%E1%85%A1%E1%86%B8-p05029097.html,https://static.zara.net/assets/public/c517/12b8/af5243e5b2eb/50bccd657937/05029097086-p/05029097086-p.jpg?ts=1770917337606,"₩55,900",,,260622,"크림,브라운",,,,
,false,,ZARA,상의,니트,여성,크롭 스트라이프 니트 탑,https://www.zara.com/kr/ko/%E1%84%89%E1%85%B3%E1%84%90%E1%85%B3%E1%84%85%E1%85%A1%E1%84%8B%E1%85%B5%E1%84%91%E1%85%B3-%E1%84%82%E1%85%B5%E1%84%90%E1%85%B3-%E1%84%8F%E1%85%B3%E1%84%85%E1%85%A9%E1%86%B8-%E1%84%90%E1%85%A1%E1%86%B8-p06236037.html,https://static.zara.net/assets/public/0495/a34b/a781461b9179/1bd6f9974e07/06236037047-p/06236037047-p.jpg?ts=1777563363895,"₩39,900",,,260622,프린트,,,,
,false,,ZARA,상의,셔츠/블라우스,여성,스터드 프린지 페이크 스웨이드 탑,https://www.zara.com/kr/ko/%E1%84%89%E1%85%B3%E1%84%90%E1%85%A5%E1%84%83%E1%85%B3-%E1%84%91%E1%85%B3%E1%84%85%E1%85%B5%E1%86%AB%E1%84%8C%E1%85%B5-%E1%84%91%E1%85%A6%E1%84%8B%E1%85%B5%E1%84%8F%E1%85%B3-%E1%84%89%E1%85%B3%E1%84%8B%E1%85%B0%E1%84%8B%E1%85%B5%E1%84%83%E1%85%B3-%E1%84%90%E1%85%A1%E1%86%B8-p03046432.html,https://static.zara.net/assets/public/0a69/f6cc/d251468e8ede/e63db47f2250/03046432800-p/03046432800-p.jpg?ts=1774520744290,"₩89,900",,,260622,블랙,,,,
,false,,ZARA,상의,티셔츠,여성,SUPIMA® 스트랩 티셔츠,https://www.zara.com/kr/ko/%E1%84%89%E1%85%AE%E1%84%91%E1%85%B5%E1%84%86%E1%85%A1--%E1%84%89%E1%85%B3%E1%84%90%E1%85%B3%E1%84%85%E1%85%A2%E1%86%B8-%E1%84%90%E1%85%B5%E1%84%89%E1%85%A7%E1%84%8E%E1%85%B3-p00264045.html,https://static.zara.net/assets/public/316d/1b44/e5ca4dc3b295/293ebf76849b/01962123703-p/01962123703-p.jpg?ts=1780406498576,"₩29,900",,,260622,라임 그린,,,,
,false,,ZARA,상의,탑,여성,파인 니트 탑,https://www.zara.com/kr/ko/%E1%84%91%E1%85%A1%E1%84%8B%E1%85%B5%E1%86%AB-%E1%84%82%E1%85%B5%E1%84%90%E1%85%B3-%E1%84%90%E1%85%A1%E1%86%B8-p03519016.html,https://static.zara.net/assets/public/410e/2786/432e4e3dae91/dc9cc6ef5525/02581080330-p/02581080330-p.jpg?ts=1778586862473,"₩35,900",,,260622,노랑,,,,
,false,,ZARA,상의,탑,여성,부클 콤비 탑,https://www.zara.com/kr/ko/%E1%84%87%E1%85%AE%E1%84%8F%E1%85%B3%E1%86%AF-%E1%84%8F%E1%85%A9%E1%86%B7%E1%84%87%E1%85%B5-%E1%84%90%E1%85%A1%E1%86%B8-p02298153.html,https://static.zara.net/assets/public/c97b/91b8/61cd4be585df/d469689d6309/02298153093-p/02298153093-p.jpg?ts=1769086102115,"₩49,900",,,260622,"블랙,크림",,,,
,false,,ZARA,기타,WAISTCOAT,여성,탑 버튼 스트럭처 베스트,https://www.zara.com/kr/ko/%E1%84%87%E1%85%A5%E1%84%90%E1%85%B3%E1%86%AB-%E1%84%89%E1%85%B3%E1%84%90%E1%85%B3%E1%84%85%E1%85%A5%E1%86%A8%E1%84%8E%E1%85%A5-%E1%84%87%E1%85%A6%E1%84%89%E1%85%B3%E1%84%90%E1%85%B3-%E1%84%90%E1%85%A1%E1%86%B8-p05039182.html,https://static.zara.net/assets/public/c35b/09cb/8f334b68a10b/4865ffc27f32/05039183084-a2/05039183084-a2.jpg?ts=1769086124364,"₩55,900",,,260622,"블랙,화이트",,,,
,false,,ZARA,기타,WAISTCOAT,여성,시퀸 홀터넥 탑,https://www.zara.com/kr/ko/%E1%84%89%E1%85%B5%E1%84%8F%E1%85%B1%E1%86%AB-%E1%84%92%E1%85%A9%E1%86%AF%E1%84%90%E1%85%A5%E1%84%82%E1%85%A6%E1%86%A8-%E1%84%90%E1%85%A1%E1%86%B8-p02671991.html,https://static.zara.net/assets/public/e939/fcb2/2cba41b0adee/af6d69d0ba01/02671991700-p/02671991700-p.jpg?ts=1776157547872,"₩59,900",,,260622,브라운,,,,
,false,,ZARA,상의,탑,여성,토글 버튼 오프숄더 탑,https://www.zara.com/kr/ko/%E1%84%90%E1%85%A9%E1%84%80%E1%85%B3%E1%86%AF-%E1%84%87%E1%85%A5%E1%84%90%E1%85%B3%E1%86%AB-%E1%84%8B%E1%85%A9%E1%84%91%E1%85%B3%E1%84%89%E1%85%AD%E1%86%AF%E1%84%83%E1%85%A5-%E1%84%90%E1%85%A1%E1%86%B8-p01131337.html,https://static.zara.net/assets/public/bd78/ad60/f4014fec8ff9/18461c07046d/01131337712-a1/01131337712-a1.jpg?ts=1780415638685,"₩45,900",,,260622,크림,,,,
,false,,ZARA,기타,WAISTCOAT,여성,지퍼 버튼 베스트,https://www.zara.com/kr/ko/%E1%84%8C%E1%85%B5%E1%84%91%E1%85%A5-%E1%84%87%E1%85%A5%E1%84%90%E1%85%B3%E1%86%AB-%E1%84%87%E1%85%A6%E1%84%89%E1%85%B3%E1%84%90%E1%85%B3-p00264038.html,https://static.zara.net/assets/public/8067/d8d9/359944949310/116ac68cf0d8/06929203105-a4/06929203105-a4.jpg?ts=1780414853854,"₩55,900",,,260622,다크 카키,,,,
,false,,ZARA,상의,탑,여성,골지 레이스 탑,https://www.zara.com/kr/ko/%E1%84%80%E1%85%A9%E1%86%AF%E1%84%8C%E1%85%B5-%E1%84%85%E1%85%A6%E1%84%8B%E1%85%B5%E1%84%89%E1%85%B3-%E1%84%90%E1%85%A1%E1%86%B8-p01058154.html,https://static.zara.net/assets/public/8011/0dec/8a7c49eaad14/5e0052e74a65/01058154251-p/01058154251-p.jpg?ts=1773136394472,"₩39,900",,,260622,스크래치 화이트,,,,
,false,,ZARA,상의,탑,여성,골지 레이스 탑,https://www.zara.com/kr/ko/%E1%84%80%E1%85%A9%E1%86%AF%E1%84%8C%E1%85%B5-%E1%84%85%E1%85%A6%E1%84%8B%E1%85%B5%E1%84%89%E1%85%B3-%E1%84%90%E1%85%A1%E1%86%B8-p01058154.html,https://static.zara.net/assets/public/42dd/2984/986a4f5594d6/a1976c613c93/01058154942-p/01058154942-p.jpg?ts=1773136399904,"₩39,900",,,260622,베이지 핑크,,,,
,false,,ZARA,상의,탑,여성,버튼 스트럭처 탑,https://www.zara.com/kr/ko/%E1%84%87%E1%85%A5%E1%84%90%E1%85%B3%E1%86%AB-%E1%84%89%E1%85%B3%E1%84%90%E1%85%B3%E1%84%85%E1%85%A5%E1%86%A8%E1%84%8E%E1%85%A5-%E1%84%90%E1%85%A1%E1%86%B8-p02298464.html,https://static.zara.net/assets/public/bcc5/467e/70c2440d8aba/5a1341d99395/02298464081-p/02298464081-p.jpg?ts=1773826956257,"₩49,900",,,260622,"샌드,그레이",,,,
,false,,ZARA,상의,티셔츠,여성,코튼 스트랩 티셔츠,https://www.zara.com/kr/ko/%E1%84%8F%E1%85%A9%E1%84%90%E1%85%B3%E1%86%AB-%E1%84%89%E1%85%B3%E1%84%90%E1%85%B3%E1%84%85%E1%85%A2%E1%86%B8-%E1%84%90%E1%85%B5%E1%84%89%E1%85%A7%E1%84%8E%E1%85%B3-p03641016.html,https://static.zara.net/assets/public/a3bd/4e69/6ced410e8fb4/e718367f8056/03641016518-p/03641016518-p.jpg?ts=1772470830200,"₩21,900",,,260622,"그린,블루",,,,
,false,,ZARA,상의,탑,여성,레이스 콤비 코르셋,https://www.zara.com/kr/ko/%E1%84%85%E1%85%A6%E1%84%8B%E1%85%B5%E1%84%89%E1%85%B3-%E1%84%8F%E1%85%A9%E1%86%B7%E1%84%87%E1%85%B5-%E1%84%8F%E1%85%A9%E1%84%85%E1%85%B3%E1%84%89%E1%85%A6%E1%86%BA-p01067008.html,https://static.zara.net/assets/public/fa35/254a/8a9e4dd6a295/d4ed55164784/01067008727-p/01067008727-p.jpg?ts=1773398907090,"₩49,900",,,260622,바닐라,,,,
,false,,ZARA,상의,셔츠/블라우스,여성,레이스 콤비 란제리 탑,https://www.zara.com/kr/ko/%E1%84%85%E1%85%A6%E1%84%8B%E1%85%B5%E1%84%89%E1%85%B3-%E1%84%8F%E1%85%A9%E1%86%B7%E1%84%87%E1%85%B5-%E1%84%85%E1%85%A1%E1%86%AB%E1%84%8C%E1%85%A6%E1%84%85%E1%85%B5-%E1%84%90%E1%85%A1%E1%86%B8-p02298051.html,https://static.zara.net/assets/public/71b9/8523/39c2424283e0/c175739794d9/02298051600-p/02298051600-p.jpg?ts=1769764634705,"₩57,900",,,260622,레드,,,,
,false,,ZARA,상의,셔츠/블라우스,여성,Z1975 벌룬 데님 홀터 탑,https://www.zara.com/kr/ko/z1975-%E1%84%92%E1%85%A9%E1%86%AF%E1%84%90%E1%85%A5%E1%84%82%E1%85%A6%E1%86%A8-%E1%84%83%E1%85%A6%E1%84%82%E1%85%B5%E1%86%B7-%E1%84%87%E1%85%A5%E1%86%AF%E1%84%85%E1%85%AE%E1%86%AB-%E1%84%90%E1%85%A1%E1%86%B8-p06147118.html,https://static.zara.net/assets/public/fc52/b768/f1fc48bdaa03/24ffd3695d4d/06147118407-p/06147118407-p.jpg?ts=1769764652961,"₩59,900",,,260622,블루,,,,
,false,,ZARA,상의,티셔츠,여성,앞면 자수 탑,https://www.zara.com/kr/ko/%E1%84%8B%E1%85%A1%E1%87%81%E1%84%86%E1%85%A7%E1%86%AB-%E1%84%8C%E1%85%A1%E1%84%89%E1%85%AE-%E1%84%90%E1%85%A1%E1%86%B8-p01131009.html,https://static.zara.net/assets/public/e12e/1380/cbd64413a99f/290ca2ff58b9/01131009300-000-p/01131009300-000-p.jpg?ts=1779452015347,"₩29,900",,,260622,노랑,,,,
,false,,ZARA,상의,셔츠/블라우스,여성,시퀸 스트랩 탑,https://www.zara.com/kr/ko/%E1%84%89%E1%85%B5%E1%84%8F%E1%85%B1%E1%86%AB-%E1%84%89%E1%85%B3%E1%84%90%E1%85%B3%E1%84%85%E1%85%A2%E1%86%B8-%E1%84%90%E1%85%A1%E1%86%B8-p00881066.html,https://static.zara.net/assets/public/7e09/24e1/f5f842eda0d3/1b2dc3d5c9a0/00881066303-p/00881066303-p.jpg?ts=1774014478377,"₩59,900",,,260622,골드,,,,
,false,,ZARA,상의,셔츠/블라우스,여성,도트 시퀸 오프숄더 탑,https://www.zara.com/kr/ko/%E1%84%89%E1%85%B5%E1%84%8F%E1%85%B1%E1%86%AB-%E1%84%83%E1%85%A9%E1%84%90%E1%85%B3-%E1%84%8B%E1%85%A9%E1%84%91%E1%85%B3%E1%84%89%E1%85%AD%E1%86%AF%E1%84%83%E1%85%A5-%E1%84%90%E1%85%A1%E1%86%B8-p03210010.html,https://static.zara.net/assets/public/1fab/6f9f/29f64873b893/0924816fedb0/03210010064-p/03210010064-p.jpg?ts=1774014483472,"₩59,900",,,260622,"화이트,블랙",,,,
,false,,ZARA,상의,셔츠/블라우스,여성,언밸런스 밑단 탑,https://www.zara.com/kr/ko/%E1%84%8B%E1%85%A5%E1%86%AB%E1%84%87%E1%85%A2%E1%86%AF%E1%84%85%E1%85%A5%E1%86%AB%E1%84%89%E1%85%B3-%E1%84%86%E1%85%B5%E1%87%80%E1%84%83%E1%85%A1%E1%86%AB-%E1%84%90%E1%85%A1%E1%86%B8-p02108572.html,https://static.zara.net/assets/public/b1ac/c36d/40ec450da072/910775c92668/02108572700-p/02108572700-p.jpg?ts=1769595557361,"₩49,900",,,260622,브라운,,,,
,false,,ZARA,기타,WAISTCOAT,여성,벨트 더블 브레스트 베스트,https://www.zara.com/kr/ko/%E1%84%8F%E1%85%B3%E1%84%85%E1%85%A9%E1%84%89%E1%85%B3-%E1%84%87%E1%85%A6%E1%86%AF%E1%84%90%E1%85%B3-%E1%84%87%E1%85%A6%E1%84%89%E1%85%B3%E1%84%90%E1%85%B3-p08372046.html,https://static.zara.net/assets/public/1c13/26a1/dc3840caa014/7bf4d0afa426/08372046700-p/08372046700-p.jpg?ts=1769619795800,"₩79,900",,,260622,브라운,,,,
,false,,ZARA,상의,탑,여성,숄더 디테일 니트 탑,https://www.zara.com/kr/ko/%E1%84%89%E1%85%AD%E1%86%AF%E1%84%83%E1%85%A5-%E1%84%83%E1%85%B5%E1%84%90%E1%85%A6%E1%84%8B%E1%85%B5%E1%86%AF-%E1%84%82%E1%85%B5%E1%84%90%E1%85%B3-%E1%84%90%E1%85%A1%E1%86%B8-p04938006.html,https://static.zara.net/assets/public/2d88/8ebf/5210419f97a1/911dd988fc2b/04938006506-p/04938006506-p.jpg?ts=1769701935032,"₩49,900",,,260622,라이트 카키,,,,
,false,,ZARA,상의,탑,여성,숄더 디테일 니트 탑,https://www.zara.com/kr/ko/%E1%84%89%E1%85%AD%E1%86%AF%E1%84%83%E1%85%A5-%E1%84%83%E1%85%B5%E1%84%90%E1%85%A6%E1%84%8B%E1%85%B5%E1%86%AF-%E1%84%82%E1%85%B5%E1%84%90%E1%85%B3-%E1%84%90%E1%85%A1%E1%86%B8-p04938006.html,https://static.zara.net/assets/public/de3d/2ce4/11964f75a5e4/3aadf9de4dd0/04938006715-p/04938006715-p.jpg?ts=1769770222158,"₩49,900",,,260622,미디움 크림,,,,
,false,,ZARA,상의,티셔츠,여성,리브드 브이넥 탑,https://www.zara.com/kr/ko/%E1%84%85%E1%85%B5%E1%84%87%E1%85%B3%E1%84%83%E1%85%B3-%E1%84%87%E1%85%B3%E1%84%8B%E1%85%B5%E1%84%82%E1%85%A6%E1%86%A8-%E1%84%90%E1%85%A1%E1%86%B8-p03253336.html,https://static.zara.net/assets/public/4136/331e/21c342229f70/1e39f11193ea/03253336800-p/03253336800-p.jpg?ts=1772191093973,"₩17,900",,,260622,블랙,,,,
,false,,ZARA,상의,셔츠/블라우스,여성,자수 거즈 스트랩 탑,https://www.zara.com/kr/ko/%E1%84%8C%E1%85%A1%E1%84%89%E1%85%AE-%E1%84%80%E1%85%A5%E1%84%8C%E1%85%B3-%E1%84%90%E1%85%A1%E1%86%B8-p00881022.html,https://static.zara.net/assets/public/4446/082e/383944d2bf68/dc7a7f47cd94/00881022700-p/00881022700-p.jpg?ts=1775065427149,"₩49,900",,,260622,브라운,,,,
,false,,ZARA,상의,셔츠/블라우스,여성,포플린 스트랩 탑,https://www.zara.com/kr/ko/%E1%84%91%E1%85%A9%E1%84%91%E1%85%B3%E1%86%AF%E1%84%85%E1%85%B5%E1%86%AB-%E1%84%89%E1%85%B3%E1%84%90%E1%85%B3%E1%84%85%E1%85%A2%E1%86%B8-%E1%84%90%E1%85%A1%E1%86%B8-p00881032.html,https://static.zara.net/assets/public/a547/892a/3c8a493aa4c8/a526871c20d8/00881032700-p/00881032700-p.jpg?ts=1775065424261,"₩45,900",,,260622,브라운,,,,
,false,,ZARA,상의,셔츠/블라우스,여성,셔링 홀터넥 탑,https://www.zara.com/kr/ko/%E1%84%89%E1%85%A7%E1%84%85%E1%85%B5%E1%86%BC-%E1%84%92%E1%85%A9%E1%86%AF%E1%84%90%E1%85%A5%E1%84%82%E1%85%A6%E1%86%A8-%E1%84%90%E1%85%A1%E1%86%B8-p05721001.html,https://static.zara.net/assets/public/0068/0b3d/cddd4adc91d9/2a74b7363e19/05721001250-p/05721001250-p.jpg?ts=1776871896311,"₩49,900",,,260622,화이트,,,,
,false,,ZARA,상의,셔츠/블라우스,여성,페이크 스웨이드 버클 탑,https://www.zara.com/kr/ko/%E1%84%91%E1%85%A6%E1%84%8B%E1%85%B5%E1%84%8F%E1%85%B3-%E1%84%89%E1%85%B3%E1%84%8B%E1%85%B0%E1%84%8B%E1%85%B5%E1%84%83%E1%85%B3-%E1%84%87%E1%85%A5%E1%84%8F%E1%85%B3%E1%86%AF-%E1%84%90%E1%85%A1%E1%86%B8-p02185545.html,https://static.zara.net/assets/public/7f21/34bd/da4e43f3bc04/bf775c3f7b03/02185545172-p/02185545172-p.jpg?ts=1768841093158,"₩57,900",,,260622,MARSALA,,,,
,false,,ZARA,상의,셔츠/블라우스,여성,러스틱 백리스 자수 탑,https://www.zara.com/kr/ko/%E1%84%85%E1%85%A5%E1%84%89%E1%85%B3%E1%84%90%E1%85%B5%E1%86%A8-%E1%84%87%E1%85%A2%E1%86%A8%E1%84%85%E1%85%B5%E1%84%89%E1%85%B3-%E1%84%8C%E1%85%A1%E1%84%89%E1%85%AE-%E1%84%90%E1%85%A1%E1%86%B8-p05770053.html,https://static.zara.net/assets/public/1afb/d725/44ac4d8aa9e7/636b56bae557/05770053712-p/05770053712-p.jpg?ts=1777478800203,"₩49,900",,,260622,크림,,,,
,false,,ZARA,상의,셔츠/블라우스,여성,자수 스트랩 탑,https://www.zara.com/kr/ko/%E1%84%8C%E1%85%A1%E1%84%89%E1%85%AE-%E1%84%89%E1%85%B3%E1%84%90%E1%85%B3%E1%84%85%E1%85%A2%E1%86%B8-%E1%84%90%E1%85%A1%E1%86%B8-p07200025.html,https://static.zara.net/assets/public/6525/2073/b873445285f0/fa7f56d566cc/07200025700-p/07200025700-p.jpg?ts=1777567037734,"₩49,900",,,260622,브라운,,,,
,false,,ZARA,상의,셔츠/블라우스,여성,매듭 홀터넥 탑,https://www.zara.com/kr/ko/%E1%84%86%E1%85%A2%E1%84%83%E1%85%B3%E1%86%B8-%E1%84%92%E1%85%A9%E1%86%AF%E1%84%90%E1%85%A5%E1%84%82%E1%85%A6%E1%86%A8-%E1%84%90%E1%85%A1%E1%86%B8-p03084342.html,https://static.zara.net/assets/public/c5f1/2b28/ee864d1a98a9/73e39ab2f067/03084342402-p/03084342402-p.jpg?ts=1778581599192,"₩55,900",,,260622,터키블루,,,,
,false,,ZARA,원피스,원피스,여성,레이스 콤비 스트랩 탑,https://www.zara.com/kr/ko/%E1%84%85%E1%85%A6%E1%84%8B%E1%85%B5%E1%84%89%E1%85%B3-%E1%84%89%E1%85%B3%E1%84%90%E1%85%B3%E1%84%85%E1%85%A2%E1%86%B8-%E1%84%8F%E1%85%A9%E1%86%B7%E1%84%87%E1%85%B5-%E1%84%90%E1%85%A1%E1%86%B8-p01758126.html,https://static.zara.net/assets/public/3963/c01c/264c4c05be29/35840b9aee5a/01758126800-p/01758126800-p.jpg?ts=1772626776622,"₩89,900",,,260622,블랙,,,,
,false,,ZARA,상의,티셔츠,여성,조젯 콤비 탑,https://www.zara.com/kr/ko/%E1%84%8C%E1%85%A9%E1%84%8C%E1%85%A6%E1%86%BA-%E1%84%8F%E1%85%A9%E1%86%B7%E1%84%87%E1%85%B5-%E1%84%90%E1%85%A1%E1%86%B8-p01165178.html,https://static.zara.net/assets/public/702f/b2b8/da2348cca428/4812dcce68a6/01165178717-p/01165178717-p.jpg?ts=1773744117792,"₩39,900",,,260622,초콜렛,,,,
,false,,ZARA,상의,티셔츠,여성,조젯 콤비 탑,https://www.zara.com/kr/ko/%E1%84%8C%E1%85%A9%E1%84%8C%E1%85%A6%E1%86%BA-%E1%84%8F%E1%85%A9%E1%86%B7%E1%84%87%E1%85%B5-%E1%84%90%E1%85%A1%E1%86%B8-p01165178.html,https://static.zara.net/assets/public/47ce/499c/fe5846289864/3895a2e596d4/01165178400-p/01165178400-p.jpg?ts=1774618849095,"₩39,900",,,260622,블루,,,,
,false,,ZARA,상의,티셔츠,여성,조젯 콤비 탑,https://www.zara.com/kr/ko/%E1%84%8C%E1%85%A9%E1%84%8C%E1%85%A6%E1%86%BA-%E1%84%8F%E1%85%A9%E1%86%B7%E1%84%87%E1%85%B5-%E1%84%90%E1%85%A1%E1%86%B8-p01165178.html,https://static.zara.net/assets/public/4735/6fc7/ce64488fa5de/4e201b2a67cf/01165178620-p/01165178620-p.jpg?ts=1773739842277,"₩39,900",,,260622,로즈핑크,,,,
,false,,ZARA,상의,티셔츠,여성,허니콤 탑,https://www.zara.com/kr/ko/%E1%84%92%E1%85%A5%E1%84%82%E1%85%B5%E1%84%8F%E1%85%A9%E1%86%B7-%E1%84%90%E1%85%A1%E1%86%B8-p00858466.html,https://static.zara.net/assets/public/4596/2d7a/3d52462db7c8/1b72158a9172/00858466250-p/00858466250-p.jpg?ts=1772620155701,"₩39,900",,,260622,화이트,,,,
,false,,ZARA,상의,티셔츠,여성,허니콤 탑,https://www.zara.com/kr/ko/%E1%84%92%E1%85%A5%E1%84%82%E1%85%B5%E1%84%8F%E1%85%A9%E1%86%B7-%E1%84%90%E1%85%A1%E1%86%B8-p00858466.html,https://static.zara.net/assets/public/4596/2d7a/3d52462db7c8/1b72158a9172/00858466250-p/00858466250-p.jpg?ts=1772620155701,"₩39,900",,,260622,화이트,,,,
,false,,ZARA,상의,니트,여성,숏 슬리브 브이넥 니트 탑,https://www.zara.com/kr/ko/%E1%84%89%E1%85%AD%E1%86%BA-%E1%84%89%E1%85%B3%E1%86%AF%E1%84%85%E1%85%B5%E1%84%87%E1%85%B3-%E1%84%87%E1%85%B3%E1%84%8B%E1%85%B5%E1%84%82%E1%85%A6%E1%86%A8-%E1%84%82%E1%85%B5%E1%84%90%E1%85%B3-%E1%84%90%E1%85%A1%E1%86%B8-p09598046.html,https://static.zara.net/assets/public/0d12/0c09/4a2f4cc18c98/3177cd9c1355/09598046306-p/09598046306-p.jpg?ts=1772550786465,"₩49,900",,,260622,라이트 옐로우,,,,
,false,,ZARA,상의,니트,여성,브이넥 숏 슬리브 니트 탑,https://www.zara.com/kr/ko/%E1%84%89%E1%85%AD%E1%86%BA-%E1%84%89%E1%85%B3%E1%86%AF%E1%84%85%E1%85%B5%E1%84%87%E1%85%B3-%E1%84%87%E1%85%B3%E1%84%8B%E1%85%B5%E1%84%82%E1%85%A6%E1%86%A8-%E1%84%82%E1%85%B5%E1%84%90%E1%85%B3-%E1%84%90%E1%85%A1%E1%86%B8-p09598046.html,https://static.zara.net/assets/public/69f0/a886/a45349aab669/0884c1d08eeb/09598046653-p/09598046653-p.jpg?ts=1772550786589,"₩49,900",,,260622,"로즈핑크,백합",,,,
,false,,ZARA,상의,탑,여성,텍스처 폴로넥 탑,https://www.zara.com/kr/ko/%E1%84%90%E1%85%A6%E1%86%A8%E1%84%89%E1%85%B3%E1%84%8E%E1%85%A5-%E1%84%91%E1%85%A9%E1%86%AF%E1%84%85%E1%85%A9%E1%84%82%E1%85%A6%E1%86%A8-%E1%84%90%E1%85%A1%E1%86%B8-p02298470.html,https://static.zara.net/assets/public/de82/8b56/4a314560b33a/fabdf1d3b310/02298470066-p/02298470066-p.jpg?ts=1775664927581,"₩49,900",,,260622,"크림,네이비",,,,
,false,,ZARA,상의,티셔츠,여성,JRSY CRSSD 16,https://www.zara.com/kr/ko/jrsy-crssd-16-p06085902.html,https://static.zara.net/assets/public/a4ec/4408/04514b518e73/e810512d1557/T9369922265-a1/T9369922265-a1.jpg?ts=1775423099744,"₩59,900",,,260622,일렉트릭 블루,,,,
,false,,ZARA,상의,탑,여성,코르셋 스타일 레이스 탑,https://www.zara.com/kr/ko/%E1%84%8F%E1%85%A9%E1%84%85%E1%85%B3%E1%84%89%E1%85%A6%E1%86%BA-%E1%84%89%E1%85%B3%E1%84%90%E1%85%A1%E1%84%8B%E1%85%B5%E1%86%AF-%E1%84%85%E1%85%A6%E1%84%8B%E1%85%B5%E1%84%89%E1%85%B3-%E1%84%90%E1%85%A1%E1%86%B8-p00347332.html,https://static.zara.net/assets/public/9d00/904c/837c43889e27/0442ed62c425/00347332250-p/00347332250-p.jpg?ts=1778851834536,"₩45,900",,,260622,화이트,,,,
,false,,ZARA,상의,탑,여성,크로셰 비즈 탑,https://www.zara.com/kr/ko/%E1%84%8F%E1%85%B3%E1%84%85%E1%85%A9%E1%84%89%E1%85%A8-%E1%84%87%E1%85%B5%E1%84%8C%E1%85%B3-%E1%84%90%E1%85%A1%E1%86%B8-p00021010.html,https://static.zara.net/assets/public/6208/db4e/18694210bc11/989d35523116/00021010710-p/00021010710-p.jpg?ts=1779722080756,"₩99,900",,,260622,베이지,,,,
,false,,ZARA,상의,셔츠/블라우스,여성,ZW 컬렉션 스트라이프 슬리브리스 탑,https://www.zara.com/kr/ko/zw-%E1%84%8F%E1%85%A5%E1%86%AF%E1%84%85%E1%85%A6%E1%86%A8%E1%84%89%E1%85%A7%E1%86%AB-%E1%84%89%E1%85%B3%E1%84%90%E1%85%B3%E1%84%85%E1%85%A1%E1%84%8B%E1%85%B5%E1%84%91%E1%85%B3-%E1%84%89%E1%85%B3%E1%86%AF%E1%84%85%E1%85%B5%E1%84%87%E1%85%B3%E1%84%85%E1%85%B5%E1%84%89%E1%85%B3-%E1%84%90%E1%85%A1%E1%86%B8-p01220120.html,https://static.zara.net/assets/public/4565/10f5/6dd84a048a1d/3ee80b1630ba/01220120068-a6/01220120068-a6.jpg?ts=1779722084348,"₩59,900",,,260622,"크림,석류",,,,
,false,,ZARA,상의,탑,여성,골지 반소매 니트 탑,https://www.zara.com/kr/ko/%E1%84%80%E1%85%A9%E1%86%AF%E1%84%8C%E1%85%B5-%E1%84%87%E1%85%A1%E1%86%AB%E1%84%89%E1%85%A9%E1%84%86%E1%85%A2-%E1%84%82%E1%85%B5%E1%84%90%E1%85%B3-%E1%84%90%E1%85%A1%E1%86%B8-p03471002.html,https://static.zara.net/assets/public/3e00/9801/31494063859a/8f54caefa508/03471002500-p/03471002500-p.jpg?ts=1773401360676,"₩35,900",,,260622,초록,,,,
,false,,ZARA,상의,탑,여성,골지 반소매 니트 탑,https://www.zara.com/kr/ko/%E1%84%80%E1%85%A9%E1%86%AF%E1%84%8C%E1%85%B5-%E1%84%87%E1%85%A1%E1%86%AB%E1%84%89%E1%85%A9%E1%84%86%E1%85%A2-%E1%84%82%E1%85%B5%E1%84%90%E1%85%B3-%E1%84%90%E1%85%A1%E1%86%B8-p03471002.html,https://static.zara.net/assets/public/3368/efaf/f36f467a9204/6e206252af1a/03471002500-p/03471002500-p.jpg?ts=1773075965791,"₩35,900",,,260622,초록,,,,
,false,,ZARA,상의,셔츠/블라우스,여성,린넨 탱크 탑,https://www.zara.com/kr/ko/%E1%84%85%E1%85%B5%E1%86%AB%E1%84%82%E1%85%A6%E1%86%AB-%E1%84%89%E1%85%B3%E1%84%90%E1%85%B3%E1%84%85%E1%85%A2%E1%86%B8-%E1%84%90%E1%85%A1%E1%86%B8-p03034712.html,https://static.zara.net/assets/public/eb7f/89c8/346f4dd2a148/66a7c70c194c/03034712500-p/03034712500-p.jpg?ts=1778835432694,"₩45,900",,,260622,초록,,,,
,false,,ZARA,상의,셔츠/블라우스,여성,버튼 디테일 패턴 탑,https://www.zara.com/kr/ko/%E1%84%87%E1%85%A5%E1%84%90%E1%85%B3%E1%86%AB-%E1%84%83%E1%85%B5%E1%84%90%E1%85%A6%E1%84%8B%E1%85%B5%E1%86%AF-%E1%84%91%E1%85%A2%E1%84%90%E1%85%A5%E1%86%AB-%E1%84%90%E1%85%A1%E1%86%B8-p03032313.html,https://static.zara.net/assets/public/658c/93a5/2c514c7a862f/89c31710dcf0/03032313330-p/03032313330-p.jpg?ts=1778835427518,"₩55,900",,,260622,멀티컬러,,,,
,false,,ZARA,상의,셔츠/블라우스,여성,페이크 데님 뷔스티에 탑,https://www.zara.com/kr/ko/%E1%84%91%E1%85%A6%E1%84%8B%E1%85%B5%E1%84%8F%E1%85%B3-%E1%84%83%E1%85%A6%E1%84%82%E1%85%B5%E1%86%B7-%E1%84%87%E1%85%B1%E1%84%89%E1%85%B3%E1%84%90%E1%85%B5%E1%84%8B%E1%85%A6-%E1%84%90%E1%85%A1%E1%86%B8-p06929365.html,https://static.zara.net/assets/public/c8d3/b3b9/db9f427cb88f/7847d51dcf77/06929365443-p/06929365443-p.jpg?ts=1767888747692,"₩55,900",,,260622,다크 인디고,,,,
,false,,ZARA,기타,WAISTCOAT,여성,스트라이프 지퍼 베스트,https://www.zara.com/kr/ko/%E1%84%89%E1%85%B3%E1%84%90%E1%85%B3%E1%84%85%E1%85%A1%E1%84%8B%E1%85%B5%E1%84%91%E1%85%B3-%E1%84%8C%E1%85%B5%E1%84%91%E1%85%A5-%E1%84%87%E1%85%A6%E1%84%89%E1%85%B3%E1%84%90%E1%85%B3-p02010762.html,https://static.zara.net/assets/public/6111/615f/14e7473eadd9/b907b00318be/02010762087-p/02010762087-p.jpg?ts=1767888720210,"₩55,900",,,260622,"브라운,크림",,,,
,false,,ZARA,상의,탑,여성,시퀸 탱크 탑,https://www.zara.com/kr/ko/%E1%84%89%E1%85%B5%E1%84%8F%E1%85%B1%E1%86%AB-%E1%84%90%E1%85%A2%E1%86%BC%E1%84%8F%E1%85%B3-%E1%84%90%E1%85%A1%E1%86%B8-p05063364.html,https://static.zara.net/assets/public/1962/0690/52a245d8b72f/67c58424f730/05063364620-p/05063364620-p.jpg?ts=1776953025086,"₩49,900",,,260622,로즈핑크,,,,
,false,,ZARA,상의,탑,여성,자수 홀터넥 탑,https://www.zara.com/kr/ko/%E1%84%8C%E1%85%A1%E1%84%89%E1%85%AE-%E1%84%92%E1%85%A9%E1%86%AF%E1%84%90%E1%85%A5%E1%84%82%E1%85%A6%E1%86%A8-%E1%84%90%E1%85%A1%E1%86%B8-p04813360.html,https://static.zara.net/assets/public/d12a/8b22/1c0a461894c3/c0b967f59e4e/04813360912-p/04813360912-p.jpg?ts=1776953020422,"₩57,900",,,260622,라이트 그린,,,,
,false,,ZARA,상의,탑,여성,시퀸 홀터넥 탑,https://www.zara.com/kr/ko/%E1%84%89%E1%85%B5%E1%84%8F%E1%85%B1%E1%86%AB-%E1%84%92%E1%85%A9%E1%86%AF%E1%84%90%E1%85%A5%E1%84%82%E1%85%A6%E1%86%A8-%E1%84%90%E1%85%A1%E1%86%B8-p05644768.html,https://static.zara.net/assets/public/9e7b/9713/54904f4d9b79/719e5a57c0b9/05644768620-p/05644768620-p.jpg?ts=1777390333867,"₩39,900",,,260622,로즈핑크,,,,
,false,,ZARA,상의,탑,여성,플라워 비즈 홀터넥 탑,https://www.zara.com/kr/ko/%E1%84%91%E1%85%B3%E1%86%AF%E1%84%85%E1%85%A1%E1%84%8B%E1%85%AF-%E1%84%87%E1%85%B5%E1%84%8C%E1%85%B3-%E1%84%92%E1%85%A9%E1%86%AF%E1%84%90%E1%85%A5%E1%84%82%E1%85%A6%E1%86%A8-%E1%84%90%E1%85%A1%E1%86%B8-p01131326.html,https://static.zara.net/assets/public/84cc/b041/ffb848b5a28f/e36f81d4712c/01131326800-p/01131326800-p.jpg?ts=1777390321851,"₩39,900",,,260622,블랙,,,,
,false,,ZARA,상의,탑,여성,소프트 언밸런스 탑,https://www.zara.com/kr/ko/%E1%84%89%E1%85%A9%E1%84%91%E1%85%B3%E1%84%90%E1%85%B3-%E1%84%8B%E1%85%A5%E1%86%AB%E1%84%87%E1%85%A2%E1%86%AF%E1%84%85%E1%85%A5%E1%86%AB%E1%84%89%E1%85%B3-%E1%84%90%E1%85%A1%E1%86%B8-p05039155.html,https://static.zara.net/assets/public/9625/73fe/b8e94a2da2c7/d3ce88ac6883/05039155800-a4/05039155800-a4.jpg?ts=1769780498901,"₩39,900",,,260622,블랙,,,,
,false,,ZARA,기타,WAISTCOAT,여성,버튼 하트 네크라인 탑,https://www.zara.com/kr/ko/%E1%84%87%E1%85%A5%E1%84%90%E1%85%B3%E1%86%AB-%E1%84%92%E1%85%A1%E1%84%90%E1%85%B3-%E1%84%82%E1%85%A6%E1%84%8F%E1%85%B3%E1%84%85%E1%85%A1%E1%84%8B%E1%85%B5%E1%86%AB-%E1%84%90%E1%85%A1%E1%86%B8-p03253800.html,https://static.zara.net/assets/public/a25a/142d/cfba414db1d6/26eb54b9e8b6/03253800620-p/03253800620-p.jpg?ts=1771592483678,"₩35,900",,,260622,로즈핑크,,,,
,false,,ZARA,기타,WAISTCOAT,여성,버튼 하트 네크라인 탑,https://www.zara.com/kr/ko/%E1%84%87%E1%85%A5%E1%84%90%E1%85%B3%E1%86%AB-%E1%84%92%E1%85%A1%E1%84%90%E1%85%B3-%E1%84%82%E1%85%A6%E1%84%8F%E1%85%B3%E1%84%85%E1%85%A1%E1%84%8B%E1%85%B5%E1%86%AB-%E1%84%90%E1%85%A1%E1%86%B8-p03253800.html,https://static.zara.net/assets/public/cee7/8165/7cd64faa89e1/462384f7efe2/03253800700-p/03253800700-p.jpg?ts=1771592965227,"₩35,900",,,260622,브라운,,,,
,false,,ZARA,기타,WAISTCOAT,여성,버튼 하트 네크라인 탑,https://www.zara.com/kr/ko/%E1%84%87%E1%85%A5%E1%84%90%E1%85%B3%E1%86%AB-%E1%84%92%E1%85%A1%E1%84%90%E1%85%B3-%E1%84%82%E1%85%A6%E1%84%8F%E1%85%B3%E1%84%85%E1%85%A1%E1%84%8B%E1%85%B5%E1%86%AB-%E1%84%90%E1%85%A1%E1%86%B8-p03253800.html,https://static.zara.net/assets/public/7959/7fc0/6d934dc4a42d/0947a3e6482a/03253800800-p/03253800800-p.jpg?ts=1771593834496,"₩35,900",,,260622,블랙,,,,
,false,,ZARA,상의,탑,여성,슬리브리스 크롭 탑,https://www.zara.com/kr/ko/%E1%84%89%E1%85%B3%E1%86%AF%E1%84%85%E1%85%B5%E1%84%87%E1%85%B3%E1%84%85%E1%85%B5%E1%84%89%E1%85%B3-%E1%84%8F%E1%85%B3%E1%84%85%E1%85%A9%E1%86%B8-%E1%84%90%E1%85%A1%E1%86%B8-p03641374.html,https://static.zara.net/assets/public/36cf/729c/248c4c5dab66/a5ec5692c5b3/03641374800-p/03641374800-p.jpg?ts=1774973515658,"₩17,900",,,260622,블랙,,,,
,false,,ZARA,상의,탑,여성,슬리브리스 크롭 탑,https://www.zara.com/kr/ko/%E1%84%89%E1%85%B3%E1%86%AF%E1%84%85%E1%85%B5%E1%84%87%E1%85%B3%E1%84%85%E1%85%B5%E1%84%89%E1%85%B3-%E1%84%8F%E1%85%B3%E1%84%85%E1%85%A9%E1%86%B8-%E1%84%90%E1%85%A1%E1%86%B8-p03641374.html,https://static.zara.net/assets/public/5fbb/ea53/44e246e0ac97/7d429989df80/03641374818-p/03641374818-p.jpg?ts=1774884573631,"₩17,900",,,260622,납,,,,
,false,,ZARA,상의,탑,여성,슬리브리스 크롭 탑,https://www.zara.com/kr/ko/%E1%84%89%E1%85%B3%E1%86%AF%E1%84%85%E1%85%B5%E1%84%87%E1%85%B3%E1%84%85%E1%85%B5%E1%84%89%E1%85%B3-%E1%84%8F%E1%85%B3%E1%84%85%E1%85%A9%E1%86%B8-%E1%84%90%E1%85%A1%E1%86%B8-p03641374.html,https://static.zara.net/assets/public/e75d/8578/39674cf5997c/b64e05a8cd5c/03641374250-p/03641374250-p.jpg?ts=1774973554607,"₩17,900",,,260622,화이트,,,,
,false,,ZARA,상의,티셔츠,여성,탱크 탑,https://www.zara.com/kr/ko/%E1%84%89%E1%85%B3%E1%86%AF%E1%84%85%E1%85%B5%E1%86%B7%E1%84%91%E1%85%B5%E1%86%BA-%E1%84%87%E1%85%B3%E1%84%8B%E1%85%B5%E1%84%82%E1%85%A6%E1%86%A8-%E1%84%90%E1%85%A2%E1%86%BC%E1%84%8F%E1%85%B3-%E1%84%90%E1%85%A1%E1%86%B8-p05039038.html,https://static.zara.net/assets/public/c33e/fa9a/34874b3b97c1/37caf151ee3d/05039038250-p/05039038250-p.jpg?ts=1781169371425,"₩35,900",,,260622,화이트,,,,
,false,,ZARA,상의,티셔츠,여성,콤비 스트랩 티셔츠,https://www.zara.com/kr/ko/%E1%84%8F%E1%85%A9%E1%86%B7%E1%84%87%E1%85%B5-%E1%84%89%E1%85%B3%E1%84%90%E1%85%B3%E1%84%85%E1%85%A2%E1%86%B8-%E1%84%90%E1%85%B5%E1%84%89%E1%85%A7%E1%84%8E%E1%85%B3-p05039039.html,https://static.zara.net/assets/public/1e19/88be/1ac94a50bd8b/9943239835a6/05039039250-p/05039039250-p.jpg?ts=1781169371264,"₩35,900",,,260622,화이트,,,,
,false,,ZARA,상의,셔츠/블라우스,여성,플로럴 패턴 홀터넥 탑,https://www.zara.com/kr/ko/%E1%84%91%E1%85%B3%E1%86%AF%E1%84%85%E1%85%A9%E1%84%85%E1%85%A5%E1%86%AF-%E1%84%91%E1%85%A2%E1%84%90%E1%85%A5%E1%86%AB-%E1%84%92%E1%85%A9%E1%86%AF%E1%84%90%E1%85%A5%E1%84%82%E1%85%A6%E1%86%A8-%E1%84%90%E1%85%A1%E1%86%B8-p01971071.html,https://static.zara.net/assets/public/d350/b926/cb5b4355a33b/1f8e886a02b1/01971071330-p/01971071330-p.jpg?ts=1779205285711,"₩49,900",,,260622,멀티컬러,,,,
,false,,ZARA,상의,탑,여성,스트랩 니트 탑,https://www.zara.com/kr/ko/%E1%84%89%E1%85%B3%E1%84%90%E1%85%B3%E1%84%85%E1%85%A2%E1%86%B8-%E1%84%82%E1%85%B5%E1%84%90%E1%85%B3-%E1%84%90%E1%85%A1%E1%86%B8-p02756043.html,https://static.zara.net/assets/public/4b93/7958/762446aca088/3febaa7349a9/02756043700-p/02756043700-p.jpg?ts=1779205292418,"₩35,900",,,260622,브라운,,,,
,false,,ZARA,상의,탑,여성,리브드 니트 탑,https://www.zara.com/kr/ko/%E1%84%85%E1%85%B5%E1%84%87%E1%85%B3%E1%84%83%E1%85%B3-%E1%84%82%E1%85%B5%E1%84%90%E1%85%B3-%E1%84%90%E1%85%A1%E1%86%B8-p09598045.html,https://static.zara.net/assets/public/cffd/397f/fc8f44be9498/a8fc10276ecb/09598045640-p/09598045640-p.jpg?ts=1772718193815,"₩49,900",,,260622,네온 로즈핑크,,,,
,false,,ZARA,기타,WAISTCOAT,여성,Z1975 데님 크로스 베스트,https://www.zara.com/kr/ko/z1975-%E1%84%8F%E1%85%B3%E1%84%85%E1%85%A9%E1%84%89%E1%85%B3-%E1%84%83%E1%85%A6%E1%84%82%E1%85%B5%E1%86%B7-%E1%84%87%E1%85%A6%E1%84%89%E1%85%B3%E1%84%90%E1%85%B3-p08228024.html,https://static.zara.net/assets/public/76eb/ee92/da7145daba86/d7ba11f10808/08228024427-p/08228024427-p.jpg?ts=1772718182918,"₩55,900",,,260622,미디움 블루,,,,
,false,,ZARA,상의,티셔츠,여성,홀터넥 로우백 탑,https://www.zara.com/kr/ko/%E1%84%92%E1%85%A9%E1%86%AF%E1%84%90%E1%85%A5%E1%84%82%E1%85%A6%E1%86%A8-%E1%84%85%E1%85%A9%E1%84%8B%E1%85%AE%E1%84%87%E1%85%A2%E1%86%A8-%E1%84%90%E1%85%A1%E1%86%B8-p01131330.html,https://static.zara.net/assets/public/d93a/cbdc/0746423d8dd2/0c6e0a99e459/01131330306-p/01131330306-p.jpg?ts=1775060186025,"₩35,900",,,260622,라이트 옐로우,,,,
,false,,ZARA,상의,탑,여성,언밸런스 니트 탑,https://www.zara.com/kr/ko/%E1%84%8B%E1%85%A5%E1%86%AB%E1%84%87%E1%85%A2%E1%86%AF%E1%84%85%E1%85%A5%E1%86%AB%E1%84%89%E1%85%B3-%E1%84%82%E1%85%B5%E1%84%90%E1%85%B3-%E1%84%90%E1%85%A1%E1%86%B8-p09598016.html,https://static.zara.net/assets/public/ca0b/dd0e/18594aee9906/e70a93912dbc/09598016072-p/09598016072-p.jpg?ts=1779377055719,"₩49,900",,,260622,아이보리-화이트,,,,
,false,,ZARA,상의,탑,여성,언밸런스 니트 탑,https://www.zara.com/kr/ko/%E1%84%8B%E1%85%A5%E1%86%AB%E1%84%87%E1%85%A2%E1%86%AF%E1%84%85%E1%85%A5%E1%86%AB%E1%84%89%E1%85%B3-%E1%84%82%E1%85%B5%E1%84%90%E1%85%B3-%E1%84%90%E1%85%A1%E1%86%B8-p09598016.html,https://static.zara.net/assets/public/db94/e0af/b61f4d12acd5/73601ddbde5f/09598016800-p/09598016800-p.jpg?ts=1779436607405,"₩49,900",,,260622,블랙,,,,
,false,,ZARA,상의,셔츠/블라우스,여성,페이크 링클 크롭 탑,https://www.zara.com/kr/ko/%E1%84%91%E1%85%A6%E1%84%8B%E1%85%B5%E1%84%8F%E1%85%B3-%E1%84%85%E1%85%B5%E1%86%BC%E1%84%8F%E1%85%B3%E1%86%AF-%E1%84%8F%E1%85%B3%E1%84%85%E1%85%A9%E1%86%B8-%E1%84%90%E1%85%A1%E1%86%B8-p02180027.html,https://static.zara.net/assets/public/245d/c91d/807a4e6fa573/3c5ab59532ff/02180027733-p/02180027733-p.jpg?ts=1774014482643,"₩49,900",,,260622,크림,,,,
,false,,ZARA,상의,탑,여성,스트라이프 니트 탑,https://www.zara.com/kr/ko/%E1%84%89%E1%85%B3%E1%84%90%E1%85%B3%E1%84%85%E1%85%A1%E1%84%8B%E1%85%B5%E1%84%91%E1%85%B3-%E1%84%82%E1%85%B5%E1%84%90%E1%85%B3-%E1%84%90%E1%85%A1%E1%86%B8-p04192045.html,https://static.zara.net/assets/public/a1a8/0872/50274e69b86d/114e4c7c2ba0/04192045300-p/04192045300-p.jpg?ts=1776423675582,"₩39,900",,,260622,노랑,,,,
,false,,ZARA,상의,탑,여성,스트라이프 니트 탑,https://www.zara.com/kr/ko/%E1%84%89%E1%85%B3%E1%84%90%E1%85%B3%E1%84%85%E1%85%A1%E1%84%8B%E1%85%B5%E1%84%91%E1%85%B3-%E1%84%82%E1%85%B5%E1%84%90%E1%85%B3-%E1%84%90%E1%85%A1%E1%86%B8-p04192045.html,https://static.zara.net/assets/public/c046/9327/9b004e5486cf/b7706e730367/04192045400-a1/04192045400-a1.jpg?ts=1776423676252,"₩39,900",,,260622,블루,,,,
,false,,ZARA,상의,탑,여성,스트라이프 버튼 탑 베스트,https://www.zara.com/kr/ko/%E1%84%89%E1%85%B3%E1%84%90%E1%85%B3%E1%84%85%E1%85%A1%E1%84%8B%E1%85%B5%E1%84%91%E1%85%B3-%E1%84%87%E1%85%A5%E1%84%90%E1%85%B3%E1%86%AB-%E1%84%87%E1%85%A6%E1%84%89%E1%85%B3%E1%84%90%E1%85%B3-%E1%84%90%E1%85%A1%E1%86%B8-p05584219.html,https://static.zara.net/assets/public/ed86/d91b/baea410f98a9/d1223bbf2b81/05584219105-p/05584219105-p.jpg?ts=1778581589998,"₩49,900",,,260622,스트라이프,,,,
,false,,ZARA,상의,티셔츠,여성,버튼 스트라이프 탑,https://www.zara.com/kr/ko/%E1%84%87%E1%85%A5%E1%84%90%E1%85%B3%E1%86%AB-%E1%84%89%E1%85%B3%E1%84%90%E1%85%B3%E1%84%85%E1%85%A1%E1%84%8B%E1%85%B5%E1%84%91%E1%85%B3-%E1%84%90%E1%85%A1%E1%86%B8-p00858473.html,https://static.zara.net/assets/public/8cf8/2f5a/79b542afb17e/aabb0df8aa38/00858473620-p/00858473620-p.jpg?ts=1778581564642,"₩45,900",,,260622,로즈핑크,,,,
,false,,ZARA,상의,탑,여성,컷아웃 버튼 니트 탑,https://www.zara.com/kr/ko/%E1%84%87%E1%85%A5%E1%84%90%E1%85%B3%E1%86%AB-%E1%84%8F%E1%85%A5%E1%86%BA-%E1%84%82%E1%85%B5%E1%84%90%E1%85%B3-%E1%84%90%E1%85%A1%E1%86%B8-p05039384.html,https://static.zara.net/assets/public/c87f/67de/7ca94054a0a1/49b2e5740458/05039384711-p/05039384711-p.jpg?ts=1772540836919,"₩39,900",,,260622,샌드,,,,
,false,,ZARA,상의,탑,여성,리브드 버튼 탑,https://www.zara.com/kr/ko/%E1%84%85%E1%85%B5%E1%84%87%E1%85%B3%E1%84%83%E1%85%B3-%E1%84%87%E1%85%A5%E1%84%90%E1%85%B3%E1%86%AB-%E1%84%90%E1%85%A1%E1%86%B8-p01131321.html,https://static.zara.net/assets/public/f6d6/3ba6/e33647878c0d/a8e52e270e89/01131321515-1-p/01131321515-1-p.jpg?ts=1772618853500,"₩39,900",,,260622,올리브,,,,
,false,,ZARA,상의,탑,여성,자카드 홀터넥 토글 탑,https://www.zara.com/kr/ko/%E1%84%8C%E1%85%A1%E1%84%8F%E1%85%A1%E1%84%83%E1%85%B3-%E1%84%90%E1%85%A9%E1%84%80%E1%85%B3%E1%86%AF-%E1%84%92%E1%85%A9%E1%86%AF%E1%84%90%E1%85%A5%E1%84%82%E1%85%A6%E1%86%A8-%E1%84%90%E1%85%A1%E1%86%B8-p04770315.html,https://static.zara.net/assets/public/027e/a0e7/b7eb40da99c0/72180159ac41/04770315712-1-p/04770315712-1-p.jpg?ts=1778860058640,"₩45,900",,,260622,크림,,,,
,false,,ZARA,상의,탑,여성,스트레치 코르셋 탑,https://www.zara.com/kr/ko/%E1%84%89%E1%85%B3%E1%84%90%E1%85%B3%E1%84%85%E1%85%A6%E1%84%8E%E1%85%B5-%E1%84%8F%E1%85%A9%E1%84%85%E1%85%B3%E1%84%89%E1%85%A6%E1%86%BA-%E1%84%90%E1%85%A1%E1%86%B8-p06050337.html,https://static.zara.net/assets/public/4579/57a9/0e524ab4a29f/cdeecabf6c41/06050337250-p/06050337250-p.jpg?ts=1778860451443,"₩45,900",,,260622,화이트,,,,
,false,,ZARA,상의,탑,여성,도트 홀터넥 탑,https://www.zara.com/kr/ko/%E1%84%83%E1%85%A9%E1%84%90%E1%85%B3-%E1%84%92%E1%85%A9%E1%86%AF%E1%84%90%E1%85%A5%E1%84%82%E1%85%A6%E1%86%A8-%E1%84%90%E1%85%A1%E1%86%B8-p01223024.html,https://static.zara.net/assets/public/5126/167b/a12b4c3184d3/cd447ec40f25/01223024064-p/01223024064-p.jpg?ts=1777378069454,"₩55,900",,,260622,"화이트,블랙",,,,
,false,,ZARA,상의,셔츠/블라우스,여성,도트 벌룬 홀터넥 탑,https://www.zara.com/kr/ko/%E1%84%83%E1%85%A9%E1%84%90%E1%85%B3-%E1%84%87%E1%85%A5%E1%86%AF%E1%84%85%E1%85%AE%E1%86%AB-%E1%84%92%E1%85%A9%E1%86%AF%E1%84%90%E1%85%A5%E1%84%82%E1%85%A6%E1%86%A8-%E1%84%90%E1%85%A1%E1%86%B8-p03897060.html,https://static.zara.net/assets/public/5f71/ce16/f9834862a539/67d707ffaf76/03897060629-p/03897060629-p.jpg?ts=1773404139213,"₩55,900",,,260622,라일락,,,,
,false,,ZARA,기타,WAISTCOAT,여성,Z1975 하이넥 데님 베스트,https://www.zara.com/kr/ko/z1975-%E1%84%92%E1%85%A1%E1%84%8B%E1%85%B5%E1%84%82%E1%85%A6%E1%86%A8-%E1%84%83%E1%85%A6%E1%84%82%E1%85%B5%E1%86%B7-%E1%84%87%E1%85%A6%E1%84%89%E1%85%B3%E1%84%90%E1%85%B3-p01416028.html,https://static.zara.net/assets/public/caea/3b80/12414ba4857b/9698da0abbae/01416028724-p/01416028724-p.jpg?ts=1772015064440,"₩59,900",,,260622,그레이 브라운,,,,
,false,,ZARA,기타,WAISTCOAT,여성,엘라스틱 헴 숄더 패드 베스트,https://www.zara.com/kr/ko/%E1%84%8B%E1%85%A6%E1%86%AF%E1%84%85%E1%85%A1%E1%84%89%E1%85%B3%E1%84%90%E1%85%B5%E1%86%A8-%E1%84%92%E1%85%A6%E1%86%B7-%E1%84%89%E1%85%AD%E1%86%AF%E1%84%83%E1%85%A5-%E1%84%91%E1%85%A2%E1%84%83%E1%85%B3-%E1%84%87%E1%85%A6%E1%84%89%E1%85%B3%E1%84%90%E1%85%B3-p06318054.html,https://static.zara.net/assets/public/b208/17d4/08014b5288b3/010c7287d744/06318054700-p/06318054700-p.jpg?ts=1772015112471,"₩59,900",,,260622,브라운,,,,
,false,,ZARA,기타,WAISTCOAT,여성,페이크 스웨이드 버튼 베스트,https://www.zara.com/kr/ko/%E1%84%91%E1%85%A6%E1%84%8B%E1%85%B5%E1%84%8F%E1%85%B3-%E1%84%89%E1%85%B3%E1%84%8B%E1%85%B0%E1%84%8B%E1%85%B5%E1%84%83%E1%85%B3-%E1%84%87%E1%85%A5%E1%84%90%E1%85%B3%E1%86%AB-%E1%84%87%E1%85%A6%E1%84%89%E1%85%B3%E1%84%90%E1%85%B3-p04344141.html,https://static.zara.net/assets/public/4b43/232f/860e404fbe46/f2b521b83ee3/04344141725-e1/04344141725-e1.jpg?ts=1775575206140,"₩55,900",,,260622,버터,,,,
,false,,ZARA,기타,WAISTCOAT,여성,페이크 스웨이드 버튼 베스트,https://www.zara.com/kr/ko/%E1%84%91%E1%85%A6%E1%84%8B%E1%85%B5%E1%84%8F%E1%85%B3-%E1%84%89%E1%85%B3%E1%84%8B%E1%85%B0%E1%84%8B%E1%85%B5%E1%84%83%E1%85%B3-%E1%84%87%E1%85%A5%E1%84%90%E1%85%B3%E1%86%AB-%E1%84%87%E1%85%A6%E1%84%89%E1%85%B3%E1%84%90%E1%85%B3-p04344141.html,https://static.zara.net/assets/public/3a08/e33b/174345bbb2cd/90114eaa60b2/04344141753-e1/04344141753-e1.jpg?ts=1775575208215,"₩55,900",,,260622,초콜렛 블라운,,,,
,false,,ZARA,상의,탑,여성,레이스 콤비 탑,https://www.zara.com/kr/ko/%E1%84%85%E1%85%A6%E1%84%8B%E1%85%B5%E1%84%89%E1%85%B3-%E1%84%8F%E1%85%A9%E1%86%B7%E1%84%87%E1%85%B5-%E1%84%90%E1%85%A1%E1%86%B8-p05644273.html,https://static.zara.net/assets/public/d72a/3f7f/5c9d4be7a144/ba7a439730f5/05644273084-p/05644273084-p.jpg?ts=1778581602220,"₩29,900",,,260622,"블랙,화이트",,,,
,false,,ZARA,상의,티셔츠,여성,벌룬 스트랩 탑,https://www.zara.com/kr/ko/%E1%84%87%E1%85%A5%E1%86%AF%E1%84%85%E1%85%AE%E1%86%AB-%E1%84%89%E1%85%B3%E1%84%90%E1%85%B3%E1%84%85%E1%85%A2%E1%86%B8-%E1%84%90%E1%85%A1%E1%86%B8-p04174240.html,https://static.zara.net/assets/public/7567/5d4c/a1534a27b858/598e84cdb215/04174240251-p/04174240251-p.jpg?ts=1778581578145,"₩39,900",,,260622,스크래치 화이트,,,,
,false,,ZARA,상의,탑,여성,컬러 블록 니트 탑,https://www.zara.com/kr/ko/%E1%84%8F%E1%85%A5%E1%86%AF%E1%84%85%E1%85%A5-%E1%84%87%E1%85%B3%E1%86%AF%E1%84%85%E1%85%A9%E1%86%A8-%E1%84%82%E1%85%B5%E1%84%90%E1%85%B3-%E1%84%90%E1%85%A1%E1%86%B8-p03471008.html,https://static.zara.net/assets/public/7538/19b2/c32d4e8da41d/11d4e7125c05/03471008330-p/03471008330-p.jpg?ts=1774437335608,"₩39,900",,,260622,멀티컬러,,,,
,false,,ZARA,상의,티셔츠,여성,플라워 펀칭 탑,https://www.zara.com/kr/ko/%E1%84%91%E1%85%B3%E1%86%AF%E1%84%85%E1%85%A1%E1%84%8B%E1%85%AF-%E1%84%91%E1%85%A5%E1%86%AB%E1%84%8E%E1%85%B5%E1%86%BC-%E1%84%90%E1%85%A1%E1%86%B8-p04805107.html,https://static.zara.net/assets/public/4019/5346/67064da19360/cc9e10cfa45c/04805107802-p/04805107802-p.jpg?ts=1774437338631,"₩35,900",,,260622,그레이,,,,
,false,,ZARA,상의,티셔츠,여성,페이크 더블 콘트라스트 탑,https://www.zara.com/kr/ko/%E1%84%91%E1%85%A6%E1%84%8B%E1%85%B5%E1%84%8F%E1%85%B3-%E1%84%83%E1%85%A5%E1%84%87%E1%85%B3%E1%86%AF-%E1%84%8F%E1%85%A9%E1%86%AB%E1%84%90%E1%85%B3%E1%84%85%E1%85%A1%E1%84%89%E1%85%B3%E1%84%90%E1%85%B3-%E1%84%90%E1%85%A1%E1%86%B8-p03641013.html,https://static.zara.net/assets/public/e09f/11ac/8b0a431597e0/3f2ee20a93fe/03641013960-p/03641013960-p.jpg?ts=1774437337325,"₩39,900",,,260622,크림,,,,
,false,,ZARA,상의,탑,여성,레이스 스트랩 니트 탑,https://www.zara.com/kr/ko/%E1%84%85%E1%85%A6%E1%84%8B%E1%85%B5%E1%84%89%E1%85%B3-%E1%84%82%E1%85%B5%E1%84%90%E1%85%B3-%E1%84%89%E1%85%B3%E1%84%90%E1%85%B3%E1%84%85%E1%85%A2%E1%86%B8-%E1%84%90%E1%85%A1%E1%86%B8-p01223126.html,https://static.zara.net/assets/public/88bb/755d/6fb94da59a8d/d044796f65cf/01223126802-p/01223126802-p.jpg?ts=1772018577694,"₩59,900",,,260622,그레이,,,,
,false,,ZARA,상의,탑,여성,레이스 니트 탑,https://www.zara.com/kr/ko/%E1%84%85%E1%85%A6%E1%84%8B%E1%85%B5%E1%84%89%E1%85%B3-%E1%84%82%E1%85%B5%E1%84%90%E1%85%B3-%E1%84%90%E1%85%A1%E1%86%B8-p01223125.html,https://static.zara.net/assets/public/a75b/2bed/1f9140be8745/cc63c45ea753/01223125712-p/01223125712-p.jpg?ts=1772018577640,"₩59,900",,,260622,크림,,,,
,false,,ZARA,상의,셔츠/블라우스,여성,레이스 란제리 탑 ZW 컬렉션,https://www.zara.com/kr/ko/%E1%84%85%E1%85%A6%E1%84%8B%E1%85%B5%E1%84%89%E1%85%B3-%E1%84%85%E1%85%A1%E1%86%AB%E1%84%8C%E1%85%A6%E1%84%85%E1%85%B5-%E1%84%90%E1%85%A1%E1%86%B8-zw-%E1%84%8F%E1%85%A5%E1%86%AF%E1%84%85%E1%85%A6%E1%86%A8%E1%84%89%E1%85%A7%E1%86%AB-p05919105.html,https://static.zara.net/assets/public/0f72/e818/9f224d7592fc/a1257a51cbf2/05919105700-p/05919105700-p.jpg?ts=1765792848982,"₩79,900",,,260622,브라운,,,,
,false,,ZARA,상의,셔츠/블라우스,여성,레이스 란제리 탑 ZW 컬렉션,https://www.zara.com/kr/ko/%E1%84%85%E1%85%A6%E1%84%8B%E1%85%B5%E1%84%89%E1%85%B3-%E1%84%85%E1%85%A1%E1%86%AB%E1%84%8C%E1%85%A6%E1%84%85%E1%85%B5-%E1%84%90%E1%85%A1%E1%86%B8-zw-%E1%84%8F%E1%85%A5%E1%86%AF%E1%84%85%E1%85%A6%E1%86%A8%E1%84%89%E1%85%A7%E1%86%AB-p05919105.html,https://static.zara.net/assets/public/84be/fa6b/32a04938a284/d9cc1c2d1e56/05919105706-a1/05919105706-a1.jpg?ts=1760626393578,"₩79,900",,,260622,밍크,,,,
,false,,ZARA,상의,탑,여성,스트레치 홀터넥 탑,https://www.zara.com/kr/ko/%E1%84%83%E1%85%A9%E1%84%90%E1%85%B3-%E1%84%91%E1%85%A2%E1%84%90%E1%85%A5%E1%86%AB-%E1%84%89%E1%85%B3%E1%84%90%E1%85%B3%E1%84%85%E1%85%A6%E1%84%8E%E1%85%B5-%E1%84%92%E1%85%A9%E1%86%AF%E1%84%90%E1%85%A5%E1%84%82%E1%85%A6%E1%86%A8-%E1%84%90%E1%85%A1%E1%86%B8-p03644324.html,https://static.zara.net/assets/public/e9c5/8ad4/10d04d6fb3e8/67f6abd26d9d/03644324800-015-p/03644324800-015-p.jpg?ts=1778512736788,"₩39,900",,,260622,블랙,,,,
,false,,ZARA,상의,탑,여성,컷아웃 비즈 니트 탑,https://www.zara.com/kr/ko/%E1%84%8F%E1%85%A5%E1%86%BA%E1%84%8B%E1%85%A1%E1%84%8B%E1%85%AE%E1%86%BA-%E1%84%87%E1%85%B5%E1%84%8C%E1%85%B3-%E1%84%82%E1%85%B5%E1%84%90%E1%85%B3-%E1%84%90%E1%85%A1%E1%86%B8-p03921017.html,https://static.zara.net/assets/public/31a8/b69c/cd214bdd9f2f/bae9e01cc475/03921017400-p/03921017400-p.jpg?ts=1773931419382,"₩55,900",,,260622,블루,,,,
,false,,ZARA,상의,탑,여성,쇼트 슬리브 컷아웃 탑,https://www.zara.com/kr/ko/%E1%84%89%E1%85%AD%E1%84%90%E1%85%B3-%E1%84%89%E1%85%B3%E1%86%AF%E1%84%85%E1%85%B5%E1%84%87%E1%85%B3-%E1%84%8F%E1%85%A5%E1%86%BA%E1%84%8B%E1%85%A1%E1%84%8B%E1%85%AE%E1%86%BA-%E1%84%90%E1%85%A1%E1%86%B8-p05584262.html,https://static.zara.net/assets/public/c629/3c27/3d8c4386a364/6c8c2d2fbc87/05584262800-p/05584262800-p.jpg?ts=1780570059794,"₩45,900",,,260622,블랙,,,,
,false,,ZARA,상의,탑,여성,쇼트 슬리브 컷아웃 탑,https://www.zara.com/kr/ko/%E1%84%89%E1%85%AD%E1%84%90%E1%85%B3-%E1%84%89%E1%85%B3%E1%86%AF%E1%84%85%E1%85%B5%E1%84%87%E1%85%B3-%E1%84%8F%E1%85%A5%E1%86%BA%E1%84%8B%E1%85%A1%E1%84%8B%E1%85%AE%E1%86%BA-%E1%84%90%E1%85%A1%E1%86%B8-p05584262.html,https://static.zara.net/assets/public/856e/4a6a/3d334828bf64/ad93e4bda6fe/05584262712-p/05584262712-p.jpg?ts=1780569969380,"₩45,900",,,260622,크림,,,,
,false,,ZARA,상의,니트,여성,스트라이프 도트 니트 폴로셔츠,https://www.zara.com/kr/ko/%E1%84%89%E1%85%B3%E1%84%90%E1%85%B3%E1%84%85%E1%85%A1%E1%84%8B%E1%85%B5%E1%84%91%E1%85%B3-%E1%84%83%E1%85%A9%E1%84%90%E1%85%B3-%E1%84%82%E1%85%B5%E1%84%90%E1%85%B3-%E1%84%91%E1%85%A9%E1%86%AF%E1%84%85%E1%85%A9%E1%84%89%E1%85%A7%E1%84%8E%E1%85%B3-p09598070.html,https://static.zara.net/assets/public/ed30/8cdb/aefd4e11bfb5/165863d6df5c/09598070330-p/09598070330-p.jpg?ts=1777033562459,"₩49,900",,,260622,멀티컬러,,,,
,false,,ZARA,상의,탑,여성,드레이프 니트 탑,https://www.zara.com/kr/ko/%E1%84%83%E1%85%B3%E1%84%85%E1%85%A6%E1%84%8B%E1%85%B5%E1%84%91%E1%85%B3-%E1%84%82%E1%85%B5%E1%84%90%E1%85%B3-%E1%84%90%E1%85%A1%E1%86%B8-p02142076.html,https://static.zara.net/assets/public/816c/31e9/61994e62bf43/635b33d50579/02142076250-p/02142076250-p.jpg?ts=1771931168058,"₩49,900",,,260622,화이트,,,,
,false,,ZARA,상의,탑,여성,매듭 니트 콤비 탑,https://www.zara.com/kr/ko/%E1%84%86%E1%85%A2%E1%84%83%E1%85%B3%E1%86%B8-%E1%84%82%E1%85%B5%E1%84%90%E1%85%B3-%E1%84%8F%E1%85%A9%E1%86%B7%E1%84%87%E1%85%B5-%E1%84%90%E1%85%A1%E1%86%B8-p02756034.html,https://static.zara.net/assets/public/35bb/78d6/442a4409b04e/6c79d19f14f1/02756034330-p/02756034330-p.jpg?ts=1775064961690,"₩45,900",,,260622,멀티컬러,,,,
,false,,ZARA,상의,티셔츠,여성,자카드 오프숄더 탑,https://www.zara.com/kr/ko/%E1%84%8C%E1%85%A1%E1%84%8F%E1%85%A1%E1%84%83%E1%85%B3-%E1%84%8B%E1%85%A9%E1%84%91%E1%85%B3%E1%84%89%E1%85%AD%E1%86%AF%E1%84%83%E1%85%A5-%E1%84%90%E1%85%A1%E1%86%B8-p05063355.html,https://static.zara.net/assets/public/5680/75b1/dce74514a9c9/381c1efd8c52/05063355620-p/05063355620-p.jpg?ts=1775064968104,"₩45,900",,,260622,로즈핑크,,,,
,false,,ZARA,상의,탑,여성,피티드한 컷아웃 니트 탑,https://www.zara.com/kr/ko/%E1%84%91%E1%85%B5%E1%84%90%E1%85%B5%E1%84%83%E1%85%B3%E1%84%92%E1%85%A1%E1%86%AB-%E1%84%8F%E1%85%A5%E1%86%BA%E1%84%8B%E1%85%A1%E1%84%8B%E1%85%AE%E1%86%BA-%E1%84%82%E1%85%B5%E1%84%90%E1%85%B3-%E1%84%90%E1%85%A1%E1%86%B8-p04938011.html,https://static.zara.net/assets/public/c4b4/f713/2e6b40afad74/74a9fd00e642/04938011250-p/04938011250-p.jpg?ts=1771259892536,"₩49,900",,,260622,화이트,,,,
,false,,ZARA,상의,탑,여성,도트 세미 시스루 니트 탑,https://www.zara.com/kr/ko/%E1%84%83%E1%85%A9%E1%84%90%E1%85%B3-%E1%84%89%E1%85%A6%E1%84%86%E1%85%B5-%E1%84%89%E1%85%B5%E1%84%89%E1%85%B3%E1%84%85%E1%85%AE-%E1%84%82%E1%85%B5%E1%84%90%E1%85%B3-%E1%84%90%E1%85%A1%E1%86%B8-p09598041.html,https://static.zara.net/assets/public/4662/1c4f/0fde44538d7d/2e3ac63f7318/09598041064-000-p/09598041064-000-p.jpg?ts=1771260737898,"₩49,900",,,260622,"화이트,블랙",,,,
,false,,ZARA,상의,셔츠/블라우스,여성,리넨 셔링 홀터넥 탑,https://www.zara.com/kr/ko/%E1%84%85%E1%85%B5%E1%84%82%E1%85%A6%E1%86%AB-%E1%84%89%E1%85%A7%E1%84%85%E1%85%B5%E1%86%BC-%E1%84%92%E1%85%A9%E1%86%AF%E1%84%90%E1%85%A5%E1%84%82%E1%85%A6%E1%86%A8-%E1%84%90%E1%85%A1%E1%86%B8-p08741222.html,https://static.zara.net/assets/public/76f1/0b5d/e40b4da29f22/cb9424f6893e/08741222605-000-p/08741222605-000-p.jpg?ts=1779708358301,"₩49,900",,,260622,석류,,,,
,false,,ZARA,상의,셔츠/블라우스,여성,리넨 셔링 홀터넥 탑,https://www.zara.com/kr/ko/%E1%84%85%E1%85%B5%E1%84%82%E1%85%A6%E1%86%AB-%E1%84%89%E1%85%A7%E1%84%85%E1%85%B5%E1%86%BC-%E1%84%92%E1%85%A9%E1%86%AF%E1%84%90%E1%85%A5%E1%84%82%E1%85%A6%E1%86%A8-%E1%84%90%E1%85%A1%E1%86%B8-p08741222.html,https://static.zara.net/assets/public/d7a1/c3a2/742c4a7cb62f/6e75ab2235d9/08741222605-1-p/08741222605-1-p.jpg?ts=1779374749746,"₩49,900",,,260622,석류,,,,
,false,,ZARA,상의,셔츠/블라우스,여성,기퓌르 토글 탑,https://www.zara.com/kr/ko/%E1%84%80%E1%85%B5%E1%84%91%E1%85%B1%E1%84%85%E1%85%B3-%E1%84%90%E1%85%A9%E1%84%80%E1%85%B3%E1%86%AF-%E1%84%90%E1%85%A1%E1%86%B8-p03035478.html,https://static.zara.net/assets/public/8070/bc87/56bd4579a214/f3c6bef25ecb/03035478600-p/03035478600-p.jpg?ts=1779372571074,"₩55,900",,,260622,레드,,,,
,false,,ZARA,상의,탑,여성,스트라이프 니트 탑,https://www.zara.com/kr/ko/%E1%84%89%E1%85%B3%E1%84%90%E1%85%B3%E1%84%85%E1%85%A1%E1%84%8B%E1%85%B5%E1%84%91%E1%85%B3-%E1%84%82%E1%85%B5%E1%84%90%E1%85%B3-%E1%84%90%E1%85%A1%E1%86%B8-p02142258.html,https://static.zara.net/assets/public/4ddc/db56/d5334e58a637/e5220bd62f3e/02142258330-p/02142258330-p.jpg?ts=1779359033908,"₩45,900",,,260622,멀티컬러,,,,
,false,,ZARA,상의,탑,여성,루즈 언밸런스 탑,https://www.zara.com/kr/ko/%E1%84%85%E1%85%AE%E1%84%8C%E1%85%B3-%E1%84%8B%E1%85%A5%E1%86%AB%E1%84%87%E1%85%A2%E1%86%AF%E1%84%85%E1%85%A5%E1%86%AB%E1%84%89%E1%85%B3-%E1%84%90%E1%85%A1%E1%86%B8-p05644014.html,https://static.zara.net/assets/public/a2dc/1e92/79ac4042a12a/54dc50ab8d38/05644014725-p/05644014725-p.jpg?ts=1776679618106,"₩49,900",,,260622,버터,,,,
,false,,ZARA,상의,탑,여성,드레이프 언밸런스 탑,https://www.zara.com/kr/ko/%E1%84%83%E1%85%B3%E1%84%85%E1%85%A6%E1%84%8B%E1%85%B5%E1%84%91%E1%85%B3-%E1%84%8B%E1%85%A5%E1%86%AB%E1%84%87%E1%85%A2%E1%86%AF%E1%84%85%E1%85%A5%E1%86%AB%E1%84%89%E1%85%B3-%E1%84%90%E1%85%A1%E1%86%B8-p05644024.html,https://static.zara.net/assets/public/0624/444f/3cd24c5a8483/7f8936cc33a4/05644024800-p/05644024800-p.jpg?ts=1776679611669,"₩49,900",,,260622,블랙,,,,
,false,,ZARA,상의,셔츠/블라우스,여성,메탈릭 얀 숄더 패드 스트라이프 타이 탑,https://www.zara.com/kr/ko/%E1%84%89%E1%85%AD%E1%86%AF%E1%84%83%E1%85%A5-%E1%84%91%E1%85%A2%E1%84%83%E1%85%B3-%E1%84%86%E1%85%A6%E1%84%90%E1%85%A1%E1%86%AF%E1%84%85%E1%85%B5%E1%86%A8-%E1%84%89%E1%85%B3%E1%84%90%E1%85%B3%E1%84%85%E1%85%A1%E1%84%8B%E1%85%B5%E1%84%91%E1%85%B3-%E1%84%90%E1%85%A1%E1%86%B8-p03225833.html,https://static.zara.net/assets/public/5b2e/5d8a/278146868526/956f1c9d67d9/03225833975-p/03225833975-p.jpg?ts=1776679619764,"₩49,900",,,260622,975,,,,
,false,,ZARA,상의,셔츠/블라우스,여성,자수 거즈 스트랩 탑,https://www.zara.com/kr/ko/%E1%84%8C%E1%85%A1%E1%84%89%E1%85%AE-%E1%84%80%E1%85%A5%E1%84%8C%E1%85%B3-%E1%84%90%E1%85%A1%E1%86%B8-p00881022.html,https://static.zara.net/assets/public/8c07/fdd2/ed454a9a87b4/4d0b36f50385/00881022727-p/00881022727-p.jpg?ts=1773231201378,"₩49,900",,,260622,바닐라,,,,
,false,,ZARA,상의,셔츠/블라우스,여성,자수 거즈 스트랩 탑,https://www.zara.com/kr/ko/%E1%84%8C%E1%85%A1%E1%84%89%E1%85%AE-%E1%84%80%E1%85%A5%E1%84%8C%E1%85%B3-%E1%84%90%E1%85%A1%E1%86%B8-p00881022.html,https://static.zara.net/assets/public/4262/3966/77ff49f480ed/e80f39ca07a8/00881022700-p/00881022700-p.jpg?ts=1773231192902,"₩49,900",,,260622,브라운,,,,
,false,,ZARA,상의,셔츠/블라우스,여성,자수 콤비 벌룬 탑,https://www.zara.com/kr/ko/%E1%84%8C%E1%85%A1%E1%84%89%E1%85%AE-%E1%84%8F%E1%85%A9%E1%86%B7%E1%84%87%E1%85%B5-%E1%84%87%E1%85%A5%E1%86%AF%E1%84%85%E1%85%AE%E1%86%AB-%E1%84%90%E1%85%A1%E1%86%B8-p05770026.html,https://static.zara.net/assets/public/bd2c/ffbe/e1474c6b8685/d3f1bc0a1ea6/05770026712-p/05770026712-p.jpg?ts=1773839529562,"₩49,900",,,260622,크림,,,,
,false,,ZARA,상의,탑,여성,언밸런스 니트 탑,https://www.zara.com/kr/ko/%E1%84%8B%E1%85%A5%E1%86%AB%E1%84%87%E1%85%A2%E1%86%AF%E1%84%85%E1%85%A5%E1%86%AB%E1%84%89%E1%85%B3-%E1%84%82%E1%85%B5%E1%84%90%E1%85%B3-%E1%84%90%E1%85%A1%E1%86%B8-p09874004.html,https://static.zara.net/assets/public/430c/d1ea/20ec40ae8eee/0381108ae665/09874004092-p/09874004092-p.jpg?ts=1773851120240,"₩49,900",,,260622,라이트 베이지,,,,
,false,,ZARA,상의,셔츠/블라우스,여성,ZW 컬렉션 콘트라스트 레이스 탑,https://www.zara.com/kr/ko/zw-%E1%84%8F%E1%85%A5%E1%86%AF%E1%84%85%E1%85%A6%E1%86%A8%E1%84%89%E1%85%A7%E1%86%AB-%E1%84%8F%E1%85%A9%E1%86%AB%E1%84%90%E1%85%B3%E1%84%85%E1%85%A1%E1%84%89%E1%85%B3%E1%84%90%E1%85%B3-%E1%84%85%E1%85%A6%E1%84%8B%E1%85%B5%E1%84%89%E1%85%B3-%E1%84%90%E1%85%A1%E1%86%B8-p05919004.html,https://static.zara.net/assets/public/3386/bf0c/bb2c48a7bc1a/0b6b9b44d6ba/05919004712-p/05919004712-p.jpg?ts=1773255076309,"₩59,900",,,260622,크림,,,,
,false,,ZARA,상의,니트,여성,반소매 니트 탑,https://www.zara.com/kr/ko/%E1%84%87%E1%85%A1%E1%86%AB%E1%84%89%E1%85%A9%E1%84%86%E1%85%A2-%E1%84%82%E1%85%B5%E1%84%90%E1%85%B3-%E1%84%90%E1%85%A1%E1%86%B8-p02142137.html,https://static.zara.net/assets/public/1fb7/c12a/80834153a87f/b9bca09e9d91/02142137104-p/02142137104-p.jpg?ts=1774957869364,"₩49,900",,,260622,스트라이프,,,,
,false,,ZARA,상의,니트,여성,반소매 니트 탑,https://www.zara.com/kr/ko/%E1%84%87%E1%85%A1%E1%86%AB%E1%84%89%E1%85%A9%E1%84%86%E1%85%A2-%E1%84%82%E1%85%B5%E1%84%90%E1%85%B3-%E1%84%90%E1%85%A1%E1%86%B8-p02142137.html,https://static.zara.net/assets/public/3063/78ff/44b445b3b157/2c7e7bc59a02/02142137330-p/02142137330-p.jpg?ts=1774957870082,"₩49,900",,,260622,멀티컬러,,,,
,false,,ZARA,상의,탑,여성,메탈릭 얀 스트랩 탑,https://www.zara.com/kr/ko/%E1%84%86%E1%85%A6%E1%84%90%E1%85%A1%E1%86%AF%E1%84%85%E1%85%B5%E1%86%A8-%E1%84%8B%E1%85%A3%E1%86%AB-%E1%84%89%E1%85%B3%E1%84%90%E1%85%B3%E1%84%85%E1%85%A2%E1%86%B8-%E1%84%90%E1%85%A1%E1%86%B8-p01758144.html,https://static.zara.net/assets/public/73b0/28eb/716b4a6e94de/0b5356084d7d/01758144808-p/01758144808-p.jpg?ts=1774354579254,"₩55,900",,,260622,실버,,,,
,false,,ZARA,상의,티셔츠,여성,립 크롭 탱크 탑,https://www.zara.com/kr/ko/%E1%84%85%E1%85%B5%E1%86%B8-%E1%84%8F%E1%85%B3%E1%84%85%E1%85%A9%E1%86%B8-%E1%84%90%E1%85%A2%E1%86%BC%E1%84%8F%E1%85%B3-%E1%84%90%E1%85%A1%E1%86%B8-p01131313.html,https://static.zara.net/assets/public/9920/e0c5/f2d44fa0a0b4/5d77a011924d/01131313720-p/01131313720-p.jpg?ts=1771254671671,"₩21,900",,,260622,그레이 베이지,,,,
,false,,ZARA,상의,티셔츠,여성,립 크롭 탱크 탑,https://www.zara.com/kr/ko/%E1%84%85%E1%85%B5%E1%86%B8-%E1%84%8F%E1%85%B3%E1%84%85%E1%85%A9%E1%86%B8-%E1%84%90%E1%85%A2%E1%86%BC%E1%84%8F%E1%85%B3-%E1%84%90%E1%85%A1%E1%86%B8-p01131313.html,https://static.zara.net/assets/public/b673/4147/48ec43adac75/4784bb72d61e/01131313800-a2/01131313800-a2.jpg?ts=1771254672184,"₩21,900",,,260622,블랙,,,,
,false,,ZARA,상의,탑,여성,레이스 플리츠 조젯 탑,https://www.zara.com/kr/ko/%E1%84%91%E1%85%B3%E1%86%AF%E1%84%85%E1%85%B5%E1%84%8E%E1%85%B3-%E1%84%85%E1%85%A6%E1%84%8B%E1%85%B5%E1%84%89%E1%85%B3-%E1%84%8C%E1%85%A9%E1%84%8C%E1%85%A6%E1%86%BA-%E1%84%90%E1%85%A1%E1%86%B8-p04786136.html,https://static.zara.net/assets/public/8107/8596/0ae2422fbfe6/e1be3faf5817/04786136715-p/04786136715-p.jpg?ts=1777465741626,"₩109,900",,,260622,미디움 크림,,,,
,false,,ZARA,상의,탑,여성,100% 실크 레이스 탑,https://www.zara.com/kr/ko/%E1%84%89%E1%85%B5%E1%86%AF%E1%84%8F%E1%85%B3-100-%E1%84%85%E1%85%A6%E1%84%8B%E1%85%B5%E1%84%89%E1%85%B3-%E1%84%90%E1%85%A1%E1%86%B8-p01223142.html,https://static.zara.net/assets/public/355f/7aac/7d2b45e299a0/37a31a5745c8/01223142712-p/01223142712-p.jpg?ts=1777458010820,"₩109,900",,,260622,크림,,,,
,false,,ZARA,상의,탑,여성,새틴 캐미솔 탑,https://www.zara.com/kr/ko/%E1%84%89%E1%85%A2%E1%84%90%E1%85%B5%E1%86%AB-%E1%84%8F%E1%85%A2%E1%84%86%E1%85%B5%E1%84%89%E1%85%A9%E1%86%AF-%E1%84%90%E1%85%A1%E1%86%B8-p01758145.html,https://static.zara.net/assets/public/d056/b342/b8134ad1bb07/d3e2615cb3a4/01758145712-a3/01758145712-a3.jpg?ts=1777458019946,"₩89,900",,,260622,크림,,,,
,false,,ZARA,상의,셔츠/블라우스,여성,숄더 패드 프린지 탑,https://www.zara.com/kr/ko/%E1%84%89%E1%85%AD%E1%86%AF%E1%84%83%E1%85%A5-%E1%84%91%E1%85%A2%E1%84%83%E1%85%B3-%E1%84%91%E1%85%B3%E1%84%85%E1%85%B5%E1%86%AB%E1%84%8C%E1%85%B5-%E1%84%90%E1%85%A1%E1%86%B8-p02176743.html,https://static.zara.net/assets/public/989a/e376/2ab94dcea568/53b83a8c99b3/02176743712-p/02176743712-p.jpg?ts=1767866930925,"₩49,900",,,260622,크림,,,,
,false,,ZARA,상의,셔츠/블라우스,여성,페이크 레더 벨트 탑,https://www.zara.com/kr/ko/%E1%84%91%E1%85%A6%E1%84%8B%E1%85%B5%E1%84%8F%E1%85%B3-%E1%84%85%E1%85%A6%E1%84%83%E1%85%A5-%E1%84%87%E1%85%A6%E1%86%AF%E1%84%90%E1%85%B3-%E1%84%90%E1%85%A1%E1%86%B8-p02148683.html,https://static.zara.net/assets/public/da2e/33e2/dc864480be3a/9fcad288ca84/02148683700-p/02148683700-p.jpg?ts=1767866926088,"₩55,900",,,260622,브라운,,,,
,false,,ZARA,상의,탑,여성,셔링 니트 탑,https://www.zara.com/kr/ko/%E1%84%89%E1%85%A7%E1%84%85%E1%85%B5%E1%86%BC-%E1%84%82%E1%85%B5%E1%84%90%E1%85%B3-%E1%84%90%E1%85%A1%E1%86%B8-p02142108.html,https://static.zara.net/assets/public/dbc6/9752/b44140e9b033/884200dc5036/01165140712-1-p/01165140712-1-p.jpg?ts=1775663745541,"₩55,900",,,260622,화이트,,,,
,false,,ZARA,상의,셔츠/블라우스,여성,슬릿 리본 탑,https://www.zara.com/kr/ko/%E1%84%90%E1%85%B3%E1%84%8B%E1%85%B5%E1%86%B7-%E1%84%85%E1%85%B5%E1%84%87%E1%85%A9%E1%86%AB-%E1%84%90%E1%85%A1%E1%86%B8-p07521019.html,https://static.zara.net/assets/public/c53f/f550/f1424cf6ab79/3973282df21f/07521019732-p/07521019732-p.jpg?ts=1774015572732,"₩49,900",,,260622,카라멜,,,,
,false,,ZARA,상의,셔츠/블라우스,여성,체크 포플린 셔링 탑,https://www.zara.com/kr/ko/%E1%84%8E%E1%85%A6%E1%84%8F%E1%85%B3-%E1%84%91%E1%85%A9%E1%84%91%E1%85%B3%E1%86%AF%E1%84%85%E1%85%B5%E1%86%AB-%E1%84%89%E1%85%A7%E1%84%85%E1%85%B5%E1%86%BC-%E1%84%90%E1%85%A1%E1%86%B8-p02487273.html,https://static.zara.net/assets/public/d2b8/77a0/1b974ce08aed/c22cec567fdf/02487273083-p/02487273083-p.jpg?ts=1774015560112,"₩55,900",,,260622,베이지-브라운,,,,
,false,,ZARA,상의,탑,여성,토글 버튼 오프숄더 탑,https://www.zara.com/kr/ko/%E1%84%90%E1%85%A9%E1%84%80%E1%85%B3%E1%86%AF-%E1%84%87%E1%85%A5%E1%84%90%E1%85%B3%E1%86%AB-%E1%84%8B%E1%85%A9%E1%84%91%E1%85%B3%E1%84%89%E1%85%AD%E1%86%AF%E1%84%83%E1%85%A5-%E1%84%90%E1%85%A1%E1%86%B8-p01131337.html,https://static.zara.net/assets/public/29dd/9235/d157405c8674/938f3b98f8ab/01131337712-1-p/01131337712-1-p.jpg?ts=1778859896492,"₩45,900",,,260622,크림,,,,
,false,,ZARA,상의,탑,여성,러스틱 비즈 홀터 탑,https://www.zara.com/kr/ko/%E1%84%85%E1%85%A5%E1%84%89%E1%85%B3%E1%84%90%E1%85%B5%E1%86%A8-%E1%84%87%E1%85%B5%E1%84%8C%E1%85%B3-%E1%84%92%E1%85%A9%E1%86%AF%E1%84%90%E1%85%A5-%E1%84%90%E1%85%A1%E1%86%B8-p05063329.html,https://static.zara.net/assets/public/f6e9/6abb/7f3a41858656/68ef1db43625/05063329712-000-p/05063329712-000-p.jpg?ts=1774634904311,"₩39,900",,,260622,크림,,,,
,false,,ZARA,상의,탑,여성,러스틱 비즈 홀터 탑,https://www.zara.com/kr/ko/%E1%84%85%E1%85%A5%E1%84%89%E1%85%B3%E1%84%90%E1%85%B5%E1%86%A8-%E1%84%87%E1%85%B5%E1%84%8C%E1%85%B3-%E1%84%92%E1%85%A9%E1%86%AF%E1%84%90%E1%85%A5-%E1%84%90%E1%85%A1%E1%86%B8-p05063329.html,https://static.zara.net/assets/public/7599/dbcc/385e48e588e2/fcecae4948f5/05063329407-000-p/05063329407-000-p.jpg?ts=1774634911312,"₩39,900",,,260622,블루,,,,
,false,,ZARA,상의,탑,여성,러스틱 비즈 홀터넥 탑,https://www.zara.com/kr/ko/%E1%84%85%E1%85%A5%E1%84%89%E1%85%B3%E1%84%90%E1%85%B5%E1%86%A8-%E1%84%87%E1%85%B5%E1%84%8C%E1%85%B3-%E1%84%92%E1%85%A9%E1%86%AF%E1%84%90%E1%85%A5-%E1%84%90%E1%85%A1%E1%86%B8-p05063329.html,https://static.zara.net/assets/public/c892/744b/469f4527a408/a48cb8c78d8e/05063329300-000-p/05063329300-000-p.jpg?ts=1774634908226,"₩39,900",,,260622,노랑,,,,
,false,,ZARA,상의,티셔츠,여성,홀터넥 크레이프 탑,https://www.zara.com/kr/ko/%E1%84%92%E1%85%A1%E1%86%B8%E1%84%89%E1%85%A5%E1%86%BC-%E1%84%86%E1%85%A7%E1%86%AB%E1%84%89%E1%85%A9%E1%84%8C%E1%85%A2-%E1%84%92%E1%85%A9%E1%86%AF%E1%84%90%E1%85%A5%E1%84%82%E1%85%A6%E1%86%A8-%E1%84%90%E1%85%A1%E1%86%B8-p03641015.html,https://static.zara.net/assets/public/51fb/0d24/f93f41128ce5/aa26be4673d3/03641015250-p/03641015250-p.jpg?ts=1774971516604,"₩35,900",,,260622,화이트,,,,
,false,,ZARA,상의,셔츠/블라우스,여성,체크 크롭 케이프 탑,https://www.zara.com/kr/ko/%E1%84%8E%E1%85%A6%E1%84%8F%E1%85%B3-%E1%84%8F%E1%85%B3%E1%84%85%E1%85%A9%E1%86%B8-%E1%84%8F%E1%85%A6%E1%84%8B%E1%85%B5%E1%84%91%E1%85%B3-%E1%84%90%E1%85%A1%E1%86%B8-p02171018.html,https://static.zara.net/assets/public/5754/d441/d9a04ce69755/a32145ecaa63/02171018090-p/02171018090-p.jpg?ts=1767009831706,"₩55,900",,,260622,"샌드,블루",,,,
,false,,ZARA,상의,티셔츠,여성,리브드 스트랩 탑,https://www.zara.com/kr/ko/%E1%84%85%E1%85%B5%E1%84%87%E1%85%B3%E1%84%83%E1%85%B3-%E1%84%89%E1%85%B3%E1%84%90%E1%85%B3%E1%84%85%E1%85%A2%E1%86%B8-%E1%84%90%E1%85%A1%E1%86%B8-p04424010.html,https://static.zara.net/assets/public/ebbc/602f/de674dd7bec5/32a3b6bd25dc/04424010800-p/04424010800-p.jpg?ts=1774279793386,"₩21,900",,,260622,블랙,,,,
,false,,ZARA,상의,티셔츠,여성,리브드 스트랩 탑,https://www.zara.com/kr/ko/%E1%84%85%E1%85%B5%E1%84%87%E1%85%B3%E1%84%83%E1%85%B3-%E1%84%89%E1%85%B3%E1%84%90%E1%85%B3%E1%84%85%E1%85%A2%E1%86%B8-%E1%84%90%E1%85%A1%E1%86%B8-p04424010.html,https://static.zara.net/assets/public/a315/6a32/14cb4e83af0f/0f9cea5428da/04424010250-p/04424010250-p.jpg?ts=1774611067981,"₩21,900",,,260622,화이트,,,,
,false,,ZARA,상의,티셔츠,여성,리브드 스트랩 탑,https://www.zara.com/kr/ko/%E1%84%85%E1%85%B5%E1%84%87%E1%85%B3%E1%84%83%E1%85%B3-%E1%84%89%E1%85%B3%E1%84%90%E1%85%B3%E1%84%85%E1%85%A2%E1%86%B8-%E1%84%90%E1%85%A1%E1%86%B8-p04424010.html,https://static.zara.net/assets/public/5d3a/173d/825744d59402/4a11588636b7/04424010528-p/04424010528-p.jpg?ts=1774279793352,"₩21,900",,,260622,다크 올리브,,,,
,false,,ZARA,상의,탑,여성,코르셋 스타일 레이스 탑,https://www.zara.com/kr/ko/%E1%84%8F%E1%85%A9%E1%84%85%E1%85%B3%E1%84%89%E1%85%A6%E1%86%BA-%E1%84%89%E1%85%B3%E1%84%90%E1%85%A1%E1%84%8B%E1%85%B5%E1%86%AF-%E1%84%85%E1%85%A6%E1%84%8B%E1%85%B5%E1%84%89%E1%85%B3-%E1%84%90%E1%85%A1%E1%86%B8-p00347332.html,https://static.zara.net/assets/public/f98a/0729/f1564108acdf/2e65ab0f7222/00347332800-p/00347332800-p.jpg?ts=1778852007933,"₩45,900",,,260622,블랙,,,,
,false,,ZARA,상의,셔츠/블라우스,여성,ZW 컬렉션 레이스 탑,https://www.zara.com/kr/ko/zw-%E1%84%8F%E1%85%A5%E1%86%AF%E1%84%85%E1%85%A6%E1%86%A8%E1%84%89%E1%85%A7%E1%86%AB-%E1%84%85%E1%85%A6%E1%84%8B%E1%85%B5%E1%84%89%E1%85%B3-%E1%84%90%E1%85%A1%E1%86%B8-p01067201.html,https://static.zara.net/assets/public/f485/42d4/cac74ca88c94/617353d2fa16/01067201802-p/01067201802-p.jpg?ts=1778234796566,"₩55,900",,,260622,그레이,,,,
,false,,ZARA,상의,티셔츠,여성,러스틱 슬리브리스 탑,https://www.zara.com/kr/ko/%E1%84%85%E1%85%A5%E1%84%89%E1%85%B3%E1%84%90%E1%85%B5%E1%86%A8-%E1%84%89%E1%85%B3%E1%86%AF%E1%84%85%E1%85%B5%E1%84%87%E1%85%B3%E1%84%85%E1%85%B5%E1%84%89%E1%85%B3-%E1%84%90%E1%85%A1%E1%86%B8-p01165104.html,https://static.zara.net/assets/public/75a0/3b3e/bb5d47d5b1d3/2dc119dfa0bb/01165104807-p/01165104807-p.jpg?ts=1778234835910,"₩35,900",,,260622,콜 그레이,,,,
,false,,ZARA,상의,탑,여성,자수 시퀸 탑,https://www.zara.com/kr/ko/%E1%84%8C%E1%85%A1%E1%84%89%E1%85%AE-%E1%84%89%E1%85%B5%E1%84%8F%E1%85%B1%E1%86%AB-%E1%84%90%E1%85%A1%E1%86%B8-p04813331.html,https://static.zara.net/assets/public/67da/063d/0e3a47f8bf65/b25b1d52b965/04813331250-p/04813331250-p.jpg?ts=1775572248358,"₩49,900",,,260622,화이트,,,,
,false,,ZARA,상의,탑,여성,비즈 레이스 탑,https://www.zara.com/kr/ko/%E1%84%87%E1%85%B5%E1%84%8C%E1%85%B3-%E1%84%85%E1%85%A6%E1%84%8B%E1%85%B5%E1%84%89%E1%85%B3-%E1%84%90%E1%85%A1%E1%86%B8-p04344301.html,https://static.zara.net/assets/public/d408/03fc/9f5a41aab182/4e55aa664444/04344301712-p/04344301712-p.jpg?ts=1775572222804,"₩89,900",,,260622,크림,,,,
,false,,ZARA,상의,셔츠/블라우스,여성,도트 패턴 지오젯 홀터넥 탑,https://www.zara.com/kr/ko/%E1%84%8C%E1%85%A9%E1%84%8C%E1%85%A6%E1%86%BA-%E1%84%92%E1%85%A9%E1%86%AF%E1%84%90%E1%85%A5%E1%84%82%E1%85%A6%E1%86%A8-%E1%84%90%E1%85%A1%E1%86%B8-p04661038.html,https://static.zara.net/assets/public/19a9/470a/d68c4a8db9de/e476297da5f3/04772020064-p/04772020064-p.jpg?ts=1778081986642,"₩45,900",,,260622,"화이트,블랙",,,,
,false,,ZARA,상의,셔츠/블라우스,여성,조젯 홀터넥 탑,https://www.zara.com/kr/ko/%E1%84%8C%E1%85%A9%E1%84%8C%E1%85%A6%E1%86%BA-%E1%84%92%E1%85%A9%E1%86%AF%E1%84%90%E1%85%A5%E1%84%82%E1%85%A6%E1%86%A8-%E1%84%90%E1%85%A1%E1%86%B8-p04661038.html,https://static.zara.net/assets/public/5f15/463e/cac14f44aa68/ce6969bad66b/02503109320-p/02503109320-p.jpg?ts=1778139022574,"₩45,900",,,260622,레몬 옐로우,,,,
,false,,ZARA,상의,탑,여성,드레이프 언밸런스 탑,https://www.zara.com/kr/ko/%E1%84%83%E1%85%B3%E1%84%85%E1%85%A6%E1%84%8B%E1%85%B5%E1%84%91%E1%85%B3-%E1%84%8B%E1%85%A5%E1%86%AB%E1%84%87%E1%85%A2%E1%86%AF%E1%84%85%E1%85%A5%E1%86%AB%E1%84%89%E1%85%B3-%E1%84%90%E1%85%A1%E1%86%B8-p05644024.html,https://static.zara.net/assets/public/548b/8b32/8cd54907afbc/abf01f937725/05644024800-p/05644024800-p.jpg?ts=1776787119371,"₩49,900",,,260622,블랙,,,,
,false,,ZARA,상의,셔츠/블라우스,여성,골든 버튼 페플럼 탑,https://www.zara.com/kr/ko/%E1%84%80%E1%85%A9%E1%86%AF%E1%84%83%E1%85%B3-%E1%84%87%E1%85%A5%E1%84%90%E1%85%B3%E1%86%AB-%E1%84%91%E1%85%A6%E1%84%91%E1%85%B3%E1%86%AF%E1%84%85%E1%85%A5%E1%86%B7-%E1%84%90%E1%85%A1%E1%86%B8-p00387062.html,https://static.zara.net/assets/public/737a/d254/03e043e7bb47/10780375bd66/00387062251-p/00387062251-p.jpg?ts=1777390108267,"₩55,900",,,260622,스크래치 화이트,,,,
,false,,ZARA,기타,WAISTCOAT,여성,Z1975 테일러드 데님 베스트,https://www.zara.com/kr/ko/z1975-%E1%84%90%E1%85%A6%E1%84%8B%E1%85%B5%E1%86%AF%E1%84%85%E1%85%A5%E1%84%83%E1%85%B3-%E1%84%83%E1%85%A6%E1%84%82%E1%85%B5%E1%86%B7-%E1%84%87%E1%85%A6%E1%84%89%E1%85%B3%E1%84%90%E1%85%B3-p06147178.html,https://static.zara.net/assets/public/1c93/837f/c4724e3facd7/220dd97c0767/06147178407-p/06147178407-p.jpg?ts=1771411254043,"₩59,900",,,260622,블루,,,,
,false,,ZARA,상의,셔츠/블라우스,여성,배색 스티치 탑,https://www.zara.com/kr/ko/%E1%84%87%E1%85%A2%E1%84%89%E1%85%A2%E1%86%A8-%E1%84%89%E1%85%B3%E1%84%90%E1%85%B5%E1%84%8E%E1%85%B5-%E1%84%90%E1%85%A1%E1%86%B8-p09140957.html,https://static.zara.net/assets/public/f4a6/b95a/fd784889ba2f/84d817a3606e/09140957251-p/09140957251-p.jpg?ts=1771417945980,"₩55,900",,,260622,스크래치 화이트,,,,
,false,,ZARA,상의,셔츠/블라우스,여성,ZW 컬렉션 도트 홀터넥 탑,https://www.zara.com/kr/ko/zw-%E1%84%8F%E1%85%A5%E1%86%AF%E1%84%85%E1%85%A6%E1%86%A8%E1%84%89%E1%85%A7%E1%86%AB-%E1%84%83%E1%85%A9%E1%84%90%E1%85%B3-%E1%84%92%E1%85%A9%E1%86%AF%E1%84%90%E1%85%A5%E1%84%82%E1%85%A6%E1%86%A8-%E1%84%90%E1%85%A1%E1%86%B8-p02507006.html,https://static.zara.net/assets/public/240e/7a4b/c9d7469aa5d1/b410bedbe173/02507006084-p/02507006084-p.jpg?ts=1780387852856,"₩79,900",,,260622,"블랙,화이트",,,,
,false,,ZARA,상의,셔츠/블라우스,여성,ZW 컬렉션 자수 프린지 탑,https://www.zara.com/kr/ko/zw-%E1%84%8F%E1%85%A5%E1%86%AF%E1%84%85%E1%85%A6%E1%86%A8%E1%84%89%E1%85%A7%E1%86%AB-%E1%84%8C%E1%85%A1%E1%84%89%E1%85%AE-%E1%84%91%E1%85%B3%E1%84%85%E1%85%B5%E1%86%AB%E1%84%8C%E1%85%B5-%E1%84%90%E1%85%A1%E1%86%B8-p06895093.html,https://static.zara.net/assets/public/d7bd/c3bb/eec84f63a5a2/efa46fe925b0/06895093800-p/06895093800-p.jpg?ts=1780387869391,"₩99,900",,,260622,블랙,,,,
,false,,ZARA,상의,티셔츠,여성,수피마 프릴 탑,https://www.zara.com/kr/ko/%E1%84%89%E1%85%AE%E1%84%91%E1%85%B5%E1%84%86%E1%85%A1-%E1%84%91%E1%85%B3%E1%84%85%E1%85%B5%E1%86%AF-%E1%84%90%E1%85%A1%E1%86%B8-p03641019.html,https://static.zara.net/assets/public/00d9/62bb/a5e643a09f7d/1f76d93cf171/T9636550737-p/T9636550737-p.jpg?ts=1777039773174,"₩39,900",,,260622,화이트,,,,
,false,,ZARA,상의,셔츠/블라우스,여성,ZW 컬렉션 란제리 레이스 탑,https://www.zara.com/kr/ko/zw-%E1%84%8F%E1%85%A5%E1%86%AF%E1%84%85%E1%85%A6%E1%86%A8%E1%84%89%E1%85%A7%E1%86%AB-%E1%84%85%E1%85%A6%E1%84%8B%E1%85%B5%E1%84%89%E1%85%B3-%E1%84%85%E1%85%A1%E1%86%AB%E1%84%8C%E1%85%A6%E1%84%85%E1%85%B5-%E1%84%90%E1%85%A1%E1%86%B8-p05107058.html,https://static.zara.net/assets/public/9f7f/44ae/3bad44398d0d/e877a9b3dab4/05107058511-p/05107058511-p.jpg?ts=1776076180380,"₩79,900",,,260622,피스타초,,,,
,false,,ZARA,상의,셔츠/블라우스,여성,ZW 컬렉션 자수 캐미솔 탑,https://www.zara.com/kr/ko/zw-%E1%84%8F%E1%85%A5%E1%86%AF%E1%84%85%E1%85%A6%E1%86%A8%E1%84%89%E1%85%A7%E1%86%AB-%E1%84%8C%E1%85%A1%E1%84%89%E1%85%AE-%E1%84%8F%E1%85%A2%E1%84%86%E1%85%B5%E1%84%89%E1%85%A9%E1%86%AF-%E1%84%90%E1%85%A1%E1%86%B8-p05107048.html,https://static.zara.net/assets/public/1150/e6bd/64984b668bc6/3ca9cfb82e9f/05107048064-p/05107048064-p.jpg?ts=1776076179688,"₩89,900",,,260622,"화이트,블랙",,,,
,false,,ZARA,상의,니트,여성,헬로키티 프렌즈 폴로 스웨터,https://www.zara.com/kr/ko/kitty-and-friends-sanrio-gmbh---%E1%84%91%E1%85%A9%E1%86%AF%E1%84%85%E1%85%A9-%E1%84%82%E1%85%B5%E1%84%90%E1%85%B3-p05755038.html,https://static.zara.net/assets/public/4707/e5f2/cc714bc089e3/8f99ff7548b8/05755038620-p/05755038620-p.jpg?ts=1771928448622,"₩55,900",,,260622,로즈핑크,,,,
,false,,ZARA,상의,셔츠/블라우스,여성,자수 허니콤 벌룬 탑,https://www.zara.com/kr/ko/%E1%84%8C%E1%85%A1%E1%84%89%E1%85%AE-%E1%84%92%E1%85%A5%E1%84%82%E1%85%B5%E1%84%8F%E1%85%A9%E1%86%B7-%E1%84%87%E1%85%A5%E1%86%AF%E1%84%85%E1%85%AE%E1%86%AB-%E1%84%90%E1%85%A1%E1%86%B8-p01008023.html,https://static.zara.net/assets/public/3c8d/941d/a5834419abba/b157586a86e8/01008023731-p/01008023731-p.jpg?ts=1774430836285,"₩55,900",,,260622,다크 베이지,,,,
,false,,ZARA,상의,셔츠/블라우스,여성,도트 패턴 크롭 탑,https://www.zara.com/kr/ko/%E1%84%83%E1%85%A9%E1%84%90%E1%85%B3-%E1%84%91%E1%85%A2%E1%84%90%E1%85%A5%E1%86%AB-%E1%84%8F%E1%85%B3%E1%84%85%E1%85%A9%E1%86%B8-%E1%84%90%E1%85%A1%E1%86%B8-p02684423.html,https://static.zara.net/assets/public/29e6/7079/079c4976adf3/a9193b3fb66b/02684423067-p/02684423067-p.jpg?ts=1772618852914,"₩45,900",,,260622,"크림,레드",,,,
,false,,ZARA,상의,탑,여성,프릴 니트 탑,https://www.zara.com/kr/ko/%E1%84%85%E1%85%A5%E1%84%91%E1%85%B3%E1%86%AF-%E1%84%82%E1%85%B5%E1%84%90%E1%85%B3-%E1%84%90%E1%85%A1%E1%86%B8-p03920212.html,https://static.zara.net/assets/public/96ed/24e1/8adc4b9ab474/2fce64b57465/03920212800-a3/03920212800-a3.jpg?ts=1772618853206,"₩49,900",,,260622,블랙,,,,
,false,,ZARA,상의,탑,여성,벌룬 슬리브 탑,https://www.zara.com/kr/ko/%E1%84%87%E1%85%A5%E1%86%AF%E1%84%85%E1%85%AE%E1%86%AB-%E1%84%89%E1%85%B3%E1%86%AF%E1%84%85%E1%85%B5%E1%84%87%E1%85%B3-%E1%84%90%E1%85%A1%E1%86%B8-p05039203.html,https://static.zara.net/assets/public/025a/8b15/431146c5a2ae/d0d88219bfd9/05039203712-ult/05039203712-ult.jpg?ts=1778077708442,"₩45,900",,,260622,크림,,,,
,false,,ZARA,상의,티셔츠,여성,러스틱 슬리브리스 티셔츠,https://www.zara.com/kr/ko/%E1%84%85%E1%85%A5%E1%84%89%E1%85%B3%E1%84%90%E1%85%B5%E1%86%A8-%E1%84%89%E1%85%B3%E1%86%AF%E1%84%85%E1%85%B5%E1%84%87%E1%85%B3%E1%84%85%E1%85%B5%E1%84%89%E1%85%B3-%E1%84%90%E1%85%B5%E1%84%89%E1%85%A7%E1%84%8E%E1%85%B3-p04174046.html,https://static.zara.net/assets/public/fa71/df83/34b348ea95d5/a8f161730117/04174046718-p/04174046718-p.jpg?ts=1775065426074,"₩21,900",,,260622,"샌드,브라운",,,,
,false,,ZARA,상의,티셔츠,여성,보트넥 탑,https://www.zara.com/kr/ko/%E1%84%87%E1%85%A9%E1%84%90%E1%85%B3%E1%84%82%E1%85%A6%E1%86%A8-%E1%84%90%E1%85%A1%E1%86%B8-p03641301.html,https://static.zara.net/assets/public/2ae9/4e05/4e694c07805e/579452ba366a/03641301250-p/03641301250-p.jpg?ts=1775065424448,"₩21,900",,,260622,화이트,,,,
,false,,ZARA,상의,탑,여성,100% 레더 미니 탑,https://www.zara.com/kr/ko/100-%E1%84%85%E1%85%A6%E1%84%83%E1%85%A5-%E1%84%86%E1%85%B5%E1%84%82%E1%85%B5-%E1%84%90%E1%85%A1%E1%86%B8-p01758120.html,https://static.zara.net/assets/public/1ccd/fa9b/da704631baf3/16b9c9b592e0/01758120971-p/01758120971-p.jpg?ts=1768405999698,"₩109,900",,,260622,석류색,,,,
,false,,ZARA,상의,탑,여성,자수 레이스 니트 탑,https://www.zara.com/kr/ko/%E1%84%8C%E1%85%A1%E1%84%89%E1%85%AE-%E1%84%85%E1%85%A6%E1%84%8B%E1%85%B5%E1%84%89%E1%85%B3-%E1%84%82%E1%85%B5%E1%84%90%E1%85%B3-%E1%84%90%E1%85%A1%E1%86%B8-p01758632.html,https://static.zara.net/assets/public/cfc9/7397/79e94c368207/ba0e922a265d/01758632712-p/01758632712-p.jpg?ts=1768406004297,"₩79,900",,,260622,크림,,,,
,false,,ZARA,상의,탑,여성,레이스 롱 슬리브 탑,https://www.zara.com/kr/ko/%E1%84%85%E1%85%A6%E1%84%8B%E1%85%B5%E1%84%89%E1%85%B3-%E1%84%85%E1%85%A9%E1%86%BC-%E1%84%89%E1%85%B3%E1%86%AF%E1%84%85%E1%85%B5%E1%84%87%E1%85%B3-%E1%84%90%E1%85%A1%E1%86%B8-p06050304.html,https://static.zara.net/assets/public/8009/6fd5/9dc84755a09f/df5628fdd780/06050304800-p/06050304800-p.jpg?ts=1769708946470,"₩39,900",,,260622,블랙,,,,
,false,,ZARA,상의,티셔츠,여성,폴리아미드 드레이프 탑,https://www.zara.com/kr/ko/%E1%84%91%E1%85%A9%E1%86%AF%E1%84%85%E1%85%B5%E1%84%8B%E1%85%A1%E1%84%86%E1%85%B5%E1%84%83%E1%85%B3-%E1%84%83%E1%85%B3%E1%84%85%E1%85%A6%E1%84%8B%E1%85%B5%E1%84%91%E1%85%B3-%E1%84%90%E1%85%A1%E1%86%B8-p05039305.html,https://static.zara.net/assets/public/eaed/74ce/de724ebf9a5e/ff0d233ddb32/05039305800-p/05039305800-p.jpg?ts=1771581401655,"₩45,900",,,260622,블랙,,,,
,false,,ZARA,상의,티셔츠,여성,슬리브리스 티셔츠,https://www.zara.com/kr/ko/%E1%84%89%E1%85%B3%E1%86%AF%E1%84%85%E1%85%B5%E1%84%87%E1%85%B3%E1%84%85%E1%85%B5%E1%84%89%E1%85%B3-%E1%84%90%E1%85%B5%E1%84%89%E1%85%A7%E1%84%8E%E1%85%B3-p02335150.html,https://static.zara.net/assets/public/a3d9/7414/ebb34cba9eca/245ff686e887/02335150676-p/02335150676-p.jpg?ts=1773826956005,"₩21,900",,,260622,로즈 가루,,,,
,false,,ZARA,상의,셔츠/블라우스,여성,플루이드 탱크 탑,https://www.zara.com/kr/ko/%E1%84%91%E1%85%B3%E1%86%AF%E1%84%85%E1%85%AE%E1%84%8B%E1%85%B5%E1%84%83%E1%85%B3-%E1%84%90%E1%85%A2%E1%86%BC%E1%84%8F%E1%85%B3-%E1%84%90%E1%85%A1%E1%86%B8-p00881030.html,https://static.zara.net/assets/public/fa34/4ad7/4e8c46b5baed/50ba711ac5f5/00881030400-p/00881030400-p.jpg?ts=1776167765904,"₩55,900",,,260622,블루,,,,
,false,,ZARA,상의,셔츠/블라우스,여성,플루이드 탱크 탑,https://www.zara.com/kr/ko/%E1%84%91%E1%85%B3%E1%86%AF%E1%84%85%E1%85%AE%E1%84%8B%E1%85%B5%E1%84%83%E1%85%B3-%E1%84%90%E1%85%A2%E1%86%BC%E1%84%8F%E1%85%B3-%E1%84%90%E1%85%A1%E1%86%B8-p00881030.html,https://static.zara.net/assets/public/0bbc/cc8d/0d264a9a85e8/17bc82e3dc56/00881030700-p/00881030700-p.jpg?ts=1776167765999,"₩55,900",,,260622,브라운,,,,
,false,,ZARA,상의,탑,여성,언밸런스 스트라이프 니트 탑 - THE ITEM ZARA WOMAN,https://www.zara.com/kr/ko/%E1%84%8B%E1%85%A5%E1%86%AB%E1%84%87%E1%85%A2%E1%86%AF%E1%84%85%E1%85%A5%E1%86%AB%E1%84%89%E1%85%B3-%E1%84%89%E1%85%B3%E1%84%90%E1%85%B3%E1%84%85%E1%85%A1%E1%84%8B%E1%85%B5%E1%84%91%E1%85%B3-%E1%84%82%E1%85%B5%E1%84%90%E1%85%B3-%E1%84%90%E1%85%A1%E1%86%B8---the-item-zara-woman-p02142214.html,https://static.zara.net/assets/public/5176/7258/e1324cdea33c/728be60f3c8e/02142214061-p/02142214061-p.jpg?ts=1770981415724,"₩89,900",,,260622,"화이트,레드",,,,
,false,,ZARA,상의,탑,여성,버튼 니트 탑,https://www.zara.com/kr/ko/%E1%84%87%E1%85%A5%E1%84%90%E1%85%B3%E1%86%AB-%E1%84%82%E1%85%B5%E1%84%90%E1%85%B3-%E1%84%90%E1%85%A1%E1%86%B8-p08779122.html,https://static.zara.net/assets/public/5ca7/0f43/f60140b2a985/8c0aef120b08/08779122802-p/08779122802-p.jpg?ts=1775062010130,"₩55,900",,,260622,그레이,,,,
,false,,ZARA,상의,셔츠/블라우스,여성,ZW 컬렉션 언밸런스 탑,https://www.zara.com/kr/ko/zw-%E1%84%8F%E1%85%A5%E1%86%AF%E1%84%85%E1%85%A6%E1%86%A8%E1%84%89%E1%85%A7%E1%86%AB-%E1%84%8B%E1%85%A5%E1%86%AB%E1%84%87%E1%85%A2%E1%86%AF%E1%84%85%E1%85%A5%E1%86%AB%E1%84%89%E1%85%B3-%E1%84%90%E1%85%A1%E1%86%B8-p04437004.html,https://static.zara.net/assets/public/c14f/696f/bce44136880f/a57217a595fd/04437004251-1-p/04437004251-1-p.jpg?ts=1770737890614,"₩79,900",,,260622,스크래치 화이트,,,,
,false,,ZARA,상의,셔츠/블라우스,여성,ZW 컬렉션 체크 탑,https://www.zara.com/kr/ko/zw-%E1%84%8F%E1%85%A5%E1%86%AF%E1%84%85%E1%85%A6%E1%86%A8%E1%84%89%E1%85%A7%E1%86%AB-%E1%84%8E%E1%85%A6%E1%84%8F%E1%85%B3-%E1%84%90%E1%85%A1%E1%86%B8-p01089878.html,https://static.zara.net/assets/public/abf4/0362/412544518164/cebfba357604/01089878710-p/01089878710-p.jpg?ts=1770737897913,"₩99,900",,,260622,베이지,,,,
,false,,ZARA,상의,탑,여성,숄더 패드 니트 탑,https://www.zara.com/kr/ko/%E1%84%89%E1%85%AD%E1%86%AF%E1%84%83%E1%85%A5-%E1%84%91%E1%85%A2%E1%84%83%E1%85%B3-%E1%84%82%E1%85%B5%E1%84%90%E1%85%B3-%E1%84%90%E1%85%A1%E1%86%B8-p01822003.html,https://static.zara.net/assets/public/4452/f891/c2e14402b207/91d04ec087d4/01822003600-p/01822003600-p.jpg?ts=1769080719448,"₩57,900",,,260622,레드,,,,
,false,,ZARA,상의,셔츠/블라우스,여성,벌룬 슬리브 탑,https://www.zara.com/kr/ko/%E1%84%87%E1%85%A5%E1%86%AF%E1%84%85%E1%85%AE%E1%86%AB-%E1%84%89%E1%85%B3%E1%86%AF%E1%84%85%E1%85%B5%E1%84%87%E1%85%B3-%E1%84%90%E1%85%A1%E1%86%B8-p02033848.html,https://static.zara.net/assets/public/1d66/7439/d94e4b1d90ca/63bc02252d48/02033848719-p/02033848719-p.jpg?ts=1769080718868,"₩55,900",,,260622,비고레 브라운,,,,
,false,,ZARA,상의,셔츠/블라우스,여성,비즈 프린트 홀터 탑,https://www.zara.com/kr/ko/%E1%84%87%E1%85%B5%E1%84%8C%E1%85%B3-%E1%84%91%E1%85%B3%E1%84%85%E1%85%B5%E1%86%AB%E1%84%90%E1%85%B3-%E1%84%92%E1%85%A9%E1%86%AF%E1%84%90%E1%85%A5%E1%84%82%E1%85%A6%E1%86%A8-%E1%84%90%E1%85%A1%E1%86%B8-p02854350.html,https://static.zara.net/assets/public/f307/13c9/66f34d5aba3c/9d33cd3c529f/02854350118-p/02854350118-p.jpg?ts=1779374777792,"₩49,900",,,260622,118,,,,
,false,,ZARA,상의,셔츠/블라우스,여성,하운드투스 언밸런스 레이스 탑,https://www.zara.com/kr/ko/%E1%84%92%E1%85%A1%E1%84%8B%E1%85%AE%E1%86%AB%E1%84%83%E1%85%B3%E1%84%90%E1%85%AE%E1%84%89%E1%85%B3-%E1%84%8B%E1%85%A5%E1%86%AB%E1%84%87%E1%85%A2%E1%86%AF%E1%84%85%E1%85%A5%E1%86%AB%E1%84%89%E1%85%B3-%E1%84%85%E1%85%A6%E1%84%8B%E1%85%B5%E1%84%89%E1%85%B3-%E1%84%90%E1%85%A1%E1%86%B8-p02166681.html,https://static.zara.net/assets/public/0173/a355/68d543bc95fe/442db63f2ac4/02166681093-p/02166681093-p.jpg?ts=1769177015386,"₩55,900",,,260622,"블랙,크림",,,,
,false,,ZARA,상의,셔츠/블라우스,여성,언밸런스 밑단 탑,https://www.zara.com/kr/ko/%E1%84%8B%E1%85%A5%E1%86%AB%E1%84%87%E1%85%A2%E1%86%AF%E1%84%85%E1%85%A5%E1%86%AB%E1%84%89%E1%85%B3-%E1%84%86%E1%85%B5%E1%87%80%E1%84%83%E1%85%A1%E1%86%AB-%E1%84%90%E1%85%A1%E1%86%B8-p02108572.html,https://static.zara.net/assets/public/1e44/b34b/b40941b8ae60/02e3e21e2b37/02108572700-p/02108572700-p.jpg?ts=1769177005390,"₩49,900",,,260622,브라운,,,,
,false,,ZARA,상의,탑,여성,쇼트 슬리브 소프트 터치 니트 스웨터,https://www.zara.com/kr/ko/%E1%84%89%E1%85%AD%E1%84%90%E1%85%B3-%E1%84%89%E1%85%B3%E1%86%AF%E1%84%85%E1%85%B5%E1%84%87%E1%85%B3-%E1%84%89%E1%85%A9%E1%84%91%E1%85%B3%E1%84%90%E1%85%B3-%E1%84%90%E1%85%A5%E1%84%8E%E1%85%B5-%E1%84%82%E1%85%B5%E1%84%90%E1%85%B3-%E1%84%89%E1%85%B3%E1%84%8B%E1%85%B0%E1%84%90%E1%85%A5-p05755130.html,https://static.zara.net/assets/public/8b4c/ee93/178446c18b45/80f910d6b388/05755130406-p/05755130406-p.jpg?ts=1768566702791,"₩49,900",,,260622,라이트 블루,,,,
,false,,ZARA,상의,탑,여성,스트랩 콤비 코르셋,https://www.zara.com/kr/ko/%E1%84%89%E1%85%B3%E1%84%90%E1%85%B3%E1%84%85%E1%85%A2%E1%86%B8-%E1%84%8F%E1%85%A9%E1%86%B7%E1%84%87%E1%85%B5-%E1%84%8F%E1%85%A9%E1%84%85%E1%85%B3%E1%84%89%E1%85%A6%E1%86%BA-p01067012.html,https://static.zara.net/assets/public/a467/d09c/79e34ca99329/a681f64402b5/01067012942-p/01067012942-p.jpg?ts=1773398838889,"₩55,900",,,260622,베이지 핑크,,,,
,false,,ZARA,상의,탑,여성,골지 반소매 니트 탑,https://www.zara.com/kr/ko/%E1%84%80%E1%85%A9%E1%86%AF%E1%84%8C%E1%85%B5-%E1%84%87%E1%85%A1%E1%86%AB%E1%84%89%E1%85%A9%E1%84%86%E1%85%A2-%E1%84%82%E1%85%B5%E1%84%90%E1%85%B3-%E1%84%90%E1%85%A1%E1%86%B8-p03471002.html,https://static.zara.net/assets/public/e375/d3c2/28d14fbe8709/4235b8af90e7/03471002250-p/03471002250-p.jpg?ts=1773075964320,"₩35,900",,,260622,화이트,,,,
,false,,ZARA,상의,티셔츠,여성,슬리브리스 스티치 탑,https://www.zara.com/kr/ko/%E1%84%89%E1%85%B3%E1%86%AF%E1%84%85%E1%85%B5%E1%84%87%E1%85%B3%E1%84%85%E1%85%B5%E1%84%89%E1%85%B3-%E1%84%90%E1%85%A1%E1%86%B8-%E1%84%89%E1%85%B3%E1%84%90%E1%85%B5%E1%84%8E%E1%85%B5-p03641399.html,https://static.zara.net/assets/public/89b9/b017/210043468234/92084fb88acd/03641399803-p/03641399803-p.jpg?ts=1776412654779,"₩21,900",,,260622,그레이,,,,
,false,,ZARA,상의,탑,여성,텍스처 오프숄더 탑,https://www.zara.com/kr/ko/%E1%84%90%E1%85%A6%E1%86%A8%E1%84%89%E1%85%B3%E1%84%8E%E1%85%A5-%E1%84%8B%E1%85%A9%E1%84%91%E1%85%B3-%E1%84%89%E1%85%AD%E1%86%AF%E1%84%83%E1%85%A5-%E1%84%90%E1%85%A1%E1%86%B8-p05039397.html,https://static.zara.net/assets/public/2db0/8d25/ca71432bb6a6/8c861cab9180/05039397406-p/05039397406-p.jpg?ts=1775060207631,"₩21,900",,,260622,라이트 블루,,,,
,false,,ZARA,상의,셔츠/블라우스,여성,벌룬 포플린 탑,https://www.zara.com/kr/ko/%E1%84%87%E1%85%A5%E1%86%AF%E1%84%85%E1%85%AE%E1%86%AB-%E1%84%91%E1%85%A9%E1%84%91%E1%85%B3%E1%86%AF%E1%84%85%E1%85%B5%E1%86%AB-%E1%84%90%E1%85%A1%E1%86%B8-p05029069.html,https://static.zara.net/assets/public/4691/c009/4bd84a3aa37f/91a14da90dde/05029069704-p/05029069704-p.jpg?ts=1770811046822,"₩49,900",,,260622,샌드,,,,
,false,,ZARA,상의,셔츠/블라우스,여성,리본 새틴 탑,https://www.zara.com/kr/ko/%E1%84%85%E1%85%B5%E1%84%87%E1%85%A9%E1%86%AB-%E1%84%89%E1%85%A2%E1%84%90%E1%85%B5%E1%86%AB-%E1%84%90%E1%85%A1%E1%86%B8-p07484078.html,https://static.zara.net/assets/public/8f62/d000/55224957b048/0b9b8550bef2/07484078511-p/07484078511-p.jpg?ts=1770811061114,"₩49,900",,,260622,피스타초,,,,
,false,,ZARA,상의,셔츠/블라우스,여성,ZW 컬렉션 레이스 새틴 보디수트,https://www.zara.com/kr/ko/zw-%E1%84%8F%E1%85%A5%E1%86%AF%E1%84%85%E1%85%A6%E1%86%A8%E1%84%89%E1%85%A7%E1%86%AB-%E1%84%85%E1%85%A6%E1%84%8B%E1%85%B5%E1%84%89%E1%85%B3-%E1%84%89%E1%85%A2%E1%84%90%E1%85%B5%E1%86%AB-%E1%84%87%E1%85%A9%E1%84%83%E1%85%B5%E1%84%89%E1%85%AE%E1%84%90%E1%85%B3-p01500201.html,https://static.zara.net/assets/public/171d/c187/5dc54dab90e0/296e69e6825d/01500201251-p/01500201251-p.jpg?ts=1771252329433,"₩89,900",,,260622,스크래치 화이트,,,,
,false,,ZARA,상의,셔츠/블라우스,여성,Z1975 데님 스트랩 탑,https://www.zara.com/kr/ko/z1975-%E1%84%83%E1%85%A6%E1%84%82%E1%85%B5%E1%86%B7-%E1%84%89%E1%85%B3%E1%84%90%E1%85%B3%E1%84%85%E1%85%A2%E1%86%B8-%E1%84%90%E1%85%A1%E1%86%B8-p07147028.html,https://static.zara.net/assets/public/5799/fba4/a9b54679b0bc/bd9b68bc23c7/07147028743-p/07147028743-p.jpg?ts=1774255425819,"₩49,900",,,260622,라이트 카멜,,,,
,false,,ZARA,상의,셔츠/블라우스,여성,기퓌르 토글 버튼 탑,https://www.zara.com/kr/ko/%E1%84%80%E1%85%B5%E1%84%91%E1%85%B1%E1%84%85%E1%85%B3-%E1%84%90%E1%85%A9%E1%84%80%E1%85%B3%E1%86%AF-%E1%84%87%E1%85%A5%E1%84%90%E1%85%B3%E1%86%AB-%E1%84%90%E1%85%A1%E1%86%B8-p02501523.html,https://static.zara.net/assets/public/bb25/0ed4/58114cfb895e/2d8f0606b278/02501523250-p/02501523250-p.jpg?ts=1774255419659,"₩55,900",,,260622,화이트,,,,
,false,,ZARA,상의,티셔츠,여성,펀칭 자수 크롭 탑,https://www.zara.com/kr/ko/%E1%84%91%E1%85%A5%E1%86%AB%E1%84%8E%E1%85%B5%E1%86%BC-%E1%84%8C%E1%85%A1%E1%84%89%E1%85%AE-%E1%84%8F%E1%85%B3%E1%84%85%E1%85%A9%E1%86%B8-%E1%84%90%E1%85%A1%E1%86%B8-p01067145.html,https://static.zara.net/assets/public/4d02/516f/240443bcbd0d/59056c209632/01067145250-a5/01067145250-a5.jpg?ts=1776843565088,"₩49,900",,,260622,화이트,,,,
,false,,ZARA,상의,탑,여성,프릴 홀터넥 탑,https://www.zara.com/kr/ko/%E1%84%91%E1%85%B3%E1%84%85%E1%85%B5%E1%86%AF-%E1%84%92%E1%85%A9%E1%86%AF%E1%84%90%E1%85%A5%E1%84%82%E1%85%A6%E1%86%A8-%E1%84%90%E1%85%A1%E1%86%B8-p01067140.html,https://static.zara.net/assets/public/5d68/77fc/6aef4699937e/4fb33734df05/01067140250-p/01067140250-p.jpg?ts=1776843557747,"₩49,900",,,260622,화이트,,,,
,false,,ZARA,상의,셔츠/블라우스,여성,린넨 벌룬 슬리브 탑,https://www.zara.com/kr/ko/%E1%84%85%E1%85%B5%E1%84%82%E1%85%A6%E1%86%AB-%E1%84%87%E1%85%A5%E1%86%AF%E1%84%85%E1%85%AE%E1%86%AB-%E1%84%89%E1%85%B3%E1%86%AF%E1%84%85%E1%85%B5%E1%84%87%E1%85%B3-%E1%84%90%E1%85%A1%E1%86%B8-p02616801.html,https://static.zara.net/assets/public/8e33/c4f9/27b6434eb24c/2f50187de67f/02616801519-p/02616801519-p.jpg?ts=1772806147807,"₩55,900",,,260622,워싱 그린,,,,
,false,,ZARA,상의,탑,여성,시스루 니트 탑,https://www.zara.com/kr/ko/%E1%84%89%E1%85%B5%E1%84%89%E1%85%B3%E1%84%85%E1%85%AE-%E1%84%82%E1%85%B5%E1%84%90%E1%85%B3-%E1%84%90%E1%85%A1%E1%86%B8-p02142051.html,https://static.zara.net/assets/public/41b8/35be/9b8d48e48b55/42a1966d3c74/02142051250-a1/02142051250-a1.jpg?ts=1769431494904,"₩45,900",,,260622,화이트,,,,
,false,,ZARA,상의,셔츠/블라우스,여성,ZW 컬렉션 드레이프 도트 탑,https://www.zara.com/kr/ko/zw-%E1%84%8F%E1%85%A5%E1%86%AF%E1%84%85%E1%85%A6%E1%86%A8%E1%84%89%E1%85%A7%E1%86%AB-%E1%84%83%E1%85%B3%E1%84%85%E1%85%A6%E1%84%8B%E1%85%B5%E1%84%91%E1%85%B3-%E1%84%83%E1%85%A9%E1%84%90%E1%85%B3-%E1%84%90%E1%85%A1%E1%86%B8-p06103004.html,https://static.zara.net/assets/public/5cf5/1789/c5d14ae4b6bb/67de668d0319/06103004087-p/06103004087-p.jpg?ts=1776788190880,"₩89,900",,,260622,"브라운,크림",,,,
,false,,ZARA,상의,셔츠/블라우스,여성,ZW 컬렉션 시퀸 스트랩 탑,https://www.zara.com/kr/ko/zw-%E1%84%8F%E1%85%A5%E1%86%AF%E1%84%85%E1%85%A6%E1%86%A8%E1%84%89%E1%85%A7%E1%86%AB-%E1%84%89%E1%85%B5%E1%84%8F%E1%85%B1%E1%86%AB-%E1%84%89%E1%85%B3%E1%84%90%E1%85%B3%E1%84%85%E1%85%A2%E1%86%B8-%E1%84%90%E1%85%A1%E1%86%B8-p01758153.html,https://static.zara.net/assets/public/474c/74c7/84f740c0952e/fa439f15caa8/01758153836-p/01758153836-p.jpg?ts=1776787841238,"₩89,900",,,260622,다크 은색,,,,
,false,,ZARA,상의,티셔츠,여성,JRSY CRSSD 16,https://www.zara.com/kr/ko/jrsy-crssd-16-p06085902.html,https://static.zara.net/assets/public/7e15/6e33/906d4fe2a0d7/d054069b0993/06085902446-60-p/06085902446-60-p.jpg?ts=1781534381857,"₩59,900",,,260622,일렉트릭 블루,,,,
,false,,ZARA,상의,셔츠/블라우스,여성,DRP VST 16,https://www.zara.com/kr/ko/drp-vst-16-p08110232.html,https://static.zara.net/assets/public/dc61/f9e8/0e174f0588a8/fa40c1f79441/08110232620-60-a1/08110232620-60-a1.jpg?ts=1781534381549,"₩109,900",,,260622,로즈핑크,,,,
,false,,ZARA,상의,티셔츠,여성,코튼-린넨 케이프 티셔츠,https://www.zara.com/kr/ko/%E1%84%8F%E1%85%A9%E1%84%90%E1%85%B3%E1%86%AB-%E1%84%85%E1%85%B5%E1%86%AB%E1%84%82%E1%85%A6%E1%86%AB-%E1%84%8F%E1%85%A6%E1%84%8B%E1%85%B5%E1%84%91%E1%85%B3-%E1%84%90%E1%85%B5%E1%84%89%E1%85%A7%E1%84%8E%E1%85%B3-p04174223.html,https://static.zara.net/assets/public/b877/bc43/114743e194b6/ffe8e82c27e9/04174223614-p/04174223614-p.jpg?ts=1776859666946,"₩39,900",,,260622,번 오렌지,,,,
,false,,ZARA,상의,티셔츠,여성,코튼-린넨 케이프 티셔츠,https://www.zara.com/kr/ko/%E1%84%8F%E1%85%A9%E1%84%90%E1%85%B3%E1%86%AB-%E1%84%85%E1%85%B5%E1%86%AB%E1%84%82%E1%85%A6%E1%86%AB-%E1%84%8F%E1%85%A6%E1%84%8B%E1%85%B5%E1%84%91%E1%85%B3-%E1%84%90%E1%85%B5%E1%84%89%E1%85%A7%E1%84%8E%E1%85%B3-p04174223.html,https://static.zara.net/assets/public/bd2c/d4a0/622f46c5941b/077b5a969b02/04174223700-p/04174223700-p.jpg?ts=1776860087073,"₩39,900",,,260622,브라운,,,,
,false,,ZARA,상의,탑,여성,스트라이프 텍스처 슬리브리스 탑,https://www.zara.com/kr/ko/%E1%84%90%E1%85%A6%E1%86%A8%E1%84%89%E1%85%B3%E1%84%8E%E1%85%A5-%E1%84%89%E1%85%B3%E1%84%90%E1%85%B3%E1%84%85%E1%85%A1%E1%84%8B%E1%85%B5%E1%84%91%E1%85%B3-%E1%84%89%E1%85%B3%E1%86%AF%E1%84%85%E1%85%B5%E1%84%87%E1%85%B3%E1%84%85%E1%85%B5%E1%84%89%E1%85%B3-%E1%84%90%E1%85%A1%E1%86%B8-p08779155.html,https://static.zara.net/assets/public/76f0/4759/1d154761b32d/91ec50393a29/08779155178-p/08779155178-p.jpg?ts=1770832585169,"₩45,900",,,260622,Brown Stripes,,,,
,false,,ZARA,상의,셔츠/블라우스,여성,스트라이프 허니콤 탑,https://www.zara.com/kr/ko/%E1%84%89%E1%85%B3%E1%84%90%E1%85%B3%E1%84%85%E1%85%A1%E1%84%8B%E1%85%B5%E1%84%91%E1%85%B3-%E1%84%92%E1%85%A5%E1%84%82%E1%85%B5%E1%84%8F%E1%85%A9%E1%86%B7-%E1%84%90%E1%85%A1%E1%86%B8-p01821021.html,https://static.zara.net/assets/public/977c/1103/d94644558618/abaf201c81a6/01821021104-p/01821021104-p.jpg?ts=1776424231098,"₩55,900",,,260622,스트라이프,,,,
,false,,ZARA,상의,셔츠/블라우스,여성,허니콤 체크 탑,https://www.zara.com/kr/ko/%E1%84%8E%E1%85%A6%E1%84%8F%E1%85%B3-%E1%84%92%E1%85%A5%E1%84%82%E1%85%B5%E1%84%8F%E1%85%A9%E1%86%B7-%E1%84%90%E1%85%A1%E1%86%B8-p08741062.html,https://static.zara.net/assets/public/a0f0/c52d/e9ec4e908247/126641990238/08741062044-p/08741062044-p.jpg?ts=1776424244178,"₩57,900",,,260622,"블루 ,화이트",,,,
,false,,ZARA,상의,셔츠/블라우스,여성,피코 레이스 탑,https://www.zara.com/kr/ko/%E1%84%85%E1%85%A6%E1%84%8B%E1%85%B5%E1%84%89%E1%85%B3-%E1%84%91%E1%85%B5%E1%84%8F%E1%85%A9-%E1%84%90%E1%85%A1%E1%86%B8-p07484095.html,https://static.zara.net/assets/public/9b88/aff2/d77e49e09a7c/8836ebc385d5/07484095250-p/07484095250-p.jpg?ts=1779202399365,"₩45,900",,,260622,화이트,,,,
,false,,ZARA,상의,탑,여성,스트라이프 리본 니트 탑,https://www.zara.com/kr/ko/%E1%84%85%E1%85%B5%E1%84%87%E1%85%A9%E1%86%AB-%E1%84%89%E1%85%B3%E1%84%90%E1%85%B3%E1%84%85%E1%85%A1%E1%84%8B%E1%85%B5%E1%84%91%E1%85%B3-%E1%84%82%E1%85%B5%E1%84%90%E1%85%B3-%E1%84%90%E1%85%A1%E1%86%B8-p03581007.html,https://static.zara.net/assets/public/8f4e/60a9/260044289ce8/8569f48e5ac2/03581007064-p/03581007064-p.jpg?ts=1779969900931,"₩45,900",,,260622,"화이트,블랙",,,,
,false,,ZARA,상의,탑,여성,새틴 레이스 캐미솔 탑,https://www.zara.com/kr/ko/%E1%84%89%E1%85%A2%E1%84%90%E1%85%B5%E1%86%AB-%E1%84%85%E1%85%A6%E1%84%8B%E1%85%B5%E1%84%89%E1%85%B3-%E1%84%8F%E1%85%A2%E1%84%86%E1%85%B5%E1%84%89%E1%85%A9%E1%86%AF-%E1%84%90%E1%85%A1%E1%86%B8-p05919125.html,https://static.zara.net/assets/public/7e07/cf74/f03c4ba59e65/d195980eaad7/05919125712-p/05919125712-p.jpg?ts=1774003349142,"₩79,900",,,260622,크림,,,,
,false,,ZARA,상의,탑,여성,코르셋 스트레치 글리터 탑,https://www.zara.com/kr/ko/%E1%84%8F%E1%85%A9%E1%84%85%E1%85%B3%E1%84%89%E1%85%A6%E1%86%BA-%E1%84%89%E1%85%B3%E1%84%90%E1%85%A1%E1%84%8B%E1%85%B5%E1%86%AF-%E1%84%80%E1%85%B3%E1%86%AF%E1%84%85%E1%85%B5%E1%84%90%E1%85%A5-%E1%84%90%E1%85%A1%E1%86%B8-p05584429.html,https://static.zara.net/assets/public/2a8a/211a/c28940e4ae36/8dd9ab8062a4/05584429800-p/05584429800-p.jpg?ts=1775741089048,"₩45,900",,,260622,블랙,,,,
,false,,ZARA,상의,탑,여성,코르셋 스타일 글리터 탑,https://www.zara.com/kr/ko/%E1%84%8F%E1%85%A9%E1%84%85%E1%85%B3%E1%84%89%E1%85%A6%E1%86%BA-%E1%84%89%E1%85%B3%E1%84%90%E1%85%A1%E1%84%8B%E1%85%B5%E1%86%AF-%E1%84%80%E1%85%B3%E1%86%AF%E1%84%85%E1%85%B5%E1%84%90%E1%85%A5-%E1%84%90%E1%85%A1%E1%86%B8-p05584429.html,https://static.zara.net/assets/public/b0c8/2915/1c6a44a28f8f/a8adfb6817f8/05584429251-p/05584429251-p.jpg?ts=1775741087952,"₩45,900",,,260622,스크래치 화이트,,,,
,false,,ZARA,상의,티셔츠,여성,홀터 슬리브리스 티셔츠,https://www.zara.com/kr/ko/%E1%84%92%E1%85%A9%E1%86%AF%E1%84%90%E1%85%A5%E1%84%82%E1%85%A6%E1%86%A8-%E1%84%89%E1%85%B3%E1%86%AF%E1%84%85%E1%85%B5%E1%84%87%E1%85%B3%E1%84%85%E1%85%B5%E1%84%89%E1%85%B3-%E1%84%90%E1%85%B5%E1%84%89%E1%85%A7%E1%84%8E%E1%85%B3-p01198014.html,https://static.zara.net/assets/public/65a9/43dd/f5d243ccb681/f0c094085609/01198014075-p/01198014075-p.jpg?ts=1774013588588,"₩35,900",,,260622,"크림,베이지",,,,
,false,,ZARA,상의,티셔츠,여성,슬리브리스 티셔츠,https://www.zara.com/kr/ko/%E1%84%89%E1%85%B3%E1%86%AF%E1%84%85%E1%85%B5%E1%84%87%E1%85%B3%E1%84%85%E1%85%B5%E1%84%89%E1%85%B3-%E1%84%90%E1%85%B5%E1%84%89%E1%85%A7%E1%84%8E%E1%85%B3-p01198016.html,https://static.zara.net/assets/public/5659/7a98/f7c945b7b8ae/a12896750cef/01198016048-p/01198016048-p.jpg?ts=1774013588130,"₩35,900",,,260622,화이트-오렌지,,,,
,false,,ZARA,상의,셔츠/블라우스,여성,프릴 드레이프 탑,https://www.zara.com/kr/ko/%E1%84%83%E1%85%B3%E1%84%85%E1%85%A6%E1%84%8B%E1%85%B5%E1%84%91%E1%85%B3-%E1%84%91%E1%85%B3%E1%84%85%E1%85%B5%E1%86%AF-%E1%84%90%E1%85%A1%E1%86%B8-p03060113.html,https://static.zara.net/assets/public/057b/925e/bc884b3bb87d/a55d4862126e/03060113712-p/03060113712-p.jpg?ts=1778238933751,"₩59,900",,,260622,크림,,,,
,false,,ZARA,상의,셔츠/블라우스,여성,프린트 새틴 탑,https://www.zara.com/kr/ko/%E1%84%91%E1%85%B3%E1%84%85%E1%85%B5%E1%86%AB%E1%84%90%E1%85%B3-%E1%84%89%E1%85%A2%E1%84%90%E1%85%B5%E1%86%AB-%E1%84%90%E1%85%A1%E1%86%B8-p07050216.html,https://static.zara.net/assets/public/4bbc/ef1f/1690437a85b4/3df9ac4b4291/02650216330-1-p/02650216330-1-p.jpg?ts=1778240345286,"₩49,900",,,260622,멀티컬러,,,,
,false,,ZARA,상의,티셔츠,여성,언밸런스 셔링 탑,https://www.zara.com/kr/ko/%E1%84%89%E1%85%A7%E1%84%85%E1%85%B5%E1%86%BC-%E1%84%8B%E1%85%A5%E1%86%AB%E1%84%87%E1%85%A2%E1%86%AF%E1%84%85%E1%85%A5%E1%86%AB%E1%84%89%E1%85%B3-%E1%84%90%E1%85%A1%E1%86%B8-p01026255.html,https://static.zara.net/assets/public/069a/373f/1c0f4fdc9009/fd42611a1ebf/01026255250-p/01026255250-p.jpg?ts=1773231215886,"₩39,900",,,260622,화이트,,,,
,false,,ZARA,상의,탑,여성,페플럼 스트랩 탑,https://www.zara.com/kr/ko/%E1%84%91%E1%85%A6%E1%84%91%E1%85%B3%E1%86%AF%E1%84%85%E1%85%A5%E1%86%B7-%E1%84%89%E1%85%B3%E1%84%90%E1%85%B3%E1%84%85%E1%85%A2%E1%86%B8-%E1%84%90%E1%85%A1%E1%86%B8-p03644250.html,https://static.zara.net/assets/public/0e23/6095/1cb24e98ab1f/cf6f080fb0b3/03644250450-p/03644250450-p.jpg?ts=1773231229350,"₩45,900",,,260622,베이지,,,,
,false,,ZARA,상의,탑,여성,콘트라스트 스트랩 니트 탑,https://www.zara.com/kr/ko/%E1%84%8F%E1%85%A9%E1%86%AB%E1%84%90%E1%85%B3%E1%84%85%E1%85%A1%E1%84%89%E1%85%B3%E1%84%90%E1%85%B3-%E1%84%89%E1%85%B3%E1%84%90%E1%85%B3%E1%84%85%E1%85%A2%E1%86%B8-%E1%84%82%E1%85%B5%E1%84%90%E1%85%B3-%E1%84%90%E1%85%A1%E1%86%B8-p04192072.html,https://static.zara.net/assets/public/3780/a492/5ca04bbb8345/ba53c01b8e4c/04192073712-p/04192073712-p.jpg?ts=1773253786150,"₩45,900",,,260622,크림,,,,
,false,,ZARA,상의,탑,여성,리브드 니트 크롭 탑,https://www.zara.com/kr/ko/%E1%84%85%E1%85%B5%E1%84%87%E1%85%B3%E1%84%83%E1%85%B3-%E1%84%82%E1%85%B5%E1%84%90%E1%85%B3-%E1%84%8F%E1%85%B3%E1%84%85%E1%85%A9%E1%86%B8-%E1%84%90%E1%85%A1%E1%86%B8-p03920234.html,https://static.zara.net/assets/public/41ac/0462/558e4989982a/4cb27e47a703/03920234629-p/03920234629-p.jpg?ts=1770990031667,"₩45,900",,,260622,라일락,,,,
,false,,ZARA,상의,셔츠/블라우스,여성,핀 스트라이프 버튼 탑,https://www.zara.com/kr/ko/%E1%84%91%E1%85%B5%E1%86%AB-%E1%84%89%E1%85%B3%E1%84%90%E1%85%B3%E1%84%85%E1%85%A1%E1%84%8B%E1%85%B5%E1%84%91%E1%85%B3-%E1%84%90%E1%85%A6%E1%84%8B%E1%85%B5%E1%86%AF%E1%84%85%E1%85%A5%E1%84%83%E1%85%B3-%E1%84%87%E1%85%A5%E1%84%90%E1%85%B3%E1%86%AB-%E1%84%90%E1%85%A1%E1%86%B8-p02162505.html,https://static.zara.net/assets/public/30bf/8535/49c34e869916/e0686828914d/02162505801-p/02162505801-p.jpg?ts=1770990028426,"₩55,900",,,260622,다크 그레이,,,,
,false,,ZARA,상의,탑,여성,비즈 텍스처드 컷아웃 탑,https://www.zara.com/kr/ko/%E1%84%87%E1%85%B5%E1%84%8C%E1%85%B3-%E1%84%90%E1%85%A6%E1%86%A8%E1%84%89%E1%85%B3%E1%84%8E%E1%85%A5%E1%84%83%E1%85%B3-%E1%84%8F%E1%85%A5%E1%86%BA%E1%84%8B%E1%85%A1%E1%84%8B%E1%85%AE%E1%86%BA-%E1%84%90%E1%85%A1%E1%86%B8-p05919624.html,https://static.zara.net/assets/public/6310/373e/091a4aa68939/35583b900e9b/05919624800-p/05919624800-p.jpg?ts=1764066727221,"₩149,900",,,260622,블랙,,,,
,false,,ZARA,상의,탑,여성,레이스 새틴 스트랩 탑,https://www.zara.com/kr/ko/%E1%84%85%E1%85%A6%E1%84%8B%E1%85%B5%E1%84%89%E1%85%B3-%E1%84%89%E1%85%A2%E1%84%90%E1%85%B5%E1%86%AB-%E1%84%89%E1%85%B3%E1%84%90%E1%85%B3%E1%84%85%E1%85%A2%E1%86%B8-%E1%84%90%E1%85%A1%E1%86%B8-p01067655.html,https://static.zara.net/assets/public/245b/fb0c/04ae41718b58/44beaeca81ec/01067655800-p/01067655800-p.jpg?ts=1764767029514,"₩59,900",,,260622,블랙,,,,
,false,,ZARA,상의,셔츠/블라우스,여성,자수 밴딩 탑,https://www.zara.com/kr/ko/%E1%84%8B%E1%85%A6%E1%86%AF%E1%84%85%E1%85%A1%E1%84%89%E1%85%B3%E1%84%90%E1%85%B5%E1%86%A8-%E1%84%8C%E1%85%A1%E1%84%89%E1%85%AE-%E1%84%90%E1%85%A1%E1%86%B8-p06014508.html,https://static.zara.net/assets/public/12e4/1d86/99284949b788/fe004d93592f/06014508701-000-p/06014508701-000-p.jpg?ts=1778670713910,"₩57,900",,,260622,테라코타,,,,
,false,,ZARA,기타,WAISTCOAT,여성,홀터넥 크롭 탑,https://www.zara.com/kr/ko/%E1%84%92%E1%85%A9%E1%86%AF%E1%84%90%E1%85%A5%E1%84%82%E1%85%A6%E1%86%A8-%E1%84%8F%E1%85%B3%E1%84%85%E1%85%A9%E1%86%B8-%E1%84%90%E1%85%A1%E1%86%B8-p04387349.html,https://static.zara.net/assets/public/9a33/e20d/d5134d669245/ae4da233376e/04387349749-p/04387349749-p.jpg?ts=1778668009346,"₩49,900",,,260622,다크 데님,,,,
,false,,ZARA,상의,탑,여성,버클 텍스처 탑,https://www.zara.com/kr/ko/%E1%84%87%E1%85%A5%E1%84%8F%E1%85%B3%E1%86%AF-%E1%84%90%E1%85%A6%E1%86%A8%E1%84%89%E1%85%B3%E1%84%8E%E1%85%A5-%E1%84%90%E1%85%A1%E1%86%B8-p05067178.html,https://static.zara.net/assets/public/3023/df0c/f7c3425da0a3/751ff9cd9399/05067178700-p/05067178700-p.jpg?ts=1767965250401,"₩49,900",,,260622,브라운,,,,
,false,,ZARA,상의,탑,여성,메탈릭 얀 립 니트 홀터넥 탑,https://www.zara.com/kr/ko/%E1%84%86%E1%85%A6%E1%84%90%E1%85%A1%E1%86%AF%E1%84%85%E1%85%B5%E1%86%A8-%E1%84%8B%E1%85%A3%E1%86%AB-%E1%84%85%E1%85%B5%E1%86%B8-%E1%84%92%E1%85%A9%E1%86%AF%E1%84%90%E1%85%A5%E1%84%82%E1%85%A6%E1%86%A8-%E1%84%90%E1%85%A1%E1%86%B8-p02756035.html,https://static.zara.net/assets/public/ed86/bc06/357740b7889f/94c81f6babf2/02756035700-p/02756035700-p.jpg?ts=1775062973238,"₩49,900",,,260622,브라운,,,,
,false,,ZARA,상의,탑,여성,로맨틱 믹스 니트 탑,https://www.zara.com/kr/ko/%E1%84%85%E1%85%A9%E1%84%86%E1%85%A2%E1%86%AB%E1%84%90%E1%85%B5%E1%86%A8-%E1%84%86%E1%85%B5%E1%86%A8%E1%84%89%E1%85%B3-%E1%84%82%E1%85%B5%E1%84%90%E1%85%B3-%E1%84%90%E1%85%A1%E1%86%B8-p03920178.html,https://static.zara.net/assets/public/85f4/ce73/302942bf93a3/46438164b75c/03920178942-p/03920178942-p.jpg?ts=1775042826802,"₩55,900",,,260622,베이지 핑크,,,,
,false,,ZARA,기타,WAISTCOAT,여성,플랫 프론트 페플럼 베스트,https://www.zara.com/kr/ko/%E1%84%91%E1%85%B3%E1%86%AF%E1%84%85%E1%85%A2%E1%86%BA-%E1%84%91%E1%85%B3%E1%84%85%E1%85%A9%E1%86%AB%E1%84%90%E1%85%B3-%E1%84%91%E1%85%A6%E1%84%91%E1%85%B3%E1%86%AF%E1%84%85%E1%85%A5%E1%86%B7-%E1%84%87%E1%85%A6%E1%84%89%E1%85%B3%E1%84%90%E1%85%B3-p01608121.html,https://static.zara.net/assets/public/4b33/3d70/889d43bc87e6/eea55486bf00/01608121250-p/01608121250-p.jpg?ts=1777549567552,"₩59,900",,,260622,화이트,,,,
,false,,ZARA,상의,티셔츠,여성,리브드 코튼 탱크 탑,https://www.zara.com/kr/ko/%E1%84%85%E1%85%B5%E1%84%87%E1%85%B3%E1%84%83%E1%85%B3-%E1%84%8F%E1%85%A9%E1%84%90%E1%85%B3%E1%86%AB-%E1%84%90%E1%85%A2%E1%86%BC%E1%84%8F%E1%85%B3-%E1%84%90%E1%85%A1%E1%86%B8-p03641406.html,https://static.zara.net/assets/public/6cbc/12a6/dfc54ead89f4/889f7293df42/03641406401-p/03641406401-p.jpg?ts=1777550634152,"₩17,900",,,260622,네이비,,,,
,false,,ZARA,상의,셔츠/블라우스,여성,비즈 장식 홀터넥 탑,https://www.zara.com/kr/ko/%E1%84%87%E1%85%B5%E1%84%8C%E1%85%B3-%E1%84%8C%E1%85%A1%E1%86%BC%E1%84%89%E1%85%B5%E1%86%A8-%E1%84%92%E1%85%A9%E1%86%AF%E1%84%90%E1%85%A5%E1%84%82%E1%85%A6%E1%86%A8-%E1%84%90%E1%85%A1%E1%86%B8-p02157028.html,https://static.zara.net/assets/public/2e2d/dd50/b0ac410cb191/7ffe7435272d/02157028086-p/02157028086-p.jpg?ts=1776094395751,"₩49,900",,,260622,"크림,브라운",,,,
,false,,ZARA,상의,셔츠/블라우스,여성,ZW 컬렉션 LIMITED EDITION 자수 홀터 탑,https://www.zara.com/kr/ko/zw-%E1%84%8F%E1%85%A5%E1%86%AF%E1%84%85%E1%85%A6%E1%86%A8%E1%84%89%E1%85%A7%E1%86%AB-limited-edition-%E1%84%8C%E1%85%A1%E1%84%89%E1%85%AE-%E1%84%92%E1%85%A9%E1%86%AF%E1%84%90%E1%85%A5-%E1%84%90%E1%85%A1%E1%86%B8-p06895088.html,https://static.zara.net/assets/public/0c60/4506/a4ce499faa75/8db00b070f41/06895088710-p/06895088710-p.jpg?ts=1777026483550,"₩149,900",,,260622,베이지,,,,
,false,,ZARA,상의,가디건,여성,프릴 반소매 니트 재킷,https://www.zara.com/kr/ko/%E1%84%91%E1%85%B3%E1%84%85%E1%85%B5%E1%86%AF-%E1%84%87%E1%85%A1%E1%86%AB%E1%84%89%E1%85%A9%E1%84%86%E1%85%A2-%E1%84%82%E1%85%B5%E1%84%90%E1%85%B3-%E1%84%8C%E1%85%A2%E1%84%8F%E1%85%B5%E1%86%BA-p04192077.html,https://static.zara.net/assets/public/1199/2d24/b2d440f08f94/66fb0663285e/04192077250-p/04192077250-p.jpg?ts=1779372577328,"₩55,900",,,260622,화이트,,,,
,false,,ZARA,상의,탑,여성,튤 란제리 스타일 탑,https://www.zara.com/kr/ko/%E1%84%90%E1%85%B2%E1%86%AF-%E1%84%85%E1%85%A1%E1%86%AB%E1%84%8C%E1%85%A6%E1%84%85%E1%85%B5-%E1%84%89%E1%85%B3%E1%84%90%E1%85%A1%E1%84%8B%E1%85%B5%E1%86%AF-%E1%84%90%E1%85%A1%E1%86%B8-p00347319.html,https://static.zara.net/assets/public/21d8/f879/b1ee4ac9bb8f/b9ecf7a1f8e3/00347319716-p/00347319716-p.jpg?ts=1771947363431,"₩39,900",,,260622,다크 브라운,,,,
,false,,ZARA,상의,탑,여성,튤 란제리 스타일 탑,https://www.zara.com/kr/ko/%E1%84%90%E1%85%B2%E1%86%AF-%E1%84%85%E1%85%A1%E1%86%AB%E1%84%8C%E1%85%A6%E1%84%85%E1%85%B5-%E1%84%89%E1%85%B3%E1%84%90%E1%85%A1%E1%84%8B%E1%85%B5%E1%86%AF-%E1%84%90%E1%85%A1%E1%86%B8-p00347319.html,https://static.zara.net/assets/public/9e4c/e40c/9e7e4d55ab4e/88588528655d/00347319800-p/00347319800-p.jpg?ts=1771947363259,"₩39,900",,,260622,블랙,,,,
,false,,ZARA,상의,탑,여성,튤 란제리 스타일 탑,https://www.zara.com/kr/ko/%E1%84%90%E1%85%B2%E1%86%AF-%E1%84%85%E1%85%A1%E1%86%AB%E1%84%8C%E1%85%A6%E1%84%85%E1%85%B5-%E1%84%89%E1%85%B3%E1%84%90%E1%85%A1%E1%84%8B%E1%85%B5%E1%86%AF-%E1%84%90%E1%85%A1%E1%86%B8-p00347319.html,https://static.zara.net/assets/public/2e8e/d403/9d9b4a38bbae/faa0b7839758/00347319485-p/00347319485-p.jpg?ts=1771947363484,"₩39,900",,,260622,"블루,그레이",,,,
,false,,ZARA,상의,탑,여성,레이스 프릴 콤비 탑,https://www.zara.com/kr/ko/%E1%84%85%E1%85%A6%E1%84%8B%E1%85%B5%E1%84%89%E1%85%B3-%E1%84%91%E1%85%B3%E1%84%85%E1%85%B5%E1%86%AF-%E1%84%8F%E1%85%A9%E1%86%B7%E1%84%87%E1%85%B5-%E1%84%90%E1%85%A1%E1%86%B8-p04770313.html,https://static.zara.net/assets/public/320a/a869/45ec4c098711/db1c377f37fb/04770313712-a4/04770313712-a4.jpg?ts=1774969472549,"₩39,900",,,260622,크림,,,,
,false,,ZARA,상의,탑,여성,레이스 콤비 란제리 탑,https://www.zara.com/kr/ko/%E1%84%85%E1%85%A6%E1%84%8B%E1%85%B5%E1%84%89%E1%85%B3-%E1%84%8F%E1%85%A9%E1%86%B7%E1%84%87%E1%85%B5-%E1%84%85%E1%85%A1%E1%86%AB%E1%84%8C%E1%85%A6%E1%84%85%E1%85%B5-%E1%84%90%E1%85%A1%E1%86%B8-p01131322.html,https://static.zara.net/assets/public/cebb/8096/84584aef97b0/987629c1e189/01131322712-p/01131322712-p.jpg?ts=1774969461368,"₩39,900",,,260622,크림,,,,
,false,,ZARA,상의,탑,여성,러스틱 쇼트 슬리브 탑,https://www.zara.com/kr/ko/%E1%84%85%E1%85%A5%E1%84%89%E1%85%B3%E1%84%90%E1%85%B5%E1%86%A8-%E1%84%89%E1%85%AD%E1%84%90%E1%85%B3-%E1%84%89%E1%85%B3%E1%86%AF%E1%84%85%E1%85%B5%E1%84%87%E1%85%B3-%E1%84%90%E1%85%A1%E1%86%B8-p01058151.html,https://static.zara.net/assets/public/3578/7026/a86946c598f1/8ac8e1e642fb/01058151716-a1/01058151716-a1.jpg?ts=1771415483653,"₩39,900",,,260622,다크 브라운,,,,
,false,,ZARA,기타,WAISTCOAT,여성,새틴 파이핑 뷔스티에 탑,https://www.zara.com/kr/ko/%E1%84%89%E1%85%A2%E1%84%90%E1%85%B5%E1%86%AB-%E1%84%91%E1%85%A1%E1%84%8B%E1%85%B5%E1%84%91%E1%85%B5%E1%86%BC-%E1%84%87%E1%85%B1%E1%84%89%E1%85%B3%E1%84%90%E1%85%B5%E1%84%8B%E1%85%A6-%E1%84%90%E1%85%A1%E1%86%B8-p02826593.html,https://static.zara.net/assets/public/e6be/0a12/7184416680f5/7f753e4df045/02826593251-p/02826593251-p.jpg?ts=1778246056694,"₩57,900",,,260622,스크래치 화이트,,,,
,false,,ZARA,상의,셔츠/블라우스,여성,레이스 란제리 탑,https://www.zara.com/kr/ko/%E1%84%85%E1%85%A6%E1%84%8B%E1%85%B5%E1%84%89%E1%85%B3-%E1%84%85%E1%85%A1%E1%86%AB%E1%84%8C%E1%85%A6%E1%84%85%E1%85%B5-%E1%84%90%E1%85%A1%E1%86%B8-p07969036.html,https://static.zara.net/assets/public/c081/9d88/a8c54bad90e9/3a3af748b457/07969036620-p/07969036620-p.jpg?ts=1778246074231,"₩55,900",,,260622,로즈핑크,,,,
,false,,ZARA,상의,셔츠/블라우스,여성,페플럼 스트랩 탑,https://www.zara.com/kr/ko/%E1%84%91%E1%85%A6%E1%84%91%E1%85%B3%E1%86%AF%E1%84%85%E1%85%A5%E1%86%B7-%E1%84%89%E1%85%B3%E1%84%90%E1%85%B3%E1%84%85%E1%85%A2%E1%86%B8-%E1%84%90%E1%85%A1%E1%86%B8-p01165112.html,https://static.zara.net/assets/public/1908/eb88/d3d741c2a3a5/af2ec994963d/01165112426-p/01165112426-p.jpg?ts=1778246050465,"₩55,900",,,260622,워터 블루,,,,
,false,,ZARA,상의,셔츠/블라우스,여성,리본 도트 탑,https://www.zara.com/kr/ko/%E1%84%83%E1%85%A9%E1%84%90%E1%85%B3-%E1%84%85%E1%85%B5%E1%84%87%E1%85%A9%E1%86%AB-%E1%84%90%E1%85%A1%E1%86%B8-p03058247.html,https://static.zara.net/assets/public/eff5/1242/04d14d9094e3/1e59e5ad441b/03058247044-p/03058247044-p.jpg?ts=1777463316726,"₩49,900",,,260622,"블루 ,화이트",,,,
,false,,ZARA,상의,탑,여성,스트랩 코르셋 탑,https://www.zara.com/kr/ko/%E1%84%89%E1%85%B3%E1%84%90%E1%85%B3%E1%84%85%E1%85%A2%E1%86%B8-%E1%84%8F%E1%85%A9%E1%84%85%E1%85%B3%E1%84%89%E1%85%A6%E1%86%BA-%E1%84%90%E1%85%A1%E1%86%B8-p05584008.html,https://static.zara.net/assets/public/c9e5/19e3/e057448fa39e/85294bd12623/05584008800-p/05584008800-p.jpg?ts=1769095094454,"₩45,900",,,260622,블랙,,,,
,false,,ZARA,상의,탑,여성,레이스 롱 슬리브 탑,https://www.zara.com/kr/ko/%E1%84%85%E1%85%A6%E1%84%8B%E1%85%B5%E1%84%89%E1%85%B3-%E1%84%85%E1%85%A9%E1%86%BC-%E1%84%89%E1%85%B3%E1%86%AF%E1%84%85%E1%85%B5%E1%84%87%E1%85%B3-%E1%84%90%E1%85%A1%E1%86%B8-p03641874.html,https://static.zara.net/assets/public/d432/4197/a706430bb5d1/b556baa705b4/03641874800-p/03641874800-p.jpg?ts=1765527868035,"₩29,900",,,260622,블랙,,,,
,false,,ZARA,상의,셔츠/블라우스,여성,벌룬 프린지 탑,https://www.zara.com/kr/ko/%E1%84%87%E1%85%A5%E1%86%AF%E1%84%85%E1%85%AE%E1%86%AB-%E1%84%91%E1%85%B3%E1%84%85%E1%85%B5%E1%86%AB%E1%84%8C%E1%85%B5-%E1%84%90%E1%85%A1%E1%86%B8-p02024640.html,https://static.zara.net/assets/public/9bdd/1ce9/d7c54b2bba73/31d752e8400a/02024640612-a1/02024640612-a1.jpg?ts=1764670418950,"₩55,900",,,260622,연보라색,,,,
,false,,ZARA,상의,셔츠/블라우스,여성,포플린 벌룬 탑,https://www.zara.com/kr/ko/%E1%84%91%E1%85%A9%E1%84%91%E1%85%B3%E1%86%AF%E1%84%85%E1%85%B5%E1%86%AB-%E1%84%87%E1%85%A5%E1%86%AF%E1%84%85%E1%85%AE%E1%86%AB-%E1%84%90%E1%85%A1%E1%86%B8-p08372114.html,https://static.zara.net/assets/public/516a/9924/a586455cb9b9/0e36e3826fa7/08372114712-p/08372114712-p.jpg?ts=1773761382659,"₩49,900",,,260622,크림,,,,
,false,,ZARA,기타,WAISTCOAT,여성,벌룬 베스트,https://www.zara.com/kr/ko/%E1%84%87%E1%85%A5%E1%86%AF%E1%84%85%E1%85%AE%E1%86%AB-%E1%84%87%E1%85%A6%E1%84%89%E1%85%B3%E1%84%90%E1%85%B3-p04387073.html,https://static.zara.net/assets/public/c177/e09a/46844e3ab63e/533c8cb9fd03/04387073800-p/04387073800-p.jpg?ts=1773761384318,"₩57,900",,,260622,블랙,,,,
,false,,ZARA,상의,탑,여성,슬리브리스 니트 탑,https://www.zara.com/kr/ko/%E1%84%89%E1%85%B3%E1%86%AF%E1%84%85%E1%85%B5%E1%84%87%E1%85%B3%E1%84%85%E1%85%B5%E1%84%89%E1%85%B3-%E1%84%82%E1%85%B5%E1%84%90%E1%85%B3-%E1%84%90%E1%85%A1%E1%86%B8-p08851002.html,https://static.zara.net/assets/public/793a/a2d8/c6424a4fa884/bfb5f3332b26/08851002250-p/08851002250-p.jpg?ts=1744813964349,"₩39,900",,,260622,화이트,,,,
,false,,ZARA,상의,셔츠/블라우스,여성,도트 페플럼 오프숄더 탑,https://www.zara.com/kr/ko/%E1%84%83%E1%85%A9%E1%84%90%E1%85%B3-%E1%84%91%E1%85%A6%E1%84%91%E1%85%B3%E1%86%AF%E1%84%85%E1%85%A5%E1%86%B7-%E1%84%8B%E1%85%A9%E1%84%91%E1%85%B3-%E1%84%89%E1%85%AD%E1%86%AF%E1%84%83%E1%85%A5-%E1%84%90%E1%85%A1%E1%86%B8-p01210068.html,https://static.zara.net/assets/public/5978/d14e/b82143e493a3/f67a570211ab/01210068070-a2/01210068070-a2.jpg?ts=1776064881055,"₩49,900",,,260622,"크림,블랙",,,,
,false,,ZARA,상의,셔츠/블라우스,여성,도트 패턴 크롭 탑,https://www.zara.com/kr/ko/%E1%84%83%E1%85%A9%E1%84%90%E1%85%B3-%E1%84%8F%E1%85%B3%E1%84%85%E1%85%A9%E1%86%B8-%E1%84%90%E1%85%A1%E1%86%B8-p04772055.html,https://static.zara.net/assets/public/0620/322b/b3a14b6cb89f/8ab4f5a25371/04772055070-p/04772055070-p.jpg?ts=1776093271460,"₩45,900",,,260622,"크림,블랙",,,,
,false,,ZARA,상의,탑,여성,새틴 레이스 캐미솔 탑,https://www.zara.com/kr/ko/%E1%84%89%E1%85%A2%E1%84%90%E1%85%B5%E1%86%AB-%E1%84%85%E1%85%A6%E1%84%8B%E1%85%B5%E1%84%89%E1%85%B3-%E1%84%8F%E1%85%A2%E1%84%86%E1%85%B5%E1%84%89%E1%85%A9%E1%86%AF-%E1%84%90%E1%85%A1%E1%86%B8-p05344110.html,https://static.zara.net/assets/public/f271/2e83/c35647efbc00/f02dc49a7f25/05344110712-p/05344110712-p.jpg?ts=1772200469329,"₩89,900",,,260622,크림,,,,
,false,,ZARA,상의,셔츠/블라우스,여성,도트 패턴 리본 새틴 탑,https://www.zara.com/kr/ko/%E1%84%89%E1%85%A2%E1%84%90%E1%85%B5%E1%86%AB-%E1%84%89%E1%85%B3%E1%84%90%E1%85%B3%E1%84%85%E1%85%A2%E1%86%B8%E1%84%85%E1%85%B5%E1%84%89%E1%85%B3-%E1%84%90%E1%85%A1%E1%86%B8-p07752051.html,https://static.zara.net/assets/public/e753/197b/d7e640738377/9053e60f0f3f/07752833064-p/07752833064-p.jpg?ts=1779447229196,"₩45,900",,,260622,"화이트,블랙",,,,
,false,,ZARA,상의,셔츠/블라우스,여성,새틴 스트랩리스 리본 탑,https://www.zara.com/kr/ko/%E1%84%89%E1%85%A2%E1%84%90%E1%85%B5%E1%86%AB-%E1%84%89%E1%85%B3%E1%84%90%E1%85%B3%E1%84%85%E1%85%A2%E1%86%B8%E1%84%85%E1%85%B5%E1%84%89%E1%85%B3-%E1%84%90%E1%85%A1%E1%86%B8-p07752051.html,https://static.zara.net/assets/public/d84b/ded2/5dc24343858d/dfcb921dbfd0/07752051300-p/07752051300-p.jpg?ts=1779447219589,"₩45,900",,,260622,노랑,,,,
,false,,ZARA,상의,탑,여성,플로럴 포인텔 니트 탑,https://www.zara.com/kr/ko/%E1%84%91%E1%85%A9%E1%84%8B%E1%85%B5%E1%86%AB%E1%84%90%E1%85%A6%E1%86%AF-%E1%84%91%E1%85%B3%E1%86%AF%E1%84%85%E1%85%A1%E1%84%8B%E1%85%AF-%E1%84%82%E1%85%B5%E1%84%90%E1%85%B3-%E1%84%90%E1%85%A1%E1%86%B8-p06771032.html,https://static.zara.net/assets/public/fd8a/b029/ef604ee79fe7/fa4cb14b0e33/06771032721-p/06771032721-p.jpg?ts=1777478824138,"₩29,900",,,260622,라이트 베이지,,,,
,false,,ZARA,기타,WAISTCOAT,여성,페이크 광택 베스트,https://www.zara.com/kr/ko/%E1%84%91%E1%85%A6%E1%84%8B%E1%85%B5%E1%84%8F%E1%85%B3-%E1%84%80%E1%85%AA%E1%86%BC%E1%84%90%E1%85%A2%E1%86%A8-%E1%84%87%E1%85%A6%E1%84%89%E1%85%B3%E1%84%90%E1%85%B3-p02878556.html,https://static.zara.net/assets/public/4383/2962/cc874e229e07/8c7fae318bd1/02878556700-p/02878556700-p.jpg?ts=1780050881177,"₩59,900",,,260622,브라운,,,,
,false,,ZARA,상의,탑,여성,스트럭처 니트 탑,https://www.zara.com/kr/ko/%E1%84%89%E1%85%B3%E1%84%90%E1%85%B3%E1%84%85%E1%85%A5%E1%86%A8%E1%84%8E%E1%85%A5-%E1%84%82%E1%85%B5%E1%84%90%E1%85%B3-%E1%84%90%E1%85%A1%E1%86%B8-p03921020.html,https://static.zara.net/assets/public/c743/3797/3a494a5aae98/2058cc4f337b/03921020800-p/03921020800-p.jpg?ts=1780049568841,"₩109,900",,,260622,블랙,,,,
,false,,ZARA,상의,탑,여성,레이스 코르셋 탑,https://www.zara.com/kr/ko/%E1%84%85%E1%85%A6%E1%84%8B%E1%85%B5%E1%84%89%E1%85%B3-%E1%84%8F%E1%85%A9%E1%84%85%E1%85%B3%E1%84%89%E1%85%A6%E1%86%BA-%E1%84%90%E1%85%A1%E1%86%B8-p05584341.html,https://static.zara.net/assets/public/f8d8/9291/99194a658d6f/4502175a9a77/05584341622-p/05584341622-p.jpg?ts=1771931180721,"₩45,900",,,260622,페일 로즈,,,,
,false,,ZARA,상의,탑,여성,레이스 콤비 란제리 탑,https://www.zara.com/kr/ko/%E1%84%85%E1%85%A6%E1%84%8B%E1%85%B5%E1%84%89%E1%85%B3-%E1%84%86%E1%85%B5%E1%86%A8%E1%84%89%E1%85%B3-%E1%84%8F%E1%85%A2%E1%84%86%E1%85%B5%E1%84%89%E1%85%A9%E1%86%AF-%E1%84%90%E1%85%A1%E1%86%B8-p05039337.html,https://static.zara.net/assets/public/4120/9e25/764b49c89ac2/bd431af3085e/05039337075-p/05039337075-p.jpg?ts=1771931173112,"₩39,900",,,260622,"크림,베이지",,,,
,false,,ZARA,기타,WAISTCOAT,여성,버튼 베스트 탑,https://www.zara.com/kr/ko/%E1%84%87%E1%85%A5%E1%84%90%E1%85%B3%E1%86%AB-%E1%84%87%E1%85%A6%E1%84%89%E1%85%B3%E1%84%90%E1%85%B3-%E1%84%90%E1%85%A1%E1%86%B8-p05584015.html,https://static.zara.net/assets/public/bd7d/a120/4f104dde8586/7030d61b3c91/05584015802-p/05584015802-p.jpg?ts=1776952414658,"₩49,900",,,260622,그레이,,,,
,false,,ZARA,기타,WAISTCOAT,여성,버튼 베스트 탑,https://www.zara.com/kr/ko/%E1%84%87%E1%85%A5%E1%84%90%E1%85%B3%E1%86%AB-%E1%84%87%E1%85%A6%E1%84%89%E1%85%B3%E1%84%90%E1%85%B3-%E1%84%90%E1%85%A1%E1%86%B8-p05584015.html,https://static.zara.net/assets/public/5d09/093c/6a1e4062b942/b52509fb1652/05584015802-p/05584015802-p.jpg?ts=1778077766839,"₩49,900",,,260622,그레이,,,,
,false,,ZARA,상의,탑,여성,웨이브 밑단 니트 탑,https://www.zara.com/kr/ko/%E1%84%8B%E1%85%B0%E1%84%8B%E1%85%B5%E1%84%87%E1%85%B5-%E1%84%92%E1%85%A6%E1%86%B7-%E1%84%82%E1%85%B5%E1%84%90%E1%85%B3-%E1%84%90%E1%85%A1%E1%86%B8-p00014028.html,https://static.zara.net/assets/public/b27f/bd78/ea4645be8eda/18e7f9dfae31/00014028800-p/00014028800-p.jpg?ts=1779119900432,"₩45,900",,,260622,블랙,,,,
,false,,ZARA,원피스,원피스,여성,100% 비스코스 자수 스트랩 탑,https://www.zara.com/kr/ko/100-%E1%84%87%E1%85%B5%E1%84%89%E1%85%B3%E1%84%8F%E1%85%A9%E1%84%89%E1%85%B3-%E1%84%8C%E1%85%A1%E1%84%89%E1%85%AE-%E1%84%89%E1%85%B3%E1%84%90%E1%85%B3%E1%84%85%E1%85%A2%E1%86%B8-%E1%84%90%E1%85%A1%E1%86%B8-p05344120.html,https://static.zara.net/assets/public/52e6/db18/55ae451e8bcf/fb48618c25ce/05344120800-p/05344120800-p.jpg?ts=1771586027424,"₩109,900",,,260622,블랙,,,,
,false,,ZARA,상의,탑,여성,레이스 스트랩 탑,https://www.zara.com/kr/ko/%E1%84%85%E1%85%A6%E1%84%8B%E1%85%B5%E1%84%89%E1%85%B3-%E1%84%89%E1%85%B3%E1%84%90%E1%85%B3%E1%84%85%E1%85%A2%E1%86%B8-%E1%84%90%E1%85%A1%E1%86%B8-p01223130.html,https://static.zara.net/assets/public/808a/f07e/d1e842088cd8/f21e5db48b52/01223130800-p/01223130800-p.jpg?ts=1771586134061,"₩59,900",,,260622,블랙,,,,
,false,,ZARA,기타,WAISTCOAT,여성,비대칭 베스트,https://www.zara.com/kr/ko/%E1%84%87%E1%85%B5%E1%84%83%E1%85%A2%E1%84%8E%E1%85%B5%E1%86%BC-%E1%84%87%E1%85%A6%E1%84%89%E1%85%B3%E1%84%90%E1%85%B3-p01608150.html,https://static.zara.net/assets/public/723d/5ddc/b2894454a26b/6671cbda63fc/01608150630-p/01608150630-p.jpg?ts=1779452083421,"₩59,900",,,260622,자주색,,,,
,false,,ZARA,기타,WAISTCOAT,여성,링클 이펙트 새틴 베스트,https://www.zara.com/kr/ko/%E1%84%85%E1%85%B5%E1%86%BC%E1%84%8F%E1%85%B3%E1%86%AF-%E1%84%8B%E1%85%B5%E1%84%91%E1%85%A6%E1%86%A8%E1%84%90%E1%85%B3-%E1%84%89%E1%85%A2%E1%84%90%E1%85%B5%E1%86%AB-%E1%84%87%E1%85%A6%E1%84%89%E1%85%B3%E1%84%90%E1%85%B3-p07733556.html,https://static.zara.net/assets/public/2297/c892/99324f118512/530fb41b9287/07733556303-p/07733556303-p.jpg?ts=1779452152349,"₩59,900",,,260622,골드,,,,
,false,,ZARA,상의,티셔츠,여성,폴리아미드 혼방 탑,https://www.zara.com/kr/ko/%E1%84%91%E1%85%A9%E1%86%AF%E1%84%85%E1%85%B5%E1%84%8B%E1%85%A1%E1%84%86%E1%85%B5%E1%84%83%E1%85%B3-%E1%84%92%E1%85%A9%E1%86%AB%E1%84%87%E1%85%A1%E1%86%BC-%E1%84%90%E1%85%A1%E1%86%B8-p01355457.html,https://static.zara.net/assets/public/f6bb/4fa1/8981468b82e9/64e81c1fdb3a/01058457800-p/01058457800-p.jpg?ts=1774348011912,"₩45,900",,,260622,블랙,,,,
,false,,ZARA,상의,티셔츠,여성,폴리아미드 혼방 탑,https://www.zara.com/kr/ko/%E1%84%91%E1%85%A9%E1%86%AF%E1%84%85%E1%85%B5%E1%84%8B%E1%85%A1%E1%84%86%E1%85%B5%E1%84%83%E1%85%B3-%E1%84%92%E1%85%A9%E1%86%AB%E1%84%87%E1%85%A1%E1%86%BC-%E1%84%90%E1%85%A1%E1%86%B8-p01355457.html,https://static.zara.net/assets/public/c10b/15e4/30bc4c84898c/e82c9bd1b983/01355457971-p/01355457971-p.jpg?ts=1776679426568,"₩45,900",,,260622,석류색,,,,
,false,,ZARA,상의,셔츠/블라우스,여성,매듭 홀터넥 탑,https://www.zara.com/kr/ko/%E1%84%86%E1%85%A2%E1%84%83%E1%85%B3%E1%86%B8-%E1%84%92%E1%85%A9%E1%86%AF%E1%84%90%E1%85%A5%E1%84%82%E1%85%A6%E1%86%A8-%E1%84%90%E1%85%A1%E1%86%B8-p03084342.html,https://static.zara.net/assets/public/99c6/093d/fe1346778128/dc7d1b4037f7/03084342402-p/03084342402-p.jpg?ts=1778238947016,"₩55,900",,,260622,터키블루,,,,
,false,,ZARA,상의,탑,여성,플라워 하이넥 니트 탑,https://www.zara.com/kr/ko/%E1%84%92%E1%85%A1%E1%84%8B%E1%85%B5%E1%84%82%E1%85%A6%E1%86%A8-%E1%84%91%E1%85%B3%E1%86%AF%E1%84%85%E1%85%A1%E1%84%8B%E1%85%AF-%E1%84%82%E1%85%B5%E1%84%90%E1%85%B3-%E1%84%90%E1%85%A1%E1%86%B8-p00021013.html,https://static.zara.net/assets/public/e9d9/ae6a/59a2496cb644/0bf230663a37/00021013800-p/00021013800-p.jpg?ts=1779277744216,"₩89,900",,,260622,블랙,,,,
,false,,ZARA,상의,티셔츠,여성,폴리아미드 혼방 탑,https://www.zara.com/kr/ko/%E1%84%91%E1%85%A9%E1%86%AF%E1%84%85%E1%85%B5%E1%84%8B%E1%85%A1%E1%84%86%E1%85%B5%E1%84%83%E1%85%B3-%E1%84%92%E1%85%A9%E1%86%AB%E1%84%87%E1%85%A1%E1%86%BC-%E1%84%90%E1%85%A1%E1%86%B8-p01355457.html,https://static.zara.net/assets/public/f341/e8bf/412849e98d63/cd870350473a/01355457800-p/01355457800-p.jpg?ts=1780058346651,"₩45,900",,,260622,블랙,,,,
,false,,ZARA,상의,탑,여성,폴리아미드 콤비 탑,https://www.zara.com/kr/ko/%E1%84%91%E1%85%A9%E1%86%AF%E1%84%85%E1%85%B5%E1%84%8B%E1%85%A1%E1%84%86%E1%85%B5%E1%84%83%E1%85%B3-%E1%84%8F%E1%85%A9%E1%86%B7%E1%84%87%E1%85%B5-%E1%84%90%E1%85%A1%E1%86%B8-p01355027.html,https://static.zara.net/assets/public/874b/c7d6/8bc8478e81db/22e1239328df/01355027800-a1/01355027800-a1.jpg?ts=1780058353748,"₩55,900",,,260622,블랙,,,,
,false,,ZARA,상의,셔츠/블라우스,여성,골든 버튼 페플럼 탑,https://www.zara.com/kr/ko/%E1%84%80%E1%85%A9%E1%86%AF%E1%84%83%E1%85%B3-%E1%84%87%E1%85%A5%E1%84%90%E1%85%B3%E1%86%AB-%E1%84%91%E1%85%A6%E1%84%91%E1%85%B3%E1%86%AF%E1%84%85%E1%85%A5%E1%86%B7-%E1%84%90%E1%85%A1%E1%86%B8-p00387062.html,https://static.zara.net/assets/public/da30/8606/4c3e4f99a1a6/968869e3f90b/00387062251-a3/00387062251-a3.jpg?ts=1777029257335,"₩55,900",,,260622,스크래치 화이트,,,,
,false,,ZARA,상의,셔츠/블라우스,여성,코르셋 스트랩 탑,https://www.zara.com/kr/ko/%E1%84%8F%E1%85%A9%E1%84%85%E1%85%B3%E1%84%89%E1%85%A6%E1%86%BA-%E1%84%89%E1%85%B3%E1%84%90%E1%85%B3%E1%84%85%E1%85%A2%E1%86%B8-%E1%84%90%E1%85%A1%E1%86%B8-p02180083.html,https://static.zara.net/assets/public/d42b/c500/ed14489aae2f/19065fbc18e0/02180083450-p/02180083450-p.jpg?ts=1772715114078,"₩55,900",,,260622,베이지,,,,
,false,,ZARA,상의,탑,여성,도트 홀터넥 탑,https://www.zara.com/kr/ko/%E1%84%83%E1%85%A9%E1%84%90%E1%85%B3-%E1%84%92%E1%85%A9%E1%86%AF%E1%84%90%E1%85%A5%E1%84%82%E1%85%A6%E1%86%A8-%E1%84%90%E1%85%A1%E1%86%B8-p00264474.html,https://static.zara.net/assets/public/15c9/f09b/ae834c50adbc/c905888317a0/0264474064-p/0264474064-p.jpg?ts=1778758792863,"₩45,900",,,260622,"화이트,블랙",,,,
,false,,ZARA,상의,티셔츠,여성,슬리브리스 탑,https://www.zara.com/kr/ko/%E1%84%89%E1%85%B3%E1%86%AF%E1%84%85%E1%85%B5%E1%84%87%E1%85%B3%E1%84%85%E1%85%B5%E1%84%89%E1%85%B3-%E1%84%90%E1%85%A1%E1%86%B8-p03253342.html,https://static.zara.net/assets/public/ba9b/0a2b/f9064254aeff/acfa9703ac28/03253342737-015-p/03253342737-015-p.jpg?ts=1775460191339,"₩29,900",,,260622,"브라운,토프",,,,
,false,,ZARA,상의,티셔츠,여성,하이넥 슬리브리스 탑,https://www.zara.com/kr/ko/%E1%84%92%E1%85%A1%E1%84%8B%E1%85%B5%E1%84%82%E1%85%A6%E1%86%A8-%E1%84%89%E1%85%B3%E1%86%AF%E1%84%85%E1%85%B5%E1%84%87%E1%85%B3%E1%84%85%E1%85%B5%E1%84%89%E1%85%B3-%E1%84%90%E1%85%A1%E1%86%B8-p04174001.html,https://static.zara.net/assets/public/3e29/f859/0c76446a96f2/4716f554c288/04174001706-p/04174001706-p.jpg?ts=1769603285026,"₩17,900",,,260622,밍크,,,,
,false,,ZARA,상의,탑,여성,인터록 긴소매 탑,https://www.zara.com/kr/ko/%E1%84%8B%E1%85%B5%E1%86%AB%E1%84%90%E1%85%A5%E1%84%85%E1%85%A9%E1%86%A8-%E1%84%80%E1%85%B5%E1%86%AB%E1%84%89%E1%85%A9%E1%84%86%E1%85%A2-%E1%84%90%E1%85%A1%E1%86%B8-p02335166.html,https://static.zara.net/assets/public/4049/5d75/2df2411d80e0/99125b2ee3a5/02335166660-p/02335166660-p.jpg?ts=1770828223692,"₩45,900",,,260622,와인,,,,
,false,,ZARA,상의,탑,여성,벌룬 슬리브 니트 탑,https://www.zara.com/kr/ko/%E1%84%87%E1%85%A5%E1%86%AF%E1%84%85%E1%85%AE%E1%86%AB-%E1%84%89%E1%85%B3%E1%86%AF%E1%84%85%E1%85%B5%E1%84%87%E1%85%B3-%E1%84%82%E1%85%B5%E1%84%90%E1%85%B3-%E1%84%90%E1%85%A1%E1%86%B8-p00014025.html,https://static.zara.net/assets/public/631e/a645/443546c4ad8a/8071a748c64a/01934033250-p/01934033250-p.jpg?ts=1775057816057,"₩49,900",,,260622,"레드,코랄",,,,
,false,,ZARA,기타,WAISTCOAT,여성,스트라이프 홀터넥 탑,https://www.zara.com/kr/ko/%E1%84%89%E1%85%B3%E1%84%90%E1%85%B3%E1%84%85%E1%85%A1%E1%84%8B%E1%85%B5%E1%84%91%E1%85%B3-%E1%84%92%E1%85%A9%E1%86%AF%E1%84%90%E1%85%A5%E1%84%82%E1%85%A6%E1%86%A8-%E1%84%90%E1%85%A1%E1%86%B8-p05427713.html,https://static.zara.net/assets/public/0f0d/d8a7/c5914a9788bb/a7a3999545c6/05427713044-p/05427713044-p.jpg?ts=1774371078149,"₩55,900",,,260622,"블루 ,화이트",,,,
,false,,ZARA,상의,셔츠/블라우스,여성,크로스 홀터넥 탑,https://www.zara.com/kr/ko/%E1%84%8F%E1%85%B3%E1%84%85%E1%85%A9%E1%84%89%E1%85%B3-%E1%84%92%E1%85%A9%E1%86%AF%E1%84%90%E1%85%A5%E1%84%82%E1%85%A6%E1%86%A8-%E1%84%90%E1%85%A1%E1%86%B8-p02485271.html,https://static.zara.net/assets/public/1c3b/b55d/56284ab1b5f4/108d68bf138a/02485271506-p/02485271506-p.jpg?ts=1774371050645,"₩49,900",,,260622,라이트 카키,,,,
,false,,ZARA,상의,탑,여성,액세서리 니트 탑,https://www.zara.com/kr/ko/%E1%84%8B%E1%85%A2%E1%86%A8%E1%84%89%E1%85%A6%E1%84%89%E1%85%A5%E1%84%85%E1%85%B5-%E1%84%82%E1%85%B5%E1%84%90%E1%85%B3-%E1%84%90%E1%85%A1%E1%86%B8-p05536035.html,https://static.zara.net/assets/public/ffb5/ce14/b0674cafb10e/ef7605d5f1af/03911700930-p/03911700930-p.jpg?ts=1777460035195,"₩45,900",,,260622,올리브,,,,
,false,,ZARA,상의,셔츠/블라우스,여성,메탈릭 얀 숄더 패드 스트라이프 타이 탑,https://www.zara.com/kr/ko/%E1%84%89%E1%85%AD%E1%86%AF%E1%84%83%E1%85%A5-%E1%84%91%E1%85%A2%E1%84%83%E1%85%B3-%E1%84%86%E1%85%A6%E1%84%90%E1%85%A1%E1%86%AF%E1%84%85%E1%85%B5%E1%86%A8-%E1%84%89%E1%85%B3%E1%84%90%E1%85%B3%E1%84%85%E1%85%A1%E1%84%8B%E1%85%B5%E1%84%91%E1%85%B3-%E1%84%90%E1%85%A1%E1%86%B8-p03225833.html,https://static.zara.net/assets/public/9cb7/23a9/5f544ff1a954/6c4126d02552/03225833975-p/03225833975-p.jpg?ts=1775808779468,"₩49,900",,,260622,975,,,,
,false,,ZARA,상의,셔츠/블라우스,여성,벌룬 스트라이프 탑,https://www.zara.com/kr/ko/%E1%84%87%E1%85%A5%E1%86%AF%E1%84%85%E1%85%AE%E1%86%AB-%E1%84%89%E1%85%B3%E1%84%90%E1%85%B3%E1%84%85%E1%85%A1%E1%84%8B%E1%85%B5%E1%84%91%E1%85%B3-%E1%84%90%E1%85%A1%E1%86%B8-p04387098.html,https://static.zara.net/assets/public/88dc/77bb/450a49ae9d5f/fa272da4dad8/04387100730-p/04387100730-p.jpg?ts=1773744136817,"₩49,900",,,260622,라이트 브라운,,,,
,false,,ZARA,상의,탑,여성,백리스 니트 탑,https://www.zara.com/kr/ko/%E1%84%8B%E1%85%A9%E1%84%91%E1%85%B3%E1%86%AB%E1%84%87%E1%85%A2%E1%86%A8-%E1%84%82%E1%85%B5%E1%84%90%E1%85%B3-%E1%84%90%E1%85%A1%E1%86%B8-p03920371.html,https://static.zara.net/assets/public/b7db/5470/ffdb4e0e8c09/b4e777da2e8d/03920371700-p/03920371700-p.jpg?ts=1773744127411,"₩55,900",,,260622,브라운,,,,
,false,,ZARA,기타,WAISTCOAT,여성,토글 버튼 니트 베스트,https://www.zara.com/kr/ko/%E1%84%90%E1%85%A9%E1%84%80%E1%85%B3%E1%86%AF-%E1%84%87%E1%85%A5%E1%84%90%E1%85%B3%E1%86%AB-%E1%84%82%E1%85%B5%E1%84%90%E1%85%B3-%E1%84%87%E1%85%A6%E1%84%89%E1%85%B3%E1%84%90%E1%85%B3-p05536030.html,https://static.zara.net/assets/public/01f1/1974/43294e59a20c/5ba7c23667bf/05536030505-p/05536030505-p.jpg?ts=1774371078906,"₩57,900",,,260622,카키,,,,
,false,,ZARA,상의,탑,여성,폴리아미드 홀터넥 탑,https://www.zara.com/kr/ko/%E1%84%91%E1%85%A9%E1%86%AF%E1%84%85%E1%85%B5%E1%84%8B%E1%85%A1%E1%84%86%E1%85%B5%E1%84%83%E1%85%B3-%E1%84%92%E1%85%A9%E1%86%AF%E1%84%90%E1%85%A5%E1%84%82%E1%85%A6%E1%86%A8-%E1%84%90%E1%85%A1%E1%86%B8-p01355023.html,https://static.zara.net/assets/public/20c5/a036/54504defbc9b/2fa6243f8fda/01355023515-p/01355023515-p.jpg?ts=1775723697812,"₩45,900",,,260622,올리브,,,,
,false,,ZARA,상의,탑,여성,폴리아미드 홀터넥 탑,https://www.zara.com/kr/ko/%E1%84%91%E1%85%A9%E1%86%AF%E1%84%85%E1%85%B5%E1%84%8B%E1%85%A1%E1%84%86%E1%85%B5%E1%84%83%E1%85%B3-%E1%84%92%E1%85%A9%E1%86%AF%E1%84%90%E1%85%A5%E1%84%82%E1%85%A6%E1%86%A8-%E1%84%90%E1%85%A1%E1%86%B8-p01355023.html,https://static.zara.net/assets/public/6eaa/9b17/b7ab4087a0a9/598a2a4052d3/01355023725-p/01355023725-p.jpg?ts=1775723697990,"₩45,900",,,260622,버터,,,,
,false,,ZARA,상의,탑,여성,폴리아미드 홀터넥 탑,https://www.zara.com/kr/ko/%E1%84%91%E1%85%A9%E1%86%AF%E1%84%85%E1%85%B5%E1%84%8B%E1%85%A1%E1%84%86%E1%85%B5%E1%84%83%E1%85%B3-%E1%84%92%E1%85%A9%E1%86%AF%E1%84%90%E1%85%A5%E1%84%82%E1%85%A6%E1%86%A8-%E1%84%90%E1%85%A1%E1%86%B8-p01355023.html,https://static.zara.net/assets/public/7343/f7ad/eb164ef399ec/6160d29c28ec/01355023800-p/01355023800-p.jpg?ts=1775723699256,"₩45,900",,,260622,블랙,,,,
,false,,ZARA,상의,셔츠/블라우스,여성,홀터넥 스트라이프 보우 베스트,https://www.zara.com/kr/ko/%E1%84%89%E1%85%B3%E1%84%90%E1%85%B3%E1%84%85%E1%85%A1%E1%84%8B%E1%85%B5%E1%84%91%E1%85%B3-%E1%84%90%E1%85%A1%E1%84%8B%E1%85%B5-%E1%84%92%E1%85%A9%E1%86%AF%E1%84%90%E1%85%A5%E1%84%82%E1%85%A6%E1%86%A8-%E1%84%87%E1%85%A6%E1%84%89%E1%85%B3%E1%84%90%E1%85%B3-p06962025.html,https://static.zara.net/assets/public/ea44/b5c8/14c24104aced/163d3e99222a/06962025620-p/06962025620-p.jpg?ts=1774450615723,"₩55,900",,,260622,로즈핑크,,,,
,false,,ZARA,상의,셔츠/블라우스,여성,벌룬 포플린 탑,https://www.zara.com/kr/ko/%E1%84%87%E1%85%A5%E1%86%AF%E1%84%85%E1%85%AE%E1%86%AB-%E1%84%91%E1%85%A9%E1%84%91%E1%85%B3%E1%86%AF%E1%84%85%E1%85%B5%E1%86%AB-%E1%84%90%E1%85%A1%E1%86%B8-p05029067.html,https://static.zara.net/assets/public/e344/9ff7/ac3341629319/7e1db6e677df/05029067250-p/05029067250-p.jpg?ts=1774455609162,"₩49,900",,,260622,화이트,,,,
,false,,ZARA,상의,티셔츠,여성,리브드 슬리브리스 탑,https://www.zara.com/kr/ko/%E1%84%85%E1%85%B5%E1%84%87%E1%85%B3%E1%84%83%E1%85%B3-%E1%84%89%E1%85%B3%E1%86%AF%E1%84%85%E1%85%B5%E1%84%87%E1%85%B3%E1%84%85%E1%85%B5%E1%84%89%E1%85%B3-%E1%84%90%E1%85%A1%E1%86%B8-p02335180.html,https://static.zara.net/assets/public/362f/cb2a/54124f5085b8/56b2582c60f1/02335180251-p/02335180251-p.jpg?ts=1776242835541,"₩21,900",,,260622,스크래치 화이트,,,,
,false,,ZARA,상의,티셔츠,여성,골지 크롭 탑,https://www.zara.com/kr/ko/%E1%84%80%E1%85%A9%E1%86%AF%E1%84%8C%E1%85%B5-%E1%84%8F%E1%85%B3%E1%84%85%E1%85%A9%E1%86%B8-%E1%84%90%E1%85%A1%E1%86%B8-p03641327.html,https://static.zara.net/assets/public/11c2/1518/50bb4127a6f2/0bbe40a7816d/03641327800-a5/03641327800-a5.jpg?ts=1776244695449,"₩17,900",,,260622,블랙,,,,
,false,,ZARA,상의,탑,여성,드레이프 홀터넥 탑,https://www.zara.com/kr/ko/%E1%84%83%E1%85%B3%E1%84%85%E1%85%A6%E1%84%8B%E1%85%B5%E1%84%91%E1%85%B3-%E1%84%92%E1%85%A9%E1%86%AF%E1%84%90%E1%85%A5%E1%84%82%E1%85%A6%E1%86%A8-%E1%84%90%E1%85%A1%E1%86%B8-p00085314.html,https://static.zara.net/assets/public/9084/88e0/be24443f9aea/4e0133f12b99/06929406064-p/06929406064-p.jpg?ts=1778231788874,"₩35,900",,,260622,화이트,,,,
,false,,ZARA,상의,탑,여성,더블 니트 탑,https://www.zara.com/kr/ko/%E1%84%83%E1%85%A5%E1%84%87%E1%85%B3%E1%86%AF-%E1%84%82%E1%85%B5%E1%84%90%E1%85%B3-%E1%84%90%E1%85%A1%E1%86%B8-p02142058.html,https://static.zara.net/assets/public/ed86/bae8/24ac43ca9004/cc65cab48633/02142058250-p/02142058250-p.jpg?ts=1770293443060,"₩49,900",,,260622,화이트,,,,
,false,,ZARA,상의,니트,여성,엑스트라 파인 울 실크 탑,https://www.zara.com/kr/ko/%E1%84%8B%E1%85%A6%E1%86%A8%E1%84%89%E1%85%B3%E1%84%90%E1%85%B3%E1%84%85%E1%85%A1-%E1%84%91%E1%85%A1%E1%84%8B%E1%85%B5%E1%86%AB-%E1%84%8B%E1%85%AE%E1%86%AF-%E1%84%89%E1%85%B5%E1%86%AF%E1%84%8F%E1%85%B3-%E1%84%90%E1%85%A1%E1%86%B8-p09598146.html,https://static.zara.net/assets/public/b6dc/483b/c9ef4f6eb1b2/f5ec7fec51e1/09598146401-p/09598146401-p.jpg?ts=1770293444231,"₩59,900",,,260622,네이비,,,,
,false,,ZARA,상의,티셔츠,여성,더블 페이크 루즈 탑,https://www.zara.com/kr/ko/%E1%84%91%E1%85%A6%E1%84%8B%E1%85%B5%E1%84%8F%E1%85%B3-%E1%84%83%E1%85%A5%E1%84%87%E1%85%B3%E1%86%AF-%E1%84%85%E1%85%AE%E1%84%8C%E1%85%B3-%E1%84%90%E1%85%A1%E1%86%B8-p05644016.html,https://static.zara.net/assets/public/a887/1953/b0fb42d18d7a/ae7e2fa37034/05644016251-p/05644016251-p.jpg?ts=1771438078221,"₩49,900",,,260622,스크래치 화이트,,,,
,false,,ZARA,상의,탑,여성,드레이프 언밸런스 탑,https://www.zara.com/kr/ko/%E1%84%83%E1%85%B3%E1%84%85%E1%85%A6%E1%84%8B%E1%85%B5%E1%84%91%E1%85%B3-%E1%84%8B%E1%85%A5%E1%86%AB%E1%84%87%E1%85%A2%E1%86%AF%E1%84%85%E1%85%A5%E1%86%AB%E1%84%89%E1%85%B3-%E1%84%90%E1%85%A1%E1%86%B8-p05644024.html,https://static.zara.net/assets/public/028c/77ad/5d314e2fb8d3/83b446925b81/05644024800-p/05644024800-p.jpg?ts=1771437702635,"₩49,900",,,260622,블랙,,,,
,false,,ZARA,상의,탑,여성,스트레치 니트 코르셋,https://www.zara.com/kr/ko/%E1%84%89%E1%85%B3%E1%84%90%E1%85%B3%E1%84%85%E1%85%A6%E1%84%8E%E1%85%B5-%E1%84%82%E1%85%B5%E1%84%90%E1%85%B3-%E1%84%8F%E1%85%A9%E1%84%85%E1%85%B3%E1%84%89%E1%85%A6%E1%86%BA-p05584349.html,https://static.zara.net/assets/public/88ae/53c7/377b4a84b4db/49ce18abc102/05584349251-p/05584349251-p.jpg?ts=1770738604690,"₩45,900",,,260622,스크래치 화이트,,,,
,false,,ZARA,상의,탑,여성,스트레치 니트 코르셋,https://www.zara.com/kr/ko/%E1%84%89%E1%85%B3%E1%84%90%E1%85%B3%E1%84%85%E1%85%A6%E1%84%8E%E1%85%B5-%E1%84%82%E1%85%B5%E1%84%90%E1%85%B3-%E1%84%8F%E1%85%A9%E1%84%85%E1%85%B3%E1%84%89%E1%85%A6%E1%86%BA-p05584349.html,https://static.zara.net/assets/public/b696/7c40/cd6544de86fa/ab3db0712159/05584349641-p/05584349641-p.jpg?ts=1770741688275,"₩45,900",,,260622,다크 레드,,,,
,false,,ZARA,상의,탑,여성,스트레치 니트 코르셋,https://www.zara.com/kr/ko/%E1%84%89%E1%85%B3%E1%84%90%E1%85%B3%E1%84%85%E1%85%A6%E1%84%8E%E1%85%B5-%E1%84%82%E1%85%B5%E1%84%90%E1%85%B3-%E1%84%8F%E1%85%A9%E1%84%85%E1%85%B3%E1%84%89%E1%85%A6%E1%86%BA-p05584349.html,https://static.zara.net/assets/public/573b/0cbe/5bfb49dba67e/49ff732f84e5/05584349800-p/05584349800-p.jpg?ts=1770741689875,"₩45,900",,,260622,블랙,,,,
,false,,ZARA,상의,탑,여성,스터드 스트레치 오프숄더 탑,https://www.zara.com/kr/ko/%E1%84%89%E1%85%B3%E1%84%90%E1%85%A5%E1%84%83%E1%85%B3-%E1%84%89%E1%85%B3%E1%84%90%E1%85%B3%E1%84%85%E1%85%A6%E1%84%8E%E1%85%B5-%E1%84%8B%E1%85%A9%E1%84%91%E1%85%B3%E1%84%89%E1%85%AD%E1%86%AF%E1%84%83%E1%85%A5-%E1%84%90%E1%85%A1%E1%86%B8-p06050313.html,https://static.zara.net/assets/public/6e8a/27b1/d4474e6ea8fe/036ab64fce46/06050313800-p/06050313800-p.jpg?ts=1771597845285,"₩39,900",,,260622,블랙,,,,
,false,,ZARA,상의,탑,여성,스터드 스트레치 밴도 탑,https://www.zara.com/kr/ko/%E1%84%89%E1%85%B3%E1%84%90%E1%85%A5%E1%84%83%E1%85%B3-%E1%84%89%E1%85%B3%E1%84%90%E1%85%B3%E1%84%85%E1%85%A6%E1%84%8E%E1%85%B5-%E1%84%8B%E1%85%A9%E1%84%91%E1%85%B3%E1%84%89%E1%85%AD%E1%86%AF%E1%84%83%E1%85%A5-%E1%84%90%E1%85%A1%E1%86%B8-p06050313.html,https://static.zara.net/assets/public/4ef4/271e/4057410fa025/7951b4695284/06050313716-p/06050313716-p.jpg?ts=1771597844830,"₩39,900",,,260622,다크 브라운,,,,
,false,,ZARA,상의,탑,여성,벌룬 슬리브 리브드 니트 탑,https://www.zara.com/kr/ko/%E1%84%87%E1%85%A5%E1%86%AF%E1%84%85%E1%85%AE%E1%86%AB-%E1%84%89%E1%85%B3%E1%86%AF%E1%84%85%E1%85%B5%E1%84%87%E1%85%B3-%E1%84%85%E1%85%B5%E1%84%87%E1%85%B3%E1%84%83%E1%85%B3-%E1%84%82%E1%85%B5%E1%84%90%E1%85%B3-%E1%84%90%E1%85%A1%E1%86%B8-p00014003.html,https://static.zara.net/assets/public/6676/177b/1d2c48928c1d/1afde08def07/00014003401-p/00014003401-p.jpg?ts=1770803355812,"₩55,900",,,260622,네이비,,,,
,false,,ZARA,상의,탑,여성,벌룬 슬리브 리브드 니트 탑,https://www.zara.com/kr/ko/%E1%84%87%E1%85%A5%E1%86%AF%E1%84%85%E1%85%AE%E1%86%AB-%E1%84%89%E1%85%B3%E1%86%AF%E1%84%85%E1%85%B5%E1%84%87%E1%85%B3-%E1%84%85%E1%85%B5%E1%84%87%E1%85%B3%E1%84%83%E1%85%B3-%E1%84%82%E1%85%B5%E1%84%90%E1%85%B3-%E1%84%90%E1%85%A1%E1%86%B8-p00014003.html,https://static.zara.net/assets/public/2ba6/9d6a/0ec34d42891d/da317ece2178/00014003712-p/00014003712-p.jpg?ts=1770803359220,"₩55,900",,,260622,크림,,,,
,false,,ZARA,상의,셔츠/블라우스,여성,홀터넥 오픈백 탑,https://www.zara.com/kr/ko/%E1%84%92%E1%85%A9%E1%86%AF%E1%84%90%E1%85%A5%E1%84%82%E1%85%A6%E1%86%A8-%E1%84%8B%E1%85%A9%E1%84%91%E1%85%B3%E1%86%AB%E1%84%87%E1%85%A2%E1%86%A8-%E1%84%87%E1%85%A1%E1%84%83%E1%85%B5%E1%84%89%E1%85%AE%E1%84%90%E1%85%B3-p03052741.html,https://static.zara.net/assets/public/6d75/c2e4/6b8b4152ba1c/63b072fae7db/03052741507-p/03052741507-p.jpg?ts=1779207513006,"₩55,900",,,260622,다크 카키,,,,
,false,,ZARA,기타,WAISTCOAT,여성,테일러드 토글 버튼 베스트,https://www.zara.com/kr/ko/%E1%84%90%E1%85%A6%E1%84%8B%E1%85%B5%E1%86%AF%E1%84%85%E1%85%A5%E1%84%83%E1%85%B3-%E1%84%90%E1%85%A9%E1%84%80%E1%85%B3%E1%86%AF-%E1%84%87%E1%85%A5%E1%84%90%E1%85%B3%E1%86%AB-%E1%84%87%E1%85%A6%E1%84%89%E1%85%B3%E1%84%90%E1%85%B3-p02871793.html,https://static.zara.net/assets/public/adbb/8b12/05204ebea81b/999579bf4f44/02871793052-p/02871793052-p.jpg?ts=1779207025225,"₩79,900",,,260622,라이트 베이지,,,,
,false,,ZARA,상의,셔츠/블라우스,여성,코튼 스트랩 탑,https://www.zara.com/kr/ko/%E1%84%8F%E1%85%A9%E1%84%90%E1%85%B3%E1%86%AB-%E1%84%89%E1%85%B3%E1%84%90%E1%85%B3%E1%84%85%E1%85%A2%E1%86%B8-%E1%84%90%E1%85%A1%E1%86%B8-p05644314.html,https://static.zara.net/assets/public/b8f5/ec51/fa0c4a98b98a/5eb0eabfa2b3/05644314625-p/05644314625-p.jpg?ts=1772637308437,"₩29,900",,,260622,그레이 로즈,,,,
,false,,ZARA,상의,셔츠/블라우스,여성,TRF 오프숄더 데님 탑,https://www.zara.com/kr/ko/trf-%E1%84%8B%E1%85%A9%E1%84%91%E1%85%B3%E1%84%89%E1%85%AD%E1%86%AF%E1%84%83%E1%85%A5-%E1%84%83%E1%85%A6%E1%84%82%E1%85%B5%E1%86%B7-%E1%84%90%E1%85%A1%E1%86%B8-p01300260.html,https://static.zara.net/assets/public/e451/8f33/e2d84af98e85/bd031468df50/01300260443-p/01300260443-p.jpg?ts=1772790393687,"₩49,900",,,260622,다크 인디고,,,,
,false,,ZARA,상의,탑,여성,셔링 니트 탑,https://www.zara.com/kr/ko/%E1%84%89%E1%85%A7%E1%84%85%E1%85%B5%E1%86%BC-%E1%84%82%E1%85%B5%E1%84%90%E1%85%B3-%E1%84%90%E1%85%A1%E1%86%B8-p02142108.html,https://static.zara.net/assets/public/f43c/c8c1/31da4bd2926f/1276e95c33f4/02142108600-p/02142108600-p.jpg?ts=1776163222639,"₩55,900",,,260622,레드,,,,
,false,,ZARA,상의,셔츠/블라우스,여성,ZW 컬렉션 데님 토글 버튼 베스트,https://www.zara.com/kr/ko/zw-%E1%84%8F%E1%85%A5%E1%86%AF%E1%84%85%E1%85%A6%E1%86%A8%E1%84%89%E1%85%A7%E1%86%AB-%E1%84%83%E1%85%A6%E1%84%82%E1%85%B5%E1%86%B7-%E1%84%90%E1%85%A9%E1%84%80%E1%85%B3%E1%86%AF-%E1%84%87%E1%85%A5%E1%84%90%E1%85%B3%E1%86%AB-%E1%84%87%E1%85%A6%E1%84%89%E1%85%B3%E1%84%90%E1%85%B3-p04001054.html,https://static.zara.net/assets/public/876d/262d/f6674afba723/ebcd39147301/04001054406-p/04001054406-p.jpg?ts=1780585569926,"₩109,900",,,260622,라이트 블루,,,,
,false,,ZARA,상의,니트,여성,반소매 니트 탑,https://www.zara.com/kr/ko/%E1%84%87%E1%85%A1%E1%86%AB%E1%84%89%E1%85%A9%E1%84%86%E1%85%A2-%E1%84%82%E1%85%B5%E1%84%90%E1%85%B3-%E1%84%90%E1%85%A1%E1%86%B8-p02142137.html,https://static.zara.net/assets/public/b18c/996e/9688482f8790/2f60826018b9/02142137104-p/02142137104-p.jpg?ts=1779983414154,"₩49,900",,,260622,스트라이프,,,,
,false,,ZARA,상의,셔츠/블라우스,여성,매듭 포플린 탑,https://www.zara.com/kr/ko/%E1%84%86%E1%85%A2%E1%84%83%E1%85%B3%E1%86%B8-%E1%84%91%E1%85%A9%E1%84%91%E1%85%B3%E1%86%AF%E1%84%85%E1%85%B5%E1%86%AB-%E1%84%90%E1%85%A1%E1%86%B8-p07484104.html,https://static.zara.net/assets/public/b3aa/0cea/744248f3b68e/1f7b49fcd3ae/07484104403-p/07484104403-p.jpg?ts=1779969915541,"₩55,900",,,260622,하늘색,,,,
,false,,ZARA,상의,탑,여성,스트라이프 언밸런스 탑,https://www.zara.com/kr/ko/%E1%84%89%E1%85%B3%E1%84%90%E1%85%B3%E1%84%85%E1%85%A1%E1%84%8B%E1%85%B5%E1%84%91%E1%85%B3-%E1%84%8B%E1%85%A5%E1%86%AB%E1%84%87%E1%85%A2%E1%86%AF%E1%84%85%E1%85%A5%E1%86%AB%E1%84%89%E1%85%B3-%E1%84%90%E1%85%A1%E1%86%B8-p05063354.html,https://static.zara.net/assets/public/7a68/836f/271448b1b41c/2ec3ec8c65d0/05063354944-1-p/05063354944-1-p.jpg?ts=1775065425750,"₩39,900",,,260622,레드 스트라이프,,,,
,false,,ZARA,상의,탑,여성,슬리브리스 크롭 탑,https://www.zara.com/kr/ko/%E1%84%89%E1%85%B3%E1%86%AF%E1%84%85%E1%85%B5%E1%84%87%E1%85%B3%E1%84%85%E1%85%B5%E1%84%89%E1%85%B3-%E1%84%8F%E1%85%B3%E1%84%85%E1%85%A9%E1%86%B8-%E1%84%90%E1%85%A1%E1%86%B8-p03641374.html,https://static.zara.net/assets/public/e5ba/3142/1eb64dc2920b/f2167cd6b7e2/03641374250-p/03641374250-p.jpg?ts=1774971515941,"₩17,900",,,260622,화이트,,,,
,false,,ZARA,상의,셔츠/블라우스,여성,ZW 컬렉션 자카드 언밸런스 탑,https://www.zara.com/kr/ko/zw-%E1%84%8F%E1%85%A5%E1%86%AF%E1%84%85%E1%85%A6%E1%86%A8%E1%84%89%E1%85%A7%E1%86%AB-%E1%84%8B%E1%85%A5%E1%86%AB%E1%84%87%E1%85%A2%E1%86%AF%E1%84%85%E1%85%A5%E1%86%AB%E1%84%89%E1%85%B3-%E1%84%8C%E1%85%A1%E1%84%8F%E1%85%A1%E1%84%83%E1%85%B3-%E1%84%90%E1%85%A1%E1%86%B8-p06102341.html,https://static.zara.net/assets/public/6259/cf2b/41eb4447b77c/328a1e37c3c3/06102341450-1-p/06102341450-1-p.jpg?ts=1777028778038,"₩149,900",,,260622,베이지,,,,
,false,,ZARA,상의,티셔츠,여성,크롭 반소매 티셔츠,https://www.zara.com/kr/ko/%E1%84%83%E1%85%A9%E1%84%90%E1%85%B3-%E1%84%91%E1%85%A2%E1%84%90%E1%85%A5%E1%86%AB-%E1%84%8F%E1%85%B3%E1%84%85%E1%85%A9%E1%86%B8-%E1%84%87%E1%85%A1%E1%86%AB%E1%84%89%E1%85%A9%E1%84%86%E1%85%A2-%E1%84%90%E1%85%B5%E1%84%89%E1%85%A7%E1%84%8E%E1%85%B3-p03641305.html,https://static.zara.net/assets/public/4e92/84f3/301c451ea74a/235c4a10f213/03641305250-a2/03641305250-a2.jpg?ts=1774606089712,"₩14,900",,,260622,화이트,,,,
,false,,ZARA,상의,티셔츠,여성,레이스 코르셋,https://www.zara.com/kr/ko/%E1%84%85%E1%85%A6%E1%84%8B%E1%85%B5%E1%84%89%E1%85%B3-%E1%84%8F%E1%85%A9%E1%84%85%E1%85%B3%E1%84%89%E1%85%A6%E1%86%BA-p01223010.html,https://static.zara.net/assets/public/1ba0/a1e6/6be944a2a148/3668d5ae8c87/01223010700-a4/01223010700-a4.jpg?ts=1778066674060,"₩55,900",,,260622,브라운,,,,
,false,,ZARA,상의,티셔츠,여성,레이스 코르셋,https://www.zara.com/kr/ko/%E1%84%85%E1%85%A6%E1%84%8B%E1%85%B5%E1%84%89%E1%85%B3-%E1%84%8F%E1%85%A9%E1%84%85%E1%85%B3%E1%84%89%E1%85%A6%E1%86%BA-p01223010.html,https://static.zara.net/assets/public/5bc6/6cb6/59ce4700975d/24d3c2451b1d/01223010800-a4/01223010800-a4.jpg?ts=1778066666850,"₩55,900",,,260622,블랙,,,,
,false,,ZARA,상의,탑,여성,코르셋 텍스처 탑,https://www.zara.com/kr/ko/%E1%84%8F%E1%85%A9%E1%84%85%E1%85%B3%E1%84%89%E1%85%A6%E1%86%BA-%E1%84%90%E1%85%A6%E1%86%A8%E1%84%89%E1%85%B3%E1%84%8E%E1%85%A5-%E1%84%90%E1%85%A1%E1%86%B8-p04813313.html,https://static.zara.net/assets/public/4434/90c4/e495445c9dad/d3b8dd4ef3fe/04813313712-000-p/04813313712-000-p.jpg?ts=1774020252949,"₩49,900",,,260622,크림,,,,
,false,,ZARA,상의,탑,여성,텍스처 코르셋 탑,https://www.zara.com/kr/ko/%E1%84%8F%E1%85%A9%E1%84%85%E1%85%B3%E1%84%89%E1%85%A6%E1%86%BA-%E1%84%90%E1%85%A6%E1%86%A8%E1%84%89%E1%85%B3%E1%84%8E%E1%85%A5-%E1%84%90%E1%85%A1%E1%86%B8-p04813313.html,https://static.zara.net/assets/public/5b22/7068/4949459782ca/e2e890f71e4a/04813313717-000-p/04813313717-000-p.jpg?ts=1774020255797,"₩49,900",,,260622,초콜렛,,,,
,false,,ZARA,상의,탑,여성,코르셋 텍스처 탑,https://www.zara.com/kr/ko/%E1%84%8F%E1%85%A9%E1%84%85%E1%85%B3%E1%84%89%E1%85%A6%E1%86%BA-%E1%84%90%E1%85%A6%E1%86%A8%E1%84%89%E1%85%B3%E1%84%8E%E1%85%A5-%E1%84%90%E1%85%A1%E1%86%B8-p04813313.html,https://static.zara.net/assets/public/4c63/1cbf/24184d78b748/aa675a6a23b0/04813313621-000-p/04813313621-000-p.jpg?ts=1774020249470,"₩49,900",,,260622,파스텔 로즈,,,,
,false,,ZARA,상의,탑,여성,프릴 니트 탑,https://www.zara.com/kr/ko/%E1%84%91%E1%85%B3%E1%84%85%E1%85%B5%E1%86%AF-%E1%84%82%E1%85%B5%E1%84%90%E1%85%B3-%E1%84%90%E1%85%A1%E1%86%B8-p04192078.html,https://static.zara.net/assets/public/bc9d/bff0/283c48a18950/e1dc436a673e/04192078250-p/04192078250-p.jpg?ts=1779372577948,"₩49,900",,,260622,화이트,,,,
,false,,ZARA,상의,탑,여성,골드 아플리케 숏 슬리브 니트 탑,https://www.zara.com/kr/ko/%E1%84%80%E1%85%A9%E1%86%AF%E1%84%83%E1%85%B3-%E1%84%8B%E1%85%A1%E1%84%91%E1%85%B3%E1%86%AF%E1%84%85%E1%85%B5%E1%84%8F%E1%85%A6-%E1%84%89%E1%85%AD%E1%86%BA-%E1%84%89%E1%85%B3%E1%86%AF%E1%84%85%E1%85%B5%E1%84%87%E1%85%B3-%E1%84%82%E1%85%B5%E1%84%90%E1%85%B3-%E1%84%90%E1%85%A1%E1%86%B8-p05536034.html,https://static.zara.net/assets/public/78f6/ad60/539f44f48d7b/3f7d29fd483c/05536034300-a2/05536034300-a2.jpg?ts=1779202432583,"₩55,900",,,260622,노랑,,,,
,false,,ZARA,상의,탑,여성,펄 링클 페이크 니트 탑,https://www.zara.com/kr/ko/%E1%84%85%E1%85%B5%E1%86%BC%E1%84%8F%E1%85%B3%E1%86%AF-%E1%84%91%E1%85%A6%E1%84%8B%E1%85%B5%E1%84%8F%E1%85%B3-%E1%84%8C%E1%85%B5%E1%86%AB%E1%84%8C%E1%85%AE-%E1%84%82%E1%85%B5%E1%84%90%E1%85%B3-%E1%84%90%E1%85%A1%E1%86%B8-p09598017.html,https://static.zara.net/assets/public/c4a5/4617/1eaa4ac6836d/b9e9146d86e5/09598017942-p/09598017942-p.jpg?ts=1770824573540,"₩59,900",,,260622,베이지 핑크,,,,
,false,,ZARA,상의,탑,여성,오프숄더 니트 탑,https://www.zara.com/kr/ko/%E1%84%8B%E1%85%A9%E1%84%91%E1%85%B3-%E1%84%89%E1%85%AD%E1%86%AF%E1%84%83%E1%85%A5-%E1%84%82%E1%85%B5%E1%84%90%E1%85%B3-%E1%84%90%E1%85%A1%E1%86%B8-p03456011.html,https://static.zara.net/assets/public/3858/14c9/6d3f40cea7ad/15f43df315a3/03456011081-ULT/03456011081-ULT.jpg?ts=1775676405239,"₩49,900",,,260622,"샌드,그레이",,,,
,false,,ZARA,상의,탑,여성,자수 프릴 스트랩 탑,https://www.zara.com/kr/ko/%E1%84%8C%E1%85%A1%E1%84%89%E1%85%AE-%E1%84%91%E1%85%B3%E1%84%85%E1%85%B5%E1%86%AF-%E1%84%89%E1%85%B3%E1%84%90%E1%85%B3%E1%84%85%E1%85%A2%E1%86%B8-%E1%84%90%E1%85%A1%E1%86%B8-p07521108.html,https://static.zara.net/assets/public/a322/3b45/b9be43168ccb/4eac824b1cd5/07521108713-p/07521108713-p.jpg?ts=1776348513627,"₩109,900",,,260622,베이지 핑크,,,,
,false,,ZARA,상의,탑,여성,자수 비즈 스트랩 탑,https://www.zara.com/kr/ko/%E1%84%8C%E1%85%A1%E1%84%89%E1%85%AE-%E1%84%87%E1%85%B5%E1%84%8C%E1%85%B3-%E1%84%89%E1%85%B3%E1%84%90%E1%85%B3%E1%84%85%E1%85%A2%E1%86%B8-%E1%84%90%E1%85%A1%E1%86%B8-p01377106.html,https://static.zara.net/assets/public/766a/2db3/ce564c4c8471/50a909e23d86/01377106700-p/01377106700-p.jpg?ts=1775646666566,"₩129,900",,,260622,브라운,,,,
,false,,ZARA,상의,티셔츠,여성,스트라이프 슬리브리스 탑,https://www.zara.com/kr/ko/%E1%84%89%E1%85%B3%E1%84%90%E1%85%B3%E1%84%85%E1%85%A1%E1%84%8B%E1%85%B5%E1%84%91%E1%85%B3-%E1%84%89%E1%85%B3%E1%86%AF%E1%84%85%E1%85%B5%E1%84%87%E1%85%B3%E1%84%85%E1%85%B5%E1%84%89%E1%85%B3-%E1%84%90%E1%85%A1%E1%86%B8-p05039032.html,https://static.zara.net/assets/public/ab83/6e07/ff9841f19a39/06a13b1493c4/05039032400-p/05039032400-p.jpg?ts=1776423684303,"₩35,900",,,260622,블루,,,,
,false,,ZARA,상의,티셔츠,여성,스트럭처 스트랩 탑,https://www.zara.com/kr/ko/%E1%84%89%E1%85%B3%E1%84%90%E1%85%B3%E1%84%85%E1%85%A5%E1%86%A8%E1%84%8E%E1%85%A5-%E1%84%89%E1%85%B3%E1%84%90%E1%85%B3%E1%84%85%E1%85%A2%E1%86%B8-%E1%84%90%E1%85%A1%E1%86%B8-p04174225.html,https://static.zara.net/assets/public/da53/c5e4/42f8473791e8/a97573663c78/04174225701-p/04174225701-p.jpg?ts=1776338750649,"₩29,900",,,260622,테라코타,,,,
,false,,ZARA,상의,티셔츠,여성,스트럭처 스트랩 탑,https://www.zara.com/kr/ko/%E1%84%89%E1%85%B3%E1%84%90%E1%85%B3%E1%84%85%E1%85%A5%E1%86%A8%E1%84%8E%E1%85%A5-%E1%84%89%E1%85%B3%E1%84%90%E1%85%B3%E1%84%85%E1%85%A2%E1%86%B8-%E1%84%90%E1%85%A1%E1%86%B8-p04174225.html,https://static.zara.net/assets/public/28c3/edb6/d00b4df88d35/9c40c27cd88c/04174225712-p/04174225712-p.jpg?ts=1776338750838,"₩29,900",,,260622,크림,,,,
,false,,ZARA,상의,셔츠/블라우스,여성,튤 콤비 코르셋 탑,https://www.zara.com/kr/ko/%E1%84%90%E1%85%B2%E1%86%AF-%E1%84%8F%E1%85%A9%E1%86%B7%E1%84%87%E1%85%B5-%E1%84%8F%E1%85%A9%E1%84%85%E1%85%B3%E1%84%89%E1%85%A6%E1%86%BA-%E1%84%90%E1%85%A1%E1%86%B8-p04661065.html,https://static.zara.net/assets/public/efc3/d60d/5d224123987c/85ebfd21fefd/04661065251-a2/04661065251-a2.jpg?ts=1779978112099,"₩59,900",,,260622,스크래치 화이트,,,,
,false,,ZARA,상의,탑,여성,스트랩 콤비 니트 탑,https://www.zara.com/kr/ko/%E1%84%82%E1%85%B5%E1%84%90%E1%85%B3-%E1%84%8F%E1%85%A9%E1%86%B7%E1%84%87%E1%85%B5-%E1%84%89%E1%85%B3%E1%84%90%E1%85%B3%E1%84%85%E1%85%A2%E1%86%B8-%E1%84%90%E1%85%A1%E1%86%B8-p01957008.html,https://static.zara.net/assets/public/8066/030f/1f534bd5a327/ed44462a0117/01957008712-a2/01957008712-a2.jpg?ts=1774520730374,"₩79,900",,,260622,크림,,,,
,false,,ZARA,상의,셔츠/블라우스,여성,크로셰 콤비 탑,https://www.zara.com/kr/ko/%E1%84%8F%E1%85%B3%E1%84%85%E1%85%A9%E1%84%89%E1%85%A8-%E1%84%8F%E1%85%A9%E1%86%B7%E1%84%87%E1%85%B5-%E1%84%90%E1%85%A1%E1%86%B8-p08741034.html,https://static.zara.net/assets/public/8cb8/7809/125444fd979e/4625e0c941a0/08741034700-p/08741034700-p.jpg?ts=1774529314687,"₩55,900",,,260622,브라운,,,,
,false,,ZARA,상의,탑,여성,레이스 롱 슬리브 탑,https://www.zara.com/kr/ko/%E1%84%85%E1%85%A6%E1%84%8B%E1%85%B5%E1%84%89%E1%85%B3-%E1%84%85%E1%85%A9%E1%86%BC-%E1%84%89%E1%85%B3%E1%86%AF%E1%84%85%E1%85%B5%E1%84%87%E1%85%B3-%E1%84%90%E1%85%A1%E1%86%B8-p03641874.html,https://static.zara.net/assets/public/850e/65ed/8257482c8fe3/41e7adb960ce/03641874800-a1/03641874800-a1.jpg?ts=1759910817111,"₩29,900",,,260622,블랙,,,,
,false,,ZARA,상의,니트,여성,언밸런스 니트 탑,https://www.zara.com/kr/ko/%E1%84%8B%E1%85%A5%E1%86%AB%E1%84%87%E1%85%A2%E1%86%AF%E1%84%85%E1%85%A5%E1%86%AB%E1%84%89%E1%85%B3-%E1%84%82%E1%85%B5%E1%84%90%E1%85%B3-%E1%84%90%E1%85%A1%E1%86%B8-p02756032.html,https://static.zara.net/assets/public/231b/ec09/ce474dfd8b36/1e34c14a65cc/02756032711-a1/02756032711-a1.jpg?ts=1775748336599,"₩49,900",,,260622,샌드,,,,
,false,,ZARA,상의,탑,여성,숏 케이프 니트,https://www.zara.com/kr/ko/%E1%84%89%E1%85%AD%E1%84%90%E1%85%B3-%E1%84%8F%E1%85%A6%E1%84%8B%E1%85%B5%E1%84%91%E1%85%B3-%E1%84%82%E1%85%B5%E1%84%90%E1%85%B3-%E1%84%89%E1%85%B3%E1%84%8B%E1%85%B0%E1%84%90%E1%85%A5-p02756044.html,https://static.zara.net/assets/public/fd17/d39c/f74941959d27/ffefa39dc2bb/02756044700-p/02756044700-p.jpg?ts=1779206726647,"₩49,900",,,260622,브라운,,,,
,false,,ZARA,상의,탑,여성,콘트라스트 홀터 크롭 탑,https://www.zara.com/kr/ko/%E1%84%87%E1%85%A2%E1%84%89%E1%85%A2%E1%86%A8-%E1%84%92%E1%85%A9%E1%86%AF%E1%84%90%E1%85%A5%E1%84%82%E1%85%A6%E1%86%A8-%E1%84%8F%E1%85%B3%E1%84%85%E1%85%A9%E1%86%B8-%E1%84%90%E1%85%A1%E1%86%B8-p03253329.html,https://static.zara.net/assets/public/0eeb/49d5/360e494a89dc/d5437235cfa6/03253329049-p/03253329049-p.jpg?ts=1777285636536,"₩17,900",,,260622,브라운-블루,,,,
,false,,ZARA,기타,WAISTCOAT,여성,벌룬 베스트,https://www.zara.com/kr/ko/%E1%84%87%E1%85%A5%E1%86%AF%E1%84%85%E1%85%AE%E1%86%AB-%E1%84%87%E1%85%A6%E1%84%89%E1%85%B3%E1%84%90%E1%85%B3-p04387073.html,https://static.zara.net/assets/public/1255/bfe7/b9c1419f9f68/ce2663b559bf/04387073800-p/04387073800-p.jpg?ts=1773848012360,"₩57,900",,,260622,블랙,,,,
,false,,ZARA,기타,WAISTCOAT,여성,플랫 프론트 베스트 세트,https://www.zara.com/kr/ko/%E1%84%91%E1%85%B3%E1%86%AF%E1%84%85%E1%85%A2%E1%86%BA-%E1%84%91%E1%85%B3%E1%84%85%E1%85%A9%E1%86%AB%E1%84%90%E1%85%B3-%E1%84%87%E1%85%A6%E1%84%89%E1%85%B3%E1%84%90%E1%85%B3-%E1%84%89%E1%85%A6%E1%84%90%E1%85%B3-p02298164.html,https://static.zara.net/assets/public/b773/605d/c28649aa946b/1a1f0f32e72b/16105710721-p/16105710721-p.jpg?ts=1773834981890,"₩59,900",,,260622,인디고,,,,
,false,,ZARA,상의,탑,여성,핀스트라이프 캐미솔 탑,https://www.zara.com/kr/ko/%E1%84%89%E1%85%B3%E1%84%90%E1%85%B3%E1%84%85%E1%85%A1%E1%84%8B%E1%85%B5%E1%84%91%E1%85%B3-%E1%84%8F%E1%85%A2%E1%84%86%E1%85%B5%E1%84%89%E1%85%A9%E1%86%AF-%E1%84%90%E1%85%A1%E1%86%B8-p03644165.html,https://static.zara.net/assets/public/f9c4/d81f/e52743e3b28a/ee9e6fe6547b/03644165104-p/03644165104-p.jpg?ts=1769708925306,"₩39,900",,,260622,스트라이프,,,,
,false,,ZARA,상의,셔츠/블라우스,여성,엘라스틱 버튼 탑,https://www.zara.com/kr/ko/%E1%84%8B%E1%85%A6%E1%86%AF%E1%84%85%E1%85%A1%E1%84%89%E1%85%B3%E1%84%90%E1%85%B5%E1%86%A8-%E1%84%87%E1%85%A5%E1%84%90%E1%85%B3%E1%86%AB-%E1%84%90%E1%85%A1%E1%86%B8-p03067055.html,https://static.zara.net/assets/public/d905/6ff9/1ead443c8c3b/9c8a3a50bdc4/03067055756-p/03067055756-p.jpg?ts=1769788009958,"₩55,900",,,260622,미디움 카멜,,,,
,false,,ZARA,상의,탑,여성,도트 홀터넥 탑,https://www.zara.com/kr/ko/%E1%84%83%E1%85%A9%E1%84%90%E1%85%B3-%E1%84%91%E1%85%A2%E1%84%90%E1%85%A5%E1%86%AB-%E1%84%89%E1%85%B3%E1%84%90%E1%85%B3%E1%84%85%E1%85%A6%E1%84%8E%E1%85%B5-%E1%84%92%E1%85%A9%E1%86%AF%E1%84%90%E1%85%A5%E1%84%82%E1%85%A6%E1%86%A8-%E1%84%90%E1%85%A1%E1%86%B8-p03644324.html,https://static.zara.net/assets/public/fca0/9bca/12124b5da2d1/2b6b7bd68bf7/03644325064-p/03644325064-p.jpg?ts=1778231448160,"₩39,900",,,260622,"화이트,블랙",,,,
,false,,ZARA,상의,탑,여성,글리터 스트랩 탑,https://www.zara.com/kr/ko/%E1%84%80%E1%85%B3%E1%86%AF%E1%84%85%E1%85%B5%E1%84%90%E1%85%A5-%E1%84%89%E1%85%B3%E1%84%90%E1%85%B3%E1%84%85%E1%85%A2%E1%86%B8-%E1%84%90%E1%85%A1%E1%86%B8-p05063369.html,https://static.zara.net/assets/public/2573/bbf7/1ada49328dd8/458c63d60bf0/05063369922-p/05063369922-p.jpg?ts=1777909108096,"₩45,900",,,260622,다크 그레이,,,,
,false,,ZARA,상의,탑,여성,글리터 홀터넥 탑,https://www.zara.com/kr/ko/%E1%84%80%E1%85%B3%E1%86%AF%E1%84%85%E1%85%B5%E1%84%90%E1%85%A5-%E1%84%92%E1%85%A9%E1%86%AF%E1%84%90%E1%85%A5%E1%84%82%E1%85%A6%E1%86%A8-%E1%84%90%E1%85%A1%E1%86%B8-p05063370.html,https://static.zara.net/assets/public/770c/4c32/3dda4e07b79d/3cd54a9af683/05063370645-p/05063370645-p.jpg?ts=1777909108578,"₩49,900",,,260622,미디움 로즈,,,,
,false,,ZARA,상의,셔츠/블라우스,여성,자수 거즈 홀터넥 탑,https://www.zara.com/kr/ko/%E1%84%8C%E1%85%A1%E1%84%89%E1%85%AE-%E1%84%80%E1%85%A5%E1%84%8C%E1%85%B3-%E1%84%92%E1%85%A9%E1%86%AF%E1%84%90%E1%85%A5%E1%84%82%E1%85%A6%E1%86%A8-%E1%84%90%E1%85%A1%E1%86%B8-p00881035.html,https://static.zara.net/assets/public/d3df/c2be/6e6d4374b8ca/1f41f8719902/00881035700-p/00881035700-p.jpg?ts=1781622786311,"₩45,900",,,260622,브라운,,,,
,false,,ZARA,상의,셔츠/블라우스,여성,새틴 스트랩리스 탑,https://www.zara.com/kr/ko/%E1%84%89%E1%85%A2%E1%84%90%E1%85%B5%E1%86%AB-%E1%84%89%E1%85%B3%E1%84%90%E1%85%B3%E1%84%85%E1%85%A2%E1%86%B8%E1%84%85%E1%85%B5%E1%84%89%E1%85%B3-%E1%84%90%E1%85%A1%E1%86%B8-p07752051.html,https://static.zara.net/assets/public/937b/f097/89a54626bce4/5c79d44dd8e6/07752051800-a3/07752051800-a3.jpg?ts=1781622784596,"₩45,900",,,260622,블랙,,,,
,false,,ZARA,상의,셔츠/블라우스,여성,ZW 컬렉션 벌룬 슬리브 탑,https://www.zara.com/kr/ko/zw-%E1%84%8F%E1%85%A5%E1%86%AF%E1%84%85%E1%85%A6%E1%86%A8%E1%84%89%E1%85%A7%E1%86%AB-%E1%84%87%E1%85%A5%E1%86%AF%E1%84%85%E1%85%AE%E1%86%AB-%E1%84%89%E1%85%B3%E1%86%AF%E1%84%85%E1%85%B5%E1%84%87%E1%85%B3-%E1%84%90%E1%85%A1%E1%86%B8-p01101198.html,https://static.zara.net/assets/public/bb44/cff1/f07d45edb46d/41ce2c4bdd8f/01100198800-p/01100198800-p.jpg?ts=1773138288903,"₩89,900",,,260622,블랙,,,,
,false,,ZARA,상의,탑,여성,메탈릭 얀 홀터넥 니트 탑,https://www.zara.com/kr/ko/%E1%84%86%E1%85%A6%E1%84%90%E1%85%A1%E1%86%AF%E1%84%85%E1%85%B5%E1%86%A8-%E1%84%8B%E1%85%A3%E1%86%AB-%E1%84%92%E1%85%A9%E1%86%AF%E1%84%90%E1%85%A5%E1%84%82%E1%85%A6%E1%86%A8-%E1%84%82%E1%85%B5%E1%84%90%E1%85%B3-%E1%84%90%E1%85%A1%E1%86%B8-p06236025.html,https://static.zara.net/assets/public/fc79/6257/65dc420a9698/1a71c6f28da3/06236025303-p/06236025303-p.jpg?ts=1775657512409,"₩49,900",,,260622,골드,,,,
,false,,ZARA,상의,탑,여성,포인텔 레이스 스트랩 탑,https://www.zara.com/kr/ko/%E1%84%85%E1%85%A6%E1%84%8B%E1%85%B5%E1%84%89%E1%85%B3-%E1%84%91%E1%85%A9%E1%84%8B%E1%85%B5%E1%86%AB%E1%84%90%E1%85%B3%E1%84%8B%E1%85%A6%E1%86%AF-%E1%84%89%E1%85%B3%E1%84%90%E1%85%B3%E1%84%85%E1%85%A2%E1%86%B8-%E1%84%90%E1%85%A1%E1%86%B8-p01223135.html,https://static.zara.net/assets/public/b535/0510/f5d849f4a212/0430831af8e3/01223135800-p/01223135800-p.jpg?ts=1768913937526,"₩55,900",,,260622,블랙,,,,
,false,,ZARA,상의,탑,여성,포인텔 레이스 탑,https://www.zara.com/kr/ko/%E1%84%91%E1%85%A9%E1%84%8B%E1%85%B5%E1%86%AB%E1%84%90%E1%85%A6%E1%86%AF-%E1%84%85%E1%85%A6%E1%84%8B%E1%85%B5%E1%84%89%E1%85%B3-%E1%84%90%E1%85%A1%E1%86%B8-p01223639.html,https://static.zara.net/assets/public/6602/8ba4/ac58404dacd7/43b2ca5edb7d/01223639922-000-p/01223639922-000-p.jpg?ts=1769072311211,"₩55,900",,,260622,다크 그레이,,,,
,false,,ZARA,상의,셔츠/블라우스,여성,코튼 스트랩 탑,https://www.zara.com/kr/ko/%E1%84%8F%E1%85%A9%E1%84%90%E1%85%B3%E1%86%AB-%E1%84%89%E1%85%B3%E1%84%90%E1%85%B3%E1%84%85%E1%85%A2%E1%86%B8-%E1%84%90%E1%85%A1%E1%86%B8-p05644314.html,https://static.zara.net/assets/public/ab94/fca9/752e4a01a8bb/558aa1aeb440/05644314720-p/05644314720-p.jpg?ts=1772622085570,"₩29,900",,,260622,그레이 베이지,,,,
,false,,ZARA,상의,셔츠/블라우스,여성,코튼 스트랩 탑,https://www.zara.com/kr/ko/%E1%84%8F%E1%85%A9%E1%84%90%E1%85%B3%E1%86%AB-%E1%84%89%E1%85%B3%E1%84%90%E1%85%B3%E1%84%85%E1%85%A2%E1%86%B8-%E1%84%90%E1%85%A1%E1%86%B8-p05644314.html,https://static.zara.net/assets/public/9077/c5e8/d8454b59a594/2e2109534c5f/05644314719-p/05644314719-p.jpg?ts=1772622086024,"₩29,900",,,260622,비고레 브라운,,,,
,false,,ZARA,기타,WAISTCOAT,여성,스트럭처 니트 베스트 탑,https://www.zara.com/kr/ko/%E1%84%89%E1%85%B3%E1%84%90%E1%85%B3%E1%84%85%E1%85%A5%E1%86%A8%E1%84%8E%E1%85%A5-%E1%84%82%E1%85%B5%E1%84%90%E1%85%B3-%E1%84%87%E1%85%A6%E1%84%89%E1%85%B3%E1%84%90%E1%85%B3-%E1%84%90%E1%85%A1%E1%86%B8-p04331008.html,https://static.zara.net/assets/public/3c7d/f236/8abd4bb4b92d/ae05480f0096/04331008712-p/04331008712-p.jpg?ts=1776425465195,"₩79,900",,,260622,크림,,,,
,false,,ZARA,상의,탑,여성,와이드 슬리브 니트 탑,https://www.zara.com/kr/ko/%E1%84%8B%E1%85%AA%E1%84%8B%E1%85%B5%E1%84%83%E1%85%B3-%E1%84%89%E1%85%B3%E1%86%AF%E1%84%85%E1%85%B5%E1%84%87%E1%85%B3-%E1%84%82%E1%85%B5%E1%84%90%E1%85%B3-%E1%84%90%E1%85%A1%E1%86%B8-p03433004.html,https://static.zara.net/assets/public/9b37/9338/34da4922aaee/6871fd37f38e/03433004104-p/03433004104-p.jpg?ts=1776427327163,"₩45,900",,,260622,스트라이프,,,,
,false,,ZARA,상의,셔츠/블라우스,여성,ZW 컬렉션 라미 프릴 탑,https://www.zara.com/kr/ko/zw-%E1%84%8F%E1%85%A5%E1%86%AF%E1%84%85%E1%85%A6%E1%86%A8%E1%84%89%E1%85%A7%E1%86%AB-%E1%84%85%E1%85%A1%E1%84%86%E1%85%B5-%E1%84%91%E1%85%B3%E1%84%85%E1%85%B5%E1%86%AF-%E1%84%90%E1%85%A1%E1%86%B8-p05344054.html,https://static.zara.net/assets/public/a14b/afd0/ac334c57af34/a0e2d155114d/05344051800-015-a3/05344051800-015-a3.jpg?ts=1780910167165,"₩109,900",,,260622,블랙,,,,
,false,,ZARA,상의,셔츠/블라우스,여성,비즈 벌룬 홀터넥 탑,https://www.zara.com/kr/ko/%E1%84%87%E1%85%B5%E1%84%8C%E1%85%B3-%E1%84%87%E1%85%A5%E1%86%AF%E1%84%85%E1%85%AE%E1%86%AB-%E1%84%92%E1%85%A9%E1%86%AF%E1%84%90%E1%85%A5%E1%84%82%E1%85%A6%E1%86%A8-%E1%84%90%E1%85%A1%E1%86%B8-p04745028.html,https://static.zara.net/assets/public/c12d/8733/8d8a46a3b405/092437d7db55/04745028712-p/04745028712-p.jpg?ts=1776870930990,"₩49,900",,,260622,크림,,,,
,false,,ZARA,상의,셔츠/블라우스,여성,프린지 새틴 롱 탑,https://www.zara.com/kr/ko/%E1%84%91%E1%85%B3%E1%84%85%E1%85%B5%E1%86%AB%E1%84%8C%E1%85%B5-%E1%84%85%E1%85%A9%E1%86%BC-%E1%84%89%E1%85%A2%E1%84%90%E1%85%B5%E1%86%AB-%E1%84%90%E1%85%A1%E1%86%B8-p02022748.html,https://static.zara.net/assets/public/d10b/b58e/71b543e289cf/5cd2a329af98/02022748800-p/02022748800-p.jpg?ts=1766414781470,"₩59,900",,,260622,블랙,,,,
,false,,ZARA,상의,셔츠/블라우스,여성,벌룬 프린지 탑,https://www.zara.com/kr/ko/%E1%84%87%E1%85%A5%E1%86%AF%E1%84%85%E1%85%AE%E1%86%AB-%E1%84%91%E1%85%B3%E1%84%85%E1%85%B5%E1%86%AB%E1%84%8C%E1%85%B5-%E1%84%90%E1%85%A1%E1%86%B8-p02024640.html,https://static.zara.net/assets/public/590f/8d22/3df645339f75/9a0cdacb7541/02024640612-a1/02024640612-a1.jpg?ts=1765527870522,"₩55,900",,,260622,연보라색,,,,
,false,,ZARA,상의,탑,여성,언밸런스 밑단 크롭 니트 탑,https://www.zara.com/kr/ko/%E1%84%8B%E1%85%A5%E1%86%AB%E1%84%87%E1%85%A2%E1%86%AF%E1%84%85%E1%85%A5%E1%86%AB%E1%84%89%E1%85%B3-%E1%84%86%E1%85%B5%E1%87%80%E1%84%83%E1%85%A1%E1%86%AB-%E1%84%8F%E1%85%B3%E1%84%85%E1%85%A9%E1%86%B8-%E1%84%82%E1%85%B5%E1%84%90%E1%85%B3-%E1%84%90%E1%85%A1%E1%86%B8-p04331004.html,https://static.zara.net/assets/public/508f/309e/a619459bbe15/51076c0daf0e/04331004250-p/04331004250-p.jpg?ts=1772550772027,"₩49,900",,,260622,화이트,,,,
,false,,ZARA,상의,셔츠/블라우스,여성,셔츠 칼라 탑,https://www.zara.com/kr/ko/%E1%84%89%E1%85%A7%E1%84%8E%E1%85%B3-%E1%84%8F%E1%85%A1%E1%86%AF%E1%84%85%E1%85%A1-%E1%84%90%E1%85%A1%E1%86%B8-p08741036.html,https://static.zara.net/assets/public/b13f/6c56/e4024e6399e2/b8b1a0f0c76b/08741036756-p/08741036756-p.jpg?ts=1771263305751,"₩55,900",,,260622,미디움 카멜,,,,
,false,,ZARA,상의,셔츠/블라우스,여성,크롭 볼륨 슬리브 탑,https://www.zara.com/kr/ko/%E1%84%87%E1%85%A9%E1%86%AF%E1%84%85%E1%85%B2%E1%86%B7-%E1%84%89%E1%85%B3%E1%86%AF%E1%84%85%E1%85%B5%E1%84%87%E1%85%B3-%E1%84%8F%E1%85%B3%E1%84%85%E1%85%A9%E1%86%B8-%E1%84%90%E1%85%A1%E1%86%B8-p02297563.html,https://static.zara.net/assets/public/6768/9b7d/ac83421da7be/e08baa2880e5/08228021427-p/08228021427-p.jpg?ts=1771435901251,"₩55,900",,,260622,크림,,,,
,false,,ZARA,상의,티셔츠,여성,워싱 이펙트 리브드 탑,https://www.zara.com/kr/ko/%E1%84%8B%E1%85%AF%E1%84%89%E1%85%B5%E1%86%BC-%E1%84%8B%E1%85%B5%E1%84%91%E1%85%A6%E1%86%A8%E1%84%90%E1%85%B3-%E1%84%85%E1%85%B5%E1%84%87%E1%85%B3%E1%84%83%E1%85%B3-%E1%84%90%E1%85%A1%E1%86%B8-p06050305.html,https://static.zara.net/assets/public/1d95/7898/7bca46c3beea/4b76c33725b1/06050305514-p/06050305514-p.jpg?ts=1770990041215,"₩35,900",,,260622,그린,,,,
,false,,ZARA,기타,SWEATSHIRT,여성,소프트 버튼 크롭 탑,https://www.zara.com/kr/ko/%E1%84%89%E1%85%A9%E1%84%91%E1%85%B3%E1%84%90%E1%85%B3-%E1%84%87%E1%85%A5%E1%84%90%E1%85%B3%E1%86%AB-%E1%84%8F%E1%85%B3%E1%84%85%E1%85%A9%E1%86%B8-%E1%84%90%E1%85%A1%E1%86%B8-p05039352.html,https://static.zara.net/assets/public/247c/4551/11704aa28396/f9cc67dfadd5/05039352807-1-p/05039352807-1-p.jpg?ts=1770990803258,"₩49,900",,,260622,콜 그레이,,,,
,false,,ZARA,상의,탑,여성,스트랩 콤비 니트 탑,https://www.zara.com/kr/ko/%E1%84%82%E1%85%B5%E1%84%90%E1%85%B3-%E1%84%8F%E1%85%A9%E1%86%B7%E1%84%87%E1%85%B5-%E1%84%89%E1%85%B3%E1%84%90%E1%85%B3%E1%84%85%E1%85%A2%E1%86%B8-%E1%84%90%E1%85%A1%E1%86%B8-p01957008.html,https://static.zara.net/assets/public/34ac/747e/80394a9f8ed3/4e63a00507d5/08372150700-a3/08372150700-a3.jpg?ts=1777540867676,"₩79,900",,,260622,크림,,,,
,false,,ZARA,상의,탑,여성,러스틱 크로셰 탑,https://www.zara.com/kr/ko/%E1%84%85%E1%85%A5%E1%84%89%E1%85%B3%E1%84%90%E1%85%B5%E1%86%A8-%E1%84%8F%E1%85%B3%E1%84%85%E1%85%A9%E1%84%89%E1%85%A8-%E1%84%90%E1%85%A1%E1%86%B8-p08779160.html,https://static.zara.net/assets/public/e5ae/ea54/79af4398b943/3a7a5a32208f/08779160711-p/08779160711-p.jpg?ts=1773136412564,"₩55,900",,,260622,샌드,,,,
,false,,ZARA,상의,탑,여성,패치워크 스트랩 탑,https://www.zara.com/kr/ko/%E1%84%91%E1%85%A2%E1%84%8E%E1%85%B5%E1%84%8B%E1%85%AF%E1%84%8F%E1%85%B3-%E1%84%89%E1%85%B3%E1%84%90%E1%85%B3%E1%84%85%E1%85%A2%E1%86%B8-%E1%84%90%E1%85%A1%E1%86%B8-p08779187.html,https://static.zara.net/assets/public/d42f/757d/7d7d4ab79e79/0f3ccab77a32/08779187712-p/08779187712-p.jpg?ts=1773136427086,"₩55,900",,,260622,크림,,,,
,false,,ZARA,기타,WAISTCOAT,여성,ZW 컬렉션 테일러드 베스트,https://www.zara.com/kr/ko/zw-%E1%84%8F%E1%85%A5%E1%86%AF%E1%84%85%E1%85%A6%E1%86%A8%E1%84%89%E1%85%A7%E1%86%AB-%E1%84%90%E1%85%A6%E1%84%8B%E1%85%B5%E1%86%AF%E1%84%85%E1%85%A5%E1%84%83%E1%85%B3-%E1%84%87%E1%85%A6%E1%84%89%E1%85%B3%E1%84%90%E1%85%B3-p07006325.html,https://static.zara.net/assets/public/b149/3f11/2f464b0ebf5a/8b52812600a2/07006325711-p/07006325711-p.jpg?ts=1780569073591,"₩99,900",,,260622,샌드,,,,
,false,,ZARA,상의,셔츠/블라우스,여성,스트라이프 태슬 리본 탑,https://www.zara.com/kr/ko/%E1%84%85%E1%85%B5%E1%84%87%E1%85%A9%E1%86%AB-%E1%84%89%E1%85%B3%E1%84%90%E1%85%B3%E1%84%85%E1%85%A1%E1%84%8B%E1%85%B5%E1%84%91%E1%85%B3-%E1%84%87%E1%85%A5%E1%86%AF%E1%84%85%E1%85%AE%E1%86%AB-%E1%84%90%E1%85%A1%E1%86%B8-p05029235.html,https://static.zara.net/assets/public/1563/9ae4/457c45ca8e82/48d6cd514e61/05029235068-a5/05029235068-a5.jpg?ts=1778076453178,"₩55,900",,,260622,"크림,석류",,,,
,false,,ZARA,상의,티셔츠,여성,브이넥 루즈핏 탑,https://www.zara.com/kr/ko/%E1%84%87%E1%85%B3%E1%84%8B%E1%85%B5%E1%84%82%E1%85%A6%E1%86%A8-%E1%84%85%E1%85%AE%E1%84%8C%E1%85%B3-%E1%84%90%E1%85%A1%E1%86%B8-p01165004.html,https://static.zara.net/assets/public/ed0f/8858/84cf4f17bbf6/aff4219dff3f/01165004712-p/01165004712-p.jpg?ts=1778076391152,"₩45,900",,,260622,크림,,,,
,false,,ZARA,원피스,원피스,여성,스트라이프 언밸런스 탑,https://www.zara.com/kr/ko/%E1%84%89%E1%85%B3%E1%84%90%E1%85%B3%E1%84%85%E1%85%A1%E1%84%8B%E1%85%B5%E1%84%91%E1%85%B3-%E1%84%8B%E1%85%A5%E1%86%AB%E1%84%87%E1%85%A2%E1%86%AF%E1%84%85%E1%85%A5%E1%86%AB%E1%84%89%E1%85%B3-%E1%84%90%E1%85%A1%E1%86%B8-p00387076.html,https://static.zara.net/assets/public/8a3b/c0f7/e994408bbc3e/867673ce60fc/00387076630-p/00387076630-p.jpg?ts=1778828632985,"₩57,900",,,260622,자주색,,,,
,false,,ZARA,상의,탑,여성,더블 레이어 니트 탑,https://www.zara.com/kr/ko/%E1%84%83%E1%85%A5%E1%84%87%E1%85%B3%E1%86%AF-%E1%84%85%E1%85%A6%E1%84%8B%E1%85%B5%E1%84%8B%E1%85%A5-%E1%84%82%E1%85%B5%E1%84%90%E1%85%B3-%E1%84%90%E1%85%A1%E1%86%B8-p02488101.html,https://static.zara.net/assets/public/82f3/4235/de634409a475/4b606760e596/02488101250-p/02488101250-p.jpg?ts=1778228839641,"₩45,900",,,260622,화이트,,,,
,false,,ZARA,상의,탑,여성,페이크 스웨이드 크롭 탑,https://www.zara.com/kr/ko/%E1%84%91%E1%85%A6%E1%84%8B%E1%85%B5%E1%84%8F%E1%85%B3-%E1%84%89%E1%85%B3%E1%84%8B%E1%85%B0%E1%84%8B%E1%85%B5%E1%84%83%E1%85%B3-%E1%84%8F%E1%85%B3%E1%84%85%E1%85%A9%E1%86%B8-%E1%84%90%E1%85%A1%E1%86%B8-p04344177.html,https://static.zara.net/assets/public/a028/a9cf/1cc947c7b335/6c72cbbafcc7/04344177753-p/04344177753-p.jpg?ts=1772190077718,"₩55,900",,,260622,초콜렛 블라운,,,,
,false,,ZARA,상의,탑,여성,플리츠 스트랩리스 탑,https://www.zara.com/kr/ko/%E1%84%91%E1%85%B3%E1%86%AF%E1%84%85%E1%85%B5%E1%84%8E%E1%85%B3-%E1%84%89%E1%85%B3%E1%84%90%E1%85%B3%E1%84%85%E1%85%A2%E1%86%B8%E1%84%85%E1%85%B5%E1%84%89%E1%85%B3-%E1%84%90%E1%85%A1%E1%86%B8-p08779172.html,https://static.zara.net/assets/public/e99b/74a6/61d5486dbdf3/b3f6c73a8007/08779172715-p/08779172715-p.jpg?ts=1772465857547,"₩49,900",,,260622,미디움 크림,,,,
,false,,ZARA,상의,탑,여성,스트럭처 니트 탑,https://www.zara.com/kr/ko/%E1%84%89%E1%85%B3%E1%84%90%E1%85%B3%E1%84%85%E1%85%A5%E1%86%A8%E1%84%8E%E1%85%A5-%E1%84%82%E1%85%B5%E1%84%90%E1%85%B3-%E1%84%90%E1%85%A1%E1%86%B8-p05802001.html,https://static.zara.net/assets/public/67ab/e0ab/148c4f1c9a93/d0e759055e16/05802001600-p/05802001600-p.jpg?ts=1777563358575,"₩39,900",,,260622,레드,,,,
,false,,ZARA,상의,탑,여성,코튼 저지 탑,https://www.zara.com/kr/ko/%E1%84%8F%E1%85%A9%E1%84%90%E1%85%B3%E1%86%AB-%E1%84%8C%E1%85%A5%E1%84%8C%E1%85%B5-%E1%84%90%E1%85%A1%E1%86%B8-p01067631.html,https://static.zara.net/assets/public/2290/58a3/f491434ba29d/c0ee71689b96/01067631800-p/01067631800-p.jpg?ts=1768301441742,"₩49,900",,,260622,블랙,,,,
,false,,ZARA,상의,셔츠/블라우스,여성,자수 언밸런스 거즈 탑,https://www.zara.com/kr/ko/%E1%84%8C%E1%85%A1%E1%84%89%E1%85%AE-%E1%84%8B%E1%85%A5%E1%86%AB%E1%84%87%E1%85%A2%E1%86%AF%E1%84%85%E1%85%A5%E1%86%AB%E1%84%89%E1%85%B3-%E1%84%80%E1%85%A5%E1%84%8C%E1%85%B3-%E1%84%90%E1%85%A1%E1%86%B8-p00881065.html,https://static.zara.net/assets/public/1a5d/75ee/7dea4eec979f/f2d1e8fc41b8/00881065251-p/00881065251-p.jpg?ts=1779809686947,"₩59,900",,,260622,스크래치 화이트,,,,
,false,,ZARA,상의,셔츠/블라우스,여성,스트라이프 크로스 홀터넥 탑,https://www.zara.com/kr/ko/%E1%84%89%E1%85%B3%E1%84%90%E1%85%B3%E1%84%85%E1%85%A1%E1%84%8B%E1%85%B5%E1%84%91%E1%85%B3-%E1%84%8F%E1%85%B3%E1%84%85%E1%85%A9%E1%84%89%E1%85%B3-%E1%84%92%E1%85%A9%E1%86%AF%E1%84%90%E1%85%A5%E1%84%82%E1%85%A6%E1%86%A8-%E1%84%90%E1%85%A1%E1%86%B8-p02180084.html,https://static.zara.net/assets/public/344d/559c/71094ac197a7/1a78284c4b23/02180084114-p/02180084114-p.jpg?ts=1779809696893,"₩49,900",,,260622,레드,,,,
,false,,ZARA,상의,탑,여성,소프트 페플럼 티셔츠,https://www.zara.com/kr/ko/%E1%84%89%E1%85%A9%E1%84%91%E1%85%B3%E1%84%90%E1%85%B3-%E1%84%91%E1%85%A6%E1%84%91%E1%85%B3%E1%86%AF%E1%84%85%E1%85%A5%E1%86%B7-%E1%84%90%E1%85%A1%E1%86%B8-p05584004.html,https://static.zara.net/assets/public/1d1c/959b/6b2a4c5f9093/a7dc8dc7cc9f/05584004250-p/05584004250-p.jpg?ts=1769767908719,"₩39,900",,,260622,화이트,,,,
,false,,ZARA,상의,탑,여성,소프트 페플럼 탑,https://www.zara.com/kr/ko/%E1%84%89%E1%85%A9%E1%84%91%E1%85%B3%E1%84%90%E1%85%B3-%E1%84%91%E1%85%A6%E1%84%91%E1%85%B3%E1%86%AF%E1%84%85%E1%85%A5%E1%86%B7-%E1%84%90%E1%85%A1%E1%86%B8-p05584004.html,https://static.zara.net/assets/public/8c82/934d/505345329414/f80b2a904401/05584004620-p/05584004620-p.jpg?ts=1769767908560,"₩39,900",,,260622,로즈핑크,,,,
,false,,ZARA,상의,셔츠/블라우스,여성,크로셰 콤비 탑,https://www.zara.com/kr/ko/%E1%84%8F%E1%85%B3%E1%84%85%E1%85%A9%E1%84%89%E1%85%A8-%E1%84%8F%E1%85%A9%E1%86%B7%E1%84%87%E1%85%B5-%E1%84%90%E1%85%A1%E1%86%B8-p03897076.html,https://static.zara.net/assets/public/44ea/e546/95214f37b2e3/c45a58f39094/03897076712-p/03897076712-p.jpg?ts=1771587804010,"₩49,900",,,260622,크림,,,,
,false,,ZARA,상의,셔츠/블라우스,여성,비즈 프린트 지오젯 홀터넥 탑,https://www.zara.com/kr/ko/%E1%84%87%E1%85%B5%E1%84%8C%E1%85%B3-%E1%84%91%E1%85%B3%E1%84%85%E1%85%B5%E1%86%AB%E1%84%90%E1%85%B3-%E1%84%8C%E1%85%B5%E1%84%8B%E1%85%A9%E1%84%8C%E1%85%A6%E1%86%BA-%E1%84%92%E1%85%A9%E1%86%AF%E1%84%90%E1%85%A5%E1%84%82%E1%85%A6%E1%86%A8-%E1%84%90%E1%85%A1%E1%86%B8-p07521024.html,https://static.zara.net/assets/public/256e/bd4d/91db4a47a269/add7bf5865f5/07521024630-a2/07521024630-a2.jpg?ts=1780643505869,"₩59,900",,,260622,자주색,,,,
,false,,ZARA,상의,셔츠/블라우스,여성,시퀸 홀터넥 탑,https://www.zara.com/kr/ko/%E1%84%89%E1%85%B5%E1%84%8F%E1%85%B1%E1%86%AB-%E1%84%92%E1%85%A9%E1%86%AF%E1%84%90%E1%85%A5%E1%84%82%E1%85%A6%E1%86%A8-%E1%84%90%E1%85%A1%E1%86%B8-p00881068.html,https://static.zara.net/assets/public/9605/fa9e/9eb048f4bac3/481fbf9d2414/00881068687-a2/00881068687-a2.jpg?ts=1780643506729,"₩55,900",,,260622,페일 로즈,,,,
,false,,ZARA,상의,셔츠/블라우스,여성,코튼 스트랩 탑,https://www.zara.com/kr/ko/%E1%84%8F%E1%85%A9%E1%84%90%E1%85%B3%E1%86%AB-%E1%84%89%E1%85%B3%E1%84%90%E1%85%B3%E1%84%85%E1%85%A2%E1%86%B8-%E1%84%90%E1%85%A1%E1%86%B8-p05644314.html,https://static.zara.net/assets/public/2bd2/10f6/f2284409bbf2/58b37ab5e648/05644314625-p/05644314625-p.jpg?ts=1772618849875,"₩29,900",,,260622,그레이 로즈,,,,
,false,,ZARA,상의,탑,여성,오프숄더 니트 스웨터,https://www.zara.com/kr/ko/%E1%84%8B%E1%85%A9%E1%84%91%E1%85%B3%E1%84%89%E1%85%AD%E1%86%AF%E1%84%83%E1%85%A5-%E1%84%82%E1%85%B5%E1%84%90%E1%85%B3-%E1%84%89%E1%85%B3%E1%84%8B%E1%85%B0%E1%84%90%E1%85%A5-p05755131.html,https://static.zara.net/assets/public/d2ab/1c84/a6394f66997a/c23f36edbb1b/05755131832-p/05755131832-p.jpg?ts=1767789626106,"₩57,900",,,260622,토프 그레이,,,,
,false,,ZARA,상의,셔츠/블라우스,여성,리본 숄더 패드 새틴 탑,https://www.zara.com/kr/ko/%E1%84%85%E1%85%B5%E1%84%87%E1%85%A9%E1%86%AB-%E1%84%89%E1%85%AD%E1%86%AF%E1%84%83%E1%85%A5-%E1%84%91%E1%85%A2%E1%84%83%E1%85%B3-%E1%84%89%E1%85%A2%E1%84%90%E1%85%B5%E1%86%AB-%E1%84%90%E1%85%A1%E1%86%B8-p03227701.html,https://static.zara.net/assets/public/74ed/db10/646f43d6ba0e/95c61ab5b42e/03227701406-a2/03227701406-a2.jpg?ts=1776421107480,"₩49,900",,,260622,라이트 블루,,,,
,false,,ZARA,상의,셔츠/블라우스,여성,린넨 드레이프 탑,https://www.zara.com/kr/ko/%E1%84%85%E1%85%B5%E1%86%AB%E1%84%82%E1%85%A6%E1%86%AB-%E1%84%83%E1%85%B3%E1%84%85%E1%85%A6%E1%84%8B%E1%85%B5%E1%84%91%E1%85%B3-%E1%84%90%E1%85%A1%E1%86%B8-p02701826.html,https://static.zara.net/assets/public/bc51/3fe4/51d74aa3886c/e40be9f13a97/02701826400-p/02701826400-p.jpg?ts=1774450629371,"₩45,900",,,260622,블루,,,,
,false,,ZARA,상의,셔츠/블라우스,여성,플리츠 스트랩 탑,https://www.zara.com/kr/ko/%E1%84%91%E1%85%B3%E1%86%AF%E1%84%85%E1%85%B5%E1%84%8E%E1%85%B3-%E1%84%89%E1%85%B3%E1%84%90%E1%85%B3%E1%84%85%E1%85%A2%E1%86%B8-%E1%84%90%E1%85%A1%E1%86%B8-p02528045.html,https://static.zara.net/assets/public/9098/623d/3be841ab9d5b/f226f732dfc4/02528045800-p/02528045800-p.jpg?ts=1772011226293,"₩49,900",,,260622,블랙,,,,
,false,,ZARA,상의,셔츠/블라우스,여성,플리츠 스트랩 탑,https://www.zara.com/kr/ko/%E1%84%91%E1%85%B3%E1%86%AF%E1%84%85%E1%85%B5%E1%84%8E%E1%85%B3-%E1%84%89%E1%85%B3%E1%84%90%E1%85%B3%E1%84%85%E1%85%A2%E1%86%B8-%E1%84%90%E1%85%A1%E1%86%B8-p02528045.html,https://static.zara.net/assets/public/042a/73a7/a56e48d7bcd7/26f1144d6f27/02528422067-p/02528422067-p.jpg?ts=1772011230292,"₩49,900",,,260622,"크림,레드",,,,
,false,,ZARA,상의,셔츠/블라우스,여성,ZW 컬렉션 롱 레이스 탑,https://www.zara.com/kr/ko/zw-%E1%84%8F%E1%85%A5%E1%86%AF%E1%84%85%E1%85%A6%E1%86%A8%E1%84%89%E1%85%A7%E1%86%AB-%E1%84%85%E1%85%A9%E1%86%BC-%E1%84%85%E1%85%A6%E1%84%8B%E1%85%B5%E1%84%89%E1%85%B3-%E1%84%90%E1%85%A1%E1%86%B8-p02731285.html,https://static.zara.net/assets/public/943c/8b37/f92d4a719235/e0075cc0d0bc/02731285800-p/02731285800-p.jpg?ts=1772554877506,"₩89,900",,,260622,블랙,,,,
,false,,ZARA,상의,니트,여성,엑스트라 파인 니트 탑,https://www.zara.com/kr/ko/%E1%84%8B%E1%85%A6%E1%86%A8%E1%84%89%E1%85%B3%E1%84%90%E1%85%B3%E1%84%85%E1%85%A1-%E1%84%91%E1%85%A1%E1%84%8B%E1%85%B5%E1%86%AB-%E1%84%82%E1%85%B5%E1%84%90%E1%85%B3-%E1%84%90%E1%85%A1%E1%86%B8-p02893023.html,https://static.zara.net/assets/public/fa7a/b2ad/c2fe472cba1d/dd02337f0424/02893023811-p/02893023811-p.jpg?ts=1772554830108,"₩49,900",,,260622,라이트 그레이,,,,
,false,,ZARA,상의,탑,여성,인터록 홀터넥 탑,https://www.zara.com/kr/ko/%E1%84%92%E1%85%A9%E1%86%AF%E1%84%90%E1%85%A5%E1%84%82%E1%85%A6%E1%86%A8-%E1%84%8B%E1%85%B5%E1%86%AB%E1%84%90%E1%85%A5%E1%84%85%E1%85%A9%E1%86%A8-%E1%84%90%E1%85%A1%E1%86%B8-p01131307.html,https://static.zara.net/assets/public/8f3d/4722/c5254d6d9074/5ffafd2ba2a6/01131307800-p/01131307800-p.jpg?ts=1769170614537,"₩39,900",,,260622,블랙,,,,
,false,,ZARA,상의,탑,여성,홀터넥 인터록 탑,https://www.zara.com/kr/ko/%E1%84%92%E1%85%A9%E1%86%AF%E1%84%90%E1%85%A5%E1%84%82%E1%85%A6%E1%86%A8-%E1%84%8B%E1%85%B5%E1%86%AB%E1%84%90%E1%85%A5%E1%84%85%E1%85%A9%E1%86%A8-%E1%84%90%E1%85%A1%E1%86%B8-p01131307.html,https://static.zara.net/assets/public/d355/7556/62d84f0a9b76/452f84cd44b8/01131307824-p/01131307824-p.jpg?ts=1769170617630,"₩39,900",,,260622,진한 회색,,,,
,false,,ZARA,상의,셔츠/블라우스,여성,리넨 스터드 버클 탑,https://www.zara.com/kr/ko/%E1%84%89%E1%85%B3%E1%84%90%E1%85%A5%E1%84%83%E1%85%B3-%E1%84%87%E1%85%A5%E1%84%8F%E1%85%B3%E1%86%AF-%E1%84%85%E1%85%B5%E1%86%AB%E1%84%82%E1%85%A6%E1%86%AB-%E1%84%90%E1%85%A1%E1%86%B8-p02185785.html,https://static.zara.net/assets/public/b300/bc35/c6e64f1285f4/c030d74d46bf/02185785405-p/02185785405-p.jpg?ts=1776424231901,"₩57,900",,,260622,인디고,,,,
,false,,ZARA,상의,셔츠/블라우스,여성,허니콤 깅엄 체크 탑,https://www.zara.com/kr/ko/%E1%84%92%E1%85%A5%E1%84%82%E1%85%B5%E1%84%8F%E1%85%A9%E1%86%B7-%E1%84%80%E1%85%B5%E1%86%BC%E1%84%8B%E1%85%A5%E1%86%B7-%E1%84%8E%E1%85%A6%E1%84%8F%E1%85%B3-%E1%84%90%E1%85%A1%E1%86%B8-p08741238.html,https://static.zara.net/assets/public/c9a0/7573/fe5641a49a3f/90c874b9b7d7/08741238100-p/08741238100-p.jpg?ts=1780500998109,"₩49,900",,,260622,"크림,옐로우",,,,
,false,,ZARA,상의,셔츠/블라우스,여성,허니콤 깅엄 체크 탑,https://www.zara.com/kr/ko/%E1%84%92%E1%85%A5%E1%84%82%E1%85%B5%E1%84%8F%E1%85%A9%E1%86%B7-%E1%84%80%E1%85%B5%E1%86%BC%E1%84%8B%E1%85%A5%E1%86%B7-%E1%84%8E%E1%85%A6%E1%84%8F%E1%85%B3-%E1%84%90%E1%85%A1%E1%86%B8-p08741238.html,https://static.zara.net/assets/public/9c12/6b37/f7c24d45983c/02247e79c58e/08741238087-a2/08741238087-a2.jpg?ts=1780500994833,"₩49,900",,,260622,"브라운,크림",,,,
,false,,ZARA,상의,셔츠/블라우스,여성,도트 프릴 홀터넥 탑,https://www.zara.com/kr/ko/%E1%84%83%E1%85%A9%E1%84%90%E1%85%B3-%E1%84%91%E1%85%B3%E1%84%85%E1%85%B5%E1%86%AF-%E1%84%92%E1%85%A9%E1%86%AF%E1%84%90%E1%85%A5%E1%84%82%E1%85%A6%E1%86%A8-%E1%84%90%E1%85%A1%E1%86%B8-p04772079.html,https://static.zara.net/assets/public/4b7f/1ffb/34314af5a64d/5c55f128153b/04772078636-a1/04772078636-a1.jpg?ts=1780916900575,"₩45,900",,,260622,츄잉검,,,,
,false,,ZARA,기타,WAISTCOAT,여성,Z1975 데님 토글 탑,https://www.zara.com/kr/ko/z1975-%E1%84%83%E1%85%A6%E1%84%82%E1%85%B5%E1%86%B7-%E1%84%90%E1%85%A9%E1%84%80%E1%85%B3%E1%86%AF-%E1%84%90%E1%85%A1%E1%86%B8-p09942153.html,https://static.zara.net/assets/public/ca62/44c6/319848769418/aca4e2fcb1ee/09942153250-p/09942153250-p.jpg?ts=1780501002229,"₩79,900",,,260622,화이트,,,,
,false,,ZARA,기타,WAISTCOAT,여성,Z1975 데님 토글 탑,https://www.zara.com/kr/ko/z1975-%E1%84%83%E1%85%A6%E1%84%82%E1%85%B5%E1%86%B7-%E1%84%90%E1%85%A9%E1%84%80%E1%85%B3%E1%86%AF-%E1%84%90%E1%85%A1%E1%86%B8-p09942153.html,https://static.zara.net/assets/public/7bfc/940f/5861407eb135/6742d0880f1c/09942153427-p/09942153427-p.jpg?ts=1780501005142,"₩79,900",,,260622,미디움 블루,,,,
,false,,ZARA,상의,니트,여성,스트라이프 니트 폴로셔츠,https://www.zara.com/kr/ko/%E1%84%89%E1%85%B3%E1%84%90%E1%85%B3%E1%84%85%E1%85%A1%E1%84%8B%E1%85%B5%E1%84%91%E1%85%B3-%E1%84%82%E1%85%B5%E1%84%90%E1%85%B3-%E1%84%91%E1%85%A9%E1%86%AF%E1%84%85%E1%85%A9%E1%84%89%E1%85%A7%E1%84%8E%E1%85%B3-p03653015.html,https://static.zara.net/assets/public/aa96/f419/a86b454fa645/dab4266e8edb/03653015330-a2/03653015330-a2.jpg?ts=1779983415737,"₩49,900",,,260622,멀티컬러,,,,
,false,,ZARA,상의,탑,여성,포인텔 리본 탑,https://www.zara.com/kr/ko/%E1%84%91%E1%85%A9%E1%84%8B%E1%85%B5%E1%86%AB%E1%84%90%E1%85%A6%E1%86%AF-%E1%84%85%E1%85%B5%E1%84%87%E1%85%A9%E1%86%AB-%E1%84%90%E1%85%A1%E1%86%B8-p01223148.html,https://static.zara.net/assets/public/3e5e/2751/c2ce4bb8a62d/c35bd55d04b4/01223148250-p/01223148250-p.jpg?ts=1779444534094,"₩39,900",,,260622,화이트,,,,
,false,,ZARA,상의,탑,여성,스트라이프 레이스 트리밍 탑,https://www.zara.com/kr/ko/%E1%84%85%E1%85%A6%E1%84%8B%E1%85%B5%E1%84%89%E1%85%B3-%E1%84%89%E1%85%B3%E1%84%90%E1%85%B3%E1%84%85%E1%85%A1%E1%84%8B%E1%85%B5%E1%84%91%E1%85%B3-%E1%84%90%E1%85%A1%E1%86%B8-p00392105.html,https://static.zara.net/assets/public/4cd6/6fa6/06eb419cb59a/a0c07aa3f1f0/00392105250-p/00392105250-p.jpg?ts=1779444523047,"₩59,900",,,260622,화이트,,,,
,false,,ZARA,상의,셔츠/블라우스,여성,허니콤 스트라이프 탑,https://www.zara.com/kr/ko/%E1%84%89%E1%85%B3%E1%84%90%E1%85%B3%E1%84%85%E1%85%A1%E1%84%8B%E1%85%B5%E1%84%91%E1%85%B3-%E1%84%92%E1%85%A5%E1%84%82%E1%85%B5%E1%84%8F%E1%85%A9%E1%86%B7-%E1%84%90%E1%85%A1%E1%86%B8-p05029143.html,https://static.zara.net/assets/public/fa87/40e5/41484425af12/7841005eae62/05029143044-p/05029143044-p.jpg?ts=1778075601645,"₩49,900",,,260622,"블루 ,화이트",,,,
,false,,ZARA,상의,탑,여성,와이드 슬리브 니트 탑,https://www.zara.com/kr/ko/%E1%84%8B%E1%85%AA%E1%84%8B%E1%85%B5%E1%84%83%E1%85%B3-%E1%84%89%E1%85%B3%E1%86%AF%E1%84%85%E1%85%B5%E1%84%87%E1%85%B3-%E1%84%82%E1%85%B5%E1%84%90%E1%85%B3-%E1%84%90%E1%85%A1%E1%86%B8-p03433004.html,https://static.zara.net/assets/public/00a7/b408/fe5742f79812/37ab300c4752/03519044944-p/03519044944-p.jpg?ts=1778075593057,"₩45,900",,,260622,레드 스트라이프,,,,
,false,,ZARA,상의,탑,여성,쥬얼 넥 숄더 패드 탑,https://www.zara.com/kr/ko/%E1%84%89%E1%85%AD%E1%86%AF%E1%84%83%E1%85%A5-%E1%84%91%E1%85%A2%E1%84%83%E1%85%B3-%E1%84%8C%E1%85%AE%E1%84%8B%E1%85%A5%E1%86%AF-%E1%84%82%E1%85%A6%E1%84%8F%E1%85%B3%E1%84%85%E1%85%A1%E1%84%8B%E1%85%B5%E1%86%AB-%E1%84%90%E1%85%A1%E1%86%B8-p03920104.html,https://static.zara.net/assets/public/9b75/f7b1/514644ee91e9/a2cd40135676/03920104600-p/03920104600-p.jpg?ts=1781707709585,"₩59,900",,,260622,레드,,,,
,false,,ZARA,상의,셔츠/블라우스,여성,페플럼 홀터넥 탑,https://www.zara.com/kr/ko/%E1%84%91%E1%85%A6%E1%84%91%E1%85%B3%E1%86%AF%E1%84%85%E1%85%A5%E1%86%B7-%E1%84%92%E1%85%A9%E1%86%AF%E1%84%90%E1%85%A5%E1%84%82%E1%85%A6%E1%86%A8-%E1%84%90%E1%85%A1%E1%86%B8-p05029259.html,https://static.zara.net/assets/public/593e/5528/723f439c967e/c0925c34ad7a/05029259600-p/05029259600-p.jpg?ts=1781707973994,"₩49,900",,,260622,레드,,,,
,false,,ZARA,상의,셔츠/블라우스,여성,프린지 시퀸 탑,https://www.zara.com/kr/ko/%E1%84%91%E1%85%B3%E1%84%85%E1%85%B5%E1%86%AB%E1%84%8C%E1%85%B5-%E1%84%89%E1%85%B5%E1%84%8F%E1%85%B1%E1%86%AB-%E1%84%90%E1%85%A1%E1%86%B8-p08741075.html,https://static.zara.net/assets/public/e606/1962/57a149588216/2c63bfca02ae/08741075800-h1/08741075800-h1.jpg?ts=1778240351474,"₩59,900",,,260622,블랙,,,,
,false,,ZARA,상의,셔츠/블라우스,여성,토글 스트라이프 탑,https://www.zara.com/kr/ko/%E1%84%8B%E1%85%A1%E1%86%AF%E1%84%85%E1%85%A1%E1%84%86%E1%85%A1%E1%84%85%E1%85%A6%E1%84%89%E1%85%B3-%E1%84%89%E1%85%B3%E1%84%90%E1%85%B3%E1%84%85%E1%85%A1%E1%84%8B%E1%85%B5%E1%84%91%E1%85%B3-%E1%84%90%E1%85%A1%E1%86%B8-p03897120.html,https://static.zara.net/assets/public/9ed0/6695/6d7d4fdc8b97/9d75e6727653/03897120061-p/03897120061-p.jpg?ts=1778835451893,"₩55,900",,,260622,"화이트,레드",,,,
,false,,ZARA,상의,탑,여성,스트레치 코르셋 탑,https://www.zara.com/kr/ko/%E1%84%89%E1%85%B3%E1%84%90%E1%85%B3%E1%84%85%E1%85%A6%E1%84%8E%E1%85%B5-%E1%84%8F%E1%85%A9%E1%84%85%E1%85%B3%E1%84%89%E1%85%A6%E1%86%BA-%E1%84%90%E1%85%A1%E1%86%B8-p06050337.html,https://static.zara.net/assets/public/7138/3645/d3844652b0e7/dda75e87d3a5/06050337507-000-p/06050337507-000-p.jpg?ts=1779089469438,"₩45,900",,,260622,다크 카키,,,,
,false,,ZARA,상의,탑,여성,스트레치 코르셋 탑,https://www.zara.com/kr/ko/%E1%84%89%E1%85%B3%E1%84%90%E1%85%B3%E1%84%85%E1%85%A6%E1%84%8E%E1%85%B5-%E1%84%8F%E1%85%A9%E1%84%85%E1%85%B3%E1%84%89%E1%85%A6%E1%86%BA-%E1%84%90%E1%85%A1%E1%86%B8-p06050337.html,https://static.zara.net/assets/public/31b8/fdb8/40124ce8adae/864e249103f5/06050337800-p/06050337800-p.jpg?ts=1778833090433,"₩45,900",,,260622,블랙,,,,
,false,,ZARA,상의,셔츠/블라우스,여성,튤 콤비 홀터넥 탑,https://www.zara.com/kr/ko/%E1%84%90%E1%85%B2%E1%86%AF-%E1%84%8F%E1%85%A9%E1%86%B7%E1%84%87%E1%85%B5-%E1%84%92%E1%85%A9%E1%86%AF%E1%84%90%E1%85%A5%E1%84%82%E1%85%A6%E1%86%A8-%E1%84%90%E1%85%A1%E1%86%B8-p04661071.html,https://static.zara.net/assets/public/e348/61f5/1cae4e43b233/97baad782067/04772072800-p/04772072800-p.jpg?ts=1778576325874,"₩49,900",,,260622,블랙,,,,
,false,,ZARA,상의,셔츠/블라우스,여성,새틴 오프숄더 탑,https://www.zara.com/kr/ko/%E1%84%89%E1%85%A2%E1%84%90%E1%85%B5%E1%86%AB-%E1%84%8B%E1%85%A9%E1%84%91%E1%85%B3%E1%84%89%E1%85%AD%E1%86%AF%E1%84%83%E1%85%A5-%E1%84%90%E1%85%A1%E1%86%B8-p03067058.html,https://static.zara.net/assets/public/9d60/afc1/bfb1464f9a0f/b12b20dbb7d5/03067058679-p/03067058679-p.jpg?ts=1778576324900,"₩45,900",,,260622,코랄,,,,
,false,,ZARA,상의,니트,여성,쇼트 슬리브 니트 폴로셔츠,https://www.zara.com/kr/ko/%E1%84%89%E1%85%AD%E1%84%90%E1%85%B3-%E1%84%89%E1%85%B3%E1%86%AF%E1%84%85%E1%85%B5%E1%84%87%E1%85%B3-%E1%84%82%E1%85%B5%E1%84%90%E1%85%B3-%E1%84%91%E1%85%A9%E1%86%AF%E1%84%85%E1%85%A9%E1%84%89%E1%85%A7%E1%84%8E%E1%85%B3-p02142519.html,https://static.zara.net/assets/public/b836/7d2e/710f4a129536/5513a9074ec0/02142519800-a1/02142519800-a1.jpg?ts=1781684667292,"₩45,900",,,260622,블랙,,,,
,false,,ZARA,상의,니트,여성,쇼트 슬리브 니트 폴로셔츠,https://www.zara.com/kr/ko/%E1%84%89%E1%85%AD%E1%84%90%E1%85%B3-%E1%84%89%E1%85%B3%E1%86%AF%E1%84%85%E1%85%B5%E1%84%87%E1%85%B3-%E1%84%82%E1%85%B5%E1%84%90%E1%85%B3-%E1%84%91%E1%85%A9%E1%86%AF%E1%84%85%E1%85%A9%E1%84%89%E1%85%A7%E1%84%8E%E1%85%B3-p02142257.html,https://static.zara.net/assets/public/80f5/96d2/81074f0fa258/aeb0709ca667/02142257645-a1/02142257645-a1.jpg?ts=1781684702415,"₩49,900",,,260622,미디움 로즈,,,,
,false,,ZARA,기타,BODYSUIT,여성,WILLY CHAVARRIA X ZARA 오버사이즈 니트 바디수트,https://www.zara.com/kr/ko/willy-chavarria-x-zara-%E1%84%8B%E1%85%A9%E1%84%87%E1%85%A5%E1%84%89%E1%85%A1%E1%84%8B%E1%85%B5%E1%84%8C%E1%85%B3-%E1%84%82%E1%85%B5%E1%84%90%E1%85%B3-%E1%84%87%E1%85%A1%E1%84%83%E1%85%B5%E1%84%89%E1%85%AE%E1%84%90%E1%85%B3-p04192019.html,https://static.zara.net/assets/public/4303/9875/2ef24dbaaf85/f68290848f9b/04192019800-p/04192019800-p.jpg?ts=1774294296734,"₩59,900",,,260622,블랙,,,,
,false,,ZARA,기타,BODYSUIT,여성,WILLY CHAVARRIA X ZARA 자수 반소매 바디수트,https://www.zara.com/kr/ko/%E1%84%8B%E1%85%B1%E1%86%AF%E1%84%85%E1%85%B5-%E1%84%8E%E1%85%A1%E1%84%87%E1%85%A1%E1%84%85%E1%85%B5%E1%84%8B%E1%85%A1-x-%E1%84%8C%E1%85%A1%E1%84%85%E1%85%A1-%E1%84%8C%E1%85%A1%E1%84%89%E1%85%AE-%E1%84%87%E1%85%A1%E1%86%AB%E1%84%89%E1%85%A9%E1%84%86%E1%85%A2-%E1%84%87%E1%85%A1%E1%84%83%E1%85%B5%E1%84%89%E1%85%AE%E1%84%90%E1%85%B3-p00085401.html,https://static.zara.net/assets/public/89f5/d748/c3934c389364/a4879ca28dbb/00085401251-e1/00085401251-e1.jpg?ts=1774346465730,"₩49,900",,,260622,스크래치 화이트,,,,
,false,,ZARA,기타,BODYSUIT,여성,윌리 차바리아 X 자라 자수 반소매 바디수트,https://www.zara.com/kr/ko/%E1%84%8B%E1%85%B1%E1%86%AF%E1%84%85%E1%85%B5-%E1%84%8E%E1%85%A1%E1%84%87%E1%85%A1%E1%84%85%E1%85%B5%E1%84%8B%E1%85%A1-x-%E1%84%8C%E1%85%A1%E1%84%85%E1%85%A1-%E1%84%8C%E1%85%A1%E1%84%89%E1%85%AE-%E1%84%87%E1%85%A1%E1%86%AB%E1%84%89%E1%85%A9%E1%84%86%E1%85%A2-%E1%84%87%E1%85%A1%E1%84%83%E1%85%B5%E1%84%89%E1%85%AE%E1%84%90%E1%85%B3-p00085401.html,https://static.zara.net/assets/public/f2bb/eb86/ff444f608a87/9ed9cf739b89/00085401800-e1/00085401800-e1.jpg?ts=1774346465697,"₩49,900",,,260622,블랙,,,,
,false,,ZARA,기타,BODYSUIT,여성,WILLY CHAVARRIA X ZARA 엑스트라 파인 골지 니트 바디수트,https://www.zara.com/kr/ko/willy-chavarria-x-zara-%E1%84%8B%E1%85%A6%E1%86%A8%E1%84%89%E1%85%B3%E1%84%90%E1%85%B3%E1%84%85%E1%85%A1-%E1%84%91%E1%85%A1%E1%84%8B%E1%85%B5%E1%86%AB-%E1%84%80%E1%85%A9%E1%86%AF%E1%84%8C%E1%85%B5-%E1%84%82%E1%85%B5%E1%84%90%E1%85%B3-%E1%84%87%E1%85%A1%E1%84%83%E1%85%B5%E1%84%89%E1%85%AE%E1%84%90%E1%85%B3-p09598051.html,https://static.zara.net/assets/public/f951/4d8c/b4054df7909b/90bc669130af/09598051715-e1/09598051715-e1.jpg?ts=1774346519891,"₩79,900",,,260622,미디움 크림,,,,
,false,,ZARA,기타,BODYSUIT,여성,WILLY CHAVARRIA X ZARA 오버사이즈 니트 바디수트,https://www.zara.com/kr/ko/willy-chavarria-x-zara-%E1%84%8B%E1%85%A9%E1%84%87%E1%85%A5%E1%84%89%E1%85%A1%E1%84%8B%E1%85%B5%E1%84%8C%E1%85%B3-%E1%84%82%E1%85%B5%E1%84%90%E1%85%B3-%E1%84%87%E1%85%A1%E1%84%83%E1%85%B5%E1%84%89%E1%85%AE%E1%84%90%E1%85%B3-p04192019.html,https://static.zara.net/assets/public/0341/57dd/bdde408681a3/c1a07951c8f7/04192019800-e1/04192019800-e1.jpg?ts=1774346493188,"₩59,900",,,260622,블랙,,,,
,false,,ZARA,상의,탑,여성,러플 니트 탑,https://www.zara.com/kr/ko/%E1%84%85%E1%85%A5%E1%84%91%E1%85%B3%E1%86%AF-%E1%84%82%E1%85%B5%E1%84%90%E1%85%B3-%E1%84%90%E1%85%A1%E1%86%B8-p03921046.html,https://static.zara.net/assets/public/1e9f/4cc8/ea1e40aab9fc/2cc940288e84/03921046656-p/03921046656-p.jpg?ts=1776956639676,"₩45,900",,,260622,라이트  라일락,,,,
,false,,ZARA,상의,탑,여성,레이스 코르셋 탑,https://www.zara.com/kr/ko/%E1%84%85%E1%85%A6%E1%84%8B%E1%85%B5%E1%84%89%E1%85%B3-%E1%84%8F%E1%85%A9%E1%84%85%E1%85%B3%E1%84%89%E1%85%A6%E1%86%BA-%E1%84%90%E1%85%A1%E1%86%B8-p01528301.html,https://static.zara.net/assets/public/d878/8437/47d641549ee3/be23cdfa9008/01528301800-p/01528301800-p.jpg?ts=1775741071704,"₩45,900",,,260622,블랙,,,,
,false,,ZARA,상의,탑,여성,레이스 코르셋 탑,https://www.zara.com/kr/ko/%E1%84%85%E1%85%A6%E1%84%8B%E1%85%B5%E1%84%89%E1%85%B3-%E1%84%8F%E1%85%A9%E1%84%85%E1%85%B3%E1%84%89%E1%85%A6%E1%86%BA-%E1%84%90%E1%85%A1%E1%86%B8-p01528301.html,https://static.zara.net/assets/public/aa7e/afb9/0f5640a18ea1/c8bff92ced05/01528301251-p/01528301251-p.jpg?ts=1775741072056,"₩45,900",,,260622,스크래치 화이트,,,,
,false,,ZARA,상의,셔츠/블라우스,여성,ZW 컬렉션 탑,https://www.zara.com/kr/ko/zw-%E1%84%8F%E1%85%A5%E1%86%AF%E1%84%85%E1%85%A6%E1%86%A8%E1%84%89%E1%85%A7%E1%86%AB-%E1%84%90%E1%85%A1%E1%86%B8-p06114198.html,https://static.zara.net/assets/public/538c/ba6a/5ab747668584/13a257ce4916/06114198712-a3/06114198712-a3.jpg?ts=1779120639936,"₩89,900",,,260622,크림,,,,
,false,,ZARA,상의,셔츠/블라우스,여성,ZW 컬렉션 비즈 장식 탑,https://www.zara.com/kr/ko/zw-%E1%84%8F%E1%85%A5%E1%86%AF%E1%84%85%E1%85%A6%E1%86%A8%E1%84%89%E1%85%A7%E1%86%AB-%E1%84%87%E1%85%B5%E1%84%8C%E1%85%B3-%E1%84%8C%E1%85%A1%E1%86%BC%E1%84%89%E1%85%B5%E1%86%A8-%E1%84%90%E1%85%A1%E1%86%B8-p03920176.html,https://static.zara.net/assets/public/08db/c24d/5b4e40b3b5ea/92fb5af15bbe/03920176808-p/03920176808-p.jpg?ts=1779119957981,"₩89,900",,,260622,실버,,,,
,false,,ZARA,상의,니트,여성,스트라이프 니트 폴로셔츠,https://www.zara.com/kr/ko/%E1%84%89%E1%85%B3%E1%84%90%E1%85%B3%E1%84%85%E1%85%A1%E1%84%8B%E1%85%B5%E1%84%91%E1%85%B3-%E1%84%82%E1%85%B5%E1%84%90%E1%85%B3-%E1%84%91%E1%85%A9%E1%86%AF%E1%84%85%E1%85%A9%E1%84%89%E1%85%A7%E1%84%8E%E1%85%B3-p09874006.html,https://static.zara.net/assets/public/7019/06a2/d8ba4e64b5b9/f1a1b585e596/09874006044-a2/09874006044-a2.jpg?ts=1773404177814,"₩55,900",,,260622,"블루 ,화이트",,,,
,false,,ZARA,상의,탑,여성,튤 란제리 스타일 탑,https://www.zara.com/kr/ko/%E1%84%90%E1%85%B2%E1%86%AF-%E1%84%85%E1%85%A1%E1%86%AB%E1%84%8C%E1%85%A6%E1%84%85%E1%85%B5-%E1%84%89%E1%85%B3%E1%84%90%E1%85%A1%E1%84%8B%E1%85%B5%E1%86%AF-%E1%84%90%E1%85%A1%E1%86%B8-p00347319.html,https://static.zara.net/assets/public/d096/dcef/1d734fba9b17/75455b00c02a/00347319716-p/00347319716-p.jpg?ts=1771432720716,"₩39,900",,,260622,다크 브라운,,,,
,false,,ZARA,상의,탑,여성,튤 란제리 스타일 탑,https://www.zara.com/kr/ko/%E1%84%90%E1%85%B2%E1%86%AF-%E1%84%85%E1%85%A1%E1%86%AB%E1%84%8C%E1%85%A6%E1%84%85%E1%85%B5-%E1%84%89%E1%85%B3%E1%84%90%E1%85%A1%E1%84%8B%E1%85%B5%E1%86%AF-%E1%84%90%E1%85%A1%E1%86%B8-p00347319.html,https://static.zara.net/assets/public/eb45/eec4/4c984110b068/1c0e507838f3/00347319485-p/00347319485-p.jpg?ts=1771432718493,"₩39,900",,,260622,"블루,그레이",,,,
,false,,ZARA,상의,탑,여성,튤 란제리 스타일 탑,https://www.zara.com/kr/ko/%E1%84%90%E1%85%B2%E1%86%AF-%E1%84%85%E1%85%A1%E1%86%AB%E1%84%8C%E1%85%A6%E1%84%85%E1%85%B5-%E1%84%89%E1%85%B3%E1%84%90%E1%85%A1%E1%84%8B%E1%85%B5%E1%86%AF-%E1%84%90%E1%85%A1%E1%86%B8-p00347319.html,https://static.zara.net/assets/public/dba7/0011/50b94050acf4/ee2892401a96/00347319800-p/00347319800-p.jpg?ts=1771432722068,"₩39,900",,,260622,블랙,,,,
,false,,ZARA,상의,셔츠/블라우스,여성,새틴 홀터넥 탑,https://www.zara.com/kr/ko/%E1%84%89%E1%85%A2%E1%84%90%E1%85%B5%E1%86%AB-%E1%84%92%E1%85%A9%E1%86%AF%E1%84%90%E1%85%A5%E1%84%82%E1%85%A6%E1%86%A8-%E1%84%90%E1%85%A1%E1%86%B8-p02157221.html,https://static.zara.net/assets/public/4f5f/fd44/9abf4b04ad3d/88ab1b0a54e7/02231399653-p/02231399653-p.jpg?ts=1772190238239,"₩45,900",,,260622,"로즈핑크,백합",,,,
,false,,ZARA,상의,탑,여성,웨이브 밑단 니트 탑,https://www.zara.com/kr/ko/%E1%84%8B%E1%85%B0%E1%84%8B%E1%85%B5%E1%84%87%E1%85%B5-%E1%84%92%E1%85%A6%E1%86%B7-%E1%84%82%E1%85%B5%E1%84%90%E1%85%B3-%E1%84%90%E1%85%A1%E1%86%B8-p00014028.html,https://static.zara.net/assets/public/fd68/a99c/3c3a406c8f95/915b79894965/00014028800-002-p/00014028800-002-p.jpg?ts=1779274781356,"₩45,900",,,260622,블랙,,,,
,false,,ZARA,상의,탑,여성,숄더 패드 니트 탑,https://www.zara.com/kr/ko/%E1%84%89%E1%85%AD%E1%86%AF%E1%84%83%E1%85%A5-%E1%84%91%E1%85%A2%E1%84%83%E1%85%B3-%E1%84%82%E1%85%B5%E1%84%90%E1%85%B3-%E1%84%90%E1%85%A1%E1%86%B8-p01822029.html,https://static.zara.net/assets/public/b3f9/84c7/66e94701bc0e/abd0ff1532d9/01822029620-p/01822029620-p.jpg?ts=1779274064916,"₩49,900",,,260622,로즈핑크,,,,
,false,,ZARA,상의,셔츠/블라우스,여성,스터드 오프숄더 탑,https://www.zara.com/kr/ko/%E1%84%89%E1%85%B3%E1%84%90%E1%85%A5%E1%84%83%E1%85%B3-%E1%84%8B%E1%85%A9%E1%84%91%E1%85%B3%E1%84%89%E1%85%AD%E1%86%AF%E1%84%83%E1%85%A5-%E1%84%90%E1%85%A1%E1%86%B8-p04772063.html,https://static.zara.net/assets/public/ca41/7ac2/7e96442e875d/ca38e70e3d15/04772063250-p/04772063250-p.jpg?ts=1775815128600,"₩49,900",,,260622,화이트,,,,
,false,,ZARA,상의,셔츠/블라우스,여성,메탈릭 얀 시퀸 패턴 홀터넥 탑,https://www.zara.com/kr/ko/%E1%84%86%E1%85%A6%E1%84%90%E1%85%A1%E1%86%AF%E1%84%85%E1%85%B5%E1%86%A8-%E1%84%8B%E1%85%A3%E1%86%AB-%E1%84%89%E1%85%B5%E1%84%8F%E1%85%B1%E1%86%AB-%E1%84%91%E1%85%A2%E1%84%90%E1%85%A5%E1%86%AB-%E1%84%92%E1%85%A9%E1%86%AF%E1%84%90%E1%85%A5%E1%84%82%E1%85%A6%E1%86%A8-%E1%84%90%E1%85%A1%E1%86%B8-p07200023.html,https://static.zara.net/assets/public/5dfc/93c8/4470470882c1/4930f8135916/07200023330-000-p/07200023330-000-p.jpg?ts=1778079097905,"₩49,900",,,260622,멀티컬러,,,,
,false,,ZARA,상의,셔츠/블라우스,여성,린넨 홀터넥 탑,https://www.zara.com/kr/ko/%E1%84%85%E1%85%B5%E1%86%AB%E1%84%82%E1%85%A6%E1%86%AB-%E1%84%92%E1%85%A9%E1%86%AF%E1%84%90%E1%85%A5%E1%84%82%E1%85%A6%E1%86%A8-%E1%84%90%E1%85%A1%E1%86%B8-p02638723.html,https://static.zara.net/assets/public/01a8/57e8/a1984e64bdab/99eca0daa283/02638723716-1-p/02638723716-1-p.jpg?ts=1775640040655,"₩49,900",,,260622,다크 브라운,,,,
,false,,ZARA,상의,셔츠/블라우스,여성,린넨 홀터넥 탑,https://www.zara.com/kr/ko/%E1%84%85%E1%85%B5%E1%86%AB%E1%84%82%E1%85%A6%E1%86%AB-%E1%84%92%E1%85%A9%E1%86%AF%E1%84%90%E1%85%A5%E1%84%82%E1%85%A6%E1%86%A8-%E1%84%90%E1%85%A1%E1%86%B8-p02638723.html,https://static.zara.net/assets/public/93fb/1d79/48f342219a60/e65afef3233c/02638723716-p/02638723716-p.jpg?ts=1775490585273,"₩49,900",,,260622,다크 브라운,,,,
,false,,ZARA,상의,셔츠/블라우스,여성,새틴 언밸런스 홀터넥 탑,https://www.zara.com/kr/ko/%E1%84%8B%E1%85%A5%E1%86%AB%E1%84%87%E1%85%A2%E1%86%AF%E1%84%85%E1%85%A5%E1%86%AB%E1%84%89%E1%85%B3-%E1%84%83%E1%85%B3%E1%84%85%E1%85%A6%E1%84%8B%E1%85%B5%E1%84%91%E1%85%B3-%E1%84%92%E1%85%A9%E1%86%AF%E1%84%90%E1%85%A5%E1%84%82%E1%85%A6%E1%86%A8-%E1%84%90%E1%85%A1%E1%86%B8-p02748332.html,https://static.zara.net/assets/public/c3a1/8bcc/f43c4e88a465/6eb078b9a346/02748332800-p/02748332800-p.jpg?ts=1774970855516,"₩45,900",,,260622,블랙,,,,
,false,,ZARA,상의,셔츠/블라우스,여성,레이스 란제리 탑 ZW 컬렉션,https://www.zara.com/kr/ko/%E1%84%85%E1%85%A6%E1%84%8B%E1%85%B5%E1%84%89%E1%85%B3-%E1%84%85%E1%85%A1%E1%86%AB%E1%84%8C%E1%85%A6%E1%84%85%E1%85%B5-%E1%84%90%E1%85%A1%E1%86%B8-zw-%E1%84%8F%E1%85%A5%E1%86%AF%E1%84%85%E1%85%A6%E1%86%A8%E1%84%89%E1%85%A7%E1%86%AB-p05919105.html,https://static.zara.net/assets/public/40f5/1778/ce6e404ebc9a/d7ac31234e10/05919205800-p/05919205800-p.jpg?ts=1765792856191,"₩79,900",,,260622,블랙,,,,
,false,,ZARA,상의,셔츠/블라우스,여성,레이스 란제리 탑 ZW 컬렉션,https://www.zara.com/kr/ko/%E1%84%85%E1%85%A6%E1%84%8B%E1%85%B5%E1%84%89%E1%85%B3-%E1%84%85%E1%85%A1%E1%86%AB%E1%84%8C%E1%85%A6%E1%84%85%E1%85%B5-%E1%84%90%E1%85%A1%E1%86%B8-zw-%E1%84%8F%E1%85%A5%E1%86%AF%E1%84%85%E1%85%A6%E1%86%A8%E1%84%89%E1%85%A7%E1%86%AB-p05919105.html,https://static.zara.net/assets/public/f08d/d785/4b15419d9809/26657596443f/05919105706-p/05919105706-p.jpg?ts=1765792856278,"₩79,900",,,260622,밍크,,,,
,false,,ZARA,상의,셔츠/블라우스,여성,레이스 란제리 탑 ZW 컬렉션,https://www.zara.com/kr/ko/%E1%84%85%E1%85%A6%E1%84%8B%E1%85%B5%E1%84%89%E1%85%B3-%E1%84%85%E1%85%A1%E1%86%AB%E1%84%8C%E1%85%A6%E1%84%85%E1%85%B5-%E1%84%90%E1%85%A1%E1%86%B8-zw-%E1%84%8F%E1%85%A5%E1%86%AF%E1%84%85%E1%85%A6%E1%86%A8%E1%84%89%E1%85%A7%E1%86%AB-p05919105.html,https://static.zara.net/assets/public/5083/1dae/b4e549a6b274/c4bbceaea0ef/05919205800-1-a1/05919205800-1-a1.jpg?ts=1748434097945,"₩79,900",,,260622,블랙,,,,
,false,,ZARA,상의,탑,여성,언밸런스 오프숄더 탑,https://www.zara.com/kr/ko/%E1%84%8B%E1%85%A5%E1%86%AB%E1%84%87%E1%85%A2%E1%86%AF%E1%84%85%E1%85%A5%E1%86%AB%E1%84%89%E1%85%B3-%E1%84%8B%E1%85%A9%E1%84%91%E1%85%B3%E1%84%89%E1%85%AD%E1%86%AF%E1%84%83%E1%85%A5-%E1%84%90%E1%85%A1%E1%86%B8-p04813346.html,https://static.zara.net/assets/public/ef6d/6053/b8114d909a4f/caa7baf94557/04813346712-p/04813346712-p.jpg?ts=1779286625609,"₩49,900",,,260622,크림,,,,
,false,,ZARA,상의,탑,여성,텍스처 오프숄더 탑,https://www.zara.com/kr/ko/%E1%84%90%E1%85%A6%E1%86%A8%E1%84%89%E1%85%B3%E1%84%8E%E1%85%A5-%E1%84%8B%E1%85%A9%E1%84%91%E1%85%B3-%E1%84%89%E1%85%AD%E1%86%AF%E1%84%83%E1%85%A5-%E1%84%90%E1%85%A1%E1%86%B8-p05039397.html,https://static.zara.net/assets/public/ecf2/c4ef/8c0f4784ae7c/a3394e0f87d0/05039397406-p/05039397406-p.jpg?ts=1779696976107,"₩21,900",,,260622,라이트 블루,,,,
,false,,ZARA,상의,티셔츠,여성,리브드 텍스트 티셔츠,https://www.zara.com/kr/ko/%E1%84%85%E1%85%B5%E1%84%87%E1%85%B3-%E1%84%90%E1%85%A6%E1%86%A8%E1%84%89%E1%85%B3%E1%84%90%E1%85%B3-%E1%84%90%E1%85%B5%E1%84%89%E1%85%A7%E1%84%8E%E1%85%B3-p06050071.html,https://static.zara.net/assets/public/5d50/44c0/474b44659b18/c3306220d8a6/06050071250-p/06050071250-p.jpg?ts=1775741091952,"₩21,900",,,260622,화이트,,,,
,false,,ZARA,상의,셔츠/블라우스,여성,스트라이프 허니콤 탑,https://www.zara.com/kr/ko/%E1%84%89%E1%85%B3%E1%84%90%E1%85%B3%E1%84%85%E1%85%A1%E1%84%8B%E1%85%B5%E1%84%91%E1%85%B3-%E1%84%92%E1%85%A5%E1%84%82%E1%85%B5%E1%84%8F%E1%85%A9%E1%86%B7-%E1%84%90%E1%85%A1%E1%86%B8-p04387029.html,https://static.zara.net/assets/public/4533/3bba/65ac48399fc1/508583bc2b12/04387029070-p/04387029070-p.jpg?ts=1775748355956,"₩55,900",,,260622,"크림,블랙",,,,
,false,,ZARA,상의,셔츠/블라우스,여성,자수 비즈 탑,https://www.zara.com/kr/ko/%E1%84%8C%E1%85%A1%E1%84%89%E1%85%AE-%E1%84%87%E1%85%B5%E1%84%8C%E1%85%B3-%E1%84%90%E1%85%A1%E1%86%B8-p07200029.html,https://static.zara.net/assets/public/e23c/3942/aa4e4f999e27/627701929197/07200029251-p/07200029251-p.jpg?ts=1777543608773,"₩57,900",,,260622,스크래치 화이트,,,,
,false,,ZARA,상의,티셔츠,여성,리브드 슬리브리스 탑,https://www.zara.com/kr/ko/%E1%84%85%E1%85%B5%E1%84%87%E1%85%B3%E1%84%83%E1%85%B3-%E1%84%89%E1%85%B3%E1%86%AF%E1%84%85%E1%85%B5%E1%84%87%E1%85%B3%E1%84%85%E1%85%B5%E1%84%89%E1%85%B3-%E1%84%90%E1%85%A1%E1%86%B8-p02335180.html,https://static.zara.net/assets/public/722f/7af8/4e1b4b369623/c2124ff8b40d/02335180251-p/02335180251-p.jpg?ts=1775662006475,"₩21,900",,,260622,스크래치 화이트,,,,
,false,,ZARA,상의,티셔츠,여성,리브드 슬리브리스 탑,https://www.zara.com/kr/ko/%E1%84%85%E1%85%B5%E1%84%87%E1%85%B3%E1%84%83%E1%85%B3-%E1%84%89%E1%85%B3%E1%86%AF%E1%84%85%E1%85%B5%E1%84%87%E1%85%B3%E1%84%85%E1%85%B5%E1%84%89%E1%85%B3-%E1%84%90%E1%85%A1%E1%86%B8-p02335180.html,https://static.zara.net/assets/public/f92d/15ab/f54f4d09ba36/30ac578510b6/02335180822-p/02335180822-p.jpg?ts=1775662006456,"₩21,900",,,260622,먹색,,,,
,false,,ZARA,상의,니트,여성,쇼트 슬리브 니트 폴로셔츠,https://www.zara.com/kr/ko/%E1%84%89%E1%85%AD%E1%84%90%E1%85%B3-%E1%84%89%E1%85%B3%E1%86%AF%E1%84%85%E1%85%B5%E1%84%87%E1%85%B3-%E1%84%82%E1%85%B5%E1%84%90%E1%85%B3-%E1%84%91%E1%85%A9%E1%86%AF%E1%84%85%E1%85%A9%E1%84%89%E1%85%A7%E1%84%8E%E1%85%B3-p02142519.html,https://static.zara.net/assets/public/a0df/fdd7/b9b7480c8a42/3ad75bc87784/02142519800-p/02142519800-p.jpg?ts=1781076433293,"₩45,900",,,260622,블랙,,,,
,false,,ZARA,상의,탑,여성,언밸런스 니트 탑,https://www.zara.com/kr/ko/%E1%84%8B%E1%85%A5%E1%86%AB%E1%84%87%E1%85%A2%E1%86%AF%E1%84%85%E1%85%A5%E1%86%AB%E1%84%89%E1%85%B3-%E1%84%82%E1%85%B5%E1%84%90%E1%85%B3-%E1%84%90%E1%85%A1%E1%86%B8-p09874004.html,https://static.zara.net/assets/public/6b8c/c3cf/31a941fab814/c0610c599462/09874004092-p/09874004092-p.jpg?ts=1781076432681,"₩49,900",,,260622,라이트 베이지,,,,
,false,,ZARA,상의,셔츠/블라우스,여성,새틴 홀터넥 탑,https://www.zara.com/kr/ko/%E1%84%89%E1%85%A2%E1%84%90%E1%85%B5%E1%86%AB-%E1%84%92%E1%85%A9%E1%86%AF%E1%84%90%E1%85%A5%E1%84%82%E1%85%A6%E1%86%A8-%E1%84%90%E1%85%A1%E1%86%B8-p02337051.html,https://static.zara.net/assets/public/f163/f4b3/dcf14bb18937/05ffcdd94fa5/02337051800-p/02337051800-p.jpg?ts=1771420754032,"₩45,900",,,260622,블랙,,,,
,false,,ZARA,상의,셔츠/블라우스,여성,새틴 홀터넥 탑,https://www.zara.com/kr/ko/%E1%84%89%E1%85%A2%E1%84%90%E1%85%B5%E1%86%AB-%E1%84%92%E1%85%A9%E1%86%AF%E1%84%90%E1%85%A5%E1%84%82%E1%85%A6%E1%86%A8-%E1%84%90%E1%85%A1%E1%86%B8-p02337051.html,https://static.zara.net/assets/public/1081/4203/fb9b4d708645/4699fdb4ce22/02337051323-000-a1/02337051323-000-a1.jpg?ts=1771439687479,"₩45,900",,,260622,노랑,,,,
,false,,ZARA,상의,탑,여성,하이넥 탑,https://www.zara.com/kr/ko/%E1%84%92%E1%85%A1%E1%84%8B%E1%85%B5%E1%84%82%E1%85%A6%E1%86%A8-%E1%84%90%E1%85%A1%E1%86%B8-p01067106.html,https://static.zara.net/assets/public/756b/c9db/894f42a08293/039869a0af51/01067106712-p/01067106712-p.jpg?ts=1769526365361,"₩49,900",,,260622,크림,,,,
,false,,ZARA,상의,셔츠/블라우스,여성,기퓌르 토글 버튼 탑,https://www.zara.com/kr/ko/%E1%84%80%E1%85%B5%E1%84%91%E1%85%B1%E1%84%85%E1%85%B3-%E1%84%90%E1%85%A9%E1%84%80%E1%85%B3%E1%86%AF-%E1%84%87%E1%85%A5%E1%84%90%E1%85%B3%E1%86%AB-%E1%84%90%E1%85%A1%E1%86%B8-p02501523.html,https://static.zara.net/assets/public/ad22/51d5/99d543868f1b/09f74ca8214c/02501523250-p/02501523250-p.jpg?ts=1774277248873,"₩55,900",,,260622,화이트,,,,
,false,,ZARA,상의,탑,여성,레이스 트리밍 골지 탑,https://www.zara.com/kr/ko/%E1%84%85%E1%85%B5%E1%84%87%E1%85%B3%E1%84%83%E1%85%B3-%E1%84%85%E1%85%A6%E1%84%8B%E1%85%B5%E1%84%89%E1%85%B3-%E1%84%90%E1%85%A1%E1%86%B8-p02678128.html,https://static.zara.net/assets/public/930a/fe1a/da384ad58785/2a1ea9676e2f/02678128712-p/02678128712-p.jpg?ts=1779891619254,"₩55,900",,,260622,크림,,,,
,false,,ZARA,상의,탑,여성,벌룬 슬릿 탑,https://www.zara.com/kr/ko/%E1%84%87%E1%85%A5%E1%86%AF%E1%84%85%E1%85%AE%E1%86%AB-%E1%84%89%E1%85%B3%E1%86%AF%E1%84%85%E1%85%B5%E1%86%BA-%E1%84%90%E1%85%A1%E1%86%B8-p04770159.html,https://static.zara.net/assets/public/882b/694e/d6c94c5b8563/06bf40f5e8ce/04770159400-p/04770159400-p.jpg?ts=1770901297018,"₩55,900",,,260622,블루,,,,
,false,,ZARA,상의,티셔츠,여성,플루이드 숄더 패드 티셔츠,https://www.zara.com/kr/ko/%E1%84%91%E1%85%B3%E1%86%AF%E1%84%85%E1%85%AE%E1%84%8B%E1%85%B5%E1%84%83%E1%85%B3-%E1%84%89%E1%85%AD%E1%86%AF%E1%84%83%E1%85%A5-%E1%84%91%E1%85%A2%E1%84%83%E1%85%B3-%E1%84%90%E1%85%B5%E1%84%89%E1%85%A7%E1%84%8E%E1%85%B3-p05644012.html,https://static.zara.net/assets/public/9c84/5f1d/cda14bc799e5/e9d69a1200d0/05644012800-p/05644012800-p.jpg?ts=1770901297269,"₩45,900",,,260622,블랙,,,,
,false,,ZARA,상의,탑,여성,자수 레이스 크롭 탑,https://www.zara.com/kr/ko/%E1%84%8C%E1%85%A1%E1%84%89%E1%85%AE-%E1%84%85%E1%85%A6%E1%84%8B%E1%85%B5%E1%84%89%E1%85%B3-%E1%84%90%E1%85%A1%E1%86%B8-p06895105.html,https://static.zara.net/assets/public/50b3/1780/3866469d86c6/6b589e5537ce/07243113712-p/07243113712-p.jpg?ts=1778224383836,"₩89,900",,,260622,화이트,,,,
,false,,ZARA,상의,탑,여성,폴리아미드 스트랩 탑,https://www.zara.com/kr/ko/%E1%84%91%E1%85%A9%E1%86%AF%E1%84%85%E1%85%B5%E1%84%8B%E1%85%A1%E1%84%86%E1%85%B5%E1%84%83%E1%85%B3-%E1%84%89%E1%85%B3%E1%84%90%E1%85%B3%E1%84%85%E1%85%A2%E1%86%B8-%E1%84%90%E1%85%A1%E1%86%B8-p01355024.html,https://static.zara.net/assets/public/3137/0da2/976e4e8bbf0b/e7395b94f960/01355024730-p/01355024730-p.jpg?ts=1775723700575,"₩45,900",,,260622,라이트 브라운,,,,
,false,,ZARA,상의,탑,여성,폴리아미드 트임 탑,https://www.zara.com/kr/ko/%E1%84%91%E1%85%A9%E1%86%AF%E1%84%85%E1%85%B5%E1%84%8B%E1%85%A1%E1%84%86%E1%85%B5%E1%84%83%E1%85%B3-%E1%84%90%E1%85%B3%E1%84%8B%E1%85%B5%E1%86%B7-%E1%84%90%E1%85%A1%E1%86%B8-p01355026.html,https://static.zara.net/assets/public/3293/f58e/4f564d20847d/11718c0552f7/01355026800-p/01355026800-p.jpg?ts=1775723703611,"₩45,900",,,260622,블랙,,,,
,false,,ZARA,상의,셔츠/블라우스,여성,ZW 컬렉션 자수 캐미솔 탑,https://www.zara.com/kr/ko/zw-%E1%84%8F%E1%85%A5%E1%86%AF%E1%84%85%E1%85%A6%E1%86%A8%E1%84%89%E1%85%A7%E1%86%AB-%E1%84%8C%E1%85%A1%E1%84%89%E1%85%AE-%E1%84%8F%E1%85%A2%E1%84%86%E1%85%B5%E1%84%89%E1%85%A9%E1%86%AF-%E1%84%90%E1%85%A1%E1%86%B8-p01377200.html,https://static.zara.net/assets/public/a1ff/7e33/d6194dff9f4c/f1a6e2b81294/01377200814-p/01377200814-p.jpg?ts=1778767676396,"₩79,900",,,260622,"그레이,베이지",,,,
,false,,ZARA,상의,탑,여성,프릴 포인텔 니트 탑,https://www.zara.com/kr/ko/%E1%84%91%E1%85%B3%E1%84%85%E1%85%B5%E1%86%AF-%E1%84%91%E1%85%A9%E1%84%8B%E1%85%B5%E1%86%AB%E1%84%90%E1%85%A6%E1%86%AF-%E1%84%82%E1%85%B5%E1%84%90%E1%85%B3-%E1%84%90%E1%85%A1%E1%86%B8-p02756041.html,https://static.zara.net/assets/public/2085/221b/f0484496a661/4996f9d21dff/02756041712-p/02756041712-p.jpg?ts=1778769622379,"₩39,900",,,260622,크림,,,,
,false,,ZARA,상의,탑,여성,튤 드레이프 코르셋,https://www.zara.com/kr/ko/%E1%84%90%E1%85%B2%E1%86%AF-%E1%84%83%E1%85%B3%E1%84%85%E1%85%A6%E1%84%8B%E1%85%B5%E1%84%91%E1%85%B3-%E1%84%8F%E1%85%A9%E1%84%85%E1%85%B3%E1%84%89%E1%85%A6%E1%86%BA-p00085303.html,https://static.zara.net/assets/public/94d2/7d5f/dc14478b974d/a4790bffb0fe/00085303800-p/00085303800-p.jpg?ts=1769789501365,"₩45,900",,,260622,블랙,,,,
,false,,ZARA,상의,탑,여성,언밸런스 튤 드레이프 탑,https://www.zara.com/kr/ko/%E1%84%83%E1%85%B3%E1%84%85%E1%85%A6%E1%84%8B%E1%85%B5%E1%84%91%E1%85%B3-%E1%84%90%E1%85%B2%E1%86%AF-%E1%84%8B%E1%85%A5%E1%86%AB%E1%84%87%E1%85%A2%E1%86%AF%E1%84%85%E1%85%A5%E1%86%AB%E1%84%89%E1%85%B3-%E1%84%90%E1%85%A1%E1%86%B8-p00085304.html,https://static.zara.net/assets/public/9c5d/65c2/deff47699d68/0108a825b4f3/00085304800-p/00085304800-p.jpg?ts=1769789501137,"₩49,900",,,260622,블랙,,,,
,false,,ZARA,상의,탑,여성,프린지 니트 탑,https://www.zara.com/kr/ko/%E1%84%91%E1%85%B3%E1%84%85%E1%85%B5%E1%86%AB%E1%84%8C%E1%85%B5-%E1%84%82%E1%85%B5%E1%84%90%E1%85%B3-%E1%84%90%E1%85%A1%E1%86%B8-p06771025.html,https://static.zara.net/assets/public/1e7b/c77e/a15048aa979e/4fc4f05ceda3/06771025738-p/06771025738-p.jpg?ts=1778067724863,"₩45,900",,,260622,끈,,,,
,false,,ZARA,상의,셔츠/블라우스,여성,자수 거즈 스트랩 탑,https://www.zara.com/kr/ko/%E1%84%8C%E1%85%A1%E1%84%89%E1%85%AE-%E1%84%89%E1%85%B3%E1%84%90%E1%85%B3%E1%84%85%E1%85%A2%E1%86%B8-%E1%84%80%E1%85%A5%E1%84%8C%E1%85%B3-%E1%84%90%E1%85%A1%E1%86%B8-p00881027.html,https://static.zara.net/assets/public/615c/75e9/b170454d9637/4c92991c9ebc/00881027251-p/00881027251-p.jpg?ts=1773256671120,"₩55,900",,,260622,스크래치 화이트,,,,
,false,,ZARA,상의,셔츠/블라우스,여성,자수 스트랩 탑,https://www.zara.com/kr/ko/%E1%84%8C%E1%85%A1%E1%84%89%E1%85%AE-%E1%84%89%E1%85%B3%E1%84%90%E1%85%B3%E1%84%85%E1%85%A2%E1%86%B8-%E1%84%90%E1%85%A1%E1%86%B8-p00881019.html,https://static.zara.net/assets/public/7239/9576/0d7f4e8dbb70/74c521df0d86/00881019251-p/00881019251-p.jpg?ts=1773256720698,"₩55,900",,,260622,스크래치 화이트,,,,
,false,,ZARA,상의,탑,여성,레이스 프릴 탑,https://www.zara.com/kr/ko/%E1%84%85%E1%85%A6%E1%84%8B%E1%85%B5%E1%84%89%E1%85%B3-%E1%84%91%E1%85%B3%E1%84%85%E1%85%B5%E1%86%AF-%E1%84%90%E1%85%A1%E1%86%B8-p05063366.html,https://static.zara.net/assets/public/2e2d/d3f1/191046eeaecb/cad804e94b83/05063366712-p/05063366712-p.jpg?ts=1779440420815,"₩49,900",,,260622,크림,,,,
,false,,ZARA,상의,탑,여성,시퀸 프린지 크롭 탑,https://www.zara.com/kr/ko/%E1%84%89%E1%85%B5%E1%84%8F%E1%85%B1%E1%86%AB-%E1%84%91%E1%85%B3%E1%84%85%E1%85%B5%E1%86%AB%E1%84%8C%E1%85%B5-%E1%84%8F%E1%85%B3%E1%84%85%E1%85%A9%E1%86%B8-%E1%84%90%E1%85%A1%E1%86%B8-p05063367.html,https://static.zara.net/assets/public/7664/bb22/48f74dfb80bc/8ea9b563e7f7/05063367717-p/05063367717-p.jpg?ts=1779440422710,"₩57,900",,,260622,초콜렛,,,,
,false,,ZARA,상의,탑,여성,드레이프 언밸런스 탑,https://www.zara.com/kr/ko/%E1%84%83%E1%85%B3%E1%84%85%E1%85%A6%E1%84%8B%E1%85%B5%E1%84%91%E1%85%B3-%E1%84%8B%E1%85%A5%E1%86%AB%E1%84%87%E1%85%A2%E1%86%AF%E1%84%85%E1%85%A5%E1%86%AB%E1%84%89%E1%85%B3-%E1%84%90%E1%85%A1%E1%86%B8-p05644028.html,https://static.zara.net/assets/public/e6af/e495/22a04a96a729/26e9c3de02a7/05644028806-p/05644028806-p.jpg?ts=1772555763194,"₩35,900",,,260622,스톤,,,,
,false,,ZARA,상의,탑,여성,드레이프 언밸런스 탑,https://www.zara.com/kr/ko/%E1%84%83%E1%85%B3%E1%84%85%E1%85%A6%E1%84%8B%E1%85%B5%E1%84%91%E1%85%B3-%E1%84%8B%E1%85%A5%E1%86%AB%E1%84%87%E1%85%A2%E1%86%AF%E1%84%85%E1%85%A5%E1%86%AB%E1%84%89%E1%85%B3-%E1%84%90%E1%85%A1%E1%86%B8-p05644028.html,https://static.zara.net/assets/public/d3df/d2be/5d46496c96a6/ec0d6dc631cf/05644028300-p/05644028300-p.jpg?ts=1772554880780,"₩35,900",,,260622,노랑,,,,
,false,,ZARA,기타,WAISTCOAT,여성,버튼 하트 네크라인 탑,https://www.zara.com/kr/ko/%E1%84%87%E1%85%A5%E1%84%90%E1%85%B3%E1%86%AB-%E1%84%92%E1%85%A1%E1%84%90%E1%85%B3-%E1%84%82%E1%85%A6%E1%84%8F%E1%85%B3%E1%84%85%E1%85%A1%E1%84%8B%E1%85%B5%E1%86%AB-%E1%84%90%E1%85%A1%E1%86%B8-p03253800.html,https://static.zara.net/assets/public/5b2e/5014/e83c4538bb18/5f3c26ec1a3f/03253800700-p/03253800700-p.jpg?ts=1754317598202,"₩35,900",,,260622,브라운,,,,
,false,,ZARA,기타,WAISTCOAT,여성,버튼 하트 네크라인 탑,https://www.zara.com/kr/ko/%E1%84%87%E1%85%A5%E1%84%90%E1%85%B3%E1%86%AB-%E1%84%92%E1%85%A1%E1%84%90%E1%85%B3-%E1%84%82%E1%85%A6%E1%84%8F%E1%85%B3%E1%84%85%E1%85%A1%E1%84%8B%E1%85%B5%E1%86%AB-%E1%84%90%E1%85%A1%E1%86%B8-p03253800.html,https://static.zara.net/assets/public/c774/a7e8/5cc441feb73e/18d2f519d25d/03253800620-p/03253800620-p.jpg?ts=1754317589736,"₩35,900",,,260622,로즈핑크,,,,
,false,,ZARA,기타,WAISTCOAT,여성,버튼 하트 네크라인 탑,https://www.zara.com/kr/ko/%E1%84%87%E1%85%A5%E1%84%90%E1%85%B3%E1%86%AB-%E1%84%92%E1%85%A1%E1%84%90%E1%85%B3-%E1%84%82%E1%85%A6%E1%84%8F%E1%85%B3%E1%84%85%E1%85%A1%E1%84%8B%E1%85%B5%E1%86%AB-%E1%84%90%E1%85%A1%E1%86%B8-p03253800.html,https://static.zara.net/assets/public/9197/bdb3/77714ac79605/b2edb47b1b7d/03253800800-p/03253800800-p.jpg?ts=1754317597710,"₩35,900",,,260622,블랙,,,,
,false,,ZARA,상의,셔츠/블라우스,여성,셔링 홀터넥 탑,https://www.zara.com/kr/ko/%E1%84%89%E1%85%A7%E1%84%85%E1%85%B5%E1%86%BC-%E1%84%92%E1%85%A9%E1%86%AF%E1%84%90%E1%85%A5%E1%84%82%E1%85%A6%E1%86%A8-%E1%84%90%E1%85%A1%E1%86%B8-p05721001.html,https://static.zara.net/assets/public/2008/334c/9d73410ca266/a76d11a24f2a/05721001800-p/05721001800-p.jpg?ts=1775065428812,"₩49,900",,,260622,블랙,,,,
,false,,ZARA,기타,WIND-JACKET,여성,체크 케이프 셔츠,https://www.zara.com/kr/ko/%E1%84%8E%E1%85%A6%E1%84%8F%E1%85%B3-%E1%84%8F%E1%85%A6%E1%84%8B%E1%85%B5%E1%84%91%E1%85%B3-%E1%84%89%E1%85%A7%E1%84%8E%E1%85%B3-p03067709.html,https://static.zara.net/assets/public/095b/c1e1/b5a34e4a9c79/51a6967dc771/03067709809-p/03067709809-p.jpg?ts=1775065424861,"₩55,900",,,260622,미디움 그레이,,,,
,false,,ZARA,상의,셔츠/블라우스,여성,시퀸 홀터넥 탑,https://www.zara.com/kr/ko/%E1%84%89%E1%85%B5%E1%84%8F%E1%85%B1%E1%86%AB-%E1%84%92%E1%85%A9%E1%86%AF%E1%84%90%E1%85%A5%E1%84%82%E1%85%A6%E1%86%A8-%E1%84%90%E1%85%A1%E1%86%B8-p00881068.html,https://static.zara.net/assets/public/f987/92fd/25e84f6099be/24099913b7a8/00881068687-p/00881068687-p.jpg?ts=1779447229299,"₩55,900",,,260622,페일 로즈,,,,
,false,,ZARA,상의,탑,여성,폴리아미드 콤비 탑,https://www.zara.com/kr/ko/%E1%84%91%E1%85%A9%E1%86%AF%E1%84%85%E1%85%B5%E1%84%8B%E1%85%A1%E1%84%86%E1%85%B5%E1%84%83%E1%85%B3-%E1%84%8F%E1%85%A9%E1%86%B7%E1%84%87%E1%85%B5-%E1%84%90%E1%85%A1%E1%86%B8-p01355027.html,https://static.zara.net/assets/public/0072/1519/27a94c1e941b/71e6a530aad0/01355027800-p/01355027800-p.jpg?ts=1778674015635,"₩55,900",,,260622,블랙,,,,
,false,,ZARA,기타,WAISTCOAT,여성,골드 버튼 크롭 베스트,https://www.zara.com/kr/ko/%E1%84%80%E1%85%A9%E1%86%AF%E1%84%83%E1%85%B3-%E1%84%87%E1%85%A5%E1%84%90%E1%85%B3%E1%86%AB-%E1%84%8F%E1%85%B3%E1%84%85%E1%85%A9%E1%86%B8-%E1%84%87%E1%85%A6%E1%84%89%E1%85%B3%E1%84%90%E1%85%B3-p04387360.html,https://static.zara.net/assets/public/7e80/7aec/476047598876/893aaeadf6f5/04387360800-p/04387360800-p.jpg?ts=1774005481067,"₩55,900",,,260622,블랙,,,,
,false,,ZARA,상의,탑,여성,로맨틱 포인텔 니트 프릴 탑,https://www.zara.com/kr/ko/%E1%84%85%E1%85%A9%E1%84%86%E1%85%A2%E1%86%AB%E1%84%90%E1%85%B5%E1%86%A8-%E1%84%91%E1%85%A9%E1%84%8B%E1%85%B5%E1%86%AB%E1%84%90%E1%85%A6%E1%86%AF-%E1%84%91%E1%85%B3%E1%84%85%E1%85%B5%E1%86%AF-%E1%84%82%E1%85%B5%E1%84%90%E1%85%B3-%E1%84%90%E1%85%A1%E1%86%B8-p03859001.html,https://static.zara.net/assets/public/44e0/6359/b79e42e1b8d6/4c446b59edec/03859001800-p/03859001800-p.jpg?ts=1774008748052,"₩55,900",,,260622,블랙,,,,
,false,,ZARA,상의,셔츠/블라우스,여성,리본 숄더 패드 새틴 탑,https://www.zara.com/kr/ko/%E1%84%85%E1%85%B5%E1%84%87%E1%85%A9%E1%86%AB-%E1%84%89%E1%85%AD%E1%86%AF%E1%84%83%E1%85%A5-%E1%84%91%E1%85%A2%E1%84%83%E1%85%B3-%E1%84%89%E1%85%A2%E1%84%90%E1%85%B5%E1%86%AB-%E1%84%90%E1%85%A1%E1%86%B8-p03227701.html,https://static.zara.net/assets/public/2b7b/30dd/c50f4a5d87c0/3ddac0e8983d/03227701406-p/03227701406-p.jpg?ts=1776956639999,"₩49,900",,,260622,라이트 블루,,,,
,false,,ZARA,상의,셔츠/블라우스,여성,펀칭 자수 탑,https://www.zara.com/kr/ko/%E1%84%91%E1%85%A5%E1%86%AB%E1%84%8E%E1%85%B5%E1%86%BC-%E1%84%8C%E1%85%A1%E1%84%89%E1%85%AE-%E1%84%90%E1%85%A1%E1%86%B8-p02914729.html,https://static.zara.net/assets/public/3879/f4f6/edf3433c90bb/d20e0715207d/02914729620-p/02914729620-p.jpg?ts=1778245612108,"₩49,900",,,260622,로즈핑크,,,,
,false,,ZARA,상의,셔츠/블라우스,여성,린넨 숄더 패드 벌룬 탑,https://www.zara.com/kr/ko/%E1%84%85%E1%85%B5%E1%86%AB%E1%84%82%E1%85%A6%E1%86%AB-%E1%84%89%E1%85%AD%E1%86%AF%E1%84%83%E1%85%A5-%E1%84%91%E1%85%A2%E1%84%83%E1%85%B3-%E1%84%87%E1%85%A5%E1%86%AF%E1%84%85%E1%85%AE%E1%86%AB-%E1%84%90%E1%85%A1%E1%86%B8-p07737784.html,https://static.zara.net/assets/public/5169/5baa/682b452d9b70/d65cad4a5a9b/07737784406-p/07737784406-p.jpg?ts=1778849416238,"₩49,900",,,260622,라이트 블루,,,,
,false,,ZARA,상의,셔츠/블라우스,여성,리본 허니콤 탑,https://www.zara.com/kr/ko/%E1%84%85%E1%85%B5%E1%84%87%E1%85%A9%E1%86%AB-%E1%84%92%E1%85%A5%E1%84%82%E1%85%B5%E1%84%8F%E1%85%A9%E1%86%B7-%E1%84%90%E1%85%A1%E1%86%B8-p03564116.html,https://static.zara.net/assets/public/b12d/d181/fefa476a8ea8/273ff2661bd1/03464116044-p/03464116044-p.jpg?ts=1778853098426,"₩45,900",,,260622,"블루 ,화이트",,,,
,false,,ZARA,상의,셔츠/블라우스,여성,새틴 홀터넥 탑,https://www.zara.com/kr/ko/%E1%84%89%E1%85%A2%E1%84%90%E1%85%B5%E1%86%AB-%E1%84%92%E1%85%A9%E1%86%AF%E1%84%90%E1%85%A5%E1%84%82%E1%85%A6%E1%86%A8-%E1%84%90%E1%85%A1%E1%86%B8-p02157221.html,https://static.zara.net/assets/public/7b8a/298c/d4b94e6985ff/d4f5b47db805/02157221800-004-p/02157221800-004-p.jpg?ts=1776855502601,"₩45,900",,,260622,블랙,,,,
,false,,ZARA,상의,셔츠/블라우스,여성,스터드 홀터넥 탑,https://www.zara.com/kr/ko/%E1%84%89%E1%85%B3%E1%84%90%E1%85%A5%E1%84%83%E1%85%B3-%E1%84%92%E1%85%A9%E1%86%AF%E1%84%90%E1%85%A5%E1%84%82%E1%85%A6%E1%86%A8-%E1%84%90%E1%85%A1%E1%86%B8-p03777026.html,https://static.zara.net/assets/public/7c2f/e9d7/a60d4a4ab1bf/c062362d9fb4/03777026400-p/03777026400-p.jpg?ts=1781091943015,"₩55,900",,,260622,블루,,,,
,false,,ZARA,상의,셔츠/블라우스,여성,린넨 토글 페플럼 탑,https://www.zara.com/kr/ko/%E1%84%85%E1%85%B5%E1%86%AB%E1%84%82%E1%85%A6%E1%86%AB-%E1%84%90%E1%85%A9%E1%84%80%E1%85%B3%E1%86%AF-%E1%84%91%E1%85%A6%E1%84%91%E1%85%B3%E1%86%AF%E1%84%85%E1%85%A5%E1%86%B7-%E1%84%90%E1%85%A1%E1%86%B8-p07756826.html,https://static.zara.net/assets/public/bc51/f0b0/41ee44eeb31f/7fb4f00291c7/07756826405-p/07756826405-p.jpg?ts=1781092363946,"₩55,900",,,260622,인디고,,,,
,false,,ZARA,상의,티셔츠,여성,합성 면소재 홀터넥 탑,https://www.zara.com/kr/ko/%E1%84%92%E1%85%A1%E1%86%B8%E1%84%89%E1%85%A5%E1%86%BC-%E1%84%86%E1%85%A7%E1%86%AB%E1%84%89%E1%85%A9%E1%84%8C%E1%85%A2-%E1%84%92%E1%85%A9%E1%86%AF%E1%84%90%E1%85%A5%E1%84%82%E1%85%A6%E1%86%A8-%E1%84%90%E1%85%A1%E1%86%B8-p03641015.html,https://static.zara.net/assets/public/7926/c45f/1cdb40f891ab/a9daeeb8045d/03641015800-p/03641015800-p.jpg?ts=1774973450535,"₩35,900",,,260622,블랙,,,,
,false,,ZARA,상의,탑,여성,볼륨 홀터넥 탑,https://www.zara.com/kr/ko/%E1%84%87%E1%85%A9%E1%86%AF%E1%84%85%E1%85%B2%E1%86%B7-%E1%84%92%E1%85%A9%E1%86%AF%E1%84%90%E1%85%A5%E1%84%82%E1%85%A6%E1%86%A8-%E1%84%90%E1%85%A1%E1%86%B8-p08779173.html,https://static.zara.net/assets/public/fe26/c27d/5ff549d384d2/a6e8664b8a2e/08779173300-p/08779173300-p.jpg?ts=1772466573514,"₩49,900",,,260622,노랑,,,,
,false,,ZARA,상의,티셔츠,여성,셔링 반소매 탑,https://www.zara.com/kr/ko/%E1%84%89%E1%85%A7%E1%84%85%E1%85%B5%E1%86%BC-%E1%84%87%E1%85%A1%E1%86%AB%E1%84%89%E1%85%A9%E1%84%86%E1%85%A2-%E1%84%90%E1%85%A1%E1%86%B8-p05584229.html,https://static.zara.net/assets/public/afd3/0a67/af2141658511/be091aa79c7b/05584229250-p/05584229250-p.jpg?ts=1772726576555,"₩45,900",,,260622,화이트,,,,
,false,,ZARA,상의,탑,여성,도트 세미 시스루 니트 탑,https://www.zara.com/kr/ko/%E1%84%83%E1%85%A9%E1%84%90%E1%85%B3-%E1%84%89%E1%85%A6%E1%84%86%E1%85%B5-%E1%84%89%E1%85%B5%E1%84%89%E1%85%B3%E1%84%85%E1%85%AE-%E1%84%82%E1%85%B5%E1%84%90%E1%85%B3-%E1%84%90%E1%85%A1%E1%86%B8-p09598041.html,https://static.zara.net/assets/public/a190/47fb/093d428c8cb2/26306b0ab1d3/09598041064-p/09598041064-p.jpg?ts=1772726577416,"₩49,900",,,260622,"화이트,블랙",,,,
,false,,ZARA,상의,니트,여성,리브드 니트 탑,https://www.zara.com/kr/ko/%E1%84%80%E1%85%A9%E1%86%AF%E1%84%8C%E1%85%B5-%E1%84%82%E1%85%B5%E1%84%90%E1%85%B3-%E1%84%90%E1%85%A1%E1%86%B8-p03390002.html,https://static.zara.net/assets/public/351a/508c/703b4d99be68/00f84d93b1bd/03390002250-000-p/03390002250-000-p.jpg?ts=1769721841304,"₩45,900",,,260622,화이트,,,,
,false,,ZARA,상의,탑,여성,레이스 코르셋 탑,https://www.zara.com/kr/ko/%E1%84%85%E1%85%A6%E1%84%8B%E1%85%B5%E1%84%89%E1%85%B3-%E1%84%8F%E1%85%A9%E1%84%85%E1%85%B3%E1%84%89%E1%85%A6%E1%86%BA-%E1%84%90%E1%85%A1%E1%86%B8-p04344305.html,https://static.zara.net/assets/public/d663/9cd3/3de6466eb7e4/4b04de129fd4/04344305644-p/04344305644-p.jpg?ts=1776167779570,"₩55,900",,,260622,라이트 로즈,,,,
,false,,ZARA,상의,탑,여성,레이스 코르셋 탑,https://www.zara.com/kr/ko/%E1%84%85%E1%85%A6%E1%84%8B%E1%85%B5%E1%84%89%E1%85%B3-%E1%84%8F%E1%85%A9%E1%84%85%E1%85%B3%E1%84%89%E1%85%A6%E1%86%BA-%E1%84%90%E1%85%A1%E1%86%B8-p04344305.html,https://static.zara.net/assets/public/605b/44a9/477049e2b44d/d68efed8a7f7/04344305629-000-p/04344305629-000-p.jpg?ts=1778088657222,"₩55,900",,,260622,라일락,,,,
,false,,ZARA,상의,탑,여성,레이스 코르셋 탑,https://www.zara.com/kr/ko/%E1%84%85%E1%85%A6%E1%84%8B%E1%85%B5%E1%84%89%E1%85%B3-%E1%84%8F%E1%85%A9%E1%84%85%E1%85%B3%E1%84%89%E1%85%A6%E1%86%BA-%E1%84%90%E1%85%A1%E1%86%B8-p04344305.html,https://static.zara.net/assets/public/eb05/0f4b/f9e84963975a/cda7abefa66c/04344305506-000-p/04344305506-000-p.jpg?ts=1778088647391,"₩55,900",,,260622,라이트 카키,,,,
,false,,ZARA,상의,셔츠/블라우스,여성,ZW 컬렉션 자카드 언밸런스 탑,https://www.zara.com/kr/ko/zw-%E1%84%8F%E1%85%A5%E1%86%AF%E1%84%85%E1%85%A6%E1%86%A8%E1%84%89%E1%85%A7%E1%86%AB-%E1%84%8B%E1%85%A5%E1%86%AB%E1%84%87%E1%85%A2%E1%86%AF%E1%84%85%E1%85%A5%E1%86%AB%E1%84%89%E1%85%B3-%E1%84%8C%E1%85%A1%E1%84%8F%E1%85%A1%E1%84%83%E1%85%B3-%E1%84%90%E1%85%A1%E1%86%B8-p06102341.html,https://static.zara.net/assets/public/d788/1e21/d2ba498eab33/5607c59f3246/06102341450-p/06102341450-p.jpg?ts=1777026472939,"₩149,900",,,260622,베이지,,,,
,false,,ZARA,상의,셔츠/블라우스,여성,ZW 컬렉션 프린트 탑,https://www.zara.com/kr/ko/zw-%E1%84%8F%E1%85%A5%E1%86%AF%E1%84%85%E1%85%A6%E1%86%A8%E1%84%89%E1%85%A7%E1%86%AB-%E1%84%91%E1%85%B3%E1%84%85%E1%85%B5%E1%86%AB%E1%84%90%E1%85%B3-%E1%84%90%E1%85%A1%E1%86%B8-p06895092.html,https://static.zara.net/assets/public/ed37/e0b5/97154a5a856f/4907457ac91d/06895092067-p/06895092067-p.jpg?ts=1777026486374,"₩59,900",,,260622,"크림,레드",,,,
,false,,ZARA,기타,BODYSUIT,여성,튜튜 스트랩 믹스 소재 바디수트,https://www.zara.com/kr/ko/%E1%84%90%E1%85%B2%E1%86%AF-%E1%84%86%E1%85%B5%E1%86%A8%E1%84%89%E1%85%B3-%E1%84%89%E1%85%B3%E1%84%90%E1%85%B3%E1%84%85%E1%85%A2%E1%86%B8-%E1%84%87%E1%85%A1%E1%84%83%E1%85%B5%E1%84%89%E1%85%AE%E1%84%90%E1%85%B3-p05039381.html,https://static.zara.net/assets/public/b3e6/bc82/c1214b299604/6bc2fc9ca241/05039381800-p/05039381800-p.jpg?ts=1770741688516,"₩35,900",,,260622,블랙,,,,
,false,,ZARA,기타,BODYSUIT,여성,초커 폴리아미드 바디수트,https://www.zara.com/kr/ko/%E1%84%91%E1%85%A9%E1%86%AF%E1%84%85%E1%85%B5%E1%84%8B%E1%85%A1%E1%84%86%E1%85%B5%E1%84%83%E1%85%B3-%E1%84%8E%E1%85%A9%E1%84%8F%E1%85%A5-%E1%84%87%E1%85%A1%E1%84%83%E1%85%B5%E1%84%89%E1%85%AE%E1%84%90%E1%85%B3-p01026304.html,https://static.zara.net/assets/public/9284/28ee/682a411e8b83/d22f9449acf0/01026304716-p/01026304716-p.jpg?ts=1769789509867,"₩39,900",,,260622,다크 브라운,,,,
,false,,ZARA,기타,WAISTCOAT,여성,Z1975 크로스 데님 베스트,https://www.zara.com/kr/ko/z1975-%E1%84%8F%E1%85%B3%E1%84%85%E1%85%A9%E1%84%89%E1%85%B3-%E1%84%83%E1%85%A6%E1%84%82%E1%85%B5%E1%86%B7-%E1%84%87%E1%85%A6%E1%84%89%E1%85%B3%E1%84%90%E1%85%B3-p06147107.html,https://static.zara.net/assets/public/225d/c18c/27004183bee2/87820b3ed727/06147107406-p/06147107406-p.jpg?ts=1775482111737,"₩57,900",,,260622,라이트 블루,,,,
,false,,ZARA,상의,티셔츠,여성,탱크 탑,https://www.zara.com/kr/ko/%E1%84%89%E1%85%B3%E1%86%AF%E1%84%85%E1%85%B5%E1%86%B7%E1%84%91%E1%85%B5%E1%86%BA-%E1%84%87%E1%85%B3%E1%84%8B%E1%85%B5%E1%84%82%E1%85%A6%E1%86%A8-%E1%84%90%E1%85%A2%E1%86%BC%E1%84%8F%E1%85%B3-%E1%84%90%E1%85%A1%E1%86%B8-p05039038.html,https://static.zara.net/assets/public/dabf/6857/7f9747258d55/a231dc6a1d1c/05247044485-1-p/05247044485-1-p.jpg?ts=1780048131235,"₩35,900",,,260622,화이트,,,,
,false,,ZARA,상의,셔츠/블라우스,여성,코르셋 스타일 포플린 크롭 탑,https://www.zara.com/kr/ko/%E1%84%8F%E1%85%A9%E1%84%85%E1%85%B3%E1%84%89%E1%85%A6%E1%86%BA-%E1%84%89%E1%85%B3%E1%84%90%E1%85%A1%E1%84%8B%E1%85%B5%E1%86%AF-%E1%84%91%E1%85%A9%E1%84%91%E1%85%B3%E1%86%AF%E1%84%85%E1%85%B5%E1%86%AB-%E1%84%8F%E1%85%B3%E1%84%85%E1%85%A9%E1%86%B8-%E1%84%90%E1%85%A1%E1%86%B8-p02180063.html,https://static.zara.net/assets/public/b309/20ac/c4314add89d3/c95253deb47a/02180063250-p/02180063250-p.jpg?ts=1778170546103,"₩45,900",,,260622,화이트,,,,
,false,,ZARA,상의,셔츠/블라우스,여성,플라워 포플린 크롭 탑,https://www.zara.com/kr/ko/%E1%84%91%E1%85%B3%E1%86%AF%E1%84%85%E1%85%A1%E1%84%8B%E1%85%AF-%E1%84%91%E1%85%A9%E1%84%91%E1%85%B3%E1%86%AF%E1%84%85%E1%85%B5%E1%86%AB-%E1%84%8F%E1%85%B3%E1%84%85%E1%85%A9%E1%86%B8-%E1%84%90%E1%85%A1%E1%86%B8-p02829328.html,https://static.zara.net/assets/public/a551/f04b/2af146ec91bc/43bd8b482538/02829328100-p/02829328100-p.jpg?ts=1778147024867,"₩45,900",,,260622,"크림,옐로우",,,,
,false,,ZARA,상의,탑,여성,메탈릭 얀 홀터넥 탑,https://www.zara.com/kr/ko/%E1%84%86%E1%85%A6%E1%84%90%E1%85%A1%E1%86%AF%E1%84%85%E1%85%B5%E1%86%A8-%E1%84%8B%E1%85%A3%E1%86%AB-%E1%84%92%E1%85%A9%E1%86%AF%E1%84%90%E1%85%A5%E1%84%82%E1%85%A6%E1%86%A8-%E1%84%90%E1%85%A1%E1%86%B8-p04737002.html,https://static.zara.net/assets/public/76d6/7361/ca5b4be79682/b2907fbed4f7/04737002808-p/04737002808-p.jpg?ts=1781180724677,"₩49,900",,,260622,실버,,,,
,false,,ZARA,상의,탑,여성,보트넥 니트 탑,https://www.zara.com/kr/ko/%E1%84%87%E1%85%A9%E1%84%90%E1%85%B3%E1%84%82%E1%85%A6%E1%86%A8-%E1%84%82%E1%85%B5%E1%84%90%E1%85%B3-%E1%84%90%E1%85%A1%E1%86%B8-p01822006.html,https://static.zara.net/assets/public/7719/9026/676d44b7acec/76f805bfbca9/01822006250-p/01822006250-p.jpg?ts=1774017524960,"₩49,900",,,260622,화이트,,,,
,false,,ZARA,상의,탑,여성,레이스 콤비 탑,https://www.zara.com/kr/ko/%E1%84%85%E1%85%A6%E1%84%8B%E1%85%B5%E1%84%89%E1%85%B3-%E1%84%8F%E1%85%A9%E1%86%B7%E1%84%87%E1%85%B5-%E1%84%90%E1%85%A1%E1%86%B8-p05584188.html,https://static.zara.net/assets/public/d7b2/240f/def34901b685/1f2a6383caa7/05584188800-p/05584188800-p.jpg?ts=1779952778643,"₩57,900",,,260622,블랙,,,,
,false,,ZARA,상의,탑,여성,레이스 코르셋 탑,https://www.zara.com/kr/ko/%E1%84%8F%E1%85%A9%E1%84%85%E1%85%B3%E1%84%89%E1%85%A6%E1%86%BA-%E1%84%85%E1%85%A6%E1%84%8B%E1%85%B5%E1%84%89%E1%85%B3-%E1%84%90%E1%85%A1%E1%86%B8-p04770470.html,https://static.zara.net/assets/public/f205/b1be/73c0458e8d2b/7700bb62d33c/04770470800-a1/04770470800-a1.jpg?ts=1779952773337,"₩59,900",,,260622,블랙,,,,
,false,,ZARA,상의,셔츠/블라우스,여성,ZW 컬렉션 린넨 벨트 탑,https://www.zara.com/kr/ko/zw-%E1%84%8F%E1%85%A5%E1%86%AF%E1%84%85%E1%85%A6%E1%86%A8%E1%84%89%E1%85%A7%E1%86%AB-%E1%84%85%E1%85%B5%E1%86%AB%E1%84%82%E1%85%A6%E1%86%AB-%E1%84%87%E1%85%A6%E1%86%AF%E1%84%90%E1%85%B3-%E1%84%90%E1%85%A1%E1%86%B8-p01110064.html,https://static.zara.net/assets/public/fe05/2075/d95342528da6/c2c0a71d8875/01110064505-p/01110064505-p.jpg?ts=1775817616471,"₩109,900",,,260622,카키,,,,
,false,,ZARA,상의,탑,여성,플라워 하이넥 니트 탑,https://www.zara.com/kr/ko/%E1%84%92%E1%85%A1%E1%84%8B%E1%85%B5%E1%84%82%E1%85%A6%E1%86%A8-%E1%84%91%E1%85%B3%E1%86%AF%E1%84%85%E1%85%A1%E1%84%8B%E1%85%AF-%E1%84%82%E1%85%B5%E1%84%90%E1%85%B3-%E1%84%90%E1%85%A1%E1%86%B8-p00021013.html,https://static.zara.net/assets/public/5487/eceb/27a3407bbef3/1745a1fbbae5/00021013800-a3/00021013800-a3.jpg?ts=1781169371637,"₩89,900",,,260622,블랙,,,,
,false,,ZARA,상의,티셔츠,여성,페이크 더블 재킷 탑,https://www.zara.com/kr/ko/%E1%84%91%E1%85%A6%E1%84%8B%E1%85%B5%E1%84%8F%E1%85%B3-%E1%84%83%E1%85%A5%E1%84%87%E1%85%B3%E1%86%AF-%E1%84%90%E1%85%A1%E1%86%B8-%E1%84%8C%E1%85%A2%E1%84%8F%E1%85%B5%E1%86%BA-p05644027.html,https://static.zara.net/assets/public/1d0f/32c9/9f184b18a053/a07d590aa762/05644027803-e1/05644027803-e1.jpg?ts=1772183399670,"₩35,900",,,260622,그레이,,,,
,false,,ZARA,상의,티셔츠,여성,워싱 이펙트 러스틱 탑,https://www.zara.com/kr/ko/%E1%84%8B%E1%85%AF%E1%84%89%E1%85%B5%E1%86%BC-%E1%84%8B%E1%85%B5%E1%84%91%E1%85%A6%E1%86%A8%E1%84%90%E1%85%B3-%E1%84%85%E1%85%A5%E1%84%89%E1%85%B3%E1%84%90%E1%85%B5%E1%86%A8-%E1%84%90%E1%85%A1%E1%86%B8-p06145055.html,https://static.zara.net/assets/public/9dac/5a6b/62944fdcb090/2f04a045611b/06145055731-p/06145055731-p.jpg?ts=1770974724713,"₩21,900",,,260622,다크 베이지,,,,
,false,,ZARA,상의,티셔츠,여성,워싱 페이크 러스틱 탑,https://www.zara.com/kr/ko/%E1%84%8B%E1%85%AF%E1%84%89%E1%85%B5%E1%86%BC-%E1%84%8B%E1%85%B5%E1%84%91%E1%85%A6%E1%86%A8%E1%84%90%E1%85%B3-%E1%84%85%E1%85%A5%E1%84%89%E1%85%B3%E1%84%90%E1%85%B5%E1%86%A8-%E1%84%90%E1%85%A1%E1%86%B8-p06145055.html,https://static.zara.net/assets/public/dcaf/9df3/618e4b38ae77/77ce4c710715/06145055807-p/06145055807-p.jpg?ts=1770974848504,"₩21,900",,,260622,콜 그레이,,,,
,false,,ZARA,상의,탑,여성,글리터 스트랩 탑,https://www.zara.com/kr/ko/%E1%84%80%E1%85%B3%E1%86%AF%E1%84%85%E1%85%B5%E1%84%90%E1%85%A5-%E1%84%89%E1%85%B3%E1%84%90%E1%85%B3%E1%84%85%E1%85%A2%E1%86%B8-%E1%84%90%E1%85%A1%E1%86%B8-p05063369.html,https://static.zara.net/assets/public/dfbf/a601/6f2c4b26ba58/8a5694654bd1/05063369922-p/05063369922-p.jpg?ts=1778154562795,"₩45,900",,,260622,다크 그레이,,,,
,false,,ZARA,상의,셔츠/블라우스,여성,타이 디테일 포플린 탑,https://www.zara.com/kr/ko/%E1%84%85%E1%85%A1%E1%84%8C%E1%85%B5-%E1%84%91%E1%85%A9%E1%84%91%E1%85%B3%E1%86%AF%E1%84%85%E1%85%B5%E1%86%AB-%E1%84%90%E1%85%A1%E1%86%B8-p02881356.html,https://static.zara.net/assets/public/f147/c980/d26045b8bdb0/25b83800ab02/02881356306-p/02881356306-p.jpg?ts=1778241011584,"₩49,900","₩29,900",40,260622,라이트 옐로우,,,,
,false,,ZARA,상의,셔츠/블라우스,여성,트임 차이나 칼라 탑,https://www.zara.com/kr/ko/%E1%84%83%E1%85%A9%E1%84%90%E1%85%B3-%E1%84%8E%E1%85%A1%E1%84%8B%E1%85%B5%E1%84%82%E1%85%A1-%E1%84%8F%E1%85%A1%E1%86%AF%E1%84%85%E1%85%A1-%E1%84%89%E1%85%B3%E1%86%AF%E1%84%85%E1%85%B5%E1%86%BA-%E1%84%90%E1%85%A1%E1%86%B8-p03067053.html,https://static.zara.net/assets/public/c721/63f5/36dd4bbd90fd/9141fdf0759a/03067053251-a5/03067053251-a5.jpg?ts=1775679677395,"₩45,900","₩29,900",35,260622,스크래치 화이트,,,,
,false,,ZARA,기타,WAISTCOAT,여성,스트라이프 지퍼 베스트,https://www.zara.com/kr/ko/%E1%84%89%E1%85%B3%E1%84%90%E1%85%B3%E1%84%85%E1%85%A1%E1%84%8B%E1%85%B5%E1%84%91%E1%85%B3-%E1%84%8C%E1%85%B5%E1%84%91%E1%85%A5-%E1%84%87%E1%85%A6%E1%84%89%E1%85%B3%E1%84%90%E1%85%B3-p06929702.html,https://static.zara.net/assets/public/995f/53cf/ca2c45cfb449/72086aa4481c/06929702711-e1/06929702711-e1.jpg?ts=1773402586047,"₩55,900",,,260622,샌드,,,,
,false,,ZARA,기타,WAISTCOAT,여성,스트럭처 버튼 베스트,https://www.zara.com/kr/ko/%E1%84%89%E1%85%B3%E1%84%90%E1%85%B3%E1%84%85%E1%85%A5%E1%86%A8%E1%84%8E%E1%85%A5-%E1%84%87%E1%85%A5%E1%84%90%E1%85%B3%E1%86%AB-%E1%84%87%E1%85%A6%E1%84%89%E1%85%B3%E1%84%90%E1%85%B3-p05039215.html,https://static.zara.net/assets/public/c9c3/c048/174247a98a58/22407628ca82/05039215712-a1/05039215712-a1.jpg?ts=1756198046339,"₩49,900","₩35,900",28,260622,크림,,,,
,false,,ZARA,상의,티셔츠,여성,드레이프 크로스 네크라인 탑,https://www.zara.com/kr/ko/%E1%84%83%E1%85%B3%E1%84%85%E1%85%A6%E1%84%8B%E1%85%B5%E1%84%91%E1%85%B3-%E1%84%8F%E1%85%B3%E1%84%85%E1%85%A9%E1%84%89%E1%85%B3-%E1%84%82%E1%85%A6%E1%84%8F%E1%85%B3%E1%84%85%E1%85%A1%E1%84%8B%E1%85%B5%E1%86%AB-%E1%84%90%E1%85%A1%E1%86%B8-p05039224.html,https://static.zara.net/assets/public/23a2/9dcd/af5643fe8ed3/960edb24f68e/05039224800-p/05039224800-p.jpg?ts=1758034213686,"₩39,900",,,260622,블랙,,,,
,false,,ZARA,기타,BODYSUIT,여성,폴리아미드 장식 바디수트,https://www.zara.com/kr/ko/%E1%84%91%E1%85%A9%E1%86%AF%E1%84%85%E1%85%B5%E1%84%8B%E1%85%A1%E1%84%86%E1%85%B5%E1%84%83%E1%85%B3-%E1%84%8C%E1%85%A1%E1%86%BC%E1%84%89%E1%85%B5%E1%86%A8-%E1%84%87%E1%85%A1%E1%84%83%E1%85%B5%E1%84%89%E1%85%AE%E1%84%90%E1%85%B3-p01026141.html,https://static.zara.net/assets/public/793a/7f9c/32604f809699/601934cb7a8c/01026141716-p/01026141716-p.jpg?ts=1772024587596,"₩35,900","₩21,900",39,260622,다크 브라운,,,,
,false,,ZARA,상의,탑,여성,벌룬 콤비 탑,https://www.zara.com/kr/ko/%E1%84%87%E1%85%A5%E1%86%AF%E1%84%85%E1%85%AE%E1%86%AB-%E1%84%8F%E1%85%A9%E1%86%B7%E1%84%87%E1%85%B5-%E1%84%90%E1%85%A1%E1%86%B8-p05584005.html,https://static.zara.net/assets/public/a897/9a6c/839b4b0b9f2d/289f1fb67851/05584005700-p/05584005700-p.jpg?ts=1771854213189,"₩55,900",,,260622,브라운,,,,
,false,,ZARA,상의,탑,여성,골지 피티드 니트 탑,https://www.zara.com/kr/ko/%E1%84%91%E1%85%B5%E1%84%90%E1%85%B5%E1%84%83%E1%85%B3%E1%84%92%E1%85%A1%E1%86%AB-%E1%84%85%E1%85%B5%E1%86%B8-%E1%84%82%E1%85%B5%E1%84%90%E1%85%B3-%E1%84%90%E1%85%A1%E1%86%B8-p02756027.html,https://static.zara.net/assets/public/f1b4/5003/e3e540fcaf6a/152a225e1a8f/02756027600-p/02756027600-p.jpg?ts=1770974833427,"₩49,900","₩29,900",40,260622,레드,,,,
,false,,ZARA,기타,WAISTCOAT,여성,슬리브리스 니트 탑,https://www.zara.com/kr/ko/%E1%84%89%E1%85%B3%E1%86%AF%E1%84%85%E1%85%B5%E1%84%87%E1%85%B3%E1%84%85%E1%85%B5%E1%84%89%E1%85%B3-%E1%84%82%E1%85%B5%E1%84%90%E1%85%B3-%E1%84%90%E1%85%A1%E1%86%B8-p05755020.html,https://static.zara.net/assets/public/a5ca/4bfd/7c134c30ba6e/9e85a7fd81b4/05755020600-p/05755020600-p.jpg?ts=1772194459014,"₩49,900",,,260622,레드,,,,
,false,,ZARA,상의,셔츠/블라우스,여성,자수 스트랩 탑,https://www.zara.com/kr/ko/%E1%84%8C%E1%85%A1%E1%84%89%E1%85%AE-%E1%84%89%E1%85%B3%E1%84%90%E1%85%B3%E1%84%85%E1%85%A2%E1%86%B8-%E1%84%90%E1%85%A1%E1%86%B8-p00881024.html,https://static.zara.net/assets/public/7b17/adfa/33044adf8351/13b953ba42c6/00881024485-p/00881024485-p.jpg?ts=1775065426550,"₩45,900","₩29,900",35,260622,"블루,그레이",,,,
,false,,ZARA,상의,셔츠/블라우스,여성,포플린 스트랩 탑,https://www.zara.com/kr/ko/%E1%84%91%E1%85%A9%E1%84%91%E1%85%B3%E1%86%AF%E1%84%85%E1%85%B5%E1%86%AB-%E1%84%89%E1%85%B3%E1%84%90%E1%85%B3%E1%84%85%E1%85%A2%E1%86%B8-%E1%84%90%E1%85%A1%E1%86%B8-p00881032.html,https://static.zara.net/assets/public/451d/0c20/2b2547d98e29/2f2c5e301b14/00881032656-p/00881032656-p.jpg?ts=1775065426689,"₩45,900",,,260622,라이트  라일락,,,,
,false,,ZARA,상의,셔츠/블라우스,여성,버튼 트렌치 탑,https://www.zara.com/kr/ko/%E1%84%87%E1%85%A5%E1%84%90%E1%85%B3%E1%86%AB-%E1%84%90%E1%85%B3%E1%84%85%E1%85%A6%E1%86%AB%E1%84%8E%E1%85%B5-%E1%84%90%E1%85%A1%E1%86%B8-p02898231.html,https://static.zara.net/assets/public/171b/8de3/262e4029a450/1f508114cd76/02898231250-p/02898231250-p.jpg?ts=1779203979608,"₩55,900","₩29,900",47,260622,화이트,,,,
,false,,ZARA,상의,셔츠/블라우스,여성,자수 거즈 탑,https://www.zara.com/kr/ko/%E1%84%8C%E1%85%A1%E1%84%89%E1%85%AE-%E1%84%80%E1%85%A5%E1%84%8C%E1%85%B3-%E1%84%90%E1%85%A1%E1%86%B8-p07521016.html,https://static.zara.net/assets/public/f9c5/927e/aa904618aa51/f1234da5b067/07521016700-a3/07521016700-a3.jpg?ts=1772186747953,"₩55,900","₩35,900",36,260622,브라운,,,,
,false,,ZARA,상의,셔츠/블라우스,여성,자수 거즈 탑,https://www.zara.com/kr/ko/%E1%84%8C%E1%85%A1%E1%84%89%E1%85%AE-%E1%84%80%E1%85%A5%E1%84%8C%E1%85%B3-%E1%84%90%E1%85%A1%E1%86%B8-p07521016.html,https://static.zara.net/assets/public/1fcc/68d5/31df4d5c85de/f451586f4a2b/07521016251-p/07521016251-p.jpg?ts=1772186744598,"₩55,900","₩35,900",36,260622,스크래치 화이트,,,,
,false,,ZARA,상의,셔츠/블라우스,여성,ZW 컬렉션 레이스 캐미솔 탑,https://www.zara.com/kr/ko/zw-%E1%84%8F%E1%85%A5%E1%86%AF%E1%84%85%E1%85%A6%E1%86%A8%E1%84%89%E1%85%A7%E1%86%AB-%E1%84%85%E1%85%A6%E1%84%8B%E1%85%B5%E1%84%89%E1%85%B3-%E1%84%8F%E1%85%A2%E1%84%86%E1%85%B5%E1%84%89%E1%85%A9%E1%86%AF-%E1%84%90%E1%85%A1%E1%86%B8-p05107298.html,https://static.zara.net/assets/public/c1a8/2e9f/fb8c405a9338/57dc0367a234/05107298306-p/05107298306-p.jpg?ts=1769431528486,"₩59,900","₩39,900",33,260622,라이트 옐로우,,,,
,false,,ZARA,상의,셔츠/블라우스,여성,ZW 컬렉션 레이스 란제리 탑,https://www.zara.com/kr/ko/zw-%E1%84%8F%E1%85%A5%E1%86%AF%E1%84%85%E1%85%A6%E1%86%A8%E1%84%89%E1%85%A7%E1%86%AB-%E1%84%85%E1%85%A1%E1%86%AB%E1%84%8C%E1%85%A6%E1%84%85%E1%85%B5-%E1%84%85%E1%85%A6%E1%84%8B%E1%85%B5%E1%84%89%E1%85%B3-%E1%84%90%E1%85%A1%E1%86%B8-p05107285.html,https://static.zara.net/assets/public/506c/a6f2/35c848d3ba61/f70d1cc940f3/05107285800-p/05107285800-p.jpg?ts=1757003363678,"₩59,900","₩39,900",33,260622,블랙,,,,
,false,,ZARA,상의,탑,여성,오프숄더 니트 탑,https://www.zara.com/kr/ko/%E1%84%8B%E1%85%A9%E1%84%91%E1%85%B3%E1%84%89%E1%85%AD%E1%86%AF%E1%84%83%E1%85%A5-%E1%84%82%E1%85%B5%E1%84%90%E1%85%B3-%E1%84%90%E1%85%A1%E1%86%B8-p02142047.html,https://static.zara.net/assets/public/0594/4e94/81504839bfb5/4cd32710b184/06929015507-015-p/06929015507-015-p.jpg?ts=1772191078353,"₩49,900","₩29,900",40,260622,크림,,,,
,false,,ZARA,상의,탑,여성,오프숄더 니트 탑,https://www.zara.com/kr/ko/%E1%84%8B%E1%85%A9%E1%84%91%E1%85%B3%E1%84%89%E1%85%AD%E1%86%AF%E1%84%83%E1%85%A5-%E1%84%82%E1%85%B5%E1%84%90%E1%85%B3-%E1%84%90%E1%85%A1%E1%86%B8-p02142047.html,https://static.zara.net/assets/public/18ec/95f5/732d40de9543/136a5e6d0bb3/02142047800-p/02142047800-p.jpg?ts=1772186713343,"₩49,900","₩29,900",40,260622,블랙,,,,
,false,,ZARA,기타,WAISTCOAT,여성,스트럭처 버튼 베스트,https://www.zara.com/kr/ko/%E1%84%89%E1%85%B3%E1%84%90%E1%85%B3%E1%84%85%E1%85%A5%E1%86%A8%E1%84%8E%E1%85%A5-%E1%84%87%E1%85%A5%E1%84%90%E1%85%B3%E1%86%AB-%E1%84%87%E1%85%A6%E1%84%89%E1%85%B3%E1%84%90%E1%85%B3-p05039215.html,https://static.zara.net/assets/public/2b20/eff7/dc4649f2ac9a/f8b8b085c36b/05039215064-p/05039215064-p.jpg?ts=1761836525723,"₩49,900","₩35,900",28,260622,"화이트,블랙",,,,
,false,,ZARA,상의,셔츠/블라우스,여성,새틴 코르셋 탑,https://www.zara.com/kr/ko/%E1%84%89%E1%85%A2%E1%84%90%E1%85%B5%E1%86%AB-%E1%84%8F%E1%85%A9%E1%84%85%E1%85%B3%E1%84%89%E1%85%A6%E1%86%BA-%E1%84%90%E1%85%A1%E1%86%B8-p02734332.html,https://static.zara.net/assets/public/8ec5/814f/25394016b785/785d52866caa/02734051626-p/02734051626-p.jpg?ts=1776857562161,"₩49,900","₩29,900",40,260622,화이트 로즈핑크,,,,
,false,,ZARA,상의,셔츠/블라우스,여성,새틴 코르셋 탑,https://www.zara.com/kr/ko/%E1%84%89%E1%85%A2%E1%84%90%E1%85%B5%E1%86%AB-%E1%84%8F%E1%85%A9%E1%84%85%E1%85%B3%E1%84%89%E1%85%A6%E1%86%BA-%E1%84%90%E1%85%A1%E1%86%B8-p02734332.html,https://static.zara.net/assets/public/2bdd/589e/8b6440e59125/800b4216b5aa/02734332702-p/02734332702-p.jpg?ts=1776857562992,"₩49,900","₩29,900",40,260622,가죽,,,,
,false,,ZARA,상의,셔츠/블라우스,여성,오프숄더 코르셋 탑,https://www.zara.com/kr/ko/%E1%84%8F%E1%85%A9%E1%84%85%E1%85%B3%E1%84%89%E1%85%A6%E1%86%BA-%E1%84%89%E1%85%B3%E1%84%90%E1%85%B3%E1%84%85%E1%85%A2%E1%86%B8%E1%84%85%E1%85%B5%E1%84%89%E1%85%B3-%E1%84%90%E1%85%A1%E1%86%B8-p02523777.html,https://static.zara.net/assets/public/3e1a/92f6/a5bc433b805c/c1b656dd853f/02523777250-p/02523777250-p.jpg?ts=1773310446317,"₩49,900","₩29,900",40,260622,화이트,,,,
,false,,ZARA,상의,셔츠/블라우스,여성,ZW 컬렉션 레이스 란제리 탑,https://www.zara.com/kr/ko/zw-%E1%84%8F%E1%85%A5%E1%86%AF%E1%84%85%E1%85%A6%E1%86%A8%E1%84%89%E1%85%A7%E1%86%AB-%E1%84%85%E1%85%A1%E1%86%AB%E1%84%8C%E1%85%A6%E1%84%85%E1%85%B5-%E1%84%85%E1%85%A6%E1%84%8B%E1%85%B5%E1%84%89%E1%85%B3-%E1%84%90%E1%85%A1%E1%86%B8-p05107285.html,https://static.zara.net/assets/public/89d7/f6d0/4ce24f41830e/0287dfa5d830/05107285800-p/05107285800-p.jpg?ts=1759938714943,"₩59,900","₩39,900",33,260622,블랙,,,,
,false,,ZARA,상의,셔츠/블라우스,여성,ZW 컬렉션 레이스 란제리 탑,https://www.zara.com/kr/ko/zw-%E1%84%8F%E1%85%A5%E1%86%AF%E1%84%85%E1%85%A6%E1%86%A8%E1%84%89%E1%85%A7%E1%86%AB-%E1%84%85%E1%85%A6%E1%84%8B%E1%85%B5%E1%84%89%E1%85%B3-%E1%84%85%E1%85%A1%E1%86%AB%E1%84%8C%E1%85%A6%E1%84%85%E1%85%B5-%E1%84%90%E1%85%A1%E1%86%B8-p05107297.html,https://static.zara.net/assets/public/1d8a/12ac/69014211a1e2/dcbacf05d2f6/05107297712-p/05107297712-p.jpg?ts=1763482814663,"₩59,900","₩39,900",33,260622,크림,,,,
,false,,ZARA,기타,WAISTCOAT,여성,스트럭처 버튼 베스트,https://www.zara.com/kr/ko/%E1%84%89%E1%85%B3%E1%84%90%E1%85%B3%E1%84%85%E1%85%A5%E1%86%A8%E1%84%8E%E1%85%A5-%E1%84%87%E1%85%A5%E1%84%90%E1%85%B3%E1%86%AB-%E1%84%87%E1%85%A6%E1%84%89%E1%85%B3%E1%84%90%E1%85%B3-p05039215.html,https://static.zara.net/assets/public/6d50/fcce/9e25453aabcd/dd635dc458c1/05039215712-p/05039215712-p.jpg?ts=1766502093606,"₩49,900","₩35,900",28,260622,크림,,,,
,false,,ZARA,기타,WAISTCOAT,여성,스트럭처 버튼 베스트,https://www.zara.com/kr/ko/%E1%84%89%E1%85%B3%E1%84%90%E1%85%B3%E1%84%85%E1%85%A5%E1%86%A8%E1%84%8E%E1%85%A5-%E1%84%87%E1%85%A5%E1%84%90%E1%85%B3%E1%86%AB-%E1%84%87%E1%85%A6%E1%84%89%E1%85%B3%E1%84%90%E1%85%B3-p05039215.html,https://static.zara.net/assets/public/166d/6ccf/a38b4a49a192/d9dd4a36347c/05039215064-p/05039215064-p.jpg?ts=1766502095576,"₩49,900","₩35,900",28,260622,"화이트,블랙",,,,
,false,,ZARA,상의,셔츠/블라우스,여성,자수 스트랩 탑,https://www.zara.com/kr/ko/%E1%84%8C%E1%85%A1%E1%84%89%E1%85%AE-%E1%84%89%E1%85%B3%E1%84%90%E1%85%B3%E1%84%85%E1%85%A2%E1%86%B8-%E1%84%90%E1%85%A1%E1%86%B8-p00881024.html,https://static.zara.net/assets/public/e332/5496/caf2488ba7c3/73d26b40cfa1/00881024250-p/00881024250-p.jpg?ts=1775052502827,"₩45,900","₩29,900",35,260622,화이트,,,,
,false,,ZARA,상의,셔츠/블라우스,여성,트임 차이나 칼라 탑,https://www.zara.com/kr/ko/%E1%84%83%E1%85%A9%E1%84%90%E1%85%B3-%E1%84%8E%E1%85%A1%E1%84%8B%E1%85%B5%E1%84%82%E1%85%A1-%E1%84%8F%E1%85%A1%E1%86%AF%E1%84%85%E1%85%A1-%E1%84%89%E1%85%B3%E1%86%AF%E1%84%85%E1%85%B5%E1%86%BA-%E1%84%90%E1%85%A1%E1%86%B8-p03067053.html,https://static.zara.net/assets/public/a121/8f48/82ff42e3abe1/057d6c94c3e1/03067053251-p/03067053251-p.jpg?ts=1775638259045,"₩45,900","₩29,900",35,260622,스크래치 화이트,,,,
,false,,ZARA,상의,셔츠/블라우스,여성,도트 차이나 칼라 슬릿 탑,https://www.zara.com/kr/ko/%E1%84%83%E1%85%A9%E1%84%90%E1%85%B3-%E1%84%8E%E1%85%A1%E1%84%8B%E1%85%B5%E1%84%82%E1%85%A1-%E1%84%8F%E1%85%A1%E1%86%AF%E1%84%85%E1%85%A1-%E1%84%89%E1%85%B3%E1%86%AF%E1%84%85%E1%85%B5%E1%86%BA-%E1%84%90%E1%85%A1%E1%86%B8-p03067053.html,https://static.zara.net/assets/public/6914/4ad3/e9084fa0a01b/d4e90c1c7a18/04661054626-p/04661054626-p.jpg?ts=1775806632065,"₩45,900","₩29,900",35,260622,화이트 로즈핑크,,,,
,false,,ZARA,상의,탑,여성,청키 니트 탑,https://www.zara.com/kr/ko/%E1%84%8E%E1%85%A5%E1%86%BC%E1%84%8F%E1%85%B5-%E1%84%82%E1%85%B5%E1%84%90%E1%85%B3-%E1%84%90%E1%85%A1%E1%86%B8-p02893040.html,https://static.zara.net/assets/public/61b0/a156/399d42d49979/973d4e24cdda/02893040712-p/02893040712-p.jpg?ts=1772038874219,"₩45,900","₩29,900",35,260622,크림,,,,
,false,,ZARA,상의,탑,여성,청키 니트 탑,https://www.zara.com/kr/ko/%E1%84%8E%E1%85%A5%E1%86%BC%E1%84%8F%E1%85%B5-%E1%84%82%E1%85%B5%E1%84%90%E1%85%B3-%E1%84%90%E1%85%A1%E1%86%B8-p02893040.html,https://static.zara.net/assets/public/2ebf/2b1d/651c4f308678/605ea2c9947e/02893040709-p/02893040709-p.jpg?ts=1772038867375,"₩45,900","₩29,900",35,260622,다크 샌드,,,,
,false,,ZARA,상의,탑,여성,콤비 슬리브 니트 탑,https://www.zara.com/kr/ko/%E1%84%8F%E1%85%A9%E1%86%B7%E1%84%87%E1%85%B5-%E1%84%89%E1%85%B3%E1%86%AF%E1%84%85%E1%85%B5%E1%84%87%E1%85%B3-%E1%84%82%E1%85%B5%E1%84%90%E1%85%B3-%E1%84%90%E1%85%A1%E1%86%B8-p09598035.html,https://static.zara.net/assets/public/bdda/2fd9/20d64105a6f5/7017bdb54a5f/09598035250-p/09598035250-p.jpg?ts=1772714592282,"₩45,900","₩29,900",35,260622,화이트,,,,
,false,,ZARA,상의,탑,여성,콤비 슬리브 니트 탑,https://www.zara.com/kr/ko/%E1%84%8F%E1%85%A9%E1%86%B7%E1%84%87%E1%85%B5-%E1%84%89%E1%85%B3%E1%86%AF%E1%84%85%E1%85%B5%E1%84%87%E1%85%B3-%E1%84%82%E1%85%B5%E1%84%90%E1%85%B3-%E1%84%90%E1%85%A1%E1%86%B8-p09598035.html,https://static.zara.net/assets/public/4832/21d3/416a4539803d/993a86e76827/09598035401-p/09598035401-p.jpg?ts=1772714597422,"₩45,900","₩29,900",35,260622,네이비,,,,
,false,,ZARA,기타,BODYSUIT,여성,폴리아미드 장식 바디수트,https://www.zara.com/kr/ko/%E1%84%91%E1%85%A9%E1%86%AF%E1%84%85%E1%85%B5%E1%84%8B%E1%85%A1%E1%84%86%E1%85%B5%E1%84%83%E1%85%B3-%E1%84%8C%E1%85%A1%E1%86%BC%E1%84%89%E1%85%B5%E1%86%A8-%E1%84%87%E1%85%A1%E1%84%83%E1%85%B5%E1%84%89%E1%85%AE%E1%84%90%E1%85%B3-p01026141.html,https://static.zara.net/assets/public/dd71/8fb3/67af4f32b412/2368032d4868/01026141800-p/01026141800-p.jpg?ts=1756469991012,"₩35,900","₩21,900",39,260622,블랙,,,,
,false,,ZARA,상의,탑,여성,골지 피티드 니트 탑,https://www.zara.com/kr/ko/%E1%84%91%E1%85%B5%E1%84%90%E1%85%B5%E1%84%83%E1%85%B3%E1%84%92%E1%85%A1%E1%86%AB-%E1%84%85%E1%85%B5%E1%86%B8-%E1%84%82%E1%85%B5%E1%84%90%E1%85%B3-%E1%84%90%E1%85%A1%E1%86%B8-p02756027.html,https://static.zara.net/assets/public/f1b4/5003/e3e540fcaf6a/152a225e1a8f/02756027600-p/02756027600-p.jpg?ts=1770974833427,"₩49,900","₩29,900",40,260622,레드,,,,
,false,,ZARA,상의,탑,여성,드레이프 오프숄더 탑,https://www.zara.com/kr/ko/%E1%84%90%E1%85%A6%E1%86%A8%E1%84%89%E1%85%B3%E1%84%8E%E1%85%A5-%E1%84%83%E1%85%B3%E1%84%85%E1%85%A6%E1%84%8B%E1%85%B5%E1%84%91%E1%85%B3-%E1%84%8B%E1%85%A9%E1%84%91%E1%85%B3%E1%84%89%E1%85%AD%E1%86%AF%E1%84%83%E1%85%A5-%E1%84%90%E1%85%A1%E1%86%B8-p03641376.html,https://static.zara.net/assets/public/ed4d/3a1f/ca284a1da326/fac363b67422/03641376505-p/03641376505-p.jpg?ts=1775819504867,"₩29,900","₩17,900",40,260622,카키,,,,
,false,,ZARA,상의,셔츠/블라우스,여성,자수 스트랩 탑,https://www.zara.com/kr/ko/%E1%84%8C%E1%85%A1%E1%84%89%E1%85%AE-%E1%84%89%E1%85%B3%E1%84%90%E1%85%B3%E1%84%85%E1%85%A2%E1%86%B8-%E1%84%90%E1%85%A1%E1%86%B8-p00881024.html,https://static.zara.net/assets/public/d0e7/645a/134d40b091e2/0243b2bbdfb9/00881024485-p/00881024485-p.jpg?ts=1773833182160,"₩45,900","₩29,900",35,260622,"블루,그레이",,,,
,false,,ZARA,상의,셔츠/블라우스,여성,자수 스트랩 탑,https://www.zara.com/kr/ko/%E1%84%8C%E1%85%A1%E1%84%89%E1%85%AE-%E1%84%89%E1%85%B3%E1%84%90%E1%85%B3%E1%84%85%E1%85%A2%E1%86%B8-%E1%84%90%E1%85%A1%E1%86%B8-p00881024.html,https://static.zara.net/assets/public/2e7a/006a/fde846ee835b/2a725a07fa5b/00881024250-p/00881024250-p.jpg?ts=1773833181807,"₩45,900","₩29,900",35,260622,화이트,,,,
,false,,ZARA,기타,BODYSUIT,여성,폴리아미드 장식 바디수트,https://www.zara.com/kr/ko/%E1%84%91%E1%85%A9%E1%86%AF%E1%84%85%E1%85%B5%E1%84%8B%E1%85%A1%E1%84%86%E1%85%B5%E1%84%83%E1%85%B3-%E1%84%8C%E1%85%A1%E1%86%BC%E1%84%89%E1%85%B5%E1%86%A8-%E1%84%87%E1%85%A1%E1%84%83%E1%85%B5%E1%84%89%E1%85%AE%E1%84%90%E1%85%B3-p01026141.html,https://static.zara.net/assets/public/70fb/cb55/fb204954a3c3/78024414f254/01026141800-p/01026141800-p.jpg?ts=1773333441450,"₩35,900","₩21,900",39,260622,블랙,,,,
,false,,ZARA,상의,탑,여성,드레이프 오프숄더 탑,https://www.zara.com/kr/ko/%E1%84%90%E1%85%A6%E1%86%A8%E1%84%89%E1%85%B3%E1%84%8E%E1%85%A5-%E1%84%83%E1%85%B3%E1%84%85%E1%85%A6%E1%84%8B%E1%85%B5%E1%84%91%E1%85%B3-%E1%84%8B%E1%85%A9%E1%84%91%E1%85%B3%E1%84%89%E1%85%AD%E1%86%AF%E1%84%83%E1%85%A5-%E1%84%90%E1%85%A1%E1%86%B8-p03641376.html,https://static.zara.net/assets/public/598e/a2e3/ed27474d9ac8/b2c625b8cab4/03641376505-p/03641376505-p.jpg?ts=1774445666418,"₩29,900","₩17,900",40,260622,카키,,,,
