platform,is_ranking,rank,brand,main_category,category,gender,product_name,product_detail_url,thumbnail,regular_price,current_price,discount_rate,crawled_at,color,material,details,rating,reviews
,false,,오네,,전체,,로지 가디건,https://ohne.me/product/detail.html?product_no=7894,https://ohne.me/web/product/medium/20260624/dcbd90fb6fa36fb58170975249c24f69.gif,"₩58,000",,,260626,,,,,
,false,,오네,,전체,,아코 프릴 스커트,https://ohne.me/product/detail.html?product_no=7893,https://ohne.me/web/product/medium/20260624/aafa54ed40dbc62971e1d6b89a3582b6.gif,"₩69,500",,,260626,,,,,
,false,,오네,,전체,,베르 블라우스,https://ohne.me/product/detail.html?product_no=7892,https://ohne.me/web/product/medium/20260624/a1ca4b20639dd2ee061e9faa4f5e503b.gif,"₩63,000",,,260626,,,,,
,false,,오네,,전체,,백 포인트 브라탑,https://ohne.me/product/detail.html?product_no=7891,https://ohne.me/web/product/medium/20260624/cc8d956e56cdc9b4b61ae1dc6410f984.gif,"₩39,000",,,260626,,,,,
,false,,오네,,전체,,데이지 플로랄 티,https://ohne.me/product/detail.html?product_no=7890,https://ohne.me/web/product/medium/20260624/030c6abd6d6d60e81e290b26d17a8991.gif,"₩43,000",,,260626,,,,,
,false,,오네,,전체,,타임 버뮤다 데님 팬츠,https://ohne.me/product/detail.html?product_no=7889,https://ohne.me/web/product/medium/20260624/a1ab470942318efb6f2bb5d532e8d36a.gif,"₩63,000",,,260626,,,,,
,false,,오네,,전체,,스모크 버블 스커트,https://ohne.me/product/detail.html?product_no=7888,https://ohne.me/web/product/medium/20260624/1963afa4c8b794cd0aa795a038afe911.gif,"₩66,000",,,260626,,,,,
,false,,오네,,전체,,커튼 체크 뷔스티에,https://ohne.me/product/detail.html?product_no=7887,https://ohne.me/web/product/medium/20260624/41dd42aca2a0edcfeacb74558adf1ca4.gif,"₩43,000",,,260626,,,,,
,false,,오네,,전체,,셔링 퍼프 블라우스,https://ohne.me/product/detail.html?product_no=7886,https://ohne.me/web/product/medium/20260624/f9c1ff6527dcec89e96b8d93590d54ea.gif,"₩45,500",,,260626,,,,,
,false,,오네,,전체,,컨트리 카고 폴딩 팬츠,https://ohne.me/product/detail.html?product_no=7885,https://ohne.me/web/product/medium/20260624/21262a8e3fc6a41593cf6ffe767a9a46.gif,"₩61,000",,,260626,,,,,
,false,,오네,,전체,,미스티 플라워 티,https://ohne.me/product/detail.html?product_no=7884,https://ohne.me/web/product/medium/20260623/49d0c295bb248c61937b1ce64a7b8efd.gif,"₩44,000",,,260626,,,,,
,false,,오네,,전체,,에덴 리본 스커트,https://ohne.me/product/detail.html?product_no=7883,https://ohne.me/web/product/medium/20260623/144947954aec8ffaa5f24c7fd7f7605a.gif,"₩56,000",,,260626,,,,,
,false,,오네,,전체,,글로시 라임 스커트,https://ohne.me/product/detail.html?product_no=7882,https://ohne.me/web/product/medium/20260623/46bd284a662fb758d156277dc366aba7.gif,"₩54,000",,,260626,,,,,
,false,,오네,,전체,,(indie pink 당일발송) 요거트 블라우스,https://ohne.me/product/detail.html?product_no=7881,https://ohne.me/web/product/medium/20260624/f54189240122314267bf4a2b56102014.gif,"₩54,000",,,260626,,,,,
,false,,오네,,전체,,소다 레이스 팬츠,https://ohne.me/product/detail.html?product_no=7880,https://ohne.me/web/product/medium/20260623/37c87c7457fec1736fc421d17ff42907.gif,"₩98,000",,,260626,,,,,
,false,,오네,,전체,,마고 블라우스,https://ohne.me/product/detail.html?product_no=7879,https://ohne.me/web/product/medium/20260623/22671c7d9e905081ce64484b83cb7cb3.gif,"₩51,000",,,260626,,,,,
,false,,오네,,전체,,(당일발송)  메모리 스커트,https://ohne.me/product/detail.html?product_no=7878,https://ohne.me/web/product/medium/20260623/72bd9e4052c6f18ad7d7ee31e4c5b709.gif,"₩142,000",,,260626,,,,,
,false,,오네,,전체,,바렐 코튼 팬츠,https://ohne.me/product/detail.html?product_no=7877,https://ohne.me/web/product/medium/20260623/355b04ea149fce40203736eac2338d83.gif,"₩119,000",,,260626,,,,,
,false,,오네,,전체,,체리 티,https://ohne.me/product/detail.html?product_no=7876,https://ohne.me/web/product/medium/20260617/8d037366b92d6077ff9abeca4392e1a6.gif,"₩32,000",,,260626,,,,,
,false,,오네,,전체,,소이 블라우스,https://ohne.me/product/detail.html?product_no=7875,https://ohne.me/web/product/medium/20260617/f3bbd924eb3f0344e2247e65409d9b27.gif,"₩66,000",,,260626,,,,,
,false,,오네,,전체,,도트 시어 블라우스,https://ohne.me/product/detail.html?product_no=7874,https://ohne.me/web/product/medium/20260617/a3733cb6f3f4772da5d5b301f718de88.gif,"₩42,000",,,260626,,,,,
,false,,오네,,전체,,모닝 루즈 니트,https://ohne.me/product/detail.html?product_no=7873,https://ohne.me/web/product/medium/20260617/f0cfd3b8d7d0b714409415090a527440.gif,"₩39,000",,,260626,,,,,
,false,,오네,,전체,,(당일발송) 달리아 드레스,https://ohne.me/product/detail.html?product_no=7872,https://ohne.me/web/product/medium/20260617/423e356f1aefbec92dca38b8febcb0c3.gif,"₩72,000",,,260626,,,,,
,false,,오네,,전체,,어스 스트라이프 팬츠,https://ohne.me/product/detail.html?product_no=7871,https://ohne.me/web/product/medium/20260617/952d56b91c131f0e0355afe1741c3887.gif,"₩59,500",,,260626,,,,,
,false,,오네,,전체,,멜팅 홀터 블라우스,https://ohne.me/product/detail.html?product_no=7870,https://ohne.me/web/product/medium/20260616/5a84d0ff52360dbf2620a563fa5dc4b0.gif,"₩43,000",,,260626,,,,,
,false,,오네,,전체,,코스트 니트 스커트,https://ohne.me/product/detail.html?product_no=7869,https://ohne.me/web/product/medium/20260616/ca1aace7f66ec72c6db56f2f876da762.gif,"₩46,000",,,260626,,,,,
,false,,오네,,전체,,딥 버뮤다 코튼 팬츠,https://ohne.me/product/detail.html?product_no=7868,https://ohne.me/web/product/medium/20260616/2c0d419ce0f20027e614fd933d6bb43b.gif,"₩55,000",,,260626,,,,,
,false,,오네,,전체,,크로플 블라우스,https://ohne.me/product/detail.html?product_no=7867,https://ohne.me/web/product/medium/20260616/cbb8b56c181378bf0ba49d3f2b91e7aa.gif,"₩52,000",,,260626,,,,,
,false,,오네,,전체,,캐년 스트라이프 팬츠,https://ohne.me/product/detail.html?product_no=7866,https://ohne.me/web/product/medium/20260616/e0d196d63629cd04bd5c9e31e6640ee6.gif,"₩67,000",,,260626,,,,,
,false,,오네,,전체,,위스퍼 레이스 탑,https://ohne.me/product/detail.html?product_no=7865,https://ohne.me/web/product/medium/20260616/fc95f06e41e5662a2aeec7e62d01bf81.gif,"₩42,000",,,260626,,,,,
,false,,오네,,전체,,듄 셔링 스커트,https://ohne.me/product/detail.html?product_no=7864,https://ohne.me/web/product/medium/20260616/989bb51b7a121b51b507369781da3370.gif,"₩68,000",,,260626,,,,,
,false,,오네,,전체,,문 드레스,https://ohne.me/product/detail.html?product_no=7863,https://ohne.me/web/product/medium/20260616/7f01b51bc5511f0101560ba02cd825bd.gif,"₩124,000",,,260626,,,,,
,false,,오네,,전체,,(당일발송) 블루 허브 스커트,https://ohne.me/product/detail.html?product_no=7862,https://ohne.me/web/product/medium/20260619/c983ee5bf9e4ed8c1bf6a5b982a147c4.gif,"₩49,500",,,260626,,,,,
,false,,오네,,전체,,우드 레이스 스커트,https://ohne.me/product/detail.html?product_no=7861,https://ohne.me/web/product/medium/20260610/f9e6abf05977d346506a94bdb1cca242.png,"₩54,000",,,260626,,,,,
,false,,오네,,전체,,로트 롱 스커트,https://ohne.me/product/detail.html?product_no=7860,https://ohne.me/web/product/medium/20260610/0826704e67d92a88b8e903de726df283.png,"₩109,000",,,260626,,,,,
,false,,오네,,전체,,[MADE]  SUNSET HAREM PANTS,https://ohne.me/product/detail.html?product_no=7857,https://ohne.me/web/product/medium/20260615/1c6ad82a585aa98f006190c1bd458aab.gif,"₩54,000",,,260626,,,,,
,false,,오네,,전체,,[MADE] OHNE BIKINI - OLIVE,https://ohne.me/product/detail.html?product_no=7856,https://ohne.me/web/product/medium/20260615/b1a053a4417ff461fc7c952da7b9f805.gif,"₩73,000",,,260626,,,,,
,false,,오네,,전체,,[MADE]  OHNE BIKINI - CHARCOAL,https://ohne.me/product/detail.html?product_no=7855,https://ohne.me/web/product/medium/20260615/7b2519099502432fabf4e6d4b9cc7135.gif,"₩73,000",,,260626,,,,,
,false,,오네,,전체,,[MADE] SIENNA MONOKINI,https://ohne.me/product/detail.html?product_no=7854,https://ohne.me/web/product/medium/20260615/69b0f53a2a538f2a257f92bb66121cbf.gif,"₩95,000",,,260626,,,,,
,false,,오네,,전체,,[MADE] OLIVE DOT BIKINI,https://ohne.me/product/detail.html?product_no=7853,https://ohne.me/web/product/medium/20260615/6fbb0beb6408c3ac6f877a8101cc6771.gif,"₩71,000",,,260626,,,,,
,false,,오네,,전체,,[MADE] OASIS BIKINI,https://ohne.me/product/detail.html?product_no=7852,https://ohne.me/web/product/medium/20260615/5971530602209b228c422657282e2a01.gif,"₩71,000",,,260626,,,,,
,false,,오네,,전체,,[MADE] SAHARA MONOKINI,https://ohne.me/product/detail.html?product_no=7851,https://ohne.me/web/product/medium/20260615/e73e55bc0753d20d128faa2c345c0ed0.gif,"₩68,000",,,260626,,,,,
,false,,오네,,전체,,[MADE] FOREST ETHNIC BIKINI,https://ohne.me/product/detail.html?product_no=7850,https://ohne.me/web/product/medium/20260615/f9f48861af310d32841eb5c9dda10ee4.gif,"₩75,000",,,260626,,,,,
,false,,오네,,전체,,[MADE] DESERT STRIPE BIKINI,https://ohne.me/product/detail.html?product_no=7849,https://ohne.me/web/product/medium/20260615/7b8f90bb514a01276a8735ef50944765.gif,"₩75,000",,,260626,,,,,
,false,,오네,,전체,,디아 뱅글,https://ohne.me/product/detail.html?product_no=7847,https://ohne.me/web/product/medium/20260608/6b68359651986675729dc0eeb3c0d740.png,"₩29,000",,,260626,,,,,
,false,,오네,,전체,,마블 뱅글,https://ohne.me/product/detail.html?product_no=7846,https://ohne.me/web/product/medium/20260608/48cd8dbd4802d2c964f50952447e23e0.png,"₩14,000",,,260626,,,,,
,false,,오네,,전체,,랜드 홀터 드레스,https://ohne.me/product/detail.html?product_no=7845,https://ohne.me/web/product/medium/20260608/004638a73a595b54dc135f526134dff4.gif,"₩75,000",,,260626,,,,,
,false,,오네,,전체,,파우더 블룸 탑,https://ohne.me/product/detail.html?product_no=7843,https://ohne.me/web/product/medium/20260608/edfa94cd8fda6b52afa3b32b69b3e16c.gif,"₩46,500",,,260626,,,,,
,false,,오네,,전체,,윈드 벌룬 팬츠,https://ohne.me/product/detail.html?product_no=7842,https://ohne.me/web/product/medium/20260615/fefba1b3a924ffe99992dd5975fb27bc.gif,"₩52,000",,,260626,,,,,
,false,,오네,,전체,,아델 드레스,https://ohne.me/product/detail.html?product_no=7841,https://ohne.me/web/product/medium/20260608/2a2d8ac7ad261f1dc94af97925f1e316.gif,"₩113,000",,,260626,,,,,
,false,,오네,,전체,,마가렛 러플 블라우스,https://ohne.me/product/detail.html?product_no=7840,https://ohne.me/web/product/medium/20260608/198e8356e0b4687abd5fec00f82f647a.gif,"₩82,000",,,260626,,,,,
,false,,오네,,전체,,코티지 벌룬 스커트,https://ohne.me/product/detail.html?product_no=7839,https://ohne.me/web/product/medium/20260608/f744d8011e521bfa8f3fe803a8c3ba86.gif,"₩56,000",,,260626,,,,,
,false,,오네,,전체,,빈티지 워시드 데님 숏츠,https://ohne.me/product/detail.html?product_no=7838,https://ohne.me/web/product/medium/20260608/c8dedb18f8aa5180fca254533423c0e6.gif,"₩38,000",,,260626,,,,,
,false,,오네,,전체,,드림 미니 원피스,https://ohne.me/product/detail.html?product_no=7837,https://ohne.me/web/product/medium/20260608/22244a22f0f5976b6689d690c24974c7.gif,"₩52,000",,,260626,,,,,
,false,,오네,,전체,,블랙 로우 데님 숏츠,https://ohne.me/product/detail.html?product_no=7836,https://ohne.me/web/product/medium/20260608/2fbebb18939956dde131f0c8f0a3f672.gif,"₩39,000",,,260626,,,,,
,false,,오네,,전체,,클라우드 블라우스,https://ohne.me/product/detail.html?product_no=7835,https://ohne.me/web/product/medium/20260608/a4949776682441476aa40989ef219f31.gif,"₩79,000",,,260626,,,,,
,false,,오네,,전체,,브리드 티,https://ohne.me/product/detail.html?product_no=7834,https://ohne.me/web/product/medium/20260608/0130039b1bc48d3d68ba4a378a104484.gif,"₩28,000",,,260626,,,,,
,false,,오네,,전체,,라일락 스커트,https://ohne.me/product/detail.html?product_no=7833,https://ohne.me/web/product/medium/20260608/cceddbaea59f85658e87814764da85bb.gif,"₩81,000",,,260626,,,,,
,false,,오네,,전체,,라이트 부츠컷 데님 팬츠,https://ohne.me/product/detail.html?product_no=7832,https://ohne.me/web/product/medium/20260608/1f30b384e15988569ba648404bf6d3e2.gif,"₩47,000",,,260626,,,,,
,false,,오네,,전체,,리안 미디 스커트,https://ohne.me/product/detail.html?product_no=7831,https://ohne.me/web/product/medium/20260608/4005fc6a7ffd66bb17c509a631ff3c1d.gif,"₩58,500",,,260626,,,,,
,false,,오네,,전체,,리버 와이드 데님 팬츠,https://ohne.me/product/detail.html?product_no=7830,https://ohne.me/web/product/medium/20260608/556de58f1ff8e523d39c602ab1aa0f75.gif,"₩44,000",,,260626,,,,,
,false,,오네,,전체,,베일 레이스 블라우스,https://ohne.me/product/detail.html?product_no=7829,https://ohne.me/web/product/medium/20260608/a1de4f426d3dccb02181dd485ce3e0a3.gif,"₩54,000",,,260626,,,,,
,false,,오네,,전체,,피오니 슬리브리스,https://ohne.me/product/detail.html?product_no=7828,https://ohne.me/web/product/medium/20260608/be243df328f471c30b373d25193a4694.gif,"₩34,000",,,260626,,,,,
,false,,오네,,전체,,프리지아 슬리브리스,https://ohne.me/product/detail.html?product_no=7827,https://ohne.me/web/product/medium/20260608/1ab7af906cd96623061de14c7f888bb1.gif,"₩47,000",,,260626,,,,,
,false,,오네,,전체,,벨티드 카고 버뮤다 팬츠,https://ohne.me/product/detail.html?product_no=7826,https://ohne.me/web/product/medium/20260609/59643635dc0ca29c714541f6a521d51f.gif,"₩59,500",,,260626,,,,,
,false,,오네,,전체,,미스트 윈드 점퍼,https://ohne.me/product/detail.html?product_no=7825,https://ohne.me/web/product/medium/20260608/7a6ad757c599442cec68f6179246b92a.gif,"₩141,000",,,260626,,,,,
,false,,오네,,전체,,샌드 린넨 부츠,https://ohne.me/product/detail.html?product_no=7824,https://ohne.me/web/product/medium/20260605/6062a453e49a2724cb0820537d2412ed.gif,"₩76,000",,,260626,,,,,
,false,,오네,,전체,,앤 스커트 드레스,https://ohne.me/product/detail.html?product_no=7823,https://ohne.me/web/product/medium/20260605/9121dbc7e543f4c4952f5e6ed9142687.gif,"₩123,000",,,260626,,,,,
,false,,오네,,전체,,리베 스터드 홀터 탑,https://ohne.me/product/detail.html?product_no=7822,https://ohne.me/web/product/medium/20260605/4b95181a6bcf828ed0c97c4e83eb6e1f.gif,"₩49,000",,,260626,,,,,
,false,,오네,,전체,,썬 홀터 탑,https://ohne.me/product/detail.html?product_no=7821,https://ohne.me/web/product/medium/20260605/961386b43301ba4d8f9c4cbb8876eaa2.gif,"₩41,000",,,260626,,,,,
,false,,오네,,전체,,테슬 버튼 버뮤다 팬츠,https://ohne.me/product/detail.html?product_no=7820,https://ohne.me/web/product/medium/20260605/c70a9d3413bfe94adf926c122608f84c.gif,"₩66,000",,,260626,,,,,
,false,,오네,,전체,,블룸 실키 셔츠,https://ohne.me/product/detail.html?product_no=7818,https://ohne.me/web/product/medium/20260605/2fe3f1553ef54542a1e5bb8d0a665490.gif,"₩112,000",,,260626,,,,,
,false,,오네,,전체,,다이애나 스커트,https://ohne.me/product/detail.html?product_no=7817,https://ohne.me/web/product/medium/20260604/19c1d60cf72e43316687b7292cd8c750.gif,"₩109,000",,,260626,,,,,
,false,,오네,,전체,,다이애나 슬립 블라우스,https://ohne.me/product/detail.html?product_no=7816,https://ohne.me/web/product/medium/20260604/e2600e48d5d20d3b121bf2668433af53.gif,"₩81,000",,,260626,,,,,
,false,,오네,,전체,,노마드 하프 팬츠,https://ohne.me/product/detail.html?product_no=7815,https://ohne.me/web/product/medium/20260604/153a577947c47783894169db7f5624db.gif,"₩98,000",,,260626,,,,,
,false,,오네,,전체,,베이직 홀터 탑 (캡내장),https://ohne.me/product/detail.html?product_no=7814,https://ohne.me/web/product/medium/20260604/6e370d2f86745da018da4a8fc1e6cc1f.gif,"₩39,500",,,260626,,,,,
,false,,오네,,전체,,소피 레이스 블라우스,https://ohne.me/product/detail.html?product_no=7813,https://ohne.me/web/product/medium/20260604/e8887612001e0d7aefb52b6e31e74215.gif,"₩81,000",,,260626,,,,,
,false,,오네,,전체,,웨스턴 데님 숏츠,https://ohne.me/product/detail.html?product_no=7812,https://ohne.me/web/product/medium/20260604/aedead1454e6047fb62882a1e27e74ab.gif,"₩65,000",,,260626,,,,,
,false,,오네,,전체,,마레 스트랩 샌들,https://ohne.me/product/detail.html?product_no=7811,https://ohne.me/web/product/medium/20260604/5c9ed1a936e0118330a715d7881fbcec.png,"₩61,000",,,260626,,,,,
,false,,오네,,전체,,스트라이프 린넨 밴딩 팬츠,https://ohne.me/product/detail.html?product_no=7810,https://ohne.me/web/product/medium/20260604/03688307e81602dd309f8eb58fba0883.gif,"₩44,000",,,260626,,,,,
,false,,오네,,전체,,썸머 에어 후디 티,https://ohne.me/product/detail.html?product_no=7809,https://ohne.me/web/product/medium/20260602/6197631f77a45f7bb5c203cde8a52d1e.gif,"₩49,500",,,260626,,,,,
,false,,오네,,전체,,샌드 홀터 탑,https://ohne.me/product/detail.html?product_no=7808,https://ohne.me/web/product/medium/20260602/a6bc655cc60ddb1558be2aa86aa4f755.gif,"₩41,000",,,260626,,,,,
,false,,오네,,전체,,발리 스웻 스커트,https://ohne.me/product/detail.html?product_no=7807,https://ohne.me/web/product/medium/20260602/b68ffa16a61b0113d9eaa3bbd2e57568.gif,"₩38,000",,,260626,,,,,
,false,,오네,,전체,,크롭 버튼 탑 (캡내장),https://ohne.me/product/detail.html?product_no=7806,https://ohne.me/web/product/medium/20260601/08bc329efbb0f42658f3448593539099.gif,"₩26,000",,,260626,,,,,
,false,,오네,,전체,,미스트 플로랄 티,https://ohne.me/product/detail.html?product_no=7805,https://ohne.me/web/product/medium/20260601/4af77e65310bbf9ad58e66ba8152c025.gif,"₩43,000",,,260626,,,,,
,false,,오네,,전체,,윙 벌룬 티,https://ohne.me/product/detail.html?product_no=7804,https://ohne.me/web/product/medium/20260601/7016bc4084dc6a2764510ba27fd6e34d.gif,"₩46,000",,,260626,,,,,
,false,,오네,,전체,,브링 홀터 탑,https://ohne.me/product/detail.html?product_no=7803,https://ohne.me/web/product/medium/20260601/f583fb5af87cacd38ae3ebfe76ad158d.gif,"₩35,000",,,260626,,,,,
,false,,오네,,전체,,모스 텐셀 팬츠,https://ohne.me/product/detail.html?product_no=7802,https://ohne.me/web/product/medium/20260601/fb70b848a109c9aba22d568c8e1fdcc1.gif,"₩75,000",,,260626,,,,,
,false,,오네,,전체,,글로시 홀터 블라우스,https://ohne.me/product/detail.html?product_no=7801,https://ohne.me/web/product/medium/20260601/fd30e540db8def83325e93477408dedb.gif,"₩66,000",,,260626,,,,,
,false,,오네,,전체,,도트 플리츠 롱 스커트,https://ohne.me/product/detail.html?product_no=7800,https://ohne.me/web/product/medium/20260601/74423f1992dbfc1bc4753658c54ae340.gif,"₩59,000",,,260626,,,,,
,false,,오네,,전체,,마고 빈티지 탑,https://ohne.me/product/detail.html?product_no=7799,https://ohne.me/web/product/medium/20260601/a946802615095f48d2af6ce58dfe737d.gif,"₩52,000",,,260626,,,,,
,false,,오네,,전체,,스카이 스트라이프 셔츠,https://ohne.me/product/detail.html?product_no=7798,https://ohne.me/web/product/medium/20260601/3a7276a5202a0bd63164c7f5c6e625f7.gif,"₩59,000",,,260626,,,,,
,false,,오네,,전체,,데이 레이스 티,https://ohne.me/product/detail.html?product_no=7797,https://ohne.me/web/product/medium/20260601/b8b850969785a63f49669e63b45da77a.gif,"₩41,000",,,260626,,,,,
,false,,오네,,전체,,메이플 글로시 팬츠,https://ohne.me/product/detail.html?product_no=7795,https://ohne.me/web/product/medium/20260529/f5cbe576b1a4ffe9967b293a79095b37.gif,"₩72,000",,,260626,,,,,
,false,,오네,,전체,,크로셰 비니,https://ohne.me/product/detail.html?product_no=7794,https://ohne.me/web/product/medium/20260529/25c9ac859cec6000bca6223d5f970fdc.gif,"₩22,000",,,260626,,,,,
,false,,오네,,전체,,(blue 당일발송) 얼스 롱 스커트,https://ohne.me/product/detail.html?product_no=7793,https://ohne.me/web/product/medium/20260529/2f73073ff9d728c76fe7c51b95fa05d7.gif,"₩55,000",,,260626,,,,,
,false,,오네,,전체,,튤립 자가드 스커트,https://ohne.me/product/detail.html?product_no=7792,https://ohne.me/web/product/medium/20260529/0239a10875212bde71f087b04e8bef9a.gif,"₩85,000",,,260626,,,,,
,false,,오네,,전체,,로우 도트 숏츠,https://ohne.me/product/detail.html?product_no=7791,https://ohne.me/web/product/medium/20260528/a3ed7d0b658bc02f0d0cd7121dc0161e.gif,"₩87,000",,,260626,,,,,
,false,,오네,,전체,,벨 썸머 니트,https://ohne.me/product/detail.html?product_no=7790,https://ohne.me/web/product/medium/20260529/c9ca148cea8c35f8edd2fb7ec1c2695e.gif,"₩73,000",,,260626,,,,,
,false,,오네,,전체,,슬로우 스냅 니트,https://ohne.me/product/detail.html?product_no=7789,https://ohne.me/web/product/medium/20260528/775a0af6e1805eed3b15dd5ff5e30b75.gif,"₩58,000",,,260626,,,,,
,false,,오네,,전체,,비즈 홀터 탑 (캡내장),https://ohne.me/product/detail.html?product_no=7788,https://ohne.me/web/product/medium/20260528/99477b9c4078092532e0d7ecc3c7d6ea.gif,"₩33,000",,,260626,,,,,
,false,,오네,,전체,,로얄 카프리 카고 팬츠,https://ohne.me/product/detail.html?product_no=7787,https://ohne.me/web/product/medium/20260528/47b7103d906aaff1566a73383a14e0be.gif,"₩109,000",,,260626,,,,,
,false,,오네,,전체,,시에나 페이즐리 후드 집업,https://ohne.me/product/detail.html?product_no=7786,https://ohne.me/web/product/medium/20260528/1af848e06f8a7793a151eeb062a01ffa.gif,"₩74,000",,,260626,,,,,
,false,,오네,,전체,,무디 홀터 탑,https://ohne.me/product/detail.html?product_no=7785,https://ohne.me/web/product/medium/20260528/950374082c079cb44ec8c4a57da4f6d6.gif,"₩34,000",,,260626,,,,,
,false,,오네,,전체,,레인 체크 홀터 블라우스,https://ohne.me/product/detail.html?product_no=7784,https://ohne.me/web/product/medium/20260528/c3c470b7fe660254f0d5b5dd44b4c180.gif,"₩63,000",,,260626,,,,,
,false,,오네,,전체,,플뢰르 시어 셔츠,https://ohne.me/product/detail.html?product_no=7783,https://ohne.me/web/product/medium/20260528/94fb3d1a70b3bd438f4189aa9c7f2ef0.gif,"₩97,000",,,260626,,,,,
,false,,오네,,전체,,에어 카고 팬츠,https://ohne.me/product/detail.html?product_no=7782,https://ohne.me/web/product/medium/20260528/2ce555356bf7da08b91ae3a47caa276f.gif,"₩49,000",,,260626,,,,,
,false,,오네,,전체,,카모 버뮤다 팬츠,https://ohne.me/product/detail.html?product_no=7781,https://ohne.me/web/product/medium/20260528/fa25c75c383f5f9ef163bc0c922c7def.gif,"₩72,000",,,260626,,,,,
,false,,오네,,전체,,레오파드 레이스 스커트,https://ohne.me/product/detail.html?product_no=7780,https://ohne.me/web/product/medium/20260528/b5334696d136b79a4c3137cda3760802.gif,"₩66,000",,,260626,,,,,
,false,,오네,,전체,,선셋 스커트,https://ohne.me/product/detail.html?product_no=7779,https://ohne.me/web/product/medium/20260527/132a919253b20a30da4e40e4c14f3360.gif,"₩81,000",,,260626,,,,,
,false,,오네,,전체,,라이트 썸머 가디건,https://ohne.me/product/detail.html?product_no=7778,https://ohne.me/web/product/medium/20260527/afa8ce5b2a61378aae2fe3643803b8c8.gif,"₩42,000",,,260626,,,,,
,false,,오네,,전체,,글로시 크리미 스커트,https://ohne.me/product/detail.html?product_no=7777,https://ohne.me/web/product/medium/20260527/487072dd43a2235fd07f81406b019dd1.gif,"₩89,000",,,260626,,,,,
,false,,오네,,전체,,로즈 가든 팬츠,https://ohne.me/product/detail.html?product_no=7775,https://ohne.me/web/product/medium/20260527/0d58e78ff83604747ba3bd1660e02949.gif,"₩116,000",,,260626,,,,,
,false,,오네,,전체,,도트 러플 스커트,https://ohne.me/product/detail.html?product_no=7774,https://ohne.me/web/product/medium/20260527/100027fdbfd3bd318ec0eaa3e83546d0.gif,"₩52,000",,,260626,,,,,
,false,,오네,,전체,,에스닉 스카프 탑,https://ohne.me/product/detail.html?product_no=7773,https://ohne.me/web/product/medium/20260527/0cf1c605f5fc02b6aa97b4d3d943398a.gif,"₩43,000",,,260626,,,,,
,false,,오네,,전체,,이브 맥시 스커트,https://ohne.me/product/detail.html?product_no=7772,https://ohne.me/web/product/medium/20260527/3bddb1e155c90a853bc29d51bff36f07.gif,"₩72,000",,,260626,,,,,
,false,,오네,,전체,,어바웃 셔링 드레스,https://ohne.me/product/detail.html?product_no=7771,https://ohne.me/web/product/medium/20260527/2c9068750e71d8deb44ace5cbb1bf064.gif,"₩112,000",,,260626,,,,,
,false,,오네,,전체,,소피아 와플 숏츠,https://ohne.me/product/detail.html?product_no=7770,https://ohne.me/web/product/medium/20260527/214790981f85bb9d56ace4e75ceee92b.gif,"₩61,000",,,260626,,,,,
,false,,오네,,전체,,소피아 와플 슬리브리스,https://ohne.me/product/detail.html?product_no=7769,https://ohne.me/web/product/medium/20260527/878a59c7eaac11af554b78fb2117e46d.gif,"₩49,000",,,260626,,,,,
,false,,오네,,전체,,마블 링클 스카프,https://ohne.me/product/detail.html?product_no=7768,https://ohne.me/web/product/medium/20260514/a26762ca762e89ad4e1b20ad51579790.gif,"₩29,000",,,260626,,,,,
,false,,오네,,전체,,가드닝 숄더 백,https://ohne.me/product/detail.html?product_no=7767,https://ohne.me/web/product/medium/20260514/8ba5fd367ecf40c8d709c6c4b88a611e.png,"₩43,000",,,260626,,,,,
,false,,오네,,전체,,와플 블라우스,https://ohne.me/product/detail.html?product_no=7766,https://ohne.me/web/product/medium/20260514/ed4d61aee76e5074ecbe375962bbf77f.gif,"₩33,000",,,260626,,,,,
,false,,오네,,전체,,넛 슬리브리스,https://ohne.me/product/detail.html?product_no=7765,https://ohne.me/web/product/medium/20260514/2eabbe44fd8904ed885212cd48056950.gif,"₩26,000",,,260626,,,,,
,false,,오네,,전체,,스트릿 와이드 데님 팬츠,https://ohne.me/product/detail.html?product_no=7764,https://ohne.me/web/product/medium/20260514/4e42354782f6fe54ccf861ca346c4690.gif,"₩73,000",,,260626,,,,,
,false,,오네,,전체,,모어 골지 슬리브리스,https://ohne.me/product/detail.html?product_no=7763,https://ohne.me/web/product/medium/20260514/5649c191402fdbc27ad64e5803bdaa61.gif,"₩25,000",,,260626,,,,,
,false,,오네,,전체,,(ivory 당일발송) 루나 레이스 티,https://ohne.me/product/detail.html?product_no=7762,https://ohne.me/web/product/medium/20260514/d2804ba85d194033de3cb1d2800757b9.gif,"₩27,000",,,260626,,,,,
,false,,오네,,전체,,벌룬 카고 팬츠,https://ohne.me/product/detail.html?product_no=7761,https://ohne.me/web/product/medium/20260514/adf37aa54b8f356e7d8dc8fd5b47a76b.gif,"₩61,000",,,260626,,,,,
,false,,오네,,전체,,모닝 블라우스,https://ohne.me/product/detail.html?product_no=7760,https://ohne.me/web/product/medium/20260513/1373985d0a86dde191c1d31f7b869346.gif,"₩74,000",,,260626,,,,,
,false,,오네,,전체,,쿨 썸머 팬츠,https://ohne.me/product/detail.html?product_no=7759,https://ohne.me/web/product/medium/20260513/a06001a6010a0b1a66162c929b279464.gif,"₩39,000",,,260626,,,,,
,false,,오네,,전체,,오션 드레스,https://ohne.me/product/detail.html?product_no=7758,https://ohne.me/web/product/medium/20260513/22ece329246f472c9f10fcfa4b908a13.gif,"₩83,000",,,260626,,,,,
,false,,오네,,전체,,롤리 블라우스,https://ohne.me/product/detail.html?product_no=7757,https://ohne.me/web/product/medium/20260513/b9c748ccaefb61ce29c34b578bbdb356.gif,"₩51,000",,,260626,,,,,
,false,,오네,,전체,,멜로우 후드 집업,https://ohne.me/product/detail.html?product_no=7756,https://ohne.me/web/product/medium/20260513/6ac63640db3756414ffd66235087ebd2.gif,"₩75,000",,,260626,,,,,
,false,,오네,,전체,,운트 코튼 팬츠,https://ohne.me/product/detail.html?product_no=7755,https://ohne.me/web/product/medium/20260513/31749bf959d59e3c9f5c931cfa337b03.gif,"₩55,000",,,260626,,,,,
,false,,오네,,전체,,프릴리 도트 블라우스,https://ohne.me/product/detail.html?product_no=7754,https://ohne.me/web/product/medium/20260513/009ce21f3cc5d3bdbcb2db9ad344ecaf.gif,"₩56,000",,,260626,,,,,
,false,,오네,,전체,,마운틴 캠프 캡,https://ohne.me/product/detail.html?product_no=7753,https://ohne.me/web/product/medium/20260513/cbcb2e44247402e97c2a4ac2f982d24a.gif,"₩27,000",,,260626,,,,,
,false,,오네,,전체,,캐피탈 린넨 점퍼,https://ohne.me/product/detail.html?product_no=7752,https://ohne.me/web/product/medium/20260513/259bff4065c9b2c977b91ff8c457a3ec.gif,"₩123,000",,,260626,,,,,
,false,,오네,,전체,,샐리 블라우스,https://ohne.me/product/detail.html?product_no=7751,https://ohne.me/web/product/medium/20260513/5ce2b1147210e16538e3980da2d050d7.gif,"₩79,000",,,260626,,,,,
,false,,오네,,전체,,쿨 플로우 티,https://ohne.me/product/detail.html?product_no=7750,https://ohne.me/web/product/medium/20260513/07f37b574bf8c4142ce66080e2c59cb9.gif,"₩39,500",,,260626,,,,,
,false,,오네,,전체,,코어 페이드 데님 팬츠,https://ohne.me/product/detail.html?product_no=7749,https://ohne.me/web/product/medium/20260512/80adad84bb1e71bd83945772d8121baf.gif,"₩71,000",,,260626,,,,,
,false,,오네,,전체,,"(단독,당일발송) 에밀리 드레스",https://ohne.me/product/detail.html?product_no=7748,https://ohne.me/web/product/medium/20260625/60bad0ceadda09e635e3cab952266e12.gif,"₩68,000",,,260626,,,,,
,false,,오네,,전체,,몰리 플라워 스커트,https://ohne.me/product/detail.html?product_no=7747,https://ohne.me/web/product/medium/20260512/a5b96b63f1afef1e79df90c2f837792e.gif,"₩81,000",,,260626,,,,,
,false,,오네,,전체,,(sky blue 당일발송) 헤일리 썸머 셔츠,https://ohne.me/product/detail.html?product_no=7746,https://ohne.me/web/product/medium/20260512/9227a8f0b87fc34ecd70658e6a313117.gif,"₩42,000",,,260626,,,,,
,false,,오네,,전체,,샌드 드레이프 홀터 탑,https://ohne.me/product/detail.html?product_no=7745,https://ohne.me/web/product/medium/20260512/f7631cb5f98c2a23a6e7767c4e9d049f.gif,"₩36,000",,,260626,,,,,
,false,,오네,,전체,,포레 버뮤다 팬츠,https://ohne.me/product/detail.html?product_no=7744,https://ohne.me/web/product/medium/20260512/55a1a16aa8abddcfbdbc81d8316c8643.gif,"₩87,000",,,260626,,,,,
,false,,오네,,전체,,(olive 당일발송) 허니 펀칭 니트,https://ohne.me/product/detail.html?product_no=7743,https://ohne.me/web/product/medium/20260512/c8e80a819cb435a49bb73b2e77a9877a.gif,"₩54,000",,,260626,,,,,
,false,,오네,,전체,,허브 플로럴 팬츠,https://ohne.me/product/detail.html?product_no=7742,https://ohne.me/web/product/medium/20260512/763e3d704096505f133fc8ca9930b318.gif,"₩68,000",,,260626,,,,,
,false,,오네,,전체,,웨스턴 롱 데님 팬츠,https://ohne.me/product/detail.html?product_no=7741,https://ohne.me/web/product/medium/20260512/8424b6fea531604f4f10d7a473519e3c.gif,"₩64,000",,,260626,,,,,
,false,,오네,,전체,,데일리 코튼 숏츠,https://ohne.me/product/detail.html?product_no=7740,https://ohne.me/web/product/medium/20260512/809af1c156c95d3b4aef5226c064d2f8.gif,"₩39,500",,,260626,,,,,
,false,,오네,,전체,,(light purple 당일발송) 애프리콧 블라우스,https://ohne.me/product/detail.html?product_no=7739,https://ohne.me/web/product/medium/20260512/72714bf44b28d528208d1b34ceea54b0.gif,"₩69,000",,,260626,,,,,
,false,,오네,,전체,,레이첼 체크 스커트,https://ohne.me/product/detail.html?product_no=7738,https://ohne.me/web/product/medium/20260507/c3e4e1af3cf472047f34fdf88dc619f4.gif,"₩112,000",,,260626,,,,,
,false,,오네,,전체,,멜로 니트 탑,https://ohne.me/product/detail.html?product_no=7737,https://ohne.me/web/product/medium/20260507/c0da27a64bd1f77a5eee2def28c9b02e.gif,"₩61,000",,,260626,,,,,
,false,,오네,,전체,,(당일발송) 모아 버튼 가디건,https://ohne.me/product/detail.html?product_no=7736,https://ohne.me/web/product/medium/20260506/71fbb4a58021cd10320ee718bd0e4b28.gif,"₩42,000",,,260626,,,,,
,false,,오네,,전체,,발리 드레스,https://ohne.me/product/detail.html?product_no=7735,https://ohne.me/web/product/medium/20260506/7584cd86ba6cd9cafb6f29bdf14f5814.png,"₩74,000",,,260626,,,,,
,false,,오네,,전체,,(당일발송) 메이 플레어 스커트,https://ohne.me/product/detail.html?product_no=7734,https://ohne.me/web/product/medium/20260506/b24898f0a65691c32d3d0c4d770ee04e.gif,"₩73,000",,,260626,,,,,
,false,,오네,,전체,,앤 블라우스,https://ohne.me/product/detail.html?product_no=7733,https://ohne.me/web/product/medium/20260506/fea4d6fe4861b8497655be208949601a.gif,"₩54,000",,,260626,,,,,
,false,,오네,,전체,,마엘 트위드 하프 자켓,https://ohne.me/product/detail.html?product_no=7732,https://ohne.me/web/product/medium/20260506/d8835b88285ce233a56528bd55a77c12.gif,"₩97,000",,,260626,,,,,
,false,,오네,,전체,,루엔 레더 부츠,https://ohne.me/product/detail.html?product_no=7731,https://ohne.me/web/product/medium/20260506/b80f1554836027380d4d4282e908f4c3.png,"₩66,000",,,260626,,,,,
,false,,오네,,전체,,코사지 페이즐리 스카프,https://ohne.me/product/detail.html?product_no=7730,https://ohne.me/web/product/medium/20260506/78caa9a756a3924642454345206c5e51.gif,"₩19,000",,,260626,,,,,
,false,,오네,,전체,,로우 체크 하프 셔츠,https://ohne.me/product/detail.html?product_no=7729,https://ohne.me/web/product/medium/20260506/1dfede3374cb5e4965f72b12a66a8454.gif,"₩56,000",,,260626,,,,,
,false,,오네,,전체,,(black 당일발송) 아일릿 드레스,https://ohne.me/product/detail.html?product_no=7728,https://ohne.me/web/product/medium/20260506/db4bdbbc2f287473c1291b1e7611aca1.gif,"₩59,000",,,260626,,,,,
,false,,오네,,전체,,데일리 와이드 팬츠,https://ohne.me/product/detail.html?product_no=7727,https://ohne.me/web/product/medium/20260506/88fcbb52efe05834d9c61b6b9ac97a0b.gif,"₩47,000",,,260626,,,,,
,false,,오네,,전체,,모헤르 프린지 원피스,https://ohne.me/product/detail.html?product_no=7726,https://ohne.me/web/product/medium/20260506/9bdaf43dbd384c38c4874c1e467aa6eb.gif,"₩75,000",,,260626,,,,,
,false,,오네,,전체,,바게트 스트라이프 팬츠,https://ohne.me/product/detail.html?product_no=7725,https://ohne.me/web/product/medium/20260506/4623e24c114f953b94f08bb28185cf38.gif,"₩51,000",,,260626,,,,,
,false,,오네,,전체,,모엔 시어 윈드 점퍼,https://ohne.me/product/detail.html?product_no=7724,https://ohne.me/web/product/medium/20260506/f1b90602f49b191f20af57f62c26e40f.gif,"₩123,000",,,260626,,,,,
,false,,오네,,전체,,그랜마 데님 팬츠,https://ohne.me/product/detail.html?product_no=7723,https://ohne.me/web/product/medium/20260506/9f68441655ffec614d5a93cd82d42012.gif,"₩95,000",,,260626,,,,,
,false,,오네,,전체,,블루 가든 블라우스,https://ohne.me/product/detail.html?product_no=7722,https://ohne.me/web/product/medium/20260506/e8ac8c31f839701b8b958349f7352845.gif,"₩48,000",,,260626,,,,,
,false,,오네,,전체,,메이 스커트 숏츠,https://ohne.me/product/detail.html?product_no=7721,https://ohne.me/web/product/medium/20260505/afcd59b52957a06966648ee7fc102182.gif,"₩61,000",,,260626,,,,,
,false,,오네,,전체,,얼리 플로랄 블라우스,https://ohne.me/product/detail.html?product_no=7720,https://ohne.me/web/product/medium/20260529/f083744fa10cffb0346c6890fffb8c9d.gif,"₩62,000",,,260626,,,,,
,false,,오네,,전체,,볼드 버뮤다 팬츠,https://ohne.me/product/detail.html?product_no=7719,https://ohne.me/web/product/medium/20260505/5ed785543805d5193205f1ab0369ad82.gif,"₩41,000",,,260626,,,,,
,false,,오네,,전체,,고요 프릴 블라우스,https://ohne.me/product/detail.html?product_no=7718,https://ohne.me/web/product/medium/20260505/2445c7515f5425c9c539e764061576ee.gif,"₩46,000",,,260626,,,,,
,false,,오네,,전체,,린넨 언발란스 스커트,https://ohne.me/product/detail.html?product_no=7717,https://ohne.me/web/product/medium/20260505/23848668ad227d82023ade48ee2391fa.gif,"₩49,000",,,260626,,,,,
,false,,오네,,전체,,(당일발송) 마렌 드레스,https://ohne.me/product/detail.html?product_no=7716,https://ohne.me/web/product/medium/20260505/d30c0b7e60d0c7563cc645322357102d.gif,"₩63,000",,,260626,,,,,
,false,,오네,,전체,,가든 라피아 햇,https://ohne.me/product/detail.html?product_no=7715,https://ohne.me/web/product/medium/20260430/c1a758069d7ee6cd6c60cf079fd7a7f2.gif,"₩32,000",,,260626,,,,,
,false,,오네,,전체,,호퍼 체크 스커트,https://ohne.me/product/detail.html?product_no=7714,https://ohne.me/web/product/medium/20260430/27450c7db10540fa7ee208087054c681.gif,"₩78,000",,,260626,,,,,
,false,,오네,,전체,,노츠 프릴 티,https://ohne.me/product/detail.html?product_no=7713,https://ohne.me/web/product/medium/20260430/f3ab4b8c83fbc7f67932185bbbaeeec7.gif,"₩39,500",,,260626,,,,,
,false,,오네,,전체,,소피 슬리브리스,https://ohne.me/product/detail.html?product_no=7712,https://ohne.me/web/product/medium/20260430/806f0d256788d4718b2d0517f448e472.gif,"₩39,500",,,260626,,,,,
,false,,오네,,전체,,레이지 드레스,https://ohne.me/product/detail.html?product_no=7711,https://ohne.me/web/product/medium/20260430/e472af6a2ddb2998a83d8ad73b75dbc0.gif,"₩96,000",,,260626,,,,,
,false,,오네,,전체,,푸딩 슬리브리스,https://ohne.me/product/detail.html?product_no=7710,https://ohne.me/web/product/medium/20260430/3570d04d91c026b0877e1bc24da59763.gif,"₩25,000",,,260626,,,,,
,false,,오네,,전체,,마일드 롤업 셔츠,https://ohne.me/product/detail.html?product_no=7709,https://ohne.me/web/product/medium/20260430/17a283cf9f88a05fd796fedd81d02e46.gif,"₩58,500",,,260626,,,,,
,false,,오네,,전체,,트윌 부츠컷 팬츠,https://ohne.me/product/detail.html?product_no=7708,https://ohne.me/web/product/medium/20260430/2b611e98cdcf94fb9dfb57b96c5f9948.gif,"₩66,000",,,260626,,,,,
,false,,오네,,전체,,(단독) 블랑 드레스 (+스크런치SET),https://ohne.me/product/detail.html?product_no=7707,https://ohne.me/web/product/medium/20260512/8cd21cfcf2619e443ee5998db38057b1.gif,"₩111,000",,,260626,,,,,
,false,,오네,,전체,,카고 카프리 팬츠,https://ohne.me/product/detail.html?product_no=7706,https://ohne.me/web/product/medium/20260430/483ea61808cb1a2b27cbafc92fa3350c.gif,"₩79,500",,,260626,,,,,
,false,,오네,,전체,,코지 프릴 드레스,https://ohne.me/product/detail.html?product_no=7705,https://ohne.me/web/product/medium/20260429/4b373b0c15e4d309ca2961a92c2b5ec5.gif,"₩81,000",,,260626,,,,,
,false,,오네,,전체,,베이직 롤업 티,https://ohne.me/product/detail.html?product_no=7704,https://ohne.me/web/product/medium/20260429/a8aaf7b29e60e3cf2f2a330cba028284.gif,"₩36,000",,,260626,,,,,
,false,,오네,,전체,,게르 프린지 원피스,https://ohne.me/product/detail.html?product_no=7703,https://ohne.me/web/product/medium/20260429/7cf4669cc2371c75fdd2cdcf51e9b7cc.gif,"₩54,000",,,260626,,,,,
,false,,오네,,전체,,데이지 밴딩 팬츠,https://ohne.me/product/detail.html?product_no=7702,https://ohne.me/web/product/medium/20260429/664794f7495c3c2938ddaa9a932b2138.gif,"₩46,000",,,260626,,,,,
,false,,오네,,전체,,레이스 드레이프 티,https://ohne.me/product/detail.html?product_no=7701,https://ohne.me/web/product/medium/20260429/21adec7668b1b42ba4059d2950cd5bda.gif,"₩39,500",,,260626,,,,,
,false,,오네,,전체,,펀칭 퍼프 가디건,https://ohne.me/product/detail.html?product_no=7700,https://ohne.me/web/product/medium/20260429/4ac0e50c224014454904dfab2d53e8b0.gif,"₩47,000",,,260626,,,,,
,false,,오네,,전체,,보니 랩 스커트,https://ohne.me/product/detail.html?product_no=7699,https://ohne.me/web/product/medium/20260429/919b54a2243ccabb3496ba56f33b06ed.gif,"₩63,000",,,260626,,,,,
,false,,오네,,전체,,(당일발송) 베이 프릴 하프 팬츠,https://ohne.me/product/detail.html?product_no=7698,https://ohne.me/web/product/medium/20260429/eecc2c7b3affc6b04f3c28e48dc9c58e.gif,"₩68,000",,,260626,,,,,
,false,,오네,,전체,,모리 체크 드레스,https://ohne.me/product/detail.html?product_no=7697,https://ohne.me/web/product/medium/20260429/b295984864115d910cf2c898404df342.gif,"₩59,500",,,260626,,,,,
,false,,오네,,전체,,메이 스트링 블라우스,https://ohne.me/product/detail.html?product_no=7696,https://ohne.me/web/product/medium/20260429/703d19e0042fc5bf0916a9271e7d368e.gif,"₩62,000",,,260626,,,,,
,false,,오네,,전체,,(당일발송) 히피 드레이프 스커트,https://ohne.me/product/detail.html?product_no=7695,https://ohne.me/web/product/medium/20260429/dc52a63a2bc0abc27bddaafb5ccd806a.gif,"₩52,000",,,260626,,,,,
,false,,오네,,전체,,파인 코튼 카고 팬츠,https://ohne.me/product/detail.html?product_no=7694,https://ohne.me/web/product/medium/20260429/96345e91817ad5cad2b382c8e6d5783f.gif,"₩49,000",,,260626,,,,,
,false,,오네,,전체,,(ivory 제외 당일발송)로하 블라우스,https://ohne.me/product/detail.html?product_no=7693,https://ohne.me/web/product/medium/20260516/3c65c6e4baf5dfc964e8616ee7987ff5.gif,"₩66,000",,,260626,,,,,
,false,,오네,,전체,,핀 스트라이프 숏 팬츠,https://ohne.me/product/detail.html?product_no=7692,https://ohne.me/web/product/medium/20260429/efbb977964f384f57cda2d876ac3fad8.gif,"₩59,000",,,260626,,,,,
,false,,오네,,전체,,플로랄 쉬폰 블라우스,https://ohne.me/product/detail.html?product_no=7691,https://ohne.me/web/product/medium/20260429/2f9c0c224e861241c3d5b1e3771d31b7.gif,"₩79,000",,,260626,,,,,
,false,,오네,,전체,,썸머 린넨 니트,https://ohne.me/product/detail.html?product_no=7690,https://ohne.me/web/product/medium/20260429/a6ac79e3ac36674a032e1ca7803134c6.gif,"₩41,000",,,260626,,,,,
,false,,오네,,전체,,리본 스티치 데님 쇼츠,https://ohne.me/product/detail.html?product_no=7689,https://ohne.me/web/product/medium/20260428/989187ca6837b1b320661dee614704d4.gif,"₩69,500",,,260626,,,,,
,false,,오네,,전체,,릴리 블라우스,https://ohne.me/product/detail.html?product_no=7688,https://ohne.me/web/product/medium/20260428/014873ea24c0db87c46be34e636d84c2.gif,"₩57,000",,,260626,,,,,
,false,,오네,,전체,,"(단독,당일발송) 브리엘 드레스",https://ohne.me/product/detail.html?product_no=7687,https://ohne.me/web/product/medium/20260510/e9b215d4e1516b14025d994dad36fa5c.gif,"₩64,000",,,260626,,,,,
,false,,오네,,전체,,리본 카고 버뮤다 팬츠,https://ohne.me/product/detail.html?product_no=7686,https://ohne.me/web/product/medium/20260428/1897b2eafdf19028ce7c8d90bc8a660e.gif,"₩89,500",,,260626,,,,,
,false,,오네,,전체,,로아 드레스,https://ohne.me/product/detail.html?product_no=7685,https://ohne.me/web/product/medium/20260423/b369a0f604f890cec6e8bc6fedffd72e.gif,"₩111,000",,,260626,,,,,
,false,,오네,,전체,,스트라이프 레그워머,https://ohne.me/product/detail.html?product_no=7684,https://ohne.me/web/product/medium/20260423/92579a596d10d870a35a79016b7d6a25.png,"₩26,000",,,260626,,,,,
,false,,오네,,전체,,(당일발송) 유즈얼 버킷 햇,https://ohne.me/product/detail.html?product_no=7683,https://ohne.me/web/product/medium/20260423/2d7b67b8bd123ffee70b04a011fd4f0b.gif,"₩24,000",,,260626,,,,,
,false,,오네,,전체,,루엔 위빙 슬리퍼,https://ohne.me/product/detail.html?product_no=7682,https://ohne.me/web/product/medium/20260423/7958a7c1e72fdfccaebc415e391f7b04.png,"₩62,000",,,260626,,,,,
,false,,오네,,전체,,프레쉬 스트라이프 슬리브리스,https://ohne.me/product/detail.html?product_no=7681,https://ohne.me/web/product/medium/20260423/a05fdbd2973ebfdd549b9afca1724921.gif,"₩34,000",,,260626,,,,,
,false,,오네,,전체,,내츄럴 린넨 자켓,https://ohne.me/product/detail.html?product_no=7680,https://ohne.me/web/product/medium/20260423/630ef4128327001b9ddc3bf12fa2032a.gif,"₩66,000",,,260626,,,,,
,false,,오네,,전체,,마리 홀터 슬리브리스,https://ohne.me/product/detail.html?product_no=7679,https://ohne.me/web/product/medium/20260422/f2fc20069e6f5faadbf948d4d3149016.gif,"₩79,500",,,260626,,,,,
,false,,오네,,전체,,나일론 카고 팬츠,https://ohne.me/product/detail.html?product_no=7678,https://ohne.me/web/product/medium/20260422/83cdfe35a22b3576dbe4b273ee74c09e.gif,"₩55,000",,,260626,,,,,
,false,,오네,,전체,,(당일발송) 컨트리 프릴 데님,https://ohne.me/product/detail.html?product_no=7677,https://ohne.me/web/product/medium/20260422/fc4d55d2a54dd73af5ee5fbe29e85532.gif,"₩84,000",,,260626,,,,,
,false,,오네,,전체,,그리너리 롱 스커트,https://ohne.me/product/detail.html?product_no=7676,https://ohne.me/web/product/medium/20260422/facde3fe3255be2280aff67a63a38ea2.gif,"₩52,000",,,260626,,,,,
,false,,오네,,전체,,(크림베이지 당일발송) 퓨레 블라우스,https://ohne.me/product/detail.html?product_no=7675,https://ohne.me/web/product/medium/20260422/c812ce56ffb735553594ae0058686352.gif,"₩38,000",,,260626,,,,,
,false,,오네,,전체,,(charcoal 당일발송) 썸머 브이넥 니트,https://ohne.me/product/detail.html?product_no=7674,https://ohne.me/web/product/medium/20260422/10fc5ba92c7187773bb611033972febe.gif,"₩46,000",,,260626,,,,,
,false,,오네,,전체,,베른 딥블루 데님 팬츠,https://ohne.me/product/detail.html?product_no=7673,https://ohne.me/web/product/medium/20260422/368619cba3641c64929c0817bfd4fe4a.gif,"₩72,000",,,260626,,,,,
,false,,오네,,전체,,포미 스트링 카프리 팬츠,https://ohne.me/product/detail.html?product_no=7672,https://ohne.me/web/product/medium/20260422/01dae60b0143ae323bfa8fb65c19f65b.gif,"₩63,000",,,260626,,,,,
,false,,오네,,전체,,코튼 카고 숏 팬츠,https://ohne.me/product/detail.html?product_no=7671,https://ohne.me/web/product/medium/20260422/65e228c3c2951779ff52943e637650e9.gif,"₩47,000",,,260626,,,,,
,false,,오네,,전체,,메르 블라우스,https://ohne.me/product/detail.html?product_no=7670,https://ohne.me/web/product/medium/20260422/1f8b129acbc83231f4fd34c91853f21b.gif,"₩76,000",,,260626,,,,,
,false,,오네,,전체,,(lemon 제외 당일발송) 키치 도트 홀터 탑,https://ohne.me/product/detail.html?product_no=7669,https://ohne.me/web/product/medium/20260422/e2bfffeb553a69585fab7d77c2faa40e.gif,"₩23,000",,,260626,,,,,
,false,,오네,,전체,,데님 레이어드 맥시 스커트,https://ohne.me/product/detail.html?product_no=7668,https://ohne.me/web/product/medium/20260422/2665eeea438582ecc61224da13beec07.gif,"₩99,000",,,260626,,,,,
,false,,오네,,전체,,리브아 블라우스,https://ohne.me/product/detail.html?product_no=7667,https://ohne.me/web/product/medium/20260422/030e77a5a2ff5e7677108634cdefeedf.gif,"₩58,000",,,260626,,,,,
,false,,오네,,전체,,노아 레이어드 스커트,https://ohne.me/product/detail.html?product_no=7666,https://ohne.me/web/product/medium/20260422/fbb9b12b8d6baed80d8f2a8d5ffebc4a.gif,"₩52,000",,,260626,,,,,
,false,,오네,,전체,,모네 스트링 티,https://ohne.me/product/detail.html?product_no=7665,https://ohne.me/web/product/medium/20260422/d9d8b943e014170af769a572cfca5028.gif,"₩39,000",,,260626,,,,,
,false,,오네,,전체,,텐저린 체크 셔츠,https://ohne.me/product/detail.html?product_no=7664,https://ohne.me/web/product/medium/20260422/e637e519ac4d0dda9a275ee4579327d7.gif,"₩44,000",,,260626,,,,,
,false,,오네,,전체,,보헤미안 데님 팬츠,https://ohne.me/product/detail.html?product_no=7663,https://ohne.me/web/product/medium/20260422/d961f87c5a1492a58faa23fc5a2d1c59.gif,"₩91,000",,,260626,,,,,
,false,,오네,,전체,,데저트 슬리브리스,https://ohne.me/product/detail.html?product_no=7662,https://ohne.me/web/product/medium/20260422/b0abec31f5a9e658d355e0ae7d1ccc94.gif,"₩35,000",,,260626,,,,,
,false,,오네,,전체,,하이디 랩 드레스,https://ohne.me/product/detail.html?product_no=7661,https://ohne.me/web/product/medium/20260422/bbcfa8b99c0a831bcb415d46b1025b5a.gif,"₩81,000",,,260626,,,,,
,false,,오네,,전체,,루프 포켓 나일론 팬츠,https://ohne.me/product/detail.html?product_no=7660,https://ohne.me/web/product/medium/20260421/70e1418195fccc34885bd8942222005a.gif,"₩59,000",,,260626,,,,,
,false,,오네,,전체,,프릴리 퍼프 블라우스,https://ohne.me/product/detail.html?product_no=7659,https://ohne.me/web/product/medium/20260421/02ef4e2e2562e21596c89bf6c8b081e4.gif,"₩48,000",,,260626,,,,,
,false,,오네,,전체,,블루메 새틴 스커트,https://ohne.me/product/detail.html?product_no=7658,https://ohne.me/web/product/medium/20260421/cc988cf6c888af7e28bdb522a04eba09.gif,"₩81,000",,,260626,,,,,
,false,,오네,,전체,,로헨 더블 하프 자켓,https://ohne.me/product/detail.html?product_no=7657,https://ohne.me/web/product/medium/20260421/f5c18131dd8be605a8e1b18e4a49ee4b.gif,"₩131,000",,,260626,,,,,
,false,,오네,,전체,,카엘 워싱 카고 숏츠,https://ohne.me/product/detail.html?product_no=7656,https://ohne.me/web/product/medium/20260421/4bdce0ef9085a9f428a6679beda2c612.gif,"₩66,000",,,260626,,,,,
,false,,오네,,전체,,로젠 페플럼 블라우스,https://ohne.me/product/detail.html?product_no=7655,https://ohne.me/web/product/medium/20260421/8d001b7e9bd7d94b8d4efa34a1087d6b.gif,"₩57,000",,,260626,,,,,
,false,,오네,,전체,,립 컬러 벨트,https://ohne.me/product/detail.html?product_no=7654,https://ohne.me/web/product/medium/20260417/6267452627833dc757abfbb59dab54b2.png,"₩31,000",,,260626,,,,,
,false,,오네,,전체,,테슬 스카프,https://ohne.me/product/detail.html?product_no=7653,https://ohne.me/web/product/medium/20260417/9565dbe9fad53ee937f396aed517ef2f.gif,"₩24,000",,,260626,,,,,
,false,,오네,,전체,,링클 스크런치,https://ohne.me/product/detail.html?product_no=7652,https://ohne.me/web/product/medium/20260417/8363b09ff56bf5e426408288f627a11f.png,"₩7,000",,,260626,,,,,
,false,,오네,,전체,,레이스 캡 슬리브리스,https://ohne.me/product/detail.html?product_no=7651,https://ohne.me/web/product/medium/20260417/4ee8ec670d781a389c754370256ba6bb.gif,"₩35,000",,,260626,,,,,
,false,,오네,,전체,,퍼플 셔링 티,https://ohne.me/product/detail.html?product_no=7650,https://ohne.me/web/product/medium/20260417/4f074ece3cbc5a9c835c3cf173075e6d.gif,"₩28,000",,,260626,,,,,
,false,,오네,,전체,,레이 슬리브리스,https://ohne.me/product/detail.html?product_no=7649,https://ohne.me/web/product/medium/20260416/447221101e6851ede4f611e00b17d87c.gif,"₩39,000",,,260626,,,,,
,false,,오네,,전체,,라이트 스트라이프 셔츠,https://ohne.me/product/detail.html?product_no=7648,https://ohne.me/web/product/medium/20260416/95c5b0c471148f0768508a72e26e94ca.gif,"₩52,000",,,260626,,,,,
,false,,오네,,전체,,베일린 롱 스커트,https://ohne.me/product/detail.html?product_no=7647,https://ohne.me/web/product/medium/20260416/3101637d90ee76e52495f312bfa3a3b2.gif,"₩79,000",,,260626,,,,,
,false,,오네,,전체,,토이 드로잉 팬츠,https://ohne.me/product/detail.html?product_no=7646,https://ohne.me/web/product/medium/20260416/d98279d16f6642d993efe5d55392eee3.gif,"₩111,000",,,260626,,,,,
,false,,오네,,전체,,백 스트링 니트,https://ohne.me/product/detail.html?product_no=7645,https://ohne.me/web/product/medium/20260416/97755c2b5effac1a472b74ac18f0ffde.gif,"₩53,000",,,260626,,,,,
,false,,오네,,전체,,엘린 도트 언발 스커트,https://ohne.me/product/detail.html?product_no=7644,https://ohne.me/web/product/medium/20260416/35f6c77b696889413c47c4866698ace3.gif,"₩49,000",,,260626,,,,,
,false,,오네,,전체,,아덴 오버 셔츠,https://ohne.me/product/detail.html?product_no=7643,https://ohne.me/web/product/medium/20260415/9fd6c26d70c0403031dab6a6e9eb10b5.gif,"₩57,000",,,260626,,,,,
,false,,오네,,전체,,에트로 셔링 스커트,https://ohne.me/product/detail.html?product_no=7642,https://ohne.me/web/product/medium/20260415/be6d9bb1e20368b67d3ff3d0444a0057.gif,"₩81,000",,,260626,,,,,
,false,,오네,,전체,,뮤트 드레이프 블라우스,https://ohne.me/product/detail.html?product_no=7641,https://ohne.me/web/product/medium/20260415/55b36aac084a4337bbbb36da6f8d90b6.gif,"₩58,000",,,260626,,,,,
,false,,오네,,전체,,플로랄 슬립 드레스,https://ohne.me/product/detail.html?product_no=7640,https://ohne.me/web/product/medium/20260415/949fdd83453a5230057aa4e01294ac6f.gif,"₩79,000",,,260626,,,,,
,false,,오네,,전체,,아틀리에 버튼 가디건,https://ohne.me/product/detail.html?product_no=7639,https://ohne.me/web/product/medium/20260415/c3792f56151183402117a19f6751c6e6.gif,"₩66,000",,,260626,,,,,
,false,,오네,,전체,,돌핀 코튼 팬츠,https://ohne.me/product/detail.html?product_no=7638,https://ohne.me/web/product/medium/20260415/80524b17a42a046f12ea3bc519b356ca.gif,"₩119,000",,,260626,,,,,
,false,,오네,,전체,,리지 슬리브리스,https://ohne.me/product/detail.html?product_no=7637,https://ohne.me/web/product/medium/20260415/f0bd47f699159c4f67dda7a2f92e7501.gif,"₩49,000",,,260626,,,,,
,false,,오네,,전체,,노에르 크랙 새틴 스커트  (+스카프세트),https://ohne.me/product/detail.html?product_no=7636,https://ohne.me/web/product/medium/20260415/e17afd7f022ccc9ae061d6757e8b053a.gif,"₩125,000",,,260626,,,,,
,false,,오네,,전체,,세레노 랩 스커트,https://ohne.me/product/detail.html?product_no=7635,https://ohne.me/web/product/medium/20260416/8cbfb12e8be3c6b3cc1a844891231d26.gif,"₩119,000",,,260626,,,,,
,false,,오네,,전체,,엠보 롱 스커트,https://ohne.me/product/detail.html?product_no=7634,https://ohne.me/web/product/medium/20260415/877deabe0f7cdabe99285213a0b446b9.gif,"₩61,000",,,260626,,,,,
,false,,오네,,전체,,조이 블라우스,https://ohne.me/product/detail.html?product_no=7633,https://ohne.me/web/product/medium/20260415/72a06d1a264557ddf851234fb2954642.gif,"₩59,500",,,260626,,,,,
,false,,오네,,전체,,에어리 랩 원피스,https://ohne.me/product/detail.html?product_no=7632,https://ohne.me/web/product/medium/20260415/5679136326ace993fd4b8044d932d0ae.gif,"₩51,000",,,260626,,,,,
,false,,오네,,전체,,스트라이프 시어 셔츠,https://ohne.me/product/detail.html?product_no=7631,https://ohne.me/web/product/medium/20260415/2914641071d639a6ac8568353f4e1cf2.gif,"₩55,000",,,260626,,,,,
,false,,오네,,전체,,누아르 블라우스,https://ohne.me/product/detail.html?product_no=7630,https://ohne.me/web/product/medium/20260415/7869c2f6cf660d854fb01af997ba323c.gif,"₩74,000",,,260626,,,,,
,false,,오네,,전체,,브룬 스커트,https://ohne.me/product/detail.html?product_no=7629,https://ohne.me/web/product/medium/20260415/9c2b96107d73112088910079c16f2e08.gif,"₩91,000",,,260626,,,,,
,false,,오네,,전체,,노엘 레이스 스커트,https://ohne.me/product/detail.html?product_no=7628,https://ohne.me/web/product/medium/20260415/761db1c86a280749b3dab2c0e88a0369.gif,"₩68,000",,,260626,,,,,
,false,,오네,,전체,,페어데 티,https://ohne.me/product/detail.html?product_no=7627,https://ohne.me/web/product/medium/20260415/284c3e12ebfc62eb4b6beabd63586337.gif,"₩41,000",,,260626,,,,,
,false,,오네,,전체,,랩 스트링 데님 숏츠,https://ohne.me/product/detail.html?product_no=7626,https://ohne.me/web/product/medium/20260414/3da33abfcdd659463281eb4be86fafb9.gif,"₩66,000",,,260626,,,,,
,false,,오네,,전체,,아멜리 블라우스,https://ohne.me/product/detail.html?product_no=7625,https://ohne.me/web/product/medium/20260414/22a4b46b17ff6bdc21d2cf6aecfe311c.gif,"₩89,500",,,260626,,,,,
,false,,오네,,전체,,해리 플리츠 스커트,https://ohne.me/product/detail.html?product_no=7624,https://ohne.me/web/product/medium/20260414/f131890128981a230d8883ab917057ad.gif,"₩79,000",,,260626,,,,,
,false,,오네,,전체,,튤 러플 스커트,https://ohne.me/product/detail.html?product_no=7623,https://ohne.me/web/product/medium/20260414/aa90bbef77911bb9cb03de5765b0727b.gif,"₩61,000",,,260626,,,,,
,false,,오네,,전체,,(blue 당일발송) 워터 티,https://ohne.me/product/detail.html?product_no=7622,https://ohne.me/web/product/medium/20260414/e28ed342d106840002159e5e3f681f76.gif,"₩48,000",,,260626,,,,,
,false,,오네,,전체,,리본 버킷햇,https://ohne.me/product/detail.html?product_no=7621,https://ohne.me/web/product/medium/20260410/ced487ddd0723fc85bdb546887daa188.gif,"₩25,000",,,260626,,,,,
,false,,오네,,전체,,도트 레그워머,https://ohne.me/product/detail.html?product_no=7620,https://ohne.me/web/product/medium/20260410/ea95c7645452b4d05fbcc4c4dcd259ed.png,"₩31,000",,,260626,,,,,
,false,,오네,,전체,,플라워 레그워머,https://ohne.me/product/detail.html?product_no=7619,https://ohne.me/web/product/medium/20260410/68fa4b439ff776fc99f108f23736bb44.gif,"₩31,000",,,260626,,,,,
,false,,오네,,전체,,(white 당일발송) 백 버튼 프릴 티,https://ohne.me/product/detail.html?product_no=7618,https://ohne.me/web/product/medium/20260410/d6e9ff9559783641b5e6ad8c4b40dc13.gif,"₩44,000",,,260626,,,,,
,false,,오네,,전체,,쉬어 루즈 티,https://ohne.me/product/detail.html?product_no=7617,https://ohne.me/web/product/medium/20260410/6bf64fe1392d5a4e1643b784a5ccd354.gif,"₩34,000",,,260626,,,,,
,false,,오네,,전체,,오드 링,https://ohne.me/product/detail.html?product_no=7616,https://ohne.me/web/product/medium/20260410/f1f43830987106cd7d84a9209a42182b.png,"₩17,000",,,260626,,,,,
,false,,오네,,전체,,보헤미안 네크리스,https://ohne.me/product/detail.html?product_no=7615,https://ohne.me/web/product/medium/20260410/bcabff47ee7de03a07ba5256f48fa072.png,"₩22,000",,,260626,,,,,
,false,,오네,,전체,,샌드 내추럴 와이드 팬츠,https://ohne.me/product/detail.html?product_no=7614,https://ohne.me/web/product/medium/20260410/f0a1d4adf3e4f3215b09f31bd4c30e40.gif,"₩48,000",,,260626,,,,,
,false,,오네,,전체,,발리 베스트,https://ohne.me/product/detail.html?product_no=7613,https://ohne.me/web/product/medium/20260410/2c6fb78147f1ee2bf0e932c7c240ea71.gif,"₩33,000",,,260626,,,,,
,false,,오네,,전체,,로제 뷔스티에,https://ohne.me/product/detail.html?product_no=7612,https://ohne.me/web/product/medium/20260410/785c879832c46d7bc477e1357d9bf19a.gif,"₩59,000",,,260626,,,,,
,false,,오네,,전체,,모리 체크 셔츠,https://ohne.me/product/detail.html?product_no=7611,https://ohne.me/web/product/medium/20260409/5f1a91cd40cb504f52a6c470fd1ebc8d.gif,"₩71,000",,,260626,,,,,
,false,,오네,,전체,,베이지 카고 버뮤다 팬츠,https://ohne.me/product/detail.html?product_no=7610,https://ohne.me/web/product/medium/20260409/e36eb9068edb56fe6b1095f41735719a.gif,"₩39,000",,,260626,,,,,
,false,,오네,,전체,,아델리아 스트링 드레스,https://ohne.me/product/detail.html?product_no=7609,https://ohne.me/web/product/medium/20260409/5102ed50688c08ed7dbfa6e72a3b23b9.gif,"₩51,000",,,260626,,,,,
,false,,오네,,전체,,엘빈 드레스,https://ohne.me/product/detail.html?product_no=7608,https://ohne.me/web/product/medium/20260409/8fce7e9c122997d473e7e93469780c09.gif,"₩136,000",,,260626,,,,,
,false,,오네,,전체,,샤이닝 모헤어 가디건,https://ohne.me/product/detail.html?product_no=7607,https://ohne.me/web/product/medium/20260409/91dea7bb9b7bb0b9d63bf11c05155e81.gif,"₩61,000",,,260626,,,,,
,false,,오네,,전체,,스킨 티,https://ohne.me/product/detail.html?product_no=7606,https://ohne.me/web/product/medium/20260409/3d689f7a6ef4315d6bb1be01db8f6e6d.gif,"₩41,000",,,260626,,,,,
,false,,오네,,전체,,썸머 유틸 카고 팬츠,https://ohne.me/product/detail.html?product_no=7605,https://ohne.me/web/product/medium/20260409/391b86b432d8560a2ec811e64c4de8bf.gif,"₩45,000",,,260626,,,,,
,false,,오네,,전체,,헤이즈 펀칭 가디건,https://ohne.me/product/detail.html?product_no=7604,https://ohne.me/web/product/medium/20260408/c6a8926e88b5b70fd7c8e5a6a548c3ba.gif,"₩41,000",,,260626,,,,,
,false,,오네,,전체,,포레스트 드레스,https://ohne.me/product/detail.html?product_no=7603,https://ohne.me/web/product/medium/20260408/bfcff53cd83f26b195f733074437bc69.gif,"₩55,000",,,260626,,,,,
,false,,오네,,전체,,아이스 블루 버뮤다 팬츠,https://ohne.me/product/detail.html?product_no=7602,https://ohne.me/web/product/medium/20260408/72a24c5bcb6f64966800c39f33410f08.gif,"₩54,000",,,260626,,,,,
,false,,오네,,전체,,브링 체크 셔츠,https://ohne.me/product/detail.html?product_no=7601,https://ohne.me/web/product/medium/20260408/9c6624140a617962b0addd503b5a6021.gif,"₩51,000",,,260626,,,,,
,false,,오네,,전체,,모스 드레스,https://ohne.me/product/detail.html?product_no=7600,https://ohne.me/web/product/medium/20260408/3164f880b185062838f0c498774fdb1c.gif,"₩89,000",,,260626,,,,,
,false,,오네,,전체,,모이 헨리넥 슬리브리스,https://ohne.me/product/detail.html?product_no=7599,https://ohne.me/web/product/medium/20260408/8624da7831f2202c7aa08162a5b07f6e.gif,"₩44,000",,,260626,,,,,
,false,,오네,,전체,,쉬폰 레이어드 슬리브리스,https://ohne.me/product/detail.html?product_no=7598,https://ohne.me/web/product/medium/20260408/763eca54549ec9aea66c3ac9ea41ec03.gif,"₩45,000",,,260626,,,,,
,false,,오네,,전체,,클리어 프릴 셔츠,https://ohne.me/product/detail.html?product_no=7597,https://ohne.me/web/product/medium/20260408/60e02c1e935da34a324048e2bb57f9cd.gif,"₩61,000",,,260626,,,,,
,false,,오네,,전체,,오브 새틴 스커트,https://ohne.me/product/detail.html?product_no=7596,https://ohne.me/web/product/medium/20260502/4addc00af65e57b62bd67071b12a3079.gif,"₩42,000",,,260626,,,,,
,false,,오네,,전체,,(당일발송) 세라 블라우스,https://ohne.me/product/detail.html?product_no=7595,https://ohne.me/web/product/medium/20260409/d27539a4e972713a1c2833f4c63c3043.gif,"₩47,000",,,260626,,,,,
,false,,오네,,전체,,로우 스트링 벌룬 스커트,https://ohne.me/product/detail.html?product_no=7594,https://ohne.me/web/product/medium/20260408/b6ed63c7b99f2d9f10edb3a275afb829.gif,"₩86,000",,,260626,,,,,
,false,,오네,,전체,,클래식 버튼 카프리 팬츠,https://ohne.me/product/detail.html?product_no=7593,https://ohne.me/web/product/medium/20260408/d55b45fbb875c55875432208f22627e5.gif,"₩98,000",,,260626,,,,,
,false,,오네,,전체,,크로셰 카라 가디건,https://ohne.me/product/detail.html?product_no=7592,https://ohne.me/web/product/medium/20260408/4409c511173a7b0c0eff695dc6eebf6b.gif,"₩43,000",,,260626,,,,,
,false,,오네,,전체,,엘리 블라우스,https://ohne.me/product/detail.html?product_no=7591,https://ohne.me/web/product/medium/20260408/d52d61cc944e786602ba3f3917b6eab7.gif,"₩45,000",,,260626,,,,,
,false,,오네,,전체,,로딘 하프 팬츠,https://ohne.me/product/detail.html?product_no=7590,https://ohne.me/web/product/medium/20260408/45162770dc0d3f2065798b31c4200d0a.gif,"₩49,000",,,260626,,,,,
,false,,오네,,전체,,아엘 스커트,https://ohne.me/product/detail.html?product_no=7589,https://ohne.me/web/product/medium/20260408/c2d5e7968fe8bae20d96823f2b00cdca.gif,"₩71,000",,,260626,,,,,
,false,,오네,,전체,,넛 플레어드 팬츠,https://ohne.me/product/detail.html?product_no=7587,https://ohne.me/web/product/medium/20260408/306a9a1904c4bc90a7188d7bb993549f.gif,"₩98,000",,,260626,,,,,
,false,,오네,,전체,,퓨어 블라우스,https://ohne.me/product/detail.html?product_no=7586,https://ohne.me/web/product/medium/20260408/1c45e358b40d391ab27b3e3681a40973.gif,"₩46,000",,,260626,,,,,
,false,,오네,,전체,,레오 워싱 와이드 데님,https://ohne.me/product/detail.html?product_no=7585,https://ohne.me/web/product/medium/20260408/878fdef23179bab2ac37b3bbdcbbddab.gif,"₩75,000",,,260626,,,,,
,false,,오네,,전체,,롤리 카고 팬츠,https://ohne.me/product/detail.html?product_no=7584,https://ohne.me/web/product/medium/20260407/38437806f3ce54b0d03744e983f68a3c.gif,"₩79,000",,,260626,,,,,
,false,,오네,,전체,,베로나 블라우스,https://ohne.me/product/detail.html?product_no=7583,https://ohne.me/web/product/medium/20260407/7bd51556d7e7f3378edd7be60a41eb26.gif,"₩121,000",,,260626,,,,,
,false,,오네,,전체,,커브드 스트랩 티,https://ohne.me/product/detail.html?product_no=7582,https://ohne.me/web/product/medium/20260407/2b8772ec0a8b558a1291bcef6ab11d3f.gif,"₩73,000",,,260626,,,,,
,false,,오네,,전체,,쉬어 프릴 블라우스,https://ohne.me/product/detail.html?product_no=7581,https://ohne.me/web/product/medium/20260407/0e169621193b4e8214616dbf704ebbd9.gif,"₩56,000",,,260626,,,,,
,false,,오네,,전체,,브루노 빈티지 슈즈,https://ohne.me/product/detail.html?product_no=7579,https://ohne.me/web/product/medium/20260402/0c7e60d5a752582e4c471f44f3f5ff5e.png,"₩67,000",,,260626,,,,,
,false,,오네,,전체,,베이스 탱크 탑,https://ohne.me/product/detail.html?product_no=7578,https://ohne.me/web/product/medium/20260402/58b9b66f4a39d028420f30d43093cd16.gif,"₩28,000",,,260626,,,,,
,false,,오네,,전체,,에버 스트링 가디건,https://ohne.me/product/detail.html?product_no=7577,https://ohne.me/web/product/medium/20260402/e7ecf3d4d5f8c7895a85c09d857da3ec.gif,"₩76,000",,,260626,,,,,
,false,,오네,,전체,,르에 드레이프 티,https://ohne.me/product/detail.html?product_no=7576,https://ohne.me/web/product/medium/20260402/8dcafbb657aeec9e76b43fa84f340a1f.gif,"₩45,000",,,260626,,,,,
,false,,오네,,전체,,리프 미디 스커트,https://ohne.me/product/detail.html?product_no=7575,https://ohne.me/web/product/medium/20260402/8f1bf99599fe2ec440129170650aaf5e.gif,"₩36,000",,,260626,,,,,
,false,,오네,,전체,,모리 카고 팬츠,https://ohne.me/product/detail.html?product_no=7574,https://ohne.me/web/product/medium/20260402/b09d99102785d7f7f882a4ccab7e0050.gif,"₩69,000",,,260626,,,,,
,false,,오네,,전체,,시에르 슬립 블라우스,https://ohne.me/product/detail.html?product_no=7573,https://ohne.me/web/product/medium/20260401/0a3b3e0b4670a9bd1ac1bd0176ba52a5.gif,"₩76,000",,,260626,,,,,
,false,,오네,,전체,,엘르 레이스 스커트 팬츠,https://ohne.me/product/detail.html?product_no=7572,https://ohne.me/web/product/medium/20260401/c76d878b2e19c1d243a00ffd14912c71.gif,"₩99,000",,,260626,,,,,
,false,,오네,,전체,,소프트 스트라이프 블루종,https://ohne.me/product/detail.html?product_no=7571,https://ohne.me/web/product/medium/20260401/793efcd85cf8b5c937e828952e80b972.gif,"₩111,300",,,260626,,,,,
,false,,오네,,전체,,플로랄 오프 티,https://ohne.me/product/detail.html?product_no=7570,https://ohne.me/web/product/medium/20260401/5d9533026b44c096915bd3d059df809b.gif,"₩59,000",,,260626,,,,,
,false,,오네,,전체,,하트 포켓 하프 팬츠,https://ohne.me/product/detail.html?product_no=7569,https://ohne.me/web/product/medium/20260401/e47f959ce653b880021732d9b4aff345.gif,"₩105,000",,,260626,,,,,
,false,,오네,,전체,,(당일발송) 무드 홀터 버튼 슬리브리스,https://ohne.me/product/detail.html?product_no=7568,https://ohne.me/web/product/medium/20260401/57cb73ed102978b348c168b12146ab4c.gif,"₩38,000",,,260626,,,,,
,false,,오네,,전체,,메르 루즈 니트,https://ohne.me/product/detail.html?product_no=7567,https://ohne.me/web/product/medium/20260401/b234b6641e87845c6077598162baa375.gif,"₩59,000",,,260626,,,,,
,false,,오네,,전체,,워시드 빈티지 카고 숏츠,https://ohne.me/product/detail.html?product_no=7566,https://ohne.me/web/product/medium/20260401/999e6bd77b43058ceeec10f450205b3e.gif,"₩79,000",,,260626,,,,,
,false,,오네,,전체,,로즈 슬림 티,https://ohne.me/product/detail.html?product_no=7565,https://ohne.me/web/product/medium/20260401/319be3a01b3f8b0612dfc5cfa569c7c2.gif,"₩39,000",,,260626,,,,,
,false,,오네,,전체,,로렌 블라우스,https://ohne.me/product/detail.html?product_no=7564,https://ohne.me/web/product/medium/20260401/17f246f65ff18912f49f7555090289d8.gif,"₩69,000",,,260626,,,,,
,false,,오네,,전체,,포레스트 드롭 롱 스커트,https://ohne.me/product/detail.html?product_no=7563,https://ohne.me/web/product/medium/20260401/ac01f3bcd106be81076f859cedd91bc5.gif,"₩65,000",,,260626,,,,,
,false,,오네,,전체,,(단독) 블라썸 드레스,https://ohne.me/product/detail.html?product_no=7561,https://ohne.me/web/product/medium/20260402/4f0a12312ef98681ad1cc127f4afd83c.gif,"₩112,000",,,260626,,,,,
,false,,오네,,전체,,페이드 블루 버뮤다 팬츠,https://ohne.me/product/detail.html?product_no=7560,https://ohne.me/web/product/medium/20260401/e78fc2e0fcd5c558488148fb90550a0e.gif,"₩39,000",,,260626,,,,,
,false,,오네,,전체,,플럼 레이스 카프리 팬츠,https://ohne.me/product/detail.html?product_no=7559,https://ohne.me/web/product/medium/20260401/81cf3522da38497be758d5b7953c6fc9.gif,"₩93,000",,,260626,,,,,
,false,,오네,,전체,,로우 네트 니트,https://ohne.me/product/detail.html?product_no=7558,https://ohne.me/web/product/medium/20260331/84a0c53b7612f4218a42c5ede672ccde.gif,"₩54,000",,,260626,,,,,
,false,,오네,,전체,,레이스 슬립 드레스,https://ohne.me/product/detail.html?product_no=7556,https://ohne.me/web/product/medium/20260331/ad072d7f07125c5c950b5f14bffbb4e6.gif,"₩47,000",,,260626,,,,,
,false,,오네,,전체,,썸머 라인 와이드 데님,https://ohne.me/product/detail.html?product_no=7555,https://ohne.me/web/product/medium/20260331/76f158344a2d06eca510bfca35f1e0fd.gif,"₩41,000",,,260626,,,,,
,false,,오네,,전체,,스카이 데님 팬츠,https://ohne.me/product/detail.html?product_no=7554,https://ohne.me/web/product/medium/20260331/3364f2fb9ba9fb2eb5cb93d416926462.gif,"₩61,000",,,260626,,,,,
,false,,오네,,전체,,스카이 데님 셔츠,https://ohne.me/product/detail.html?product_no=7553,https://ohne.me/web/product/medium/20260331/b499868792ca5c2cb64d1455f09b2fcd.gif,"₩72,000",,,260626,,,,,
,false,,오네,,전체,,플라워 가든 드레스,https://ohne.me/product/detail.html?product_no=7552,https://ohne.me/web/product/medium/20260402/788f9e5315837ff7ee3a3273bd46e047.gif,"₩78,000",,,260626,,,,,
,false,,오네,,전체,,페일 스트라이프 슬리브리스,https://ohne.me/product/detail.html?product_no=7551,https://ohne.me/web/product/medium/20260331/06ad41356e3efe2b095a4bbe6f2692e5.gif,"₩39,000",,,260626,,,,,
,false,,오네,,전체,,텐저린 부츠컷 팬츠,https://ohne.me/product/detail.html?product_no=7550,https://ohne.me/web/product/medium/20260331/53fc79b5cbcda54d67f846ba037aad88.gif,"₩91,000",,,260626,,,,,
,false,,오네,,전체,,[단독] 실키 셔링 원피스,https://ohne.me/product/detail.html?product_no=7549,https://ohne.me/web/product/medium/20260514/89d00f414b5a00955ae5d09b124e8a03.gif,"₩88,000",,,260626,,,,,
,false,,오네,,전체,,슬로우 레그워머,https://ohne.me/product/detail.html?product_no=7548,https://ohne.me/web/product/medium/20260326/a6efd9f7550ab100fde96fe3d276222c.gif,"₩24,000",,,260626,,,,,
,false,,오네,,전체,,젬스톤 네크리스,https://ohne.me/product/detail.html?product_no=7547,https://ohne.me/web/product/medium/20260326/d9f1fcabd42a32ed4e742ee6369cd7dc.png,"₩31,000",,,260626,,,,,
,false,,오네,,전체,,데이 링클 삭스,https://ohne.me/product/detail.html?product_no=7546,https://ohne.me/web/product/medium/20260326/6e7d736f876799bfd5076f76025142af.png,"₩7,000",,,260626,,,,,
,false,,오네,,전체,,비즈 카우 레더 벨트,https://ohne.me/product/detail.html?product_no=7545,https://ohne.me/web/product/medium/20260326/cfe1eba78dee7d0a4aa10513f7b38bb6.png,"₩31,000",,,260626,,,,,
,false,,오네,,전체,,모어 스카프,https://ohne.me/product/detail.html?product_no=7544,https://ohne.me/web/product/medium/20260326/49b5f3027c8f6646a4c56349a1b9a7e7.gif,"₩27,000",,,260626,,,,,
,false,,오네,,전체,,레이스 링 레그워머,https://ohne.me/product/detail.html?product_no=7543,https://ohne.me/web/product/medium/20260326/5e650c24e5de6a29ee8ac1d31ef6e4f8.gif,"₩19,000",,,260626,,,,,
,false,,오네,,전체,,레스 홀터 탑,https://ohne.me/product/detail.html?product_no=7541,https://ohne.me/web/product/medium/20260326/86783ec80c7bacd6649fb74e4a99815d.gif,"₩27,000",,,260626,,,,,
,false,,오네,,전체,,(당일발송) 린넨 버킷 햇,https://ohne.me/product/detail.html?product_no=7540,https://ohne.me/web/product/medium/20260326/def2ca5af5756d9782f498e4f54e5380.gif,"₩25,000",,,260626,,,,,
,false,,오네,,전체,,데이지 피그먼트 슬리브리스,https://ohne.me/product/detail.html?product_no=7539,https://ohne.me/web/product/medium/20260326/7ad4f7911cb57e18d07178723547e7b5.gif,"₩39,000",,,260626,,,,,
,false,,오네,,전체,,(당일발송) 앤틱 니트 가디건,https://ohne.me/product/detail.html?product_no=7538,https://ohne.me/web/product/medium/20260501/ed5dff556a73d3e613a94d67dbc3e05d.gif,"₩38,000",,,260626,,,,,
,false,,오네,,전체,,뮤트 플로럴 팬츠,https://ohne.me/product/detail.html?product_no=7537,https://ohne.me/web/product/medium/20260326/3b6b7799a6e2e4ad74d2cea58a7ed1ad.gif,"₩64,000",,,260626,,,,,
,false,,오네,,전체,,다이애그널 니트 집업,https://ohne.me/product/detail.html?product_no=7536,https://ohne.me/web/product/medium/20260325/2070be5beac46c9b3533b1f6a85a073e.gif,"₩51,000",,,260626,,,,,
,false,,오네,,전체,,크로셰 니트 롱 원피스,https://ohne.me/product/detail.html?product_no=7535,https://ohne.me/web/product/medium/20260325/b8ea045e13151d9a344a1f0a38256dba.gif,"₩74,000",,,260626,,,,,
,false,,오네,,전체,,캄 내츄럴 와이드 데님,https://ohne.me/product/detail.html?product_no=7534,https://ohne.me/web/product/medium/20260325/24464dbb9514bee219bf0639a4dcd939.gif,"₩71,000",,,260626,,,,,
,false,,오네,,전체,,페미닌 슬립 블라우스,https://ohne.me/product/detail.html?product_no=7533,https://ohne.me/web/product/medium/20260325/720909036f81ea012717cc88bd4f9104.gif,"₩59,000",,,260626,,,,,
,false,,오네,,전체,,위스퍼 레이스 셔츠,https://ohne.me/product/detail.html?product_no=7532,https://ohne.me/web/product/medium/20260325/aa11bcb075470874605f022a895f9f3f.gif,"₩81,000",,,260626,,,,,
,false,,오네,,전체,,(ivory 당일발송) 베일 슬림 니트,https://ohne.me/product/detail.html?product_no=7531,https://ohne.me/web/product/medium/20260325/e9c497ff6cf55916b5b212c83a45f6f2.gif,"₩41,000",,,260626,,,,,
,false,,오네,,전체,,린넨 페이즐리 스카프,https://ohne.me/product/detail.html?product_no=7530,https://ohne.me/web/product/medium/20260325/0f277af7d1ff445250819e94de7f4f13.png,"₩28,000",,,260626,,,,,
,false,,오네,,전체,,로즈 텍스쳐 롱 스커트,https://ohne.me/product/detail.html?product_no=7529,https://ohne.me/web/product/medium/20260325/95ecd2b95b22706aea104c1d4fbcf609.gif,"₩65,000",,,260626,,,,,
,false,,오네,,전체,,빈티지 워싱 데님 팬츠,https://ohne.me/product/detail.html?product_no=7528,https://ohne.me/web/product/medium/20260325/6c146d63edc71a726d17af55e674e480.gif,"₩41,000",,,260626,,,,,
,false,,오네,,전체,,소피 프릴 블라우스,https://ohne.me/product/detail.html?product_no=7527,https://ohne.me/web/product/medium/20260325/763addfd160b9cda15b4ac6d04c671fd.gif,"₩39,000",,,260626,,,,,
,false,,오네,,전체,,모어 브이넥 니트,https://ohne.me/product/detail.html?product_no=7526,https://ohne.me/web/product/medium/20260325/b042c09a4ecac603779b3e0b7592bb8c.gif,"₩55,000",,,260626,,,,,
,false,,오네,,전체,,딥블루 맥시 데님 스커트,https://ohne.me/product/detail.html?product_no=7525,https://ohne.me/web/product/medium/20260325/d0de4bdca09fd37f474d20f670437dcf.gif,"₩48,000",,,260626,,,,,
,false,,오네,,전체,,엘라 블라우스,https://ohne.me/product/detail.html?product_no=7524,https://ohne.me/web/product/medium/20260325/7523f359c904096eb3c741a6ecc5c331.gif,"₩45,000",,,260626,,,,,
,false,,오네,,전체,,라이트 버뮤다 데님 팬츠,https://ohne.me/product/detail.html?product_no=7523,https://ohne.me/web/product/medium/20260325/d3b344d4baf4d9958d68ef13a62c5529.gif,"₩58,000",,,260626,,,,,
,false,,오네,,전체,,마미 레더 벨트,https://ohne.me/product/detail.html?product_no=7522,https://ohne.me/web/product/medium/20260325/fe088f093246c04ad3a5734778cc69dd.png,"₩22,000",,,260626,,,,,
,false,,오네,,전체,,마틴 레더 자켓,https://ohne.me/product/detail.html?product_no=7521,https://ohne.me/web/product/medium/20260325/be59e72b1f3748e73f9437344cc1e8b5.gif,"₩128,000",,,260626,,,,,
,false,,오네,,전체,,이센스 데님 팬츠,https://ohne.me/product/detail.html?product_no=7520,https://ohne.me/web/product/medium/20260325/1a40b5cc2d35b4c446f2742dcbb10b1b.gif,"₩73,000",,,260626,,,,,
,false,,오네,,전체,,이센스 데님 블라우스,https://ohne.me/product/detail.html?product_no=7519,https://ohne.me/web/product/medium/20260325/169d68ee800375cf16f27f1264c5cd92.gif,"₩69,000",,,260626,,,,,
,false,,오네,,전체,,밀키 미디 스커트,https://ohne.me/product/detail.html?product_no=7518,https://ohne.me/web/product/medium/20260325/d7af4d84d581e660d8e5139d937d3c67.gif,"₩65,000",,,260626,,,,,
,false,,오네,,전체,,벨티드 버뮤다 팬츠,https://ohne.me/product/detail.html?product_no=7517,https://ohne.me/web/product/medium/20260325/fc932117e3a05bb703c924fa232566d9.gif,"₩71,000",,,260626,,,,,
,false,,오네,,전체,,앤틱 블라우스,https://ohne.me/product/detail.html?product_no=7516,https://ohne.me/web/product/medium/20260325/3fbb27338d5214a63fadad512493f10a.gif,"₩71,000",,,260626,,,,,
,false,,오네,,전체,,헤이즈 랩 스커트,https://ohne.me/product/detail.html?product_no=7515,https://ohne.me/web/product/medium/20260325/053de32c8dc5e3951dd96f2a11bc2c5e.gif,"₩57,000",,,260626,,,,,
,false,,오네,,전체,,(당일발송) 듀얼 카고 숏 팬츠,https://ohne.me/product/detail.html?product_no=7513,https://ohne.me/web/product/medium/20260406/e3b740576208be8a1bf7b3e014b8a641.gif,"₩51,500",,,260626,,,,,
,false,,오네,,전체,,보이드 볼레로 가디건,https://ohne.me/product/detail.html?product_no=7512,https://ohne.me/web/product/medium/20260325/43af43cb09a6b9df06a1f7d4301652cb.gif,"₩38,000",,,260626,,,,,
,false,,오네,,전체,,노아 하프 니트,https://ohne.me/product/detail.html?product_no=7511,https://ohne.me/web/product/medium/20260324/e3dc04a727e0726bce94cef8d1f21b8e.gif,"₩57,000",,,260626,,,,,
,false,,오네,,전체,,베이지 다잉 워크 자켓,https://ohne.me/product/detail.html?product_no=7510,https://ohne.me/web/product/medium/20260324/67136b12a5310f6de4db201260acb887.gif,"₩139,000",,,260626,,,,,
,false,,오네,,전체,,루프 프릴 가디건,https://ohne.me/product/detail.html?product_no=7509,https://ohne.me/web/product/medium/20260331/0e9e72985bc3e96d135dfd73a7da6da0.gif,"₩47,000",,,260626,,,,,
,false,,오네,,전체,,코드 카고 팬츠,https://ohne.me/product/detail.html?product_no=7508,https://ohne.me/web/product/medium/20260324/61fecf69b8281bb59c5358118e087a3d.gif,"₩65,000",,,260626,,,,,
,false,,오네,,전체,,줄리 홀터 블라우스,https://ohne.me/product/detail.html?product_no=7506,https://ohne.me/web/product/medium/20260324/48e6df43803dc6cc177537547926ec26.gif,"₩49,000",,,260626,,,,,
,false,,오네,,전체,,스칼렛 슬립 블라우스,https://ohne.me/product/detail.html?product_no=7505,https://ohne.me/web/product/medium/20260320/a048f257d30ee9f5bf20c7bd14dcd984.gif,"₩96,000",,,260626,,,,,
,false,,오네,,전체,,크런키 링클 점퍼,https://ohne.me/product/detail.html?product_no=7504,https://ohne.me/web/product/medium/20260320/91d137b3662ac77120d3960186245898.gif,"₩98,000",,,260626,,,,,
,false,,오네,,전체,,웨스턴 벨트 백,https://ohne.me/product/detail.html?product_no=7503,https://ohne.me/web/product/medium/20260320/c6f1668b5ed9fad9eafa0ce09506acd4.png,"₩41,000",,,260626,,,,,
,false,,오네,,전체,,도트 스카프,https://ohne.me/product/detail.html?product_no=7502,https://ohne.me/web/product/medium/20260320/0693b7ff1dd6b68fca5334e0770fc41f.png,"₩25,000",,,260626,,,,,
,false,,오네,,전체,,샌디 블라우스,https://ohne.me/product/detail.html?product_no=7500,https://ohne.me/web/product/medium/20260326/5af4bf54421e728870e4aa582e8abaa4.gif,"₩55,000",,,260626,,,,,
,false,,오네,,전체,,뉴트럴 코튼 자켓,https://ohne.me/product/detail.html?product_no=7499,https://ohne.me/web/product/medium/20260319/0620688341e14f84b24db0ea716ab58c.gif,"₩138,000",,,260626,,,,,
,false,,오네,,전체,,드로잉 스커트,https://ohne.me/product/detail.html?product_no=7498,https://ohne.me/web/product/medium/20260319/c5e9075ec332504a058895850250e0f3.gif,"₩53,000",,,260626,,,,,
,false,,오네,,전체,,버튼 슬리브리스,https://ohne.me/product/detail.html?product_no=7497,https://ohne.me/web/product/medium/20260319/5c9cad74cdd099d42ceb81f13883f71a.gif,"₩31,000",,,260626,,,,,
,false,,오네,,전체,,플로랄 백,https://ohne.me/product/detail.html?product_no=7496,https://ohne.me/web/product/medium/20260319/cb9ffd62ab99036e4bb090fbc33f9051.gif,"₩35,000",,,260626,,,,,
,false,,오네,,전체,,(green 당일발송) 쿨 스트라이프 티,https://ohne.me/product/detail.html?product_no=7495,https://ohne.me/web/product/medium/20260319/c77459ac0d7b9f4cb1934279a67406c6.gif,"₩45,000",,,260626,,,,,
,false,,오네,,전체,,실루엣 슬림 티,https://ohne.me/product/detail.html?product_no=7494,https://ohne.me/web/product/medium/20260319/a0670379c2f0b033ee2d1b8e15c101f1.gif,"₩28,000",,,260626,,,,,
,false,,오네,,전체,,가드닝 미디 스커트,https://ohne.me/product/detail.html?product_no=7493,https://ohne.me/web/product/medium/20260319/6b0f36aeaf23276e3c01bd44209fcf0f.gif,"₩48,000",,,260626,,,,,
,false,,오네,,전체,,시어 러플 드레스,https://ohne.me/product/detail.html?product_no=7492,https://ohne.me/web/product/medium/20260424/75d7de65f917ec71e750e90ce626109c.gif,"₩59,000",,,260626,,,,,
,false,,오네,,전체,,(당일발송) 로트 스트라이프 셔츠,https://ohne.me/product/detail.html?product_no=7491,https://ohne.me/web/product/medium/20260318/93310b5328f0ff088ed52445f8b680d0.gif,"₩58,500",,,260626,,,,,
,false,,오네,,전체,,클린 카프리 팬츠,https://ohne.me/product/detail.html?product_no=7490,https://ohne.me/web/product/medium/20260318/57ce44f19745fc1c07310f0343eb2a80.gif,"₩65,000",,,260626,,,,,
,false,,오네,,전체,,데이 네이비 셔츠,https://ohne.me/product/detail.html?product_no=7489,https://ohne.me/web/product/medium/20260318/249cc487abc323530a7afca390aafefe.gif,"₩57,000",,,260626,,,,,
,false,,오네,,전체,,와플 슬리브리스,https://ohne.me/product/detail.html?product_no=7488,https://ohne.me/web/product/medium/20260318/23b0eaab801b626f34100dc1e38908b7.gif,"₩29,000",,,260626,,,,,
,false,,오네,,전체,,브렐린 맥시 스커트,https://ohne.me/product/detail.html?product_no=7487,https://ohne.me/web/product/medium/20260318/1abdac1f2c353380674ae95f77ceb27c.gif,"₩51,000",,,260626,,,,,
,false,,오네,,전체,,스트링 골지 가디건,https://ohne.me/product/detail.html?product_no=7486,https://ohne.me/web/product/medium/20260318/3e4cc72cc2d5544740a0bb480459c268.gif,"₩39,000",,,260626,,,,,
,false,,오네,,전체,,아이린 롱 드레스,https://ohne.me/product/detail.html?product_no=7485,https://ohne.me/web/product/medium/20260318/1d1b76adc6ca89a574bad5f74b0304e5.gif,"₩79,000",,,260626,,,,,
,false,,오네,,전체,,웨스턴 키링,https://ohne.me/product/detail.html?product_no=7484,https://ohne.me/web/product/medium/20260318/6223d08fed81b81dee33b6763fb67dab.gif,"₩38,000",,,260626,,,,,
,false,,오네,,전체,,레이스 슬리브리스,https://ohne.me/product/detail.html?product_no=7483,https://ohne.me/web/product/medium/20260318/bc9763760b670730645a2d981e7f5c2e.gif,"₩26,000",,,260626,,,,,
,false,,오네,,전체,,(당일발송) 빈티지 카고 스커트,https://ohne.me/product/detail.html?product_no=7482,https://ohne.me/web/product/medium/20260319/9175dff17c62d32a7572ae0690f82397.gif,"₩56,500",,,260626,,,,,
,false,,오네,,전체,,딥 워싱 와이드 데님,https://ohne.me/product/detail.html?product_no=7481,https://ohne.me/web/product/medium/20260318/608b3fa02292c6bb62e13be867ffcd6f.gif,"₩69,000",,,260626,,,,,
,false,,오네,,전체,,몬트 네팅 니트,https://ohne.me/product/detail.html?product_no=7480,https://ohne.me/web/product/medium/20260318/3f935143da7d015072a08bc4fbaed748.gif,"₩111,000",,,260626,,,,,
,false,,오네,,전체,,"(OHNE 단독, 당일발송) 웬디 드레스",https://ohne.me/product/detail.html?product_no=7479,https://ohne.me/web/product/medium/20260518/8b1da63d13c38f779baf43ed729d5491.gif,"₩49,000",,,260626,,,,,
,false,,오네,,전체,,컬러 라벨 티,https://ohne.me/product/detail.html?product_no=7478,https://ohne.me/web/product/medium/20260317/b20a56dcc795137c71c3997163c2486f.gif,"₩45,000",,,260626,,,,,
,false,,오네,,전체,,바움 캉캉 스커트,https://ohne.me/product/detail.html?product_no=7477,https://ohne.me/web/product/medium/20260317/8003c5e3a3359b6c739b27b41d547219.gif,"₩59,000",,,260626,,,,,
,false,,오네,,전체,,어썸 러플 블라우스,https://ohne.me/product/detail.html?product_no=7476,https://ohne.me/web/product/medium/20260317/7fe5eee972592e5614aef3bb030759e4.gif,"₩45,000",,,260626,,,,,
,false,,오네,,전체,,스트랩 벌룬 숏츠,https://ohne.me/product/detail.html?product_no=7475,https://ohne.me/web/product/medium/20260317/b2e7833ae1ff13c31ef9aa3de2d06485.gif,"₩47,000",,,260626,,,,,
,false,,오네,,전체,,(당일발송) 레터 블라우스,https://ohne.me/product/detail.html?product_no=7474,https://ohne.me/web/product/medium/20260317/583b7104f57211451340e8e057f3a50b.gif,"₩54,000",,,260626,,,,,
,false,,오네,,전체,,빌드 카고 팬츠,https://ohne.me/product/detail.html?product_no=7473,https://ohne.me/web/product/medium/20260317/b6f7e27dfa7f1fff7e32191a9d725313.gif,"₩75,000",,,260626,,,,,
,false,,오네,,전체,,(당일 발송) 카멜리아 블라우스,https://ohne.me/product/detail.html?product_no=7472,https://ohne.me/web/product/medium/20260329/3ac1d44c8f6bc8d07e669738fb7b35e0.gif,"₩68,000",,,260626,,,,,
,false,,오네,,전체,,시그널 레더 점퍼,https://ohne.me/product/detail.html?product_no=7471,https://ohne.me/web/product/medium/20260317/215f7d30232a10102d9c0dd3dbc38ae0.gif,"₩115,000",,,260626,,,,,
,false,,오네,,전체,,로제 슬립 드레스,https://ohne.me/product/detail.html?product_no=7470,https://ohne.me/web/product/medium/20260317/068099f26fd2e2154624d0d72a47aa31.gif,"₩79,000",,,260626,,,,,
,false,,오네,,전체,,아르 드레스,https://ohne.me/product/detail.html?product_no=7469,https://ohne.me/web/product/medium/20260317/fa63ba071c33c73ac57135006d027169.gif,"₩121,000",,,260626,,,,,
,false,,오네,,전체,,빌라 더블 자켓,https://ohne.me/product/detail.html?product_no=7468,https://ohne.me/web/product/medium/20260317/219f2beb1b23866941842caac04b3756.gif,"₩198,000",,,260626,,,,,
,false,,오네,,전체,,샌드 워싱 자켓,https://ohne.me/product/detail.html?product_no=7467,https://ohne.me/web/product/medium/20260318/3c88fd34a4e8d6028d5b7c20c1e700f4.gif,"₩121,000",,,260626,,,,,
,false,,오네,,전체,,메르시 슬립 드레스,https://ohne.me/product/detail.html?product_no=7465,https://ohne.me/web/product/medium/20260313/b4c13ac1489d10b25fd665edbe4cbc03.gif,"₩98,000",,,260626,,,,,
,false,,오네,,전체,,러브 네크리스,https://ohne.me/product/detail.html?product_no=7464,https://ohne.me/web/product/medium/20260313/c8feeee09011f45de4faaae6d55727fd.gif,"₩24,000",,,260626,,,,,
,false,,오네,,전체,,(yellow 당일발송) 베이직 골지 슬리브리스,https://ohne.me/product/detail.html?product_no=7463,https://ohne.me/web/product/medium/20260313/0234ef8695871a08f1e089c547a4dd52.gif,"₩19,000",,,260626,,,,,
,false,,오네,,전체,,루즈 스트링 셔츠,https://ohne.me/product/detail.html?product_no=7462,https://ohne.me/web/product/medium/20260313/1f4309bf04dca281996d239a608d2d90.gif,"₩51,000",,,260626,,,,,
,false,,오네,,전체,,포포 버튼 티,https://ohne.me/product/detail.html?product_no=7461,https://ohne.me/web/product/medium/20260313/86728485f1c0f3fb96364b6b3b2c911c.gif,"₩33,000",,,260626,,,,,
,false,,오네,,전체,,글로시 링클 스커트,https://ohne.me/product/detail.html?product_no=7460,https://ohne.me/web/product/medium/20260313/cc20cb278da5dba9427fe6301433d0ed.gif,"₩76,000",,,260626,,,,,
,false,,오네,,전체,,그레이프 타이 스커트,https://ohne.me/product/detail.html?product_no=7459,https://ohne.me/web/product/medium/20260313/219e6a650614859eac4ae6ebeb06b48e.gif,"₩41,000",,,260626,,,,,
,false,,오네,,전체,,바인 레이스 탑,https://ohne.me/product/detail.html?product_no=7458,https://ohne.me/web/product/medium/20260313/9d533ca656e91f43f72d4f7640d233ce.gif,"₩21,000",,,260626,,,,,
,false,,오네,,전체,,체리 슬리브리스,https://ohne.me/product/detail.html?product_no=7457,https://ohne.me/web/product/medium/20260313/1be2db67bf8dfa817847af8901763aaa.gif,"₩33,000",,,260626,,,,,
,false,,오네,,전체,,메이 헌팅 캡,https://ohne.me/product/detail.html?product_no=7456,https://ohne.me/web/product/medium/20260313/355999eae33c3f23e3b5ddc8e58a662d.gif,"₩22,000",,,260626,,,,,
,false,,오네,,전체,,볼드 링,https://ohne.me/product/detail.html?product_no=7455,https://ohne.me/web/product/medium/20260313/94abba47bd00e960186574a6d847c54a.png,"₩29,000",,,260626,,,,,
,false,,오네,,전체,,도트 스크런치,https://ohne.me/product/detail.html?product_no=7454,https://ohne.me/web/product/medium/20260313/a3458478a1050fb0d30f95838d634f65.gif,"₩14,000",,,260626,,,,,
,false,,오네,,전체,,카키 카고 팬츠,https://ohne.me/product/detail.html?product_no=7453,https://ohne.me/web/product/medium/20260313/08a66173e7d98e8397aae2e9c7aa6aa8.gif,"₩44,000",,,260626,,,,,
,false,,오네,,전체,,스냅 카고 팬츠,https://ohne.me/product/detail.html?product_no=7452,https://ohne.me/web/product/medium/20260313/f8c9be06792bcf373222a87bd96d1442.gif,"₩61,000",,,260626,,,,,
,false,,오네,,전체,,캄 스트라이프 셔츠,https://ohne.me/product/detail.html?product_no=7450,https://ohne.me/web/product/medium/20260312/dc95074d50a601efff7b81fb0f64efe8.gif,"₩45,000",,,260626,,,,,
,false,,오네,,전체,,로프 체크 스커트,https://ohne.me/product/detail.html?product_no=7449,https://ohne.me/web/product/medium/20260312/394fbcb06489b94889ab0aea18775771.gif,"₩89,000",,,260626,,,,,
,false,,오네,,전체,,테슬 자가드 스카프,https://ohne.me/product/detail.html?product_no=7448,https://ohne.me/web/product/medium/20260312/928f431ea557a8621137e1c5926a42bc.gif,"₩59,000",,,260626,,,,,
,false,,오네,,전체,,(S 당일발송) 브라우니 플리츠 스커트,https://ohne.me/product/detail.html?product_no=7447,https://ohne.me/web/product/medium/20260312/eb962c31143a16b97c91ef26cf774da7.gif,"₩67,000",,,260626,,,,,
,false,,오네,,전체,,린 블라우스,https://ohne.me/product/detail.html?product_no=7446,https://ohne.me/web/product/medium/20260312/85cace0f99c3ef244a62c6725108bd05.gif,"₩77,000",,,260626,,,,,
,false,,오네,,전체,,누아 트렌치코트,https://ohne.me/product/detail.html?product_no=7445,https://ohne.me/web/product/medium/20260403/4431381f2455da26212cde9a13b1d27d.gif,"₩181,000",,,260626,,,,,
,false,,오네,,전체,,데이지 슬리브리스,https://ohne.me/product/detail.html?product_no=7443,https://ohne.me/web/product/medium/20260312/057b517f5a589d5ce96f6ca683cd42e7.gif,"₩39,000",,,260626,,,,,
,false,,오네,,전체,,시스루 링클 티,https://ohne.me/product/detail.html?product_no=7442,https://ohne.me/web/product/medium/20260312/8d3702321c7060db34a8b0c573337636.gif,"₩38,000",,,260626,,,,,
,false,,오네,,전체,,볼륨 와이드 팬츠,https://ohne.me/product/detail.html?product_no=7441,https://ohne.me/web/product/medium/20260312/8109ed689d09fcbebff55d2db0a2b631.gif,"₩53,000",,,260626,,,,,
,false,,오네,,전체,,페이퍼 코튼 팬츠,https://ohne.me/product/detail.html?product_no=7440,https://ohne.me/web/product/medium/20260312/9e091efed36d050ffc1daf926f447086.gif,"₩57,000",,,260626,,,,,
,false,,오네,,전체,,메리 블라우스,https://ohne.me/product/detail.html?product_no=7439,https://ohne.me/web/product/medium/20260312/0337784d3c392b8a295863794b01ec0a.gif,"₩57,000",,,260626,,,,,
,false,,오네,,전체,,랩 와이드 스웻 팬츠,https://ohne.me/product/detail.html?product_no=7438,https://ohne.me/web/product/medium/20260312/52d4d8a2cd10c7b6d569c5f3df105861.gif,"₩64,000",,,260626,,,,,
,false,,오네,,전체,,빈티지 버클 롱 부츠,https://ohne.me/product/detail.html?product_no=7437,https://ohne.me/web/product/medium/20260312/f8c0224e800d876a88a47a9a96132a35.gif,"₩80,000",,,260626,,,,,
,false,,오네,,전체,,보헤미안 맥시 스커트,https://ohne.me/product/detail.html?product_no=7436,https://ohne.me/web/product/medium/20260311/1c46c466f287c4ab22cc6507f974cc5b.gif,"₩39,500",,,260626,,,,,
,false,,오네,,전체,,사이드 라인 와이드 팬츠,https://ohne.me/product/detail.html?product_no=7435,https://ohne.me/web/product/medium/20260311/fa49904eabf9368e9ddbb11b5dc04f62.gif,"₩77,000",,,260626,,,,,
,false,,오네,,전체,,(charcoal 당일발송) 샤이닝 체크 셔츠,https://ohne.me/product/detail.html?product_no=7434,https://ohne.me/web/product/medium/20260311/9493b0c1ba2bcd4b7ab041f5d7bb4053.gif,"₩52,000",,,260626,,,,,
,false,,오네,,전체,,빈티지 워싱 필드 자켓,https://ohne.me/product/detail.html?product_no=7433,https://ohne.me/web/product/medium/20260311/eec9fe33c48b4acc1b2aa555980058c6.gif,"₩99,000",,,260626,,,,,
,false,,오네,,전체,,무드 올리브 롱 스커트,https://ohne.me/product/detail.html?product_no=7432,https://ohne.me/web/product/medium/20260311/e51a93713136d959234b1db01fe2dfb5.gif,"₩65,000",,,260626,,,,,
,false,,오네,,전체,,릴리 레이어드 원피스,https://ohne.me/product/detail.html?product_no=7431,https://ohne.me/web/product/medium/20260311/abb761228c7a3602f1eabea38f30ad56.gif,"₩56,000",,,260626,,,,,
,false,,오네,,전체,,블룸 스트링 셔츠,https://ohne.me/product/detail.html?product_no=7430,https://ohne.me/web/product/medium/20260311/1a4d0916239a2907562ac82614fc25c3.gif,"₩48,000",,,260626,,,,,
,false,,오네,,전체,,클래식 하프 필드 자켓,https://ohne.me/product/detail.html?product_no=7429,https://ohne.me/web/product/medium/20260311/7be627fb8b37289e0ddcff66007900cb.gif,"₩179,000",,,260626,,,,,
,false,,오네,,전체,,라인 레이스 스커트,https://ohne.me/product/detail.html?product_no=7428,https://ohne.me/web/product/medium/20260310/810bf7a1d8ec10b2dfac07823e3bb1a4.gif,"₩58,000",,,260626,,,,,
,false,,오네,,전체,,글로시 스트랩 셔츠,https://ohne.me/product/detail.html?product_no=7427,https://ohne.me/web/product/medium/20260310/0cc79f96820f839673430b2ae040f5bb.gif,"₩51,000",,,260626,,,,,
,false,,오네,,전체,,그랜마 베스트,https://ohne.me/product/detail.html?product_no=7426,https://ohne.me/web/product/medium/20260310/c448bab5d70255b95010a178895ff754.gif,"₩97,000",,,260626,,,,,
,false,,오네,,전체,,슬래쉬 와이드 데님,https://ohne.me/product/detail.html?product_no=7424,https://ohne.me/web/product/medium/20260310/f118c123782ee70bf500d38bdb5d96c9.gif,"₩57,000",,,260626,,,,,
,false,,오네,,전체,,다잉 하프 팬츠,https://ohne.me/product/detail.html?product_no=7422,https://ohne.me/web/product/medium/20260310/fb2fb12bfbe09f44d4bbbe223b1b683a.gif,"₩67,000",,,260626,,,,,
,false,,오네,,전체,,메이드 링클 셔츠,https://ohne.me/product/detail.html?product_no=7421,https://ohne.me/web/product/medium/20260310/a1366d7fe1eb6d61915403f1798f2608.gif,"₩71,000",,,260626,,,,,
,false,,오네,,전체,,메일 테슬 블라우스,https://ohne.me/product/detail.html?product_no=7420,https://ohne.me/web/product/medium/20260310/470fd282b90ce8f54649850efca156cd.gif,"₩56,000",,,260626,,,,,
,false,,오네,,전체,,"(단독, 당일발송) 오네 슬립 드레스",https://ohne.me/product/detail.html?product_no=7418,https://ohne.me/web/product/medium/20260403/69a9159a8ff7d70a88f6ec8e0066d010.gif,"₩68,000",,,260626,,,,,
,false,,오네,,전체,,컨트리 라운드 블라우스,https://ohne.me/product/detail.html?product_no=7416,https://ohne.me/web/product/medium/20260310/d444963e9f73f9c41030708cd0380879.gif,"₩43,000",,,260626,,,,,
,false,,오네,,전체,,에그 나일론 백,https://ohne.me/product/detail.html?product_no=7414,https://ohne.me/web/product/medium/20260305/e484e80f5ef6bd84ae90c7442ebc1490.gif,"₩55,000",,,260626,,,,,
,false,,오네,,전체,,와이드 헤어밴드,https://ohne.me/product/detail.html?product_no=7413,https://ohne.me/web/product/medium/20260305/79ea418d7911a02d17d7fd257ec305f2.gif,"₩19,000",,,260626,,,,,
,false,,오네,,전체,,젤리 슬리브리스,https://ohne.me/product/detail.html?product_no=7412,https://ohne.me/web/product/medium/20260305/37679ed4b060deeebe672e7f46f4e489.gif,"₩28,000",,,260626,,,,,
,false,,오네,,전체,,소프트 유넥 반팔티,https://ohne.me/product/detail.html?product_no=7411,https://ohne.me/web/product/medium/20260305/d6b4a210a27469a4e72175b2c32e77e8.gif,"₩31,000",,,260626,,,,,
,false,,오네,,전체,,보헤미안 비즈 부츠,https://ohne.me/product/detail.html?product_no=7410,https://ohne.me/web/product/medium/20260305/82b1cc34d521e1a8c56cb4b4cc9171a7.png,"₩71,000",,,260626,,,,,
,false,,오네,,전체,,내츄럴 코튼 블루종,https://ohne.me/product/detail.html?product_no=7409,https://ohne.me/web/product/medium/20260305/e63c255bd27d50f904a6be0e41093e90.gif,"₩119,000",,,260626,,,,,
,false,,오네,,전체,,올리비아 캉캉 미디 스커트,https://ohne.me/product/detail.html?product_no=7408,https://ohne.me/web/product/medium/20260305/688e67d56d6b0a5b42166a01a586774b.gif,"₩58,000",,,260626,,,,,
,false,,오네,,전체,,(당일발송) 브리즈 프릴 원피스,https://ohne.me/product/detail.html?product_no=7407,https://ohne.me/web/product/medium/20260305/0585602e38a3bc6ae41f924df36a5ecd.gif,"₩45,000",,,260626,,,,,
,false,,오네,,전체,,스터드 슬링백 힐,https://ohne.me/product/detail.html?product_no=7406,https://ohne.me/web/product/medium/20260305/eca73b13601ba69ca5e40c7b7d8e9651.gif,"₩59,000",,,260626,,,,,
,false,,오네,,전체,,빈티지 버튼 데님,https://ohne.me/product/detail.html?product_no=7405,https://ohne.me/web/product/medium/20260305/90c493125fce827c363f7d0ba3fbff96.gif,"₩71,000",,,260626,,,,,
,false,,오네,,전체,,(당일발송) 논카라 루즈 레더 자켓,https://ohne.me/product/detail.html?product_no=7404,https://ohne.me/web/product/medium/20260305/d7a7fe5cbf9f41a1ce33f0deef1081dd.gif,"₩144,000",,,260626,,,,,
,false,,오네,,전체,,벨 러플 가디건,https://ohne.me/product/detail.html?product_no=7403,https://ohne.me/web/product/medium/20260305/959cb3141b74e54b0c2e5b701f0c9754.gif,"₩64,000",,,260626,,,,,
,false,,오네,,전체,,링클 버킷 햇,https://ohne.me/product/detail.html?product_no=7402,https://ohne.me/web/product/medium/20260305/95a9858f72f8860ae328f94b7b74d221.gif,"₩26,000",,,260626,,,,,
,false,,오네,,전체,,(당일발송) 스프링 링클 스카프,https://ohne.me/product/detail.html?product_no=7401,https://ohne.me/web/product/medium/20260304/43b8d5fa0cdd718ebd673dacb4a49180.gif,"₩25,000",,,260626,,,,,
,false,,오네,,전체,,시그널 스웨이드 자켓,https://ohne.me/product/detail.html?product_no=7400,https://ohne.me/web/product/medium/20260304/953c71ca15de8e5c1ac92bab0a5dfbb1.gif,"₩119,000",,,260626,,,,,
,false,,오네,,전체,,로지 네팅 가디건,https://ohne.me/product/detail.html?product_no=7399,https://ohne.me/web/product/medium/20260304/74e33d830c63044c13ec8503ac5d4678.gif,"₩52,000",,,260626,,,,,
,false,,오네,,전체,,플라워 언발란스 스커트,https://ohne.me/product/detail.html?product_no=7398,https://ohne.me/web/product/medium/20260304/e046744c4b28eb1f1ceb349ffdab87c4.gif,"₩53,000",,,260626,,,,,
,false,,오네,,전체,,(white 당일발송) 버킨 드레스,https://ohne.me/product/detail.html?product_no=7397,https://ohne.me/web/product/medium/20260304/332c069337234a981da84275d45f850e.gif,"₩127,000",,,260626,,,,,
,false,,오네,,전체,,어스 슬리브리스,https://ohne.me/product/detail.html?product_no=7395,https://ohne.me/web/product/medium/20260310/73a4f94248c6c0a595c29dfffd526720.gif,"₩41,000",,,260626,,,,,
,false,,오네,,전체,,니즈 헨리넥 티,https://ohne.me/product/detail.html?product_no=7394,https://ohne.me/web/product/medium/20260304/d862f0c0763548f8fdb7c63b6b2f9d9c.gif,"₩43,000",,,260626,,,,,
,false,,오네,,전체,,피타 레더 자켓,https://ohne.me/product/detail.html?product_no=7393,https://ohne.me/web/product/medium/20260304/471edf542a731a99bd93b7206b17ccea.gif,"₩151,000",,,260626,,,,,
,false,,오네,,전체,,체크 프릴 롱 스커트,https://ohne.me/product/detail.html?product_no=7392,https://ohne.me/web/product/medium/20260304/89a0394f78a4d21bcfedd8f5c5fcfdeb.gif,"₩57,000",,,260626,,,,,
,false,,오네,,전체,,(당일발송) 뮤즈 블라우스,https://ohne.me/product/detail.html?product_no=7391,https://ohne.me/web/product/medium/20260304/a2b12309541796fffafb744404a5a4d8.gif,"₩51,000",,,260626,,,,,
,false,,오네,,전체,,뮤트 보트 티,https://ohne.me/product/detail.html?product_no=7390,https://ohne.me/web/product/medium/20260303/e853c1a5236c615431b79ebca70b12b9.gif,"₩46,000",,,260626,,,,,
,false,,오네,,전체,,썬플라워 드레스,https://ohne.me/product/detail.html?product_no=7389,https://ohne.me/web/product/medium/20260304/0864b9698512ffbaf374e29a8ca827e9.gif,"₩85,000",,,260626,,,,,
,false,,오네,,전체,,로우 데님 미디 스커트,https://ohne.me/product/detail.html?product_no=7388,https://ohne.me/web/product/medium/20260303/7043ec784781a1b4a522c3dc8328f1a7.gif,"₩66,000",,,260626,,,,,
,false,,오네,,전체,,마일드 스트라이프 셔츠,https://ohne.me/product/detail.html?product_no=7387,https://ohne.me/web/product/medium/20260303/82ee2b3bfda7c820fa8368973baee5dd.gif,"₩49,000",,,260626,,,,,
,false,,오네,,전체,,가먼츠 맨투맨,https://ohne.me/product/detail.html?product_no=7386,https://ohne.me/web/product/medium/20260303/25ccee6a2e507e44b6e12b16e256b304.gif,"₩55,000",,,260626,,,,,
,false,,오네,,전체,,(당일발송)  테슬 트위드 자켓,https://ohne.me/product/detail.html?product_no=7385,https://ohne.me/web/product/medium/20260303/f52392d5695f8df56ee2ca2784018ced.gif,"₩166,000",,,260626,,,,,
,false,,오네,,전체,,머드 버튼 카고 팬츠,https://ohne.me/product/detail.html?product_no=7384,https://ohne.me/web/product/medium/20260303/cdafeea2e468852dd042d9ae4b0a98b2.gif,"₩75,000",,,260626,,,,,
,false,,오네,,전체,,(단독) 에델 블라우스,https://ohne.me/product/detail.html?product_no=7383,https://ohne.me/web/product/medium/20260305/6891d4855a1e337717b2cbfa50f6684f.gif,"₩37,000",,,260626,,,,,
,false,,오네,,전체,,쿼터 버클 부츠,https://ohne.me/product/detail.html?product_no=7382,https://ohne.me/web/product/medium/20260226/b18410de3c2ec09176091e5229f0c199.gif,"₩62,000",,,260626,,,,,
,false,,오네,,전체,,플로우 네크리스,https://ohne.me/product/detail.html?product_no=7381,https://ohne.me/web/product/medium/20260226/cfc321864f73d74e19cf296321ea8f5b.png,"₩32,000",,,260626,,,,,
,false,,오네,,전체,,몬드 도트 원피스,https://ohne.me/product/detail.html?product_no=7379,https://ohne.me/web/product/medium/20260226/ab20307698706f852e9d98aa4831880b.gif,"₩76,000",,,260626,,,,,
,false,,오네,,전체,,스프링 트렌치 자켓,https://ohne.me/product/detail.html?product_no=7377,https://ohne.me/web/product/medium/20260226/c5dd22fa11d22fe49b08cc473bcbee95.gif,"₩136,000",,,260626,,,,,
,false,,오네,,전체,,셔링 맥시 원피스,https://ohne.me/product/detail.html?product_no=7375,https://ohne.me/web/product/medium/20260226/200732b7d9663d8d6dba035ef8da62cb.gif,"₩50,500",,,260626,,,,,
,false,,오네,,전체,,도트 랩 슬리브리스,https://ohne.me/product/detail.html?product_no=7374,https://ohne.me/web/product/medium/20260226/eb6822b8b6b540fba70f546ca6c40e62.gif,"₩27,000",,,260626,,,,,
,false,,오네,,전체,,(당일발송) 크리미 링클 스카프,https://ohne.me/product/detail.html?product_no=7373,https://ohne.me/web/product/medium/20260225/bcad90973c17df1301f8481b9f640100.gif,"₩25,000",,,260626,,,,,
,false,,오네,,전체,,슐레 니트,https://ohne.me/product/detail.html?product_no=7372,https://ohne.me/web/product/medium/20260225/f5749a3905fbfee8f74ab04c068b305a.gif,"₩64,000",,,260626,,,,,
,false,,오네,,전체,,레트로 버튼 데님 스커트,https://ohne.me/product/detail.html?product_no=7371,https://ohne.me/web/product/medium/20260225/c187db3295000d51b7d727fae4f6198b.gif,"₩74,000",,,260626,,,,,
,false,,오네,,전체,,부클 하프 니트,https://ohne.me/product/detail.html?product_no=7370,https://ohne.me/web/product/medium/20260225/db916ef2004f73b078e0cd665bba1dc7.gif,"₩58,000",,,260626,,,,,
,false,,오네,,전체,,비틀즈 티,https://ohne.me/product/detail.html?product_no=7369,https://ohne.me/web/product/medium/20260225/13947f6bed5fe4b2aebcad8d2255c403.gif,"₩32,000",,,260626,,,,,
,false,,오네,,전체,,윌리 체크 스커트,https://ohne.me/product/detail.html?product_no=7368,https://ohne.me/web/product/medium/20260225/34d08f407d576dc2839a15ecf93cf760.gif,"₩63,000",,,260626,,,,,
,false,,오네,,전체,,포켓 벌룬 와이드 팬츠,https://ohne.me/product/detail.html?product_no=7367,https://ohne.me/web/product/medium/20260225/43d2a92b019ed62457e2b614d358b53e.gif,"₩66,000",,,260626,,,,,
,false,,오네,,전체,,롤 브이넥 니트,https://ohne.me/product/detail.html?product_no=7365,https://ohne.me/web/product/medium/20260225/b1bf93e931252bad4596392788b48ac9.gif,"₩46,000",,,260626,,,,,
,false,,오네,,전체,,써클 스웻 팬츠,https://ohne.me/product/detail.html?product_no=7364,https://ohne.me/web/product/medium/20260225/765a78fb54d83f9c0314d065810b7c03.gif,"₩50,500",,,260626,,,,,
,false,,오네,,전체,,퓨어 리본 티,https://ohne.me/product/detail.html?product_no=7363,https://ohne.me/web/product/medium/20260225/afa44d9e34cb88eaf2a77b858d6d0c4b.gif,"₩41,000",,,260626,,,,,
,false,,오네,,전체,,누아 원피스,https://ohne.me/product/detail.html?product_no=7362,https://ohne.me/web/product/medium/20260225/576f87f95e2abd2571eeb098d3a4252e.gif,"₩69,500",,,260626,,,,,
,false,,오네,,전체,,머스트 웨스턴 데님,https://ohne.me/product/detail.html?product_no=7361,https://ohne.me/web/product/medium/20260224/a726e54c76f27c1b0bcd3151549552f3.gif,"₩115,000",,,260626,,,,,
,false,,오네,,전체,,노이 레이스 슬리브리스,https://ohne.me/product/detail.html?product_no=7359,https://ohne.me/web/product/medium/20260220/2dfee5dfe78f7f854095ea7407bd6f3b.gif,"₩28,000",,,260626,,,,,
,false,,오네,,전체,,휘핑 프릴 스커트,https://ohne.me/product/detail.html?product_no=7358,https://ohne.me/web/product/medium/20260220/b2ed010a374355aaa22f37c9fe6ce01c.gif,"₩55,000",,,260626,,,,,
,false,,오네,,전체,,스쿨 체크 셔츠,https://ohne.me/product/detail.html?product_no=7357,https://ohne.me/web/product/medium/20260220/d89c4a84a1e60858e01af6f976f93bb7.gif,"₩54,000",,,260626,,,,,
,false,,오네,,전체,,플로랄 실키 스커트,https://ohne.me/product/detail.html?product_no=7356,https://ohne.me/web/product/medium/20260220/a498815c07cd6e219d97d0e15ca8453f.gif,"₩51,000",,,260626,,,,,
,false,,오네,,전체,,보헤미안 니트 티,https://ohne.me/product/detail.html?product_no=7355,https://ohne.me/web/product/medium/20260220/55e548d5213504323b1bc9662019d459.gif,"₩46,000",,,260626,,,,,
,false,,오네,,전체,,스프링 오프 맨투맨,https://ohne.me/product/detail.html?product_no=7354,https://ohne.me/web/product/medium/20260220/d00a9e65f22eabfa31b7dfc30ddba295.gif,"₩38,000",,,260626,,,,,
,false,,오네,,전체,,마일드 레더 블루종,https://ohne.me/product/detail.html?product_no=7352,https://ohne.me/web/product/medium/20260219/9623e8a52ae5f4f8e0dbe2b90095bfe7.gif,"₩69,000",,,260626,,,,,
,false,,오네,,전체,,노스터 스트라이프 셔츠,https://ohne.me/product/detail.html?product_no=7351,https://ohne.me/web/product/medium/20260219/d0cf3845abf7f4d95d57d87cf4603955.gif,"₩48,000",,,260626,,,,,
,false,,오네,,전체,,논페이드 블랙 데님 팬츠,https://ohne.me/product/detail.html?product_no=7350,https://ohne.me/web/product/medium/20260219/6c62d2b5cf458c5d77a4ec8b9c9f271f.gif,"₩34,000",,,260626,,,,,
,false,,오네,,전체,,헤어리 스트라이프 티,https://ohne.me/product/detail.html?product_no=7349,https://ohne.me/web/product/medium/20260219/4a2ace6de6afab9100ce7363b68c7bd9.gif,"₩43,000",,,260626,,,,,
,false,,오네,,전체,,논카라 레더 자켓,https://ohne.me/product/detail.html?product_no=7348,https://ohne.me/web/product/medium/20260226/206ff7cd2ffcfafaf370341c85f0701a.gif,"₩117,000",,,260626,,,,,
,false,,오네,,전체,,베를린 하프 코트,https://ohne.me/product/detail.html?product_no=7347,https://ohne.me/web/product/medium/20260219/a8efd6e6be299e2f8358d68cac6b38eb.gif,"₩181,000",,,260626,,,,,
,false,,오네,,전체,,벌룬 스트라이프 데님,https://ohne.me/product/detail.html?product_no=7346,https://ohne.me/web/product/medium/20260210/1ad71ec30d41a67e88475def7de16361.gif,"₩43,000",,,260626,,,,,
,false,,오네,,전체,,에브리 오프 티,https://ohne.me/product/detail.html?product_no=7345,https://ohne.me/web/product/medium/20260210/0463ba27d2d1be5607db9ba83eb693e4.gif,"₩36,000",,,260626,,,,,
,false,,오네,,전체,,버튼 플리츠 원피스,https://ohne.me/product/detail.html?product_no=7344,https://ohne.me/web/product/medium/20260210/c23562caf76394b75dd3fa33eaba4a02.gif,"₩49,000",,,260626,,,,,
,false,,오네,,전체,,로웬 퍼 가디건,https://ohne.me/product/detail.html?product_no=7343,https://ohne.me/web/product/medium/20260210/16332dadc14cb8c0c36b2075cc43d56c.gif,"₩59,000",,,260626,,,,,
,false,,오네,,전체,,(navy 당일발송) 바질 슬리브리스,https://ohne.me/product/detail.html?product_no=7341,https://ohne.me/web/product/medium/20260206/d78a9f2663c6f8caefe8c3e0dfe70248.gif,"₩22,000",,,260626,,,,,
,false,,오네,,전체,,실키 랩 블라우스,https://ohne.me/product/detail.html?product_no=7338,https://ohne.me/web/product/medium/20260206/2c00a0279f874713d402e73c614f9383.gif,"₩47,000",,,260626,,,,,
,false,,오네,,전체,,포켓 버뮤다 팬츠,https://ohne.me/product/detail.html?product_no=7337,https://ohne.me/web/product/medium/20260205/4fdb7bd5f0fe32151347055658476454.gif,"₩59,000",,,260626,,,,,
,false,,오네,,전체,,라일락 슬리브리스,https://ohne.me/product/detail.html?product_no=7334,https://ohne.me/web/product/medium/20260205/538ee5a315606a7ec3a8d4fc71514fa6.gif,"₩29,000",,,260626,,,,,
,false,,오네,,전체,,코팅 롱 스커트,https://ohne.me/product/detail.html?product_no=7333,https://ohne.me/web/product/medium/20260205/65002a269372232359005cd9807b8278.gif,"₩71,000",,,260626,,,,,
,false,,오네,,전체,,스쿱 레이스 티,https://ohne.me/product/detail.html?product_no=7332,https://ohne.me/web/product/medium/20260205/3bbbc34ed80e0a6642f4cc85cff10471.gif,"₩41,000",,,260626,,,,,
,false,,오네,,전체,,캉캉 스웻 롱 스커트,https://ohne.me/product/detail.html?product_no=7330,https://ohne.me/web/product/medium/20260204/189b77c540bdbbb5b9e2d1d2e39b912a.gif,"₩39,500",,,260626,,,,,
,false,,오네,,전체,,클린 플리츠 셔츠,https://ohne.me/product/detail.html?product_no=7329,https://ohne.me/web/product/medium/20260204/c654731fe1052a836cb0f6a8c9308c4d.gif,"₩59,000",,,260626,,,,,
,false,,오네,,전체,,다이애그널 프릴 미디 스커트,https://ohne.me/product/detail.html?product_no=7328,https://ohne.me/web/product/medium/20260204/11649924fb5bddf1e16c5427c7175b7f.gif,"₩39,500",,,260626,,,,,
,false,,오네,,전체,,선플라워 스냅 후드티,https://ohne.me/product/detail.html?product_no=7327,https://ohne.me/web/product/medium/20260203/ab7c52e9a18d4bdc6f530b78567cd042.gif,"₩66,000",,,260626,,,,,
,false,,오네,,전체,,프릴 골지 가디건,https://ohne.me/product/detail.html?product_no=7325,https://ohne.me/web/product/medium/20260203/30ae01c1a2c581f2c0769f102dedabda.gif,"₩35,000",,,260626,,,,,
,false,,오네,,전체,,가든 슬립 드레스,https://ohne.me/product/detail.html?product_no=7324,https://ohne.me/web/product/medium/20260214/c4d4804316693fe2f034917457e28e4a.gif,"₩61,000",,,260626,,,,,
,false,,오네,,전체,,플로우 블라우스,https://ohne.me/product/detail.html?product_no=7323,https://ohne.me/web/product/medium/20260126/9c170ea4616c50cccf0805a87fb93f3c.gif,"₩48,000",,,260626,,,,,
,false,,오네,,전체,,컨트리 체크 프릴 스커트,https://ohne.me/product/detail.html?product_no=7321,https://ohne.me/web/product/medium/20260127/9902ba5bb42a27438fdb2b3ddac61773.gif,"₩53,000",,,260626,,,,,
,false,,오네,,전체,,온즈 오프 니트,https://ohne.me/product/detail.html?product_no=7320,https://ohne.me/web/product/medium/20260126/fa18417f7d303fa2049876b426e2276f.gif,"₩78,000",,,260626,,,,,
,false,,오네,,전체,,플라워 버튼 티,https://ohne.me/product/detail.html?product_no=7319,https://ohne.me/web/product/medium/20260126/c1fb085006826be465981efa745aa32f.png,"₩28,000",,,260626,,,,,
,false,,오네,,전체,,데일리 코튼 팬츠,https://ohne.me/product/detail.html?product_no=7318,https://ohne.me/web/product/medium/20260126/861437c471c23feb30aa03db349984bb.gif,"₩41,000",,,260626,,,,,
,false,,오네,,전체,,퓨어 미디 스커트,https://ohne.me/product/detail.html?product_no=7317,https://ohne.me/web/product/medium/20260121/6dc7860bc7feb5e17e79890300cef90e.gif,"₩44,000",,,260626,,,,,
,false,,오네,,전체,,올데이 와이드 데님,https://ohne.me/product/detail.html?product_no=7316,https://ohne.me/web/product/medium/20260121/a3fdf412c1ee4ee3b643c517e81f5d8d.gif,"₩42,000",,,260626,,,,,
,false,,오네,,전체,,프릴리 스트링 티,https://ohne.me/product/detail.html?product_no=7315,https://ohne.me/web/product/medium/20260121/f273eddb817dc48ab18a8ae913590301.gif,"₩38,000",,,260626,,,,,
,false,,오네,,전체,,베이비 플라워 티,https://ohne.me/product/detail.html?product_no=7314,https://ohne.me/web/product/medium/20260121/9faa43e5f3b564351cd9056e25e247aa.gif,"₩36,000",,,260626,,,,,
,false,,오네,,전체,,(당일발송) 플라워 빈티지 롱 스커트 (기모),https://ohne.me/product/detail.html?product_no=7313,https://ohne.me/web/product/medium/20260121/3d38f9029f786b4edd926c7a3c423dfd.gif,"₩35,000",,,260626,,,,,
,false,,오네,,전체,,(navy 당일발송) 아워 브이넥 니트,https://ohne.me/product/detail.html?product_no=7312,https://ohne.me/web/product/medium/20260121/e240bdcf22614f6549defbfcce59c892.gif,"₩33,000",,,260626,,,,,
,false,,오네,,전체,,원턱 스트라이프 와이드 팬츠,https://ohne.me/product/detail.html?product_no=7311,https://ohne.me/web/product/medium/20260121/e384e2492dd521edb583fead10562b83.gif,"₩51,000",,,260626,,,,,
,false,,오네,,전체,,솔트 스트링 블라우스,https://ohne.me/product/detail.html?product_no=7310,https://ohne.me/web/product/medium/20260121/afb3851551bc57d236e63b464c8838a4.gif,"₩44,000",,,260626,,,,,
,false,,오네,,전체,,백 라인 와이드 데님,https://ohne.me/product/detail.html?product_no=7309,https://ohne.me/web/product/medium/20260225/01ab5c33fe3725c414001e14f3a9f5b2.gif,"₩44,000",,,260626,,,,,
,false,,오네,,전체,,레이어드 골지 가디건,https://ohne.me/product/detail.html?product_no=7308,https://ohne.me/web/product/medium/20260119/767a65174597866f480eedad1e9c107d.gif,"₩31,000",,,260626,,,,,
,false,,오네,,전체,,빈티지 그랜마 가디건,https://ohne.me/product/detail.html?product_no=7306,https://ohne.me/web/product/medium/20260116/a4c7129307190dd0008b07be63f21922.gif,"₩43,000",,,260626,,,,,
,false,,오네,,전체,,스웨이드 링 벨트,https://ohne.me/product/detail.html?product_no=7305,https://ohne.me/web/product/medium/20260115/eaa479f3e4027316d221ad79631b8e9c.png,"₩19,000",,,260626,,,,,
,false,,오네,,전체,,(당일발송) 퓨어 스트링 코튼 원피스,https://ohne.me/product/detail.html?product_no=7304,https://ohne.me/web/product/medium/20260115/fd48539004a63fe4d5253be2cf2b379b.gif,"₩36,000",,,260626,,,,,
,false,,오네,,전체,,논페이드 멀티 카고 와이드 데님,https://ohne.me/product/detail.html?product_no=7303,https://ohne.me/web/product/medium/20260115/32e6c7d437ca2a06f59044e1c4337b59.gif,"₩49,500",,,260626,,,,,
,false,,오네,,전체,,웨이브 스트라이프 부츠컷 팬츠 (기모),https://ohne.me/product/detail.html?product_no=7299,https://ohne.me/web/product/medium/20260114/61540432f6705bebe277905a7ff17e91.gif,"₩45,000",,,260626,,,,,
,false,,오네,,전체,,버드 셔링 가디건,https://ohne.me/product/detail.html?product_no=7296,https://ohne.me/web/product/medium/20260114/9542bc70bb946198990da120812cebde.gif,"₩39,500",,,260626,,,,,
,false,,오네,,전체,,벨벳 캉캉 롱 스커트,https://ohne.me/product/detail.html?product_no=7295,https://ohne.me/web/product/medium/20260114/7905a129c06b8f50b6d7f3fe7f07221e.gif,"₩39,000",,,260626,,,,,
,false,,오네,,전체,,기모 스판 워싱 부츠컷 팬츠,https://ohne.me/product/detail.html?product_no=7294,https://ohne.me/web/product/medium/20260114/597a7407e635c7f3ebfe5456e02ff0c8.gif,"₩41,000",,,260626,,,,,
,false,,오네,,전체,,빈티지 타이 스커트,https://ohne.me/product/detail.html?product_no=7290,https://ohne.me/web/product/medium/20260116/138aed60d9457c4f92243ad1d81a2b63.gif,"₩32,000",,,260626,,,,,
,false,,오네,,전체,,레이어드 홀터 가디건,https://ohne.me/product/detail.html?product_no=7288,https://ohne.me/web/product/medium/20260116/59d00a69d991266b1b680f86abe4f9fb.gif,"₩36,000",,,260626,,,,,
,false,,오네,,전체,,오프 스트링 맨투맨,https://ohne.me/product/detail.html?product_no=7287,https://ohne.me/web/product/medium/20260116/790cf1a5e15037f7547a154664120260.gif,"₩41,000",,,260626,,,,,
,false,,오네,,전체,,모카 샤틴 미디 스커트,https://ohne.me/product/detail.html?product_no=7285,https://ohne.me/web/product/medium/20260109/08235ec092721e3b3315ff2fab2aaab5.gif,"₩40,500",,,260626,,,,,
,false,,오네,,전체,,(단독) 블랙 퍼 자켓,https://ohne.me/product/detail.html?product_no=7281,https://ohne.me/web/product/medium/20260108/185352ff35593f735f2834124b2bda49.gif,"₩128,000",,,260626,,,,,
,false,,오네,,전체,,틴 워싱 스트레이트 데님,https://ohne.me/product/detail.html?product_no=7280,https://ohne.me/web/product/medium/20260116/9ea8813f3e90a9a82ff3e920ca3c633a.gif,"₩39,000",,,260626,,,,,
,false,,오네,,전체,,트로이 스트라이프 데님 팬츠,https://ohne.me/product/detail.html?product_no=7279,https://ohne.me/web/product/medium/20260108/ca66b233dfb781a8c864a2e472ab0557.gif,"₩47,000",,,260626,,,,,
,false,,오네,,전체,,클램 니트 탑,https://ohne.me/product/detail.html?product_no=7278,https://ohne.me/web/product/medium/20260107/455224c98df2795441d86316e7d6d68b.gif,"₩29,500",,,260626,,,,,
,false,,오네,,전체,,스노우 가디건,https://ohne.me/product/detail.html?product_no=7277,https://ohne.me/web/product/medium/20260107/6b62b24dd7226f669ec16741eb41cbcd.gif,"₩48,000",,,260626,,,,,
,false,,오네,,전체,,언발란스드 캉캉 스커트,https://ohne.me/product/detail.html?product_no=7276,https://ohne.me/web/product/medium/20260107/008fe414e46f14ae810cd8de6249bf55.gif,"₩43,000",,,260626,,,,,
,false,,오네,,전체,,(당일발송) 테리 플로럴 롱 스커트,https://ohne.me/product/detail.html?product_no=7275,https://ohne.me/web/product/medium/20260107/7885348f0855ce65f37d37c7eaf9fdde.gif,"₩52,000",,,260626,,,,,
,false,,오네,,전체,,브러쉬 카라 니트,https://ohne.me/product/detail.html?product_no=7274,https://ohne.me/web/product/medium/20260107/29c301014406ddb8ed5f1b681338154d.gif,"₩54,000",,,260626,,,,,
,false,,오네,,전체,,프릴리 오프숄더 티,https://ohne.me/product/detail.html?product_no=7271,https://ohne.me/web/product/medium/20251223/4560dc9a6be6be00038133c171488f6b.gif,"₩45,000",,,260626,,,,,
,false,,오네,,전체,,에스닉 헤어리 후드 집업,https://ohne.me/product/detail.html?product_no=7270,https://ohne.me/web/product/medium/20251223/1cfc4fd736c128f49d10b740dd54e555.gif,"₩78,000",,,260626,,,,,
,false,,오네,,전체,,스트링 롱 홀터 탑,https://ohne.me/product/detail.html?product_no=7269,https://ohne.me/web/product/medium/20251222/eca24d32b45e64f287c475551687741b.gif,"₩28,000",,,260626,,,,,
,false,,오네,,전체,,(당일발송) 아일렛 셔링 롱 스커트,https://ohne.me/product/detail.html?product_no=7268,https://ohne.me/web/product/medium/20251222/d1660c840c7c9a97e247e3c7533b58fa.gif,"₩46,000",,,260626,,,,,
,false,,오네,,전체,,(black 당일발송) 슬릿 니트 탑,https://ohne.me/product/detail.html?product_no=7267,https://ohne.me/web/product/medium/20251218/1d6c25f0bf0c1b1eb1d74428f5216829.gif,"₩27,500",,,260626,,,,,
,false,,오네,,전체,,체크 랩 롱 셔츠,https://ohne.me/product/detail.html?product_no=7265,https://ohne.me/web/product/medium/20251218/3214a104819f53a11e14fa3c1add4c7f.gif,"₩51,000",,,260626,,,,,
,false,,오네,,전체,,클로이 프릴 드레스 (기모),https://ohne.me/product/detail.html?product_no=7264,https://ohne.me/web/product/medium/20251218/145eb61f3c75d41aedcef2acd008184a.gif,"₩65,000",,,260626,,,,,
,false,,오네,,전체,,스모크 레더 스커트,https://ohne.me/product/detail.html?product_no=7263,https://ohne.me/web/product/medium/20251218/b70b5c3e74a2e8b494fe15b124723fae.gif,"₩59,000",,,260626,,,,,
,false,,오네,,전체,,(당일발송) 랩 숄 울 니트,https://ohne.me/product/detail.html?product_no=7261,https://ohne.me/web/product/medium/20251219/de0121c9d10f70fc1eb31cac8164a2f6.gif,"₩63,000",,,260626,,,,,
,false,,오네,,전체,,아가일 펀칭 스타킹,https://ohne.me/product/detail.html?product_no=7260,https://ohne.me/web/product/medium/20251218/d45099af0e9cde5dd2548b64a27e0cee.png,"₩13,000",,,260626,,,,,
,false,,오네,,전체,,노르딕 스노우 가디건,https://ohne.me/product/detail.html?product_no=7258,https://ohne.me/web/product/medium/20251218/9a4e56b2313c57c22bee027c35f0f2e2.gif,"₩69,000",,,260626,,,,,
,false,,오네,,전체,,버튼 골지 티,https://ohne.me/product/detail.html?product_no=7257,https://ohne.me/web/product/medium/20251218/ffd98cc14607ff9394a2370cdef0f28a.gif,"₩18,000",,,260626,,,,,
,false,,오네,,전체,,로즈 홀터 탑,https://ohne.me/product/detail.html?product_no=7256,https://ohne.me/web/product/medium/20251218/31328a1881c3f2bc40b82f88b0447e55.gif,"₩33,000",,,260626,,,,,
,false,,오네,,전체,,논페이드 플레어드 와이드 데님,https://ohne.me/product/detail.html?product_no=7255,https://ohne.me/web/product/medium/20251217/596ae34e60a5dd59e311bc16193c0e09.gif,"₩53,000",,,260626,,,,,
,false,,오네,,전체,,벨루아 골드 도트 스커트,https://ohne.me/product/detail.html?product_no=7254,https://ohne.me/web/product/medium/20251217/1e9588b6c8213bb82950c9d77a0d5509.gif,"₩43,000",,,260626,,,,,
,false,,오네,,전체,,페더 퍼 가디건,https://ohne.me/product/detail.html?product_no=7253,https://ohne.me/web/product/medium/20251217/b26db34e0d19b5b2a8173bb06231a9e0.gif,"₩66,000",,,260626,,,,,
,false,,오네,,전체,,(당일발송) 벨벳 미니 원피스,https://ohne.me/product/detail.html?product_no=7252,https://ohne.me/web/product/medium/20251222/f26456a1079414207beb9db6825720bf.gif,"₩52,000",,,260626,,,,,
,false,,오네,,전체,,모헤어 보트넥 니트,https://ohne.me/product/detail.html?product_no=7251,https://ohne.me/web/product/medium/20251217/e276299ff57c4c8304a0266f2b3e9cf9.gif,"₩31,000",,,260626,,,,,
,false,,오네,,전체,,리튼 랩 셔츠,https://ohne.me/product/detail.html?product_no=7249,https://ohne.me/web/product/medium/20251215/9a79070ad8c42e7c9b5343869bf56f02.gif,"₩55,000",,,260626,,,,,
,false,,오네,,전체,,기모 랩 팬츠,https://ohne.me/product/detail.html?product_no=7247,https://ohne.me/web/product/medium/20251215/5bcc14e8557a70fed755ca0c8a98b4ce.gif,"₩28,000",,,260626,,,,,
,false,,오네,,전체,,앙고라 퍼 티,https://ohne.me/product/detail.html?product_no=7245,https://ohne.me/web/product/medium/20251215/6c544b3106aff53706ebdfda7e4dacc2.gif,"₩35,000",,,260626,,,,,
,false,,오네,,전체,,뮤지엄 퍼 자켓,https://ohne.me/product/detail.html?product_no=7243,https://ohne.me/web/product/medium/20251215/30c36ee602fce65a35dadb55b15a27b2.gif,"₩62,000",,,260626,,,,,
,false,,오네,,전체,,제인 카라 가디건,https://ohne.me/product/detail.html?product_no=7242,https://ohne.me/web/product/medium/20251215/b93fd52da9592f0bf768bd70b085d560.gif,"₩30,000",,,260626,,,,,
,false,,오네,,전체,,아메리칸 퍼 후드 집업,https://ohne.me/product/detail.html?product_no=7241,https://ohne.me/web/product/medium/20251211/06bcbb7451908eb8619096bb1bb7d2f9.gif,"₩57,000",,,260626,,,,,
,false,,오네,,전체,,울 부클 니트,https://ohne.me/product/detail.html?product_no=7238,https://ohne.me/web/product/medium/20251223/2072039f1a20c74ad19691b509c9fa1b.gif,"₩54,000",,,260626,,,,,
,false,,오네,,전체,,레이스 사틴 스커트,https://ohne.me/product/detail.html?product_no=7230,https://ohne.me/web/product/medium/20251210/d27bd7ab2c32775c5d850dbe83cb50fc.gif,"₩31,000",,,260626,,,,,
,false,,오네,,전체,,(당일발송) 쉬폰 캉캉 스커트 (+기모안감),https://ohne.me/product/detail.html?product_no=7229,https://ohne.me/web/product/medium/20251209/65fc93880fbf6452c4af281db6189df7.gif,"₩36,000",,,260626,,,,,
,false,,오네,,전체,,데이지 슬리브리스,https://ohne.me/product/detail.html?product_no=7227,https://ohne.me/web/product/medium/20251209/b53c49eeac89c71ca1626c8e5d1f60e1.gif,"₩41,000",,,260626,,,,,
,false,,오네,,전체,,프릴 튜브 탑,https://ohne.me/product/detail.html?product_no=7225,https://ohne.me/web/product/medium/20251209/b68bee27ba94a3e28b92122d8ff1a827.gif,"₩29,500",,,260626,,,,,
,false,,오네,,전체,,더블 투웨이 가디건,https://ohne.me/product/detail.html?product_no=7224,https://ohne.me/web/product/medium/20251209/b6e0f9ae4c5ee0a7e1d11c3b1c999ac7.gif,"₩44,000",,,260626,,,,,
,false,,오네,,전체,,도트 코튼 가디건,https://ohne.me/product/detail.html?product_no=7223,https://ohne.me/web/product/medium/20251209/e9712616f1adcf426659d454570bd859.gif,"₩32,000",,,260626,,,,,
,false,,오네,,전체,,이브 원피스,https://ohne.me/product/detail.html?product_no=7221,https://ohne.me/web/product/medium/20251208/376dd4a320a7b4015dedebed8228de5f.gif,"₩43,000",,,260626,,,,,
,false,,오네,,전체,,사이드 스터드 와이드 데님,https://ohne.me/product/detail.html?product_no=7220,https://ohne.me/web/product/medium/20251208/154cb14b820b6444bf1db4f1e891816b.gif,"₩53,000",,,260626,,,,,
,false,,오네,,전체,,웜 스타 후드 집업,https://ohne.me/product/detail.html?product_no=7219,https://ohne.me/web/product/medium/20251208/45818ec54bbab5330cf9ab54eac12e86.gif,"₩48,000",,,260626,,,,,
,false,,오네,,전체,,도트 오프 티,https://ohne.me/product/detail.html?product_no=7216,https://ohne.me/web/product/medium/20251208/84ff67bb7bf35179eb6d1ef9997846a2.gif,"₩36,000",,,260626,,,,,
,false,,오네,,전체,,기모 블랙 부츠컷 팬츠,https://ohne.me/product/detail.html?product_no=7213,https://ohne.me/web/product/medium/20251205/d4d30e8bab0417f120d91e3d25b5e948.gif,"₩46,000",,,260626,,,,,
,false,,오네,,전체,,플로랄 레이스 슬리브리스,https://ohne.me/product/detail.html?product_no=7210,https://ohne.me/web/product/medium/20251205/c9503c7bfb42c407aceb9b2d6cdab2f4.gif,"₩22,000",,,260626,,,,,
,false,,오네,,전체,,롯지 덤블 점퍼,https://ohne.me/product/detail.html?product_no=7207,https://ohne.me/web/product/medium/20251204/25a32d02c37ab50d4ba166c2d4df835a.gif,"₩79,000",,,260626,,,,,
,false,,오네,,전체,,도트 벨벳 스커트,https://ohne.me/product/detail.html?product_no=7202,https://ohne.me/web/product/medium/20251204/ada0b1fb9ca338f5da9a451a01720b63.gif,"₩41,000",,,260626,,,,,
,false,,오네,,전체,,(당일발송) 아일렛 벨벳 팬츠,https://ohne.me/product/detail.html?product_no=7198,https://ohne.me/web/product/medium/20251230/0a1343265a6b75fe7e4c5e283309d454.gif,"₩47,000",,,260626,,,,,
,false,,오네,,전체,,케이트 데님,https://ohne.me/product/detail.html?product_no=7186,https://ohne.me/web/product/medium/20251201/0d320b74d7fad634bf3140867a2aac98.gif,"₩39,500",,,260626,,,,,
,false,,오네,,전체,,히피 체크 스커트 (+벨트세트),https://ohne.me/product/detail.html?product_no=7185,https://ohne.me/web/product/medium/20251201/d0ca9cc8c5b4e9eb2ee4b65ee31b6b6f.gif,"₩48,000",,,260626,,,,,
,false,,오네,,전체,,맥시 카고 스커트,https://ohne.me/product/detail.html?product_no=7183,https://ohne.me/web/product/medium/20251201/735e5a017bbfc85fac35512c36cb8aa0.gif,"₩46,000",,,260626,,,,,
,false,,오네,,전체,,노스터 스카프 블라우스,https://ohne.me/product/detail.html?product_no=7179,https://ohne.me/web/product/medium/20251201/38186a6d7df07682901f80e01d654677.gif,"₩45,000",,,260626,,,,,
,false,,오네,,전체,,웜 스트라이프 슬랙스,https://ohne.me/product/detail.html?product_no=7178,https://ohne.me/web/product/medium/20251128/09200b8bd201730d3ddaa888c065f171.gif,"₩65,000",,,260626,,,,,
,false,,오네,,전체,,보카시 모헤어 점퍼,https://ohne.me/product/detail.html?product_no=7175,https://ohne.me/web/product/medium/20251128/465aa9ae5c4d508103c8efe2f216f7d6.gif,"₩108,000",,,260626,,,,,
,false,,오네,,전체,,드롭 네크리스,https://ohne.me/product/detail.html?product_no=7173,https://ohne.me/web/product/medium/20251127/a2ea801683a7c60a1b72794aafae6f0d.gif,"₩12,000",,,260626,,,,,
,false,,오네,,전체,,스킨 드레이프 니트,https://ohne.me/product/detail.html?product_no=7170,https://ohne.me/web/product/medium/20260108/0808d559161b5d87efe50a327284c812.gif,"₩21,000",,,260626,,,,,
,false,,오네,,전체,,케이프 타이 가디건,https://ohne.me/product/detail.html?product_no=7168,https://ohne.me/web/product/medium/20251127/98449621cafa4510bdb6cdeb28fb442c.gif,"₩35,000",,,260626,,,,,
,false,,오네,,전체,,윈터 웨스턴 데님,https://ohne.me/product/detail.html?product_no=7167,https://ohne.me/web/product/medium/20251127/1bd6941f0c5ec0bca8a524461bde877e.gif,"₩48,000",,,260626,,,,,
,false,,오네,,전체,,울 라이닝 티,https://ohne.me/product/detail.html?product_no=7166,https://ohne.me/web/product/medium/20251201/88f26e70203c36398db06552ab5194d7.gif,"₩29,000",,,260626,,,,,
,false,,오네,,전체,,포인트 퍼 벨트,https://ohne.me/product/detail.html?product_no=7164,https://ohne.me/web/product/medium/20251126/7494a7b22960537a0fe5198535c3bfb7.png,"₩28,000",,,260626,,,,,
,false,,오네,,전체,,브라운 골지 와이드 팬츠,https://ohne.me/product/detail.html?product_no=7163,https://ohne.me/web/product/medium/20251126/a45b84d5a67620dd6ddcc51441e8a6af.gif,"₩45,000",,,260626,,,,,
,false,,오네,,전체,,헤어리 오버 니트,https://ohne.me/product/detail.html?product_no=7162,https://ohne.me/web/product/medium/20251222/58982f731d9889ad0b1ca062a2165802.gif,"₩49,500",,,260626,,,,,
,false,,오네,,전체,,로지 크롭 셔츠,https://ohne.me/product/detail.html?product_no=7159,https://ohne.me/web/product/medium/20251126/92d277095794b2d9afdaa082274e925b.gif,"₩44,000",,,260626,,,,,
,false,,오네,,전체,,플라워 랩 티,https://ohne.me/product/detail.html?product_no=7158,https://ohne.me/web/product/medium/20251126/3fdfe7eb9530e215e37bc90d4f79249e.gif,"₩37,000",,,260626,,,,,
,false,,오네,,전체,,스카프 니트 뷔스티에,https://ohne.me/product/detail.html?product_no=7155,https://ohne.me/web/product/medium/20251125/a0e0dd2424560d8bb07e7b6414c6f300.gif,"₩40,500",,,260626,,,,,
,false,,오네,,전체,,라이크 러플 블라우스,https://ohne.me/product/detail.html?product_no=7153,https://ohne.me/web/product/medium/20251223/76763da7ddc1731380a205ea2b1e30eb.gif,"₩36,000",,,260626,,,,,
,false,,오네,,전체,,베이직 스웨이드 벨트,https://ohne.me/product/detail.html?product_no=7150,https://ohne.me/web/product/medium/20251124/60a347fd9075d5779f9e3ca496ef624c.png,"₩15,000",,,260626,,,,,
,false,,오네,,전체,,스노우 언발란스 가디건,https://ohne.me/product/detail.html?product_no=7142,https://ohne.me/web/product/medium/20251122/7e6e4ef1563b523faa4f9a65ea54b189.gif,"₩55,000",,,260626,,,,,
,false,,오네,,전체,,스웨이드 미들 부츠,https://ohne.me/product/detail.html?product_no=7135,https://ohne.me/web/product/medium/20251118/e95bea10d110dd85c0e3930515ae49ff.png,"₩73,000",,,260626,,,,,
,false,,오네,,전체,,포인트 스트라이프 팬츠,https://ohne.me/product/detail.html?product_no=7133,https://ohne.me/web/product/medium/20251117/2e6c0c84e63a40c2056241467ae97ea6.gif,"₩45,000",,,260626,,,,,
,false,,오네,,전체,,벨루아 집업,https://ohne.me/product/detail.html?product_no=7130,https://ohne.me/web/product/medium/20251117/8187d9b4648a2355e1b4eff98048cca9.gif,"₩72,000",,,260626,,,,,
,false,,오네,,전체,,윈터 버튼 홀터 탑,https://ohne.me/product/detail.html?product_no=7125,https://ohne.me/web/product/medium/20251112/edcc06517b9e030919141607468d1d61.gif,"₩28,000",,,260626,,,,,
,false,,오네,,전체,,앙고라 라인 티,https://ohne.me/product/detail.html?product_no=7124,https://ohne.me/web/product/medium/20251112/fe87b53467ef6da556edaba731295a06.gif,"₩32,000",,,260626,,,,,
,false,,오네,,전체,,오버 울 자켓,https://ohne.me/product/detail.html?product_no=7123,https://ohne.me/web/product/medium/20251112/8c3bdb7969fd69c6cd3fdf876fb9521e.gif,"₩74,000",,,260626,,,,,
,false,,오네,,전체,,클래식 머메이드 체크 스커트,https://ohne.me/product/detail.html?product_no=7122,https://ohne.me/web/product/medium/20251111/79804cdac9505df9cb2b2c4185eb6653.gif,"₩68,000",,,260626,,,,,
,false,,오네,,전체,,백 리본 티,https://ohne.me/product/detail.html?product_no=7121,https://ohne.me/web/product/medium/20251111/6786687eeedd7402d649351b1ed9632f.gif,"₩27,000",,,260626,,,,,
,false,,오네,,전체,,윈터 벌룬 스커트,https://ohne.me/product/detail.html?product_no=7119,https://ohne.me/web/product/medium/20251111/61c92a60cb65664f9fbbe0a3c48b919a.gif,"₩54,000",,,260626,,,,,
,false,,오네,,전체,,매트 레더 점퍼,https://ohne.me/product/detail.html?product_no=7118,https://ohne.me/web/product/medium/20251110/4b6074c19ef22e2d6be8ffc6aa1315b8.gif,"₩98,000",,,260626,,,,,
,false,,오네,,전체,,캄 브러쉬 니트,https://ohne.me/product/detail.html?product_no=7117,https://ohne.me/web/product/medium/20251112/cc633d8471f5bcfc5bcd9cc89c4b5814.gif,"₩59,500",,,260626,,,,,
,false,,오네,,전체,,로우 슬림 부츠컷 팬츠,https://ohne.me/product/detail.html?product_no=7116,https://ohne.me/web/product/medium/20251110/ffb86eb8ac4b55412ab604fcd0447083.gif,"₩41,000",,,260626,,,,,
,false,,오네,,전체,,베어 부츠,https://ohne.me/product/detail.html?product_no=7115,https://ohne.me/web/product/medium/20251110/fc7293e85000c09478f503d44c4cd6c5.gif,"₩42,000",,,260626,,,,,
,false,,오네,,전체,,파인 스트라이프 비니,https://ohne.me/product/detail.html?product_no=7114,https://ohne.me/web/product/medium/20251110/b08c29ba7c5f84144dd2a01a02e5b1de.gif,"₩21,000",,,260626,,,,,
,false,,오네,,전체,,"(단독, 당일발송) 멜로 페더 블라우스",https://ohne.me/product/detail.html?product_no=7113,https://ohne.me/web/product/medium/20251230/e99daf46c533c4e964018877cb86fba6.gif,"₩56,000",,,260626,,,,,
,false,,오네,,전체,,드롭 스크런치,https://ohne.me/product/detail.html?product_no=7111,https://ohne.me/web/product/medium/20251107/ccf521b131833097937993a0cbff46dc.png,"₩11,000",,,260626,,,,,
,false,,오네,,전체,,헤어리 루즈 티,https://ohne.me/product/detail.html?product_no=7109,https://ohne.me/web/product/medium/20251222/032509d687e654ebc20249cd3d46dbc6.gif,"₩38,500",,,260626,,,,,
,false,,오네,,전체,,푸들 퍼 자켓,https://ohne.me/product/detail.html?product_no=7108,https://ohne.me/web/product/medium/20251107/2f47274198a2c7933377b8a53281aa60.gif,"₩67,000",,,260626,,,,,
,false,,오네,,전체,,가든 울 비니,https://ohne.me/product/detail.html?product_no=7107,https://ohne.me/web/product/medium/20251222/15416aaf112dff843662a8f236e619ad.gif,"₩17,000",,,260626,,,,,
,false,,오네,,전체,,(당일발송) 아일렛 스웻 팬츠,https://ohne.me/product/detail.html?product_no=7104,https://ohne.me/web/product/medium/20260209/67f6d907247a885b2140c773f19669c4.gif,"₩49,500",,,260626,,,,,
,false,,오네,,전체,,토스트 와이드 팬츠,https://ohne.me/product/detail.html?product_no=7102,https://ohne.me/web/product/medium/20251104/d93cedfa0ba827c214f947caed2d8b73.gif,"₩52,000",,,260626,,,,,
,false,,오네,,전체,,원스 카고 코튼 팬츠,https://ohne.me/product/detail.html?product_no=7100,https://ohne.me/web/product/medium/20251104/b78d1c54623030de652ab2753979d68f.gif,"₩52,000",,,260626,,,,,
,false,,오네,,전체,,(당일발송) 모스 부클 가디건,https://ohne.me/product/detail.html?product_no=7098,https://ohne.me/web/product/medium/20251104/0136dacb165807fbaebab95d5a45fe01.gif,"₩56,000",,,260626,,,,,
,false,,오네,,전체,,브라우니 부츠컷 스웨이드 팬츠,https://ohne.me/product/detail.html?product_no=7097,https://ohne.me/web/product/medium/20251104/940a99b8c02307a0063d6055e43c3f5f.gif,"₩41,000",,,260626,,,,,
,false,,오네,,전체,,레인보우 퍼리 니트,https://ohne.me/product/detail.html?product_no=7096,https://ohne.me/web/product/medium/20251104/69461d48ac6c3e378bff75dd5951dacd.gif,"₩43,000",,,260626,,,,,
,false,,오네,,전체,,커버 레더 부츠,https://ohne.me/product/detail.html?product_no=7095,https://ohne.me/web/product/medium/20251031/30fad50ffb658f92651f4b421cd0b4a6.gif,"₩69,000",,,260626,,,,,
,false,,오네,,전체,,허쉬 벌룬 원피스,https://ohne.me/product/detail.html?product_no=7093,https://ohne.me/web/product/medium/20251029/dfc4b9d34694c8ba35095d113c417b64.gif,"₩56,000",,,260626,,,,,
,false,,오네,,전체,,(당일발송) 피치 와이드 카고 팬츠,https://ohne.me/product/detail.html?product_no=7091,https://ohne.me/web/product/medium/20251029/7fc402b063b9d561c3784b07b6cd1424.gif,"₩67,000",,,260626,,,,,
,false,,오네,,전체,,(당일발송) 숄더 버튼 니트,https://ohne.me/product/detail.html?product_no=7090,https://ohne.me/web/product/medium/20251015/b61cf90a10db4f23e7759a46245f0fa9.gif,"₩46,000",,,260626,,,,,
,false,,오네,,전체,,솔트 랩 블라우스,https://ohne.me/product/detail.html?product_no=7089,https://ohne.me/web/product/medium/20251015/ac7c2e0b62c76f41208b7d272d221854.gif,"₩46,000",,,260626,,,,,
,false,,오네,,전체,,슬림 체크 셔츠,https://ohne.me/product/detail.html?product_no=7088,https://ohne.me/web/product/medium/20251015/2b30e9e2acf44bb69f937917299e073b.gif,"₩43,000",,,260626,,,,,
,false,,오네,,전체,,플로우 스트라이프 데님,https://ohne.me/product/detail.html?product_no=7087,https://ohne.me/web/product/medium/20251014/eed23d68bd1112cd34732e394ee293eb.gif,"₩37,000",,,260626,,,,,
,false,,오네,,전체,,언발란스 숄더 티,https://ohne.me/product/detail.html?product_no=7086,https://ohne.me/web/product/medium/20251014/1412d28e94bb4df5d457f85c759bbdc9.gif,"₩27,000",,,260626,,,,,
,false,,오네,,전체,,백포켓 슬림 부츠컷팬츠,https://ohne.me/product/detail.html?product_no=7081,https://ohne.me/web/product/medium/20251013/93c8580ead32b8e0a3a486e52102c186.gif,"₩44,000",,,260626,,,,,
,false,,오네,,전체,,(딩일발송) 레오파드 워시드 팬츠,https://ohne.me/product/detail.html?product_no=7078,https://ohne.me/web/product/medium/20251013/332e0f8595eedad060dcb8154fdac949.gif,"₩56,000",,,260626,,,,,
,false,,오네,,전체,,클래식 오버핏 자켓,https://ohne.me/product/detail.html?product_no=7076,https://ohne.me/web/product/medium/20250926/52033e090a0b7acd834279990b12c0cd.gif,"₩149,000",,,260626,,,,,
,false,,오네,,전체,,"(단독, 당일발송) 도트 맥시 스커트",https://ohne.me/product/detail.html?product_no=7072,https://ohne.me/web/product/medium/20260116/f31d7988484feb2174cc2029bdedd9e5.gif,"₩39,500",,,260626,,,,,
,false,,오네,,전체,,폴딩 레더 부츠,https://ohne.me/product/detail.html?product_no=7071,https://ohne.me/web/product/medium/20250924/8baa9814557134387e1fcbc4fd959636.gif,"₩68,000",,,260626,,,,,
,false,,오네,,전체,,니즈 유넥 티,https://ohne.me/product/detail.html?product_no=7067,https://ohne.me/web/product/medium/20250923/2219f020a568c9d35129815eebfc17fb.gif,"₩27,000",,,260626,,,,,
,false,,오네,,전체,,루나 스트라이프 셔츠,https://ohne.me/product/detail.html?product_no=7066,https://ohne.me/web/product/medium/20250923/99355b7a60cf953a1eb35120b2e44f3f.gif,"₩47,000",,,260626,,,,,
,false,,오네,,전체,,논페이드 비죠 데님,https://ohne.me/product/detail.html?product_no=7058,https://ohne.me/web/product/medium/20250918/79e8d89b7ec6e0fbd333717898bd6929.gif,"₩45,000",,,260626,,,,,
,false,,오네,,전체,,헤링본 스트링 와이드데님,https://ohne.me/product/detail.html?product_no=7055,https://ohne.me/web/product/medium/20250916/47d1246e9505404d45e7ad8b81462eaf.gif,"₩55,000",,,260626,,,,,
,false,,오네,,전체,,올드 빈티지워싱데님,https://ohne.me/product/detail.html?product_no=7053,https://ohne.me/web/product/medium/20250915/10b55e0d883093766f13922489271a8f.gif,"₩48,000",,,260626,,,,,
,false,,오네,,전체,,레이스 슬리브리스 + 캡내장,https://ohne.me/product/detail.html?product_no=7034,https://ohne.me/web/product/medium/20250910/312bf95ab7d3f4a07f42cc2048f9af44.gif,"₩33,000",,,260626,,,,,
,false,,오네,,전체,,우디 스트라이프 버튼티,https://ohne.me/product/detail.html?product_no=7029,https://ohne.me/web/product/medium/20250909/d70f779972e6876ceb3b4a073ef2e7e7.gif,"₩43,000",,,260626,,,,,
,false,,오네,,전체,,데일리 라운드 가디건,https://ohne.me/product/detail.html?product_no=7020,https://ohne.me/web/product/medium/20250904/bf9c15465a023d28a52018a827d4e28b.gif,"₩39,000",,,260626,,,,,
,false,,오네,,전체,,링클 슬림 셔츠,https://ohne.me/product/detail.html?product_no=7019,https://ohne.me/web/product/medium/20250904/9ed06f7703c235c72cfa2da445bf82a6.gif,"₩50,500",,,260626,,,,,
,false,,오네,,전체,,스웨이드 숄더 백,https://ohne.me/product/detail.html?product_no=7018,https://ohne.me/web/product/medium/20250904/57d9f21ee26e84c6530338727976a336.gif,"₩36,000",,,260626,,,,,
,false,,오네,,전체,,스웨이드 벨트 백,https://ohne.me/product/detail.html?product_no=7017,https://ohne.me/web/product/medium/20250904/df276c63fb5df667b807d3ebf935d4cc.png,"₩22,000",,,260626,,,,,
,false,,오네,,전체,,뮤즈 프릴 원피스,https://ohne.me/product/detail.html?product_no=7007,https://ohne.me/web/product/medium/20250902/1d95623233a2c7a661dc48b100b601f6.gif,"₩50,500",,,260626,,,,,
,false,,오네,,전체,,(당일발송) 언발란스 버튼 티,https://ohne.me/product/detail.html?product_no=7002,https://ohne.me/web/product/medium/20250902/ca8a1c9287ffc3e097476d514cf826d1.gif,"₩35,000",,,260626,,,,,
,false,,오네,,전체,,클램 오버 티,https://ohne.me/product/detail.html?product_no=6997,https://ohne.me/web/product/medium/20250828/131bbcb3ef399954decc0dbd9cba79c6.gif,"₩31,000",,,260626,,,,,
,false,,오네,,전체,,페페 블라우스,https://ohne.me/product/detail.html?product_no=6995,https://ohne.me/web/product/medium/20250828/c742c4fa8217c26b22517cfe343ee1a6.gif,"₩54,000",,,260626,,,,,
,false,,오네,,전체,,트라이앵글 골지 슬리브리스,https://ohne.me/product/detail.html?product_no=6993,https://ohne.me/web/product/medium/20250828/17d073c36ef8e9a215d8a8f8f766dbe7.gif,"₩19,000",,,260626,,,,,
,false,,오네,,전체,,인디안 패턴 팬츠,https://ohne.me/product/detail.html?product_no=6990,https://ohne.me/web/product/medium/20250825/bc396fcb722691b512a83f93b78913f7.gif,"₩41,000",,,260626,,,,,
,false,,오네,,전체,,라인 라운드 티,https://ohne.me/product/detail.html?product_no=6988,https://ohne.me/web/product/medium/20250825/82f6b6b92cae2d0c6b1833e0d9ebacb7.gif,"₩28,500",,,260626,,,,,
,false,,오네,,전체,,(당일발송) 폴링 니트,https://ohne.me/product/detail.html?product_no=6979,https://ohne.me/web/product/medium/20250820/977709b519c9cfaacd325c58193f06ae.gif,"₩27,000",,,260626,,,,,
,false,,오네,,전체,,립 웨스턴  벨트,https://ohne.me/product/detail.html?product_no=6975,https://ohne.me/web/product/medium/20250820/821297cca466d68ecc2ea50571615dda.png,"₩29,000",,,260626,,,,,
,false,,오네,,전체,,데이 테리 가디건,https://ohne.me/product/detail.html?product_no=6961,https://ohne.me/web/product/medium/20250818/3d93cc78c89b064e54c5861604d374b4.gif,"₩51,000",,,260626,,,,,
,false,,오네,,전체,,롱 테일 슬리브리스,https://ohne.me/product/detail.html?product_no=6959,https://ohne.me/web/product/medium/20250818/5136a4b7c852272878fdc69cb212cef6.gif,"₩24,000",,,260626,,,,,
,false,,오네,,전체,,다크 페이즐리 스카프,https://ohne.me/product/detail.html?product_no=6957,https://ohne.me/web/product/medium/20250813/8be0c1a72fe3a85063d0a9a0fb459476.gif,"₩9,000",,,260626,,,,,
,false,,오네,,전체,,스트링 오프 맨투맨,https://ohne.me/product/detail.html?product_no=6952,https://ohne.me/web/product/medium/20250813/b4d2e3d367c5b0b4e28bcb0ab9823909.gif,"₩33,000",,,260626,,,,,
,false,,오네,,전체,,도트 키치 가디건,https://ohne.me/product/detail.html?product_no=6950,https://ohne.me/web/product/medium/20250813/313afe579f7d295fc538eb727db30459.gif,"₩36,500",,,260626,,,,,
,false,,오네,,전체,,(당일발송) 쟈스민 비키니,https://ohne.me/product/detail.html?product_no=6947,https://ohne.me/web/product/medium/20260220/9edf743d8a50800a36c83935b0f79244.png,"₩48,000",,,260626,,,,,
,false,,오네,,전체,,마블 모노키니,https://ohne.me/product/detail.html?product_no=6939,https://ohne.me/web/product/medium/20250806/ab9f458bfd2b769e767764e4208e093c.gif,"₩81,000",,,260626,,,,,
,false,,오네,,전체,,스웨이드 스터드 벨트,https://ohne.me/product/detail.html?product_no=6938,https://ohne.me/web/product/medium/20250724/3ce4d761126a44ed4e26be0809baf04a.gif,"₩25,000",,,260626,,,,,
,false,,오네,,전체,,(당일발송) 래프터 부츠컷 데님,https://ohne.me/product/detail.html?product_no=6935,https://ohne.me/web/product/medium/20250723/8b1167c29d9b839274245cb6a54294cc.gif,"₩46,000",,,260626,,,,,
,false,,오네,,전체,,딥 캡 탑 +캡내장,https://ohne.me/product/detail.html?product_no=6932,https://ohne.me/web/product/medium/20250722/b7a4c3d5ba139003d6f1f22f6fe9bf84.gif,"₩31,000",,,260626,,,,,
,false,,오네,,전체,,(당일발송) 써머 이지 나일론 숏츠,https://ohne.me/product/detail.html?product_no=6911,https://ohne.me/web/product/medium/20250715/bd658eb81bc4dcaeb8d50f4de4f94567.gif,"₩34,000",,,260626,,,,,
,false,,오네,,전체,,(당일발송) 키친 도트 슬리브리스,https://ohne.me/product/detail.html?product_no=6902,https://ohne.me/web/product/medium/20250711/d6e4c64ae1f20ec9aab9ca74e4b48bdc.gif,"₩21,000",,,260626,,,,,
,false,,오네,,전체,,하우스 퍼프 블라우스,https://ohne.me/product/detail.html?product_no=6897,https://ohne.me/web/product/medium/20250710/0bf26f318a44c00a12e8c5af9350835b.gif,"₩50,000",,,260626,,,,,
,false,,오네,,전체,,애니 블라우스,https://ohne.me/product/detail.html?product_no=6896,https://ohne.me/web/product/medium/20250710/dab2eeec06aeedfca7a1189bd23cf8a7.gif,"₩40,500",,,260626,,,,,
,false,,오네,,전체,,골지 보트넥 티,https://ohne.me/product/detail.html?product_no=6892,https://ohne.me/web/product/medium/20250708/7f1d37f234e83c7dfe7c8693aaa942f0.gif,"₩25,000",,,260626,,,,,
,false,,오네,,전체,,에버 스트라이프 셔츠,https://ohne.me/product/detail.html?product_no=6887,https://ohne.me/web/product/medium/20250703/783986c397cfd48b07f81be577349478.gif,"₩53,500",,,260626,,,,,
,false,,오네,,전체,,(당일발송) 로지 모노키니,https://ohne.me/product/detail.html?product_no=6883,https://ohne.me/web/product/medium/20250703/03edb990468e3939a52c31955fefcfed.gif,"₩69,000",,,260626,,,,,
,false,,오네,,전체,,(당일발송) 아일렛 스터드 벨트,https://ohne.me/product/detail.html?product_no=6880,https://ohne.me/web/product/medium/20250702/4fd6aaf227d6642366b6bd345d03c648.gif,"₩22,000",,,260626,,,,,
,false,,오네,,전체,,화이트 페이즐리 스카프,https://ohne.me/product/detail.html?product_no=6878,https://ohne.me/web/product/medium/20250630/760529a00efe9c8f3d993574796072f7.gif,"₩11,000",,,260626,,,,,
,false,,오네,,전체,,데이 골지 슬리브리스,https://ohne.me/product/detail.html?product_no=6877,https://ohne.me/web/product/medium/20250630/2b10b114295b6d8dcf24ea150caebe66.gif,"₩25,000",,,260626,,,,,
,false,,오네,,전체,,(당일발송) 생지 롱 데님 스커트,https://ohne.me/product/detail.html?product_no=6874,https://ohne.me/web/product/medium/20250910/6834053168e7a370907bbf2064fa6c66.jpg,"₩37,000",,,260626,,,,,
,false,,오네,,전체,,투웨이 텐셀 셔츠,https://ohne.me/product/detail.html?product_no=6872,https://ohne.me/web/product/medium/20250626/67af8a87039ddb4237e465876a3f7c42.gif,"₩54,000",,,260626,,,,,
,false,,오네,,전체,,프릴리 블라우스 가디건,https://ohne.me/product/detail.html?product_no=6863,https://ohne.me/web/product/medium/20250625/e10989939c20a6f1bcc4e20cec57811d.gif,"₩43,000",,,260626,,,,,
,false,,오네,,전체,,버블 코튼 스커트,https://ohne.me/product/detail.html?product_no=6862,https://ohne.me/web/product/medium/20250625/fe5cec72a8953c862cc2cd61f25c976c.gif,"₩29,000",,,260626,,,,,
,false,,오네,,전체,,캔디 스트라이프 티,https://ohne.me/product/detail.html?product_no=6860,https://ohne.me/web/product/medium/20250625/d103c0f0fd686f2dc41f5a94167861cf.gif,"₩25,000",,,260626,,,,,
,false,,오네,,전체,,로드 블라우스,https://ohne.me/product/detail.html?product_no=6859,https://ohne.me/web/product/medium/20250623/36690d16254bff03a8bba4bd6aedbaf3.gif,"₩43,000",,,260626,,,,,
,false,,오네,,전체,,(당일발송) 브라우니 홀터 모노키니,https://ohne.me/product/detail.html?product_no=6851,https://ohne.me/web/product/medium/20250619/ffc988a5e49f0f1c966197ed68f4d3d4.gif,"₩69,000",,,260626,,,,,
,false,,오네,,전체,,비즈 스모크 블라우스,https://ohne.me/product/detail.html?product_no=6833,https://ohne.me/web/product/medium/20250715/927f18bc35a9e8a6651b45865889afe1.gif,"₩29,000",,,260626,,,,,
,false,,오네,,전체,,와퍼 프릴 블라우스,https://ohne.me/product/detail.html?product_no=6830,https://ohne.me/web/product/medium/20250612/47c794539d3f981450d06008b2f21fea.gif,"₩37,000",,,260626,,,,,
,false,,오네,,전체,,로우 블랙 버뮤다 팬츠,https://ohne.me/product/detail.html?product_no=6826,https://ohne.me/web/product/medium/20250611/fa63ca6e8223e0f74ca828e1c07f7e7c.gif,"₩41,000",,,260626,,,,,
,false,,오네,,전체,,프레시 블라우스,https://ohne.me/product/detail.html?product_no=6824,https://ohne.me/web/product/medium/20250611/c79d8ebf15c5aeecb4477e40c39d1862.gif,"₩29,000",,,260626,,,,,
,false,,오네,,전체,,체크 스카프,https://ohne.me/product/detail.html?product_no=6818,https://ohne.me/web/product/medium/20250609/cf6f9b7e15501dd9878c052b83fdd551.gif,"₩11,000",,,260626,,,,,
,false,,오네,,전체,,클램 네크리스,https://ohne.me/product/detail.html?product_no=6817,https://ohne.me/web/product/medium/20250609/8b0d4c1c8981098d3813393f8d9d7cdc.gif,"₩20,000",,,260626,,,,,
,false,,오네,,전체,,논페이드 핀턱 데님,https://ohne.me/product/detail.html?product_no=6811,https://ohne.me/web/product/medium/20250609/d82067a3d3d265dc6e731c9df32cb715.gif,"₩64,000",,,260626,,,,,
,false,,오네,,전체,,블룸 체크 블라우스,https://ohne.me/product/detail.html?product_no=6809,https://ohne.me/web/product/medium/20250609/67bb9c083cff32a403370afa7e75f26c.gif,"₩38,500",,,260626,,,,,
,false,,오네,,전체,,커브드 스티치 데님,https://ohne.me/product/detail.html?product_no=6808,https://ohne.me/web/product/medium/20250608/ec065e06fe97c851a590fb9168e040ef.gif,"₩53,000",,,260626,,,,,
,false,,오네,,전체,,트라이앵글 버뮤다 데님,https://ohne.me/product/detail.html?product_no=6807,https://ohne.me/web/product/medium/20250608/e9b9162882b6d8360895931da195adad.gif,"₩45,000",,,260626,,,,,
,false,,오네,,전체,,라이크 코튼 블라우스,https://ohne.me/product/detail.html?product_no=6806,https://ohne.me/web/product/medium/20250611/916b30b2a9f59693d719b4ab6e11bdff.gif,"₩44,000",,,260626,,,,,
,false,,오네,,전체,,레오파드 코튼 숏츠,https://ohne.me/product/detail.html?product_no=6803,https://ohne.me/web/product/medium/20250605/be8931890edbe7bf8ecec10c6734a5e2.gif,"₩52,000",,,260626,,,,,
,false,,오네,,전체,,피셔맨 샌들,https://ohne.me/product/detail.html?product_no=6802,https://ohne.me/web/product/medium/20250604/bf50086e7d717fda75c4a2b6798ec97c.png,"₩44,000",,,260626,,,,,
,false,,오네,,전체,,그릭 블로퍼,https://ohne.me/product/detail.html?product_no=6800,https://ohne.me/web/product/medium/20250604/a7dc6a9eed03e006c5b1e92988c93a4d.png,"₩49,000",,,260626,,,,,
,false,,오네,,전체,,포그 퍼프 블라우스,https://ohne.me/product/detail.html?product_no=6796,https://ohne.me/web/product/medium/20250529/967f433f25d65bd0ebf9e1699b75ecf9.gif,"₩56,000",,,260626,,,,,
,false,,오네,,전체,,딥 블루 버뮤다 데님,https://ohne.me/product/detail.html?product_no=6793,https://ohne.me/web/product/medium/20250528/a80b525e45077ef237108e992cd2c390.gif,"₩49,500",,,260626,,,,,
,false,,오네,,전체,,(딩일발송) 카멜 스트라이프 셔츠,https://ohne.me/product/detail.html?product_no=6791,https://ohne.me/web/product/medium/20250528/12894b7cd3f9de3809bdbb5ea78e1f25.gif,"₩58,000",,,260626,,,,,
,false,,오네,,전체,,써머 버클 부츠,https://ohne.me/product/detail.html?product_no=6790,https://ohne.me/web/product/medium/20250527/f2b85c8dfbc034178b87d572560a150e.gif,"₩62,000",,,260626,,,,,
,false,,오네,,전체,,웨이 드레이프 티,https://ohne.me/product/detail.html?product_no=6789,https://ohne.me/web/product/medium/20250527/dd3bd24efa47d542447193fce07a1754.gif,"₩29,000",,,260626,,,,,
,false,,오네,,전체,,모스 슬리브리스 원피스,https://ohne.me/product/detail.html?product_no=6787,https://ohne.me/web/product/medium/20250527/47d0fb9132e5b408fd83dc5fdc43a8c7.gif,"₩46,000",,,260626,,,,,
,false,,오네,,전체,,엘에이 하트 티,https://ohne.me/product/detail.html?product_no=6786,https://ohne.me/web/product/medium/20250527/a503c7b50070aa332fc7e3f5d41fc0b5.gif,"₩24,000",,,260626,,,,,
,false,,오네,,전체,,발레 리본 티,https://ohne.me/product/detail.html?product_no=6785,https://ohne.me/web/product/medium/20250527/bf5778d7fec3f9f75418d27f156ff996.gif,"₩23,000",,,260626,,,,,
,false,,오네,,전체,,모카 홀터 니트 탑,https://ohne.me/product/detail.html?product_no=6784,https://ohne.me/web/product/medium/20250526/401553c2ce9350610eaad498cb98bb69.gif,"₩23,000",,,260626,,,,,
,false,,오네,,전체,,벨티드 랩 팬츠,https://ohne.me/product/detail.html?product_no=6776,https://ohne.me/web/product/medium/20250526/1122a45f0d64664c152adadf67aaf2a4.gif,"₩45,000",,,260626,,,,,
,false,,오네,,전체,,(당일발송) 스터드 맥시 벨트,https://ohne.me/product/detail.html?product_no=6775,https://ohne.me/web/product/medium/20250526/c35ee0fa79f6115c199db7a24c31cdea.gif,"₩21,000",,,260626,,,,,
,false,,오네,,전체,,롱 부츠컷 데님,https://ohne.me/product/detail.html?product_no=6773,https://ohne.me/web/product/medium/20250524/2bbf70b3752ae187279ffb3cc93f4655.gif,"₩59,000",,,260626,,,,,
,false,,오네,,전체,,버튼 홀터 탑,https://ohne.me/product/detail.html?product_no=6770,https://ohne.me/web/product/medium/20260119/6a65ddb8b43ec8c339acc20d8bb4f7a4.gif,"₩25,000",,,260626,,,,,
,false,,오네,,전체,,포켓 레더 벨트,https://ohne.me/product/detail.html?product_no=6769,https://ohne.me/web/product/medium/20250523/fd8993298f28d1e197cb4b8ff73fbb94.gif,"₩36,000",,,260626,,,,,
,false,,오네,,전체,,플라워 랩 슬리브리스,https://ohne.me/product/detail.html?product_no=6768,https://ohne.me/web/product/medium/20250523/335840878e599fcfb7438144408ed1de.gif,"₩25,000",,,260626,,,,,
,false,,오네,,전체,,시스루 비치 원피스,https://ohne.me/product/detail.html?product_no=6767,https://ohne.me/web/product/medium/20250523/c88a1b14cf28c6cbdf78c6eb162a8fd9.gif,"₩51,500",,,260626,,,,,
,false,,오네,,전체,,"(단독, 화이트 당일발송) 벨 셔링 티",https://ohne.me/product/detail.html?product_no=6766,https://ohne.me/web/product/medium/20250522/4aa27803acde8c5bb120eb7676199bf5.gif,"₩28,000",,,260626,,,,,
,false,,오네,,전체,,버터리 스트라이프 셔츠,https://ohne.me/product/detail.html?product_no=6765,https://ohne.me/web/product/medium/20250522/67ffd31767a2df6a458bf9943719075d.gif,"₩59,000",,,260626,,,,,
,false,,오네,,전체,,쉘 가디건,https://ohne.me/product/detail.html?product_no=6760,https://ohne.me/web/product/medium/20250522/fe2d85229e0cb7a7720d14ef950e0338.gif,"₩61,000",,,260626,,,,,
,false,,오네,,전체,,코튼 와이드 팬츠,https://ohne.me/product/detail.html?product_no=6759,https://ohne.me/web/product/medium/20250520/28ebfae7426ee9bc04b5288925598cbc.gif,"₩39,000",,,260626,,,,,
,false,,오네,,전체,,베이직 도트 스카프,https://ohne.me/product/detail.html?product_no=6756,https://ohne.me/web/product/medium/20250520/fa075e6e0f9ba9a88d2f1e625b46d72a.gif,"₩9,000",,,260626,,,,,
,false,,오네,,전체,,스톤 카고 팬츠,https://ohne.me/product/detail.html?product_no=6754,https://ohne.me/web/product/medium/20250520/badf3bb25d0df7e21f65a213c8b5060e.gif,"₩55,000",,,260626,,,,,
,false,,오네,,전체,,소다 스트라이프 셔츠,https://ohne.me/product/detail.html?product_no=6753,https://ohne.me/web/product/medium/20250520/8aac4c9657e8d52323044995a30c64a9.gif,"₩58,000",,,260626,,,,,
,false,,오네,,전체,,벤트 체크 스커트,https://ohne.me/product/detail.html?product_no=6751,https://ohne.me/web/product/medium/20250520/e7ad5b42671eb47427c4ccab1c74778e.gif,"₩46,000",,,260626,,,,,
,false,,오네,,전체,,코튼 버뮤다 팬츠,https://ohne.me/product/detail.html?product_no=6750,https://ohne.me/web/product/medium/20250520/6c452e4e0db6464be88a50d30eb0eb14.gif,"₩46,000",,,260626,,,,,
,false,,오네,,전체,,커브드 탱크 탑,https://ohne.me/product/detail.html?product_no=6749,https://ohne.me/web/product/medium/20250520/59ec634bc329047bc07925a54d3abd1a.gif,"₩14,000",,,260626,,,,,
,false,,오네,,전체,,스트링 로우 버뮤다 데님,https://ohne.me/product/detail.html?product_no=6747,https://ohne.me/web/product/medium/20250519/7f7fc1201182a2bb253880766efa28bf.gif,"₩46,000",,,260626,,,,,
,false,,오네,,전체,,페이즐리 스카프,https://ohne.me/product/detail.html?product_no=6745,https://ohne.me/web/product/medium/20250516/5b3b60102a1555f5c665dc9d230ee65e.gif,"₩11,000",,,260626,,,,,
,false,,오네,,전체,,옐로우 다이드 버뮤다 데님,https://ohne.me/product/detail.html?product_no=6744,https://ohne.me/web/product/medium/20250516/d9868353b875ab148de6492d107afe95.gif,"₩61,000",,,260626,,,,,
,false,,오네,,전체,,스무스 체크 팬츠,https://ohne.me/product/detail.html?product_no=6740,https://ohne.me/web/product/medium/20250515/38b255801a02844ec79095cf6c214f11.gif,"₩52,000",,,260626,,,,,
,false,,오네,,전체,,홀리 퍼프 드레스,https://ohne.me/product/detail.html?product_no=6738,https://ohne.me/web/product/medium/20260320/e6b59193e03c21431474829eccc3ab9e.gif,"₩59,000",,,260626,,,,,
,false,,오네,,전체,,호피 버뮤다 팬츠,https://ohne.me/product/detail.html?product_no=6737,https://ohne.me/web/product/medium/20250515/168eef83877ad1fd0a749f3f19f7141e.gif,"₩50,000",,,260626,,,,,
,false,,오네,,전체,,메모리 블라우스,https://ohne.me/product/detail.html?product_no=6734,https://ohne.me/web/product/medium/20250515/283dada4755faad9b64d218c24060535.gif,"₩50,000",,,260626,,,,,
,false,,오네,,전체,,"(MADE,당일발송) 카키 레오파드 모노키니",https://ohne.me/product/detail.html?product_no=6733,https://ohne.me/web/product/medium/20250520/9270df5a8e316893fc0a17a80c869c8a.gif,"₩65,000",,,260626,,,,,
,false,,오네,,전체,,"(MADE, 당일발송) 호피 비키니",https://ohne.me/product/detail.html?product_no=6732,https://ohne.me/web/product/medium/20250514/23c8c2e8563a7f5969d1336a8a89ccab.gif,"₩68,000",,,260626,,,,,
,false,,오네,,전체,,"(MADE,당일발송) 프릴리 비키니 (카키)",https://ohne.me/product/detail.html?product_no=6731,https://ohne.me/web/product/medium/20250519/f778616d13931c4e34d42d590bcb2837.gif,"₩67,000",,,260626,,,,,
,false,,오네,,전체,,레이어드 도트 스카프,https://ohne.me/product/detail.html?product_no=6729,https://ohne.me/web/product/medium/20250513/7572b246eb7e7872ad88aa45e6cc62d4.png,"₩28,000",,,260626,,,,,
,false,,오네,,전체,,슬릿 카프리 팬츠,https://ohne.me/product/detail.html?product_no=6726,https://ohne.me/web/product/medium/20250513/59038ceafee02e3c1f57ee021cc8eed3.gif,"₩44,000",,,260626,,,,,
,false,,오네,,전체,,빌리 스트라이프 데님,https://ohne.me/product/detail.html?product_no=6722,https://ohne.me/web/product/medium/20250508/4955bc53dbc67c3fe1656019bb170ee5.gif,"₩48,000",,,260626,,,,,
,false,,오네,,전체,,써머 라인 팬츠,https://ohne.me/product/detail.html?product_no=6709,https://ohne.me/web/product/medium/20250429/c4bb5dd8237914a45faa1f2741f49fc7.gif,"₩37,000",,,260626,,,,,
,false,,오네,,전체,,컨트리 체크 셔츠,https://ohne.me/product/detail.html?product_no=6706,https://ohne.me/web/product/medium/20250426/20b6fc5a5824dbbeded856e05ec42f09.gif,"₩54,000",,,260626,,,,,
,false,,오네,,전체,,피피 스웻 팬츠,https://ohne.me/product/detail.html?product_no=6705,https://ohne.me/web/product/medium/20250425/cd4c120ff45616e48fda15110b89e12b.gif,"₩47,500",,,260626,,,,,
,false,,오네,,전체,,웨이스트 스트링 팬츠,https://ohne.me/product/detail.html?product_no=6704,https://ohne.me/web/product/medium/20250425/28b499572904f52c3c25745637e0ad32.gif,"₩63,000",,,260626,,,,,
,false,,오네,,전체,,탭 맥시 팬츠,https://ohne.me/product/detail.html?product_no=6702,https://ohne.me/web/product/medium/20250424/695127c43c54376d069478e59c6ad906.png,"₩57,500",,,260626,,,,,
,false,,오네,,전체,,웨스턴 벌룬 스커트,https://ohne.me/product/detail.html?product_no=6699,https://ohne.me/web/product/medium/20250424/018482f8f71f32e821623794d8033ad5.gif,"₩51,000",,,260626,,,,,
,false,,오네,,전체,,트위스트 스트라이프 티,https://ohne.me/product/detail.html?product_no=6697,https://ohne.me/web/product/medium/20250423/426f29a9ee90b9543dcff2b97af02368.gif,"₩29,000",,,260626,,,,,
,false,,오네,,전체,,스트라이프 패치 팬츠,https://ohne.me/product/detail.html?product_no=6696,https://ohne.me/web/product/medium/20250423/33eea1be2e3a35886d2694518c795660.gif,"₩54,000",,,260626,,,,,
,false,,오네,,전체,,올리브 비키니,https://ohne.me/product/detail.html?product_no=6693,https://ohne.me/web/product/medium/20250422/e6aa40711f4eb06b7b4bac007dd1276f.gif,"₩46,000",,,260626,,,,,
,false,,오네,,전체,,뎁스 밀리터리 팬츠,https://ohne.me/product/detail.html?product_no=6692,https://ohne.me/web/product/medium/20250422/f08b942184ff9813271bbb8dedf0e251.gif,"₩71,000",,,260626,,,,,
,false,,오네,,전체,,캣 벌룬 데님,https://ohne.me/product/detail.html?product_no=6689,https://ohne.me/web/product/medium/20250421/35a4bee99f5a42228827e1ce34b56b2c.gif,"₩63,000",,,260626,,,,,
,false,,오네,,전체,,데이지 로우 데님,https://ohne.me/product/detail.html?product_no=6685,https://ohne.me/web/product/medium/20250419/50ce35a9ecb50593dc8504931d0daf6c.gif,"₩54,000",,,260626,,,,,
,false,,오네,,전체,,써머 와이드 데님,https://ohne.me/product/detail.html?product_no=6682,https://ohne.me/web/product/medium/20250418/93b64df4cb98dbcd3dda0a88c3c1571a.gif,"₩38,000",,,260626,,,,,
,false,,오네,,전체,,(퍼플 당일발송) 제인 블라우스,https://ohne.me/product/detail.html?product_no=6681,https://ohne.me/web/product/medium/20250418/d00fd18cff1d30469caff6244c67c61f.gif,"₩37,000",,,260626,,,,,
,false,,오네,,전체,,스웨이드 테슬 부츠,https://ohne.me/product/detail.html?product_no=6679,https://ohne.me/web/product/medium/20250418/a9837d9592d19a52dc2eccfb1f17acc4.gif,"₩64,000",,,260626,,,,,
,false,,오네,,전체,,앤젤 와이드 데님,https://ohne.me/product/detail.html?product_no=6677,https://ohne.me/web/product/medium/20250417/ec81987f1e81c42a0a7afc042f968ea6.png,"₩54,000",,,260626,,,,,
,false,,오네,,전체,,클린 화이트 하프 팬츠,https://ohne.me/product/detail.html?product_no=6676,https://ohne.me/web/product/medium/20250417/238d8898a35f5b59a350b486965d9a9e.png,"₩46,000",,,260626,,,,,
,false,,오네,,전체,,언발란스 실키 블라우스,https://ohne.me/product/detail.html?product_no=6675,https://ohne.me/web/product/medium/20250417/6068eb3cd6e8224d46d82bb9802bfa8f.gif,"₩52,000",,,260626,,,,,
,false,,오네,,전체,,웨이브 도트 슬리브리스,https://ohne.me/product/detail.html?product_no=6671,https://ohne.me/web/product/medium/20250623/bef56c419afbed4bb3d0b3f4ec375b35.gif,"₩27,000",,,260626,,,,,
,false,,오네,,전체,,퍼프 도트 블라우스,https://ohne.me/product/detail.html?product_no=6668,https://ohne.me/web/product/medium/20250416/42a193dd96f3d6d0d9086da526648a41.gif,"₩43,000",,,260626,,,,,
,false,,오네,,전체,,제니 홀터 블라우스,https://ohne.me/product/detail.html?product_no=6662,https://ohne.me/web/product/medium/20250414/ef415e72b1acc27a343ce419b475a349.gif,"₩42,000",,,260626,,,,,
,false,,오네,,전체,,라임 체크 셔츠,https://ohne.me/product/detail.html?product_no=6658,https://ohne.me/web/product/medium/20250409/9f6596c79a3aa251f5f1af2e1a90ca32.gif,"₩39,000",,,260626,,,,,
,false,,오네,,전체,,페더 링클 셔츠,https://ohne.me/product/detail.html?product_no=6655,https://ohne.me/web/product/medium/20250409/6238b4cc56855c0d13099b429dafb22a.gif,"₩43,000",,,260626,,,,,
,false,,오네,,전체,,코튼 스커트 팬츠,https://ohne.me/product/detail.html?product_no=6654,https://ohne.me/web/product/medium/20250409/bdf56e9095f42b4a4959feb525eda639.gif,"₩57,000",,,260626,,,,,
,false,,오네,,전체,,스트라이프 펌킨 숏츠,https://ohne.me/product/detail.html?product_no=6653,https://ohne.me/web/product/medium/20250409/445ddd707d5beb8187e9145c0a55ec74.gif,"₩53,000",,,260626,,,,,
,false,,오네,,전체,,러프 레오파드 팬츠,https://ohne.me/product/detail.html?product_no=6650,https://ohne.me/web/product/medium/20250408/ea28f06bd44923beacfa2667031279c0.gif,"₩74,000",,,260626,,,,,
,false,,오네,,전체,,브링 네팅 가디건,https://ohne.me/product/detail.html?product_no=6645,https://ohne.me/web/product/medium/20250408/c2831e899807705c447361673d564809.gif,"₩55,500",,,260626,,,,,
,false,,오네,,전체,,앵클 데미지 데님,https://ohne.me/product/detail.html?product_no=6639,https://ohne.me/web/product/medium/shop1_57ad2341c7af4e6568b211d6f1959d30.gif,"₩43,000",,,260626,,,,,
,false,,오네,,전체,,민들레 블라우스,https://ohne.me/product/detail.html?product_no=6638,https://ohne.me/web/product/medium/shop1_cce374b9eb0078b5e49a7cc6fdce1604.gif,"₩44,000",,,260626,,,,,
,false,,오네,,전체,,모네 체크 블라우스,https://ohne.me/product/detail.html?product_no=6636,https://ohne.me/web/product/medium/shop1_2456934991a35f0437d5850c7b922490.gif,"₩35,000",,,260626,,,,,
,false,,오네,,전체,,퓨레 캉캉 스커트,https://ohne.me/product/detail.html?product_no=6635,https://ohne.me/web/product/medium/shop1_9a8b6f8e179605ed05786971676d09f2.gif,"₩64,000",,,260626,,,,,
,false,,오네,,전체,,로우 카펜터 버뮤다 데님,https://ohne.me/product/detail.html?product_no=6633,https://ohne.me/web/product/medium/shop1_dc7f4c14536522ea7efbdac9ff66922a.gif,"₩38,000",,,260626,,,,,
,false,,오네,,전체,,로맨틱 프릴 블라우스,https://ohne.me/product/detail.html?product_no=6626,https://ohne.me/web/product/medium/shop1_72ae5def0be14c7df85b835383216fe4.gif,"₩38,000",,,260626,,,,,
,false,,오네,,전체,,블랙 커브드 데님,https://ohne.me/product/detail.html?product_no=6619,https://ohne.me/web/product/medium/shop1_df27c7b43c5277fdd15b017636fa7273.gif,"₩43,000",,,260626,,,,,
,false,,오네,,전체,,워커 벌룬 팬츠,https://ohne.me/product/detail.html?product_no=6617,https://ohne.me/web/product/medium/shop1_9783a38e2a4d9eb25190cd80ec1ecfbd.gif,"₩58,000",,,260626,,,,,
,false,,오네,,전체,,데끼 와이드 데님,https://ohne.me/product/detail.html?product_no=6615,https://ohne.me/web/product/medium/shop1_c667cec9f4ff50ba303ecd7e3c485035.gif,"₩55,000",,,260626,,,,,
,false,,오네,,전체,,클린 버뮤다 팬츠,https://ohne.me/product/detail.html?product_no=6614,https://ohne.me/web/product/medium/shop1_76e3fa5d765186dc5c461e3cf4df29a5.gif,"₩48,000",,,260626,,,,,
,false,,오네,,전체,,도트 스트링 블라우스,https://ohne.me/product/detail.html?product_no=6610,https://ohne.me/web/product/medium/shop1_e5b657de7707a4691efd3414e4296d63.gif,"₩40,000",,,260626,,,,,
,false,,오네,,전체,,마인 워시드 데님,https://ohne.me/product/detail.html?product_no=6605,https://ohne.me/web/product/medium/shop1_ba97719cbd9e8d6d3a9cdd623757960d.gif,"₩44,000",,,260626,,,,,
,false,,오네,,전체,,(당일발송) 리버시블 코튼 티,https://ohne.me/product/detail.html?product_no=6601,https://ohne.me/web/product/medium/20250806/cf3dca988e8650d707aeb9160a5c45ad.gif,"₩26,000",,,260626,,,,,
,false,,오네,,전체,,언발란스 니트 슬리브리스,https://ohne.me/product/detail.html?product_no=6597,https://ohne.me/web/product/medium/20250806/a86cc4426164796c1064f67d583e48ec.gif,"₩24,000",,,260626,,,,,
,false,,오네,,전체,,패브 미디 스커트,https://ohne.me/product/detail.html?product_no=6592,https://ohne.me/web/product/medium/20250806/641245a6f45e9afc183abc0667669674.gif,"₩45,000",,,260626,,,,,
,false,,오네,,전체,,잉글랜드 카펜터 데님,https://ohne.me/product/detail.html?product_no=6590,https://ohne.me/web/product/medium/20250806/e4322782e36fadb38ca5ce0977b6aa2c.gif,"₩48,000",,,260626,,,,,
,false,,오네,,전체,,마리 와이드 슬랙스,https://ohne.me/product/detail.html?product_no=6589,https://ohne.me/web/product/medium/shop1_ca3fee794d5756f8fc1f1842ecc4453c.gif,"₩55,000",,,260626,,,,,
,false,,오네,,전체,,드레시 타이 블라우스,https://ohne.me/product/detail.html?product_no=6588,https://ohne.me/web/product/medium/20251117/98661f2f9064e66d5a33ed153a1a419c.gif,"₩49,000",,,260626,,,,,
,false,,오네,,전체,,빈티지 맥시 데님 스커트,https://ohne.me/product/detail.html?product_no=6587,https://ohne.me/web/product/medium/shop1_f6679adabadddebda34a5f72d47aa717.gif,"₩38,000",,,260626,,,,,
,false,,오네,,전체,,데일리 삭스,https://ohne.me/product/detail.html?product_no=6586,https://ohne.me/web/product/medium/shop1_109e8c7c2d6ff0cfa18465a220f86537.gif,"₩5,000",,,260626,,,,,
,false,,오네,,전체,,미우 후디 블라우스,https://ohne.me/product/detail.html?product_no=6577,https://ohne.me/web/product/medium/shop1_667495fb410a38dab490dfd0bf1a479d.gif,"₩43,000",,,260626,,,,,
,false,,오네,,전체,,포켓 스트라이프 셔츠,https://ohne.me/product/detail.html?product_no=6566,https://ohne.me/web/product/medium/shop1_19c72b5ccd817b8a7802876457af2d51.gif,"₩58,000",,,260626,,,,,
,false,,오네,,전체,,카프리 스트라이프 ㅡ커트,https://ohne.me/product/detail.html?product_no=6565,https://ohne.me/web/product/medium/shop1_76b71da49c892c4de705fc4c7c054dcb.gif,"₩49,000",,,260626,,,,,
,false,,오네,,전체,,바이스 네팅 니트,https://ohne.me/product/detail.html?product_no=6564,https://ohne.me/web/product/medium/shop1_d6cab1c7d721ea179f798fdd70d2f073.gif,"₩37,000",,,260626,,,,,
,false,,오네,,전체,,홀터 니트 원피스,https://ohne.me/product/detail.html?product_no=6563,https://ohne.me/web/product/medium/shop1_d16dd856258d5a93b6bca77af6b0dfd1.gif,"₩62,000",,,260626,,,,,
,false,,오네,,전체,,로우 블랙 와이드 데님,https://ohne.me/product/detail.html?product_no=6559,https://ohne.me/web/product/medium/shop1_09bba0d2b0ebf456029632c8e9969fc0.gif,"₩40,000",,,260626,,,,,
,false,,오네,,전체,,벌룬 라이트 데님,https://ohne.me/product/detail.html?product_no=6558,https://ohne.me/web/product/medium/shop1_bbe5ed63bfccf586973803dc2a70e56e.gif,"₩47,000",,,260626,,,,,
,false,,오네,,전체,,블라우 체크 셔츠,https://ohne.me/product/detail.html?product_no=6557,https://ohne.me/web/product/medium/shop1_fb4236bab2ce704da0243197ef4e8635.gif,"₩54,000",,,260626,,,,,
,false,,오네,,전체,,옐로우 태슬 데님 스커트,https://ohne.me/product/detail.html?product_no=6552,https://ohne.me/web/product/medium/shop1_fad0cea8cb678a5db090d8e64dc181b8.gif,"₩43,000",,,260626,,,,,
,false,,오네,,전체,,선플라워 새틴 드레스,https://ohne.me/product/detail.html?product_no=6543,https://ohne.me/web/product/medium/20260313/7c5e2142b05cc6d967ca63ddb13c721f.gif,"₩78,000",,,260626,,,,,
,false,,오네,,전체,,버터 브러쉬 데님,https://ohne.me/product/detail.html?product_no=6540,https://ohne.me/web/product/medium/shop1_d4301e9de5d917e24159887fce4442da.gif,"₩44,000",,,260626,,,,,
,false,,오네,,전체,,데이 루즈 데님,https://ohne.me/product/detail.html?product_no=6534,https://ohne.me/web/product/medium/shop1_37b7d44ef3a5ad2aa513370a59d28ce0.gif,"₩58,000",,,260626,,,,,
,false,,오네,,전체,,부클 루즈 가디건,https://ohne.me/product/detail.html?product_no=6525,https://ohne.me/web/product/medium/shop1_b16779a7db5baeeb62392bd0d90b880c.gif,"₩41,000",,,260626,,,,,
,false,,오네,,전체,,립스 레이어드 네크리스,https://ohne.me/product/detail.html?product_no=6523,https://ohne.me/web/product/medium/20250806/1a7712d18eeebc2a67b3e85f305fdab4.gif,"₩23,000",,,260626,,,,,
,false,,오네,,전체,,써클 링 네크리스,https://ohne.me/product/detail.html?product_no=6522,https://ohne.me/web/product/medium/20250806/a613f0b81c017765360b2a535d9fc80f.jpg,"₩17,000",,,260626,,,,,
,false,,오네,,전체,,논페이드 핀턱 데님,https://ohne.me/product/detail.html?product_no=6513,https://ohne.me/web/product/medium/shop1_c92250f06538927b6e3c70f65ba9d725.gif,"₩52,000",,,260626,,,,,
,false,,오네,,전체,,로즈 밴딩 팬츠,https://ohne.me/product/detail.html?product_no=6510,https://ohne.me/web/product/medium/20250806/9d15f2c492218a5bb430a16f57b61d8a.jpg,"₩35,000",,,260626,,,,,
,false,,오네,,전체,,캐주얼 와이드 팬츠,https://ohne.me/product/detail.html?product_no=6509,https://ohne.me/web/product/medium/shop1_e21e796fa0568098aedd8b91a91bbc40.gif,"₩45,000",,,260626,,,,,
,false,,오네,,전체,,(당일발송) 미들 체크 스커트,https://ohne.me/product/detail.html?product_no=6507,https://ohne.me/web/product/medium/shop1_ea1acb6b2219647f55b3bffc38c4adbe.gif,"₩46,000",,,260626,,,,,
,false,,오네,,전체,,크랙 바이커 부츠,https://ohne.me/product/detail.html?product_no=6499,https://ohne.me/web/product/medium/20250401/ee4eabbf7427fb6c846849d2f9202a7a.jpg,"₩63,000",,,260626,,,,,
,false,,오네,,전체,,(당일발송) 홀터 스트링 슬리브리스,https://ohne.me/product/detail.html?product_no=6493,https://ohne.me/web/product/medium/20250806/5869c3fe74de65943ef0f9fa4479c4a9.gif,"₩17,000",,,260626,,,,,
,false,,오네,,전체,,니즈 커브드 팬츠,https://ohne.me/product/detail.html?product_no=6489,https://ohne.me/web/product/medium/shop1_48bd3b137a68ba65b854f357ea3df32b.gif,"₩44,000",,,260626,,,,,
,false,,오네,,전체,,모먼트 슬리브리스,https://ohne.me/product/detail.html?product_no=6487,https://ohne.me/web/product/medium/20250806/06bcb514781c8f9078ce9c46a588c401.gif,"₩22,000",,,260626,,,,,
,false,,오네,,전체,,로즈 벨벳 스커트,https://ohne.me/product/detail.html?product_no=6479,https://ohne.me/web/product/medium/shop1_fbe9da502d5d882e8cdfc4ce85f00224.gif,"₩38,000",,,260626,,,,,
,false,,오네,,전체,,스트링 레이스 블라우스,https://ohne.me/product/detail.html?product_no=6468,https://ohne.me/web/product/medium/shop1_d907349bec16325a703c8be3df45914d.gif,"₩36,000",,,260626,,,,,
,false,,오네,,전체,,버튼 터틀 니트,https://ohne.me/product/detail.html?product_no=6415,https://ohne.me/web/product/medium/shop1_a8b36b104f20b66640d75d06a04e5613.gif,"₩41,000",,,260626,,,,,
,false,,오네,,전체,,타이디 블랙 커브드 팬츠,https://ohne.me/product/detail.html?product_no=6412,https://ohne.me/web/product/medium/shop1_0b5abaf90a391be95a6a7d567dc903e3.gif,"₩42,000",,,260626,,,,,
,false,,오네,,전체,,호피 벨트 백,https://ohne.me/product/detail.html?product_no=6408,https://ohne.me/web/product/medium/20250806/3c5b4e79910a73a7962d5070eb0d0c43.gif,"₩62,000",,,260626,,,,,
,false,,오네,,전체,,런던 시어링 자켓,https://ohne.me/product/detail.html?product_no=6404,https://ohne.me/web/product/medium/shop1_d10f4e33ebe50b811e1f0f5b6bf42406.gif,"₩229,000",,,260626,,,,,
,false,,오네,,전체,,데이지 펀칭 슬리브리스,https://ohne.me/product/detail.html?product_no=6396,https://ohne.me/web/product/medium/shop1_2ba2e14ba15c9a2e090bb2f589bbd392.gif,"₩27,000",,,260626,,,,,
,false,,오네,,전체,,가든 레이어드 티,https://ohne.me/product/detail.html?product_no=6391,https://ohne.me/web/product/medium/shop1_c91301aedf54a39aa11f4fae52c962d5.gif,"₩38,500",,,260626,,,,,
,false,,오네,,전체,,데일리 조거 스웻 팬츠,https://ohne.me/product/detail.html?product_no=6383,https://ohne.me/web/product/medium/shop1_80d8991c8ce4295a5d54128f7c7f2817.gif,"₩53,000",,,260626,,,,,
,false,,오네,,전체,,애프터 스노우 니트,https://ohne.me/product/detail.html?product_no=6377,https://ohne.me/web/product/medium/shop1_fec636e16037ece89dffba3123dd2cec.gif,"₩53,000",,,260626,,,,,
,false,,오네,,전체,,다크 호피 팬츠,https://ohne.me/product/detail.html?product_no=6375,https://ohne.me/web/product/medium/20250416/89d76dd751ce65df8eb48c5446d5f543.gif,"₩53,000",,,260626,,,,,
,false,,오네,,전체,,헤어리 오프 니트,https://ohne.me/product/detail.html?product_no=6334,https://ohne.me/web/product/medium/shop1_f152029039c0fa549dcb76a41761e0ca.gif,"₩51,000",,,260626,,,,,
,false,,오네,,전체,,논페이드 스티치 데님,https://ohne.me/product/detail.html?product_no=6331,https://ohne.me/web/product/medium/shop1_bc0f4453a8fcbee5d345f9dda565bd03.gif,"₩63,000",,,260626,,,,,
,false,,오네,,전체,,애프터눈 스트링 블라우스,https://ohne.me/product/detail.html?product_no=6329,https://ohne.me/web/product/medium/shop1_bc87e84c3ef5001a67b2f5b0196eac8a.gif,"₩56,000",,,260626,,,,,
,false,,오네,,전체,,핀 스트라이프 셔츠,https://ohne.me/product/detail.html?product_no=6327,https://ohne.me/web/product/medium/20250909/7a4f1d718c300a015e779b7dd180d2d2.jpeg,"₩53,000",,,260626,,,,,
,false,,오네,,전체,,로지 슬립 드레스,https://ohne.me/product/detail.html?product_no=6322,https://ohne.me/web/product/medium/shop1_9b043c6b345ec67d31023e2c7320f0a1.gif,"₩66,000",,,260626,,,,,
,false,,오네,,전체,,엘르 스웨이드 벨트,https://ohne.me/product/detail.html?product_no=6314,https://ohne.me/web/product/medium/20250401/38582573ce82d877b22bc44d8e9c5851.jpg,"₩25,000",,,260626,,,,,
,false,,오네,,전체,,버클 지퍼 레더 부츠,https://ohne.me/product/detail.html?product_no=6308,https://ohne.me/web/product/medium/20250401/8a38a703e7565585ff47f9b1d7bdabbb.jpg,"₩63,000",,,260626,,,,,
,false,,오네,,전체,,bell tie blouse,https://ohne.me/product/detail.html?product_no=6282,https://ohne.me/web/product/medium/shop1_3ad5f085d44ccbfd69395966b0de95ec.gif,"₩79,000",,,260626,,,,,
,false,,오네,,전체,,페더 태슬 자켓,https://ohne.me/product/detail.html?product_no=6276,https://ohne.me/web/product/medium/20250806/5b0f48e697607aff7449c7d6e269ec8f.gif,"₩74,000",,,260626,,,,,
,false,,오네,,전체,,넥스트 폴딩 부츠,https://ohne.me/product/detail.html?product_no=6233,https://ohne.me/web/product/medium/shop1_47ff2ea27417db3a4544840ff0cf9dcb.gif,"₩65,000",,,260626,,,,,
,false,,오네,,전체,,스테이 스웨이드 자켓,https://ohne.me/product/detail.html?product_no=6209,https://ohne.me/web/product/medium/shop1_fc84e9cfa2a9dd92a51591761bf575fd.gif,"₩117,000",,,260626,,,,,
,false,,오네,,전체,,포레스트 레이스 슬리브리스,https://ohne.me/product/detail.html?product_no=6203,https://ohne.me/web/product/medium/shop1_9d7f377007c2a2152b1cbc48bf9fcb78.gif,"₩44,000",,,260626,,,,,
,false,,오네,,전체,,스노우 브라우니 팬츠,https://ohne.me/product/detail.html?product_no=6196,https://ohne.me/web/product/medium/shop1_48d87c46b94340fe0d0f92bb1646e07b.gif,"₩49,000",,,260626,,,,,
,false,,오네,,전체,,울 골지 니트,https://ohne.me/product/detail.html?product_no=6195,https://ohne.me/web/product/medium/shop1_5aa43caf44e79ece1f2deb36dec22822.gif,"₩36,000",,,260626,,,,,
,false,,오네,,전체,,니즈 루즈 가디건,https://ohne.me/product/detail.html?product_no=6193,https://ohne.me/web/product/medium/shop1_cc01f719bbc2006d3633da4903c32f08.gif,"₩70,000",,,260626,,,,,
,false,,오네,,전체,,코튼 부츠컷 팬츠,https://ohne.me/product/detail.html?product_no=6187,https://ohne.me/web/product/medium/shop1_ae9e6c1d3b2004dff42af679177d34c8.gif,"₩45,000",,,260626,,,,,
,false,,오네,,전체,,웨스턴 스웨이드 자켓,https://ohne.me/product/detail.html?product_no=6163,https://ohne.me/web/product/medium/20250806/272ca2202120235fd946bae244e66f56.gif,"₩76,000",,,260626,,,,,
,false,,오네,,전체,,필드 카고 팬츠,https://ohne.me/product/detail.html?product_no=6161,https://ohne.me/web/product/medium/shop1_77f7fca2a289b2e481a92e663ae1ca25.gif,"₩53,000",,,260626,,,,,
,false,,오네,,전체,,와이드 웨스턴 벨트,https://ohne.me/product/detail.html?product_no=6104,https://ohne.me/web/product/medium/shop1_9a165f8ffa820afffde991489d63ed56.gif,"₩27,000",,,260626,,,,,
,false,,오네,,전체,,내추럴 카고 팬츠,https://ohne.me/product/detail.html?product_no=6082,https://ohne.me/web/product/medium/shop1_24f37026fab240951ca346ef0fafef76.gif,"₩63,000",,,260626,,,,,
,false,,오네,,전체,,피그먼트 카고 버뮤다 팬츠,https://ohne.me/product/detail.html?product_no=6075,https://ohne.me/web/product/medium/shop1_4de77143eac3b21517e699596fd3bd02.gif,"₩50,500",,,260626,,,,,
,false,,오네,,전체,,핑키 스트라이프 셔츠,https://ohne.me/product/detail.html?product_no=6069,https://ohne.me/web/product/medium/20250608/b341dc3c14848a2b8ba2ccb0d432f966.jpeg,"₩58,000",,,260626,,,,,
,false,,오네,,전체,,"(made,당일발송) 호이 모노키니",https://ohne.me/product/detail.html?product_no=6066,https://ohne.me/web/product/medium/20250806/ac36a39b57d2e9f34be417552690d99a.gif,"₩66,000",,,260626,,,,,
,false,,오네,,전체,,헤르츠 네크리스,https://ohne.me/product/detail.html?product_no=6000,https://ohne.me/web/product/medium/shop1_cd93208efb740f32f70b0ee3ae33e4d4.gif,"₩16,000",,,260626,,,,,
,false,,오네,,전체,,(단독) 버터 블라우스,https://ohne.me/product/detail.html?product_no=5968,https://ohne.me/web/product/medium/shop1_23459b4e6bd3028ca6d9ab9cf04d6f54.gif,"₩44,000",,,260626,,,,,
,false,,오네,,전체,,레이지 체크 셔츠,https://ohne.me/product/detail.html?product_no=5956,https://ohne.me/web/product/medium/20260519/4c4097e1add86c54d52cc8194203c182.gif,"₩44,650",,,260626,,,,,
,false,,오네,,전체,,대디 레더 자켓,https://ohne.me/product/detail.html?product_no=5932,https://ohne.me/web/product/medium/shop1_03ba9bcf27e269b0b6a4994eb91b0876.gif,"₩124,000",,,260626,,,,,
,false,,오네,,전체,,suede belt,https://ohne.me/product/detail.html?product_no=5922,https://ohne.me/web/product/medium/20250401/ed993f72bf56d75da62bf8518a9de97b.jpg,"₩34,000",,,260626,,,,,
,false,,오네,,전체,,플라워 코튼 티,https://ohne.me/product/detail.html?product_no=5905,https://ohne.me/web/product/medium/shop1_14183f80e9a463e3a9eb66827a734141.gif,"₩43,000",,,260626,,,,,
,false,,오네,,전체,,포니 라이트 데님,https://ohne.me/product/detail.html?product_no=5893,https://ohne.me/web/product/medium/shop1_bcc576ec5f4323d9abbb96f360f0beb2.gif,"₩68,000",,,260626,,,,,
,false,,오네,,전체,,던 슬릿 니트,https://ohne.me/product/detail.html?product_no=5879,https://ohne.me/web/product/medium/20250915/82cd6871c079548464450a5e3af8fac3.gif,"₩38,000",,,260626,,,,,
,false,,오네,,전체,,스프링 라운드 가디건,https://ohne.me/product/detail.html?product_no=5870,https://ohne.me/web/product/medium/shop1_b6351b1dd18649841776087f0b013e9c.gif,"₩44,000",,,260626,,,,,
,false,,오네,,전체,,허그 네팅 가디건,https://ohne.me/product/detail.html?product_no=5868,https://ohne.me/web/product/medium/shop1_a28a7136264115b06e45d13ab34db23e.gif,"₩59,000",,,260626,,,,,
,false,,오네,,전체,,트리플 라인 팬츠,https://ohne.me/product/detail.html?product_no=5866,https://ohne.me/web/product/medium/shop1_d48389d9a109ab3335aebee91c939f4e.gif,"₩47,000",,,260626,,,,,
,false,,오네,,전체,,헤어리 오버 니트 집업,https://ohne.me/product/detail.html?product_no=5857,https://ohne.me/web/product/medium/shop1_0f2d90baf6a3ce9d7bce3dea00872c04.gif,"₩79,000",,,260626,,,,,
,false,,오네,,전체,,골지 타이즈,https://ohne.me/product/detail.html?product_no=5820,https://ohne.me/web/product/medium/shop1_ec0484a665b192edb2ab3ca68ca604d9.gif,"₩15,000",,,260626,,,,,
,false,,오네,,전체,,아워 하이 벨티드 코트,https://ohne.me/product/detail.html?product_no=5783,https://ohne.me/web/product/medium/shop1_bea111bc798b07accd24fa939eba80a0.gif,"₩167,500",,,260626,,,,,
,false,,오네,,전체,,데일리 코튼 팬츠,https://ohne.me/product/detail.html?product_no=5580,https://ohne.me/web/product/medium/shop1_3703b9f24bd3d65a05f9844c7b14ef03.gif,"₩36,000",,,260626,,,,,
,false,,오네,,전체,,"(단독, 당일발송) 보헤미안 비키니",https://ohne.me/product/detail.html?product_no=5504,https://ohne.me/web/product/medium/20260217/f498469ffe0016a2e12bd7b8684e9861.gif,"₩67,000",,,260626,,,,,
,false,,오네,,전체,,camo maxi skirt,https://ohne.me/product/detail.html?product_no=5351,https://ohne.me/web/product/medium/shop1_9be351c3f2b0273a1a3c429073edd390.gif,"₩63,000",,,260626,,,,,
,false,,오네,,전체,,플러피 가디건,https://ohne.me/product/detail.html?product_no=5312,https://ohne.me/web/product/medium/shop1_18d124b62c95f6ed66bbc1be57e05a2a.gif,"₩54,000",,,260626,,,,,
,false,,오네,,전체,,(당일발송) 플로우 셔링 원피스,https://ohne.me/product/detail.html?product_no=5181,https://ohne.me/web/product/medium/20260423/0e5f664805b5948512e1f8e0dee81f7d.gif,"₩83,000",,,260626,,,,,
