platform,is_ranking,rank,brand,main_category,category,gender,product_name,product_detail_url,thumbnail,regular_price,current_price,discount_rate,crawled_at,color,material,details,rating,reviews
,false,,사파리스팟,,카테고리98,,1/2 Double Breasted Linen Half Shirt (Ivory),https://safarispot.kr/product/detail.html?product_no=1368,https://safarispot.kr/web/product/medium/202603/b2f7bfab1f92e137e6f27960e942fab3.jpg,"₩88,000",,,260626,,,,,
,false,,사파리스팟,,카테고리98,,1/2 Split Hem Plus T-Shirt (Gray),https://safarispot.kr/product/detail.html?product_no=1358,https://safarispot.kr/web/product/medium/202603/2c76ff8534ac8c7bb4abd13cfe9ed2b0.jpg,"₩58,000",,,260626,,,,,
,false,,사파리스팟,,카테고리98,,1/2 Mock Neck T-Shirt (Beige),https://safarispot.kr/product/detail.html?product_no=1354,https://safarispot.kr/web/product/medium/202603/2956a6548ff4eaff69083ba3e60b340e.jpg,"₩53,000",,,260626,,,,,
,false,,사파리스팟,,카테고리98,,1/2 Mock Neck T-Shirt (Olive),https://safarispot.kr/product/detail.html?product_no=1353,https://safarispot.kr/web/product/medium/202603/659b2663d62d56ae595df63a1ce1ee57.jpg,"₩53,000",,,260626,,,,,
,false,,사파리스팟,,카테고리98,,1/2 Cuff Cropped Pants (Ivory),https://safarispot.kr/product/detail.html?product_no=1347,https://safarispot.kr/web/product/medium/202603/8fa53428291039b145cbe955d30c1caa.jpg,"₩108,000",,,260626,,,,,
,false,,사파리스팟,,카테고리98,,1/2 Washed Linen Slub Shorts (Brown),https://safarispot.kr/product/detail.html?product_no=1342,https://safarispot.kr/web/product/medium/202603/40b7978043d507efb74a46845a3e0bb3.jpg,"₩98,000",,,260626,,,,,
,false,,사파리스팟,,카테고리98,,AUTHENTIC STEPHEN HALF PANTS (NAVY),https://safarispot.kr/product/detail.html?product_no=958,https://safarispot.kr/web/product/medium/202505/6c9474f659df113ef2e69d1bd0791de4.jpg,"₩94,000",,,260626,,,,,
,false,,사파리스팟,,카테고리98,,1/2 Denim Baggy Shorts (Indigo),https://safarispot.kr/product/detail.html?product_no=1338,https://safarispot.kr/web/product/medium/202604/ea145a3e9fdf3cfa57aaa9df2a0607bc.jpg,"₩108,000",,,260626,,,,,
,false,,사파리스팟,,카테고리98,,AUTHENTIC LIGHT VEST WINDBREAKER (PURPLE),https://safarispot.kr/product/detail.html?product_no=964,https://safarispot.kr/web/product/medium/202504/9e1d3a099bb2bf4368b83180edb8e6e2.jpg,"₩143,000",,,260626,,,,,
,false,,사파리스팟,,카테고리98,,AUTHENTIC LIGHT VEST WINDBREAKER (BLACK),https://safarispot.kr/product/detail.html?product_no=965,https://safarispot.kr/web/product/medium/202504/e626b286e3da7f6d461e922efa451145.jpg,"₩143,000",,,260626,,,,,
,false,,사파리스팟,,카테고리98,,1/2 Comportable Cropped Pants (Brown),https://safarispot.kr/product/detail.html?product_no=1340,https://safarispot.kr/web/product/medium/202603/9525aed6714f5ff9987d94bee3bae43c.jpg,"₩108,000",,,260626,,,,,
,false,,사파리스팟,,카테고리98,,1/2 Comportable Cropped Pants (Navy),https://safarispot.kr/product/detail.html?product_no=1339,https://safarispot.kr/web/product/medium/202603/42951895a99da37e0b3f537bacb99553.jpg,"₩108,000",,,260626,,,,,
,false,,사파리스팟,,카테고리98,,Soft Wire Brim Cap (Charcoal),https://safarispot.kr/product/detail.html?product_no=1336,https://safarispot.kr/web/product/medium/202603/bba053c8993e6e52b3ed197c7b4df2e1.jpg,"₩68,000",,,260626,,,,,
,false,,사파리스팟,,카테고리98,,AUTHENTIC WASHING DENIM SKIRT (BLUE),https://safarispot.kr/product/detail.html?product_no=950,https://safarispot.kr/web/product/medium/202505/c007897db2cf20a743905307e230b30a.jpg,"₩123,000",,,260626,,,,,
,false,,사파리스팟,,카테고리98,,1/2 BLEND PATCH SWEATSHIRTS (CHARCOAL/BROWN),https://safarispot.kr/product/detail.html?product_no=877,https://safarispot.kr/web/product/medium/202505/1826839f8dc48c8e80520c1f3ed968cc.jpg,"₩81,000",,,260626,,,,,
,false,,사파리스팟,,카테고리98,,Herringbone Linen Scarf (Gray),https://safarispot.kr/product/detail.html?product_no=1329,https://safarispot.kr/web/product/medium/202603/e0ce2edd391639d95a8f6e11baa8531c.jpg,"₩53,000",,,260626,,,,,
,false,,사파리스팟,,카테고리98,,Herringbone Linen Scarf (Blue),https://safarispot.kr/product/detail.html?product_no=1328,https://safarispot.kr/web/product/medium/202603/f508762eb7f6fa03de658b6992c8db03.jpg,"₩53,000",,,260626,,,,,
,false,,사파리스팟,,카테고리98,,REGULAR WIDE WORK HALF PANTS (DENIM),https://safarispot.kr/product/detail.html?product_no=961,https://safarispot.kr/web/product/medium/202504/12d2ecc91cc7291978f5a3ce8387d9a4.jpg,"₩108,000",,,260626,,,,,
,false,,사파리스팟,,카테고리98,,REGULAR WIDE WORK HALF PANTS (BEIGE),https://safarispot.kr/product/detail.html?product_no=962,https://safarispot.kr/web/product/medium/202504/7fa814e5b38a631383412ba17a68209e.jpg,"₩108,000",,,260626,,,,,
,false,,사파리스팟,,카테고리98,,REGULAR CHECK ANORAK (BROWN),https://safarispot.kr/product/detail.html?product_no=904,https://safarispot.kr/web/product/medium/202505/e3fffe567bb0a69820cc94d1ae72dbbb.jpg,"₩128,000",,,260626,,,,,
,false,,사파리스팟,,카테고리98,,PATCHWORK CRAFTED HOODIE (CHARCOAL),https://safarispot.kr/product/detail.html?product_no=914,https://safarispot.kr/web/product/medium/202505/b395c795a07a863fea8ea59e560d23f9.jpg,"₩128,000",,,260626,,,,,
,false,,사파리스팟,,카테고리98,,Regular Two Tone Half Shirts (White/Gray),https://safarispot.kr/product/detail.html?product_no=949,https://safarispot.kr/web/product/medium/202602/e7de5ea166f9f474b488aebcb004bdb6.jpg,"₩108,000",,,260626,,,,,
,false,,사파리스팟,,카테고리98,,Regular Snap Frill Shirts (White),https://safarispot.kr/product/detail.html?product_no=943,https://safarispot.kr/web/product/medium/202602/cb2c4c92251c18433ab89f5293dbab66.jpg,"₩117,000",,,260626,,,,,
,false,,사파리스팟,,카테고리98,,1/2 Authentic Pigment Washing Half Crew (Gray),https://safarispot.kr/product/detail.html?product_no=876,https://safarispot.kr/web/product/medium/202505/5026a90d8ab7ab88f1ec15df25caf0e7.jpg,"₩79,000",,,260626,,,,,
,false,,사파리스팟,,카테고리98,,Authentic Trainee Easy Pants (Navy),https://safarispot.kr/product/detail.html?product_no=959,https://safarispot.kr/web/product/medium/202603/6a69b0b8e47a27d783d0062e6d67fee3.jpg,"₩108,000",,,260626,,,,,
,false,,사파리스팟,,카테고리98,,Authentic Trainee Easy Pants (Gray),https://safarispot.kr/product/detail.html?product_no=960,https://safarispot.kr/web/product/medium/202603/a724b71d11501d78875eb490ba643721.jpg,"₩108,000",,,260626,,,,,
,false,,사파리스팟,,카테고리98,,Authentic Denim Wind Breaker (Indigo),https://safarispot.kr/product/detail.html?product_no=966,https://safarispot.kr/web/product/medium/202602/2f3b3c45a5ec1c3a181a13ee72d49825.jpg,"₩188,000",,,260626,,,,,
,false,,사파리스팟,,카테고리98,,AUTHENTIC NYLON PINTUCK STRAIGHT PANTS (BLACK),https://safarispot.kr/product/detail.html?product_no=951,https://safarispot.kr/web/product/medium/202504/ef4105a332864ad48299a26b3bb7a8e3.jpg,"₩139,000",,,260626,,,,,
,false,,사파리스팟,,카테고리98,,AUTHENTIC NYLON PINTUCK STRAIGHT PANTS (BEIGE),https://safarispot.kr/product/detail.html?product_no=952,https://safarispot.kr/web/product/medium/202504/766ff05cfe3fb5b9875c6f44d9537061.jpg,"₩139,000",,,260626,,,,,
,false,,사파리스팟,,카테고리98,,Regular Tartan Check Shirts (Ivory/Navy),https://safarispot.kr/product/detail.html?product_no=944,https://safarispot.kr/web/product/medium/202602/563587e42e9543c5e63a431d823e35f0.jpg,"₩112,000",,,260626,,,,,
,false,,사파리스팟,,카테고리98,,Regular Cotton Check Shirts (Black),https://safarispot.kr/product/detail.html?product_no=947,https://safarispot.kr/web/product/medium/202602/73635ea2de2496c517e07e212ef062db.jpg,"₩112,000",,,260626,,,,,
,false,,사파리스팟,,카테고리98,,Regular Linen Rayon Shirts (White),https://safarispot.kr/product/detail.html?product_no=948,https://safarispot.kr/web/product/medium/202602/ff4f1f48f8c5ab58d292758ef7dc9b5e.jpg,"₩117,000",,,260626,,,,,
,false,,사파리스팟,,카테고리98,,REGULAR EASY SWEATSHIRTS (HEATHER GRAY),https://safarispot.kr/product/detail.html?product_no=864,https://safarispot.kr/web/product/medium/202505/004da6c1807973a01884cbb9867a974d.jpg,"₩89,000",,,260626,,,,,
,false,,사파리스팟,,카테고리98,,REGULAR EASY SWEATPANTS (HEATHER GRAY),https://safarispot.kr/product/detail.html?product_no=865,https://safarispot.kr/web/product/medium/202504/dbdc24659e34ab4347104ef40e6ff959.jpg,"₩104,000",,,260626,,,,,
,false,,사파리스팟,,카테고리98,,REGULAR EASY SWEATSHIRTS (DARK NAVY),https://safarispot.kr/product/detail.html?product_no=866,https://safarispot.kr/web/product/medium/202505/9e6c3a216b1210fe2a98e6a02a2dfb3e.jpg,"₩89,000",,,260626,,,,,
,false,,사파리스팟,,카테고리98,,REGULAR EASY SWEATPANTS (DARK NAVY),https://safarispot.kr/product/detail.html?product_no=867,https://safarispot.kr/web/product/medium/202504/e28cc3f46755949698db2a72845cc669.jpg,"₩104,000",,,260626,,,,,
,false,,사파리스팟,,카테고리98,,Rec Ruit Sleeveless Over Shirts (Light Green),https://safarispot.kr/product/detail.html?product_no=981,https://safarispot.kr/web/product/medium/202602/f6b09c6a23646cac19e26ce7f41738c6.jpg,"₩107,000",,,260626,,,,,
,false,,사파리스팟,,카테고리98,,Rec Ruit Sleeveless Over Shirts (White),https://safarispot.kr/product/detail.html?product_no=982,https://safarispot.kr/web/product/medium/202602/8749142ffc2160f8fd2336ebc9b1cd23.jpg,"₩107,000",,,260626,,,,,
,false,,사파리스팟,,카테고리98,,REC RUIT RAGLAN TURTLE CREWNECK (IVORY),https://safarispot.kr/product/detail.html?product_no=920,https://safarispot.kr/web/product/medium/202505/e8db113ccd19c66996ddcc5e3617219f.jpg,"₩87,000",,,260626,,,,,
,false,,사파리스팟,,카테고리98,,AUTHENTIC TABLE TENNIS SHORTS (BLACK),https://safarispot.kr/product/detail.html?product_no=975,https://safarispot.kr/web/product/medium/202504/260c6bf9f6ba63b4848f98884048c20f.jpg,"₩76,000",,,260626,,,,,
,false,,사파리스팟,,카테고리98,,1/2 AUTHENTIC LOOSE JERSEY PANTS (BLACK),https://safarispot.kr/product/detail.html?product_no=955,https://safarispot.kr/web/product/medium/202505/dcc29a747338041b92e6791242d81729.jpg,"₩92,000",,,260626,,,,,
,false,,사파리스팟,,카테고리98,,AUTHENTIC SFORTS HAWAII SWEAT PANTS (WHITE),https://safarispot.kr/product/detail.html?product_no=870,https://safarispot.kr/web/product/medium/202505/a67cfbef991d2e36ad1c4190c13f56b1.jpg,"₩118,000",,,260626,,,,,
,false,,사파리스팟,,카테고리98,,REGULAR STRIPE HOODIE ZIPUP (WHITE/NAVY),https://safarispot.kr/product/detail.html?product_no=969,https://safarispot.kr/web/product/medium/202504/f54db2a9d6125408650d1e50d872109a.jpg,"₩121,000",,,260626,,,,,
,false,,사파리스팟,,카테고리98,,REC RUIT MATH DOTS BANDANA 2 PACK (NAVY/MINT),https://safarispot.kr/product/detail.html?product_no=998,https://safarispot.kr/web/product/medium/202505/617c7d3db4a7c4cf7856a51140287a4e.jpg,"₩24,000",,,260626,,,,,
,false,,사파리스팟,,카테고리98,,1/2 Ticketing Stripe Border Tee (Gray),https://safarispot.kr/product/detail.html?product_no=370,https://safarispot.kr/web/product/medium/202602/473e2e762ec30887f8e8227b99657871.jpg,"₩69,000",,,260626,,,,,
,false,,사파리스팟,,카테고리98,,1/2 SAFARISPOTS MAGAZINE TEE (GRAY),https://safarispot.kr/product/detail.html?product_no=281,https://safarispot.kr/web/product/medium/202408/d7cd673900a6018713cbff897bc76d71.jpg,"₩55,000",,,260626,,,,,
,false,,사파리스팟,,카테고리98,,1/2 Ticketing Stripe Border Hoodie (Gray),https://safarispot.kr/product/detail.html?product_no=559,https://safarispot.kr/web/product/medium/202602/1d7d7bd8d1fe8dca2eea623211b6e364.jpg,"₩76,000",,,260626,,,,,
,false,,사파리스팟,,카테고리98,,Ticketing Stripe Border Tee (Gray),https://safarispot.kr/product/detail.html?product_no=351,https://safarispot.kr/web/product/medium/202602/a17e6f54805245996ff189a81568213c.jpg,"₩69,000",,,260626,,,,,
,false,,사파리스팟,,카테고리98,,1/2 SAFARISPOTS MAGAZINE TEE (WHITE),https://safarispot.kr/product/detail.html?product_no=275,https://safarispot.kr/web/product/medium/202408/b9660016fe0784c8b067d2a12b001935.jpg,"₩55,000",,,260626,,,,,
,false,,사파리스팟,,카테고리98,,Ticketing Stripe Border Tee (Black),https://safarispot.kr/product/detail.html?product_no=352,https://safarispot.kr/web/product/medium/202602/699cfcc0ab9cde9792ce648ecc19d7ce.jpg,"₩69,000",,,260626,,,,,
,false,,사파리스팟,,카테고리98,,SAFARISPOTS MAGAZINE TEE (WHITE),https://safarispot.kr/product/detail.html?product_no=274,https://safarispot.kr/web/product/medium/202408/28ad768437930415b5d60d2b6fcc1c62.jpg,"₩55,000",,,260626,,,,,
,false,,사파리스팟,,카테고리98,,1/2 Ticketing Stripe Border Tee (Black),https://safarispot.kr/product/detail.html?product_no=371,https://safarispot.kr/web/product/medium/202602/c8ca200d37febadad39fdbe8fae4a74c.jpg,"₩69,000",,,260626,,,,,
,false,,사파리스팟,,카테고리98,,1/2 Ticketing Stripe Border Hoodie (Black),https://safarispot.kr/product/detail.html?product_no=560,https://safarispot.kr/web/product/medium/202602/8219a39e17416cec07ee9f0e19020b48.jpg,"₩76,000",,,260626,,,,,
,false,,사파리스팟,,카테고리98,,Pocket Check Half Shirts (Brown),https://safarispot.kr/product/detail.html?product_no=537,https://safarispot.kr/web/product/medium/202602/7cc0356eed91d42ab03c93628bb85dcf.jpg,"₩92,000",,,260626,,,,,
,false,,사파리스팟,,카테고리98,,BASIC DAMAGE WASHING DENIM SWEATSKIRT (BLUE),https://safarispot.kr/product/detail.html?product_no=356,https://safarispot.kr/web/product/medium/202307/b9dd53728fdbff8e454a9f804f909796.jpg,"₩97,000",,,260626,,,,,
,false,,사파리스팟,,카테고리98,,Roux Base Uniform Dugout Shirts (Black),https://safarispot.kr/product/detail.html?product_no=497,https://safarispot.kr/web/product/medium/202605/e440a0b36fc5067b012c1c7253c6c9fd.jpg,"₩133,000",,,260626,,,,,
,false,,사파리스팟,,카테고리98,,S Clef Dot Windbreaker (Beige),https://safarispot.kr/product/detail.html?product_no=631,https://safarispot.kr/web/product/medium/202603/14528f184bf3b2326a5a3bfdc8ee253d.jpg,"₩155,000",,,260626,,,,,
,false,,사파리스팟,,카테고리98,,Ticketing Stripe Border Hoodie (Black),https://safarispot.kr/product/detail.html?product_no=558,https://safarispot.kr/web/product/medium/202602/1d85cf0503f001c5fde7ce562060b533.jpg,"₩76,000",,,260626,,,,,
,false,,사파리스팟,,카테고리98,,Two Denim Long Skirts (Blue),https://safarispot.kr/product/detail.html?product_no=751,https://safarispot.kr/web/product/medium/202603/ed1eda8ae608fff7c9b563118df843fa.jpg,"₩113,000",,,260626,,,,,
,false,,사파리스팟,,카테고리98,,ONE WAY STRIPE HOODIE ZIPUP (GREEN/NAVY),https://safarispot.kr/product/detail.html?product_no=534,https://safarispot.kr/web/product/medium/202409/901355cf48045781f3756b3ee7415469.jpg,"₩118,000",,,260626,,,,,
,false,,사파리스팟,,카테고리98,,Ticketing Stripe Border Hoodie (Gray),https://safarispot.kr/product/detail.html?product_no=557,https://safarispot.kr/web/product/medium/202602/2e78e721cf707d68e20da6a7913acca3.jpg,"₩76,000",,,260626,,,,,
,false,,사파리스팟,,카테고리98,,1/2 Region Motors Club Knit Hoodie (Blue),https://safarispot.kr/product/detail.html?product_no=779,https://safarispot.kr/web/product/medium/202511/55ddd00a2246b03258b399115dbbab63.png,"₩133,000",,,260626,,,,,
,false,,사파리스팟,,카테고리98,,Stickerpack Tee (Pink),https://safarispot.kr/product/detail.html?product_no=637,https://safarispot.kr/web/product/medium/202603/de61434bf8ac85cfd3ab7be07b830bb3.jpg,"₩54,000",,,260626,,,,,
,false,,사파리스팟,,카테고리98,,1/2 TAGS TICKETING TEE (MINT),https://safarispot.kr/product/detail.html?product_no=350,https://safarispot.kr/web/product/medium/202306/4522ae4212f70409e9a591a082d88466.jpg,"₩55,000",,,260626,,,,,
,false,,사파리스팟,,카테고리98,,1/2 TAGS TICKETING TEE (NAVY),https://safarispot.kr/product/detail.html?product_no=348,https://safarispot.kr/web/product/medium/202306/b6a4688a509318f1291a706bcf15a74c.jpg,"₩55,000",,,260626,,,,,
,false,,사파리스팟,,카테고리98,,STRIPE HOODIE ZIPUP (NAVY/BLACK),https://safarispot.kr/product/detail.html?product_no=776,https://safarispot.kr/web/product/medium/202410/ff558096db13da4cb4352f3808950f0c.jpg,"₩118,000",,,260626,,,,,
,false,,사파리스팟,,카테고리98,,Region Motors Club Duffle Muffler (Black),https://safarispot.kr/product/detail.html?product_no=781,https://safarispot.kr/web/product/medium/202511/bfb3af853d6349166740fbade45d300d.jpg,"₩108,000",,,260626,,,,,
,false,,사파리스팟,,카테고리98,,1/2 Ticketing Stripe Border Tee (White),https://safarispot.kr/product/detail.html?product_no=602,https://safarispot.kr/web/product/medium/202602/a7437f2b5a0425338df4b9fe302173ae.jpg,"₩69,000",,,260626,,,,,
,false,,사파리스팟,,카테고리98,,[Restock] Country Fake Cowichan Long Sleeve (Gray),https://safarispot.kr/product/detail.html?product_no=1079,https://safarispot.kr/web/product/medium/202511/2d6cc15878c584646a1e429881f75d61.png,"₩77,000",,,260626,,,,,
,false,,사파리스팟,,카테고리98,,1/2 Layered Shirt Half Tee (Ivory/Gray),https://safarispot.kr/product/detail.html?product_no=1363,https://safarispot.kr/web/product/medium/202603/dc3efa0d198deda7cc8f62aea49f4b05.jpg,"₩88,000",,,260626,,,,,
,false,,사파리스팟,,카테고리98,,ULTIMATE DOT MESH BAG (BEIGE),https://safarispot.kr/product/detail.html?product_no=679,https://safarispot.kr/web/product/medium/202408/53fb1f8e6e68bf12bdc95f0e3f69f93c.jpg,"₩58,000",,,260626,,,,,
,false,,사파리스팟,,카테고리98,,1/2 Stickerpack Suspenders Sleeveless (Black),https://safarispot.kr/product/detail.html?product_no=638,https://safarispot.kr/web/product/medium/202408/515801aa0eafead05db042f106701a7c.jpg,"₩48,000",,,260626,,,,,
,false,,사파리스팟,,카테고리98,,1/2 Stickerpack Tee (White),https://safarispot.kr/product/detail.html?product_no=633,https://safarispot.kr/web/product/medium/202603/7b74825baa94413463bb27a4e5e23333.jpg,"₩54,000",,,260626,,,,,
,false,,사파리스팟,,카테고리98,,1/2 Stickerpack Tee (Black),https://safarispot.kr/product/detail.html?product_no=632,https://safarispot.kr/web/product/medium/202603/d366f0587af1660aa1df512a1aa67cb4.jpg,"₩54,000",,,260626,,,,,
,false,,사파리스팟,,카테고리98,,1/2 Stickerpack Suspenders Sleeveless (White),https://safarispot.kr/product/detail.html?product_no=639,https://safarispot.kr/web/product/medium/202408/3887c1274acb50bf4c1a917121e860de.jpg,"₩48,000",,,260626,,,,,
,false,,사파리스팟,,카테고리98,,Roux Base School Eat The Pizza Stripe Tee (Ivory/Charcoal),https://safarispot.kr/product/detail.html?product_no=525,https://safarispot.kr/web/product/medium/202603/698b82f241f95ebe0ebde4d3b6dbd931.jpg,"₩61,000",,,260626,,,,,
,false,,사파리스팟,,카테고리98,,Ticketing Stripe Border Tee (White),https://safarispot.kr/product/detail.html?product_no=601,https://safarispot.kr/web/product/medium/202602/53162f1c918400eb759e6ca64e744992.jpg,"₩69,000",,,260626,,,,,
,false,,사파리스팟,,카테고리98,,S Clef Dot Windbreaker (Navy),https://safarispot.kr/product/detail.html?product_no=630,https://safarispot.kr/web/product/medium/202603/6e16c4757b9991650eb7e91e784a6589.jpg,"₩155,000",,,260626,,,,,
,false,,사파리스팟,,카테고리98,,1/2 S Clef Checked Half Line Shirts (Gray/Burgundy),https://safarispot.kr/product/detail.html?product_no=629,https://safarispot.kr/web/product/medium/202408/72eb7651baa2471eb2d07559bad2eddc.jpg,"₩113,000",,,260626,,,,,
,false,,사파리스팟,,카테고리98,,Roux Base School Pk Sleeve (Gray),https://safarispot.kr/product/detail.html?product_no=533,https://safarispot.kr/web/product/medium/202408/7899461159f9651362417d5841bb5162.jpg,"₩104,000",,,260626,,,,,
,false,,사파리스팟,,카테고리98,,ROUX BASE SCHOOL PIPPING LOGO CAP,https://safarispot.kr/product/detail.html?product_no=529,https://safarispot.kr/web/product/medium/202408/07f8a2a46d5a378fc2a30efeadcc7d3c.jpg,"₩67,000",,,260626,,,,,
,false,,사파리스팟,,카테고리98,,S.T.C. CORDUROY CROSS MINI BAG (BLACK),https://safarispot.kr/product/detail.html?product_no=797,https://safarispot.kr/web/product/medium/202412/c3662d5748414a8a1c4693525a5d272f.jpg,"₩43,000",,,260626,,,,,
,false,,사파리스팟,,카테고리98,,1/2 Region Motors Club Indigo Denim Long Sleeve (Indigo),https://safarispot.kr/product/detail.html?product_no=729,https://safarispot.kr/web/product/medium/202512/a4f2d3e550f715fa6e27d96d72102d4d.png,"₩89,000",,,260626,,,,,
,false,,사파리스팟,,카테고리98,,1/2 Ticketing Stripe Border Hoodie (White),https://safarispot.kr/product/detail.html?product_no=697,https://safarispot.kr/web/product/medium/202602/5a4c31a963702388a5fbf91fa3edba00.jpg,"₩76,000",,,260626,,,,,
,false,,사파리스팟,,카테고리98,,[Restock] 1/2 Country Fake Cowichan Long Sleeve (Gray),https://safarispot.kr/product/detail.html?product_no=1248,https://safarispot.kr/web/product/medium/202512/6b925ede9b7c14f78d60aaec92a6e086.jpg,"₩77,000",,,260626,,,,,
,false,,사파리스팟,,카테고리98,,Region Motors Club Fake Fur Check Duffle Coat,https://safarispot.kr/product/detail.html?product_no=747,https://safarispot.kr/web/product/medium/202511/66b6131cc900478bf8c4beab8df00a13.png,"₩279,000",,,260626,,,,,
,false,,사파리스팟,,카테고리98,,BASIC SAFARI DAY BACKPACK (BLACK),https://safarispot.kr/product/detail.html?product_no=530,https://safarispot.kr/web/product/medium/202408/9f9489606ed0b36ccada36419f9a444b.jpg,"₩118,000",,,260626,,,,,
,false,,사파리스팟,,카테고리98,,S.T.C. CITY SWEAT PANTS (BLACK),https://safarispot.kr/product/detail.html?product_no=810,https://safarispot.kr/web/product/medium/202411/a0988c9fbceadc4efb7eed5900d1019b.jpg,"₩108,000",,,260626,,,,,
,false,,사파리스팟,,카테고리98,,1/2 Region Motors Club Fake Fur Check Duffle Coat,https://safarispot.kr/product/detail.html?product_no=746,https://safarispot.kr/web/product/medium/202511/47b79bf4afb04705f4614b4ff1449bb5.png,"₩279,000",,,260626,,,,,
,false,,사파리스팟,,카테고리98,,1/2 Stickerpack Tee (Pink),https://safarispot.kr/product/detail.html?product_no=634,https://safarispot.kr/web/product/medium/202603/0b886090fd9194f6cf4a43757b17140f.jpg,"₩54,000",,,260626,,,,,
,false,,사파리스팟,,카테고리98,,1/2 Roux Base School Club Tee (Brown),https://safarispot.kr/product/detail.html?product_no=516,https://safarispot.kr/web/product/medium/202604/af05cfda9c05bcf96f48edcc9ddedfe3.jpg,"₩57,000",,,260626,,,,,
,false,,사파리스팟,,카테고리98,,1/2 Lamb Livelihood Single Half Hoodie (Olive),https://safarispot.kr/product/detail.html?product_no=442,https://safarispot.kr/web/product/medium/202310/c39c1dcecf6c0ffc6d166b2a73c4c2fd.jpg,"₩71,000",,,260626,,,,,
,false,,사파리스팟,,카테고리98,,Earflap Fur Wool Cap (Charcoal),https://safarispot.kr/product/detail.html?product_no=1214,https://safarispot.kr/web/product/medium/202512/7030427009e6ce592e2189317e815dea.jpg,"₩94,000",,,260626,,,,,
,false,,사파리스팟,,카테고리98,,S.T.C. City Muffler (Navy),https://safarispot.kr/product/detail.html?product_no=792,https://safarispot.kr/web/product/medium/202511/a87ec8ac085b45458c96c58a8cb60245.png,"₩89,000",,,260626,,,,,
,false,,사파리스팟,,카테고리98,,BASIC SAFARI DAY BACKPACK (NAVY),https://safarispot.kr/product/detail.html?product_no=531,https://safarispot.kr/web/product/medium/202408/4e987e51e225562a720414001797867d.jpg,"₩118,000",,,260626,,,,,
,false,,사파리스팟,,카테고리98,,Authentic Loose Straight Jeans (Black),https://safarispot.kr/product/detail.html?product_no=954,https://safarispot.kr/web/product/medium/202512/d1277acf44316b95286537ad0d475f2a.png,"₩153,000",,,260626,,,,,
,false,,사파리스팟,,카테고리98,,1/2 Roux Base Uniform Heavy Denim Pants (Blue),https://safarispot.kr/product/detail.html?product_no=495,https://safarispot.kr/web/product/medium/202408/58bd82f54c952fd7f386bf3072498353.jpg,"₩118,000",,,260626,,,,,
,false,,사파리스팟,,카테고리98,,Region Motors Club Indigo Denim Long Sleeve (Indigo),https://safarispot.kr/product/detail.html?product_no=728,https://safarispot.kr/web/product/medium/202512/ca80b8e59aec908bf255be37fe3be71c.png,"₩89,000",,,260626,,,,,
,false,,사파리스팟,,카테고리98,,ROUX BASE UNIFORM TEAM REVERSIBLE VARSITY (NAVY),https://safarispot.kr/product/detail.html?product_no=526,https://safarispot.kr/web/product/medium/202510/86f3775ecaa3e309d281a2b697175dc2.jpg,"₩249,000",,,260626,,,,,
,false,,사파리스팟,,카테고리98,,Journey Check Backpack (Black),https://safarispot.kr/product/detail.html?product_no=1254,https://safarispot.kr/web/product/medium/202601/8f3d7a24fc2fe4e827160a00c012de2e.jpg,"₩123,000",,,260626,,,,,
,false,,사파리스팟,,카테고리98,,1/2 PC Button Hooded Coat (Black),https://safarispot.kr/product/detail.html?product_no=1241,https://safarispot.kr/web/product/medium/202512/5277822396c807d3bfaecd924e4af75e.jpg,"₩148,000",,,260626,,,,,
,false,,사파리스팟,,카테고리98,,ROUX BASE BASEBALL KEYRING,https://safarispot.kr/product/detail.html?product_no=549,https://safarispot.kr/web/product/medium/202408/06a693e29cfb36d0075c0841319ea112.jpg,"₩36,000",,,260626,,,,,
,false,,사파리스팟,,카테고리98,,1/2 Flower Greige L/S (Ivory),https://safarispot.kr/product/detail.html?product_no=459,https://safarispot.kr/web/product/medium/202604/b0f6ca602bab62536a25e0465a43771a.jpeg,"₩66,000",,,260626,,,,,
,false,,사파리스팟,,카테고리98,,1/2 BASIC SAFARI SWIM PANTS (BLACK),https://safarispot.kr/product/detail.html?product_no=330,https://safarispot.kr/web/product/medium/202304/7a7157167d80dcdc77cb18d8951177f3.jpg,"₩61,000",,,260626,,,,,
,false,,사파리스팟,,카테고리98,,Region Motors Club Beanie (Black),https://safarispot.kr/product/detail.html?product_no=780,https://safarispot.kr/web/product/medium/202410/95d42445ca576b2598985b9ec542c9e2.jpg,"₩68,000",,,260626,,,,,
,false,,사파리스팟,,카테고리98,,1/2 Multi Skull Raglan Tee (White/Charcoal),https://safarispot.kr/product/detail.html?product_no=663,https://safarispot.kr/web/product/medium/202408/b15dd42579ee4d4477ce90e05750d16f.jpg,"₩57,000",,,260626,,,,,
,false,,사파리스팟,,카테고리98,,Roux Base School Tie Shirts (White),https://safarispot.kr/product/detail.html?product_no=547,https://safarispot.kr/web/product/medium/202602/faedfc62b1a5895ada59f7c30fc7c199.jpg,"₩113,000",,,260626,,,,,
,false,,사파리스팟,,카테고리98,,S Clef Dot Windbreaker (Gray),https://safarispot.kr/product/detail.html?product_no=1060,https://safarispot.kr/web/product/medium/202603/a61d7b568b67229a93407f2d766acd50.jpg,"₩155,000",,,260626,,,,,
,false,,사파리스팟,,카테고리98,,S.T.C. Pea Coat (Navy),https://safarispot.kr/product/detail.html?product_no=802,https://safarispot.kr/web/product/medium/202601/cc707df0fec88ec17c5bbad6a8a12ecd.jpg,"₩248,000",,,260626,,,,,
,false,,사파리스팟,,카테고리98,,REGION MOTORS CLUB REVERSIBLE RACING JACKET,https://safarispot.kr/product/detail.html?product_no=743,https://safarispot.kr/web/product/medium/202510/bccb15daddc36f7c91123326b2325eb9.jpg,"₩268,000",,,260626,,,,,
,false,,사파리스팟,,카테고리98,,BASIC SAFARI POLY SKIRT (NAVY),https://safarispot.kr/product/detail.html?product_no=448,https://safarispot.kr/web/product/medium/202310/4662abd1ea5154a691df8e601fd7e192.jpg,"₩85,000",,,260626,,,,,
,false,,사파리스팟,,카테고리98,,S.T.C. Spot Varsity (Navy),https://safarispot.kr/product/detail.html?product_no=799,https://safarispot.kr/web/product/medium/202602/5125df41082ab2bb951260cdb2918883.jpg,"₩208,000",,,260626,,,,,
,false,,사파리스팟,,카테고리98,,1/2 Region Motors Club Pub Recipe Hoodie (Gray),https://safarispot.kr/product/detail.html?product_no=730,https://safarispot.kr/web/product/medium/202512/20d7abd5a01c3d0e06a41fe56ec5fd0d.png,"₩94,000",,,260626,,,,,
,false,,사파리스팟,,카테고리98,,Journey Stripe Long Sleeve (Gray),https://safarispot.kr/product/detail.html?product_no=1269,https://safarispot.kr/web/product/medium/202601/9948ef6045f934af42165a65924c81af.jpg,"₩68,000",,,260626,,,,,
,false,,사파리스팟,,카테고리98,,1/2 Quilting Check Wool Jacket (Khaki),https://safarispot.kr/product/detail.html?product_no=1238,https://safarispot.kr/web/product/medium/202512/9876fd0f273d72db0c3b0da02db486ff.jpg,"₩168,000",,,260626,,,,,
,false,,사파리스팟,,카테고리98,,REGION MOTORS CLUB SWEAT PANTS (NAVY),https://safarispot.kr/product/detail.html?product_no=752,https://safarispot.kr/web/product/medium/202410/357a27d27d0096eb79af9de22df0f68b.jpg,"₩112,000",,,260626,,,,,
,false,,사파리스팟,,카테고리98,,REGION MOTORS CLUB REVERSIBLE VARSITY JACKET,https://safarispot.kr/product/detail.html?product_no=750,https://safarispot.kr/web/product/medium/202510/0c25c720f7a4e1bdef0e24d9fca23530.jpg,"₩268,000",,,260626,,,,,
,false,,사파리스팟,,카테고리98,,ULTIMATE LOGO LEATHER KEYRING (BLACK),https://safarispot.kr/product/detail.html?product_no=677,https://safarispot.kr/web/product/medium/202408/5732413a463e9d11fa6d54f746177d44.jpg,"₩34,000",,,260626,,,,,
,false,,사파리스팟,,카테고리98,,Safari Capri Cargo Pants (Khaki),https://safarispot.kr/product/detail.html?product_no=394,https://safarispot.kr/web/product/medium/202606/a4a7404c5f0bc04f75189a5cc10fe5a6.jpg,"₩158,000",,,260626,,,,,
,false,,사파리스팟,,카테고리98,,Journey Long Sleeve (Vintage Blue),https://safarispot.kr/product/detail.html?product_no=1273,https://safarispot.kr/web/product/medium/202601/ec39e73e2f25dd193baaf0de1f03374e.jpg,"₩63,000",,,260626,,,,,
,false,,사파리스팟,,카테고리98,,1/2 Wool Quilting Hooded Coat (Charcoal),https://safarispot.kr/product/detail.html?product_no=1243,https://safarispot.kr/web/product/medium/202512/43dae2c73a078fd65d05e992a1c29130.jpg,"₩249,000",,,260626,,,,,
,false,,사파리스팟,,카테고리98,,[Restock] Two Button Pleats Wool Skirt (Black),https://safarispot.kr/product/detail.html?product_no=1232,https://safarispot.kr/web/product/medium/202512/ebb56967673515d13100cb5684e04d04.jpg,"₩108,000",,,260626,,,,,
,false,,사파리스팟,,카테고리98,,1/2 HIGHWAY INN ONE PIECE SWIMSUIT (BLACK/WHITE),https://safarispot.kr/product/detail.html?product_no=1019,https://safarispot.kr/web/product/medium/202508/e4098c535d4023b94fc1afa209331326.jpg,"₩54,000",,,260626,,,,,
,false,,사파리스팟,,카테고리98,,MULTI SKULL STRAIGHT COTTON PANTS (GRAY),https://safarispot.kr/product/detail.html?product_no=673,https://safarispot.kr/web/product/medium/202408/485d7a0a66189082267a811f61622955.jpg,"₩118,000",,,260626,,,,,
,false,,사파리스팟,,카테고리98,,Multi Skull Mesh Knit (Olive/Navy),https://safarispot.kr/product/detail.html?product_no=662,https://safarispot.kr/web/product/medium/202511/4dbf7890907583fd501f7f6d9975f84b.png,"₩128,000",,,260626,,,,,
,false,,사파리스팟,,카테고리98,,Multi Skull Mesh Knit (Ivory/Mint),https://safarispot.kr/product/detail.html?product_no=661,https://safarispot.kr/web/product/medium/202511/3415e134e08211f780292f68a313baa6.png,"₩128,000",,,260626,,,,,
,false,,사파리스팟,,카테고리98,,ROUX BASE UNIFORM TEAM TRACK JACKET,https://safarispot.kr/product/detail.html?product_no=544,https://safarispot.kr/web/product/medium/202408/815d628227f437256515b43d680cc324.jpg,"₩143,000",,,260626,,,,,
,false,,사파리스팟,,카테고리98,,1/2 Roux Base School Tie Shirts (White),https://safarispot.kr/product/detail.html?product_no=503,https://safarispot.kr/web/product/medium/202602/335d8c13b711b7a45c4842ab271d2f90.jpg,"₩113,000",,,260626,,,,,
,false,,사파리스팟,,카테고리98,,1/2 Western Dots Key Shirts (Orange),https://safarispot.kr/product/detail.html?product_no=322,https://safarispot.kr/web/product/medium/202304/b985bd255d10799657d1422896c0c1b8.jpg,"₩128,000",,,260626,,,,,
,false,,사파리스팟,,카테고리98,,1/2 Journey Long Sleeve (Vintage Blue),https://safarispot.kr/product/detail.html?product_no=1275,https://safarispot.kr/web/product/medium/202601/e8c991d1684a931ec4d47ca45139f447.jpg,"₩63,000",,,260626,,,,,
,false,,사파리스팟,,카테고리98,,Fleece Button Hooded Down Jacket (Black),https://safarispot.kr/product/detail.html?product_no=1245,https://safarispot.kr/web/product/medium/202512/359018c2f1d679585edbf60559d040f7.jpg,"₩342,000",,,260626,,,,,
,false,,사파리스팟,,카테고리98,,1/2 S.T.C. RAGLAN L/S (NAVY),https://safarispot.kr/product/detail.html?product_no=822,https://safarispot.kr/web/product/medium/202412/f2c1270de63218fe0a59e6e6ff898449.jpg,"₩72,000",,,260626,,,,,
,false,,사파리스팟,,카테고리98,,Ticketing Stripe Border Hoodie (White),https://safarispot.kr/product/detail.html?product_no=696,https://safarispot.kr/web/product/medium/202602/931d524731bc6645d8835fd61a61561d.jpg,"₩76,000",,,260626,,,,,
,false,,사파리스팟,,카테고리98,,1/2 Multi Skull Raglan Tee (White/Green),https://safarispot.kr/product/detail.html?product_no=664,https://safarispot.kr/web/product/medium/202408/c6f463f78c65d5002061802d0c7d921d.jpg,"₩57,000",,,260626,,,,,
,false,,사파리스팟,,카테고리98,,ULTIMATE SFR STRIPE SHORTS (SKY),https://safarispot.kr/product/detail.html?product_no=659,https://safarispot.kr/web/product/medium/202408/f7b869b93031d4625ed24b7ffd23efdc.jpg,"₩68,000",,,260626,,,,,
,false,,사파리스팟,,카테고리98,,HIGHWAY INN RASH GUARD (BLACK/WHITE),https://safarispot.kr/product/detail.html?product_no=1017,https://safarispot.kr/web/product/medium/202508/629466cb110f4450d5826d579e019705.jpg,"₩59,000",,,260626,,,,,
,false,,사파리스팟,,카테고리98,,Basic Safari Dots Poly Skirt (Dark Navy),https://safarispot.kr/product/detail.html?product_no=956,https://safarispot.kr/web/product/medium/202603/341f98dcba295caeda6880cb994e66b0.jpg,"₩87,000",,,260626,,,,,
,false,,사파리스팟,,카테고리98,,1/2 S.T.C. RAGLAN L/S (BROWN),https://safarispot.kr/product/detail.html?product_no=821,https://safarispot.kr/web/product/medium/202412/02931226877c34662adea28817ce993e.jpg,"₩72,000",,,260626,,,,,
,false,,사파리스팟,,카테고리98,,S.T.C. Quilting Jacket (Beige),https://safarispot.kr/product/detail.html?product_no=800,https://safarispot.kr/web/product/medium/202602/c664ccf7285843e542274b9f22c24cce.jpg,"₩188,000",,,260626,,,,,
,false,,사파리스팟,,카테고리98,,REGION MOTORS CLUB NAVAJO PANTS (GRAY),https://safarispot.kr/product/detail.html?product_no=758,https://safarispot.kr/web/product/medium/202409/ab880c0b5e5bd32ff688cd02963ddf44.jpg,"₩105,000",,,260626,,,,,
,false,,사파리스팟,,카테고리98,,Roux Base School Uniform Skirt (Black),https://safarispot.kr/product/detail.html?product_no=522,https://safarispot.kr/web/product/medium/202408/d90193d596e6944e2f3283b5c44d257c.jpg,"₩93,000",,,260626,,,,,
,false,,사파리스팟,,카테고리98,,Journey Slot Button Windbreaker (Cream),https://safarispot.kr/product/detail.html?product_no=1284,https://safarispot.kr/web/product/medium/202601/0864934be4714a3edd4e22412db1efac.jpg,"₩158,000",,,260626,,,,,
,false,,사파리스팟,,카테고리98,,Authentic Table Tennis Club Tee (White/Burgundy),https://safarispot.kr/product/detail.html?product_no=924,https://safarispot.kr/web/product/medium/202605/c161c30520402ee4c9e617d4c31ab5d6.jpg,"₩54,000",,,260626,,,,,
,false,,사파리스팟,,카테고리98,,1/2 S.T.C. LIGHTING LOGO L/S (NAVY),https://safarispot.kr/product/detail.html?product_no=829,https://safarispot.kr/web/product/medium/202412/2fe0cec8b59b368dc57cd4d6b0870055.jpg,"₩69,000",,,260626,,,,,
,false,,사파리스팟,,카테고리98,,S.T.C. CORDUROY CROSS MINI BAG (BEIGE),https://safarispot.kr/product/detail.html?product_no=796,https://safarispot.kr/web/product/medium/202412/c1f1cbb4588ca631b54e244094f7de3d.jpg,"₩43,000",,,260626,,,,,
,false,,사파리스팟,,카테고리98,,REGION MOTORS CLUB FLEXIBLE COLLAR VEST (NAVY),https://safarispot.kr/product/detail.html?product_no=769,https://safarispot.kr/web/product/medium/202409/a37b9ccef7035073a8505306f14f2787.jpg,"₩87,000",,,260626,,,,,
,false,,사파리스팟,,카테고리98,,Region Motors Club Millitary Pants (Olive),https://safarispot.kr/product/detail.html?product_no=756,https://safarispot.kr/web/product/medium/202512/3c569dad0bc918029e25dd62c4e14ac3.png,"₩118,000",,,260626,,,,,
,false,,사파리스팟,,카테고리98,,Not Army Reversible Hoodie Zip Up (Olive),https://safarispot.kr/product/detail.html?product_no=454,https://safarispot.kr/web/product/medium/202605/8f1f8734dfb876eed3edd93c11ce8ced.jpg,"₩181,000",,,260626,,,,,
,false,,사파리스팟,,카테고리98,,1/2 Cropped Barrel Sarouel Pants (Gray),https://safarispot.kr/product/detail.html?product_no=1345,https://safarispot.kr/web/product/medium/202603/f0a57c9a846915b84d9897d0dd60b3a3.jpg,"₩108,000",,,260626,,,,,
,false,,사파리스팟,,카테고리98,,Lightweight Knit Zip Up Hoodie (Navy),https://safarispot.kr/product/detail.html?product_no=1236,https://safarispot.kr/web/product/medium/202512/7c77120d7448191271833472a3e71c91.jpg,"₩118,000",,,260626,,,,,
,false,,사파리스팟,,카테고리98,,Skateboard Beach Flip Flop,https://safarispot.kr/product/detail.html?product_no=1023,https://safarispot.kr/web/product/medium/202604/a45a6fce6f0e90faf569f471ae38d5aa.png,"₩43,000",,,260626,,,,,
,false,,사파리스팟,,카테고리98,,Authentic Table Tennis Common Pk Tee (Gray),https://safarispot.kr/product/detail.html?product_no=990,https://safarispot.kr/web/product/medium/202505/3ce9aea948d491badad1e54eb146d5f3.jpg,"₩69,000",,,260626,,,,,
,false,,사파리스팟,,카테고리98,,Authentic Stephen Rim Tee (Olive),https://safarispot.kr/product/detail.html?product_no=934,https://safarispot.kr/web/product/medium/202603/382652a9dbd14ba85e15d8fde78071e4.jpg,"₩54,000",,,260626,,,,,
,false,,사파리스팟,,카테고리98,,Authentic Orange County Jersey (White/Navy),https://safarispot.kr/product/detail.html?product_no=929,https://safarispot.kr/web/product/medium/202603/a7da35c837168bdf2ed960e00ebb19d4.jpg,"₩61,000",,,260626,,,,,
,false,,사파리스팟,,카테고리98,,S.T.C. City Muffler (Green),https://safarispot.kr/product/detail.html?product_no=793,https://safarispot.kr/web/product/medium/202511/aa5211ba3b4b32d3c99ec1064bc6b269.png,"₩89,000",,,260626,,,,,
,false,,사파리스팟,,카테고리98,,One Pocket Layered Long Sleeve Tee (Ivory/Gray),https://safarispot.kr/product/detail.html?product_no=700,https://safarispot.kr/web/product/medium/202409/a23ce51ebf35c6036122907e71109e73.jpg,"₩73,000",,,260626,,,,,
,false,,사파리스팟,,카테고리98,,Roux Base Uniform Tote Bag (Olive),https://safarispot.kr/product/detail.html?product_no=542,https://safarispot.kr/web/product/medium/202408/6dea855259fb54f5f4ba373fe3183da8.jpg,"₩58,000",,,260626,,,,,
,false,,사파리스팟,,카테고리98,,ROUX BASE UNIFORM BASEBALL PATCH CREWNECK  (GRAY),https://safarispot.kr/product/detail.html?product_no=536,https://safarispot.kr/web/product/medium/202408/48e311cd43941e38014e5518ad00c1bc.jpg,"₩108,000",,,260626,,,,,
,false,,사파리스팟,,카테고리98,,Roux Base School Eat The Pizza Tee (Purple),https://safarispot.kr/product/detail.html?product_no=507,https://safarispot.kr/web/product/medium/202603/167c9be11551ec631352a30c246a9374.jpg,"₩54,000",,,260626,,,,,
,false,,사파리스팟,,카테고리98,,Not Army Reversible Hoodie Zip Up (Cream),https://safarispot.kr/product/detail.html?product_no=455,https://safarispot.kr/web/product/medium/202605/55ff597826e564c6ffe47658770cbfe3.jpg,"₩181,000",,,260626,,,,,
,false,,사파리스팟,,카테고리98,,Lightweight Knit Muffler (Khaki),https://safarispot.kr/product/detail.html?product_no=1196,https://safarispot.kr/web/product/medium/202512/ff2880dd4cdde7856c00d92ec0e2024f.jpg,"₩56,000",,,260626,,,,,
,false,,사파리스팟,,카테고리98,,S.T.C. STRIPE FLEECE MUFFLER ZIP UP (BEIGE),https://safarispot.kr/product/detail.html?product_no=814,https://safarispot.kr/web/product/medium/202510/347a5d226b3d25c63af8f769779a49c1.jpg,"₩128,000",,,260626,,,,,
,false,,사파리스팟,,카테고리98,,Region Motors Club Pub Recipe Hoodie (Light Purple),https://safarispot.kr/product/detail.html?product_no=706,https://safarispot.kr/web/product/medium/202512/5856e4c2840d805e59b8ba3fdb33fd63.png,"₩94,000",,,260626,,,,,
,false,,사파리스팟,,카테고리98,,1/2 S Clef Dot Pleats Sleeveless (Navy),https://safarispot.kr/product/detail.html?product_no=644,https://safarispot.kr/web/product/medium/202605/ad8158b30d655e8843a7a74bdc59d52d.jpg,"₩69,000",,,260626,,,,,
,false,,사파리스팟,,카테고리98,,ROUX BASE R.B LOGO KEYRING,https://safarispot.kr/product/detail.html?product_no=550,https://safarispot.kr/web/product/medium/202408/c63ce527cf268a7d43688f6f0b759c4c.jpg,"₩36,000",,,260626,,,,,
,false,,사파리스팟,,카테고리98,,BASIC SAFARI SWIM PANTS (BLACK),https://safarispot.kr/product/detail.html?product_no=325,https://safarispot.kr/web/product/medium/202304/116213e7ca9f9c0ce66e2cb0a6468db0.jpg,"₩61,000",,,260626,,,,,
,false,,사파리스팟,,카테고리98,,1/2 Cuff Cropped Pants (Charcoal),https://safarispot.kr/product/detail.html?product_no=1346,https://safarispot.kr/web/product/medium/202603/5c6652ece1c87becb15322a8bec3cab2.jpg,"₩108,000",,,260626,,,,,
,false,,사파리스팟,,카테고리98,,1/2 Journey Long Sleeve (Cream),https://safarispot.kr/product/detail.html?product_no=1277,https://safarispot.kr/web/product/medium/202601/41eed238fa7cfb0e4a315f3cad19b6c2.jpg,"₩63,000",,,260626,,,,,
,false,,사파리스팟,,카테고리98,,Half Zip Card Wallet (Sliver),https://safarispot.kr/product/detail.html?product_no=1197,https://safarispot.kr/web/product/medium/202512/782d9b23ad7b452e1d964fd0379eea74.jpg,"₩76,000",,,260626,,,,,
,false,,사파리스팟,,카테고리98,,1/2 Country Dots V-Neck  L/S (Black),https://safarispot.kr/product/detail.html?product_no=1075,https://safarispot.kr/web/product/medium/202511/b59f146692a396a0f559bb2784a9058c.png,"₩66,000",,,260626,,,,,
,false,,사파리스팟,,카테고리98,,[Restock] Det-Roit Carpenter Jeans (Blue),https://safarispot.kr/product/detail.html?product_no=1071,https://safarispot.kr/web/product/medium/202511/484fb68434cbee2f7fcc712f51575a9b.png,"₩153,000",,,260626,,,,,
,false,,사파리스팟,,카테고리98,,1/2 HIGHWAY INN RASH GUARD (BALCK/WHITE),https://safarispot.kr/product/detail.html?product_no=1016,https://safarispot.kr/web/product/medium/202508/e5862cbe9619eff706714c0078702519.jpg,"₩59,000",,,260626,,,,,
,false,,사파리스팟,,카테고리98,,Rec Ruit Trainee Hooligan Symbol Tee (Pink),https://safarispot.kr/product/detail.html?product_no=971,https://safarispot.kr/web/product/medium/202505/8646764f3ef8678a16f79de35ea1b0ad.jpg,"₩56,000",,,260626,,,,,
,false,,사파리스팟,,카테고리98,,1/2 Rec Ruit Trainee Hooligan Symbol Tee (Blue),https://safarispot.kr/product/detail.html?product_no=970,https://safarispot.kr/web/product/medium/202505/6be3d23ec9ef11a86f17f26b6a28b14d.jpg,"₩56,000",,,260626,,,,,
,false,,사파리스팟,,카테고리98,,Authentic Scout Backpack (Black),https://safarispot.kr/product/detail.html?product_no=861,https://safarispot.kr/web/product/medium/202603/d8a7459b660ab68ad747b4fa3c517971.jpg,"₩133,000",,,260626,,,,,
,false,,사파리스팟,,카테고리98,,Region Motors Club Pub Recipe Hoodie (Gray),https://safarispot.kr/product/detail.html?product_no=731,https://safarispot.kr/web/product/medium/202512/3c8ffbaedbaf89dd545440cb43fa26cc.png,"₩94,000",,,260626,,,,,
,false,,사파리스팟,,카테고리98,,S Clef Checked Western Tartan Shirts (Gray),https://safarispot.kr/product/detail.html?product_no=626,https://safarispot.kr/web/product/medium/202602/b597ccd9a249ffbb23e5b92e98256387.jpg,"₩121,000",,,260626,,,,,
,false,,사파리스팟,,카테고리98,,ROUX BASE UNIFORM AUTOGRAPH TEAM REVERSIBLE VARSITY (IVORY),https://safarispot.kr/product/detail.html?product_no=527,https://safarispot.kr/web/product/medium/202510/1fe4544785ee538ffe796d168ae281e0.jpg,"₩279,000",,,260626,,,,,
,false,,사파리스팟,,카테고리98,,SAFARISPOTS SATIN BOMBER JACKET (WHITE),https://safarispot.kr/product/detail.html?product_no=465,https://safarispot.kr/web/product/medium/202311/b23b7c9ef0599def677b45624040a8e5.jpg,"₩210,000",,,260626,,,,,
,false,,사파리스팟,,카테고리98,,COTTAGE REVERSIBLE HOODIE SHIRKET (BLACK/PURPLE),https://safarispot.kr/product/detail.html?product_no=419,https://safarispot.kr/web/product/medium/202309/cd8c1d5dfa2563b1558da3c84a2a395d.jpeg,"₩222,000",,,260626,,,,,
,false,,사파리스팟,,카테고리98,,BASIC SAFARI SWIM PANTS (RED),https://safarispot.kr/product/detail.html?product_no=327,https://safarispot.kr/web/product/medium/202304/1665261bf903315664c1a1682354011e.jpg,"₩61,000",,,260626,,,,,
,false,,사파리스팟,,카테고리98,,1/2 Dot Line Two Pocket T-Shirt (Ivory),https://safarispot.kr/product/detail.html?product_no=1362,https://safarispot.kr/web/product/medium/202603/912aff1ec905606ba1b79ab5cd9e6080.jpeg,"₩58,000",,,260626,,,,,
,false,,사파리스팟,,카테고리98,,4P Linen Tote Bag (Ivory),https://safarispot.kr/product/detail.html?product_no=1327,https://safarispot.kr/web/product/medium/202603/f3c672455d207e9bd47aaaeb844b7154.jpg,"₩88,000",,,260626,,,,,
,false,,사파리스팟,,카테고리98,,Rover Raw String Cross Bag (Gray),https://safarispot.kr/product/detail.html?product_no=1253,https://safarispot.kr/web/product/medium/202601/61f09defa2d77ad8460a352a0dc5425e.jpg,"₩98,000",,,260626,,,,,
,false,,사파리스팟,,카테고리98,,HIGHWAY INN RASH GUARD (WHITE/RED),https://safarispot.kr/product/detail.html?product_no=1015,https://safarispot.kr/web/product/medium/202508/41b4af4761eb509a7541c6d6d67c32de.jpg,"₩59,000",,,260626,,,,,
,false,,사파리스팟,,카테고리98,,1/2 Regular Side Panel Pk Tee (Burgundy),https://safarispot.kr/product/detail.html?product_no=883,https://safarispot.kr/web/product/medium/202605/55ac746caa224d045c98042f6326a23b.jpg,"₩71,000",,,260626,,,,,
,false,,사파리스팟,,카테고리98,,S.T.C. Kung Fu Coach Jacket (Navy),https://safarispot.kr/product/detail.html?product_no=804,https://safarispot.kr/web/product/medium/202602/6609cf6d6ba9521f6a0b9999fdb440e8.jpg,"₩168,000",,,260626,,,,,
,false,,사파리스팟,,카테고리98,,REGION MOTORS CLUB DENIM HEAVY ZIPUP,https://safarispot.kr/product/detail.html?product_no=777,https://safarispot.kr/web/product/medium/202510/0659fca0a966c68dde8aa4e34d34b053.jpg,"₩143,000",,,260626,,,,,
,false,,사파리스팟,,카테고리98,,Fake Fur Shirts (Ivory),https://safarispot.kr/product/detail.html?product_no=764,https://safarispot.kr/web/product/medium/202512/7d0e19ced9bd64be1e6bbcb4a173b54e.png,"₩118,000",,,260626,,,,,
,false,,사파리스팟,,카테고리98,,Region Motors Club Fake Fur Duffle Coat,https://safarispot.kr/product/detail.html?product_no=745,https://safarispot.kr/web/product/medium/202511/9c024fd7c855af25ad3ae1c303e3ed86.png,"₩279,000",,,260626,,,,,
,false,,사파리스팟,,카테고리98,,REGION MOTORS CLUB NAVAJO HOODIE (PEACH),https://safarispot.kr/product/detail.html?product_no=733,https://safarispot.kr/web/product/medium/202409/7591bdf16e50d0f331d3e36485f74b0e.jpg,"₩94,000",,,260626,,,,,
,false,,사파리스팟,,카테고리98,,1/2 Region Motors Club Half Crewneck (Light Purple),https://safarispot.kr/product/detail.html?product_no=709,https://safarispot.kr/web/product/medium/202603/5692b4d5313b3551cc476386a1f77cc5.jpg,"₩78,000",,,260626,,,,,
,false,,사파리스팟,,카테고리98,,1/2 S Clef Dot Pleats Sleeveless (Beige),https://safarispot.kr/product/detail.html?product_no=642,https://safarispot.kr/web/product/medium/202605/a2731719361fe06d0f9a171cbbbfbc40.jpg,"₩69,000",,,260626,,,,,
,false,,사파리스팟,,카테고리98,,1/2 Roux Base School Fake Crewneck (White),https://safarispot.kr/product/detail.html?product_no=520,https://safarispot.kr/web/product/medium/202408/70bd9befc9f54b4e2c3886867a23e508.jpg,"₩81,000",,,260626,,,,,
,false,,사파리스팟,,카테고리98,,1/2 SAFARISPOTS SATIN BOMBER JACKET (WHITE),https://safarispot.kr/product/detail.html?product_no=464,https://safarispot.kr/web/product/medium/202311/7ece86858222350ac9c47e09e3d071d5.jpg,"₩210,000",,,260626,,,,,
,false,,사파리스팟,,카테고리98,,1/2 BASIC SAFARI RAIN PONCHO (BEGIE),https://safarispot.kr/product/detail.html?product_no=384,https://safarispot.kr/web/product/medium/202307/13f8122baa3e8bf61287e33df5c0c2c9.jpg,"₩167,000",,,260626,,,,,
,false,,사파리스팟,,카테고리98,,Washed Linen Hooded Jacket (Ivory),https://safarispot.kr/product/detail.html?product_no=1372,https://safarispot.kr/web/product/medium/202603/5d6bc027fb4747d53a2bdf5fd4827823.jpg,"₩148,000",,,260626,,,,,
,false,,사파리스팟,,카테고리98,,Layered Edge Sleeve (Brown),https://safarispot.kr/product/detail.html?product_no=1369,https://safarispot.kr/web/product/medium/202603/04a2dee457c341f357f2eea96cb68b26.jpg,"₩68,000",,,260626,,,,,
,false,,사파리스팟,,카테고리98,,1/2 Block Stripe T-shirt (Ivory),https://safarispot.kr/product/detail.html?product_no=1360,https://safarispot.kr/web/product/medium/202603/01729fbb8096e94559e59c8ebd71f66f.jpg,"₩53,000",,,260626,,,,,
,false,,사파리스팟,,카테고리98,,1/2 Split Hem Plus T-Shirt (Wine),https://safarispot.kr/product/detail.html?product_no=1355,https://safarispot.kr/web/product/medium/202603/91789ff6fdf80e6f5c4aa3c94a26d9b0.jpg,"₩58,000",,,260626,,,,,
,false,,사파리스팟,,카테고리98,,1/2 Contrast Waist Straight Pants (Beige),https://safarispot.kr/product/detail.html?product_no=1349,https://safarispot.kr/web/product/medium/202603/0f38b65b5cee25694f9673c12ae6682a.jpg,"₩98,000",,,260626,,,,,
,false,,사파리스팟,,카테고리98,,Two Denim Long Skirts (Indigo),https://safarispot.kr/product/detail.html?product_no=1294,https://safarispot.kr/web/product/medium/202603/e149dd42238aa0682614057652d5c166.jpg,"₩113,000",,,260626,,,,,
,false,,사파리스팟,,카테고리98,,Journey Round Pocket Zip Up Hoodie (Black),https://safarispot.kr/product/detail.html?product_no=1281,https://safarispot.kr/web/product/medium/202601/6b24bbea1492c1819305d3b9afa00990.jpg,"₩118,000",,,260626,,,,,
,false,,사파리스팟,,카테고리98,,1/2 Journey Stripe Long Sleeve (Gray),https://safarispot.kr/product/detail.html?product_no=1270,https://safarispot.kr/web/product/medium/202601/119252b2e58b857dd987b13dda3151a3.jpg,"₩68,000",,,260626,,,,,
,false,,사파리스팟,,카테고리98,,Rover Raw Pleats Skirt (Charcoal),https://safarispot.kr/product/detail.html?product_no=1267,https://safarispot.kr/web/product/medium/202602/177fe3fe31fb1f3bd319ea0e043a3b55.jpg,"₩108,000",,,260626,,,,,
,false,,사파리스팟,,카테고리98,,Journey Straight Denim Pants (Dark Blue),https://safarispot.kr/product/detail.html?product_no=1264,https://safarispot.kr/web/product/medium/202601/0a139646b1b86d4f602084d6a8972cd5.jpg,"₩148,000",,,260626,,,,,
,false,,사파리스팟,,카테고리98,,Lightweight Knit Hoodie (Navy),https://safarispot.kr/product/detail.html?product_no=1234,https://safarispot.kr/web/product/medium/202512/94249ef0a581511021bec7b8bb70e097.jpg,"₩83,000",,,260626,,,,,
,false,,사파리스팟,,카테고리98,,1/2 Country Anitique Cardigan (Black),https://safarispot.kr/product/detail.html?product_no=1087,https://safarispot.kr/web/product/medium/202510/e9113ac262fb221985c0e5589baf4732.png,"₩102,000",,,260626,,,,,
,false,,사파리스팟,,카테고리98,,Army Militery Patch Shirts (Khaki),https://safarispot.kr/product/detail.html?product_no=1082,https://safarispot.kr/web/product/medium/202510/fdad0baaff68ab69136dce4ff3b2a7dc.png,"₩133,000",,,260626,,,,,
,false,,사파리스팟,,카테고리98,,Det-Roit Stencil L/S (White),https://safarispot.kr/product/detail.html?product_no=1078,https://safarispot.kr/web/product/medium/202511/cc983fe34c3d788ee15776abb9b7fd79.png,"₩66,000",,,260626,,,,,
,false,,사파리스팟,,카테고리98,,Safarispot Corduroy Stud Cap (Green),https://safarispot.kr/product/detail.html?product_no=1067,https://safarispot.kr/web/product/medium/202510/f6b47f2c26f62d0a515bb014815a67b5.png,"₩64,000",,,260626,,,,,
,false,,사파리스팟,,카테고리98,,SAFARISPOT TWO TONE SWIM TRUNK (BLACK/CHARCOAL),https://safarispot.kr/product/detail.html?product_no=1021,https://safarispot.kr/web/product/medium/202508/5d7b700373ddab79385a34a1fb6d7234.jpg,"₩74,000",,,260626,,,,,
,false,,사파리스팟,,카테고리98,,1/2 HIGHWAY INN ONE PIECE SWIMSUIT (WHITE/RED),https://safarispot.kr/product/detail.html?product_no=1018,https://safarispot.kr/web/product/medium/202508/8ba673994a121b72b88b0fa0d35b851f.jpg,"₩54,000",,,260626,,,,,
,false,,사파리스팟,,카테고리98,,1/2 HIGHWAY INN RASH GUARD (WHITE/RED),https://safarispot.kr/product/detail.html?product_no=1014,https://safarispot.kr/web/product/medium/202508/8341b32d67e8214b816fb1dbcd36c96a.jpg,"₩59,000",,,260626,,,,,
,false,,사파리스팟,,카테고리98,,S.T.C. Lighting Cardigan (Gray),https://safarispot.kr/product/detail.html?product_no=815,https://safarispot.kr/web/product/medium/202511/abe1f106e47be68624bff358f1d78c03.png,"₩133,000",,,260626,,,,,
,false,,사파리스팟,,카테고리98,,S.T.C. Castle Fleece Pants (Khaki),https://safarispot.kr/product/detail.html?product_no=807,https://safarispot.kr/web/product/medium/202412/274d551c9414b3f07be96bedc97dac3d.jpg,"₩118,000",,,260626,,,,,
,false,,사파리스팟,,카테고리98,,Region Motors Club Stripe Wappen Shirts Jacket (Indigo),https://safarispot.kr/product/detail.html?product_no=761,https://safarispot.kr/web/product/medium/202602/c8fff5436783d4b58b6524a2aa001499.jpg,"₩118,000",,,260626,,,,,
,false,,사파리스팟,,카테고리98,,Region Motors Club Vintage Check Shirts,https://safarispot.kr/product/detail.html?product_no=759,https://safarispot.kr/web/product/medium/202602/7938c7759ffbc72f3f490f8900ddb97b.jpg,"₩118,000",,,260626,,,,,
,false,,사파리스팟,,카테고리98,,1/2 REGION MOTORS CLUB NAVAJO HOODIE (PEACH),https://safarispot.kr/product/detail.html?product_no=734,https://safarispot.kr/web/product/medium/202409/b6759c255671ebb8d8d0965d757417c6.jpg,"₩94,000",,,260626,,,,,
,false,,사파리스팟,,카테고리98,,1/2 S CLEF COTTON HALF PANTS (BEIGE),https://safarispot.kr/product/detail.html?product_no=668,https://safarispot.kr/web/product/medium/202408/580bc31d645af57c70897833e0b20182.jpg,"₩107,000",,,260626,,,,,
,false,,사파리스팟,,카테고리98,,1/2 SAFETY COTTON HALF PANTS (GRAY),https://safarispot.kr/product/detail.html?product_no=654,https://safarispot.kr/web/product/medium/202408/a9d73b2a7ac39584f9f8c183acd9017a.jpg,"₩95,000",,,260626,,,,,
,false,,사파리스팟,,카테고리98,,S CLEF WRAP SKIRT PANTS (BLACK),https://safarispot.kr/product/detail.html?product_no=628,https://safarispot.kr/web/product/medium/202408/cff73933cf43b6e706b8600bcd8ed705.jpg,"₩123,000",,,260626,,,,,
,false,,사파리스팟,,카테고리98,,S CLEF WRAP SKIRT PANTS (BEGIE),https://safarispot.kr/product/detail.html?product_no=627,https://safarispot.kr/web/product/medium/202408/1071fb4a2eb946f105efd2a00acbc9aa.jpg,"₩123,000",,,260626,,,,,
,false,,사파리스팟,,카테고리98,,BASIC SAFARI POLY SKIRT (BROWN),https://safarispot.kr/product/detail.html?product_no=447,https://safarispot.kr/web/product/medium/202310/51a044eb46e358c620832a2cc2a5dd34.jpg,"₩85,000",,,260626,,,,,
,false,,사파리스팟,,카테고리98,,Lamb Livelihood Sweat Cardigan (Green),https://safarispot.kr/product/detail.html?product_no=440,https://safarispot.kr/web/product/medium/202511/cbbf8da9e8db69ee72f2e74b5c76d688.png,"₩102,000",,,260626,,,,,
,false,,사파리스팟,,카테고리98,,1/2 Cathy And Brook Story Towel Pk Tee (Black),https://safarispot.kr/product/detail.html?product_no=403,https://safarispot.kr/web/product/medium/202308/fc50d44b7b3becfe31b5a007a7d1cf97.jpg,"₩71,000",,,260626,,,,,
,false,,사파리스팟,,카테고리98,,1/2 BASIC SAFARI RAIN PONCHO (NAVY),https://safarispot.kr/product/detail.html?product_no=383,https://safarispot.kr/web/product/medium/202307/1fdb4951d9632b2c9059c2a0e8163704.jpg,"₩167,000",,,260626,,,,,
,false,,사파리스팟,,카테고리98,,1/2 BASIC SAFARI SWIM PANTS (RED),https://safarispot.kr/product/detail.html?product_no=332,https://safarispot.kr/web/product/medium/202304/3c572bd12690034c91002feabf226e78.jpg,"₩61,000",,,260626,,,,,
,false,,사파리스팟,,카테고리98,,1/2 BASIC SAFARI SWIM PANTS (ORANGE),https://safarispot.kr/product/detail.html?product_no=331,https://safarispot.kr/web/product/medium/202304/1bd02879f8351658cb2f05dd816bbe0f.jpg,"₩61,000",,,260626,,,,,
,false,,사파리스팟,,카테고리98,,Naturalis Pocket T-Shirt (Gray/Blue),https://safarispot.kr/product/detail.html?product_no=282,https://safarispot.kr/web/product/medium/202303/932f93c1dfa70ae6c9d225aa402419d3.jpg,"₩58,000",,,260626,,,,,
,false,,사파리스팟,,카테고리98,,S&S BASEBALL SHORT SLEEVE SHIRT (BLACK),https://safarispot.kr/product/detail.html?product_no=279,https://safarispot.kr/web/product/medium/202303/4b8fdd1a050cc19930ce664fb62697cc.jpg,"₩128,000",,,260626,,,,,
,false,,사파리스팟,,카테고리98,,1/2 Block Stripe T-shirt (Navy),https://safarispot.kr/product/detail.html?product_no=1359,https://safarispot.kr/web/product/medium/202603/1e1a13fe2531b30478da4bd333c204fc.jpg,"₩53,000",,,260626,,,,,
,false,,사파리스팟,,카테고리98,,1/2 Split Hem Plus T-Shirt (Olive),https://safarispot.kr/product/detail.html?product_no=1357,https://safarispot.kr/web/product/medium/202603/b171df987ca437428df3869b1bd4cf46.jpg,"₩58,000",,,260626,,,,,
,false,,사파리스팟,,카테고리98,,Lip Point Henley Neck T-Shirt (Gray),https://safarispot.kr/product/detail.html?product_no=1351,https://safarispot.kr/web/product/medium/202603/5b43a1b1dec5a982915accfa65fb1a3c.jpg,"₩68,000",,,260626,,,,,
,false,,사파리스팟,,카테고리98,,Rover Raw Sweat Long Skirt (Black),https://safarispot.kr/product/detail.html?product_no=1266,https://safarispot.kr/web/product/medium/202601/df27ce62f48a35d70a6cc905681525f7.jpg,"₩108,000",,,260626,,,,,
,false,,사파리스팟,,카테고리98,,Journey Loop Neck Muffler (Navy),https://safarispot.kr/product/detail.html?product_no=1255,https://safarispot.kr/web/product/medium/202601/a862fe5b6db1ca2376f859ce3247d7b9.jpg,"₩38,000",,,260626,,,,,
,false,,사파리스팟,,카테고리98,,Sherpa Denim Trucker Jacket (Indigo),https://safarispot.kr/product/detail.html?product_no=1244,https://safarispot.kr/web/product/medium/202512/8fb450494b28f59c1d62bdede830f91f.jpg,"₩219,000",,,260626,,,,,
,false,,사파리스팟,,카테고리98,,Coduroy Quilting Jacket (Brown),https://safarispot.kr/product/detail.html?product_no=1239,https://safarispot.kr/web/product/medium/202512/0811da43f6d772685588f5867de3a64a.jpg,"₩249,000",,,260626,,,,,
,false,,사파리스팟,,카테고리98,,Two Button Denim Pants (Indigo),https://safarispot.kr/product/detail.html?product_no=1231,https://safarispot.kr/web/product/medium/202512/a9252f5afa1a6c9049c5bb5e8339bc35.jpg,"₩108,000",,,260626,,,,,
,false,,사파리스팟,,카테고리98,,Two Button Wool Pants (Black),https://safarispot.kr/product/detail.html?product_no=1230,https://safarispot.kr/web/product/medium/202512/ee9e700f164c51d677aedf754c486555.jpg,"₩108,000",,,260626,,,,,
,false,,사파리스팟,,카테고리98,,Country Peace Tartan Shirts (Sky),https://safarispot.kr/product/detail.html?product_no=1083,https://safarispot.kr/web/product/medium/202510/b5c56b552848977b96451cdbd62cce40.png,"₩117,000",,,260626,,,,,
,false,,사파리스팟,,카테고리98,,1/2 Country Farmer Tee (Coral),https://safarispot.kr/product/detail.html?product_no=1074,https://safarispot.kr/web/product/medium/202511/f0c7943bdcce9a902bdf99bed420433c.png,"₩54,000",,,260626,,,,,
,false,,사파리스팟,,카테고리98,,Safarispot Corduroy Stud Cap (Navy),https://safarispot.kr/product/detail.html?product_no=1066,https://safarispot.kr/web/product/medium/202510/ec302675c9f3549747956e3e92b68d5f.png,"₩64,000",,,260626,,,,,
,false,,사파리스팟,,카테고리98,,Authentic Stephen Rim Tee (White),https://safarispot.kr/product/detail.html?product_no=933,https://safarispot.kr/web/product/medium/202603/8bf5cba3daadd563a536713ddb78fb94.jpg,"₩54,000",,,260626,,,,,
,false,,사파리스팟,,카테고리98,,Authentic Table Tennis Sports Gym Bag (Gray),https://safarispot.kr/product/detail.html?product_no=858,https://safarispot.kr/web/product/medium/202512/704c7f060e021fdaeec207eb14723a22.png,"₩143,000",,,260626,,,,,
,false,,사파리스팟,,카테고리98,,1/2 S.T.C. LIGHTING LOGO L/S (BEIGE),https://safarispot.kr/product/detail.html?product_no=828,https://safarispot.kr/web/product/medium/202412/97adfa0c8514bb0cd7e44fbd24db71f8.jpg,"₩69,000",,,260626,,,,,
,false,,사파리스팟,,카테고리98,,S.T.C. CITY HOODIE (BEIGE),https://safarispot.kr/product/detail.html?product_no=824,https://safarispot.kr/web/product/medium/202412/c8c9bbb81c241dd376c14cb8f0bc16cd.jpg,"₩94,000",,,260626,,,,,
,false,,사파리스팟,,카테고리98,,1/2 S.T.C. CASTLE HOODIE (GRAY),https://safarispot.kr/product/detail.html?product_no=820,https://safarispot.kr/web/product/medium/202412/b2f385531546d99420dc4ee01b2750d2.jpg,"₩94,000",,,260626,,,,,
,false,,사파리스팟,,카테고리98,,S.T.C. CASTLE HOODIE (GRAY),https://safarispot.kr/product/detail.html?product_no=819,https://safarispot.kr/web/product/medium/202412/70012488043621b811e9b135bdbcd020.jpg,"₩94,000",,,260626,,,,,
,false,,사파리스팟,,카테고리98,,S.T.C. CASTLE HOODIE (BLUE),https://safarispot.kr/product/detail.html?product_no=817,https://safarispot.kr/web/product/medium/202412/82d4c3eede1d042a7f47993769c448c2.jpg,"₩94,000",,,260626,,,,,
,false,,사파리스팟,,카테고리98,,S.T.C. Lighting Cardigan (Yellow),https://safarispot.kr/product/detail.html?product_no=816,https://safarispot.kr/web/product/medium/202511/0380522a79cbf0674ad3d16b500b8bff.png,"₩133,000",,,260626,,,,,
,false,,사파리스팟,,카테고리98,,1/2 REGION MOTORS CLUB NAVAJO PANTS (GRAY),https://safarispot.kr/product/detail.html?product_no=757,https://safarispot.kr/web/product/medium/202409/c302cd84bf8ae4503c01fce58f00c64c.jpg,"₩105,000",,,260626,,,,,
,false,,사파리스팟,,카테고리98,,REGION MOTORS CLUB SILK JACKET,https://safarispot.kr/product/detail.html?product_no=742,https://safarispot.kr/web/product/medium/202510/cc94d94ad4ce5159bf52a97c47cf1313.jpg,"₩223,000",,,260626,,,,,
,false,,사파리스팟,,카테고리98,,REGION MOTORS CLUB SATIN JACKET,https://safarispot.kr/product/detail.html?product_no=741,https://safarispot.kr/web/product/medium/202510/b2055733faed72f41a057eadebb6fb68.jpg,"₩168,000",,,260626,,,,,
,false,,사파리스팟,,카테고리98,,Houndstooth Half Button Jacket,https://safarispot.kr/product/detail.html?product_no=740,https://safarispot.kr/web/product/medium/202409/67c2609323207571b54fbcd58e081a16.jpg,"₩129,000",,,260626,,,,,
,false,,사파리스팟,,카테고리98,,SAFARISPOT ZIPPER PRINT HOODE (BLACK),https://safarispot.kr/product/detail.html?product_no=703,https://safarispot.kr/web/product/medium/202409/fed5f9f3c3c588939b3b962f2109f698.jpg,"₩92,000",,,260626,,,,,
,false,,사파리스팟,,카테고리98,,1/2 Region Motors Club Pocket Tee (Navy),https://safarispot.kr/product/detail.html?product_no=698,https://safarispot.kr/web/product/medium/202603/4627ef97f8d375e793adccf3fe86c434.jpg,"₩58,000",,,260626,,,,,
,false,,사파리스팟,,카테고리98,,ULTIMATE LOGO LEATHER KEYRING (BEIGE),https://safarispot.kr/product/detail.html?product_no=678,https://safarispot.kr/web/product/medium/202408/18773c49a2848e87f0b28ce20b2954e0.jpg,"₩34,000",,,260626,,,,,
,false,,사파리스팟,,카테고리98,,Roux Base School Duffle Zip Up (Ivory),https://safarispot.kr/product/detail.html?product_no=555,https://safarispot.kr/web/product/medium/202510/5b250807dd0c21d6707e36d01f62e8c3.jpg,"₩153,000",,,260626,,,,,
,false,,사파리스팟,,카테고리98,,ROUX BASE UNIFORM BASEBALL PATCH CREWNECK  (BLACK),https://safarispot.kr/product/detail.html?product_no=535,https://safarispot.kr/web/product/medium/202408/45d3cc937b4b05cb1406c976c5fb2f0b.jpg,"₩108,000",,,260626,,,,,
,false,,사파리스팟,,카테고리98,,ROUX BASE UNIFORM TEAM CAP,https://safarispot.kr/product/detail.html?product_no=528,https://safarispot.kr/web/product/medium/202408/f9f7742b26080f56855732363c336d70.jpg,"₩67,000",,,260626,,,,,
,false,,사파리스팟,,카테고리98,,1/2 BASIC SAFARI RAIN PONCHO (WHITE),https://safarispot.kr/product/detail.html?product_no=385,https://safarispot.kr/web/product/medium/202307/f9b7f4baa7989a18cb4b7d85784d23b8.jpg,"₩167,000",,,260626,,,,,
,false,,사파리스팟,,카테고리98,,TICKETING LINEN DENIM PANTS (BLACK),https://safarispot.kr/product/detail.html?product_no=355,https://safarispot.kr/web/product/medium/202306/64af450fe5d251ba2879ef5f717e677f.jpg,"₩112,000",,,260626,,,,,
,false,,사파리스팟,,카테고리98,,TICKETING LINEN DENIM PANTS (INDIGO),https://safarispot.kr/product/detail.html?product_no=354,https://safarispot.kr/web/product/medium/202306/27892aa69358c2f8ddf98b92de82c717.jpg,"₩112,000",,,260626,,,,,
,false,,사파리스팟,,카테고리98,,BASIC SAFARI SWIM PANTS (MINT),https://safarispot.kr/product/detail.html?product_no=324,https://safarispot.kr/web/product/medium/202304/b53fa042ef233af8320b6a8d440f911a.jpg,"₩61,000",,,260626,,,,,
,false,,사파리스팟,,카테고리98,,1/2 Washed Cotton Baggy Shorts (Gray),https://safarispot.kr/product/detail.html?product_no=1344,https://safarispot.kr/web/product/medium/202603/488e3bb795bede8256d58af0b315d240.jpg,"₩108,000",,,260626,,,,,
,false,,사파리스팟,,카테고리98,,Washed Linen Slub Shorts (Brown),https://safarispot.kr/product/detail.html?product_no=1341,https://safarispot.kr/web/product/medium/202603/e776b41179de7608b4835064f7684226.jpg,"₩98,000",,,260626,,,,,
,false,,사파리스팟,,카테고리98,,Denim Baggy Shorts (Indigo),https://safarispot.kr/product/detail.html?product_no=1337,https://safarispot.kr/web/product/medium/202604/89fc0453b71e9fa861f3e698cdbf3c02.jpg,"₩108,000",,,260626,,,,,
,false,,사파리스팟,,카테고리98,,Journey Collage Knit (Black),https://safarispot.kr/product/detail.html?product_no=1280,https://safarispot.kr/web/product/medium/202601/e29c4bcc95c4049b4be546aeea621eb4.jpg,"₩88,000",,,260626,,,,,
,false,,사파리스팟,,카테고리98,,1/2 Rover Raw PK Long Sleeve (Cream/Gray),https://safarispot.kr/product/detail.html?product_no=1279,https://safarispot.kr/web/product/medium/202601/d2e99463e38f5d6156eb4ad97534c8d0.jpg,"₩108,000",,,260626,,,,,
,false,,사파리스팟,,카테고리98,,Rover Raw PK Long Sleeve (Cream/Gray),https://safarispot.kr/product/detail.html?product_no=1278,https://safarispot.kr/web/product/medium/202601/db4d486dca848d221a1665e40846c4fb.jpg,"₩108,000",,,260626,,,,,
,false,,사파리스팟,,카테고리98,,Rover Raw Sweat Pants (Black),https://safarispot.kr/product/detail.html?product_no=1265,https://safarispot.kr/web/product/medium/202601/9c75b129f137fce7e56543418ee381d9.jpg,"₩118,000",,,260626,,,,,
,false,,사파리스팟,,카테고리98,,1/2 Journey Denim Cropped Pants (Dark Blue),https://safarispot.kr/product/detail.html?product_no=1263,https://safarispot.kr/web/product/medium/202601/74304b7768825051e13e4a568fdf5d18.jpg,"₩138,000",,,260626,,,,,
,false,,사파리스팟,,카테고리98,,Journey Check Beret (Black),https://safarispot.kr/product/detail.html?product_no=1259,https://safarispot.kr/web/product/medium/202601/fa570304c7a5b792c46ba0cf2771986b.jpg,"₩68,000",,,260626,,,,,
,false,,사파리스팟,,카테고리98,,Journey Loop Neck Muffler (Burgundy),https://safarispot.kr/product/detail.html?product_no=1256,https://safarispot.kr/web/product/medium/202601/276f79162894a0be3dfe9f4c487eee03.jpg,"₩38,000",,,260626,,,,,
,false,,사파리스팟,,카테고리98,,Rover Raw String Cross Bag (Black),https://safarispot.kr/product/detail.html?product_no=1252,https://safarispot.kr/web/product/medium/202601/08af416398d122ad24175e41efa6cf30.jpg,"₩98,000",,,260626,,,,,
,false,,사파리스팟,,카테고리98,,Country Farmer Coach Jacket (Green),https://safarispot.kr/product/detail.html?product_no=1088,https://safarispot.kr/web/product/medium/202510/8a5cdabdf31d98fa410d4d851c7be16e.png,"₩158,000",,,260626,,,,,
,false,,사파리스팟,,카테고리98,,Country Patch Suede Blouson (Brown),https://safarispot.kr/product/detail.html?product_no=1084,https://safarispot.kr/web/product/medium/202510/149cb5f81a0d24394fd1f580bbb74753.png,"₩158,000",,,260626,,,,,
,false,,사파리스팟,,카테고리98,,1/2 Army Wine Paint Crewneck (Light Gray),https://safarispot.kr/product/detail.html?product_no=1077,https://safarispot.kr/web/product/medium/202511/1c0ccdde44e5ec367bcd847b6686b9b8.png,"₩87,000",,,260626,,,,,
,false,,사파리스팟,,카테고리98,,1/2 Country Dots V-Neck  L/S (Indigo),https://safarispot.kr/product/detail.html?product_no=1076,https://safarispot.kr/web/product/medium/202511/9d938c1eead64abf68f72fb268fead2a.png,"₩66,000",,,260626,,,,,
,false,,사파리스팟,,카테고리98,,Country Farmer Tee (Coral),https://safarispot.kr/product/detail.html?product_no=1073,https://safarispot.kr/web/product/medium/202511/ca8754b8a124bebbd669e6970eaa33dd.png,"₩54,000",,,260626,,,,,
,false,,사파리스팟,,카테고리98,,Country Muspotd Tee (Yellow),https://safarispot.kr/product/detail.html?product_no=1072,https://safarispot.kr/web/product/medium/202511/b2fc538820e15b0d3ca1519321355b4b.png,"₩54,000",,,260626,,,,,
,false,,사파리스팟,,카테고리98,,Det-Roit Carpenter Cotton Pants (Brown),https://safarispot.kr/product/detail.html?product_no=1070,https://safarispot.kr/web/product/medium/202511/35d08daa46c9812d6e58a8d6d103f5fe.png,"₩153,000",,,260626,,,,,
,false,,사파리스팟,,카테고리98,,Country Corduroy Capri Pants (Beige),https://safarispot.kr/product/detail.html?product_no=1069,https://safarispot.kr/web/product/medium/202511/d7b3388b20a3bd642648df24c930dd68.png,"₩104,000",,,260626,,,,,
,false,,사파리스팟,,카테고리98,,Country Wool Capri Pants (Brown Oat),https://safarispot.kr/product/detail.html?product_no=1068,https://safarispot.kr/web/product/medium/202511/d9c9893f1e113a6f2c465ec6a53ffa0f.png,"₩104,000",,,260626,,,,,
,false,,사파리스팟,,카테고리98,,Country Patch Oxford Cross Bag (Beige),https://safarispot.kr/product/detail.html?product_no=1065,https://safarispot.kr/web/product/medium/202510/88a70d7a40abca656288ec687f6e7ad6.png,"₩65,000",,,260626,,,,,
,false,,사파리스팟,,카테고리98,,SAFARISPOT PALM TREE REVERSIBLE BUCKET HAT (CHARCOAL/BEIGE),https://safarispot.kr/product/detail.html?product_no=1022,https://safarispot.kr/web/product/medium/202508/e42ce5558daf49926743837d081fae01.jpg,"₩62,000",,,260626,,,,,
,false,,사파리스팟,,카테고리98,,SAFARISPOT TWO TONE SWIM TRUNK (PINK/NAVY),https://safarispot.kr/product/detail.html?product_no=1020,https://safarispot.kr/web/product/medium/202508/2680aa741aa31ceb90d1e6fd5b0ff4d9.jpg,"₩74,000",,,260626,,,,,
,false,,사파리스팟,,카테고리98,,1/2 S.T.C. CITY HOODIE (BEIGE),https://safarispot.kr/product/detail.html?product_no=825,https://safarispot.kr/web/product/medium/202412/55cddacbca845252545ecfc48f5a50c7.jpg,"₩94,000",,,260626,,,,,
,false,,사파리스팟,,카테고리98,,1/2 S.T.C. CASTLE HOODIE (BLUE),https://safarispot.kr/product/detail.html?product_no=818,https://safarispot.kr/web/product/medium/202412/9bfdeaf5e538f03d35a0c5c3c0d35ad9.jpg,"₩94,000",,,260626,,,,,
,false,,사파리스팟,,카테고리98,,S.T.C. Castle Fleece Pants (White),https://safarispot.kr/product/detail.html?product_no=808,https://safarispot.kr/web/product/medium/202412/278390d27923391a793a4a4060958d73.jpg,"₩118,000",,,260626,,,,,
,false,,사파리스팟,,카테고리98,,S.T.C. Kung Fu Coach Jacket (Khaki),https://safarispot.kr/product/detail.html?product_no=803,https://safarispot.kr/web/product/medium/202602/e0bad84da331ee91e5a1d0f7e3fc0c4f.jpg,"₩168,000",,,260626,,,,,
,false,,사파리스팟,,카테고리98,,Region Motors Club Millitary Pants (Beige),https://safarispot.kr/product/detail.html?product_no=754,https://safarispot.kr/web/product/medium/202512/ae0f243651363bc9418a8d4fc15e219a.png,"₩118,000",,,260626,,,,,
,false,,사파리스팟,,카테고리98,,REGION MOTORS CLUB STRIPE DOUBLE BUTTON JACKET,https://safarispot.kr/product/detail.html?product_no=749,https://safarispot.kr/web/product/medium/202409/ae5f0fd58033b6f0b4589cb94b5c923d.jpg,"₩198,000",,,260626,,,,,
,false,,사파리스팟,,카테고리98,,REGION MOTORS CLUB FLEECE DUFFLE COAT,https://safarispot.kr/product/detail.html?product_no=748,https://safarispot.kr/web/product/medium/202410/88bcd48064d5c82c3da90968aed8f514.jpg,"₩188,000",,,260626,,,,,
,false,,사파리스팟,,카테고리98,,REGION MOTORS CLUB RUGBY LONG SLEEVE (PEACH),https://safarispot.kr/product/detail.html?product_no=725,https://safarispot.kr/web/product/medium/202409/f6bae5a18da244c4b9cd91670bd37dd9.jpg,"₩72,000",,,260626,,,,,
,false,,사파리스팟,,카테고리98,,1/2 REGION MOTORS CLUB RUGBY LONG SLEEVE (PEACH),https://safarispot.kr/product/detail.html?product_no=724,https://safarispot.kr/web/product/medium/202409/e0e291936a58d841febdd5ecac118d7b.jpg,"₩72,000",,,260626,,,,,
,false,,사파리스팟,,카테고리98,,1/2 Web Trucker Denim Jacket (Black),https://safarispot.kr/product/detail.html?product_no=656,https://safarispot.kr/web/product/medium/202602/4e9924d29a6b600453f7658a17b56b94.jpg,"₩158,000",,,260626,,,,,
,false,,사파리스팟,,카테고리98,,Roux Base School Duffle Zip Up (Navy),https://safarispot.kr/product/detail.html?product_no=554,https://safarispot.kr/web/product/medium/202408/b8ca133362460728fbdd08e1bc8fe141.jpg,"₩153,000",,,260626,,,,,
,false,,사파리스팟,,카테고리98,,BASIC SAFARI DAY BACKPACK (ORANGE),https://safarispot.kr/product/detail.html?product_no=532,https://safarispot.kr/web/product/medium/202408/561ce52cf7d9293a3fb2b8e338c913db.jpg,"₩118,000",,,260626,,,,,
,false,,사파리스팟,,카테고리98,,SAFARISPOTS SATIN BOMBER JACKET (NAVY/BURGUNDY),https://safarispot.kr/product/detail.html?product_no=467,https://safarispot.kr/web/product/medium/202311/05196a609cfe2c28ebba7867438cc22a.jpg,"₩210,000",,,260626,,,,,
,false,,사파리스팟,,카테고리98,,1/2 SAFARISPOTS SATIN BOMBER JACKET (NAVY/BURGUNDY),https://safarispot.kr/product/detail.html?product_no=466,https://safarispot.kr/web/product/medium/202311/631b0c4946ad069cdb72e48a52a74a40.jpg,"₩210,000",,,260626,,,,,
,false,,사파리스팟,,카테고리98,,1/2 BASIC SAFARI SWIM PANTS (MINT),https://safarispot.kr/product/detail.html?product_no=329,https://safarispot.kr/web/product/medium/202304/e5e54db2ac281beadd36f7a966f35c5b.jpg,"₩61,000",,,260626,,,,,
,false,,사파리스팟,,카테고리98,,BASIC SAFARI SWIM PANTS (ORANGE),https://safarispot.kr/product/detail.html?product_no=326,https://safarispot.kr/web/product/medium/202304/5b8189757ac3fef2c34072bd9ed96fec.jpg,"₩61,000",,,260626,,,,,
,false,,사파리스팟,,카테고리98,,S&S BASEBALL SHORT SLEEVE SHIRT (GRAY),https://safarispot.kr/product/detail.html?product_no=278,https://safarispot.kr/web/product/medium/202303/1f80927c64c5ef43535f1f88b74850a8.jpg,"₩128,000",,,260626,,,,,
,false,,사파리스팟,,카테고리98,,AUTHENTIC NYLON FRILL SLEEVELESS (BEIGE),https://safarispot.kr/product/detail.html?product_no=997,https://safarispot.kr/web/product/medium/202505/b47730166365ca4a1d7357cdf1875294.jpg,"₩58,000",,,260626,,,,,
,false,,사파리스팟,,카테고리98,,REGULAR STRIPE WOOD BUTTON TEE (NAVY),https://safarispot.kr/product/detail.html?product_no=988,https://safarispot.kr/web/product/medium/202505/15df33af39a07f244120077ee7044795.jpg,"₩63,000",,,260626,,,,,
,false,,사파리스팟,,카테고리98,,REGULAR HALF ROUND PK TEE (BLACK/GRAY),https://safarispot.kr/product/detail.html?product_no=978,https://safarispot.kr/web/product/medium/202505/9939fb404200a78b35983a35ad727f6a.jpg,"₩71,000",,,260626,,,,,
,false,,사파리스팟,,카테고리98,,REC RUIT ATHLETIC RUGBY MESH TEE (NAVY),https://safarispot.kr/product/detail.html?product_no=973,https://safarispot.kr/web/product/medium/202504/1bf8e0f5089e024d0f05904d25f565e6.jpg,"₩67,000",,,260626,,,,,
,false,,사파리스팟,,카테고리98,,1/2 Rec Ruit Trainee Hooligan Symbol Tee (Pink),https://safarispot.kr/product/detail.html?product_no=972,https://safarispot.kr/web/product/medium/202505/a857a5ecbb1d6e630bce546011628b20.jpg,"₩56,000",,,260626,,,,,
,false,,사파리스팟,,카테고리98,,1/2 Authentic Referee Pk Tee (Olive),https://safarispot.kr/product/detail.html?product_no=938,https://safarispot.kr/web/product/medium/202603/62f3ea106fdf1580e226b60cf7bce62f.jpg,"₩69,000",,,260626,,,,,
,false,,사파리스팟,,카테고리98,,Authentic Referee Pk Tee (Olive),https://safarispot.kr/product/detail.html?product_no=937,https://safarispot.kr/web/product/medium/202603/f4e38bce0c0613e5faaadeae404477aa.jpg,"₩69,000",,,260626,,,,,
,false,,사파리스팟,,카테고리98,,Authentic Table Tennis Crew Tee (Light Indigo),https://safarispot.kr/product/detail.html?product_no=935,https://safarispot.kr/web/product/medium/202603/3138dd1fd3a54d450ae088993fa88d25.jpg,"₩58,000",,,260626,,,,,
,false,,사파리스팟,,카테고리98,,Rec Ruit Athletic Rugby Tee (White),https://safarispot.kr/product/detail.html?product_no=931,https://safarispot.kr/web/product/medium/202505/c8ab1aeca13642f1f36175156acb07e4.jpg,"₩54,000",,,260626,,,,,
,false,,사파리스팟,,카테고리98,,1/2 AUTHENTIC TABLE TENNIS CLUB TEE (GRAY),https://safarispot.kr/product/detail.html?product_no=928,https://safarispot.kr/web/product/medium/202504/1b6b5fd2814d7d2d3054879ce9a10117.jpg,"₩54,000",,,260626,,,,,
,false,,사파리스팟,,카테고리98,,AUTHENTIC TABLE TENNIS CLUB TEE (GRAY),https://safarispot.kr/product/detail.html?product_no=927,https://safarispot.kr/web/product/medium/202505/804f19a18e6248a405562569a515c40e.jpg,"₩54,000",,,260626,,,,,
,false,,사파리스팟,,카테고리98,,1/2 Authentic Table Tennis Club Tee (White/Burgundy),https://safarispot.kr/product/detail.html?product_no=926,https://safarispot.kr/web/product/medium/202603/90cd9960126f643dcbcd9628cc92692d.jpg,"₩54,000",,,260626,,,,,
,false,,사파리스팟,,카테고리98,,Authentic Chocolate Tee (Brown),https://safarispot.kr/product/detail.html?product_no=923,https://safarispot.kr/web/product/medium/202603/446dbee15af174e1e51685f3b31f2fab.jpg,"₩54,000",,,260626,,,,,
,false,,사파리스팟,,카테고리98,,REC RUIT MATH SOCIETY RINGER TEE (MINT),https://safarispot.kr/product/detail.html?product_no=922,https://safarispot.kr/web/product/medium/202504/6afd089e107ae381880f4f43eaebd489.jpg,"₩58,000",,,260626,,,,,
,false,,사파리스팟,,카테고리98,,AUTHENTIC TABLE TENNIS KOR TEE (WHITE),https://safarispot.kr/product/detail.html?product_no=917,https://safarispot.kr/web/product/medium/202505/2c9bedf17061b253c512e11ea926ee3a.jpg,"₩63,000",,,260626,,,,,
,false,,사파리스팟,,카테고리98,,Authentic Gunpla Toy Tee (Charcoal),https://safarispot.kr/product/detail.html?product_no=916,https://safarispot.kr/web/product/medium/202603/081fb7b8ff45cfc1dd7d099c8910d4c1.jpg,"₩54,000",,,260626,,,,,
,false,,사파리스팟,,카테고리98,,1/2 AUTHENTIC TABLE TENNIS TRAINNE TEE (WHITE/NAVY),https://safarispot.kr/product/detail.html?product_no=913,https://safarispot.kr/web/product/medium/202505/035b42abbb459c303a7c6d2023cac07f.jpg,"₩73,000",,,260626,,,,,
,false,,사파리스팟,,카테고리98,,1/2 AUTHENTIC TABLE TENNIS TRAINNE TEE (WHITE/PINK),https://safarispot.kr/product/detail.html?product_no=912,https://safarispot.kr/web/product/medium/202505/79ab4b175767fc275f9095ed1bfbc179.jpg,"₩73,000",,,260626,,,,,
,false,,사파리스팟,,카테고리98,,AUTHENTIC TABLE TENNIS TRAINNE TEE (WHITE/NAVY),https://safarispot.kr/product/detail.html?product_no=911,https://safarispot.kr/web/product/medium/202505/2585a7b5c1cd5ff9ae76b9fcc0e35d96.jpg,"₩73,000",,,260626,,,,,
,false,,사파리스팟,,카테고리98,,AUTHENTIC TABLE TENNIS TRAINNE TEE (WHITE/PINK),https://safarispot.kr/product/detail.html?product_no=910,https://safarispot.kr/web/product/medium/202505/d4debbf939d31dea0bea6d088b21295f.jpg,"₩73,000",,,260626,,,,,
,false,,사파리스팟,,카테고리98,,REC RUIT TRAINNE PK JERSEY (WHITE),https://safarispot.kr/product/detail.html?product_no=908,https://safarispot.kr/web/product/medium/202504/3b406ba14cdb97c1e439ce9b29eb78e1.jpg,"₩61,000",,,260626,,,,,
,false,,사파리스팟,,카테고리98,,1/2 Rec Ruit Math Liner Tee (Gray/White),https://safarispot.kr/product/detail.html?product_no=903,https://safarispot.kr/web/product/medium/202603/de48b92cdb5031a3887d5f7cf3078766.jpg,"₩54,000",,,260626,,,,,
,false,,사파리스팟,,카테고리98,,REC RUIT MATH LINER TEE (GRAY/WHITE),https://safarispot.kr/product/detail.html?product_no=902,https://safarispot.kr/web/product/medium/202504/d1a87a64795836988f908474d5522654.jpg,"₩54,000",,,260626,,,,,
,false,,사파리스팟,,카테고리98,,1/2 REC RUIT RAGLAN MESH TEE (WHITE),https://safarispot.kr/product/detail.html?product_no=901,https://safarispot.kr/web/product/medium/202505/7863fe06be4ed8de58fa710e813d1dc6.jpg,"₩58,000",,,260626,,,,,
,false,,사파리스팟,,카테고리98,,REC RUIT MATH PK TEE (WHITE),https://safarispot.kr/product/detail.html?product_no=899,https://safarispot.kr/web/product/medium/202504/85652d5b7a8b257d16d6e7217a7e97e4.jpg,"₩71,000",,,260626,,,,,
,false,,사파리스팟,,카테고리98,,REC RUIT MATH SOCIETY RINGER TEE (PINK/RED),https://safarispot.kr/product/detail.html?product_no=894,https://safarispot.kr/web/product/medium/202504/6c7a1957c594fccaad0bde657f4a9c68.jpg,"₩58,000",,,260626,,,,,
,false,,사파리스팟,,카테고리98,,Authentic Calculator Tee (Blue),https://safarispot.kr/product/detail.html?product_no=893,https://safarispot.kr/web/product/medium/202603/693e424d62001e32ea52138426480f93.jpg,"₩54,000",,,260626,,,,,
,false,,사파리스팟,,카테고리98,,AUTHENTIC STAGE SEAT TEE (WHITE),https://safarispot.kr/product/detail.html?product_no=892,https://safarispot.kr/web/product/medium/202504/c04bfb8beb8e5ec1b62d1ad51e358c53.jpg,"₩54,000",,,260626,,,,,
,false,,사파리스팟,,카테고리98,,AUTHENTIC NYLON FRILL SLEEVELESS (BLACK),https://safarispot.kr/product/detail.html?product_no=889,https://safarispot.kr/web/product/medium/202505/c5cd551cf108a06b34991579420edfa7.jpg,"₩58,000",,,260626,,,,,
,false,,사파리스팟,,카테고리98,,REC RUIT GOLF CLUB TEE (BLACK),https://safarispot.kr/product/detail.html?product_no=888,https://safarispot.kr/web/product/medium/202504/0469c56d1628ec54f210a147e3256117.jpg,"₩54,000",,,260626,,,,,
,false,,사파리스팟,,카테고리98,,REC RUIT GOLF CLUB TEE (SKY),https://safarispot.kr/product/detail.html?product_no=887,https://safarispot.kr/web/product/medium/202504/912708e22110aa8226467d255aafff32.jpg,"₩54,000",,,260626,,,,,
,false,,사파리스팟,,카테고리98,,REGULAR SOFT LINE V-NECK TEE (WHITE),https://safarispot.kr/product/detail.html?product_no=886,https://safarispot.kr/web/product/medium/202505/da66a458ac1d362f47b9d947e6f20cb9.jpg,"₩59,000",,,260626,,,,,
,false,,사파리스팟,,카테고리98,,1/2  INNER POINT DOUBLE POCKET CREW (CHARCOAL),https://safarispot.kr/product/detail.html?product_no=885,https://safarispot.kr/web/product/medium/202505/8026600b5ac2384a5f6e20edee7d1351.jpg,"₩79,000",,,260626,,,,,
,false,,사파리스팟,,카테고리98,,1/2 Regular Check Board Pocket Tee (Navy),https://safarispot.kr/product/detail.html?product_no=884,https://safarispot.kr/web/product/medium/202505/5cba26e01d65850501f6227f43388034.jpg,"₩58,000",,,260626,,,,,
,false,,사파리스팟,,카테고리98,,REGULAR STRIPE PK TEE (NAVY),https://safarispot.kr/product/detail.html?product_no=881,https://safarispot.kr/web/product/medium/202505/37e4928d8a3346cd8e00258a02466eee.jpg,"₩69,000",,,260626,,,,,
,false,,사파리스팟,,카테고리98,,1/2 REGULAR CHECK STRING SHIRTS (BROWN),https://safarispot.kr/product/detail.html?product_no=880,https://safarispot.kr/web/product/medium/202505/eb2cc70fa8f8406d8abeaeaa6fbc5082.jpg,"₩93,000",,,260626,,,,,
,false,,사파리스팟,,카테고리98,,1/2 Regular Chest Grid Wave Pk Tee (Navy),https://safarispot.kr/product/detail.html?product_no=875,https://safarispot.kr/web/product/medium/202603/11036865786c8bc2875a05b5df33fe6d.jpg,"₩71,000",,,260626,,,,,
,false,,사파리스팟,,카테고리98,,REGULAR CHEST GRID WAVE PK TEE (NAVY),https://safarispot.kr/product/detail.html?product_no=874,https://safarispot.kr/web/product/medium/202505/3869a84310fe977cbf2a79c7ae374cae.jpg,"₩71,000",,,260626,,,,,
,false,,사파리스팟,,카테고리98,,AUTHENTIC FRAME RINGER TEE (BURGUNDY),https://safarispot.kr/product/detail.html?product_no=873,https://safarispot.kr/web/product/medium/202505/44b8864c0f2984d4dca3e8edd74704a2.jpg,"₩54,000",,,260626,,,,,
,false,,사파리스팟,,카테고리98,,AUTHENTIC SFORTS HAWAII SHIRTS (WHITE),https://safarispot.kr/product/detail.html?product_no=869,https://safarispot.kr/web/product/medium/202505/d97505f50a23475b246931a8e42db762.jpg,"₩113,000",,,260626,,,,,
,false,,사파리스팟,,카테고리98,,Authentic Table Tennis Sports Gym Bag (Black),https://safarispot.kr/product/detail.html?product_no=857,https://safarispot.kr/web/product/medium/202512/73e8965be4ea1e5baa44c9c5e3f954a8.png,"₩143,000",,,260626,,,,,
,false,,사파리스팟,,카테고리98,,Fake Paper Bread Eco Bag (Ivory),https://safarispot.kr/product/detail.html?product_no=854,https://safarispot.kr/web/product/medium/202504/6afab87c3f9f116b0c6f6490083d4d43.jpg,"₩57,000",,,260626,,,,,
,false,,사파리스팟,,카테고리98,,REGULAR CORDURA BACKPACK (BLACK),https://safarispot.kr/product/detail.html?product_no=850,https://safarispot.kr/web/product/medium/202504/45c131ede1ecc24b9e00f97cd364eb8f.jpg,"₩158,000",,,260626,,,,,
,false,,사파리스팟,,카테고리98,,REGULAR CORDURA BACKPACK (BROWN),https://safarispot.kr/product/detail.html?product_no=849,https://safarispot.kr/web/product/medium/202504/f7e8f008876bb9015a32840abd674501.jpg,"₩158,000",,,260626,,,,,
,false,,사파리스팟,,카테고리98,,1/2 Authentic Table Tennis Crew Tee (Light Indigo),https://safarispot.kr/product/detail.html?product_no=983,https://safarispot.kr/web/product/medium/202603/489162bc5437c4bbc34821eb873dcafb.jpg,"₩58,000",,,260626,,,,,
,false,,사파리스팟,,카테고리98,,Roux Base Uniform Tote Bag (Beige),https://safarispot.kr/product/detail.html?product_no=543,https://safarispot.kr/web/product/medium/202408/3f3f6396efd122dd89f4017d03118ee4.jpg,"₩58,000",,,260626,,,,,
,false,,사파리스팟,,카테고리98,,1/2 BLOSSOM GUARD WIND BREAKER (WHITE),https://safarispot.kr/product/detail.html?product_no=963,https://safarispot.kr/web/product/medium/202505/b1b92194bef065853da41ce2a8ff2551.jpg,"₩158,000",,,260626,,,,,
,false,,사파리스팟,,카테고리98,,Roux Base Uniform Dugout Shirts (Gray),https://safarispot.kr/product/detail.html?product_no=496,https://safarispot.kr/web/product/medium/202605/8b670b14f4d56be9507b3cadb3f502f4.jpg,"₩133,000",,,260626,,,,,
,false,,사파리스팟,,카테고리98,,1/2 ROUX BASE UNIFORM HALF CREWNECK (GRAY),https://safarispot.kr/product/detail.html?product_no=523,https://safarispot.kr/web/product/medium/202408/ad0ee473c4a011ef77965db5b8cf9be6.jpg,"₩73,000",,,260626,,,,,
,false,,사파리스팟,,카테고리98,,SPOT EMBLEM PATCH BALL CAP (KHAKI),https://safarispot.kr/product/detail.html?product_no=460,https://safarispot.kr/web/product/medium/202311/03487b4e67e797cae0022cb07a217f8d.jpg,"₩51,000",,,260626,,,,,
,false,,사파리스팟,,카테고리98,,ULTIMATE LOGO METAL KEYRING,https://safarispot.kr/product/detail.html?product_no=676,https://safarispot.kr/web/product/medium/202408/f0329234ee2ed5f37fa5cc19ca7fb2dc.jpg,"₩38,000",,,260626,,,,,
,false,,사파리스팟,,카테고리98,,Roux Base Uniform Dugout Shirts (Denim),https://safarispot.kr/product/detail.html?product_no=498,https://safarispot.kr/web/product/medium/202605/8eed3d39dd00cca9832356a8ee4c61c6.jpg,"₩133,000",,,260626,,,,,
,false,,사파리스팟,,카테고리98,,SPOT EMBLEM PATCH BALL CAP (BEIGE),https://safarispot.kr/product/detail.html?product_no=461,https://safarispot.kr/web/product/medium/202311/23cfc2ffc52d2550d67a251ccf9c30f3.jpg,"₩51,000",,,260626,,,,,
,false,,사파리스팟,,카테고리98,,1/2 BAT LOGO CAMO TEE,https://safarispot.kr/product/detail.html?product_no=669,https://safarispot.kr/web/product/medium/202408/08fb4beb94011155c31663655553e16e.jpg,"₩57,000",,,260626,,,,,
,false,,사파리스팟,,카테고리98,,1/2 SAFARISPOTS SFORTS JERSEY TOP (WHITE),https://safarispot.kr/product/detail.html?product_no=333,https://safarispot.kr/web/product/medium/202305/aedcf387f43f0cc89ddc77fd4083164d.jpg,"₩55,000",,,260626,,,,,
,false,,사파리스팟,,카테고리98,,EASY LADDER MUFFLER (GRAY/NAVY),https://safarispot.kr/product/detail.html?product_no=483,https://safarispot.kr/web/product/medium/202312/1c5e626255dbdfc7020c04ae498ce61d.jpg,"₩57,000",,,260626,,,,,
,false,,사파리스팟,,카테고리98,,ULTIMATE LOGO DENIM RAILROAD CAP (NAVY),https://safarispot.kr/product/detail.html?product_no=674,https://safarispot.kr/web/product/medium/202408/31bbf20172ddb926015d65fad248e3cc.jpg,"₩67,000",,,260626,,,,,
,false,,사파리스팟,,카테고리98,,1/2 CATHY AND BROOK STORY TEE (WINE),https://safarispot.kr/product/detail.html?product_no=399,https://safarispot.kr/web/product/medium/202308/9d6e326ec1644f38e85058bc1637169c.jpg,"₩55,000",,,260626,,,,,
,false,,사파리스팟,,카테고리98,,EASY LADDER MUFFLER (IVORY/MINT),https://safarispot.kr/product/detail.html?product_no=482,https://safarispot.kr/web/product/medium/202312/82e2ba4dc6d66ab11bf903abdf81d0da.jpg,"₩57,000",,,260626,,,,,
,false,,사파리스팟,,카테고리98,,LAMB LIVELIHOOD CHECK PULLOVER HOODIE,https://safarispot.kr/product/detail.html?product_no=449,https://safarispot.kr/web/product/medium/202310/a22b2fdad29435a6034b9e0d61f9a609.jpg,"₩106,000",,,260626,,,,,
,false,,사파리스팟,,카테고리98,,1/2 SAFARISPOTS SFORTS JERSEY TOP (NAVY),https://safarispot.kr/product/detail.html?product_no=334,https://safarispot.kr/web/product/medium/202305/9758edab0f60dce6e051c81ae95f217f.jpg,"₩55,000",,,260626,,,,,
,false,,사파리스팟,,카테고리98,,1/2 KNIT PRINT SLEEVELESS (IVORY),https://safarispot.kr/product/detail.html?product_no=392,https://safarispot.kr/web/product/medium/202307/a9ea8b3faeae76cf9a9ccc46651bf135.jpg,"₩51,000",,,260626,,,,,
,false,,사파리스팟,,카테고리98,,1/2 KNIT PRINT SLEEVELESS (GRAY),https://safarispot.kr/product/detail.html?product_no=393,https://safarispot.kr/web/product/medium/202307/223b3cc31107955daea68504cd361ee7.jpg,"₩51,000",,,260626,,,,,
,false,,사파리스팟,,카테고리98,,KAMILLE BRAILLE TEE (YELLOW/BLACK),https://safarispot.kr/product/detail.html?product_no=381,https://safarispot.kr/web/product/medium/202306/e0271d5b1839a8780209ef54247639cc.jpg,"₩55,000",,,260626,,,,,
,false,,사파리스팟,,카테고리98,,1/2 SAFARISPOTS SFORTS JERSEY PANTS (NAVY),https://safarispot.kr/product/detail.html?product_no=336,https://safarispot.kr/web/product/medium/202305/1780df3922cc4ee4df57c23fba305997.jpg,"₩68,000",,,260626,,,,,
,false,,사파리스팟,,카테고리98,,1/2 TICKETING STRIPE POCKET SHIRTS (BLACK),https://safarispot.kr/product/detail.html?product_no=358,https://safarispot.kr/web/product/medium/202306/b59310df268a5b71f34b63fca0cacf38.jpg,"₩116,000",,,260626,,,,,
,false,,사파리스팟,,카테고리98,,KAMILLE BRAILLE TEE (WHITE/BLUE),https://safarispot.kr/product/detail.html?product_no=382,https://safarispot.kr/web/product/medium/202307/aae692ec8f1b5007cc4592d2119b79e9.jpg,"₩55,000",,,260626,,,,,
,false,,사파리스팟,,카테고리98,,COTTAGE LINEN RAGLAN L/S (SKY/BEIGE/BLUE),https://safarispot.kr/product/detail.html?product_no=418,https://safarispot.kr/web/product/medium/202309/afbb58ceb33fb091863c3489ab94bc42.jpeg,"₩77,000",,,260626,,,,,
,false,,사파리스팟,,카테고리98,,COTTAGE FLANNEL WRAP SKIRT (BLACK),https://safarispot.kr/product/detail.html?product_no=423,https://safarispot.kr/web/product/medium/202310/82106662ae2af2fba252eb0210c43513.jpeg,"₩137,000",,,260626,,,,,
,false,,사파리스팟,,카테고리98,,BASIC COTTAGE CHECKED BOSTON BAG (BLACK),https://safarispot.kr/product/detail.html?product_no=422,https://safarispot.kr/web/product/medium/202310/55264027a77fbebe8b7e216543670f7d.jpeg,"₩158,000",,,260626,,,,,
,false,,사파리스팟,,카테고리98,,1/2 FLAG MAGAZINE TEE (BLACK),https://safarispot.kr/product/detail.html?product_no=294,https://safarispot.kr/web/product/medium/202303/9fe5dc84a544ec8abdcc4db29e6e9c57.jpg,"₩59,000",,,260626,,,,,
,false,,사파리스팟,,카테고리98,,1/2 ROUX BASE UNIFORM LIGHT DENIM PANTS (BLACK),https://safarispot.kr/product/detail.html?product_no=493,https://safarispot.kr/web/product/medium/202408/61583234851c5562a57eda7e0b87cca3.jpg,"₩98,000",,,260626,,,,,
,false,,사파리스팟,,카테고리98,,POCKET HALF SNAP PULLOVER (SKY/BLACK),https://safarispot.kr/product/detail.html?product_no=469,https://safarispot.kr/web/product/medium/202311/ca8b81eaddc6d5d197feefca89f8e2db.jpg,"₩107,000",,,260626,,,,,
,false,,사파리스팟,,카테고리98,,SAFARISPOT YOU LOVE BEANIE (BLACK),https://safarispot.kr/product/detail.html?product_no=480,https://safarispot.kr/web/product/medium/202312/16deacbf20f7a273296dc3453bd26eb6.jpeg,"₩62,000",,,260626,,,,,
,false,,사파리스팟,,카테고리98,,1/2 Basic Safari Carpenter Cotton Pants (Beige),https://safarispot.kr/product/detail.html?product_no=450,https://safarispot.kr/web/product/medium/202605/4502e79e025ed64e63198bcf97fb6405.jpg,"₩118,000",,,260626,,,,,
,false,,사파리스팟,,카테고리98,,COTTAGE LINEN RAGLAN L/S (PINK/CREAM/BURGUNDY),https://safarispot.kr/product/detail.html?product_no=417,https://safarispot.kr/web/product/medium/202309/7936a93ab27ced1fe05333be92c9f0f8.jpeg,"₩77,000",,,260626,,,,,
,false,,사파리스팟,,카테고리98,,FLAG MAGAZINE TEE (WHITE),https://safarispot.kr/product/detail.html?product_no=291,https://safarispot.kr/web/product/medium/202303/a7bd283f9e3f42cf7fe829b6d7762771.jpg,"₩59,000",,,260626,,,,,
,false,,사파리스팟,,카테고리98,,BASIC SAFARI CARPENTER COTTON PANTS (NAVY),https://safarispot.kr/product/detail.html?product_no=453,https://safarispot.kr/web/product/medium/202310/ed5db9e779c3772eec82925c50a76da5.jpg,"₩118,000",,,260626,,,,,
,false,,사파리스팟,,카테고리98,,FLAG MAGAZINE TEE (BLACK),https://safarispot.kr/product/detail.html?product_no=293,https://safarispot.kr/web/product/medium/202303/988f12cebfe6004398c77755cfdf5813.jpg,"₩59,000",,,260626,,,,,
,false,,사파리스팟,,카테고리98,,SAFARISPOTS SPORTS TEE,https://safarispot.kr/product/detail.html?product_no=288,https://safarispot.kr/web/product/medium/202305/509e8b2ea50c24a4d862e58d3d4eedec.jpg,"₩55,000",,,260626,,,,,
,false,,사파리스팟,,카테고리98,,1/2 Basic Safari Carpenter Cotton Pants (Navy),https://safarispot.kr/product/detail.html?product_no=451,https://safarispot.kr/web/product/medium/202605/6e8dc29b566ddaaaea080c89b71e161e.jpg,"₩118,000",,,260626,,,,,
,false,,사파리스팟,,카테고리98,,DOODLE PAD TEE (WHITE),https://safarispot.kr/product/detail.html?product_no=390,https://safarispot.kr/web/product/medium/202306/b0d273f65f61771f4179ec37f4de8cf8.jpg,"₩55,000",,,260626,,,,,
,false,,사파리스팟,,카테고리98,,1/2 FLAG MAGAZINE TEE (WHITE),https://safarispot.kr/product/detail.html?product_no=292,https://safarispot.kr/web/product/medium/202303/38c4e3de248c2f694d6be2b526fd525a.jpg,"₩59,000",,,260626,,,,,
,false,,사파리스팟,,카테고리98,,S.T.C. CITY CORDUROY PANTS (BLACK),https://safarispot.kr/product/detail.html?product_no=812,https://safarispot.kr/web/product/medium/202412/3080048568a45fdc69cd2c485edee0ed.jpg,"₩123,000",,,260626,,,,,
,false,,사파리스팟,,카테고리98,,ULTIMATE LOGO DENIM RAILROAD CAP (BLACK),https://safarispot.kr/product/detail.html?product_no=675,https://safarispot.kr/web/product/medium/202408/554006d89193672e40141b3d05d0aa0a.jpg,"₩67,000",,,260626,,,,,
,false,,사파리스팟,,카테고리98,,1/2 TICKETING LINEN DENIM PANTS (INDIGO),https://safarispot.kr/product/detail.html?product_no=372,https://safarispot.kr/web/product/medium/202306/65aaf21893c912c6bb762fdf7562214d.jpg,"₩112,000",,,260626,,,,,
,false,,사파리스팟,,카테고리98,,1/2 GRAPE ROUND TEE (WHITE),https://safarispot.kr/product/detail.html?product_no=337,https://safarispot.kr/web/product/medium/202305/3959713518940c609b2ecee7b75f595d.jpg,"₩55,000",,,260626,,,,,
,false,,사파리스팟,,카테고리98,,1/2 SAFETY EURO ZIP UP (BEIGE),https://safarispot.kr/product/detail.html?product_no=653,https://safarispot.kr/web/product/medium/202408/382309dd16994b29a2da37cbb95dcc14.jpg,"₩118,000",,,260626,,,,,
,false,,사파리스팟,,카테고리98,,POCKET HALF SNAP PULLOVER (BEIGE/RED/BROWN),https://safarispot.kr/product/detail.html?product_no=468,https://safarispot.kr/web/product/medium/202311/d6f656c0a6d0a64be3ac64fdc7381513.jpg,"₩107,000",,,260626,,,,,
,false,,사파리스팟,,카테고리98,,1/2 LAMB LIVELIHOOD L/S (BLUE),https://safarispot.kr/product/detail.html?product_no=445,https://safarispot.kr/web/product/medium/202310/ed7c3d661669176202ffbcb5627687dc.jpg,"₩66,000",,,260626,,,,,
,false,,사파리스팟,,카테고리98,,1/2 TICKETING LINEN DENIM PANTS (BLACK),https://safarispot.kr/product/detail.html?product_no=373,https://safarispot.kr/web/product/medium/202306/1752f89dc780a4fbecdd1a15df43677b.jpg,"₩112,000",,,260626,,,,,
,false,,사파리스팟,,카테고리98,,ROUX BASE UNIFORM LIGHT DENIM PANTS (BLACK),https://safarispot.kr/product/detail.html?product_no=492,https://safarispot.kr/web/product/medium/202408/256e02f86613e07ca33bd920855e7c3d.jpg,"₩98,000",,,260626,,,,,
,false,,사파리스팟,,카테고리98,,LAMB LIVELIHOOD L/S (BLUE),https://safarispot.kr/product/detail.html?product_no=446,https://safarispot.kr/web/product/medium/202310/e4347c17f794ce1e34875924613c09d1.jpg,"₩66,000",,,260626,,,,,
,false,,사파리스팟,,카테고리98,,SHOULDER MINI ECO BAG (BLACK),https://safarispot.kr/product/detail.html?product_no=269,https://safarispot.kr/web/product/medium/202303/79cfc61059e75c3228558c486ae2bf70.jpg,"₩53,000",,,260626,,,,,
,false,,사파리스팟,,카테고리98,,REGION MOTORS CLUB FLANNEL WAPPEN SHIRTS JACKET (NAVY),https://safarispot.kr/product/detail.html?product_no=765,https://safarispot.kr/web/product/medium/202409/f994c9f0367004e1a2d8d16b8ae73b44.jpg,"₩127,000",,,260626,,,,,
,false,,사파리스팟,,카테고리98,,1/2 SAFETY EURO ZIP UP (WHITE),https://safarispot.kr/product/detail.html?product_no=652,https://safarispot.kr/web/product/medium/202408/2ced82637e2b933f9168c15bcb9613e3.jpg,"₩118,000",,,260626,,,,,
,false,,사파리스팟,,카테고리98,,BASIC SAFARI BOSTON BAG (BLACK),https://safarispot.kr/product/detail.html?product_no=479,https://safarispot.kr/web/product/medium/202401/3d70f7150c57c55c31d1e51ea97ec739.jpeg,"₩158,000",,,260626,,,,,
,false,,사파리스팟,,카테고리98,,1/2 CATHY AND BROOK BROOK TOWEL PK TEE (OLIVE),https://safarispot.kr/product/detail.html?product_no=405,https://safarispot.kr/web/product/medium/202308/310a239707a0708163eafb11817ab4b2.jpg,"₩71,000",,,260626,,,,,
,false,,사파리스팟,,카테고리98,,1/2 CATHY AND BROOK STORY TOWEL PANTS (OLIVE),https://safarispot.kr/product/detail.html?product_no=404,https://safarispot.kr/web/product/medium/202308/73a1b34317bdbbc7087761c7a99cb34f.jpg,"₩92,000",,,260626,,,,,
,false,,사파리스팟,,카테고리98,,NATURALIS HOODIE ZIP-UP (NAVY),https://safarispot.kr/product/detail.html?product_no=285,https://safarispot.kr/web/product/medium/202303/22088e5f6e06a7a66cbd2144dae2f8c0.jpeg,"₩163,000",,,260626,,,,,
,false,,사파리스팟,,카테고리98,,SHOULDER MINI ECO BAG (GREEN),https://safarispot.kr/product/detail.html?product_no=271,https://safarispot.kr/web/product/medium/202303/cec6dd4fc1bbbc462dfd1f9cd29c3da3.jpg,"₩53,000",,,260626,,,,,
,false,,사파리스팟,,카테고리98,,SWEATER STRIPE L/S (WHITE),https://safarispot.kr/product/detail.html?product_no=774,https://safarispot.kr/web/product/medium/202409/484a759a8b1c318f495f74cdb25b54c4.jpg,"₩69,000",,,260626,,,,,
,false,,사파리스팟,,카테고리98,,ULTIMATE LOGO 4 PIN BADGE SET,https://safarispot.kr/product/detail.html?product_no=681,https://safarispot.kr/web/product/medium/202408/0ef01dd8fa5a7e9adaf36980af6b654f.jpg,"₩24,000",,,260626,,,,,
,false,,사파리스팟,,카테고리98,,ROUX BASE UNIFORM TEAM TRACK PANT,https://safarispot.kr/product/detail.html?product_no=546,https://safarispot.kr/web/product/medium/202408/ab29517833703fe73bd967377ed0bdfe.jpg,"₩113,000",,,260626,,,,,
,false,,사파리스팟,,카테고리98,,1/2 EASY REGULAR SLIM PANTS (BROWN),https://safarispot.kr/product/detail.html?product_no=472,https://safarispot.kr/web/product/medium/202311/1e3c9e71bff5f189c010172ab09e77f9.jpg,"₩112,000",,,260626,,,,,
,false,,사파리스팟,,카테고리98,,1/2 EASY REGULAR SLIM PANTS (BLACK),https://safarispot.kr/product/detail.html?product_no=470,https://safarispot.kr/web/product/medium/202311/bf2fa3a3af6cc2b3496d8a0ab1717607.jpg,"₩112,000",,,260626,,,,,
,false,,사파리스팟,,카테고리98,,BASIC COTTAGE CHECKED BOSTON BAG (RED),https://safarispot.kr/product/detail.html?product_no=421,https://safarispot.kr/web/product/medium/202309/689a774aa58556bb3ccc0ce041aa4935.jpeg,"₩158,000",,,260626,,,,,
,false,,사파리스팟,,카테고리98,,CATHY AND BROOK STORY TOWEL SHIRT (PINK),https://safarispot.kr/product/detail.html?product_no=411,https://safarispot.kr/web/product/medium/202308/336856b6d50f0351cfd4c046dc89382e.jpg,"₩106,000",,,260626,,,,,
,false,,사파리스팟,,카테고리98,,NATURALIS HOODIE ZIP-UP (GRAY),https://safarispot.kr/product/detail.html?product_no=286,https://safarispot.kr/web/product/medium/202303/76df66a0dedc489f842ead5cab01c9b2.jpeg,"₩163,000",,,260626,,,,,
,false,,사파리스팟,,카테고리98,,S.T.C. SPOT TERRY PIQUE L/S  (BLACK),https://safarispot.kr/product/detail.html?product_no=823,https://safarispot.kr/web/product/medium/202411/25b499cda5316884fa8d66497ced0f3d.jpg,"₩89,000",,,260626,,,,,
,false,,사파리스팟,,카테고리98,,BASIC SAFARI BOSTON BAG (BEIGE),https://safarispot.kr/product/detail.html?product_no=478,https://safarispot.kr/web/product/medium/202401/624adbe86ab53843bbf938069b5e5239.jpeg,"₩158,000",,,260626,,,,,
,false,,사파리스팟,,카테고리98,,CATHY AND BROOK STORY TOWEL SHIRT (WHITE),https://safarispot.kr/product/detail.html?product_no=410,https://safarispot.kr/web/product/medium/202308/bccbbca83294970d7d2cd1526a8cf005.jpg,"₩106,000",,,260626,,,,,
,false,,사파리스팟,,카테고리98,,CATHY AND BROOK STORY GLASS,https://safarispot.kr/product/detail.html?product_no=408,https://safarispot.kr/web/product/medium/202308/923b8feed6f2efe6008d529419bb361d.jpg,"₩19,000",,,260626,,,,,
,false,,사파리스팟,,카테고리98,,CATHY AND BROOK STORY DISHCLOTH 3EA (WHITE),https://safarispot.kr/product/detail.html?product_no=406,https://safarispot.kr/web/product/medium/202308/37665ab92effaf379da8a73f5f6b4574.jpg,"₩21,000",,,260626,,,,,
,false,,사파리스팟,,카테고리98,,1/2 CATHY AND BROOK STORY TOWEL PANTS (BLACK),https://safarispot.kr/product/detail.html?product_no=402,https://safarispot.kr/web/product/medium/202308/b38c38ff32c10fa586701ae9abfe9d7e.jpg,"₩92,000",,,260626,,,,,
,false,,사파리스팟,,카테고리98,,HENLEYNECK MAGAZINE TEE (WHITE/BLACK),https://safarispot.kr/product/detail.html?product_no=276,https://safarispot.kr/web/product/medium/202303/f7cabfe4a01d6378138d40ba8658f1d3.jpg,"₩85,000",,,260626,,,,,
,false,,사파리스팟,,카테고리98,,NATURALIS CORDUROY CAP (NAVY),https://safarispot.kr/product/detail.html?product_no=273,https://safarispot.kr/web/product/medium/202303/209ce70369e0aef8cfe41da30626f11c.jpg,"₩64,000",,,260626,,,,,
,false,,사파리스팟,,카테고리98,,NATURALIS CORDUROY CAP (BURGUNDY),https://safarispot.kr/product/detail.html?product_no=272,https://safarispot.kr/web/product/medium/202303/878342b7e2fa006ae2f5ffa8974ccd3e.jpg,"₩64,000",,,260626,,,,,
,false,,사파리스팟,,카테고리98,,SHOULDER MINI ECO BAG (SKY),https://safarispot.kr/product/detail.html?product_no=270,https://safarispot.kr/web/product/medium/202303/21e2d5aaa963c8d08bce024dc7903a77.jpg,"₩53,000",,,260626,,,,,
,false,,사파리스팟,,카테고리98,,AUTHENTIC HALF JERSEY TEE (BLACK),https://safarispot.kr/product/detail.html?product_no=942,https://safarispot.kr/web/product/medium/202505/adc7e1b3eac886521e419741f5587be7.jpg,"₩73,000",,,260626,,,,,
,false,,사파리스팟,,카테고리98,,1/2 REC RUIT INDIGO DOTS TEE (INDIGO),https://safarispot.kr/product/detail.html?product_no=906,https://safarispot.kr/web/product/medium/202504/d9a0b5650f90ba1f01abaf828b082b07.jpg,"₩81,000",,,260626,,,,,
,false,,사파리스팟,,카테고리98,,REC RUIT INDIGO DOTS TEE (INDIGO),https://safarispot.kr/product/detail.html?product_no=905,https://safarispot.kr/web/product/medium/202504/82263dfe9779510109067585779eb4f0.jpg,"₩81,000",,,260626,,,,,
,false,,사파리스팟,,카테고리98,,1/2 REGULAR STRIPE PK TEE (NAVY),https://safarispot.kr/product/detail.html?product_no=882,https://safarispot.kr/web/product/medium/202505/272ae3783d52019f3c3eca9cd92b8d99.jpg,"₩69,000",,,260626,,,,,
,false,,사파리스팟,,카테고리98,,1/2 PIGMENT LINER V-NECK TEE (NAVY),https://safarispot.kr/product/detail.html?product_no=879,https://safarispot.kr/web/product/medium/202505/144d41535712c7a94bccb8f790b38444.jpg,"₩61,000",,,260626,,,,,
,false,,사파리스팟,,카테고리98,,REC RUIT BOOKMARK RIVERSIBLE RINGER TEE (PURPLE/GRAY),https://safarispot.kr/product/detail.html?product_no=872,https://safarispot.kr/web/product/medium/202505/a6866ba036db31f0d72dca9831000dac.jpg,"₩61,000",,,260626,,,,,
,false,,사파리스팟,,카테고리98,,1/2 Soft Panel Pocket Cardigan (Beige),https://safarispot.kr/product/detail.html?product_no=1370,https://safarispot.kr/web/product/medium/202603/4da5031d76306a78c1185fd10172c39e.jpg,"₩103,000",,,260626,,,,,
,false,,사파리스팟,,카테고리98,,1/2 Paneled Flare T-Shirt (Navy),https://safarispot.kr/product/detail.html?product_no=1367,https://safarispot.kr/web/product/medium/202603/0d1674b7cb8e9abb6f0a226d545e1d73.jpg,"₩68,000",,,260626,,,,,
,false,,사파리스팟,,카테고리98,,Washed Linen Hoodie (Charcoal),https://safarispot.kr/product/detail.html?product_no=1364,https://safarispot.kr/web/product/medium/202603/89575372120de7ec845d4efbb4923875.jpg,"₩88,000",,,260626,,,,,
,false,,사파리스팟,,카테고리98,,AUTHENTIC MESH SFORTS JERSEY (NAVY),https://safarispot.kr/product/detail.html?product_no=945,https://safarispot.kr/web/product/medium/202505/8bfdbce4f025dbe4e05d46e228c6e232.jpg,"₩102,000",,,260626,,,,,
,false,,사파리스팟,,카테고리98,,AUTHENTIC MESH SFORTS JERSEY (BROWN),https://safarispot.kr/product/detail.html?product_no=946,https://safarispot.kr/web/product/medium/202505/d7c82319cf4fa41dfde763e300b28c22.jpg,"₩102,000",,,260626,,,,,
,false,,사파리스팟,,카테고리98,,1/2 Linen Lounge Jogger Pants (Ivory),https://safarispot.kr/product/detail.html?product_no=1348,https://safarispot.kr/web/product/medium/202603/03f3b5cdc4c78c3be32d6111c8ddfc8d.jpg,"₩108,000",,,260626,,,,,
,false,,사파리스팟,,카테고리98,,Washed Cotton Baggy Shorts (Gray),https://safarispot.kr/product/detail.html?product_no=1343,https://safarispot.kr/web/product/medium/202603/10119e9e5859216d8000e6740d834f9e.jpg,"₩108,000",,,260626,,,,,
,false,,사파리스팟,,카테고리98,,AUTHENTIC LOOSE STRAIGHT JEANS (MEDIUM BLUE),https://safarispot.kr/product/detail.html?product_no=953,https://safarispot.kr/web/product/medium/202504/1e78f275bffdba626079d229b653e349.jpg,"₩153,000",,,260626,,,,,
,false,,사파리스팟,,카테고리98,,Reversible Double Layered Beanie (Ivory/Gray),https://safarispot.kr/product/detail.html?product_no=1335,https://safarispot.kr/web/product/medium/202603/6181dd50cfdb8b749290ae1b0b41e264.jpg,"₩48,000",,,260626,,,,,
,false,,사파리스팟,,카테고리98,,REGULAR STRIPE FRILL HOOD ZIP-UP (RED/NAVY),https://safarispot.kr/product/detail.html?product_no=900,https://safarispot.kr/web/product/medium/202505/e7f6f1a90c1b6f020245404d5dc8a9ee.jpg,"₩123,000",,,260626,,,,,
,false,,사파리스팟,,카테고리98,,1/2 Pocket Patchwork Hoodie Zip Up (White),https://safarispot.kr/product/detail.html?product_no=878,https://safarispot.kr/web/product/medium/202505/22ce389fefbae7ef0fc850abc98cd3e0.jpg,"₩123,000",,,260626,,,,,
,false,,사파리스팟,,카테고리98,,REGULAR COTTON HOODIE ZIPUP (GRAY),https://safarispot.kr/product/detail.html?product_no=968,https://safarispot.kr/web/product/medium/202504/fe53f49835954e2f1632f175d571650b.jpg,"₩123,000",,,260626,,,,,
,false,,사파리스팟,,카테고리98,,REGULAR COTTON HOODIE ZIPUP (OLIVE),https://safarispot.kr/product/detail.html?product_no=967,https://safarispot.kr/web/product/medium/202504/aec7f7103f85bde99fec7bfb09d0a5f7.jpg,"₩123,000",,,260626,,,,,
,false,,사파리스팟,,카테고리98,,SAFARISPOTS MAGAZINE TEE (GRAY),https://safarispot.kr/product/detail.html?product_no=280,https://safarispot.kr/web/product/medium/202408/f169c7948aa93c52177684f441ca5f0b.jpg,"₩55,000",,,260626,,,,,
,false,,사파리스팟,,카테고리98,,1/2 CATHY AND BROOK STORY GLOVE HOODIE (ORANGE),https://safarispot.kr/product/detail.html?product_no=401,https://safarispot.kr/web/product/medium/202308/f670ec30d5673d353f7a860004befe99.jpg,"₩97,000",,,260626,,,,,
,false,,사파리스팟,,카테고리98,,Roux Base School Club Tee (White),https://safarispot.kr/product/detail.html?product_no=513,https://safarispot.kr/web/product/medium/202604/7b44d31ec6f1fad447c6381592491602.jpg,"₩57,000",,,260626,,,,,
,false,,사파리스팟,,카테고리98,,1/2 Roux Base School Club Tee (White),https://safarispot.kr/product/detail.html?product_no=514,https://safarispot.kr/web/product/medium/202604/90e546d23eac024a887eccff64f2e031.jpg,"₩57,000",,,260626,,,,,
,false,,사파리스팟,,카테고리98,,Roux Base School Eat The Pizza Stripe Tee (Ivory/Burgundy),https://safarispot.kr/product/detail.html?product_no=524,https://safarispot.kr/web/product/medium/202603/135cc2f03353695d411d618ab1111817.jpg,"₩61,000",,,260626,,,,,
,false,,사파리스팟,,카테고리98,,Ultimate Logo Denim Backpack,https://safarispot.kr/product/detail.html?product_no=657,https://safarispot.kr/web/product/medium/202409/1a1bdcbe7aefef7819f967bf8a2ef40d.jpg,"₩133,000",,,260626,,,,,
,false,,사파리스팟,,카테고리98,,Stickerpack Tee (Black),https://safarispot.kr/product/detail.html?product_no=635,https://safarispot.kr/web/product/medium/202603/ddc620d59f7e61d7b9863562b4cac96a.jpg,"₩54,000",,,260626,,,,,
,false,,사파리스팟,,카테고리98,,Stickerpack Tee (White),https://safarispot.kr/product/detail.html?product_no=636,https://safarispot.kr/web/product/medium/202603/72f6b3b3800c0ac4d68b13c7b44594e8.jpg,"₩54,000",,,260626,,,,,
,false,,사파리스팟,,카테고리98,,TAGS TICKETING TEE (NAVY),https://safarispot.kr/product/detail.html?product_no=346,https://safarispot.kr/web/product/medium/202306/caf21da776dd154ee6561075e74149e0.jpg,"₩55,000",,,260626,,,,,
,false,,사파리스팟,,카테고리98,,ROUX BASE UNIFORM FC JERSEY (PINK),https://safarispot.kr/product/detail.html?product_no=539,https://safarispot.kr/web/product/medium/202408/b7926cd29251a944e5d7be499530c35f.jpg,"₩69,000",,,260626,,,,,
,false,,사파리스팟,,카테고리98,,BASIC DAMAGE WASHING DENIM SWEATSKIRT (BLACK),https://safarispot.kr/product/detail.html?product_no=357,https://safarispot.kr/web/product/medium/202307/a3026fe699dbed9a73a9063494f41db0.jpg,"₩97,000",,,260626,,,,,
,false,,사파리스팟,,카테고리98,,ULTIMATE DOT MESH BAG (BLACK),https://safarispot.kr/product/detail.html?product_no=680,https://safarispot.kr/web/product/medium/202408/2336ef5de34ce471c2473ead5d22f5af.jpg,"₩58,000",,,260626,,,,,
,false,,사파리스팟,,카테고리98,,TAGS TICKETING TEE (MINT),https://safarispot.kr/product/detail.html?product_no=347,https://safarispot.kr/web/product/medium/202306/795c5a97289c0ef2c5414179fa064a69.jpg,"₩55,000",,,260626,,,,,
,false,,사파리스팟,,카테고리98,,1/2 Flower Greige Tee (Ivory),https://safarispot.kr/product/detail.html?product_no=345,https://safarispot.kr/web/product/medium/202306/e347d948e15e3c6ca46b3047377bfeac.jpg,"₩55,000",,,260626,,,,,
,false,,사파리스팟,,카테고리98,,Safety Logo Mesh Cap (Brown),https://safarispot.kr/product/detail.html?product_no=647,https://safarispot.kr/web/product/medium/202512/c17f0228449a9e4b70a8f35edd441605.png,"₩64,000",,,260626,,,,,
,false,,사파리스팟,,카테고리98,,BAT LOGO TEE (GRAY),https://safarispot.kr/product/detail.html?product_no=671,https://safarispot.kr/web/product/medium/202408/bdbcfcc033c0b074310b9510d58a263b.jpg,"₩54,000",,,260626,,,,,
,false,,사파리스팟,,카테고리98,,REGION MOTORS CLUB BASEBALL TEAM LONG SLEEVE,https://safarispot.kr/product/detail.html?product_no=732,https://safarispot.kr/web/product/medium/202409/81986531841302ae412286b9c6ed5a29.jpg,"₩77,000",,,260626,,,,,
,false,,사파리스팟,,카테고리98,,COTTAGE FLANNEL WRAP SKIRT (PURPLE),https://safarispot.kr/product/detail.html?product_no=424,https://safarispot.kr/web/product/medium/202310/dce05085fca0d1bf746fb0fbde16ef41.jpeg,"₩137,000",,,260626,,,,,
,false,,사파리스팟,,카테고리98,,Roux Base School Club Tee (Brown),https://safarispot.kr/product/detail.html?product_no=515,https://safarispot.kr/web/product/medium/202604/79aa95564ea9c194063a0126399224c7.jpg,"₩57,000",,,260626,,,,,
,false,,사파리스팟,,카테고리98,,[Restock] 1/2 Roux Base School Shirts Sleeve (Black/White),https://safarispot.kr/product/detail.html?product_no=521,https://safarispot.kr/web/product/medium/202602/bf46bad34f09864dc1a1c18f61cd7b1a.jpg,"₩83,000",,,260626,,,,,
,false,,사파리스팟,,카테고리98,,CATHY AND BROOK STORY GLOVE HOODIE (ORANGE),https://safarispot.kr/product/detail.html?product_no=400,https://safarispot.kr/web/product/medium/202308/1de6a64323418c6cda4192dc36e9356e.jpg,"₩97,000",,,260626,,,,,
,false,,사파리스팟,,카테고리98,,Roux Base Uniform Cardigan (Black),https://safarispot.kr/product/detail.html?product_no=499,https://safarispot.kr/web/product/medium/202511/37f94e307e6f11824c33470bbb4a4dbb.png,"₩108,000",,,260626,,,,,
,false,,사파리스팟,,카테고리98,,1/2 ROUX BASE SCHOOL EAT THE LAND CHECK TEE (BLACK),https://safarispot.kr/product/detail.html?product_no=552,https://safarispot.kr/web/product/medium/202408/032091bbe9c2ecc190830877b580c774.jpg,"₩54,000",,,260626,,,,,
,false,,사파리스팟,,카테고리98,,ROUX BASE UNIFORM FC JERSEY (WHITE),https://safarispot.kr/product/detail.html?product_no=541,https://safarispot.kr/web/product/medium/202408/3cc039351fc1f51484be76cab0ada271.jpg,"₩69,000",,,260626,,,,,
,false,,사파리스팟,,카테고리98,,Block Stripe L/S (Burgundy/Navy/Khaki),https://safarispot.kr/product/detail.html?product_no=772,https://safarispot.kr/web/product/medium/202512/ef1a3a28b0654906dcb0bdc8d7a1e90b.png,"₩69,000",,,260626,,,,,
,false,,사파리스팟,,카테고리98,,STRIPE POINT WASHING HOODIE ZIPUP (BURGUNDY),https://safarispot.kr/product/detail.html?product_no=775,https://safarispot.kr/web/product/medium/202410/bd18e23bf3f87bbfac7e2545236cd4a0.jpg,"₩121,000",,,260626,,,,,
,false,,사파리스팟,,카테고리98,,REGION MOTORS CLUB DAILY TEE (GRAY),https://safarispot.kr/product/detail.html?product_no=701,https://safarispot.kr/web/product/medium/202409/bda1b81d16f89a9bea64b600c257b401.jpg,"₩54,000",,,260626,,,,,
,false,,사파리스팟,,카테고리98,,ROUX BASE SCHOOL DONT FORGET TEE (WHITE),https://safarispot.kr/product/detail.html?product_no=511,https://safarispot.kr/web/product/medium/202408/01f40d629ef6344be21c65d5019192cb.jpg,"₩54,000",,,260626,,,,,
,false,,사파리스팟,,카테고리98,,S.T.C. Quilting Jacket (Black),https://safarispot.kr/product/detail.html?product_no=801,https://safarispot.kr/web/product/medium/202602/3cb657d34e0a3796bafa6e4c4469c880.jpg,"₩188,000",,,260626,,,,,
,false,,사파리스팟,,카테고리98,,Safety Logo Mesh Cap (Black),https://safarispot.kr/product/detail.html?product_no=646,https://safarispot.kr/web/product/medium/202512/ad22ffbc6be4bbdfd8135b52aac23097.png,"₩64,000",,,260626,,,,,
,false,,사파리스팟,,카테고리98,,ROUX BASE SCHOOL EAT THE LAND CHECK TEE (GREEN),https://safarispot.kr/product/detail.html?product_no=509,https://safarispot.kr/web/product/medium/202408/2c62a59abcd632091d2d11190847a3aa.jpg,"₩54,000",,,260626,,,,,
,false,,사파리스팟,,카테고리98,,MULTI SKULL STRAIGHT COTTON PANTS (CHARCOAL),https://safarispot.kr/product/detail.html?product_no=672,https://safarispot.kr/web/product/medium/202408/982c81348f69961fd8e63006d155b410.jpg,"₩118,000",,,260626,,,,,
,false,,사파리스팟,,카테고리98,,1/2 SAFARISPOTS SFORTS JERSEY PANTS (BLACK),https://safarispot.kr/product/detail.html?product_no=335,https://safarispot.kr/web/product/medium/202305/880689d9c0392c66bd9bb0499df75824.jpg,"₩68,000",,,260626,,,,,
,false,,사파리스팟,,카테고리98,,1/2 Region Motors Club Pub Recipe Hoodie (Light Purple),https://safarispot.kr/product/detail.html?product_no=707,https://safarispot.kr/web/product/medium/202512/667da2025cf199a20443cc8a3b9e59c6.png,"₩94,000",,,260626,,,,,
,false,,사파리스팟,,카테고리98,,1/2 REGION MOTORS CLUB DAILY TEE (GRAY),https://safarispot.kr/product/detail.html?product_no=702,https://safarispot.kr/web/product/medium/202409/b23f21d93dedc2f7943ed6dd7dbc51c5.jpg,"₩54,000",,,260626,,,,,
,false,,사파리스팟,,카테고리98,,ROUX BASE SCHOOL EAT THE LAND CHECK TEE (BLACK),https://safarispot.kr/product/detail.html?product_no=551,https://safarispot.kr/web/product/medium/202408/8db724abdff5f4be48b74a0e5f7e6cf4.jpg,"₩54,000",,,260626,,,,,
,false,,사파리스팟,,카테고리98,,ROUX BASE UNIFORM AUTOGRAPH TEE (WHITE),https://safarispot.kr/product/detail.html?product_no=500,https://safarispot.kr/web/product/medium/202408/6af6c73acb569cc6be85185bc73265b3.jpg,"₩59,000",,,260626,,,,,
,false,,사파리스팟,,카테고리98,,Region Motors Club Knit Hoodie (Blue),https://safarispot.kr/product/detail.html?product_no=788,https://safarispot.kr/web/product/medium/202511/7165595733846ade52a51b975ab7740e.png,"₩133,000",,,260626,,,,,
,false,,사파리스팟,,카테고리98,,1/2 SAFETY ASURA HOOD ZIP UP (PURPLE/NAVY),https://safarispot.kr/product/detail.html?product_no=650,https://safarispot.kr/web/product/medium/202408/b0ddf3aa5c8865c095beec479d84299e.jpg,"₩113,000",,,260626,,,,,
,false,,사파리스팟,,카테고리98,,1/2 ROUX BASE SCHOOL EAT THE LAND CHECK TEE (GREEN),https://safarispot.kr/product/detail.html?product_no=510,https://safarispot.kr/web/product/medium/202408/c57eb51c76a8062d19fbf650b5d0ce20.jpg,"₩54,000",,,260626,,,,,
,false,,사파리스팟,,카테고리98,,1/2 Western Dots Key Shirts (Black),https://safarispot.kr/product/detail.html?product_no=323,https://safarispot.kr/web/product/medium/202304/e1731dbac32ebf771483566dd0ea76e5.jpg,"₩128,000",,,260626,,,,,
,false,,사파리스팟,,카테고리98,,1/2 S.T.C. CITY HOODIE (BLACK),https://safarispot.kr/product/detail.html?product_no=827,https://safarispot.kr/web/product/medium/202412/d3b61f03da3fd6db0ade3325aab2b5bc.jpg,"₩94,000",,,260626,,,,,
,false,,사파리스팟,,카테고리98,,1/2 ROUX BASE UNIFORM MD TEE (LIGHT BLUE),https://safarispot.kr/product/detail.html?product_no=489,https://safarispot.kr/web/product/medium/202408/9dec52e61852f9993af7c2cc7333d2c9.jpg,"₩54,000",,,260626,,,,,
,false,,사파리스팟,,카테고리98,,1/2 Region Motors Club Navajo Long Sleeve (Ivory),https://safarispot.kr/product/detail.html?product_no=735,https://safarispot.kr/web/product/medium/202512/1962d602a157e7ad859f3dd395634793.png,"₩72,000",,,260626,,,,,
,false,,사파리스팟,,카테고리98,,Roux Base School Tie Shirts (Sky),https://safarispot.kr/product/detail.html?product_no=548,https://safarispot.kr/web/product/medium/202602/410ac288ba6bc0cdda561b27397c292b.jpg,"₩113,000",,,260626,,,,,
,false,,사파리스팟,,카테고리98,,1/2 Roux Base School Tie Shirts (Sky),https://safarispot.kr/product/detail.html?product_no=502,https://safarispot.kr/web/product/medium/202602/ad6f1ff1c1b5b11e8b6faece64f3107d.jpg,"₩113,000",,,260626,,,,,
,false,,사파리스팟,,카테고리98,,S.T.C. CITY HOODIE (BLACK),https://safarispot.kr/product/detail.html?product_no=826,https://safarispot.kr/web/product/medium/202412/b97267ecec308bf440683eb6e1f4d890.jpg,"₩94,000",,,260626,,,,,
,false,,사파리스팟,,카테고리98,,1/2 REGION MOTORS CLUB SYMBOL LONG SLEEVE (GRAY),https://safarispot.kr/product/detail.html?product_no=714,https://safarispot.kr/web/product/medium/202409/3837a3dc9f23b4e0d7d355cb4e11cd02.jpg,"₩64,000",,,260626,,,,,
,false,,사파리스팟,,카테고리98,,CHEST PATCHWORK L/S (GRAY),https://safarispot.kr/product/detail.html?product_no=773,https://safarispot.kr/web/product/medium/202409/c23521c0ff409445a00d434f4dd3172c.jpg,"₩67,000",,,260626,,,,,
,false,,사파리스팟,,카테고리98,,1/2 REGION MOTORS CLUB LOGO CREWNECK (CREAM),https://safarispot.kr/product/detail.html?product_no=705,https://safarispot.kr/web/product/medium/202409/963971240ec12bf95ccbdb8bacd84e30.jpg,"₩87,000",,,260626,,,,,
,false,,사파리스팟,,카테고리98,,1/2 Wool Terry Jacket (Black),https://safarispot.kr/product/detail.html?product_no=1240,https://safarispot.kr/web/product/medium/202512/bdb2bb668894e28e4bd7f829227eefa0.jpg,"₩124,000",,,260626,,,,,
,false,,사파리스팟,,카테고리98,,1/2 Authentic Table Tennis Common Pk Tee (Gray),https://safarispot.kr/product/detail.html?product_no=991,https://safarispot.kr/web/product/medium/202505/0feb4f4e49ae2d4271e238fc754a7aca.jpg,"₩69,000",,,260626,,,,,
,false,,사파리스팟,,카테고리98,,1/2 Region Motors Club Fake Fur Duffle Coat,https://safarispot.kr/product/detail.html?product_no=744,https://safarispot.kr/web/product/medium/202511/1b64fbcda45369031c5afdb098ac3610.png,"₩279,000",,,260626,,,,,
,false,,사파리스팟,,카테고리98,,ROUX BASE UNIFORM MD TEE (CHARCOAL),https://safarispot.kr/product/detail.html?product_no=490,https://safarispot.kr/web/product/medium/202408/4ea88193ff79d608339865ad8b343f51.jpg,"₩54,000",,,260626,,,,,
,false,,사파리스팟,,카테고리98,,Region Motors Club Long Sleeve (Charcoal),https://safarispot.kr/product/detail.html?product_no=711,https://safarispot.kr/web/product/medium/202409/6056b769a0d1e7f4b11b3c040eee280c.jpg,"₩64,000",,,260626,,,,,
,false,,사파리스팟,,카테고리98,,1/2 BAT LOGO TEE (GRAY),https://safarispot.kr/product/detail.html?product_no=670,https://safarispot.kr/web/product/medium/202408/5e6b3ee7c5477252a8189798b0faef46.jpg,"₩54,000",,,260626,,,,,
,false,,사파리스팟,,카테고리98,,1/2 ROUX BASE UNIFORM MD TEE (CHARCOAL),https://safarispot.kr/product/detail.html?product_no=491,https://safarispot.kr/web/product/medium/202408/59f4e878f0c7254739d8769378c4cd8b.jpg,"₩54,000",,,260626,,,,,
,false,,사파리스팟,,카테고리98,,Rec Ruit Piano Circle Tee (Gray/Navy),https://safarispot.kr/product/detail.html?product_no=890,https://safarispot.kr/web/product/medium/202504/4da776ae0f32d71772140dc49ae16404.jpg,"₩54,000",,,260626,,,,,
,false,,사파리스팟,,카테고리98,,REGION MOTORS CLUB SYMBOL LONG SLEEVE (GRAY),https://safarispot.kr/product/detail.html?product_no=715,https://safarispot.kr/web/product/medium/202409/9c5f45a123c145e945316f4552b6c2aa.jpg,"₩64,000",,,260626,,,,,
,false,,사파리스팟,,카테고리98,,1/2 ROUX BASE SCHOOL ARGYLE TEE (WHITE),https://safarispot.kr/product/detail.html?product_no=518,https://safarispot.kr/web/product/medium/202408/757714e7af5a6d08f42cff5701b8c00f.jpg,"₩54,000",,,260626,,,,,
,false,,사파리스팟,,카테고리98,,1/2 DOODLE PAD TEE (WHITE),https://safarispot.kr/product/detail.html?product_no=391,https://safarispot.kr/web/product/medium/202306/6429570a839b0c3b21f8c4a70b7311e2.jpg,"₩55,000",,,260626,,,,,
,false,,사파리스팟,,카테고리98,,Lightweight Knit Hoodie (Charcoal),https://safarispot.kr/product/detail.html?product_no=1235,https://safarispot.kr/web/product/medium/202512/8e06bbe08176583ecf04b1368864a100.jpg,"₩83,000",,,260626,,,,,
,false,,사파리스팟,,카테고리98,,1/2 SAFETY ASURA HOOD ZIP UP (SKY/BLUE),https://safarispot.kr/product/detail.html?product_no=651,https://safarispot.kr/web/product/medium/202408/3f31d2be862cd91ca9a560fef315f76e.jpg,"₩113,000",,,260626,,,,,
,false,,사파리스팟,,카테고리98,,Saf3 Reversible Stripe Beanie (Navy/White),https://safarispot.kr/product/detail.html?product_no=1260,https://safarispot.kr/web/product/medium/202602/3e5c9e8a670444c4258bc83c1acfc8cd.jpg,"₩58,000",,,260626,,,,,
,false,,사파리스팟,,카테고리98,,S.T.C. STRIPE FLEECE MUFFLER ZIP UP (KHAKI),https://safarispot.kr/product/detail.html?product_no=813,https://safarispot.kr/web/product/medium/202510/3eef5d3a2268a99472e00272f1b64b0c.jpg,"₩128,000",,,260626,,,,,
,false,,사파리스팟,,카테고리98,,S.T.C. City Corduroy Pants (Beige),https://safarispot.kr/product/detail.html?product_no=811,https://safarispot.kr/web/product/medium/202412/5f0578684c397cfefd5476c2b3da4a03.jpg,"₩123,000",,,260626,,,,,
,false,,사파리스팟,,카테고리98,,MULTI SKULL STRIPE HOOD ZIP UP (GREEN),https://safarispot.kr/product/detail.html?product_no=666,https://safarispot.kr/web/product/medium/202408/ff57d4105e074daff925b9395829443e.jpg,"₩108,000",,,260626,,,,,
,false,,사파리스팟,,카테고리98,,S CLEF BANDANA TEE (CHARCOAL),https://safarispot.kr/product/detail.html?product_no=625,https://safarispot.kr/web/product/medium/202408/de043d385e26f83e5c4dc997d6aa967e.jpg,"₩54,000",,,260626,,,,,
,false,,사파리스팟,,카테고리98,,1/2 ROUX BASE SCHOOL EAT THE PIZZA TEE (PURPLE),https://safarispot.kr/product/detail.html?product_no=508,https://safarispot.kr/web/product/medium/202408/2e241200a75e9ecc020b03f7c3997854.jpg,"₩54,000",,,260626,,,,,
,false,,사파리스팟,,카테고리98,,Journey Round Pocket Zip Up Hoodie (Gray),https://safarispot.kr/product/detail.html?product_no=1282,https://safarispot.kr/web/product/medium/202601/59f7fdca60418ab36a4e901c9275f877.jpg,"₩118,000",,,260626,,,,,
,false,,사파리스팟,,카테고리98,,Tartan Check School Bag (Navy),https://safarispot.kr/product/detail.html?product_no=1198,https://safarispot.kr/web/product/medium/202512/e8a695bb7b8431c9dd1f6378fba71e68.jpg,"₩94,000",,,260626,,,,,
,false,,사파리스팟,,카테고리98,,Lightweight Knit Muffler (Charcoal),https://safarispot.kr/product/detail.html?product_no=1195,https://safarispot.kr/web/product/medium/202512/ccd52587a74538263b05c0e699af9e02.jpg,"₩56,000",,,260626,,,,,
,false,,사파리스팟,,카테고리98,,S.T.C. Spot Varsity (Gray),https://safarispot.kr/product/detail.html?product_no=798,https://safarispot.kr/web/product/medium/202602/36734a5b50d69673f4798d71e139e14b.jpg,"₩208,000",,,260626,,,,,
,false,,사파리스팟,,카테고리98,,1/2 Region Motors Club Long Sleeve (Charcoal),https://safarispot.kr/product/detail.html?product_no=710,https://safarispot.kr/web/product/medium/202512/5907f592a7fad71239553aaa76dccc0e.png,"₩64,000",,,260626,,,,,
,false,,사파리스팟,,카테고리98,,1/2 ROUX BASE SCHOOL DONT FORGET TEE (WHITE),https://safarispot.kr/product/detail.html?product_no=512,https://safarispot.kr/web/product/medium/202408/dc2c7101ec210186f49a6b718b19a65c.jpg,"₩54,000",,,260626,,,,,
,false,,사파리스팟,,카테고리98,,1/2 DICTIONARY TEE (WHITE/RED),https://safarispot.kr/product/detail.html?product_no=298,https://safarispot.kr/web/product/medium/202304/3d3f3b7275785010b1bad86ea563386c.jpg,"₩59,000",,,260626,,,,,
,false,,사파리스팟,,카테고리98,,1/2 DICTIONARY TEE (WHITE/BLACK),https://safarispot.kr/product/detail.html?product_no=296,https://safarispot.kr/web/product/medium/202304/691475b7a56d0b19e12f248c0b44971b.jpg,"₩59,000",,,260626,,,,,
,false,,사파리스팟,,카테고리98,,S.T.C. CITY SWEAT PANTS (MINT),https://safarispot.kr/product/detail.html?product_no=809,https://safarispot.kr/web/product/medium/202411/770ac478199bbde0ca15effc871331bc.jpg,"₩108,000",,,260626,,,,,
,false,,사파리스팟,,카테고리98,,Region Motors Club Long Sleeve (Green),https://safarispot.kr/product/detail.html?product_no=713,https://safarispot.kr/web/product/medium/202512/de1cb12ec9b3ae5c967148999abf3c1f.png,"₩64,000",,,260626,,,,,
,false,,사파리스팟,,카테고리98,,MULTI SKULL STRIPE HOOD ZIP UP (NAVY),https://safarispot.kr/product/detail.html?product_no=665,https://safarispot.kr/web/product/medium/202408/b8cb21d50d176e22ae9e12ec690a5b39.jpg,"₩108,000",,,260626,,,,,
,false,,사파리스팟,,카테고리98,,1/2 S CLEF BANDANA TEE (CHARCOAL),https://safarispot.kr/product/detail.html?product_no=623,https://safarispot.kr/web/product/medium/202408/a7c09c9af3a86bb4f904752ee4e18ac1.jpg,"₩54,000",,,260626,,,,,
,false,,사파리스팟,,카테고리98,,ROUX BASE UNIFORM MD TEE (LIGHT BLUE),https://safarispot.kr/product/detail.html?product_no=488,https://safarispot.kr/web/product/medium/202408/d4e0e2b5a0bd58151f423bd7a9397be5.jpg,"₩54,000",,,260626,,,,,
,false,,사파리스팟,,카테고리98,,GOOD AUDIENCES TEE (SKY),https://safarispot.kr/product/detail.html?product_no=318,https://safarispot.kr/web/product/medium/202304/5c2aeb71e440c10e54361816b2cd2d30.jpg,"₩55,000",,,260626,,,,,
,false,,사파리스팟,,카테고리98,,Lightweight Knit Zip Up Hoodie (Charcoal),https://safarispot.kr/product/detail.html?product_no=1237,https://safarispot.kr/web/product/medium/202512/6abe2f777594eccad4054383d87bbcbe.jpg,"₩118,000",,,260626,,,,,
,false,,사파리스팟,,카테고리98,,Country Farmer Hoodie (Green),https://safarispot.kr/product/detail.html?product_no=1081,https://safarispot.kr/web/product/medium/202511/6f6569ad0f9105a02f034e82242fc948.png,"₩97,000",,,260626,,,,,
,false,,사파리스팟,,카테고리98,,REGION MOTORS CLUB DOTS LIP POCKET TEE (NAVY),https://safarispot.kr/product/detail.html?product_no=770,https://safarispot.kr/web/product/medium/202409/2c0a9f95b55731b9137a6a0c6b87ba14.jpg,"₩61,000",,,260626,,,,,
,false,,사파리스팟,,카테고리98,,REGION MOTORS CLUB BASEBALL SHIRTS (IVORY/PEACH),https://safarispot.kr/product/detail.html?product_no=760,https://safarispot.kr/web/product/medium/202409/e14535e8d1c56c79a1d164a9bb721e1d.jpg,"₩124,000",,,260626,,,,,
,false,,사파리스팟,,카테고리98,,Fleece Millitary Hoodie Jacket (Olive),https://safarispot.kr/product/detail.html?product_no=739,https://safarispot.kr/web/product/medium/202512/d1001991583d18e6e454f5acd82c54dd.png,"₩168,000",,,260626,,,,,
,false,,사파리스팟,,카테고리98,,ROUX BASE SCHOOL ARGYLE TEE (WHITE),https://safarispot.kr/product/detail.html?product_no=517,https://safarispot.kr/web/product/medium/202408/67f5d5cbb6a07a82dc9c74c921ad0ae5.jpg,"₩54,000",,,260626,,,,,
,false,,사파리스팟,,카테고리98,,1/2 Dot Line Two Pocket T-Shirt (Navy),https://safarispot.kr/product/detail.html?product_no=1361,https://safarispot.kr/web/product/medium/202603/f5abfb2a868065d1b2414bc90c05193e.jpeg,"₩58,000",,,260626,,,,,
,false,,사파리스팟,,카테고리98,,Reversible Double Layered Beanie (Olive/Ivory),https://safarispot.kr/product/detail.html?product_no=1333,https://safarispot.kr/web/product/medium/202603/e8a08ad335b31cfe28e37bf827ece178.jpg,"₩48,000",,,260626,,,,,
,false,,사파리스팟,,카테고리98,,Journey Long Sleeve (Cream),https://safarispot.kr/product/detail.html?product_no=1276,https://safarispot.kr/web/product/medium/202601/8445c9822ec3ef8353d88c3a25fb5d6f.jpg,"₩63,000",,,260626,,,,,
,false,,사파리스팟,,카테고리98,,Saf3 Reversible Stripe Beanie (Burgundy/Navy),https://safarispot.kr/product/detail.html?product_no=1261,https://safarispot.kr/web/product/medium/202602/c96dd2a233a799c5d895fb9b5961348e.jpg,"₩58,000",,,260626,,,,,
,false,,사파리스팟,,카테고리98,,Country Cotton Muffler (Beige),https://safarispot.kr/product/detail.html?product_no=1064,https://safarispot.kr/web/product/medium/202510/bf049d071183399cc0a07a619b5590d6.png,"₩53,000",,,260626,,,,,
,false,,사파리스팟,,카테고리98,,1/2 REGION MOTORS CLUB WAFFLE LONG SLEEVE (CREAM),https://safarispot.kr/product/detail.html?product_no=726,https://safarispot.kr/web/product/medium/202409/167807041bfc839276baa9ae18cb84d2.jpg,"₩79,000",,,260626,,,,,
,false,,사파리스팟,,카테고리98,,1/2 Region Motors Club Long Sleeve (Green),https://safarispot.kr/product/detail.html?product_no=712,https://safarispot.kr/web/product/medium/202512/f467aff2e37cf3119f7f891b322b1621.png,"₩64,000",,,260626,,,,,
,false,,사파리스팟,,카테고리98,,STICKERPACK MUG CUP,https://safarispot.kr/product/detail.html?product_no=645,https://safarispot.kr/web/product/medium/202501/5b7a2e1e76af68131c4e118759254221.jpg,"₩24,000",,,260626,,,,,
,false,,사파리스팟,,카테고리98,,DICTIONARY TEE (WHITE/RED),https://safarispot.kr/product/detail.html?product_no=297,https://safarispot.kr/web/product/medium/202304/68ad4f5d5f7af82fb0648c98997fe3a1.jpg,"₩59,000",,,260626,,,,,
,false,,사파리스팟,,카테고리98,,Rec Ruit Trainee Hooligan Symbol Tee (Blue),https://safarispot.kr/product/detail.html?product_no=871,https://safarispot.kr/web/product/medium/202505/44cdf51dfb55dda4e47c744f8682bb59.jpg,"₩56,000",,,260626,,,,,
,false,,사파리스팟,,카테고리98,,MULTI SKULL COTTON SHORTS (IVORY),https://safarispot.kr/product/detail.html?product_no=667,https://safarispot.kr/web/product/medium/202408/e9fb9da4ed572d800e783b1e751dc7bf.jpg,"₩63,000",,,260626,,,,,
,false,,사파리스팟,,카테고리98,,ROUX BASE UNIFORM HEAVY DENIM PANTS (BLUE),https://safarispot.kr/product/detail.html?product_no=494,https://safarispot.kr/web/product/medium/202408/9ec89cadf53c6fd51ccf056a89787cdc.jpg,"₩118,000",,,260626,,,,,
,false,,사파리스팟,,카테고리98,,1/2 DICTIONARY TEE (BLACK/WHITE),https://safarispot.kr/product/detail.html?product_no=300,https://safarispot.kr/web/product/medium/202304/a37e8beb7703b76ffc1b1261a0d4503b.jpg,"₩59,000",,,260626,,,,,
,false,,사파리스팟,,카테고리98,,Basic Safari Oval Horn Glasses (Leopard),https://safarispot.kr/product/detail.html?product_no=1258,https://safarispot.kr/web/product/medium/202601/f2b72e543b942166366f8fa98aa8bed0.jpg,"₩98,000",,,260626,,,,,
,false,,사파리스팟,,카테고리98,,Wool Quilting Hooded Coat (Charcoal),https://safarispot.kr/product/detail.html?product_no=1242,https://safarispot.kr/web/product/medium/202512/f6c8c607e05e59f7b6a1644b9182b1e5.jpg,"₩249,000",,,260626,,,,,
,false,,사파리스팟,,카테고리98,,Two Button Pleats Denim Skirt (Indigo),https://safarispot.kr/product/detail.html?product_no=1233,https://safarispot.kr/web/product/medium/202512/14cbf00e4d544efacbd8ea8c8bb60ae9.jpg,"₩108,000",,,260626,,,,,
,false,,사파리스팟,,카테고리98,,TWO POCKET TEE (GRAY),https://safarispot.kr/product/detail.html?product_no=771,https://safarispot.kr/web/product/medium/202409/1104d327c5a46b465eb98ab111fc0faf.jpg,"₩59,000",,,260626,,,,,
,false,,사파리스팟,,카테고리98,,REGION MOTORS CLUB POCKET TEE (NAVY),https://safarispot.kr/product/detail.html?product_no=699,https://safarispot.kr/web/product/medium/202409/5c6c0c9b9cd9e1db075e2a84b4f75e98.jpg,"₩58,000",,,260626,,,,,
,false,,사파리스팟,,카테고리98,,1/2 ROUX BASE SCHOOL EAT THE PIZZA TEE (IVORY),https://safarispot.kr/product/detail.html?product_no=506,https://safarispot.kr/web/product/medium/202408/58b24c99b323932fa50eef3b90156e1a.jpg,"₩54,000",,,260626,,,,,
,false,,사파리스팟,,카테고리98,,Basic Safari Nep Turtle Neck (Speckled Black),https://safarispot.kr/product/detail.html?product_no=473,https://safarispot.kr/web/product/medium/202311/fa8dc43e28ecc93de351c7ac8a3a4423.jpg,"₩91,000",,,260626,,,,,
,false,,사파리스팟,,카테고리98,,LAMB LIVELIHOOD QUILTING JACKET (ORANGE),https://safarispot.kr/product/detail.html?product_no=439,https://safarispot.kr/web/product/medium/202310/4c4d0662e7f7806872f1f3bea1f89b07.jpg,"₩205,000",,,260626,,,,,
,false,,사파리스팟,,카테고리98,,GOOD AUDIENCES TEE (YELLOW),https://safarispot.kr/product/detail.html?product_no=320,https://safarispot.kr/web/product/medium/202304/6d6f59cd834640d4001aec5c50b7b675.jpg,"₩55,000",,,260626,,,,,
,false,,사파리스팟,,카테고리98,,1/2 GOOD AUDIENCES TEE (SKY),https://safarispot.kr/product/detail.html?product_no=319,https://safarispot.kr/web/product/medium/202304/58b0baa48a6ae361b2904a47011837b7.jpg,"₩55,000",,,260626,,,,,
,false,,사파리스팟,,카테고리98,,DICTIONARY TEE (WHITE/BLACK),https://safarispot.kr/product/detail.html?product_no=295,https://safarispot.kr/web/product/medium/202304/bdbf74e3ae8f4a0dbafffac381f3730a.jpg,"₩59,000",,,260626,,,,,
,false,,사파리스팟,,카테고리98,,Basic Safari Oval Horn Glasses (Black),https://safarispot.kr/product/detail.html?product_no=1257,https://safarispot.kr/web/product/medium/202601/060d9fd1cde49d765b178e824580c23b.jpg,"₩98,000",,,260626,,,,,
,false,,사파리스팟,,카테고리98,,Army Repair Crewneck (Gray/Navy/Khaki),https://safarispot.kr/product/detail.html?product_no=1080,https://safarispot.kr/web/product/medium/202511/6707c14f586d0c6744319cff6d1fc88d.png,"₩91,000",,,260626,,,,,
,false,,사파리스팟,,카테고리98,,Authentic Scout Backpack (Olive),https://safarispot.kr/product/detail.html?product_no=860,https://safarispot.kr/web/product/medium/202603/4ffe38fb9c9c98e9dc17a3427396faa5.jpg,"₩133,000",,,260626,,,,,
,false,,사파리스팟,,카테고리98,,Region Motors Club Rugby Long Sleeve (Green),https://safarispot.kr/product/detail.html?product_no=721,https://safarispot.kr/web/product/medium/202409/be0a7d0b186703d48aa97b6ecb129276.jpg,"₩72,000",,,260626,,,,,
,false,,사파리스팟,,카테고리98,,1/2 REGION MOTORS CLUB RUGBY LONG SLEEVE (GREEN),https://safarispot.kr/product/detail.html?product_no=720,https://safarispot.kr/web/product/medium/202409/78c7aecc14d987a7fa092264a27a6234.jpg,"₩72,000",,,260626,,,,,
,false,,사파리스팟,,카테고리98,,REGION MOTORS CLUB NAVAJO HOODIE ZIPUP (PEACH),https://safarispot.kr/product/detail.html?product_no=708,https://safarispot.kr/web/product/medium/202409/bc267d3d06b9fd25f627fc969fe8e8e5.jpg,"₩119,000",,,260626,,,,,
,false,,사파리스팟,,카테고리98,,SAFETY LOGO TEE (CORAL),https://safarispot.kr/product/detail.html?product_no=649,https://safarispot.kr/web/product/medium/202408/b5cd9afa20c1196b9f357cf7299c34e8.jpg,"₩54,000",,,260626,,,,,
,false,,사파리스팟,,카테고리98,,ROUX BASE SCHOOL EAT THE PIZZA TEE (IVORY),https://safarispot.kr/product/detail.html?product_no=505,https://safarispot.kr/web/product/medium/202408/f008f69bfeb467869f4947639d963b8c.jpg,"₩54,000",,,260626,,,,,
,false,,사파리스팟,,카테고리98,,1/2 Basic Safari Nep Turtle Neck (Speckled Black),https://safarispot.kr/product/detail.html?product_no=474,https://safarispot.kr/web/product/medium/202311/152a2de72e8f8f49d94faf6536c257fb.jpg,"₩91,000",,,260626,,,,,
,false,,사파리스팟,,카테고리98,,1/2 GOOD AUDIENCES TEE (YELLOW),https://safarispot.kr/product/detail.html?product_no=321,https://safarispot.kr/web/product/medium/202304/1dd29bc6ef074c50dfd33e67169b73bd.jpg,"₩55,000",,,260626,,,,,
,false,,사파리스팟,,카테고리98,,Washed Linen Hooded Jacket (Charcoal),https://safarispot.kr/product/detail.html?product_no=1371,https://safarispot.kr/web/product/medium/202603/d9ab26b84e13ea1857265cf4d1d812b0.jpg,"₩148,000",,,260626,,,,,
,false,,사파리스팟,,카테고리98,,Washed Linen Hoodie (Ivory),https://safarispot.kr/product/detail.html?product_no=1366,https://safarispot.kr/web/product/medium/202603/f7228a7e808be44cdbec8842251d9eab.jpg,"₩88,000",,,260626,,,,,
,false,,사파리스팟,,카테고리98,,Square Placket Henley Neck PK T-Shirt (White),https://safarispot.kr/product/detail.html?product_no=1352,https://safarispot.kr/web/product/medium/202603/e16ac050432dfcaa5fd823b23898921b.jpg,"₩68,000",,,260626,,,,,
,false,,사파리스팟,,카테고리98,,Journey Slot Button Windbreaker (Vintage Blue),https://safarispot.kr/product/detail.html?product_no=1283,https://safarispot.kr/web/product/medium/202602/d626d04664e8435f44f0566701241a21.jpg,"₩158,000",,,260626,,,,,
,false,,사파리스팟,,카테고리98,,[Offline Exclusive] 1/2 Journey Long Sleeve (Gray),https://safarispot.kr/product/detail.html?product_no=1272,https://safarispot.kr/web/product/medium/202601/d45fb378188cef1da893ef678b22ee38.jpg,"₩63,000",,,260626,,,,,
,false,,사파리스팟,,카테고리98,,[Offline Exclusive] Journey Long Sleeve (Gray),https://safarispot.kr/product/detail.html?product_no=1271,https://safarispot.kr/web/product/medium/202601/97f4a3be51a158960c0166aabb0cfef2.jpg,"₩63,000",,,260626,,,,,
,false,,사파리스팟,,카테고리98,,Basic Safari Nep Turtle Neck (Speckled Gray),https://safarispot.kr/product/detail.html?product_no=475,https://safarispot.kr/web/product/medium/202311/24346286e6c29a5c2c2a5825eae70187.jpg,"₩91,000",,,260626,,,,,
,false,,사파리스팟,,카테고리98,,DICTIONARY TEE (BLACK/WHITE),https://safarispot.kr/product/detail.html?product_no=299,https://safarispot.kr/web/product/medium/202304/6f02a8e161917e8329b8b3978c4f4297.jpg,"₩59,000",,,260626,,,,,
,false,,사파리스팟,,카테고리98,,NATURALIS POCKET TEE (WHITE/GRAY),https://safarispot.kr/product/detail.html?product_no=283,https://safarispot.kr/web/product/medium/202303/cb3192aa34133841df64a0c9664cb22a.jpg,"₩58,000",,,260626,,,,,
,false,,사파리스팟,,카테고리98,,REGULAR HENLEY NECK HALF TEE (SKY),https://safarispot.kr/product/detail.html?product_no=994,https://safarispot.kr/web/product/medium/202505/7334dc5e2948f687e2f611a61f448339.jpg,"₩63,000",,,260626,,,,,
,false,,사파리스팟,,카테고리98,,REGULAR HENLEY NECK HALF TEE (INDIGO),https://safarispot.kr/product/detail.html?product_no=993,https://safarispot.kr/web/product/medium/202505/2f6e6fef183bb09522fb9ede7909fdfb.jpg,"₩63,000",,,260626,,,,,
,false,,사파리스팟,,카테고리98,,Rec Ruit Color Bookmark Tee (White),https://safarispot.kr/product/detail.html?product_no=987,https://safarispot.kr/web/product/medium/202603/62962db5ef73c42a84eafac9031620cb.jpg,"₩54,000",,,260626,,,,,
,false,,사파리스팟,,카테고리98,,Authentic Tags Out Tee (White),https://safarispot.kr/product/detail.html?product_no=974,https://safarispot.kr/web/product/medium/202603/3bb643b77eb879074a02f6c549c385e3.jpg,"₩57,000",,,260626,,,,,
,false,,사파리스팟,,카테고리98,,1/2 Authentic Tags Out Tee (White),https://safarispot.kr/product/detail.html?product_no=941,https://safarispot.kr/web/product/medium/202603/a47157e550ae83d3f625ac0c60129309.jpg,"₩57,000",,,260626,,,,,
,false,,사파리스팟,,카테고리98,,Rec Ruit Athletic Rugby Tee (Burgundy),https://safarispot.kr/product/detail.html?product_no=932,https://safarispot.kr/web/product/medium/202504/07eda6f0e0b3fe267ef84f1e6384cd36.jpg,"₩54,000",,,260626,,,,,
,false,,사파리스팟,,카테고리98,,Authentic Gunpla Toy Tee (Navy),https://safarispot.kr/product/detail.html?product_no=915,https://safarispot.kr/web/product/medium/202603/6249a5eea0e96721f9a212c5e389c01b.jpg,"₩54,000",,,260626,,,,,
,false,,사파리스팟,,카테고리98,,1/2 REC RUIT TRAINNE PK JERSEY (WHITE),https://safarispot.kr/product/detail.html?product_no=907,https://safarispot.kr/web/product/medium/202504/324a3f4c94f2315e32c759535642fb89.jpg,"₩61,000",,,260626,,,,,
,false,,사파리스팟,,카테고리98,,1/2 Rec Ruit Math Society Tee (Purple/Beige),https://safarispot.kr/product/detail.html?product_no=898,https://safarispot.kr/web/product/medium/202603/a0d2e8059099308a9f2eec71bb74d16c.jpg,"₩54,000",,,260626,,,,,
,false,,사파리스팟,,카테고리98,,1/2 Rec Ruit Math Society Tee (White/Navy),https://safarispot.kr/product/detail.html?product_no=897,https://safarispot.kr/web/product/medium/202603/70c9a84341c3b221ee125c5a8d61003d.jpg,"₩54,000",,,260626,,,,,
,false,,사파리스팟,,카테고리98,,REC RUIT MATH SOCIETY TEE (PURPLE/BEIGE),https://safarispot.kr/product/detail.html?product_no=896,https://safarispot.kr/web/product/medium/202504/511ab09294ce7ad00b1fc7a08b69109d.jpg,"₩54,000",,,260626,,,,,
,false,,사파리스팟,,카테고리98,,REC RUIT MATH SOCIETY TEE (WHITE/NAVY),https://safarispot.kr/product/detail.html?product_no=895,https://safarispot.kr/web/product/medium/202504/fedd074e0f89322e3ca54d0d1e8241f2.jpg,"₩54,000",,,260626,,,,,
,false,,사파리스팟,,카테고리98,,BASIC SAFARI DOTS POLY SKIRTS (BLACK),https://safarispot.kr/product/detail.html?product_no=957,https://safarispot.kr/web/product/medium/202505/4b331daeb804eb4e820675a7c2ab6e9f.jpg,"₩87,000",,,260626,,,,,
,false,,사파리스팟,,카테고리98,,AUTHENTIC TAGS OUT BASE BALL SHIRTS TEE (BEIGE),https://safarispot.kr/product/detail.html?product_no=984,https://safarispot.kr/web/product/medium/202505/c983653ad01b32522fe07a87e8582fc3.jpg,"₩108,000",,,260626,,,,,
,false,,사파리스팟,,카테고리98,,SAFARISPOT YOU LOVE BEANIE (MINT),https://safarispot.kr/product/detail.html?product_no=481,https://safarispot.kr/web/product/medium/202312/3e25ceb49cd42e6efff291ee0588c431.jpeg,"₩62,000",,,260626,,,,,
,false,,사파리스팟,,카테고리98,,1/2 GRAPE ROUND TEE (BROWN),https://safarispot.kr/product/detail.html?product_no=338,https://safarispot.kr/web/product/medium/202305/c9f897e50c22528053d726dcc3793f48.jpg,"₩55,000",,,260626,,,,,
,false,,사파리스팟,,카테고리98,,MAGAZINE DENIM CAP,https://safarispot.kr/product/detail.html?product_no=284,https://safarispot.kr/web/product/medium/202303/2f0ff329cc0ae1d98dad32b6f6f9e73e.jpg,"₩64,000",,,260626,,,,,
,false,,사파리스팟,,카테고리98,,BASIC SAFARI RUFFLE MAXI SKIRT (NAVY),https://safarispot.kr/product/detail.html?product_no=806,https://safarispot.kr/web/product/medium/202412/e95ea1aa8fc0a77fc0a5fd4128ddf4ec.jpg,"₩123,000",,,260626,,,,,
,false,,사파리스팟,,카테고리98,,CATHY AND BROOK STORY TEE (WINE),https://safarispot.kr/product/detail.html?product_no=398,https://safarispot.kr/web/product/medium/202308/f2e2b1387c3de3e4bb54ccdbeb14a6ca.jpg,"₩55,000",,,260626,,,,,
,false,,사파리스팟,,카테고리98,,BASIC SAFARI RUFFLE MAXI SKIRT (BROWN),https://safarispot.kr/product/detail.html?product_no=805,https://safarispot.kr/web/product/medium/202412/2588af92bc134aaf1c6ea3736120492a.jpg,"₩123,000",,,260626,,,,,
,false,,사파리스팟,,카테고리98,,ULTIMATE LOGO DENIM CARD WALLET,https://safarispot.kr/product/detail.html?product_no=658,https://safarispot.kr/web/product/medium/202408/52e275c87827f39108d8b9e73675fb93.jpg,"₩34,000",,,260626,,,,,
,false,,사파리스팟,,카테고리98,,1/2 LAMB LIVELIHOOD L/S (WHITE),https://safarispot.kr/product/detail.html?product_no=443,https://safarispot.kr/web/product/medium/202310/11afd40c07fe4fb2b4e347cea6533545.jpg,"₩66,000",,,260626,,,,,
,false,,사파리스팟,,카테고리98,,S CLEF BANDANA TEE (BROWN),https://safarispot.kr/product/detail.html?product_no=624,https://safarispot.kr/web/product/medium/202408/55db1f8ea95e170c866045d4e745ab1a.jpg,"₩54,000",,,260626,,,,,
,false,,사파리스팟,,카테고리98,,LAMB LIVELIHOOD L/S (WHITE),https://safarispot.kr/product/detail.html?product_no=444,https://safarispot.kr/web/product/medium/202310/5bf3f83b16f15552c570464f7eed41b4.jpg,"₩66,000",,,260626,,,,,
,false,,사파리스팟,,카테고리98,,1/2 SAFARI BERMUDA SHIELD PANTS (BLACK),https://safarispot.kr/product/detail.html?product_no=386,https://safarispot.kr/web/product/medium/202307/0a0fec6bc4e612f8a5d479df16176632.jpg,"₩132,000",,,260626,,,,,
,false,,사파리스팟,,카테고리98,,1/2 Basic Safari Nep Turtle Neck (Speckled Gray),https://safarispot.kr/product/detail.html?product_no=476,https://safarispot.kr/web/product/medium/202311/39964d21203e9cec62c256294645f109.jpg,"₩91,000",,,260626,,,,,
,false,,사파리스팟,,카테고리98,,BASIC SAFARI CARPENTER COTTON PANTS (BEIGE),https://safarispot.kr/product/detail.html?product_no=452,https://safarispot.kr/web/product/medium/202310/367ce09e005b238975ac38d929cbca62.jpg,"₩118,000",,,260626,,,,,
,false,,사파리스팟,,카테고리98,,1/2 S CLEF BANDANA TEE (BROWN),https://safarispot.kr/product/detail.html?product_no=622,https://safarispot.kr/web/product/medium/202408/77eb0f89a70bb85b2703cc77a2cc6caf.jpg,"₩54,000",,,260626,,,,,
,false,,사파리스팟,,카테고리98,,1/2 SAFARI BERMUDA SHIELD PANTS (BEIGE),https://safarispot.kr/product/detail.html?product_no=387,https://safarispot.kr/web/product/medium/202307/773c8b3d5db43ebdecbc39b41f2a7907.jpg,"₩132,000",,,260626,,,,,
,false,,사파리스팟,,카테고리98,,REGION MOTORS CLUB LOGO CREWNECK (CREAM),https://safarispot.kr/product/detail.html?product_no=704,https://safarispot.kr/web/product/medium/202409/a26faca0e9f8a57d0b7ddc17ff71b58e.jpg,"₩87,000",,,260626,,,,,
,false,,사파리스팟,,카테고리98,,1/2 WEB STRING DENIM PANTS (BLACK),https://safarispot.kr/product/detail.html?product_no=655,https://safarispot.kr/web/product/medium/202408/a52f0c72d578002b2f3cce971f0c29e3.jpg,"₩118,000",,,260626,,,,,
,false,,사파리스팟,,카테고리98,,QUILTING RABBIT TOTE BAG (DENIM),https://safarispot.kr/product/detail.html?product_no=353,https://safarispot.kr/web/product/medium/202306/8fc79fef089ea0d57cd840e2a382516f.jpg,"₩68,000",,,260626,,,,,
,false,,사파리스팟,,카테고리98,,Country Cotton Muffler (Denim),https://safarispot.kr/product/detail.html?product_no=1063,https://safarispot.kr/web/product/medium/202510/c2a09de0e1c46fab0fafaa978930831a.png,"₩53,000",,,260626,,,,,
,false,,사파리스팟,,카테고리98,,LAMB LIVELIHOOD SWEAT CARDIGAN (TURQUOISE),https://safarispot.kr/product/detail.html?product_no=441,https://safarispot.kr/web/product/medium/202310/20d6dcff13e9161dacc374c9863d2fd3.jpg,"₩102,000",,,260626,,,,,
,false,,사파리스팟,,카테고리98,,SAFARI BERMUDA SHIELD PANTS (BEIGE),https://safarispot.kr/product/detail.html?product_no=389,https://safarispot.kr/web/product/medium/202307/3449158cfa7525d1bcf8cb6e923c43df.jpg,"₩132,000",,,260626,,,,,
,false,,사파리스팟,,카테고리98,,SAFARI BERMUDA SHIELD PANTS (BLACK),https://safarispot.kr/product/detail.html?product_no=388,https://safarispot.kr/web/product/medium/202307/71a43d8399e5899cfc6f2b5444eec068.jpg,"₩132,000",,,260626,,,,,
,false,,사파리스팟,,카테고리98,,1/2 BUBBLE GUM TEXT TEE (NAVY),https://safarispot.kr/product/detail.html?product_no=986,https://safarispot.kr/web/product/medium/202504/c59e6b7cf3b8de678cc12057aa97df2e.jpg,"₩54,000",,,260626,,,,,
,false,,사파리스팟,,카테고리98,,1/2 BUBBLE GUM TEXT TEE (BROWN),https://safarispot.kr/product/detail.html?product_no=985,https://safarispot.kr/web/product/medium/202504/00c6bd44d519f0c3b15cd5e01768b490.jpg,"₩54,000",,,260626,,,,,
,false,,사파리스팟,,카테고리98,,1/2 REGULAR HALF ROUND PK TEE (BLACK/GRAY),https://safarispot.kr/product/detail.html?product_no=977,https://safarispot.kr/web/product/medium/202505/4a192f8e7cb1d9dd871a9e90e61089fa.jpg,"₩71,000",,,260626,,,,,
,false,,사파리스팟,,카테고리98,,REC RUIT ATHLETIC RAGLAN TEE (GRAY),https://safarispot.kr/product/detail.html?product_no=921,https://safarispot.kr/web/product/medium/202505/b9a54ffa563410ecf7890a02d68ec936.jpg,"₩69,000",,,260626,,,,,
,false,,사파리스팟,,카테고리98,,AUTHENTIC PIANIST TEE (BLACK),https://safarispot.kr/product/detail.html?product_no=891,https://safarispot.kr/web/product/medium/202504/829e725ce262acd4eeaf8da65feb05a8.jpg,"₩54,000",,,260626,,,,,
