platform,is_ranking,rank,brand,brand_likes,main_category,category,gender,product_detail_url,product_name,color,color_chip,thumbnail,likes,views,details,material,current_price,regular_price,discount_rate,rating,reviews,sales,manufacture_date,crawled_at,reorder
tildeseoul.co.kr,false,,틸데서울,,,,,https://tildeseoul.co.kr/product/detail.html?product_no=4096,피넛 롤업 버튼 밴딩 9부 팬츠 2color,,,https://tildeseoul.co.kr/web/product/medium/202606/2d32c11152b6c92872b343287e5df327.gif,,,,,"₩49,800","₩49,800",,,,,,260622,
tildeseoul.co.kr,false,,틸데서울,,,,,https://tildeseoul.co.kr/product/detail.html?product_no=4095,카와 단가라 버튼 카프리 레깅스 3color,,,https://tildeseoul.co.kr/web/product/medium/202606/d67210d41e1f40affdd36443e733190a.gif,,,,,"₩31,300","₩31,300",,,,,,260622,
tildeseoul.co.kr,false,,틸데서울,,,,,https://tildeseoul.co.kr/product/detail.html?product_no=4094,(퀄리티 안감*) 제니 체크 프릴 홀터 뷔스티에 탑 2color,,,https://tildeseoul.co.kr/web/product/medium/202606/4b9cd13fd4c085c0e47de7ab3440c6ff.gif,,,,,"₩46,900","₩46,900",,,,,,260622,
tildeseoul.co.kr,false,,틸데서울,,,,,https://tildeseoul.co.kr/product/detail.html?product_no=4093,무아 와이드 셔링 밴딩 7부 팬츠 2color,,,https://tildeseoul.co.kr/web/product/medium/202606/017ab0d46b82194fd615c940a9877d25.gif,,,,,"₩48,800","₩48,800",,,,,,260622,
tildeseoul.co.kr,false,,틸데서울,,,,,https://tildeseoul.co.kr/product/detail.html?product_no=4092,*추천* 램블 레이스 배색 셔링 반팔티 3color,,,https://tildeseoul.co.kr/web/product/medium/202606/542fb150efe1035da0c33bcea1f533e8.gif,,,,,"₩27,300","₩27,300",,,,,,260622,
tildeseoul.co.kr,false,,틸데서울,,,,,https://tildeseoul.co.kr/product/detail.html?product_no=4091,요코 체크 배색 미디 스커트 2color,,,https://tildeseoul.co.kr/web/product/medium/202606/beb1494c2a5a67d962671becc309618b.gif,,,,,"₩46,800","₩46,800",,,,,,260622,
tildeseoul.co.kr,false,,틸데서울,,,,,https://tildeseoul.co.kr/product/detail.html?product_no=4090,허니 프린팅 레이스 슬림 포인트 나시 3color,,,https://tildeseoul.co.kr/web/product/medium/202606/be645f71460c129adba57bb26f2bdf30.gif,,,,,"₩31,600","₩31,600",,,,,,260622,
tildeseoul.co.kr,false,,틸데서울,,,,,https://tildeseoul.co.kr/product/detail.html?product_no=4089,*추천* 모건 백포켓 워싱 부츠컷 데님 2color,,,https://tildeseoul.co.kr/web/product/medium/202606/81e160b5797955121eab9faea4c14506.gif,,,,,"₩41,800","₩41,800",,,,,,260622,
tildeseoul.co.kr,false,,틸데서울,,,,,https://tildeseoul.co.kr/product/detail.html?product_no=4088,퓨어 레이스 펀칭 미디 코튼 스커트,,,https://tildeseoul.co.kr/web/product/medium/202606/7f1c8848fa425b42b107fb53103c45dc.gif,,,,,"₩34,400","₩34,400",,,,,,260622,
tildeseoul.co.kr,false,,틸데서울,,,,,https://tildeseoul.co.kr/product/detail.html?product_no=4087,"*국내생산,추천* 멜로 브이넥 슬림핏 반팔티 6color",,,https://tildeseoul.co.kr/web/product/medium/202606/15a4a682d86a93c1ab992d06e2ac3c29.gif,,,,,"₩28,500","₩28,500",,,,,,260622,
tildeseoul.co.kr,false,,틸데서울,,,,,https://tildeseoul.co.kr/product/detail.html?product_no=4086,*핏보장* 페페 단가라 새깅 절개 와이드 데님 2color,,,https://tildeseoul.co.kr/web/product/medium/202606/e93cb5be8ec175706f2e9d6f65732b89.gif,,,,,"₩47,500","₩47,500",,,,,,260622,
tildeseoul.co.kr,false,,틸데서울,,,,,https://tildeseoul.co.kr/product/detail.html?product_no=4085,(basic*) 슈가 골지 크롭 컬러 나시 6color,,,https://tildeseoul.co.kr/web/product/medium/202606/9923c5316fb951aaa6e3be61c01eecb9.gif,,,,,"₩24,300","₩24,300",,,,,,260622,
tildeseoul.co.kr,false,,틸데서울,,,,,https://tildeseoul.co.kr/product/detail.html?product_no=4084,니브 레이스 와이드 부츠컷 레깅스 3color,,,https://tildeseoul.co.kr/web/product/medium/202606/86b01e702a2823c4d4de6c9d42692f35.gif,,,,,"₩41,900","₩41,900",,,,,,260622,
tildeseoul.co.kr,false,,틸데서울,,,,,https://tildeseoul.co.kr/product/detail.html?product_no=4083,(스크런치set*) 플로라 캉캉 뷔스티에 탑 3color,,,https://tildeseoul.co.kr/web/product/medium/202606/e980867472de2bfeed3d5a7c8e8a264a.gif,,,,,"₩34,300","₩34,300",,,,,,260622,
tildeseoul.co.kr,false,,틸데서울,,,,,https://tildeseoul.co.kr/product/detail.html?product_no=4082,(살안타템*) 비키 플라워 시스루 텐셀 긴팔티 2color,,,https://tildeseoul.co.kr/web/product/medium/202606/24f50c539ded3245a998cc4da8c0a084.gif,,,,,"₩35,900","₩35,900",,,,,,260622,
tildeseoul.co.kr,false,,틸데서울,,,,,https://tildeseoul.co.kr/product/detail.html?product_no=4081,벨라 레이스 셔링 코튼 나시 원피스 3color,,,https://tildeseoul.co.kr/web/product/medium/202606/888d4e0da8eba7919588fa4b0b8c5ff9.gif,,,,,"₩37,300","₩37,300",,,,,,260622,
tildeseoul.co.kr,false,,틸데서울,,,,,https://tildeseoul.co.kr/product/detail.html?product_no=4080,(살안타템 추천*) 쿨링 써머 브이넥 가디건 6color,,,https://tildeseoul.co.kr/web/product/medium/202606/1986dfc5d2befa217adf81193749ca5c.gif,,,,,"₩25,000","₩25,000",,,,,,260622,
tildeseoul.co.kr,false,,틸데서울,,,,,https://tildeseoul.co.kr/product/detail.html?product_no=4079,*추천* 컨트리 빈티지 체크 레이스 원피스 2color,,,https://tildeseoul.co.kr/web/product/medium/202606/ec24730d336a97b6c8c7603929da4ad0.gif,,,,,"₩37,500","₩37,500",,,,,,260622,
tildeseoul.co.kr,false,,틸데서울,,,,,https://tildeseoul.co.kr/product/detail.html?product_no=4078,*추천* 보리 레이스 펀칭 5부 블라우스 3color,,,https://tildeseoul.co.kr/web/product/medium/202606/0e553ef18fedd77452e8eb02daba5383.gif,,,,,"₩33,500","₩33,500",,,,,,260622,
tildeseoul.co.kr,false,,틸데서울,,,,,https://tildeseoul.co.kr/product/detail.html?product_no=4077,로하 빈티지 패턴 밴딩 롱 스커트 2color,,,https://tildeseoul.co.kr/web/product/medium/202606/c3020c9ddb25f39aa5cca1951613922f.gif,,,,,"₩45,500","₩45,500",,,,,,260622,
tildeseoul.co.kr,false,,틸데서울,,,,,https://tildeseoul.co.kr/product/detail.html?product_no=4076,니나 빈티지 크롭 뜨개 볼레로 가디건 2color,,,https://tildeseoul.co.kr/web/product/medium/202606/6a47d27cea4061cad300d0a7d3686b5d.gif,,,,,"₩21,500","₩21,500",,,,,,260622,
tildeseoul.co.kr,false,,틸데서울,,,,,https://tildeseoul.co.kr/product/detail.html?product_no=4075,룬룬 빈티지 플라워 레이스 더블 나시 2color,,,https://tildeseoul.co.kr/web/product/medium/202606/6053763473822564a3daa04355dba72d.gif,,,,,"₩34,500","₩34,500",,,,,,260622,
tildeseoul.co.kr,false,,틸데서울,,,,,https://tildeseoul.co.kr/product/detail.html?product_no=4074,호아킨 프릴 스트링 맥시 와이드 팬츠 2color,,,https://tildeseoul.co.kr/web/product/medium/202606/350954061434c7083c93aa6c45a91296.gif,,,,,"₩48,800","₩48,800",,,,,,260622,
tildeseoul.co.kr,false,,틸데서울,,,,,https://tildeseoul.co.kr/product/detail.html?product_no=4073,*set가능* 아돌 플리츠 밴딩 미디 스커트 2color,,,https://tildeseoul.co.kr/web/product/medium/202606/f83b3cbda349a3b5e903b439c91a1aa6.gif,,,,,"₩43,900","₩43,900",,,,,,260622,
tildeseoul.co.kr,false,,틸데서울,,,,,https://tildeseoul.co.kr/product/detail.html?product_no=4072,*set가능* 아돌 프릴 크롭 반팔 자켓 2color,,,https://tildeseoul.co.kr/web/product/medium/202606/0bd1be3416bdf9574af152ac42fd97b3.gif,,,,,"₩62,500","₩62,500",,,,,,260622,
tildeseoul.co.kr,false,,틸데서울,,,,,https://tildeseoul.co.kr/product/detail.html?product_no=4071,키키 버튼 유넥 빈티지 나시 3color,,,https://tildeseoul.co.kr/web/product/medium/202606/720eec1b4b3f4023da373436d4c63592.gif,,,,,"₩32,600","₩32,600",,,,,,260622,
tildeseoul.co.kr,false,,틸데서울,,,,,https://tildeseoul.co.kr/product/detail.html?product_no=4070,블린 보헤미안 슬림핏 미니 원피스 2color,,,https://tildeseoul.co.kr/web/product/medium/202606/e977e297d16d1678567c872a5437dc58.gif,,,,,"₩36,000","₩36,000",,,,,,260622,
tildeseoul.co.kr,false,,틸데서울,,,,,https://tildeseoul.co.kr/product/detail.html?product_no=4069,키탐 린넨 프릴 와이드 버뮤다 팬츠 2color,,,https://tildeseoul.co.kr/web/product/medium/202606/7f8094876bebd7dac04c957067045863.gif,,,,,"₩36,000","₩36,000",,,,,,260622,
tildeseoul.co.kr,false,,틸데서울,,,,,https://tildeseoul.co.kr/product/detail.html?product_no=4068,*핏보장* 하니 셔링 브이넥 모달 반팔 티셔츠 2color,,,https://tildeseoul.co.kr/web/product/medium/202606/c5dcfdbaa02ffe6cee0e6bc180355a2e.gif,,,,,"₩32,800","₩32,800",,,,,,260622,
tildeseoul.co.kr,false,,틸데서울,,,,,https://tildeseoul.co.kr/product/detail.html?product_no=4067,피스 도트 쉬폰 롱 스카프,,,https://tildeseoul.co.kr/web/product/medium/202606/d480e2e16619d68489d40eb8e5ca16fd.gif,,,,,"₩14,000","₩14,000",,,,,,260622,
tildeseoul.co.kr,false,,틸데서울,,,,,https://tildeseoul.co.kr/product/detail.html?product_no=4066,아토 데님 숏 랩 팬츠 스커트,,,https://tildeseoul.co.kr/web/product/medium/202606/cd180151ca70f2179a9cc5d2eabbcdcb.gif,,,,,"₩38,300","₩38,300",,,,,,260622,
tildeseoul.co.kr,false,,틸데서울,,,,,https://tildeseoul.co.kr/product/detail.html?product_no=4065,요거트 배색 캉캉 미니 스커트 2color,,,https://tildeseoul.co.kr/web/product/medium/202606/5f10433296403a7dd8ee09539783f9ca.gif,,,,,"₩37,000","₩37,000",,,,,,260622,
tildeseoul.co.kr,false,,틸데서울,,,,,https://tildeseoul.co.kr/product/detail.html?product_no=4064,아이스 쿨링 8부 부츠컷 레깅스 3color,,,https://tildeseoul.co.kr/web/product/medium/202606/2193927d33c2586f439c81b6cd870d87.gif,,,,,"₩19,900","₩19,900",,,,,,260622,
tildeseoul.co.kr,false,,틸데서울,,,,,https://tildeseoul.co.kr/product/detail.html?product_no=4063,비안 레이스 텐셀 마이크로 숏 속바지 5color,,,https://tildeseoul.co.kr/web/product/medium/202606/f9e94ff621d75d8ba67c9903c507def4.gif,,,,,"₩29,800","₩29,800",,,,,,260622,
tildeseoul.co.kr,false,,틸데서울,,,,,https://tildeseoul.co.kr/product/detail.html?product_no=4062,*unisex 핏보장* 포드 단가라 링클 와이드 밴딩 팬츠 4color,,,https://tildeseoul.co.kr/web/product/medium/202606/c03f6d25d97f423de23f7a8ba71d1163.gif,,,,,"₩37,500","₩37,500",,,,,,260622,
tildeseoul.co.kr,false,,틸데서울,,,,,https://tildeseoul.co.kr/product/detail.html?product_no=4061,루니 플라워 네트 오프숄더 니트 4color,,,https://tildeseoul.co.kr/web/product/medium/202606/c9ec1fbcaae9a10a437260d89bebf9c6.gif,,,,,"₩46,800","₩46,800",,,,,,260622,
tildeseoul.co.kr,false,,틸데서울,,,,,https://tildeseoul.co.kr/product/detail.html?product_no=4060,*추천* 리프 타이 프릴 링클 나시 원피스 3color,,,https://tildeseoul.co.kr/web/product/medium/202606/7b21a45940dc48068582e4c70e55b86b.gif,,,,,"₩54,500","₩54,500",,,,,,260622,
tildeseoul.co.kr,false,,틸데서울,,,,,https://tildeseoul.co.kr/product/detail.html?product_no=4059,*추천* 사쿠라 레이스 7부 카프리 레깅스 4color,,,https://tildeseoul.co.kr/web/product/medium/202606/e0851729c602e29d07648e1fe38c7fa4.gif,,,,,"₩33,000","₩33,000",,,,,,260622,
tildeseoul.co.kr,false,,틸데서울,,,,,https://tildeseoul.co.kr/product/detail.html?product_no=4058,버터플 프릴 셔링 슬림핏 나시 탑 4color,,,https://tildeseoul.co.kr/web/product/medium/202606/de347c3daa940f0be87fcef4515cd7d5.gif,,,,,"₩27,900","₩27,900",,,,,,260622,
tildeseoul.co.kr,false,,틸데서울,,,,,https://tildeseoul.co.kr/product/detail.html?product_no=4057,포리 도트 백라인 레이어드 나시 2color,,,https://tildeseoul.co.kr/web/product/medium/202606/fbb4e0d607f5a4487ca88bb0ab29e766.gif,,,,,"₩35,400","₩35,400",,,,,,260622,
tildeseoul.co.kr,false,,틸데서울,,,,,https://tildeseoul.co.kr/product/detail.html?product_no=4056,*키링set* 두두 셔링 롱 스커트 2color,,,https://tildeseoul.co.kr/web/product/medium/202606/c0c3a70e70aa9a9e63f00779032f039f.gif,,,,,"₩36,900","₩36,900",,,,,,260622,
tildeseoul.co.kr,false,,틸데서울,,,,,https://tildeseoul.co.kr/product/detail.html?product_no=4055,도도 프릴 셔링 리본 레이어드 나시 4color,,,https://tildeseoul.co.kr/web/product/medium/202606/aa077a93546da202d0ec4e4ade70e4a0.gif,,,,,"₩44,900","₩44,900",,,,,,260622,
tildeseoul.co.kr,false,,틸데서울,,,,,https://tildeseoul.co.kr/product/detail.html?product_no=4054,디아 빈티지 스트랩 두건 비니 2color,,,https://tildeseoul.co.kr/web/product/medium/202606/577bd8b79b08f0d9edc159fcf78b1e37.gif,,,,,"₩25,500","₩25,500",,,,,,260622,
tildeseoul.co.kr,false,,틸데서울,,,,,https://tildeseoul.co.kr/product/detail.html?product_no=4053,콤미 리본 비니 2color,,,https://tildeseoul.co.kr/web/product/medium/202606/f39822837b44bf2326022e16bcfa40e0.gif,,,,,"₩19,000","₩19,000",,,,,,260622,
tildeseoul.co.kr,false,,틸데서울,,,,,https://tildeseoul.co.kr/product/detail.html?product_no=4052,먼트 스트랩 레이어드 나시 3color,,,https://tildeseoul.co.kr/web/product/medium/202606/31eb5143a48a0720fba38617518665ec.gif,,,,,"₩27,500","₩27,500",,,,,,260622,
tildeseoul.co.kr,false,,틸데서울,,,,,https://tildeseoul.co.kr/product/detail.html?product_no=4051,루비 큐빅 홀터 슬림 나시탑 4color,,,https://tildeseoul.co.kr/web/product/medium/202606/cc874c79c94701f6fb6fe29f6c1f18fd.gif,,,,,"₩31,000","₩31,000",,,,,,260622,
tildeseoul.co.kr,false,,틸데서울,,,,,https://tildeseoul.co.kr/product/detail.html?product_no=4050,비버 버튼 후드 나시 탑 2color,,,https://tildeseoul.co.kr/web/product/medium/202606/c0426d54eacb63900762d1f2c0c3818f.gif,,,,,"₩27,500","₩27,500",,,,,,260622,
tildeseoul.co.kr,false,,틸데서울,,,,,https://tildeseoul.co.kr/product/detail.html?product_no=4049,레이나 새틴 미디 밴딩 훌 스커트 3color,,,https://tildeseoul.co.kr/web/product/medium/202606/69c073e233be9799475bfe09ccef2722.gif,,,,,"₩42,300","₩42,300",,,,,,260622,
tildeseoul.co.kr,false,,틸데서울,,,,,https://tildeseoul.co.kr/product/detail.html?product_no=4048,베른 브이넥 단가라 프릴 7부 셔츠 2color,,,https://tildeseoul.co.kr/web/product/medium/202606/89cd9e567354d8125369b67c7e25a42c.gif,,,,,"₩47,900","₩47,900",,,,,,260622,
tildeseoul.co.kr,false,,틸데서울,,,,,https://tildeseoul.co.kr/product/detail.html?product_no=4047,(고퀄리티*) 코미 레이스 리본 코튼 미디 스커트 2color,,,https://tildeseoul.co.kr/web/product/medium/202606/9a6ed8cab9ea0fa12e07ef4d89d74d49.gif,,,,,"₩46,900","₩46,900",,,,,,260622,
tildeseoul.co.kr,false,,틸데서울,,,,,https://tildeseoul.co.kr/product/detail.html?product_no=4046,마몽 버튼 캉캉 언발 반팔 원피스 2color,,,https://tildeseoul.co.kr/web/product/medium/202606/6b8c2334a1d5de0133219877f0c1d71e.gif,,,,,"₩49,500","₩49,500",,,,,,260622,
tildeseoul.co.kr,false,,틸데서울,,,,,https://tildeseoul.co.kr/product/detail.html?product_no=4045,*추천* 버블 빈티지 레이스 캉캉 미디 스커트 2color,,,https://tildeseoul.co.kr/web/product/medium/202606/14efa2ee532719c3265c9d57763e5fc1.gif,,,,,"₩28,700","₩28,700",,,,,,260622,
tildeseoul.co.kr,false,,틸데서울,,,,,https://tildeseoul.co.kr/product/detail.html?product_no=4044,*추천* 디토 레이스 브이넥 루즈 티셔츠 3color,,,https://tildeseoul.co.kr/web/product/medium/202606/f3bf084b22a93a3a4c699621a8d85ee1.gif,,,,,"₩34,000","₩34,000",,,,,,260622,
tildeseoul.co.kr,false,,틸데서울,,,,,https://tildeseoul.co.kr/product/detail.html?product_no=4043,*핏보장* 미러 밴딩 모달 롱 스커트 4color,,,https://tildeseoul.co.kr/web/product/medium/202606/20202b1fe285c7206c2af1eea7c107ac.gif,,,,,"₩52,000","₩52,000",,,,,,260622,
tildeseoul.co.kr,false,,틸데서울,,,,,https://tildeseoul.co.kr/product/detail.html?product_no=4042,*추천* 이노 레이스 버튼 반팔 가디건 3color,,,https://tildeseoul.co.kr/web/product/medium/202606/90a763f1cbbba1214a3e60851702281b.gif,,,,,"₩35,400","₩35,400",,,,,,260622,
tildeseoul.co.kr,false,,틸데서울,,,,,https://tildeseoul.co.kr/product/detail.html?product_no=4041,(안감*) 모나 레이스 프릴 7부 카프리 팬츠 2color,,,https://tildeseoul.co.kr/web/product/medium/202606/ab82b63e398f201905a275592935763f.gif,,,,,"₩38,500","₩38,500",,,,,,260622,
tildeseoul.co.kr,false,,틸데서울,,,,,https://tildeseoul.co.kr/product/detail.html?product_no=4040,*추천* 유이 프릴 포켓 나시 탑 2color,,,https://tildeseoul.co.kr/web/product/medium/202606/ff8bd0366a7b62e91ab9ed22177cda37.gif,,,,,"₩31,500","₩31,500",,,,,,260622,
tildeseoul.co.kr,false,,틸데서울,,,,,https://tildeseoul.co.kr/product/detail.html?product_no=4039,로제 시스루 롱 레그 워머 2color,,,https://tildeseoul.co.kr/web/product/medium/202606/a9b7f361370e249380868cd0cfe09fde.gif,,,,,"₩22,900","₩22,900",,,,,,260622,
tildeseoul.co.kr,false,,틸데서울,,,,,https://tildeseoul.co.kr/product/detail.html?product_no=4038,*핏보장* 메이트 셔링 모달 슬림핏 카라티 2color,,,https://tildeseoul.co.kr/web/product/medium/202606/e8470d4d4c3c9ef688b99c88077f603f.gif,,,,,"₩34,300","₩34,300",,,,,,260622,
tildeseoul.co.kr,false,,틸데서울,,,,,https://tildeseoul.co.kr/product/detail.html?product_no=4037,(고퀄리티*) 엔젤 레이스 프릴 레이어드 원피스 2color,,,https://tildeseoul.co.kr/web/product/medium/202606/01c26d6db1bdc73b2a1394918dc058af.gif,,,,,"₩39,900","₩39,900",,,,,,260622,
tildeseoul.co.kr,false,,틸데서울,,,,,https://tildeseoul.co.kr/product/detail.html?product_no=4036,(basic*) 라무 골지 데일리 반팔 티셔츠 4color,,,https://tildeseoul.co.kr/web/product/medium/202606/f20046cb85f5d25213bd6339fe421be1.gif,,,,,"₩21,000","₩21,000",,,,,,260622,
tildeseoul.co.kr,false,,틸데서울,,,,,https://tildeseoul.co.kr/product/detail.html?product_no=4035,망고 단가라 쿨링 와이드 밴딩 팬츠 2color,,,https://tildeseoul.co.kr/web/product/medium/202606/aa4a501aa233dca0eb53d9dbe824c7ac.gif,,,,,"₩48,600","₩48,600",,,,,,260622,
tildeseoul.co.kr,false,,틸데서울,,,,,https://tildeseoul.co.kr/product/detail.html?product_no=4034,니지 빈티지 체크 배색 반팔 셔츠 2color,,,https://tildeseoul.co.kr/web/product/medium/202606/ebc949754bc09f49a944cc695dc2b679.gif,,,,,"₩38,500","₩38,500",,,,,,260622,
tildeseoul.co.kr,false,,틸데서울,,,,,https://tildeseoul.co.kr/product/detail.html?product_no=4033,"*추천,핏보장* 토모 빈티지 절개 밴딩 와이드 데님",,,https://tildeseoul.co.kr/web/product/medium/202606/8b125ee4ffe1d6053ef0ff164b962587.gif,,,,,"₩52,700","₩52,700",,,,,,260622,
tildeseoul.co.kr,false,,틸데서울,,,,,https://tildeseoul.co.kr/product/detail.html?product_no=4032,*핏보장* 블러 데미지 와이드 데님,,,https://tildeseoul.co.kr/web/product/medium/202606/1400f8628a3ce7efbd79fdb9b95ec7a0.gif,,,,,"₩38,300","₩38,300",,,,,,260622,
tildeseoul.co.kr,false,,틸데서울,,,,,https://tildeseoul.co.kr/product/detail.html?product_no=4031,티니 플라워 코튼 빅 숄더백 3color,,,https://tildeseoul.co.kr/web/product/medium/202606/a3a1bdf207b770feb35566e78406a5d0.gif,,,,,"₩32,300","₩32,300",,,,,,260622,
tildeseoul.co.kr,false,,틸데서울,,,,,https://tildeseoul.co.kr/product/detail.html?product_no=4030,*핏보장* 리틀 단가라 유넥 반팔 티셔츠 4color,,,https://tildeseoul.co.kr/web/product/medium/202606/7834df883851cf6737c4639f1d1013c1.gif,,,,,"₩34,300","₩34,300",,,,,,260622,
tildeseoul.co.kr,false,,틸데서울,,,,,https://tildeseoul.co.kr/product/detail.html?product_no=4029,*추천* 멜론 슬림 레이스 모달 나시 5color,,,https://tildeseoul.co.kr/web/product/medium/202606/dc90d958f23970bb65d8a2ed447dd198.gif,,,,,"₩34,300","₩34,300",,,,,,260622,
tildeseoul.co.kr,false,,틸데서울,,,,,https://tildeseoul.co.kr/product/detail.html?product_no=4028,러시 링클 프릴 린넨 미디 스커트 3color,,,https://tildeseoul.co.kr/web/product/medium/202606/b4aee7839ce553a911ec43c866621693.gif,,,,,"₩51,300","₩51,300",,,,,,260622,
tildeseoul.co.kr,false,,틸데서울,,,,,https://tildeseoul.co.kr/product/detail.html?product_no=4027,치로 버튼 크롭 양면 나시 3color,,,https://tildeseoul.co.kr/web/product/medium/202606/b95d9404b6700d57be2a0b03366b0ad2.gif,,,,,"₩28,800","₩28,800",,,,,,260622,
tildeseoul.co.kr,false,,틸데서울,,,,,https://tildeseoul.co.kr/product/detail.html?product_no=4026,쵸비 단가라 핀턱 비죠 7부 팬츠 3color,,,https://tildeseoul.co.kr/web/product/medium/202606/91ad3425e5b1ced46432b23ee56cefdd.gif,,,,,"₩49,800","₩49,800",,,,,,260622,
tildeseoul.co.kr,false,,틸데서울,,,,,https://tildeseoul.co.kr/product/detail.html?product_no=4025,(basic*) 플랫 버튼 슬림핏 모달 7부 티셔츠 5color,,,https://tildeseoul.co.kr/web/product/medium/202606/bb1419b32a2acaad5b94bcdecd636354.gif,,,,,"₩32,800","₩32,800",,,,,,260622,
tildeseoul.co.kr,false,,틸데서울,,,,,https://tildeseoul.co.kr/product/detail.html?product_no=4024,*추천* 비스켓 롤업 배색 코튼 숏팬츠 2color,,,https://tildeseoul.co.kr/web/product/medium/202606/b01ec134828f1d3981b978a6c428f0a0.gif,,,,,"₩44,300","₩44,300",,,,,,260622,
tildeseoul.co.kr,false,,틸데서울,,,,,https://tildeseoul.co.kr/product/detail.html?product_no=4023,에펠 셔링 랩 레이어드 나시 4color,,,https://tildeseoul.co.kr/web/product/medium/202606/f37bd586884c2af406083daede78a3b7.gif,,,,,"₩28,700","₩28,700",,,,,,260622,
tildeseoul.co.kr,false,,틸데서울,,,,,https://tildeseoul.co.kr/product/detail.html?product_no=4022,*추천* 그로밋 단가라 밴딩 카프리 팬츠 3color,,,https://tildeseoul.co.kr/web/product/medium/202606/ae0d9b10ac2173e36b233fd0b50d1931.gif,,,,,"₩31,500","₩31,500",,,,,,260622,
tildeseoul.co.kr,false,,틸데서울,,,,,https://tildeseoul.co.kr/product/detail.html?product_no=4021,보브 레이스 밴딩 미디 스커트 3color,,,https://tildeseoul.co.kr/web/product/medium/202606/d728a5cf070ffc3e8e965941c08ec6f7.gif,,,,,"₩31,500","₩31,500",,,,,,260622,
tildeseoul.co.kr,false,,틸데서울,,,,,https://tildeseoul.co.kr/product/detail.html?product_no=4020,멀린 도트 유넥 셔링 티셔츠 2color,,,https://tildeseoul.co.kr/web/product/medium/202606/b78cc60e8b34eea0faeed8e4f424a843.gif,,,,,"₩39,800","₩39,800",,,,,,260622,
tildeseoul.co.kr,false,,틸데서울,,,,,https://tildeseoul.co.kr/product/detail.html?product_no=4019,누피 버튼 천연석 포인트 팔찌 4color,,,https://tildeseoul.co.kr/web/product/medium/202605/6776c0915641d9b10a8e4d6eed525955.gif,,,,,"₩17,900","₩17,900",,,,,,260622,
tildeseoul.co.kr,false,,틸데서울,,,,,https://tildeseoul.co.kr/product/detail.html?product_no=4018,*세트 선택* 몽드 비즈 원석 반지 팔찌 세트,,,https://tildeseoul.co.kr/web/product/medium/202605/357c15b96d38a9246a03cd9638bc345e.gif,,,,,"₩21,000","₩21,000",,,,,,260622,
tildeseoul.co.kr,false,,틸데서울,,,,,https://tildeseoul.co.kr/product/detail.html?product_no=4017,커비 우드 스타 비즈 목걸이,,,https://tildeseoul.co.kr/web/product/medium/202605/ae25cd2a52e176be7ceaf6a36bc5f3c2.gif,,,,,"₩21,000","₩21,000",,,,,,260622,
tildeseoul.co.kr,false,,틸데서울,,,,,https://tildeseoul.co.kr/product/detail.html?product_no=4016,베리 펀칭 프릴 버튼 나시 3color,,,https://tildeseoul.co.kr/web/product/medium/202605/4bc8115fceacb2a7f849359a7c808091.gif,,,,,"₩31,000","₩31,000",,,,,,260622,
tildeseoul.co.kr,false,,틸데서울,,,,,https://tildeseoul.co.kr/product/detail.html?product_no=4015,블룸 시스루 프릴 레이어드 미디 스커트 3color,,,https://tildeseoul.co.kr/web/product/medium/202605/0646847aaf3790f4766891cb3fd01ca7.gif,,,,,"₩37,300","₩37,300",,,,,,260622,
tildeseoul.co.kr,false,,틸데서울,,,,,https://tildeseoul.co.kr/product/detail.html?product_no=4014,아이린 플라워 미디 플레어 스커트 2color,,,https://tildeseoul.co.kr/web/product/medium/202605/d933df6ebb81e0bc132b16f35addef57.gif,,,,,"₩42,800","₩42,800",,,,,,260622,
tildeseoul.co.kr,false,,틸데서울,,,,,https://tildeseoul.co.kr/product/detail.html?product_no=4013,"*추천,국내생산* 스카치 빈티지 버튼 체크 반팔 블라우스 2color",,,https://tildeseoul.co.kr/web/product/medium/202605/c7f09dbb90d828b93d68e9e5e5300792.gif,,,,,"₩47,200","₩47,200",,,,,,260622,
tildeseoul.co.kr,false,,틸데서울,,,,,https://tildeseoul.co.kr/product/detail.html?product_no=4012,*추천* 쿠바 스티치 빈티지 캠프캡 2color,,,https://tildeseoul.co.kr/web/product/medium/202605/32e3565d2c8e43825e2597c4754e0a4e.gif,,,,,"₩24,000","₩24,000",,,,,,260622,
tildeseoul.co.kr,false,,틸데서울,,,,,https://tildeseoul.co.kr/product/detail.html?product_no=4011,"(퀄리티,카프리 가능*) 매트 빈티지 y2k 스트레이트 카고 팬츠 3color",,,https://tildeseoul.co.kr/web/product/medium/202605/7a4478c84e21f03843c98358e9f2b5a7.gif,,,,,"₩69,900","₩69,900",,,,,,260622,
tildeseoul.co.kr,false,,틸데서울,,,,,https://tildeseoul.co.kr/product/detail.html?product_no=4010,휴스 단가라 스트랩 오프숄더 티셔츠 2color,,,https://tildeseoul.co.kr/web/product/medium/202605/d3887e03b375e6a5f84924e8d12cac01.gif,,,,,"₩34,300","₩34,300",,,,,,260622,
tildeseoul.co.kr,false,,틸데서울,,,,,https://tildeseoul.co.kr/product/detail.html?product_no=4009,보보 히피 네트 프린지 나시 롱 원피스,,,https://tildeseoul.co.kr/web/product/medium/202605/ba50ea204030faf9456a97217b0f0bdc.gif,,,,,"₩47,200","₩47,200",,,,,,260622,
tildeseoul.co.kr,false,,틸데서울,,,,,https://tildeseoul.co.kr/product/detail.html?product_no=4008,*추천* 프레 데일리 쭈리 버뮤다 팬츠 4color,,,https://tildeseoul.co.kr/web/product/medium/202605/e50fc161d23115bd6e6d7ab0702e868e.gif,,,,,"₩33,000","₩33,000",,,,,,260622,
tildeseoul.co.kr,false,,틸데서울,,,,,https://tildeseoul.co.kr/product/detail.html?product_no=4007,(퀄리티*) 티아라 레이스 캉캉 미디 스커트 2color,,,https://tildeseoul.co.kr/web/product/medium/202605/c827b4b2142a976820a8f77ebe17a1c5.gif,,,,,"₩64,000","₩64,000",,,,,,260622,
tildeseoul.co.kr,false,,틸데서울,,,,,https://tildeseoul.co.kr/product/detail.html?product_no=4006,코멧 더블 하이넥 반팔 자켓 2color,,,https://tildeseoul.co.kr/web/product/medium/202605/eb246b6ff5e06bdb932cb7837e684e37.gif,,,,,"₩52,800","₩52,800",,,,,,260622,
tildeseoul.co.kr,false,,틸데서울,,,,,https://tildeseoul.co.kr/product/detail.html?product_no=4005,딜로 단가라 버튼 슬림 부츠컷 팬츠,,,https://tildeseoul.co.kr/web/product/medium/202605/2e72180f9d1ba0b8ca317a51ad048f56.gif,,,,,"₩36,000","₩36,000",,,,,,260622,
tildeseoul.co.kr,false,,틸데서울,,,,,https://tildeseoul.co.kr/product/detail.html?product_no=4004,랜들 단가라 배색 슬림 나시 3color,,,https://tildeseoul.co.kr/web/product/medium/202605/1a67816e6d8c9477c80bfbb4fa09206e.gif,,,,,"₩19,900","₩19,900",,,,,,260622,
tildeseoul.co.kr,false,,틸데서울,,,,,https://tildeseoul.co.kr/product/detail.html?product_no=4003,헤릿 버튼 포켓 반팔 가디건 3color,,,https://tildeseoul.co.kr/web/product/medium/202605/efbfb32215af90d2949ce6a696c8b8e4.gif,,,,,"₩37,000","₩37,000",,,,,,260622,
tildeseoul.co.kr,false,,틸데서울,,,,,https://tildeseoul.co.kr/product/detail.html?product_no=4002,말리부 레이스 브이넥 레이어드 원피스 3color,,,https://tildeseoul.co.kr/web/product/medium/202605/60f06d745a2d4bbbf7cd90cad0815533.gif,,,,,"₩40,500","₩40,500",,,,,,260622,
tildeseoul.co.kr,false,,틸데서울,,,,,https://tildeseoul.co.kr/product/detail.html?product_no=4001,(basic*) 테터 데일리 스트레이트 롤업 데님,,,https://tildeseoul.co.kr/web/product/medium/202605/decd8535642bde3cebc45ae0fbac29df.gif,,,,,"₩37,300","₩37,300",,,,,,260622,
tildeseoul.co.kr,false,,틸데서울,,,,,https://tildeseoul.co.kr/product/detail.html?product_no=4000,(논페이드*) 아론 생지 다트 펌킨 숏팬츠,,,https://tildeseoul.co.kr/web/product/medium/202605/b1501d1d76186f99f31fd1d62fb4b69d.gif,,,,,"₩35,900","₩35,900",,,,,,260622,
tildeseoul.co.kr,false,,틸데서울,,,,,https://tildeseoul.co.kr/product/detail.html?product_no=3999,(여행룩🤍) 모네 에스닉 포인트 크롭 나시,,,https://tildeseoul.co.kr/web/product/medium/202605/4655f53b3003cb826bbf75f87be828f8.gif,,,,,"₩44,200","₩44,200",,,,,,260622,
tildeseoul.co.kr,false,,틸데서울,,,,,https://tildeseoul.co.kr/product/detail.html?product_no=3998,*추천* 쿠스 백라인 코튼 루즈 반팔 티셔츠 4color,,,https://tildeseoul.co.kr/web/product/medium/202605/673afa332e08d0b81098cfed08855b9b.gif,,,,,"₩35,900","₩35,900",,,,,,260622,
tildeseoul.co.kr,false,,틸데서울,,,,,https://tildeseoul.co.kr/product/detail.html?product_no=3997,"*unisex,살안타템* 타미 단가라 루즈 티셔츠 4color",,,https://tildeseoul.co.kr/web/product/medium/202605/3df467e57e39300e6c183fad68db340f.gif,,,,,"₩24,800","₩24,800",,,,,,260622,
tildeseoul.co.kr,false,,틸데서울,,,,,https://tildeseoul.co.kr/product/detail.html?product_no=3996,노마 브이넥 단가라 레이스 후드티 3color,,,https://tildeseoul.co.kr/web/product/medium/202605/fc093570e7ea2466cb6d826dd823d3ef.gif,,,,,"₩32,600","₩32,600",,,,,,260622,
tildeseoul.co.kr,false,,틸데서울,,,,,https://tildeseoul.co.kr/product/detail.html?product_no=3995,레몬 레이스 미디 절개 밴딩 스커트 3color,,,https://tildeseoul.co.kr/web/product/medium/202605/7a7035e16a5b0991c3fb39a82be93f23.gif,,,,,"₩41,800","₩41,800",,,,,,260622,
tildeseoul.co.kr,false,,틸데서울,,,,,https://tildeseoul.co.kr/product/detail.html?product_no=3994,아이리스 빈티지 밴딩 롱 체크 스커트 3color,,,https://tildeseoul.co.kr/web/product/medium/202605/86ec722a1bb466ed424657fdb918574a.gif,,,,,"₩44,800","₩44,800",,,,,,260622,
tildeseoul.co.kr,false,,틸데서울,,,,,https://tildeseoul.co.kr/product/detail.html?product_no=3993,모나카 레이스 시스루 7부 티셔츠 3color,,,https://tildeseoul.co.kr/web/product/medium/202605/6ff14925dde39db752e04356408ebbe2.gif,,,,,"₩38,500","₩38,500",,,,,,260622,
tildeseoul.co.kr,false,,틸데서울,,,,,https://tildeseoul.co.kr/product/detail.html?product_no=3992,*핏보장* 프리 데일리 와이드 밴딩 팬츠 3color,,,https://tildeseoul.co.kr/web/product/medium/202605/9582e750dca83f8c25903a86f470b134.gif,,,,,"₩51,500","₩51,500",,,,,,260622,
tildeseoul.co.kr,false,,틸데서울,,,,,https://tildeseoul.co.kr/product/detail.html?product_no=3991,*추천* 톰즈 롤업 코튼 포켓 반팔 셔츠 2color,,,https://tildeseoul.co.kr/web/product/medium/202605/d0ae2ec77cacd0c7a186ab8154469bc5.gif,,,,,"₩38,500","₩38,500",,,,,,260622,
tildeseoul.co.kr,false,,틸데서울,,,,,https://tildeseoul.co.kr/product/detail.html?product_no=3990,제티 체크 오프숄더 프릴 블라우스 2color,,,https://tildeseoul.co.kr/web/product/medium/202605/36fdb0ca743d922d01072fe40c9e9785.gif,,,,,"₩39,700","₩39,700",,,,,,260622,
tildeseoul.co.kr,false,,틸데서울,,,,,https://tildeseoul.co.kr/product/detail.html?product_no=3989,원스 체크 스트링 벌룬 와이드 팬츠 2color,,,https://tildeseoul.co.kr/web/product/medium/202605/a07d6a33e0b4c5a6d9b16be5b829c2bb.gif,,,,,"₩44,800","₩44,800",,,,,,260622,
tildeseoul.co.kr,false,,틸데서울,,,,,https://tildeseoul.co.kr/product/detail.html?product_no=3988,*추천* 미에 레이어드 빈티지 나시 2color,,,https://tildeseoul.co.kr/web/product/medium/202605/81ad45e0b13aa8c00192bd5402f051bd.gif,,,,,"₩44,500","₩44,500",,,,,,260622,
tildeseoul.co.kr,false,,틸데서울,,,,,https://tildeseoul.co.kr/product/detail.html?product_no=3987,우디 에스닉 빈티지 숄더백 2color,,,https://tildeseoul.co.kr/web/product/medium/202605/20a68aec7e685f2b6cdf9bc7772d3a7d.gif,,,,,"₩34,000","₩34,000",,,,,,260622,
tildeseoul.co.kr,false,,틸데서울,,,,,https://tildeseoul.co.kr/product/detail.html?product_no=3986,에리카 홀터 랩 나시 3color,,,https://tildeseoul.co.kr/web/product/medium/202605/e97aac4d81f8a5822bd72f30a2c32096.gif,,,,,"₩28,300","₩28,300",,,,,,260622,
tildeseoul.co.kr,false,,틸데서울,,,,,https://tildeseoul.co.kr/product/detail.html?product_no=3985,러브 레이스 배색 고리 레그워머 4color,,,https://tildeseoul.co.kr/web/product/medium/202605/50a91e91d16a1d64171cfbc339523494.gif,,,,,"₩28,800","₩28,800",,,,,,260622,
tildeseoul.co.kr,false,,틸데서울,,,,,https://tildeseoul.co.kr/product/detail.html?product_no=3984,(속바지*) 유코 패치 캉캉 미니 스커트,,,https://tildeseoul.co.kr/web/product/medium/202605/3ba7d32a11710cf77f55c9444b68f188.gif,,,,,"₩25,600","₩25,600",,,,,,260622,
tildeseoul.co.kr,false,,틸데서울,,,,,https://tildeseoul.co.kr/product/detail.html?product_no=3983,오디 레이스 스트랩 밴딩 블라우스 2color,,,https://tildeseoul.co.kr/web/product/medium/202605/bcc1b5a654abc5dda9504393abfeb99e.gif,,,,,"₩41,300","₩41,300",,,,,,260622,
tildeseoul.co.kr,false,,틸데서울,,,,,https://tildeseoul.co.kr/product/detail.html?product_no=3982,호프 스터트 랩 반바지 2color,,,https://tildeseoul.co.kr/web/product/medium/202605/473cdb944939f8d48e307bd74d713b61.gif,,,,,"₩32,500","₩32,500",,,,,,260622,
tildeseoul.co.kr,false,,틸데서울,,,,,https://tildeseoul.co.kr/product/detail.html?product_no=3981,*추천* 모마 셔링 린넨 벌룬 나시 3color,,,https://tildeseoul.co.kr/web/product/medium/202605/d2dcbf3bdf83c864c3f948bb7294d8b1.gif,,,,,"₩40,500","₩40,500",,,,,,260622,
tildeseoul.co.kr,false,,틸데서울,,,,,https://tildeseoul.co.kr/product/detail.html?product_no=3980,도키 버튼 퍼프 반팔 티셔츠 3color,,,https://tildeseoul.co.kr/web/product/medium/202605/5086098c25454bb86fac607b11c7be41.gif,,,,,"₩26,000","₩26,000",,,,,,260622,
tildeseoul.co.kr,false,,틸데서울,,,,,https://tildeseoul.co.kr/product/detail.html?product_no=3979,라임 레이스 레이어드 슬립 원피스 3color,,,https://tildeseoul.co.kr/web/product/medium/202605/a84ac0f6c61fa1326d7d0846f3d10b29.gif,,,,,"₩38,800","₩38,800",,,,,,260622,
tildeseoul.co.kr,false,,틸데서울,,,,,https://tildeseoul.co.kr/product/detail.html?product_no=3978,빈티지 로우라이즈 코튼 숏팬츠 2color,,,https://tildeseoul.co.kr/web/product/medium/202605/bb3fc2a32f2a30e530d5672dd4604c26.gif,,,,,"₩41,500","₩41,500",,,,,,260622,
tildeseoul.co.kr,false,,틸데서울,,,,,https://tildeseoul.co.kr/product/detail.html?product_no=3977,*추천* 미유 유넥 버튼 슬림핏 반팔티 4color,,,https://tildeseoul.co.kr/web/product/medium/202605/a41581091bb16fa52ab7d25e1a8a4cf4.gif,,,,,"₩38,800","₩38,800",,,,,,260622,
tildeseoul.co.kr,false,,틸데서울,,,,,https://tildeseoul.co.kr/product/detail.html?product_no=3976,도브 레이스 시스루 레이어드 뷔스티에 3color,,,https://tildeseoul.co.kr/web/product/medium/202605/84a38ceac6b921ed0d204d7fde658146.gif,,,,,"₩23,600","₩23,600",,,,,,260622,
tildeseoul.co.kr,false,,틸데서울,,,,,https://tildeseoul.co.kr/product/detail.html?product_no=3975,사야 플라워 쉬폰 롱 스카프 3color,,,https://tildeseoul.co.kr/web/product/medium/202605/05ce9b6e01f00bcb69143bafadeca589.gif,,,,,"₩20,500","₩20,500",,,,,,260622,
tildeseoul.co.kr,false,,틸데서울,,,,,https://tildeseoul.co.kr/product/detail.html?product_no=3974,(살안타템*) 유이 린넨 골지 브이넥 가디건 5color,,,https://tildeseoul.co.kr/web/product/medium/202605/95311998f27327a17b64905394c3e25d.gif,,,,,"₩38,500","₩38,500",,,,,,260622,
tildeseoul.co.kr,false,,틸데서울,,,,,https://tildeseoul.co.kr/product/detail.html?product_no=3973,(basic*) 파브 데일리 텐셀 나시 8color,,,https://tildeseoul.co.kr/web/product/medium/202605/3133d7880dac7fbbc5e3d9bc7bce59a3.gif,,,,,"₩21,000","₩21,000",,,,,,260622,
tildeseoul.co.kr,false,,틸데서울,,,,,https://tildeseoul.co.kr/product/detail.html?product_no=3972,*추천* 앨리스 프릴 도트 숄더백,,,https://tildeseoul.co.kr/web/product/medium/202605/9dd7504bc3a47ec1e22b22b5a0f9e2df.gif,,,,,"₩25,500","₩25,500",,,,,,260622,
tildeseoul.co.kr,false,,틸데서울,,,,,https://tildeseoul.co.kr/product/detail.html?product_no=3971,코아 단가라 벌룬 밴딩 팬츠 2color,,,https://tildeseoul.co.kr/web/product/medium/202605/8f207d37e89593c7e6de79158ac3ce67.gif,,,,,"₩56,400","₩56,400",,,,,,260622,
tildeseoul.co.kr,false,,틸데서울,,,,,https://tildeseoul.co.kr/product/detail.html?product_no=3970,이토 버튼 린넨 헤어밴드 2color,,,https://tildeseoul.co.kr/web/product/medium/202605/e031ab4bada1ab124baac99adc278b1a.gif,,,,,"₩19,900","₩19,900",,,,,,260622,
tildeseoul.co.kr,false,,틸데서울,,,,,https://tildeseoul.co.kr/product/detail.html?product_no=3969,히카 버튼 원숄더 레이어드 나시 2color,,,https://tildeseoul.co.kr/web/product/medium/202605/6add816b49fb41723343cc072c8f31cb.gif,,,,,"₩29,500","₩29,500",,,,,,260622,
tildeseoul.co.kr,false,,틸데서울,,,,,https://tildeseoul.co.kr/product/detail.html?product_no=3968,밀러 단가라 스트링 와이드 팬츠 3color,,,https://tildeseoul.co.kr/web/product/medium/202605/c75709a88b3eccef82fab68cf2a59d5f.gif,,,,,"₩51,600","₩51,600",,,,,,260622,
tildeseoul.co.kr,false,,틸데서울,,,,,https://tildeseoul.co.kr/product/detail.html?product_no=3967,켈리 배색 셔링 나시 탑 3color,,,https://tildeseoul.co.kr/web/product/medium/202605/7fe520e45eb37e0c3fa5632fcd25979a.gif,,,,,"₩33,500","₩33,500",,,,,,260622,
tildeseoul.co.kr,false,,틸데서울,,,,,https://tildeseoul.co.kr/product/detail.html?product_no=3966,자스민 더블 버튼 플리츠 롱스커트 3color,,,https://tildeseoul.co.kr/web/product/medium/202605/a2cf9bfdbdc53d61cd7ace74711a51e7.gif,,,,,"₩41,500","₩41,500",,,,,,260622,
tildeseoul.co.kr,false,,틸데서울,,,,,https://tildeseoul.co.kr/product/detail.html?product_no=3965,코모 키치 크롭 나시탑 3color,,,https://tildeseoul.co.kr/web/product/medium/202605/2ca186d64562154b61203c8fe249d8cd.gif,,,,,"₩28,300","₩28,300",,,,,,260622,
tildeseoul.co.kr,false,,틸데서울,,,,,https://tildeseoul.co.kr/product/detail.html?product_no=3964,콜리 프릴 플라워 미디 스커트 2color,,,https://tildeseoul.co.kr/web/product/medium/202605/f669918e5b36b4c8ef2a179a92f887d5.gif,,,,,"₩39,800","₩39,800",,,,,,260622,
tildeseoul.co.kr,false,,틸데서울,,,,,https://tildeseoul.co.kr/product/detail.html?product_no=3963,홀리 단가라 프릴 레이어드 나시 3color,,,https://tildeseoul.co.kr/web/product/medium/202605/39f3f9abb3e348809dd120cbb66834b4.gif,,,,,"₩37,800","₩37,800",,,,,,260622,
tildeseoul.co.kr,false,,틸데서울,,,,,https://tildeseoul.co.kr/product/detail.html?product_no=3962,(체형보정*) 허쉬 플리츠 버튼 맥시 스커트 2color,,,https://tildeseoul.co.kr/web/product/medium/202605/cd35e4d819fb2c3010dbc65818d5ec48.gif,,,,,"₩50,500","₩50,500",,,,,,260622,
tildeseoul.co.kr,false,,틸데서울,,,,,https://tildeseoul.co.kr/product/detail.html?product_no=3961,*추천* 모먼트 포켓 핀턱 블라우스 3color,,,https://tildeseoul.co.kr/web/product/medium/202605/9c6058e0cdda0e6ded8c2c045b559df0.gif,,,,,"₩44,500","₩44,500",,,,,,260622,
tildeseoul.co.kr,false,,틸데서울,,,,,https://tildeseoul.co.kr/product/detail.html?product_no=3960,*핏보장* 애드 밴딩 코튼 부츠컷 팬츠 3color,,,https://tildeseoul.co.kr/web/product/medium/202605/116cd88684b4998cf3ce1299ef3a7f78.gif,,,,,"₩37,800","₩37,800",,,,,,260622,
tildeseoul.co.kr,false,,틸데서울,,,,,https://tildeseoul.co.kr/product/detail.html?product_no=3959,헨느 플라워 버튼 반팔 티셔츠 3color,,,https://tildeseoul.co.kr/web/product/medium/202605/98ef831a102eced2b54fd25256f7d932.gif,,,,,"₩29,900","₩29,900",,,,,,260622,
tildeseoul.co.kr,false,,틸데서울,,,,,https://tildeseoul.co.kr/product/detail.html?product_no=3958,윌리 버튼 9부 카프리 레깅스 3color,,,https://tildeseoul.co.kr/web/product/medium/202605/31dd47aac6f675e7794e52d5e56a0b92.gif,,,,,"₩34,500","₩34,500",,,,,,260622,
tildeseoul.co.kr,false,,틸데서울,,,,,https://tildeseoul.co.kr/product/detail.html?product_no=3957,케일 웨이브 랩 롱스커트 2color,,,https://tildeseoul.co.kr/web/product/medium/202605/f593a8b3cc8ed11ff8806a1598b2cadf.gif,,,,,"₩32,800","₩32,800",,,,,,260622,
tildeseoul.co.kr,false,,틸데서울,,,,,https://tildeseoul.co.kr/product/detail.html?product_no=3956,(살안타템*) 로로 배색 나그랑 롤업 티셔츠 2color,,,https://tildeseoul.co.kr/web/product/medium/202605/d4f969db0d21e1eef7d4a1f4b9db37cb.gif,,,,,"₩32,800","₩32,800",,,,,,260622,
tildeseoul.co.kr,false,,틸데서울,,,,,https://tildeseoul.co.kr/product/detail.html?product_no=3955,*추천* 유엘 셔링 루즈 모달 후드 집업 3color,,,https://tildeseoul.co.kr/web/product/medium/202605/a680aadde8c65c5057765fe3ed1f9e43.gif,,,,,"₩64,500","₩64,500",,,,,,260622,
tildeseoul.co.kr,false,,틸데서울,,,,,https://tildeseoul.co.kr/product/detail.html?product_no=3954,*추천* 마린 스트라이프 레이스 롱 스커트,,,https://tildeseoul.co.kr/web/product/medium/202605/6f8a15cfbe3a80da9065409f8382060a.gif,,,,,"₩31,000","₩31,000",,,,,,260622,
tildeseoul.co.kr,false,,틸데서울,,,,,https://tildeseoul.co.kr/product/detail.html?product_no=3953,소라 비즈 레이스 포인트 끈 벨트 2color,,,https://tildeseoul.co.kr/web/product/medium/202605/29907ef7eeacbf8d2edb5164612dd9fc.gif,,,,,"₩22,500","₩22,500",,,,,,260622,
tildeseoul.co.kr,false,,틸데서울,,,,,https://tildeseoul.co.kr/product/detail.html?product_no=3952,*체형보정* 무디 레이스 로우 와이드 데님 팬츠,,,https://tildeseoul.co.kr/web/product/medium/202605/30ce18c648d330fcb438e7c3ba432d5b.gif,,,,,"₩63,000","₩63,000",,,,,,260622,
tildeseoul.co.kr,false,,틸데서울,,,,,https://tildeseoul.co.kr/product/detail.html?product_no=3951,디어 골지 백라인 크롭 나시 5color,,,https://tildeseoul.co.kr/web/product/medium/202605/002476459b4ea7d97f5f4aa42104ac1c.gif,,,,,"₩23,500","₩23,500",,,,,,260622,
tildeseoul.co.kr,false,,틸데서울,,,,,https://tildeseoul.co.kr/product/detail.html?product_no=3950,베케이션 빈티지 뜨개 숄더백 2color,,,https://tildeseoul.co.kr/web/product/medium/202605/84cddb9db4c81abffcf4a2b14d1fe241.gif,,,,,"₩27,800","₩27,800",,,,,,260622,
tildeseoul.co.kr,false,,틸데서울,,,,,https://tildeseoul.co.kr/product/detail.html?product_no=3949,리콧 플라워 프릴 카프리 레깅스 2color,,,https://tildeseoul.co.kr/web/product/medium/202605/051ac80870896a11531f3d5945cf46b8.gif,,,,,"₩40,500","₩40,500",,,,,,260622,
tildeseoul.co.kr,false,,틸데서울,,,,,https://tildeseoul.co.kr/product/detail.html?product_no=3948,(체형보정*) 도나 셔링 프릴 반팔 후드티 2color,,,https://tildeseoul.co.kr/web/product/medium/202605/f20da950bfaf29d7f57e69f853c61e8d.gif,,,,,"₩37,800","₩37,800",,,,,,260622,
tildeseoul.co.kr,false,,틸데서울,,,,,https://tildeseoul.co.kr/product/detail.html?product_no=3947,봄브 빈티지 쉬폰 플라워 미디 스커트 2color,,,https://tildeseoul.co.kr/web/product/medium/202605/1260d373735692903e88e950cec1c8b5.gif,,,,,"₩25,800","₩25,800",,,,,,260622,
tildeseoul.co.kr,false,,틸데서울,,,,,https://tildeseoul.co.kr/product/detail.html?product_no=3946,(퀄리티*) 키라 꼬임 레이스 나시 3color,,,https://tildeseoul.co.kr/web/product/medium/202605/98c3076540251e8ed304fb6c02a1e19b.gif,,,,,"₩34,500","₩34,500",,,,,,260622,
tildeseoul.co.kr,false,,틸데서울,,,,,https://tildeseoul.co.kr/product/detail.html?product_no=3945,(1+1) 데일리 스판 베이직 나시 탑 6color,,,https://tildeseoul.co.kr/web/product/medium/202605/70eac0564670fd60180c8961d7351673.gif,,,,,"₩18,700","₩18,700",,,,,,260622,
tildeseoul.co.kr,false,,틸데서울,,,,,https://tildeseoul.co.kr/product/detail.html?product_no=3944,비비 링클 여름 롱 스카프 4color,,,https://tildeseoul.co.kr/web/product/medium/202605/4c1d4f7312653011a6c1324e0ac23bd0.gif,,,,,"₩14,800","₩14,800",,,,,,260622,
tildeseoul.co.kr,false,,틸데서울,,,,,https://tildeseoul.co.kr/product/detail.html?product_no=3943,타미 단가라 크롭 원숄더 반팔티 2color,,,https://tildeseoul.co.kr/web/product/medium/202605/e36457e6cd31ac23b5aa12f5897f44cc.gif,,,,,"₩28,800","₩28,800",,,,,,260622,
tildeseoul.co.kr,false,,틸데서울,,,,,https://tildeseoul.co.kr/product/detail.html?product_no=3942,라보 에스닉 레이스 후드 가디건 2color,,,https://tildeseoul.co.kr/web/product/medium/202605/caa15450bd91a3c908448ae30b93456d.gif,,,,,"₩52,000","₩52,000",,,,,,260622,
tildeseoul.co.kr,false,,틸데서울,,,,,https://tildeseoul.co.kr/product/detail.html?product_no=3941,(살안타템*) 페퍼 루즈핏 체크 셔츠 3color,,,https://tildeseoul.co.kr/web/product/medium/202605/1feeb688a45ce137f426214adffd5e03.gif,,,,,"₩44,300","₩44,300",,,,,,260622,
tildeseoul.co.kr,false,,틸데서울,,,,,https://tildeseoul.co.kr/product/detail.html?product_no=3940,프루츠 양면 네트 숄더백 2color,,,https://tildeseoul.co.kr/web/product/medium/202605/164c9f1c155c9595ec2efab06712a3a0.gif,,,,,"₩28,900","₩28,900",,,,,,260622,
tildeseoul.co.kr,false,,틸데서울,,,,,https://tildeseoul.co.kr/product/detail.html?product_no=3939,히피 레이스 밴딩 버뮤다 팬츠 2color,,,https://tildeseoul.co.kr/web/product/medium/202605/446b05cd264493ffbdc137e6020ba9e3.gif,,,,,"₩45,500","₩45,500",,,,,,260622,
tildeseoul.co.kr,false,,틸데서울,,,,,https://tildeseoul.co.kr/product/detail.html?product_no=3938,론디 펀칭 반팔 여름 가디건 5color,,,https://tildeseoul.co.kr/web/product/medium/202605/a7ca1a36ac311f9d709f6f14f8c16d53.gif,,,,,"₩39,800","₩39,800",,,,,,260622,
tildeseoul.co.kr,false,,틸데서울,,,,,https://tildeseoul.co.kr/product/detail.html?product_no=3937,오드 프릴 캉캉 밴딩 롱 스커트 3color,,,https://tildeseoul.co.kr/web/product/medium/202605/226f390c0856977362b9aae48f0a1c99.gif,,,,,"₩41,800","₩41,800",,,,,,260622,
tildeseoul.co.kr,false,,틸데서울,,,,,https://tildeseoul.co.kr/product/detail.html?product_no=3936,*추천* 키로 버튼 루즈핏 원숄더 반팔티 3color,,,https://tildeseoul.co.kr/web/product/medium/202605/14191e59932fb66bef186d502a383989.gif,,,,,"₩34,400","₩34,400",,,,,,260622,
tildeseoul.co.kr,false,,틸데서울,,,,,https://tildeseoul.co.kr/product/detail.html?product_no=3935,*추천* 도키 버튼 플레어 반팔 티셔츠 3color,,,https://tildeseoul.co.kr/web/product/medium/202605/c3eff57add44a0f25986b766e45db501.gif,,,,,"₩41,200","₩41,200",,,,,,260622,
tildeseoul.co.kr,false,,틸데서울,,,,,https://tildeseoul.co.kr/product/detail.html?product_no=3934,*추천* 소프 버튼 스트랩 원숄더 반팔티 2color,,,https://tildeseoul.co.kr/web/product/medium/202605/538390e2a1c7b22451ec32b42ce5e98e.gif,,,,,"₩29,900","₩29,900",,,,,,260622,
tildeseoul.co.kr,false,,틸데서울,,,,,https://tildeseoul.co.kr/product/detail.html?product_no=3933,하모니 레이스 미디 코튼 스커트 4color,,,https://tildeseoul.co.kr/web/product/medium/202605/8c870ea559818f0700673c887a7abdd9.gif,,,,,"₩37,500","₩37,500",,,,,,260622,
tildeseoul.co.kr,false,,틸데서울,,,,,https://tildeseoul.co.kr/product/detail.html?product_no=3932,시어 플라워 스트랩 뷔스티에 탑 3color,,,https://tildeseoul.co.kr/web/product/medium/202605/8fab1d8a76a455685769bd0059fd225f.gif,,,,,"₩31,500","₩31,500",,,,,,260622,
tildeseoul.co.kr,false,,틸데서울,,,,,https://tildeseoul.co.kr/product/detail.html?product_no=3931,(살안타템*) 엔코 더블 버튼 여름 가디건 3color,,,https://tildeseoul.co.kr/web/product/medium/202605/cba2b40d7c6d1c83ec4912715fdaeced.gif,,,,,"₩38,500","₩38,500",,,,,,260622,
tildeseoul.co.kr,false,,틸데서울,,,,,https://tildeseoul.co.kr/product/detail.html?product_no=3930,캐럿 펀칭 브이넥 나시 탑 3color,,,https://tildeseoul.co.kr/web/product/medium/202605/59204e0722a6028b9fdb1179e7f3e853.gif,,,,,"₩31,000","₩31,000",,,,,,260622,
tildeseoul.co.kr,false,,틸데서울,,,,,https://tildeseoul.co.kr/product/detail.html?product_no=3929,"*추천,핏보장* 이든 셔링 벌룬 와이드 팬츠 5color",,,https://tildeseoul.co.kr/web/product/medium/202605/fd60e52f44f7a7ea926435d009a0552e.gif,,,,,"₩38,700","₩38,700",,,,,,260622,
tildeseoul.co.kr,false,,틸데서울,,,,,https://tildeseoul.co.kr/product/detail.html?product_no=3928,이소 린넨 셔링 스트링 버뮤다 팬츠 2color,,,https://tildeseoul.co.kr/web/product/medium/202605/c751ab16debdec7f54e079c5a4e2c1c5.gif,,,,,"₩45,500","₩45,500",,,,,,260622,
tildeseoul.co.kr,false,,틸데서울,,,,,https://tildeseoul.co.kr/product/detail.html?product_no=3927,*추천* 오아 프릴 도트 반팔 카라티 2color,,,https://tildeseoul.co.kr/web/product/medium/202605/dccc2cad5db4fe7bc0748ee3a8fc3461.gif,,,,,"₩34,500","₩34,500",,,,,,260622,
tildeseoul.co.kr,false,,틸데서울,,,,,https://tildeseoul.co.kr/product/detail.html?product_no=3926,키토 후레아 여름 롱 스카프 2color,,,https://tildeseoul.co.kr/web/product/medium/202605/82c283388703b93a6fb6264c6511ebe9.gif,,,,,"₩23,700","₩23,700",,,,,,260622,
tildeseoul.co.kr,false,,틸데서울,,,,,https://tildeseoul.co.kr/product/detail.html?product_no=3925,고프 카모 밴딩 롱 스커트 3color,,,https://tildeseoul.co.kr/web/product/medium/202605/83d1c9de994eb33cfaf688609bd7424d.gif,,,,,"₩51,000","₩51,000",,,,,,260622,
tildeseoul.co.kr,false,,틸데서울,,,,,https://tildeseoul.co.kr/product/detail.html?product_no=3924,*추천* 모그 포켓 유넥 반팔 티셔츠 3color,,,https://tildeseoul.co.kr/web/product/medium/202605/42aa987120ed4acc621e8a206ea4f9d2.gif,,,,,"₩29,800","₩29,800",,,,,,260622,
tildeseoul.co.kr,false,,틸데서울,,,,,https://tildeseoul.co.kr/product/detail.html?product_no=3923,*추천* 타래 펀칭 셔링 롱 나시 3color,,,https://tildeseoul.co.kr/web/product/medium/202605/8f8deb1be120e4d2ac161e128fc38b04.gif,,,,,"₩34,400","₩34,400",,,,,,260622,
tildeseoul.co.kr,false,,틸데서울,,,,,https://tildeseoul.co.kr/product/detail.html?product_no=3922,믹스 포인트 헤어밴드 4color,,,https://tildeseoul.co.kr/web/product/medium/202605/b8cf20a362d2283a3d606690daa1e827.gif,,,,,"₩19,900","₩19,900",,,,,,260622,
tildeseoul.co.kr,false,,틸데서울,,,,,https://tildeseoul.co.kr/product/detail.html?product_no=3921,다비 캉캉 체크 미디 스커트 3color,,,https://tildeseoul.co.kr/web/product/medium/202604/8a9da85c97243e999991206fc06fc038.gif,,,,,"₩38,500","₩38,500",,,,,,260622,
tildeseoul.co.kr,false,,틸데서울,,,,,https://tildeseoul.co.kr/product/detail.html?product_no=3920,(고퀄리티*) 키세스 링클 프릴 배색 미니 원피스 2color,,,https://tildeseoul.co.kr/web/product/medium/202604/a328c4e583638b6d51ad212770f02390.gif,,,,,"₩69,500","₩69,500",,,,,,260622,
tildeseoul.co.kr,false,,틸데서울,,,,,https://tildeseoul.co.kr/product/detail.html?product_no=3919,미티 포켓 배색 반팔 롱 원피스 3color,,,https://tildeseoul.co.kr/web/product/medium/202604/4c5510887dae772dd09409a891378f23.gif,,,,,"₩49,500","₩49,500",,,,,,260622,
tildeseoul.co.kr,false,,틸데서울,,,,,https://tildeseoul.co.kr/product/detail.html?product_no=3918,레이 브이넥 셔링 레이어드 나시 3color,,,https://tildeseoul.co.kr/web/product/medium/202604/bcd0f4e87278a75fbd3306489376be31.gif,,,,,"₩29,500","₩29,500",,,,,,260622,
tildeseoul.co.kr,false,,틸데서울,,,,,https://tildeseoul.co.kr/product/detail.html?product_no=3916,피쉬 단가라 포켓 롱 티셔츠 3color,,,https://tildeseoul.co.kr/web/product/medium/202604/e2dd9bbfee1a60e2d660ceeae794712f.gif,,,,,"₩37,500","₩37,500",,,,,,260622,
tildeseoul.co.kr,false,,틸데서울,,,,,https://tildeseoul.co.kr/product/detail.html?product_no=3915,*핏보장* 스카이 워싱 로우 스트레이트 데님 팬츠,,,https://tildeseoul.co.kr/web/product/medium/202604/7262562d154ef6b2017e8b0d2f2424cc.gif,,,,,"₩48,600","₩48,600",,,,,,260622,
tildeseoul.co.kr,false,,틸데서울,,,,,https://tildeseoul.co.kr/product/detail.html?product_no=3914,네코 셔링 핀턱 롱 데님 스커트,,,https://tildeseoul.co.kr/web/product/medium/202604/f6268b389a5763fb736dce802c6bfb6a.gif,,,,,"₩64,800","₩64,800",,,,,,260622,
tildeseoul.co.kr,false,,틸데서울,,,,,https://tildeseoul.co.kr/product/detail.html?product_no=3913,미호 레트로 플라워 블라우스 2color,,,https://tildeseoul.co.kr/web/product/medium/202604/46985f3021b63625dbf86e6589360f60.gif,,,,,"₩51,300","₩51,300",,,,,,260622,
tildeseoul.co.kr,false,,틸데서울,,,,,https://tildeseoul.co.kr/product/detail.html?product_no=3912,파레트 체크 미디 밴딩 스커트 3color,,,https://tildeseoul.co.kr/web/product/medium/202604/a9a06593f481b67c8caa3b687f2a6635.gif,,,,,"₩36,000","₩36,000",,,,,,260622,
tildeseoul.co.kr,false,,틸데서울,,,,,https://tildeseoul.co.kr/product/detail.html?product_no=3911,*추천* 리오 네트 루즈핏 양면 가디건 2color,,,https://tildeseoul.co.kr/web/product/medium/202604/8346006884fb38045739989938331d90.gif,,,,,"₩37,600","₩37,600",,,,,,260622,
tildeseoul.co.kr,false,,틸데서울,,,,,https://tildeseoul.co.kr/product/detail.html?product_no=3910,(1+1) 키키 밴딩 우드 반지 4color,,,https://tildeseoul.co.kr/web/product/medium/202604/5b9fe27013a854c6ff16af327961c337.gif,,,,,"₩15,300","₩15,300",,,,,,260622,
tildeseoul.co.kr,false,,틸데서울,,,,,https://tildeseoul.co.kr/product/detail.html?product_no=3908,포이 모달 백라인 나시 탑 4color,,,https://tildeseoul.co.kr/web/product/medium/202604/217e06ee1a41c9b28d8fcf8fd54bf2d2.gif,,,,,"₩18,700","₩18,700",,,,,,260622,
tildeseoul.co.kr,false,,틸데서울,,,,,https://tildeseoul.co.kr/product/detail.html?product_no=3907,보헴 써머 스트라이프 후드 집업 2color,,,https://tildeseoul.co.kr/web/product/medium/202604/9ce20bb6a5641529e9718c374faf6d37.gif,,,,,"₩44,300","₩44,300",,,,,,260622,
tildeseoul.co.kr,false,,틸데서울,,,,,https://tildeseoul.co.kr/product/detail.html?product_no=3906,두두 버튼 단가라 비니 5color,,,https://tildeseoul.co.kr/web/product/medium/202604/968c91d2b3bb887e60e0748fe818d695.gif,,,,,"₩23,700","₩23,700",,,,,,260622,
tildeseoul.co.kr,false,,틸데서울,,,,,https://tildeseoul.co.kr/product/detail.html?product_no=3905,오디 블랙 밴딩 시계 팔찌,,,https://tildeseoul.co.kr/web/product/medium/202604/fcb62a4bcd58df11b5b0f4d2ee7431b5.gif,,,,,"₩46,000","₩46,000",,,,,,260622,
tildeseoul.co.kr,false,,틸데서울,,,,,https://tildeseoul.co.kr/product/detail.html?product_no=3904,하스 비죠 롤업 카프리 팬츠 2color,,,https://tildeseoul.co.kr/web/product/medium/202604/95c853b5a68091f456b8d2be73873924.gif,,,,,"₩39,000","₩39,000",,,,,,260622,
tildeseoul.co.kr,false,,틸데서울,,,,,https://tildeseoul.co.kr/product/detail.html?product_no=3903,*추천* 오란다 단가라 캉캉 롱스커트 2color,,,https://tildeseoul.co.kr/web/product/medium/202604/16ebec89bdd34a0b362b24b623256c3a.gif,,,,,"₩51,400","₩51,400",,,,,,260622,
tildeseoul.co.kr,false,,틸데서울,,,,,https://tildeseoul.co.kr/product/detail.html?product_no=3902,유카 빈티지 유넥 포켓 블라우스 3color,,,https://tildeseoul.co.kr/web/product/medium/202604/08aa9207b22fd41aa4117de5747f4ad7.gif,,,,,"₩41,300","₩41,300",,,,,,260622,
tildeseoul.co.kr,false,,틸데서울,,,,,https://tildeseoul.co.kr/product/detail.html?product_no=3901,버디 코튼 데일리 크로스백 2color,,,https://tildeseoul.co.kr/web/product/medium/202604/850f039f119105035dfb81cecf6fbd50.gif,,,,,"₩27,500","₩27,500",,,,,,260622,
tildeseoul.co.kr,false,,틸데서울,,,,,https://tildeseoul.co.kr/product/detail.html?product_no=3900,테터 포인트 패치 볼캡 2color,,,https://tildeseoul.co.kr/web/product/medium/202604/e9926273e089c617ca3201fcbf167f8d.gif,,,,,"₩23,000","₩23,000",,,,,,260622,
tildeseoul.co.kr,false,,틸데서울,,,,,https://tildeseoul.co.kr/product/detail.html?product_no=3899,"*unisex, 핏보장* 코바 단가라 스냅 와이드 데님 팬츠",,,https://tildeseoul.co.kr/web/product/medium/202604/39b9e5f7811041c5ba030a1c1d1cd3ac.gif,,,,,"₩65,600","₩65,600",,,,,,260622,
tildeseoul.co.kr,false,,틸데서울,,,,,https://tildeseoul.co.kr/product/detail.html?product_no=3898,*추천* 솔트 원숄더 포켓 반팔 티셔츠 4color,,,https://tildeseoul.co.kr/web/product/medium/202604/f10ddf97e0f014fa2c0f8b48e9e0e4cc.gif,,,,,"₩29,800","₩29,800",,,,,,260622,
tildeseoul.co.kr,false,,틸데서울,,,,,https://tildeseoul.co.kr/product/detail.html?product_no=3897,모모 더블 라인 데일리 슬림 나시 4color,,,https://tildeseoul.co.kr/web/product/medium/202604/a018aa8b48519f8505c187966c2f8ec9.gif,,,,,"₩18,700","₩18,700",,,,,,260622,
tildeseoul.co.kr,false,,틸데서울,,,,,https://tildeseoul.co.kr/product/detail.html?product_no=3895,위시 배색 고리 레그워머 5color,,,https://tildeseoul.co.kr/web/product/medium/202604/9870ed91426d8269c7ee998597fe520e.gif,,,,,"₩17,000","₩17,000",,,,,,260622,
tildeseoul.co.kr,false,,틸데서울,,,,,https://tildeseoul.co.kr/product/detail.html?product_no=3894,요코 빈티지 체크 숏팬츠 2color,,,https://tildeseoul.co.kr/web/product/medium/202604/1428f2798e32ef03e309a932c8a07114.gif,,,,,"₩32,000","₩32,000",,,,,,260622,
tildeseoul.co.kr,false,,틸데서울,,,,,https://tildeseoul.co.kr/product/detail.html?product_no=3893,블루밍 캉캉 나시 뷔스티에 3color,,,https://tildeseoul.co.kr/web/product/medium/202604/81958ddc1b060993fd877a134fd43ac7.gif,,,,,"₩39,500","₩39,500",,,,,,260622,
tildeseoul.co.kr,false,,틸데서울,,,,,https://tildeseoul.co.kr/product/detail.html?product_no=3892,히치 셔링 투웨이 라운드 집업 2color,,,https://tildeseoul.co.kr/web/product/medium/202604/58b740ea704098250a118fbf55b69d9e.gif,,,,,"₩45,900","₩45,900",,,,,,260622,
tildeseoul.co.kr,false,,틸데서울,,,,,https://tildeseoul.co.kr/product/detail.html?product_no=3891,에임 절개 슬림핏 캡나시 6color,,,https://tildeseoul.co.kr/web/product/medium/202604/6391373de55a8e04e8c423df37ec318e.gif,,,,,"₩21,000","₩21,000",,,,,,260622,
tildeseoul.co.kr,false,,틸데서울,,,,,https://tildeseoul.co.kr/product/detail.html?product_no=3890,*핏보장* 피비 빈티지 와이드 부츠컷 데님,,,https://tildeseoul.co.kr/web/product/medium/202604/8e9085e649cc9210967c35752464e613.gif,,,,,"₩62,500","₩62,500",,,,,,260622,
tildeseoul.co.kr,false,,틸데서울,,,,,https://tildeseoul.co.kr/product/detail.html?product_no=3889,블루비 레이스 패턴 롱 스커트,,,https://tildeseoul.co.kr/web/product/medium/202604/0135228146df795ab78e974364618003.gif,,,,,"₩42,800","₩42,800",,,,,,260622,
tildeseoul.co.kr,false,,틸데서울,,,,,https://tildeseoul.co.kr/product/detail.html?product_no=3888,프레아 플로럴 밴딩 스커트 2color,,,https://tildeseoul.co.kr/web/product/medium/202604/90ea4629b08d454ed24556298b9197ec.gif,,,,,"₩35,900","₩35,900",,,,,,260622,
tildeseoul.co.kr,false,,틸데서울,,,,,https://tildeseoul.co.kr/product/detail.html?product_no=3887,라플 레이스 플라워 나시 2color,,,https://tildeseoul.co.kr/web/product/medium/202604/7637bd5f8d9b0baeda3495805de41ffb.gif,,,,,"₩34,000","₩34,000",,,,,,260622,
tildeseoul.co.kr,false,,틸데서울,,,,,https://tildeseoul.co.kr/product/detail.html?product_no=3886,해리 레이스 밴딩 롱 스커트,,,https://tildeseoul.co.kr/web/product/medium/202604/88f45a1aa8dd41ede3f9492e84eeb71e.gif,,,,,"₩30,500","₩30,500",,,,,,260622,
tildeseoul.co.kr,false,,틸데서울,,,,,https://tildeseoul.co.kr/product/detail.html?product_no=3885,키노 롤업 버튼 밴딩 반바지 2color,,,https://tildeseoul.co.kr/web/product/medium/202604/ee7b71c3c541bf8c1bc108f812f2f4f8.gif,,,,,"₩41,300","₩41,300",,,,,,260622,
tildeseoul.co.kr,false,,틸데서울,,,,,https://tildeseoul.co.kr/product/detail.html?product_no=3884,*추천* 노티드 빈티지 반팔 체크 셔츠 3color,,,https://tildeseoul.co.kr/web/product/medium/202604/de0ae60163b3a6d8c04ac431588cf870.gif,,,,,"₩45,500","₩45,500",,,,,,260622,
tildeseoul.co.kr,false,,틸데서울,,,,,https://tildeseoul.co.kr/product/detail.html?product_no=3883,플로라 웨이브 모달 반팔 티셔츠 3color,,,https://tildeseoul.co.kr/web/product/medium/202604/8972f1a5b7dac35c40e20361d8b91639.gif,,,,,"₩28,500","₩28,500",,,,,,260622,
tildeseoul.co.kr,false,,틸데서울,,,,,https://tildeseoul.co.kr/product/detail.html?product_no=3882,(살안타템*) 밀리 플라워 버튼 텐셀 티셔츠 5color,,,https://tildeseoul.co.kr/web/product/medium/202604/e9488133a3fd800cb2158806bdc88e08.gif,,,,,"₩36,900","₩36,900",,,,,,260622,
tildeseoul.co.kr,false,,틸데서울,,,,,https://tildeseoul.co.kr/product/detail.html?product_no=3881,에블린 플라워 자개 목걸이 2color,,,https://tildeseoul.co.kr/web/product/medium/202604/572bab7e6075677616ce1e48411a19ea.gif,,,,,"₩21,000","₩21,000",,,,,,260622,
tildeseoul.co.kr,false,,틸데서울,,,,,https://tildeseoul.co.kr/product/detail.html?product_no=3880,레인 텐셀 절개 나시 탑 6color,,,https://tildeseoul.co.kr/web/product/medium/202604/7f7ec8542344a1ab7e1dbc632e81c249.gif,,,,,"₩22,300","₩22,300",,,,,,260622,
tildeseoul.co.kr,false,,틸데서울,,,,,https://tildeseoul.co.kr/product/detail.html?product_no=3879,레스 프릴 배색 카라 티셔츠,,,https://tildeseoul.co.kr/web/product/medium/202604/f8577a50befbe6f45cb3d654922c40a3.gif,,,,,"₩26,300","₩26,300",,,,,,260622,
tildeseoul.co.kr,false,,틸데서울,,,,,https://tildeseoul.co.kr/product/detail.html?product_no=3877,핀터 밴딩 코튼 부츠컷 팬츠 2color,,,https://tildeseoul.co.kr/web/product/medium/202604/effc07fb75e51c660075ca1a7b0008f8.gif,,,,,"₩54,500","₩54,500",,,,,,260622,
tildeseoul.co.kr,false,,틸데서울,,,,,https://tildeseoul.co.kr/product/detail.html?product_no=3876,롤리 버튼 반팔 가디건 3color,,,https://tildeseoul.co.kr/web/product/medium/202604/df6897db74bbea2cabea153ac985de5b.gif,,,,,"₩37,300","₩37,300",,,,,,260622,
tildeseoul.co.kr,false,,틸데서울,,,,,https://tildeseoul.co.kr/product/detail.html?product_no=3875,모노 코튼 절개 미디 스커트 2color,,,https://tildeseoul.co.kr/web/product/medium/202604/967a2bd65e9afea37f3a404d1ee83370.gif,,,,,"₩45,200","₩45,200",,,,,,260622,
tildeseoul.co.kr,false,,틸데서울,,,,,https://tildeseoul.co.kr/product/detail.html?product_no=3874,미피 버튼 플라워 써머 비니 2color,,,https://tildeseoul.co.kr/web/product/medium/202604/3ed6dc1327aca965cad52424bc8c374e.gif,,,,,"₩31,000","₩31,000",,,,,,260622,
tildeseoul.co.kr,false,,틸데서울,,,,,https://tildeseoul.co.kr/product/detail.html?product_no=3873,*추천* 니아 도트 밴딩 미디 스커트 3color,,,https://tildeseoul.co.kr/web/product/medium/202604/9306ce6dcde3bf311144d1ef02e8c646.gif,,,,,"₩33,500","₩33,500",,,,,,260622,
tildeseoul.co.kr,false,,틸데서울,,,,,https://tildeseoul.co.kr/product/detail.html?product_no=3872,섀도우 버튼 밴딩 부츠컷 레깅스 2color,,,https://tildeseoul.co.kr/web/product/medium/202604/18e0e2943f58ab6836468c3fa1a06134.gif,,,,,"₩48,200","₩48,200",,,,,,260622,
tildeseoul.co.kr,false,,틸데서울,,,,,https://tildeseoul.co.kr/product/detail.html?product_no=3871,딘트 이중 도트 프릴 스커트 2color,,,https://tildeseoul.co.kr/web/product/medium/202604/a48b4fbace63532217676d294a2769c8.gif,,,,,"₩37,000","₩37,000",,,,,,260622,
tildeseoul.co.kr,false,,틸데서울,,,,,https://tildeseoul.co.kr/product/detail.html?product_no=3870,베베 시스루 프릴 스트링 반팔 티셔츠 2color,,,https://tildeseoul.co.kr/web/product/medium/202604/c634bc2e4543506736d73f906a592f5a.gif,,,,,"₩31,000","₩31,000",,,,,,260622,
tildeseoul.co.kr,false,,틸데서울,,,,,https://tildeseoul.co.kr/product/detail.html?product_no=3869,*써지컬* 티파 빈티지 클로버 목걸이,,,https://tildeseoul.co.kr/web/product/medium/202604/59c87fb39acc26cc84bd418f38e77c56.gif,,,,,"₩21,500","₩21,500",,,,,,260622,
tildeseoul.co.kr,false,,틸데서울,,,,,https://tildeseoul.co.kr/product/detail.html?product_no=3868,*unisex* 핸더 스트라이프 와이드 팬츠 3color,,,https://tildeseoul.co.kr/web/product/medium/202604/73f9e2d4a3cbaf7a70999a656235c840.gif,,,,,"₩49,500","₩49,500",,,,,,260622,
tildeseoul.co.kr,false,,틸데서울,,,,,https://tildeseoul.co.kr/product/detail.html?product_no=3867,(살안타템*) 한스 써머 루즈핏 가디건 5color,,,https://tildeseoul.co.kr/web/product/medium/202604/1ec2ef87270943f1c3b20721334057f8.gif,,,,,"₩29,900","₩29,900",,,,,,260622,
tildeseoul.co.kr,false,,틸데서울,,,,,https://tildeseoul.co.kr/product/detail.html?product_no=3866,(퀄리티*) 쿠시 프릴 미니 텐셀 원피스 2color,,,https://tildeseoul.co.kr/web/product/medium/202604/028ebddabcb179147dfe6568bba23591.gif,,,,,"₩53,900","₩53,900",,,,,,260622,
tildeseoul.co.kr,false,,틸데서울,,,,,https://tildeseoul.co.kr/product/detail.html?product_no=3865,(퀄리티*) 이나 레이스 배색 반팔 티셔츠 2color,,,https://tildeseoul.co.kr/web/product/medium/202604/7619a56ae0025a0fc0c8125013d68eea.gif,,,,,"₩35,600","₩35,600",,,,,,260622,
tildeseoul.co.kr,false,,틸데서울,,,,,https://tildeseoul.co.kr/product/detail.html?product_no=3864,몬드 체크 포켓 미디 캉캉 스커트 2color,,,https://tildeseoul.co.kr/web/product/medium/202604/d4017bf5147f26f95335bbe3a898de8c.gif,,,,,"₩42,500","₩42,500",,,,,,260622,
tildeseoul.co.kr,false,,틸데서울,,,,,https://tildeseoul.co.kr/product/detail.html?product_no=3863,(살안타템*) 리카 7부 모달 여리핏 티셔츠 2color,,,https://tildeseoul.co.kr/web/product/medium/202604/15f9fca72b74a68973b3f75538ee482f.gif,,,,,"₩43,900","₩43,900",,,,,,260622,
tildeseoul.co.kr,false,,틸데서울,,,,,https://tildeseoul.co.kr/product/detail.html?product_no=3862,*추천* 로티 빈티지 반팔 체크 셔츠 3color,,,https://tildeseoul.co.kr/web/product/medium/202604/07ebfc22e97018b9f890822796bc8f44.gif,,,,,"₩48,300","₩48,300",,,,,,260622,
tildeseoul.co.kr,false,,틸데서울,,,,,https://tildeseoul.co.kr/product/detail.html?product_no=3861,*추천* 밀크 빈티지 퍼프 블라우스 2color,,,https://tildeseoul.co.kr/web/product/medium/202604/43be72c3d2c7c0e2e8a7d86e0604b3ed.gif,,,,,"₩48,300","₩48,300",,,,,,260622,
tildeseoul.co.kr,false,,틸데서울,,,,,https://tildeseoul.co.kr/product/detail.html?product_no=3860,다이제 배색 버튼 버뮤다 팬츠 2color,,,https://tildeseoul.co.kr/web/product/medium/202604/704b6566bdabd8667e3dfde696c2f92e.gif,,,,,"₩41,200","₩41,200",,,,,,260622,
tildeseoul.co.kr,false,,틸데서울,,,,,https://tildeseoul.co.kr/product/detail.html?product_no=3859,*추천* 시소 도트 나시 블라우스 3color,,,https://tildeseoul.co.kr/web/product/medium/202604/702d137069b83ca6c29455c96493752b.gif,,,,,"₩30,600","₩30,600",,,,,,260622,
tildeseoul.co.kr,false,,틸데서울,,,,,https://tildeseoul.co.kr/product/detail.html?product_no=3858,*추천* 러프 스트라이프 치마 바지 2color,,,https://tildeseoul.co.kr/web/product/medium/202604/8addb90c501f5e004f02eabb44963cab.gif,,,,,"₩45,500","₩45,500",,,,,,260622,
tildeseoul.co.kr,false,,틸데서울,,,,,https://tildeseoul.co.kr/product/detail.html?product_no=3857,아쿠아 써머 카프리 레깅스 3color,,,https://tildeseoul.co.kr/web/product/medium/202604/602760399e4db9fa8b7df3cd060dd031.gif,,,,,"₩27,500","₩27,500",,,,,,260622,
tildeseoul.co.kr,false,,틸데서울,,,,,https://tildeseoul.co.kr/product/detail.html?product_no=3856,*추천* 웨일 체크 빈티지 퍼프 블라우스 2color,,,https://tildeseoul.co.kr/web/product/medium/202604/ba865b15c14b4242bdf861a73cacc30f.gif,,,,,"₩46,900","₩46,900",,,,,,260622,
tildeseoul.co.kr,false,,틸데서울,,,,,https://tildeseoul.co.kr/product/detail.html?product_no=3855,(살안타템*) 셀리 모달 배색 브이넥 가디건 2color,,,https://tildeseoul.co.kr/web/product/medium/202604/cdbeb81c07d6de2ae05cb2c4bf7620bb.gif,,,,,"₩32,500","₩32,500",,,,,,260622,
tildeseoul.co.kr,false,,틸데서울,,,,,https://tildeseoul.co.kr/product/detail.html?product_no=3854,포에 스카프 프릴 미니 원피스 2color,,,https://tildeseoul.co.kr/web/product/medium/202604/ca3eb793c03a8281b090bde77901342d.gif,,,,,"₩37,500","₩37,500",,,,,,260622,
tildeseoul.co.kr,false,,틸데서울,,,,,https://tildeseoul.co.kr/product/detail.html?product_no=3853,아루 프릴 스트링 7부 팬츠 2color,,,https://tildeseoul.co.kr/web/product/medium/202604/482e193396da1828fe5d5d14e6dd1db7.gif,,,,,"₩40,900","₩40,900",,,,,,260622,
tildeseoul.co.kr,false,,틸데서울,,,,,https://tildeseoul.co.kr/product/detail.html?product_no=3852,디쉬 단가라 언발 볼레로 가디건 2color,,,https://tildeseoul.co.kr/web/product/medium/202604/3d10fbd48c9e35e153dac7f20bf78f68.gif,,,,,"₩42,800","₩42,800",,,,,,260622,
tildeseoul.co.kr,false,,틸데서울,,,,,https://tildeseoul.co.kr/product/detail.html?product_no=3851,*핏보장* 데어 셔링 슬릿 맥시 롱스커트 2color,,,https://tildeseoul.co.kr/web/product/medium/202604/e6854dcfbb64c06006a4edac65579b14.gif,,,,,"₩55,600","₩55,600",,,,,,260622,
tildeseoul.co.kr,false,,틸데서울,,,,,https://tildeseoul.co.kr/product/detail.html?product_no=3850,(살안타템*) 라보 퍼프 루즈 볼레로 가디건 3color,,,https://tildeseoul.co.kr/web/product/medium/202604/a3e0477278ca8e5750e78959ae9a93df.gif,,,,,"₩46,900","₩46,900",,,,,,260622,
tildeseoul.co.kr,false,,틸데서울,,,,,https://tildeseoul.co.kr/product/detail.html?product_no=3849,모마 앤틱 밴딩 시계 팔찌,,,https://tildeseoul.co.kr/web/product/medium/202604/9aeb0048b1dd47b3cd97fa8ec2192643.gif,,,,,"₩48,400","₩48,400",,,,,,260622,
tildeseoul.co.kr,false,,틸데서울,,,,,https://tildeseoul.co.kr/product/detail.html?product_no=3848,미케 빈티지 체크 미디 스커트 2color,,,https://tildeseoul.co.kr/web/product/medium/202604/29744856aa4f335a47ec6e188342d528.gif,,,,,"₩41,500","₩41,500",,,,,,260622,
tildeseoul.co.kr,false,,틸데서울,,,,,https://tildeseoul.co.kr/product/detail.html?product_no=3846,아오리 도트 롱 쉬폰 스카프 3color,,,https://tildeseoul.co.kr/web/product/medium/202604/9ca72a440802913ee7755ab832c5cbba.gif,,,,,"₩18,300","₩18,300",,,,,,260622,
tildeseoul.co.kr,false,,틸데서울,,,,,https://tildeseoul.co.kr/product/detail.html?product_no=3845,퓨어 레이스 스트링 밴딩 팬츠 2color,,,https://tildeseoul.co.kr/web/product/medium/202604/3caf7867217fb781c67129a767d99b55.gif,,,,,"₩51,500","₩51,500",,,,,,260622,
tildeseoul.co.kr,false,,틸데서울,,,,,https://tildeseoul.co.kr/product/detail.html?product_no=3844,니카 플라워 유넥 슬림핏 티셔츠 2color,,,https://tildeseoul.co.kr/web/product/medium/202604/3b8d12ae01eaf89c79fd890913d98a3d.gif,,,,,"₩41,900","₩41,900",,,,,,260622,
tildeseoul.co.kr,false,,틸데서울,,,,,https://tildeseoul.co.kr/product/detail.html?product_no=3843,*set가능* 빈티지 우드 자개 목걸이,,,https://tildeseoul.co.kr/web/product/medium/202604/15b9fa11971987708af52be166f916f1.png,,,,,"₩21,500","₩21,500",,,,,,260622,
tildeseoul.co.kr,false,,틸데서울,,,,,https://tildeseoul.co.kr/product/detail.html?product_no=3842,*unisex* 포키 벌룬 커브드 스냅 팬츠 4color,,,https://tildeseoul.co.kr/web/product/medium/202604/bc4607c4fda5987d966ee9131430c279.gif,,,,,"₩35,500","₩35,500",,,,,,260622,
tildeseoul.co.kr,false,,틸데서울,,,,,https://tildeseoul.co.kr/product/detail.html?product_no=3841,애플 도트 배색 긴팔 티셔츠 3color,,,https://tildeseoul.co.kr/web/product/medium/202604/d747c54e58b76bec912e3b1f45a1326b.gif,,,,,"₩32,900","₩32,900",,,,,,260622,
tildeseoul.co.kr,false,,틸데서울,,,,,https://tildeseoul.co.kr/product/detail.html?product_no=3840,*핏보장* 글렌 백포켓 와이드 워싱 데님 2color,,,https://tildeseoul.co.kr/web/product/medium/202604/8db2fe492c30a7d696509032ecccf88d.gif,,,,,"₩44,300","₩44,300",,,,,,260622,
tildeseoul.co.kr,false,,틸데서울,,,,,https://tildeseoul.co.kr/product/detail.html?product_no=3839,(퀄리티🩶) 허밍 빈티지 체크 프릴 원피스 2color,,,https://tildeseoul.co.kr/web/product/medium/202604/d0d423213659962a72d12043b8584f99.gif,,,,,"₩68,800","₩68,800",,,,,,260622,
tildeseoul.co.kr,false,,틸데서울,,,,,https://tildeseoul.co.kr/product/detail.html?product_no=3838,(퀄리티*) 노브 프릴 코튼 자켓 3color,,,https://tildeseoul.co.kr/web/product/medium/202604/498ca5373251c171e863fc41f55a54e5.gif,,,,,"₩108,000","₩108,000",,,,,,260622,
tildeseoul.co.kr,false,,틸데서울,,,,,https://tildeseoul.co.kr/product/detail.html?product_no=3837,케미 배색 레이스 롱 스카프 3color,,,https://tildeseoul.co.kr/web/product/medium/202604/328de82414199912a6137b3d9ff56eb5.gif,,,,,"₩26,600","₩26,600",,,,,,260622,
tildeseoul.co.kr,false,,틸데서울,,,,,https://tildeseoul.co.kr/product/detail.html?product_no=3836,"(핏보장, 추천*) 노아 스트레이트 헤링본 팬츠 3color",,,https://tildeseoul.co.kr/web/product/medium/202604/a55fd488899e870d707caf94a86681ed.gif,,,,,"₩42,000","₩42,000",,,,,,260622,
tildeseoul.co.kr,false,,틸데서울,,,,,https://tildeseoul.co.kr/product/detail.html?product_no=3835,*추천* 니모 버튼 카라 반팔 티셔츠 4color,,,https://tildeseoul.co.kr/web/product/medium/202604/f30064bafbcada4b1eca05b85c88f218.gif,,,,,"₩33,800","₩33,800",,,,,,260622,
tildeseoul.co.kr,false,,틸데서울,,,,,https://tildeseoul.co.kr/product/detail.html?product_no=3834,무스 아일렛 빅 숄더백 2color,,,https://tildeseoul.co.kr/web/product/medium/202604/8a67a16a13d4247a22d26025e646d144.gif,,,,,"₩41,500","₩41,500",,,,,,260622,
tildeseoul.co.kr,false,,틸데서울,,,,,https://tildeseoul.co.kr/product/detail.html?product_no=3833,밤비 배색 플로럴 후드 집업 2color,,,https://tildeseoul.co.kr/web/product/medium/202604/6101100e8ca94b8413ed89108b5f588c.gif,,,,,"₩57,000","₩57,000",,,,,,260622,
tildeseoul.co.kr,false,,틸데서울,,,,,https://tildeseoul.co.kr/product/detail.html?product_no=3832,*추천* 니지 레이스 7부 브이넥 티셔츠 3color,,,https://tildeseoul.co.kr/web/product/medium/202604/d58d569320cf5ac60b578e5aa2e166c4.gif,,,,,"₩37,500","₩37,500",,,,,,260622,
tildeseoul.co.kr,false,,틸데서울,,,,,https://tildeseoul.co.kr/product/detail.html?product_no=3831,페이 셔링 미니 레이어드 원피스 3color,,,https://tildeseoul.co.kr/web/product/medium/202604/e3ebe796f6f02f805f668496bd405146.gif,,,,,"₩32,700","₩32,700",,,,,,260622,
tildeseoul.co.kr,false,,틸데서울,,,,,https://tildeseoul.co.kr/product/detail.html?product_no=3830,시노 레이스 프릴 나시 원피스 3color,,,https://tildeseoul.co.kr/web/product/medium/202604/7161dd67ecfd1f96ac27409ab08aa868.gif,,,,,"₩39,800","₩39,800",,,,,,260622,
tildeseoul.co.kr,false,,틸데서울,,,,,https://tildeseoul.co.kr/product/detail.html?product_no=3829,아리 빈티지 플라워 미디 스커트 2color,,,https://tildeseoul.co.kr/web/product/medium/202604/2da87916a5f9dd3004ddcd53cd1304b1.gif,,,,,"₩34,300","₩34,300",,,,,,260622,
tildeseoul.co.kr,false,,틸데서울,,,,,https://tildeseoul.co.kr/product/detail.html?product_no=3828,*set* 후이 린넨 나시 베스트 세트 2color,,,https://tildeseoul.co.kr/web/product/medium/202604/5fa513467f77cbbf6edb89fa1178d664.gif,,,,,"₩38,800","₩38,800",,,,,,260622,
tildeseoul.co.kr,false,,틸데서울,,,,,https://tildeseoul.co.kr/product/detail.html?product_no=3827,(고퀄리티🤍) 뮤어 프릴 플리츠 반팔 원피스 2color,,,https://tildeseoul.co.kr/web/product/medium/202604/dfd9c6f35fac4e4f4c18f9aed83b5837.gif,,,,,"₩101,000","₩101,000",,,,,,260622,
tildeseoul.co.kr,false,,틸데서울,,,,,https://tildeseoul.co.kr/product/detail.html?product_no=3826,(basic🍀) 캐치 베이직 스판 나시 6color,,,https://tildeseoul.co.kr/web/product/medium/202604/545a81143c65a2a4220d0b483d521aaf.gif,,,,,"₩17,300","₩17,300",,,,,,260622,
tildeseoul.co.kr,false,,틸데서울,,,,,https://tildeseoul.co.kr/product/detail.html?product_no=3825,히치 하이넥 핀턱 야상 집업 3color,,,https://tildeseoul.co.kr/web/product/medium/202604/18ba2539bc729c220891697e6e288f78.gif,,,,,"₩101,000","₩101,000",,,,,,260622,
tildeseoul.co.kr,false,,틸데서울,,,,,https://tildeseoul.co.kr/product/detail.html?product_no=3824,테임 더블 골반 포인트 벨트 2color,,,https://tildeseoul.co.kr/web/product/medium/202604/10176d960d591f58eb2d099dc66c077c.gif,,,,,"₩30,000","₩30,000",,,,,,260622,
tildeseoul.co.kr,false,,틸데서울,,,,,https://tildeseoul.co.kr/product/detail.html?product_no=3823,콤마 도트 레이스 레그워머 3color,,,https://tildeseoul.co.kr/web/product/medium/202604/eecdb58ea0ab688f8efdd5d9a271aafd.gif,,,,,"₩23,500","₩23,500",,,,,,260622,
tildeseoul.co.kr,false,,틸데서울,,,,,https://tildeseoul.co.kr/product/detail.html?product_no=3822,메카 체크 언발 밴딩 스커트 2color,,,https://tildeseoul.co.kr/web/product/medium/202604/fc1c77a176679ec0d30a7da1c06243e2.gif,,,,,"₩38,200","₩38,200",,,,,,260622,
tildeseoul.co.kr,false,,틸데서울,,,,,https://tildeseoul.co.kr/product/detail.html?product_no=3821,소피 레이스 자수 나시 원피스 3color,,,https://tildeseoul.co.kr/web/product/medium/202604/d881f398797ff0c57dd6c3758d3e7783.gif,,,,,"₩35,500","₩35,500",,,,,,260622,
tildeseoul.co.kr,false,,틸데서울,,,,,https://tildeseoul.co.kr/product/detail.html?product_no=3820,*unisex* 토키 버튼 단가라 후드티 2color,,,https://tildeseoul.co.kr/web/product/medium/202604/85a7af832a1e7c7500302f2cf5ef195f.gif,,,,,"₩37,500","₩37,500",,,,,,260622,
tildeseoul.co.kr,false,,틸데서울,,,,,https://tildeseoul.co.kr/product/detail.html?product_no=3819,튜더 레이스 미니 레이어드 스커트 2color,,,https://tildeseoul.co.kr/web/product/medium/202604/01d39ff4b7df952bb11a8cf89ab319f9.gif,,,,,"₩41,000","₩41,000",,,,,,260622,
tildeseoul.co.kr,false,,틸데서울,,,,,https://tildeseoul.co.kr/product/detail.html?product_no=3818,(basic*) 나인 유넥 데일리 긴팔 티셔츠 5color,,,https://tildeseoul.co.kr/web/product/medium/202604/23832aa9ddf0abe48ae111b0507337d1.gif,,,,,"₩21,000","₩21,000",,,,,,260622,
tildeseoul.co.kr,false,,틸데서울,,,,,https://tildeseoul.co.kr/product/detail.html?product_no=3817,소란 단가라 오프 프릴 티셔츠 2color,,,https://tildeseoul.co.kr/web/product/medium/202604/45e0b005ac444949ea11f936b58164a1.gif,,,,,"₩32,300","₩32,300",,,,,,260622,
tildeseoul.co.kr,false,,틸데서울,,,,,https://tildeseoul.co.kr/product/detail.html?product_no=3816,레클 단가라 롱 나시 티 2color,,,https://tildeseoul.co.kr/web/product/medium/202604/fb156ea3cc4134fa524ae59e3b892116.gif,,,,,"₩23,300","₩23,300",,,,,,260622,
tildeseoul.co.kr,false,,틸데서울,,,,,https://tildeseoul.co.kr/product/detail.html?product_no=3815,코미 레이스 고리 레그워머 2color,,,https://tildeseoul.co.kr/web/product/medium/202604/d185e2b23b69f37f5f1ef598a1144eb9.gif,,,,,"₩18,900","₩18,900",,,,,,260622,
tildeseoul.co.kr,false,,틸데서울,,,,,https://tildeseoul.co.kr/product/detail.html?product_no=3814,*추천* 토템 빈티지 배색 데님 롱스커트,,,https://tildeseoul.co.kr/web/product/medium/202604/3c139df2a7f48710a51fc57f78f5e449.gif,,,,,"₩29,900","₩29,900",,,,,,260622,
tildeseoul.co.kr,false,,틸데서울,,,,,https://tildeseoul.co.kr/product/detail.html?product_no=3813,초이 브이넥 레이스 반팔 티셔츠,,,https://tildeseoul.co.kr/web/product/medium/202604/74eb8e2140e6f6b4a84607ef2baa4f52.gif,,,,,"₩32,000","₩32,000",,,,,,260622,
tildeseoul.co.kr,false,,틸데서울,,,,,https://tildeseoul.co.kr/product/detail.html?product_no=3812,메이트 밑단 셔링 부츠컷 레깅스 2color,,,https://tildeseoul.co.kr/web/product/medium/202604/c3f3a937a28d964a10ed7f2b9f9e08d6.gif,,,,,"₩41,300","₩41,300",,,,,,260622,
tildeseoul.co.kr,false,,틸데서울,,,,,https://tildeseoul.co.kr/product/detail.html?product_no=3811,모모코 프릴 레이스 롱스커트 3color,,,https://tildeseoul.co.kr/web/product/medium/202604/964467e57815ecde3fdcda430e1e8056.gif,,,,,"₩34,300","₩34,300",,,,,,260622,
tildeseoul.co.kr,false,,틸데서울,,,,,https://tildeseoul.co.kr/product/detail.html?product_no=3810,에트 레이스 딥 브이넥 티셔츠 3color,,,https://tildeseoul.co.kr/web/product/medium/202604/800b13a0876fc643635668474159fe6b.gif,,,,,"₩32,700","₩32,700",,,,,,260622,
tildeseoul.co.kr,false,,틸데서울,,,,,https://tildeseoul.co.kr/product/detail.html?product_no=3809,리어 레그워머 와이드 조거 팬츠 3color,,,https://tildeseoul.co.kr/web/product/medium/202604/d98d64c839a039c09d0d09618fe5098c.gif,,,,,"₩44,300","₩44,300",,,,,,260622,
tildeseoul.co.kr,false,,틸데서울,,,,,https://tildeseoul.co.kr/product/detail.html?product_no=3808,*추천* 앤 빈티지 체크 빅 숄더백 2color,,,https://tildeseoul.co.kr/web/product/medium/202604/57884e38f1566bf46197a6b834984b59.gif,,,,,"₩41,500","₩41,500",,,,,,260622,
tildeseoul.co.kr,false,,틸데서울,,,,,https://tildeseoul.co.kr/product/detail.html?product_no=3807,*set가능* 토마 빈티지 체크 스커트 3color,,,https://tildeseoul.co.kr/web/product/medium/202604/34ce2e6a4071c899eba0d480c3af3bec.gif,,,,,"₩45,400","₩45,400",,,,,,260622,
tildeseoul.co.kr,false,,틸데서울,,,,,https://tildeseoul.co.kr/product/detail.html?product_no=3806,*set가능* 토마 빈티지 체크 블라우스 3color,,,https://tildeseoul.co.kr/web/product/medium/202604/bb541a15b1854bbe6deb6937b644ed1a.gif,,,,,"₩45,400","₩45,400",,,,,,260622,
tildeseoul.co.kr,false,,틸데서울,,,,,https://tildeseoul.co.kr/product/detail.html?product_no=3805,*추천* 솜솜 빈티지 롱 프릴 가디건,,,https://tildeseoul.co.kr/web/product/medium/202604/51762416366ef3343b6efcee4636b442.gif,,,,,"₩42,000","₩42,000",,,,,,260622,
tildeseoul.co.kr,false,,틸데서울,,,,,https://tildeseoul.co.kr/product/detail.html?product_no=3804,델몬 오프숄더 스트링 반팔티 2color,,,https://tildeseoul.co.kr/web/product/medium/202604/3aeed0a2589c2d8b5fd7ff92643f0de9.gif,,,,,"₩33,500","₩33,500",,,,,,260622,
tildeseoul.co.kr,false,,틸데서울,,,,,https://tildeseoul.co.kr/product/detail.html?product_no=3803,포레 펀칭 루즈 롤업 니트 3color,,,https://tildeseoul.co.kr/web/product/medium/202604/bec5d8f27ec8b3de7ea990eeabbb2b90.gif,,,,,"₩42,500","₩42,500",,,,,,260622,
tildeseoul.co.kr,false,,틸데서울,,,,,https://tildeseoul.co.kr/product/detail.html?product_no=3802,앤드 스터드 코튼 숏팬츠 2color,,,https://tildeseoul.co.kr/web/product/medium/202604/c270f90fa77d52e99a4c2ce58d42278d.gif,,,,,"₩46,900","₩46,900",,,,,,260622,
tildeseoul.co.kr,false,,틸데서울,,,,,https://tildeseoul.co.kr/product/detail.html?product_no=3801,에디션 셔링 배색 워머 티셔츠 3color,,,https://tildeseoul.co.kr/web/product/medium/202604/7d63c6ad9ae8d556c1dd6da9df676c97.gif,,,,,"₩35,800","₩35,800",,,,,,260622,
tildeseoul.co.kr,false,,틸데서울,,,,,https://tildeseoul.co.kr/product/detail.html?product_no=3800,베른 소프트 텐셀 조거 팬츠 3color,,,https://tildeseoul.co.kr/web/product/medium/202604/3e57a2af35dcbbfd32fe037cb24ad86f.gif,,,,,"₩47,000","₩47,000",,,,,,260622,
tildeseoul.co.kr,false,,틸데서울,,,,,https://tildeseoul.co.kr/product/detail.html?product_no=3799,이오 단가라 버튼 7부 티셔츠 2color,,,https://tildeseoul.co.kr/web/product/medium/202604/0f61214e224407e829b8df0cee3f33c6.gif,,,,,"₩32,300","₩32,300",,,,,,260622,
tildeseoul.co.kr,false,,틸데서울,,,,,https://tildeseoul.co.kr/product/detail.html?product_no=3798,테모 새깅 밴딩 와이드 절개 팬츠 2color,,,https://tildeseoul.co.kr/web/product/medium/202604/d6864fcdbc74c43f15c86a357b3ba704.gif,,,,,"₩72,500","₩72,500",,,,,,260622,
tildeseoul.co.kr,false,,틸데서울,,,,,https://tildeseoul.co.kr/product/detail.html?product_no=3796,아로 미디 레이스 티어드 스커트 3color,,,https://tildeseoul.co.kr/web/product/medium/202604/dd765bf3378a03072daad8e1c232ae3e.gif,,,,,"₩45,900","₩45,900",,,,,,260622,
tildeseoul.co.kr,false,,틸데서울,,,,,https://tildeseoul.co.kr/product/detail.html?product_no=3795,로맨 캉캉 포인트 나시 탑 2color,,,https://tildeseoul.co.kr/web/product/medium/202604/7ca11c6ae49c320ed1beac8e79471c9b.gif,,,,,"₩30,800","₩30,800",,,,,,260622,
tildeseoul.co.kr,false,,틸데서울,,,,,https://tildeseoul.co.kr/product/detail.html?product_no=3794,*추천* 모아 펀칭 반팔 가디건 3color,,,https://tildeseoul.co.kr/web/product/medium/202604/7e131939858e5d731f510b5aefdb45ee.gif,,,,,"₩36,800","₩36,800",,,,,,260622,
tildeseoul.co.kr,false,,틸데서울,,,,,https://tildeseoul.co.kr/product/detail.html?product_no=3793,*여리핏* 나로 스트링 루즈핏 티셔츠 3color,,,https://tildeseoul.co.kr/web/product/medium/202604/170770804bfbacd648db2c557307ef2d.gif,,,,,"₩29,800","₩29,800",,,,,,260622,
tildeseoul.co.kr,false,,틸데서울,,,,,https://tildeseoul.co.kr/product/detail.html?product_no=3792,노제 배색 레이어드 나시 원피스 2color,,,https://tildeseoul.co.kr/web/product/medium/202604/c08c1b0f3a1dc4481738ad72311a3447.gif,,,,,"₩33,800","₩33,800",,,,,,260622,
tildeseoul.co.kr,false,,틸데서울,,,,,https://tildeseoul.co.kr/product/detail.html?product_no=3791,포프 텐셀 프릴 레이어드 원피스 3color,,,https://tildeseoul.co.kr/web/product/medium/202604/082c1c94c9151fd3897a662f5f7d5a88.gif,,,,,"₩39,800","₩39,800",,,,,,260622,
tildeseoul.co.kr,false,,틸데서울,,,,,https://tildeseoul.co.kr/product/detail.html?product_no=3790,루피 단가라 부츠컷 팬츠 2color,,,https://tildeseoul.co.kr/web/product/medium/202604/8331bf301fafee7e890ec229c2ed62d4.gif,,,,,"₩41,500","₩41,500",,,,,,260622,
tildeseoul.co.kr,false,,틸데서울,,,,,https://tildeseoul.co.kr/product/detail.html?product_no=3789,*set* 아일 천연석 목걸이 세트 5color,,,https://tildeseoul.co.kr/web/product/medium/202603/9a311d96e28938f354c63473fcf4b0fd.gif,,,,,"₩22,500","₩22,500",,,,,,260622,
tildeseoul.co.kr,false,,틸데서울,,,,,https://tildeseoul.co.kr/product/detail.html?product_no=3788,*써지컬스틸* 키라 버튼 포인트 팔찌 3color,,,https://tildeseoul.co.kr/web/product/medium/202603/9f5f6c852f606c15ddb1d9bfcacc44cd.gif,,,,,"₩16,300","₩16,300",,,,,,260622,
tildeseoul.co.kr,false,,틸데서울,,,,,https://tildeseoul.co.kr/product/detail.html?product_no=3787,키딩 스트랩 두건 비니 3color,,,https://tildeseoul.co.kr/web/product/medium/202603/5d5f529bde1553b4da25cbf6a1118ac4.gif,,,,,"₩19,700","₩19,700",,,,,,260622,
tildeseoul.co.kr,false,,틸데서울,,,,,https://tildeseoul.co.kr/product/detail.html?product_no=3786,리아 레이스 롱 머플러 2color,,,https://tildeseoul.co.kr/web/product/medium/202603/64492d02c04c4569b837b9d1b1f14f56.gif,,,,,"₩22,000","₩22,000",,,,,,260622,
tildeseoul.co.kr,false,,틸데서울,,,,,https://tildeseoul.co.kr/product/detail.html?product_no=3785,논노 플라워 자수 비니 3color,,,https://tildeseoul.co.kr/web/product/medium/202603/2dea63c8f5e3eb0fbb156d026505e49d.gif,,,,,"₩20,500","₩20,500",,,,,,260622,
tildeseoul.co.kr,false,,틸데서울,,,,,https://tildeseoul.co.kr/product/detail.html?product_no=3784,그리드 코튼 루즈핏 카라 야상 2color,,,https://tildeseoul.co.kr/web/product/medium/202603/bf1702bacd918ba4e309e840f01ff4cc.gif,,,,,"₩89,800","₩89,800",,,,,,260622,
tildeseoul.co.kr,false,,틸데서울,,,,,https://tildeseoul.co.kr/product/detail.html?product_no=3783,*벨트set* 이케 프릴 레이어드 나시 원피스 2color,,,https://tildeseoul.co.kr/web/product/medium/202603/cff98261fcdba3a9adb5aab2f303858f.gif,,,,,"₩35,900","₩35,900",,,,,,260622,
tildeseoul.co.kr,false,,틸데서울,,,,,https://tildeseoul.co.kr/product/detail.html?product_no=3782,보아 버튼 랩스커트 2color,,,https://tildeseoul.co.kr/web/product/medium/202603/62b1805606539afd15855905e22bec64.gif,,,,,"₩29,500","₩29,500",,,,,,260622,
tildeseoul.co.kr,false,,틸데서울,,,,,https://tildeseoul.co.kr/product/detail.html?product_no=3779,히메 배색 레이스 슬림 카라 티셔츠,,,https://tildeseoul.co.kr/web/product/medium/202603/3cd87c0dc65b965c47b7bd55c030a06c.gif,,,,,"₩26,900","₩26,900",,,,,,260622,
tildeseoul.co.kr,false,,틸데서울,,,,,https://tildeseoul.co.kr/product/detail.html?product_no=3778,*핏보장* 켄달 슬림 카고 배색 부츠컷 팬츠,,,https://tildeseoul.co.kr/web/product/medium/202603/ac2788c7be8b945641d27d733e773dba.gif,,,,,"₩35,900","₩35,900",,,,,,260622,
tildeseoul.co.kr,false,,틸데서울,,,,,https://tildeseoul.co.kr/product/detail.html?product_no=3777,비비 프릴 쉬폰 롱 스커트 2color,,,https://tildeseoul.co.kr/web/product/medium/202603/657685d85aec9af4f04a4c6c57b5cb07.gif,,,,,"₩31,000","₩31,000",,,,,,260622,
tildeseoul.co.kr,false,,틸데서울,,,,,https://tildeseoul.co.kr/product/detail.html?product_no=3776,*unisex* 오엘 도트 코튼 와이드 팬츠 3color,,,https://tildeseoul.co.kr/web/product/medium/202603/068c5abd34589f0a29cec69de84559df.gif,,,,,"₩51,600","₩51,600",,,,,,260622,
tildeseoul.co.kr,false,,틸데서울,,,,,https://tildeseoul.co.kr/product/detail.html?product_no=3775,나츠 프릴 스티치 코튼 자켓 2color,,,https://tildeseoul.co.kr/web/product/medium/202603/56fa98111e05fd2f75180a871f7a6e86.gif,,,,,"₩59,700","₩59,700",,,,,,260622,
tildeseoul.co.kr,false,,틸데서울,,,,,https://tildeseoul.co.kr/product/detail.html?product_no=3773,레인보우 롱 배색 레그워머 2color,,,https://tildeseoul.co.kr/web/product/medium/202603/41e09cede850b1537e216ec5660bb66e.gif,,,,,"₩28,800","₩28,800",,,,,,260622,
tildeseoul.co.kr,false,,틸데서울,,,,,https://tildeseoul.co.kr/product/detail.html?product_no=3772,포니 레이스 펀칭 빅 백 2color,,,https://tildeseoul.co.kr/web/product/medium/202603/92b3717036f97a2636914588bd75ca5b.gif,,,,,"₩52,500","₩52,500",,,,,,260622,
tildeseoul.co.kr,false,,틸데서울,,,,,https://tildeseoul.co.kr/product/detail.html?product_no=3771,리즈 오프숄더 언발 배색 티셔츠 3color,,,https://tildeseoul.co.kr/web/product/medium/202603/593c918308d5e079d247e2c8c3114450.gif,,,,,"₩41,300","₩41,300",,,,,,260622,
tildeseoul.co.kr,false,,틸데서울,,,,,https://tildeseoul.co.kr/product/detail.html?product_no=3770,버디 스트라이프 프릴 후드 집업 2color,,,https://tildeseoul.co.kr/web/product/medium/202603/0403eec4e004be85fcf97bd812c1f16c.gif,,,,,"₩49,500","₩49,500",,,,,,260622,
tildeseoul.co.kr,false,,틸데서울,,,,,https://tildeseoul.co.kr/product/detail.html?product_no=3769,치코 레이스 프릴 슬림 나시 6color,,,https://tildeseoul.co.kr/web/product/medium/202603/80565c9f1370a310652294ac58aa5d40.gif,,,,,"₩33,500","₩33,500",,,,,,260622,
tildeseoul.co.kr,false,,틸데서울,,,,,https://tildeseoul.co.kr/product/detail.html?product_no=3768,(퀄리티*) 아콘 프릴 캉캉 나시 블라우스 2color,,,https://tildeseoul.co.kr/web/product/medium/202603/963c53ae97bf4f110949ab5c56580076.gif,,,,,"₩41,800","₩41,800",,,,,,260622,
tildeseoul.co.kr,false,,틸데서울,,,,,https://tildeseoul.co.kr/product/detail.html?product_no=3767,캔디드 버튼 미디 코튼 스커트 3color,,,https://tildeseoul.co.kr/web/product/medium/202603/713765ffd8842602784a23967a063e45.gif,,,,,"₩49,500","₩49,500",,,,,,260622,
tildeseoul.co.kr,false,,틸데서울,,,,,https://tildeseoul.co.kr/product/detail.html?product_no=3766,티어 프릴 린넨 가디건 3color,,,https://tildeseoul.co.kr/web/product/medium/202603/8d55e010f22de9d67760570d5f48487b.gif,,,,,"₩39,500","₩39,500",,,,,,260622,
tildeseoul.co.kr,false,,틸데서울,,,,,https://tildeseoul.co.kr/product/detail.html?product_no=3765,토미 맥시 체크 배색 롱 스커트 2color,,,https://tildeseoul.co.kr/web/product/medium/202603/7a330f32295e3a5e628a7c56e2af340e.gif,,,,,"₩55,000","₩55,000",,,,,,260622,
tildeseoul.co.kr,false,,틸데서울,,,,,https://tildeseoul.co.kr/product/detail.html?product_no=3764,치크 절개 홀터 나시 탑 2color,,,https://tildeseoul.co.kr/web/product/medium/202603/f7c5374295e22d207971821e8794cd18.gif,,,,,"₩25,800","₩25,800",,,,,,260622,
tildeseoul.co.kr,false,,틸데서울,,,,,https://tildeseoul.co.kr/product/detail.html?product_no=3763,논나 도트 버튼 홀터 나시 3color,,,https://tildeseoul.co.kr/web/product/medium/202603/509de01c8d9bd395b0ad370de246df04.gif,,,,,"₩32,000","₩32,000",,,,,,260622,
tildeseoul.co.kr,false,,틸데서울,,,,,https://tildeseoul.co.kr/product/detail.html?product_no=3762,써클 시스루 도트 긴팔 티셔츠 3color,,,https://tildeseoul.co.kr/web/product/medium/202603/5b8c085173cc6739c869ee6d213b018f.gif,,,,,"₩35,400","₩35,400",,,,,,260622,
tildeseoul.co.kr,false,,틸데서울,,,,,https://tildeseoul.co.kr/product/detail.html?product_no=3761,유카 도트 스트링 스커트 팬츠 2color,,,https://tildeseoul.co.kr/web/product/medium/202603/64200027175d857fe37b3880f983c1f4.gif,,,,,"₩45,400","₩45,400",,,,,,260622,
tildeseoul.co.kr,false,,틸데서울,,,,,https://tildeseoul.co.kr/product/detail.html?product_no=3760,파베 이중 배색 가디건 티셔츠 3color,,,https://tildeseoul.co.kr/web/product/medium/202603/c19aa4b55b7ce5da52a3f5327ea28ccd.gif,,,,,"₩43,900","₩43,900",,,,,,260622,
tildeseoul.co.kr,false,,틸데서울,,,,,https://tildeseoul.co.kr/product/detail.html?product_no=3759,엔조 레이스 포인트 나시 3color,,,https://tildeseoul.co.kr/web/product/medium/202603/23a329ba019c20942cfc4b583510c799.gif,,,,,"₩27,900","₩27,900",,,,,,260622,
tildeseoul.co.kr,false,,틸데서울,,,,,https://tildeseoul.co.kr/product/detail.html?product_no=3758,브리즈 플로럴 캉캉 롱스커트 3color,,,https://tildeseoul.co.kr/web/product/medium/202603/a1d4da0bf6917cb1fcda4fcb6c774692.gif,,,,,"₩42,400","₩42,400",,,,,,260622,
tildeseoul.co.kr,false,,틸데서울,,,,,https://tildeseoul.co.kr/product/detail.html?product_no=3757,메이 빈티지 체크 프릴 블라우스 2color,,,https://tildeseoul.co.kr/web/product/medium/202603/dfc6d74f2aff3f4392dc2874c0d63254.gif,,,,,"₩42,400","₩42,400",,,,,,260622,
tildeseoul.co.kr,false,,틸데서울,,,,,https://tildeseoul.co.kr/product/detail.html?product_no=3756,(퀄리티🩶) 무이 단가라 배색 베스트 2color,,,https://tildeseoul.co.kr/web/product/medium/202603/9ff9f8b3d4b7fa6dbb29c8a8dce05167.gif,,,,,"₩43,900","₩43,900",,,,,,260622,
tildeseoul.co.kr,false,,틸데서울,,,,,https://tildeseoul.co.kr/product/detail.html?product_no=3755,쿄이 프릴 레이어드 스커트 팬츠 2color,,,https://tildeseoul.co.kr/web/product/medium/202603/8d0baa296d8755c035e8f3f05384a32b.gif,,,,,"₩47,800","₩47,800",,,,,,260622,
tildeseoul.co.kr,false,,틸데서울,,,,,https://tildeseoul.co.kr/product/detail.html?product_no=3754,뮤에 골지 언발 셔링 스커트 팬츠 2color,,,https://tildeseoul.co.kr/web/product/medium/202603/f2788f96fe9efa8fd4aa71972e0f8ab6.gif,,,,,"₩42,500","₩42,500",,,,,,260622,
tildeseoul.co.kr,false,,틸데서울,,,,,https://tildeseoul.co.kr/product/detail.html?product_no=3753,모노 브이넥 롱 스티치 후드 집업 3color,,,https://tildeseoul.co.kr/web/product/medium/202603/31ac604f5afb74b3f9f09b2abc5b87e4.gif,,,,,"₩55,800","₩55,800",,,,,,260622,
tildeseoul.co.kr,false,,틸데서울,,,,,https://tildeseoul.co.kr/product/detail.html?product_no=3752,(핏보장💛) 리타 딥 브이넥 슬림핏 티셔츠 5color,,,https://tildeseoul.co.kr/web/product/medium/202603/119950e28c8eca95527dda62407d06f1.gif,,,,,"₩31,600","₩31,600",,,,,,260622,
tildeseoul.co.kr,false,,틸데서울,,,,,https://tildeseoul.co.kr/product/detail.html?product_no=3751,*추천* 미카 빈티지 체크 캉캉 롱스커트 2color,,,https://tildeseoul.co.kr/web/product/medium/202603/27a314aebb27492907afd6315f72f747.gif,,,,,"₩55,700","₩55,700",,,,,,260622,
tildeseoul.co.kr,false,,틸데서울,,,,,https://tildeseoul.co.kr/product/detail.html?product_no=3750,(basic🤍)피키 소프트 7부 텐셀 티셔츠 11color,,,https://tildeseoul.co.kr/web/product/medium/202603/82741fe0c1a6ee8a2f7053971c85d6d6.gif,,,,,"₩24,500","₩24,500",,,,,,260622,
tildeseoul.co.kr,false,,틸데서울,,,,,https://tildeseoul.co.kr/product/detail.html?product_no=3749,에밀리 언발 원숄더 반팔 티셔츠 3color,,,https://tildeseoul.co.kr/web/product/medium/202603/c954cd8019960368a3456dc43f85ca14.gif,,,,,"₩25,800","₩25,800",,,,,,260622,
tildeseoul.co.kr,false,,틸데서울,,,,,https://tildeseoul.co.kr/product/detail.html?product_no=3748,아일렛 크랙 워싱 빅 숄더백 2color,,,https://tildeseoul.co.kr/web/product/medium/202603/b4c2a22faf3781231a9d4dd6c0588fc4.gif,,,,,"₩46,500","₩46,500",,,,,,260622,
tildeseoul.co.kr,false,,틸데서울,,,,,https://tildeseoul.co.kr/product/detail.html?product_no=3747,스타 데님 롤링 비니 3color,,,https://tildeseoul.co.kr/web/product/medium/202603/87d012019f0e3b652a2048dfb4f50aac.gif,,,,,"₩21,300","₩21,300",,,,,,260622,
tildeseoul.co.kr,false,,틸데서울,,,,,https://tildeseoul.co.kr/product/detail.html?product_no=3746,*추천* 브라운 리본 키링 숄더백,,,https://tildeseoul.co.kr/web/product/medium/202603/617bac465dc7a0a8aee86a24be0f8c65.gif,,,,,"₩37,500","₩37,500",,,,,,260622,
tildeseoul.co.kr,false,,틸데서울,,,,,https://tildeseoul.co.kr/product/detail.html?product_no=3745,데몬 단가라 셔링 볼캡,,,https://tildeseoul.co.kr/web/product/medium/202603/b85e303734af567ed584f3b292492703.gif,,,,,"₩21,500","₩21,500",,,,,,260622,
tildeseoul.co.kr,false,,틸데서울,,,,,https://tildeseoul.co.kr/product/detail.html?product_no=3744,레인보우 비즈 끈 벨트,,,https://tildeseoul.co.kr/web/product/medium/202603/a3334392b41325e4e380ccdb9c7a27b1.gif,,,,,"₩22,800","₩22,800",,,,,,260622,
tildeseoul.co.kr,false,,틸데서울,,,,,https://tildeseoul.co.kr/product/detail.html?product_no=3743,러블 비즈 체인 벨트,,,https://tildeseoul.co.kr/web/product/medium/202603/9f1919613db65bc840af87af6ac7cb86.gif,,,,,"₩26,800","₩26,800",,,,,,260622,
tildeseoul.co.kr,false,,틸데서울,,,,,https://tildeseoul.co.kr/product/detail.html?product_no=3742,*unisex* 빈티지 루즈 포켓 체크 셔츠 2color,,,https://tildeseoul.co.kr/web/product/medium/202603/f978f567245a3aaa9309540e72a9e545.gif,,,,,"₩42,000","₩42,000",,,,,,260622,
tildeseoul.co.kr,false,,틸데서울,,,,,https://tildeseoul.co.kr/product/detail.html?product_no=3741,채드 피그먼트 절개 와이드 팬츠 2color,,,https://tildeseoul.co.kr/web/product/medium/202603/1a77fbc32ea856c85851e96af2e590aa.gif,,,,,"₩66,300","₩66,300",,,,,,260622,
tildeseoul.co.kr,false,,틸데서울,,,,,https://tildeseoul.co.kr/product/detail.html?product_no=3740,(퀄리티굿*) 너드 체크 빈티지 시어서커 자켓 2color,,,https://tildeseoul.co.kr/web/product/medium/202603/be76fb516a1de12ad2fa7488eac5f385.gif,,,,,"₩54,000","₩54,000",,,,,,260622,
tildeseoul.co.kr,false,,틸데서울,,,,,https://tildeseoul.co.kr/product/detail.html?product_no=3739,(basic🍎) 데일리 베이직 모달 반팔티 6color,,,https://tildeseoul.co.kr/web/product/medium/202603/6ef070002bc398070e415153f674ba06.gif,,,,,"₩19,900","₩19,900",,,,,,260622,
tildeseoul.co.kr,false,,틸데서울,,,,,https://tildeseoul.co.kr/product/detail.html?product_no=3738,*unisex* 논제 피그먼트 와이드 조거팬츠 4color,,,https://tildeseoul.co.kr/web/product/medium/202603/b7e55ee399f528788f9f207b1cad67f0.gif,,,,,"₩51,000","₩51,000",,,,,,260622,
tildeseoul.co.kr,false,,틸데서울,,,,,https://tildeseoul.co.kr/product/detail.html?product_no=3737,사토 체크 미니 원피스 블라우스 2color,,,https://tildeseoul.co.kr/web/product/medium/202603/ded5ce01bdc2ca93c2ea64ef91908478.gif,,,,,"₩46,800","₩46,800",,,,,,260622,
tildeseoul.co.kr,false,,틸데서울,,,,,https://tildeseoul.co.kr/product/detail.html?product_no=3736,"*unisex,핏보장* 바잉 벌룬 루즈 카고 팬츠 3color",,,https://tildeseoul.co.kr/web/product/medium/202603/ac52709e0c8ac554ada3fc28d045945b.gif,,,,,"₩52,800","₩52,800",,,,,,260622,
tildeseoul.co.kr,false,,틸데서울,,,,,https://tildeseoul.co.kr/product/detail.html?product_no=3735,(basic*) 노바 데일리 골지 슬림 나시 5color,,,https://tildeseoul.co.kr/web/product/medium/202603/835a2d516024aa9203ae6a40bb19d36c.gif,,,,,"₩23,500","₩23,500",,,,,,260622,
tildeseoul.co.kr,false,,틸데서울,,,,,https://tildeseoul.co.kr/product/detail.html?product_no=3734,아카 나그랑 버튼 긴팔 티셔츠 3color,,,https://tildeseoul.co.kr/web/product/medium/202603/26b92bcebc913da53738fd897341df3c.gif,,,,,"₩33,700","₩33,700",,,,,,260622,
tildeseoul.co.kr,false,,틸데서울,,,,,https://tildeseoul.co.kr/product/detail.html?product_no=3733,"*unisex,기장조절* 캠벨 스냅 와이드 벌룬 데님 2color",,,https://tildeseoul.co.kr/web/product/medium/202603/8aef308b0086a3623692782e3ed7593f.gif,,,,,"₩43,800","₩43,800",,,,,,260622,
tildeseoul.co.kr,false,,틸데서울,,,,,https://tildeseoul.co.kr/product/detail.html?product_no=3732,카와 엠보 도트 스트링 나시 뷔스티에 2color,,,https://tildeseoul.co.kr/web/product/medium/202603/aeae1531170def41042e52ef172032d1.gif,,,,,"₩41,000","₩41,000",,,,,,260622,
tildeseoul.co.kr,false,,틸데서울,,,,,https://tildeseoul.co.kr/product/detail.html?product_no=3731,누보 셔링 랩 레이어드 티셔츠 3color,,,https://tildeseoul.co.kr/web/product/medium/202603/0f22dad2b7231808d86a014300e118c4.gif,,,,,"₩32,000","₩32,000",,,,,,260622,
tildeseoul.co.kr,false,,틸데서울,,,,,https://tildeseoul.co.kr/product/detail.html?product_no=3730,매니시 단가라 커버 와이드 슬랙스 2color,,,https://tildeseoul.co.kr/web/product/medium/202603/356054e58148da171f4078b16f3addb5.gif,,,,,"₩48,600","₩48,600",,,,,,260622,
tildeseoul.co.kr,false,,틸데서울,,,,,https://tildeseoul.co.kr/product/detail.html?product_no=3729,에라 레이스 오프숄더 모달 나시 3color,,,https://tildeseoul.co.kr/web/product/medium/202603/2de7e311c0dcc20f99a6feea86faff12.gif,,,,,"₩28,900","₩28,900",,,,,,260622,
tildeseoul.co.kr,false,,틸데서울,,,,,https://tildeseoul.co.kr/product/detail.html?product_no=3728,몬비 밑단 롤업 9부 팬츠 2color,,,https://tildeseoul.co.kr/web/product/medium/202603/b6f8a7ba3e5846ee4d2013ce2d2ad790.gif,,,,,"₩48,300","₩48,300",,,,,,260622,
tildeseoul.co.kr,false,,틸데서울,,,,,https://tildeseoul.co.kr/product/detail.html?product_no=3727,젤라또 단가라 루즈 포켓 집업 2color,,,https://tildeseoul.co.kr/web/product/medium/202603/4199152bb92cdb4c39b0542fe2abd114.gif,,,,,"₩34,500","₩34,500",,,,,,260622,
tildeseoul.co.kr,false,,틸데서울,,,,,https://tildeseoul.co.kr/product/detail.html?product_no=3726,트웬 핀턱 루즈 반팔 티셔츠 2color,,,https://tildeseoul.co.kr/web/product/medium/202603/44b73c58a97e254b13ea7d5cb95c6208.gif,,,,,"₩26,800","₩26,800",,,,,,260622,
tildeseoul.co.kr,false,,틸데서울,,,,,https://tildeseoul.co.kr/product/detail.html?product_no=3725,노미 스트링 레이스 블라우스 2color,,,https://tildeseoul.co.kr/web/product/medium/202603/60aadcd899b9c3f8437b2a916ee3658c.gif,,,,,"₩47,500","₩47,500",,,,,,260622,
tildeseoul.co.kr,false,,틸데서울,,,,,https://tildeseoul.co.kr/product/detail.html?product_no=3724,뮤어 플리츠 스트링 롱스커트 2color,,,https://tildeseoul.co.kr/web/product/medium/202603/bfed3de09cb97ab5df523aaa98b4deec.gif,,,,,"₩42,600","₩42,600",,,,,,260622,
tildeseoul.co.kr,false,,틸데서울,,,,,https://tildeseoul.co.kr/product/detail.html?product_no=3723,츠메 펀칭 배색 패턴 나시 5color,,,https://tildeseoul.co.kr/web/product/medium/202603/3d2657e502421eab8f20f50983a29284.gif,,,,,"₩24,300","₩24,300",,,,,,260622,
tildeseoul.co.kr,false,,틸데서울,,,,,https://tildeseoul.co.kr/product/detail.html?product_no=3722,바나 단가라 오프숄더 티셔츠 3color,,,https://tildeseoul.co.kr/web/product/medium/202603/22db39c4b57ec709d580e30dda49d416.gif,,,,,"₩28,300","₩28,300",,,,,,260622,
tildeseoul.co.kr,false,,틸데서울,,,,,https://tildeseoul.co.kr/product/detail.html?product_no=3721,(핏보장💛)마요 소프트 오프숄더 티셔츠 3color,,,https://tildeseoul.co.kr/web/product/medium/202603/5826ddf0b6364dbe69ecd00fce36cb46.gif,,,,,"₩28,300","₩28,300",,,,,,260622,
tildeseoul.co.kr,false,,틸데서울,,,,,https://tildeseoul.co.kr/product/detail.html?product_no=3720,(퀄리티🖤)클래식 체크 프릴 셔츠 블라우스 2color,,,https://tildeseoul.co.kr/web/product/medium/202603/c7bf25211c4c2b67b71aac9a4212ebb0.gif,,,,,"₩48,200","₩48,200",,,,,,260622,
tildeseoul.co.kr,false,,틸데서울,,,,,https://tildeseoul.co.kr/product/detail.html?product_no=3719,*핏보장* 치프 쭈리 와이드 로브 조거 팬츠 3color,,,https://tildeseoul.co.kr/web/product/medium/202603/9d8dfa8102e6f432057a088cce0660bd.gif,,,,,"₩55,400","₩55,400",,,,,,260622,
tildeseoul.co.kr,false,,틸데서울,,,,,https://tildeseoul.co.kr/product/detail.html?product_no=3717,네즈 단가라 프릴 스트링 후드 가디건 3color,,,https://tildeseoul.co.kr/web/product/medium/202603/838b59ee6623693fd68db45c8efc924c.gif,,,,,"₩45,900","₩45,900",,,,,,260622,
tildeseoul.co.kr,false,,틸데서울,,,,,https://tildeseoul.co.kr/product/detail.html?product_no=3716,일라이 배색 버튼 7부 티셔츠 3color,,,https://tildeseoul.co.kr/web/product/medium/202603/a6f64def9a21858f231b1926bfb38dc0.gif,,,,,"₩37,500","₩37,500",,,,,,260622,
tildeseoul.co.kr,false,,틸데서울,,,,,https://tildeseoul.co.kr/product/detail.html?product_no=3715,버블 알파카 시스루 데일리 가디건 6color,,,https://tildeseoul.co.kr/web/product/medium/202603/b52a034ef779bb3820df4548dde2ad2e.gif,,,,,"₩24,600","₩24,600",,,,,,260622,
tildeseoul.co.kr,false,,틸데서울,,,,,https://tildeseoul.co.kr/product/detail.html?product_no=3714,*추천* 본드 벌룬 카고 프릴 미디 스커트 3color,,,https://tildeseoul.co.kr/web/product/medium/202603/f0af476ba47536bea84c6eb5c191b5ac.gif,,,,,"₩59,800","₩59,800",,,,,,260622,
tildeseoul.co.kr,false,,틸데서울,,,,,https://tildeseoul.co.kr/product/detail.html?product_no=3713,*퀄리티추천* 와니 반팔 퍼프 트위드 자켓 3color,,,https://tildeseoul.co.kr/web/product/medium/202603/0ebe16fa1ffedbea7eddbb9fc66b26f0.gif,,,,,"₩77,500","₩77,500",,,,,,260622,
tildeseoul.co.kr,false,,틸데서울,,,,,https://tildeseoul.co.kr/product/detail.html?product_no=3712,플로럴 와플 포인트 비니 3color,,,https://tildeseoul.co.kr/web/product/medium/202603/885cbef14a45affc22157cc116a79626.gif,,,,,"₩19,500","₩19,500",,,,,,260622,
tildeseoul.co.kr,false,,틸데서울,,,,,https://tildeseoul.co.kr/product/detail.html?product_no=3711,이브 도트 미니백,,,https://tildeseoul.co.kr/web/product/medium/202603/e8b2f3a0f8803da7d4aadb1ee50710e8.gif,,,,,"₩32,000","₩32,000",,,,,,260622,
tildeseoul.co.kr,false,,틸데서울,,,,,https://tildeseoul.co.kr/product/detail.html?product_no=3710,포인트 벨트 포켓 백 2color,,,https://tildeseoul.co.kr/web/product/medium/202603/42ab07b1af5eb2f47c92675fa29132e0.gif,,,,,"₩28,700","₩28,700",,,,,,260622,
tildeseoul.co.kr,false,,틸데서울,,,,,https://tildeseoul.co.kr/product/detail.html?product_no=3709,*키링세트* 포코 도트 프릴 백 2color,,,https://tildeseoul.co.kr/web/product/medium/202603/81547f66d09b837125d61f6a88c0b873.gif,,,,,"₩36,500","₩36,500",,,,,,260622,
tildeseoul.co.kr,false,,틸데서울,,,,,https://tildeseoul.co.kr/product/detail.html?product_no=3708,나카메 체크 배색 하이넥 버클 집업,,,https://tildeseoul.co.kr/web/product/medium/202603/92e646430b169e6e9f40eb7a78bf653d.gif,,,,,"₩76,900","₩76,900",,,,,,260622,
tildeseoul.co.kr,false,,틸데서울,,,,,https://tildeseoul.co.kr/product/detail.html?product_no=3707,로니 레이스 레이어드 시스루 티셔츠 2color,,,https://tildeseoul.co.kr/web/product/medium/202603/3fe245a08c2fed6f69ac646b23330591.gif,,,,,"₩29,900","₩29,900",,,,,,260622,
tildeseoul.co.kr,false,,틸데서울,,,,,https://tildeseoul.co.kr/product/detail.html?product_no=3706,*추천* 허밍 단가라 프릴 나시 2color,,,https://tildeseoul.co.kr/web/product/medium/202603/acc65a17c24c8fef8a9ad4239f2fd643.gif,,,,,"₩27,900","₩27,900",,,,,,260622,
tildeseoul.co.kr,false,,틸데서울,,,,,https://tildeseoul.co.kr/product/detail.html?product_no=3705,유스 스터드 밴딩 부츠컷 치마 바지 2color,,,https://tildeseoul.co.kr/web/product/medium/202603/9ebe5138fd728d2d98a0474a2ceebcbd.gif,,,,,"₩32,000","₩32,000",,,,,,260622,
tildeseoul.co.kr,false,,틸데서울,,,,,https://tildeseoul.co.kr/product/detail.html?product_no=3703,푸린 셔링 프릴 루즈 후드 집업 2color,,,https://tildeseoul.co.kr/web/product/medium/202603/8696b4740403716e394684235a0fa12b.gif,,,,,"₩55,700","₩55,700",,,,,,260622,
tildeseoul.co.kr,false,,틸데서울,,,,,https://tildeseoul.co.kr/product/detail.html?product_no=3702,심볼 프릴 모달 프릴 홀터 나시 4color,,,https://tildeseoul.co.kr/web/product/medium/202603/4ba8863a167bce0102e229ce774d73a2.gif,,,,,"₩23,700","₩23,700",,,,,,260622,
tildeseoul.co.kr,false,,틸데서울,,,,,https://tildeseoul.co.kr/product/detail.html?product_no=3701,코니 웨이브 라인 일자 레깅스 팬츠 3color,,,https://tildeseoul.co.kr/web/product/medium/202603/7e0c604b9e37716a56f4db3be697cb28.gif,,,,,"₩39,500","₩39,500",,,,,,260622,
tildeseoul.co.kr,false,,틸데서울,,,,,https://tildeseoul.co.kr/product/detail.html?product_no=3700,캔들 아가일 시스루 긴팔 티셔츠 3color,,,https://tildeseoul.co.kr/web/product/medium/202603/67f1304ad215618bf3b32a2107ca194e.gif,,,,,"₩30,500","₩30,500",,,,,,260622,
tildeseoul.co.kr,false,,틸데서울,,,,,https://tildeseoul.co.kr/product/detail.html?product_no=3699,*백포인트* 일리아 소프트 7부 티셔츠 7color,,,https://tildeseoul.co.kr/web/product/medium/202603/9f5c695f9d07ae2de940cd44dd33a843.gif,,,,,"₩18,800","₩18,800",,,,,,260622,
tildeseoul.co.kr,false,,틸데서울,,,,,https://tildeseoul.co.kr/product/detail.html?product_no=3698,베티 미니 캉캉 밴딩 레이어드 스커트,,,https://tildeseoul.co.kr/web/product/medium/202603/70948bcbccb5146242ddb64abf7f6b95.gif,,,,,"₩34,000","₩34,000",,,,,,260622,
tildeseoul.co.kr,false,,틸데서울,,,,,https://tildeseoul.co.kr/product/detail.html?product_no=3697,러브 벨로아 프릴 7부 레깅스 팬츠,,,https://tildeseoul.co.kr/web/product/medium/202603/bc5a7935cb5ff012396dc2bfe09934ff.gif,,,,,"₩37,900","₩37,900",,,,,,260622,
tildeseoul.co.kr,false,,틸데서울,,,,,https://tildeseoul.co.kr/product/detail.html?product_no=3696,딥 워싱 벌룬 카고 미디 데님 스커트,,,https://tildeseoul.co.kr/web/product/medium/202602/a91d27e67e93160f7428037caed71e95.gif,,,,,"₩41,500","₩41,500",,,,,,260622,
tildeseoul.co.kr,false,,틸데서울,,,,,https://tildeseoul.co.kr/product/detail.html?product_no=3695,이소 스트라이프 미디 스커트 2color,,,https://tildeseoul.co.kr/web/product/medium/202602/bf31bd118a487cde3b89e5b2ae64b8af.gif,,,,,"₩45,800","₩45,800",,,,,,260622,
tildeseoul.co.kr,false,,틸데서울,,,,,https://tildeseoul.co.kr/product/detail.html?product_no=3694,아엘 버튼 스프링 데일리 가디건 4color,,,https://tildeseoul.co.kr/web/product/medium/202602/9e7c8215eb790697476f91a23542f6b6.gif,,,,,"₩38,500","₩38,500",,,,,,260622,
tildeseoul.co.kr,false,,틸데서울,,,,,https://tildeseoul.co.kr/product/detail.html?product_no=3693,포포 골지 프릴 7부 레깅스 2color,,,https://tildeseoul.co.kr/web/product/medium/202602/1a96cdf0b8c4542d755d7ff9b3f33065.gif,,,,,"₩34,300","₩34,300",,,,,,260622,
tildeseoul.co.kr,false,,틸데서울,,,,,https://tildeseoul.co.kr/product/detail.html?product_no=3692,포피 프릴 버튼 루즈 티셔츠 3color,,,https://tildeseoul.co.kr/web/product/medium/202602/6cc34ca84aff7218c681d47c6b709b87.gif,,,,,"₩39,900","₩39,900",,,,,,260622,
tildeseoul.co.kr,false,,틸데서울,,,,,https://tildeseoul.co.kr/product/detail.html?product_no=3691,탐탐 논페이드 데님 플리츠 미디 스커트 2color,,,https://tildeseoul.co.kr/web/product/medium/202602/11fc9e09d397c38eab5fb3163bcb587a.gif,,,,,"₩48,300","₩48,300",,,,,,260622,
tildeseoul.co.kr,false,,틸데서울,,,,,https://tildeseoul.co.kr/product/detail.html?product_no=3690,스윗 홈 루즈 반팔 티셔츠 2color,,,https://tildeseoul.co.kr/web/product/medium/202602/83d10597931fd1edfc5e58b457562035.gif,,,,,"₩31,000","₩31,000",,,,,,260622,
tildeseoul.co.kr,false,,틸데서울,,,,,https://tildeseoul.co.kr/product/detail.html?product_no=3689,조로 단가라 배색 후드 집업 3color,,,https://tildeseoul.co.kr/web/product/medium/202602/89bde64cb634b36aedacdcebcfcd9921.gif,,,,,"₩42,800","₩42,800",,,,,,260622,
tildeseoul.co.kr,false,,틸데서울,,,,,https://tildeseoul.co.kr/product/detail.html?product_no=3688,이노 도트 프릴 레이어드 스커트 2color,,,https://tildeseoul.co.kr/web/product/medium/202602/ce42a87a24692cb64a70bf4ec3344cd4.gif,,,,,"₩41,300","₩41,300",,,,,,260622,
tildeseoul.co.kr,false,,틸데서울,,,,,https://tildeseoul.co.kr/product/detail.html?product_no=3685,포에지 배색 플로럴 오프숄더 맨투맨 2color,,,https://tildeseoul.co.kr/web/product/medium/202602/8447c3c0bd79f67065ac8fb4f8ecc43a.gif,,,,,"₩45,800","₩45,800",,,,,,260622,
tildeseoul.co.kr,false,,틸데서울,,,,,https://tildeseoul.co.kr/product/detail.html?product_no=3684,제이스 프린지 버클 트위드 자켓 2color,,,https://tildeseoul.co.kr/web/product/medium/202602/ae92f87dbb02f5cf20f27d8df28e7147.gif,,,,,"₩88,500","₩88,500",,,,,,260622,
tildeseoul.co.kr,false,,틸데서울,,,,,https://tildeseoul.co.kr/product/detail.html?product_no=3683,(핏퀄리티🖤) 어베인 체크 배색 코튼 셔츠 2color,,,https://tildeseoul.co.kr/web/product/medium/202602/de6aef3d8ff33da69166971853616479.gif,,,,,"₩49,300","₩49,300",,,,,,260622,
tildeseoul.co.kr,false,,틸데서울,,,,,https://tildeseoul.co.kr/product/detail.html?product_no=3681,크리미 도트 시스루 티셔츠 2color,,,https://tildeseoul.co.kr/web/product/medium/202602/09ca81c6ad545bd54b0b92ca558446c8.gif,,,,,"₩31,500","₩31,500",,,,,,260622,
tildeseoul.co.kr,false,,틸데서울,,,,,https://tildeseoul.co.kr/product/detail.html?product_no=3680,스타 루즈 원숄더 데끼 티셔츠 2color,,,https://tildeseoul.co.kr/web/product/medium/202602/3211a4b974e631c2e8859cae00e28090.gif,,,,,"₩41,600","₩41,600",,,,,,260622,
tildeseoul.co.kr,false,,틸데서울,,,,,https://tildeseoul.co.kr/product/detail.html?product_no=3679,(퀄리티*) 스윙 레이스 레이어드 나시 원피스 3color,,,https://tildeseoul.co.kr/web/product/medium/202602/9a96da244e562fcec13320bb8fd30b83.gif,,,,,"₩37,500","₩37,500",,,,,,260622,
tildeseoul.co.kr,false,,틸데서울,,,,,https://tildeseoul.co.kr/product/detail.html?product_no=3678,캔디 버튼 펀칭 포인트 가디건 3color,,,https://tildeseoul.co.kr/web/product/medium/202602/dc61a87a68527d98a5f83f53a8bef6b5.gif,,,,,"₩37,500","₩37,500",,,,,,260622,
tildeseoul.co.kr,false,,틸데서울,,,,,https://tildeseoul.co.kr/product/detail.html?product_no=3677,키오 스냅 배색 데일리 가디건 3color,,,https://tildeseoul.co.kr/web/product/medium/202602/87df570d68ea98b37ad404ecfb2b70dc.gif,,,,,"₩37,800","₩37,800",,,,,,260622,
tildeseoul.co.kr,false,,틸데서울,,,,,https://tildeseoul.co.kr/product/detail.html?product_no=3676,피노 단가라 배색 코튼 티셔츠 3color,,,https://tildeseoul.co.kr/web/product/medium/202602/51c3e879f61f3865116888c0e89003e2.gif,,,,,"₩35,500","₩35,500",,,,,,260622,
tildeseoul.co.kr,false,,틸데서울,,,,,https://tildeseoul.co.kr/product/detail.html?product_no=3675,데이지 버튼 포인트 루즈 후드 집업 3color,,,https://tildeseoul.co.kr/web/product/medium/202602/ff5c9887cb70f7ae6b9acba58439f0f1.gif,,,,,"₩49,800","₩49,800",,,,,,260622,
tildeseoul.co.kr,false,,틸데서울,,,,,https://tildeseoul.co.kr/product/detail.html?product_no=3674,*추천* 포터 랩 와이드 코튼 팬츠 3color,,,https://tildeseoul.co.kr/web/product/medium/202602/828420f45770caff8604d382a53c460a.gif,,,,,"₩41,800","₩41,800",,,,,,260622,
tildeseoul.co.kr,false,,틸데서울,,,,,https://tildeseoul.co.kr/product/detail.html?product_no=3673,*핏보장* 헤이 셔링 배색 코튼 티셔츠 3color,,,https://tildeseoul.co.kr/web/product/medium/202602/80237c7580d7b190781786fa39721b49.gif,,,,,"₩35,500","₩35,500",,,,,,260622,
tildeseoul.co.kr,false,,틸데서울,,,,,https://tildeseoul.co.kr/product/detail.html?product_no=3672,포비 배색 프릴 포켓 반집업 맨투맨 3color,,,https://tildeseoul.co.kr/web/product/medium/202602/d70f51b40a4a5b72fcf7f98c4f19718d.gif,,,,,"₩49,600","₩49,600",,,,,,260622,
tildeseoul.co.kr,false,,틸데서울,,,,,https://tildeseoul.co.kr/product/detail.html?product_no=3671,바닐 단가라 프릴 카라티 3color,,,https://tildeseoul.co.kr/web/product/medium/202602/cc74408b3a3a4764213b385c032b5315.gif,,,,,"₩37,900","₩37,900",,,,,,260622,
tildeseoul.co.kr,false,,틸데서울,,,,,https://tildeseoul.co.kr/product/detail.html?product_no=3669,*set* 키라 벨트 랩 슬릿 롱스커트 3color,,,https://tildeseoul.co.kr/web/product/medium/202602/c8270125ac1e59af1896ade909c4816c.gif,,,,,"₩48,500","₩48,500",,,,,,260622,
tildeseoul.co.kr,false,,틸데서울,,,,,https://tildeseoul.co.kr/product/detail.html?product_no=3668,(핏보장🩶) 코멧 투웨이 사선 코튼 집업 3color,,,https://tildeseoul.co.kr/web/product/medium/202602/d61a7fbfc605107a7cad60dd705bbc3d.gif,,,,,"₩49,800","₩49,800",,,,,,260622,
tildeseoul.co.kr,false,,틸데서울,,,,,https://tildeseoul.co.kr/product/detail.html?product_no=3667,아나 레이스 레이어드 미니 스커트 2color,,,https://tildeseoul.co.kr/web/product/medium/202602/1c23569cf961246a6d29e05877949888.gif,,,,,"₩40,500","₩40,500",,,,,,260622,
tildeseoul.co.kr,false,,틸데서울,,,,,https://tildeseoul.co.kr/product/detail.html?product_no=3666,*퀄리티* 리튼 페미닌 레이스 뷔스티에 3color,,,https://tildeseoul.co.kr/web/product/medium/202602/0af073ea418f4079485dfe9560a8614b.gif,,,,,"₩35,700","₩35,700",,,,,,260622,
tildeseoul.co.kr,false,,틸데서울,,,,,https://tildeseoul.co.kr/product/detail.html?product_no=3665,우드 포인트 빅 벨트,,,https://tildeseoul.co.kr/web/product/medium/202602/a125291a1e6085e439140bafaef68efc.gif,,,,,"₩23,000","₩23,000",,,,,,260622,
tildeseoul.co.kr,false,,틸데서울,,,,,https://tildeseoul.co.kr/product/detail.html?product_no=3664,바클 빈티지 우드 끈 벨트 3color,,,https://tildeseoul.co.kr/web/product/medium/202602/97c008ab12ec5d8ba7f415644ce315e7.gif,,,,,"₩26,900","₩26,900",,,,,,260622,
tildeseoul.co.kr,false,,틸데서울,,,,,https://tildeseoul.co.kr/product/detail.html?product_no=3663,*set* 도넛 비즈 써지컬 목걸이,,,https://tildeseoul.co.kr/web/product/medium/202602/faeef539f423704195b80067e541fcaf.gif,,,,,"₩37,500","₩37,500",,,,,,260622,
