platform,is_ranking,rank,brand,brand_likes,main_category,category,gender,product_detail_url,product_name,color,color_chip,thumbnail,likes,views,details,material,current_price,regular_price,discount_rate,rating,reviews,sales,manufacture_date,crawled_at,reorder
,false,,그로브,,,전체,,https://en.grovestore.com/product/detail.html?product_no=5957,VARA HALTER WRAP SET,,,https://en.grovestore.com/web/product/medium/202606/1c44181c6c17a31b083e4528f731bd45.jpg,,,,,,₩72,,,,,,260626,
,false,,그로브,,,전체,,https://en.grovestore.com/product/detail.html?product_no=5956,VAIN CAPRI PANTS,,,https://en.grovestore.com/web/product/medium/202606/c64eca606823b165d764be53c63ccb29.jpg,,,,,,₩109,,,,,,260626,
,false,,그로브,,,전체,,https://en.grovestore.com/product/detail.html?product_no=5955,SERIN LAYERED ONE-PIECE,,,https://en.grovestore.com/web/product/medium/202606/f9d336c0c659587b69b87e102a1d9ac9.jpg,,,,,,₩131,,,,,,260626,
,false,,그로브,,,전체,,https://en.grovestore.com/product/detail.html?product_no=5954,ROEN BUTTON PK T-SHIRT,,,https://en.grovestore.com/web/product/medium/202606/5fbe28999c899c02afdcb2e784af8bc7.jpg,,,,,,₩58,,,,,,260626,
,false,,그로브,,,전체,,https://en.grovestore.com/product/detail.html?product_no=5953,REYA H/S KNIT CARDIGAN,,,https://en.grovestore.com/web/product/medium/202606/3acee4cef2a42a25b91631d691f826fc.jpg,,,,,,₩79,,,,,,260626,
,false,,그로브,,,전체,,https://en.grovestore.com/product/detail.html?product_no=5952,POET DENIM POCKET PANTS,,,https://en.grovestore.com/web/product/medium/202606/488e9750888669bf0e3cf3c02518cc77.jpg,,,,,,₩116,,,,,,260626,
,false,,그로브,,,전체,,https://en.grovestore.com/product/detail.html?product_no=5951,ODETTE H/S KNIT,,,https://en.grovestore.com/web/product/medium/202606/669a7625745915d2762982699dfdac9b.jpg,,,,,,₩61,,,,,,260626,
,false,,그로브,,,전체,,https://en.grovestore.com/product/detail.html?product_no=5950,NOMA PINTUCK SHORTS,,,https://en.grovestore.com/web/product/medium/202606/3e10107eca4e770cabe7aed9b0163b5e.jpg,,,,,,₩109,,,,,,260626,
,false,,그로브,,,전체,,https://en.grovestore.com/product/detail.html?product_no=5949,MELROSE SATIN MIDI SKIRT,,,https://en.grovestore.com/web/product/medium/202606/f1339651fa09643372a1edbb24ec25b8.jpg,,,,,,₩109,,,,,,260626,
,false,,그로브,,,전체,,https://en.grovestore.com/product/detail.html?product_no=5948,LIOR MIDI SKIRT,,,https://en.grovestore.com/web/product/medium/202606/42aaaed4e7d12d4a2407bf0bcc7b958c.jpg,,,,,,₩116,,,,,,260626,
,false,,그로브,,,전체,,https://en.grovestore.com/product/detail.html?product_no=5947,LIOR HALTER VEST,,,https://en.grovestore.com/web/product/medium/202606/b1928cc70c130ac3be7c7dcaaca3a83a.jpg,,,,,,₩94,,,,,,260626,
,false,,그로브,,,전체,,https://en.grovestore.com/product/detail.html?product_no=5946,GLIM LACE SLEEVELESS,,,https://en.grovestore.com/web/product/medium/202606/cc9b0979e286b980d285563f81b7080d.jpg,,,,,,₩36,,,,,,260626,
,false,,그로브,,,전체,,https://en.grovestore.com/product/detail.html?product_no=5945,GEMMA SLEEVELESS MUFFLER SET,,,https://en.grovestore.com/web/product/medium/202606/c68101e783ac7defecbf9661a5b9799a.jpg,,,,,,₩109,,,,,,260626,
,false,,그로브,,,전체,,https://en.grovestore.com/product/detail.html?product_no=5944,FLOW LAYERED ONE-PIECE,,,https://en.grovestore.com/web/product/medium/202606/4a9b18774fb9ae4f036f4183af4b6550.jpg,,,,,,₩79,,,,,,260626,
,false,,그로브,,,전체,,https://en.grovestore.com/product/detail.html?product_no=5943,ECHO DENIM PANTS,,,https://en.grovestore.com/web/product/medium/202606/0b84ed37a7d71f83cc0906c326c442e7.jpg,,,,,,₩124,,,,,,260626,
,false,,그로브,,,전체,,https://en.grovestore.com/product/detail.html?product_no=5942,DORY STRIPE KNIT SLEEVELESS,,,https://en.grovestore.com/web/product/medium/202606/a8506bd25eb040d2172058da88bad1dd.jpg,,,,,,₩46,,,,,,260626,
,false,,그로브,,,전체,,https://en.grovestore.com/product/detail.html?product_no=5941,DEW U-NECK T-SHIRT,,,https://en.grovestore.com/web/product/medium/202606/2b645fe426b30fd3a6c72d72e9d11fac.jpg,,,,,,₩34,,,,,,260626,
,false,,그로브,,,전체,,https://en.grovestore.com/product/detail.html?product_no=5940,BRISE ONE-PIECE,,,https://en.grovestore.com/web/product/medium/202606/68857153e983773d8956139fbc9b1bad.jpg,,,,,,₩124,,,,,,260626,
,false,,그로브,,,전체,,https://en.grovestore.com/product/detail.html?product_no=5939,BIANCA ONE-PIECE,,,https://en.grovestore.com/web/product/medium/202606/061180e1c5eed944fb5a0c56ec4036eb.jpg,,,,,,₩124,,,,,,260626,
,false,,그로브,,,전체,,https://en.grovestore.com/product/detail.html?product_no=5938,WENDY 3/4 T-SHIRT,,,https://en.grovestore.com/web/product/medium/202606/a5de29b28bfb0b29415ad379719e80cd.jpg,,,,,,₩42,,,,,,260626,
,false,,그로브,,,전체,,https://en.grovestore.com/product/detail.html?product_no=5937,RUDO U-NECK T-SHIRT,,,https://en.grovestore.com/web/product/medium/202606/a498f32d5a6a304d06ba0903f403caf5.jpg,,,,,,₩31,,,,,,260626,
,false,,그로브,,,전체,,https://en.grovestore.com/product/detail.html?product_no=5936,OVELY SHEER SHIRT,,,https://en.grovestore.com/web/product/medium/202606/c5e3331fa0b2da99f02ff900e0c9883d.jpg,,,,,,₩101,,,,,,260626,
,false,,그로브,,,전체,,https://en.grovestore.com/product/detail.html?product_no=5935,MAGARET HALTER H/S T-SHIRT,,,https://en.grovestore.com/web/product/medium/202606/d6c68d7764819af0e74005345871efb9.jpg,,,,,,₩61,,,,,,260626,
,false,,그로브,,,전체,,https://en.grovestore.com/product/detail.html?product_no=5934,GRVR WASHED CAP,,,https://en.grovestore.com/web/product/medium/202606/cc6e8614168cc07eef29e265bc31e9a3.jpg,,,,,,₩42,,,,,,260626,
,false,,그로브,,,전체,,https://en.grovestore.com/product/detail.html?product_no=5933,GRV COLLEGE T-SHIRT,,,https://en.grovestore.com/web/product/medium/202606/e65c0f1ec3a95b060647d784b3210e79.jpg,,,,,,₩28,,,,,,260626,
,false,,그로브,,,전체,,https://en.grovestore.com/product/detail.html?product_no=5932,GRV COLLEGE BAG,,,https://en.grovestore.com/web/product/medium/202606/6b6c7a08f70f0033cf2a0fac902c9f1d.jpg,,,,,,₩35,,,,,,260626,
,false,,그로브,,,전체,,https://en.grovestore.com/product/detail.html?product_no=5931,FONDS H/S CROP T-SHIRT,,,https://en.grovestore.com/web/product/medium/202606/1db2d431d8fb013a4caf73c299d2e262.jpg,,,,,,₩33,,,,,,260626,
,false,,그로브,,,전체,,https://en.grovestore.com/product/detail.html?product_no=5930,CLOVER V-NECK KNIT VEST,,,https://en.grovestore.com/web/product/medium/202606/c2cafee33d28c01dc502e944fd5a8fb9.jpg,,,,,,₩58,,,,,,260626,
,false,,그로브,,,전체,,https://en.grovestore.com/product/detail.html?product_no=5928,SWAY PANTS,,,https://en.grovestore.com/web/product/medium/202606/afc1a1bde167b778f2dc8de5ae8c27dd.jpg,,,,,,₩72,,,,,,260626,
,false,,그로브,,,전체,,https://en.grovestore.com/product/detail.html?product_no=5927,MIKA STRIPE T-SHIRT,,,https://en.grovestore.com/web/product/medium/202606/62d5b17da4e7ea81afdfaf53dd438f33.jpg,,,,,,₩36,,,,,,260626,
,false,,그로브,,,전체,,https://en.grovestore.com/product/detail.html?product_no=5926,JOEY U-NECK TOP,,,https://en.grovestore.com/web/product/medium/202606/dafc71360ab0de1481c1806ebd369ab1.jpg,,,,,,₩36,,,,,,260626,
,false,,그로브,,,전체,,https://en.grovestore.com/product/detail.html?product_no=5925,JOEY SLEEVELESS TOP,,,https://en.grovestore.com/web/product/medium/202606/2be32e1355e7cc72c58335e25419b2d4.jpg,,,,,,₩19,,,,,,260626,
,false,,그로브,,,전체,,https://en.grovestore.com/product/detail.html?product_no=5924,FONDS T-SHIRT,,,https://en.grovestore.com/web/product/medium/202606/f5154f717dc2bb4d8c94d13a8e64ded8.jpg,,,,,,₩35,,,,,,260626,
,false,,그로브,,,전체,,https://en.grovestore.com/product/detail.html?product_no=5887,VIOLET MIDI SKIRT,,,https://en.grovestore.com/web/product/medium/202604/249ca63629d773cc0f61cad6dd61a286.jpg,,,,,,₩79,,,,,,260626,
,false,,그로브,,,전체,,https://en.grovestore.com/product/detail.html?product_no=5886,TASHA DENIM SKIRT PANTS,,,https://en.grovestore.com/web/product/medium/202604/b3ab3eb47e6374e10e91ba59c4fc4831.jpg,,,,,,₩124,,,,,,260626,
,false,,그로브,,,전체,,https://en.grovestore.com/product/detail.html?product_no=5885,SERA STRIPE OFF-SHOULDER T-SHIRT,,,https://en.grovestore.com/web/product/medium/202604/4ff4e11e67313546a941cfa835c27aa3.jpg,,,,,,₩35,,,,,,260626,
,false,,그로브,,,전체,,https://en.grovestore.com/product/detail.html?product_no=5884,SERA STRIPE HALTER TOP,,,https://en.grovestore.com/web/product/medium/202604/c99f776db703d56d57c6a08526d7e0ce.jpg,,,,,,₩28,,,,,,260626,
,false,,그로브,,,전체,,https://en.grovestore.com/product/detail.html?product_no=5883,RINA SLEEVELESS,,,https://en.grovestore.com/web/product/medium/202604/e44c8f3f2e99acb9ffe40b079bd6b0dd.jpg,,,,,,₩31,,,,,,260626,
,false,,그로브,,,전체,,https://en.grovestore.com/product/detail.html?product_no=5882,RINA H/S T-SHIRT,,,https://en.grovestore.com/web/product/medium/202604/2ece97c1225c212f8dffb1852be0eb97.jpg,,,,,,₩35,,,,,,260626,
,false,,그로브,,,전체,,https://en.grovestore.com/product/detail.html?product_no=5881,PETRA COLLAR KNIT,,,https://en.grovestore.com/web/product/medium/202604/bdee650c12b10fc3c4cf8c3cfef8923b.jpg,,,,,,₩93,,,,,,260626,
,false,,그로브,,,전체,,https://en.grovestore.com/product/detail.html?product_no=5880,PETAL SLEEVELESS KNIT,,,https://en.grovestore.com/web/product/medium/202604/793599d34b20baedf26c8c4997852484.jpg,,,,,,₩50,,,,,,260626,
,false,,그로브,,,전체,,https://en.grovestore.com/product/detail.html?product_no=5879,PETAL COLLAR KNIT,,,https://en.grovestore.com/web/product/medium/202604/1fe5935a1d67ca972dc64545ee2e23a9.jpg,,,,,,₩101,,,,,,260626,
,false,,그로브,,,전체,,https://en.grovestore.com/product/detail.html?product_no=5878,NADINE CARDIGAN,,,https://en.grovestore.com/web/product/medium/202604/b2401a496b21ed600422b1aba63dfa27.jpg,,,,,,₩72,,,,,,260626,
,false,,그로브,,,전체,,https://en.grovestore.com/product/detail.html?product_no=5877,MAYA OFF-SHOULDER BLOUSE,,,https://en.grovestore.com/web/product/medium/202604/568419e2389d59a74308811aee8f4ff8.jpg,,,,,,₩87,,,,,,260626,
,false,,그로브,,,전체,,https://en.grovestore.com/product/detail.html?product_no=5876,MANON TIE SHIRT,,,https://en.grovestore.com/web/product/medium/202604/0a7467650b4a0eb4e08766b015367096.jpg,,,,,,₩109,,,,,,260626,
,false,,그로브,,,전체,,https://en.grovestore.com/product/detail.html?product_no=5875,MANON PANTS,,,https://en.grovestore.com/web/product/medium/202604/3fd09786a1bd7e9deb262e9cee8d97ac.jpg,,,,,,₩101,,,,,,260626,
,false,,그로브,,,전체,,https://en.grovestore.com/product/detail.html?product_no=5874,MANON LAYERED SKIRT,,,https://en.grovestore.com/web/product/medium/202604/6a6a335a20f51947780df3f2c1100ba3.jpg,,,,,,₩87,,,,,,260626,
,false,,그로브,,,전체,,https://en.grovestore.com/product/detail.html?product_no=5873,LAUREN SHORTS,,,https://en.grovestore.com/web/product/medium/202604/8fc745f4a301a690f42ce5e313e858ce.jpg,,,,,,₩101,,,,,,260626,
,false,,그로브,,,전체,,https://en.grovestore.com/product/detail.html?product_no=5872,GABY KNIT SLEEVELESS,,,https://en.grovestore.com/web/product/medium/202604/47a5641e45c9a172f1cf0f3f18e42d9b.jpg,,,,,,₩61,,,,,,260626,
,false,,그로브,,,전체,,https://en.grovestore.com/product/detail.html?product_no=5871,CLOUD OFF-SHOULDER T-SHIRT,,,https://en.grovestore.com/web/product/medium/202604/aa1f7109d1024d3fcc8777c2a0f50f8b.jpg,,,,,,₩52,,,,,,260626,
,false,,그로브,,,전체,,https://en.grovestore.com/product/detail.html?product_no=5869,CARMEN H/S T-SHIRT,,,https://en.grovestore.com/web/product/medium/202604/fc0af77c0a540b8c79e7783ff408c674.jpg,,,,,,₩53,,,,,,260626,
,false,,그로브,,,전체,,https://en.grovestore.com/product/detail.html?product_no=5868,CADY LAYERED MIDI SKIRT,,,https://en.grovestore.com/web/product/medium/202604/a41fb166b1071e39e565935ae8d23916.jpg,,,,,,₩57,,,,,,260626,
,false,,그로브,,,전체,,https://en.grovestore.com/product/detail.html?product_no=5867,BOWEN H/S KNIT,,,https://en.grovestore.com/web/product/medium/202604/f7db8392938ae961a45dd64611bea8a6.jpg,,,,,,₩87,,,,,,260626,
,false,,그로브,,,전체,,https://en.grovestore.com/product/detail.html?product_no=5866,BOWEN CARDIGAN,,,https://en.grovestore.com/web/product/medium/202604/40d76da75171d57e3380e6f822934a05.jpg,,,,,,₩101,,,,,,260626,
,false,,그로브,,,전체,,https://en.grovestore.com/product/detail.html?product_no=5865,BETTY CARGO MIDI SKIRT,,,https://en.grovestore.com/web/product/medium/202604/7b187b1b4fca9fc2937b532bd15eae73.jpg,,,,,,₩131,,,,,,260626,
,false,,그로브,,,전체,,https://en.grovestore.com/product/detail.html?product_no=5864,LIAM HALF ZIP-UP COLLAR T-SHIRT,,,https://en.grovestore.com/web/product/medium/202604/28cb08e9fc2df64d7b6baf8b32228107.jpg,,,,,,₩53,,,,,,260626,
,false,,그로브,,,전체,,https://en.grovestore.com/product/detail.html?product_no=5863,HALO SHORTS,,,https://en.grovestore.com/web/product/medium/202604/fd810e239c675f05ee040577baf872ae.jpg,,,,,,₩68,,,,,,260626,
,false,,그로브,,,전체,,https://en.grovestore.com/product/detail.html?product_no=5862,CARELL STRIPE PIQUE SHIRT,,,https://en.grovestore.com/web/product/medium/202604/f40357b94492eeb1ad2c342c7a62d502.jpg,,,,,,₩53,,,,,,260626,
,false,,그로브,,,전체,,https://en.grovestore.com/product/detail.html?product_no=5861,[Grove X Lesportsac] GRVR STRIPE POUCH,,,https://en.grovestore.com/web/product/medium/202604/fec34bea703fa660384e19e2b87b50cf.jpg,,,,,,₩72,,,,,,260626,
,false,,그로브,,,전체,,https://en.grovestore.com/product/detail.html?product_no=5860,[Grove X Lesportsac] GRVR STRIPE CHARM,,,https://en.grovestore.com/web/product/medium/202604/a8cdcabab69d7b79456e300f3d6ee2c8.jpg,,,,,,₩36,,,,,,260626,
,false,,그로브,,,전체,,https://en.grovestore.com/product/detail.html?product_no=5859,[Grove X Wilson] SIENNA WIDE HEADBAND,,,https://en.grovestore.com/web/product/medium/202604/25d7a1dbd2862349b022c3847795d3c5.jpg,,,,,,₩25,,,,,,260626,
,false,,그로브,,,전체,,https://en.grovestore.com/product/detail.html?product_no=5858,[Grove X Wilson] SIENNA RIBBED SLEEVELESS,,,https://en.grovestore.com/web/product/medium/202604/020743b1d91cd340ed3d6dc0822d0c62.jpg,,,,,,₩70,,,,,,260626,
,false,,그로브,,,전체,,https://en.grovestore.com/product/detail.html?product_no=5857,[Grove X Wilson] SIENNA KNEE SOCKS,,,https://en.grovestore.com/web/product/medium/202604/27e61a0e0a0d07f624aabe6b7019b75a.jpg,,,,,,₩18,,,,,,260626,
,false,,그로브,,,전체,,https://en.grovestore.com/product/detail.html?product_no=5855,[Grove X Wilson] SIENNA JACQUARD BAND LEGGINGS,,,https://en.grovestore.com/web/product/medium/202604/ed3ca75cbc361d1a23e5d41098160ede.jpg,,,,,,₩70,,,,,,260626,
,false,,그로브,,,전체,,https://en.grovestore.com/product/detail.html?product_no=5854,[Grove X Wilson] SETTA SLEEVELESS,,,https://en.grovestore.com/web/product/medium/202604/1f8a0839e6fc5247a541d4fa9be04151.jpg,,,,,,₩57,,,,,,260626,
,false,,그로브,,,전체,,https://en.grovestore.com/product/detail.html?product_no=5853,[Grove X Wilson] SETTA CARDIGAN,,,https://en.grovestore.com/web/product/medium/202604/0e7ce29617f62aca13e66eb160fd3087.jpg,,,,,,₩87,,,,,,260626,
,false,,그로브,,,전체,,https://en.grovestore.com/product/detail.html?product_no=5852,[Grove X Wilson] SENNA BUTTON H/S KNIT,,,https://en.grovestore.com/web/product/medium/202604/83906048428cb3951f2150c80ef223a8.jpg,,,,,,₩92,,,,,,260626,
,false,,그로브,,,전체,,https://en.grovestore.com/product/detail.html?product_no=5851,[Grove X Wilson] ROVA H/S KNIT,,,https://en.grovestore.com/web/product/medium/202604/3415fe23fe6397d39fced5e1674dbf66.jpg,,,,,,₩77,,,,,,260626,
,false,,그로브,,,전체,,https://en.grovestore.com/product/detail.html?product_no=5850,[Grove X Wilson] GRASS STRIPE PK T-SHIRT,,,https://en.grovestore.com/web/product/medium/202604/c8c9380eaae3b70975ee47a415a5931b.jpg,,,,,,₩70,,,,,,260626,
,false,,그로브,,,전체,,https://en.grovestore.com/product/detail.html?product_no=5848,[Grove X Wilson] COURT COLLAR T-SHIRT,,,https://en.grovestore.com/web/product/medium/202604/8b33095e5a44d0a29e1d450a17d63429.jpg,,,,,,₩107,,,,,,260626,
,false,,그로브,,,전체,,https://en.grovestore.com/product/detail.html?product_no=5844,[Grove X Wilson] AVERY PIKI WOVEN SHORTS,,,https://en.grovestore.com/web/product/medium/202604/9087ff1c2e2381a6fc50ab04bfffe1ae.jpg,,,,,,₩70,,,,,,260626,
,false,,그로브,,,전체,,https://en.grovestore.com/product/detail.html?product_no=5843,[Grove X Wilson] AVERY OVERFIT T-SHIRT,,,https://en.grovestore.com/web/product/medium/202604/5ec264f29990a4dd6f8c0c430f28e2dc.jpg,,,,,,₩55,,,,,,260626,
,false,,그로브,,,전체,,https://en.grovestore.com/product/detail.html?product_no=5838,TOVI PANTS,,,https://en.grovestore.com/web/product/medium/202604/f625c9eb1044b0456237fd7aa881f4b1.jpg,,,,,,₩116,,,,,,260626,
,false,,그로브,,,전체,,https://en.grovestore.com/product/detail.html?product_no=5837,TOVI LAYERED SKIRT,,,https://en.grovestore.com/web/product/medium/202604/96c48bbc1e5a7af9b3ee22c4ce04a7c2.jpg,,,,,,₩93,,,,,,260626,
,false,,그로브,,,전체,,https://en.grovestore.com/product/detail.html?product_no=5836,TOVI HALTER ONE-PIECE,,,https://en.grovestore.com/web/product/medium/202604/86eca4b8b585a60947efb5effa911cf7.jpg,,,,,,₩93,,,,,,260626,
,false,,그로브,,,전체,,https://en.grovestore.com/product/detail.html?product_no=5835,SOREN DENIM PANTS,,,https://en.grovestore.com/web/product/medium/202604/eb3a774cc8e7bfc4b67c5e62ce763440.jpg,,,,,,₩124,,,,,,260626,
,false,,그로브,,,전체,,https://en.grovestore.com/product/detail.html?product_no=5834,ROSEL BLOUSE,,,https://en.grovestore.com/web/product/medium/202604/de5421065b1e68f2aaf350191251750b.jpg,,,,,,₩101,,,,,,260626,
,false,,그로브,,,전체,,https://en.grovestore.com/product/detail.html?product_no=5833,PRIM MIDI SHORTS,,,https://en.grovestore.com/web/product/medium/202604/9681460703649996a48d62862fa1b4a9.jpg,,,,,,₩101,,,,,,260626,
,false,,그로브,,,전체,,https://en.grovestore.com/product/detail.html?product_no=5832,MIYO MINI POUCH,,,https://en.grovestore.com/web/product/medium/202604/148cb788d8c1eaf141129ff0419f1970.jpg,,,,,,₩13,,,,,,260626,
,false,,그로브,,,전체,,https://en.grovestore.com/product/detail.html?product_no=5831,MIYO 3-WAY BAG,,,https://en.grovestore.com/web/product/medium/202606/af13665f73f433c383eee3000e092e1f.jpg,,,,,,₩109,,,,,,260626,
,false,,그로브,,,전체,,https://en.grovestore.com/product/detail.html?product_no=5830,MALI HALF ZIP-UP COLLAR KNIT,,,https://en.grovestore.com/web/product/medium/202604/72ded783186fa5431538b42a306e8124.jpg,,,,,,₩77,,,,,,260626,
,false,,그로브,,,전체,,https://en.grovestore.com/product/detail.html?product_no=5829,JASMINE H/S T-SHIRT,,,https://en.grovestore.com/web/product/medium/202604/419d1c545483f3c5df964c776c3915e8.jpg,,,,,,₩36,,,,,,260626,
,false,,그로브,,,전체,,https://en.grovestore.com/product/detail.html?product_no=5828,JANELL LAYERED SKIRT,,,https://en.grovestore.com/web/product/medium/202604/1faa468767291f4ccb4eb84f5f405015.jpg,,,,,,₩87,,,,,,260626,
,false,,그로브,,,전체,,https://en.grovestore.com/product/detail.html?product_no=5827,JANELL LAYERED PANTS,,,https://en.grovestore.com/web/product/medium/202604/2fc2efc23236b14e8f86c96f8eeda058.jpg,,,,,,₩137,,,,,,260626,
,false,,그로브,,,전체,,https://en.grovestore.com/product/detail.html?product_no=5826,JANELL HALTER VEST,,,https://en.grovestore.com/web/product/medium/202604/b07b539c9ddef11132a6f9dfc68caf82.jpg,,,,,,₩93,,,,,,260626,
,false,,그로브,,,전체,,https://en.grovestore.com/product/detail.html?product_no=5824,INES MIDI SKIRT,,,https://en.grovestore.com/web/product/medium/202604/2970b028177adb0df97b8c6424f2805f.jpg,,,,,,₩131,,,,,,260626,
,false,,그로브,,,전체,,https://en.grovestore.com/product/detail.html?product_no=5823,GABY L/S T-SHIRT,,,https://en.grovestore.com/web/product/medium/202604/f0c7666618b0e0b6a7f160debbca0a3b.jpg,,,,,,₩35,,,,,,260626,
,false,,그로브,,,전체,,https://en.grovestore.com/product/detail.html?product_no=5822,GABY H/S KNIT,,,https://en.grovestore.com/web/product/medium/202604/0212f066adcb86d81cd2cbf3c4be6a86.jpg,,,,,,₩68,,,,,,260626,
,false,,그로브,,,전체,,https://en.grovestore.com/product/detail.html?product_no=5821,FIELD POCKET SHORTS,,,https://en.grovestore.com/web/product/medium/202604/42e1f1bfaeba21c58525a669a1f5d1b8.jpg,,,,,,₩116,,,,,,260626,
,false,,그로브,,,전체,,https://en.grovestore.com/product/detail.html?product_no=5820,ESTHER STRIPE COLLAR KNIT,,,https://en.grovestore.com/web/product/medium/202604/5211dd0cc00ad4fcce6ea77766899be1.jpg,,,,,,₩79,,,,,,260626,
,false,,그로브,,,전체,,https://en.grovestore.com/product/detail.html?product_no=5819,DARCY H/S KNIT CARDIGAN,,,https://en.grovestore.com/web/product/medium/202604/9b8d38b0a717bd12399591a26294555a.jpg,,,,,,₩94,,,,,,260626,
,false,,그로브,,,전체,,https://en.grovestore.com/product/detail.html?product_no=5818,CATHERINE HALTER ONE-PIECE,,,https://en.grovestore.com/web/product/medium/202604/fe233a2c2e3624cdbfe7af58c75d13d2.jpg,,,,,,₩131,,,,,,260626,
,false,,그로브,,,전체,,https://en.grovestore.com/product/detail.html?product_no=5817,CALIA SKIRT PANTS,,,https://en.grovestore.com/web/product/medium/202604/a542a5dc38f9d02add357941ffd4e109.jpg,,,,,,₩124,,,,,,260626,
,false,,그로브,,,전체,,https://en.grovestore.com/product/detail.html?product_no=5816,CALIA H/S SHIRT,,,https://en.grovestore.com/web/product/medium/202604/10f333da6c2ddff7448eff1807eec7fd.jpg,,,,,,₩94,,,,,,260626,
,false,,그로브,,,전체,,https://en.grovestore.com/product/detail.html?product_no=5815,ALINA HALTER TOP,,,https://en.grovestore.com/web/product/medium/202604/4962dce4bb0b29e66040ba6ec0c60f21.jpg,,,,,,₩65,,,,,,260626,
,false,,그로브,,,전체,,https://en.grovestore.com/product/detail.html?product_no=5814,ALINA BOLERO,,,https://en.grovestore.com/web/product/medium/202604/25e55dcbc77787659ff10e964d66977e.jpg,,,,,,₩68,,,,,,260626,
,false,,그로브,,,전체,,https://en.grovestore.com/product/detail.html?product_no=5813,SHADE LAYERED T-SHIRT,,,https://en.grovestore.com/web/product/medium/202604/3ab10bc2a3a6f37b5f5a3be4c3cd4a66.jpg,,,,,,₩61,,,,,,260626,
,false,,그로브,,,전체,,https://en.grovestore.com/product/detail.html?product_no=5812,POEM PIQUE T-SHIRT,,,https://en.grovestore.com/web/product/medium/202604/fa76ccc953ccf9e80e48f38c014d7d17.jpg,,,,,,₩70,,,,,,260626,
,false,,그로브,,,전체,,https://en.grovestore.com/product/detail.html?product_no=5811,PEONY CARDIGAN,,,https://en.grovestore.com/web/product/medium/202604/c4678931255ba3f8fbf177beed831707.jpg,,,,,,₩63,,,,,,260626,
,false,,그로브,,,전체,,https://en.grovestore.com/product/detail.html?product_no=5810,NOMAD JACKET,,,https://en.grovestore.com/web/product/medium/202604/b0714ab39815d4b1830bca2c38a2fa65.jpg,,,,,,₩183,,,,,,260626,
,false,,그로브,,,전체,,https://en.grovestore.com/product/detail.html?product_no=5809,NELL DENIM SKIRT PANTS,,,https://en.grovestore.com/web/product/medium/202604/f26d36ab7caea523fbc58df7baf512d7.jpg,,,,,,₩139,,,,,,260626,
,false,,그로브,,,전체,,https://en.grovestore.com/product/detail.html?product_no=5808,MARGOT CARDIGAN,,,https://en.grovestore.com/web/product/medium/202604/b647b3c7021a927aabad1a3fbd7292f4.jpg,,,,,,₩68,,,,,,260626,
,false,,그로브,,,전체,,https://en.grovestore.com/product/detail.html?product_no=5807,LUAN HALF ZIP-UP,,,https://en.grovestore.com/web/product/medium/202604/2df661741460ae5b445895c585654e5b.jpg,,,,,,₩101,,,,,,260626,
,false,,그로브,,,전체,,https://en.grovestore.com/product/detail.html?product_no=5806,LIV HENRY NECK T-SHIRT,,,https://en.grovestore.com/web/product/medium/202604/bdd3e907c7e8db9bfb8d753c9ce479d1.jpg,,,,,,₩39,,,,,,260626,
,false,,그로브,,,전체,,https://en.grovestore.com/product/detail.html?product_no=5805,LIV HALTER TOP,,,https://en.grovestore.com/web/product/medium/202604/9c2397a72d66830aa294afc3d564ca9f.jpg,,,,,,₩31,,,,,,260626,
,false,,그로브,,,전체,,https://en.grovestore.com/product/detail.html?product_no=5804,LIV H/S T-SHIRT,,,https://en.grovestore.com/web/product/medium/202604/148c275610990cccecaaa8ab188a167a.jpg,,,,,,₩28,,,,,,260626,
,false,,그로브,,,전체,,https://en.grovestore.com/product/detail.html?product_no=5803,LIV FRILL SLEEVELESS,,,https://en.grovestore.com/web/product/medium/202604/307024eaf56f95c745030f43d2ec6e73.jpg,,,,,,₩62,,,,,,260626,
,false,,그로브,,,전체,,https://en.grovestore.com/product/detail.html?product_no=5802,LANI STRIPE SLEEVELESS,,,https://en.grovestore.com/web/product/medium/202604/f17e20bf1aa9080f41d6b542499eb54b.jpg,,,,,,₩55,,,,,,260626,
,false,,그로브,,,전체,,https://en.grovestore.com/product/detail.html?product_no=5801,LANI STRIPE SKIRT,,,https://en.grovestore.com/web/product/medium/202604/aac1e91b17c4fd5f26840d57c313408d.jpg,,,,,,₩93,,,,,,260626,
,false,,그로브,,,전체,,https://en.grovestore.com/product/detail.html?product_no=5800,LANI STRIPE SHIRT,,,https://en.grovestore.com/web/product/medium/202604/fa3e0562a4d3f8ea7e03acaea49de532.jpg,,,,,,₩83,,,,,,260626,
,false,,그로브,,,전체,,https://en.grovestore.com/product/detail.html?product_no=5799,KATIE ARGYLE KNIT,,,https://en.grovestore.com/web/product/medium/202604/af3c4fe0e5bbdec2f34e7ccd70bba178.jpg,,,,,,₩94,,,,,,260626,
,false,,그로브,,,전체,,https://en.grovestore.com/product/detail.html?product_no=5798,JULI PANTS,,,https://en.grovestore.com/web/product/medium/202604/1a37729d64ab5cd85cc27d62b17226da.jpg,,,,,,₩139,,,,,,260626,
,false,,그로브,,,전체,,https://en.grovestore.com/product/detail.html?product_no=5797,JULI H/S SHIRT,,,https://en.grovestore.com/web/product/medium/202604/4c32f4d0ee33230794ff259bf3c74b5d.jpg,,,,,,₩101,,,,,,260626,
,false,,그로브,,,전체,,https://en.grovestore.com/product/detail.html?product_no=5796,JULI FLARE SKIRT,,,https://en.grovestore.com/web/product/medium/202604/234c3b199e9820db975a00818a387778.jpg,,,,,,₩94,,,,,,260626,
,false,,그로브,,,전체,,https://en.grovestore.com/product/detail.html?product_no=5795,HENNA HIGH NECK JACKET,,,https://en.grovestore.com/web/product/medium/202604/915e0b16207db8307ab2c8dba7cd608d.jpg,,,,,,₩190,,,,,,260626,
,false,,그로브,,,전체,,https://en.grovestore.com/product/detail.html?product_no=5794,GROVE MINI POCKET BELT,,,https://en.grovestore.com/web/product/medium/202604/ba9c184d3adfcf6993bfd2f6751d745e.jpg,,,,,,₩87,,,,,,260626,
,false,,그로브,,,전체,,https://en.grovestore.com/product/detail.html?product_no=5793,GR SIGN HAIR PIN,,,https://en.grovestore.com/web/product/medium/202604/6b0e81c51302ffb9310cd02139c34192.jpg,,,,,,₩8,,,,,,260626,
,false,,그로브,,,전체,,https://en.grovestore.com/product/detail.html?product_no=5792,FLORA SLEEVELESS,,,https://en.grovestore.com/web/product/medium/202604/fd2083c9dbda259d14004c3260b6b5e6.jpg,,,,,,₩33,,,,,,260626,
,false,,그로브,,,전체,,https://en.grovestore.com/product/detail.html?product_no=5791,FLORA CARDIGAN,,,https://en.grovestore.com/web/product/medium/202604/d62ef4ef7d06752cc701d782ac001996.jpg,,,,,,₩63,,,,,,260626,
,false,,그로브,,,전체,,https://en.grovestore.com/product/detail.html?product_no=5790,COLETTE OFF-SHOULDER CARDIGAN,,,https://en.grovestore.com/web/product/medium/202604/3cd1b3ab8fd6ef9906d31196183f8dc1.jpg,,,,,,₩72,,,,,,260626,
,false,,그로브,,,전체,,https://en.grovestore.com/product/detail.html?product_no=5789,MADISON LAYERED PANTS,,,https://en.grovestore.com/web/product/medium/202604/5e6773fd56ddd32bf2c204fa89955cc0.jpg,,,,,,₩131,,,,,,260626,
,false,,그로브,,,전체,,https://en.grovestore.com/product/detail.html?product_no=5782,SOMA SKIRT,,,https://en.grovestore.com/web/product/medium/202602/8ae3140bb9b9b559b5c219cc1fc7b4a7.jpg,,,,,,₩53,,,,,,260626,
,false,,그로브,,,전체,,https://en.grovestore.com/product/detail.html?product_no=5781,SOMA RAGLAN L/S T-SHIRT,,,https://en.grovestore.com/web/product/medium/202602/c49b6c2261b738d0cfd4509c535eb5f8.jpg,,,,,,₩50,,,,,,260626,
,false,,그로브,,,전체,,https://en.grovestore.com/product/detail.html?product_no=5780,OLIN JACKET,,,https://en.grovestore.com/web/product/medium/202602/83a19e6ef6e49f0a5ce125fbe954ff0d.jpg,,,,,,₩242,,,,,,260626,
,false,,그로브,,,전체,,https://en.grovestore.com/product/detail.html?product_no=5779,NINA SLEEVELESS,,,https://en.grovestore.com/web/product/medium/202602/01e763029590fd261ea96d486955f81e.jpg,,,,,,₩36,,,,,,260626,
,false,,그로브,,,전체,,https://en.grovestore.com/product/detail.html?product_no=5778,LYNN LONG SKIRT,,,https://en.grovestore.com/web/product/medium/202602/3d7234cc0b3140ca39b8e9c6045096c5.jpg,,,,,,₩115,,,,,,260626,
,false,,그로브,,,전체,,https://en.grovestore.com/product/detail.html?product_no=5777,JACE NET HALF SLEEVE KNIT,,,https://en.grovestore.com/web/product/medium/202602/37c07abb060562d34a4c9db0d19f0279.jpg,,,,,,₩87,,,,,,260626,
,false,,그로브,,,전체,,https://en.grovestore.com/product/detail.html?product_no=5776,ELO MIDI SKIRT,,,https://en.grovestore.com/web/product/medium/202602/3b18b60e7f7bbf5e991047f13bba1184.jpg,,,,,,₩117,,,,,,260626,
,false,,그로브,,,전체,,https://en.grovestore.com/product/detail.html?product_no=5775,ELO CROSS BAG,,,https://en.grovestore.com/web/product/medium/202602/b41203c2aaf5b21f4f52a1d4a3d9ece0.jpg,,,,,,₩57,,,,,,260626,
,false,,그로브,,,전체,,https://en.grovestore.com/product/detail.html?product_no=5774,CLEAN T-SHIRT,,,https://en.grovestore.com/web/product/medium/202602/7f9d4e55f08095ae5673eb12410c2e3a.jpg,,,,,,₩28,,,,,,260626,
,false,,그로브,,,전체,,https://en.grovestore.com/product/detail.html?product_no=5773,LOUIS SKIRT,,,https://en.grovestore.com/web/product/medium/202602/de72a50fc3a35eca8fb557d259a96251.jpg,,,,,,₩94,,,,,,260626,
,false,,그로브,,,전체,,https://en.grovestore.com/product/detail.html?product_no=5772,LOUIS PANTS,,,https://en.grovestore.com/web/product/medium/202602/c3a652a5353d28d72c189f977e8cf17c.jpg,,,,,,₩109,,,,,,260626,
,false,,그로브,,,전체,,https://en.grovestore.com/product/detail.html?product_no=5771,LOUIS JACKET,,,https://en.grovestore.com/web/product/medium/202602/8b86c50c29c3781d219d0adcd0edd3dc.jpg,,,,,,₩190,,,,,,260626,
,false,,그로브,,,전체,,https://en.grovestore.com/product/detail.html?product_no=5762,TYRA SKIRT,,,https://en.grovestore.com/web/product/medium/202601/1b7743a5c40f42413d9dc68125bc316b.jpg,,,,,,₩87,,,,,,260626,
,false,,그로브,,,전체,,https://en.grovestore.com/product/detail.html?product_no=5761,TYRA PANTS,,,https://en.grovestore.com/web/product/medium/202601/29374c2cdb3b7db92f165bd7f3ecce4b.jpg,,,,,,₩109,,,,,,260626,
,false,,그로브,,,전체,,https://en.grovestore.com/product/detail.html?product_no=5760,TOMA SHIRT,,,https://en.grovestore.com/web/product/medium/202601/2f0f6e10a374a5de589f852b57590857.jpg,,,,,,₩101,,,,,,260626,
,false,,그로브,,,전체,,https://en.grovestore.com/product/detail.html?product_no=5759,NANCY STRIPE SLEEVELESS,,,https://en.grovestore.com/web/product/medium/202601/84f7fb721ff692888e77ffba5902c2dd.jpg,,,,,,₩31,,,,,,260626,
,false,,그로브,,,전체,,https://en.grovestore.com/product/detail.html?product_no=5758,NANCY STRIPE L/S T-SHIRT,,,https://en.grovestore.com/web/product/medium/202601/a534cf13506f568eade4f64c9cae1ae9.jpg,,,,,,₩47,,,,,,260626,
,false,,그로브,,,전체,,https://en.grovestore.com/product/detail.html?product_no=5757,NANCY STRIPE H/S T-SHIRT,,,https://en.grovestore.com/web/product/medium/202601/4dd3c85a69d754ad1a1c256ff1eb92ef.jpg,,,,,,₩35,,,,,,260626,
,false,,그로브,,,전체,,https://en.grovestore.com/product/detail.html?product_no=5756,MORIN SKIRT,,,https://en.grovestore.com/web/product/medium/202601/06adc51a611ed7bc540c08137ce7d570.jpg,,,,,,₩137,,,,,,260626,
,false,,그로브,,,전체,,https://en.grovestore.com/product/detail.html?product_no=5755,MELI SLEEVELESS,,,https://en.grovestore.com/web/product/medium/202601/cc99646834d1b820acc20dad121807d0.jpg,,,,,,₩42,,,,,,260626,
,false,,그로브,,,전체,,https://en.grovestore.com/product/detail.html?product_no=5754,MELI OFF-SHOULDER,,,https://en.grovestore.com/web/product/medium/202601/a79e972b0143e2d088f7a0ba03f8acad.jpg,,,,,,₩57,,,,,,260626,
,false,,그로브,,,전체,,https://en.grovestore.com/product/detail.html?product_no=5749,LEAF CARDIGAN,,,https://en.grovestore.com/web/product/medium/202601/12fe7e06c59e1c790891d221ed912474.jpg,,,,,,₩87,,,,,,260626,
,false,,그로브,,,전체,,https://en.grovestore.com/product/detail.html?product_no=5748,GRAIN STRIPE PIQUE SHIRT,,,https://en.grovestore.com/web/product/medium/202601/b6d92d9e50fce7fe9cfabbed972ae0d8.jpg,,,,,,₩72,,,,,,260626,
,false,,그로브,,,전체,,https://en.grovestore.com/product/detail.html?product_no=5747,FORM ONE-PIECE,,,https://en.grovestore.com/web/product/medium/202601/2e6acf8c7aa481dc0c3032628072d341.jpg,,,,,,₩72,,,,,,260626,
,false,,그로브,,,전체,,https://en.grovestore.com/product/detail.html?product_no=5746,BIRCH HALTER KNIT,,,https://en.grovestore.com/web/product/medium/202601/b02d882430ddb998e416181618e5d2ed.jpg,,,,,,₩76,,,,,,260626,
,false,,그로브,,,전체,,https://en.grovestore.com/product/detail.html?product_no=5745,AUDREY SKIRT,,,https://en.grovestore.com/web/product/medium/202602/e5b3a9e81651783b21938f7363f42e95.jpg,,,,,,₩87,,,,,,260626,
,false,,그로브,,,전체,,https://en.grovestore.com/product/detail.html?product_no=5744,AUDREY L/S T-SHIRT,,,https://en.grovestore.com/web/product/medium/202601/4b167e91212ee8802c0faf7f83de80f8.jpg,,,,,,₩46,,,,,,260626,
,false,,그로브,,,전체,,https://en.grovestore.com/product/detail.html?product_no=5743,TESS STRIPE SKIRT,,,https://en.grovestore.com/web/product/medium/202601/dd4420df2ff90f7eb45262a12463cb14.jpg,,,,,,₩72,,,,,,260626,
,false,,그로브,,,전체,,https://en.grovestore.com/product/detail.html?product_no=5742,TESS STRIPE SHIRT,,,https://en.grovestore.com/web/product/medium/202601/c11ed4d097bdca5df6bf4b465dff1304.jpg,,,,,,₩79,,,,,,260626,
,false,,그로브,,,전체,,https://en.grovestore.com/product/detail.html?product_no=5741,TENDER MIDI SHORTS,,,https://en.grovestore.com/web/product/medium/202601/c0e20fe869ff9615fe2077e85b3c6c61.jpg,,,,,,₩94,,,,,,260626,
,false,,그로브,,,전체,,https://en.grovestore.com/product/detail.html?product_no=5740,TANI STRIPE H/S T-SHIRT,,,https://en.grovestore.com/web/product/medium/202601/31908c7e59a4757089d54a05d58b0d8b.jpg,,,,,,₩39,,,,,,260626,
,false,,그로브,,,전체,,https://en.grovestore.com/product/detail.html?product_no=5739,TALIN STRIPE L/S T-SHIRT,,,https://en.grovestore.com/web/product/medium/202601/184b78a620d3e9857052599b2c6ae57c.jpg,,,,,,₩50,,,,,,260626,
,false,,그로브,,,전체,,https://en.grovestore.com/product/detail.html?product_no=5737,REVA PLEATS SKIRT,,,https://en.grovestore.com/web/product/medium/202601/856f6489732666a17dce0591d3ec708d.jpg,,,,,,₩124,,,,,,260626,
,false,,그로브,,,전체,,https://en.grovestore.com/product/detail.html?product_no=5736,MARO MIDI SKIRT,,,https://en.grovestore.com/web/product/medium/202601/82bb7cc3bf095c3ee368a3197da0115f.jpg,,,,,,₩116,,,,,,260626,
,false,,그로브,,,전체,,https://en.grovestore.com/product/detail.html?product_no=5734,MACY L/S T-SHIRT,,,https://en.grovestore.com/web/product/medium/202602/efea799759e5155e115bab8d9bdaaaf5.jpg,,,,,,₩39,,,,,,260626,
,false,,그로브,,,전체,,https://en.grovestore.com/product/detail.html?product_no=5733,MACY HALF HOODIE,,,https://en.grovestore.com/web/product/medium/202601/17ab2e0604955e8d48741b54debe53ee.jpg,,,,,,₩43,,,,,,260626,
,false,,그로브,,,전체,,https://en.grovestore.com/product/detail.html?product_no=5732,LAYER STRIPE CARGO PANTS,,,https://en.grovestore.com/web/product/medium/202601/990d0568453e91204297bae8e7ba4497.jpg,,,,,,₩124,,,,,,260626,
,false,,그로브,,,전체,,https://en.grovestore.com/product/detail.html?product_no=5730,GALE CARGO PANTS,,,https://en.grovestore.com/web/product/medium/202601/7bf2837a199217cb73d82000ba9017a1.jpg,,,,,,₩124,,,,,,260626,
,false,,그로브,,,전체,,https://en.grovestore.com/product/detail.html?product_no=5729,ELO ANORAK ONE-PIECE,,,https://en.grovestore.com/web/product/medium/202602/3e08522899c72914d28e734365771e76.jpg,,,,,,₩124,,,,,,260626,
,false,,그로브,,,전체,,https://en.grovestore.com/product/detail.html?product_no=5727,PONI OFF-SHOULDER KNIT,,,https://en.grovestore.com/web/product/medium/202601/bffe0767aa364dce509701a6eed6faea.jpg,,,,,,₩94,,,,,,260626,
,false,,그로브,,,전체,,https://en.grovestore.com/product/detail.html?product_no=5726,LUNE PANTS,,,https://en.grovestore.com/web/product/medium/202601/55c4817d0aa1933d971be71898116b67.jpg,,,,,,₩109,,,,,,260626,
,false,,그로브,,,전체,,https://en.grovestore.com/product/detail.html?product_no=5725,LUNE JACKET,,,https://en.grovestore.com/web/product/medium/202601/0845ac11bc228dd34de7cf02886f0605.jpg,,,,,,₩175,,,,,,260626,
,false,,그로브,,,전체,,https://en.grovestore.com/product/detail.html?product_no=5723,HONOR WRAP SKIRT PANTS,,,https://en.grovestore.com/web/product/medium/202601/ccd3f41fdf7284de9d1116ada33baf46.jpg,,,,,,₩132,,,,,,260626,
,false,,그로브,,,전체,,https://en.grovestore.com/product/detail.html?product_no=5722,GWEN COLLAR KNIT,,,https://en.grovestore.com/web/product/medium/202602/382cad821739047192132e4f91a51665.jpg,,,,,,₩79,,,,,,260626,
,false,,그로브,,,전체,,https://en.grovestore.com/product/detail.html?product_no=5721,FREEN KNIT TUBE TOP,,,https://en.grovestore.com/web/product/medium/202601/958531fdac2ef20cc1bdd9cd21b60391.jpg,,,,,,₩65,,,,,,260626,
,false,,그로브,,,전체,,https://en.grovestore.com/product/detail.html?product_no=5720,FREEN KNIT CARDIGAN,,,https://en.grovestore.com/web/product/medium/202601/58090ad04d06dc41be32970f20975404.jpg,,,,,,₩94,,,,,,260626,
,false,,그로브,,,전체,,https://en.grovestore.com/product/detail.html?product_no=5719,FREEN H/S KNIT,,,https://en.grovestore.com/web/product/medium/202601/ec9dee6f6d8eb707f778fecb6411385e.jpg,,,,,,₩65,,,,,,260626,
,false,,그로브,,,전체,,https://en.grovestore.com/product/detail.html?product_no=5716,CANOPY V-NECK KNIT,,,https://en.grovestore.com/web/product/medium/202601/7812f33a3bd4b76d9fb8290429051ece.jpg,,,,,,₩76,,,,,,260626,
,false,,그로브,,,전체,,https://en.grovestore.com/product/detail.html?product_no=5715,BLOOMER SHORTS,,,https://en.grovestore.com/web/product/medium/202601/bff8c51e62a8419fff28da53bfd2da24.jpg,,,,,,₩28,,,,,,260626,
,false,,그로브,,,전체,,https://en.grovestore.com/product/detail.html?product_no=5713,BLAINE CHECK SLEEVELESS,,,https://en.grovestore.com/web/product/medium/202601/59db729b86ac1090a150e79e93691833.jpg,,,,,,₩72,,,,,,260626,
,false,,그로브,,,전체,,https://en.grovestore.com/product/detail.html?product_no=5712,BLAINE CHECK SKIRT,,,https://en.grovestore.com/web/product/medium/202601/54aa7253b6274cd6dc19d363543c5a55.jpg,,,,,,₩72,,,,,,260626,
,false,,그로브,,,전체,,https://en.grovestore.com/product/detail.html?product_no=5711,BLAINE CHECK SHIRT,,,https://en.grovestore.com/web/product/medium/202602/6e08c90f642126a3f1e9964149420a32.jpg,,,,,,₩87,,,,,,260626,
,false,,그로브,,,전체,,https://en.grovestore.com/product/detail.html?product_no=5709,VENI ARGYLE VEST,,,https://en.grovestore.com/web/product/medium/202601/92498a9a55f0a85428c9a269fef1af71.jpg,,,,,,₩94,,,,,,260626,
,false,,그로브,,,전체,,https://en.grovestore.com/product/detail.html?product_no=5708,VENI ARGYLE TUBE TOP,,,https://en.grovestore.com/web/product/medium/202601/ed92f63ec45642a578319b497ab56c6e.jpg,,,,,,₩76,,,,,,260626,
,false,,그로브,,,전체,,https://en.grovestore.com/product/detail.html?product_no=5707,VENI ARGYLE CROP CARDIGAN,,,https://en.grovestore.com/web/product/medium/202601/5c848964fd69d3419afef4093a5aed26.jpg,,,,,,₩87,,,,,,260626,
,false,,그로브,,,전체,,https://en.grovestore.com/product/detail.html?product_no=5706,VELIN COLLAR KNIT,,,https://en.grovestore.com/web/product/medium/202601/61441a7df55a2d8d7c54e4834487889e.jpg,,,,,,₩87,,,,,,260626,
,false,,그로브,,,전체,,https://en.grovestore.com/product/detail.html?product_no=5705,TONA BELT,,,https://en.grovestore.com/web/product/medium/202601/88cb93fa6b0de2c49e01c2272a254f7b.jpg,,,,,,₩65,,,,,,260626,
,false,,그로브,,,전체,,https://en.grovestore.com/product/detail.html?product_no=5704,STINA SKIRT,,,https://en.grovestore.com/web/product/medium/202601/61fcbfcfaaae7e4b20d2ca02882d04d0.jpg,,,,,,₩105,,,,,,260626,
,false,,그로브,,,전체,,https://en.grovestore.com/product/detail.html?product_no=5703,STINA REVERSIBLE JACKET,,,https://en.grovestore.com/web/product/medium/202601/bdf33d5641a55da89aa7eaa5b2db9f81.jpg,,,,,,₩211,,,,,,260626,
,false,,그로브,,,전체,,https://en.grovestore.com/product/detail.html?product_no=5702,STINA PANTS,,,https://en.grovestore.com/web/product/medium/202601/76522b5c8a355c57cc69cd5143b768e4.jpg,,,,,,₩131,,,,,,260626,
,false,,그로브,,,전체,,https://en.grovestore.com/product/detail.html?product_no=5701,SIMIZ BASIC SOCKS,,,https://en.grovestore.com/web/product/medium/202602/a5510d74f2917d4b52691aee50983110.jpg,,,,,,₩6,,,,,,260626,
,false,,그로브,,,전체,,https://en.grovestore.com/product/detail.html?product_no=5699,SENA MIDI SKIRT,,,https://en.grovestore.com/web/product/medium/202601/775349aceea6f18464e962a0eac8649b.jpg,,,,,,₩116,,,,,,260626,
,false,,그로브,,,전체,,https://en.grovestore.com/product/detail.html?product_no=5698,SENA LAYERED SKIRT,,,https://en.grovestore.com/web/product/medium/202601/826646ed835547cecabe50849150c641.jpg,,,,,,₩42,,,,,,260626,
,false,,그로브,,,전체,,https://en.grovestore.com/product/detail.html?product_no=5697,SENA LAYERED SHIRT,,,https://en.grovestore.com/web/product/medium/202601/3f9bd77efe08332034d146ba86bbb0df.jpg,,,,,,₩109,,,,,,260626,
,false,,그로브,,,전체,,https://en.grovestore.com/product/detail.html?product_no=5695,RUE CARDIGAN,,,https://en.grovestore.com/web/product/medium/202601/dc3f658ebe1725d42e81771064d19aec.jpg,,,,,,₩87,,,,,,260626,
,false,,그로브,,,전체,,https://en.grovestore.com/product/detail.html?product_no=5693,HUF POCKET SKIRT PANTS,,,https://en.grovestore.com/web/product/medium/202601/346cfccc3407794d1b454aa18957b187.jpg,,,,,,₩101,,,,,,260626,
,false,,그로브,,,전체,,https://en.grovestore.com/product/detail.html?product_no=5691,GRVR MINI HAIR CLIP,,,https://en.grovestore.com/web/product/medium/202602/22f6e923d2c3a398f192523f222ad2c3.jpg,,,,,,₩3,,,,,,260626,
,false,,그로브,,,전체,,https://en.grovestore.com/product/detail.html?product_no=5690,COVA PANTS,,,https://en.grovestore.com/web/product/medium/202602/b720e51061a5fb0f787fe816324dd6a3.jpg,,,,,,₩109,,,,,,260626,
,false,,그로브,,,전체,,https://en.grovestore.com/product/detail.html?product_no=5689,LUSSON SUADE JUMPER,,,https://en.grovestore.com/web/product/medium/202512/7b2fe56286b0c38d1b9021830e019b11.jpg,,,,,,₩190,,,,,,260626,
,false,,그로브,,,전체,,https://en.grovestore.com/product/detail.html?product_no=5688,MATIS DENIM PANTS,,,https://en.grovestore.com/web/product/medium/202512/a93d505e734c1850ff340b39dab04e00.jpg,,,,,,₩102,,,,,,260626,
,false,,그로브,,,전체,,https://en.grovestore.com/product/detail.html?product_no=5687,BLAINE SHIRT,,,https://en.grovestore.com/web/product/medium/202512/f64d32b63bc2393dc74d526084d94285.jpg,,,,,,₩76,,,,,,260626,
,false,,그로브,,,전체,,https://en.grovestore.com/product/detail.html?product_no=5686,FONDS T-SHIRT,,,https://en.grovestore.com/web/product/medium/202512/2d5ee383eb0562b67c05106bb36bdf28.jpg,,,,,,₩35,,,,,,260626,
,false,,그로브,,,전체,,https://en.grovestore.com/product/detail.html?product_no=5685,LUSSON JUMPER,,,https://en.grovestore.com/web/product/medium/202512/1b18c7d2a7894ace750d45cf23d53c45.jpg,,,,,,₩190,,,,,,260626,
,false,,그로브,,,전체,,https://en.grovestore.com/product/detail.html?product_no=5674,SERAPH MIDI SKIRT,,,https://en.grovestore.com/web/product/medium/202511/67b2e7d208ab135b33ae468d09d3c827.jpg,,,,,,₩138,,,,,,260626,
,false,,그로브,,,전체,,https://en.grovestore.com/product/detail.html?product_no=5672,JUDY LAPTOP POUCH,,,https://en.grovestore.com/web/product/medium/202512/a704972f79fcf80c867c33b1761f7e66.jpg,,,,,,₩44,,,,,,260626,
,false,,그로브,,,전체,,https://en.grovestore.com/product/detail.html?product_no=5671,JUDY POUCH,,,https://en.grovestore.com/web/product/medium/202511/48669b7c0cd942a6dcbb8bdf82dc36a6.jpg,,,,,,₩20,,,,,,260626,
,false,,그로브,,,전체,,https://en.grovestore.com/product/detail.html?product_no=5670,JUDY MINI POUCH,,,https://en.grovestore.com/web/product/medium/202511/1088b2559fba0560d59a98997fe704bd.jpg,,,,,,₩17,,,,,,260626,
,false,,그로브,,,전체,,https://en.grovestore.com/product/detail.html?product_no=5669,JUDY DOWN JACKET,,,https://en.grovestore.com/web/product/medium/202511/14ac203f0d29743c79289209f6795057.jpg,,,,,,₩249,,,,,,260626,
,false,,그로브,,,전체,,https://en.grovestore.com/product/detail.html?product_no=5667,HUG MUFFLER,,,https://en.grovestore.com/web/product/medium/202511/45baa7dbf8e34bbc222703c728c6e0ca.jpg,,,,,,₩50,,,,,,260626,
,false,,그로브,,,전체,,https://en.grovestore.com/product/detail.html?product_no=5666,HUG KNIT ZIP-UP,,,https://en.grovestore.com/web/product/medium/202511/baac30e552bf48b8fc265a528071126b.jpg,,,,,,₩101,,,,,,260626,
,false,,그로브,,,전체,,https://en.grovestore.com/product/detail.html?product_no=5665,HUG BEANIE,,,https://en.grovestore.com/web/product/medium/202511/dad2b1bdf66961ddea866a4ef85bd2b7.jpg,,,,,,₩39,,,,,,260626,
,false,,그로브,,,전체,,https://en.grovestore.com/product/detail.html?product_no=5664,HUG KNIT,,,https://en.grovestore.com/web/product/medium/202511/e08acd53320c53724d8ffe1ea044893f.jpg,,,,,,₩65,,,,,,260626,
,false,,그로브,,,전체,,https://en.grovestore.com/product/detail.html?product_no=5663,VIOLA CARGO FLEECE PANTS,,,https://en.grovestore.com/web/product/medium/202511/49fc426bcfdfa759aa2e0563c208600f.jpg,,,,,,₩124,,,,,,260626,
,false,,그로브,,,전체,,https://en.grovestore.com/product/detail.html?product_no=5662,VIOLA FLEECE JUMPER,,,https://en.grovestore.com/web/product/medium/202511/ff8adc202c855251c6b57296468eb4a2.jpg,,,,,,₩213,,,,,,260626,
,false,,그로브,,,전체,,https://en.grovestore.com/product/detail.html?product_no=5661,NOEL QUILTING SKIRT,,,https://en.grovestore.com/web/product/medium/202511/f48e0bb6cae3b0e88c41678325e4d47f.jpg,,,,,,₩94,,,,,,260626,
,false,,그로브,,,전체,,https://en.grovestore.com/product/detail.html?product_no=5659,LEXI SKIRT,,,https://en.grovestore.com/web/product/medium/202511/1353f1b957c65531170baea609b46b23.jpg,,,,,,₩109,,,,,,260626,
,false,,그로브,,,전체,,https://en.grovestore.com/product/detail.html?product_no=5658,LEXI DOWN JACKET,,,https://en.grovestore.com/web/product/medium/202511/ab261c9c089fe564c5130237efd47654.jpg,,,,,,₩257,,,,,,260626,
,false,,그로브,,,전체,,https://en.grovestore.com/product/detail.html?product_no=5657,FEMKE KNIT ZIP-UP,,,https://en.grovestore.com/web/product/medium/202511/540e3ecc98df9df85de33677c1ba4347.jpg,,,,,,₩139,,,,,,260626,
,false,,그로브,,,전체,,https://en.grovestore.com/product/detail.html?product_no=5653,HAILEY FLEECE PANTS,,,https://en.grovestore.com/web/product/medium/202511/abc10545fbbf45be15a4f6da4c98b496.jpg,,,,,,₩72,,,,,,260626,
,false,,그로브,,,전체,,https://en.grovestore.com/product/detail.html?product_no=5652,HAILEY FLEECE HALF ZIP-UP,,,https://en.grovestore.com/web/product/medium/202511/37a952223af72ed509160a100d0efb23.jpg,,,,,,₩79,,,,,,260626,
,false,,그로브,,,전체,,https://en.grovestore.com/product/detail.html?product_no=5651,ISA REVERSIBLE DOWN VEST,,,https://en.grovestore.com/web/product/medium/202511/5981fc6fff955c6e74c0005951ac417c.jpg,,,,,,₩175,,,,,,260626,
,false,,그로브,,,전체,,https://en.grovestore.com/product/detail.html?product_no=5650,ISA REVERSIBLE DOWN JACKET,,,https://en.grovestore.com/web/product/medium/202511/0c026b3ac157fab52781a188b824a37a.jpg,,,,,,₩220,,,,,,260626,
,false,,그로브,,,전체,,https://en.grovestore.com/product/detail.html?product_no=5646,KATE SKIRT,,,https://en.grovestore.com/web/product/medium/202511/b2bf8c5ee51c1d9c784b88266a432127.jpg,,,,,,₩48,,,,,,260626,
,false,,그로브,,,전체,,https://en.grovestore.com/product/detail.html?product_no=5645,KATE PANTS,,,https://en.grovestore.com/web/product/medium/202511/c60bf57fa8027c38741579ecf24c7b20.jpg,,,,,,₩94,,,,,,260626,
,false,,그로브,,,전체,,https://en.grovestore.com/product/detail.html?product_no=5641,BONA NORDIC KNIT CARDIGAN,,,https://en.grovestore.com/web/product/medium/202511/7f50ea6e4b6f995fe93f2d14f35f7c7a.jpg,,,,,,₩83,,,,,,260626,
,false,,그로브,,,전체,,https://en.grovestore.com/product/detail.html?product_no=5640,BONA NORDIC H/S KNIT,,,https://en.grovestore.com/web/product/medium/202511/0574a5df3759d07f7a61a5d1c1770cfc.jpg,,,,,,₩61,,,,,,260626,
,false,,그로브,,,전체,,https://en.grovestore.com/product/detail.html?product_no=5639,MARIS BEANIE,,,https://en.grovestore.com/web/product/medium/202511/c86d71965e403f710db340a94b74df2d.jpg,,,,,,₩50,,,,,,260626,
,false,,그로브,,,전체,,https://en.grovestore.com/product/detail.html?product_no=5638,SKADI HAIR BAND,,,https://en.grovestore.com/web/product/medium/202511/7122aad7ed0f1a16d5a07814a5044074.jpg,,,,,,₩20,,,,,,260626,
,false,,그로브,,,전체,,https://en.grovestore.com/product/detail.html?product_no=5637,SKADI CABLE KNIT,,,https://en.grovestore.com/web/product/medium/202511/aca53808a75fd6c72d7270c0cfbc1130.jpg,,,,,,₩131,,,,,,260626,
,false,,그로브,,,전체,,https://en.grovestore.com/product/detail.html?product_no=5636,AURORA COLLAR KNIT JACKET,,,https://en.grovestore.com/web/product/medium/202511/cef5e3e99a7b5557d1e1e57b0338cf44.jpg,,,,,,₩146,,,,,,260626,
,false,,그로브,,,전체,,https://en.grovestore.com/product/detail.html?product_no=5635,LUMI PANTS,,,https://en.grovestore.com/web/product/medium/202511/3a50761e08e6793f2cce403c64366ae8.jpg,,,,,,₩131,,,,,,260626,
,false,,그로브,,,전체,,https://en.grovestore.com/product/detail.html?product_no=5634,ARIA BRUSHED ARGYLE CARDIGAN,,,https://en.grovestore.com/web/product/medium/202511/6adc1d0f2094d7bacbd51ba6b1fe99cf.jpg,,,,,,₩101,,,,,,260626,
,false,,그로브,,,전체,,https://en.grovestore.com/product/detail.html?product_no=5633,BAY SOCKS,,,https://en.grovestore.com/web/product/medium/202511/5e266615801ecdabf534e74fbf24752e.jpg,,,,,,₩28,,,,,,260626,
,false,,그로브,,,전체,,https://en.grovestore.com/product/detail.html?product_no=5630,EMBER DOUBLE NECK T-SHIRT,,,https://en.grovestore.com/web/product/medium/202511/be99549f98b4d407791acec50506204a.jpg,,,,,,₩43,,,,,,260626,
,false,,그로브,,,전체,,https://en.grovestore.com/product/detail.html?product_no=5628,GRVR AMOUR BEANIE,,,https://en.grovestore.com/web/product/medium/202511/64941360eedf7688adfb5e2d061a58fa.jpg,,,,,,₩42,,,,,,260626,
,false,,그로브,,,전체,,https://en.grovestore.com/product/detail.html?product_no=5627,GRVR AMOUR KNIT,,,https://en.grovestore.com/web/product/medium/202511/d9e461ee320a4b4a8bc1576d1f77651a.jpg,,,,,,₩116,,,,,,260626,
,false,,그로브,,,전체,,https://en.grovestore.com/product/detail.html?product_no=5626,EVELYN TOUCH GLOVES,,,https://en.grovestore.com/web/product/medium/202511/6a92359cc2f195431198b4c4ad6501df.jpg,,,,,,₩36,,,,,,260626,
,false,,그로브,,,전체,,https://en.grovestore.com/product/detail.html?product_no=5625,EVELYN KNIT CAPE,,,https://en.grovestore.com/web/product/medium/202511/e4d688e2a8c9729455a7f1cbe3002145.jpg,,,,,,₩57,,,,,,260626,
,false,,그로브,,,전체,,https://en.grovestore.com/product/detail.html?product_no=5621,HAZE CHECK SKIRT,,,https://en.grovestore.com/web/product/medium/202511/0998fffc287a114ac0df2ed8fe7d8755.jpg,,,,,,₩116,,,,,,260626,
,false,,그로브,,,전체,,https://en.grovestore.com/product/detail.html?product_no=5620,HAZE CHECK JACKET,,,https://en.grovestore.com/web/product/medium/202511/e3786448945c3877a2d0a8ee02cec064.jpg,,,,,,₩257,,,,,,260626,
,false,,그로브,,,전체,,https://en.grovestore.com/product/detail.html?product_no=5619,EVE CHECK SHORTS,,,https://en.grovestore.com/web/product/medium/202511/e9db9083e0ff5f370e56c0c64f2f2f81.jpg,,,,,,₩39,,,,,,260626,
,false,,그로브,,,전체,,https://en.grovestore.com/product/detail.html?product_no=5618,EVE CHECK SHIRT,,,https://en.grovestore.com/web/product/medium/202511/91aef8bd97d48db3303b559962e1ea9f.jpg,,,,,,₩99,,,,,,260626,
,false,,그로브,,,전체,,https://en.grovestore.com/product/detail.html?product_no=5617,PEAK KNIT ZIP-UP,,,https://en.grovestore.com/web/product/medium/202511/1450b363eb948c17108f5b584704e419.jpg,,,,,,₩102,,,,,,260626,
,false,,그로브,,,전체,,https://en.grovestore.com/product/detail.html?product_no=5616,BRYNN PANTS,,,https://en.grovestore.com/web/product/medium/202511/06994b83ee3b325a5aedca67b42c518a.jpg,,,,,,₩131,,,,,,260626,
,false,,그로브,,,전체,,https://en.grovestore.com/product/detail.html?product_no=5615,BRYNN JUMPER,,,https://en.grovestore.com/web/product/medium/202511/0874c6e989acc0a98c3f2c893a57607f.jpg,,,,,,₩235,,,,,,260626,
,false,,그로브,,,전체,,https://en.grovestore.com/product/detail.html?product_no=5608,WAFFLE L/S T-SHIRT,,,https://en.grovestore.com/web/product/medium/202509/628737b6f513286bd99f299a41ad4506.jpg,,,,,,₩43,,,,,,260626,
,false,,그로브,,,전체,,https://en.grovestore.com/product/detail.html?product_no=5607,SLEEK SKIRT,,,https://en.grovestore.com/web/product/medium/202509/0fb9cebee88a8baf66ac1f84cfb0e6fc.jpg,,,,,,₩101,,,,,,260626,
,false,,그로브,,,전체,,https://en.grovestore.com/product/detail.html?product_no=5605,KEATON PANTS,,,https://en.grovestore.com/web/product/medium/202509/74c8d6331ff88b1496e2386205058bae.jpg,,,,,,₩124,,,,,,260626,
,false,,그로브,,,전체,,https://en.grovestore.com/product/detail.html?product_no=5603,EVERY SLIM T-SHIRT,,,https://en.grovestore.com/web/product/medium/202509/e8993dad113adc075e0583817280d4fa.jpg,,,,,,₩25,,,,,,260626,
,false,,그로브,,,전체,,https://en.grovestore.com/product/detail.html?product_no=5602,EVERY SLEEVELESS,,,https://en.grovestore.com/web/product/medium/202509/fa120b7d7e08201d1657d9f23186a003.jpg,,,,,,₩19,,,,,,260626,
,false,,그로브,,,전체,,https://en.grovestore.com/product/detail.html?product_no=5600,EASY HALTER TOP,,,https://en.grovestore.com/web/product/medium/202509/7a186eab1e808f0e5fc3f953fdd0cb79.jpg,,,,,,₩38,,,,,,260626,
,false,,그로브,,,전체,,https://en.grovestore.com/product/detail.html?product_no=5599,DAILY TANK TOP,,,https://en.grovestore.com/web/product/medium/202509/8a42f72c316ed33563e76d82ef9b1804.jpg,,,,,,₩31,,,,,,260626,
,false,,그로브,,,전체,,https://en.grovestore.com/product/detail.html?product_no=5598,DAILY SQUARE NECK T-SHIRT,,,https://en.grovestore.com/web/product/medium/202509/70a5374d25d7e96039459f49e1066a44.jpg,,,,,,₩31,,,,,,260626,
,false,,그로브,,,전체,,https://en.grovestore.com/product/detail.html?product_no=5591,CARELL STRIPE LS PIQUE SHIRT,,,https://en.grovestore.com/web/product/medium/202509/0aa848b3079d723dc5ccfb8c2d89a331.jpg,,,,,,₩83,,,,,,260626,
,false,,그로브,,,전체,,https://en.grovestore.com/product/detail.html?product_no=5590,TALIA OVERSIZED SHIRT,,,https://en.grovestore.com/web/product/medium/202509/0a30cdb57512be75f86d0ee5d3cbefb6.jpg,,,,,,₩72,,,,,,260626,
,false,,그로브,,,전체,,https://en.grovestore.com/product/detail.html?product_no=5587,BELLA JACKET,,,https://en.grovestore.com/web/product/medium/202509/b8ab3ee89dc7ec745dba747157fe53bf.jpg,,,,,,₩190,,,,,,260626,
,false,,그로브,,,전체,,https://en.grovestore.com/product/detail.html?product_no=5586,HAZEL OVERSIZED SINGLE COAT,,,https://en.grovestore.com/web/product/medium/202509/dbd748eb381f4854cac7f0cdabbf64ee.jpg,,,,,,₩279,,,,,,260626,
,false,,그로브,,,전체,,https://en.grovestore.com/product/detail.html?product_no=5581,ZADIE JACKET,,,https://en.grovestore.com/web/product/medium/202509/5f76752c7548208076dd7a8041fa96ec.jpg,,,,,,₩146,,,,,,260626,
,false,,그로브,,,전체,,https://en.grovestore.com/product/detail.html?product_no=5579,OLIVIA DENIM PANTS,,,https://en.grovestore.com/web/product/medium/202509/609d3a67ff9147f8372bfecb9cee9b54.jpg,,,,,,₩124,,,,,,260626,
,false,,그로브,,,전체,,https://en.grovestore.com/product/detail.html?product_no=5577,ELLE STRIPE KNIT,,,https://en.grovestore.com/web/product/medium/202509/fb7b49348f3dc88b5aa73662499f93ff.jpg,,,,,,₩65,,,,,,260626,
,false,,그로브,,,전체,,https://en.grovestore.com/product/detail.html?product_no=5576,ELODIE COLLAR JACKET,,,https://en.grovestore.com/web/product/medium/202509/197988b2fdc0238e79aaef9f2c320817.jpg,,,,,,₩190,,,,,,260626,
,false,,그로브,,,전체,,https://en.grovestore.com/product/detail.html?product_no=5575,ELODIE SHORT PANTS,,,https://en.grovestore.com/web/product/medium/202509/19c3fd602ae1df4c7c1c54582ea1ed30.jpg,,,,,,₩87,,,,,,260626,
,false,,그로브,,,전체,,https://en.grovestore.com/product/detail.html?product_no=5574,ELLA PLEATS SKIRT,,,https://en.grovestore.com/web/product/medium/202509/8ea7e92adaf506d4241dba54e612312c.jpg,,,,,,₩79,,,,,,260626,
,false,,그로브,,,전체,,https://en.grovestore.com/product/detail.html?product_no=5572,ADEN PANTS,,,https://en.grovestore.com/web/product/medium/202509/c2b647c38a3042b1a8f5cbd92bcfe448.jpg,,,,,,₩101,,,,,,260626,
,false,,그로브,,,전체,,https://en.grovestore.com/product/detail.html?product_no=5571,EMILY CHECK CARDIGAN,,,https://en.grovestore.com/web/product/medium/202509/11d6cda7daf14d2c112ebd698d164c20.jpg,,,,,,₩135,,,,,,260626,
,false,,그로브,,,전체,,https://en.grovestore.com/product/detail.html?product_no=5570,ALMA COLLAR KNIT,,,https://en.grovestore.com/web/product/medium/202509/a772ac28e45327ef1ac48d79e6d93c50.jpg,,,,,,₩79,,,,,,260626,
,false,,그로브,,,전체,,https://en.grovestore.com/product/detail.html?product_no=5569,AYA HIGH NECK KNIT,,,https://en.grovestore.com/web/product/medium/202509/b4b9da0c183e35aeafc12e7b4ba6d166.jpg,,,,,,₩61,,,,,,260626,
,false,,그로브,,,전체,,https://en.grovestore.com/product/detail.html?product_no=5567,STELLA H/S T-SHIRTS,,,https://en.grovestore.com/web/product/medium/202509/f37599b80d64a149ee593c711279c3eb.jpg,,,,,,₩46,,,,,,260626,
,false,,그로브,,,전체,,https://en.grovestore.com/product/detail.html?product_no=5566,SOPHIE CROP KNIT,,,https://en.grovestore.com/web/product/medium/202509/5d9ded91b9427ffb07a3b3dcd83a4f98.jpg,,,,,,₩94,,,,,,260626,
,false,,그로브,,,전체,,https://en.grovestore.com/product/detail.html?product_no=5565,SOFTY SUADE TOTE BAG,,,https://en.grovestore.com/web/product/medium/202509/37b52bb1ec20541ac88fe541f2980abc.jpg,,,,,,₩198,,,,,,260626,
,false,,그로브,,,전체,,https://en.grovestore.com/product/detail.html?product_no=5563,SELENA CHECK PLEATS SKIRT,,,https://en.grovestore.com/web/product/medium/202509/be6939c431273e933340f4b357b6a714.jpg,,,,,,₩102,,,,,,260626,
,false,,그로브,,,전체,,https://en.grovestore.com/product/detail.html?product_no=5562,MILANA DRESS,,,https://en.grovestore.com/web/product/medium/202509/c8483f1a4cb65d7df77d74e610aeb3a2.jpg,,,,,,₩139,,,,,,260626,
,false,,그로브,,,전체,,https://en.grovestore.com/product/detail.html?product_no=5560,RUBY HALTER-NECK DRESS,,,https://en.grovestore.com/web/product/medium/202509/a83592a6c71d4425fe3d91c06be5c398.jpg,,,,,,₩87,,,,,,260626,
,false,,그로브,,,전체,,https://en.grovestore.com/product/detail.html?product_no=5558,ROMI TRACK PANTS,,,https://en.grovestore.com/web/product/medium/202509/c8eac0635a06a2a07dbfcdd2c38ecafe.jpg,,,,,,₩116,,,,,,260626,
,false,,그로브,,,전체,,https://en.grovestore.com/product/detail.html?product_no=5557,ROMI TRACK JUMPER,,,https://en.grovestore.com/web/product/medium/202509/a26cf70e4928a65c232b1ef3936753f5.jpg,,,,,,₩168,,,,,,260626,
,false,,그로브,,,전체,,https://en.grovestore.com/product/detail.html?product_no=5554,LENI STRIPE ZIP-UP,,,https://en.grovestore.com/web/product/medium/202509/742e15a25a9b9023685baf5cb5f0f0a1.jpg,,,,,,₩131,,,,,,260626,
,false,,그로브,,,전체,,https://en.grovestore.com/product/detail.html?product_no=5553,LUX HALF DOUBLE COAT,,,https://en.grovestore.com/web/product/medium/202509/2f698307d8c002f3475d29f0518be3c0.jpg,,,,,,₩242,,,,,,260626,
,false,,그로브,,,전체,,https://en.grovestore.com/product/detail.html?product_no=5551,DELLA LEATHER BELT,,,https://en.grovestore.com/web/product/medium/202509/7f9b1533ac9ac591faf7515fa52dddac.jpg,,,,,,₩60,,,,,,260626,
,false,,그로브,,,전체,,https://en.grovestore.com/product/detail.html?product_no=5550,GRVR H/S T-SHIRT,,,https://en.grovestore.com/web/product/medium/202509/9dcb7c9fc31f11128d659e05f2038a82.jpg,,,,,,₩43,,,,,,260626,
,false,,그로브,,,전체,,https://en.grovestore.com/product/detail.html?product_no=5548,ZOE SWEAT SKIRT PANTS,,,https://en.grovestore.com/web/product/medium/202509/9ea8255b6f020663a00f4fb4bd6ec74e.jpg,,,,,,₩87,,,,,,260626,
,false,,그로브,,,전체,,https://en.grovestore.com/product/detail.html?product_no=5547,REY BARACUTA JUMPER,,,https://en.grovestore.com/web/product/medium/202509/aa005a9020d0281eda4b8fe10e45294e.jpg,,,,,,₩209,,,,,,260626,
,false,,그로브,,,전체,,https://en.grovestore.com/product/detail.html?product_no=5546,NIXIE STRIPE PANTS,,,https://en.grovestore.com/web/product/medium/202509/4f87eb8af7f5c50e55992be62197d524.jpg,,,,,,₩131,,,,,,260626,
,false,,그로브,,,전체,,https://en.grovestore.com/product/detail.html?product_no=5545,NIXIE STRIPE LONG SKIRT,,,https://en.grovestore.com/web/product/medium/202509/9bc872cea662370dcc79aa7b7feffc0b.jpg,,,,,,₩131,,,,,,260626,
,false,,그로브,,,전체,,https://en.grovestore.com/product/detail.html?product_no=5544,NIXIE STRIPE DOUBLE JACKET,,,https://en.grovestore.com/web/product/medium/202509/2bd610c26fdd50d7097b0a0ef4db7631.jpg,,,,,,₩220,,,,,,260626,
,false,,그로브,,,전체,,https://en.grovestore.com/product/detail.html?product_no=5543,MYNA DENIM PANTS,,,https://en.grovestore.com/web/product/medium/202509/a020f5a6c1b69c53990536b29fd00c5a.jpg,,,,,,₩109,,,,,,260626,
,false,,그로브,,,전체,,https://en.grovestore.com/product/detail.html?product_no=5538,MAREN KNIT ZIP-UP,,,https://en.grovestore.com/web/product/medium/202509/0821be8788c5e64c8c1c2c7838bf84d4.jpg,,,,,,₩124,,,,,,260626,
,false,,그로브,,,전체,,https://en.grovestore.com/product/detail.html?product_no=5536,LOVEROVE SWEATSHIRT,,,https://en.grovestore.com/web/product/medium/202509/a9fb7487663bc0599c67d353011b7fbe.jpg,,,,,,₩79,,,,,,260626,
,false,,그로브,,,전체,,https://en.grovestore.com/product/detail.html?product_no=5535,LOVEROVE BAG,,,https://en.grovestore.com/web/product/medium/202509/3553d1803d7ff3b37966ae65b13b54d6.jpg,,,,,,₩50,,,,,,260626,
,false,,그로브,,,전체,,https://en.grovestore.com/product/detail.html?product_no=5534,JULIET MOHAIR KNIT,,,https://en.grovestore.com/web/product/medium/202509/90a6385e03978fa35a09f0b04bd6db75.jpg,,,,,,₩65,,,,,,260626,
,false,,그로브,,,전체,,https://en.grovestore.com/product/detail.html?product_no=5532,FAYE COLLAR L/S T-SHIRT,,,https://en.grovestore.com/web/product/medium/202509/5d190cc1e4f9bfa5db3d56249d699c6a.jpg,,,,,,₩58,,,,,,260626,
,false,,그로브,,,전체,,https://en.grovestore.com/product/detail.html?product_no=5530,ELENA L/S KNIT,,,https://en.grovestore.com/web/product/medium/202509/e877a685c3991da7bc163e745cafd46b.jpg,,,,,,₩76,,,,,,260626,
,false,,그로브,,,전체,,https://en.grovestore.com/product/detail.html?product_no=5529,ELENA KNIT TUBE TOP,,,https://en.grovestore.com/web/product/medium/202509/1eff715e9bb103de5c45882e60c4757a.jpg,,,,,,₩50,,,,,,260626,
,false,,그로브,,,전체,,https://en.grovestore.com/product/detail.html?product_no=5528,ELENA KNIT SKIRT PANTS,,,https://en.grovestore.com/web/product/medium/202509/294363d084f2237e7e64f865d3f08594.jpg,,,,,,₩72,,,,,,260626,
,false,,그로브,,,전체,,https://en.grovestore.com/product/detail.html?product_no=5526,ELENA KNIT SCARF,,,https://en.grovestore.com/web/product/medium/202509/4706c13a8182fd7bca1ed0bf1fa4865a.jpg,,,,,,₩35,,,,,,260626,
,false,,그로브,,,전체,,https://en.grovestore.com/product/detail.html?product_no=5525,ELENA H/S KNIT,,,https://en.grovestore.com/web/product/medium/202509/d50c983d25e21481b3636f18ed694bde.jpg,,,,,,₩62,,,,,,260626,
,false,,그로브,,,전체,,https://en.grovestore.com/product/detail.html?product_no=5524,ELENA CARDIGAN,,,https://en.grovestore.com/web/product/medium/202509/9837e348ed49ac0efbf27f9a2e3c042c.jpg,,,,,,₩79,,,,,,260626,
,false,,그로브,,,전체,,https://en.grovestore.com/product/detail.html?product_no=5523,ANYA REVERSIBLE HOODIE ZIP-UP,,,https://en.grovestore.com/web/product/medium/202509/be3a75949e9483ab75cd89015762a670.jpg,,,,,,₩135,,,,,,260626,
,false,,그로브,,,전체,,https://en.grovestore.com/product/detail.html?product_no=5522,ANIKA MIDI SKIRT,,,https://en.grovestore.com/web/product/medium/202509/5b393583316e14aadff3c64b1ba69ee9.jpg,,,,,,₩139,,,,,,260626,
,false,,그로브,,,전체,,https://en.grovestore.com/product/detail.html?product_no=5518,UNA ARGYLE CROP CARDIGAN,,,https://en.grovestore.com/web/product/medium/202508/08083d6c6c7e7c33070bf6e71fe7d481.jpg,,,,,,₩101,,,,,,260626,
,false,,그로브,,,전체,,https://en.grovestore.com/product/detail.html?product_no=5517,WILA HOODED T-SHIRT,,,https://en.grovestore.com/web/product/medium/202508/8a83916ce420e7f1fe9abca294b48498.jpg,,,,,,₩43,,,,,,260626,
,false,,그로브,,,전체,,https://en.grovestore.com/product/detail.html?product_no=5516,REN SWEAT PANTS,,,https://en.grovestore.com/web/product/medium/202509/5f3d3a54bd5acbeb73f13e4a6a0dc2a5.jpg,,,,,,₩72,,,,,,260626,
,false,,그로브,,,전체,,https://en.grovestore.com/product/detail.html?product_no=5515,REN FLARED SWEAT SKIRT,,,https://en.grovestore.com/web/product/medium/202508/379ee468ca6b3d6eefc859409dd3466f.jpg,,,,,,₩50,,,,,,260626,
,false,,그로브,,,전체,,https://en.grovestore.com/product/detail.html?product_no=5514,MERCY WRAP SKIRT,,,https://en.grovestore.com/web/product/medium/202508/8e85f58fc6f830f638feb07c1fdeec4a.jpg,,,,,,₩87,,,,,,260626,
,false,,그로브,,,전체,,https://en.grovestore.com/product/detail.html?product_no=5513,MERCY SINGLE JACKET,,,https://en.grovestore.com/web/product/medium/202508/3a111c3e25ae4cf16f8f3e838097c2dc.jpg,,,,,,₩220,,,,,,260626,
,false,,그로브,,,전체,,https://en.grovestore.com/product/detail.html?product_no=5512,MEI LAYERED SKIRT,,,https://en.grovestore.com/web/product/medium/202508/72f3e3a2c7c59fb504f46597493720da.jpg,,,,,,₩87,,,,,,260626,
,false,,그로브,,,전체,,https://en.grovestore.com/product/detail.html?product_no=5511,MAREN SKIRT PANTS,,,https://en.grovestore.com/web/product/medium/202508/5173b0023c89416307f6f8812dabb1ac.jpg,,,,,,₩131,,,,,,260626,
,false,,그로브,,,전체,,https://en.grovestore.com/product/detail.html?product_no=5509,INA HENRY NECK T-SHIRT,,,https://en.grovestore.com/web/product/medium/202508/e4a3af8def6681d8b4c775b42d3af0ee.jpg,,,,,,₩43,,,,,,260626,
,false,,그로브,,,전체,,https://en.grovestore.com/product/detail.html?product_no=5508,HAVEN SHAWL MUFFLER,,,https://en.grovestore.com/web/product/medium/202508/b189a5500a50fd9afb81b439bf6b82d8.jpg,,,,,,₩39,,,,,,260626,
,false,,그로브,,,전체,,https://en.grovestore.com/product/detail.html?product_no=5507,HAVEN KNIT,,,https://en.grovestore.com/web/product/medium/202508/d84feea71012ecac792a26db3f32f620.jpg,,,,,,₩65,,,,,,260626,
,false,,그로브,,,전체,,https://en.grovestore.com/product/detail.html?product_no=5505,HALO JACKET,,,https://en.grovestore.com/web/product/medium/202508/4d4fa86150c83961f5cd1ecdc81c832b.jpg,,,,,,₩146,,,,,,260626,
,false,,그로브,,,전체,,https://en.grovestore.com/product/detail.html?product_no=5504,GRVR PUPPY HOODIE ZIP-UP,,,https://en.grovestore.com/web/product/medium/202508/0ea15b574a2390d921babbf8d8273622.jpg,,,,,,₩43,,,,,,260626,
,false,,그로브,,,전체,,https://en.grovestore.com/product/detail.html?product_no=5502,GRVR KNIT HAIF ZIP-UP,,,https://en.grovestore.com/web/product/medium/202508/3171a4f802b47790a3aa89219610b328.jpg,,,,,,₩101,,,,,,260626,
,false,,그로브,,,전체,,https://en.grovestore.com/product/detail.html?product_no=5501,GRVR CROP HOODIE ZIP-UP,,,https://en.grovestore.com/web/product/medium/202508/f17bbb9105c6309d8d666cd08dd2628c.jpg,,,,,,₩87,,,,,,260626,
,false,,그로브,,,전체,,https://en.grovestore.com/product/detail.html?product_no=5500,GIA COLLAR KNIT,,,https://en.grovestore.com/web/product/medium/202508/d15e5fc97564ecf40326ccaf7329d01b.jpg,,,,,,₩85,,,,,,260626,
,false,,그로브,,,전체,,https://en.grovestore.com/product/detail.html?product_no=5493,TESSA STRIPE COLLAR KNIT,,,https://en.grovestore.com/web/product/medium/202508/2c043fd2c8f8a9d42e95ce9d75a2c355.jpg,,,,,,₩87,,,,,,260626,
,false,,그로브,,,전체,,https://en.grovestore.com/product/detail.html?product_no=5492,SOLENE CHECK LAYERED SKIRT,,,https://en.grovestore.com/web/product/medium/202508/5a1c1e864c83e5f051c62d6f21c68caf.jpg,,,,,,₩46,,,,,,260626,
,false,,그로브,,,전체,,https://en.grovestore.com/product/detail.html?product_no=5491,SIMONE SKIRT,,,https://en.grovestore.com/web/product/medium/202508/87d66df7378ec48d5437d603fe244a9a.jpg,,,,,,₩65,,,,,,260626,
,false,,그로브,,,전체,,https://en.grovestore.com/product/detail.html?product_no=5490,SIMONE PANTS,,,https://en.grovestore.com/web/product/medium/202508/ceef537d8666e5a5e6057b7c4922b099.jpg,,,,,,₩79,,,,,,260626,
,false,,그로브,,,전체,,https://en.grovestore.com/product/detail.html?product_no=5489,SIMONE HOODIE ZIP-UP,,,https://en.grovestore.com/web/product/medium/202508/21506e5074529b3df4264f064ee77bd6.jpg,,,,,,₩124,,,,,,260626,
,false,,그로브,,,전체,,https://en.grovestore.com/product/detail.html?product_no=5488,PEYTON SOLID PLEATS SKIRT,,,https://en.grovestore.com/web/product/medium/202508/19e74f340db3b7788be32c76b7f8c8a5.jpg,,,,,,₩135,,,,,,260626,
,false,,그로브,,,전체,,https://en.grovestore.com/product/detail.html?product_no=5487,PEYTON CHECK PLEATS SKIRT,,,https://en.grovestore.com/web/product/medium/202508/d2615a5005d4834d7a19fffc873e4798.jpg,,,,,,₩135,,,,,,260626,
,false,,그로브,,,전체,,https://en.grovestore.com/product/detail.html?product_no=5486,PAISLEY CHECK SKIRT,,,https://en.grovestore.com/web/product/medium/202508/659db939ad8fbbfe13767e0ed9d8df06.jpg,,,,,,₩79,,,,,,260626,
,false,,그로브,,,전체,,https://en.grovestore.com/product/detail.html?product_no=5485,NIA PLEATS SKIRT,,,https://en.grovestore.com/web/product/medium/202508/5f8ee413253f425efa529bd8985890fa.jpg,,,,,,₩87,,,,,,260626,
,false,,그로브,,,전체,,https://en.grovestore.com/product/detail.html?product_no=5483,MARINA SKIRT,,,https://en.grovestore.com/web/product/medium/202508/145d586ceb1c6e2804ba5fd1d5128f9c.jpg,,,,,,₩68,,,,,,260626,
,false,,그로브,,,전체,,https://en.grovestore.com/product/detail.html?product_no=5482,MARINA PANTS,,,https://en.grovestore.com/web/product/medium/202508/4c486fbbb49aa3450592f12f21bf3129.jpg,,,,,,₩124,,,,,,260626,
,false,,그로브,,,전체,,https://en.grovestore.com/product/detail.html?product_no=5481,MARINA CHECK JACKET,,,https://en.grovestore.com/web/product/medium/202512/7693a597624966ffd4fbf1818ed7880e.jpg,,,,,,₩175,,,,,,260626,
,false,,그로브,,,전체,,https://en.grovestore.com/product/detail.html?product_no=5480,MAREN CHECK SHIRT,,,https://en.grovestore.com/web/product/medium/202508/e07955632d9a4c1878968559406e9a40.jpg,,,,,,₩72,,,,,,260626,
,false,,그로브,,,전체,,https://en.grovestore.com/product/detail.html?product_no=5479,GRVR KIRA CHECK SCRUNCH,,,https://en.grovestore.com/web/product/medium/202508/d85ec3e770fd70e9921279a60459610f.jpg,,,,,,₩11,,,,,,260626,
,false,,그로브,,,전체,,https://en.grovestore.com/product/detail.html?product_no=5476,FAE SOLID PLEATS SKIRT,,,https://en.grovestore.com/web/product/medium/202508/80b6175036223a881d43f2142e757550.jpg,,,,,,₩116,,,,,,260626,
,false,,그로브,,,전체,,https://en.grovestore.com/product/detail.html?product_no=5475,FAE CHECK PLEATS SKIRT,,,https://en.grovestore.com/web/product/medium/202508/e8dddb6ebb3c2f56becb7f3f5b807bd9.jpg,,,,,,₩109,,,,,,260626,
,false,,그로브,,,전체,,https://en.grovestore.com/product/detail.html?product_no=5474,EVIE CHECK COLLAR KNIT,,,https://en.grovestore.com/web/product/medium/202512/0dbd39dde7423934060a88c51c3cf883.jpg,,,,,,₩99,,,,,,260626,
,false,,그로브,,,전체,,https://en.grovestore.com/product/detail.html?product_no=5473,EVERLY HOODIE ZIP-UP,,,https://en.grovestore.com/web/product/medium/202508/5b23b72ea201c665594c65163f2083eb.jpg,,,,,,₩109,,,,,,260626,
,false,,그로브,,,전체,,https://en.grovestore.com/product/detail.html?product_no=5469,BLAINE SHIRT,,,https://en.grovestore.com/web/product/medium/202508/2fd8a87e97bc2522c18aaab3477a6034.jpg,,,,,,₩76,,,,,,260626,
,false,,그로브,,,전체,,https://en.grovestore.com/product/detail.html?product_no=5466,VELA CARGO PANTS,,,https://en.grovestore.com/web/product/medium/202507/2dccd5779e03d73559f81e3c9c719cfb.jpg,,,,,,₩131,,,,,,260626,
,false,,그로브,,,전체,,https://en.grovestore.com/product/detail.html?product_no=5465,KAIA SKIRT,,,https://en.grovestore.com/web/product/medium/202507/1df2af4cff4e991e005ee187ce1c1528.jpg,,,,,,₩115,,,,,,260626,
,false,,그로브,,,전체,,https://en.grovestore.com/product/detail.html?product_no=5464,INA SLEEVELESS TOP,,,https://en.grovestore.com/web/product/medium/202507/a91b87b554333ec9e30f06e4948e37a6.jpg,,,,,,₩94,,,,,,260626,
,false,,그로브,,,전체,,https://en.grovestore.com/product/detail.html?product_no=5463,SIA STRIPE SHORTS,,,https://en.grovestore.com/web/product/medium/202507/c43045088ec4dd03c3a578fc61087a8e.jpg,,,,,,₩87,,,,,,260626,
,false,,그로브,,,전체,,https://en.grovestore.com/product/detail.html?product_no=5462,SOLINA DENIM SHORTS,,,https://en.grovestore.com/web/product/medium/202507/964a7578102a58090e490bcb6dc2ec59.jpg,,,,,,₩94,,,,,,260626,
,false,,그로브,,,전체,,https://en.grovestore.com/product/detail.html?product_no=5461,IKA SLEEVELESS TOP,,,https://en.grovestore.com/web/product/medium/202507/e250df44b795a1c9e60d9c068994e2d5.jpg,,,,,,₩43,,,,,,260626,
,false,,그로브,,,전체,,https://en.grovestore.com/product/detail.html?product_no=5460,RUNA SHORTS,,,https://en.grovestore.com/web/product/medium/202507/8ea5ca8783e9fda1901dbc7e332b0175.jpg,,,,,,₩57,,,,,,260626,
,false,,그로브,,,전체,,https://en.grovestore.com/product/detail.html?product_no=5459,SOLA SKIRT,,,https://en.grovestore.com/web/product/medium/202507/99e8ab2b1d494d0752c8eac48e876e06.jpg,,,,,,₩61,,,,,,260626,
,false,,그로브,,,전체,,https://en.grovestore.com/product/detail.html?product_no=5457,ALI SHORTS,,,https://en.grovestore.com/web/product/medium/202507/cabda0a24fe1be078826619b331c94fc.jpg,,,,,,₩28,,,,,,260626,
,false,,그로브,,,전체,,https://en.grovestore.com/product/detail.html?product_no=5456,ALI T-SHIRT,,,https://en.grovestore.com/web/product/medium/202507/2496368d4973248fd83749dfb992176b.jpg,,,,,,₩28,,,,,,260626,
,false,,그로브,,,전체,,https://en.grovestore.com/product/detail.html?product_no=5455,ADELE LACE SKIRT,,,https://en.grovestore.com/web/product/medium/202507/f0f6a62ffa05079dab31bb177292460e.jpg,,,,,,₩94,,,,,,260626,
,false,,그로브,,,전체,,https://en.grovestore.com/product/detail.html?product_no=5454,PIA PLEATED SKIRT,,,https://en.grovestore.com/web/product/medium/202507/266677887e5e9db9414710de80dc6bdc.jpg,,,,,,₩65,,,,,,260626,
,false,,그로브,,,전체,,https://en.grovestore.com/product/detail.html?product_no=5453,MOANA SHORTS,,,https://en.grovestore.com/web/product/medium/202507/03cef1376f2612e4da2c13bca966360e.jpg,,,,,,₩38,,,,,,260626,
,false,,그로브,,,전체,,https://en.grovestore.com/product/detail.html?product_no=5452,MOANA BUSTIER,,,https://en.grovestore.com/web/product/medium/202507/fd8d7307fe0c36c7db4439c3996f6267.jpg,,,,,,₩35,,,,,,260626,
,false,,그로브,,,전체,,https://en.grovestore.com/product/detail.html?product_no=5451,MOANA TUBE TOP,,,https://en.grovestore.com/web/product/medium/202507/d0bb4d2da3f5281bd3aa8917e3b72e96.jpg,,,,,,₩37,,,,,,260626,
,false,,그로브,,,전체,,https://en.grovestore.com/product/detail.html?product_no=5450,MOANA SLEEVELESS,,,https://en.grovestore.com/web/product/medium/202507/3b8295a767dc583e95c6edc706239a44.jpg,,,,,,₩29,,,,,,260626,
,false,,그로브,,,전체,,https://en.grovestore.com/product/detail.html?product_no=5448,NOA DENIM PANTS,,,https://en.grovestore.com/web/product/medium/202507/239722d3d88eb3afd972d6575753337b.jpg,,,,,,₩109,,,,,,260626,
,false,,그로브,,,전체,,https://en.grovestore.com/product/detail.html?product_no=5447,HULA DOLPHIN RINGER T-SHIRT,,,https://en.grovestore.com/web/product/medium/202507/5005eb176b6842132f9c6dc529fc4316.jpg,,,,,,₩36,,,,,,260626,
,false,,그로브,,,전체,,https://en.grovestore.com/product/detail.html?product_no=5446,LUNA POCKET SHORT,,,https://en.grovestore.com/web/product/medium/202507/d7f52d774d66c247451a81f908f731a0.jpg,,,,,,₩79,,,,,,260626,
,false,,그로브,,,전체,,https://en.grovestore.com/product/detail.html?product_no=5445,MOI KNIT,,,https://en.grovestore.com/web/product/medium/202507/78656f69146d7709dfef55d875a2f0cd.jpg,,,,,,₩65,,,,,,260626,
,false,,그로브,,,전체,,https://en.grovestore.com/product/detail.html?product_no=5444,PUA LACE SKIRT,,,https://en.grovestore.com/web/product/medium/202507/779124233f4b083936ebd41e991b7102.jpg,,,,,,₩109,,,,,,260626,
,false,,그로브,,,전체,,https://en.grovestore.com/product/detail.html?product_no=5443,KOI COLLAR KNIT,,,https://en.grovestore.com/web/product/medium/202507/27f9f67ad8c617c1df9c802cfa5fbabe.jpg,,,,,,₩87,,,,,,260626,
,false,,그로브,,,전체,,https://en.grovestore.com/product/detail.html?product_no=5442,KOI KNIT CARDIGAN,,,https://en.grovestore.com/web/product/medium/202507/8e29f9108578a0abd02269e963749a2f.jpg,,,,,,₩65,,,,,,260626,
,false,,그로브,,,전체,,https://en.grovestore.com/product/detail.html?product_no=5441,RYAN SHIRRING SHORTS,,,https://en.grovestore.com/web/product/medium/202507/1fedb0a68261a07751a6cf0c1cde5950.jpg,,,,,,₩72,,,,,,260626,
,false,,그로브,,,전체,,https://en.grovestore.com/product/detail.html?product_no=5440,RYAN ANORAK VEST,,,https://en.grovestore.com/web/product/medium/202507/4d2fb807757daaa62e204d9505ddf0ac.jpg,,,,,,₩131,,,,,,260626,
,false,,그로브,,,전체,,https://en.grovestore.com/product/detail.html?product_no=5439,RYAN NYLON ONE-PIECE,,,https://en.grovestore.com/web/product/medium/202507/3bebe7f0a6b14f37aaa4d4a1832e1d07.jpg,,,,,,₩124,,,,,,260626,
,false,,그로브,,,전체,,https://en.grovestore.com/product/detail.html?product_no=5438,SOL STRIPE T-SHIRT,,,https://en.grovestore.com/web/product/medium/202507/e3bb24ebbb7b62818439caa3954214e0.jpg,,,,,,₩36,,,,,,260626,
,false,,그로브,,,전체,,https://en.grovestore.com/product/detail.html?product_no=5436,TIA TUBE TOP,,,https://en.grovestore.com/web/product/medium/202507/1c568318605da6fc9b2ea08cb17d1fa5.jpg,,,,,,₩42,,,,,,260626,
,false,,그로브,,,전체,,https://en.grovestore.com/product/detail.html?product_no=5433,MIKI T-SHIRT,,,https://en.grovestore.com/web/product/medium/202507/ebd7cd38449137e5965436100aeb757d.jpg,,,,,,₩33,,,,,,260626,
,false,,그로브,,,전체,,https://en.grovestore.com/product/detail.html?product_no=5432,PAM SLEEVELESS,,,https://en.grovestore.com/web/product/medium/202507/41c1cbed696e6d8c68698cc13be88196.jpg,,,,,,₩31,,,,,,260626,
,false,,그로브,,,전체,,https://en.grovestore.com/product/detail.html?product_no=5431,I LOVE GR T-SHIRT,,,https://en.grovestore.com/web/product/medium/202506/15e83f9e2e24a7190d93881b2a90b0c3.jpg,,,,,,₩31,,,,,,260626,
,false,,그로브,,,전체,,https://en.grovestore.com/product/detail.html?product_no=5430,I LOVE GR T-SHIRT OVER-FIT,,,https://en.grovestore.com/web/product/medium/202506/45c9ec9a47a17147c6c1d770442eed12.jpg,,,,,,₩36,,,,,,260626,
,false,,그로브,,,전체,,https://en.grovestore.com/product/detail.html?product_no=5429,IVY HALTER TOP,,,https://en.grovestore.com/web/product/medium/202507/0ef167e995e02f6e60f2228e28cc83d5.jpg,,,,,,₩24,,,,,,260626,
,false,,그로브,,,전체,,https://en.grovestore.com/product/detail.html?product_no=5428,IVY SAND T-SHIRT,,,https://en.grovestore.com/web/product/medium/202507/46af7a8a701edc531090ec8ed15b09d9.jpg,,,,,,₩31,,,,,,260626,
,false,,그로브,,,전체,,https://en.grovestore.com/product/detail.html?product_no=5427,JULIAN SLEEVELESS,,,https://en.grovestore.com/web/product/medium/202507/66152235a9c6e611f852c5c53e0dc22e.jpg,,,,,,₩31,,,,,,260626,
,false,,그로브,,,전체,,https://en.grovestore.com/product/detail.html?product_no=5426,JULIAN STRIPE T-SHIRT,,,https://en.grovestore.com/web/product/medium/202507/e8176b9ad874bc588338ed23c992a72a.jpg,,,,,,₩35,,,,,,260626,
,false,,그로브,,,전체,,https://en.grovestore.com/product/detail.html?product_no=5425,ADELE LACE SHIRT,,,https://en.grovestore.com/web/product/medium/202507/262df749f471aed5ba4cf1921bd3a08a.jpg,,,,,,₩94,,,,,,260626,
,false,,그로브,,,전체,,https://en.grovestore.com/product/detail.html?product_no=5423,PIA COLLAR PIQUE SHIRT,,,https://en.grovestore.com/web/product/medium/202507/c249773779fd085804da5dbb1bdd5752.jpg,,,,,,₩46,,,,,,260626,
,false,,그로브,,,전체,,https://en.grovestore.com/product/detail.html?product_no=5422,LILY TUBE DRESS,,,https://en.grovestore.com/web/product/medium/202507/0e4923a1f48ed0a9c098c4398ee1f947.jpg,,,,,,₩94,,,,,,260626,
,false,,그로브,,,전체,,https://en.grovestore.com/product/detail.html?product_no=5421,ELA U-NECK COLLAR T-SHIRT,,,https://en.grovestore.com/web/product/medium/202506/44739489fea9cbfc40044c11d1121268.jpg,,,,,,₩42,,,,,,260626,
,false,,그로브,,,전체,,https://en.grovestore.com/product/detail.html?product_no=5420,RYAN HALTER TOP,,,https://en.grovestore.com/web/product/medium/202506/5635cf9feea0252744f9f8ae1aa5ba53.jpg,,,,,,₩36,,,,,,260626,
,false,,그로브,,,전체,,https://en.grovestore.com/product/detail.html?product_no=5419,RYAN WOVEN PANTS,,,https://en.grovestore.com/web/product/medium/202507/2f2d1ab34542cf52c0b377285f92e4c7.jpg,,,,,,₩124,,,,,,260626,
,false,,그로브,,,전체,,https://en.grovestore.com/product/detail.html?product_no=5418,MIST ZIP-UP JUMPER,,,https://en.grovestore.com/web/product/medium/202507/ad79d95f5a9842ed4ef15a33cbd9aa9b.jpg,,,,,,₩79,,,,,,260626,
,false,,그로브,,,전체,,https://en.grovestore.com/product/detail.html?product_no=5417,MIST PLEATS SKIRT,,,https://en.grovestore.com/web/product/medium/202507/6756dfb23e04cca978931c1e49d50bbe.jpg,,,,,,₩61,,,,,,260626,
,false,,그로브,,,전체,,https://en.grovestore.com/product/detail.html?product_no=5416,SWIFTY ONE-PIECE,,,https://en.grovestore.com/web/product/medium/202506/db4f4c6f88e363f374ac55193ab2b3fd.jpg,,,,,,₩83,,,,,,260626,
,false,,그로브,,,전체,,https://en.grovestore.com/product/detail.html?product_no=5415,AIRY HALTERNECK TOP,,,https://en.grovestore.com/web/product/medium/202506/97c676e192e72b0159e4687ea991dda4.jpg,,,,,,₩61,,,,,,260626,
,false,,그로브,,,전체,,https://en.grovestore.com/product/detail.html?product_no=5414,AIRY KNIT PANTS,,,https://en.grovestore.com/web/product/medium/202506/34db00621ff89b5aea49f2363b87782c.jpg,,,,,,₩65,,,,,,260626,
,false,,그로브,,,전체,,https://en.grovestore.com/product/detail.html?product_no=5412,RYAN NYLON BALL CAP,,,https://en.grovestore.com/web/product/medium/202507/c168e43586aa678646b51ae1fd2dd415.jpg,,,,,,₩30,,,,,,260626,
,false,,그로브,,,전체,,https://en.grovestore.com/product/detail.html?product_no=5410,RYAN SHIRRING BAG,,,https://en.grovestore.com/web/product/medium/202507/41eac40b92f8687260f6a6c5a74fcfc6.jpg,,,,,,₩42,,,,,,260626,
,false,,그로브,,,전체,,https://en.grovestore.com/product/detail.html?product_no=5409,LEVIN MESH TOTE BAG,,,https://en.grovestore.com/web/product/medium/202507/40804bd488f9d88a4a9976f0d212e3ec.jpg,,,,,,₩50,,,,,,260626,
,false,,그로브,,,전체,,https://en.grovestore.com/product/detail.html?product_no=5408,LEVIN MESH BACKPACK,,,https://en.grovestore.com/web/product/medium/202507/12fa6afc98afa4fbaa1fb72b26c519d0.jpg,,,,,,₩65,,,,,,260626,
,false,,그로브,,,전체,,https://en.grovestore.com/product/detail.html?product_no=5407,LEVIN KNIT BAG,,,https://en.grovestore.com/web/product/medium/202507/5144d5cc3ecefae6cc1e79f7619bc574.jpg,,,,,,₩65,,,,,,260626,
,false,,그로브,,,전체,,https://en.grovestore.com/product/detail.html?product_no=5406,GR LOVE BAG,,,https://en.grovestore.com/web/product/medium/202507/8ef884d99695fd8dd05d09baeda5771b.jpg,,,,,,₩9,,,,,,260626,
,false,,그로브,,,전체,,https://en.grovestore.com/product/detail.html?product_no=5405,GROVE KEYRING,,,https://en.grovestore.com/web/product/medium/202506/a1738992e1e7eeadffa5440bc4042a6e.jpg,,,,,,₩14,,,,,,260626,
,false,,그로브,,,전체,,https://en.grovestore.com/product/detail.html?product_no=5399,GRVB_BRA PAD,,,https://en.grovestore.com/web/product/medium/202505/00df4deb9bca1389fcbfa7292dc92c75.jpg,,,,,,₩2,,,,,,260626,
,false,,그로브,,,전체,,https://en.grovestore.com/product/detail.html?product_no=5397,GRVB_FLOWER PUPPY T-SHIRTS,,,https://en.grovestore.com/web/product/medium/202505/2ec551dbd044b0bc897de2e576940cc4.jpg,,,,,,₩28,,,,,,260626,
,false,,그로브,,,전체,,https://en.grovestore.com/product/detail.html?product_no=5396,GRVB_FLOWER HAIR CLIP,,,https://en.grovestore.com/web/product/medium/202505/78a2e37f3e5e75cb3ced66e884616740.jpg,,,,,,₩16,,,,,,260626,
,false,,그로브,,,전체,,https://en.grovestore.com/product/detail.html?product_no=5395,GRVB_FLOWER TERRY HOODIE ZIP-UP,,,https://en.grovestore.com/web/product/medium/202505/32e08fc64df865fcf7f502c038cfb84b.jpg,,,,,,₩65,,,,,,260626,
,false,,그로브,,,전체,,https://en.grovestore.com/product/detail.html?product_no=5394,GRVB_TERRY SCRUNCH,,,https://en.grovestore.com/web/product/medium/202505/ecb2d51a0f413fe9f03d481b37731203.jpg,,,,,,₩8,,,,,,260626,
,false,,그로브,,,전체,,https://en.grovestore.com/product/detail.html?product_no=5393,GRVB_PIN SLEEVELESS,,,https://en.grovestore.com/web/product/medium/202505/f3e159165c64812e2ed5e998ff7156f8.jpg,,,,,,₩58,,,,,,260626,
,false,,그로브,,,전체,,https://en.grovestore.com/product/detail.html?product_no=5392,GRVB_PIN U-NECK TOP,,,https://en.grovestore.com/web/product/medium/202505/9e03b71cae14d6c023357a8f79cdff63.jpg,,,,,,₩65,,,,,,260626,
,false,,그로브,,,전체,,https://en.grovestore.com/product/detail.html?product_no=5391,GRVB_PIN CARDIGAN,,,https://en.grovestore.com/web/product/medium/202505/c97348515d2707fe06eb80a5a22ff612.jpg,,,,,,₩83,,,,,,260626,
,false,,그로브,,,전체,,https://en.grovestore.com/product/detail.html?product_no=5390,GRVB_FLOWER STRING BAG,,,https://en.grovestore.com/web/product/medium/202505/2bb9a1dcae4b6be1ae07a6bf91609626.jpg,,,,,,₩24,,,,,,260626,
,false,,그로브,,,전체,,https://en.grovestore.com/product/detail.html?product_no=5389,GRVB_FLOWER ANORAK JUMPER,,,https://en.grovestore.com/web/product/medium/202505/511cd77f01fc7cd946c07e688373d857.jpg,,,,,,₩109,,,,,,260626,
,false,,그로브,,,전체,,https://en.grovestore.com/product/detail.html?product_no=5388,GRVB_FLOWER TOTE BAG,,,https://en.grovestore.com/web/product/medium/202505/9831bac61b9e3675269c23afaa8d745f.jpg,,,,,,₩58,,,,,,260626,
,false,,그로브,,,전체,,https://en.grovestore.com/product/detail.html?product_no=5387,GRVB_FLOWER MEDIUM POUCH,,,https://en.grovestore.com/web/product/medium/202505/711147220dd51b2bfa65a045c777eeea.jpg,,,,,,₩25,,,,,,260626,
,false,,그로브,,,전체,,https://en.grovestore.com/product/detail.html?product_no=5386,GRVB_FLOWER MINI POUCH,,,https://en.grovestore.com/web/product/medium/202505/02be23b3eb547a39ea76992852e875a3.jpg,,,,,,₩18,,,,,,260626,
,false,,그로브,,,전체,,https://en.grovestore.com/product/detail.html?product_no=5385,GRVB_ROSELIE PANTS,,,https://en.grovestore.com/web/product/medium/202505/1945689cc93ca36cbb823eb6f215723f.jpg,,,,,,₩42,,,,,,260626,
,false,,그로브,,,전체,,https://en.grovestore.com/product/detail.html?product_no=5384,GRVB_ROSELIE SLEEVELESS,,,https://en.grovestore.com/web/product/medium/202505/2528edb856bf8270be560d12673e9425.jpg,,,,,,₩28,,,,,,260626,
,false,,그로브,,,전체,,https://en.grovestore.com/product/detail.html?product_no=5383,GRVB_ROSELIE SHORTS,,,https://en.grovestore.com/web/product/medium/202505/7dfe8c3204fa05463ab69e54af8d5157.jpg,,,,,,₩28,,,,,,260626,
,false,,그로브,,,전체,,https://en.grovestore.com/product/detail.html?product_no=5382,GRVB_FLOWER U-NECK TOP,,,https://en.grovestore.com/web/product/medium/202505/4d21b482154d0d849bc8697d08ad8f23.jpg,,,,,,₩39,,,,,,260626,
,false,,그로브,,,전체,,https://en.grovestore.com/product/detail.html?product_no=5380,GRVB_FLOWER ONE-PIECE,,,https://en.grovestore.com/web/product/medium/202505/bc650c8d09e10f767f8c5444d0f80678.jpg,,,,,,₩53,,,,,,260626,
,false,,그로브,,,전체,,https://en.grovestore.com/product/detail.html?product_no=5379,GRVB_FLOWER SLEEVELESS,,,https://en.grovestore.com/web/product/medium/202505/3acc1e9a937497a9b80685cf4b62c765.jpg,,,,,,₩31,,,,,,260626,
,false,,그로브,,,전체,,https://en.grovestore.com/product/detail.html?product_no=5377,GRVB_FLOWER TERRY T-SHIRTS,,,https://en.grovestore.com/web/product/medium/202505/a8c52eb7179389f5839e0e2716d0008c.jpg,,,,,,₩31,,,,,,260626,
,false,,그로브,,,전체,,https://en.grovestore.com/product/detail.html?product_no=5376,GRVB_FLOWER TERRY SHORTS,,,https://en.grovestore.com/web/product/medium/202505/9fb2ffc94f4f0b036baf07cc4dca43fb.jpg,,,,,,₩36,,,,,,260626,
,false,,그로브,,,전체,,https://en.grovestore.com/product/detail.html?product_no=5375,GRVB_FLOWER TERRY TUBE TOP,,,https://en.grovestore.com/web/product/medium/202505/13da4f1b766e63ce4c373c6a508f9a39.jpg,,,,,,₩25,,,,,,260626,
,false,,그로브,,,전체,,https://en.grovestore.com/product/detail.html?product_no=5373,GRVB_25SS RIB BUSTIER,,,https://en.grovestore.com/web/product/medium/202505/0713a1772fed9c37fff368a9c7977bd2.jpg,,,,,,₩21,,,,,,260626,
,false,,그로브,,,전체,,https://en.grovestore.com/product/detail.html?product_no=5372,GRVB_25SS RIB SHORTS,,,https://en.grovestore.com/web/product/medium/202505/2d8401c1b915cb8747c5a7921f0655e7.jpg,,,,,,₩28,,,,,,260626,
,false,,그로브,,,전체,,https://en.grovestore.com/product/detail.html?product_no=5371,GRVB_25SS RIB HALTER-NECK SLEEVELESS,,,https://en.grovestore.com/web/product/medium/202505/34691a151bb928e71e140e2dca1c3ae6.jpg,,,,,,₩25,,,,,,260626,
,false,,그로브,,,전체,,https://en.grovestore.com/product/detail.html?product_no=5370,GRVB_25SS V-NECK CARDIGAN,,,https://en.grovestore.com/web/product/medium/202505/337847d6f9809187055c55472cd8a4ec.jpg,,,,,,₩35,,,,,,260626,
,false,,그로브,,,전체,,https://en.grovestore.com/product/detail.html?product_no=5369,GRVB_STRIPE PANTS,,,https://en.grovestore.com/web/product/medium/202505/ab269158a18353887a752c6d4d1bc363.jpg,,,,,,₩40,,,,,,260626,
,false,,그로브,,,전체,,https://en.grovestore.com/product/detail.html?product_no=5368,GRVB_STRIPE T-SHIRT,,,https://en.grovestore.com/web/product/medium/202505/d4b73f2932318c11b4c6f9603e95f293.jpg,,,,,,₩33,,,,,,260626,
,false,,그로브,,,전체,,https://en.grovestore.com/product/detail.html?product_no=5354,LAKE BODY SLEEVELESS [3COLORS],,,https://en.grovestore.com/web/product/medium/202504/551fbff086218eeee2b2a97390d84313.jpg,,,,,,₩41,,,,,,260626,
,false,,그로브,,,전체,,https://en.grovestore.com/product/detail.html?product_no=5353,VALE APRON DRESS [2COLORS],,,https://en.grovestore.com/web/product/medium/202504/2e89fa82d1d95e7ecded61254405e811.jpg,,,,,,₩87,,,,,,260626,
,false,,그로브,,,전체,,https://en.grovestore.com/product/detail.html?product_no=5352,COVE CARDIGAN [3COLORS],,,https://en.grovestore.com/web/product/medium/202504/d87810e1296597b86f6ebbda45020718.jpg,,,,,,₩69,,,,,,260626,
,false,,그로브,,,전체,,https://en.grovestore.com/product/detail.html?product_no=5351,ZANE LAYERED SHORTS [2COLORS],,,https://en.grovestore.com/web/product/medium/202504/7ebd7e0b5e4b9b6bf63721c85869c576.jpg,,,,,,₩116,,,,,,260626,
,false,,그로브,,,전체,,https://en.grovestore.com/product/detail.html?product_no=5350,ROWAN BACK PACK,,,https://en.grovestore.com/web/product/medium/202504/2d666f4f9cd06b4119824b344ea5db8c.jpg,,,,,,₩116,,,,,,260626,
,false,,그로브,,,전체,,https://en.grovestore.com/product/detail.html?product_no=5349,PIP HOBO BAG [2COLORS],,,https://en.grovestore.com/web/product/medium/202509/f0a811bff603e277e429b0f2c247443a.png,,,,,,₩65,,,,,,260626,
,false,,그로브,,,전체,,https://en.grovestore.com/product/detail.html?product_no=5348,ALBY COLLAR SLEEVELESS [3COLORS],,,https://en.grovestore.com/web/product/medium/202504/9dccad0a20b0be5854ebaaf70e98ea14.jpg,,,,,,₩36,,,,,,260626,
,false,,그로브,,,전체,,https://en.grovestore.com/product/detail.html?product_no=5347,WILLOW PANTS [2COLORS],,,https://en.grovestore.com/web/product/medium/202504/2304c1784523b54a85a4e81b89fc6ea4.jpg,,,,,,₩109,,,,,,260626,
,false,,그로브,,,전체,,https://en.grovestore.com/product/detail.html?product_no=5345,ALINA BOLERO [3COLORS],,,https://en.grovestore.com/web/product/medium/202504/b3c3d6f64088fe22c4eaa7250114d1a1.jpg,,,,,,₩68,,,,,,260626,
,false,,그로브,,,전체,,https://en.grovestore.com/product/detail.html?product_no=5344,DANI LAP SKIRT,,,https://en.grovestore.com/web/product/medium/202504/c8205d49ff6132fc18bd45775d39a0b7.jpg,,,,,,₩68,,,,,,260626,
,false,,그로브,,,전체,,https://en.grovestore.com/product/detail.html?product_no=5342,DION SHEER CARDIGAN [2COLORS],,,https://en.grovestore.com/web/product/medium/202504/d78d8cd2c87f5efd031bde72f2121f6a.jpg,,,,,,₩72,,,,,,260626,
,false,,그로브,,,전체,,https://en.grovestore.com/product/detail.html?product_no=5341,DION SHEER SKIRT [2COLORS],,,https://en.grovestore.com/web/product/medium/202504/8444766796b35f953f24fc02ba19ec0a.jpg,,,,,,₩63,,,,,,260626,
,false,,그로브,,,전체,,https://en.grovestore.com/product/detail.html?product_no=5340,GRVR ROBIN SHORTS [3COLORS],,,https://en.grovestore.com/web/product/medium/202504/e014c9400c6150c5c939d440bb697126.jpg,,,,,,₩68,,,,,,260626,
,false,,그로브,,,전체,,https://en.grovestore.com/product/detail.html?product_no=5339,ROBIN PANTS [2COLORS],,,https://en.grovestore.com/web/product/medium/202504/f9106d027420a80ca7d59c442016c1fc.jpg,,,,,,₩116,,,,,,260626,
,false,,그로브,,,전체,,https://en.grovestore.com/product/detail.html?product_no=5335,MADISON CHECK SHIRT [2COLORS],,,https://en.grovestore.com/web/product/medium/202504/1f37fc2c8b51a0f6b2c3c3689d268021.jpg,,,,,,₩72,,,,,,260626,
,false,,그로브,,,전체,,https://en.grovestore.com/product/detail.html?product_no=5334,YORK BOOTS CUT PANTS [2COLORS],,,https://en.grovestore.com/web/product/medium/202504/6b9fdceb1782b3a4bb64e3bd88fef120.jpg,,,,,,₩94,,,,,,260626,
,false,,그로브,,,전체,,https://en.grovestore.com/product/detail.html?product_no=5333,YORK PLEATS SKIRT [2COLORS],,,https://en.grovestore.com/web/product/medium/202504/7e8f11a5d6312db8a6877c044ce1340a.jpg,,,,,,₩131,,,,,,260626,
,false,,그로브,,,전체,,https://en.grovestore.com/product/detail.html?product_no=5332,JESSE KNIT SHORTS [2COLORS],,,https://en.grovestore.com/web/product/medium/202504/a4955aa809a41860e8b43fe5754c1d83.jpg,,,,,,₩57,,,,,,260626,
,false,,그로브,,,전체,,https://en.grovestore.com/product/detail.html?product_no=5331,JESSE KNIT TOP [2COLORS],,,https://en.grovestore.com/web/product/medium/202504/7aad81185fc4c8c7e59d51a944138e6d.jpg,,,,,,₩53,,,,,,260626,
,false,,그로브,,,전체,,https://en.grovestore.com/product/detail.html?product_no=5330,JUNE DENIM SHORTS [3COLORS],,,https://en.grovestore.com/web/product/medium/202504/79930d43454d589e6e45f07c822b7bab.jpg,,,,,,₩94,,,,,,260626,
,false,,그로브,,,전체,,https://en.grovestore.com/product/detail.html?product_no=5329,LEAH SKIRT PANTS [2COLORS],,,https://en.grovestore.com/web/product/medium/202504/4cf1a0898874dca88c54f862b68cca63.jpg,,,,,,₩101,,,,,,260626,
,false,,그로브,,,전체,,https://en.grovestore.com/product/detail.html?product_no=5328,LEAH LACE BUSTIER [2COLORS],,,https://en.grovestore.com/web/product/medium/202504/b155b563a3582e8ea902c4a616ecbd3f.jpg,,,,,,₩79,,,,,,260626,
,false,,그로브,,,전체,,https://en.grovestore.com/product/detail.html?product_no=5326,DREW LAYERED SKIRT [2COLORS],,,https://en.grovestore.com/web/product/medium/202504/367153604406c701bc29be5ad6e0d039.jpg,,,,,,₩39,,,,,,260626,
,false,,그로브,,,전체,,https://en.grovestore.com/product/detail.html?product_no=5324,HOLLIS BELT,,,https://en.grovestore.com/web/product/medium/202504/6b4657b709f7501b79d3c30365b54764.jpg,,,,,,₩46,,,,,,260626,
,false,,그로브,,,전체,,https://en.grovestore.com/product/detail.html?product_no=5323,ELLIS LACE SHORTS [2COLORS],,,https://en.grovestore.com/web/product/medium/202504/856ef02cb1edc5f5b03d5e1e0c5fd85e.jpg,,,,,,₩109,,,,,,260626,
,false,,그로브,,,전체,,https://en.grovestore.com/product/detail.html?product_no=5322,ELLIS LACE SHIRT [2COLORS],,,https://en.grovestore.com/web/product/medium/202504/d72778d91e90139d7de48902f6296c62.jpg,,,,,,₩131,,,,,,260626,
,false,,그로브,,,전체,,https://en.grovestore.com/product/detail.html?product_no=5321,CHLOE CABRA SHORTS [3COLORS],,,https://en.grovestore.com/web/product/medium/202504/13b375d305d0f0efd6c0fd7b599eab06.jpg,,,,,,₩94,,,,,,260626,
,false,,그로브,,,전체,,https://en.grovestore.com/product/detail.html?product_no=5318,CARELL STRIPE PIQUE SHIRT [3COLORS],,,https://en.grovestore.com/web/product/medium/202504/9eef430cafb1feebde34cce43fe2bbdf.jpg,,,,,,₩57,,,,,,260626,
,false,,그로브,,,전체,,https://en.grovestore.com/product/detail.html?product_no=5317,SIENNA SHAWL MUFFLER [2COLORS],,,https://en.grovestore.com/web/product/medium/202504/13cce466f50e310ab6e464d1949b1f27.jpg,,,,,,₩61,,,,,,260626,
,false,,그로브,,,전체,,https://en.grovestore.com/product/detail.html?product_no=5315,CORA STRIPE WORK PANTS [3COLORS],,,https://en.grovestore.com/web/product/medium/202504/69f42df3ca457e1e55bc60c090578dc1.jpg,,,,,,₩109,,,,,,260626,
,false,,그로브,,,전체,,https://en.grovestore.com/product/detail.html?product_no=5314,GROVE MARINE RINGER T-SHIRT [4COLORS],,,https://en.grovestore.com/web/product/medium/202504/9c293b8a369dbab4d8a758a3921d9bce.jpg,,,,,,₩31,,,,,,260626,
,false,,그로브,,,전체,,https://en.grovestore.com/product/detail.html?product_no=5312,CAVE DENIM SHORTS [2COLORS],,,https://en.grovestore.com/web/product/medium/202504/5a10430a169a639e1f970eccd4d8b9fd.jpg,,,,,,₩69,,,,,,260626,
,false,,그로브,,,전체,,https://en.grovestore.com/product/detail.html?product_no=5311,GROVE MARINE CLUB T-SHIRT [4COLORS],,,https://en.grovestore.com/web/product/medium/202504/0864404605ca83b25738a5d36f0dd31e.jpg,,,,,,₩39,,,,,,260626,
,false,,그로브,,,전체,,https://en.grovestore.com/product/detail.html?product_no=5310,GR PENDANT PIN [2COLORS],,,https://en.grovestore.com/web/product/medium/202504/fef2811146e45aa2402f3ce1fbd259b4.jpg,,,,,,₩10,,,,,,260626,
,false,,그로브,,,전체,,https://en.grovestore.com/product/detail.html?product_no=5309,PHOEBE CARDIGAN [3COLORS],,,https://en.grovestore.com/web/product/medium/202504/92917b6b8bfe6564a6bd863aa5458f21.jpg,,,,,,₩94,,,,,,260626,
,false,,그로브,,,전체,,https://en.grovestore.com/product/detail.html?product_no=5307,DAISY KNIT CARDIGAN [3COLORS],,,https://en.grovestore.com/web/product/medium/202504/2a36262a36aedd1a5a0d60c1097ffa1c.jpg,,,,,,₩101,,,,,,260626,
,false,,그로브,,,전체,,https://en.grovestore.com/product/detail.html?product_no=5306,DAISY KNIT TOP [3COLORS],,,https://en.grovestore.com/web/product/medium/202504/f8bf4df7a4ce4e576f70c52a78b7456d.jpg,,,,,,₩68,,,,,,260626,
,false,,그로브,,,전체,,https://en.grovestore.com/product/detail.html?product_no=5305,MAEVE DENIM PANTS [2COLORS],,,https://en.grovestore.com/web/product/medium/202504/d48adf88deea78b0c1bb570c06684579.jpg,,,,,,₩87,,,,,,260626,
,false,,그로브,,,전체,,https://en.grovestore.com/product/detail.html?product_no=5304,JAMIE T-SHIRT [4COLORS],,,https://en.grovestore.com/web/product/medium/202504/d9d189a0b7aa601f42562693e34d94e3.jpg,,,,,,₩36,,,,,,260626,
,false,,그로브,,,전체,,https://en.grovestore.com/product/detail.html?product_no=5303,GR RINGER SLEEVELESS TOP [2COLORS],,,https://en.grovestore.com/web/product/medium/202504/8e2da132f0c39da1112413916ba8a10b.jpg,,,,,,₩28,,,,,,260626,
,false,,그로브,,,전체,,https://en.grovestore.com/product/detail.html?product_no=5302,BLAKE DENIM OVERALL [2COLORS],,,https://en.grovestore.com/web/product/medium/202504/6fcf7cc291d4d060e6fa190095b83296.jpg,,,,,,₩131,,,,,,260626,
,false,,그로브,,,전체,,https://en.grovestore.com/product/detail.html?product_no=5300,JULES BALLOON SKIRT [3COLORS],,,https://en.grovestore.com/web/product/medium/202504/ad5086948765bf5fbb895730e7fadb7e.jpg,,,,,,₩87,,,,,,260626,
,false,,그로브,,,전체,,https://en.grovestore.com/product/detail.html?product_no=5299,JULES HALF ANORAK [3COLORS],,,https://en.grovestore.com/web/product/medium/202504/18d662a2ee1c11143f313a4f5ff6b057.jpg,,,,,,₩87,,,,,,260626,
,false,,그로브,,,전체,,https://en.grovestore.com/product/detail.html?product_no=5298,BAYLOR STRIPE SHIRT [3COLORS],,,https://en.grovestore.com/web/product/medium/202504/42248d767a074d4094f0c57ef65c98e3.jpg,,,,,,₩83,,,,,,260626,
,false,,그로브,,,전체,,https://en.grovestore.com/product/detail.html?product_no=5297,EVA GRVR PANTS [5COLORS],,,https://en.grovestore.com/web/product/medium/202504/a78dcd55b5033349f678757289ebb2a5.jpg,,,,,,₩23,,,,,,260626,
,false,,그로브,,,전체,,https://en.grovestore.com/product/detail.html?product_no=5296,EVA GRVR HIGH TOP [5COLORS],,,https://en.grovestore.com/web/product/medium/202504/95179015bdf10b59795c0c6195c40eea.jpg,,,,,,₩25,,,,,,260626,
,false,,그로브,,,전체,,https://en.grovestore.com/product/detail.html?product_no=5295,GRVB_Solid Half Ribbed Socks [2COLORS],,,https://en.grovestore.com/web/product/medium/202504/2ee048ad95f8f4194823c1b7327c5637.jpg,,,,,,₩7,,,,,,260626,
,false,,그로브,,,전체,,https://en.grovestore.com/product/detail.html?product_no=5294,NICO SOCKS [2COLORS],,,https://en.grovestore.com/web/product/medium/202504/492e3438912d38668ad236ac10a487f2.jpg,,,,,,₩18,,,,,,260626,
,false,,그로브,,,전체,,https://en.grovestore.com/product/detail.html?product_no=5293,BAILEY SLEEVELESS KNIT [3COLORS],,,https://en.grovestore.com/web/product/medium/202504/b62413a01b80c7ad90d80b49a82da749.jpg,,,,,,₩50,,,,,,260626,
,false,,그로브,,,전체,,https://en.grovestore.com/product/detail.html?product_no=5292,BAILEY HALF SLEEVE KNIT [3COLORS],,,https://en.grovestore.com/web/product/medium/202504/db450c37f23d480ec6642f66e38161b6.jpg,,,,,,₩61,,,,,,260626,
,false,,그로브,,,전체,,https://en.grovestore.com/product/detail.html?product_no=5290,REMY KNIT SKIRT [2COLORS],,,https://en.grovestore.com/web/product/medium/202504/b826c81c0074b61305ddc413af6ac4bc.jpg,,,,,,₩61,,,,,,260626,
,false,,그로브,,,전체,,https://en.grovestore.com/product/detail.html?product_no=5288,GRVR JULES HAIR PIN [7COLORS],,,https://en.grovestore.com/web/product/medium/202504/03a263db0d37d9620b029150268a4e79.jpg,,,,,,₩25,,,,,,260626,
,false,,그로브,,,전체,,https://en.grovestore.com/product/detail.html?product_no=5287,SAGE PIQUE ONE-PIECE [3COLORS],,,https://en.grovestore.com/web/product/medium/202504/7655b3a62ca77894a30e6691ea9e2395.jpg,,,,,,₩109,,,,,,260626,
,false,,그로브,,,전체,,https://en.grovestore.com/product/detail.html?product_no=5286,GRVR UMBRELLA [2COLORS],,,https://en.grovestore.com/web/product/medium/202504/bbc291b9659122b355b995875fd9517d.jpg,,,,,,₩25,,,,,,260626,
,false,,그로브,,,전체,,https://en.grovestore.com/product/detail.html?product_no=5285,REEVE DENIM PANTS,,,https://en.grovestore.com/web/product/medium/202504/25451c0e84f563ed94bcbccd65c9dc99.jpg,,,,,,₩124,,,,,,260626,
,false,,그로브,,,전체,,https://en.grovestore.com/product/detail.html?product_no=5284,FRANKIE STRIPE SHORTS [3COLORS],,,https://en.grovestore.com/web/product/medium/202504/7037a4c651609743805567a1ad3b9fb8.jpg,,,,,,₩57,,,,,,260626,
,false,,그로브,,,전체,,https://en.grovestore.com/product/detail.html?product_no=5283,FRANKIE STRIPE SLEEVELESS [3COLORS],,,https://en.grovestore.com/web/product/medium/202504/4901214ed69f4447213c83dcd8be7ef9.jpg,,,,,,₩57,,,,,,260626,
,false,,그로브,,,전체,,https://en.grovestore.com/product/detail.html?product_no=5282,GRVR APPLIQUE T-SHIRT [5COLORS],,,https://en.grovestore.com/web/product/medium/202504/d70b69a201a0544a4fa78e9195ef759f.jpg,,,,,,₩46,,,,,,260626,
,false,,그로브,,,전체,,https://en.grovestore.com/product/detail.html?product_no=5281,ELIO STRIPE PANTS [2COLORS],,,https://en.grovestore.com/web/product/medium/202504/6a68b210d16886eae730ef103981fc99.jpg,,,,,,₩61,,,,,,260626,
,false,,그로브,,,전체,,https://en.grovestore.com/product/detail.html?product_no=5280,ELIO STRIPE ANORAK JUMPER [2COLORS],,,https://en.grovestore.com/web/product/medium/202505/589d7f37f95676731e1e90086b785f44.jpg,,,,,,₩124,,,,,,260626,
,false,,그로브,,,전체,,https://en.grovestore.com/product/detail.html?product_no=5279,KOA V-NECK KNIT VEST [3COLORS],,,https://en.grovestore.com/web/product/medium/202504/818f57e6ae93ef59bc35c321c8275de0.jpg,,,,,,₩50,,,,,,260626,
,false,,그로브,,,전체,,https://en.grovestore.com/product/detail.html?product_no=5278,REMI RIB SLEEVELESS KNIT [3COLORS],,,https://en.grovestore.com/web/product/medium/202504/f80b5a86aca6105adabdb0a33a45cc2a.jpg,,,,,,₩57,,,,,,260626,
,false,,그로브,,,전체,,https://en.grovestore.com/product/detail.html?product_no=5276,KADE PIQUE SHIRT,,,https://en.grovestore.com/web/product/medium/202504/995de14e79676e43e5d36d1f2088fa04.jpg,,,,,,₩72,,,,,,260626,
,false,,그로브,,,전체,,https://en.grovestore.com/product/detail.html?product_no=5275,GRVR NOVA T-SHIRT [2COLORS],,,https://en.grovestore.com/web/product/medium/202504/dce47df44cb82198a7d65180bf790728.jpg,,,,,,₩35,,,,,,260626,
,false,,그로브,,,전체,,https://en.grovestore.com/product/detail.html?product_no=5273,LIAM HALF ZIP-UP COLLAR T-SHIRT [2COLORS],,,https://en.grovestore.com/web/product/medium/202504/8ae64ee487e02be3fcd806bc1e81436a.jpg,,,,,,₩53,,,,,,260626,
,false,,그로브,,,전체,,https://en.grovestore.com/product/detail.html?product_no=5272,CLEO SKIRT [2COLORS],,,https://en.grovestore.com/web/product/medium/202504/e6fc75be0e171e88a7c9210bba40e6a4.jpg,,,,,,₩65,,,,,,260626,
,false,,그로브,,,전체,,https://en.grovestore.com/product/detail.html?product_no=5271,ELFIN STRIPE COLLAR KNIT [2COLORS],,,https://en.grovestore.com/web/product/medium/202504/362e7161d4926eba3dccfc16fcef0387.jpg,,,,,,₩76,,,,,,260626,
,false,,그로브,,,전체,,https://en.grovestore.com/product/detail.html?product_no=5270,FLAVIA STRIPE COLLAR KNIT [3COLORS],,,https://en.grovestore.com/web/product/medium/202504/d263043f7a2dda88a0380c3a7792aee0.jpg,,,,,,₩68,,,,,,260626,
,false,,그로브,,,전체,,https://en.grovestore.com/product/detail.html?product_no=5061,CARELL STRIPE LS PIQUE SHIRT [MAN-3COLORS],,,https://en.grovestore.com/web/product/medium/202502/2023ebabf247bc89a506215595187b04.jpg,,,,,,₩83,,,,,,260626,
,false,,그로브,,,전체,,https://en.grovestore.com/product/detail.html?product_no=5060,HAGUE RUGBY SWEATSHIRT [MAN-3COLORS],,,https://en.grovestore.com/web/product/medium/202502/c07b0679c573230cac4bf2cca1401f6c.jpg,,,,,,₩101,,,,,,260626,
,false,,그로브,,,전체,,https://en.grovestore.com/product/detail.html?product_no=5058,LUSSON JUMPER [MAN-2COLORS],,,https://en.grovestore.com/web/product/medium/202502/7891748fc76e4694edfef6271edbbe0a.jpg,,,,,,₩190,,,,,,260626,
,false,,그로브,,,전체,,https://en.grovestore.com/product/detail.html?product_no=5055,GRVR COLOR SWEATSHIRT [3COLORS],,,https://en.grovestore.com/web/product/medium/202502/56ef4b10a1bb1445227508a90e5cbe68.jpg,,,,,,₩68,,,,,,260626,
,false,,그로브,,,전체,,https://en.grovestore.com/product/detail.html?product_no=5052,KARIN OFF-SHOULDER COLLAR KNIT  [3COLORS],,,https://en.grovestore.com/web/product/medium/202502/6457e2c782ab4ccf3000781fe4ba9270.jpg,,,,,,₩68,,,,,,260626,
,false,,그로브,,,전체,,https://en.grovestore.com/product/detail.html?product_no=5050,BLAINE TRUNK SHORTS [5COLORS],,,https://en.grovestore.com/web/product/medium/202502/3cd83ff1a299f783bab08e27eff4ef1f.jpg,,,,,,₩57,,,,,,260626,
,false,,그로브,,,전체,,https://en.grovestore.com/product/detail.html?product_no=5049,GROVE HAIR PIN SET [4COLORS],,,https://en.grovestore.com/web/product/medium/202502/a0aa0dce76978d141fbb0e8a13e1f2d0.jpg,,,,,,₩20,,,,,,260626,
,false,,그로브,,,전체,,https://en.grovestore.com/product/detail.html?product_no=5048,BLAINE SCRUNCH [5COLORS],,,https://en.grovestore.com/web/product/medium/202503/8332bdde1aa697a46e3ac8dd807b7e10.jpg,,,,,,₩8,,,,,,260626,
,false,,그로브,,,전체,,https://en.grovestore.com/product/detail.html?product_no=5044,ELLON ONE-PIECE,,,https://en.grovestore.com/web/product/medium/202502/f50bff7d0cdafbe245259545016b09f4.jpg,,,,,,₩146,,,,,,260626,
,false,,그로브,,,전체,,https://en.grovestore.com/product/detail.html?product_no=5043,SERENE SKIRT [2COLORS],,,https://en.grovestore.com/web/product/medium/202502/86fd15a0011e0ea7aecd43c2ca39e24d.jpg,,,,,,₩109,,,,,,260626,
,false,,그로브,,,전체,,https://en.grovestore.com/product/detail.html?product_no=5042,BONNER BALLON SHORTS [2COLORS],,,https://en.grovestore.com/web/product/medium/202502/bd7234874dff13ee6e081c2b9a5cb541.jpg,,,,,,₩61,,,,,,260626,
,false,,그로브,,,전체,,https://en.grovestore.com/product/detail.html?product_no=5041,RAKE DENIM SKIRT-PANTS [2COLORS],,,https://en.grovestore.com/web/product/medium/202502/1261b4dd029ce3a7d57b3ae7cf8fc393.jpg,,,,,,₩94,,,,,,260626,
,false,,그로브,,,전체,,https://en.grovestore.com/product/detail.html?product_no=5039,VINE FLARE SKIRT [3COLORS],,,https://en.grovestore.com/web/product/medium/202502/53e113b4a663c46833a42a38db03126f.jpg,,,,,,₩76,,,,,,260626,
,false,,그로브,,,전체,,https://en.grovestore.com/product/detail.html?product_no=5038,ROANNE SKIRT-PANTS [2COLORS],,,https://en.grovestore.com/web/product/medium/202502/b9e8f3596ea4c3a9205f70155e95d044.jpg,,,,,,₩87,,,,,,260626,
,false,,그로브,,,전체,,https://en.grovestore.com/product/detail.html?product_no=5037,LIDO SKIRT [2COLORS],,,https://en.grovestore.com/web/product/medium/202502/b32f74e2792542af2fb2061d074a3a98.jpg,,,,,,₩94,,,,,,260626,
,false,,그로브,,,전체,,https://en.grovestore.com/product/detail.html?product_no=5036,LIDO STRING PANTS [2COLORS],,,https://en.grovestore.com/web/product/medium/202502/5f513ed0f742fab0dc4c3cb4fd15a389.jpg,,,,,,₩116,,,,,,260626,
,false,,그로브,,,전체,,https://en.grovestore.com/product/detail.html?product_no=5035,LID HIGH WAIST DENIM PANTS [2COLORS],,,https://en.grovestore.com/web/product/medium/202503/670fb475eb2e7e6df2fcdb12ef73b395.jpg,,,,,,₩79,,,,,,260626,
,false,,그로브,,,전체,,https://en.grovestore.com/product/detail.html?product_no=5034,25PS VOID PANTS [4COLORS],,,https://en.grovestore.com/web/product/medium/202502/f7d6c59366db8a3972a366e1a6837517.jpg,,,,,,₩90,,,,,,260626,
,false,,그로브,,,전체,,https://en.grovestore.com/product/detail.html?product_no=5033,MATIS DENIM PANTS [2COLORS],,,https://en.grovestore.com/web/product/medium/202502/e0433eeb192fd0f1ab0ce375a576870a.jpg,,,,,,₩102,,,,,,260626,
,false,,그로브,,,전체,,https://en.grovestore.com/product/detail.html?product_no=5032,NORMA DENIM PANTS [2COLORS],,,https://en.grovestore.com/web/product/medium/202502/cb9043188a768fa33b94459f5aa375f3.jpg,,,,,,₩109,,,,,,260626,
,false,,그로브,,,전체,,https://en.grovestore.com/product/detail.html?product_no=5031,VINE CHECK  SCARF  [3COLORS],,,https://en.grovestore.com/web/product/medium/202502/fe65bb8ecf054fa369bd326e0c304b42.jpg,,,,,,₩25,,,,,,260626,
,false,,그로브,,,전체,,https://en.grovestore.com/product/detail.html?product_no=5029,PAOLA SILK SCARF  [2COLORS],,,https://en.grovestore.com/web/product/medium/202502/5b0491d0231d922bfd411838704b1618.jpg,,,,,,₩65,,,,,,260626,
,false,,그로브,,,전체,,https://en.grovestore.com/product/detail.html?product_no=5028,FORLI WOOL SOCKS [4COLORS],,,https://en.grovestore.com/web/product/medium/202503/e0180d3431f213d01454ffddd182a719.jpg,,,,,,₩13,,,,,,260626,
,false,,그로브,,,전체,,https://en.grovestore.com/product/detail.html?product_no=5027,LAWSON SHAWL MUFFLER [4COLORS],,,https://en.grovestore.com/web/product/medium/202503/d6a53bf618704a9c8230f12aa64821e7.jpg,,,,,,₩35,,,,,,260626,
,false,,그로브,,,전체,,https://en.grovestore.com/product/detail.html?product_no=5026,LAWSON CARDIGAN [4COLORS],,,https://en.grovestore.com/web/product/medium/202502/2360a22f803e7b2695a0810393c94b2c.jpg,,,,,,₩68,,,,,,260626,
,false,,그로브,,,전체,,https://en.grovestore.com/product/detail.html?product_no=5025,LAWSON ONE PIECE [4COLORS],,,https://en.grovestore.com/web/product/medium/202502/5af48f9f9e5c7aa560faa303606ba826.jpg,,,,,,₩65,,,,,,260626,
,false,,그로브,,,전체,,https://en.grovestore.com/product/detail.html?product_no=5022,CHARD STRIPE BUTTON KNIT [3COLORS],,,https://en.grovestore.com/web/product/medium/202502/12c9677553fc185b97ae40bb9e54b852.jpg,,,,,,₩79,,,,,,260626,
,false,,그로브,,,전체,,https://en.grovestore.com/product/detail.html?product_no=5020,SERENE COLLAR KNIT  [4COLORS],,,https://en.grovestore.com/web/product/medium/202502/42a2ca66f49956f78b2d50d3c4e6e216.jpg,,,,,,₩68,,,,,,260626,
,false,,그로브,,,전체,,https://en.grovestore.com/product/detail.html?product_no=5019,GRATO CABLE CARDIGAN  [4COLORS],,,https://en.grovestore.com/web/product/medium/202502/b0931ea176e07860a18417365f5ea993.jpg,,,,,,₩76,,,,,,260626,
,false,,그로브,,,전체,,https://en.grovestore.com/product/detail.html?product_no=5015,CARELL STRIPE LS PIQUE SHIRT [WOMAN-4COLORS],,,https://en.grovestore.com/web/product/medium/202502/c832c27d1ae8e09555a81c0f45dc529b.jpg,,,,,,₩83,,,,,,260626,
,false,,그로브,,,전체,,https://en.grovestore.com/product/detail.html?product_no=5011,ZESTY SWEATSHIRT [2COLORS],,,https://en.grovestore.com/web/product/medium/202502/3b30661e346ad91b78fa2369c54e3693.jpg,,,,,,₩72,,,,,,260626,
,false,,그로브,,,전체,,https://en.grovestore.com/product/detail.html?product_no=5010,FONDS T-SHIRT [4COLORS],,,https://en.grovestore.com/web/product/medium/202503/d8aba6b8f7d1671762aed2918babcacf.jpg,,,,,,₩35,,,,,,260626,
,false,,그로브,,,전체,,https://en.grovestore.com/product/detail.html?product_no=5009,VINE TAILORED SHIRT [3COLORS],,,https://en.grovestore.com/web/product/medium/202503/69f413ad659156409dc1ba9de0c9a681.jpg,,,,,,₩79,,,,,,260626,
,false,,그로브,,,전체,,https://en.grovestore.com/product/detail.html?product_no=5007,NORMA DENIM SHIRT [2COLORS],,,https://en.grovestore.com/web/product/medium/202502/5d4f2dd7174a3c0744f35ce1103efec1.jpg,,,,,,₩124,,,,,,260626,
,false,,그로브,,,전체,,https://en.grovestore.com/product/detail.html?product_no=5006,ALES REVERSIBLE JUMPER,,,https://en.grovestore.com/web/product/medium/202502/33f3718cd707ad99bd9324890699e84f.jpg,,,,,,₩212,,,,,,260626,
,false,,그로브,,,전체,,https://en.grovestore.com/product/detail.html?product_no=5005,VINE REVERSIBLE JUMPER [2COLORS],,,https://en.grovestore.com/web/product/medium/202502/0933efd9e111ace84f58c2836fa34f6d.jpg,,,,,,₩213,,,,,,260626,
,false,,그로브,,,전체,,https://en.grovestore.com/product/detail.html?product_no=5004,ROANNE JACKET [2COLORS],,,https://en.grovestore.com/web/product/medium/202502/887bbd807064463bde461adfbe10a742.jpg,,,,,,₩183,,,,,,260626,
,false,,그로브,,,전체,,https://en.grovestore.com/product/detail.html?product_no=5003,LIDO SINGLE JACKET [2COLORS],,,https://en.grovestore.com/web/product/medium/202502/d902ce98aee4595130594eefa7faf1fd.jpg,,,,,,₩183,,,,,,260626,
,false,,그로브,,,전체,,https://en.grovestore.com/product/detail.html?product_no=5001,URBANE TRENCH COAT [2COLORS],,,https://en.grovestore.com/web/product/medium/202502/008a8bd3f2a60b37450640b2e5e5db01.jpg,,,,,,₩257,,,,,,260626,
,false,,그로브,,,전체,,https://en.grovestore.com/product/detail.html?product_no=4997,RAVE LEATHER JACKET [2COLORS],,,https://en.grovestore.com/web/product/medium/202502/f356cf6ae85a4eb3322aa39e9b1c3185.png,,,,,,₩175,,,,,,260626,
,false,,그로브,,,전체,,https://en.grovestore.com/product/detail.html?product_no=4996,GROSS LEATHER JACKET,,,https://en.grovestore.com/web/product/medium/202502/a90ec360d79656124b023bb4552fee39.jpg,,,,,,₩242,,,,,,260626,
,false,,그로브,,,전체,,https://en.grovestore.com/product/detail.html?product_no=4972,ROMMEL SET [3EA] [3COLOR],,,https://en.grovestore.com/web/product/medium/202412/0bb2a5df6f08820a77fe4727c96f6a25.jpg,,,,,,₩224,,,,,,260626,
,false,,그로브,,,전체,,https://en.grovestore.com/product/detail.html?product_no=4971,MILEY SET [2EA] [3COLOR],,,https://en.grovestore.com/web/product/medium/202412/2daf1112571af58c6b975d9c1765ba9f.jpg,,,,,,₩122,,,,,,260626,
,false,,그로브,,,전체,,https://en.grovestore.com/product/detail.html?product_no=4970,ROA SET [2EA],,,https://en.grovestore.com/web/product/medium/202412/3b703d670915a96b712cd73c31c029e7.jpg,,,,,,₩97,,,,,,260626,
,false,,그로브,,,전체,,https://en.grovestore.com/product/detail.html?product_no=4968,STITCH ARGYLE SET [2EA] [2COLOR],,,https://en.grovestore.com/web/product/medium/202412/3eec2de162fe6aa3b2c37dc82101ac4a.jpg,,,,,,₩181,,,,,,260626,
,false,,그로브,,,전체,,https://en.grovestore.com/product/detail.html?product_no=4967,GRVR KNIT SET [2EA] [3COLOR],,,https://en.grovestore.com/web/product/medium/202412/478fbcde5c1da5fcc841b28e8617a2ad.jpg,,,,,,₩126,,,,,,260626,
,false,,그로브,,,전체,,https://en.grovestore.com/product/detail.html?product_no=4966,MOLLING STRIPE SET [2EA] [3COLORS],,,https://en.grovestore.com/web/product/medium/202412/b702181dda05a6dcfde428494bff3554.jpg,,,,,,₩97,,,,,,260626,
,false,,그로브,,,전체,,https://en.grovestore.com/product/detail.html?product_no=4964,CLANE ARGYLE SET [3EA] [2COLOR],,,https://en.grovestore.com/web/product/medium/202412/d5efd1e04361370f46a3aba0d17ca4dc.jpg,,,,,,₩135,,,,,,260626,
,false,,그로브,,,전체,,https://en.grovestore.com/product/detail.html?product_no=4960,MONET FLEECE JACKET,,,https://en.grovestore.com/web/product/medium/202412/aef76052cf1b0f929667304cef357c9f.jpg,,,,,,₩124,,,,,,260626,
,false,,그로브,,,전체,,https://en.grovestore.com/product/detail.html?product_no=4959,SCOTTISH CABLE KNIT [4COLOR],,,https://en.grovestore.com/web/product/medium/202412/5fe3710e4753ebc141429d611b474a5a.jpg,,,,,,₩87,,,,,,260626,
,false,,그로브,,,전체,,https://en.grovestore.com/product/detail.html?product_no=4950,CLANE ARGYLE BEANIE [2COLOR],,,https://en.grovestore.com/web/product/medium/202412/f9d45bb3c16de77cc0a32e7a73251fa4.jpg,,,,,,₩31,,,,,,260626,
,false,,그로브,,,전체,,https://en.grovestore.com/product/detail.html?product_no=4949,CLANE ARGYLE WARMER [2COLOR],,,https://en.grovestore.com/web/product/medium/202412/c8c6c20f022b009fce45f65f9093beb4.jpg,,,,,,₩36,,,,,,260626,
,false,,그로브,,,전체,,https://en.grovestore.com/product/detail.html?product_no=4948,STRIPE LAWSON SHAWL MUFFLER [3COLOR],,,https://en.grovestore.com/web/product/medium/202412/b582fbbac769a925859b9678d4898ae6.jpg,,,,,,₩42,,,,,,260626,
,false,,그로브,,,전체,,https://en.grovestore.com/product/detail.html?product_no=4943,SLASH STRETCHY PANTS [2COLOR],,,https://en.grovestore.com/web/product/medium/202411/9736298ece04cf107f447e63d122b82e.jpg,,,,,,₩101,,,,,,260626,
,false,,그로브,,,전체,,https://en.grovestore.com/product/detail.html?product_no=4942,LAVISH FLEECE JACKET&GLOVES SET [2COLOR],,,https://en.grovestore.com/web/product/medium/202411/980616e1dfa06cab28585d7b3a1c1afb.jpg,,,,,,₩205,,,,,,260626,
,false,,그로브,,,전체,,https://en.grovestore.com/product/detail.html?product_no=4941,VIENTO ANORAK JUMPER [2COLOR],,,https://en.grovestore.com/web/product/medium/202411/685ff2edc266b2e1ae70578ba63a2c54.jpg,,,,,,₩220,,,,,,260626,
,false,,그로브,,,전체,,https://en.grovestore.com/product/detail.html?product_no=4937,TINTA FLEECE JACKET [2COLOR],,,https://en.grovestore.com/web/product/medium/202411/d14399e83cf019b1c7c1b218f93fe0da.jpg,,,,,,₩139,,,,,,260626,
,false,,그로브,,,전체,,https://en.grovestore.com/product/detail.html?product_no=4936,MARCO V-NECK CARDIGAN [3COLOR],,,https://en.grovestore.com/web/product/medium/202411/d0c66257c00ba36ec456965d0a0b20c9.jpg,,,,,,₩110,,,,,,260626,
,false,,그로브,,,전체,,https://en.grovestore.com/product/detail.html?product_no=4934,GRVR TURTLE-NECK KNIT  [3COLOR],,,https://en.grovestore.com/web/product/medium/202411/81b9951c64d817d8356b3a84e4671157.jpg,,,,,,₩94,,,,,,260626,
,false,,그로브,,,전체,,https://en.grovestore.com/product/detail.html?product_no=4933,MOLLING STRIPE COLLAR KNIT  [3COLOR],,,https://en.grovestore.com/web/product/medium/202411/a98fdba1e60baf942e2260903c9dc36c.jpg,,,,,,₩113,,,,,,260626,
,false,,그로브,,,전체,,https://en.grovestore.com/product/detail.html?product_no=4932,SKI PLAIN KNIT  [2COLOR],,,https://en.grovestore.com/web/product/medium/202411/cea7a2279201d1eeba4cd8512113b9c9.jpg,,,,,,₩101,,,,,,260626,
,false,,그로브,,,전체,,https://en.grovestore.com/product/detail.html?product_no=4931,SKI GRAPHIC T-SHIRT  [4COLOR],,,https://en.grovestore.com/web/product/medium/202411/364dd2adce7e62ad977de8a32a8f4dfe.jpg,,,,,,₩36,,,,,,260626,
,false,,그로브,,,전체,,https://en.grovestore.com/product/detail.html?product_no=4929,GRAFICO STRIPE HOODIE  [3COLOR],,,https://en.grovestore.com/web/product/medium/202411/7bce76d373339a4095b635b8b1f0baff.jpg,,,,,,₩94,,,,,,260626,
,false,,그로브,,,전체,,https://en.grovestore.com/product/detail.html?product_no=4925,VIENTO PANTS [2COLOR],,,https://en.grovestore.com/web/product/medium/202411/43ebdf61c02a4a5ca632d9ca4bd21f47.jpg,,,,,,₩131,,,,,,260626,
,false,,그로브,,,전체,,https://en.grovestore.com/product/detail.html?product_no=4924,VIENTO SKIRT [2COLOR],,,https://en.grovestore.com/web/product/medium/202411/d2ef05b003067f513c2ad8083ce58e76.jpg,,,,,,₩101,,,,,,260626,
,false,,그로브,,,전체,,https://en.grovestore.com/product/detail.html?product_no=4923,MOLLING STRIPE BEANIE [3COLOR],,,https://en.grovestore.com/web/product/medium/202411/668df21f25ea60c1390cdcb6e0551a70.jpg,,,,,,₩43,,,,,,260626,
,false,,그로브,,,전체,,https://en.grovestore.com/product/detail.html?product_no=4922,MOLLING STRIPE MUFFLER [3COLOR],,,https://en.grovestore.com/web/product/medium/202411/8b00712e8ba4ce4476041a2cb8665b3d.jpg,,,,,,₩53,,,,,,260626,
,false,,그로브,,,전체,,https://en.grovestore.com/product/detail.html?product_no=4921,GRVR KNITTED HAIR-BAND [3COLOR],,,https://en.grovestore.com/web/product/medium/202411/4897fc6466b681d54aaf10ff6be8df06.jpg,,,,,,₩31,,,,,,260626,
,false,,그로브,,,전체,,https://en.grovestore.com/product/detail.html?product_no=4919,VIENTO BUCKET BAG [2COLOR],,,https://en.grovestore.com/web/product/medium/202411/9e8319b1fc71066ff31ddcf1b637028a.jpg,,,,,,₩87,,,,,,260626,
,false,,그로브,,,전체,,https://en.grovestore.com/product/detail.html?product_no=4918,VIENTO TOTE BAG [2COLOR],,,https://en.grovestore.com/web/product/medium/202411/1ede585b22a450a540b2bed23ea090c9.jpg,,,,,,₩79,,,,,,260626,
,false,,그로브,,,전체,,https://en.grovestore.com/product/detail.html?product_no=4914,HUF COAT [2COLOR],,,https://en.grovestore.com/web/product/medium/202411/c3508b98a354ce526630b5827f2630e3.jpg,,,,,,₩205,,,,,,260626,
,false,,그로브,,,전체,,https://en.grovestore.com/product/detail.html?product_no=4912,COMFY FLEECE JACKET [3COLOR],,,https://en.grovestore.com/web/product/medium/202411/0aad3b39ba6623423b66332d8b4c537e.jpg,,,,,,₩102,,,,,,260626,
,false,,그로브,,,전체,,https://en.grovestore.com/product/detail.html?product_no=4907,OSLO BOUCLE KNIT [3COLOR],,,https://en.grovestore.com/web/product/medium/202411/2b8127c44ef4a46a11b6b7f2999ca1ce.jpg,,,,,,₩116,,,,,,260626,
,false,,그로브,,,전체,,https://en.grovestore.com/product/detail.html?product_no=4906,GRVR NORDIC HALF ZIP-UP KNIT [3COLOR],,,https://en.grovestore.com/web/product/medium/202411/f1e351439a5c5ef79707e3a5b26a4003.jpg,,,,,,₩109,,,,,,260626,
,false,,그로브,,,전체,,https://en.grovestore.com/product/detail.html?product_no=4905,SKI KINS KNIT [3COLOR],,,https://en.grovestore.com/web/product/medium/202411/7018b80948bc8490dc43794889aa4b0b.jpg,,,,,,₩87,,,,,,260626,
,false,,그로브,,,전체,,https://en.grovestore.com/product/detail.html?product_no=4904,FARBE HOODIE KNIT  [4COLOR],,,https://en.grovestore.com/web/product/medium/202411/163f165197bd9002764a57003de0b5e1.jpg,,,,,,₩94,,,,,,260626,
,false,,그로브,,,전체,,https://en.grovestore.com/product/detail.html?product_no=4902,HEIVE DENIM PANTS [2COLOR],,,https://en.grovestore.com/web/product/medium/202411/28c644c307fd0c4dede095e171d3f464.jpg,,,,,,₩94,,,,,,260626,
,false,,그로브,,,전체,,https://en.grovestore.com/product/detail.html?product_no=4898,STITCH ARGYLE SKIRT [2COLOR],,,https://en.grovestore.com/web/product/medium/202411/4f0ea7b2119140b0717808fc7057b331.jpg,,,,,,₩68,,,,,,260626,
,false,,그로브,,,전체,,https://en.grovestore.com/product/detail.html?product_no=4896,FOG KNIT BALACLAVA [3COLOR],,,https://en.grovestore.com/web/product/medium/202411/45dba4c3a8fec389281bab83dfa5473c.jpg,,,,,,₩35,,,,,,260626,
,false,,그로브,,,전체,,https://en.grovestore.com/product/detail.html?product_no=4895,HIVER BALL CAP [3COLOR],,,https://en.grovestore.com/web/product/medium/202411/a98b8e2496ee5736454873229ea3aefd.jpg,,,,,,₩35,,,,,,260626,
,false,,그로브,,,전체,,https://en.grovestore.com/product/detail.html?product_no=4894,SHEARLING MUSTANG HAT [2COLOR],,,https://en.grovestore.com/web/product/medium/202411/e776a119f8b68a75e737a3309f01544b.jpg,,,,,,₩50,,,,,,260626,
,false,,그로브,,,전체,,https://en.grovestore.com/product/detail.html?product_no=4526,TREVER STRIPE BEANIE [2COLOR],,,https://en.grovestore.com/web/product/medium/202409/7508549fbe1ab52606ac9cf8a25199e7.jpg,,,,,,₩31,,,,,,260626,
,false,,그로브,,,전체,,https://en.grovestore.com/product/detail.html?product_no=4515,WEST JACKET [2COLOR],,,https://en.grovestore.com/web/product/medium/202409/051dfb35bb5230765ff00fc930ece02d.jpg,,,,,,₩183,,,,,,260626,
,false,,그로브,,,전체,,https://en.grovestore.com/product/detail.html?product_no=4514,KIDO HERRINGBONE JACKET [2COLOR],,,https://en.grovestore.com/web/product/medium/202410/93fa66aea4be8bab6b209a70d636500c.jpg,,,,,,₩257,,,,,,260626,
,false,,그로브,,,전체,,https://en.grovestore.com/product/detail.html?product_no=4513,WILBUR LEATHER HALF COAT [BROWN],,,https://en.grovestore.com/web/product/medium/202409/59c77af4bfad98ab03250f59336603e5.jpg,,,,,,₩509,,,,,,260626,
,false,,그로브,,,전체,,https://en.grovestore.com/product/detail.html?product_no=4512,GROVE RIB TIGHTS [2COLOR],,,https://en.grovestore.com/web/product/medium/202409/37a0fb5244a4c68bf28a0bd9a46951b5.jpg,,,,,,₩20,,,,,,260626,
,false,,그로브,,,전체,,https://en.grovestore.com/product/detail.html?product_no=4511,MUTI KNIT VEST [2COLOR],,,https://en.grovestore.com/web/product/medium/202410/36de81476a6bcb3f2cd905f3211c7ae7.jpg,,,,,,₩62,,,,,,260626,
,false,,그로브,,,전체,,https://en.grovestore.com/product/detail.html?product_no=4510,FRANK CARGO PANTS [2COLOR],,,https://en.grovestore.com/web/product/medium/202410/c3859cd13e7a6567e961747d0b1b943c.jpg,,,,,,₩101,,,,,,260626,
,false,,그로브,,,전체,,https://en.grovestore.com/product/detail.html?product_no=4509,VELOUR SWEATSHORTS [3COLOR],,,https://en.grovestore.com/web/product/medium/202409/56fd7e7f46acd2869bd485710868e954.jpg,,,,,,₩35,,,,,,260626,
,false,,그로브,,,전체,,https://en.grovestore.com/product/detail.html?product_no=4508,KENT HIGH-NECK T-SHIRT [5COLOR],,,https://en.grovestore.com/web/product/medium/202410/74a01ab04fd2eb17557575e8e2263754.jpg,,,,,,₩31,,,,,,260626,
,false,,그로브,,,전체,,https://en.grovestore.com/product/detail.html?product_no=4501,JACK LEATHER BELT [4COLOR],,,https://en.grovestore.com/web/product/medium/202410/64a0783fae85f6945eaea1d6a6349e68.jpg,,,,,,₩50,,,,,,260626,
,false,,그로브,,,전체,,https://en.grovestore.com/product/detail.html?product_no=4497,PRESLEY CABLE CARDIGAN [4COLOR],,,https://en.grovestore.com/web/product/medium/202409/324ee02abb49e447e8564c8586533b52.jpg,,,,,,₩109,,,,,,260626,
,false,,그로브,,,전체,,https://en.grovestore.com/product/detail.html?product_no=4495,MOHR ROLL UP DENIM PANTS [2COLOR],,,https://en.grovestore.com/web/product/medium/202410/c5ae315ae11cae7c7f1d41bd111a3bca.jpg,,,,,,₩131,,,,,,260626,
,false,,그로브,,,전체,,https://en.grovestore.com/product/detail.html?product_no=4494,PITT DENIM PANTS [2COLOR],,,https://en.grovestore.com/web/product/medium/202410/8cf70ba590b70105df66741a61a944c9.jpg,,,,,,₩72,,,,,,260626,
,false,,그로브,,,전체,,https://en.grovestore.com/product/detail.html?product_no=4493,ROW PANTS [4COLOR],,,https://en.grovestore.com/web/product/medium/202410/f82775b14ac0f453672e223b3e58fabb.jpg,,,,,,₩76,,,,,,260626,
,false,,그로브,,,전체,,https://en.grovestore.com/product/detail.html?product_no=4492,BRINA CIGARETTE MID PANTS [2COLOR],,,https://en.grovestore.com/web/product/medium/202409/529413edec8c9e648b456d930c229563.jpg,,,,,,₩79,,,,,,260626,
,false,,그로브,,,전체,,https://en.grovestore.com/product/detail.html?product_no=4487,BEY SHIRT [2COLOR],,,https://en.grovestore.com/web/product/medium/202409/ef26cbb777cf672701f1d7d6663d6b6d.jpg,,,,,,₩101,,,,,,260626,
,false,,그로브,,,전체,,https://en.grovestore.com/product/detail.html?product_no=4486,VINE TAILORED SHIRT [2COLOR],,,https://en.grovestore.com/web/product/medium/202409/ea0a505fd7d2073c4728179b5753e91b.jpg,,,,,,₩79,,,,,,260626,
,false,,그로브,,,전체,,https://en.grovestore.com/product/detail.html?product_no=4483,GROVE TWILLY SCARF [3COLOR],,,https://en.grovestore.com/web/product/medium/202410/85434b5b1ddf6259a661bf5a787d4595.jpg,,,,,,₩35,,,,,,260626,
,false,,그로브,,,전체,,https://en.grovestore.com/product/detail.html?product_no=4481,MARCY CARDIGAN [4COLOR],,,https://en.grovestore.com/web/product/medium/202410/c3e8d2d84cf1a4ba82e0fe7b58668ec5.jpg,,,,,,₩76,,,,,,260626,
,false,,그로브,,,전체,,https://en.grovestore.com/product/detail.html?product_no=4479,DONNER COLLAR KNIT [2COLOR],,,https://en.grovestore.com/web/product/medium/202410/34bd2044db93eafef283a07e3ef11493.jpg,,,,,,₩79,,,,,,260626,
,false,,그로브,,,전체,,https://en.grovestore.com/product/detail.html?product_no=4478,POARCH KNIT [3COLOR],,,https://en.grovestore.com/web/product/medium/202410/7449b747b55daebcc0340261894d6d46.jpg,,,,,,₩94,,,,,,260626,
,false,,그로브,,,전체,,https://en.grovestore.com/product/detail.html?product_no=4477,GRVR PLEATS SKIRT [2COLOR],,,https://en.grovestore.com/web/product/medium/202410/8fa0a6c32b1bfdb6808944b9f7eb1b3b.jpg,,,,,,₩94,,,,,,260626,
,false,,그로브,,,전체,,https://en.grovestore.com/product/detail.html?product_no=4476,TOMMY PANTS [2COLOR],,,https://en.grovestore.com/web/product/medium/202410/ac1ae73c7143f2c5790d46bbc421f1f7.jpg,,,,,,₩87,,,,,,260626,
,false,,그로브,,,전체,,https://en.grovestore.com/product/detail.html?product_no=4475,RENDER WORK SKIRT [2COLOR],,,https://en.grovestore.com/web/product/medium/202410/7e8d336ba4bf55c88473109622eed001.jpg,,,,,,₩87,,,,,,260626,
,false,,그로브,,,전체,,https://en.grovestore.com/product/detail.html?product_no=4470,GRVR LINE ANORAK [2COLOR],,,https://en.grovestore.com/web/product/medium/202409/606595147e1b63c6e4b4e372d26fb9a1.jpg,,,,,,₩94,,,,,,260626,
,false,,그로브,,,전체,,https://en.grovestore.com/product/detail.html?product_no=4467,PENNY CHECK JACKET [2COLOR],,,https://en.grovestore.com/web/product/medium/202409/d28874bff7fa178cd30f6f94c7f3155c.jpg,,,,,,₩198,,,,,,260626,
,false,,그로브,,,전체,,https://en.grovestore.com/product/detail.html?product_no=4466,RENDER WORK JACKET [2COLOR],,,https://en.grovestore.com/web/product/medium/202409/ba5273f79d7a13aaefc2eb2d3aa8195a.jpg,,,,,,₩198,,,,,,260626,
,false,,그로브,,,전체,,https://en.grovestore.com/product/detail.html?product_no=4456,LAWSON KNIT [3COLOR],,,https://en.grovestore.com/web/product/medium/202409/79d14a00a311f386132bd8dc81c6f238.jpg,,,,,,₩53,,,,,,260626,
,false,,그로브,,,전체,,https://en.grovestore.com/product/detail.html?product_no=4453,DAKE DENIM PANTS [CHARCOAL],,,https://en.grovestore.com/web/product/medium/202409/0e558c117d854e1d8cce8b6f81224f1a.jpg,,,,,,₩94,,,,,,260626,
,false,,그로브,,,전체,,https://en.grovestore.com/product/detail.html?product_no=4452,HARDY SKIRT [2COLOR],,,https://en.grovestore.com/web/product/medium/202410/cf15ae2c104dbd63c075fb8f3f7cc13c.jpg,,,,,,₩79,,,,,,260626,
,false,,그로브,,,전체,,https://en.grovestore.com/product/detail.html?product_no=4450,LOUIS PANTS [2COLOR],,,https://en.grovestore.com/web/product/medium/202410/9247cb19d520485bca1c2a74828fa43b.jpg,,,,,,₩109,,,,,,260626,
,false,,그로브,,,전체,,https://en.grovestore.com/product/detail.html?product_no=4447,GR MEMORY SWEATSHIRT [3COLOR],,,https://en.grovestore.com/web/product/medium/202410/b962c87b3f4025f0c21aabdac986dc0d.jpg,,,,,,₩57,,,,,,260626,
,false,,그로브,,,전체,,https://en.grovestore.com/product/detail.html?product_no=4443,LOUIS JACKET [2COLOR],,,https://en.grovestore.com/web/product/medium/202410/f4a53a7dd1cb4b2087b8be7b3ecab5ed.jpg,,,,,,₩183,,,,,,260626,
,false,,그로브,,,전체,,https://en.grovestore.com/product/detail.html?product_no=4441,(GROVE X CINNAMOROLL)  CINNAMOROLL RINGER T-SHIRT [BEIGE],,,https://en.grovestore.com/web/product/medium/202408/ee7ffa83d631a3031d4ab19bc05b14bc.jpg,,,,,,₩35,,,,,,260626,
,false,,그로브,,,전체,,https://en.grovestore.com/product/detail.html?product_no=4440,(GROVE X CINNAMOROLL) CINNAMOROLL RINGER T-SHIRT [BLUE],,,https://en.grovestore.com/web/product/medium/202408/036621401d41f72da5419d66d27c9c99.jpg,,,,,,₩35,,,,,,260626,
,false,,그로브,,,전체,,https://en.grovestore.com/product/detail.html?product_no=4439,(GROVE X CINNAMOROLL) CINNAMOROLL FRIENDS HS T-SHIRT [M SIZE],,,https://en.grovestore.com/web/product/medium/202408/b0e6f4eb119a554e80494d5afb0d3b09.jpg,,,,,,₩31,,,,,,260626,
,false,,그로브,,,전체,,https://en.grovestore.com/product/detail.html?product_no=4436,(GROVE X CINNAMOROLL) CINNAMOROLL GROVE SWEATSHIRT [GREY],,,https://en.grovestore.com/web/product/medium/202408/b7a14d499f76d374a148e2e472f3c390.jpg,,,,,,₩53,,,,,,260626,
,false,,그로브,,,전체,,https://en.grovestore.com/product/detail.html?product_no=4431,CITY SS T-SHIRT [GREY],,,https://en.grovestore.com/web/product/medium/202408/896fc4500d2b4771db51883d7b1468f5.jpg,,,,,,₩26,,,,,,260626,
,false,,그로브,,,전체,,https://en.grovestore.com/product/detail.html?product_no=4430,CITY SS T-SHIRT [WHITE],,,https://en.grovestore.com/web/product/medium/202408/019268f12dd06fd4d5ea386d90b9151b.jpg,,,,,,₩26,,,,,,260626,
,false,,그로브,,,전체,,https://en.grovestore.com/product/detail.html?product_no=4428,VELOUR T-SHIRT [VANILLA],,,https://en.grovestore.com/web/product/medium/202408/e0841c657aec126611686732e545768a.jpg,,,,,,₩26,,,,,,260626,
,false,,그로브,,,전체,,https://en.grovestore.com/product/detail.html?product_no=4376,ALLEN CARDIGAN [3COLOR],,,https://en.grovestore.com/web/product/medium/202406/8b193f27aa95c18de69a4b68042a3fc7.jpg,,,,,,₩61,,,,,,260626,
,false,,그로브,,,전체,,https://en.grovestore.com/product/detail.html?product_no=4373,HENNING PLEATS DENIM SHORTS [WHITE],,,https://en.grovestore.com/web/product/medium/202406/e1e9880482919bac6e5ffeb18cd98156.jpg,,,,,,₩87,,,,,,260626,
,false,,그로브,,,전체,,https://en.grovestore.com/product/detail.html?product_no=4371,COUCH PANTS [3COLOR],,,https://en.grovestore.com/web/product/medium/202406/0d81f3cddf4718ffd072ccef1126b6b9.jpg,,,,,,₩109,,,,,,260626,
,false,,그로브,,,전체,,https://en.grovestore.com/product/detail.html?product_no=4370,KARO SHORTS [2COLOR],,,https://en.grovestore.com/web/product/medium/202406/aa9377e14c609f10955c6c9ca9333198.jpg,,,,,,₩68,,,,,,260626,
,false,,그로브,,,전체,,https://en.grovestore.com/product/detail.html?product_no=4369,ZENIA LACE SKIRT [WHITE],,,https://en.grovestore.com/web/product/medium/202406/4bde21308ecf186f30023ea1e8d2e1b8.jpg,,,,,,₩87,,,,,,260626,
,false,,그로브,,,전체,,https://en.grovestore.com/product/detail.html?product_no=4361,SHEER SS T-SHIRT [4COLOR],,,https://en.grovestore.com/web/product/medium/202406/173580d982f907dd10a99cd6e6b3eca1.jpg,,,,,,₩28,,,,,,260626,
,false,,그로브,,,전체,,https://en.grovestore.com/product/detail.html?product_no=4356,LESLIE SLEEVELESS TOP [4COLOR],,,https://en.grovestore.com/web/product/medium/202406/7c467ac7ca88c2f7f2a07eb3e7e0df0b.jpg,,,,,,₩76,,,,,,260626,
,false,,그로브,,,전체,,https://en.grovestore.com/product/detail.html?product_no=4351,JANE LACE SHIRT [2COLOR],,,https://en.grovestore.com/web/product/medium/202406/40f30cd1249d8a274349a9e65ba1b548.jpg,,,,,,₩68,,,,,,260626,
,false,,그로브,,,전체,,https://en.grovestore.com/product/detail.html?product_no=4350,KARO JACKET [2COLOR],,,https://en.grovestore.com/web/product/medium/202406/bf7818816f421d3746ea2f992ec4376b.jpg,,,,,,₩109,,,,,,260626,
,false,,그로브,,,전체,,https://en.grovestore.com/product/detail.html?product_no=4340,GRVB_Floral Twill Mini Skirt [2COLOR],,,https://en.grovestore.com/web/product/medium/202605/8489de3277683dbfddd5632f238fea9a.jpg,,,,,,₩68,,,,,,260626,
,false,,그로브,,,전체,,https://en.grovestore.com/product/detail.html?product_no=4339,GRVB_Mini Pocket Denim Pants [2COLOR],,,https://en.grovestore.com/web/product/medium/202605/38965f4cb44807f95e92e7fcd067ca40.jpg,,,,,,₩87,,,,,,260626,
,false,,그로브,,,전체,,https://en.grovestore.com/product/detail.html?product_no=4338,GRVB_Denim Wrap Skirt [2COLOR],,,https://en.grovestore.com/web/product/medium/202505/01c3010fe9d67bb57199f9c9604eaebc.jpg,,,,,,₩58,,,,,,260626,
,false,,그로브,,,전체,,https://en.grovestore.com/product/detail.html?product_no=4333,GRVB_Dolphin Shorts [4COLOR],,,https://en.grovestore.com/web/product/medium/202505/64685db3b3c4d360fa862b5f65a5a948.jpg,,,,,,₩28,,,,,,260626,
,false,,그로브,,,전체,,https://en.grovestore.com/product/detail.html?product_no=4332,GRVB_Layered Skirt-Pants [4COLOR],,,https://en.grovestore.com/web/product/medium/202505/99ba914080f25a0318b524a254634d6c.jpg,,,,,,₩72,,,,,,260626,
,false,,그로브,,,전체,,https://en.grovestore.com/product/detail.html?product_no=4331,GRVB_Low Semi-Flare Sweatpants [4COLOR],,,https://en.grovestore.com/web/product/medium/202605/7f384f42191a391daba2af5278de0cbd.jpg,,,,,,₩50,,,,,,260626,
,false,,그로브,,,전체,,https://en.grovestore.com/product/detail.html?product_no=4330,GRVB_Cap-Sleeve Knit [3COLOR],,,https://en.grovestore.com/web/product/medium/202605/b0393344e6a379fcb9dc8b67f0e38c96.jpg,,,,,,₩46,,,,,,260626,
,false,,그로브,,,전체,,https://en.grovestore.com/product/detail.html?product_no=4317,GRVB_Rib Halter-neck Sleeveless [5COLOR],,,https://en.grovestore.com/web/product/medium/202605/d6f75bc26363b77270441ed24e34bb4d.jpg,,,,,,₩25,,,,,,260626,
,false,,그로브,,,전체,,https://en.grovestore.com/product/detail.html?product_no=4311,GRVB_Knitted Eye-glasses Case [5COLOR],,,https://en.grovestore.com/web/product/medium/202404/0747739b4b6e7945a0dfba086e82d4c9.jpg,,,,,,₩35,,,,,,260626,
,false,,그로브,,,전체,,https://en.grovestore.com/product/detail.html?product_no=4306,GRVB_Rib Shorts [5COLOR],,,https://en.grovestore.com/web/product/medium/202605/8c843052754164abdb2d99cf72a08b3d.jpg,,,,,,₩28,,,,,,260626,
,false,,그로브,,,전체,,https://en.grovestore.com/product/detail.html?product_no=4304,GRVB_Rib Bustier [5COLOR],,,https://en.grovestore.com/web/product/medium/202605/43c9d78aa079a1ffc3e7198890e68d8f.jpg,,,,,,₩21,,,,,,260626,
,false,,그로브,,,전체,,https://en.grovestore.com/product/detail.html?product_no=4302,GRVB_Pig Dyed Slim T-shirt [5COLOR],,,https://en.grovestore.com/web/product/medium/202505/5aea5b214c289afa259f55d1997cc1e3.jpg,,,,,,₩26,,,,,,260626,
,false,,그로브,,,전체,,https://en.grovestore.com/product/detail.html?product_no=4292,BISSETT MINI BAG [2COLOR],,,https://en.grovestore.com/web/product/medium/202403/b9e604f6e8a24b29249eff362a7d4865.jpg,,,,,,₩50,,,,,,260626,
,false,,그로브,,,전체,,https://en.grovestore.com/product/detail.html?product_no=4285,REESE KNIT [2COLOR],,,https://en.grovestore.com/web/product/medium/202403/e4a5790543c91eb25b1eed6a35865cfa.jpg,,,,,,₩65,,,,,,260626,
,false,,그로브,,,전체,,https://en.grovestore.com/product/detail.html?product_no=4283,GRVR HIGH TOP [5COLOR],,,https://en.grovestore.com/web/product/medium/202403/a759b4196d55d2e1bd0bb14b950223e8.jpg,,,,,,₩21,,,,,,260626,
,false,,그로브,,,전체,,https://en.grovestore.com/product/detail.html?product_no=4281,GRANN BOAT NECK T-SHIRT [3COLOR],,,https://en.grovestore.com/web/product/medium/202403/78bf8028a6d3b60761cdd8095cca53bf.jpg,,,,,,₩50,,,,,,260626,
,false,,그로브,,,전체,,https://en.grovestore.com/product/detail.html?product_no=4277,STRIPE GRVR SHAWL MUFFLER [3COLOR],,,https://en.grovestore.com/web/product/medium/202403/0f5636cf27af891e346fc22a9a9c28a4.jpg,,,,,,₩57,,,,,,260626,
,false,,그로브,,,전체,,https://en.grovestore.com/product/detail.html?product_no=4276,MAT STRAIGHT DENIM PANTS [2COLOR],,,https://en.grovestore.com/web/product/medium/202403/84900d95d906e2d03178da5b62a36c6e.jpg,,,,,,₩87,,,,,,260626,
,false,,그로브,,,전체,,https://en.grovestore.com/product/detail.html?product_no=4275,DEBY KNIT SHORTS [2COLOR],,,https://en.grovestore.com/web/product/medium/202403/563f739363d3bfc99cacdb2cf66a3057.jpg,,,,,,₩58,,,,,,260626,
,false,,그로브,,,전체,,https://en.grovestore.com/product/detail.html?product_no=4263,GLOW NECKLACE [2COLOR],,,https://en.grovestore.com/web/product/medium/202403/133a89e5c8b9d736d2e6c44f74f31ac1.jpg,,,,,,₩28,,,,,,260626,
,false,,그로브,,,전체,,https://en.grovestore.com/product/detail.html?product_no=4261,GR AUTHENTIC CAP [3COLOR],,,https://en.grovestore.com/web/product/medium/202403/da25f77955dbbee28ae5f093de452268.jpg,,,,,,₩39,,,,,,260626,
,false,,그로브,,,전체,,https://en.grovestore.com/product/detail.html?product_no=4260,CAMDEN DENIM PANTS [2COLOR],,,https://en.grovestore.com/web/product/medium/202403/3e7e26bd4ec0340b9c01835207c0c802.jpg,,,,,,₩87,,,,,,260626,
,false,,그로브,,,전체,,https://en.grovestore.com/product/detail.html?product_no=4258,LOSIN SKIRT [2COLOR],,,https://en.grovestore.com/web/product/medium/202403/a4b5730b6ee3d21f50b39df6267c31b5.jpg,,,,,,₩76,,,,,,260626,
,false,,그로브,,,전체,,https://en.grovestore.com/product/detail.html?product_no=4255,DAY PANTS [3COLOR],,,https://en.grovestore.com/web/product/medium/202403/8ad300034d7ba0c47e9843ed87ee0849.jpg,,,,,,₩101,,,,,,260626,
,false,,그로브,,,전체,,https://en.grovestore.com/product/detail.html?product_no=4253,BAS KNIT [2COLOR],,,https://en.grovestore.com/web/product/medium/202403/504dc38b5bd8a322e23e807ab3bd331a.jpg,,,,,,₩94,,,,,,260626,
,false,,그로브,,,전체,,https://en.grovestore.com/product/detail.html?product_no=4252,CIELO KNIT [3COLOR],,,https://en.grovestore.com/web/product/medium/202403/81f81d2197d2f3e3bc6f1d97e079ab3e.jpg,,,,,,₩62,,,,,,260626,
,false,,그로브,,,전체,,https://en.grovestore.com/product/detail.html?product_no=4179,(EXCLUSIVE) CONNEL SKIRT [CHECK],,,https://en.grovestore.com/web/product/medium/202402/bec13d4fdaaf475a9f0d651fbc751303.jpg,,,,,,₩76,,,,,,260626,
,false,,그로브,,,전체,,https://en.grovestore.com/product/detail.html?product_no=4167,LOTTIE KNIT [3COLOR],,,https://en.grovestore.com/web/product/medium/202402/6ac9d4b521ea05aaf64962951b1771d4.jpg,,,,,,₩79,,,,,,260626,
,false,,그로브,,,전체,,https://en.grovestore.com/product/detail.html?product_no=4160,COHOL SKIRT [2COLOR],,,https://en.grovestore.com/web/product/medium/202401/328d189f281f67dbfeb16188952c0041.jpg,,,,,,₩79,,,,,,260626,
,false,,그로브,,,전체,,https://en.grovestore.com/product/detail.html?product_no=4158,BELLY CARDIGAN [3COLOR],,,https://en.grovestore.com/web/product/medium/202402/f365282f44b5c65c7a26a83d6da0e885.jpg,,,,,,₩65,,,,,,260626,
,false,,그로브,,,전체,,https://en.grovestore.com/product/detail.html?product_no=4157,BELLA SKIRT [2COLOR],,,https://en.grovestore.com/web/product/medium/202402/44741d4789c3fd615cb4df015714f9ce.jpg,,,,,,₩68,,,,,,260626,
,false,,그로브,,,전체,,https://en.grovestore.com/product/detail.html?product_no=4113,WEAVER KNIT [2COLOR],,,https://en.grovestore.com/web/product/medium/202311/1b8e8b38c8663f5221088853247359b7.jpg,,,,,,₩109,,,,,,260626,
,false,,그로브,,,전체,,https://en.grovestore.com/product/detail.html?product_no=3996,MIDLER ONE-PIECE [2COLOR],,,https://en.grovestore.com/web/product/medium/202309/3ae8c36a6d814c9e44b9e7c4d25cbb96.jpg,,,,,,₩139,,,,,,260626,
,false,,그로브,,,전체,,https://en.grovestore.com/product/detail.html?product_no=3971,KELLAN BAG [3COLOR],,,https://en.grovestore.com/web/product/medium/202308/e7f99903bf956d6f521073b2a6dacf6c.jpg,,,,,,₩139,,,,,,260626,
,false,,그로브,,,전체,,https://en.grovestore.com/product/detail.html?product_no=3965,TOV SKIRT [2COLOR],,,https://en.grovestore.com/web/product/medium/202308/4bbfcf204d4a68a09c901de5b105d36d.jpg,,,,,,₩87,,,,,,260626,
,false,,그로브,,,전체,,https://en.grovestore.com/product/detail.html?product_no=3947,PORT DENIM PANTS [2COLOR],,,https://en.grovestore.com/web/product/medium/202308/49141ccfeac3fc9e74f07bb1225afc9e.jpg,,,,,,₩87,,,,,,260626,
,false,,그로브,,,전체,,https://en.grovestore.com/product/detail.html?product_no=3911,GR TOTE BAG [4COLOR],,,https://en.grovestore.com/web/product/medium/202306/7e41b405e1dc8a543cabda0a5c45bb8e.jpg,,,,,,₩35,,,,,,260626,
,false,,그로브,,,전체,,https://en.grovestore.com/product/detail.html?product_no=3907,BRODY KNIT [2COLOR],,,https://en.grovestore.com/web/product/medium/202306/bde6f6dfe10fdb6c78303e20d9f77efc.jpg,,,,,,₩79,,,,,,260626,
,false,,그로브,,,전체,,https://en.grovestore.com/product/detail.html?product_no=3903,HEATHER PANTS [2COLOR],,,https://en.grovestore.com/web/product/medium/202306/c389aa4bbfc9de4c07ef57673dd835a9.jpg,,,,,,₩94,,,,,,260626,
,false,,그로브,,,전체,,https://en.grovestore.com/product/detail.html?product_no=3890,ANDRES SWIMSUIT [3COLOR],,,https://en.grovestore.com/web/product/medium/202306/2a4ec5414ce3c3d94bd9a6845ea11ce2.jpg,,,,,,₩101,,,,,,260626,
,false,,그로브,,,전체,,https://en.grovestore.com/product/detail.html?product_no=3885,FLOYD PANTS [3COLOR],,,https://en.grovestore.com/web/product/medium/202306/4517af049e68f89f527fb093abbfa440.jpg,,,,,,₩42,,,,,,260626,
,false,,그로브,,,전체,,https://en.grovestore.com/product/detail.html?product_no=3884,MODE DENIM SKIRT [2COLOR],,,https://en.grovestore.com/web/product/medium/202306/d437099408618deee40cc23058df9b48.jpg,,,,,,₩72,,,,,,260626,
,false,,그로브,,,전체,,https://en.grovestore.com/product/detail.html?product_no=3883,GUNNER PANTS [2COLOR],,,https://en.grovestore.com/web/product/medium/202306/cd77fc00165f4f36104d42b544d44d1b.jpg,,,,,,₩109,,,,,,260626,
,false,,그로브,,,전체,,https://en.grovestore.com/product/detail.html?product_no=3882,JAYCE SKIRT [2COLOR],,,https://en.grovestore.com/web/product/medium/202306/24a3b3db3989d2fbde8fea98f3b0c008.jpg,,,,,,₩69,,,,,,260626,
,false,,그로브,,,전체,,https://en.grovestore.com/product/detail.html?product_no=3881,CLAIRE SKIRT [2COLOR],,,https://en.grovestore.com/web/product/medium/202306/78bf62d030fe2f8be6847bc741db4c73.jpg,,,,,,₩94,,,,,,260626,
,false,,그로브,,,전체,,https://en.grovestore.com/product/detail.html?product_no=3876,BONNIE JACKET [2COLOR],,,https://en.grovestore.com/web/product/medium/202306/e4c2b0a9ddd076fd21425379830f2cb2.jpg,,,,,,₩146,,,,,,260626,
,false,,그로브,,,전체,,https://en.grovestore.com/product/detail.html?product_no=3853,[Worn by Cha Jeong-won] DARE KNIT PANTS [3COLOR],,,https://en.grovestore.com/web/product/medium/202305/d8c55e7fa8747a0952169d7251fef732.jpg,,,,,,₩79,,,,,,260626,
,false,,그로브,,,전체,,https://en.grovestore.com/product/detail.html?product_no=3842,[Worn by Cha Jeong-won] RONIA PANTS [4COLOR],,,https://en.grovestore.com/web/product/medium/202305/a82f33259be311f3910f218c7df5210a.jpg,,,,,,₩33,,,,,,260626,
,false,,그로브,,,전체,,https://en.grovestore.com/product/detail.html?product_no=3840,[Worn by Cha Jeong-won] ROST PANTS [2COLOR],,,https://en.grovestore.com/web/product/medium/202305/a6879b8dce2cc9b5a9cf266362e5b18a.jpg,,,,,,₩94,,,,,,260626,
,false,,그로브,,,전체,,https://en.grovestore.com/product/detail.html?product_no=3839,[Worn by Cha Jeong-won] HOW PANTS [2COLOR],,,https://en.grovestore.com/web/product/medium/202305/b4d71419bd72c7320b27630c06d20038.jpg,,,,,,₩83,,,,,,260626,
,false,,그로브,,,전체,,https://en.grovestore.com/product/detail.html?product_no=3838,[Worn by Cha Jeong-won] HIVE PANTS [2COLOR],,,https://en.grovestore.com/web/product/medium/202305/cf60ec9d936ec6313e8e991240c35320.jpg,,,,,,₩79,,,,,,260626,
,false,,그로브,,,전체,,https://en.grovestore.com/product/detail.html?product_no=3837,[Worn by Cha Jeong-won] STONEY SKIRT [2COLOR],,,https://en.grovestore.com/web/product/medium/202305/f4403d62f5c2144131922cd60fefe650.jpg,,,,,,₩76,,,,,,260626,
,false,,그로브,,,전체,,https://en.grovestore.com/product/detail.html?product_no=3836,[Worn by Cha Jeong-won] SADIE SKIRT [2COLOR],,,https://en.grovestore.com/web/product/medium/202306/5a4fd4c173c5035d92942c888a1cc036.jpg,,,,,,₩79,,,,,,260626,
,false,,그로브,,,전체,,https://en.grovestore.com/product/detail.html?product_no=3703,HEEL DERBY SHOES [2COLOR],,,https://en.grovestore.com/web/product/medium/202303/64986126b8282fe748fd49508c5ab355.jpg,,,,,,₩243,,,,,,260626,
,false,,그로브,,,전체,,https://en.grovestore.com/product/detail.html?product_no=3681,FLUER PANTS [3COLOR],,,https://en.grovestore.com/web/product/medium/202303/60bca7cb36d23bf41739107ff9786c26.jpg,,,,,,₩94,,,,,,260626,
,false,,그로브,,,전체,,https://en.grovestore.com/product/detail.html?product_no=3680,KALI DENIM PANTS [2COLOR],,,https://en.grovestore.com/web/product/medium/202303/0545cd8bc03e4bd000ecd7983eb0e0cc.jpg,,,,,,₩90,,,,,,260626,
,false,,그로브,,,전체,,https://en.grovestore.com/product/detail.html?product_no=3677,VOID PANTS [2COLOR],,,https://en.grovestore.com/web/product/medium/202303/830db45936eb4a8516717477c091fafe.jpg,,,,,,₩90,,,,,,260626,
,false,,그로브,,,전체,,https://en.grovestore.com/product/detail.html?product_no=3676,REID SKIRT [2COLOR],,,https://en.grovestore.com/web/product/medium/202303/cb361387234aeca4ba5f6777afe1eba7.jpg,,,,,,₩83,,,,,,260626,
,false,,그로브,,,전체,,https://en.grovestore.com/product/detail.html?product_no=3675,BLON SKIRT [2COLOR],,,https://en.grovestore.com/web/product/medium/202303/2ac5245f77d8cc48fbef115ee3b84329.jpg,,,,,,₩109,,,,,,260626,
,false,,그로브,,,전체,,https://en.grovestore.com/product/detail.html?product_no=3674,PLIT SKIRT [2COLOR],,,https://en.grovestore.com/web/product/medium/202303/315e5037ebea2c1f3b7758e1a7f99569.jpg,,,,,,₩109,,,,,,260626,
,false,,그로브,,,전체,,https://en.grovestore.com/product/detail.html?product_no=3661,HEIVE DENIM BUSTIER [2COLOR],,,https://en.grovestore.com/web/product/medium/202303/94ab7bc09b15d69e7a53f903819e3cf0.jpg,,,,,,₩65,,,,,,260626,
,false,,그로브,,,전체,,https://en.grovestore.com/product/detail.html?product_no=3618,CORDUROY PANTS [LIME],,,https://en.grovestore.com/web/product/medium/202302/4017785cee13f1296563fe2bf07fee5d.jpg,,,,,,₩87,,,,,,260626,
,false,,그로브,,,전체,,https://en.grovestore.com/product/detail.html?product_no=3617,SHIELDS PANTS [3COLOR],,,https://en.grovestore.com/web/product/medium/202302/7117b30d7bf6d5d79eadd5ce1d5d6fb0.jpg,,,,,,₩87,,,,,,260626,
,false,,그로브,,,전체,,https://en.grovestore.com/product/detail.html?product_no=3549,HEW BEANIE [5COLOR],,,https://en.grovestore.com/web/product/medium/202211/b8354b61cabc263b2c294c9447906ba2.jpg,,,,,,₩50,,,,,,260626,
,false,,그로브,,,전체,,https://en.grovestore.com/product/detail.html?product_no=3480,DUST SKIRT [2COLOR],,,https://en.grovestore.com/web/product/medium/202210/ece1d41051d59b73ba7ecc4d8471855a.jpg,,,,,,₩109,,,,,,260626,
,false,,그로브,,,전체,,https://en.grovestore.com/product/detail.html?product_no=3378,[Worn by Cha Jeong-won] RUTH JACKET,,,https://en.grovestore.com/web/product/medium/202209/37a0744835185aff247b5e5d51ec7913.jpg,,,,,,₩175,,,,,,260626,
,false,,그로브,,,전체,,https://en.grovestore.com/product/detail.html?product_no=3372,COHOL SKIRT [2COLOR],,,https://en.grovestore.com/web/product/medium/202209/d0d934f838bbc103b31718f51a755129.jpg,,,,,,₩79,,,,,,260626,
,false,,그로브,,,전체,,https://en.grovestore.com/product/detail.html?product_no=3361,NICOLE PANTS [2COLOR],,,https://en.grovestore.com/web/product/medium/202209/c92cffd101465492a541fc1649ba67c3.jpg,,,,,,₩83,,,,,,260626,
,false,,그로브,,,전체,,https://en.grovestore.com/product/detail.html?product_no=3288,PAIR KNIT [2COLOR],,,https://en.grovestore.com/web/product/medium/202304/5f953989dedb8f883b013eec43309ecc.jpg,,,,,,₩70,,,,,,260626,
,false,,그로브,,,전체,,https://en.grovestore.com/product/detail.html?product_no=3276,SHINE BLOUSE [3COLOR],,,https://en.grovestore.com/web/product/medium/202207/6a287c561783c798f589bc6583322790.jpg,,,,,,₩87,,,,,,260626,
,false,,그로브,,,전체,,https://en.grovestore.com/product/detail.html?product_no=3271,VERNI SKIRT [2COLOR],,,https://en.grovestore.com/web/product/medium/202307/303b22bb53bf13fe02731f85aefc5021.jpg,,,,,,₩68,,,,,,260626,
,false,,그로브,,,전체,,https://en.grovestore.com/product/detail.html?product_no=3226,DORE PANTS [2COLOR],,,https://en.grovestore.com/web/product/medium/202307/acc000657672a591f1d0c1c6ba4de313.jpg,,,,,,₩79,,,,,,260626,
,false,,그로브,,,전체,,https://en.grovestore.com/product/detail.html?product_no=3222,AVERY SHORTS [2COLOR],,,https://en.grovestore.com/web/product/medium/202307/5ce0a6bedd7a721d519e556238c7c875.jpg,,,,,,₩47,,,,,,260626,
,false,,그로브,,,전체,,https://en.grovestore.com/product/detail.html?product_no=3221,AVERY SHIRTS [2COLOR],,,https://en.grovestore.com/web/product/medium/202307/e02ca51bb11543ebdbf313e8387d7b59.jpg,,,,,,₩72,,,,,,260626,
,false,,그로브,,,전체,,https://en.grovestore.com/product/detail.html?product_no=3216,ZEN SKIRT [2COLOR],,,https://en.grovestore.com/web/product/medium/202307/f9916754cf3370eeabcc96268a0e3b77.jpg,,,,,,₩94,,,,,,260626,
,false,,그로브,,,전체,,https://en.grovestore.com/product/detail.html?product_no=3209,CAMIL SKIRT [2COLOR],,,https://en.grovestore.com/web/product/medium/202307/c9448576beeb1d40f36f7212cd7c03d3.jpg,,,,,,₩63,,,,,,260626,
,false,,그로브,,,전체,,https://en.grovestore.com/product/detail.html?product_no=3204,RICKER PANTS [2COLOR],,,https://en.grovestore.com/web/product/medium/202307/d848611f7f9ee7bbf047770a8ad7b28b.jpg,,,,,,₩87,,,,,,260626,
,false,,그로브,,,전체,,https://en.grovestore.com/product/detail.html?product_no=3194,BOL BIKINI BOTTOM [4COLOR],,,https://en.grovestore.com/web/product/medium/202307/f3d83d00a0bf7ae30d4ee24f68e91db5.jpg,,,,,,₩46,,,,,,260626,
,false,,그로브,,,전체,,https://en.grovestore.com/product/detail.html?product_no=3193,BOL BIKINI TOP [4COLOR],,,https://en.grovestore.com/web/product/medium/202307/0bedd46bf9198f6c8f5103de064bd6fb.jpg,,,,,,₩50,,,,,,260626,
,false,,그로브,,,전체,,https://en.grovestore.com/product/detail.html?product_no=3192,BOL SWIMSUIT [5COLOR],,,https://en.grovestore.com/web/product/medium/202306/566b059847850860f1a3abee75665316.jpg,,,,,,₩79,,,,,,260626,
,false,,그로브,,,전체,,https://en.grovestore.com/product/detail.html?product_no=3188,MUTE SLEEVELESS [3COLOR],,,https://en.grovestore.com/web/product/medium/202307/4aefcf1429561e892b49c2293fbdcb43.jpg,,,,,,₩50,,,,,,260626,
,false,,그로브,,,전체,,https://en.grovestore.com/product/detail.html?product_no=3187,MUTE CARDIGAN [3COLOR],,,https://en.grovestore.com/web/product/medium/202307/285fa41173577cec07f3dd4270573a66.jpg,,,,,,₩70,,,,,,260626,
,false,,그로브,,,전체,,https://en.grovestore.com/product/detail.html?product_no=3186,JESS KNIT [3COLOR],,,https://en.grovestore.com/web/product/medium/202307/4be161d8edf339f98cc4209c96609d94.jpg,,,,,,₩76,,,,,,260626,
,false,,그로브,,,전체,,https://en.grovestore.com/product/detail.html?product_no=3181,TIBER PANTS [3COLOR],,,https://en.grovestore.com/web/product/medium/202307/67a965ba0b68ec287e5f88dd5ee38971.jpg,,,,,,₩65,,,,,,260626,
,false,,그로브,,,전체,,https://en.grovestore.com/product/detail.html?product_no=3179,LODIN JACKET [2COLOR],,,https://en.grovestore.com/web/product/medium/202307/9cc5fcce22f215d118b7e6fe6287c711.jpg,,,,,,₩136,,,,,,260626,
,false,,그로브,,,전체,,https://en.grovestore.com/product/detail.html?product_no=3166,PERREL SKIRT [3COLOR],,,https://en.grovestore.com/web/product/medium/202307/a5d2126598c3f6f62e1f490cb9670524.jpg,,,,,,₩65,,,,,,260626,
,false,,그로브,,,전체,,https://en.grovestore.com/product/detail.html?product_no=3163,AIN SHIRTS [2COLOR],,,https://en.grovestore.com/web/product/medium/202307/4c8dfbe8b421c5922ea6fe447669affe.jpg,,,,,,₩87,,,,,,260626,
,false,,그로브,,,전체,,https://en.grovestore.com/product/detail.html?product_no=3159,WCONCEPT X GROVE MONNE SKIRT [2COLOR],,,https://en.grovestore.com/web/product/medium/202307/be4a9204f5ba8d95053f85f0f660fe3b.jpg,,,,,,₩79,,,,,,260626,
,false,,그로브,,,전체,,https://en.grovestore.com/product/detail.html?product_no=3158,WCONCEPT X GROVE BRILL SKIRT [2COLOR],,,https://en.grovestore.com/web/product/medium/202204/58107e4fe27d2147ab9d6feec8459be2.jpg,,,,,,₩87,,,,,,260626,
,false,,그로브,,,전체,,https://en.grovestore.com/product/detail.html?product_no=3153,WCONCEPT X GROVE WEDDY KNIT VEST [WOMEN],,,https://en.grovestore.com/web/product/medium/202307/daeb8407d159cb841a7710f59db89898.jpg,,,,,,₩53,,,,,,260626,
,false,,그로브,,,전체,,https://en.grovestore.com/product/detail.html?product_no=3130,RILEY SKIRT [3COLOR],,,https://en.grovestore.com/web/product/medium/202307/cc027011436ef2a70286fa570b67fff7.jpg,,,,,,₩65,,,,,,260626,
,false,,그로브,,,전체,,https://en.grovestore.com/product/detail.html?product_no=3091,COOPER KNIT [3COLOR],,,https://en.grovestore.com/web/product/medium/202302/521513e2d5b8aa0851f4fb7dbcde3852.jpg,,,,,,₩65,,,,,,260626,
,false,,그로브,,,전체,,https://en.grovestore.com/product/detail.html?product_no=3090,ZEST LEGGINGS [3COLOR],,,https://en.grovestore.com/web/product/medium/202307/0739c6009f9719868c5693a44cc26707.jpg,,,,,,₩57,,,,,,260626,
,false,,그로브,,,전체,,https://en.grovestore.com/product/detail.html?product_no=3087,WOODY PANTS [2COLOR],,,https://en.grovestore.com/web/product/medium/202301/23c251b1f65d3bee7100bac32d07a753.jpg,,,,,,₩94,,,,,,260626,
,false,,그로브,,,전체,,https://en.grovestore.com/product/detail.html?product_no=3086,BREW PANTS [3COLOR],,,https://en.grovestore.com/web/product/medium/202302/1acd638613d4fb02893c935260064ba0.jpg,,,,,,₩87,,,,,,260626,
,false,,그로브,,,전체,,https://en.grovestore.com/product/detail.html?product_no=3065,MALON PANTS [2COLOR],,,https://en.grovestore.com/web/product/medium/202307/1576bf6864f78c374fb970adf435cfae.jpg,,,,,,₩79,,,,,,260626,
,false,,그로브,,,전체,,https://en.grovestore.com/product/detail.html?product_no=3064,SHIELDS STRAIGHT PANTS [2COLOR],,,https://en.grovestore.com/web/product/medium/202307/8a461a4631b2cf86540e0a9fb445ec99.jpg,,,,,,₩79,,,,,,260626,
,false,,그로브,,,전체,,https://en.grovestore.com/product/detail.html?product_no=3059,GRVR JOGGER PANTS [3COLOR],,,https://en.grovestore.com/web/product/medium/202307/da3bedf13361a8ad8a039643d59765a1.jpg,,,,,,₩72,,,,,,260626,
,false,,그로브,,,전체,,https://en.grovestore.com/product/detail.html?product_no=3038,BOVAN BALL CAP [GREEN CHECK],,,https://en.grovestore.com/web/product/medium/202307/8f4afa43227a452f3ab7e1ffe997a4ea.jpg,,,,,,₩70,,,,,,260626,
,false,,그로브,,,전체,,https://en.grovestore.com/product/detail.html?product_no=3028,ARRE VEST [3COLOR],,,https://en.grovestore.com/web/product/medium/202212/0962b4dd9fb0859646acdbaf740632f8.jpg,,,,,,₩68,,,,,,260626,
,false,,그로브,,,전체,,https://en.grovestore.com/product/detail.html?product_no=2912,[ MARGESHERWOOD x GROVE ] BESSETTE TOTE,,,https://en.grovestore.com/web/product/medium/202109/3f6818f3b73abe2d17846939b5028a4f.jpg,,,,,,₩191,,,,,,260626,
,false,,그로브,,,전체,,https://en.grovestore.com/product/detail.html?product_no=2804,COA OPS [2COLOR],,,https://en.grovestore.com/web/product/medium/202106/ddc379f8487f71230317d05037cbd1be.jpg,,,,,,₩107,,,,,,260626,
,false,,그로브,,,전체,,https://en.grovestore.com/product/detail.html?product_no=2801,HILLS PANTS [3COLOR],,,https://en.grovestore.com/web/product/medium/202307/92295dc9b3512948a1c1b14804eb5140.jpg,,,,,,₩58,,,,,,260626,
,false,,그로브,,,전체,,https://en.grovestore.com/product/detail.html?product_no=2684,BELLA JACKET,,,https://en.grovestore.com/web/product/medium/202103/c060c6549eddd8e94b446533da1fdb45.jpg,,,,,,₩175,,,,,,260626,
,false,,그로브,,,전체,,https://en.grovestore.com/product/detail.html?product_no=2645,AMELIE OPS,,,https://en.grovestore.com/web/product/medium/202103/c88700730abbf13fe1e310b45ae1501e.jpg,,,,,,₩161,,,,,,260626,
,false,,그로브,,,전체,,https://en.grovestore.com/product/detail.html?product_no=2112,HEIDI PANTS [3COLOR],,,https://en.grovestore.com/web/product/medium/202009/7fd8530b2d49675b4089362ff35a7f2b.jpg,,,,,,₩87,,,,,,260626,
,false,,그로브,,,전체,,https://en.grovestore.com/product/detail.html?product_no=2111,HARBOR PANTS [2COLOR],,,https://en.grovestore.com/web/product/medium/202009/12e50620ae3471797bbeee5e3391ba08.jpg,,,,,,₩79,,,,,,260626,
,false,,그로브,,,전체,,https://en.grovestore.com/product/detail.html?product_no=2103,SALLY KNIT [4COLOR],,,https://en.grovestore.com/web/product/medium/202009/349b78e69f71534ff26468ca8d3beaa1.jpg,,,,,,₩61,,,,,,260626,
,false,,그로브,,,전체,,https://en.grovestore.com/product/detail.html?product_no=2097,BELLA JACKET [PEACH CHECK],,,https://en.grovestore.com/web/product/medium/202007/4c629cd3374e67c9d7987f469c3e7076.jpg,,,,,,₩183,,,,,,260626,
,false,,그로브,,,전체,,https://en.grovestore.com/product/detail.html?product_no=2096,BELLA JACKET [BLUE CHECK],,,https://en.grovestore.com/web/product/medium/202007/94680ddb86272ccfa247cb9abff549ef.jpg,,,,,,₩183,,,,,,260626,
,false,,그로브,,,전체,,https://en.grovestore.com/product/detail.html?product_no=2090,RAY KNIT [4COLOR],,,https://en.grovestore.com/web/product/medium/202009/2007b833250c8d29fa70811da8b5e5ab.jpg,,,,,,₩61,,,,,,260626,
,false,,그로브,,,전체,,https://en.grovestore.com/product/detail.html?product_no=2083,SIS PANTS [2COLOR],,,https://en.grovestore.com/web/product/medium/202007/540c77a99b780f97d8543eb628bc654d.jpg,,,,,,₩107,,,,,,260626,
,false,,그로브,,,전체,,https://en.grovestore.com/product/detail.html?product_no=2075,RIB MESH SOCKS [3COLOR],,,https://en.grovestore.com/web/product/medium/20200304/cb8856510e8ba0358c09c80222f7bf4c.jpg,,,,,,₩3,,,,,,260626,
,false,,그로브,,,전체,,https://en.grovestore.com/product/detail.html?product_no=2074,SOLI BASIC SOCKS [6COLOR],,,https://en.grovestore.com/web/product/medium/20200304/7e425331ed899370c64f7857ea3e5201.jpg,,,,,,₩3,,,,,,260626,
,false,,그로브,,,전체,,https://en.grovestore.com/product/detail.html?product_no=2073,LACE SOCKS [3COLOR],,,https://en.grovestore.com/web/product/medium/20200304/1d719c9754a15fa4b2a5fe3ea5d0c98a.jpg,,,,,,₩5,,,,,,260626,
,false,,그로브,,,전체,,https://en.grovestore.com/product/detail.html?product_no=2064,BELLA JACKET [IVORY CHECK],,,https://en.grovestore.com/web/product/medium/202009/b9ecb4ef1b812bed3ee665cf22d94842.jpg,,,,,,₩183,,,,,,260626,
,false,,그로브,,,전체,,https://en.grovestore.com/product/detail.html?product_no=2057,BOW PANTS [3COLOR],,,https://en.grovestore.com/web/product/medium/202009/bfcb51e3e0ceca1ea8b8e071057b92eb.png,,,,,,₩87,,,,,,260626,
,false,,그로브,,,전체,,https://en.grovestore.com/product/detail.html?product_no=2053,KENNY SHIRTS [5COLOR],,,https://en.grovestore.com/web/product/medium/202009/debccff93b85ff14a2053bcfcf7ded2d.jpg,,,,,,₩101,,,,,,260626,
,false,,그로브,,,전체,,https://en.grovestore.com/product/detail.html?product_no=5413,MOANA BAND,,,https://en.grovestore.com/web/product/medium/202507/e668742300ae6aea043782fb8b26055b.jpg,,,,,,₩26,,,,,,260626,
,false,,그로브,,,전체,,https://en.grovestore.com/product/detail.html?product_no=5411,VELA BELT BAG,,,https://en.grovestore.com/web/product/medium/202507/ebb62d7478b309af316160ec0e99e6dc.jpg,,,,,,₩47,,,,,,260626,
,false,,그로브,,,전체,,https://en.grovestore.com/product/detail.html?product_no=3973,FLINT MARYJANE [1COLOR],,,https://en.grovestore.com/web/product/medium/202309/014b7048a28e0ff754a396b0cdcd0212.jpg,,,,,,₩205,,,,,,260626,
,false,,그로브,,,전체,,https://en.grovestore.com/product/detail.html?product_no=3941,TINO SHIRTS [3COLOR],,,https://en.grovestore.com/web/product/medium/202308/8edd54a8fd3ad83f759a907b46388316.jpg,,,,,,₩109,,,,,,260626,
,false,,그로브,,,전체,,https://en.grovestore.com/product/detail.html?product_no=3715,KLIFF PANTS [3COLOR],,,https://en.grovestore.com/web/product/medium/202303/dc37d236f91ecbc48849ade84b71438b.jpg,,,,,,₩101,,,,,,260626,
,false,,그로브,,,전체,,https://en.grovestore.com/product/detail.html?product_no=3615,LINE SKIRT [2COLOR],,,https://en.grovestore.com/web/product/medium/202302/bae4496fb1a18f9de8bd0e4dd10d4f30.jpg,,,,,,₩87,,,,,,260626,
,false,,그로브,,,전체,,https://en.grovestore.com/product/detail.html?product_no=3606,BELLA JACKET [2COLOR],,,https://en.grovestore.com/web/product/medium/202302/fffa3ce90561cc08eda58969b128d0be.jpg,,,,,,₩183,,,,,,260626,
,false,,그로브,,,전체,,https://en.grovestore.com/product/detail.html?product_no=3477,CHAI LEATHER PANTS [2COLOR],,,https://en.grovestore.com/web/product/medium/202210/ef024d6ee420fb796db5f1afe21617f5.jpg,,,,,,₩83,,,,,,260626,
,false,,그로브,,,전체,,https://en.grovestore.com/product/detail.html?product_no=5870,CLOUD LACE OFF-SHOULDER T-SHIRT,,,https://en.grovestore.com/web/product/medium/202604/2144c9eab2c33b39305706da4eb0888e.jpg,,,,,,₩52,,,,,,260626,
,false,,그로브,,,전체,,https://en.grovestore.com/product/detail.html?product_no=5856,[Grove X Wilson] SIENNA JACQUARD BAND SKIRT,,,https://en.grovestore.com/web/product/medium/202604/63cbc5e229092eb936aa3a2697d83fdf.jpg,,,,,,₩125,,,,,,260626,
,false,,그로브,,,전체,,https://en.grovestore.com/product/detail.html?product_no=5849,[Grove X Wilson] COURT BALLOON SHORT,,,https://en.grovestore.com/web/product/medium/202604/b5994a605b5653606ef83a653caf22ea.jpg,,,,,,₩124,,,,,,260626,
,false,,그로브,,,전체,,https://en.grovestore.com/product/detail.html?product_no=5847,[Grove X Wilson] AVERY AIRMOTION CAMP CAP,,,https://en.grovestore.com/web/product/medium/202604/61b8863f15f6e67bd78d01f8295aa34f.jpg,,,,,,₩51,,,,,,260626,
,false,,그로브,,,전체,,https://en.grovestore.com/product/detail.html?product_no=5846,[Grove X Wilson] AVERY TOTE BAG,,,https://en.grovestore.com/web/product/medium/202604/b3bb8f998b245062b11ea5985fd92760.jpg,,,,,,₩114,,,,,,260626,
,false,,그로브,,,전체,,https://en.grovestore.com/product/detail.html?product_no=5845,[Grove X Wilson] AVERY WIDE PINTUCK WOVEN PANTS,,,https://en.grovestore.com/web/product/medium/202604/abdea0ab11274d747cfa8ee18ebdbbc5.jpg,,,,,,₩129,,,,,,260626,
,false,,그로브,,,전체,,https://en.grovestore.com/product/detail.html?product_no=5842,[Grove X Wilson] AVERY BLOUSON JACKET,,,https://en.grovestore.com/web/product/medium/202604/731551844aeeaef873439f6b1e9db327.jpg,,,,,,₩158,,,,,,260626,
,false,,그로브,,,전체,,https://en.grovestore.com/product/detail.html?product_no=5825,IRIS SLEEVELESS BLOUSE,,,https://en.grovestore.com/web/product/medium/202605/0a6d02ed62f4c85910be842273988f9f.jpg,,,,,,₩124,,,,,,260626,
,false,,그로브,,,전체,,https://en.grovestore.com/product/detail.html?product_no=5753,LEAF SLEEVELESS,,,https://en.grovestore.com/web/product/medium/202601/28e8326fbbdb0b222d058f2c6e859446.jpg,,,,,,₩72,,,,,,260626,
,false,,그로브,,,전체,,https://en.grovestore.com/product/detail.html?product_no=5738,SANDY V-NECK KNIT,,,https://en.grovestore.com/web/product/medium/202601/49da562d1eb9341e7c0dbbda641f5e7b.jpg,,,,,,₩76,,,,,,260626,
,false,,그로브,,,전체,,https://en.grovestore.com/product/detail.html?product_no=5735,MAGARET HALTER CARDIGAN,,,https://en.grovestore.com/web/product/medium/202601/861528c5ee935db166696445d8eaff95.jpg,,,,,,₩65,,,,,,260626,
,false,,그로브,,,전체,,https://en.grovestore.com/product/detail.html?product_no=5731,GRVR STRIPE SOCKS,,,https://en.grovestore.com/web/product/medium/202601/80a231797d689df5a99dc75581a5075b.jpg,,,,,,₩9,,,,,,260626,
,false,,그로브,,,전체,,https://en.grovestore.com/product/detail.html?product_no=5728,ELO ANORAK,,,https://en.grovestore.com/web/product/medium/202602/d7136f03fa6005bd43debc0209779eeb.jpg,,,,,,₩109,,,,,,260626,
,false,,그로브,,,전체,,https://en.grovestore.com/product/detail.html?product_no=5718,DAZE KNIT,,,https://en.grovestore.com/web/product/medium/202602/9dc5dc7af6b01f35274b01cf952936d3.jpg,,,,,,₩76,,,,,,260626,
,false,,그로브,,,전체,,https://en.grovestore.com/product/detail.html?product_no=5717,DAZE HALTER TOP,,,https://en.grovestore.com/web/product/medium/202602/c51d177c0f66c1a12e86824ee64b138d.jpg,,,,,,₩50,,,,,,260626,
,false,,그로브,,,전체,,https://en.grovestore.com/product/detail.html?product_no=5714,BLOOMER LAYERED SKIRT,,,https://en.grovestore.com/web/product/medium/202602/474035824d7838083d32a5eaf171b0b9.jpg,,,,,,₩50,,,,,,260626,
,false,,그로브,,,전체,,https://en.grovestore.com/product/detail.html?product_no=5700,SENA SCRUNCH,,,https://en.grovestore.com/web/product/medium/202601/fa95ed227334b5591b9d83548703412b.jpg,,,,,,₩11,,,,,,260626,
,false,,그로브,,,전체,,https://en.grovestore.com/product/detail.html?product_no=5696,RUE TUBE TOP,,,https://en.grovestore.com/web/product/medium/202601/2fc31fdb05353c34779617d4d12d987f.jpg,,,,,,₩50,,,,,,260626,
,false,,그로브,,,전체,,https://en.grovestore.com/product/detail.html?product_no=5694,LAVEN TIE,,,https://en.grovestore.com/web/product/medium/202602/605bbe5914f366c31ec32c54ef8e97cb.jpg,,,,,,₩18,,,,,,260626,
,false,,그로브,,,전체,,https://en.grovestore.com/product/detail.html?product_no=5676,FLURRY COLLAR KNIT,,,https://en.grovestore.com/web/product/medium/202511/9d5baa5bd344a62e3aa35d9da565aa65.jpg,,,,,,₩124,,,,,,260626,
,false,,그로브,,,전체,,https://en.grovestore.com/product/detail.html?product_no=5675,FLURRY KNIT SKIRT PANTS,,,https://en.grovestore.com/web/product/medium/202511/d041a81ff973a310a1db0030f3c9d306.jpg,,,,,,₩68,,,,,,260626,
,false,,그로브,,,전체,,https://en.grovestore.com/product/detail.html?product_no=5673,BLAIRE OFF-SHOULDER KNIT,,,https://en.grovestore.com/web/product/medium/202511/6eb6cc05cf5ac724f0b8ab675f587b38.jpg,,,,,,₩87,,,,,,260626,
,false,,그로브,,,전체,,https://en.grovestore.com/product/detail.html?product_no=5668,DORA STRIPE L/S PIQUE SHIRT,,,https://en.grovestore.com/web/product/medium/202511/63b312d3a4fe4035485a5a6c81c7e418.jpg,,,,,,₩65,,,,,,260626,
,false,,그로브,,,전체,,https://en.grovestore.com/product/detail.html?product_no=5660,NOEL QUILTING JUMPER,,,https://en.grovestore.com/web/product/medium/202511/3afeedc5de8ebcc06dedc43101868e43.jpg,,,,,,₩146,,,,,,260626,
,false,,그로브,,,전체,,https://en.grovestore.com/product/detail.html?product_no=5656,FEMKE HALTER KNIT,,,https://en.grovestore.com/web/product/medium/202511/0f018f3e76b8ad771fabf4640b79fce5.jpg,,,,,,₩83,,,,,,260626,
,false,,그로브,,,전체,,https://en.grovestore.com/product/detail.html?product_no=5644,LUCY KNIT CARDIGAN,,,https://en.grovestore.com/web/product/medium/202511/dba17b71985e7cc6dc6e24f67c9d824a.jpg,,,,,,₩99,,,,,,260626,
,false,,그로브,,,전체,,https://en.grovestore.com/product/detail.html?product_no=5643,IRENE KNIT BUSTIER,,,https://en.grovestore.com/web/product/medium/202511/9e4452f1bb402db2dc38b9166ce9a127.jpg,,,,,,₩72,,,,,,260626,
,false,,그로브,,,전체,,https://en.grovestore.com/product/detail.html?product_no=5642,BILLIE STRIPE PANTS,,,https://en.grovestore.com/web/product/medium/202511/55ed7c47e739864acd11a957b77c0bc4.jpg,,,,,,₩94,,,,,,260626,
,false,,그로브,,,전체,,https://en.grovestore.com/product/detail.html?product_no=5629,TICO STRIPE T-SHIRT,,,https://en.grovestore.com/web/product/medium/202511/c52bd2f16f351c7f22aa2c8c1e436a01.jpg,,,,,,₩50,,,,,,260626,
,false,,그로브,,,전체,,https://en.grovestore.com/product/detail.html?product_no=5624,ZARIA CABLE KNIT ZIP-UP,,,https://en.grovestore.com/web/product/medium/202511/27180052e6b73cc5bb4406406c90991a.jpg,,,,,,₩117,,,,,,260626,
,false,,그로브,,,전체,,https://en.grovestore.com/product/detail.html?product_no=5623,ALBA BUTTON LEG WARMER,,,https://en.grovestore.com/web/product/medium/202511/26af96ca01e54bcd4d5d0ff8f8693a49.jpg,,,,,,₩25,,,,,,260626,
,false,,그로브,,,전체,,https://en.grovestore.com/product/detail.html?product_no=5622,STRIPE VELVET H/S T-SHIRT,,,https://en.grovestore.com/web/product/medium/202511/d700a05d3a5d9a86bc90c8d4919bac81.jpg,,,,,,₩42,,,,,,260626,
,false,,그로브,,,전체,,https://en.grovestore.com/product/detail.html?product_no=5606,LAYERED L/S T-SHIRT,,,https://en.grovestore.com/web/product/medium/202509/c3de87772c6ec6cc6ebd70335f4e3795.jpg,,,,,,₩42,,,,,,260626,
,false,,그로브,,,전체,,https://en.grovestore.com/product/detail.html?product_no=5604,KEATON HALTER VEST,,,https://en.grovestore.com/web/product/medium/202509/4efe7f3be5a11bf318cbd9d93efc4073.jpg,,,,,,₩127,,,,,,260626,
,false,,그로브,,,전체,,https://en.grovestore.com/product/detail.html?product_no=5589,MYLES V-NECK KNIT,,,https://en.grovestore.com/web/product/medium/202509/9ba151bb9952e505ab7f3148ce8e59b6.jpg,,,,,,₩72,,,,,,260626,
,false,,그로브,,,전체,,https://en.grovestore.com/product/detail.html?product_no=5588,BELLA SKIRT,,,https://en.grovestore.com/web/product/medium/202509/4da1d52e297fd3d68ebf67edfadaa2d7.jpg,,,,,,₩87,,,,,,260626,
,false,,그로브,,,전체,,https://en.grovestore.com/product/detail.html?product_no=5580,ZADIE SKIRT,,,https://en.grovestore.com/web/product/medium/202509/5e926193019d4222b2ae9976d527f175.jpg,,,,,,₩72,,,,,,260626,
,false,,그로브,,,전체,,https://en.grovestore.com/product/detail.html?product_no=5578,ELI V-NECK DOUBLE CARDIGAN,,,https://en.grovestore.com/web/product/medium/202509/f15564c5216a23da43fe54ea5fcca03c.jpg,,,,,,₩116,,,,,,260626,
,false,,그로브,,,전체,,https://en.grovestore.com/product/detail.html?product_no=5573,ELLA KNIT HOODIE ZIP-UP,,,https://en.grovestore.com/web/product/medium/202509/86d79f16fe2e5ed49c4a5b1d38778356.jpg,,,,,,₩116,,,,,,260626,
,false,,그로브,,,전체,,https://en.grovestore.com/product/detail.html?product_no=5568,CIELA HAIR PIN,,,https://en.grovestore.com/web/product/medium/202509/974503ad6b2b5da58700c690a2bd9389.jpg,,,,,,₩13,,,,,,260626,
,false,,그로브,,,전체,,https://en.grovestore.com/product/detail.html?product_no=5564,SOFTY SUADE MINI TOTE BAG,,,https://en.grovestore.com/web/product/medium/202509/8475eaefbedda4073b72011ea9e37a03.jpg,,,,,,₩161,,,,,,260626,
,false,,그로브,,,전체,,https://en.grovestore.com/product/detail.html?product_no=5561,RIO KNIT TURTLENECK JACKET,,,https://en.grovestore.com/web/product/medium/202509/f5fbfcb651955deab9703c60c6b1c7b6.jpg,,,,,,₩124,,,,,,260626,
,false,,그로브,,,전체,,https://en.grovestore.com/product/detail.html?product_no=5559,LUNA DRESS,,,https://en.grovestore.com/web/product/medium/202509/6f61d338a20695ca1753a6732b7a34f6.jpg,,,,,,₩124,,,,,,260626,
,false,,그로브,,,전체,,https://en.grovestore.com/product/detail.html?product_no=5556,REINA T-SHIRT,,,https://en.grovestore.com/web/product/medium/202509/7575d5e4a89087eabadc92ffb554edc6.jpg,,,,,,₩43,,,,,,260626,
,false,,그로브,,,전체,,https://en.grovestore.com/product/detail.html?product_no=5555,REINA SLEEVELESS,,,https://en.grovestore.com/web/product/medium/202509/6ae731032a5ff78040b7964ee4634401.jpg,,,,,,₩39,,,,,,260626,
,false,,그로브,,,전체,,https://en.grovestore.com/product/detail.html?product_no=5552,LUS COWICHAN KNIT ZIP-UP,,,https://en.grovestore.com/web/product/medium/202509/c2d6400c5d17bf5fe2ff45a1e5f4179f.jpg,,,,,,₩135,,,,,,260626,
,false,,그로브,,,전체,,https://en.grovestore.com/product/detail.html?product_no=5542,MOMO ARGYLE SOCKS,,,https://en.grovestore.com/web/product/medium/202509/e4ed6f7324fab05e292a54b3e4c934ab.jpg,,,,,,₩11,,,,,,260626,
,false,,그로브,,,전체,,https://en.grovestore.com/product/detail.html?product_no=5541,MOMO ARGYLE KNIT,,,https://en.grovestore.com/web/product/medium/202509/630f5be390ac218301e823cbf3eb5475.jpg,,,,,,₩101,,,,,,260626,
,false,,그로브,,,전체,,https://en.grovestore.com/product/detail.html?product_no=5540,MOMO ARGYLE HALTER KNIT,,,https://en.grovestore.com/web/product/medium/202509/aa26dcf800a6c87c73023e8bb9a94096.jpg,,,,,,₩83,,,,,,260626,
,false,,그로브,,,전체,,https://en.grovestore.com/product/detail.html?product_no=5539,MIA STRIPE COLLAR KNIT,,,https://en.grovestore.com/web/product/medium/202509/eda9e46c10b0e772863adaa94ba14f89.jpg,,,,,,₩101,,,,,,260626,
,false,,그로브,,,전체,,https://en.grovestore.com/product/detail.html?product_no=5537,MAREN KNIT SHORTS,,,https://en.grovestore.com/web/product/medium/202509/9cf09e8669cece64b68d25c71c71fe30.jpg,,,,,,₩57,,,,,,260626,
,false,,그로브,,,전체,,https://en.grovestore.com/product/detail.html?product_no=5533,GREER H/S KNIT,,,https://en.grovestore.com/web/product/medium/202509/d1c6de19101051f9c2bd5f6b725a1bfc.jpg,,,,,,₩87,,,,,,260626,
,false,,그로브,,,전체,,https://en.grovestore.com/product/detail.html?product_no=5531,ELENA OVER-FIT CARDIGAN,,,https://en.grovestore.com/web/product/medium/202509/c98c185dcca16979af5a7e17a79c2cb6.jpg,,,,,,₩79,,,,,,260626,
,false,,그로브,,,전체,,https://en.grovestore.com/product/detail.html?product_no=5519,UNA ARGYLE V-NECK CARDIGAN,,,https://en.grovestore.com/web/product/medium/202508/6e19ca17bfa93fcce94b53c1c9f9a7d6.jpg,,,,,,₩116,,,,,,260626,
,false,,그로브,,,전체,,https://en.grovestore.com/product/detail.html?product_no=5510,INA U-NECK T-SHIRT,,,https://en.grovestore.com/web/product/medium/202508/acc899887cab1d6858191b0417a381b1.jpg,,,,,,₩39,,,,,,260626,
,false,,그로브,,,전체,,https://en.grovestore.com/product/detail.html?product_no=5506,HALO SHORT PANTS,,,https://en.grovestore.com/web/product/medium/202508/002798e4b96b401b44a60b1e7d67f089.jpg,,,,,,₩68,,,,,,260626,
,false,,그로브,,,전체,,https://en.grovestore.com/product/detail.html?product_no=5503,GRVR OVER HOODIE ZIP-UP,,,https://en.grovestore.com/web/product/medium/202508/a738e3c7d672933f2236310817134bac.jpg,,,,,,₩116,,,,,,260626,
,false,,그로브,,,전체,,https://en.grovestore.com/product/detail.html?product_no=5499,CLARA STRIPE L/S T-SHIRT,,,https://en.grovestore.com/web/product/medium/202508/fec8b76bf4a79b44c2cffe6399e41fb9.jpg,,,,,,₩53,,,,,,260626,
,false,,그로브,,,전체,,https://en.grovestore.com/product/detail.html?product_no=5498,CLARA STRIPE H/S T-SHIRT,,,https://en.grovestore.com/web/product/medium/202508/4d685cf622793888542a928dab6c56ff.jpg,,,,,,₩39,,,,,,260626,
,false,,그로브,,,전체,,https://en.grovestore.com/product/detail.html?product_no=5484,MARINA SOLID JACKET,,,https://en.grovestore.com/web/product/medium/202508/5f1897e91616dc75c74fe8c31188f77a.jpg,,,,,,₩190,,,,,,260626,
,false,,그로브,,,전체,,https://en.grovestore.com/product/detail.html?product_no=5478,GRVR KINSELY TIE,,,https://en.grovestore.com/web/product/medium/202508/53fb7d30a16ddcd616a2a64f04076843.jpg,,,,,,₩18,,,,,,260626,
,false,,그로브,,,전체,,https://en.grovestore.com/product/detail.html?product_no=5477,GR LEATHER BELT,,,https://en.grovestore.com/web/product/medium/202508/e16520c3c33265fa2ef296c2c0b2e49e.jpg,,,,,,₩28,,,,,,260626,
,false,,그로브,,,전체,,https://en.grovestore.com/product/detail.html?product_no=5472,EDEN COMBI KNIT,,,https://en.grovestore.com/web/product/medium/202508/83e3c403941271e5fb6b2dcd3bced11e.jpg,,,,,,₩79,,,,,,260626,
,false,,그로브,,,전체,,https://en.grovestore.com/product/detail.html?product_no=5471,DELPHINE U-NECK COLLAR KNIT,,,https://en.grovestore.com/web/product/medium/202508/1ee17c031aaadbc9d4a279985587898d.jpg,,,,,,₩79,,,,,,260626,
,false,,그로브,,,전체,,https://en.grovestore.com/product/detail.html?product_no=5470,FONDS T-SHIRT,,,https://en.grovestore.com/web/product/medium/202508/f1f78ee3704223fb9914368851f56776.jpg,,,,,,₩42,,,,,,260626,
,false,,그로브,,,전체,,https://en.grovestore.com/product/detail.html?product_no=5458,ALOHA  DOLPHIN T-SHIRT,,,https://en.grovestore.com/web/product/medium/202507/c6a91f0bf624f1360ac692169c1d2e92.jpg,,,,,,₩42,,,,,,260626,
,false,,그로브,,,전체,,https://en.grovestore.com/product/detail.html?product_no=5437,TIA STRIPE PIQUE SHIRT,,,https://en.grovestore.com/web/product/medium/202507/0565b5a371dfbb7e6903ceded614030e.jpg,,,,,,₩57,,,,,,260626,
,false,,그로브,,,전체,,https://en.grovestore.com/product/detail.html?product_no=5404,NOAH RIBBED SOCKS,,,https://en.grovestore.com/web/product/medium/202507/649ceaa9564c523984402aed95e260da.jpg,,,,,,₩8,,,,,,260626,
,false,,그로브,,,전체,,https://en.grovestore.com/product/detail.html?product_no=5381,GRVB_FLOWER CARDIGAN,,,https://en.grovestore.com/web/product/medium/202505/3bbb054ec74a4972460ce876723e2e64.jpg,,,,,,₩46,,,,,,260626,
,false,,그로브,,,전체,,https://en.grovestore.com/product/detail.html?product_no=5378,GRVB_FLOWER SHORTS,,,https://en.grovestore.com/web/product/medium/202505/162e7c5a8259c1779e127d80a177e03e.jpg,,,,,,₩39,,,,,,260626,
,false,,그로브,,,전체,,https://en.grovestore.com/product/detail.html?product_no=5346,ALINA HALTERNECK [3COLORS],,,https://en.grovestore.com/web/product/medium/202504/287b7d50817523bd616a8d4a70a76e94.jpg,,,,,,₩65,,,,,,260626,
,false,,그로브,,,전체,,https://en.grovestore.com/product/detail.html?product_no=5343,NILO COLLAR CARDIGAN [3COLORS],,,https://en.grovestore.com/web/product/medium/202504/0e225a5eac78439644df4e9f4cae0945.jpg,,,,,,₩87,,,,,,260626,
,false,,그로브,,,전체,,https://en.grovestore.com/product/detail.html?product_no=5338,ROBIN ZIP-UP JACKET [2COLORS],,,https://en.grovestore.com/web/product/medium/202504/9bc74fba99bd3c3b835f19708e19b6b3.jpg,,,,,,₩116,,,,,,260626,
,false,,그로브,,,전체,,https://en.grovestore.com/product/detail.html?product_no=5337,MADISON CHECK SKIRT-PANTS [2COLORS],,,https://en.grovestore.com/web/product/medium/202504/386e6281e237919765d67e6e46675ce0.jpg,,,,,,₩68,,,,,,260626,
,false,,그로브,,,전체,,https://en.grovestore.com/product/detail.html?product_no=5336,MADISON LAYERED PANTS [2COLORS],,,https://en.grovestore.com/web/product/medium/202504/71530c1b0487343ed2322a87c6cc2f39.jpg,,,,,,₩116,,,,,,260626,
,false,,그로브,,,전체,,https://en.grovestore.com/product/detail.html?product_no=5327,FREYA LAYERED SKIRT [2COLORS],,,https://en.grovestore.com/web/product/medium/202504/cbc5cb5b0565ce004da758a63679e210.jpg,,,,,,₩120,,,,,,260626,
,false,,그로브,,,전체,,https://en.grovestore.com/product/detail.html?product_no=5325,MELANIE LAYERED SKIRT,,,https://en.grovestore.com/web/product/medium/202504/d16c21d83dfaf5f0a853d2ae1d7e8a38.jpg,,,,,,₩46,,,,,,260626,
,false,,그로브,,,전체,,https://en.grovestore.com/product/detail.html?product_no=5320,JOEY SLEEVELESS TOP [2COLORS],,,https://en.grovestore.com/web/product/medium/202504/ee5fe424f07623ff9f71109cd93c0d27.jpg,,,,,,₩19,,,,,,260626,
,false,,그로브,,,전체,,https://en.grovestore.com/product/detail.html?product_no=5319,JOEY U-NECK TOP [2COLORS],,,https://en.grovestore.com/web/product/medium/202504/b3b917f3184d791548f1e743c5b0a077.jpg,,,,,,₩36,,,,,,260626,
,false,,그로브,,,전체,,https://en.grovestore.com/product/detail.html?product_no=5316,SIENNA KNIT TOP [2COLORS],,,https://en.grovestore.com/web/product/medium/202504/b8322faa960ede5986308044742bc75a.jpg,,,,,,₩57,,,,,,260626,
,false,,그로브,,,전체,,https://en.grovestore.com/product/detail.html?product_no=5313,MIKA STRIPE T-SHIRT [3COLORS],,,https://en.grovestore.com/web/product/medium/202504/6091226e3ef5329ea664a85f0af58e92.jpg,,,,,,₩36,,,,,,260626,
,false,,그로브,,,전체,,https://en.grovestore.com/product/detail.html?product_no=5308,CARSON ARGYLE KNIT VEST [3COLORS],,,https://en.grovestore.com/web/product/medium/202504/ac2dcf37280009ae28d9ed9447871881.jpg,,,,,,₩101,,,,,,260626,
,false,,그로브,,,전체,,https://en.grovestore.com/product/detail.html?product_no=5301,GROVE MARINE CLUB SWEATSHIRT [4COLORS],,,https://en.grovestore.com/web/product/medium/202504/37831266ae1a7dc45a062ffede1811e6.jpg,,,,,,₩42,,,,,,260626,
,false,,그로브,,,전체,,https://en.grovestore.com/product/detail.html?product_no=5291,BAILEY OFF-SHOULDER CARDIGAN [4COLORS],,,https://en.grovestore.com/web/product/medium/202504/c5f56e01d43fe36d08e1531b9ec54ba9.jpg,,,,,,₩87,,,,,,260626,
,false,,그로브,,,전체,,https://en.grovestore.com/product/detail.html?product_no=5289,COREY STRIPE KNIT [3COLORS],,,https://en.grovestore.com/web/product/medium/202504/8844a5198d47bd825a283f161873411e.jpg,,,,,,₩61,,,,,,260626,
,false,,그로브,,,전체,,https://en.grovestore.com/product/detail.html?product_no=5277,KADE SKIRT,,,https://en.grovestore.com/web/product/medium/202504/533ece5a39564ecbc1e1bc90e867f00d.jpg,,,,,,₩72,,,,,,260626,
,false,,그로브,,,전체,,https://en.grovestore.com/product/detail.html?product_no=5274,GRVR NOVA PIQUE SHIRT [2COLORS],,,https://en.grovestore.com/web/product/medium/202504/94979dcdc931669fe8e424090cfb7dad.jpg,,,,,,₩46,,,,,,260626,
,false,,그로브,,,전체,,https://en.grovestore.com/product/detail.html?product_no=5054,GR BALL CAP [5COLOR],,,https://en.grovestore.com/web/product/medium/202502/b3e6262fc5963ed610a4a0e34884cbef.jpg,,,,,,₩39,,,,,,260626,
,false,,그로브,,,전체,,https://en.grovestore.com/product/detail.html?product_no=5030,GROVE EMBROIDERY TIE [2COLORS],,,https://en.grovestore.com/web/product/medium/202502/a05cc814ff7f018044d2e128166eb229.jpg,,,,,,₩18,,,,,,260626,
,false,,그로브,,,전체,,https://en.grovestore.com/product/detail.html?product_no=5024,MYLES V-NECK KNIT [3COLORS],,,https://en.grovestore.com/web/product/medium/202502/bb2a58f80a586a6740fb6cead6b8607b.jpg,,,,,,₩72,,,,,,260626,
,false,,그로브,,,전체,,https://en.grovestore.com/product/detail.html?product_no=5023,GRVR STRIPE CABLE KNIT [3COLORS],,,https://en.grovestore.com/web/product/medium/202502/3eb4ad314b9a7d17b4f9eb76043fe40f.jpg,,,,,,₩79,,,,,,260626,
,false,,그로브,,,전체,,https://en.grovestore.com/product/detail.html?product_no=5021,CLARO STRIPE KNIT [3COLORS],,,https://en.grovestore.com/web/product/medium/202502/038aeb693eb28a32e43f05f482a899de.jpg,,,,,,₩65,,,,,,260626,
,false,,그로브,,,전체,,https://en.grovestore.com/product/detail.html?product_no=5018,TAND STRIPE LONG SLEEVE T-SHIRT [3COLORS],,,https://en.grovestore.com/web/product/medium/202502/d9d468344e1ca47281c5697e136b78a4.jpg,,,,,,₩50,,,,,,260626,
,false,,그로브,,,전체,,https://en.grovestore.com/product/detail.html?product_no=5017,TAND STRIPE HALF SLEEVE T-SHIRT [3COLORS],,,https://en.grovestore.com/web/product/medium/202502/ee384a1eedded934769b1c69290a0b3c.jpg,,,,,,₩41,,,,,,260626,
,false,,그로브,,,전체,,https://en.grovestore.com/product/detail.html?product_no=5016,TENER COLLAR T-SHIRT [2COLORS],,,https://en.grovestore.com/web/product/medium/202502/cab2bcecb30ce4dcf56a5d97cfb6913d.jpg,,,,,,₩42,,,,,,260626,
,false,,그로브,,,전체,,https://en.grovestore.com/product/detail.html?product_no=5014,HAGUE RUGBY SWEATSHIRT [WOMAN-3COLORS],,,https://en.grovestore.com/web/product/medium/202502/1660571641ac797a4aafa795059c1144.jpg,,,,,,₩101,,,,,,260626,
,false,,그로브,,,전체,,https://en.grovestore.com/product/detail.html?product_no=5012,PRANK STRIPE T-SHIRT [3COLORS],,,https://en.grovestore.com/web/product/medium/202502/1066e049cf15536b478f19f7f1ec83b0.jpg,,,,,,₩39,,,,,,260626,
,false,,그로브,,,전체,,https://en.grovestore.com/product/detail.html?product_no=5008,BLAINE SHIRT [5COLORS],,,https://en.grovestore.com/web/product/medium/202502/da11e997ffa9f782f1e48415c9fedcc6.jpg,,,,,,₩65,,,,,,260626,
,false,,그로브,,,전체,,https://en.grovestore.com/product/detail.html?product_no=5000,BONNER HIGH NECK ZIP-UP [2COLORS],,,https://en.grovestore.com/web/product/medium/202502/d57932643dad245528b8ad32a9b4e022.jpg,,,,,,₩109,,,,,,260626,
,false,,그로브,,,전체,,https://en.grovestore.com/product/detail.html?product_no=4999,LUSSON JUMPER [WOMAN-2COLORS],,,https://en.grovestore.com/web/product/medium/202502/2788de3dca2f12aaf40f96bb51c56f80.jpg,,,,,,₩190,,,,,,260626,
,false,,그로브,,,전체,,https://en.grovestore.com/product/detail.html?product_no=4998,BASTON LEATHER ZIP-UP JACKET,,,https://en.grovestore.com/web/product/medium/202502/c2937b522da339ba03010851b3bf527e.jpg,,,,,,₩213,,,,,,260626,
,false,,그로브,,,전체,,https://en.grovestore.com/product/detail.html?product_no=4974,ARLOS KNEE SOCKS SET [4EA],,,https://en.grovestore.com/web/product/medium/202412/a48a6f5e67cdd2745cef48ba95f5d434.jpg,,,,,,₩29,,,,,,260626,
,false,,그로브,,,전체,,https://en.grovestore.com/product/detail.html?product_no=4973,ELIN SOCKS SET [2EA],,,https://en.grovestore.com/web/product/medium/202412/51b70e754654146d75f15eeb9fbb577a.jpg,,,,,,₩28,,,,,,260626,
,false,,그로브,,,전체,,https://en.grovestore.com/product/detail.html?product_no=4969,ZOEY SET [2EA] [2COLOR],,,https://en.grovestore.com/web/product/medium/202412/8c61b134679443309edf9b194492bcc0.jpg,,,,,,₩115,,,,,,260626,
,false,,그로브,,,전체,,https://en.grovestore.com/product/detail.html?product_no=4965,STRIPE LAWSON SET [2EA] [3COLOR],,,https://en.grovestore.com/web/product/medium/202412/486008e8c9206760b30f07140c5ee455.jpg,,,,,,₩144,,,,,,260626,
,false,,그로브,,,전체,,https://en.grovestore.com/product/detail.html?product_no=4958,CLANE ARGYLE HALF SLEEVE KNIT [2COLOR],,,https://en.grovestore.com/web/product/medium/202412/bc1cf2fbf00cf2a35e5ed9c7dd21281b.jpg,,,,,,₩68,,,,,,260626,
,false,,그로브,,,전체,,https://en.grovestore.com/product/detail.html?product_no=4957,HELLA ARGYLE KNIT,,,https://en.grovestore.com/web/product/medium/202412/d444c6da309e4aa8000f77156ab55bae.jpg,,,,,,₩101,,,,,,260626,
,false,,그로브,,,전체,,https://en.grovestore.com/product/detail.html?product_no=4951,MUST HAVE SS T-SHIRT,,,https://en.grovestore.com/web/product/medium/202412/c9863ed72b0f9041a7a4275e81750b15.jpg,,,,,,₩27,,,,,,260626,
,false,,그로브,,,전체,,https://en.grovestore.com/product/detail.html?product_no=4938,GARNI CHECK CORDUROY DOWN JACKET [2COLOR],,,https://en.grovestore.com/web/product/medium/202411/a2d68709951dcf38d3eaf24ffef7a43a.jpg,,,,,,₩294,,,,,,260626,
,false,,그로브,,,전체,,https://en.grovestore.com/product/detail.html?product_no=4935,GLEE CARDIGAN  [3COLOR],,,https://en.grovestore.com/web/product/medium/202411/af279308c8b3c4a78ced0374f7ef2b83.jpg,,,,,,₩124,,,,,,260626,
,false,,그로브,,,전체,,https://en.grovestore.com/product/detail.html?product_no=4930,SLOPPY HALF ZIP-UP SWEATSHIRT  [3COLOR],,,https://en.grovestore.com/web/product/medium/202411/a255bf131bd62df9d703056c12474fdf.jpg,,,,,,₩61,,,,,,260626,
,false,,그로브,,,전체,,https://en.grovestore.com/product/detail.html?product_no=4927,SLOPPY STRING PANTS [3COLOR],,,https://en.grovestore.com/web/product/medium/202411/0045b758c30ff2af8aef4cc9ff8c2c08.jpg,,,,,,₩65,,,,,,260626,
,false,,그로브,,,전체,,https://en.grovestore.com/product/detail.html?product_no=4915,COMODO DOWN JACKET [3COLOR],,,https://en.grovestore.com/web/product/medium/202411/1ab854a6605f206ecae86b0753276fe0.jpg,,,,,,₩312,,,,,,260626,
,false,,그로브,,,전체,,https://en.grovestore.com/product/detail.html?product_no=4913,SHEARLING COLLAR MUSTANG JACKET [2COLOR],,,https://en.grovestore.com/web/product/medium/202411/33ff38371f70a1239b7ecf9ccba35d9c.jpg,,,,,,₩183,,,,,,260626,
,false,,그로브,,,전체,,https://en.grovestore.com/product/detail.html?product_no=4911,POINT COLLAR REVERSIBLE DOWN VEST [2COLOR],,,https://en.grovestore.com/web/product/medium/202411/98155c7d1c9066a43f77d601023043b9.jpg,,,,,,₩168,,,,,,260626,
,false,,그로브,,,전체,,https://en.grovestore.com/product/detail.html?product_no=4910,STITCH ARGYLE CARDIGAN  [2COLOR],,,https://en.grovestore.com/web/product/medium/202411/6a0aee03f3ca7d063a26e87e29a22df7.jpg,,,,,,₩113,,,,,,260626,
,false,,그로브,,,전체,,https://en.grovestore.com/product/detail.html?product_no=4909,JAY KNIT ZIP-UP  [3COLOR],,,https://en.grovestore.com/web/product/medium/202411/8b9d58dfe31c1b53517649fd776566f4.jpg,,,,,,₩110,,,,,,260626,
,false,,그로브,,,전체,,https://en.grovestore.com/product/detail.html?product_no=4908,SAILOR ZIP-UP JACKET [2COLOR],,,https://en.grovestore.com/web/product/medium/202411/5d6eb03c59f8824920b3af80f5dc4179.jpg,,,,,,₩131,,,,,,260626,
,false,,그로브,,,전체,,https://en.grovestore.com/product/detail.html?product_no=4903,VIA TURTLENECK T-SHIRT  [3COLOR],,,https://en.grovestore.com/web/product/medium/202411/504b9da74813265f49fc148f1e66852a.jpg,,,,,,₩42,,,,,,260626,
,false,,그로브,,,전체,,https://en.grovestore.com/product/detail.html?product_no=4901,HIVER CURVED ROLL UP PANTS [3COLOR],,,https://en.grovestore.com/web/product/medium/202411/1521a5b662d29e18f7595cdf481b24ad.jpg,,,,,,₩116,,,,,,260626,
,false,,그로브,,,전체,,https://en.grovestore.com/product/detail.html?product_no=4899,BOTON PLEATS SKIRT [3COLOR],,,https://en.grovestore.com/web/product/medium/202411/51f0da5b94e0e677a5ee249a4ec1d083.jpg,,,,,,₩87,,,,,,260626,
,false,,그로브,,,전체,,https://en.grovestore.com/product/detail.html?product_no=4897,COMFY FLEECE BALACLAVA [3COLOR],,,https://en.grovestore.com/web/product/medium/202411/3827a82476d0149ab18bc5fdd2dfc698.jpg,,,,,,₩20,,,,,,260626,
,false,,그로브,,,전체,,https://en.grovestore.com/product/detail.html?product_no=4525,DUNE CORDUROY PANTS [3COLOR],,,https://en.grovestore.com/web/product/medium/202410/54c69328e69412bcac19a1fa24da9852.jpg,,,,,,₩87,,,,,,260626,
,false,,그로브,,,전체,,https://en.grovestore.com/product/detail.html?product_no=4524,BESTO JOGGER PANTS [2COLOR],,,https://en.grovestore.com/web/product/medium/202410/a8082229431123dae5eb638ece251947.jpg,,,,,,₩57,,,,,,260626,
,false,,그로브,,,전체,,https://en.grovestore.com/product/detail.html?product_no=4519,SOFT KNIT [4COLOR],,,https://en.grovestore.com/web/product/medium/202410/571e7f519049c14dd07900e857035810.jpg,,,,,,₩94,,,,,,260626,
,false,,그로브,,,전체,,https://en.grovestore.com/product/detail.html?product_no=4518,TREVER STRIPE KNIT [2COLOR],,,https://en.grovestore.com/web/product/medium/202409/46a0782c89ec690a8acbdc593533d8a4.jpg,,,,,,₩87,,,,,,260626,
,false,,그로브,,,전체,,https://en.grovestore.com/product/detail.html?product_no=4516,BESTO HOODIE [2COLOR],,,https://en.grovestore.com/web/product/medium/202409/70206c4219cca5300af33db62a526f12.jpg,,,,,,₩87,,,,,,260626,
,false,,그로브,,,전체,,https://en.grovestore.com/product/detail.html?product_no=4507,BASIC T-SHIRT [6COLOR],,,https://en.grovestore.com/web/product/medium/202410/857cf36524079c46f6c619370d332363.jpg,,,,,,₩28,,,,,,260626,
,false,,그로브,,,전체,,https://en.grovestore.com/product/detail.html?product_no=4506,KENNETH HENLEY-NECK T-SHIRT [3COLOR],,,https://en.grovestore.com/web/product/medium/202410/026f4fcb50c9ad97159999000e807d88.jpg,,,,,,₩42,,,,,,260626,
,false,,그로브,,,전체,,https://en.grovestore.com/product/detail.html?product_no=4504,WAYNE LONG COAT [GREY],,,https://en.grovestore.com/web/product/medium/202409/3504647bf19ec7e441a7eed3f41c018e.jpg,,,,,,₩198,,,,,,260626,
,false,,그로브,,,전체,,https://en.grovestore.com/product/detail.html?product_no=4503,NUA SUEDE CROP JUMPER [2COLOR],,,https://en.grovestore.com/web/product/medium/202410/ef5e3a22bc67a532dc6f5c8d81ae2060.jpg,,,,,,₩183,,,,,,260626,
,false,,그로브,,,전체,,https://en.grovestore.com/product/detail.html?product_no=4500,GRVR ROLL BAG [2COLOR],,,https://en.grovestore.com/web/product/medium/202410/a0c5f84fb61b64a9f4b90d1f45b70a98.jpg,,,,,,₩43,,,,,,260626,
,false,,그로브,,,전체,,https://en.grovestore.com/product/detail.html?product_no=4499,CLUE KNIT SHORTS [2COLOR],,,https://en.grovestore.com/web/product/medium/202410/b771457a87cf24cc828a3a418b4b023f.jpg,,,,,,₩62,,,,,,260626,
,false,,그로브,,,전체,,https://en.grovestore.com/product/detail.html?product_no=4498,CLUE V-NECK CARDIGAN [2COLOR],,,https://en.grovestore.com/web/product/medium/202410/75d79a844a47ed41d9ab6169b7c914ea.jpg,,,,,,₩109,,,,,,260626,
,false,,그로브,,,전체,,https://en.grovestore.com/product/detail.html?product_no=4496,BON TURTLE-NECK SLEEVELESS KNIT [3COLOR],,,https://en.grovestore.com/web/product/medium/202410/52e640b1927ffa6e746804f8988a40df.jpg,,,,,,₩61,,,,,,260626,
,false,,그로브,,,전체,,https://en.grovestore.com/product/detail.html?product_no=4491,VINE FLARE SKIRT [2COLOR],,,https://en.grovestore.com/web/product/medium/202410/fdcd5c82294acb01c5740e536c015100.jpg,,,,,,₩76,,,,,,260626,
,false,,그로브,,,전체,,https://en.grovestore.com/product/detail.html?product_no=4489,BAYLIN BUSTIER TOP [3COLOR],,,https://en.grovestore.com/web/product/medium/202410/33a774814ed98ffed8cf80c0ff4496e3.jpg,,,,,,₩20,,,,,,260626,
,false,,그로브,,,전체,,https://en.grovestore.com/product/detail.html?product_no=4488,HAGUE RUGBY SWEATSHIRT [3COLOR],,,https://en.grovestore.com/web/product/medium/202410/246b296df7951d35afb5a0c9f588c6f1.jpg,,,,,,₩101,,,,,,260626,
,false,,그로브,,,전체,,https://en.grovestore.com/product/detail.html?product_no=4485,GRVR PLEATS ANORAK [2COLOR],,,https://en.grovestore.com/web/product/medium/202410/a5eb3c9b0af2ea3fda03652034adc0e7.jpg,,,,,,₩131,,,,,,260626,
,false,,그로브,,,전체,,https://en.grovestore.com/product/detail.html?product_no=4484,ALIA TWEED JACKET [BLACK],,,https://en.grovestore.com/web/product/medium/202409/6f9bfcdff28762d27107f964f89ca2a3.jpg,,,,,,₩205,,,,,,260626,
,false,,그로브,,,전체,,https://en.grovestore.com/product/detail.html?product_no=4482,CLASSIC PEARL NECKLACE [PEARL],,,https://en.grovestore.com/web/product/medium/202409/3a676bcfd2594f394cecd8bec2206e6e.jpg,,,,,,₩53,,,,,,260626,
,false,,그로브,,,전체,,https://en.grovestore.com/product/detail.html?product_no=4480,GRVR STRIPE CABLE KNIT [3COLOR],,,https://en.grovestore.com/web/product/medium/202410/59f377dcd644df8760dcfaf572acc093.jpg,,,,,,₩94,,,,,,260626,
,false,,그로브,,,전체,,https://en.grovestore.com/product/detail.html?product_no=4474,GRVR BLOOM SKIRT-PANTS [2COLOR],,,https://en.grovestore.com/web/product/medium/202409/de4b4ab2f9cf72149de4f4652be5ee34.jpg,,,,,,₩72,,,,,,260626,
,false,,그로브,,,전체,,https://en.grovestore.com/product/detail.html?product_no=4473,CARELL STRIPE LS PIQUE SHIRT [2COLOR],,,https://en.grovestore.com/web/product/medium/202410/7d2a995aeca433b0ec69bf6f9bcc7930.jpg,,,,,,₩83,,,,,,260626,
,false,,그로브,,,전체,,https://en.grovestore.com/product/detail.html?product_no=4472,GR MEMORY LAYERED T-SHIRT [3COLOR],,,https://en.grovestore.com/web/product/medium/202410/04d0978b483c1aee8dd737de8120fa32.jpg,,,,,,₩35,,,,,,260626,
,false,,그로브,,,전체,,https://en.grovestore.com/product/detail.html?product_no=4471,LENA T-SHIRT [3COLOR],,,https://en.grovestore.com/web/product/medium/202410/30538b5d751c002217df04a3aee8daf0.jpg,,,,,,₩31,,,,,,260626,
,false,,그로브,,,전체,,https://en.grovestore.com/product/detail.html?product_no=4468,GRADY LEATHER JUMPER [2COLOR],,,https://en.grovestore.com/web/product/medium/202410/a891c2dde8f50af3bffd4b707bb9ad5d.jpg,,,,,,₩161,,,,,,260626,
,false,,그로브,,,전체,,https://en.grovestore.com/product/detail.html?product_no=4464,MEMORY SHOPPER BAG [4COLOR],,,https://en.grovestore.com/web/product/medium/202410/f1d37bbdcc4b79a01e222d61bd359bd7.jpg,,,,,,₩13,,,,,,260626,
,false,,그로브,,,전체,,https://en.grovestore.com/product/detail.html?product_no=4463,GROVE EMBROIDERY TIE&CLIP [6COLOR],,,https://en.grovestore.com/web/product/medium/202410/4eea71bb3e595df133589126878651f6.jpg,,,,,,₩18,,,,,,260626,
,false,,그로브,,,전체,,https://en.grovestore.com/product/detail.html?product_no=4462,ARGYLE SOCKS [3COLOR],,,https://en.grovestore.com/web/product/medium/202410/c1b83e19fa208d04700704ab82aaa8f8.jpg,,,,,,₩11,,,,,,260626,
,false,,그로브,,,전체,,https://en.grovestore.com/product/detail.html?product_no=4461,ARGYLE V-NECK KNIT [3COLOR],,,https://en.grovestore.com/web/product/medium/202410/06cd951fab5295048c5a5de3994eb1da.jpg,,,,,,₩101,,,,,,260626,
,false,,그로브,,,전체,,https://en.grovestore.com/product/detail.html?product_no=4459,ARGYLE COLLAR KNIT [3COLOR],,,https://en.grovestore.com/web/product/medium/202409/e02fa5059a1d96316dfa373952d4690b.jpg,,,,,,₩79,,,,,,260626,
,false,,그로브,,,전체,,https://en.grovestore.com/product/detail.html?product_no=4458,LAWSON SHAWL MUFFLER [3COLOR],,,https://en.grovestore.com/web/product/medium/202410/d3082bd075afa1a9980799cfd66a56c6.jpg,,,,,,₩35,,,,,,260626,
,false,,그로브,,,전체,,https://en.grovestore.com/product/detail.html?product_no=4455,NORDIC V-NECK KNIT VEST [2COLOR],,,https://en.grovestore.com/web/product/medium/202410/c06b0f6c8a5b285578087f54d7a9a8f4.jpg,,,,,,₩65,,,,,,260626,
,false,,그로브,,,전체,,https://en.grovestore.com/product/detail.html?product_no=4451,LOUIS SKIRT-PANTS [2COLOR],,,https://en.grovestore.com/web/product/medium/202410/a72fef4b1a73a46aa116dae0e05f4736.jpg,,,,,,₩94,,,,,,260626,
,false,,그로브,,,전체,,https://en.grovestore.com/product/detail.html?product_no=4449,PEBBLE T-SHIRT [4COLOR],,,https://en.grovestore.com/web/product/medium/202410/d1b51905d21983e22f69a76fb155e381.jpg,,,,,,₩33,,,,,,260626,
,false,,그로브,,,전체,,https://en.grovestore.com/product/detail.html?product_no=4446,CHECK BILYN SHIRT [2COLOR],,,https://en.grovestore.com/web/product/medium/202410/f4cf849dcb358d7490ebe4037ffb9c71.jpg,,,,,,₩72,,,,,,260626,
,false,,그로브,,,전체,,https://en.grovestore.com/product/detail.html?product_no=4445,BLAINE SHIRT [4COLOR],,,https://en.grovestore.com/web/product/medium/202410/84da9eacd6127cfbd32b9a80c6343e03.jpg,,,,,,₩65,,,,,,260626,
,false,,그로브,,,전체,,https://en.grovestore.com/product/detail.html?product_no=4444,HARDY JUMPER [2COLOR],,,https://en.grovestore.com/web/product/medium/202410/e7b710f8c63c85be5ce32dd037ba4c0f.jpg,,,,,,₩183,,,,,,260626,
,false,,그로브,,,전체,,https://en.grovestore.com/product/detail.html?product_no=4438,(GROVE X CINNAMOROLL) CINNAMOROLL FRIENDS HS T-SHIRT [S SIZE],,,https://en.grovestore.com/web/product/medium/202408/a03742053e999e52dec44c4b12d17665.jpg,,,,,,₩31,,,,,,260626,
,false,,그로브,,,전체,,https://en.grovestore.com/product/detail.html?product_no=4437,(GROVE X CINNAMOROLL) CINNAMOROLL RIBBON LS T-SHIRT [IVORY],,,https://en.grovestore.com/web/product/medium/202408/b9105c762b833587232e7d215ce218db.jpg,,,,,,₩39,,,,,,260626,
,false,,그로브,,,전체,,https://en.grovestore.com/product/detail.html?product_no=4435,(GROVE X CINNAMOROLL) CINNAMOROLL GROVE SWEATSHIRT [IVORY],,,https://en.grovestore.com/web/product/medium/202408/43c350077aec985056e70a8f65911860.jpg,,,,,,₩53,,,,,,260626,
,false,,그로브,,,전체,,https://en.grovestore.com/product/detail.html?product_no=4429,VELOUR T-SHIRT [BROWN],,,https://en.grovestore.com/web/product/medium/202408/648f211fbd54c5e75d2f6c4a970a0f64.jpg,,,,,,₩26,,,,,,260626,
,false,,그로브,,,전체,,https://en.grovestore.com/product/detail.html?product_no=4427,VELOUR T-SHIRT [SKY BLUE],,,https://en.grovestore.com/web/product/medium/202408/8d3d6917746619d2fc8451f49d2336a6.jpg,,,,,,₩26,,,,,,260626,
,false,,그로브,,,전체,,https://en.grovestore.com/product/detail.html?product_no=4426,VELOUR T-SHIRT [BLACK],,,https://en.grovestore.com/web/product/medium/202408/3f0c29f1eaa0d9dfabe52b1a23793217.jpg,,,,,,₩26,,,,,,260626,
,false,,그로브,,,전체,,https://en.grovestore.com/product/detail.html?product_no=4425,VELOUR T-SHIRT [MELANGE],,,https://en.grovestore.com/web/product/medium/202408/164bf51b499dfdfba223f7632cc87b2f.jpg,,,,,,₩26,,,,,,260626,
,false,,그로브,,,전체,,https://en.grovestore.com/product/detail.html?product_no=4424,BESTO JOGGER PANTS [BLACK],,,https://en.grovestore.com/web/product/medium/202408/fcc0640777334477bb7d9c5476803808.jpg,,,,,,₩57,,,,,,260626,
,false,,그로브,,,전체,,https://en.grovestore.com/product/detail.html?product_no=4423,BESTO JOGGER PANTS [GREY],,,https://en.grovestore.com/web/product/medium/202309/6076615661aaaa14d3600780fc2e040a.jpg,,,,,,₩57,,,,,,260626,
,false,,그로브,,,전체,,https://en.grovestore.com/product/detail.html?product_no=4422,23FW BESTO HOODIE [BLACK],,,https://en.grovestore.com/web/product/medium/202408/46842504946a3753a4a12695ebc83254.jpg,,,,,,₩87,,,,,,260626,
,false,,그로브,,,전체,,https://en.grovestore.com/product/detail.html?product_no=4421,23FW BESTO HOODIE [GREY],,,https://en.grovestore.com/web/product/medium/202308/cdd9431150cd17e48593ba806d8240c9.jpg,,,,,,₩87,,,,,,260626,
,false,,그로브,,,전체,,https://en.grovestore.com/product/detail.html?product_no=4420,BONNER HIGH NECK ZIP-UP [GREY],,,https://en.grovestore.com/web/product/medium/202403/843f844a46f27c5258cd5eb6a84bc3ac.jpg,,,,,,₩94,,,,,,260626,
,false,,그로브,,,전체,,https://en.grovestore.com/product/detail.html?product_no=4419,LUSSON JUMPER [BROWN],,,https://en.grovestore.com/web/product/medium/202408/1bc814baab844cb1e8002b89fff5cb0a.jpg,,,,,,₩190,,,,,,260626,
,false,,그로브,,,전체,,https://en.grovestore.com/product/detail.html?product_no=4418,LUSSON JUMPER [BLACK],,,https://en.grovestore.com/web/product/medium/202408/bc22fecd16f200c50fe5e5bf5e1717d0.jpg,,,,,,₩190,,,,,,260626,
,false,,그로브,,,전체,,https://en.grovestore.com/product/detail.html?product_no=4382,WYLER HALTER-NECK KNIT ONE-PIECE [2COLOR],,,https://en.grovestore.com/web/product/medium/202406/57897e08d75e5de05057628e5c340327.jpg,,,,,,₩72,,,,,,260626,
,false,,그로브,,,전체,,https://en.grovestore.com/product/detail.html?product_no=4381,WYLER HALTER-NECK KNIT TOP [3COLOR],,,https://en.grovestore.com/web/product/medium/202406/d5d1812e85e02734981b74ea8f62bbf6.jpg,,,,,,₩50,,,,,,260626,
,false,,그로브,,,전체,,https://en.grovestore.com/product/detail.html?product_no=4380,KIKO SKASHI LS CARDIGAN [3COLOR],,,https://en.grovestore.com/web/product/medium/202406/1be093dfcef923bb6f3d23d1e1ba6bc6.jpg,,,,,,₩61,,,,,,260626,
,false,,그로브,,,전체,,https://en.grovestore.com/product/detail.html?product_no=4379,KIKO SKASHI KNIT SLEEVELESS [3COLOR],,,https://en.grovestore.com/web/product/medium/202406/989a4e972b6c9171d9dd23213b00c139.jpg,,,,,,₩39,,,,,,260626,
,false,,그로브,,,전체,,https://en.grovestore.com/product/detail.html?product_no=4378,KIKO SKASHI HS CARDIGAN [3COLOR],,,https://en.grovestore.com/web/product/medium/202406/4b2fa214f26bf91fdfbed393810329e4.jpg,,,,,,₩56,,,,,,260626,
,false,,그로브,,,전체,,https://en.grovestore.com/product/detail.html?product_no=4377,BELLMAN CARDIGAN [2COLOR],,,https://en.grovestore.com/web/product/medium/202406/056d71d57f07b002faf671dc80b5e9b3.jpg,,,,,,₩63,,,,,,260626,
,false,,그로브,,,전체,,https://en.grovestore.com/product/detail.html?product_no=4375,BUD SATIN ONE-PIECE [2COLOR],,,https://en.grovestore.com/web/product/medium/202406/8418292773ba571373976132bfc9ad57.jpg,,,,,,₩100,,,,,,260626,
,false,,그로브,,,전체,,https://en.grovestore.com/product/detail.html?product_no=4374,RODEL NYLON PANTS [2COLOR],,,https://en.grovestore.com/web/product/medium/202406/6e665a03724341f0ec5823b49e721485.jpg,,,,,,₩94,,,,,,260626,
,false,,그로브,,,전체,,https://en.grovestore.com/product/detail.html?product_no=4372,MAC CURVED DENIM PANTS [BLUE],,,https://en.grovestore.com/web/product/medium/202406/3977c27ba886fd2dcddf9679ade08cb8.jpg,,,,,,₩101,,,,,,260626,
,false,,그로브,,,전체,,https://en.grovestore.com/product/detail.html?product_no=4368,ZENIA LACE PANTS [WHITE],,,https://en.grovestore.com/web/product/medium/202406/8153f74f010bf9a6a379716f625ee01d.jpg,,,,,,₩68,,,,,,260626,
,false,,그로브,,,전체,,https://en.grovestore.com/product/detail.html?product_no=4367,COY LACE SKIRT-PANTS [2COLOR],,,https://en.grovestore.com/web/product/medium/202406/a2866aa66bf2a17d937026851e5e7ae5.jpg,,,,,,₩90,,,,,,260626,
,false,,그로브,,,전체,,https://en.grovestore.com/product/detail.html?product_no=4364,GROVE LACE SLEEVELESS [3COLOR],,,https://en.grovestore.com/web/product/medium/202406/e1076cfbf9603d6cc9bb774772d57669.jpg,,,,,,₩25,,,,,,260626,
,false,,그로브,,,전체,,https://en.grovestore.com/product/detail.html?product_no=4363,WES SS T-SHIRT [3COLOR],,,https://en.grovestore.com/web/product/medium/202406/6e34566e94b0a08214d0fd10293f46ba.jpg,,,,,,₩31,,,,,,260626,
,false,,그로브,,,전체,,https://en.grovestore.com/product/detail.html?product_no=4362,WES SLEEVELESS [3COLOR],,,https://en.grovestore.com/web/product/medium/202406/a2de1d27450e7311969d2412c52d905a.jpg,,,,,,₩28,,,,,,260626,
,false,,그로브,,,전체,,https://en.grovestore.com/product/detail.html?product_no=4360,CARELL STRIPE PIQUE SHIRT [2COLOR],,,https://en.grovestore.com/web/product/medium/202406/5156c522d8ba6ff8c41ed3df42308808.jpg,,,,,,₩57,,,,,,260626,
,false,,그로브,,,전체,,https://en.grovestore.com/product/detail.html?product_no=4359,DANIA PUFF SLEEVE BLOUSE [2COLOR],,,https://en.grovestore.com/web/product/medium/202406/d64bb60e6fd9ef1c8a10c370ca8e5adb.jpg,,,,,,₩72,,,,,,260626,
,false,,그로브,,,전체,,https://en.grovestore.com/product/detail.html?product_no=4358,STRIPE SAND T-SHIRT [3COLOR],,,https://en.grovestore.com/web/product/medium/202406/3db028be1ca3c76ab7c8b9b585969478.jpg,,,,,,₩31,,,,,,260626,
,false,,그로브,,,전체,,https://en.grovestore.com/product/detail.html?product_no=4355,ZENIA LACE OVER-FIT SHIRT [WHITE],,,https://en.grovestore.com/web/product/medium/202406/beba45b12b2d0910e4fccf5c0e6e37c2.jpg,,,,,,₩90,,,,,,260626,
,false,,그로브,,,전체,,https://en.grovestore.com/product/detail.html?product_no=4354,RUSSELL LACE ONE-PIECE [WHITE],,,https://en.grovestore.com/web/product/medium/202406/6cee0899d3adc22af98474d9bb4c6240.jpg,,,,,,₩101,,,,,,260626,
,false,,그로브,,,전체,,https://en.grovestore.com/product/detail.html?product_no=4352,COY LACE SLEEVELESS [2COLOR],,,https://en.grovestore.com/web/product/medium/202406/06583a77d6c0a0320d73c76c9f11ffb8.jpg,,,,,,₩90,,,,,,260626,
,false,,그로브,,,전체,,https://en.grovestore.com/product/detail.html?product_no=4344,(GROVE X d'Alba) TONE-UP SUNCREAM(1+1) + TRAVEL KIT + GROVE APPAREL SET,,,https://en.grovestore.com/web/product/medium/202404/47bd1e513d9453bcaef3afb1a0ebbc04.jpg,,,,,,₩66,,,,,,260626,
,false,,그로브,,,전체,,https://en.grovestore.com/product/detail.html?product_no=4343,GRVB_Floral Scrunchie SET [3EA],,,https://en.grovestore.com/web/product/medium/202404/9c6fc322c628a106a89cc0e6894647d8.jpg,,,,,,₩13,,,,,,260626,
,false,,그로브,,,전체,,https://en.grovestore.com/product/detail.html?product_no=4341,GRVB_Floral Twill Dune Pants [2COLOR],,,https://en.grovestore.com/web/product/medium/202404/b4fe7c86f640ca6af56cab5377bae6d3.jpg,,,,,,₩79,,,,,,260626,
,false,,그로브,,,전체,,https://en.grovestore.com/product/detail.html?product_no=4337,GRVB_Contrast Denim-Sweat Pants [2COLOR],,,https://en.grovestore.com/web/product/medium/202404/cb826907a22292a4e7d401da5f4b1652.jpg,,,,,,₩94,,,,,,260626,
,false,,그로브,,,전체,,https://en.grovestore.com/product/detail.html?product_no=4336,GRVB_Contrast Denim-Sweat Long Skirt [2COLOR],,,https://en.grovestore.com/web/product/medium/202404/3c6453b306d35cd2e9a47bdbf04255e5.jpg,,,,,,₩94,,,,,,260626,
,false,,그로브,,,전체,,https://en.grovestore.com/product/detail.html?product_no=4335,GRVB_Sheer Floral Skirt [2COLOR],,,https://en.grovestore.com/web/product/medium/202404/abd5a7e47f91b0ee6b863559ec19a31c.jpg,,,,,,₩65,,,,,,260626,
,false,,그로브,,,전체,,https://en.grovestore.com/product/detail.html?product_no=4334,GRVB_Floral Easy Shorts [3COLOR],,,https://en.grovestore.com/web/product/medium/202404/a443a8cb37636873ea312fc702e88650.jpg,,,,,,₩35,,,,,,260626,
,false,,그로브,,,전체,,https://en.grovestore.com/product/detail.html?product_no=4329,GRVB_2Way U-Neck Knit [4COLOR],,,https://en.grovestore.com/web/product/medium/202605/1bfa42d43b27e1bc223323740bbec9f1.jpg,,,,,,₩53,,,,,,260626,
,false,,그로브,,,전체,,https://en.grovestore.com/product/detail.html?product_no=4328,GRVB_Pincot trimmed Cardigan [4COLOR],,,https://en.grovestore.com/web/product/medium/202404/830b5f5b1d5abde11c818155bc1f0a80.jpg,,,,,,₩76,,,,,,260626,
,false,,그로브,,,전체,,https://en.grovestore.com/product/detail.html?product_no=4327,GRVB_Pincot trimmed Sleeveless [4COLOR],,,https://en.grovestore.com/web/product/medium/202404/cf30be60355f3e917801c44cde0d2741.jpg,,,,,,₩49,,,,,,260626,
,false,,그로브,,,전체,,https://en.grovestore.com/product/detail.html?product_no=4326,GRVB_Floral Tank Top [3COLOR],,,https://en.grovestore.com/web/product/medium/202404/4cb3b80784784fdf9b74716a713f462b.jpg,,,,,,₩28,,,,,,260626,
,false,,그로브,,,전체,,https://en.grovestore.com/product/detail.html?product_no=4325,GRVB_Floral Slim T-shirt [3COLOR],,,https://en.grovestore.com/web/product/medium/202404/8f89ebce8a0329fbb12ad3581784577b.jpg,,,,,,₩35,,,,,,260626,
,false,,그로브,,,전체,,https://en.grovestore.com/product/detail.html?product_no=4324,GRVB_Cropped Hoodie Zip-up [4COLOR],,,https://en.grovestore.com/web/product/medium/202404/ecd0084b20f789f2562ed3b6e25bb6a5.jpg,,,,,,₩72,,,,,,260626,
,false,,그로브,,,전체,,https://en.grovestore.com/product/detail.html?product_no=4323,GRVB_Sheer Floral Cardigan [2COLOR],,,https://en.grovestore.com/web/product/medium/202404/fac7c850ebdc6e630f8924bbdc571072.jpg,,,,,,₩50,,,,,,260626,
,false,,그로브,,,전체,,https://en.grovestore.com/product/detail.html?product_no=4322,(GROVE X d'Alba) TRAVEL KIT + GROVE APPAREL SET,,,https://en.grovestore.com/web/product/medium/202404/af571142c1b3376f11686677e30e5db1.jpg,,,,,,₩57,,,,,,260626,
,false,,그로브,,,전체,,https://en.grovestore.com/product/detail.html?product_no=4321,(GROVE X d'Alba) TONE-UP SUNCREAM + GROVE HEART KEYRING,,,https://en.grovestore.com/web/product/medium/202404/3a04b69a50c3b4afc4bfc1f384aefa5c.jpg,,,,,,₩16,,,,,,260626,
,false,,그로브,,,전체,,https://en.grovestore.com/product/detail.html?product_no=4319,GRVB_Solid Half Ribbed Socks [6COLOR],,,https://en.grovestore.com/web/product/medium/202505/e050bf54fd42d7f9422d0144e0302cdc.jpg,,,,,,₩7,,,,,,260626,
,false,,그로브,,,전체,,https://en.grovestore.com/product/detail.html?product_no=4318,GRVB_Off-Shoulder T-shirt [4COLOR],,,https://en.grovestore.com/web/product/medium/202404/41190f17c23c0b3bfb49efae94fc2400.jpg,,,,,,₩28,,,,,,260626,
,false,,그로브,,,전체,,https://en.grovestore.com/product/detail.html?product_no=4313,GRVB_Rib Scrunchie SET [5EA],,,https://en.grovestore.com/web/product/medium/202404/0375de3254f8f58dc879c702f42672ac.jpg,,,,,,₩20,,,,,,260626,
,false,,그로브,,,전체,,https://en.grovestore.com/product/detail.html?product_no=4307,GRVB_Pig Dyed Logo Sweatshorts [5COLOR],,,https://en.grovestore.com/web/product/medium/202404/94a9252b20a5bd79b6a7f9bca6dc38c3.jpg,,,,,,₩33,,,,,,260626,
,false,,그로브,,,전체,,https://en.grovestore.com/product/detail.html?product_no=4305,GRVB_Floral Knit Cardigan [3COLOR],,,https://en.grovestore.com/web/product/medium/202404/0d9e0c4e0e9a3da36211c0a5d0750acd.jpg,,,,,,₩90,,,,,,260626,
,false,,그로브,,,전체,,https://en.grovestore.com/product/detail.html?product_no=4303,GRVB_Pig Dyed Cropped T-shirt [5COLOR],,,https://en.grovestore.com/web/product/medium/202404/822ad0ee1ad7ee491456c9f444ab407e.jpg,,,,,,₩25,,,,,,260626,
,false,,그로브,,,전체,,https://en.grovestore.com/product/detail.html?product_no=4301,GRVB_Pig Dyed HS T-shirt [5COLOR],,,https://en.grovestore.com/web/product/medium/202404/42c8dd0a1e6c63d1556da115ea2b1983.jpg,,,,,,₩28,,,,,,260626,
,false,,그로브,,,전체,,https://en.grovestore.com/product/detail.html?product_no=4300,GRVB_Long Sleeve T-shirt [3COLOR],,,https://en.grovestore.com/web/product/medium/202404/635ba3a68ca15b2161237a469f6d9cfe.jpg,,,,,,₩31,,,,,,260626,
,false,,그로브,,,전체,,https://en.grovestore.com/product/detail.html?product_no=4299,GRVB_Pig Dyed Logo Sweatshirt [5COLOR],,,https://en.grovestore.com/web/product/medium/202404/0921b8bf0c5de5a445a6c97c6e9ef48e.jpg,,,,,,₩57,,,,,,260626,
,false,,그로브,,,전체,,https://en.grovestore.com/product/detail.html?product_no=4297,GRVB_V-neck Cardigan [5COLOR],,,https://en.grovestore.com/web/product/medium/202404/5268584cbd06e03ce2145cf3f2adf195.jpg,,,,,,₩35,,,,,,260626,
,false,,그로브,,,전체,,https://en.grovestore.com/product/detail.html?product_no=4291,BISSETT SHOULDER BAG [2COLOR],,,https://en.grovestore.com/web/product/medium/202403/d879a9ce7bc19c7ab2390a0bd88862f2.jpg,,,,,,₩120,,,,,,260626,
,false,,그로브,,,전체,,https://en.grovestore.com/product/detail.html?product_no=4290,DANNY SELVEDGE DENIM PANTS [2COLOR],,,https://en.grovestore.com/web/product/medium/202403/1636a674355a1e05709b40b66d8f6313.jpg,,,,,,₩127,,,,,,260626,
,false,,그로브,,,전체,,https://en.grovestore.com/product/detail.html?product_no=4289,RIA DENIM PANTS [BLUE],,,https://en.grovestore.com/web/product/medium/202403/e56b176c3e70ddd1fe705b8b7131a9be.jpg,,,,,,₩72,,,,,,260626,
,false,,그로브,,,전체,,https://en.grovestore.com/product/detail.html?product_no=4288,EBONY PANTS [2COLOR],,,https://en.grovestore.com/web/product/medium/202403/9a9d809933b0d6191a32f478967067a3.jpg,,,,,,₩94,,,,,,260626,
,false,,그로브,,,전체,,https://en.grovestore.com/product/detail.html?product_no=4287,BEN DENIM SKIRT [BLACK],,,https://en.grovestore.com/web/product/medium/202403/bd77db96e4e93413f6bb87433157d0c0.jpg,,,,,,₩65,,,,,,260626,
,false,,그로브,,,전체,,https://en.grovestore.com/product/detail.html?product_no=4284,ANNETTE CARDIGAN [2COLOR],,,https://en.grovestore.com/web/product/medium/202403/3789cdeb1c535b20e3df5a1b294d82e6.jpg,,,,,,₩57,,,,,,260626,
,false,,그로브,,,전체,,https://en.grovestore.com/product/detail.html?product_no=4282,EVERLYN PIQUE SHIRT [2COLOR],,,https://en.grovestore.com/web/product/medium/202403/91d3c620a07d3013a45f5371f92cda10.jpg,,,,,,₩35,,,,,,260626,
,false,,그로브,,,전체,,https://en.grovestore.com/product/detail.html?product_no=4280,BEN DENIM JACKET [BLACK],,,https://en.grovestore.com/web/product/medium/202403/b1e7e107b34ce7558bce50fb1d4e188f.jpg,,,,,,₩124,,,,,,260626,
,false,,그로브,,,전체,,https://en.grovestore.com/product/detail.html?product_no=4278,LESLIE ONE-PIECE [2COLOR],,,https://en.grovestore.com/web/product/medium/202403/7d48dafbb37a59d5c0881b94f2fa4c5e.jpg,,,,,,₩87,,,,,,260626,
,false,,그로브,,,전체,,https://en.grovestore.com/product/detail.html?product_no=4274,NELSON SKIRT [2COLOR],,,https://en.grovestore.com/web/product/medium/202403/c9b3e726158368df33f3740e20c8b831.jpg,,,,,,₩76,,,,,,260626,
,false,,그로브,,,전체,,https://en.grovestore.com/product/detail.html?product_no=4273,DEBY KNIT ZIP-UP [2COLOR],,,https://en.grovestore.com/web/product/medium/202403/6a506cad3e839cf69a0cc66906cb7fd9.jpg,,,,,,₩105,,,,,,260626,
,false,,그로브,,,전체,,https://en.grovestore.com/product/detail.html?product_no=4272,VINTER KNIT VEST [2COLOR],,,https://en.grovestore.com/web/product/medium/202403/9211f987d5fcdbad4dd83f9f7ca01145.jpg,,,,,,₩61,,,,,,260626,
,false,,그로브,,,전체,,https://en.grovestore.com/product/detail.html?product_no=4271,JASE KNIT SLEEVELESS [4COLOR],,,https://en.grovestore.com/web/product/medium/202403/00884c3d2cf9ce759aef037fdc3829fe.jpg,,,,,,₩42,,,,,,260626,
,false,,그로브,,,전체,,https://en.grovestore.com/product/detail.html?product_no=4270,JASE KNIT [4COLOR],,,https://en.grovestore.com/web/product/medium/202403/8ce401f3c654377ce90e9d5abc722e2d.jpg,,,,,,₩57,,,,,,260626,
,false,,그로브,,,전체,,https://en.grovestore.com/product/detail.html?product_no=4269,JASE CARDIGAN [4COLOR],,,https://en.grovestore.com/web/product/medium/202403/ff227f3bc325f2684f0c14f6ee7c2e23.jpg,,,,,,₩72,,,,,,260626,
,false,,그로브,,,전체,,https://en.grovestore.com/product/detail.html?product_no=4268,STRIPE GRVR SS KNIT [3COLOR],,,https://en.grovestore.com/web/product/medium/202403/5f2632bc860a3c881f3d86569ba867d1.jpg,,,,,,₩69,,,,,,260626,
,false,,그로브,,,전체,,https://en.grovestore.com/product/detail.html?product_no=4267,SMITH FOLD COLLAR SHIRT [2COLOR],,,https://en.grovestore.com/web/product/medium/202403/c7ffca145c31489f79a03cedb4e4f234.jpg,,,,,,₩62,,,,,,260626,
,false,,그로브,,,전체,,https://en.grovestore.com/product/detail.html?product_no=4266,CHECK BILYN SHIRT [2COLOR],,,https://en.grovestore.com/web/product/medium/202403/811517bd902b91164ae03091c5931a8b.jpg,,,,,,₩72,,,,,,260626,
,false,,그로브,,,전체,,https://en.grovestore.com/product/detail.html?product_no=4265,BONNER HIGH NECK ZIP-UP [2COLOR],,,https://en.grovestore.com/web/product/medium/202403/843f844a46f27c5258cd5eb6a84bc3ac.jpg,,,,,,₩94,,,,,,260626,
,false,,그로브,,,전체,,https://en.grovestore.com/product/detail.html?product_no=4264,NELSON JUMPER [2COLOR],,,https://en.grovestore.com/web/product/medium/202403/a1c86668ea23fcfaf7b37a14d625727f.jpg,,,,,,₩175,,,,,,260626,
,false,,그로브,,,전체,,https://en.grovestore.com/product/detail.html?product_no=4262,NUVO NECKLACE [2COLOR],,,https://en.grovestore.com/web/product/medium/202403/709e9e1073720c1308f8792592b1dfac.jpg,,,,,,₩23,,,,,,260626,
,false,,그로브,,,전체,,https://en.grovestore.com/product/detail.html?product_no=4259,LOEM SKIRT [2COLOR],,,https://en.grovestore.com/web/product/medium/202403/4a2cee82f0ed377fee61222369a946d2.jpg,,,,,,₩63,,,,,,260626,
,false,,그로브,,,전체,,https://en.grovestore.com/product/detail.html?product_no=4257,FLORY SKIRT [IVORY],,,https://en.grovestore.com/web/product/medium/202403/2d91d36219fc960f85171c002f543436.jpg,,,,,,₩42,,,,,,260626,
,false,,그로브,,,전체,,https://en.grovestore.com/product/detail.html?product_no=4256,TANNER SKIRT-PANTS [2COLOR],,,https://en.grovestore.com/web/product/medium/202403/8f92489f61b54dd1b13316e161e2d0a7.jpg,,,,,,₩87,,,,,,260626,
,false,,그로브,,,전체,,https://en.grovestore.com/product/detail.html?product_no=4254,MYLES V-NECK KNIT [6COLOR],,,https://en.grovestore.com/web/product/medium/202403/09d0310ba82decdbc17cfe6cca88b825.jpg,,,,,,₩72,,,,,,260626,
,false,,그로브,,,전체,,https://en.grovestore.com/product/detail.html?product_no=4251,THE GROVE HS T-SHIRT [3COLOR],,,https://en.grovestore.com/web/product/medium/202403/06a6103265ba30e89771a125501e7f12.jpg,,,,,,₩31,,,,,,260626,
,false,,그로브,,,전체,,https://en.grovestore.com/product/detail.html?product_no=4250,STRIPE POST T-SHIRT [3COLOR],,,https://en.grovestore.com/web/product/medium/202403/4b5d625bbbbce476b8145c47e61c51f2.jpg,,,,,,₩35,,,,,,260626,
,false,,그로브,,,전체,,https://en.grovestore.com/product/detail.html?product_no=4249,BILLOW SHIRT [4COLOR],,,https://en.grovestore.com/web/product/medium/202403/487fad777433dff1d0412b5d081a7697.jpg,,,,,,₩65,,,,,,260626,
,false,,그로브,,,전체,,https://en.grovestore.com/product/detail.html?product_no=4248,COHEN OFF-SHOULDER SHIRT [2COLOR],,,https://en.grovestore.com/web/product/medium/202403/4d5b1780e1de9466087445b23d28d899.jpg,,,,,,₩73,,,,,,260626,
,false,,그로브,,,전체,,https://en.grovestore.com/product/detail.html?product_no=4247,FRU JACKET [IVORY],,,https://en.grovestore.com/web/product/medium/202403/2d9e5a9d48c53fe092e670ee54551b72.jpg,,,,,,₩161,,,,,,260626,
,false,,그로브,,,전체,,https://en.grovestore.com/product/detail.html?product_no=4246,TANNER JACKET [2COLOR],,,https://en.grovestore.com/web/product/medium/202403/66b257369c8d321a423550bc1acf710d.jpg,,,,,,₩168,,,,,,260626,
,false,,그로브,,,전체,,https://en.grovestore.com/product/detail.html?product_no=4178,(EXCLUSIVE) CONNEL JACKET [CHECK],,,https://en.grovestore.com/web/product/medium/202402/40dd1a9b7c0a5fe21004f1f0a6b0b358.jpg,,,,,,₩198,,,,,,260626,
,false,,그로브,,,전체,,https://en.grovestore.com/product/detail.html?product_no=4173,YVONE DENIM SHIRTS [2COLOR],,,https://en.grovestore.com/web/product/medium/202402/09023bdfffd276e98180e42b14e34b76.jpg,,,,,,₩109,,,,,,260626,
,false,,그로브,,,전체,,https://en.grovestore.com/product/detail.html?product_no=4171,STRIPE GRVR KNIT [2COLOR],,,https://en.grovestore.com/web/product/medium/202402/4c16c69ad21a529e560a545a76429499.jpg,,,,,,₩79,,,,,,260626,
,false,,그로브,,,전체,,https://en.grovestore.com/product/detail.html?product_no=4170,POUT KNIT ZIP-UP [4COLOR],,,https://en.grovestore.com/web/product/medium/202402/2fdcd3ed59192f1e912c62c9af47eee2.jpg,,,,,,₩94,,,,,,260626,
,false,,그로브,,,전체,,https://en.grovestore.com/product/detail.html?product_no=4169,LUSSON JUMPER [2COLOR],,,https://en.grovestore.com/web/product/medium/202402/397620ac1b7deaab74de4026faecf2e4.jpg,,,,,,₩190,,,,,,260626,
,false,,그로브,,,전체,,https://en.grovestore.com/product/detail.html?product_no=4166,LANE TOP & SLEEVELESS [4COLOR],,,https://en.grovestore.com/web/product/medium/202401/c4b61cfe1b5301b0a655d5b4fbf7ead2.jpg,,,,,,₩48,,,,,,260626,
,false,,그로브,,,전체,,https://en.grovestore.com/product/detail.html?product_no=4165,GRVR SS KNIT [4COLOR],,,https://en.grovestore.com/web/product/medium/202401/197b4d8b5ad948c68aa2c51cd38eb7f2.jpg,,,,,,₩54,,,,,,260626,
,false,,그로브,,,전체,,https://en.grovestore.com/product/detail.html?product_no=4164,GROVE EMBROIDERY TIE [4COLOR],,,https://en.grovestore.com/web/product/medium/202401/6fae2e525cd5bcc2bf22e3824ee86f97.jpg,,,,,,₩18,,,,,,260626,
,false,,그로브,,,전체,,https://en.grovestore.com/product/detail.html?product_no=4163,COZY ZIP-UP [3COLOR],,,https://en.grovestore.com/web/product/medium/202402/2d62087c63fb4754ea0d105c0c30fadc.jpg,,,,,,₩53,,,,,,260626,
,false,,그로브,,,전체,,https://en.grovestore.com/product/detail.html?product_no=4162,COZY SHORTS [3COLOR],,,https://en.grovestore.com/web/product/medium/202402/e7cf5b94347940e61ceb7f825d524370.jpg,,,,,,₩35,,,,,,260626,
,false,,그로브,,,전체,,https://en.grovestore.com/product/detail.html?product_no=4161,CONNEL JACKET [2COLOR],,,https://en.grovestore.com/web/product/medium/202401/ae3ad6d68bb1aceffd5b9a7d98f8d4fe.jpg,,,,,,₩161,,,,,,260626,
,false,,그로브,,,전체,,https://en.grovestore.com/product/detail.html?product_no=4159,COCO JACKET [PINK],,,https://en.grovestore.com/web/product/medium/202401/c65f23c37c115b5e7b2661e9f7f77cc7.jpg,,,,,,₩190,,,,,,260626,
,false,,그로브,,,전체,,https://en.grovestore.com/product/detail.html?product_no=4156,BELLA JACKET [2COLOR],,,https://en.grovestore.com/web/product/medium/202402/7efec43fe380c2a40c7d661510259727.jpg,,,,,,₩175,,,,,,260626,
,false,,그로브,,,전체,,https://en.grovestore.com/product/detail.html?product_no=4155,BASE T-SHIRT [8COLOR],,,https://en.grovestore.com/web/product/medium/202401/ced6b6938c458cb7f05a40574fbfa7e7.jpg,,,,,,₩28,,,,,,260626,
,false,,그로브,,,전체,,https://en.grovestore.com/product/detail.html?product_no=4154,AUTHENTIC SWEAT SHIRT [4COLOR],,,https://en.grovestore.com/web/product/medium/202401/eb082a48b18f87ba8416f04b414e9a37.jpg,,,,,,₩65,,,,,,260626,
,false,,그로브,,,전체,,https://en.grovestore.com/product/detail.html?product_no=4153,AUTHENTIC HS T-SHIRT [3COLOR],,,https://en.grovestore.com/web/product/medium/202402/5ec1b3be548564f0a842d6464a840a80.jpg,,,,,,₩28,,,,,,260626,
,false,,그로브,,,전체,,https://en.grovestore.com/product/detail.html?product_no=4152,AUTHENTIC BALL CAP [4COLOR],,,https://en.grovestore.com/web/product/medium/202402/302d9aae2803636e055fdaed2fed5d58.jpg,,,,,,₩31,,,,,,260626,
,false,,그로브,,,전체,,https://en.grovestore.com/product/detail.html?product_no=4151,AIDEN PANTS [2COLOR],,,https://en.grovestore.com/web/product/medium/202401/0c4ea9d01bed684dea4bf7411a1e7183.jpg,,,,,,₩94,,,,,,260626,
,false,,그로브,,,전체,,https://en.grovestore.com/product/detail.html?product_no=4145,GROVY BAG-CHARM [2COLOR],,,https://en.grovestore.com/web/product/medium/202312/c9871e90e0b0b3a6aebfe2cebcc892ea.jpg,,,,,,₩50,,,,,,260626,
,false,,그로브,,,전체,,https://en.grovestore.com/product/detail.html?product_no=4142,PEDER SKIRT [RED CHECK],,,https://en.grovestore.com/web/product/medium/202312/39784f0cff24d7c3cfbec8af13fbb4b6.jpg,,,,,,₩76,,,,,,260626,
,false,,그로브,,,전체,,https://en.grovestore.com/product/detail.html?product_no=4141,MARIAN KNIT [3COLOR],,,https://en.grovestore.com/web/product/medium/202312/eba4062a7c7b2baa39207124ba2e89f6.jpg,,,,,,₩76,,,,,,260626,
,false,,그로브,,,전체,,https://en.grovestore.com/product/detail.html?product_no=4140,NORDIC KNIT ZIP-UP [2COLOR],,,https://en.grovestore.com/web/product/medium/202312/a90db3e0d29721ddbecfd786802f32d4.jpg,,,,,,₩131,,,,,,260626,
,false,,그로브,,,전체,,https://en.grovestore.com/product/detail.html?product_no=4139,MUST HAVE SS T-SHIRT [2COLOR],,,https://en.grovestore.com/web/product/medium/202312/d3a3f1211f71ad63cd05ea181af64d91.jpg,,,,,,₩27,,,,,,260626,
,false,,그로브,,,전체,,https://en.grovestore.com/product/detail.html?product_no=4138,GRVR SWEAT SHIRT [3COLOR],,,https://en.grovestore.com/web/product/medium/202312/d807e8249c8ce35f337184d3836e00b4.jpg,,,,,,₩65,,,,,,260626,
,false,,그로브,,,전체,,https://en.grovestore.com/product/detail.html?product_no=4126,HEART BROOCH [2COLOR],,,https://en.grovestore.com/web/product/medium/202311/c6b767bd143550af414eb931c88f2db2.jpg,,,,,,₩8,,,,,,260626,
,false,,그로브,,,전체,,https://en.grovestore.com/product/detail.html?product_no=4125,REX SHEARING HAT [BEIGE],,,https://en.grovestore.com/web/product/medium/202311/fbf51dac69dbe6a923bf25b250212626.jpg,,,,,,₩50,,,,,,260626,
,false,,그로브,,,전체,,https://en.grovestore.com/product/detail.html?product_no=4123,WARREN BOOTS [2COLOR],,,https://en.grovestore.com/web/product/medium/202311/c8f91b088f1696de083fac5600fce38e.jpg,,,,,,₩242,,,,,,260626,
,false,,그로브,,,전체,,https://en.grovestore.com/product/detail.html?product_no=4117,KARTELL PANTS [2COLOR],,,https://en.grovestore.com/web/product/medium/202311/a6e254f876d4569fbd4df84919b0dd68.jpg,,,,,,₩83,,,,,,260626,
,false,,그로브,,,전체,,https://en.grovestore.com/product/detail.html?product_no=4116,RIO PANTS [RED],,,https://en.grovestore.com/web/product/medium/202311/f9a307171c9790df766d3616b356ae89.jpg,,,,,,₩76,,,,,,260626,
,false,,그로브,,,전체,,https://en.grovestore.com/product/detail.html?product_no=4114,NOZ KNIT VEST [3COLOR],,,https://en.grovestore.com/web/product/medium/202311/ea71c10e5d93e8addd2668dd7cf47446.jpg,,,,,,₩76,,,,,,260626,
,false,,그로브,,,전체,,https://en.grovestore.com/product/detail.html?product_no=4103,REX SHEARING COAT [BEIGE],,,https://en.grovestore.com/web/product/medium/202311/4a37cd530b1022150b9f70f27a2a28e7.jpg,,,,,,₩198,,,,,,260626,
,false,,그로브,,,전체,,https://en.grovestore.com/product/detail.html?product_no=4102,BRONZE SHEARING JUMPER [2COLOR],,,https://en.grovestore.com/web/product/medium/202311/d0bd1057302535324edc3e6e3ff7ae8a.jpg,,,,,,₩198,,,,,,260626,
,false,,그로브,,,전체,,https://en.grovestore.com/product/detail.html?product_no=4091,PERD PADDING BAG [2COLOR],,,https://en.grovestore.com/web/product/medium/202311/0b8249b2cadadfc98c2d45d332b60272.jpg,,,,,,₩50,,,,,,260626,
,false,,그로브,,,전체,,https://en.grovestore.com/product/detail.html?product_no=4081,KELANI KNIT [2COLOR],,,https://en.grovestore.com/web/product/medium/202311/0150ad0ca371e039514f5a8072cb9b81.jpg,,,,,,₩107,,,,,,260626,
,false,,그로브,,,전체,,https://en.grovestore.com/product/detail.html?product_no=4079,CADEN T-SHIRT [4COLOR],,,https://en.grovestore.com/web/product/medium/202311/add43f2a2f32bc181b106b456404451f.jpg,,,,,,₩35,,,,,,260626,
,false,,그로브,,,전체,,https://en.grovestore.com/product/detail.html?product_no=4078,LEVIER SS T-SHIRT [2COLOR],,,https://en.grovestore.com/web/product/medium/202311/f35d957a99466107c8e62003aaded34e.jpg,,,,,,₩33,,,,,,260626,
,false,,그로브,,,전체,,https://en.grovestore.com/product/detail.html?product_no=4076,VIA TURTLENECK T-SHIRT [2COLOR],,,https://en.grovestore.com/web/product/medium/202311/faabc40bbb9844fef3622f3b2067696b.jpg,,,,,,₩42,,,,,,260626,
,false,,그로브,,,전체,,https://en.grovestore.com/product/detail.html?product_no=4075,MARK COAT [BROWN MULTI],,,https://en.grovestore.com/web/product/medium/202311/5868824168dfd636b26a1ce6986315d0.jpg,,,,,,₩235,,,,,,260626,
,false,,그로브,,,전체,,https://en.grovestore.com/product/detail.html?product_no=4071,PERD JACKET [2COLOR],,,https://en.grovestore.com/web/product/medium/202311/820c7eed8018da3da5e286bf753c4ee5.jpg,,,,,,₩168,,,,,,260626,
,false,,그로브,,,전체,,https://en.grovestore.com/product/detail.html?product_no=4070,TIPPER JACKET [2COLOR],,,https://en.grovestore.com/web/product/medium/202311/72555d68d9f273dac8655e753ee67d56.jpg,,,,,,₩127,,,,,,260626,
,false,,그로브,,,전체,,https://en.grovestore.com/product/detail.html?product_no=4069,SPELL JACKET [2COLOR],,,https://en.grovestore.com/web/product/medium/202311/fe630a6fd4a13f0d34c24d9d6563d628.jpg,,,,,,₩190,,,,,,260626,
,false,,그로브,,,전체,,https://en.grovestore.com/product/detail.html?product_no=3995,23FW MENDES JUMPER [2COLOR],,,https://en.grovestore.com/web/product/medium/202309/6bba36185fe1df4670664db329e5d44e.jpg,,,,,,₩124,,,,,,260626,
,false,,그로브,,,전체,,https://en.grovestore.com/product/detail.html?product_no=3993,23FW TOV JACKET [2COLOR],,,https://en.grovestore.com/web/product/medium/202309/8dbb81cf8731901c386064ba84bd8fdd.jpg,,,,,,₩235,,,,,,260626,
,false,,그로브,,,전체,,https://en.grovestore.com/product/detail.html?product_no=3990,MILLO CARDIGAN [3COLOR],,,https://en.grovestore.com/web/product/medium/202309/d21363ef096f6a484bf96825e138213d.jpg,,,,,,₩94,,,,,,260626,
,false,,그로브,,,전체,,https://en.grovestore.com/product/detail.html?product_no=3988,23FW LIBE CARDIGAN [2COLOR],,,https://en.grovestore.com/web/product/medium/202309/fd06e53c295f7c9414591424e015230d.jpg,,,,,,₩79,,,,,,260626,
,false,,그로브,,,전체,,https://en.grovestore.com/product/detail.html?product_no=3987,23FW HEIVE DENIM PANTS [2COLOR],,,https://en.grovestore.com/web/product/medium/202309/7f901d4442cfe9b01d8ed9640f468681.jpg,,,,,,₩79,,,,,,260626,
,false,,그로브,,,전체,,https://en.grovestore.com/product/detail.html?product_no=3984,23FW MERLIN T-SHIRT [4COLOR],,,https://en.grovestore.com/web/product/medium/202309/39f6315344e17001272f6d796367711d.jpg,,,,,,₩28,,,,,,260626,
,false,,그로브,,,전체,,https://en.grovestore.com/product/detail.html?product_no=3983,23FW MERLIN SLEEVELESS [4COLOR],,,https://en.grovestore.com/web/product/medium/202309/7414b4e201ee88fe38b825ebca38e983.jpg,,,,,,₩21,,,,,,260626,
,false,,그로브,,,전체,,https://en.grovestore.com/product/detail.html?product_no=3979,23FW POST T-SHIRT [2COLOR],,,https://en.grovestore.com/web/product/medium/202308/954d4fb40093fe2cd175cf42111fc217.jpg,,,,,,₩35,,,,,,260626,
,false,,그로브,,,전체,,https://en.grovestore.com/product/detail.html?product_no=3977,23FW PROTTI PANTS [2COLOR],,,https://en.grovestore.com/web/product/medium/202308/273a5c5606a49608df502327dc7e87cc.jpg,,,,,,₩94,,,,,,260626,
,false,,그로브,,,전체,,https://en.grovestore.com/product/detail.html?product_no=3972,23FW EROM HAIRPIN [7COLOR],,,https://en.grovestore.com/web/product/medium/202309/3102845092673c4d3ffe192ba025b61e.jpg,,,,,,₩13,,,,,,260626,
,false,,그로브,,,전체,,https://en.grovestore.com/product/detail.html?product_no=3969,MARCEL CARDIGAN [3COLOR],,,https://en.grovestore.com/web/product/medium/202309/0ebb33b2a10dec0a8ff5aa1be34396d9.jpg,,,,,,₩249,,,,,,260626,
,false,,그로브,,,전체,,https://en.grovestore.com/product/detail.html?product_no=3968,23FW CHARMANT KNIT [3COLOR],,,https://en.grovestore.com/web/product/medium/202308/58761a2c7bc5e600215504ff1e018c7d.jpg,,,,,,₩76,,,,,,260626,
,false,,그로브,,,전체,,https://en.grovestore.com/product/detail.html?product_no=3967,23FW LOTZE SKIRT [2COLOR],,,https://en.grovestore.com/web/product/medium/202308/94f30dd393a97b508d1c1507bf37fe3e.jpg,,,,,,₩101,,,,,,260626,
,false,,그로브,,,전체,,https://en.grovestore.com/product/detail.html?product_no=3964,23FW JEFF CORDUROY PANTS [3COLOR],,,https://en.grovestore.com/web/product/medium/202308/5b0aa3100ba78c6f72b419d9b63b2326.jpg,,,,,,₩94,,,,,,260626,
,false,,그로브,,,전체,,https://en.grovestore.com/product/detail.html?product_no=3963,23FW MATIS DENIM PANTS [2COLOR],,,https://en.grovestore.com/web/product/medium/202308/517e0131b51291603308195fd59921dc.jpg,,,,,,₩87,,,,,,260626,
,false,,그로브,,,전체,,https://en.grovestore.com/product/detail.html?product_no=3962,23FW MATIS SHIRTS [2COLOR],,,https://en.grovestore.com/web/product/medium/202309/e5bf9e07202c27e422365e4e55351d2f.jpg,,,,,,₩101,,,,,,260626,
,false,,그로브,,,전체,,https://en.grovestore.com/product/detail.html?product_no=3958,23FW LARRY KNIT [4COLOR],,,https://en.grovestore.com/web/product/medium/202308/f807428519bf1bf1ae65e37695d44418.jpg,,,,,,₩50,,,,,,260626,
,false,,그로브,,,전체,,https://en.grovestore.com/product/detail.html?product_no=3954,23FW LAWSON SHAWL MUFFLER [3COLOR],,,https://en.grovestore.com/web/product/medium/202308/8742c0a43dde4348a28b794629e5ad99.jpg,,,,,,₩35,,,,,,260626,
,false,,그로브,,,전체,,https://en.grovestore.com/product/detail.html?product_no=3951,23FW BENIA DENIM SKIRT [2COLOR],,,https://en.grovestore.com/web/product/medium/202308/340e9dd4bde14cdea8bf38413a684cfb.jpg,,,,,,₩76,,,,,,260626,
,false,,그로브,,,전체,,https://en.grovestore.com/product/detail.html?product_no=3950,23FW DONA SKIRT [2COLOR],,,https://en.grovestore.com/web/product/medium/202308/20b0dcb7e6e653b28650a0f0ce65759e.jpg,,,,,,₩87,,,,,,260626,
,false,,그로브,,,전체,,https://en.grovestore.com/product/detail.html?product_no=3948,HAWELL DENIM PANTS [2COLOR],,,https://en.grovestore.com/web/product/medium/202308/2252db820d9181f819677f53261a85bd.jpg,,,,,,₩87,,,,,,260626,
,false,,그로브,,,전체,,https://en.grovestore.com/product/detail.html?product_no=3945,23FW VELVET IZI T-SHIRT [4COLOR],,,https://en.grovestore.com/web/product/medium/202308/21ddc892ef7f53ecfd45a55a9c70f2a7.jpg,,,,,,₩35,,,,,,260626,
,false,,그로브,,,전체,,https://en.grovestore.com/product/detail.html?product_no=3944,23FW CHARMANT HALF T-SHIRT [4COLOR],,,https://en.grovestore.com/web/product/medium/202308/f63cf7e93f3959207b11a9b0289a0e90.jpg,,,,,,₩31,,,,,,260626,
,false,,그로브,,,전체,,https://en.grovestore.com/product/detail.html?product_no=3943,23FW CHARMANT SWEAT SHIRTS [4COLOR],,,https://en.grovestore.com/web/product/medium/202308/0a3d0ea47a00147dd6d24ff13bc87602.jpg,,,,,,₩68,,,,,,260626,
,false,,그로브,,,전체,,https://en.grovestore.com/product/detail.html?product_no=3942,NADINE BLOUSE [2COLOR],,,https://en.grovestore.com/web/product/medium/202308/8a01eac08ab3c994af76febf7e696893.jpg,,,,,,₩116,,,,,,260626,
,false,,그로브,,,전체,,https://en.grovestore.com/product/detail.html?product_no=3940,23FW FREED DENIM JACKET [2COLOR],,,https://en.grovestore.com/web/product/medium/202308/b1051077007c307d1c1de752c94b998c.jpg,,,,,,₩146,,,,,,260626,
,false,,그로브,,,전체,,https://en.grovestore.com/product/detail.html?product_no=3939,23FW BAIRD JACKET [2COLOR],,,https://en.grovestore.com/web/product/medium/202308/043072e3ad1f647cad27ab836dccf7bf.jpg,,,,,,₩161,,,,,,260626,
,false,,그로브,,,전체,,https://en.grovestore.com/product/detail.html?product_no=3938,23FW CROWN JACKET [3COLOR],,,https://en.grovestore.com/web/product/medium/202309/8a215a299a8fc394ad7f1e0478c244c7.jpg,,,,,,₩161,,,,,,260626,
,false,,그로브,,,전체,,https://en.grovestore.com/product/detail.html?product_no=3937,23FW BENIK TRENCH COAT [2COLOR],,,https://en.grovestore.com/web/product/medium/202308/94fc7f4e087c2f0f73cd2387a3159df8.jpg,,,,,,₩235,,,,,,260626,
,false,,그로브,,,전체,,https://en.grovestore.com/product/detail.html?product_no=3909,23SU ELLIOTT BAG [2COLOR],,,https://en.grovestore.com/web/product/medium/202306/a00a4604629581af16fbe9f1cefd2755.jpg,,,,,,₩28,,,,,,260626,
,false,,그로브,,,전체,,https://en.grovestore.com/product/detail.html?product_no=3908,23SU EDITH BAG [1COLOR],,,https://en.grovestore.com/web/product/medium/202306/fd461ec14f02ac06f5157aa8058a2307.jpg,,,,,,₩87,,,,,,260626,
,false,,그로브,,,전체,,https://en.grovestore.com/product/detail.html?product_no=3904,23SU HOPE DENIM PANTS [2COLOR],,,https://en.grovestore.com/web/product/medium/202306/71de776e2736705a921bcfc58b63230d.jpg,,,,,,₩72,,,,,,260626,
,false,,그로브,,,전체,,https://en.grovestore.com/product/detail.html?product_no=3901,23SU RUSSELL ONE-PIECE [2COLOR],,,https://en.grovestore.com/web/product/medium/202306/aba3ba407583cca6804e3a991d583d6e.jpg,,,,,,₩101,,,,,,260626,
,false,,그로브,,,전체,,https://en.grovestore.com/product/detail.html?product_no=3899,23SU MID-SUMMER SLEEVELESS [2COLOR],,,https://en.grovestore.com/web/product/medium/202306/30397ccb9f17e3fd2a3093085b97fd33.jpg,,,,,,₩31,,,,,,260626,
,false,,그로브,,,전체,,https://en.grovestore.com/product/detail.html?product_no=3896,23SU ASHER ROBE [2COLOR],,,https://en.grovestore.com/web/product/medium/202306/1702612d7f10aef4b8b494adde5da7bf.jpg,,,,,,₩87,,,,,,260626,
,false,,그로브,,,전체,,https://en.grovestore.com/product/detail.html?product_no=3887,23SU MELLOW BUSTIER [3COLOR],,,https://en.grovestore.com/web/product/medium/202306/bc9b5ffa9a69c542b2c3e8e3bd980444.jpg,,,,,,₩46,,,,,,260626,
,false,,그로브,,,전체,,https://en.grovestore.com/product/detail.html?product_no=3886,23SU MELLOW KNIT [3COLOR],,,https://en.grovestore.com/web/product/medium/202306/f344df16feccc8068067cb5ee18d0cf8.jpg,,,,,,₩61,,,,,,260626,
,false,,그로브,,,전체,,https://en.grovestore.com/product/detail.html?product_no=3852,[Worn by Cha Jeong-won] DARE BUSTIER [3COLOR],,,https://en.grovestore.com/web/product/medium/202305/0b8ce3c87e36993f24d6367b73ffd022.jpg,,,,,,₩58,,,,,,260626,
,false,,그로브,,,전체,,https://en.grovestore.com/product/detail.html?product_no=3851,[Worn by Cha Jeong-won] GROA SLEEVELESS [3COLOR],,,https://en.grovestore.com/web/product/medium/202305/f61d923f2f048310f8c500d90617582c.jpg,,,,,,₩61,,,,,,260626,
,false,,그로브,,,전체,,https://en.grovestore.com/product/detail.html?product_no=3849,[CHA JUNG WON x GROVE] 23SU MOND CARDIGAN [3COLOR],,,https://en.grovestore.com/web/product/medium/202306/d4590736d61a24970a4007df07208dd2.jpg,,,,,,₩83,,,,,,260626,
,false,,그로브,,,전체,,https://en.grovestore.com/product/detail.html?product_no=3848,[CHA JUNG WON x GROVE]  23SU RIA DENIM PANTS [1COLOR],,,https://en.grovestore.com/web/product/medium/202305/5b06b77f47cb38b531fd0d3e83fb80be.jpg,,,,,,₩68,,,,,,260626,
,false,,그로브,,,전체,,https://en.grovestore.com/product/detail.html?product_no=3845,[CHA JUNG WON x GROVE]  23SU DUNE DENIM PANTS [1COLOR],,,https://en.grovestore.com/web/product/medium/202305/960331815d51e74a1d82295e37000484.jpg,,,,,,₩72,,,,,,260626,
,false,,그로브,,,전체,,https://en.grovestore.com/product/detail.html?product_no=3833,[CHA JUNG WON x GROVE] 23SU RONIA T-SHIRT [4COLOR],,,https://en.grovestore.com/web/product/medium/202305/2e37bbd6bfceefef8b20b3e99cd72b4b.jpg,,,,,,₩28,,,,,,260626,
,false,,그로브,,,전체,,https://en.grovestore.com/product/detail.html?product_no=3832,[CHA JUNG WON x GROVE] 23SU BOTTI T-SHIRT [4COLOR],,,https://en.grovestore.com/web/product/medium/202305/d9dd28c615a6c18c1cd4373815247885.jpg,,,,,,₩31,,,,,,260626,
,false,,그로브,,,전체,,https://en.grovestore.com/product/detail.html?product_no=3830,[CHA JUNG WON x GROVE] 23SU MERLIN T-SHIRT [3COLOR],,,https://en.grovestore.com/web/product/medium/202305/81302f0746820df0dda9bd886a13c9f9.jpg,,,,,,₩28,,,,,,260626,
,false,,그로브,,,전체,,https://en.grovestore.com/product/detail.html?product_no=3827,[Worn by Cha Jeong-won] PILLY JUMPER [2COLOR],,,https://en.grovestore.com/web/product/medium/202305/bf790917f2c115ce248bca1463d95314.jpg,,,,,,₩139,,,,,,260626,
,false,,그로브,,,전체,,https://en.grovestore.com/product/detail.html?product_no=3825,[CHA JUNG WON x GROVE] 23SU HOW VEST [2COLOR],,,https://en.grovestore.com/web/product/medium/202305/14a14c82b35e9e84f300c7388af70654.jpg,,,,,,₩109,,,,,,260626,
,false,,그로브,,,전체,,https://en.grovestore.com/product/detail.html?product_no=3710,23SS STIL WALLET [DARK BROWN],,,https://en.grovestore.com/web/product/medium/202303/4250da225e5249cf00078139ee1d706a.jpg,,,,,,₩50,,,,,,260626,
,false,,그로브,,,전체,,https://en.grovestore.com/product/detail.html?product_no=3708,OWL NECKTIE [2COLOR],,,https://en.grovestore.com/web/product/medium/202303/6e714deb7ab266b936fa9549a5a0f9b4.jpg,,,,,,₩20,,,,,,260626,
,false,,그로브,,,전체,,https://en.grovestore.com/product/detail.html?product_no=3700,23SS CANDY CARDIGAN [3COLOR],,,https://en.grovestore.com/web/product/medium/202303/c26aca39fd8ce8f6bcf889a9bb993164.jpg,,,,,,₩109,,,,,,260626,
,false,,그로브,,,전체,,https://en.grovestore.com/product/detail.html?product_no=3699,23SS ARIEL KNIT [3COLOR],,,https://en.grovestore.com/web/product/medium/202303/5ff08460e9c0b908dcbc1c7b45f3cf63.jpg,,,,,,₩87,,,,,,260626,
,false,,그로브,,,전체,,https://en.grovestore.com/product/detail.html?product_no=3698,23SS SONNET KNIT [2COLOR],,,https://en.grovestore.com/web/product/medium/202303/cc137a5f2227f7bfd9a3e754e569d112.jpg,,,,,,₩93,,,,,,260626,
,false,,그로브,,,전체,,https://en.grovestore.com/product/detail.html?product_no=3695,23SS GLOISE KNIT [2COLOR],,,https://en.grovestore.com/web/product/medium/202303/d156b4d57cd0f2ab7874a4100ffd9897.jpg,,,,,,₩101,,,,,,260626,
,false,,그로브,,,전체,,https://en.grovestore.com/product/detail.html?product_no=3690,23SS DOS KNIT [2COLOR],,,https://en.grovestore.com/web/product/medium/202303/479963450f1fb478df49fb131fcaedc1.jpg,,,,,,₩87,,,,,,260626,
,false,,그로브,,,전체,,https://en.grovestore.com/product/detail.html?product_no=3687,23SS ARO KNIT [3COLOR],,,https://en.grovestore.com/web/product/medium/202303/ed72380b17b8e25bee5d42d09fc52811.jpg,,,,,,₩87,,,,,,260626,
,false,,그로브,,,전체,,https://en.grovestore.com/product/detail.html?product_no=3685,23SS WICK KNIT ZIPUP [4COLOR],,,https://en.grovestore.com/web/product/medium/202303/1156cd1dfcab18d92cfaa32f4f723af3.jpg,,,,,,₩113,,,,,,260626,
,false,,그로브,,,전체,,https://en.grovestore.com/product/detail.html?product_no=3684,23SS ELLIE SKIRT [BLUE],,,https://en.grovestore.com/web/product/medium/202303/1d13f1f193a64b1598944e13ea0ebf64.jpg,,,,,,₩68,,,,,,260626,
,false,,그로브,,,전체,,https://en.grovestore.com/product/detail.html?product_no=3679,23SS NIKI DENIM PANTS [2COLOR],,,https://en.grovestore.com/web/product/medium/202303/42e599206756a243b6a592c34ab913a2.jpg,,,,,,₩94,,,,,,260626,
,false,,그로브,,,전체,,https://en.grovestore.com/product/detail.html?product_no=3673,23SS COUCH PANTS [2COLOR],,,https://en.grovestore.com/web/product/medium/202303/d118c194ddca2dd3a3dca695d3991cf1.jpg,,,,,,₩109,,,,,,260626,
,false,,그로브,,,전체,,https://en.grovestore.com/product/detail.html?product_no=3667,23SS BELLA SWEAT PANTS [3COLOR],,,https://en.grovestore.com/web/product/medium/202303/3ea46df8e96b5988630396a83aa44f69.jpg,,,,,,₩39,,,,,,260626,
,false,,그로브,,,전체,,https://en.grovestore.com/product/detail.html?product_no=3665,23SS POLD T-SHIRTS [2COLOR],,,https://en.grovestore.com/web/product/medium/202303/e3ea0c8dbc21efff2f96bd1f062ba3fe.jpg,,,,,,₩65,,,,,,260626,
,false,,그로브,,,전체,,https://en.grovestore.com/product/detail.html?product_no=3662,23SS RILEY JUMPER [3COLOR],,,https://en.grovestore.com/web/product/medium/202303/a26f4db5bde024598d0c0907b8e236b7.jpg,,,,,,₩94,,,,,,260626,
,false,,그로브,,,전체,,https://en.grovestore.com/product/detail.html?product_no=3659,23SS KATH ONE-PIECE [IVORY],,,https://en.grovestore.com/web/product/medium/202303/8799abb3ea5b25d20a2b99402bb19d0e.jpg,,,,,,₩124,,,,,,260626,
,false,,그로브,,,전체,,https://en.grovestore.com/product/detail.html?product_no=3658,POIM ONE-PIECE [2COLOR],,,https://en.grovestore.com/web/product/medium/202303/645e62ff21347004cfdd38c34ae60b2d.jpg,,,,,,₩120,,,,,,260626,
,false,,그로브,,,전체,,https://en.grovestore.com/product/detail.html?product_no=3657,23SS NELLA BLOUSE [2COLOR],,,https://en.grovestore.com/web/product/medium/202303/6e42ef81373068e4aee51002d68663bb.jpg,,,,,,₩101,,,,,,260626,
,false,,그로브,,,전체,,https://en.grovestore.com/product/detail.html?product_no=3656,23SS BILYN SHIRTS [2COLOR],,,https://en.grovestore.com/web/product/medium/202303/50da4b79b11af88a127c6b3fda07af00.jpg,,,,,,₩87,,,,,,260626,
,false,,그로브,,,전체,,https://en.grovestore.com/product/detail.html?product_no=3651,23SS BELLIN COAT [2COLOR],,,https://en.grovestore.com/web/product/medium/202303/0a480503e1c5fdaf4dfba881410d1cf4.jpg,,,,,,₩213,,,,,,260626,
,false,,그로브,,,전체,,https://en.grovestore.com/product/detail.html?product_no=3650,23SS GARNET JUMPER [2COLOR],,,https://en.grovestore.com/web/product/medium/202303/491e2bd3beede2b18e05cc893d3722a2.jpg,,,,,,₩146,,,,,,260626,
,false,,그로브,,,전체,,https://en.grovestore.com/product/detail.html?product_no=3649,23SS PINEA JACKET [2COLOR],,,https://en.grovestore.com/web/product/medium/202303/80fefc974d93163501391a5c7bff0aa1.jpg,,,,,,₩183,,,,,,260626,
,false,,그로브,,,전체,,https://en.grovestore.com/product/detail.html?product_no=3648,23SS ETHEL JACKET [2COLOR],,,https://en.grovestore.com/web/product/medium/202303/b6a8678cf77bb247da74789b801b4753.jpg,,,,,,₩183,,,,,,260626,
,false,,그로브,,,전체,,https://en.grovestore.com/product/detail.html?product_no=3647,23SS COUCH VEST [2COLOR],,,https://en.grovestore.com/web/product/medium/202303/4833b29a71d86522cab0ce3f8a494d0f.jpg,,,,,,₩116,,,,,,260626,
,false,,그로브,,,전체,,https://en.grovestore.com/product/detail.html?product_no=3646,ROIER JUMPER [2COLOR],,,https://en.grovestore.com/web/product/medium/202303/f8fe8f7f4a567d514917af26b5f7f0c0.jpg,,,,,,₩146,,,,,,260626,
,false,,그로브,,,전체,,https://en.grovestore.com/product/detail.html?product_no=3645,23SS ROVER JACKET [BLACK],,,https://en.grovestore.com/web/product/medium/202303/8e29e63594be9ef50d3df6a91a98f58f.jpg,,,,,,₩435,,,,,,260626,
,false,,그로브,,,전체,,https://en.grovestore.com/product/detail.html?product_no=3642,CODE DENIM JACKET [LIGHT BLUE],,,https://en.grovestore.com/web/product/medium/202303/ae20f1c122149deda15f0f4ebe53368a.jpg,,,,,,₩175,,,,,,260626,
,false,,그로브,,,전체,,https://en.grovestore.com/product/detail.html?product_no=3641,23SS ROW JACKET [2COLOR],,,https://en.grovestore.com/web/product/medium/202303/135a5e2abde40406aa388dc4db8dd208.jpg,,,,,,₩161,,,,,,260626,
,false,,그로브,,,전체,,https://en.grovestore.com/product/detail.html?product_no=3622,23ES MARGUERITE CARDIGAN [4COLOR],,,https://en.grovestore.com/web/product/medium/202302/3d3eaeafb762733b6863e288294ae327.jpg,,,,,,₩87,,,,,,260626,
,false,,그로브,,,전체,,https://en.grovestore.com/product/detail.html?product_no=3620,23ES RIA DENIM PANTS [BLACK],,,https://en.grovestore.com/web/product/medium/202302/5f63ce9dfbdc7bd3faa358a3f437ae64.jpg,,,,,,₩72,,,,,,260626,
,false,,그로브,,,전체,,https://en.grovestore.com/product/detail.html?product_no=3619,23ES WAVE DENIM PANTS [2COLOR],,,https://en.grovestore.com/web/product/medium/202302/52398dbd332cf9cb707bcb572d0d4aae.jpg,,,,,,₩87,,,,,,260626,
,false,,그로브,,,전체,,https://en.grovestore.com/product/detail.html?product_no=3614,23ES CARVAR SWEAT SHIRTS [3COLOR],,,https://en.grovestore.com/web/product/medium/202302/0c43b2f527783e71be8ff2c8a3f281b6.jpg,,,,,,₩65,,,,,,260626,
,false,,그로브,,,전체,,https://en.grovestore.com/product/detail.html?product_no=3609,23ES POPPY SHIRTS [3COLOR],,,https://en.grovestore.com/web/product/medium/202302/5acfa676c22ebbdfea8c6c4da5fc716b.jpg,,,,,,₩83,,,,,,260626,
,false,,그로브,,,전체,,https://en.grovestore.com/product/detail.html?product_no=3608,23ES TAILOR SHIRTS [3COLOR],,,https://en.grovestore.com/web/product/medium/202302/b3e11184caccb4ae955b964fee598fbb.jpg,,,,,,₩109,,,,,,260626,
,false,,그로브,,,전체,,https://en.grovestore.com/product/detail.html?product_no=3607,23ES WEST JACKET [2COLOR],,,https://en.grovestore.com/web/product/medium/202302/7b6014fc61b1a35bbd169482c2fba040.jpg,,,,,,₩183,,,,,,260626,
,false,,그로브,,,전체,,https://en.grovestore.com/product/detail.html?product_no=3605,23ES LINE JACKET [3COLOR],,,https://en.grovestore.com/web/product/medium/202302/f5364fede7cca240fa05c5f99a1349c0.jpg,,,,,,₩146,,,,,,260626,
,false,,그로브,,,전체,,https://en.grovestore.com/product/detail.html?product_no=3530,22WINTER MONT PADDING [2COLOR],,,https://en.grovestore.com/web/product/medium/202211/21e063d633d48a3036f75c7011b91229.jpg,,,,,,₩338,,,,,,260626,
,false,,그로브,,,전체,,https://en.grovestore.com/product/detail.html?product_no=3469,22CAPSULE TOBER PADDING [3COLOR],,,https://en.grovestore.com/web/product/medium/202210/d712de26853f1851a2e6737caa3c1d0b.jpg,,,,,,₩279,,,,,,260626,
,false,,그로브,,,전체,,https://en.grovestore.com/product/detail.html?product_no=3400,22F/W PERSE COAT [2COLOR],,,https://en.grovestore.com/web/product/medium/202209/27217aadb2f38992f4b8f561ac2bebac.jpg,,,,,,₩271,,,,,,260626,
,false,,그로브,,,전체,,https://en.grovestore.com/product/detail.html?product_no=3384,[CHA JUNG WON x GROVE] 22F/W METTY OPS [3COLOR],,,https://en.grovestore.com/web/product/medium/202209/aba033491f0977b3759c7e5fe2d0bd43.jpg,,,,,,₩146,,,,,,260626,
,false,,그로브,,,전체,,https://en.grovestore.com/product/detail.html?product_no=3379,[Worn by Cha Jeong-won] BEILY JACKET,,,https://en.grovestore.com/web/product/medium/202209/06e8f84ca45561b05f46794cfc72ac54.jpg,,,,,,₩190,,,,,,260626,
,false,,그로브,,,전체,,https://en.grovestore.com/product/detail.html?product_no=3266,22HSU RISE OPS [2COLOR],,,https://en.grovestore.com/web/product/medium/202307/43e3783f56962c376979ef1e8286af1f.jpg,,,,,,₩21,,,,,,260626,
,false,,그로브,,,전체,,https://en.grovestore.com/product/detail.html?product_no=3184,22SUMMER RUA TEE [3COLOR],,,https://en.grovestore.com/web/product/medium/202304/f257b448cf98a47ad3b50cf8a4e40777.jpg,,,,,,₩26,,,,,,260626,
,false,,그로브,,,전체,,https://en.grovestore.com/product/detail.html?product_no=3164,22SUMMER WONDER BLOUSE [2COLOR],,,https://en.grovestore.com/web/product/medium/202307/717c886594616e1b87050715cd56ba1e.jpg,,,,,,₩83,,,,,,260626,
,false,,그로브,,,전체,,https://en.grovestore.com/product/detail.html?product_no=3110,ARON SKIRT [3COLOR],,,https://en.grovestore.com/web/product/medium/202307/2b16eddf62b8ec8e245f054923899422.jpg,,,,,,₩50,,,,,,260626,
,false,,그로브,,,전체,,https://en.grovestore.com/product/detail.html?product_no=2693,AMO PANTS [3COLOR],,,https://en.grovestore.com/web/product/medium/202103/ab0fd2ba76b532942a69dc510906959c.jpg,,,,,,₩65,,,,,,260626,
,false,,그로브,,,전체,,https://en.grovestore.com/product/detail.html?product_no=2078,SUNNY KNIT [4COLOR],,,https://en.grovestore.com/web/product/medium/202007/7fc483daa295508a80e6d3b7be7b4188.jpg,,,,,,₩65,,,,,,260626,
,false,,그로브,,,전체,,https://en.grovestore.com/product/detail.html?product_no=2049,RIN JACKET [3COLOR],,,https://en.grovestore.com/web/product/medium/202009/963083bde3afd6ff92372c800c1ab1ba.jpg,,,,,,₩145,,,,,,260626,
,false,,그로브,,,전체,,https://en.grovestore.com/product/detail.html?product_no=4104,BENNIS COAT [2COLOR],,,https://en.grovestore.com/web/product/medium/202311/c31347d979e082bacf645ef501c023f0.jpg,,,,,,₩249,,,,,,260626,
,false,,그로브,,,전체,,https://en.grovestore.com/product/detail.html?product_no=4086,ENRIC PANTS [2COLOR],,,https://en.grovestore.com/web/product/medium/202311/deefd6d6d5179ccf3cee08d0f71b40f0.jpg,,,,,,₩109,,,,,,260626,
,false,,그로브,,,전체,,https://en.grovestore.com/product/detail.html?product_no=4074,DOVE FUR COAT [2COLOR],,,https://en.grovestore.com/web/product/medium/202311/646c5bd5983cbb9293efc577e5ce962b.jpg,,,,,,₩190,,,,,,260626,
,false,,그로브,,,전체,,https://en.grovestore.com/product/detail.html?product_no=3994,23FW BAUS VEST [2COLOR],,,https://en.grovestore.com/web/product/medium/202309/4e35b5f46b43b0c09964a7bbcf5a2108.jpg,,,,,,₩139,,,,,,260626,
,false,,그로브,,,전체,,https://en.grovestore.com/product/detail.html?product_no=3992,LANCE MUFFLER [2COLOR],,,https://en.grovestore.com/web/product/medium/202309/ad2d3ef6f6756b8c68dfd9bc4e04a814.jpg,,,,,,₩47,,,,,,260626,
,false,,그로브,,,전체,,https://en.grovestore.com/product/detail.html?product_no=3978,TATE CARDIGAN [3COLOR],,,https://en.grovestore.com/web/product/medium/202308/171e1b26e4db59487771306b538e749e.jpg,,,,,,₩183,,,,,,260626,
,false,,그로브,,,전체,,https://en.grovestore.com/product/detail.html?product_no=3711,BELLA BALL CAP [6COLOR],,,https://en.grovestore.com/web/product/medium/202303/f241ad0db51536451511ed804e6c47d7.jpg,,,,,,₩36,,,,,,260626,
,false,,그로브,,,전체,,https://en.grovestore.com/product/detail.html?product_no=3686,WICK KNIT PANTS [3COLOR],,,https://en.grovestore.com/web/product/medium/202303/b15c1e7ef8d77485652c64693e3e12e4.jpg,,,,,,₩79,,,,,,260626,
,false,,그로브,,,전체,,https://en.grovestore.com/product/detail.html?product_no=3468,HEY COAT [2COLOR],,,https://en.grovestore.com/web/product/medium/202210/baa9278436ef202509824c25527172eb.jpg,,,,,,₩257,,,,,,260626,
,false,,그로브,,,전체,,https://en.grovestore.com/product/detail.html?product_no=3466,22CAPSULE  MAY COAT [3COLOR],,,https://en.grovestore.com/web/product/medium/202210/cb7c136d1a4db6696cb92dcb857c6fd8.jpg,,,,,,₩322,,,,,,260626,
,false,,그로브,,,전체,,https://en.grovestore.com/product/detail.html?product_no=3404,ROHA SHIRTS [2COLOR],,,https://en.grovestore.com/web/product/medium/202209/18e3a68fec320fa94c3baa59c922d49d.jpg,,,,,,₩124,,,,,,260626,
,false,,그로브,,,전체,,https://en.grovestore.com/product/detail.html?product_no=3403,LIOTT VEST [2COLOR],,,https://en.grovestore.com/web/product/medium/202209/f22b0697ea4e3f7a4c3e7c05c57a86f7.jpg,,,,,,₩109,,,,,,260626,
,false,,그로브,,,전체,,https://en.grovestore.com/product/detail.html?product_no=3365,22F/W HEIDEN KNIT [2COLOR],,,https://en.grovestore.com/web/product/medium/202209/581d703ffb2389f0c5cfabe9fa089779.jpg,,,,,,₩124,,,,,,260626,
,false,,그로브,,,전체,,https://en.grovestore.com/product/detail.html?product_no=3354,STATE ANORAK [2COLOR],,,https://en.grovestore.com/web/product/medium/202209/bd15a2c08aa50dfcdc88a1301e9bde84.jpg,,,,,,₩183,,,,,,260626,
,false,,그로브,,,전체,,https://en.grovestore.com/product/detail.html?product_no=3353,22F/W POLE DENIM JACKET [2COLOR],,,https://en.grovestore.com/web/product/medium/202210/c403e8e2d62f13d733a7fa384d114048.jpg,,,,,,₩161,,,,,,260626,
,false,,그로브,,,전체,,https://en.grovestore.com/product/detail.html?product_no=3330,TONY JUMPER [2COLOR],,,https://en.grovestore.com/web/product/medium/202209/9db617be9f031ae517d30a1316259fb4.jpg,,,,,,₩183,,,,,,260626,
,false,,그로브,,,전체,,https://en.grovestore.com/product/detail.html?product_no=3103,HAUS JACKET [2COLOR],,,https://en.grovestore.com/web/product/medium/202307/c73ce5c938b7323c9d6d2671c11fed54.jpg,,,,,,₩146,,,,,,260626,
,false,,그로브,,,전체,,https://en.grovestore.com/product/detail.html?product_no=3076,BOVE JACKET [2COLOR],,,https://en.grovestore.com/web/product/medium/202307/c05e73da6510297b561af4bfaae48ac9.jpg,,,,,,₩146,,,,,,260626,
,false,,그로브,,,전체,,https://en.grovestore.com/product/detail.html?product_no=3074,22SS BELLA JACKET [IVORY],,,https://en.grovestore.com/web/product/medium/202203/b4ff338a4ef2a7173fc3a0180e16d3ef.jpg,,,,,,₩161,,,,,,260626,
