platform,is_ranking,rank,brand,main_category,category,gender,product_name,product_detail_url,thumbnail,regular_price,current_price,discount_rate,crawled_at,color,material,details,rating,reviews
,false,,ZARA,상의,탑,여성,파인 니트 슬리브리스 탑,https://www.zara.com/kr/ko/%E1%84%91%E1%85%A1%E1%84%8B%E1%85%B5%E1%86%AB-%E1%84%82%E1%85%B5%E1%84%90%E1%85%B3-%E1%84%89%E1%85%B3%E1%86%AF%E1%84%85%E1%85%B5%E1%84%87%E1%85%B3%E1%84%85%E1%85%B5%E1%84%89%E1%85%B3-%E1%84%90%E1%85%A1%E1%86%B8-p02142083.html,https://static.zara.net/assets/public/ed50/8f33/748844418a20/74940bad17a3/02142083600-a1/02142083600-a1.jpg?ts=1781775510419,"₩35,900",,,260622,레드,,,,
,false,,ZARA,상의,탑,여성,니트 튜닉 탑,https://www.zara.com/kr/ko/%E1%84%82%E1%85%B5%E1%84%90%E1%85%B3-%E1%84%90%E1%85%B2%E1%84%82%E1%85%B5%E1%86%A8-%E1%84%90%E1%85%A1%E1%86%B8-p09598018.html,https://static.zara.net/assets/public/7ddb/5e93/35e7472a9a41/cb0dfa36251b/095980184011-a1/095980184011-a1.jpg?ts=1781856346731,"₩59,900",,,260622,네이비,,,,
,false,,ZARA,원피스,원피스,여성,메탈릭 얀 오픈워크 니트 미니 원피스,https://www.zara.com/kr/ko/%E1%84%86%E1%85%A6%E1%84%90%E1%85%A1%E1%86%AF%E1%84%85%E1%85%B5%E1%86%A8-%E1%84%8B%E1%85%A3%E1%86%AB-%E1%84%8B%E1%85%A9%E1%84%91%E1%85%B3%E1%86%AB%E1%84%8B%E1%85%AF%E1%84%8F%E1%85%B3-%E1%84%82%E1%85%B5%E1%84%90%E1%85%B3-%E1%84%86%E1%85%B5%E1%84%82%E1%85%B5-%E1%84%8B%E1%85%AF%E1%86%AB%E1%84%91%E1%85%B5%E1%84%89%E1%85%B3-p08146004.html,https://static.zara.net/assets/public/a276/a0d2/c7f748e8a747/967bf2b9b21c/08146004104-a1/08146004104-a1.jpg?ts=1781860770413,"₩79,900",,,260622,스트라이프,,,,
,false,,ZARA,상의,탑,여성,셔링 니트 탑,https://www.zara.com/kr/ko/%E1%84%89%E1%85%A7%E1%84%85%E1%85%B5%E1%86%BC-%E1%84%82%E1%85%B5%E1%84%90%E1%85%B3-%E1%84%90%E1%85%A1%E1%86%B8-p02142108.html,https://static.zara.net/assets/public/d55a/8484/496f4d9b94f8/711d6d8f4400/02142108250-a1/02142108250-a1.jpg?ts=1781860768017,"₩55,900",,,260622,화이트,,,,
,false,,ZARA,상의,탑,여성,오픈백 니트 탑,https://www.zara.com/kr/ko/%E1%84%8B%E1%85%A9%E1%84%91%E1%85%B3%E1%86%AB%E1%84%87%E1%85%A2%E1%86%A8-%E1%84%82%E1%85%B5%E1%84%90%E1%85%B3-%E1%84%90%E1%85%A1%E1%86%B8-p03920371.html,https://static.zara.net/assets/public/7218/1b7a/cdc34e6e92df/24707fb1701c/03920371250-p/03920371250-p.jpg?ts=1773399184078,"₩55,900",,,260622,화이트,,,,
,false,,ZARA,상의,니트,여성,파인 니트 브이넥 스웨터,https://www.zara.com/kr/ko/%E1%84%91%E1%85%A1%E1%84%8B%E1%85%B5%E1%86%AB-%E1%84%82%E1%85%B5%E1%84%90%E1%85%B3-%E1%84%87%E1%85%B3%E1%84%8B%E1%85%B5%E1%84%82%E1%85%A6%E1%86%A8-%E1%84%89%E1%85%B3%E1%84%8B%E1%85%B0%E1%84%90%E1%85%A5-p08779006.html,https://static.zara.net/assets/public/6b72/abbb/654a4ec89b60/647fcfc5fd4c/04174229712-000-p/04174229712-000-p.jpg?ts=1776875222878,"₩55,900",,,260622,블랙,,,,
,false,,ZARA,상의,니트,여성,쇼트 슬리브 니트 폴로셔츠,https://www.zara.com/kr/ko/%E1%84%89%E1%85%AD%E1%84%90%E1%85%B3-%E1%84%89%E1%85%B3%E1%86%AF%E1%84%85%E1%85%B5%E1%84%87%E1%85%B3-%E1%84%82%E1%85%B5%E1%84%90%E1%85%B3-%E1%84%91%E1%85%A9%E1%86%AF%E1%84%85%E1%85%A9%E1%84%89%E1%85%A7%E1%84%8E%E1%85%B3-p02142519.html,https://static.zara.net/assets/public/5d89/1269/049244948429/571620ac52cd/02142519800-p/02142519800-p.jpg?ts=1779371851488,"₩45,900",,,260622,블랙,,,,
,false,,ZARA,상의,탑,여성,링클 페이크 매듭 하이넥 니트 탑,https://www.zara.com/kr/ko/%E1%84%85%E1%85%B5%E1%86%BC%E1%84%8F%E1%85%B3%E1%86%AF-%E1%84%8B%E1%85%B5%E1%84%91%E1%85%A6%E1%86%A8%E1%84%90%E1%85%B3-%E1%84%86%E1%85%A2%E1%84%83%E1%85%B3%E1%86%B8-%E1%84%82%E1%85%B5%E1%84%90%E1%85%B3-%E1%84%90%E1%85%A1%E1%86%B8-p02893015.html,https://static.zara.net/assets/public/ac60/50e8/647a42b28aff/fe3f29cf7a34/02893015081-a3/02893015081-a3.jpg?ts=1774619598738,"₩55,900",,,260622,"샌드,그레이",,,,
,false,,ZARA,상의,니트,여성,벨트 니트 스웨터,https://www.zara.com/kr/ko/%E1%84%87%E1%85%A6%E1%86%AF%E1%84%90%E1%85%B3-%E1%84%82%E1%85%B5%E1%84%90%E1%85%B3-%E1%84%89%E1%85%B3%E1%84%8B%E1%85%B0%E1%84%90%E1%85%A5-p05536043.html,https://static.zara.net/assets/public/1335/7606/caf04f56b713/af11b846f06f/05536043711-p/05536043711-p.jpg?ts=1778243385823,"₩55,900",,,260622,샌드,,,,
,false,,ZARA,상의,니트,여성,파인 니트 브이넥 스웨터,https://www.zara.com/kr/ko/%E1%84%91%E1%85%A1%E1%84%8B%E1%85%B5%E1%86%AB-%E1%84%82%E1%85%B5%E1%84%90%E1%85%B3-%E1%84%87%E1%85%B3%E1%84%8B%E1%85%B5%E1%84%82%E1%85%A6%E1%86%A8-%E1%84%89%E1%85%B3%E1%84%8B%E1%85%B0%E1%84%90%E1%85%A5-p09598023.html,https://static.zara.net/assets/public/5b3a/976b/ff75481fb947/03c4243ff7f5/09598023072-p/09598023072-p.jpg?ts=1777364103438,"₩55,900",,,260622,아이보리-화이트,,,,
,false,,ZARA,상의,니트,여성,버튼 니트 스웨터,https://www.zara.com/kr/ko/%E1%84%87%E1%85%A5%E1%84%90%E1%85%B3%E1%86%AB-%E1%84%82%E1%85%B5%E1%84%90%E1%85%B3-%E1%84%89%E1%85%B3%E1%84%8B%E1%85%B0%E1%84%90%E1%85%A5-p02142132.html,https://static.zara.net/assets/public/b6b3/5766/031a40dbbfe0/2a2fd0a0a302/02142132620-p/02142132620-p.jpg?ts=1772465840675,"₩59,900",,,260622,로즈핑크,,,,
,false,,ZARA,상의,니트,여성,버튼 니트 스웨터,https://www.zara.com/kr/ko/%E1%84%87%E1%85%A5%E1%84%90%E1%85%B3%E1%86%AB-%E1%84%82%E1%85%B5%E1%84%90%E1%85%B3-%E1%84%89%E1%85%B3%E1%84%8B%E1%85%B0%E1%84%90%E1%85%A5-p02142132.html,https://static.zara.net/assets/public/f025/4c1d/5a654268b5d6/d5a7b1d7465c/02142132712-p/02142132712-p.jpg?ts=1777017209230,"₩59,900",,,260622,크림,,,,
,false,,ZARA,상의,가디건,여성,콤비 반소매 니트 재킷,https://www.zara.com/kr/ko/%E1%84%8F%E1%85%A9%E1%86%B7%E1%84%87%E1%85%B5-%E1%84%87%E1%85%A1%E1%86%AB%E1%84%89%E1%85%A9%E1%84%86%E1%85%A2-%E1%84%82%E1%85%B5%E1%84%90%E1%85%B3-%E1%84%8C%E1%85%A2%E1%84%8F%E1%85%B5%E1%86%BA-p01822016.html,https://static.zara.net/assets/public/7a5e/8c1c/626f446e9fa1/b23fac677293/01822016902-p/01822016902-p.jpg?ts=1778059471450,"₩59,900",,,260622,핑크,,,,
,false,,ZARA,상의,니트,여성,버튼 니트 스웨터,https://www.zara.com/kr/ko/%E1%84%91%E1%85%B5%E1%84%89%E1%85%A7%E1%84%86%E1%85%A2%E1%86%AB-%E1%84%82%E1%85%B5%E1%84%90%E1%85%B3-%E1%84%89%E1%85%B3%E1%84%8B%E1%85%B0%E1%84%90%E1%85%A5-p05536049.html,https://static.zara.net/assets/public/d100/f239/e947499abec7/5d4a987c6b49/05536039712-p/05536039712-p.jpg?ts=1781105354250,"₩49,900",,,260622,크림,,,,
,false,,ZARA,상의,니트,여성,버튼 쇼트 슬리브 니트 스웨터,https://www.zara.com/kr/ko/%E1%84%87%E1%85%A5%E1%84%90%E1%85%B3%E1%86%AB-%E1%84%89%E1%85%AD%E1%84%90%E1%85%B3-%E1%84%89%E1%85%B3%E1%86%AF%E1%84%85%E1%85%B5%E1%84%87%E1%85%B3-%E1%84%82%E1%85%B5%E1%84%90%E1%85%B3-%E1%84%89%E1%85%B3%E1%84%8B%E1%85%B0%E1%84%90%E1%85%A5-p02142133.html,https://static.zara.net/assets/public/f743/7385/a2b44465adb6/2b740b52be40/02142133700-p/02142133700-p.jpg?ts=1781076431647,"₩55,900",,,260622,브라운,,,,
,false,,ZARA,상의,탑,여성,주얼리 비즈 니트 탑,https://www.zara.com/kr/ko/%E1%84%8C%E1%85%AE%E1%84%8B%E1%85%A5%E1%86%AF%E1%84%85%E1%85%B5-%E1%84%87%E1%85%B5%E1%84%8C%E1%85%B3-%E1%84%82%E1%85%B5%E1%84%90%E1%85%B3-%E1%84%90%E1%85%A1%E1%86%B8-p05755100.html,https://static.zara.net/assets/public/0116/0afb/16224fd68e1e/d0fd2d89cad8/05755100250-p/05755100250-p.jpg?ts=1781189509735,"₩59,900",,,260622,화이트,,,,
,false,,ZARA,상의,니트,여성,스트라이프 니트 폴로 원피스,https://www.zara.com/kr/ko/%E1%84%89%E1%85%B3%E1%84%90%E1%85%B3%E1%84%85%E1%85%A1%E1%84%8B%E1%85%B5%E1%84%91%E1%85%B3-%E1%84%82%E1%85%B5%E1%84%90%E1%85%B3-%E1%84%91%E1%85%A9%E1%86%AF%E1%84%85%E1%85%A9-%E1%84%8B%E1%85%AF%E1%86%AB%E1%84%91%E1%85%B5%E1%84%89%E1%85%B3-p05536052.html,https://static.zara.net/assets/public/44df/ced7/dc9b43f189a2/25745f264cc1/05536052104-p/05536052104-p.jpg?ts=1779202391529,"₩59,900",,,260622,스트라이프,,,,
,false,,ZARA,상의,가디건,여성,벌룬 슬리브 트임 니트 재킷,https://www.zara.com/kr/ko/%E1%84%87%E1%85%A5%E1%86%AF%E1%84%85%E1%85%AE%E1%86%AB-%E1%84%89%E1%85%B3%E1%86%AF%E1%84%85%E1%85%B5%E1%84%87%E1%85%B3-%E1%84%90%E1%85%B3%E1%84%8B%E1%85%B5%E1%86%B7-%E1%84%82%E1%85%B5%E1%84%90%E1%85%B3-%E1%84%8C%E1%85%A2%E1%84%8F%E1%85%B5%E1%86%BA-p04192080.html,https://static.zara.net/assets/public/4045/47ad/23f445808728/ff3fbcdc098e/04192080401-a3/04192080401-a3.jpg?ts=1781707974530,"₩59,900",,,260622,네이비,,,,
,false,,ZARA,상의,가디건,여성,벌집 니트 재킷,https://www.zara.com/kr/ko/%E1%84%87%E1%85%A5%E1%86%AF%E1%84%8C%E1%85%B5%E1%86%B8-%E1%84%82%E1%85%B5%E1%84%90%E1%85%B3-%E1%84%8C%E1%85%A2%E1%84%8F%E1%85%B5%E1%86%BA-p04938012.html,https://static.zara.net/assets/public/d7da/1a22/afae4348b9ef/849b91be04fe/04938012250-a2/04938012250-a2.jpg?ts=1778170545350,"₩55,900",,,260622,화이트,,,,
,false,,ZARA,상의,가디건,여성,믹스 소재 로맨틱 재킷,https://www.zara.com/kr/ko/%E1%84%85%E1%85%A9%E1%84%86%E1%85%A2%E1%86%AB%E1%84%90%E1%85%B5%E1%86%A8-%E1%84%86%E1%85%B5%E1%86%A8%E1%84%89%E1%85%B3-%E1%84%82%E1%85%B5%E1%84%90%E1%85%B3-%E1%84%8C%E1%85%A2%E1%84%8F%E1%85%B5%E1%86%BA-p06236022.html,https://static.zara.net/assets/public/a55a/1d07/00ed4609a3ae/a687e1e3cb8b/06236022712-p/06236022712-p.jpg?ts=1773848045211,"₩59,900",,,260622,크림,,,,
,false,,ZARA,상의,니트,여성,숏 슬리브 니트 탑,https://www.zara.com/kr/ko/%E1%84%89%E1%85%AD%E1%84%90%E1%85%B3-%E1%84%89%E1%85%B3%E1%86%AF%E1%84%85%E1%85%B5%E1%84%87%E1%85%B3-%E1%84%82%E1%85%B5%E1%84%90%E1%85%B3-%E1%84%90%E1%85%A1%E1%86%B8-p02756031.html,https://static.zara.net/assets/public/4151/55a7/fd534d51a2b6/ae66ff6c186d/02756031711-p/02756031711-p.jpg?ts=1781167191553,"₩49,900",,,260622,샌드,,,,
,false,,ZARA,치마,스커트,여성,콤비 니트 파레오 스커트,https://www.zara.com/kr/ko/%E1%84%82%E1%85%B5%E1%84%90%E1%85%B3-%E1%84%8F%E1%85%A9%E1%86%B7%E1%84%87%E1%85%B5-%E1%84%91%E1%85%A1%E1%84%85%E1%85%A6%E1%84%8B%E1%85%A9-%E1%84%89%E1%85%B3%E1%84%8F%E1%85%A5%E1%84%90%E1%85%B3-p09598031.html,https://static.zara.net/assets/public/a04c/1fef/b5254e2c8da5/72aabd4c35b9/09598031052-p/09598031052-p.jpg?ts=1774957908726,"₩59,900",,,260622,라이트 베이지,,,,
,false,,ZARA,상의,탑,여성,니트 콤비 탑,https://www.zara.com/kr/ko/%E1%84%82%E1%85%B5%E1%84%90%E1%85%B3-%E1%84%8F%E1%85%A9%E1%86%B7%E1%84%87%E1%85%B5-%E1%84%90%E1%85%A1%E1%86%B8-p03921011.html,https://static.zara.net/assets/public/c3f2/fd7d/38474859b789/0ae396683655/03921011407-p/03921011407-p.jpg?ts=1780585854561,"₩49,900",,,260622,블루,,,,
,false,,ZARA,상의,가디건,여성,청키 니트 재킷,https://www.zara.com/kr/ko/%E1%84%8E%E1%85%A5%E1%86%BC%E1%84%8F%E1%85%B5-%E1%84%82%E1%85%B5%E1%84%90%E1%85%B3-%E1%84%8C%E1%85%A2%E1%84%8F%E1%85%B5%E1%86%BA-p02893042.html,https://static.zara.net/assets/public/a277/0818/32ef42628615/3b9ed6a20e89/02893242712-p/02893242712-p.jpg?ts=1776871517294,"₩59,900",,,260622,크림,,,,
,false,,ZARA,상의,니트,여성,쇼트 슬리브 니트 폴로셔츠,https://www.zara.com/kr/ko/%E1%84%89%E1%85%AD%E1%84%90%E1%85%B3-%E1%84%89%E1%85%B3%E1%86%AF%E1%84%85%E1%85%B5%E1%84%87%E1%85%B3-%E1%84%82%E1%85%B5%E1%84%90%E1%85%B3-%E1%84%91%E1%85%A9%E1%86%AF%E1%84%85%E1%85%A9%E1%84%89%E1%85%A7%E1%84%8E%E1%85%B3-p02142519.html,https://static.zara.net/assets/public/a16d/f1fb/359a4da08f55/c60f179cd50b/02142519250-a2/02142519250-a2.jpg?ts=1781684672871,"₩45,900",,,260622,화이트,,,,
,false,,ZARA,상의,니트,여성,쇼트 슬리브 니트 폴로셔츠,https://www.zara.com/kr/ko/%E1%84%89%E1%85%AD%E1%84%90%E1%85%B3-%E1%84%89%E1%85%B3%E1%86%AF%E1%84%85%E1%85%B5%E1%84%87%E1%85%B3-%E1%84%82%E1%85%B5%E1%84%90%E1%85%B3-%E1%84%91%E1%85%A9%E1%86%AF%E1%84%85%E1%85%A9%E1%84%89%E1%85%A7%E1%84%8E%E1%85%B3-p02142519.html,https://static.zara.net/assets/public/0c99/b97a/deb741148445/419d705d8df9/02142519250-p/02142519250-p.jpg?ts=1779371851302,"₩45,900",,,260622,화이트,,,,
,false,,ZARA,상의,가디건,여성,레이스 반소매 폴로셔츠 니트 재킷,https://www.zara.com/kr/ko/%E1%84%85%E1%85%A6%E1%84%8B%E1%85%B5%E1%84%89%E1%85%B3-%E1%84%87%E1%85%A1%E1%86%AB%E1%84%89%E1%85%A9%E1%84%86%E1%85%A2-%E1%84%91%E1%85%A9%E1%86%AF%E1%84%85%E1%85%A9%E1%84%89%E1%85%A7%E1%84%8E%E1%85%B3-%E1%84%82%E1%85%B5%E1%84%90%E1%85%B3-%E1%84%8C%E1%85%A2%E1%84%8F%E1%85%B5%E1%86%BA-p03646011.html,https://static.zara.net/assets/public/e61c/c744/cddd4341b011/b4c0ceb46157/03646011401-p/03646011401-p.jpg?ts=1779718384215,"₩49,900",,,260622,네이비,,,,
,false,,ZARA,상의,니트,여성,숄더 패드 쇼트 슬리브 니트 스웨터,https://www.zara.com/kr/ko/%E1%84%89%E1%85%AD%E1%86%AF%E1%84%83%E1%85%A5-%E1%84%91%E1%85%A2%E1%84%83%E1%85%B3-%E1%84%89%E1%85%AD%E1%84%90%E1%85%B3-%E1%84%89%E1%85%B3%E1%86%AF%E1%84%85%E1%85%B5%E1%84%87%E1%85%B3-%E1%84%82%E1%85%B5%E1%84%90%E1%85%B3-%E1%84%89%E1%85%B3%E1%84%8B%E1%85%B0%E1%84%90%E1%85%A5-p01822030.html,https://static.zara.net/assets/public/e880/0c1b/432d48b5bee6/140e42c9ac42/04333047330-000-p/04333047330-000-p.jpg?ts=1777041327575,"₩55,900",,,260622,화이트,,,,
,false,,ZARA,상의,탑,여성,와이드 슬리브 니트 탑,https://www.zara.com/kr/ko/%E1%84%8B%E1%85%AA%E1%84%8B%E1%85%B5%E1%84%83%E1%85%B3-%E1%84%89%E1%85%B3%E1%86%AF%E1%84%85%E1%85%B5%E1%84%87%E1%85%B3-%E1%84%82%E1%85%B5%E1%84%90%E1%85%B3-%E1%84%90%E1%85%A1%E1%86%B8-p03433004.html,https://static.zara.net/assets/public/1a14/4b58/973a46d39ddb/a09d0c25c472/03433004104-p/03433004104-p.jpg?ts=1781105360974,"₩45,900",,,260622,스트라이프,,,,
,false,,ZARA,상의,니트,여성,버튼 쇼트 슬리브 니트 스웨터,https://www.zara.com/kr/ko/%E1%84%87%E1%85%A5%E1%84%90%E1%85%B3%E1%86%AB-%E1%84%89%E1%85%AD%E1%84%90%E1%85%B3-%E1%84%89%E1%85%B3%E1%86%AF%E1%84%85%E1%85%B5%E1%84%87%E1%85%B3-%E1%84%82%E1%85%B5%E1%84%90%E1%85%B3-%E1%84%89%E1%85%B3%E1%84%8B%E1%85%B0%E1%84%90%E1%85%A5-p02142133.html,https://static.zara.net/assets/public/db09/4b33/bc424e6ba7db/ee34b33dab9e/02142133711-p/02142133711-p.jpg?ts=1781076431832,"₩55,900",,,260622,샌드,,,,
,false,,ZARA,상의,니트,여성,언밸런스 니트 탑,https://www.zara.com/kr/ko/%E1%84%8B%E1%85%A5%E1%86%AB%E1%84%87%E1%85%A2%E1%86%AF%E1%84%85%E1%85%A5%E1%86%AB%E1%84%89%E1%85%B3-%E1%84%82%E1%85%B5%E1%84%90%E1%85%B3-%E1%84%90%E1%85%A1%E1%86%B8-p02756032.html,https://static.zara.net/assets/public/0cf3/a0ed/5ce34cf588d7/898036b9c352/02756032711-a2/02756032711-a2.jpg?ts=1780488821251,"₩49,900",,,260622,샌드,,,,
,false,,ZARA,상의,니트,여성,브이넥 니트 스웨터,https://www.zara.com/kr/ko/%E1%84%87%E1%85%B3%E1%84%8B%E1%85%B5%E1%84%82%E1%85%A6%E1%86%A8-%E1%84%82%E1%85%B5%E1%84%90%E1%85%B3-%E1%84%89%E1%85%B3%E1%84%8B%E1%85%B0%E1%84%90%E1%85%A5-p02142260.html,https://static.zara.net/assets/public/13f9/3fb4/c16448ccbc8f/084b3e4de085/02142260800-p/02142260800-p.jpg?ts=1779119931956,"₩59,900",,,260622,블랙,,,,
,false,,ZARA,치마,스커트,여성,링클 이펙트 니트 미디 스커트,https://www.zara.com/kr/ko/%E1%84%85%E1%85%B5%E1%86%BC%E1%84%8F%E1%85%B3%E1%86%AF-%E1%84%8B%E1%85%B5%E1%84%91%E1%85%A6%E1%86%A8%E1%84%90%E1%85%B3-%E1%84%82%E1%85%B5%E1%84%90%E1%85%B3-%E1%84%86%E1%85%B5%E1%84%83%E1%85%B5-%E1%84%89%E1%85%B3%E1%84%8F%E1%85%A5%E1%84%90%E1%85%B3-p02893016.html,https://static.zara.net/assets/public/97c5/cc7c/46bd47339453/b7d54295bdef/02893016081-p/02893016081-p.jpg?ts=1774619602982,"₩59,900",,,260622,"샌드,그레이",,,,
,false,,ZARA,상의,니트,여성,진주 니트 스웨터,https://www.zara.com/kr/ko/%E1%84%91%E1%85%A5%E1%86%AF-%E1%84%82%E1%85%B5%E1%84%90%E1%85%B3-%E1%84%89%E1%85%B3%E1%84%8B%E1%85%B0%E1%84%90%E1%85%A5-p06427120.html,https://static.zara.net/assets/public/28b7/a30f/34664ace9aec/c7d99ce0ed27/06427120800-p/06427120800-p.jpg?ts=1770987305721,"₩59,900",,,260622,블랙,,,,
,false,,ZARA,상의,가디건,여성,플라워 자수 니트 재킷,https://www.zara.com/kr/ko/%E1%84%91%E1%85%B3%E1%86%AF%E1%84%85%E1%85%A1%E1%84%8B%E1%85%AF-%E1%84%8C%E1%85%A1%E1%84%89%E1%85%AE-%E1%84%82%E1%85%B5%E1%84%90%E1%85%B3-%E1%84%8C%E1%85%A2%E1%84%8F%E1%85%B5%E1%86%BA-p05802025.html,https://static.zara.net/assets/public/58f7/2423/279f4d3a8215/93c3d8b72cf6/05802025712-p/05802025712-p.jpg?ts=1779372588290,"₩55,900",,,260622,크림,,,,
,false,,ZARA,상의,니트,여성,스트라이프 니트 탑,https://www.zara.com/kr/ko/%E1%84%89%E1%85%B3%E1%84%90%E1%85%B3%E1%84%85%E1%85%A1%E1%84%8B%E1%85%B5%E1%84%91%E1%85%B3-%E1%84%82%E1%85%B5%E1%84%90%E1%85%B3-%E1%84%90%E1%85%A1%E1%86%B8-p00244003.html,https://static.zara.net/assets/public/6305/ea7f/48cc43f8bdb6/3a881cee08e4/00244003048-a4/00244003048-a4.jpg?ts=1779983415400,"₩39,900",,,260622,화이트-오렌지,,,,
,false,,ZARA,상의,가디건,여성,스트라이프 오픈워크 니트 재킷,https://www.zara.com/kr/ko/%E1%84%89%E1%85%B3%E1%84%90%E1%85%B3%E1%84%85%E1%85%A1%E1%84%8B%E1%85%B5%E1%84%91%E1%85%B3-%E1%84%8B%E1%85%A9%E1%84%91%E1%85%B3%E1%86%AB%E1%84%8B%E1%85%AF%E1%84%8F%E1%85%B3-%E1%84%82%E1%85%B5%E1%84%90%E1%85%B3-%E1%84%87%E1%85%A1%E1%86%AB%E1%84%89%E1%85%A9%E1%84%86%E1%85%A2-%E1%84%8C%E1%85%A2%E1%84%8F%E1%85%B5%E1%86%BA-p05802019.html,https://static.zara.net/assets/public/e930/93b9/be344da49413/9ab2af9119e8/05802019500-p/05802019500-p.jpg?ts=1777979473996,"₩59,900",,,260622,초록,,,,
,false,,ZARA,상의,탑,여성,보트넥 니트 블라우스,https://www.zara.com/kr/ko/%E1%84%87%E1%85%A9%E1%84%90%E1%85%B3%E1%84%82%E1%85%A6%E1%86%A8-%E1%84%82%E1%85%B5%E1%84%90%E1%85%B3-%E1%84%87%E1%85%B3%E1%86%AF%E1%84%85%E1%85%A1%E1%84%8B%E1%85%AE%E1%84%89%E1%85%B3-p03653018.html,https://static.zara.net/assets/public/a5c9/f96f/0598433eb283/f6eef233f2c4/03653018711-p/03653018711-p.jpg?ts=1777367097203,"₩55,900",,,260622,샌드,,,,
,false,,ZARA,상의,니트,여성,파인 니트 브이넥 스웨터,https://www.zara.com/kr/ko/%E1%84%91%E1%85%A1%E1%84%8B%E1%85%B5%E1%86%AB-%E1%84%82%E1%85%B5%E1%84%90%E1%85%B3-%E1%84%87%E1%85%B3%E1%84%8B%E1%85%B5%E1%84%82%E1%85%A6%E1%86%A8-%E1%84%89%E1%85%B3%E1%84%8B%E1%85%B0%E1%84%90%E1%85%A5-p08779006.html,https://static.zara.net/assets/public/b473/5329/ddef40d3a436/2f3c7461a322/08779006942-p/08779006942-p.jpg?ts=1776874667223,"₩55,900",,,260622,베이지 핑크,,,,
,false,,ZARA,상의,탑,여성,니트 콤비 탑,https://www.zara.com/kr/ko/%E1%84%82%E1%85%B5%E1%84%90%E1%85%B3-%E1%84%8F%E1%85%A9%E1%86%B7%E1%84%87%E1%85%B5-%E1%84%90%E1%85%A1%E1%86%B8-p03921011.html,https://static.zara.net/assets/public/33a7/8e46/c90941e794f3/a4b48dd6a996/03921011800-p/03921011800-p.jpg?ts=1780502054193,"₩49,900",,,260622,블랙,,,,
,false,,ZARA,상의,니트,여성,파인 스트라이프 니트 스웨터,https://www.zara.com/kr/ko/%E1%84%91%E1%85%A1%E1%84%8B%E1%85%B5%E1%86%AB-%E1%84%89%E1%85%B3%E1%84%90%E1%85%B3%E1%84%85%E1%85%A1%E1%84%8B%E1%85%B5%E1%84%91%E1%85%B3-%E1%84%82%E1%85%B5%E1%84%90%E1%85%B3-%E1%84%89%E1%85%B3%E1%84%8B%E1%85%B0%E1%84%90%E1%85%A5-p03653007.html,https://static.zara.net/assets/public/1077/454f/ceb84af38ce0/4d9a63530f18/03653007105-p/03653007105-p.jpg?ts=1781076431911,"₩45,900",,,260622,스트라이프,,,,
,false,,ZARA,상의,니트,여성,시스루 니트 폴로셔츠,https://www.zara.com/kr/ko/%E1%84%89%E1%85%B5%E1%84%89%E1%85%B3%E1%84%85%E1%85%AE-%E1%84%82%E1%85%B5%E1%84%90%E1%85%B3-%E1%84%91%E1%85%A9%E1%86%AF%E1%84%85%E1%85%A9%E1%84%89%E1%85%A7%E1%84%8E%E1%85%B3-p08779003.html,https://static.zara.net/assets/public/a67b/9cd9/6ba44f0eb8f3/7e3dd0679882/01953967094-p/01953967094-p.jpg?ts=1778602708947,"₩49,900",,,260622,화이트,,,,
,false,,ZARA,상의,가디건,여성,레이스 반소매 니트 재킷,https://www.zara.com/kr/ko/%E1%84%85%E1%85%A6%E1%84%8B%E1%85%B5%E1%84%89%E1%85%B3-%E1%84%87%E1%85%A1%E1%86%AB%E1%84%89%E1%85%A9%E1%84%86%E1%85%A2-%E1%84%82%E1%85%B5%E1%84%90%E1%85%B3-%E1%84%8C%E1%85%A2%E1%84%8F%E1%85%B5%E1%86%BA-p03920182.html,https://static.zara.net/assets/public/1044/5bf0/70e74761a3e1/d11ded6e6ad4/03920182401-p/03920182401-p.jpg?ts=1775810407575,"₩55,900",,,260622,네이비,,,,
,false,,ZARA,상의,가디건,여성,파인 니트 재킷,https://www.zara.com/kr/ko/%E1%84%91%E1%85%A1%E1%84%8B%E1%85%B5%E1%86%AB-%E1%84%82%E1%85%B5%E1%84%90%E1%85%B3-%E1%84%8C%E1%85%A2%E1%84%8F%E1%85%B5%E1%86%BA-p02756050.html,https://static.zara.net/assets/public/0f95/c4ac/11ac4e3db8a2/d7edc1c0f81d/02756050621-a3/02756050621-a3.jpg?ts=1780043396514,"₩55,900",,,260622,파스텔 로즈,,,,
,false,,ZARA,상의,니트,여성,쇼트 슬리브 니트 폴로셔츠,https://www.zara.com/kr/ko/%E1%84%89%E1%85%AD%E1%84%90%E1%85%B3-%E1%84%89%E1%85%B3%E1%86%AF%E1%84%85%E1%85%B5%E1%84%87%E1%85%B3-%E1%84%82%E1%85%B5%E1%84%90%E1%85%B3-%E1%84%91%E1%85%A9%E1%86%AF%E1%84%85%E1%85%A9%E1%84%89%E1%85%A7%E1%84%8E%E1%85%B3-p05536054.html,https://static.zara.net/assets/public/b574/0ea9/4c2045619adb/6eb704200277/05536054400-p/05536054400-p.jpg?ts=1777364082294,"₩57,900",,,260622,블루,,,,
,false,,ZARA,상의,탑,여성,웨이브 마감 니트 탑,https://www.zara.com/kr/ko/%E1%84%8B%E1%85%B0%E1%84%8B%E1%85%B5%E1%84%87%E1%85%B3-%E1%84%86%E1%85%A1%E1%84%80%E1%85%A1%E1%86%B7-%E1%84%82%E1%85%B5%E1%84%90%E1%85%B3-%E1%84%90%E1%85%A1%E1%86%B8-p00014027.html,https://static.zara.net/assets/public/2041/66be/fda5444bbdd1/9e13f5752320/00014027712-p/00014027712-p.jpg?ts=1779452590102,"₩55,900",,,260622,크림,,,,
,false,,ZARA,상의,탑,여성,포인텔 니트 탑,https://www.zara.com/kr/ko/%E1%84%91%E1%85%A9%E1%84%8B%E1%85%B5%E1%86%AB%E1%84%90%E1%85%A6%E1%86%AF-%E1%84%82%E1%85%B5%E1%84%90%E1%85%B3-%E1%84%90%E1%85%A1%E1%86%B8-p06236034.html,https://static.zara.net/assets/public/b210/7786/3e5e46c0894e/77d8456b37b6/06236034712-p/06236034712-p.jpg?ts=1777367113384,"₩45,900",,,260622,크림,,,,
,false,,ZARA,상의,니트,여성,쇼트 슬리브 니트 폴로셔츠,https://www.zara.com/kr/ko/%E1%84%89%E1%85%AD%E1%84%90%E1%85%B3-%E1%84%89%E1%85%B3%E1%86%AF%E1%84%85%E1%85%B5%E1%84%87%E1%85%B3-%E1%84%82%E1%85%B5%E1%84%90%E1%85%B3-%E1%84%91%E1%85%A9%E1%86%AF%E1%84%85%E1%85%A9%E1%84%89%E1%85%A7%E1%84%8E%E1%85%B3-p02142519.html,https://static.zara.net/assets/public/0c99/b97a/deb741148445/419d705d8df9/02142519250-p/02142519250-p.jpg?ts=1779371851302,"₩45,900",,,260622,화이트,,,,
,false,,ZARA,상의,탑,여성,소매 없는 니트 폴로셔츠,https://www.zara.com/kr/ko/%E1%84%89%E1%85%B3%E1%86%AF%E1%84%85%E1%85%B5%E1%84%87%E1%85%B3%E1%84%85%E1%85%B5%E1%84%89%E1%85%B3-%E1%84%82%E1%85%B5%E1%84%90%E1%85%B3-%E1%84%91%E1%85%A9%E1%86%AF%E1%84%85%E1%85%A9%E1%84%89%E1%85%A7%E1%84%8E%E1%85%B3-p02142196.html,https://static.zara.net/assets/public/3d0d/ca2e/aa7d4601a214/d327bd3fb120/07149073800-p/07149073800-p.jpg?ts=1778673550869,"₩45,900",,,260622,블루,,,,
,false,,ZARA,원피스,원피스,여성,벨트 미디 원피스,https://www.zara.com/kr/ko/%E1%84%87%E1%85%A6%E1%86%AF%E1%84%90%E1%85%B3-%E1%84%86%E1%85%B5%E1%84%83%E1%85%B5-%E1%84%8B%E1%85%AF%E1%86%AB%E1%84%91%E1%85%B5%E1%84%89%E1%85%B3-p02756144.html,https://static.zara.net/assets/public/0523/6cf7/a631447780b0/995c05bef56d/02756144802-p/02756144802-p.jpg?ts=1765455864057,"₩89,900",,,260622,그레이,,,,
,false,,ZARA,상의,니트,여성,지퍼 니트 폴로셔츠,https://www.zara.com/kr/ko/%E1%84%8C%E1%85%B5%E1%84%91%E1%85%A5-%E1%84%82%E1%85%B5%E1%84%90%E1%85%B3-%E1%84%91%E1%85%A9%E1%86%AF%E1%84%85%E1%85%A9%E1%84%89%E1%85%A7%E1%84%8E%E1%85%B3-p06427020.html,https://static.zara.net/assets/public/30d6/e0e7/0fb447a5a2d6/3bd66c16b28e/06427020401-p/06427020401-p.jpg?ts=1777448267179,"₩55,900",,,260622,네이비,,,,
,false,,ZARA,상의,탑,여성,슬리브리스 니트 탑,https://www.zara.com/kr/ko/%E1%84%89%E1%85%B3%E1%86%AF%E1%84%85%E1%85%B5%E1%84%87%E1%85%B3%E1%84%85%E1%85%B5%E1%84%89%E1%85%B3-%E1%84%82%E1%85%B5%E1%84%90%E1%85%B3-%E1%84%90%E1%85%A1%E1%86%B8-p08851002.html,https://static.zara.net/assets/public/9566/ba61/b8244c5d91bf/5dffdd50fd5e/08851002250-p/08851002250-p.jpg?ts=1775663746106,"₩39,900",,,260622,화이트,,,,
,false,,ZARA,상의,니트,여성,파인 니트 브이넥 스웨터,https://www.zara.com/kr/ko/%E1%84%91%E1%85%A1%E1%84%8B%E1%85%B5%E1%86%AB-%E1%84%82%E1%85%B5%E1%84%90%E1%85%B3-%E1%84%87%E1%85%B3%E1%84%8B%E1%85%B5%E1%84%82%E1%85%A6%E1%86%A8-%E1%84%89%E1%85%B3%E1%84%8B%E1%85%B0%E1%84%90%E1%85%A5-p09598023.html,https://static.zara.net/assets/public/9d90/b242/7d34443ca41f/95bc37b7f339/09598023800-p/09598023800-p.jpg?ts=1777364105975,"₩55,900",,,260622,블랙,,,,
,false,,ZARA,상의,가디건,여성,믹스 소재 로맨틱 재킷,https://www.zara.com/kr/ko/%E1%84%85%E1%85%A9%E1%84%86%E1%85%A2%E1%86%AB%E1%84%90%E1%85%B5%E1%86%A8-%E1%84%86%E1%85%B5%E1%86%A8%E1%84%89%E1%85%B3-%E1%84%82%E1%85%B5%E1%84%90%E1%85%B3-%E1%84%8C%E1%85%A2%E1%84%8F%E1%85%B5%E1%86%BA-p06236022.html,https://static.zara.net/assets/public/05c7/84ee/f41d4dd9b789/91f75d41230c/06236022712-p/06236022712-p.jpg?ts=1781704957481,"₩59,900",,,260622,크림,,,,
,false,,ZARA,상의,가디건,여성,콤비 니트 재킷,https://www.zara.com/kr/ko/%E1%84%8F%E1%85%A9%E1%86%B7%E1%84%87%E1%85%B5-%E1%84%82%E1%85%B5%E1%84%90%E1%85%B3-%E1%84%8C%E1%85%A2%E1%84%8F%E1%85%B5%E1%86%BA-p02893013.html,https://static.zara.net/assets/public/04c2/5ffd/23a742608c40/9892f4daf10b/02893013712-p/02893013712-p.jpg?ts=1780653873446,"₩57,900",,,260622,크림,,,,
,false,,ZARA,상의,탑,여성,콤비 니트 탑,https://www.zara.com/kr/ko/%E1%84%8F%E1%85%A9%E1%86%B7%E1%84%87%E1%85%B5-%E1%84%82%E1%85%B5%E1%84%90%E1%85%B3-%E1%84%90%E1%85%A1%E1%86%B8-p09598030.html,https://static.zara.net/assets/public/2caa/24a0/5d9941d4bf6a/f42f8970c30f/09598030052-p/09598030052-p.jpg?ts=1774957905480,"₩59,900",,,260622,라이트 베이지,,,,
,false,,ZARA,상의,니트,여성,파인 니트 브이넥 스웨터,https://www.zara.com/kr/ko/%E1%84%91%E1%85%A1%E1%84%8B%E1%85%B5%E1%86%AB-%E1%84%82%E1%85%B5%E1%84%90%E1%85%B3-%E1%84%87%E1%85%B3%E1%84%8B%E1%85%B5%E1%84%82%E1%85%A6%E1%86%A8-%E1%84%89%E1%85%B3%E1%84%8B%E1%85%B0%E1%84%90%E1%85%A5-p08779006.html,https://static.zara.net/assets/public/41c4/f69b/f3df4affaa31/f40ab2352f81/07521064620-p/07521064620-p.jpg?ts=1779277778969,"₩55,900",,,260622,파스텔 로즈,,,,
,false,,ZARA,상의,가디건,여성,엑스트라 파인 니트 재킷,https://www.zara.com/kr/ko/%E1%84%8B%E1%85%A6%E1%86%A8%E1%84%89%E1%85%B3%E1%84%90%E1%85%B3%E1%84%85%E1%85%A1-%E1%84%91%E1%85%A1%E1%84%8B%E1%85%B5%E1%86%AB-%E1%84%82%E1%85%B5%E1%84%90%E1%85%B3-%E1%84%8C%E1%85%A2%E1%84%8F%E1%85%B5%E1%86%BA-p02142081.html,https://static.zara.net/assets/public/7dcd/0cdf/aa174a71962f/bc0509249fc2/02142081712-p/02142081712-p.jpg?ts=1776679617802,"₩55,900",,,260622,크림,,,,
,false,,ZARA,상의,니트,여성,숄더 패드 쇼트 슬리브 니트 스웨터,https://www.zara.com/kr/ko/%E1%84%89%E1%85%AD%E1%86%AF%E1%84%83%E1%85%A5-%E1%84%91%E1%85%A2%E1%84%83%E1%85%B3-%E1%84%89%E1%85%AD%E1%84%90%E1%85%B3-%E1%84%89%E1%85%B3%E1%86%AF%E1%84%85%E1%85%B5%E1%84%87%E1%85%B3-%E1%84%82%E1%85%B5%E1%84%90%E1%85%B3-%E1%84%89%E1%85%B3%E1%84%8B%E1%85%B0%E1%84%90%E1%85%A5-p01822030.html,https://static.zara.net/assets/public/83d2/ca84/b34348a9b414/b97aea98f460/01822030400-p/01822030400-p.jpg?ts=1778674033903,"₩55,900",,,260622,블루,,,,
,false,,ZARA,상의,니트,여성,주얼리 비즈 니트 폴로셔츠,https://www.zara.com/kr/ko/%E1%84%8C%E1%85%AE%E1%84%8B%E1%85%A5%E1%86%AF%E1%84%85%E1%85%B5-%E1%84%87%E1%85%B5%E1%84%8C%E1%85%B3-%E1%84%82%E1%85%B5%E1%84%90%E1%85%B3-%E1%84%91%E1%85%A9%E1%86%AF%E1%84%85%E1%85%A9%E1%84%89%E1%85%A7%E1%84%8E%E1%85%B3-p08851006.html,https://static.zara.net/assets/public/10b7/60a3/84e74494bac4/9dc53980e877/08851006401-p/08851006401-p.jpg?ts=1773931432797,"₩55,900",,,260622,네이비,,,,
,false,,ZARA,기타,WAISTCOAT,여성,브이넥 니트 베스트 탑,https://www.zara.com/kr/ko/%E1%84%87%E1%85%B3%E1%84%8B%E1%85%B5%E1%84%82%E1%85%A6%E1%86%A8-%E1%84%82%E1%85%B5%E1%84%90%E1%85%B3-%E1%84%87%E1%85%A6%E1%84%89%E1%85%B3%E1%84%90%E1%85%B3-%E1%84%90%E1%85%A1%E1%86%B8-p05755054.html,https://static.zara.net/assets/public/9181/0fd6/7fb747f7838a/d38688a6f650/08372449658-p/08372449658-p.jpg?ts=1778668064445,"₩55,900",,,260622,크림,,,,
,false,,ZARA,상의,가디건,여성,프렌치 슬리브 니트 재킷,https://www.zara.com/kr/ko/%E1%84%91%E1%85%B3%E1%84%85%E1%85%A6%E1%86%AB%E1%84%8E%E1%85%B5-%E1%84%89%E1%85%B3%E1%86%AF%E1%84%85%E1%85%B5%E1%84%87%E1%85%B3-%E1%84%82%E1%85%B5%E1%84%90%E1%85%B3-%E1%84%8C%E1%85%A2%E1%84%8F%E1%85%B5%E1%86%BA-p06427026.html,https://static.zara.net/assets/public/5341/1d1e/ee6444d4944e/921b7959c2c5/06427026436-p/06427026436-p.jpg?ts=1781105356178,"₩59,900",,,260622,하늘색,,,,
,false,,ZARA,상의,가디건,여성,벌룬 슬리브 트임 니트 재킷,https://www.zara.com/kr/ko/%E1%84%87%E1%85%A5%E1%86%AF%E1%84%85%E1%85%AE%E1%86%AB-%E1%84%89%E1%85%B3%E1%86%AF%E1%84%85%E1%85%B5%E1%84%87%E1%85%B3-%E1%84%90%E1%85%B3%E1%84%8B%E1%85%B5%E1%86%B7-%E1%84%82%E1%85%B5%E1%84%90%E1%85%B3-%E1%84%8C%E1%85%A2%E1%84%8F%E1%85%B5%E1%86%BA-p04192080.html,https://static.zara.net/assets/public/33e1/c591/4c0a416993fb/9f0055c52eef/04192080401-p/04192080401-p.jpg?ts=1775552282286,"₩59,900",,,260622,네이비,,,,
,false,,ZARA,상의,탑,여성,주얼 비즈 니트 탑,https://www.zara.com/kr/ko/%E1%84%8C%E1%85%AE%E1%84%8B%E1%85%A5%E1%86%AF%E1%84%85%E1%85%B5-%E1%84%87%E1%85%B5%E1%84%8C%E1%85%B3-%E1%84%82%E1%85%B5%E1%84%90%E1%85%B3-%E1%84%90%E1%85%A1%E1%86%B8-p05755039.html,https://static.zara.net/assets/public/6f30/307c/289545a180d6/ac2c20259023/05755039621-p/05755039621-p.jpg?ts=1773931429867,"₩59,900",,,260622,파스텔 로즈,,,,
,false,,ZARA,상의,탑,여성,와이드 슬리브 니트 탑,https://www.zara.com/kr/ko/%E1%84%8B%E1%85%AA%E1%84%8B%E1%85%B5%E1%84%83%E1%85%B3-%E1%84%89%E1%85%B3%E1%86%AF%E1%84%85%E1%85%B5%E1%84%87%E1%85%B3-%E1%84%82%E1%85%B5%E1%84%90%E1%85%B3-%E1%84%90%E1%85%A1%E1%86%B8-p03433004.html,https://static.zara.net/assets/public/015c/af1b/aa7545cf93f9/f300c06d5377/03519044944-p/03519044944-p.jpg?ts=1781180725091,"₩45,900",,,260622,레드 스트라이프,,,,
,false,,ZARA,상의,탑,여성,콤비 니트 탑,https://www.zara.com/kr/ko/%E1%84%82%E1%85%B5%E1%84%90%E1%85%B3-%E1%84%8F%E1%85%A9%E1%86%B7%E1%84%87%E1%85%B5-%E1%84%90%E1%85%A1%E1%86%B8-p03921011.html,https://static.zara.net/assets/public/641c/6020/78024387ae46/0b0b3ad0add8/03921011505-a2/03921011505-a2.jpg?ts=1780502053389,"₩49,900",,,260622,카키,,,,
,false,,ZARA,상의,니트,여성,반소매 니트 탑,https://www.zara.com/kr/ko/%E1%84%87%E1%85%A1%E1%86%AB%E1%84%89%E1%85%A9%E1%84%86%E1%85%A2-%E1%84%82%E1%85%B5%E1%84%90%E1%85%B3-%E1%84%90%E1%85%A1%E1%86%B8-p02142137.html,https://static.zara.net/assets/public/5607/0b76/a63f42839f56/e6865f748929/02142137104-a2/02142137104-a2.jpg?ts=1781076431447,"₩49,900",,,260622,스트라이프,,,,
,false,,ZARA,상의,탑,여성,펀칭 니트 탑,https://www.zara.com/kr/ko/%E1%84%91%E1%85%A5%E1%86%AB%E1%84%8E%E1%85%B5%E1%86%BC-%E1%84%82%E1%85%B5%E1%84%90%E1%85%B3-%E1%84%90%E1%85%A1%E1%86%B8-p06236036.html,https://static.zara.net/assets/public/371b/9888/266e4fdf8aa0/a5d48b985bb5/06236036712-p/06236036712-p.jpg?ts=1776957804396,"₩49,900",,,260622,크림,,,,
,false,,ZARA,상의,탑,여성,로맨틱 리본 탑,https://www.zara.com/kr/ko/%E1%84%85%E1%85%A9%E1%84%86%E1%85%A2%E1%86%AB%E1%84%90%E1%85%B5%E1%86%A8-%E1%84%85%E1%85%B5%E1%84%87%E1%85%A9%E1%86%AB-%E1%84%90%E1%85%A1%E1%86%B8-p09874005.html,https://static.zara.net/assets/public/abb5/edf4/c9c641f9a061/5cecd85920b3/09874005629-p/09874005629-p.jpg?ts=1775808634416,"₩49,900",,,260622,라일락,,,,
,false,,ZARA,상의,니트,여성,카라멜 런던 X 자라 100% 린넨 니트 스웨터,https://www.zara.com/kr/ko/%E1%84%8F%E1%85%A1%E1%84%85%E1%85%A1%E1%84%86%E1%85%A6%E1%86%AF-%E1%84%85%E1%85%A5%E1%86%AB%E1%84%83%E1%85%A5%E1%86%AB-x-%E1%84%8C%E1%85%A1%E1%84%85%E1%85%A1-100-%E1%84%85%E1%85%B5%E1%86%AB%E1%84%82%E1%85%A6%E1%86%AB-%E1%84%82%E1%85%B5%E1%84%90%E1%85%B3-%E1%84%89%E1%85%B3%E1%84%8B%E1%85%B0%E1%84%90%E1%85%A5-p02893061.html,https://static.zara.net/assets/public/8d88/9a2e/bc3d4548acb5/d302e46606aa/02893061505-p/02893061505-p.jpg?ts=1779966935259,"₩89,900",,,260622,카키,,,,
,false,,ZARA,상의,니트,여성,카라멜 런던 X 자라 100% 린넨 니트 스웨터,https://www.zara.com/kr/ko/%E1%84%8F%E1%85%A1%E1%84%85%E1%85%A1%E1%84%86%E1%85%A6%E1%86%AF-%E1%84%85%E1%85%A5%E1%86%AB%E1%84%83%E1%85%A5%E1%86%AB-x-%E1%84%8C%E1%85%A1%E1%84%85%E1%85%A1-100-%E1%84%85%E1%85%B5%E1%86%AB%E1%84%82%E1%85%A6%E1%86%AB-%E1%84%82%E1%85%B5%E1%84%90%E1%85%B3-%E1%84%89%E1%85%B3%E1%84%8B%E1%85%B0%E1%84%90%E1%85%A5-p02893061.html,https://static.zara.net/assets/public/d748/47cf/538e4d0d8901/87548eb78372/02893061712-p/02893061712-p.jpg?ts=1779966934737,"₩89,900",,,260622,크림,,,,
,false,,ZARA,상의,탑,여성,CREATED BY CARAMEL LONDON X ZARA 린넨 니트 탑,https://www.zara.com/kr/ko/created-by-caramel-london-x-zara-%E1%84%85%E1%85%B5%E1%86%AB%E1%84%82%E1%85%A6%E1%86%AB-%E1%84%82%E1%85%B5%E1%84%90%E1%85%B3-%E1%84%90%E1%85%A1%E1%86%B8-p02142278.html,https://static.zara.net/assets/public/a405/a2f1/c0c34511a29c/599d3f1c99c3/02142278807-e1/02142278807-e1.jpg?ts=1779984595917,"₩59,900",,,260622,콜 그레이,,,,
,false,,ZARA,상의,탑,여성,CREATED BY CARAMEL LONDON X ZARA 린넨 니트 탑,https://www.zara.com/kr/ko/created-by-caramel-london-x-zara-%E1%84%85%E1%85%B5%E1%86%AB%E1%84%82%E1%85%A6%E1%86%AB-%E1%84%82%E1%85%B5%E1%84%90%E1%85%B3-%E1%84%90%E1%85%A1%E1%86%B8-p02142278.html,https://static.zara.net/assets/public/3812/b12d/50bc469b8887/c32a678d0582/02142278505-e1/02142278505-e1.jpg?ts=1779984595350,"₩59,900",,,260622,카키,,,,
,false,,ZARA,상의,가디건,여성,콤비 니트 재킷,https://www.zara.com/kr/ko/%E1%84%8F%E1%85%A9%E1%86%B7%E1%84%87%E1%85%B5-%E1%84%82%E1%85%B5%E1%84%90%E1%85%B3-%E1%84%8C%E1%85%A2%E1%84%8F%E1%85%B5%E1%86%BA-p02893013.html,https://static.zara.net/assets/public/4217/baf3/12f645549cdb/e1b21500dc25/02893013712-p/02893013712-p.jpg?ts=1778702670397,"₩57,900",,,260622,크림,,,,
,false,,ZARA,상의,탑,여성,울 엑스트라 파인 니트 탑,https://www.zara.com/kr/ko/%E1%84%8B%E1%85%AE%E1%86%AF-%E1%84%8B%E1%85%A6%E1%86%A8%E1%84%89%E1%85%B3%E1%84%90%E1%85%B3%E1%84%85%E1%85%A1-%E1%84%91%E1%85%A1%E1%84%8B%E1%85%B5%E1%86%AB-%E1%84%82%E1%85%B5%E1%84%90%E1%85%B3-%E1%84%90%E1%85%A1%E1%86%B8-p03920192.html,https://static.zara.net/assets/public/117d/ecb4/ee844f77a8b8/4957c1dfdb5f/03920192676-p/03920192676-p.jpg?ts=1773743100609,"₩45,900",,,260622,로즈 가루,,,,
,false,,ZARA,상의,가디건,여성,스타 펀칭 니트 재킷,https://www.zara.com/kr/ko/%E1%84%87%E1%85%A7%E1%86%AF-%E1%84%91%E1%85%A2%E1%84%90%E1%85%A5%E1%86%AB-%E1%84%89%E1%85%AD%E1%86%BA%E1%84%89%E1%85%B3%E1%86%AF%E1%84%85%E1%85%B5%E1%84%87%E1%85%B3-%E1%84%82%E1%85%B5%E1%84%90%E1%85%B3-%E1%84%8C%E1%85%A2%E1%84%8F%E1%85%B5%E1%86%BA-p04938025.html,https://static.zara.net/assets/public/8ad0/c0e0/feb343b98ca5/30581a25116e/04938025800-p/04938025800-p.jpg?ts=1776157553188,"₩39,900",,,260622,블랙,,,,
,false,,ZARA,상의,니트,여성,버튼 니트 탑,https://www.zara.com/kr/ko/%E1%84%87%E1%85%A5%E1%84%90%E1%85%B3%E1%86%AB-%E1%84%82%E1%85%B5%E1%84%90%E1%85%B3-%E1%84%90%E1%85%A1%E1%86%B8-p05755056.html,https://static.zara.net/assets/public/322e/d108/f9944f818807/e0b251e4a8f7/05755056250-p/05755056250-p.jpg?ts=1777026459641,"₩45,900",,,260622,화이트,,,,
,false,,ZARA,상의,탑,여성,포인텔 니트 탑,https://www.zara.com/kr/ko/%E1%84%91%E1%85%A9%E1%84%8B%E1%85%B5%E1%86%AB%E1%84%90%E1%85%A6%E1%86%AF-%E1%84%82%E1%85%B5%E1%84%90%E1%85%B3-%E1%84%90%E1%85%A1%E1%86%B8-p02142256.html,https://static.zara.net/assets/public/f1db/a4e8/4dcb4a41a7d5/fd5fff0cc1c5/02142256250-p/02142256250-p.jpg?ts=1779809687752,"₩45,900",,,260622,화이트,,,,
,false,,ZARA,상의,니트,여성,레이스 니트 스웨터,https://www.zara.com/kr/ko/%E1%84%85%E1%85%A6%E1%84%8B%E1%85%B5%E1%84%89%E1%85%B3-%E1%84%82%E1%85%B5%E1%84%90%E1%85%B3-%E1%84%89%E1%85%B3%E1%84%8B%E1%85%B0%E1%84%90%E1%85%A5-p00506001.html,https://static.zara.net/assets/public/6890/85df/18864bd7bc18/dc9a64a9d74f/00506001800-p/00506001800-p.jpg?ts=1779292006974,"₩49,900",,,260622,블랙,,,,
,false,,ZARA,상의,니트,여성,쇼트 슬리브 스트라이프 스웨터,https://www.zara.com/kr/ko/%E1%84%89%E1%85%AD%E1%84%90%E1%85%B3-%E1%84%89%E1%85%B3%E1%86%AF%E1%84%85%E1%85%B5%E1%84%87%E1%85%B3-%E1%84%89%E1%85%B3%E1%84%90%E1%85%B3%E1%84%85%E1%85%A1%E1%84%8B%E1%85%B5%E1%84%91%E1%85%B3-%E1%84%82%E1%85%B5%E1%84%90%E1%85%B3-%E1%84%89%E1%85%B3%E1%84%8B%E1%85%B0%E1%84%90%E1%85%A5-p03433013.html,https://static.zara.net/assets/public/0707/028b/a27f4d5aa2d0/4b09ae7e741c/03433013104-p/03433013104-p.jpg?ts=1778849857107,"₩39,900",,,260622,스트라이프,,,,
,false,,ZARA,상의,탑,여성,엑스트라 파인 니트 탑,https://www.zara.com/kr/ko/%E1%84%8B%E1%85%A6%E1%86%A8%E1%84%89%E1%85%B3%E1%84%90%E1%85%B3%E1%84%85%E1%85%A1-%E1%84%91%E1%85%A1%E1%84%8B%E1%85%B5%E1%86%AB-%E1%84%82%E1%85%B5%E1%84%90%E1%85%B3-%E1%84%90%E1%85%A1%E1%86%B8-p02142077.html,https://static.zara.net/assets/public/fc4a/e3ea/c3334d788c43/5e25c99813e8/02142077250-p/02142077250-p.jpg?ts=1771592314758,"₩45,900",,,260622,화이트,,,,
,false,,ZARA,원피스,원피스,여성,크로셰 니트 콤비 롱 원피스,https://www.zara.com/kr/ko/%E1%84%8F%E1%85%B3%E1%84%85%E1%85%A9%E1%84%89%E1%85%A8-%E1%84%82%E1%85%B5%E1%84%90%E1%85%B3-%E1%84%8F%E1%85%A9%E1%86%B7%E1%84%87%E1%85%B5-%E1%84%85%E1%85%A9%E1%86%BC-%E1%84%8B%E1%85%AF%E1%86%AB%E1%84%91%E1%85%B5%E1%84%89%E1%85%B3-p03185001.html,https://static.zara.net/assets/public/60e0/0d1b/b17f4a22b935/d488f79ef521/03185001800-a4/03185001800-a4.jpg?ts=1780653310747,"₩109,900",,,260622,블랙,,,,
,false,,ZARA,상의,탑,여성,스트라이프 스트럭처 니트 탑,https://www.zara.com/kr/ko/%E1%84%89%E1%85%B3%E1%84%90%E1%85%B3%E1%84%85%E1%85%A1%E1%84%8B%E1%85%B5%E1%84%91%E1%85%B3-%E1%84%89%E1%85%B3%E1%84%90%E1%85%B3%E1%84%85%E1%85%A5%E1%86%A8%E1%84%8E%E1%85%A5-%E1%84%82%E1%85%B5%E1%84%90%E1%85%B3-%E1%84%90%E1%85%A1%E1%86%B8-p06236032.html,https://static.zara.net/assets/public/2198/6f74/35b648bd9166/49ba6c123c21/06236032330-p/06236032330-p.jpg?ts=1779809735043,"₩39,900",,,260622,멀티컬러,,,,
,false,,ZARA,상의,니트,여성,콘트라스트 레이스 니트 폴로셔츠,https://www.zara.com/kr/ko/%E1%84%8F%E1%85%A9%E1%86%AB%E1%84%90%E1%85%B3%E1%84%85%E1%85%A1%E1%84%89%E1%85%B3%E1%84%90%E1%85%B3-%E1%84%85%E1%85%A6%E1%84%8B%E1%85%B5%E1%84%89%E1%85%B3-%E1%84%82%E1%85%B5%E1%84%90%E1%85%B3-%E1%84%91%E1%85%A9%E1%86%AF%E1%84%85%E1%85%A9%E1%84%89%E1%85%A7%E1%84%8E%E1%85%B3-p02142440.html,https://static.zara.net/assets/public/12d9/3003/1ce247c18079/acb0b4f8e544/02142440250-p/02142440250-p.jpg?ts=1779286192567,"₩55,900",,,260622,화이트,,,,
,false,,ZARA,원피스,원피스,여성,셔링 허리 롱 니트 원피스,https://www.zara.com/kr/ko/%E1%84%89%E1%85%A7%E1%84%85%E1%85%B5%E1%86%BC-%E1%84%82%E1%85%B5%E1%84%90%E1%85%B3-%E1%84%85%E1%85%A9%E1%86%BC-%E1%84%8B%E1%85%AF%E1%86%AB%E1%84%91%E1%85%B5%E1%84%89%E1%85%B3-p03456006.html,https://static.zara.net/assets/public/3b11/0d57/fc2648918f13/e9f6b91b8002/03456006800-p/03456006800-p.jpg?ts=1780476096921,"₩79,900",,,260622,블랙,,,,
,false,,ZARA,상의,가디건,여성,러스틱 니트 재킷,https://www.zara.com/kr/ko/%E1%84%85%E1%85%A5%E1%84%89%E1%85%B3%E1%84%90%E1%85%B5%E1%86%A8-%E1%84%82%E1%85%B5%E1%84%90%E1%85%B3-%E1%84%8C%E1%85%A2%E1%84%8F%E1%85%B5%E1%86%BA-p02142159.html,https://static.zara.net/assets/public/fb52/b58d/e6ee42edbf45/97313a47c52b/02142159819-p/02142159819-p.jpg?ts=1779097559538,"₩59,900",,,260622,블루 그레이,,,,
,false,,ZARA,상의,가디건,여성,스팽글 니트 재킷,https://www.zara.com/kr/ko/%E1%84%89%E1%85%B3%E1%84%91%E1%85%A2%E1%86%BC%E1%84%80%E1%85%B3%E1%86%AF-%E1%84%82%E1%85%B5%E1%84%90%E1%85%B3-%E1%84%8C%E1%85%A2%E1%84%8F%E1%85%B5%E1%86%BA-p03920188.html,https://static.zara.net/assets/public/6d1c/a785/56094159b077/a87efecb3995/03920188513-p/03920188513-p.jpg?ts=1771514367180,"₩59,900",,,260622,애플 그린,,,,
,false,,ZARA,상의,가디건,여성,지퍼 니트 재킷,https://www.zara.com/kr/ko/%E1%84%8C%E1%85%B5%E1%84%91%E1%85%A5-%E1%84%82%E1%85%B5%E1%84%90%E1%85%B3-%E1%84%8C%E1%85%A2%E1%84%8F%E1%85%B5%E1%86%BA-p00014004.html,https://static.zara.net/assets/public/90bf/e990/bd924f8f9bb4/c6b92e2bbc3d/00014004712-p/00014004712-p.jpg?ts=1771252402725,"₩99,900",,,260622,크림,,,,
,false,,ZARA,상의,니트,여성,스트라이프 니트 폴로셔츠,https://www.zara.com/kr/ko/%E1%84%89%E1%85%B3%E1%84%90%E1%85%B3%E1%84%85%E1%85%A1%E1%84%8B%E1%85%B5%E1%84%91%E1%85%B3-%E1%84%82%E1%85%B5%E1%84%90%E1%85%B3-%E1%84%91%E1%85%A9%E1%86%AF%E1%84%85%E1%85%A9%E1%84%89%E1%85%A7%E1%84%8E%E1%85%B3-p03653015.html,https://static.zara.net/assets/public/0931/8a35/54ff49e984ce/b8a2bc36856a/03653015330-p/03653015330-p.jpg?ts=1781180725313,"₩49,900",,,260622,멀티컬러,,,,
,false,,ZARA,상의,탑,여성,백리스 메쉬 니트 탑,https://www.zara.com/kr/ko/%E1%84%86%E1%85%A6%E1%84%89%E1%85%B1-%E1%84%8B%E1%85%A9%E1%84%91%E1%85%B3%E1%86%AB%E1%84%87%E1%85%A2%E1%86%A8-%E1%84%82%E1%85%B5%E1%84%90%E1%85%B3-%E1%84%90%E1%85%A1%E1%86%B8-p03991002.html,https://static.zara.net/assets/public/a02d/6bae/a6d347e2b8c2/c0f1e239bf42/03991002250-p/03991002250-p.jpg?ts=1776181911057,"₩39,900",,,260622,화이트,,,,
,false,,ZARA,상의,니트,여성,콤비 니트 스웨터,https://www.zara.com/kr/ko/%E1%84%8F%E1%85%A9%E1%86%B7%E1%84%87%E1%85%B5-%E1%84%82%E1%85%B5%E1%84%90%E1%85%B3-%E1%84%89%E1%85%B3%E1%84%8B%E1%85%B0%E1%84%90%E1%85%A5-p03519006.html,https://static.zara.net/assets/public/2e55/5021/02bb403fb7f8/429d77479348/03519006401-p/03519006401-p.jpg?ts=1774622179206,"₩59,900",,,260622,네이비,,,,
,false,,ZARA,상의,가디건,여성,버튼 재킷,https://www.zara.com/kr/ko/%E1%84%87%E1%85%A5%E1%84%90%E1%85%B3%E1%86%AB-%E1%84%8C%E1%85%A2%E1%84%8F%E1%85%B5%E1%86%BA-p05536064.html,https://static.zara.net/assets/public/8103/fdee/49d04e06a6ef/909aa1e7b9d7/00250002002-a3/00250002002-a3.jpg?ts=1777978396713,"₩89,900",,,260622,네이비,,,,
,false,,ZARA,바지,슬랙스,여성,코튼 블렌드 니트 벌룬 팬츠,https://www.zara.com/kr/ko/%E1%84%87%E1%85%A5%E1%86%AF%E1%84%85%E1%85%AE%E1%86%AB-%E1%84%82%E1%85%B5%E1%84%90%E1%85%B3-%E1%84%8F%E1%85%A9%E1%84%90%E1%85%B3%E1%86%AB-%E1%84%87%E1%85%B3%E1%86%AF%E1%84%85%E1%85%A6%E1%86%AB%E1%84%83%E1%85%B3-%E1%84%91%E1%85%A2%E1%86%AB%E1%84%8E%E1%85%B3-p08779112.html,https://static.zara.net/assets/public/5415/e38e/5fe6408fa483/98b3c40e8871/08779112802-p/08779112802-p.jpg?ts=1767092378721,"₩89,900",,,260622,그레이,,,,
,false,,ZARA,상의,가디건,여성,스트라이프 니트 반소매 재킷,https://www.zara.com/kr/ko/%E1%84%89%E1%85%B3%E1%84%90%E1%85%B3%E1%84%85%E1%85%A1%E1%84%8B%E1%85%B5%E1%84%91%E1%85%B3-%E1%84%87%E1%85%A1%E1%86%AB%E1%84%89%E1%85%A9%E1%84%86%E1%85%A2-%E1%84%82%E1%85%B5%E1%84%90%E1%85%B3-%E1%84%8C%E1%85%A2%E1%84%8F%E1%85%B5%E1%86%BA-p03921058.html,https://static.zara.net/assets/public/ecf2/7ddb/60414da184e3/d2e70ad2c75c/03921058104-p/03921058104-p.jpg?ts=1781076431749,"₩57,900",,,260622,스트라이프,,,,
,false,,ZARA,상의,니트,여성,안감 탑 니트 재킷,https://www.zara.com/kr/ko/%E1%84%8B%E1%85%A1%E1%86%AB%E1%84%80%E1%85%A1%E1%86%B7-%E1%84%90%E1%85%A1%E1%86%B8-%E1%84%82%E1%85%B5%E1%84%90%E1%85%B3-%E1%84%8C%E1%85%A2%E1%84%8F%E1%85%B5%E1%86%BA-p05755037.html,https://static.zara.net/assets/public/66e4/c9a9/7b0d4d6a8a90/619e8beb5293/05755037450-p/05755037450-p.jpg?ts=1773334370919,"₩57,900",,,260622,베이지,,,,
,false,,ZARA,상의,탑,여성,로맨틱 리본 니트 탑,https://www.zara.com/kr/ko/%E1%84%85%E1%85%A9%E1%84%86%E1%85%A2%E1%86%AB%E1%84%90%E1%85%B5%E1%86%A8-%E1%84%85%E1%85%B5%E1%84%87%E1%85%A9%E1%86%AB-%E1%84%82%E1%85%B5%E1%84%90%E1%85%B3-%E1%84%90%E1%85%A1%E1%86%B8-p06236029.html,https://static.zara.net/assets/public/e2ed/0026/8a874f74a919/a76dec69e9c7/06236029075-p/06236029075-p.jpg?ts=1776181929845,"₩49,900",,,260622,"크림,베이지",,,,
,false,,ZARA,원피스,원피스,여성,골지 니트 미니 원피스,https://www.zara.com/kr/ko/%E1%84%80%E1%85%A9%E1%86%AF%E1%84%8C%E1%85%B5-%E1%84%82%E1%85%B5%E1%84%90%E1%85%B3-%E1%84%86%E1%85%B5%E1%84%82%E1%85%B5-%E1%84%8B%E1%85%AF%E1%86%AB%E1%84%91%E1%85%B5%E1%84%89%E1%85%B3-p03921067.html,https://static.zara.net/assets/public/d37b/66aa/4ce54e1489ab/48d9f6f6d0fa/03921067800-p/03921067800-p.jpg?ts=1781105356252,"₩55,900",,,260622,블랙,,,,
,false,,ZARA,상의,니트,여성,숏 슬리브 플레인 니트 베이직 탑,https://www.zara.com/kr/ko/%E1%84%89%E1%85%AD%E1%86%BA-%E1%84%89%E1%85%B3%E1%86%AF%E1%84%85%E1%85%B5%E1%84%87%E1%85%B3-%E1%84%91%E1%85%B3%E1%86%AF%E1%84%85%E1%85%A6%E1%84%8B%E1%85%B5%E1%86%AB-%E1%84%82%E1%85%B5%E1%84%90%E1%85%B3-%E1%84%87%E1%85%A6%E1%84%8B%E1%85%B5%E1%84%8C%E1%85%B5%E1%86%A8-%E1%84%90%E1%85%A1%E1%86%B8-p08851005.html,https://static.zara.net/assets/public/64b3/6bf2/02a748a8943e/b75b101c3a4d/08851005806-p/08851005806-p.jpg?ts=1774430914511,"₩45,900",,,260622,스톤,,,,
,false,,ZARA,상의,가디건,여성,지그재그 오픈워크 니트 재킷,https://www.zara.com/kr/ko/%E1%84%8C%E1%85%B5%E1%84%80%E1%85%B3%E1%84%8C%E1%85%A2%E1%84%80%E1%85%B3-%E1%84%8B%E1%85%A9%E1%84%91%E1%85%B3%E1%86%AB%E1%84%8B%E1%85%AF%E1%84%8F%E1%85%B3-%E1%84%82%E1%85%B5%E1%84%90%E1%85%B3-%E1%84%8C%E1%85%A2%E1%84%8F%E1%85%B5%E1%86%BA-p02893050.html,https://static.zara.net/assets/public/56c9/5084/af2c419e9834/604bdb46da28/02893050712-p/02893050712-p.jpg?ts=1779286187824,"₩59,900",,,260622,크림,,,,
,false,,ZARA,원피스,원피스,여성,홀터넥 니트 콤비 원피스,https://www.zara.com/kr/ko/%E1%84%92%E1%85%A9%E1%86%AF%E1%84%90%E1%85%A5%E1%84%82%E1%85%A6%E1%86%A8-%E1%84%82%E1%85%B5%E1%84%90%E1%85%B3-%E1%84%8F%E1%85%A9%E1%86%B7%E1%84%87%E1%85%B5-%E1%84%8B%E1%85%AF%E1%86%AB%E1%84%91%E1%85%B5%E1%84%89%E1%85%B3-p04192070.html,https://static.zara.net/assets/public/c062/4266/fbd5426391bd/6e76a68436c4/04192070250-p/04192070250-p.jpg?ts=1780653873123,"₩79,900",,,260622,화이트,,,,
,false,,ZARA,상의,가디건,여성,레이스 반소매 폴로셔츠 니트 재킷,https://www.zara.com/kr/ko/%E1%84%85%E1%85%A6%E1%84%8B%E1%85%B5%E1%84%89%E1%85%B3-%E1%84%87%E1%85%A1%E1%86%AB%E1%84%89%E1%85%A9%E1%84%86%E1%85%A2-%E1%84%91%E1%85%A9%E1%86%AF%E1%84%85%E1%85%A9%E1%84%89%E1%85%A7%E1%84%8E%E1%85%B3-%E1%84%82%E1%85%B5%E1%84%90%E1%85%B3-%E1%84%8C%E1%85%A2%E1%84%8F%E1%85%B5%E1%86%BA-p03646011.html,https://static.zara.net/assets/public/0be4/3707/28b34e5a87b6/801556b89ab5/03646011401-p/03646011401-p.jpg?ts=1781704945618,"₩49,900",,,260622,네이비,,,,
,false,,ZARA,상의,니트,여성,숏 슬리브 니트 탑,https://www.zara.com/kr/ko/%E1%84%89%E1%85%AD%E1%84%90%E1%85%B3-%E1%84%89%E1%85%B3%E1%86%AF%E1%84%85%E1%85%B5%E1%84%87%E1%85%B3-%E1%84%82%E1%85%B5%E1%84%90%E1%85%B3-%E1%84%90%E1%85%A1%E1%86%B8-p02756031.html,https://static.zara.net/assets/public/3a8d/8b52/122543b2a518/fb3fe6a535fd/02756031711-p/02756031711-p.jpg?ts=1775723672456,"₩49,900",,,260622,샌드,,,,
,false,,ZARA,상의,탑,여성,숄더 패드 니트 탑,https://www.zara.com/kr/ko/%E1%84%89%E1%85%AD%E1%86%AF%E1%84%83%E1%85%A5-%E1%84%91%E1%85%A2%E1%84%83%E1%85%B3-%E1%84%82%E1%85%B5%E1%84%90%E1%85%B3-%E1%84%90%E1%85%A1%E1%86%B8-p01822029.html,https://static.zara.net/assets/public/060d/ce8f/bdc74596aaf1/90f00a7e906d/01822029800-a3/01822029800-a3.jpg?ts=1777549843570,"₩49,900",,,260622,블랙,,,,
,false,,ZARA,상의,니트,여성,숄더 패드 쇼트 슬리브 니트 스웨터,https://www.zara.com/kr/ko/%E1%84%89%E1%85%AD%E1%86%AF%E1%84%83%E1%85%A5-%E1%84%91%E1%85%A2%E1%84%83%E1%85%B3-%E1%84%89%E1%85%AD%E1%84%90%E1%85%B3-%E1%84%89%E1%85%B3%E1%86%AF%E1%84%85%E1%85%B5%E1%84%87%E1%85%B3-%E1%84%82%E1%85%B5%E1%84%90%E1%85%B3-%E1%84%89%E1%85%B3%E1%84%8B%E1%85%B0%E1%84%90%E1%85%A5-p01822030.html,https://static.zara.net/assets/public/196d/6ba4/8f93485a9d24/41da7dc7e35f/01822030250-a5/01822030250-a5.jpg?ts=1779378509652,"₩55,900",,,260622,화이트,,,,
,false,,ZARA,상의,니트,여성,쇼트 슬리브 니트 스웨터,https://www.zara.com/kr/ko/%E1%84%89%E1%85%AD%E1%84%90%E1%85%B3-%E1%84%89%E1%85%B3%E1%86%AF%E1%84%85%E1%85%B5%E1%84%87%E1%85%B3-%E1%84%82%E1%85%B5%E1%84%90%E1%85%B3-%E1%84%89%E1%85%B3%E1%84%8B%E1%85%B0%E1%84%90%E1%85%A5-p09598053.html,https://static.zara.net/assets/public/850f/e814/bba54910a879/9e42c3517976/09598053700-p/09598053700-p.jpg?ts=1774620472116,"₩55,900",,,260622,브라운,,,,
,false,,ZARA,상의,니트,여성,크롭 배트윙 슬리브 니트 스웨터,https://www.zara.com/kr/ko/%E1%84%8F%E1%85%B3%E1%84%85%E1%85%A9%E1%86%B8-%E1%84%87%E1%85%A2%E1%84%90%E1%85%B3%E1%84%8B%E1%85%B1%E1%86%BC-%E1%84%89%E1%85%B3%E1%86%AF%E1%84%85%E1%85%B5%E1%84%87%E1%85%B3-%E1%84%82%E1%85%B5%E1%84%90%E1%85%B3-%E1%84%89%E1%85%B3%E1%84%8B%E1%85%B0%E1%84%90%E1%85%A5-p04331001.html,https://static.zara.net/assets/public/8f86/b8fe/5bb54f39bee7/5c2613f20830/04331001800-p/04331001800-p.jpg?ts=1772806182912,"₩55,900",,,260622,블랙,,,,
,false,,ZARA,상의,니트,여성,브이넥 니트 스웨터,https://www.zara.com/kr/ko/%E1%84%87%E1%85%B3%E1%84%8B%E1%85%B5%E1%84%82%E1%85%A6%E1%86%A8-%E1%84%82%E1%85%B5%E1%84%90%E1%85%B3-%E1%84%89%E1%85%B3%E1%84%8B%E1%85%B0%E1%84%90%E1%85%A5-p02142260.html,https://static.zara.net/assets/public/6f15/cad7/828e432ebc48/813e81bfaa9b/02142260800-a2/02142260800-a2.jpg?ts=1781684670371,"₩59,900",,,260622,블랙,,,,
,false,,ZARA,상의,가디건,여성,콘트라스트 파이핑 쇼트 슬리브 니트 재킷,https://www.zara.com/kr/ko/%E1%84%8F%E1%85%A9%E1%86%AB%E1%84%90%E1%85%B3%E1%84%85%E1%85%A1%E1%84%89%E1%85%B3%E1%84%90%E1%85%B3-%E1%84%91%E1%85%A1%E1%84%8B%E1%85%B5%E1%84%91%E1%85%B5%E1%86%BC-%E1%84%89%E1%85%AD%E1%84%90%E1%85%B3-%E1%84%89%E1%85%B3%E1%86%AF%E1%84%85%E1%85%B5%E1%84%87%E1%85%B3-%E1%84%82%E1%85%B5%E1%84%90%E1%85%B3-%E1%84%8C%E1%85%A2%E1%84%8F%E1%85%B5%E1%86%BA-p01822014.html,https://static.zara.net/assets/public/4a30/e241/b6b744efa2a5/d9dcfd65a22f/01822014093-p/01822014093-p.jpg?ts=1781108787224,"₩59,900",,,260622,"블랙,크림",,,,
,false,,ZARA,상의,가디건,여성,벌룬 슬리브 트임 니트 재킷,https://www.zara.com/kr/ko/%E1%84%87%E1%85%A5%E1%86%AF%E1%84%85%E1%85%AE%E1%86%AB-%E1%84%89%E1%85%B3%E1%86%AF%E1%84%85%E1%85%B5%E1%84%87%E1%85%B3-%E1%84%90%E1%85%B3%E1%84%8B%E1%85%B5%E1%86%B7-%E1%84%82%E1%85%B5%E1%84%90%E1%85%B3-%E1%84%8C%E1%85%A2%E1%84%8F%E1%85%B5%E1%86%BA-p04192080.html,https://static.zara.net/assets/public/362e/72f9/323a4884b243/cbfeca4fcf0b/04192080712-a3/04192080712-a3.jpg?ts=1779806273822,"₩59,900",,,260622,크림,,,,
,false,,ZARA,상의,가디건,여성,지그재그 오픈워크 니트 재킷,https://www.zara.com/kr/ko/%E1%84%8C%E1%85%B5%E1%84%80%E1%85%B3%E1%84%8C%E1%85%A2%E1%84%80%E1%85%B3-%E1%84%8B%E1%85%A9%E1%84%91%E1%85%B3%E1%86%AB%E1%84%8B%E1%85%AF%E1%84%8F%E1%85%B3-%E1%84%82%E1%85%B5%E1%84%90%E1%85%B3-%E1%84%8C%E1%85%A2%E1%84%8F%E1%85%B5%E1%86%BA-p02893050.html,https://static.zara.net/assets/public/35f5/ca7e/0e1240719902/e5983b6231cb/02893050712-p/02893050712-p.jpg?ts=1776870925632,"₩59,900",,,260622,크림,,,,
,false,,ZARA,상의,가디건,여성,포인텔 니트 재킷,https://www.zara.com/kr/ko/%E1%84%91%E1%85%A9%E1%84%8B%E1%85%B5%E1%86%AB%E1%84%90%E1%85%A6%E1%86%AF-%E1%84%82%E1%85%B5%E1%84%90%E1%85%B3-%E1%84%8C%E1%85%A2%E1%84%8F%E1%85%B5%E1%86%BA-p06771016.html,https://static.zara.net/assets/public/66b9/a64c/6c124122943a/61d89cf3caea/06771016620-p/06771016620-p.jpg?ts=1772035599674,"₩59,900",,,260622,로즈핑크,,,,
,false,,ZARA,상의,탑,여성,플로럴 패턴 니트 탑,https://www.zara.com/kr/ko/%E1%84%91%E1%85%B3%E1%86%AF%E1%84%85%E1%85%A9%E1%84%85%E1%85%A5%E1%86%AF-%E1%84%91%E1%85%A2%E1%84%90%E1%85%A5%E1%86%AB-%E1%84%82%E1%85%B5%E1%84%90%E1%85%B3-%E1%84%90%E1%85%A1%E1%86%B8-p02893029.html,https://static.zara.net/assets/public/ce49/c6b9/93be418789e3/366d4be7cd73/02893029330-p/02893029330-p.jpg?ts=1771589309146,"₩49,900",,,260622,멀티컬러,,,,
,false,,ZARA,상의,탑,여성,파인 스트라이프 니트 스웨터,https://www.zara.com/kr/ko/%E1%84%91%E1%85%A1%E1%84%8B%E1%85%B5%E1%86%AB-%E1%84%89%E1%85%B3%E1%84%90%E1%85%B3%E1%84%85%E1%85%A1%E1%84%8B%E1%85%B5%E1%84%91%E1%85%B3-%E1%84%82%E1%85%B5%E1%84%90%E1%85%B3-%E1%84%89%E1%85%B3%E1%84%8B%E1%85%B0%E1%84%90%E1%85%A5-p02142072.html,https://static.zara.net/assets/public/4d5c/893e/733a4187a5a1/352646a6bfca/02142072104-p/02142072104-p.jpg?ts=1770293717400,"₩49,900",,,260622,스트라이프,,,,
,false,,ZARA,상의,니트,여성,스트라이프 니트 스웨터,https://www.zara.com/kr/ko/%E1%84%89%E1%85%B3%E1%84%90%E1%85%B3%E1%84%85%E1%85%A1%E1%84%8B%E1%85%B5%E1%84%91%E1%85%B3-%E1%84%82%E1%85%B5%E1%84%90%E1%85%B3-%E1%84%89%E1%85%B3%E1%84%8B%E1%85%B0%E1%84%90%E1%85%A5-p02756039.html,https://static.zara.net/assets/public/1904/2db3/713c47e6a931/c78b3b8b84f7/02756039390-a2/02756039390-a2.jpg?ts=1781076432997,"₩55,900",,,260622,녹색 줄무늬,,,,
,false,,ZARA,상의,니트,여성,파인 니트 브이넥 스웨터,https://www.zara.com/kr/ko/%E1%84%91%E1%85%A1%E1%84%8B%E1%85%B5%E1%86%AB-%E1%84%82%E1%85%B5%E1%84%90%E1%85%B3-%E1%84%87%E1%85%B3%E1%84%8B%E1%85%B5%E1%84%82%E1%85%A6%E1%86%A8-%E1%84%89%E1%85%B3%E1%84%8B%E1%85%B0%E1%84%90%E1%85%A5-p09598023.html,https://static.zara.net/assets/public/fd51/7fe2/02934544bc1a/ea4f2acb0921/09598023072-a2/09598023072-a2.jpg?ts=1777448431187,"₩55,900",,,260622,아이보리-화이트,,,,
,false,,ZARA,상의,가디건,여성,포인텔 니트 재킷,https://www.zara.com/kr/ko/%E1%84%91%E1%85%A9%E1%84%8B%E1%85%B5%E1%86%AB%E1%84%90%E1%85%A6%E1%86%AF-%E1%84%85%E1%85%A6%E1%84%8B%E1%85%B5%E1%84%89%E1%85%B3-%E1%84%82%E1%85%B5%E1%84%90%E1%85%B3-%E1%84%8C%E1%85%A2%E1%84%8F%E1%85%B5%E1%86%BA-p03646012.html,https://static.zara.net/assets/public/31a3/5075/28bd4554aa04/85152f77d124/03646012250-p/03646012250-p.jpg?ts=1779205314338,"₩55,900",,,260622,화이트,,,,
,false,,ZARA,원피스,원피스,여성,스트라이프 니트 미니 원피스,https://www.zara.com/kr/ko/%E1%84%89%E1%85%B3%E1%84%90%E1%85%B3%E1%84%85%E1%85%A1%E1%84%8B%E1%85%B5%E1%84%91%E1%85%B3-%E1%84%82%E1%85%B5%E1%84%90%E1%85%B3-%E1%84%86%E1%85%B5%E1%84%82%E1%85%B5-%E1%84%8B%E1%85%AF%E1%86%AB%E1%84%91%E1%85%B5%E1%84%89%E1%85%B3-p06771038.html,https://static.zara.net/assets/public/6671/ccd9/75774d80a88f/ce1712ea6ea2/06771038064-p/06771038064-p.jpg?ts=1778076468741,"₩55,900",,,260622,"화이트,블랙",,,,
,false,,ZARA,상의,니트,여성,콘트라스트 레이스 니트 폴로셔츠,https://www.zara.com/kr/ko/%E1%84%8F%E1%85%A9%E1%86%AB%E1%84%90%E1%85%B3%E1%84%85%E1%85%A1%E1%84%89%E1%85%B3%E1%84%90%E1%85%B3-%E1%84%85%E1%85%A6%E1%84%8B%E1%85%B5%E1%84%89%E1%85%B3-%E1%84%82%E1%85%B5%E1%84%90%E1%85%B3-%E1%84%91%E1%85%A9%E1%86%AF%E1%84%85%E1%85%A9%E1%84%89%E1%85%A7%E1%84%8E%E1%85%B3-p02142440.html,https://static.zara.net/assets/public/503b/d2e6/552f47f68cae/4905130f6175/02142440250-p/02142440250-p.jpg?ts=1777449776945,"₩55,900",,,260622,화이트,,,,
,false,,ZARA,상의,니트,여성,파인 니트 브이넥 스웨터,https://www.zara.com/kr/ko/%E1%84%91%E1%85%A1%E1%84%8B%E1%85%B5%E1%86%AB-%E1%84%82%E1%85%B5%E1%84%90%E1%85%B3-%E1%84%87%E1%85%B3%E1%84%8B%E1%85%B5%E1%84%82%E1%85%A6%E1%86%A8-%E1%84%89%E1%85%B3%E1%84%8B%E1%85%B0%E1%84%90%E1%85%A5-p08779006.html,https://static.zara.net/assets/public/c956/22c9/03be4bc9bf80/a2630d22bac0/08779006423-p/08779006423-p.jpg?ts=1772554891502,"₩55,900",,,260622,파스텔 블루,,,,
,false,,ZARA,상의,니트,여성,파인 니트 브이넥 스웨터,https://www.zara.com/kr/ko/%E1%84%91%E1%85%A1%E1%84%8B%E1%85%B5%E1%86%AB-%E1%84%82%E1%85%B5%E1%84%90%E1%85%B3-%E1%84%87%E1%85%B3%E1%84%8B%E1%85%B5%E1%84%82%E1%85%A6%E1%86%A8-%E1%84%89%E1%85%B3%E1%84%8B%E1%85%B0%E1%84%90%E1%85%A5-p08779006.html,https://static.zara.net/assets/public/e2dc/84eb/6e834e73946b/e6fdd0cc7514/08779006621-p/08779006621-p.jpg?ts=1772554896208,"₩55,900",,,260622,파스텔 로즈,,,,
,false,,ZARA,상의,탑,여성,벌룬 슬리브 니트 탑,https://www.zara.com/kr/ko/%E1%84%87%E1%85%A5%E1%86%AF%E1%84%85%E1%85%AE%E1%86%AB-%E1%84%89%E1%85%B3%E1%86%AF%E1%84%85%E1%85%B5%E1%84%87%E1%85%B3-%E1%84%82%E1%85%B5%E1%84%90%E1%85%B3-%E1%84%90%E1%85%A1%E1%86%B8-p02142016.html,https://static.zara.net/assets/public/a1fe/1c27/34a04def947b/1794314a1afb/02142016712-p/02142016712-p.jpg?ts=1769621961618,"₩55,900",,,260622,크림,,,,
,false,,ZARA,상의,탑,여성,하이넥 파인 니트 탑,https://www.zara.com/kr/ko/%E1%84%91%E1%85%A1%E1%84%8B%E1%85%B5%E1%86%AB-%E1%84%82%E1%85%B5%E1%84%90%E1%85%B3-%E1%84%92%E1%85%A1%E1%84%8B%E1%85%B5%E1%84%82%E1%85%A6%E1%86%A8-%E1%84%90%E1%85%A1%E1%86%B8-p02488109.html,https://static.zara.net/assets/public/a5e9/70a3/0ae74157b01d/4163434f089f/02488109802-000-p/02488109802-000-p.jpg?ts=1770827776721,"₩55,900",,,260622,그레이,,,,
,false,,ZARA,상의,탑,여성,와이드 슬리브 니트 탑,https://www.zara.com/kr/ko/%E1%84%8B%E1%85%AA%E1%84%8B%E1%85%B5%E1%84%83%E1%85%B3-%E1%84%89%E1%85%B3%E1%86%AF%E1%84%85%E1%85%B5%E1%84%87%E1%85%B3-%E1%84%82%E1%85%B5%E1%84%90%E1%85%B3-%E1%84%90%E1%85%A1%E1%86%B8-p03433004.html,https://static.zara.net/assets/public/3783/7ac2/f4a44e27be52/be09773d4835/03433004401-p/03433004401-p.jpg?ts=1781105359038,"₩45,900",,,260622,네이비,,,,
,false,,ZARA,상의,탑,여성,와이드 슬리브 니트 탑,https://www.zara.com/kr/ko/%E1%84%8B%E1%85%AA%E1%84%8B%E1%85%B5%E1%84%83%E1%85%B3-%E1%84%89%E1%85%B3%E1%86%AF%E1%84%85%E1%85%B5%E1%84%87%E1%85%B3-%E1%84%82%E1%85%B5%E1%84%90%E1%85%B3-%E1%84%90%E1%85%A1%E1%86%B8-p03433004.html,https://static.zara.net/assets/public/bfa4/71f5/301944ae9dd0/662dc0715c86/03519044600-a2/03519044600-a2.jpg?ts=1780476099168,"₩45,900",,,260622,레드,,,,
,false,,ZARA,상의,탑,여성,니트 튜닉 탑,https://www.zara.com/kr/ko/%E1%84%82%E1%85%B5%E1%84%90%E1%85%B3-%E1%84%90%E1%85%B2%E1%84%82%E1%85%B5%E1%86%A8-%E1%84%90%E1%85%A1%E1%86%B8-p09598018.html,https://static.zara.net/assets/public/1a8e/1237/885f44ac9844/c5923d6b9e9e/02560209251-p/02560209251-p.jpg?ts=1781682774401,"₩59,900",,,260622,네이비,,,,
,false,,ZARA,상의,가디건,여성,지퍼 니트 재킷,https://www.zara.com/kr/ko/%E1%84%8C%E1%85%B5%E1%84%91%E1%85%A5-%E1%84%82%E1%85%B5%E1%84%90%E1%85%B3-%E1%84%8C%E1%85%A2%E1%84%8F%E1%85%B5%E1%86%BA-p05755058.html,https://static.zara.net/assets/public/752d/0a0e/681b4a278ea6/13830776608b/05755058600-p/05755058600-p.jpg?ts=1781180724477,"₩59,900",,,260622,레드,,,,
,false,,ZARA,상의,가디건,여성,러스틱 니트 재킷,https://www.zara.com/kr/ko/%E1%84%85%E1%85%A5%E1%84%89%E1%85%B3%E1%84%90%E1%85%B5%E1%86%A8-%E1%84%82%E1%85%B5%E1%84%90%E1%85%B3-%E1%84%8C%E1%85%A2%E1%84%8F%E1%85%B5%E1%86%BA-p02142159.html,https://static.zara.net/assets/public/bb62/53cf/89ed449389fd/edf3fac750b1/02142159819-p/02142159819-p.jpg?ts=1779098004307,"₩59,900",,,260622,블루 그레이,,,,
,false,,ZARA,상의,가디건,여성,7부 소매 니트 재킷,https://www.zara.com/kr/ko/%E1%84%91%E1%85%B3%E1%84%85%E1%85%A6%E1%86%AB%E1%84%8E%E1%85%B5-%E1%84%89%E1%85%B3%E1%86%AF%E1%84%85%E1%85%B5%E1%84%87%E1%85%B3-%E1%84%82%E1%85%B5%E1%84%90%E1%85%B3-%E1%84%8C%E1%85%A2%E1%84%8F%E1%85%B5%E1%86%BA-p06427026.html,https://static.zara.net/assets/public/1556/515a/3deb40a48964/fac7d831e8d2/04387106052-000-p/04387106052-000-p.jpg?ts=1778769830408,"₩59,900",,,260622,라이트 베이지,,,,
,false,,ZARA,상의,가디건,여성,벌룬 슬리브 니트 재킷,https://www.zara.com/kr/ko/%E1%84%87%E1%85%A5%E1%86%AF%E1%84%85%E1%85%AE%E1%86%AB-%E1%84%89%E1%85%B3%E1%86%AF%E1%84%85%E1%85%B5%E1%84%87%E1%85%B3-%E1%84%82%E1%85%B5%E1%84%90%E1%85%B3-%E1%84%8C%E1%85%A2%E1%84%8F%E1%85%B5%E1%86%BA-p04192027.html,https://static.zara.net/assets/public/77ea/55aa/36f7476e9744/176f52ccf44d/04192027423-p/04192027423-p.jpg?ts=1777033278969,"₩59,900",,,260622,파스텔 블루,,,,
,false,,ZARA,상의,가디건,여성,7부 소매 니트 재킷,https://www.zara.com/kr/ko/%E1%84%91%E1%85%B3%E1%84%85%E1%85%A6%E1%86%AB%E1%84%8E%E1%85%B5-%E1%84%89%E1%85%B3%E1%86%AF%E1%84%85%E1%85%B5%E1%84%87%E1%85%B3-%E1%84%82%E1%85%B5%E1%84%90%E1%85%B3-%E1%84%8C%E1%85%A2%E1%84%8F%E1%85%B5%E1%86%BA-p06427026.html,https://static.zara.net/assets/public/d83c/1995/38ed45f789f2/ba1ffc1960e0/06427026721-a2/06427026721-a2.jpg?ts=1778769303996,"₩59,900",,,260622,라이트 베이지,,,,
,false,,ZARA,상의,가디건,여성,포인텔 니트 재킷,https://www.zara.com/kr/ko/%E1%84%91%E1%85%A9%E1%84%8B%E1%85%B5%E1%86%AB%E1%84%90%E1%85%A6%E1%86%AF-%E1%84%82%E1%85%B5%E1%84%90%E1%85%B3-%E1%84%8C%E1%85%A2%E1%84%8F%E1%85%B5%E1%86%BA-p06771016.html,https://static.zara.net/assets/public/0f98/df73/c8db4d30b53c/fd4f048832c8/06771016620-p/06771016620-p.jpg?ts=1773407300023,"₩59,900",,,260622,로즈핑크,,,,
,false,,ZARA,상의,가디건,여성,러스틱 니트 재킷,https://www.zara.com/kr/ko/%E1%84%85%E1%85%A5%E1%84%89%E1%85%B3%E1%84%90%E1%85%B5%E1%86%A8-%E1%84%82%E1%85%B5%E1%84%90%E1%85%B3-%E1%84%8C%E1%85%A2%E1%84%8F%E1%85%B5%E1%86%BA-p02142180.html,https://static.zara.net/assets/public/ef85/1041/e3404de78628/b04560db1603/02142180300-p/02142180300-p.jpg?ts=1777540683041,"₩59,900",,,260622,노랑,,,,
,false,,ZARA,상의,니트,여성,보트넥 니트 스웨터,https://www.zara.com/kr/ko/%E1%84%87%E1%85%A9%E1%84%90%E1%85%B3%E1%84%82%E1%85%A6%E1%86%A8-%E1%84%82%E1%85%B5%E1%84%90%E1%85%B3-%E1%84%89%E1%85%B3%E1%84%8B%E1%85%B0%E1%84%90%E1%85%A5-p01822009.html,https://static.zara.net/assets/public/fe1a/b472/bf5b4866a815/b868c28d0feb/01822009711-p/01822009711-p.jpg?ts=1773839510456,"₩59,900",,,260622,샌드,,,,
,false,,ZARA,원피스,원피스,여성,볼 니트 반두 원피스,https://www.zara.com/kr/ko/%E1%84%87%E1%85%A9%E1%86%AF-%E1%84%82%E1%85%B5%E1%84%90%E1%85%B3-%E1%84%87%E1%85%A1%E1%86%AB%E1%84%83%E1%85%AE-%E1%84%8B%E1%85%AF%E1%86%AB%E1%84%91%E1%85%B5%E1%84%89%E1%85%B3-p04938021.html,https://static.zara.net/assets/public/c215/c6ef/29794c0db576/12b841422908/04938021500-p/04938021500-p.jpg?ts=1774970871182,"₩59,900",,,260622,초록,,,,
,false,,ZARA,상의,가디건,여성,청키 니트 재킷,https://www.zara.com/kr/ko/%E1%84%8E%E1%85%A5%E1%86%BC%E1%84%8F%E1%85%B5-%E1%84%82%E1%85%B5%E1%84%90%E1%85%B3-%E1%84%8C%E1%85%A2%E1%84%8F%E1%85%B5%E1%86%BA-p02893042.html,https://static.zara.net/assets/public/26a0/24a9/69314faab711/97ee30242e74/02893042712-p/02893042712-p.jpg?ts=1772038875837,"₩59,900",,,260622,크림,,,,
,false,,ZARA,원피스,원피스,여성,퍼 이펙트 니트 콤비 원피스,https://www.zara.com/kr/ko/%E1%84%91%E1%85%A5-%E1%84%8B%E1%85%B5%E1%84%91%E1%85%A6%E1%86%A8%E1%84%90%E1%85%B3-%E1%84%82%E1%85%B5%E1%84%90%E1%85%B3-%E1%84%8F%E1%85%A9%E1%86%B7%E1%84%87%E1%85%B5-%E1%84%8B%E1%85%AF%E1%86%AB%E1%84%91%E1%85%B5%E1%84%89%E1%85%B3-p05755126.html,https://static.zara.net/assets/public/4036/b600/80ed406c97e8/fee44838c804/05755126700-p/05755126700-p.jpg?ts=1764759734992,"₩59,900",,,260622,브라운,,,,
,false,,ZARA,상의,탑,여성,루즈핏 브이넥 니트 스웨터,https://www.zara.com/kr/ko/%E1%84%85%E1%85%AE%E1%84%8C%E1%85%B3%E1%84%91%E1%85%B5%E1%86%BA-%E1%84%87%E1%85%B3%E1%84%8B%E1%85%B5%E1%84%82%E1%85%A6%E1%86%A8-%E1%84%82%E1%85%B5%E1%84%90%E1%85%B3-%E1%84%89%E1%85%B3%E1%84%8B%E1%85%B0%E1%84%90%E1%85%A5-p03471006.html,https://static.zara.net/assets/public/2a06/0a38/7dc747dbb3ac/f5bbbe54d199/03471006250-p/03471006250-p.jpg?ts=1781684666712,"₩49,900",,,260622,화이트,,,,
,false,,ZARA,상의,탑,여성,도트 세미 시스루 니트 탑,https://www.zara.com/kr/ko/%E1%84%89%E1%85%B5%E1%84%89%E1%85%B3%E1%84%85%E1%85%AE-%E1%84%83%E1%85%A9%E1%84%90%E1%85%B3-%E1%84%82%E1%85%B5%E1%84%90%E1%85%B3-%E1%84%90%E1%85%A1%E1%86%B8-p09598096.html,https://static.zara.net/assets/public/1269/eef3/13074e4b86eb/b42a7bf3207a/09598096712-e1/09598096712-e1.jpg?ts=1779111655801,"₩49,900",,,260622,크림,,,,
,false,,ZARA,상의,니트,여성,반소매 니트 탑,https://www.zara.com/kr/ko/%E1%84%87%E1%85%A1%E1%86%AB%E1%84%89%E1%85%A9%E1%84%86%E1%85%A2-%E1%84%82%E1%85%B5%E1%84%90%E1%85%B3-%E1%84%90%E1%85%A1%E1%86%B8-p02142137.html,https://static.zara.net/assets/public/e9d4/272f/0099431c9753/bdf3b41a00b3/02142137330-p/02142137330-p.jpg?ts=1781162235127,"₩49,900",,,260622,멀티컬러,,,,
,false,,ZARA,상의,니트,여성,레이스 니트 스웨터,https://www.zara.com/kr/ko/%E1%84%85%E1%85%A6%E1%84%8B%E1%85%B5%E1%84%89%E1%85%B3-%E1%84%82%E1%85%B5%E1%84%90%E1%85%B3-%E1%84%89%E1%85%B3%E1%84%8B%E1%85%B0%E1%84%90%E1%85%A5-p00506001.html,https://static.zara.net/assets/public/3721/a6b2/99094c5589ee/307b07f92f39/00506001250-p/00506001250-p.jpg?ts=1773399158086,"₩49,900",,,260622,화이트,,,,
,false,,ZARA,상의,니트,여성,볼 장식 니트 탑,https://www.zara.com/kr/ko/%E1%84%87%E1%85%A9%E1%86%AF-%E1%84%8C%E1%85%A1%E1%86%BC%E1%84%89%E1%85%B5%E1%86%A8-%E1%84%82%E1%85%B5%E1%84%90%E1%85%B3-%E1%84%90%E1%85%A1%E1%86%B8-p03921033.html,https://static.zara.net/assets/public/cb6d/50d0/6aad4087b945/f1507ce6ae96/03921033250-p/03921033250-p.jpg?ts=1777550907387,"₩57,900",,,260622,화이트,,,,
,false,,ZARA,상의,가디건,여성,콤비 니트 재킷,https://www.zara.com/kr/ko/%E1%84%8F%E1%85%A9%E1%86%B7%E1%84%87%E1%85%B5-%E1%84%82%E1%85%B5%E1%84%90%E1%85%B3-%E1%84%8C%E1%85%A2%E1%84%8F%E1%85%B5%E1%86%BA-p02893013.html,https://static.zara.net/assets/public/a8fc/f70c/d3c24ca7ba7a/51db6bb04682/02893013044-p/02893013044-p.jpg?ts=1772555202565,"₩57,900",,,260622,"블루 ,화이트",,,,
,false,,ZARA,상의,니트,여성,언밸런스 밑단 쇼트 슬리브 니트 스웨터,https://www.zara.com/kr/ko/%E1%84%8B%E1%85%A5%E1%86%AB%E1%84%87%E1%85%A2%E1%86%AF%E1%84%85%E1%85%A5%E1%86%AB%E1%84%89%E1%85%B3-%E1%84%86%E1%85%B5%E1%87%80%E1%84%83%E1%85%A1%E1%86%AB-%E1%84%89%E1%85%AD%E1%84%90%E1%85%B3-%E1%84%89%E1%85%B3%E1%86%AF%E1%84%85%E1%85%B5%E1%84%87%E1%85%B3-%E1%84%82%E1%85%B5%E1%84%90%E1%85%B3-%E1%84%89%E1%85%B3%E1%84%8B%E1%85%B0%E1%84%90%E1%85%A5-p06771009.html,https://static.zara.net/assets/public/0ee7/634f/de1f4886944b/ee2c6c7450c0/06771009712-p/06771009712-p.jpg?ts=1770209457975,"₩57,900",,,260622,크림,,,,
,false,,ZARA,상의,탑,여성,스트라이프 니트 탑,https://www.zara.com/kr/ko/%E1%84%89%E1%85%B3%E1%84%90%E1%85%B3%E1%84%85%E1%85%A1%E1%84%8B%E1%85%B5%E1%84%91%E1%85%B3-%E1%84%82%E1%85%B5%E1%84%90%E1%85%B3-%E1%84%90%E1%85%A1%E1%86%B8-p04192045.html,https://static.zara.net/assets/public/59b1/d5a0/588d43ec972b/2697e1b684b1/04192045615-p/04192045615-p.jpg?ts=1776423682446,"₩39,900",,,260622,오렌지,,,,
,false,,ZARA,상의,탑,여성,엑스트라 파인 니트 탑,https://www.zara.com/kr/ko/%E1%84%8B%E1%85%A6%E1%86%A8%E1%84%89%E1%85%B3%E1%84%90%E1%85%B3%E1%84%85%E1%85%A1-%E1%84%91%E1%85%A1%E1%84%8B%E1%85%B5%E1%86%AB-%E1%84%82%E1%85%B5%E1%84%90%E1%85%B3-%E1%84%90%E1%85%A1%E1%86%B8-p04192037.html,https://static.zara.net/assets/public/615a/0d58/435542759914/356740d7b8b2/04192037730-p/04192037730-p.jpg?ts=1774279828149,"₩39,900",,,260622,라이트 브라운,,,,
,false,,ZARA,상의,탑,여성,엑스트라 파인 니트 탑,https://www.zara.com/kr/ko/%E1%84%8B%E1%85%A6%E1%86%A8%E1%84%89%E1%85%B3%E1%84%90%E1%85%B3%E1%84%85%E1%85%A1-%E1%84%91%E1%85%A1%E1%84%8B%E1%85%B5%E1%86%AB-%E1%84%82%E1%85%B5%E1%84%90%E1%85%B3-%E1%84%90%E1%85%A1%E1%86%B8-p04192037.html,https://static.zara.net/assets/public/238e/56e0/23b749f6ab22/b83939a6500d/04192037800-p/04192037800-p.jpg?ts=1774348389477,"₩39,900",,,260622,블랙,,,,
,false,,ZARA,상의,니트,여성,버튼 쇼트 슬리브 니트 스웨터,https://www.zara.com/kr/ko/%E1%84%87%E1%85%A5%E1%84%90%E1%85%B3%E1%86%AB-%E1%84%89%E1%85%AD%E1%84%90%E1%85%B3-%E1%84%89%E1%85%B3%E1%86%AF%E1%84%85%E1%85%B5%E1%84%87%E1%85%B3-%E1%84%82%E1%85%B5%E1%84%90%E1%85%B3-%E1%84%89%E1%85%B3%E1%84%8B%E1%85%B0%E1%84%90%E1%85%A5-p02142133.html,https://static.zara.net/assets/public/d4b6/5fa1/0589483eb979/c827a04a729c/02142133700-p/02142133700-p.jpg?ts=1774949044880,"₩55,900",,,260622,브라운,,,,
,false,,ZARA,상의,가디건,여성,콤비 니트 재킷,https://www.zara.com/kr/ko/%E1%84%8F%E1%85%A9%E1%86%B7%E1%84%87%E1%85%B5-%E1%84%82%E1%85%B5%E1%84%90%E1%85%B3-%E1%84%8C%E1%85%A2%E1%84%8F%E1%85%B5%E1%86%BA-p03921043.html,https://static.zara.net/assets/public/8465/0e68/74244df1bed1/3cffc9ec6ac5/03921043084-p/03921043084-p.jpg?ts=1778769614050,"₩55,900",,,260622,"블랙,화이트",,,,
,false,,ZARA,상의,니트,여성,라운드 헴 쇼트 슬리브 스웨터,https://www.zara.com/kr/ko/%E1%84%85%E1%85%A1%E1%84%8B%E1%85%AE%E1%86%AB%E1%84%83%E1%85%B3-%E1%84%92%E1%85%A6%E1%86%B7-%E1%84%89%E1%85%AD%E1%84%90%E1%85%B3-%E1%84%89%E1%85%B3%E1%86%AF%E1%84%85%E1%85%B5%E1%84%87%E1%85%B3-%E1%84%89%E1%85%B3%E1%84%8B%E1%85%B0%E1%84%90%E1%85%A5-p06236043.html,https://static.zara.net/assets/public/7b68/d764/3f684b118491/1ddea6b4b7ed/06236043403-p/06236043403-p.jpg?ts=1778082267146,"₩55,900",,,260622,하늘색,,,,
,false,,ZARA,상의,니트,여성,파인 니트 브이넥 스웨터,https://www.zara.com/kr/ko/%E1%84%91%E1%85%A1%E1%84%8B%E1%85%B5%E1%86%AB-%E1%84%82%E1%85%B5%E1%84%90%E1%85%B3-%E1%84%87%E1%85%B3%E1%84%8B%E1%85%B5%E1%84%82%E1%85%A6%E1%86%A8-%E1%84%89%E1%85%B3%E1%84%8B%E1%85%B0%E1%84%90%E1%85%A5-p08779006.html,https://static.zara.net/assets/public/71be/164c/b86f48f0aee9/65f4ce0c079e/08779006800-p/08779006800-p.jpg?ts=1775645477250,"₩55,900",,,260622,블랙,,,,
,false,,ZARA,상의,니트,여성,콘트라스트 레이스 니트 폴로셔츠,https://www.zara.com/kr/ko/%E1%84%8F%E1%85%A9%E1%86%AB%E1%84%90%E1%85%B3%E1%84%85%E1%85%A1%E1%84%89%E1%85%B3%E1%84%90%E1%85%B3-%E1%84%85%E1%85%A6%E1%84%8B%E1%85%B5%E1%84%89%E1%85%B3-%E1%84%82%E1%85%B5%E1%84%90%E1%85%B3-%E1%84%91%E1%85%A9%E1%86%AF%E1%84%85%E1%85%A9%E1%84%89%E1%85%A7%E1%84%8E%E1%85%B3-p02142440.html,https://static.zara.net/assets/public/5883/5779/aff54dca821b/e80e71cc60d3/02142440649-p/02142440649-p.jpg?ts=1777390859685,"₩55,900",,,260622,"레드,코랄",,,,
,false,,ZARA,상의,니트,여성,플레어 슬리브 니트 스웨터,https://www.zara.com/kr/ko/%E1%84%91%E1%85%B3%E1%86%AF%E1%84%85%E1%85%A6%E1%84%8B%E1%85%A5-%E1%84%89%E1%85%B3%E1%86%AF%E1%84%85%E1%85%B5%E1%84%87%E1%85%B3-%E1%84%82%E1%85%B5%E1%84%90%E1%85%B3-%E1%84%89%E1%85%B3%E1%84%8B%E1%85%B0%E1%84%90%E1%85%A5-p01822026.html,https://static.zara.net/assets/public/c6c5/b9ed/845f4632b853/06911d297d53/01822026406-p/01822026406-p.jpg?ts=1778667985473,"₩55,900",,,260622,라이트 블루,,,,
,false,,ZARA,상의,가디건,여성,보우 니트 재킷,https://www.zara.com/kr/ko/%E1%84%87%E1%85%A9%E1%84%8B%E1%85%AE-%E1%84%82%E1%85%B5%E1%84%90%E1%85%B3-%E1%84%8C%E1%85%A2%E1%84%8F%E1%85%B5%E1%86%BA-p04192082.html,https://static.zara.net/assets/public/eacf/1da9/b59a41c8b1f1/2d0b6c167a5a/04192082300-p/04192082300-p.jpg?ts=1776421119066,"₩55,900",,,260622,노랑,,,,
,false,,ZARA,치마,스커트,여성,파인 니트 미디 스커트,https://www.zara.com/kr/ko/%E1%84%91%E1%85%A1%E1%84%8B%E1%85%B5%E1%86%AB-%E1%84%82%E1%85%B5%E1%84%90%E1%85%B3-%E1%84%86%E1%85%B5%E1%84%83%E1%85%B5-%E1%84%89%E1%85%B3%E1%84%8F%E1%85%A5%E1%84%90%E1%85%B3-p02142286.html,https://static.zara.net/assets/public/b79d/2f79/f29f4af6af79/0a686cd61861/02142286250-p/02142286250-p.jpg?ts=1772714342287,"₩55,900",,,260622,화이트,,,,
,false,,ZARA,치마,스커트,여성,파인 니트 미디 스커트,https://www.zara.com/kr/ko/%E1%84%91%E1%85%A1%E1%84%8B%E1%85%B5%E1%86%AB-%E1%84%82%E1%85%B5%E1%84%90%E1%85%B3-%E1%84%86%E1%85%B5%E1%84%83%E1%85%B5-%E1%84%89%E1%85%B3%E1%84%8F%E1%85%A5%E1%84%90%E1%85%B3-p02142286.html,https://static.zara.net/assets/public/93ac/c975/ede347a09f2b/dd6514bd37ad/02142286401-p/02142286401-p.jpg?ts=1773931407362,"₩55,900",,,260622,네이비,,,,
,false,,ZARA,상의,니트,여성,오버사이즈 파인 니트 스웨터,https://www.zara.com/kr/ko/%E1%84%8B%E1%85%A9%E1%84%87%E1%85%A5%E1%84%89%E1%85%A1%E1%84%8B%E1%85%B5%E1%84%8C%E1%85%B3-%E1%84%91%E1%85%A1%E1%84%8B%E1%85%B5%E1%86%AB-%E1%84%82%E1%85%B5%E1%84%90%E1%85%B3-%E1%84%89%E1%85%B3%E1%84%8B%E1%85%B0%E1%84%90%E1%85%A5-p02142287.html,https://static.zara.net/assets/public/7d18/b933/5f7c424da405/656430cd5b5e/02142287401-p/02142287401-p.jpg?ts=1773931407014,"₩55,900",,,260622,네이비,,,,
,false,,ZARA,상의,가디건,여성,반소매 니트 재킷,https://www.zara.com/kr/ko/%E1%84%89%E1%85%AD%E1%84%90%E1%85%B3-%E1%84%89%E1%85%B3%E1%86%AF%E1%84%85%E1%85%B5%E1%84%87%E1%85%B3-%E1%84%82%E1%85%B5%E1%84%90%E1%85%B3-%E1%84%8C%E1%85%A2%E1%84%8F%E1%85%B5%E1%86%BA-p06236009.html,https://static.zara.net/assets/public/7712/7690/7301459096e9/d7c186fb3ff1/06236009711-p/06236009711-p.jpg?ts=1773411814548,"₩55,900",,,260622,샌드,,,,
,false,,ZARA,상의,니트,여성,쇼트 슬리브 니트 폴로셔츠,https://www.zara.com/kr/ko/%E1%84%89%E1%85%AD%E1%84%90%E1%85%B3-%E1%84%89%E1%85%B3%E1%86%AF%E1%84%85%E1%85%B5%E1%84%87%E1%85%B3-%E1%84%82%E1%85%B5%E1%84%90%E1%85%B3-%E1%84%91%E1%85%A9%E1%86%AF%E1%84%85%E1%85%A9%E1%84%89%E1%85%A7%E1%84%8E%E1%85%B3-p06236015.html,https://static.zara.net/assets/public/ecfe/4a42/266448c69006/64099b8e2593/02664857172-1-p/02664857172-1-p.jpg?ts=1773749740239,"₩55,900",,,260622,브라운,,,,
,false,,ZARA,상의,탑,여성,프린지 니트 탑,https://www.zara.com/kr/ko/%E1%84%91%E1%85%B3%E1%84%85%E1%85%B5%E1%86%AB%E1%84%8C%E1%85%B5-%E1%84%82%E1%85%B5%E1%84%90%E1%85%B3-%E1%84%90%E1%85%A1%E1%86%B8-p03920295.html,https://static.zara.net/assets/public/ea3c/d624/e61d439fb2b8/9098386145cf/03920295712-p/03920295712-p.jpg?ts=1775552281499,"₩55,900",,,260622,크림,,,,
,false,,ZARA,상의,가디건,여성,포인텔 니트 재킷,https://www.zara.com/kr/ko/%E1%84%91%E1%85%A9%E1%84%8B%E1%85%B5%E1%86%AB%E1%84%90%E1%85%A6%E1%86%AF-%E1%84%82%E1%85%B5%E1%84%90%E1%85%B3-%E1%84%8C%E1%85%A2%E1%84%8F%E1%85%B5%E1%86%BA-p06427003.html,https://static.zara.net/assets/public/b731/b2ad/4e944bf2a5e3/0da59ad728cc/06427003800-p/06427003800-p.jpg?ts=1773404155429,"₩55,900",,,260622,블랙,,,,
,false,,ZARA,상의,탑,여성,벌룬 슬리브 니트 탑,https://www.zara.com/kr/ko/%E1%84%87%E1%85%A5%E1%86%AF%E1%84%85%E1%85%AE%E1%86%AB-%E1%84%89%E1%85%B3%E1%86%AF%E1%84%85%E1%85%B5%E1%84%87%E1%85%B3-%E1%84%82%E1%85%B5%E1%84%90%E1%85%B3-%E1%84%90%E1%85%A1%E1%86%B8-p04192038.html,https://static.zara.net/assets/public/0d57/3b56/198b438393ef/c1f4d7624f6f/04192038250-p/04192038250-p.jpg?ts=1772036356013,"₩55,900",,,260622,화이트,,,,
,false,,ZARA,상의,니트,여성,울 엑스트라 파인 니트 스웨터,https://www.zara.com/kr/ko/%E1%84%8B%E1%85%A6%E1%86%A8%E1%84%89%E1%85%B3%E1%84%90%E1%85%B3%E1%84%85%E1%85%A1-%E1%84%91%E1%85%A1%E1%84%8B%E1%85%B5%E1%86%AB-%E1%84%8B%E1%85%AE%E1%86%AF-%E1%84%82%E1%85%B5%E1%84%90%E1%85%B3-%E1%84%89%E1%85%B3%E1%84%8B%E1%85%B0%E1%84%90%E1%85%A5-p03920191.html,https://static.zara.net/assets/public/e3f1/58bf/22574e8abf82/72798352b24d/03920191508-a4/03920191508-a4.jpg?ts=1773743100700,"₩55,900",,,260622,파스텔 그린,,,,
,false,,ZARA,상의,가디건,여성,컬러 블록 니트 재킷,https://www.zara.com/kr/ko/%E1%84%8F%E1%85%A5%E1%86%AF%E1%84%85%E1%85%A5-%E1%84%87%E1%85%B3%E1%86%AF%E1%84%85%E1%85%A9%E1%86%A8-%E1%84%82%E1%85%B5%E1%84%90%E1%85%B3-%E1%84%8C%E1%85%A2%E1%84%8F%E1%85%B5%E1%86%BA-p05536195.html,https://static.zara.net/assets/public/4529/ef81/a51e402db630/09776fc998d6/05536195330-p/05536195330-p.jpg?ts=1767948353785,"₩55,900",,,260622,멀티컬러,,,,
,false,,ZARA,치마,스커트,여성,니트 미니 스커트,https://www.zara.com/kr/ko/%E1%84%82%E1%85%B5%E1%84%90%E1%85%B3-%E1%84%86%E1%85%B5%E1%84%82%E1%85%B5-%E1%84%89%E1%85%B3%E1%84%8F%E1%85%A5%E1%84%90%E1%85%B3-p09598169.html,https://static.zara.net/assets/public/4763/4588/9738436c992f/9904599243dd/09598169801-p/09598169801-p.jpg?ts=1758626696811,"₩55,900",,,260622,다크 그레이,,,,
,false,,ZARA,상의,탑,여성,홀터 니트 탑,https://www.zara.com/kr/ko/%E1%84%92%E1%85%A9%E1%86%AF%E1%84%90%E1%85%A5%E1%84%82%E1%85%A6%E1%86%A8-%E1%84%82%E1%85%B5%E1%84%90%E1%85%B3-%E1%84%90%E1%85%A1%E1%86%B8-p06771030.html,https://static.zara.net/assets/public/8fc1/d1ec/97eb4823bfdb/001c5a08de71/06771030712-p/06771030712-p.jpg?ts=1780643507341,"₩35,900",,,260622,크림,,,,
,false,,ZARA,상의,탑,여성,벌집 니트 재킷,https://www.zara.com/kr/ko/%E1%84%87%E1%85%A5%E1%86%AF%E1%84%8C%E1%85%B5%E1%86%B8-%E1%84%82%E1%85%B5%E1%84%90%E1%85%B3-%E1%84%8C%E1%85%A2%E1%84%8F%E1%85%B5%E1%86%BA-p04938010.html,https://static.zara.net/assets/public/7d8f/c57d/b30b47cd8003/e9f400eed46e/04938010520-p/04938010520-p.jpg?ts=1781180725061,"₩49,900",,,260622,라임,,,,
,false,,ZARA,상의,탑,여성,루즈핏 브이넥 니트 스웨터,https://www.zara.com/kr/ko/%E1%84%85%E1%85%AE%E1%84%8C%E1%85%B3%E1%84%91%E1%85%B5%E1%86%BA-%E1%84%87%E1%85%B3%E1%84%8B%E1%85%B5%E1%84%82%E1%85%A6%E1%86%A8-%E1%84%82%E1%85%B5%E1%84%90%E1%85%B3-%E1%84%89%E1%85%B3%E1%84%8B%E1%85%B0%E1%84%90%E1%85%A5-p03471006.html,https://static.zara.net/assets/public/cecf/5179/cc2e40728e52/2924683a89a9/03471006620-p/03471006620-p.jpg?ts=1781180724636,"₩49,900",,,260622,로즈핑크,,,,
,false,,ZARA,상의,니트,여성,쇼트 슬리브 스트라이프 니트 폴로,https://www.zara.com/kr/ko/%E1%84%89%E1%85%AD%E1%84%90%E1%85%B3-%E1%84%89%E1%85%B3%E1%86%AF%E1%84%85%E1%85%B5%E1%84%87%E1%85%B3-%E1%84%89%E1%85%B3%E1%84%90%E1%85%B3%E1%84%85%E1%85%A1%E1%84%8B%E1%85%B5%E1%84%91%E1%85%B3-%E1%84%82%E1%85%B5%E1%84%90%E1%85%B3-%E1%84%91%E1%85%A9%E1%86%AF%E1%84%85%E1%85%A9%E1%84%89%E1%85%A7%E1%84%8E%E1%85%B3-p05755057.html,https://static.zara.net/assets/public/e6ee/912e/42a14324a39d/2e9e5317d214/05755057104-p/05755057104-p.jpg?ts=1780647236627,"₩49,900",,,260622,스트라이프,,,,
,false,,ZARA,상의,탑,여성,니트 콤비 탑,https://www.zara.com/kr/ko/%E1%84%82%E1%85%B5%E1%84%90%E1%85%B3-%E1%84%8F%E1%85%A9%E1%86%B7%E1%84%87%E1%85%B5-%E1%84%90%E1%85%A1%E1%86%B8-p03921011.html,https://static.zara.net/assets/public/cf47/d7f1/339146ecbbf3/d6debd0ff0e9/03921011800-p/03921011800-p.jpg?ts=1776165333602,"₩49,900",,,260622,블랙,,,,
,false,,ZARA,상의,탑,여성,언밸런스 니트 탑,https://www.zara.com/kr/ko/%E1%84%8B%E1%85%A5%E1%86%AB%E1%84%87%E1%85%A2%E1%86%AF%E1%84%85%E1%85%A5%E1%86%AB%E1%84%89%E1%85%B3-%E1%84%82%E1%85%B5%E1%84%90%E1%85%B3-%E1%84%90%E1%85%A1%E1%86%B8-p09598016.html,https://static.zara.net/assets/public/836a/fc7a/2bf1416db5ca/4bc314bcba72/09598016800-p/09598016800-p.jpg?ts=1780058353953,"₩49,900",,,260622,블랙,,,,
,false,,ZARA,상의,탑,여성,러플 니트 탑,https://www.zara.com/kr/ko/%E1%84%85%E1%85%A5%E1%84%91%E1%85%B3%E1%86%AF-%E1%84%82%E1%85%B5%E1%84%90%E1%85%B3-%E1%84%90%E1%85%A1%E1%86%B8-p03921068.html,https://static.zara.net/assets/public/eb5b/44fd/9f1f457ead73/ccc5bbbff226/03921068620-p/03921068620-p.jpg?ts=1777563339064,"₩49,900",,,260622,로즈핑크,,,,
,false,,ZARA,상의,가디건,여성,더블 레이어 니트 재킷,https://www.zara.com/kr/ko/%E1%84%83%E1%85%A5%E1%84%87%E1%85%B3%E1%86%AF-%E1%84%85%E1%85%A6%E1%84%8B%E1%85%B5%E1%84%8B%E1%85%A5-%E1%84%82%E1%85%B5%E1%84%90%E1%85%B3-%E1%84%8C%E1%85%A2%E1%84%8F%E1%85%B5%E1%86%BA-p03433015.html,https://static.zara.net/assets/public/6822/1b9f/99534abb9d60/558bfd2dd4e9/03433015600-p/03433015600-p.jpg?ts=1779873846856,"₩49,900",,,260622,레드,,,,
,false,,ZARA,상의,가디건,여성,파인 니트 재킷,https://www.zara.com/kr/ko/%E1%84%91%E1%85%A1%E1%84%8B%E1%85%B5%E1%86%AB-%E1%84%82%E1%85%B5%E1%84%90%E1%85%B3-%E1%84%8C%E1%85%A2%E1%84%8F%E1%85%B5%E1%86%BA-p03519015.html,https://static.zara.net/assets/public/3821/b206/b3f847759c28/3a3f03e97c37/03519015300-p/03519015300-p.jpg?ts=1778168191954,"₩49,900",,,260622,노랑,,,,
,false,,ZARA,상의,탑,여성,포인텔 콤비 니트 탑,https://www.zara.com/kr/ko/%E1%84%91%E1%85%A9%E1%84%8B%E1%85%B5%E1%86%AB%E1%84%90%E1%85%A6%E1%86%AF-%E1%84%8F%E1%85%A9%E1%86%B7%E1%84%87%E1%85%B5-%E1%84%82%E1%85%B5%E1%84%90%E1%85%B3-%E1%84%90%E1%85%A1%E1%86%B8-p06236027.html,https://static.zara.net/assets/public/7c22/61ff/5f30409d99e2/f848a47e3787/06236027712-p/06236027712-p.jpg?ts=1774008117065,"₩49,900",,,260622,크림,,,,
,false,,ZARA,상의,니트,여성,쇼트 슬리브 니트 탑,https://www.zara.com/kr/ko/%E1%84%89%E1%85%AD%E1%84%90%E1%85%B3-%E1%84%89%E1%85%B3%E1%86%AF%E1%84%85%E1%85%B5%E1%84%87%E1%85%B3-%E1%84%82%E1%85%B5%E1%84%90%E1%85%B3-%E1%84%90%E1%85%A1%E1%86%B8-p02756031.html,https://static.zara.net/assets/public/4023/537f/a11740909aaa/ede590a272c8/02756031526-p/02756031526-p.jpg?ts=1775723669940,"₩49,900",,,260622,라이트 그린,,,,
,false,,ZARA,상의,탑,여성,메탈릭 얀 홀터넥 탑,https://www.zara.com/kr/ko/%E1%84%86%E1%85%A6%E1%84%90%E1%85%A1%E1%86%AF%E1%84%85%E1%85%B5%E1%86%A8-%E1%84%8B%E1%85%A3%E1%86%AB-%E1%84%92%E1%85%A9%E1%86%AF%E1%84%90%E1%85%A5%E1%84%82%E1%85%A6%E1%86%A8-%E1%84%90%E1%85%A1%E1%86%B8-p04737002.html,https://static.zara.net/assets/public/aa9b/395c/97c2487487d9/5a866f59a019/04737002808-p/04737002808-p.jpg?ts=1775723678496,"₩49,900",,,260622,실버,,,,
,false,,ZARA,상의,가디건,여성,리브드 니트 재킷,https://www.zara.com/kr/ko/%E1%84%85%E1%85%B5%E1%84%87%E1%85%B3%E1%84%83%E1%85%B3-%E1%84%82%E1%85%B5%E1%84%90%E1%85%B3-%E1%84%8C%E1%85%A2%E1%84%8F%E1%85%B5%E1%86%BA-p03390001.html,https://static.zara.net/assets/public/e6e6/26d0/7f6143788884/9f5823b6c3f5/03390001250-p/03390001250-p.jpg?ts=1769708162359,"₩49,900",,,260622,화이트,,,,
,false,,ZARA,상의,탑,여성,쇼트 슬리브 소프트 터치 니트 스웨터,https://www.zara.com/kr/ko/%E1%84%89%E1%85%AD%E1%84%90%E1%85%B3-%E1%84%89%E1%85%B3%E1%86%AF%E1%84%85%E1%85%B5%E1%84%87%E1%85%B3-%E1%84%89%E1%85%A9%E1%84%91%E1%85%B3%E1%84%90%E1%85%B3-%E1%84%90%E1%85%A5%E1%84%8E%E1%85%B5-%E1%84%82%E1%85%B5%E1%84%90%E1%85%B3-%E1%84%89%E1%85%B3%E1%84%8B%E1%85%B0%E1%84%90%E1%85%A5-p05755130.html,https://static.zara.net/assets/public/6d43/8fe5/42c24b62a435/02c4faba2a7b/05755130712-p/05755130712-p.jpg?ts=1764846068177,"₩49,900",,,260622,크림,,,,
,false,,ZARA,치마,스커트,여성,스트라이프 니트 미니 스커트,https://www.zara.com/kr/ko/%E1%84%89%E1%85%B3%E1%84%90%E1%85%B3%E1%84%85%E1%85%A1%E1%84%8B%E1%85%B5%E1%84%91%E1%85%B3-%E1%84%82%E1%85%B5%E1%84%90%E1%85%B3-%E1%84%86%E1%85%B5%E1%84%82%E1%85%B5-%E1%84%89%E1%85%B3%E1%84%8F%E1%85%A5%E1%84%90%E1%85%B3-p02142113.html,https://static.zara.net/assets/public/9614/ab4c/575742fa9996/60b208b867d4/02142112104-a1/02142112104-a1.jpg?ts=1773411788752,"₩49,900",,,260622,스트라이프,,,,
,false,,ZARA,상의,가디건,여성,니트 콤비 탑,https://www.zara.com/kr/ko/%E1%84%8F%E1%85%A9%E1%86%B7%E1%84%87%E1%85%B5-%E1%84%82%E1%85%B5%E1%84%90%E1%85%B3-%E1%84%90%E1%85%A1%E1%86%B8-p03921051.html,https://static.zara.net/assets/public/3ace/c9d2/19a54cbeb181/ae0f8d0644aa/03921051055-p/03921051055-p.jpg?ts=1777282921141,"₩39,900",,,260622,"그레이,블루",,,,
,false,,ZARA,상의,탑,여성,버튼 니트 탑,https://www.zara.com/kr/ko/%E1%84%87%E1%85%A5%E1%84%90%E1%85%B3%E1%86%AB-%E1%84%82%E1%85%B5%E1%84%90%E1%85%B3-%E1%84%90%E1%85%A1%E1%86%B8-p09598072.html,https://static.zara.net/assets/public/9a95/dae7/607e47f7b20c/61d5edfc30c4/07725841405-p/07725841405-p.jpg?ts=1780659857848,"₩45,900",,,260622,라이트 블루,,,,
,false,,ZARA,상의,탑,여성,시스루 니트 탑,https://www.zara.com/kr/ko/%E1%84%89%E1%85%B5%E1%84%89%E1%85%B3%E1%84%85%E1%85%AE-%E1%84%82%E1%85%B5%E1%84%90%E1%85%B3-%E1%84%90%E1%85%A1%E1%86%B8-p02142051.html,https://static.zara.net/assets/public/c955/ce6e/b1df41ba90d6/9f6b28957b5c/02142051250-p/02142051250-p.jpg?ts=1770293444010,"₩45,900",,,260622,화이트,,,,
,false,,ZARA,상의,탑,여성,자카드 니트 재킷,https://www.zara.com/kr/ko/%E1%84%8C%E1%85%A1%E1%84%8F%E1%85%A1%E1%84%83%E1%85%B3-%E1%84%82%E1%85%B5%E1%84%90%E1%85%B3-%E1%84%8C%E1%85%A2%E1%84%8F%E1%85%B5%E1%86%BA-p09874021.html,https://static.zara.net/assets/public/9420/2e37/c083462bb318/0e8ef320850f/09874021526-001-p/09874021526-001-p.jpg?ts=1778774666920,"₩45,900",,,260622,라이트 그린,,,,
,false,,ZARA,상의,니트,여성,버튼 니트 탑,https://www.zara.com/kr/ko/%E1%84%87%E1%85%A5%E1%84%90%E1%85%B3%E1%86%AB-%E1%84%82%E1%85%B5%E1%84%90%E1%85%B3-%E1%84%90%E1%85%A1%E1%86%B8-p05755056.html,https://static.zara.net/assets/public/0d94/cc57/d9974e369ef9/0ca692ad3595/05755056406-p/05755056406-p.jpg?ts=1777384286384,"₩45,900",,,260622,라이트 블루,,,,
,false,,ZARA,상의,니트,여성,숏 슬리브 플레인 니트 베이직 탑,https://www.zara.com/kr/ko/%E1%84%89%E1%85%AD%E1%86%BA-%E1%84%89%E1%85%B3%E1%86%AF%E1%84%85%E1%85%B5%E1%84%87%E1%85%B3-%E1%84%91%E1%85%B3%E1%86%AF%E1%84%85%E1%85%A6%E1%84%8B%E1%85%B5%E1%86%AB-%E1%84%82%E1%85%B5%E1%84%90%E1%85%B3-%E1%84%87%E1%85%A6%E1%84%8B%E1%85%B5%E1%84%8C%E1%85%B5%E1%86%A8-%E1%84%90%E1%85%A1%E1%86%B8-p08851005.html,https://static.zara.net/assets/public/5058/5caf/0af44c2f9ff5/2c08c0abf244/08851005645-p/08851005645-p.jpg?ts=1774450618068,"₩45,900",,,260622,미디움 로즈,,,,
,false,,ZARA,상의,가디건,여성,포인텔 반소매 니트 재킷,https://www.zara.com/kr/ko/%E1%84%89%E1%85%AD%E1%84%90%E1%85%B3-%E1%84%89%E1%85%B3%E1%86%AF%E1%84%85%E1%85%B5%E1%84%87%E1%85%B3-%E1%84%91%E1%85%A9%E1%84%8B%E1%85%B5%E1%86%AB%E1%84%90%E1%85%A6%E1%86%AF-%E1%84%82%E1%85%B5%E1%84%90%E1%85%B3-%E1%84%8C%E1%85%A2%E1%84%8F%E1%85%B5%E1%86%BA-p03519009.html,https://static.zara.net/assets/public/f08f/1b96/df2b4cb48ab3/cd44c1c36c00/03519009727-p/03519009727-p.jpg?ts=1774430869971,"₩45,900",,,260622,바닐라,,,,
,false,,ZARA,상의,니트,여성,쇼트 슬리브 스트라이프 니트 스웨터,https://www.zara.com/kr/ko/%E1%84%89%E1%85%AD%E1%84%90%E1%85%B3-%E1%84%89%E1%85%B3%E1%86%AF%E1%84%85%E1%85%B5%E1%84%87%E1%85%B3-%E1%84%89%E1%85%B3%E1%84%90%E1%85%B3%E1%84%85%E1%85%A1%E1%84%8B%E1%85%B5%E1%84%91%E1%85%B3-%E1%84%82%E1%85%B5%E1%84%90%E1%85%B3-%E1%84%89%E1%85%B3%E1%84%8B%E1%85%B0%E1%84%90%E1%85%A5-p08851009.html,https://static.zara.net/assets/public/0340/e576/7172401b84b6/bfb8323a94ef/08851009104-p/08851009104-p.jpg?ts=1774009918361,"₩45,900",,,260622,스트라이프,,,,
,false,,ZARA,상의,탑,여성,골지 니트 크롭 탑,https://www.zara.com/kr/ko/%E1%84%85%E1%85%B5%E1%84%87%E1%85%B3%E1%84%83%E1%85%B3-%E1%84%82%E1%85%B5%E1%84%90%E1%85%B3-%E1%84%8F%E1%85%B3%E1%84%85%E1%85%A9%E1%86%B8-%E1%84%90%E1%85%A1%E1%86%B8-p03920234.html,https://static.zara.net/assets/public/04ce/76d3/0cd444cca429/18bb6e2d0a91/03920234250-p/03920234250-p.jpg?ts=1771259888087,"₩45,900",,,260622,화이트,,,,
,false,,ZARA,상의,탑,여성,파인 니트 슬리브리스 탑,https://www.zara.com/kr/ko/%E1%84%91%E1%85%A1%E1%84%8B%E1%85%B5%E1%86%AB-%E1%84%82%E1%85%B5%E1%84%90%E1%85%B3-%E1%84%89%E1%85%B3%E1%86%AF%E1%84%85%E1%85%B5%E1%84%87%E1%85%B3%E1%84%85%E1%85%B5%E1%84%89%E1%85%B3-%E1%84%90%E1%85%A1%E1%86%B8-p02142083.html,https://static.zara.net/assets/public/ccdc/2547/6c97499fa268/fcb4570f0701/01950199712-p/01950199712-p.jpg?ts=1781682931430,"₩35,900",,,260622,블랙,,,,
,false,,ZARA,상의,탑,여성,리브드 니트 탑,https://www.zara.com/kr/ko/%E1%84%85%E1%85%B5%E1%84%87%E1%85%B3%E1%84%83%E1%85%B3-%E1%84%82%E1%85%B5%E1%84%90%E1%85%B3-%E1%84%90%E1%85%A1%E1%86%B8-p00244004.html,https://static.zara.net/assets/public/fdb1/f002/1e644387b415/3ca503349023/00244004500-p/00244004500-p.jpg?ts=1781180724625,"₩35,900",,,260622,초록,,,,
,false,,ZARA,상의,탑,여성,리브드 브이넥 니트 탑,https://www.zara.com/kr/ko/%E1%84%85%E1%85%B5%E1%84%87%E1%85%B3%E1%84%83%E1%85%B3-%E1%84%87%E1%85%B3%E1%84%8B%E1%85%B5%E1%84%82%E1%85%A6%E1%86%A8-%E1%84%82%E1%85%B5%E1%84%90%E1%85%B3-%E1%84%90%E1%85%A1%E1%86%B8-p06427008.html,https://static.zara.net/assets/public/2004/bc17/15b643d48bda/499802d32788/06427008250-p/06427008250-p.jpg?ts=1773833201103,"₩35,900",,,260622,화이트,,,,
,false,,ZARA,상의,탑,여성,파인 니트 슬리브리스 탑,https://www.zara.com/kr/ko/%E1%84%91%E1%85%A1%E1%84%8B%E1%85%B5%E1%86%AB-%E1%84%82%E1%85%B5%E1%84%90%E1%85%B3-%E1%84%89%E1%85%B3%E1%86%AF%E1%84%85%E1%85%B5%E1%84%87%E1%85%B3%E1%84%85%E1%85%B5%E1%84%89%E1%85%B3-%E1%84%90%E1%85%A1%E1%86%B8-p02142083.html,https://static.zara.net/assets/public/4db9/1e69/d7c346b5ae67/fd2fc51d9cc1/02142083600-p/02142083600-p.jpg?ts=1772713923621,"₩35,900",,,260622,레드,,,,
,false,,ZARA,상의,니트,여성,크롭 스트라이프 니트 탑,https://www.zara.com/kr/ko/%E1%84%89%E1%85%B3%E1%84%90%E1%85%B3%E1%84%85%E1%85%A1%E1%84%8B%E1%85%B5%E1%84%91%E1%85%B3-%E1%84%82%E1%85%B5%E1%84%90%E1%85%B3-%E1%84%8F%E1%85%B3%E1%84%85%E1%85%A9%E1%86%B8-%E1%84%90%E1%85%A1%E1%86%B8-p06236037.html,https://static.zara.net/assets/public/0307/038f/cc824c3693e8/10e6f3541753/08372230711-p/08372230711-p.jpg?ts=1780500982945,"₩39,900",,,260622,프린트,,,,
,false,,ZARA,바지,반바지,여성,스트라이프 니트 쇼츠,https://www.zara.com/kr/ko/%E1%84%89%E1%85%B3%E1%84%90%E1%85%B3%E1%84%85%E1%85%A1%E1%84%8B%E1%85%B5%E1%84%91%E1%85%B3-%E1%84%82%E1%85%B5%E1%84%90%E1%85%B3-%E1%84%89%E1%85%AD%E1%84%8E%E1%85%B3-p06236038.html,https://static.zara.net/assets/public/8eaf/a212/738548d79f0d/930fc81b714f/06236038047-p/06236038047-p.jpg?ts=1777563372996,"₩39,900",,,260622,프린트,,,,
,false,,ZARA,상의,니트,여성,쇼트 슬리브 스트라이프 스웨터,https://www.zara.com/kr/ko/%E1%84%89%E1%85%AD%E1%84%90%E1%85%B3-%E1%84%89%E1%85%B3%E1%86%AF%E1%84%85%E1%85%B5%E1%84%87%E1%85%B3-%E1%84%89%E1%85%B3%E1%84%90%E1%85%B3%E1%84%85%E1%85%A1%E1%84%8B%E1%85%B5%E1%84%91%E1%85%B3-%E1%84%82%E1%85%B5%E1%84%90%E1%85%B3-%E1%84%89%E1%85%B3%E1%84%8B%E1%85%B0%E1%84%90%E1%85%A5-p03433013.html,https://static.zara.net/assets/public/b708/1df9/8636419da3ed/5c917aaf1d99/03433013104-p/03433013104-p.jpg?ts=1771847069925,"₩39,900",,,260622,스트라이프,,,,
,false,,ZARA,상의,탑,여성,골지 니트 홀터넥 탑,https://www.zara.com/kr/ko/%E1%84%80%E1%85%A9%E1%86%AF%E1%84%8C%E1%85%B5-%E1%84%82%E1%85%B5%E1%84%90%E1%85%B3-%E1%84%92%E1%85%A9%E1%86%AF%E1%84%90%E1%85%A5%E1%84%82%E1%85%A6%E1%86%A8-%E1%84%90%E1%85%A1%E1%86%B8-p03519002.html,https://static.zara.net/assets/public/5d2b/6bbd/c8be4ded84c2/0adfbb520289/03519002250-p/03519002250-p.jpg?ts=1771263215247,"₩39,900",,,260622,화이트,,,,
,false,,ZARA,상의,탑,여성,울 엑스트라 파인 니트 탑,https://www.zara.com/kr/ko/%E1%84%8B%E1%85%AE%E1%86%AF-%E1%84%8B%E1%85%A6%E1%86%A8%E1%84%89%E1%85%B3%E1%84%90%E1%85%B3%E1%84%85%E1%85%A1-%E1%84%91%E1%85%A1%E1%84%8B%E1%85%B5%E1%86%AB-%E1%84%90%E1%85%A1%E1%86%B8-p02142092.html,https://static.zara.net/assets/public/ce01/8196/421e4141bc13/4a09ef577e2a/02142092712-p/02142092712-p.jpg?ts=1771593405248,"₩39,900",,,260622,크림,,,,
,false,,ZARA,상의,탑,여성,파인 니트 탑,https://www.zara.com/kr/ko/%E1%84%91%E1%85%A1%E1%84%8B%E1%85%B5%E1%86%AB-%E1%84%82%E1%85%B5%E1%84%90%E1%85%B3-%E1%84%90%E1%85%A1%E1%86%B8-p03519016.html,https://static.zara.net/assets/public/cc16/6413/201e4dd697b2/fed820f7ab76/03519016300-p/03519016300-p.jpg?ts=1778168196316,"₩35,900",,,260622,노랑,,,,
,false,,ZARA,상의,탑,여성,리브드 니트 탑,https://www.zara.com/kr/ko/%E1%84%85%E1%85%B5%E1%84%87%E1%85%B3%E1%84%83%E1%85%B3-%E1%84%82%E1%85%B5%E1%84%90%E1%85%B3-%E1%84%90%E1%85%A1%E1%86%B8-p00244004.html,https://static.zara.net/assets/public/112b/6565/142646c7b19a/56513166bc3f/00244004250-a4/00244004250-a4.jpg?ts=1776242636419,"₩35,900",,,260622,화이트,,,,
,false,,ZARA,상의,탑,여성,스트라이프 니트 탑,https://www.zara.com/kr/ko/%E1%84%89%E1%85%B3%E1%84%90%E1%85%B3%E1%84%85%E1%85%A1%E1%84%8B%E1%85%B5%E1%84%91%E1%85%B3-%E1%84%82%E1%85%B5%E1%84%90%E1%85%B3-%E1%84%90%E1%85%A1%E1%86%B8-p03471025.html,https://static.zara.net/assets/public/4dad/03f6/384b4e3196d3/245170f3d141/03471025427-p/03471025427-p.jpg?ts=1775645463144,"₩35,900",,,260622,미디움 블루,,,,
,false,,ZARA,상의,니트,여성,스트라이프 니트 스웨터,https://www.zara.com/kr/ko/%E1%84%89%E1%85%B3%E1%84%90%E1%85%B3%E1%84%85%E1%85%A1%E1%84%8B%E1%85%B5%E1%84%91%E1%85%B3-%E1%84%82%E1%85%B5%E1%84%90%E1%85%B3-%E1%84%89%E1%85%B3%E1%84%8B%E1%85%B0%E1%84%90%E1%85%A5-p03920179.html,https://static.zara.net/assets/public/f67f/81dc/93e640869506/2eaccce5471a/03920179436-p/03920179436-p.jpg?ts=1776866674832,"₩55,900",,,260622,하늘색,,,,
,false,,ZARA,상의,탑,여성,슬리브리스 니트 탑,https://www.zara.com/kr/ko/%E1%84%89%E1%85%B3%E1%86%AF%E1%84%85%E1%85%B5%E1%84%87%E1%85%B3%E1%84%85%E1%85%B5%E1%84%89%E1%85%B3-%E1%84%82%E1%85%B5%E1%84%90%E1%85%B3-%E1%84%90%E1%85%A1%E1%86%B8-p02142218.html,https://static.zara.net/assets/public/f2b7/0cbb/e7d04923be2c/38e9c651b742/02142218250-p/02142218250-p.jpg?ts=1779441862101,"₩45,900",,,260622,화이트,,,,
,false,,ZARA,상의,탑,여성,엑스트라 파인 니트 탑,https://www.zara.com/kr/ko/%E1%84%8B%E1%85%A6%E1%86%A8%E1%84%89%E1%85%B3%E1%84%90%E1%85%B3%E1%84%85%E1%85%A1-%E1%84%91%E1%85%A1%E1%84%8B%E1%85%B5%E1%86%AB-%E1%84%82%E1%85%B5%E1%84%90%E1%85%B3-%E1%84%90%E1%85%A1%E1%86%B8-p04192037.html,https://static.zara.net/assets/public/c501/85f5/1331492486c8/39f511b5cf09/04192037250-p/04192037250-p.jpg?ts=1774279822156,"₩39,900",,,260622,화이트,,,,
,false,,ZARA,상의,가디건,여성,7부 소매 니트 재킷,https://www.zara.com/kr/ko/%E1%84%91%E1%85%B3%E1%84%85%E1%85%A6%E1%86%AB%E1%84%8E%E1%85%B5-%E1%84%89%E1%85%B3%E1%86%AF%E1%84%85%E1%85%B5%E1%84%87%E1%85%B3-%E1%84%82%E1%85%B5%E1%84%90%E1%85%B3-%E1%84%8C%E1%85%A2%E1%84%8F%E1%85%B5%E1%86%BA-p06427041.html,https://static.zara.net/assets/public/ae46/87e2/f8be40f6abed/01d1fd886f51/06427041620-016-p/06427041620-016-p.jpg?ts=1776855502677,"₩59,900",,,260622,로즈핑크,,,,
,false,,ZARA,상의,니트,여성,포인텔 니트 탑,https://www.zara.com/kr/ko/%E1%84%91%E1%85%A9%E1%84%8B%E1%85%B5%E1%86%AB%E1%84%90%E1%85%A6%E1%86%AF-%E1%84%82%E1%85%B5%E1%84%90%E1%85%B3-%E1%84%90%E1%85%A1%E1%86%B8-p06236028.html,https://static.zara.net/assets/public/a33e/6c98/eb7d42d0bc67/dc1d18372857/06236028712-p/06236028712-p.jpg?ts=1774008192283,"₩57,900",,,260622,크림,,,,
,false,,ZARA,상의,가디건,여성,벌룬 슬리브 니트 재킷,https://www.zara.com/kr/ko/%E1%84%87%E1%85%A5%E1%86%AF%E1%84%85%E1%85%AE%E1%86%AB-%E1%84%89%E1%85%B3%E1%86%AF%E1%84%85%E1%85%B5%E1%84%87%E1%85%B3-%E1%84%82%E1%85%B5%E1%84%90%E1%85%B3-%E1%84%8C%E1%85%A2%E1%84%8F%E1%85%B5%E1%86%BA-p05802005.html,https://static.zara.net/assets/public/113b/c764/70894487ad69/0fbf3c2eb9bc/05802005406-p/05802005406-p.jpg?ts=1773411810498,"₩57,900",,,260622,라이트 블루,,,,
,false,,ZARA,상의,가디건,여성,콤비 니트 재킷,https://www.zara.com/kr/ko/%E1%84%8F%E1%85%A9%E1%86%B7%E1%84%87%E1%85%B5-%E1%84%82%E1%85%B5%E1%84%90%E1%85%B3-%E1%84%8C%E1%85%A2%E1%84%8F%E1%85%B5%E1%86%BA-p02893013.html,https://static.zara.net/assets/public/7b24/2915/a352421584eb/f7e004c3a124/02893013044-p/02893013044-p.jpg?ts=1772470830198,"₩57,900",,,260622,"블루 ,화이트",,,,
,false,,ZARA,상의,탑,여성,셔링 니트 탑,https://www.zara.com/kr/ko/%E1%84%89%E1%85%A7%E1%84%85%E1%85%B5%E1%86%BC-%E1%84%82%E1%85%B5%E1%84%90%E1%85%B3-%E1%84%90%E1%85%A1%E1%86%B8-p02142108.html,https://static.zara.net/assets/public/f171/fc51/361246848129/657f33358260/02142108250-a1/02142108250-a1.jpg?ts=1772038855974,"₩55,900",,,260622,화이트,,,,
,false,,ZARA,상의,가디건,여성,엑스트라 파인 니트 재킷,https://www.zara.com/kr/ko/%E1%84%8B%E1%85%A6%E1%86%A8%E1%84%89%E1%85%B3%E1%84%90%E1%85%B3%E1%84%85%E1%85%A1-%E1%84%91%E1%85%A1%E1%84%8B%E1%85%B5%E1%86%AB-%E1%84%82%E1%85%B5%E1%84%90%E1%85%B3-%E1%84%8C%E1%85%A2%E1%84%8F%E1%85%B5%E1%86%BA-p02142081.html,https://static.zara.net/assets/public/b88e/2f7c/8c464bebb90c/938591d4191f/02142081600-p/02142081600-p.jpg?ts=1777448343935,"₩55,900",,,260622,레드,,,,
,false,,ZARA,상의,가디건,여성,시스루 니트 재킷,https://www.zara.com/kr/ko/%E1%84%89%E1%85%B5%E1%84%89%E1%85%B3%E1%84%85%E1%85%AE-%E1%84%82%E1%85%B5%E1%84%90%E1%85%B3-%E1%84%8C%E1%85%A2%E1%84%8F%E1%85%B5%E1%86%BA-p03920733.html,https://static.zara.net/assets/public/dc1b/c59f/328d4f3f9881/c5d17cd4b71b/03920733800-p/03920733800-p.jpg?ts=1773055639499,"₩55,900",,,260622,블랙,,,,
,false,,ZARA,상의,니트,여성,솔기 숄더 니트 스웨터,https://www.zara.com/kr/ko/%E1%84%89%E1%85%AD%E1%86%AF%E1%84%83%E1%85%A5-%E1%84%89%E1%85%A9%E1%86%AF%E1%84%80%E1%85%B5-%E1%84%82%E1%85%B5%E1%84%90%E1%85%B3-%E1%84%89%E1%85%B3%E1%84%8B%E1%85%B0%E1%84%90%E1%85%A5-p03920717.html,https://static.zara.net/assets/public/af99/cbd6/562e4cfb9cfa/c2a77f30192a/03920717515-p/03920717515-p.jpg?ts=1772017072851,"₩55,900",,,260622,올리브,,,,
,false,,ZARA,상의,탑,여성,벌집 니트 재킷,https://www.zara.com/kr/ko/%E1%84%87%E1%85%A5%E1%86%AF%E1%84%8C%E1%85%B5%E1%86%B8-%E1%84%82%E1%85%B5%E1%84%90%E1%85%B3-%E1%84%8C%E1%85%A2%E1%84%8F%E1%85%B5%E1%86%BA-p04938010.html,https://static.zara.net/assets/public/a3ad/4da6/b0564822ae72/adca7f2a8578/04928010800-a2/04928010800-a2.jpg?ts=1778770528183,"₩49,900",,,260622,블랙,,,,
,false,,ZARA,상의,니트,여성,버튼 니트 탑,https://www.zara.com/kr/ko/%E1%84%87%E1%85%A5%E1%84%90%E1%85%B3%E1%86%AB-%E1%84%82%E1%85%B5%E1%84%90%E1%85%B3-%E1%84%90%E1%85%A1%E1%86%B8-p05755056.html,https://static.zara.net/assets/public/cf89/d3d5/0ef0430c8e82/48934f8ba8f7/05755056800-p/05755056800-p.jpg?ts=1777026463015,"₩45,900",,,260622,블랙,,,,
,false,,ZARA,상의,탑,여성,엑스트라 파인 니트 스웨터,https://www.zara.com/kr/ko/%E1%84%8B%E1%85%A6%E1%86%A8%E1%84%89%E1%85%B3%E1%84%90%E1%85%B3%E1%84%85%E1%85%A1-%E1%84%91%E1%85%A1%E1%84%8B%E1%85%B5%E1%86%AB-%E1%84%82%E1%85%B5%E1%84%90%E1%85%B3-%E1%84%89%E1%85%B3%E1%84%8B%E1%85%B0%E1%84%90%E1%85%A5-p09598036.html,https://static.zara.net/assets/public/72d8/e171/b38547cfbaaf/d219856a2e2c/09598036645-p/09598036645-p.jpg?ts=1770293729498,"₩45,900",,,260622,미디움 로즈,,,,
,false,,ZARA,원피스,원피스,여성,드레이프 미디 니트 원피스,https://www.zara.com/kr/ko/%E1%84%83%E1%85%B3%E1%84%85%E1%85%A6%E1%84%8B%E1%85%B5%E1%84%91%E1%85%B3-%E1%84%86%E1%85%B5%E1%84%83%E1%85%B5-%E1%84%82%E1%85%B5%E1%84%90%E1%85%B3-%E1%84%8B%E1%85%AF%E1%86%AB%E1%84%91%E1%85%B5%E1%84%89%E1%85%B3-p02756038.html,https://static.zara.net/assets/public/c1f0/8964/8c3d482696ab/0bbddc0269ec/02756038600-p/02756038600-p.jpg?ts=1780572546533,"₩89,900",,,260622,레드,,,,
,false,,ZARA,상의,탑,여성,스트라이프 니트 탑,https://www.zara.com/kr/ko/%E1%84%89%E1%85%B3%E1%84%90%E1%85%B3%E1%84%85%E1%85%A1%E1%84%8B%E1%85%B5%E1%84%91%E1%85%B3-%E1%84%82%E1%85%B5%E1%84%90%E1%85%B3-%E1%84%90%E1%85%A1%E1%86%B8-p04192045.html,https://static.zara.net/assets/public/db6b/244b/325244c2ada1/179cf8b6991c/08228021427-p/08228021427-p.jpg?ts=1781092369250,"₩39,900",,,260622,블루,,,,
,false,,ZARA,상의,탑,여성,크로셰 밑단 니트 탑,https://www.zara.com/kr/ko/%E1%84%8F%E1%85%B3%E1%84%85%E1%85%A9%E1%84%89%E1%85%A8-%E1%84%86%E1%85%B5%E1%87%80%E1%84%83%E1%85%A1%E1%86%AB-%E1%84%82%E1%85%B5%E1%84%90%E1%85%B3-%E1%84%90%E1%85%A1%E1%86%B8-p03920184.html,https://static.zara.net/assets/public/d333/4136/db7048308f21/61348acb8e55/03920184712-p/03920184712-p.jpg?ts=1774008111867,"₩39,900",,,260622,크림,,,,
,false,,ZARA,상의,가디건,여성,SOSHIOTSUKI X ZARA 울 숄더 패드 재킷,https://www.zara.com/kr/ko/soshiotsuki-x-zara-%E1%84%8B%E1%85%AE%E1%86%AF-%E1%84%89%E1%85%AD%E1%86%AF%E1%84%83%E1%85%A5-%E1%84%91%E1%85%A2%E1%84%83%E1%85%B3-%E1%84%8C%E1%85%A2%E1%84%8F%E1%85%B5%E1%86%BA-p04192165.html,https://static.zara.net/assets/public/4030/2716/f9234a88a0d5/80047f5ba13d/04192165532-p/04192165532-p.jpg?ts=1764678130824,"₩209,900",,,260622,다크 보틀,,,,
,false,,ZARA,상의,가디건,여성,7부 소매 니트 재킷,https://www.zara.com/kr/ko/%E1%84%91%E1%85%B3%E1%84%85%E1%85%A6%E1%86%AB%E1%84%8E%E1%85%B5-%E1%84%89%E1%85%B3%E1%86%AF%E1%84%85%E1%85%B5%E1%84%87%E1%85%B3-%E1%84%82%E1%85%B5%E1%84%90%E1%85%B3-%E1%84%8C%E1%85%A2%E1%84%8F%E1%85%B5%E1%86%BA-p06427026.html,https://static.zara.net/assets/public/30a2/accc/dd80487aa816/3c219f4028fe/06427026721-p/06427026721-p.jpg?ts=1781105360321,"₩59,900",,,260622,라이트 베이지,,,,
,false,,ZARA,상의,니트,여성,스트라이프 니트 폴로셔츠,https://www.zara.com/kr/ko/%E1%84%89%E1%85%B3%E1%84%90%E1%85%B3%E1%84%85%E1%85%A1%E1%84%8B%E1%85%B5%E1%84%91%E1%85%B3-%E1%84%82%E1%85%B5%E1%84%90%E1%85%B3-%E1%84%91%E1%85%A9%E1%86%AF%E1%84%85%E1%85%A9%E1%84%89%E1%85%A7%E1%84%8E%E1%85%B3-p05536060.html,https://static.zara.net/assets/public/2d56/c59a/bde04be9beb9/59a6c03d7c80/05536060104-p/05536060104-p.jpg?ts=1776957593644,"₩59,900",,,260622,스트라이프,,,,
,false,,ZARA,상의,가디건,여성,벌룬 슬리브 니트 재킷,https://www.zara.com/kr/ko/%E1%84%87%E1%85%A5%E1%86%AF%E1%84%85%E1%85%AE%E1%86%AB-%E1%84%89%E1%85%A9%E1%84%86%E1%85%A2-%E1%84%82%E1%85%B5%E1%84%90%E1%85%B3-%E1%84%8C%E1%85%A2%E1%84%8F%E1%85%B5%E1%86%BA-p00014005.html,https://static.zara.net/assets/public/22de/1467/489a43b7b815/7d1eb484ea65/00014005715-p/00014005715-p.jpg?ts=1776250624435,"₩59,900",,,260622,미디움 크림,,,,
,false,,ZARA,상의,가디건,여성,니트 쇼트 재킷,https://www.zara.com/kr/ko/%E1%84%8F%E1%85%B3%E1%84%85%E1%85%A9%E1%86%B8-%E1%84%82%E1%85%B5%E1%84%90%E1%85%B3-%E1%84%8C%E1%85%B5%E1%86%B8%E1%84%8B%E1%85%A5%E1%86%B8-%E1%84%8C%E1%85%A2%E1%84%8F%E1%85%B5%E1%86%BA-p05536080.html,https://static.zara.net/assets/public/17b8/6ccd/abd94be592cf/250b440d4043/05536080800-p/05536080800-p.jpg?ts=1778769622950,"₩57,900",,,260622,블랙,,,,
,false,,ZARA,상의,탑,여성,보트넥 니트 탑,https://www.zara.com/kr/ko/%E1%84%87%E1%85%A9%E1%84%90%E1%85%B3%E1%84%82%E1%85%A6%E1%86%A8-%E1%84%82%E1%85%B5%E1%84%90%E1%85%B3-%E1%84%90%E1%85%A1%E1%86%B8-p05536082.html,https://static.zara.net/assets/public/9cb9/42ba/08d2467dbe5c/1cb29b4ae6ec/05536082250-p/05536082250-p.jpg?ts=1779290552037,"₩57,900",,,260622,화이트,,,,
,false,,ZARA,원피스,원피스,여성,골지 니트 미니 원피스,https://www.zara.com/kr/ko/%E1%84%80%E1%85%A9%E1%86%AF%E1%84%8C%E1%85%B5-%E1%84%82%E1%85%B5%E1%84%90%E1%85%B3-%E1%84%86%E1%85%B5%E1%84%82%E1%85%B5-%E1%84%8B%E1%85%AF%E1%86%AB%E1%84%91%E1%85%B5%E1%84%89%E1%85%B3-p03921067.html,https://static.zara.net/assets/public/d4fb/5371/dbec4c9783bc/b089462cfb99/03921067800-p/03921067800-p.jpg?ts=1779447384638,"₩55,900",,,260622,블랙,,,,
,false,,ZARA,상의,탑,여성,웨이브 마감 니트 탑,https://www.zara.com/kr/ko/%E1%84%8B%E1%85%B0%E1%84%8B%E1%85%B5%E1%84%87%E1%85%B3-%E1%84%86%E1%85%A1%E1%84%80%E1%85%A1%E1%86%B7-%E1%84%82%E1%85%B5%E1%84%90%E1%85%B3-%E1%84%90%E1%85%A1%E1%86%B8-p00014027.html,https://static.zara.net/assets/public/b36f/9945/e2044f19bde1/4267bdfdc7a2/00014027712-p/00014027712-p.jpg?ts=1779274056844,"₩55,900",,,260622,크림,,,,
,false,,ZARA,상의,가디건,여성,벌집 니트 재킷,https://www.zara.com/kr/ko/%E1%84%87%E1%85%A5%E1%86%AF%E1%84%8C%E1%85%B5%E1%86%B8-%E1%84%82%E1%85%B5%E1%84%90%E1%85%B3-%E1%84%8C%E1%85%A2%E1%84%8F%E1%85%B5%E1%86%BA-p04938012.html,https://static.zara.net/assets/public/f483/1144/c9e847839f89/2fa14f282431/04938012250-p/04938012250-p.jpg?ts=1776955593080,"₩55,900",,,260622,화이트,,,,
,false,,ZARA,상의,니트,여성,루즈 니트 스웨터,https://www.zara.com/kr/ko/%E1%84%85%E1%85%AE%E1%84%8C%E1%85%B3-%E1%84%82%E1%85%B5%E1%84%90%E1%85%B3-%E1%84%89%E1%85%B3%E1%84%8B%E1%85%B0%E1%84%90%E1%85%A5-p02142098.html,https://static.zara.net/assets/public/4160/0003/cd634d569517/8ec12f48e34f/02142098072-a2/02142098072-a2.jpg?ts=1771593410857,"₩55,900",,,260622,아이보리-화이트,,,,
,false,,ZARA,상의,탑,여성,시스루 도트 니트 탑,https://www.zara.com/kr/ko/%E1%84%89%E1%85%B5%E1%84%89%E1%85%B3%E1%84%85%E1%85%AE-%E1%84%83%E1%85%A9%E1%84%90%E1%85%B3-%E1%84%82%E1%85%B5%E1%84%90%E1%85%B3-%E1%84%90%E1%85%A1%E1%86%B8-p09598096.html,https://static.zara.net/assets/public/c711/8f0b/f05d4050ad6f/3e16c01b17f1/09598096800-p/09598096800-p.jpg?ts=1779289148457,"₩49,900",,,260622,블랙,,,,
,false,,ZARA,상의,가디건,여성,파인 니트 재킷,https://www.zara.com/kr/ko/%E1%84%91%E1%85%A1%E1%84%8B%E1%85%B5%E1%86%AB-%E1%84%82%E1%85%B5%E1%84%90%E1%85%B3-%E1%84%8C%E1%85%A2%E1%84%8F%E1%85%B5%E1%86%BA-p03519015.html,https://static.zara.net/assets/public/c2c8/a4d7/707d491fb9d7/a57cb48c0eb2/03519015300-p/03519015300-p.jpg?ts=1781076431992,"₩49,900",,,260622,노랑,,,,
,false,,ZARA,상의,니트,여성,쇼트 슬리브 스트라이프 니트 폴로,https://www.zara.com/kr/ko/%E1%84%89%E1%85%AD%E1%84%90%E1%85%B3-%E1%84%89%E1%85%B3%E1%86%AF%E1%84%85%E1%85%B5%E1%84%87%E1%85%B3-%E1%84%89%E1%85%B3%E1%84%90%E1%85%B3%E1%84%85%E1%85%A1%E1%84%8B%E1%85%B5%E1%84%91%E1%85%B3-%E1%84%82%E1%85%B5%E1%84%90%E1%85%B3-%E1%84%91%E1%85%A9%E1%86%AF%E1%84%85%E1%85%A9%E1%84%89%E1%85%A7%E1%84%8E%E1%85%B3-p05755057.html,https://static.zara.net/assets/public/f78d/b2bb/d55e4426b835/a27d8943a6b7/05755057104-000-p/05755057104-000-p.jpg?ts=1777039754991,"₩49,900",,,260622,스트라이프,,,,
,false,,ZARA,상의,니트,여성,더블 니트 스웨터,https://www.zara.com/kr/ko/%E1%84%83%E1%85%A5%E1%84%87%E1%85%B3%E1%86%AF-%E1%84%82%E1%85%B5%E1%84%90%E1%85%B3-%E1%84%89%E1%85%B3%E1%84%8B%E1%85%B0%E1%84%90%E1%85%A5-p01509130.html,https://static.zara.net/assets/public/2329/9489/1db942bcab3c/b02df38ab8c0/01509130711-p/01509130711-p.jpg?ts=1773244937603,"₩49,900",,,260622,샌드,,,,
,false,,ZARA,상의,니트,여성,시스루 니트 폴로셔츠,https://www.zara.com/kr/ko/%E1%84%89%E1%85%B5%E1%84%89%E1%85%B3%E1%84%85%E1%85%AE-%E1%84%82%E1%85%B5%E1%84%90%E1%85%B3-%E1%84%91%E1%85%A9%E1%86%AF%E1%84%85%E1%85%A9%E1%84%89%E1%85%A7%E1%84%8E%E1%85%B3-p08779003.html,https://static.zara.net/assets/public/c39f/7a33/7329465ab106/76efa4c939fa/08779003250-p/08779003250-p.jpg?ts=1777028795699,"₩49,900",,,260622,화이트,,,,
,false,,ZARA,상의,탑,여성,하트 시스루 니트 탑,https://www.zara.com/kr/ko/%E1%84%92%E1%85%A1%E1%84%90%E1%85%B3-%E1%84%89%E1%85%B5%E1%84%89%E1%85%B3%E1%84%85%E1%85%AE-%E1%84%82%E1%85%B5%E1%84%90%E1%85%B3-%E1%84%90%E1%85%A1%E1%86%B8-p09874023.html,https://static.zara.net/assets/public/57d6/4694/5c364e54ab33/7f40add5702d/09874023050-p/09874023050-p.jpg?ts=1779285024192,"₩49,900",,,260622,단색,,,,
,false,,ZARA,상의,탑,여성,플라워 세미 시스루 니트 탑,https://www.zara.com/kr/ko/%E1%84%89%E1%85%A6%E1%84%86%E1%85%B5-%E1%84%89%E1%85%B5%E1%84%89%E1%85%B3%E1%84%85%E1%85%AE-%E1%84%91%E1%85%B3%E1%86%AF%E1%84%85%E1%85%A1%E1%84%8B%E1%85%AF-%E1%84%82%E1%85%B5%E1%84%90%E1%85%B3-%E1%84%90%E1%85%A1%E1%86%B8-p09598095.html,https://static.zara.net/assets/public/e0a8/dd80/750148798755/7bda0a52cdde/09598095423-p/09598095423-p.jpg?ts=1779272168447,"₩49,900",,,260622,파스텔 블루,,,,
,false,,ZARA,원피스,원피스,여성,스트라이프 니트 미니 원피스,https://www.zara.com/kr/ko/%E1%84%89%E1%85%B3%E1%84%90%E1%85%B3%E1%84%85%E1%85%A1%E1%84%8B%E1%85%B5%E1%84%91%E1%85%B3-%E1%84%82%E1%85%B5%E1%84%90%E1%85%B3-%E1%84%86%E1%85%B5%E1%84%82%E1%85%B5-%E1%84%8B%E1%85%AF%E1%86%AB%E1%84%91%E1%85%B5%E1%84%89%E1%85%B3-p06771036.html,https://static.zara.net/assets/public/0579/bbb0/fa7243af9b8e/c62a6ffbff39/06771036330-p/06771036330-p.jpg?ts=1777563386365,"₩49,900",,,260622,멀티컬러,,,,
,false,,ZARA,상의,탑,여성,쇼트 슬리브 소프트 터치 니트 스웨터,https://www.zara.com/kr/ko/%E1%84%89%E1%85%AD%E1%84%90%E1%85%B3-%E1%84%89%E1%85%B3%E1%86%AF%E1%84%85%E1%85%B5%E1%84%87%E1%85%B3-%E1%84%89%E1%85%A9%E1%84%91%E1%85%B3%E1%84%90%E1%85%B3-%E1%84%90%E1%85%A5%E1%84%8E%E1%85%B5-%E1%84%82%E1%85%B5%E1%84%90%E1%85%B3-%E1%84%89%E1%85%B3%E1%84%8B%E1%85%B0%E1%84%90%E1%85%A5-p05755130.html,https://static.zara.net/assets/public/d280/d01e/f40e4e11b542/969a97a49527/05755130803-p/05755130803-p.jpg?ts=1763111180125,"₩49,900",,,260622,그레이,,,,
,false,,ZARA,상의,탑,여성,웨이브 밑단 니트 탑,https://www.zara.com/kr/ko/%E1%84%8B%E1%85%B0%E1%84%8B%E1%85%B5%E1%84%87%E1%85%B5-%E1%84%92%E1%85%A6%E1%86%B7-%E1%84%82%E1%85%B5%E1%84%90%E1%85%B3-%E1%84%90%E1%85%A1%E1%86%B8-p00014028.html,https://static.zara.net/assets/public/1a86/c0f6/3460449b9168/ebd84eec83c6/00014028800-p/00014028800-p.jpg?ts=1779279611403,"₩45,900",,,260622,블랙,,,,
,false,,ZARA,상의,탑,여성,버튼 니트 탑,https://www.zara.com/kr/ko/%E1%84%87%E1%85%A5%E1%84%90%E1%85%B3%E1%86%AB-%E1%84%82%E1%85%B5%E1%84%90%E1%85%B3-%E1%84%90%E1%85%A1%E1%86%B8-p09598072.html,https://static.zara.net/assets/public/67c2/7566/79d94067923f/daa73814d9a2/09598072406-p/09598072406-p.jpg?ts=1778767758829,"₩45,900",,,260622,라이트 블루,,,,
,false,,ZARA,상의,가디건,여성,니트 콤비 반소매 재킷,https://www.zara.com/kr/ko/%E1%84%82%E1%85%B5%E1%84%90%E1%85%B3-%E1%84%8F%E1%85%A9%E1%86%B7%E1%84%87%E1%85%B5-%E1%84%87%E1%85%A1%E1%86%AB%E1%84%89%E1%85%A9%E1%84%86%E1%85%A2-%E1%84%8C%E1%85%A2%E1%84%8F%E1%85%B5%E1%86%BA-p03921050.html,https://static.zara.net/assets/public/ca20/664b/fe04406b8b18/93332386104b/03921050809-e1/03921050809-e1.jpg?ts=1777557704546,"₩45,900",,,260622,미디움 그레이,,,,
,false,,ZARA,상의,니트,여성,베이직 쇼트 슬리브 니트 스웨터,https://www.zara.com/kr/ko/%E1%84%89%E1%85%AD%E1%86%BA-%E1%84%89%E1%85%B3%E1%86%AF%E1%84%85%E1%85%B5%E1%84%87%E1%85%B3-%E1%84%91%E1%85%B3%E1%86%AF%E1%84%85%E1%85%A6%E1%84%8B%E1%85%B5%E1%86%AB-%E1%84%82%E1%85%B5%E1%84%90%E1%85%B3-%E1%84%87%E1%85%A6%E1%84%8B%E1%85%B5%E1%84%8C%E1%85%B5%E1%86%A8-%E1%84%90%E1%85%A1%E1%86%B8-p08851005.html,https://static.zara.net/assets/public/7a94/2e04/58be4050a2ce/8f6aea933204/08851001250-p/08851001250-p.jpg?ts=1740478465375,"₩45,900",,,260622,화이트,,,,
,false,,ZARA,상의,가디건,여성,피터팬 칼라 반소매 니트 재킷,https://www.zara.com/kr/ko/%E1%84%91%E1%85%B5%E1%84%90%E1%85%A5%E1%84%91%E1%85%A2%E1%86%AB-%E1%84%8F%E1%85%A1%E1%86%AF%E1%84%85%E1%85%A1-%E1%84%87%E1%85%A1%E1%86%AB%E1%84%89%E1%85%A9%E1%84%86%E1%85%A2-%E1%84%82%E1%85%B5%E1%84%90%E1%85%B3-%E1%84%8C%E1%85%A2%E1%84%8F%E1%85%B5%E1%86%BA-p03433016.html,https://static.zara.net/assets/public/9cbe/8fa1/0a9f420aa955/e260e36a72f1/03433016407-p/03433016407-p.jpg?ts=1771861442409,"₩45,900",,,260622,블루,,,,
,false,,ZARA,상의,탑,여성,스트라이프 니트 탑,https://www.zara.com/kr/ko/%E1%84%89%E1%85%B3%E1%84%90%E1%85%B3%E1%84%85%E1%85%A1%E1%84%8B%E1%85%B5%E1%84%91%E1%85%B3-%E1%84%82%E1%85%B5%E1%84%90%E1%85%B3-%E1%84%90%E1%85%A1%E1%86%B8-p04192045.html,https://static.zara.net/assets/public/5e91/61f5/1d41426fbc48/91adb15b86cb/04192045400-p/04192045400-p.jpg?ts=1777480480407,"₩39,900",,,260622,블루,,,,
,false,,ZARA,상의,탑,여성,리브드 니트 탑,https://www.zara.com/kr/ko/%E1%84%85%E1%85%B5%E1%84%87%E1%85%B3%E1%84%83%E1%85%B3-%E1%84%82%E1%85%B5%E1%84%90%E1%85%B3-%E1%84%90%E1%85%A1%E1%86%B8-p00244004.html,https://static.zara.net/assets/public/556e/e32f/6e104e4dbcc9/016e5fcf9a08/00244004250-p/00244004250-p.jpg?ts=1781684668236,"₩35,900",,,260622,화이트,,,,
,false,,ZARA,상의,탑,여성,골지 홀터넥 탑,https://www.zara.com/kr/ko/%E1%84%80%E1%85%A9%E1%86%AF%E1%84%8C%E1%85%B5-%E1%84%92%E1%85%A9%E1%86%AF%E1%84%90%E1%85%A5%E1%84%82%E1%85%A6%E1%86%A8-%E1%84%82%E1%85%B5%E1%84%90%E1%85%B3-%E1%84%90%E1%85%A1%E1%86%B8-p03471026.html,https://static.zara.net/assets/public/7d0d/ddbe/e1bc43b8866c/1b9569fd269a/03471026645-p/03471026645-p.jpg?ts=1781180725082,"₩35,900",,,260622,미디움 로즈,,,,
,false,,ZARA,바지,반바지,여성,오픈워크 니트 쇼츠,https://www.zara.com/kr/ko/%E1%84%8B%E1%85%A9%E1%84%91%E1%85%B3%E1%86%AB%E1%84%8B%E1%85%AF%E1%84%8F%E1%85%B3-%E1%84%82%E1%85%B5%E1%84%90%E1%85%B3-%E1%84%89%E1%85%AD%E1%84%8E%E1%85%B3-p03921042.html,https://static.zara.net/assets/public/4412/1b8d/ead046ebb9d1/74ab6ca7b861/03921042250-p/03921042250-p.jpg?ts=1776859937221,"₩35,900",,,260622,화이트,,,,
,false,,ZARA,상의,니트,여성,플라워 텍스처 콤비 니트 스웨터,https://www.zara.com/kr/ko/%E1%84%91%E1%85%B3%E1%86%AF%E1%84%85%E1%85%A1%E1%84%8B%E1%85%AF-%E1%84%90%E1%85%A6%E1%86%A8%E1%84%89%E1%85%B3%E1%84%8E%E1%85%A5-%E1%84%8F%E1%85%A9%E1%86%B7%E1%84%87%E1%85%B5-%E1%84%82%E1%85%B5%E1%84%90%E1%85%B3-%E1%84%89%E1%85%B3%E1%84%8B%E1%85%B0%E1%84%90%E1%85%A5-p03920028.html,https://static.zara.net/assets/public/e664/66d2/c4174bc3858a/f8ad089022b3/03920028942-p/03920028942-p.jpg?ts=1771595281800,"₩109,900",,,260622,베이지 핑크,,,,
,false,,ZARA,상의,탑,여성,콤비 니트 스웨터,https://www.zara.com/kr/ko/%E1%84%8F%E1%85%A9%E1%86%B7%E1%84%87%E1%85%B5-%E1%84%82%E1%85%B5%E1%84%90%E1%85%B3-%E1%84%89%E1%85%B3%E1%84%8B%E1%85%B0%E1%84%90%E1%85%A5-p09598068.html,https://static.zara.net/assets/public/1b44/1446/4f074b4e9d3d/8d8b5d959751/09598068250-p/09598068250-p.jpg?ts=1776697580502,"₩109,900",,,260622,화이트,,,,
,false,,ZARA,상의,니트,여성,태슬 펀칭 니트 원피스,https://www.zara.com/kr/ko/%E1%84%90%E1%85%A2%E1%84%89%E1%85%B3%E1%86%AF-%E1%84%91%E1%85%A5%E1%86%AB%E1%84%8E%E1%85%B5%E1%86%BC-%E1%84%82%E1%85%B5%E1%84%90%E1%85%B3-%E1%84%8B%E1%85%AF%E1%86%AB%E1%84%91%E1%85%B5%E1%84%89%E1%85%B3-p03969001.html,https://static.zara.net/assets/public/bf7d/a561/d8b24c2fa752/f5d001f52114/03969001712-p/03969001712-p.jpg?ts=1776094418900,"₩109,900",,,260622,크림,,,,
,false,,ZARA,상의,탑,여성,언밸런스 스트라이프 니트 탑 - THE ITEM ZARA WOMAN,https://www.zara.com/kr/ko/%E1%84%8B%E1%85%A5%E1%86%AB%E1%84%87%E1%85%A2%E1%86%AF%E1%84%85%E1%85%A5%E1%86%AB%E1%84%89%E1%85%B3-%E1%84%89%E1%85%B3%E1%84%90%E1%85%B3%E1%84%85%E1%85%A1%E1%84%8B%E1%85%B5%E1%84%91%E1%85%B3-%E1%84%82%E1%85%B5%E1%84%90%E1%85%B3-%E1%84%90%E1%85%A1%E1%86%B8---the-item-zara-woman-p02142214.html,https://static.zara.net/assets/public/8882/0b1e/b4e449f48eca/cfe4dbcd3e8e/02142214061-p/02142214061-p.jpg?ts=1780909799829,"₩89,900",,,260622,"화이트,레드",,,,
,false,,ZARA,원피스,원피스,여성,롱 니트 콤비 원피스,https://www.zara.com/kr/ko/%E1%84%85%E1%85%A9%E1%86%BC-%E1%84%82%E1%85%B5%E1%84%90%E1%85%B3-%E1%84%8F%E1%85%A9%E1%86%B7%E1%84%87%E1%85%B5-%E1%84%8B%E1%85%AF%E1%86%AB%E1%84%91%E1%85%B5%E1%84%89%E1%85%B3-p02142138.html,https://static.zara.net/assets/public/6a4e/b199/b29d4a158c6a/8e233d9d68f6/02142138401-p/02142138401-p.jpg?ts=1774432385592,"₩89,900",,,260622,네이비,,,,
,false,,ZARA,상의,니트,여성,레이스 니트 스웨터,https://www.zara.com/kr/ko/%E1%84%85%E1%85%A6%E1%84%8B%E1%85%B5%E1%84%89%E1%85%B3-%E1%84%82%E1%85%B5%E1%84%90%E1%85%B3-%E1%84%89%E1%85%B3%E1%84%8B%E1%85%B0%E1%84%90%E1%85%A5-p05755125.html,https://static.zara.net/assets/public/be21/5b0b/53d94b41b0e5/f6a6673a2981/05755125712-p/05755125712-p.jpg?ts=1766146343915,"₩89,900",,,260622,크림,,,,
,false,,ZARA,상의,니트,여성,100% 린넨 오픈워크 니트 스웨터,https://www.zara.com/kr/ko/100-%E1%84%85%E1%85%B5%E1%86%AB%E1%84%82%E1%85%A6%E1%86%AB-%E1%84%8B%E1%85%A9%E1%84%91%E1%85%B3%E1%86%AB%E1%84%8B%E1%85%AF%E1%84%8F%E1%85%B3-%E1%84%82%E1%85%B5%E1%84%90%E1%85%B3-%E1%84%89%E1%85%B3%E1%84%8B%E1%85%B0%E1%84%90%E1%85%A5-p02142244.html,https://static.zara.net/assets/public/5e95/0188/c02348b79844/96adfc8f8799/02142244738-p/02142244738-p.jpg?ts=1772191234844,"₩89,900",,,260622,끈,,,,
,false,,ZARA,상의,가디건,여성,니트 봄버 재킷,https://www.zara.com/kr/ko/%E1%84%82%E1%85%B5%E1%84%90%E1%85%B3-%E1%84%87%E1%85%A9%E1%86%B7%E1%84%87%E1%85%A5-%E1%84%8C%E1%85%A2%E1%84%8F%E1%85%B5%E1%86%BA-p09598043.html,https://static.zara.net/assets/public/401c/5c32/7bbf41c3bd17/3a0b07eadae8/09598043713-p/09598043713-p.jpg?ts=1778067744730,"₩79,900",,,260622,베이지 핑크,,,,
,false,,ZARA,원피스,원피스,여성,사이드 셔링 롱 니트 원피스,https://www.zara.com/kr/ko/%E1%84%89%E1%85%A1%E1%84%8B%E1%85%B5%E1%84%83%E1%85%B3-%E1%84%89%E1%85%A7%E1%84%85%E1%85%B5%E1%86%BC-%E1%84%85%E1%85%A9%E1%86%BC-%E1%84%82%E1%85%B5%E1%84%90%E1%85%B3-%E1%84%8B%E1%85%AF%E1%86%AB%E1%84%91%E1%85%B5%E1%84%89%E1%85%B3-p06771021.html,https://static.zara.net/assets/public/5164/c369/c37448feb264/fb5110d8a306/06771021401-p/06771021401-p.jpg?ts=1775552295710,"₩79,900",,,260622,네이비,,,,
,false,,ZARA,상의,가디건,여성,후드 타이 니트 재킷,https://www.zara.com/kr/ko/%E1%84%92%E1%85%AE%E1%84%83%E1%85%B3-%E1%84%90%E1%85%A1%E1%84%8B%E1%85%B5-%E1%84%82%E1%85%B5%E1%84%90%E1%85%B3-%E1%84%8C%E1%85%A2%E1%84%8F%E1%85%B5%E1%86%BA-p05536129.html,https://static.zara.net/assets/public/39b3/fef8/c50148b6bae1/1913b442f253/05536129722-p/05536129722-p.jpg?ts=1768896879513,"₩79,900",,,260622,그레이 밍크,,,,
,false,,ZARA,상의,니트,여성,브이넥 니트 스웨터,https://www.zara.com/kr/ko/%E1%84%87%E1%85%B3%E1%84%8B%E1%85%B5%E1%84%82%E1%85%A6%E1%86%A8-%E1%84%82%E1%85%B5%E1%84%90%E1%85%B3-%E1%84%89%E1%85%B3%E1%84%8B%E1%85%B0%E1%84%90%E1%85%A5-p02142216.html,https://static.zara.net/assets/public/1ea1/fd18/e69041c9ab05/5eb078fe532d/02142216712-p/02142216712-p.jpg?ts=1774886912842,"₩79,900",,,260622,크림,,,,
,false,,ZARA,상의,가디건,여성,퍼 콤비 니트 재킷,https://www.zara.com/kr/ko/%E1%84%91%E1%85%A5-%E1%84%8F%E1%85%A9%E1%86%B7%E1%84%87%E1%85%B5-%E1%84%82%E1%85%B5%E1%84%90%E1%85%B3-%E1%84%8C%E1%85%A2%E1%84%8F%E1%85%B5%E1%86%BA-p05755120.html,https://static.zara.net/assets/public/cbb4/dd31/db32410daed1/fdced49b1bfe/05755120700-p/05755120700-p.jpg?ts=1759406400267,"₩79,900",,,260622,브라운,,,,
,false,,ZARA,상의,가디건,여성,스트럭처 니트 재킷,https://www.zara.com/kr/ko/%E1%84%89%E1%85%B3%E1%84%90%E1%85%B3%E1%84%85%E1%85%A5%E1%86%A8%E1%84%8E%E1%85%A5-%E1%84%82%E1%85%B5%E1%84%90%E1%85%B3-%E1%84%8C%E1%85%A2%E1%84%8F%E1%85%B5%E1%86%BA-p04192071.html,https://static.zara.net/assets/public/bee9/180b/060b48eea2e6/8afa9da14667/04192071712-p/04192071712-p.jpg?ts=1781105359028,"₩59,900",,,260622,크림,,,,
,false,,ZARA,상의,가디건,여성,믹스 소재 로맨틱 재킷,https://www.zara.com/kr/ko/%E1%84%85%E1%85%A9%E1%84%86%E1%85%A2%E1%86%AB%E1%84%90%E1%85%B5%E1%86%A8-%E1%84%86%E1%85%B5%E1%86%A8%E1%84%89%E1%85%B3-%E1%84%82%E1%85%B5%E1%84%90%E1%85%B3-%E1%84%8C%E1%85%A2%E1%84%8F%E1%85%B5%E1%86%BA-p06236022.html,https://static.zara.net/assets/public/c489/0e27/afa04e298fc9/62dec1e0e35d/06236022712-p/06236022712-p.jpg?ts=1779438367663,"₩59,900",,,260622,크림,,,,
,false,,ZARA,상의,탑,여성,니트 튜닉 탑,https://www.zara.com/kr/ko/%E1%84%82%E1%85%B5%E1%84%90%E1%85%B3-%E1%84%90%E1%85%B2%E1%84%82%E1%85%B5%E1%86%A8-%E1%84%90%E1%85%A1%E1%86%B8-p09598018.html,https://static.zara.net/assets/public/5553/23ad/9cef4971a99b/2792fb9f511d/09598018401-p/09598018401-p.jpg?ts=1774949612851,"₩59,900",,,260622,네이비,,,,
,false,,ZARA,상의,니트,여성,100% 울 쇼트 슬리브 스웨터,https://www.zara.com/kr/ko/100-%E1%84%8B%E1%85%AE%E1%86%AF-%E1%84%89%E1%85%AD%E1%84%90%E1%85%B3-%E1%84%89%E1%85%B3%E1%86%AF%E1%84%85%E1%85%B5%E1%84%87%E1%85%B3-%E1%84%89%E1%85%B3%E1%84%8B%E1%85%B0%E1%84%90%E1%85%A5-p09598123.html,https://static.zara.net/assets/public/4663/dc17/5e3c4290973a/9af0cc123506/09598123401-p/09598123401-p.jpg?ts=1772795968837,"₩59,900",,,260622,네이비,,,,
,false,,ZARA,상의,가디건,여성,언밸런스 클로저 니트 탑,https://www.zara.com/kr/ko/%E1%84%8B%E1%85%A5%E1%86%AB%E1%84%87%E1%85%A2%E1%86%AF%E1%84%85%E1%85%A5%E1%86%AB%E1%84%89%E1%85%B3-%E1%84%8F%E1%85%B3%E1%86%AF%E1%84%85%E1%85%A9%E1%84%8C%E1%85%A5-%E1%84%82%E1%85%B5%E1%84%90%E1%85%B3-%E1%84%90%E1%85%A1%E1%86%B8-p05536078.html,https://static.zara.net/assets/public/668a/0c79/7b304820a044/7094882106dd/05536078800-p/05536078800-p.jpg?ts=1777019826259,"₩59,900",,,260622,블랙,,,,
,false,,ZARA,상의,니트,여성,오버사이즈 니트 스웨터,https://www.zara.com/kr/ko/%E1%84%85%E1%85%AE%E1%84%8C%E1%85%B3%E1%84%91%E1%85%B5%E1%86%BA-%E1%84%82%E1%85%B5%E1%84%90%E1%85%B3-%E1%84%89%E1%85%B3%E1%84%8B%E1%85%B0%E1%84%90%E1%85%A5-p05755012.html,https://static.zara.net/assets/public/e542/83e4/4fec4499b999/7e125d7dbff6/05755012802-p/05755012802-p.jpg?ts=1772726581498,"₩59,900",,,260622,그레이,,,,
,false,,ZARA,상의,가디건,여성,러스틱 니트 재킷,https://www.zara.com/kr/ko/%E1%84%85%E1%85%A5%E1%84%89%E1%85%B3%E1%84%90%E1%85%B5%E1%86%A8-%E1%84%82%E1%85%B5%E1%84%90%E1%85%B3-%E1%84%8C%E1%85%A2%E1%84%8F%E1%85%B5%E1%86%BA-p02142159.html,https://static.zara.net/assets/public/dce0/d06d/8fb141718e13/4652f3c1dabb/02142159711-p/02142159711-p.jpg?ts=1778076400776,"₩59,900",,,260622,샌드,,,,
,false,,ZARA,상의,가디건,여성,스트라이프 니트 재킷,https://www.zara.com/kr/ko/%E1%84%89%E1%85%B3%E1%84%90%E1%85%B3%E1%84%85%E1%85%A1%E1%84%8B%E1%85%B5%E1%84%91%E1%85%B3-%E1%84%82%E1%85%B5%E1%84%90%E1%85%B3-%E1%84%8C%E1%85%A2%E1%84%8F%E1%85%B5%E1%86%BA-p02142259.html,https://static.zara.net/assets/public/af49/e7e0/8e08448a816e/1d7edec9f336/02142259330-p/02142259330-p.jpg?ts=1779359041261,"₩59,900",,,260622,멀티컬러,,,,
,false,,ZARA,상의,가디건,여성,텍스처 비즈 니트 재킷,https://www.zara.com/kr/ko/%E1%84%90%E1%85%A6%E1%86%A8%E1%84%89%E1%85%B3%E1%84%8E%E1%85%A5-%E1%84%87%E1%85%B5%E1%84%8C%E1%85%B3-%E1%84%82%E1%85%B5%E1%84%90%E1%85%B3-%E1%84%8C%E1%85%A2%E1%84%8F%E1%85%B5%E1%86%BA-p09598148.html,https://static.zara.net/assets/public/d1ab/ec15/749a42729751/ada296ae1035/09598148306-000-p/09598148306-000-p.jpg?ts=1753896922638,"₩59,900",,,260622,라이트 옐로우,,,,
,false,,ZARA,상의,탑,여성,주얼 비즈 니트 탑,https://www.zara.com/kr/ko/%E1%84%8C%E1%85%AE%E1%84%8B%E1%85%A5%E1%86%AF%E1%84%85%E1%85%B5-%E1%84%87%E1%85%B5%E1%84%8C%E1%85%B3-%E1%84%82%E1%85%B5%E1%84%90%E1%85%B3-%E1%84%90%E1%85%A1%E1%86%B8-p05755039.html,https://static.zara.net/assets/public/5adf/bbf4/eff34f6bb8b9/9a93d6ddcc80/05755039621-p/05755039621-p.jpg?ts=1753883628420,"₩59,900",,,260622,파스텔 로즈,,,,
,false,,ZARA,상의,니트,여성,100% 울 쇼트 슬리브 스웨터,https://www.zara.com/kr/ko/100-%E1%84%8B%E1%85%AE%E1%86%AF-%E1%84%89%E1%85%AD%E1%84%90%E1%85%B3-%E1%84%89%E1%85%B3%E1%86%AF%E1%84%85%E1%85%B5%E1%84%87%E1%85%B3-%E1%84%89%E1%85%B3%E1%84%8B%E1%85%B0%E1%84%90%E1%85%A5-p09598057.html,https://static.zara.net/assets/public/32f0/920e/32bf4ea294ca/9fe123873ce8/09598057712-p/09598057712-p.jpg?ts=1771247057181,"₩59,900",,,260622,크림,,,,
,false,,ZARA,상의,가디건,여성,벌룬 슬리브 니트 재킷,https://www.zara.com/kr/ko/%E1%84%87%E1%85%A5%E1%86%AF%E1%84%85%E1%85%AE%E1%86%AB-%E1%84%89%E1%85%A9%E1%84%86%E1%85%A2-%E1%84%82%E1%85%B5%E1%84%90%E1%85%B3-%E1%84%8C%E1%85%A2%E1%84%8F%E1%85%B5%E1%86%BA-p00014005.html,https://static.zara.net/assets/public/8fb0/8c3c/0bc545459d18/a00bda0233b5/00014005715-p/00014005715-p.jpg?ts=1772108042258,"₩59,900",,,260622,미디움 크림,,,,
,false,,ZARA,상의,니트,여성,라운드 네크라인 니트 스웨터,https://www.zara.com/kr/ko/%E1%84%85%E1%85%A1%E1%84%8B%E1%85%AE%E1%86%AB%E1%84%83%E1%85%B3%E1%84%82%E1%85%A6%E1%86%A8-%E1%84%82%E1%85%B5%E1%84%90%E1%85%B3-%E1%84%89%E1%85%B3%E1%84%8B%E1%85%B0%E1%84%90%E1%85%A5-p05755032.html,https://static.zara.net/assets/public/fad8/20e0/a5b84d8baf90/c5da5662cac4/05755032712-p/05755032712-p.jpg?ts=1770297370490,"₩59,900",,,260622,크림,,,,
,false,,ZARA,원피스,원피스,여성,벌룬 슬리브 니트 미니 원피스,https://www.zara.com/kr/ko/%E1%84%87%E1%85%A5%E1%86%AF%E1%84%85%E1%85%AE%E1%86%AB-%E1%84%89%E1%85%B3%E1%86%AF%E1%84%85%E1%85%B5%E1%84%87%E1%85%B3-%E1%84%82%E1%85%B5%E1%84%90%E1%85%B3-%E1%84%86%E1%85%B5%E1%84%82%E1%85%B5-%E1%84%8B%E1%85%AF%E1%86%AB%E1%84%91%E1%85%B5%E1%84%89%E1%85%B3-p04192039.html,https://static.zara.net/assets/public/a8a2/bf91/d9994909ac66/2f8dd1c0ed49/04192039430-p/04192039430-p.jpg?ts=1772714499767,"₩59,900",,,260622,잉크 블,,,,
,false,,ZARA,상의,가디건,여성,스트럭처 니트 재킷,https://www.zara.com/kr/ko/%E1%84%89%E1%85%B3%E1%84%90%E1%85%B3%E1%84%85%E1%85%A5%E1%86%A8%E1%84%8E%E1%85%A5-%E1%84%82%E1%85%B5%E1%84%90%E1%85%B3-%E1%84%8C%E1%85%A2%E1%84%8F%E1%85%B5%E1%86%BA-p04192071.html,https://static.zara.net/assets/public/0d55/1983/fdd2421e96cc/9f1d3d22fd1a/04192071712-p/04192071712-p.jpg?ts=1773247388698,"₩59,900",,,260622,크림,,,,
,false,,ZARA,상의,가디건,여성,벨트 니트 반소매 재킷,https://www.zara.com/kr/ko/%E1%84%87%E1%85%A6%E1%86%AF%E1%84%90%E1%85%B3-%E1%84%82%E1%85%B5%E1%84%90%E1%85%B3-%E1%84%8C%E1%85%A2%E1%84%8F%E1%85%B5%E1%86%BA-p02756029.html,https://static.zara.net/assets/public/4166/d95d/3b0a4e3bb0e8/2dc059ab8bda/02756029832-p/02756029832-p.jpg?ts=1769095061496,"₩59,900",,,260622,토프 그레이,,,,
,false,,ZARA,상의,니트,여성,스트라이프 니트 폴로셔츠,https://www.zara.com/kr/ko/%E1%84%89%E1%85%B3%E1%84%90%E1%85%B3%E1%84%85%E1%85%A1%E1%84%8B%E1%85%B5%E1%84%91%E1%85%B3-%E1%84%82%E1%85%B5%E1%84%90%E1%85%B3-%E1%84%91%E1%85%A9%E1%86%AF%E1%84%85%E1%85%A9%E1%84%89%E1%85%A7%E1%84%8E%E1%85%B3-p05536020.html,https://static.zara.net/assets/public/b181/c352/f2014590bcde/a1b1fe5e8fb5/05536020400-p/05536020400-p.jpg?ts=1770224474362,"₩59,900",,,260622,블루,,,,
,false,,ZARA,상의,탑,여성,콤비 니트 블라우스,https://www.zara.com/kr/ko/%E1%84%8F%E1%85%A9%E1%86%B7%E1%84%87%E1%85%B5-%E1%84%82%E1%85%B5%E1%84%90%E1%85%B3-%E1%84%87%E1%85%B3%E1%86%AF%E1%84%85%E1%85%A1%E1%84%8B%E1%85%AE%E1%84%89%E1%85%B3-p04192067.html,https://static.zara.net/assets/public/ff12/5aa5/562845818f1f/5d9ada7e5e46/04192067712-p/04192067712-p.jpg?ts=1771593437229,"₩59,900",,,260622,크림,,,,
,false,,ZARA,상의,가디건,여성,스트라이프 반소매 니트 재킷,https://www.zara.com/kr/ko/%E1%84%89%E1%85%B3%E1%84%90%E1%85%B3%E1%84%85%E1%85%A1%E1%84%8B%E1%85%B5%E1%84%91%E1%85%B3-%E1%84%87%E1%85%A1%E1%86%AB%E1%84%89%E1%85%A9%E1%84%86%E1%85%A2-%E1%84%82%E1%85%B5%E1%84%90%E1%85%B3-%E1%84%8C%E1%85%A2%E1%84%8F%E1%85%B5%E1%86%BA-p02142112.html,https://static.zara.net/assets/public/3eb0/1db6/c61649a69c97/1c4558bde9aa/02142112104-p/02142112104-p.jpg?ts=1773411794684,"₩59,900",,,260622,스트라이프,,,,
,false,,ZARA,상의,가디건,여성,스트라이프 니트 재킷,https://www.zara.com/kr/ko/%E1%84%89%E1%85%B3%E1%84%90%E1%85%B3%E1%84%85%E1%85%A1%E1%84%8B%E1%85%B5%E1%84%91%E1%85%B3-%E1%84%82%E1%85%B5%E1%84%90%E1%85%B3-%E1%84%8C%E1%85%A2%E1%84%8F%E1%85%B5%E1%86%BA-p03653020.html,https://static.zara.net/assets/public/f9ff/cd1b/9ead46a58404/2cceec122bb7/03653020633-p/03653020633-p.jpg?ts=1779447383823,"₩57,900",,,260622,워싱 로즈핑크,,,,
,false,,ZARA,상의,가디건,여성,플라워 버튼 니트 재킷,https://www.zara.com/kr/ko/%E1%84%91%E1%85%B3%E1%86%AF%E1%84%85%E1%85%A1%E1%84%8B%E1%85%AF-%E1%84%87%E1%85%A5%E1%84%90%E1%85%B3%E1%86%AB-%E1%84%82%E1%85%B5%E1%84%90%E1%85%B3-%E1%84%8C%E1%85%A2%E1%84%8F%E1%85%B5%E1%86%BA-p05536051.html,https://static.zara.net/assets/public/5bfc/e751/718746d7baaa/7872d3c3483a/05536051306-p/05536051306-p.jpg?ts=1779873865861,"₩57,900",,,260622,라이트 옐로우,,,,
,false,,ZARA,상의,가디건,여성,메탈 버튼 니트 재킷,https://www.zara.com/kr/ko/%E1%84%86%E1%85%A6%E1%84%90%E1%85%A1%E1%86%AF-%E1%84%87%E1%85%A5%E1%84%90%E1%85%B3%E1%86%AB-%E1%84%82%E1%85%B5%E1%84%90%E1%85%B3-%E1%84%8C%E1%85%A2%E1%84%8F%E1%85%B5%E1%86%BA-p04192085.html,https://static.zara.net/assets/public/c24d/cec0/58e24cf286f2/a485df724488/04192085751-p/04192085751-p.jpg?ts=1778833986589,"₩57,900",,,260622,다크 카멜,,,,
,false,,ZARA,상의,가디건,여성,벨트 니트 재킷,https://www.zara.com/kr/ko/%E1%84%87%E1%85%A6%E1%86%AF%E1%84%90%E1%85%B5%E1%84%83%E1%85%B3-%E1%84%82%E1%85%B5%E1%84%90%E1%85%B3-%E1%84%8C%E1%85%A2%E1%84%8F%E1%85%B5%E1%86%BA-p02756049.html,https://static.zara.net/assets/public/f2ec/d5b5/20e34db6a0bc/960afe08b9be/02756049712-p/02756049712-p.jpg?ts=1777549861612,"₩57,900",,,260622,크림,,,,
,false,,ZARA,상의,가디건,여성,크롭 니트 집업 재킷,https://www.zara.com/kr/ko/%E1%84%8F%E1%85%B3%E1%84%85%E1%85%A9%E1%86%B8-%E1%84%82%E1%85%B5%E1%84%90%E1%85%B3-%E1%84%8C%E1%85%B5%E1%86%B8%E1%84%8B%E1%85%A5%E1%86%B8-%E1%84%8C%E1%85%A2%E1%84%8F%E1%85%B5%E1%86%BA-p05536080.html,https://static.zara.net/assets/public/c2a9/2435/9a4e42d1b1aa/21f86e0680f6/05536080250-p/05536080250-p.jpg?ts=1776843579794,"₩57,900",,,260622,화이트,,,,
,false,,ZARA,상의,가디건,여성,웨이브 리브 니트 재킷,https://www.zara.com/kr/ko/%E1%84%86%E1%85%AE%E1%86%AF%E1%84%80%E1%85%A7%E1%86%AF-%E1%84%86%E1%85%A1%E1%84%80%E1%85%A1%E1%86%B7-%E1%84%85%E1%85%B5%E1%84%87%E1%85%B3%E1%84%83%E1%85%B3-%E1%84%82%E1%85%B5%E1%84%90%E1%85%B3-%E1%84%8C%E1%85%A2%E1%84%8F%E1%85%B5%E1%86%BA-p09598038.html,https://static.zara.net/assets/public/063e/10e3/2d604cdca50a/0e05a00067d9/09598038250-p/09598038250-p.jpg?ts=1772193749210,"₩57,900",,,260622,화이트,,,,
,false,,ZARA,상의,가디건,여성,스트라이프 니트 재킷,https://www.zara.com/kr/ko/%E1%84%89%E1%85%B3%E1%84%90%E1%85%B3%E1%84%85%E1%85%A1%E1%84%8B%E1%85%B5%E1%84%91%E1%85%B3-%E1%84%82%E1%85%B5%E1%84%90%E1%85%B3-%E1%84%8C%E1%85%A2%E1%84%8F%E1%85%B5%E1%86%BA-p05755051.html,https://static.zara.net/assets/public/6b85/f845/1e2a425cb2e6/b97e04384299/05755051104-a3/05755051104-a3.jpg?ts=1781105356768,"₩55,900",,,260622,스트라이프,,,,
,false,,ZARA,상의,가디건,여성,플라워 포인텔 니트 재킷,https://www.zara.com/kr/ko/%E1%84%91%E1%85%A9%E1%84%8B%E1%85%B5%E1%86%AB%E1%84%90%E1%85%A6%E1%86%AF-%E1%84%91%E1%85%B3%E1%86%AF%E1%84%85%E1%85%A1%E1%84%8B%E1%85%AF-%E1%84%82%E1%85%B5%E1%84%90%E1%85%B3-%E1%84%8C%E1%85%A2%E1%84%8F%E1%85%B5%E1%86%BA-p06771031.html,https://static.zara.net/assets/public/4f65/ae34/58bc4cdb85ad/e3393c4f13de/06771031721-p/06771031721-p.jpg?ts=1778690446379,"₩55,900",,,260622,라이트 베이지,,,,
,false,,ZARA,상의,니트,여성,스트라이프 니트 스웨터,https://www.zara.com/kr/ko/%E1%84%89%E1%85%B3%E1%84%90%E1%85%B3%E1%84%85%E1%85%A1%E1%84%8B%E1%85%B5%E1%84%91%E1%85%B3-%E1%84%82%E1%85%B5%E1%84%90%E1%85%B3-%E1%84%89%E1%85%B3%E1%84%8B%E1%85%B0%E1%84%90%E1%85%A5-p02756039.html,https://static.zara.net/assets/public/8998/a199/f7544d9e9a40/aed6e4d6d552/02756039390-p/02756039390-p.jpg?ts=1776419728570,"₩55,900",,,260622,녹색 줄무늬,,,,
,false,,ZARA,상의,니트,여성,스트라이프 니트 스웨터,https://www.zara.com/kr/ko/%E1%84%89%E1%85%B3%E1%84%90%E1%85%B3%E1%84%85%E1%85%A1%E1%84%8B%E1%85%B5%E1%84%91%E1%85%B3-%E1%84%82%E1%85%B5%E1%84%90%E1%85%B3-%E1%84%89%E1%85%B3%E1%84%8B%E1%85%B0%E1%84%90%E1%85%A5-p03920179.html,https://static.zara.net/assets/public/552e/3cb5/e27c4232b947/5f9de42cd853/03920179621-p/03920179621-p.jpg?ts=1778082157366,"₩55,900",,,260622,파스텔 로즈,,,,
,false,,ZARA,상의,가디건,여성,콤비 니트 재킷,https://www.zara.com/kr/ko/%E1%84%8F%E1%85%A9%E1%86%B7%E1%84%87%E1%85%B5-%E1%84%82%E1%85%B5%E1%84%90%E1%85%B3-%E1%84%8C%E1%85%A2%E1%84%8F%E1%85%B5%E1%86%BA-p03921066.html,https://static.zara.net/assets/public/d024/c560/40dd4b4a8801/0650eb73f179/03921066751-a4/03921066751-a4.jpg?ts=1777364073409,"₩55,900",,,260622,다크 카멜,,,,
,false,,ZARA,원피스,오버롤,여성,스트라이프 스트럭처 니트 점프수트,https://www.zara.com/kr/ko/%E1%84%89%E1%85%B3%E1%84%90%E1%85%B3%E1%84%85%E1%85%A1%E1%84%8B%E1%85%B5%E1%84%91%E1%85%B3-%E1%84%89%E1%85%B3%E1%84%90%E1%85%B3%E1%84%85%E1%85%A5%E1%86%A8%E1%84%8E%E1%85%A5-%E1%84%82%E1%85%B5%E1%84%90%E1%85%B3-%E1%84%8C%E1%85%A5%E1%86%B7%E1%84%91%E1%85%B3%E1%84%89%E1%85%AE%E1%84%90%E1%85%B3-p06236042.html,https://static.zara.net/assets/public/e45d/001e/faba4e76935b/a3594a0a29b3/06236042330-p/06236042330-p.jpg?ts=1779272149387,"₩55,900",,,260622,멀티컬러,,,,
,false,,ZARA,상의,가디건,여성,스트라이프 니트 쇼트 재킷,https://www.zara.com/kr/ko/%E1%84%89%E1%85%B3%E1%84%90%E1%85%B3%E1%84%85%E1%85%A1%E1%84%8B%E1%85%B5%E1%84%91%E1%85%B3-%E1%84%82%E1%85%B5%E1%84%90%E1%85%B3-%E1%84%89%E1%85%AD%E1%84%90%E1%85%B3-%E1%84%8C%E1%85%A2%E1%84%8F%E1%85%B5%E1%86%BA-p02142261.html,https://static.zara.net/assets/public/e702/8b27/f1454aae83d9/1ba7015de84e/02142261079-p/02142261079-p.jpg?ts=1778240433964,"₩55,900",,,260622,"오렌지,노랑",,,,
,false,,ZARA,상의,가디건,여성,하트 반소매 니트 재킷,https://www.zara.com/kr/ko/%E1%84%92%E1%85%A1%E1%84%90%E1%85%B3-%E1%84%87%E1%85%A1%E1%86%AB%E1%84%89%E1%85%A9%E1%84%86%E1%85%A2-%E1%84%82%E1%85%B5%E1%84%90%E1%85%B3-%E1%84%8C%E1%85%A2%E1%84%8F%E1%85%B5%E1%86%BA-p04938026.html,https://static.zara.net/assets/public/d03a/a77e/0ec747f4b319/4a7ca38f5546/04938026401-p/04938026401-p.jpg?ts=1777390872372,"₩55,900",,,260622,네이비,,,,
,false,,ZARA,바지,슬랙스,여성,스트라이프 니트 팬츠,https://www.zara.com/kr/ko/%E1%84%89%E1%85%B3%E1%84%90%E1%85%B3%E1%84%85%E1%85%A1%E1%84%8B%E1%85%B5%E1%84%91%E1%85%B3-%E1%84%82%E1%85%B5%E1%84%90%E1%85%B3-%E1%84%91%E1%85%A2%E1%86%AB%E1%84%8E%E1%85%B3-p03921059.html,https://static.zara.net/assets/public/7528/fd85/cc2646b4a260/41003363f6ce/03921059104-p/03921059104-p.jpg?ts=1776859971504,"₩55,900",,,260622,스트라이프,,,,
,false,,ZARA,상의,니트,여성,플라워 자수 니트 탑,https://www.zara.com/kr/ko/%E1%84%91%E1%85%B3%E1%86%AF%E1%84%85%E1%85%A1%E1%84%8B%E1%85%AF-%E1%84%8C%E1%85%A1%E1%84%89%E1%85%AE-%E1%84%82%E1%85%B5%E1%84%90%E1%85%B3-%E1%84%90%E1%85%A1%E1%86%B8-p03921054.html,https://static.zara.net/assets/public/92b1/1c40/4fe4424e9cda/dbddd640805f/03921054407-p/03921054407-p.jpg?ts=1777390867962,"₩55,900",,,260622,블루,,,,
,false,,ZARA,상의,니트,여성,스트라이프 니트 스웨터,https://www.zara.com/kr/ko/%E1%84%89%E1%85%B3%E1%84%90%E1%85%B3%E1%84%85%E1%85%A1%E1%84%8B%E1%85%B5%E1%84%91%E1%85%B3-%E1%84%82%E1%85%B5%E1%84%90%E1%85%B3-%E1%84%89%E1%85%B3%E1%84%8B%E1%85%B0%E1%84%90%E1%85%A5-p03920179.html,https://static.zara.net/assets/public/a1b4/df31/ffe54286bd73/7ee5d69b32b7/03920179390-p/03920179390-p.jpg?ts=1771846902969,"₩55,900",,,260622,녹색 줄무늬,,,,
,false,,ZARA,상의,가디건,여성,플라워 포인텔 니트 재킷,https://www.zara.com/kr/ko/%E1%84%91%E1%85%A9%E1%84%8B%E1%85%B5%E1%86%AB%E1%84%90%E1%85%A6%E1%86%AF-%E1%84%91%E1%85%B3%E1%86%AF%E1%84%85%E1%85%A1%E1%84%8B%E1%85%AF-%E1%84%82%E1%85%B5%E1%84%90%E1%85%B3-%E1%84%8C%E1%85%A2%E1%84%8F%E1%85%B5%E1%86%BA-p06771031.html,https://static.zara.net/assets/public/2412/19f1/a44848368865/0f306ba174b2/06771031721-p/06771031721-p.jpg?ts=1777478816887,"₩55,900",,,260622,라이트 베이지,,,,
,false,,ZARA,상의,니트,여성,울 스트라이프 스웨터,https://www.zara.com/kr/ko/%E1%84%8B%E1%85%AE%E1%86%AF-%E1%84%89%E1%85%B3%E1%84%90%E1%85%B3%E1%84%85%E1%85%A1%E1%84%8B%E1%85%B5%E1%84%91%E1%85%B3-%E1%84%89%E1%85%B3%E1%84%8B%E1%85%B0%E1%84%90%E1%85%A5-p02142002.html,https://static.zara.net/assets/public/64a9/8fd5/aba94b6cb10d/33ebb9c5efa6/02142002620-p/02142002620-p.jpg?ts=1768835963043,"₩55,900",,,260622,로즈핑크,,,,
,false,,ZARA,상의,니트,여성,프릴 니트 스웨터,https://www.zara.com/kr/ko/%E1%84%91%E1%85%B3%E1%84%85%E1%85%B5%E1%86%AF-%E1%84%82%E1%85%B5%E1%84%90%E1%85%B3-%E1%84%89%E1%85%B3%E1%84%8B%E1%85%B0%E1%84%90%E1%85%A5-p03646010.html,https://static.zara.net/assets/public/3f8a/caba/f9ef45a9b969/c7afdb795ade/03646010712-p/03646010712-p.jpg?ts=1773136405639,"₩55,900",,,260622,크림,,,,
,false,,ZARA,상의,탑,여성,오픈워크 스웨터,https://www.zara.com/kr/ko/%E1%84%8B%E1%85%A9%E1%84%91%E1%85%B3%E1%86%AB%E1%84%8B%E1%85%AF%E1%84%8F%E1%85%B3-%E1%84%89%E1%85%B3%E1%84%8B%E1%85%B0%E1%84%90%E1%85%A5-p01131319.html,https://static.zara.net/assets/public/f334/508b/092e4df691b8/fb9cb7821182/01131319712-e1/01131319712-e1.jpg?ts=1770231977532,"₩55,900",,,260622,크림,,,,
,false,,ZARA,상의,가디건,여성,레이스 반소매 니트 재킷,https://www.zara.com/kr/ko/%E1%84%85%E1%85%A6%E1%84%8B%E1%85%B5%E1%84%89%E1%85%B3-%E1%84%87%E1%85%A1%E1%86%AB%E1%84%89%E1%85%A9%E1%84%86%E1%85%A2-%E1%84%82%E1%85%B5%E1%84%90%E1%85%B3-%E1%84%8C%E1%85%A2%E1%84%8F%E1%85%B5%E1%86%BA-p03920182.html,https://static.zara.net/assets/public/e939/71fe/7cab4e2684c5/c6ce2332c125/03920182834-p/03920182834-p.jpg?ts=1770811035316,"₩55,900",,,260622,스톤,,,,
,false,,ZARA,상의,탑,여성,플루이드 콤비 블라우스,https://www.zara.com/kr/ko/%E1%84%91%E1%85%B3%E1%86%AF%E1%84%85%E1%85%AE%E1%84%8B%E1%85%B5%E1%84%83%E1%85%B3-%E1%84%8F%E1%85%A9%E1%86%B7%E1%84%87%E1%85%B5-%E1%84%87%E1%85%B3%E1%86%AF%E1%84%85%E1%85%A1%E1%84%8B%E1%85%AE%E1%84%89%E1%85%B3-p03653006.html,https://static.zara.net/assets/public/a26b/ccd8/53884b2dbacf/8adbc180cc96/03653006711-p/03653006711-p.jpg?ts=1771521614080,"₩55,900",,,260622,샌드,,,,
,false,,ZARA,상의,가디건,여성,엑스트라 파인 니트 재킷,https://www.zara.com/kr/ko/%E1%84%8B%E1%85%A6%E1%86%A8%E1%84%89%E1%85%B3%E1%84%90%E1%85%B3%E1%84%85%E1%85%A1-%E1%84%91%E1%85%A1%E1%84%8B%E1%85%B5%E1%86%AB-%E1%84%82%E1%85%B5%E1%84%90%E1%85%B3-%E1%84%8C%E1%85%A2%E1%84%8F%E1%85%B5%E1%86%BA-p02142081.html,https://static.zara.net/assets/public/c2f3/369e/b3624f99b6db/0edcd5e8d238/02142081430-p/02142081430-p.jpg?ts=1770211300209,"₩55,900",,,260622,잉크 블,,,,
,false,,ZARA,상의,탑,여성,벌룬 슬리브 반소매 니트 탑,https://www.zara.com/kr/ko/%E1%84%87%E1%85%A5%E1%86%AF%E1%84%85%E1%85%AE%E1%86%AB-%E1%84%89%E1%85%B3%E1%86%AF%E1%84%85%E1%85%B5%E1%84%87%E1%85%B3-%E1%84%87%E1%85%A1%E1%86%AB%E1%84%89%E1%85%A9%E1%84%86%E1%85%A2-%E1%84%82%E1%85%B5%E1%84%90%E1%85%B3-%E1%84%90%E1%85%A1%E1%86%B8-p04192009.html,https://static.zara.net/assets/public/2f2b/aaea/1cb14e91a931/1233ea65180e/04192009620-p/04192009620-p.jpg?ts=1772637755385,"₩55,900",,,260622,로즈핑크,,,,
,false,,ZARA,기타,WAISTCOAT,여성,리본 니트 베스트,https://www.zara.com/kr/ko/%E1%84%85%E1%85%B5%E1%84%87%E1%85%A9%E1%86%AB-%E1%84%82%E1%85%B5%E1%84%90%E1%85%B3-%E1%84%87%E1%85%A6%E1%84%89%E1%85%B3%E1%84%90%E1%85%B3-p02756028.html,https://static.zara.net/assets/public/e8ad/88ed/e6434a05b19c/e7e71ce45e87/02756028811-p/02756028811-p.jpg?ts=1771424502834,"₩55,900",,,260622,라이트 그레이,,,,
,false,,ZARA,상의,가디건,여성,레이스 트리밍 니트 재킷,https://www.zara.com/kr/ko/%E1%84%85%E1%85%A6%E1%84%8B%E1%85%B5%E1%84%89%E1%85%B3-%E1%84%90%E1%85%B3%E1%84%85%E1%85%B5%E1%84%86%E1%85%B5%E1%86%BC-%E1%84%82%E1%85%B5%E1%84%90%E1%85%B3-%E1%84%8C%E1%85%A2%E1%84%8F%E1%85%B5%E1%86%BA-p03920760.html,https://static.zara.net/assets/public/63ba/1dbf/17c14a2a9987/40f6c5126f1f/03920760401-p/03920760401-p.jpg?ts=1767111306216,"₩55,900",,,260622,네이비,,,,
,false,,ZARA,상의,탑,여성,루즈핏 브이넥 니트 스웨터,https://www.zara.com/kr/ko/%E1%84%85%E1%85%AE%E1%84%8C%E1%85%B3%E1%84%91%E1%85%B5%E1%86%BA-%E1%84%87%E1%85%B3%E1%84%8B%E1%85%B5%E1%84%82%E1%85%A6%E1%86%A8-%E1%84%82%E1%85%B5%E1%84%90%E1%85%B3-%E1%84%89%E1%85%B3%E1%84%8B%E1%85%B0%E1%84%90%E1%85%A5-p03471006.html,https://static.zara.net/assets/public/57fb/337a/3d0542a397d2/77b913e7d275/04192088420-p/04192088420-p.jpg?ts=1781684678709,"₩49,900",,,260622,블루,,,,
,false,,ZARA,상의,탑,여성,루즈핏 브이넥 니트 스웨터,https://www.zara.com/kr/ko/%E1%84%85%E1%85%AE%E1%84%8C%E1%85%B3%E1%84%91%E1%85%B5%E1%86%BA-%E1%84%87%E1%85%B3%E1%84%8B%E1%85%B5%E1%84%82%E1%85%A6%E1%86%A8-%E1%84%82%E1%85%B5%E1%84%90%E1%85%B3-%E1%84%89%E1%85%B3%E1%84%8B%E1%85%B0%E1%84%90%E1%85%A5-p03471006.html,https://static.zara.net/assets/public/788c/2279/851e4c5bbced/f2d0b7102274/03471006800-p/03471006800-p.jpg?ts=1781684667125,"₩49,900",,,260622,블랙,,,,
,false,,ZARA,상의,니트,여성,반소매 니트 탑,https://www.zara.com/kr/ko/%E1%84%87%E1%85%A1%E1%86%AB%E1%84%89%E1%85%A9%E1%84%86%E1%85%A2-%E1%84%82%E1%85%B5%E1%84%90%E1%85%B3-%E1%84%90%E1%85%A1%E1%86%B8-p03921044.html,https://static.zara.net/assets/public/56fa/8220/538b4d2e8d19/2a0ceba11455/03921044500-p/03921044500-p.jpg?ts=1780498736843,"₩49,900",,,260622,초록,,,,
,false,,ZARA,상의,탑,여성,시스루 도트 니트 탑,https://www.zara.com/kr/ko/%E1%84%89%E1%85%B5%E1%84%89%E1%85%B3%E1%84%85%E1%85%AE-%E1%84%83%E1%85%A9%E1%84%90%E1%85%B3-%E1%84%82%E1%85%B5%E1%84%90%E1%85%B3-%E1%84%90%E1%85%A1%E1%86%B8-p09598096.html,https://static.zara.net/assets/public/6851/c207/57b943dfac0b/9d9c12b13d99/09598096800-e1/09598096800-e1.jpg?ts=1779116475587,"₩49,900",,,260622,블랙,,,,
,false,,ZARA,상의,탑,여성,숏 케이프 니트,https://www.zara.com/kr/ko/%E1%84%89%E1%85%AD%E1%84%90%E1%85%B3-%E1%84%8F%E1%85%A6%E1%84%8B%E1%85%B5%E1%84%91%E1%85%B3-%E1%84%82%E1%85%B5%E1%84%90%E1%85%B3-%E1%84%89%E1%85%B3%E1%84%8B%E1%85%B0%E1%84%90%E1%85%A5-p02756044.html,https://static.zara.net/assets/public/4b16/144a/87c74a04800f/85a172b3cfdb/02756044700-a2/02756044700-a2.jpg?ts=1781262739031,"₩49,900",,,260622,브라운,,,,
,false,,ZARA,상의,탑,여성,언밸런스 니트 탑,https://www.zara.com/kr/ko/%E1%84%8B%E1%85%A5%E1%86%AB%E1%84%87%E1%85%A2%E1%86%AF%E1%84%85%E1%85%A5%E1%86%AB%E1%84%89%E1%85%B3-%E1%84%82%E1%85%B5%E1%84%90%E1%85%B3-%E1%84%90%E1%85%A1%E1%86%B8-p09598016.html,https://static.zara.net/assets/public/773a/7457/d94a46dea6bf/a83627c41cb5/09598016700-p/09598016700-p.jpg?ts=1778077772898,"₩49,900",,,260622,브라운,,,,
,false,,ZARA,상의,탑,여성,언밸런스 니트 탑,https://www.zara.com/kr/ko/%E1%84%8B%E1%85%A5%E1%86%AB%E1%84%87%E1%85%A2%E1%86%AF%E1%84%85%E1%85%A5%E1%86%AB%E1%84%89%E1%85%B3-%E1%84%82%E1%85%B5%E1%84%90%E1%85%B3-%E1%84%90%E1%85%A1%E1%86%B8-p09598016.html,https://static.zara.net/assets/public/96ee/9134/2b9f4ac89c00/42e7aaf99012/09598016072-a3/09598016072-a3.jpg?ts=1780058349819,"₩49,900",,,260622,아이보리-화이트,,,,
,false,,ZARA,상의,니트,여성,쇼트 슬리브 니트 스웨터,https://www.zara.com/kr/ko/%E1%84%89%E1%85%AD%E1%84%90%E1%85%B3-%E1%84%89%E1%85%B3%E1%86%AF%E1%84%85%E1%85%B5%E1%84%87%E1%85%B3-%E1%84%82%E1%85%B5%E1%84%90%E1%85%B3-%E1%84%89%E1%85%B3%E1%84%8B%E1%85%B0%E1%84%90%E1%85%A5-p01822027.html,https://static.zara.net/assets/public/9593/4bbe/0f35419ebbda/a20b45f182ff/01822027700-p/01822027700-p.jpg?ts=1780056118850,"₩49,900",,,260622,브라운,,,,
,false,,ZARA,상의,탑,여성,루즈핏 브이넥 니트 스웨터,https://www.zara.com/kr/ko/%E1%84%85%E1%85%AE%E1%84%8C%E1%85%B3%E1%84%91%E1%85%B5%E1%86%BA-%E1%84%87%E1%85%B3%E1%84%8B%E1%85%B5%E1%84%82%E1%85%A6%E1%86%A8-%E1%84%82%E1%85%B5%E1%84%90%E1%85%B3-%E1%84%89%E1%85%B3%E1%84%8B%E1%85%B0%E1%84%90%E1%85%A5-p03471006.html,https://static.zara.net/assets/public/77d6/7eed/a1cf4b8285be/e8ad8042f771/04192088420-p/04192088420-p.jpg?ts=1779718606952,"₩49,900",,,260622,블루,,,,
,false,,ZARA,상의,탑,여성,보트넥 니트 탑,https://www.zara.com/kr/ko/%E1%84%87%E1%85%A9%E1%84%90%E1%85%B3%E1%84%82%E1%85%A6%E1%86%A8-%E1%84%82%E1%85%B5%E1%84%90%E1%85%B3-%E1%84%90%E1%85%A1%E1%86%B8-p02142154.html,https://static.zara.net/assets/public/068b/1928/f7b94f14b2eb/38e9e4b1fbad/02142154691-p/02142154691-p.jpg?ts=1778596680078,"₩49,900",,,260622,미디움 레드,,,,
,false,,ZARA,상의,탑,여성,루즈핏 브이넥 니트 스웨터,https://www.zara.com/kr/ko/%E1%84%85%E1%85%AE%E1%84%8C%E1%85%B3%E1%84%91%E1%85%B5%E1%86%BA-%E1%84%87%E1%85%B3%E1%84%8B%E1%85%B5%E1%84%82%E1%85%A6%E1%86%A8-%E1%84%82%E1%85%B5%E1%84%90%E1%85%B3-%E1%84%89%E1%85%B3%E1%84%8B%E1%85%B0%E1%84%90%E1%85%A5-p03471006.html,https://static.zara.net/assets/public/fb09/f4b5/dfa143c0a875/2b04ddb4dad6/00858038250-1-p/00858038250-1-p.jpg?ts=1772191932266,"₩49,900",,,260622,화이트,,,,
,false,,ZARA,상의,탑,여성,루즈핏 브이넥 니트 스웨터,https://www.zara.com/kr/ko/%E1%84%85%E1%85%AE%E1%84%8C%E1%85%B3%E1%84%91%E1%85%B5%E1%86%BA-%E1%84%87%E1%85%B3%E1%84%8B%E1%85%B5%E1%84%82%E1%85%A6%E1%86%A8-%E1%84%82%E1%85%B5%E1%84%90%E1%85%B3-%E1%84%89%E1%85%B3%E1%84%8B%E1%85%B0%E1%84%90%E1%85%A5-p03471006.html,https://static.zara.net/assets/public/2bea/78bf/88e54616aeb0/f3096fd7946e/03471006800-p/03471006800-p.jpg?ts=1772470785454,"₩49,900",,,260622,블랙,,,,
,false,,ZARA,상의,탑,여성,로맨틱 리본 탑,https://www.zara.com/kr/ko/%E1%84%85%E1%85%A9%E1%84%86%E1%85%A2%E1%86%AB%E1%84%90%E1%85%B5%E1%86%A8-%E1%84%85%E1%85%B5%E1%84%87%E1%85%A9%E1%86%AB-%E1%84%90%E1%85%A1%E1%86%B8-p09874005.html,https://static.zara.net/assets/public/1e41/3e6b/53c74724b4f2/fae8cd7fa1ff/09874005629-p/09874005629-p.jpg?ts=1777282913445,"₩49,900",,,260622,라일락,,,,
,false,,ZARA,상의,탑,여성,파인 니트 반소매 탑,https://www.zara.com/kr/ko/%E1%84%91%E1%85%A1%E1%84%8B%E1%85%B5%E1%86%AB-%E1%84%82%E1%85%B5%E1%84%90%E1%85%B3-%E1%84%87%E1%85%A1%E1%86%AB%E1%84%89%E1%85%A9%E1%84%86%E1%85%A2-%E1%84%90%E1%85%A1%E1%86%B8-p02142139.html,https://static.zara.net/assets/public/1619/34aa/7e5d462d9cd7/8051bbc4cec9/02142139800-p/02142139800-p.jpg?ts=1776165332633,"₩49,900",,,260622,블랙,,,,
,false,,ZARA,상의,니트,여성,도트 니트 폴로셔츠,https://www.zara.com/kr/ko/%E1%84%83%E1%85%A9%E1%84%90%E1%85%B3-%E1%84%82%E1%85%B5%E1%84%90%E1%85%B3-%E1%84%91%E1%85%A9%E1%86%AF%E1%84%85%E1%85%A9%E1%84%89%E1%85%A7%E1%84%8E%E1%85%B3-p04938030.html,https://static.zara.net/assets/public/aee2/ce6c/106d4c79be13/0a7327fbfe7d/04938030400-p/04938030400-p.jpg?ts=1777979471333,"₩49,900",,,260622,블루,,,,
,false,,ZARA,상의,니트,여성,쇼트 슬리브 니트 폴로셔츠,https://www.zara.com/kr/ko/%E1%84%89%E1%85%AD%E1%84%90%E1%85%B3-%E1%84%89%E1%85%B3%E1%86%AF%E1%84%85%E1%85%B5%E1%84%87%E1%85%B3-%E1%84%82%E1%85%B5%E1%84%90%E1%85%B3-%E1%84%91%E1%85%A9%E1%86%AF%E1%84%85%E1%85%A9%E1%84%89%E1%85%A7%E1%84%8E%E1%85%B3-p02142257.html,https://static.zara.net/assets/public/beb6/ab3d/cf4741058394/aff212297a37/02142257645-p/02142257645-p.jpg?ts=1778835403192,"₩49,900",,,260622,미디움 로즈,,,,
,false,,ZARA,상의,탑,여성,허니콤 스트라이프 탑,https://www.zara.com/kr/ko/%E1%84%89%E1%85%B3%E1%84%90%E1%85%B3%E1%84%85%E1%85%A1%E1%84%8B%E1%85%B5%E1%84%91%E1%85%B3-%E1%84%92%E1%85%A5%E1%84%82%E1%85%B5%E1%84%8F%E1%85%A9%E1%86%B7-%E1%84%90%E1%85%A1%E1%86%B8-p05802034.html,https://static.zara.net/assets/public/0628/c746/8af849dcb041/0591bef5a136/05802034330-a2/05802034330-a2.jpg?ts=1777979475385,"₩49,900",,,260622,멀티컬러,,,,
,false,,ZARA,치마,스커트,여성,콘트라스트 버튼 니트 미니 스커트,https://www.zara.com/kr/ko/%E1%84%8F%E1%85%A9%E1%86%AB%E1%84%90%E1%85%B3%E1%84%85%E1%85%A1%E1%84%89%E1%85%B3%E1%84%90%E1%85%B3-%E1%84%87%E1%85%A5%E1%84%90%E1%85%B3%E1%86%AB-%E1%84%82%E1%85%B5%E1%84%90%E1%85%B3-%E1%84%89%E1%85%AD%E1%84%90%E1%85%B3-%E1%84%89%E1%85%B3%E1%84%8F%E1%85%A5%E1%84%90%E1%85%B3-p02142151.html,https://static.zara.net/assets/public/a198/e069/40d54aab9727/fd1850176ae3/02142151043-p/02142151043-p.jpg?ts=1779718379753,"₩49,900",,,260622,"네이비,화이트",,,,
,false,,ZARA,상의,탑,여성,배색 버튼 니트 탑,https://www.zara.com/kr/ko/%E1%84%8F%E1%85%A9%E1%86%AB%E1%84%90%E1%85%B3%E1%84%85%E1%85%A1%E1%84%89%E1%85%B3%E1%84%90%E1%85%B3-%E1%84%87%E1%85%A5%E1%84%90%E1%85%B3%E1%86%AB-%E1%84%82%E1%85%B5%E1%84%90%E1%85%B3-%E1%84%90%E1%85%A1%E1%86%B8-p02142149.html,https://static.zara.net/assets/public/705a/dcec/b49f4988a224/4175ad47bf72/02142149043-a2/02142149043-a2.jpg?ts=1779718376781,"₩49,900",,,260622,"네이비,화이트",,,,
,false,,ZARA,상의,가디건,여성,반팔 니트 재킷,https://www.zara.com/kr/ko/%E1%84%89%E1%85%AD%E1%84%90%E1%85%B3-%E1%84%89%E1%85%B3%E1%86%AF%E1%84%85%E1%85%B5%E1%84%87%E1%85%B3-%E1%84%82%E1%85%B5%E1%84%90%E1%85%B3-%E1%84%8C%E1%85%A2%E1%84%8F%E1%85%B5%E1%86%BA-p03471012.html,https://static.zara.net/assets/public/8271/9c85/c6cc4dfe93a8/1e16482d06e8/03471012460-p/03471012460-p.jpg?ts=1776419738605,"₩49,900",,,260622,네온 로즈핑크,,,,
,false,,ZARA,상의,탑,여성,보트넥 니트 탑,https://www.zara.com/kr/ko/%E1%84%87%E1%85%A9%E1%84%90%E1%85%B3%E1%84%82%E1%85%A6%E1%86%A8-%E1%84%82%E1%85%B5%E1%84%90%E1%85%B3-%E1%84%90%E1%85%A1%E1%86%B8-p02142154.html,https://static.zara.net/assets/public/1b56/05ab/5b41485cbe93/67efccf08443/02142154800-p/02142154800-p.jpg?ts=1778586828600,"₩49,900",,,260622,블랙,,,,
,false,,ZARA,상의,가디건,여성,프릴 니트 재킷,https://www.zara.com/kr/ko/%E1%84%91%E1%85%B3%E1%84%85%E1%85%B5%E1%86%AF-%E1%84%82%E1%85%B5%E1%84%90%E1%85%B3-%E1%84%8C%E1%85%A2%E1%84%8F%E1%85%B5%E1%86%BA-p03433005.html,https://static.zara.net/assets/public/39b0/c15d/6c804eae8e35/b2f1d05d4a85/03433005600-p/03433005600-p.jpg?ts=1775808785347,"₩49,900",,,260622,레드,,,,
,false,,ZARA,상의,탑,여성,크롭 포인텔 니트 스웨터,https://www.zara.com/kr/ko/%E1%84%91%E1%85%A9%E1%84%8B%E1%85%B5%E1%86%AB%E1%84%90%E1%85%A6%E1%86%AF-%E1%84%8F%E1%85%B3%E1%84%85%E1%85%A9%E1%86%B8-%E1%84%82%E1%85%B5%E1%84%90%E1%85%B3-%E1%84%89%E1%85%B3%E1%84%8B%E1%85%B0%E1%84%90%E1%85%A5-p04331003.html,https://static.zara.net/assets/public/deb4/70c9/d7d34a1b95c4/237c077eaebb/04331003712-p/04331003712-p.jpg?ts=1774014486323,"₩49,900",,,260622,크림,,,,
,false,,ZARA,상의,탑,여성,벌룬 슬리브 니트 탑,https://www.zara.com/kr/ko/%E1%84%87%E1%85%A5%E1%86%AF%E1%84%85%E1%85%AE%E1%86%AB-%E1%84%89%E1%85%B3%E1%86%AF%E1%84%85%E1%85%B5%E1%84%87%E1%85%B3-%E1%84%82%E1%85%B5%E1%84%90%E1%85%B3-%E1%84%90%E1%85%A1%E1%86%B8-p00014025.html,https://static.zara.net/assets/public/abc1/125a/944c42e4b029/d2bd86a497c3/00014025250-p/00014025250-p.jpg?ts=1774372274581,"₩49,900",,,260622,화이트,,,,
,false,,ZARA,상의,니트,여성,시스루 니트 폴로셔츠,https://www.zara.com/kr/ko/%E1%84%89%E1%85%B5%E1%84%89%E1%85%B3%E1%84%85%E1%85%AE-%E1%84%82%E1%85%B5%E1%84%90%E1%85%B3-%E1%84%91%E1%85%A9%E1%86%AF%E1%84%85%E1%85%A9%E1%84%89%E1%85%A7%E1%84%8E%E1%85%B3-p08779003.html,https://static.zara.net/assets/public/162b/782e/fae84fa1b082/3874557e3d39/08779003250-p/08779003250-p.jpg?ts=1772554891933,"₩49,900",,,260622,화이트,,,,
,false,,ZARA,상의,탑,여성,코르셋 니트 탑,https://www.zara.com/kr/ko/%E1%84%8F%E1%85%A9%E1%84%85%E1%85%B3%E1%84%89%E1%85%A6%E1%86%BA-%E1%84%82%E1%85%B5%E1%84%90%E1%85%B3-%E1%84%90%E1%85%A1%E1%86%B8-p02142075.html,https://static.zara.net/assets/public/8327/cd37/8bcc4c38af81/1d7cad406568/02142075712-p/02142075712-p.jpg?ts=1772186714787,"₩49,900",,,260622,크림,,,,
,false,,ZARA,상의,가디건,여성,리브드 니트 재킷,https://www.zara.com/kr/ko/%E1%84%85%E1%85%B5%E1%84%87%E1%85%B3%E1%84%83%E1%85%B3-%E1%84%82%E1%85%B5%E1%84%90%E1%85%B3-%E1%84%8C%E1%85%A2%E1%84%8F%E1%85%B5%E1%86%BA-p03390001.html,https://static.zara.net/assets/public/8baf/8934/3a6e4e349f0f/cd59a201a7e0/03390001321-p/03390001321-p.jpg?ts=1769788020852,"₩49,900",,,260622,파스텔 옐로우,,,,
,false,,ZARA,상의,니트,여성,울 쇼트 슬리브 스웨터,https://www.zara.com/kr/ko/%E1%84%89%E1%85%AD%E1%84%90%E1%85%B3-%E1%84%89%E1%85%B3%E1%86%AF%E1%84%85%E1%85%B5%E1%84%87%E1%85%B3-%E1%84%8B%E1%85%AE%E1%86%AF-%E1%84%89%E1%85%B3%E1%84%8B%E1%85%B0%E1%84%90%E1%85%A5-p02142021.html,https://static.zara.net/assets/public/c871/479a/bcb44aedb88a/7f31b497ecec/02142021423-p/02142021423-p.jpg?ts=1770221937750,"₩49,900",,,260622,파스텔 블루,,,,
,false,,ZARA,상의,탑,여성,와이드 슬리브 니트 탑,https://www.zara.com/kr/ko/%E1%84%8B%E1%85%AA%E1%84%8B%E1%85%B5%E1%84%83%E1%85%B3-%E1%84%89%E1%85%B3%E1%86%AF%E1%84%85%E1%85%B5%E1%84%87%E1%85%B3-%E1%84%82%E1%85%B5%E1%84%90%E1%85%B3-%E1%84%90%E1%85%A1%E1%86%B8-p03433004.html,https://static.zara.net/assets/public/b6a5/0e89/3cbc425ea308/500bd08043c0/03519044944-p/03519044944-p.jpg?ts=1781105361533,"₩45,900",,,260622,레드 스트라이프,,,,
,false,,ZARA,상의,니트,여성,쇼트 슬리브 니트 폴로셔츠,https://www.zara.com/kr/ko/%E1%84%89%E1%85%AD%E1%84%90%E1%85%B3-%E1%84%89%E1%85%B3%E1%86%AF%E1%84%85%E1%85%B5%E1%84%87%E1%85%B3-%E1%84%82%E1%85%B5%E1%84%90%E1%85%B3-%E1%84%91%E1%85%A9%E1%86%AF%E1%84%85%E1%85%A9%E1%84%89%E1%85%A7%E1%84%8E%E1%85%B3-p02142519.html,https://static.zara.net/assets/public/58b3/ed4d/7c10410e8687/ec66bf927a2a/02142519250-p/02142519250-p.jpg?ts=1781076426949,"₩45,900",,,260622,화이트,,,,
,false,,ZARA,상의,니트,여성,쇼트 슬리브 니트 폴로셔츠,https://www.zara.com/kr/ko/%E1%84%89%E1%85%AD%E1%84%90%E1%85%B3-%E1%84%89%E1%85%B3%E1%86%AF%E1%84%85%E1%85%B5%E1%84%87%E1%85%B3-%E1%84%82%E1%85%B5%E1%84%90%E1%85%B3-%E1%84%91%E1%85%A9%E1%86%AF%E1%84%85%E1%85%A9%E1%84%89%E1%85%A7%E1%84%8E%E1%85%B3-p02142519.html,https://static.zara.net/assets/public/0e86/8442/c10f47999613/7048c2d28976/02142519250-1-a2/02142519250-1-a2.jpg?ts=1779373988263,"₩45,900",,,260622,화이트,,,,
,false,,ZARA,상의,니트,여성,스트라이프 니트 반소매 폴로셔츠,https://www.zara.com/kr/ko/%E1%84%89%E1%85%B3%E1%84%90%E1%85%B3%E1%84%85%E1%85%A1%E1%84%8B%E1%85%B5%E1%84%91%E1%85%B3-%E1%84%82%E1%85%B5%E1%84%90%E1%85%B3-%E1%84%87%E1%85%A1%E1%86%AB%E1%84%89%E1%85%A9%E1%84%86%E1%85%A2-%E1%84%91%E1%85%A9%E1%86%AF%E1%84%85%E1%85%A9%E1%84%89%E1%85%A7%E1%84%8E%E1%85%B3-p05755053.html,https://static.zara.net/assets/public/5839/0f79/64fa40ffa6d1/c04da0f3e83a/05755053600-a5/05755053600-a5.jpg?ts=1776957594399,"₩45,900",,,260622,레드,,,,
,false,,ZARA,상의,탑,여성,와이드 슬리브 니트 탑,https://www.zara.com/kr/ko/%E1%84%8B%E1%85%AA%E1%84%8B%E1%85%B5%E1%84%83%E1%85%B3-%E1%84%89%E1%85%B3%E1%86%AF%E1%84%85%E1%85%B5%E1%84%87%E1%85%B3-%E1%84%82%E1%85%B5%E1%84%90%E1%85%B3-%E1%84%90%E1%85%A1%E1%86%B8-p03433004.html,https://static.zara.net/assets/public/f17e/253a/311d4aa28814/1b66a9d6c711/03433004401-p/03433004401-p.jpg?ts=1772038894310,"₩45,900",,,260622,네이비,,,,
,false,,ZARA,상의,탑,여성,슬리브리스 니트 탑,https://www.zara.com/kr/ko/%E1%84%89%E1%85%B3%E1%86%AF%E1%84%85%E1%85%B5%E1%84%87%E1%85%B3%E1%84%85%E1%85%B5%E1%84%89%E1%85%B3-%E1%84%82%E1%85%B5%E1%84%90%E1%85%B3-%E1%84%90%E1%85%A1%E1%86%B8-p02142218.html,https://static.zara.net/assets/public/ac94/35af/d6c548e0b016/f36b6f74d406/02142218250-p/02142218250-p.jpg?ts=1780488822806,"₩45,900",,,260622,화이트,,,,
,false,,ZARA,상의,니트,여성,파인 스트라이프 니트 스웨터,https://www.zara.com/kr/ko/%E1%84%91%E1%85%A1%E1%84%8B%E1%85%B5%E1%86%AB-%E1%84%89%E1%85%B3%E1%84%90%E1%85%B3%E1%84%85%E1%85%A1%E1%84%8B%E1%85%B5%E1%84%91%E1%85%B3-%E1%84%82%E1%85%B5%E1%84%90%E1%85%B3-%E1%84%89%E1%85%B3%E1%84%8B%E1%85%B0%E1%84%90%E1%85%A5-p03653007.html,https://static.zara.net/assets/public/002b/9e02/7af445d4a9d3/173096b94697/03653007105-p/03653007105-p.jpg?ts=1777026419777,"₩45,900",,,260622,스트라이프,,,,
,false,,ZARA,상의,니트,여성,스트라이프 쇼트 슬리브 니트 스웨터,https://www.zara.com/kr/ko/%E1%84%89%E1%85%AD%E1%84%90%E1%85%B3-%E1%84%89%E1%85%B3%E1%86%AF%E1%84%85%E1%85%B5%E1%84%87%E1%85%B3-%E1%84%89%E1%85%B3%E1%84%90%E1%85%B3%E1%84%85%E1%85%A1%E1%84%8B%E1%85%B5%E1%84%91%E1%85%B3-%E1%84%82%E1%85%B5%E1%84%90%E1%85%B3-%E1%84%89%E1%85%B3%E1%84%8B%E1%85%B0%E1%84%90%E1%85%A5-p02142100.html,https://static.zara.net/assets/public/dea6/c206/01da4bd5b5df/10084214e517/02142100105-p/02142100105-p.jpg?ts=1777033280068,"₩45,900",,,260622,스트라이프,,,,
,false,,ZARA,상의,니트,여성,스트라이프 니트 반소매 폴로셔츠,https://www.zara.com/kr/ko/%E1%84%89%E1%85%B3%E1%84%90%E1%85%B3%E1%84%85%E1%85%A1%E1%84%8B%E1%85%B5%E1%84%91%E1%85%B3-%E1%84%82%E1%85%B5%E1%84%90%E1%85%B3-%E1%84%87%E1%85%A1%E1%86%AB%E1%84%89%E1%85%A9%E1%84%86%E1%85%A2-%E1%84%91%E1%85%A9%E1%86%AF%E1%84%85%E1%85%A9%E1%84%89%E1%85%A7%E1%84%8E%E1%85%B3-p05755053.html,https://static.zara.net/assets/public/f16c/4c4b/a0fe46a49f50/53d3a8094711/05755053500-p/05755053500-p.jpg?ts=1777032340526,"₩45,900",,,260622,초록,,,,
,false,,ZARA,상의,탑,여성,오프숄더 스트라이프 니트 탑,https://www.zara.com/kr/ko/%E1%84%8B%E1%85%A9%E1%84%91%E1%85%B3%E1%84%89%E1%85%AD%E1%86%AF%E1%84%83%E1%85%A5-%E1%84%89%E1%85%B3%E1%84%90%E1%85%B3%E1%84%85%E1%85%A1%E1%84%8B%E1%85%B5%E1%84%91%E1%85%B3-%E1%84%82%E1%85%B5%E1%84%90%E1%85%B3-%E1%84%90%E1%85%A1%E1%86%B8-p04938024.html,https://static.zara.net/assets/public/6efb/7c40/a44e421a8166/afa4e678fa33/04938024050-a4/04938024050-a4.jpg?ts=1777979464355,"₩45,900",,,260622,단색,,,,
,false,,ZARA,상의,탑,여성,허니콤 니트 탑,https://www.zara.com/kr/ko/%E1%84%92%E1%85%A5%E1%84%82%E1%85%B5%E1%84%8F%E1%85%A9%E1%86%B7-%E1%84%82%E1%85%B5%E1%84%90%E1%85%B3-%E1%84%90%E1%85%A1%E1%86%B8-p00014026.html,https://static.zara.net/assets/public/40bb/e9d7/cfda4bec8340/9166ec4cd400/00014026800-p/00014026800-p.jpg?ts=1779809682653,"₩45,900",,,260622,블랙,,,,
,false,,ZARA,상의,탑,여성,스트라이프 니트 재킷,https://www.zara.com/kr/ko/%E1%84%89%E1%85%B3%E1%84%90%E1%85%B3%E1%84%85%E1%85%A1%E1%84%8B%E1%85%B5%E1%84%91%E1%85%B3-%E1%84%82%E1%85%B5%E1%84%90%E1%85%B3-%E1%84%8C%E1%85%A2%E1%84%8F%E1%85%B5%E1%86%BA-p02142181.html,https://static.zara.net/assets/public/4381/f221/c9e541f49023/b8696d6cc9a2/02142181104-p/02142181104-p.jpg?ts=1777478774327,"₩45,900",,,260622,스트라이프,,,,
,false,,ZARA,상의,니트,여성,스트라이프 쇼트 슬리브 니트 스웨터,https://www.zara.com/kr/ko/%E1%84%89%E1%85%AD%E1%84%90%E1%85%B3-%E1%84%89%E1%85%B3%E1%86%AF%E1%84%85%E1%85%B5%E1%84%87%E1%85%B3-%E1%84%89%E1%85%B3%E1%84%90%E1%85%B3%E1%84%85%E1%85%A1%E1%84%8B%E1%85%B5%E1%84%91%E1%85%B3-%E1%84%82%E1%85%B5%E1%84%90%E1%85%B3-%E1%84%89%E1%85%B3%E1%84%8B%E1%85%B0%E1%84%90%E1%85%A5-p02142100.html,https://static.zara.net/assets/public/4965/3e92/e5794bef91b1/e2c785e3266a/02142100105-p/02142100105-p.jpg?ts=1771765996714,"₩45,900",,,260622,스트라이프,,,,
,false,,ZARA,상의,니트,여성,스트라이프 니트 탑,https://www.zara.com/kr/ko/%E1%84%89%E1%85%B3%E1%84%90%E1%85%B3%E1%84%85%E1%85%A1%E1%84%8B%E1%85%B5%E1%84%91%E1%85%B3-%E1%84%82%E1%85%B5%E1%84%90%E1%85%B3-%E1%84%90%E1%85%A1%E1%86%B8-p00244003.html,https://static.zara.net/assets/public/b3a9/14f6/44344325b5fa/5504c620f19c/00244003048-p/00244003048-p.jpg?ts=1777992018187,"₩39,900",,,260622,화이트-오렌지,,,,
,false,,ZARA,상의,탑,여성,파인 니트 보우 탑,https://www.zara.com/kr/ko/%E1%84%91%E1%85%A1%E1%84%8B%E1%85%B5%E1%86%AB-%E1%84%82%E1%85%B5%E1%84%90%E1%85%B3-%E1%84%87%E1%85%A9%E1%84%8B%E1%85%AE-%E1%84%90%E1%85%A1%E1%86%B8-p09874018.html,https://static.zara.net/assets/public/84e4/9e33/daec4ed890d0/eba1c477537f/09874018460-p/09874018460-p.jpg?ts=1775811913170,"₩39,900",,,260622,네온 로즈핑크,,,,
,false,,ZARA,상의,탑,여성,컬러 블록 니트 탑,https://www.zara.com/kr/ko/%E1%84%8F%E1%85%A5%E1%86%AF%E1%84%85%E1%85%A5-%E1%84%87%E1%85%B3%E1%86%AF%E1%84%85%E1%85%A9%E1%86%A8-%E1%84%82%E1%85%B5%E1%84%90%E1%85%B3-%E1%84%90%E1%85%A1%E1%86%B8-p03471008.html,https://static.zara.net/assets/public/460b/472c/4d1b425e9d57/e40beacec90a/03471008330-p/03471008330-p.jpg?ts=1773256830968,"₩39,900",,,260622,멀티컬러,,,,
,false,,ZARA,바지,슬랙스,여성,텍스처 니트 쇼츠,https://www.zara.com/kr/ko/%E1%84%90%E1%85%A6%E1%86%A8%E1%84%89%E1%85%B3%E1%84%8E%E1%85%A5-%E1%84%82%E1%85%B5%E1%84%90%E1%85%B3-%E1%84%89%E1%85%AD%E1%84%8E%E1%85%B3-p08779121.html,https://static.zara.net/assets/public/2122/810c/80dc45f38e13/7c40ac8cfbcf/08779121505-p/08779121505-p.jpg?ts=1780474099225,"₩39,900",,,260622,카키,,,,
,false,,ZARA,상의,탑,여성,스트라이프 니트 탑,https://www.zara.com/kr/ko/%E1%84%89%E1%85%B3%E1%84%90%E1%85%B3%E1%84%85%E1%85%A1%E1%84%8B%E1%85%B5%E1%84%91%E1%85%B3-%E1%84%82%E1%85%B5%E1%84%90%E1%85%B3-%E1%84%90%E1%85%A1%E1%86%B8-p03471025.html,https://static.zara.net/assets/public/1725/7318/f88845709a80/c028ca3982f5/07147223427-p/07147223427-p.jpg?ts=1781092370745,"₩35,900",,,260622,미디움 블루,,,,
,false,,ZARA,상의,탑,여성,파인 니트 슬리브리스 탑,https://www.zara.com/kr/ko/%E1%84%91%E1%85%A1%E1%84%8B%E1%85%B5%E1%86%AB-%E1%84%82%E1%85%B5%E1%84%90%E1%85%B3-%E1%84%89%E1%85%B3%E1%86%AF%E1%84%85%E1%85%B5%E1%84%87%E1%85%B3%E1%84%85%E1%85%B5%E1%84%89%E1%85%B3-%E1%84%90%E1%85%A1%E1%86%B8-p02142083.html,https://static.zara.net/assets/public/192a/6453/50f644109c71/aff721b60028/02142083600-p/02142083600-p.jpg?ts=1772806617571,"₩35,900",,,260622,레드,,,,
,false,,ZARA,바지,반바지,여성,엘라스틱 허리 니트 쇼츠,https://www.zara.com/kr/ko/%E1%84%8B%E1%85%A6%E1%86%AF%E1%84%85%E1%85%A1%E1%84%89%E1%85%B3%E1%84%90%E1%85%B5%E1%86%A8-%E1%84%92%E1%85%A5%E1%84%85%E1%85%B5-%E1%84%82%E1%85%B5%E1%84%90%E1%85%B3-%E1%84%89%E1%85%AD%E1%84%8E%E1%85%B3-p03921045.html,https://static.zara.net/assets/public/920d/f4df/e6e048668e5d/13a15d54f85e/03921045500-p/03921045500-p.jpg?ts=1780498737213,"₩35,900",,,260622,초록,,,,
,false,,ZARA,상의,탑,여성,스트라이프 스트랩 니트 탑,https://www.zara.com/kr/ko/%E1%84%89%E1%85%B3%E1%84%90%E1%85%B3%E1%84%85%E1%85%A1%E1%84%8B%E1%85%B5%E1%84%91%E1%85%B3-%E1%84%82%E1%85%B5%E1%84%90%E1%85%B3-%E1%84%89%E1%85%B3%E1%84%90%E1%85%B3%E1%84%85%E1%85%A2%E1%86%B8-%E1%84%90%E1%85%A1%E1%86%B8-p03471027.html,https://static.zara.net/assets/public/ef9b/f359/5c8f4213becb/0e23ae386b04/03471027645-p/03471027645-p.jpg?ts=1775723674057,"₩35,900",,,260622,미디움 로즈,,,,
,false,,ZARA,상의,탑,여성,골지 홀터넥 탑,https://www.zara.com/kr/ko/%E1%84%80%E1%85%A9%E1%86%AF%E1%84%8C%E1%85%B5-%E1%84%92%E1%85%A9%E1%86%AF%E1%84%90%E1%85%A5%E1%84%82%E1%85%A6%E1%86%A8-%E1%84%82%E1%85%B5%E1%84%90%E1%85%B3-%E1%84%90%E1%85%A1%E1%86%B8-p03471026.html,https://static.zara.net/assets/public/3b97/94b0/7b894e478e07/73f831d43197/03471026645-p/03471026645-p.jpg?ts=1775723674081,"₩35,900",,,260622,미디움 로즈,,,,
,false,,ZARA,상의,가디건,여성,실크 프릴 니트 재킷 LIMITED EDITION,https://www.zara.com/kr/ko/%E1%84%89%E1%85%B5%E1%86%AF%E1%84%8F%E1%85%B3-%E1%84%91%E1%85%B3%E1%84%85%E1%85%B5%E1%86%AF-%E1%84%82%E1%85%B5%E1%84%90%E1%85%B3-%E1%84%8C%E1%85%A2%E1%84%8F%E1%85%B5%E1%86%BA-limited-edition-p02142209.html,https://static.zara.net/assets/public/72d1/e5c4/bdd1469283f3/934635027c5f/02142209306-p/02142209306-p.jpg?ts=1773412224323,"₩89,900",,,260622,라이트 옐로우,,,,
,false,,ZARA,상의,니트,여성,LIMITED EDITION 세미 시스루 니트 스웨터,https://www.zara.com/kr/ko/limited-edition-%E1%84%89%E1%85%A6%E1%84%86%E1%85%B5-%E1%84%89%E1%85%B5%E1%84%89%E1%85%B3%E1%84%85%E1%85%AE-%E1%84%82%E1%85%B5%E1%84%90%E1%85%B3-%E1%84%89%E1%85%B3%E1%84%8B%E1%85%B0%E1%84%90%E1%85%A5-p03920340.html,https://static.zara.net/assets/public/cb9b/7213/353f4a8b8053/91f7e1e29c9d/03920340645-p/03920340645-p.jpg?ts=1773412230820,"₩79,900",,,260622,미디움 로즈,,,,
,false,,ZARA,상의,가디건,여성,LIMITED EDITION 프린지 구조 재킷,https://www.zara.com/kr/ko/limited-edition-%E1%84%91%E1%85%B3%E1%84%85%E1%85%B5%E1%86%AB%E1%84%8C%E1%85%B5-%E1%84%8C%E1%85%A2%E1%84%8F%E1%85%B5%E1%86%BA-p02363707.html,https://static.zara.net/assets/public/ec88/1ccd/47d64006ac07/6879cbfb6e71/02363707664-p/02363707664-p.jpg?ts=1773412215347,"₩189,900",,,260622,다크 핑크로즈,,,,
,false,,ZARA,상의,니트,여성,VRSZE PL KNT 16,https://www.zara.com/kr/ko/vrsze-pl-knt-16-p05755903.html,https://static.zara.net/assets/public/d730/7cf4/a96d40e99c7a/f20a8b5209bf/T9725478885-p/T9725478885-p.jpg?ts=1775423080371,"₩109,900",,,260622,초록,,,,
,false,,ZARA,상의,니트,여성,VRSZE PL KNT 16,https://www.zara.com/kr/ko/vrsze-pl-knt-16-p05755903.html,https://static.zara.net/assets/public/d730/7cf4/a96d40e99c7a/f20a8b5209bf/T9725478885-p/T9725478885-p.jpg?ts=1775423080371,"₩109,900",,,260622,초록,,,,
,false,,ZARA,원피스,원피스,여성,WILLY CHAVARRIA X ZARA 니트 미니 원피스,https://www.zara.com/kr/ko/%E1%84%8B%E1%85%B1%E1%86%AF%E1%84%85%E1%85%B5-%E1%84%8E%E1%85%A1%E1%84%87%E1%85%A1%E1%84%85%E1%85%B5%E1%84%8B%E1%85%A1-x-%E1%84%8C%E1%85%A1%E1%84%85%E1%85%A1-%E1%84%82%E1%85%B5%E1%84%90%E1%85%B3-%E1%84%86%E1%85%B5%E1%84%82%E1%85%B5-%E1%84%8B%E1%85%AF%E1%86%AB%E1%84%91%E1%85%B5%E1%84%89%E1%85%B3-p02142222.html,https://static.zara.net/assets/public/eff0/6e8a/7a724141b968/7bff890624a6/02142222800-p/02142222800-p.jpg?ts=1774294288834,"₩89,900",,,260622,블랙,,,,
,false,,ZARA,기타,BODYSUIT,여성,WILLY CHAVARRIA X ZARA 엑스트라 파인 골지 니트 바디수트,https://www.zara.com/kr/ko/willy-chavarria-x-zara-%E1%84%8B%E1%85%A6%E1%86%A8%E1%84%89%E1%85%B3%E1%84%90%E1%85%B3%E1%84%85%E1%85%A1-%E1%84%91%E1%85%A1%E1%84%8B%E1%85%B5%E1%86%AB-%E1%84%80%E1%85%A9%E1%86%AF%E1%84%8C%E1%85%B5-%E1%84%82%E1%85%B5%E1%84%90%E1%85%B3-%E1%84%87%E1%85%A1%E1%84%83%E1%85%B5%E1%84%89%E1%85%AE%E1%84%90%E1%85%B3-p09598051.html,https://static.zara.net/assets/public/87ec/27aa/28d24b04b00b/7cc79aa8d5c1/09598051715-p/09598051715-p.jpg?ts=1774294301086,"₩79,900",,,260622,미디움 크림,,,,
,false,,ZARA,기타,BODYSUIT,여성,WILLY CHAVARRIA X ZARA 오버사이즈 니트 바디수트,https://www.zara.com/kr/ko/willy-chavarria-x-zara-%E1%84%8B%E1%85%A9%E1%84%87%E1%85%A5%E1%84%89%E1%85%A1%E1%84%8B%E1%85%B5%E1%84%8C%E1%85%B3-%E1%84%82%E1%85%B5%E1%84%90%E1%85%B3-%E1%84%87%E1%85%A1%E1%84%83%E1%85%B5%E1%84%89%E1%85%AE%E1%84%90%E1%85%B3-p04192019.html,https://static.zara.net/assets/public/4303/9875/2ef24dbaaf85/f68290848f9b/04192019800-p/04192019800-p.jpg?ts=1774294296734,"₩59,900",,,260622,블랙,,,,
,false,,ZARA,원피스,원피스,여성,WILLY CHAVARRIA X ZARA 니트 미니 원피스,https://www.zara.com/kr/ko/%E1%84%8B%E1%85%B1%E1%86%AF%E1%84%85%E1%85%B5-%E1%84%8E%E1%85%A1%E1%84%87%E1%85%A1%E1%84%85%E1%85%B5%E1%84%8B%E1%85%A1-x-%E1%84%8C%E1%85%A1%E1%84%85%E1%85%A1-%E1%84%82%E1%85%B5%E1%84%90%E1%85%B3-%E1%84%86%E1%85%B5%E1%84%82%E1%85%B5-%E1%84%8B%E1%85%AF%E1%86%AB%E1%84%91%E1%85%B5%E1%84%89%E1%85%B3-p02142222.html,https://static.zara.net/assets/public/b8d7/b7b9/c8044cca8d0f/536fe16312be/02142222800-e1/02142222800-e1.jpg?ts=1774346474015,"₩89,900",,,260622,블랙,,,,
,false,,ZARA,기타,BODYSUIT,여성,WILLY CHAVARRIA X ZARA 엑스트라 파인 골지 니트 바디수트,https://www.zara.com/kr/ko/willy-chavarria-x-zara-%E1%84%8B%E1%85%A6%E1%86%A8%E1%84%89%E1%85%B3%E1%84%90%E1%85%B3%E1%84%85%E1%85%A1-%E1%84%91%E1%85%A1%E1%84%8B%E1%85%B5%E1%86%AB-%E1%84%80%E1%85%A9%E1%86%AF%E1%84%8C%E1%85%B5-%E1%84%82%E1%85%B5%E1%84%90%E1%85%B3-%E1%84%87%E1%85%A1%E1%84%83%E1%85%B5%E1%84%89%E1%85%AE%E1%84%90%E1%85%B3-p09598051.html,https://static.zara.net/assets/public/f951/4d8c/b4054df7909b/90bc669130af/09598051715-e1/09598051715-e1.jpg?ts=1774346519891,"₩79,900",,,260622,미디움 크림,,,,
,false,,ZARA,기타,BODYSUIT,여성,WILLY CHAVARRIA X ZARA 오버사이즈 니트 바디수트,https://www.zara.com/kr/ko/willy-chavarria-x-zara-%E1%84%8B%E1%85%A9%E1%84%87%E1%85%A5%E1%84%89%E1%85%A1%E1%84%8B%E1%85%B5%E1%84%8C%E1%85%B3-%E1%84%82%E1%85%B5%E1%84%90%E1%85%B3-%E1%84%87%E1%85%A1%E1%84%83%E1%85%B5%E1%84%89%E1%85%AE%E1%84%90%E1%85%B3-p04192019.html,https://static.zara.net/assets/public/0341/57dd/bdde408681a3/c1a07951c8f7/04192019800-e1/04192019800-e1.jpg?ts=1774346493188,"₩59,900",,,260622,블랙,,,,
,false,,ZARA,상의,니트,여성,지퍼 니트 폴로셔츠,https://www.zara.com/kr/ko/%E1%84%8C%E1%85%B5%E1%84%91%E1%85%A5-%E1%84%82%E1%85%B5%E1%84%90%E1%85%B3-%E1%84%91%E1%85%A9%E1%86%AF%E1%84%85%E1%85%A9%E1%84%89%E1%85%A7%E1%84%8E%E1%85%B3-p06427020.html,https://static.zara.net/assets/public/018f/ba31/56a34c168c2c/01462dee53d5/T9802750228-p/T9802750228-p.jpg?ts=1781709463043,"₩55,900",,,260622,레드,,,,
,false,,ZARA,상의,가디건,여성,벌룬 슬리브 트임 니트 재킷,https://www.zara.com/kr/ko/%E1%84%87%E1%85%A5%E1%86%AF%E1%84%85%E1%85%AE%E1%86%AB-%E1%84%89%E1%85%B3%E1%86%AF%E1%84%85%E1%85%B5%E1%84%87%E1%85%B3-%E1%84%90%E1%85%B3%E1%84%8B%E1%85%B5%E1%86%B7-%E1%84%82%E1%85%B5%E1%84%90%E1%85%B3-%E1%84%8C%E1%85%A2%E1%84%8F%E1%85%B5%E1%86%BA-p04192080.html,https://static.zara.net/assets/public/fc9a/7b0d/a83949709638/9a5360ce9112/04192080712-p/04192080712-p.jpg?ts=1781707973799,"₩59,900",,,260622,크림,,,,
,false,,ZARA,상의,탑,여성,코르셋 니트 탑,https://www.zara.com/kr/ko/%E1%84%8F%E1%85%A9%E1%84%85%E1%85%B3%E1%84%89%E1%85%A6%E1%86%BA-%E1%84%82%E1%85%B5%E1%84%90%E1%85%B3-%E1%84%90%E1%85%A1%E1%86%B8-p02142122.html,https://static.zara.net/assets/public/15b3/7535/d1df41b1bbc3/5f375360d765/02142122800-a2/02142122800-a2.jpg?ts=1781684650323,"₩55,900",,,260622,블랙,,,,
,false,,ZARA,상의,니트,여성,쇼트 슬리브 니트 폴로셔츠,https://www.zara.com/kr/ko/%E1%84%89%E1%85%AD%E1%84%90%E1%85%B3-%E1%84%89%E1%85%B3%E1%86%AF%E1%84%85%E1%85%B5%E1%84%87%E1%85%B3-%E1%84%82%E1%85%B5%E1%84%90%E1%85%B3-%E1%84%91%E1%85%A9%E1%86%AF%E1%84%85%E1%85%A9%E1%84%89%E1%85%A7%E1%84%8E%E1%85%B3-p02142519.html,https://static.zara.net/assets/public/832e/3cbe/aad242959e4f/f35e6cffa33a/02142519800-p/02142519800-p.jpg?ts=1781684666536,"₩45,900",,,260622,블랙,,,,
,false,,ZARA,상의,니트,여성,VST V NCK 16,https://www.zara.com/kr/ko/vst-v-nck-16-p00506900.html,https://static.zara.net/assets/public/e79b/44a7/2a704c9fb7f2/859db5398b1d/00506900600-a2/00506900600-a2.jpg?ts=1781684657527,"₩59,900",,,260622,레드,,,,
,false,,ZARA,상의,가디건,여성,쇼트 슬리브 니트 재킷,https://www.zara.com/kr/ko/%E1%84%89%E1%85%AD%E1%84%90%E1%85%B3-%E1%84%89%E1%85%B3%E1%86%AF%E1%84%85%E1%85%B5%E1%84%87%E1%85%B3-%E1%84%82%E1%85%B5%E1%84%90%E1%85%B3-%E1%84%8C%E1%85%A2%E1%84%8F%E1%85%B5%E1%86%BA-p02142188.html,https://static.zara.net/assets/public/25d2/473e/0db241859f5a/8c020de18f9a/02142188800-p/02142188800-p.jpg?ts=1781684666058,"₩49,900",,,260622,블랙,,,,
,false,,ZARA,상의,니트,여성,쇼트 슬리브 니트 폴로셔츠,https://www.zara.com/kr/ko/%E1%84%89%E1%85%AD%E1%84%90%E1%85%B3-%E1%84%89%E1%85%B3%E1%86%AF%E1%84%85%E1%85%B5%E1%84%87%E1%85%B3-%E1%84%82%E1%85%B5%E1%84%90%E1%85%B3-%E1%84%91%E1%85%A9%E1%86%AF%E1%84%85%E1%85%A9%E1%84%89%E1%85%A7%E1%84%8E%E1%85%B3-p02142257.html,https://static.zara.net/assets/public/da41/6b02/e2a6402887f7/9d6209c4b8cf/02142257645-p/02142257645-p.jpg?ts=1781684671149,"₩49,900",,,260622,미디움 로즈,,,,
,false,,ZARA,상의,니트,여성,울 파인 니트 스웨터,https://www.zara.com/kr/ko/%E1%84%8B%E1%85%AE%E1%86%AF-%E1%84%91%E1%85%A1%E1%84%8B%E1%85%B5%E1%86%AB-%E1%84%82%E1%85%B5%E1%84%90%E1%85%B3-%E1%84%89%E1%85%B3%E1%84%8B%E1%85%B0%E1%84%90%E1%85%A5-p02142032.html,https://static.zara.net/assets/public/b3c2/60f5/43d247dcbc8c/34456cac32b8/06700187712-p/06700187712-p.jpg?ts=1781682452595,"₩49,900",,,260622,크림,,,,
,false,,ZARA,상의,탑,여성,파인 니트 슬리브리스 탑,https://www.zara.com/kr/ko/%E1%84%91%E1%85%A1%E1%84%8B%E1%85%B5%E1%86%AB-%E1%84%82%E1%85%B5%E1%84%90%E1%85%B3-%E1%84%89%E1%85%B3%E1%86%AF%E1%84%85%E1%85%B5%E1%84%87%E1%85%B3%E1%84%85%E1%85%B5%E1%84%89%E1%85%B3-%E1%84%90%E1%85%A1%E1%86%B8-p02142083.html,https://static.zara.net/assets/public/cebc/3f4f/6948438eaf4f/de0991f3a4d8/02142083600-p/02142083600-p.jpg?ts=1781682492388,"₩35,900",,,260622,레드,,,,
,false,,ZARA,상의,가디건,여성,콤비 니트 재킷,https://www.zara.com/kr/ko/%E1%84%8F%E1%85%A9%E1%86%B7%E1%84%87%E1%85%B5-%E1%84%82%E1%85%B5%E1%84%90%E1%85%B3-%E1%84%8C%E1%85%A2%E1%84%8F%E1%85%B5%E1%86%BA-p03921049.html,https://static.zara.net/assets/public/bd0c/b18d/3d1c4dc5a51a/85d1d521debc/03921049300-p/03921049300-p.jpg?ts=1777282903741,"₩55,900",,,260622,노랑,,,,
,false,,ZARA,상의,탑,여성,시스루 도트 니트 탑,https://www.zara.com/kr/ko/%E1%84%89%E1%85%B5%E1%84%89%E1%85%B3%E1%84%85%E1%85%AE-%E1%84%83%E1%85%A9%E1%84%90%E1%85%B3-%E1%84%82%E1%85%B5%E1%84%90%E1%85%B3-%E1%84%90%E1%85%A1%E1%86%B8-p09598096.html,https://static.zara.net/assets/public/c711/8f0b/f05d4050ad6f/3e16c01b17f1/09598096800-p/09598096800-p.jpg?ts=1779289148457,"₩49,900",,,260622,블랙,,,,
,false,,ZARA,상의,탑,여성,언밸런스 스트라이프 니트 탑 - THE ITEM ZARA WOMAN,https://www.zara.com/kr/ko/%E1%84%8B%E1%85%A5%E1%86%AB%E1%84%87%E1%85%A2%E1%86%AF%E1%84%85%E1%85%A5%E1%86%AB%E1%84%89%E1%85%B3-%E1%84%89%E1%85%B3%E1%84%90%E1%85%B3%E1%84%85%E1%85%A1%E1%84%8B%E1%85%B5%E1%84%91%E1%85%B3-%E1%84%82%E1%85%B5%E1%84%90%E1%85%B3-%E1%84%90%E1%85%A1%E1%86%B8---the-item-zara-woman-p02142214.html,https://static.zara.net/assets/public/e650/f2a5/a98e42388df9/069756bec03f/02142214061-60-p/02142214061-60-p.jpg?ts=1781534382342,"₩89,900",,,260622,"화이트,레드",,,,
,false,,ZARA,상의,탑,여성,코르셋 니트 탑,https://www.zara.com/kr/ko/%E1%84%8F%E1%85%A9%E1%84%85%E1%85%B3%E1%84%89%E1%85%A6%E1%86%BA-%E1%84%85%E1%85%B5%E1%86%B8-%E1%84%82%E1%85%B5%E1%84%90%E1%85%B3-%E1%84%90%E1%85%A1%E1%86%B8-p04331007.html,https://static.zara.net/assets/public/80cd/1d1f/e1924899854a/c71737088e73/04331007300-a2/04331007300-a2.jpg?ts=1781180725836,"₩49,900",,,260622,노랑,,,,
,false,,ZARA,상의,가디건,여성,스트라이프 니트 재킷,https://www.zara.com/kr/ko/%E1%84%89%E1%85%B3%E1%84%90%E1%85%B3%E1%84%85%E1%85%A1%E1%84%8B%E1%85%B5%E1%84%91%E1%85%B3-%E1%84%82%E1%85%B5%E1%84%90%E1%85%B3-%E1%84%8C%E1%85%A2%E1%84%8F%E1%85%B5%E1%86%BA-p03653020.html,https://static.zara.net/assets/public/9d9e/fb2a/7404475d8eb5/b2f3cdf05ea8/03653020633-p/03653020633-p.jpg?ts=1781180722721,"₩57,900",,,260622,워싱 로즈핑크,,,,
,false,,ZARA,원피스,원피스,여성,볼 니트 반두 원피스,https://www.zara.com/kr/ko/%E1%84%87%E1%85%A9%E1%86%AF-%E1%84%82%E1%85%B5%E1%84%90%E1%85%B3-%E1%84%87%E1%85%A1%E1%86%AB%E1%84%83%E1%85%AE-%E1%84%8B%E1%85%AF%E1%86%AB%E1%84%91%E1%85%B5%E1%84%89%E1%85%B3-p04938021.html,https://static.zara.net/assets/public/02c9/47f8/e57047619065/dd816f104746/04938021500-p/04938021500-p.jpg?ts=1781180723911,"₩59,900",,,260622,초록,,,,
,false,,ZARA,상의,탑,여성,메탈릭 얀 홀터넥 탑,https://www.zara.com/kr/ko/%E1%84%86%E1%85%A6%E1%84%90%E1%85%A1%E1%86%AF%E1%84%85%E1%85%B5%E1%86%A8-%E1%84%8B%E1%85%A3%E1%86%AB-%E1%84%92%E1%85%A9%E1%86%AF%E1%84%90%E1%85%A5%E1%84%82%E1%85%A6%E1%86%A8-%E1%84%90%E1%85%A1%E1%86%B8-p04737002.html,https://static.zara.net/assets/public/76d6/7361/ca5b4be79682/b2907fbed4f7/04737002808-p/04737002808-p.jpg?ts=1781180724677,"₩49,900",,,260622,실버,,,,
,false,,ZARA,상의,탑,여성,골지 반소매 니트 탑,https://www.zara.com/kr/ko/%E1%84%80%E1%85%A9%E1%86%AF%E1%84%8C%E1%85%B5-%E1%84%87%E1%85%A1%E1%86%AB%E1%84%89%E1%85%A9%E1%84%86%E1%85%A2-%E1%84%82%E1%85%B5%E1%84%90%E1%85%B3-%E1%84%90%E1%85%A1%E1%86%B8-p03471002.html,https://static.zara.net/assets/public/af11/6f15/00654c0d8d06/51c67f91bf14/03471002500-a4/03471002500-a4.jpg?ts=1781180726693,"₩35,900",,,260622,초록,,,,
,false,,ZARA,상의,탑,여성,콘트라스트 트리밍 니트 크롭 탑,https://www.zara.com/kr/ko/%E1%84%8F%E1%85%A9%E1%86%AB%E1%84%90%E1%85%B3%E1%84%85%E1%85%A1%E1%84%89%E1%85%B3%E1%84%90%E1%85%B3-%E1%84%90%E1%85%B3%E1%84%85%E1%85%B5%E1%84%86%E1%85%B5%E1%86%BC-%E1%84%82%E1%85%B5%E1%84%90%E1%85%B3-%E1%84%8F%E1%85%B3%E1%84%85%E1%85%A9%E1%86%B8-%E1%84%90%E1%85%A1%E1%86%B8-p03519011.html,https://static.zara.net/assets/public/0f67/832e/6c774b8aa03c/471e9c4ebd6a/03519011615-p/03519011615-p.jpg?ts=1781180724784,"₩29,900",,,260622,오렌지,,,,
,false,,ZARA,상의,탑,여성,볼 니트 오프숄더 탑,https://www.zara.com/kr/ko/%E1%84%87%E1%85%A9%E1%86%AF-%E1%84%82%E1%85%B5%E1%84%90%E1%85%B3-%E1%84%87%E1%85%A2%E1%86%AB%E1%84%83%E1%85%A9-%E1%84%90%E1%85%A1%E1%86%B8-p04938014.html,https://static.zara.net/assets/public/b254/40ed/2ee840aabf93/dc1c4804d36d/04938014250-p/04938014250-p.jpg?ts=1781180724468,"₩45,900",,,260622,화이트,,,,
,false,,ZARA,상의,가디건,여성,반소매 니트 재킷,https://www.zara.com/kr/ko/%E1%84%89%E1%85%AD%E1%84%90%E1%85%B3-%E1%84%89%E1%85%B3%E1%86%AF%E1%84%85%E1%85%B5%E1%84%87%E1%85%B3-%E1%84%82%E1%85%B5%E1%84%90%E1%85%B3-%E1%84%8C%E1%85%A2%E1%84%8F%E1%85%B5%E1%86%BA-p02142140.html,https://static.zara.net/assets/public/9117/2ad1/7b384411bb56/3809ab50f9f9/02142140617-h1/02142140617-h1.jpg?ts=1781180725453,"₩49,900",,,260622,네온 오렌지,,,,
,false,,ZARA,상의,탑,여성,플라워 하이넥 니트 탑,https://www.zara.com/kr/ko/%E1%84%92%E1%85%A1%E1%84%8B%E1%85%B5%E1%84%82%E1%85%A6%E1%86%A8-%E1%84%91%E1%85%B3%E1%86%AF%E1%84%85%E1%85%A1%E1%84%8B%E1%85%AF-%E1%84%82%E1%85%B5%E1%84%90%E1%85%B3-%E1%84%90%E1%85%A1%E1%86%B8-p00021013.html,https://static.zara.net/assets/public/5487/eceb/27a3407bbef3/1745a1fbbae5/00021013800-a3/00021013800-a3.jpg?ts=1781169371637,"₩89,900",,,260622,블랙,,,,
,false,,ZARA,원피스,원피스,여성,메탈릭 얀 오픈워크 니트 미니 원피스,https://www.zara.com/kr/ko/%E1%84%86%E1%85%A6%E1%84%90%E1%85%A1%E1%86%AF%E1%84%85%E1%85%B5%E1%86%A8-%E1%84%8B%E1%85%A3%E1%86%AB-%E1%84%8B%E1%85%A9%E1%84%91%E1%85%B3%E1%86%AB%E1%84%8B%E1%85%AF%E1%84%8F%E1%85%B3-%E1%84%82%E1%85%B5%E1%84%90%E1%85%B3-%E1%84%86%E1%85%B5%E1%84%82%E1%85%B5-%E1%84%8B%E1%85%AF%E1%86%AB%E1%84%91%E1%85%B5%E1%84%89%E1%85%B3-p08146004.html,https://static.zara.net/assets/public/3c28/88c1/670346ac94ad/4ba5b9b6fee1/08146004104-p/08146004104-p.jpg?ts=1781111138486,"₩79,900",,,260622,스트라이프,,,,
,false,,ZARA,상의,탑,여성,로맨틱 리본 니트 탑,https://www.zara.com/kr/ko/%E1%84%85%E1%85%A9%E1%84%86%E1%85%A2%E1%86%AB%E1%84%90%E1%85%B5%E1%86%A8-%E1%84%85%E1%85%B5%E1%84%87%E1%85%A9%E1%86%AB-%E1%84%82%E1%85%B5%E1%84%90%E1%85%B3-%E1%84%90%E1%85%A1%E1%86%B8-p06236029.html,https://static.zara.net/assets/public/da77/10c8/1790479e98aa/b186d99848ce/06236029075-p/06236029075-p.jpg?ts=1781107139567,"₩49,900",,,260622,"크림,베이지",,,,
,false,,ZARA,상의,니트,여성,피셔맨 니트 스웨터,https://www.zara.com/kr/ko/%E1%84%91%E1%85%B5%E1%84%89%E1%85%A7%E1%84%86%E1%85%A2%E1%86%AB-%E1%84%82%E1%85%B5%E1%84%90%E1%85%B3-%E1%84%89%E1%85%B3%E1%84%8B%E1%85%B0%E1%84%90%E1%85%A5-p05536049.html,https://static.zara.net/assets/public/c252/d530/88824726bafa/f075221bd03b/05536039800-a2/05536039800-a2.jpg?ts=1781105355226,"₩49,900",,,260622,블랙,,,,
,false,,ZARA,상의,탑,여성,프린지 니트 탑,https://www.zara.com/kr/ko/%E1%84%91%E1%85%B3%E1%84%85%E1%85%B5%E1%86%AB%E1%84%8C%E1%85%B5-%E1%84%82%E1%85%B5%E1%84%90%E1%85%B3-%E1%84%90%E1%85%A1%E1%86%B8-p02893035.html,https://static.zara.net/assets/public/d7f7/6c55/064040fd9a8f/94d881ddd72e/02893035250-p/02893035250-p.jpg?ts=1781105361299,"₩49,900",,,260622,화이트,,,,
,false,,ZARA,상의,가디건,여성,반소매 니트 재킷,https://www.zara.com/kr/ko/%E1%84%89%E1%85%AD%E1%86%BA-%E1%84%89%E1%85%B3%E1%86%AF%E1%84%85%E1%85%B5%E1%84%87%E1%85%B3-%E1%84%82%E1%85%B5%E1%84%90%E1%85%B3-%E1%84%8C%E1%85%A2%E1%84%8F%E1%85%B5%E1%86%BA-p05536044.html,https://static.zara.net/assets/public/d9f7/0b18/d5bd445caa26/91aa3ae07c42/05536044250-p/05536044250-p.jpg?ts=1781105356392,"₩59,900",,,260622,화이트,,,,
,false,,ZARA,상의,니트,여성,프릴 니트 스웨터,https://www.zara.com/kr/ko/%E1%84%91%E1%85%B3%E1%84%85%E1%85%B5%E1%86%AF-%E1%84%82%E1%85%B5%E1%84%90%E1%85%B3-%E1%84%89%E1%85%B3%E1%84%8B%E1%85%B0%E1%84%90%E1%85%A5-p03646010.html,https://static.zara.net/assets/public/ebd7/8a4f/68e44330ace4/e91b29cd856d/03646010712-p/03646010712-p.jpg?ts=1781105360905,"₩55,900",,,260622,크림,,,,
,false,,ZARA,상의,니트,여성,쇼트 슬리브 니트 폴로셔츠,https://www.zara.com/kr/ko/%E1%84%89%E1%85%AD%E1%84%90%E1%85%B3-%E1%84%89%E1%85%B3%E1%86%AF%E1%84%85%E1%85%B5%E1%84%87%E1%85%B3-%E1%84%82%E1%85%B5%E1%84%90%E1%85%B3-%E1%84%91%E1%85%A9%E1%86%AF%E1%84%85%E1%85%A9%E1%84%89%E1%85%A7%E1%84%8E%E1%85%B3-p02142519.html,https://static.zara.net/assets/public/a0df/fdd7/b9b7480c8a42/3ad75bc87784/02142519800-p/02142519800-p.jpg?ts=1781076433293,"₩45,900",,,260622,블랙,,,,
,false,,ZARA,상의,탑,여성,파인 니트 탑,https://www.zara.com/kr/ko/%E1%84%91%E1%85%A1%E1%84%8B%E1%85%B5%E1%86%AB-%E1%84%82%E1%85%B5%E1%84%90%E1%85%B3-%E1%84%90%E1%85%A1%E1%86%B8-p03519016.html,https://static.zara.net/assets/public/090a/c6b3/8de643e88111/2c83c0493cf3/03519016300-p/03519016300-p.jpg?ts=1781076432397,"₩35,900",,,260622,노랑,,,,
,false,,ZARA,상의,니트,여성,오픈워크 니트 스웨터,https://www.zara.com/kr/ko/%E1%84%8B%E1%85%A9%E1%84%91%E1%85%B3%E1%86%AB%E1%84%8B%E1%85%AF%E1%84%8F%E1%85%B3-%E1%84%82%E1%85%B5%E1%84%90%E1%85%B3-%E1%84%89%E1%85%B3%E1%84%8B%E1%85%B0%E1%84%90%E1%85%A5-p05802036.html,https://static.zara.net/assets/public/e53d/cfa6/ac854f538f9e/752e737c2ec1/05802036800-p/05802036800-p.jpg?ts=1781076432754,"₩57,900",,,260622,블랙,,,,
,false,,ZARA,원피스,원피스,여성,프린지 니트 미니 원피스,https://www.zara.com/kr/ko/%E1%84%91%E1%85%B3%E1%84%85%E1%85%B5%E1%86%AB%E1%84%8C%E1%85%B5-%E1%84%82%E1%85%B5%E1%84%90%E1%85%B3-%E1%84%86%E1%85%B5%E1%84%82%E1%85%B5-%E1%84%8B%E1%85%AF%E1%86%AB%E1%84%91%E1%85%B5%E1%84%89%E1%85%B3-p03921095.html,https://static.zara.net/assets/public/4535/3f89/481b47908fb4/03ee63fd0119/03921095712-p/03921095712-p.jpg?ts=1781076432219,"₩59,900",,,260622,크림,,,,
,false,,ZARA,상의,탑,여성,언밸런스 니트 탑,https://www.zara.com/kr/ko/%E1%84%8B%E1%85%A5%E1%86%AB%E1%84%87%E1%85%A2%E1%86%AF%E1%84%85%E1%85%A5%E1%86%AB%E1%84%89%E1%85%B3-%E1%84%82%E1%85%B5%E1%84%90%E1%85%B3-%E1%84%90%E1%85%A1%E1%86%B8-p09874004.html,https://static.zara.net/assets/public/1b5a/a224/754242b88773/b1bce19287ed/09874004092-a4/09874004092-a4.jpg?ts=1781076432972,"₩49,900",,,260622,라이트 베이지,,,,
,false,,ZARA,원피스,원피스,여성,리브드 니트 미니 원피스,https://www.zara.com/kr/ko/%E1%84%85%E1%85%B5%E1%84%87%E1%85%B3%E1%84%83%E1%85%B3-%E1%84%82%E1%85%B5%E1%84%90%E1%85%B3-%E1%84%86%E1%85%B5%E1%84%82%E1%85%B5-%E1%84%8B%E1%85%AF%E1%86%AB%E1%84%91%E1%85%B5%E1%84%89%E1%85%B3-p09598073.html,https://static.zara.net/assets/public/ac9e/b487/f1da4a7e8f88/5d343c3f5ed5/09598073919-a2/09598073919-a2.jpg?ts=1781076432374,"₩59,900",,,260622,레드 코랄,,,,
,false,,ZARA,상의,니트,여성,버튼 케이프 슬리브 니트 스웨터,https://www.zara.com/kr/ko/%E1%84%87%E1%85%A5%E1%84%90%E1%85%B3%E1%86%AB-%E1%84%8F%E1%85%A6%E1%84%8B%E1%85%B5%E1%84%91%E1%85%B3-%E1%84%89%E1%85%B3%E1%86%AF%E1%84%85%E1%85%B5%E1%84%87%E1%85%B3-%E1%84%82%E1%85%B5%E1%84%90%E1%85%B3-%E1%84%89%E1%85%B3%E1%84%8B%E1%85%B0%E1%84%90%E1%85%A5-p05536026.html,https://static.zara.net/assets/public/be0b/5c61/976141c5bcf3/be07b568d16c/05536086712-p/05536086712-p.jpg?ts=1781076431420,"₩55,900",,,260622,크림,,,,
,false,,ZARA,상의,니트,여성,쇼트 슬리브 니트 폴로셔츠,https://www.zara.com/kr/ko/%E1%84%89%E1%85%AD%E1%84%90%E1%85%B3-%E1%84%89%E1%85%B3%E1%86%AF%E1%84%85%E1%85%B5%E1%84%87%E1%85%B3-%E1%84%82%E1%85%B5%E1%84%90%E1%85%B3-%E1%84%91%E1%85%A9%E1%86%AF%E1%84%85%E1%85%A9%E1%84%89%E1%85%A7%E1%84%8E%E1%85%B3-p02142519.html,https://static.zara.net/assets/public/5d89/1269/049244948429/571620ac52cd/02142519800-p/02142519800-p.jpg?ts=1779371851488,"₩45,900",,,260622,블랙,,,,
,false,,ZARA,상의,니트,여성,쇼트 슬리브 니트 폴로셔츠,https://www.zara.com/kr/ko/%E1%84%89%E1%85%AD%E1%84%90%E1%85%B3-%E1%84%89%E1%85%B3%E1%86%AF%E1%84%85%E1%85%B5%E1%84%87%E1%85%B3-%E1%84%82%E1%85%B5%E1%84%90%E1%85%B3-%E1%84%91%E1%85%A9%E1%86%AF%E1%84%85%E1%85%A9%E1%84%89%E1%85%A7%E1%84%8E%E1%85%B3-p02142519.html,https://static.zara.net/assets/public/f267/6911/447d4834bc63/c77cbe37f962/02142519800-p/02142519800-p.jpg?ts=1779378512364,"₩45,900",,,260622,블랙,,,,
,false,,ZARA,상의,탑,여성,웨이브 밑단 니트 탑,https://www.zara.com/kr/ko/%E1%84%8B%E1%85%B0%E1%84%8B%E1%85%B5%E1%84%87%E1%85%B5-%E1%84%92%E1%85%A6%E1%86%B7-%E1%84%82%E1%85%B5%E1%84%90%E1%85%B3-%E1%84%90%E1%85%A1%E1%86%B8-p00014028.html,https://static.zara.net/assets/public/fd68/a99c/3c3a406c8f95/915b79894965/00014028800-002-p/00014028800-002-p.jpg?ts=1779274781356,"₩45,900",,,260622,블랙,,,,
,false,,ZARA,상의,니트,여성,파인 스트라이프 니트 스웨터,https://www.zara.com/kr/ko/%E1%84%91%E1%85%A1%E1%84%8B%E1%85%B5%E1%86%AB-%E1%84%89%E1%85%B3%E1%84%90%E1%85%B3%E1%84%85%E1%85%A1%E1%84%8B%E1%85%B5%E1%84%91%E1%85%B3-%E1%84%82%E1%85%B5%E1%84%90%E1%85%B3-%E1%84%89%E1%85%B3%E1%84%8B%E1%85%B0%E1%84%90%E1%85%A5-p03653007.html,https://static.zara.net/assets/public/b438/6e93/16674db8a032/954735d177e5/03653007105-p/03653007105-p.jpg?ts=1780909800097,"₩45,900",,,260622,스트라이프,,,,
,false,,ZARA,상의,탑,여성,보트넥 니트 탑,https://www.zara.com/kr/ko/%E1%84%87%E1%85%A9%E1%84%90%E1%85%B3%E1%84%82%E1%85%A6%E1%86%A8-%E1%84%82%E1%85%B5%E1%84%90%E1%85%B3-%E1%84%90%E1%85%A1%E1%86%B8-p02142154.html,https://static.zara.net/assets/public/2283/cc56/25a9426db40a/fa51ed109c37/02142154691-a3/02142154691-a3.jpg?ts=1780909799241,"₩49,900",,,260622,미디움 레드,,,,
,false,,ZARA,상의,탑,여성,크로스 뒷면 니트 탑,https://www.zara.com/kr/ko/%E1%84%8F%E1%85%B3%E1%84%85%E1%85%A9%E1%84%89%E1%85%B3-%E1%84%82%E1%85%B5%E1%84%90%E1%85%B3-%E1%84%90%E1%85%A1%E1%86%B8-p05802007.html,https://static.zara.net/assets/public/a92f/7024/d1e245a9a491/ecc54b13d4e5/01608058064-p/01608058064-p.jpg?ts=1780653302847,"₩45,900",,,260622,오렌지,,,,
,false,,ZARA,상의,가디건,여성,숏 슬리브 니트 재킷,https://www.zara.com/kr/ko/%E1%84%87%E1%85%A1%E1%86%AB%E1%84%89%E1%85%A9%E1%84%86%E1%85%A2-%E1%84%82%E1%85%B5%E1%84%90%E1%85%B3-%E1%84%8C%E1%85%A2%E1%84%8F%E1%85%B5%E1%86%BA-p06427023.html,https://static.zara.net/assets/public/f50f/efca/72654ef78e18/be0985a8cddf/06427023620-a3/06427023620-a3.jpg?ts=1780659859236,"₩57,900",,,260622,로즈핑크,,,,
,false,,ZARA,상의,탑,여성,오픈백 니트 탑,https://www.zara.com/kr/ko/%E1%84%8B%E1%85%A9%E1%84%91%E1%85%B3%E1%86%AB%E1%84%87%E1%85%A2%E1%86%A8-%E1%84%82%E1%85%B5%E1%84%90%E1%85%B3-%E1%84%90%E1%85%A1%E1%86%B8-p03920371.html,https://static.zara.net/assets/public/7d8a/1a4b/325448d9a92b/2da5429bd34d/03920371250-a4/03920371250-a4.jpg?ts=1780653872997,"₩55,900",,,260622,화이트,,,,
,false,,ZARA,상의,탑,여성,메탈릭 얀 립 니트 홀터넥 탑,https://www.zara.com/kr/ko/%E1%84%86%E1%85%A6%E1%84%90%E1%85%A1%E1%86%AF%E1%84%85%E1%85%B5%E1%86%A8-%E1%84%8B%E1%85%A3%E1%86%AB-%E1%84%85%E1%85%B5%E1%86%B8-%E1%84%92%E1%85%A9%E1%86%AF%E1%84%90%E1%85%A5%E1%84%82%E1%85%A6%E1%86%A8-%E1%84%90%E1%85%A1%E1%86%B8-p02756035.html,https://static.zara.net/assets/public/0d14/5289/7f6d4134a549/6259c4dff928/02756035700-a2/02756035700-a2.jpg?ts=1780653873572,"₩49,900",,,260622,브라운,,,,
,false,,ZARA,치마,스커트,여성,메탈릭 얀 립 니트 미디 스커트,https://www.zara.com/kr/ko/%E1%84%86%E1%85%A6%E1%84%90%E1%85%A1%E1%86%AF%E1%84%85%E1%85%B5%E1%86%A8-%E1%84%8B%E1%85%A3%E1%86%AB-%E1%84%85%E1%85%B5%E1%86%B8-%E1%84%86%E1%85%B5%E1%84%83%E1%85%B5-%E1%84%89%E1%85%B3%E1%84%8F%E1%85%A5%E1%84%90%E1%85%B3-p02756036.html,https://static.zara.net/assets/public/fc5c/bc0c/ec3f47da9929/72664a156e42/02756036700-p/02756036700-p.jpg?ts=1780653872349,"₩55,900",,,260622,브라운,,,,
,false,,ZARA,원피스,원피스,여성,언밸런스 니트 원피스,https://www.zara.com/kr/ko/%E1%84%8B%E1%85%A5%E1%86%AB%E1%84%87%E1%85%A2%E1%86%AF%E1%84%85%E1%85%A5%E1%86%AB%E1%84%89%E1%85%B3-%E1%84%82%E1%85%B5%E1%84%90%E1%85%B3-%E1%84%8B%E1%85%AF%E1%86%AB%E1%84%91%E1%85%B5%E1%84%89%E1%85%B3-p03456012.html,https://static.zara.net/assets/public/237a/9cfe/40c140d9bfe5/ec527d8cbb6c/03456012600-p/03456012600-p.jpg?ts=1780583380574,"₩59,900",,,260622,레드,,,,
,false,,ZARA,상의,탑,여성,파인 니트 탑,https://www.zara.com/kr/ko/%E1%84%91%E1%85%A1%E1%84%8B%E1%85%B5%E1%86%AB-%E1%84%82%E1%85%B5%E1%84%90%E1%85%B3-%E1%84%90%E1%85%A1%E1%86%B8-p03519016.html,https://static.zara.net/assets/public/143b/fff4/b7274a9a84f2/f757da99718b/08073082087-a2/08073082087-a2.jpg?ts=1780502050429,"₩35,900",,,260622,노랑,,,,
,false,,ZARA,상의,탑,여성,루즈핏 브이넥 니트 스웨터,https://www.zara.com/kr/ko/%E1%84%85%E1%85%AE%E1%84%8C%E1%85%B3%E1%84%91%E1%85%B5%E1%86%BA-%E1%84%87%E1%85%B3%E1%84%8B%E1%85%B5%E1%84%82%E1%85%A6%E1%86%A8-%E1%84%82%E1%85%B5%E1%84%90%E1%85%B3-%E1%84%89%E1%85%B3%E1%84%8B%E1%85%B0%E1%84%90%E1%85%A5-p03471006.html,https://static.zara.net/assets/public/4ddd/dfcb/64704bb9b8ba/b4c9213688b2/03471006250-p/03471006250-p.jpg?ts=1779373991443,"₩49,900",,,260622,화이트,,,,
,false,,ZARA,상의,탑,여성,루즈핏 브이넥 니트 스웨터,https://www.zara.com/kr/ko/%E1%84%85%E1%85%AE%E1%84%8C%E1%85%B3%E1%84%91%E1%85%B5%E1%86%BA-%E1%84%87%E1%85%B3%E1%84%8B%E1%85%B5%E1%84%82%E1%85%A6%E1%86%A8-%E1%84%82%E1%85%B5%E1%84%90%E1%85%B3-%E1%84%89%E1%85%B3%E1%84%8B%E1%85%B0%E1%84%90%E1%85%A5-p03471006.html,https://static.zara.net/assets/public/2408/8df7/397c4e85ad1e/e8f35076c8a5/03471006250-1-p/03471006250-1-p.jpg?ts=1775744679708,"₩49,900",,,260622,화이트,,,,
,false,,ZARA,상의,탑,여성,루즈핏 브이넥 니트 스웨터,https://www.zara.com/kr/ko/%E1%84%85%E1%85%AE%E1%84%8C%E1%85%B3%E1%84%91%E1%85%B5%E1%86%BA-%E1%84%87%E1%85%B3%E1%84%8B%E1%85%B5%E1%84%82%E1%85%A6%E1%86%A8-%E1%84%82%E1%85%B5%E1%84%90%E1%85%B3-%E1%84%89%E1%85%B3%E1%84%8B%E1%85%B0%E1%84%90%E1%85%A5-p03471006.html,https://static.zara.net/assets/public/215f/8dd1/531d4d9e99c3/3c6ff2c621f2/03471006250-015-ult/03471006250-015-ult.jpg?ts=1775724772154,"₩49,900",,,260622,화이트,,,,
,false,,ZARA,상의,니트,여성,소프트 니트 브이넥 스웨터,https://www.zara.com/kr/ko/%E1%84%89%E1%85%A9%E1%84%91%E1%85%B3%E1%84%90%E1%85%B3-%E1%84%82%E1%85%B5%E1%84%90%E1%85%B3-%E1%84%87%E1%85%B3%E1%84%8B%E1%85%B5%E1%84%82%E1%85%A6%E1%86%A8-%E1%84%89%E1%85%B3%E1%84%8B%E1%85%B0%E1%84%90%E1%85%A5-p02142162.html,https://static.zara.net/assets/public/b063/9b60/d34c4e8e9fee/49614d093495/01971240779-000-p/01971240779-000-p.jpg?ts=1756672928132,"₩59,900",,,260622,그레이 밍크,,,,
,false,,ZARA,상의,니트,여성,버튼 쇼트 슬리브 니트 스웨터,https://www.zara.com/kr/ko/%E1%84%87%E1%85%A5%E1%84%90%E1%85%B3%E1%86%AB-%E1%84%89%E1%85%AD%E1%84%90%E1%85%B3-%E1%84%89%E1%85%B3%E1%86%AF%E1%84%85%E1%85%B5%E1%84%87%E1%85%B3-%E1%84%82%E1%85%B5%E1%84%90%E1%85%B3-%E1%84%89%E1%85%B3%E1%84%8B%E1%85%B0%E1%84%90%E1%85%A5-p02142133.html,https://static.zara.net/assets/public/f86d/d6e7/e17a4a8d90bd/b8fa68e82b24/02142133711-p/02142133711-p.jpg?ts=1779452277670,"₩55,900",,,260622,샌드,,,,
,false,,ZARA,상의,니트,여성,버튼 쇼트 슬리브 니트 스웨터,https://www.zara.com/kr/ko/%E1%84%87%E1%85%A5%E1%84%90%E1%85%B3%E1%86%AB-%E1%84%89%E1%85%AD%E1%84%90%E1%85%B3-%E1%84%89%E1%85%B3%E1%86%AF%E1%84%85%E1%85%B5%E1%84%87%E1%85%B3-%E1%84%82%E1%85%B5%E1%84%90%E1%85%B3-%E1%84%89%E1%85%B3%E1%84%8B%E1%85%B0%E1%84%90%E1%85%A5-p02142133.html,https://static.zara.net/assets/public/f86d/d6e7/e17a4a8d90bd/b8fa68e82b24/02142133711-p/02142133711-p.jpg?ts=1779452277670,"₩55,900",,,260622,샌드,,,,
,false,,ZARA,상의,니트,여성,버튼 쇼트 슬리브 니트 스웨터,https://www.zara.com/kr/ko/%E1%84%87%E1%85%A5%E1%84%90%E1%85%B3%E1%86%AB-%E1%84%89%E1%85%AD%E1%84%90%E1%85%B3-%E1%84%89%E1%85%B3%E1%86%AF%E1%84%85%E1%85%B5%E1%84%87%E1%85%B3-%E1%84%82%E1%85%B5%E1%84%90%E1%85%B3-%E1%84%89%E1%85%B3%E1%84%8B%E1%85%B0%E1%84%90%E1%85%A5-p02142133.html,https://static.zara.net/assets/public/c3c5/26c6/85d34fc58b16/8d658f3956fe/02142133700-p/02142133700-p.jpg?ts=1779373989232,"₩55,900",,,260622,브라운,,,,
,false,,ZARA,상의,니트,여성,숏 슬리브 플레인 니트 베이직 탑,https://www.zara.com/kr/ko/%E1%84%89%E1%85%AD%E1%86%BA-%E1%84%89%E1%85%B3%E1%86%AF%E1%84%85%E1%85%B5%E1%84%87%E1%85%B3-%E1%84%91%E1%85%B3%E1%86%AF%E1%84%85%E1%85%A6%E1%84%8B%E1%85%B5%E1%86%AB-%E1%84%82%E1%85%B5%E1%84%90%E1%85%B3-%E1%84%87%E1%85%A6%E1%84%8B%E1%85%B5%E1%84%8C%E1%85%B5%E1%86%A8-%E1%84%90%E1%85%A1%E1%86%B8-p08851005.html,https://static.zara.net/assets/public/3a5d/f442/0cb447ed9415/70659fd2760a/08851005806-p/08851005806-p.jpg?ts=1779445671781,"₩45,900",,,260622,스톤,,,,
,false,,ZARA,상의,니트,여성,스트라이프 니트 폴로셔츠,https://www.zara.com/kr/ko/%E1%84%89%E1%85%B3%E1%84%90%E1%85%B3%E1%84%85%E1%85%A1%E1%84%8B%E1%85%B5%E1%84%91%E1%85%B3-%E1%84%82%E1%85%B5%E1%84%90%E1%85%B3-%E1%84%91%E1%85%A9%E1%86%AF%E1%84%85%E1%85%A9%E1%84%89%E1%85%A7%E1%84%8E%E1%85%B3-p03653015.html,https://static.zara.net/assets/public/aa96/f419/a86b454fa645/dab4266e8edb/03653015330-a2/03653015330-a2.jpg?ts=1779983415737,"₩49,900",,,260622,멀티컬러,,,,
,false,,ZARA,상의,탑,여성,셔링 니트 탑,https://www.zara.com/kr/ko/%E1%84%89%E1%85%A7%E1%84%85%E1%85%B5%E1%86%BC-%E1%84%82%E1%85%B5%E1%84%90%E1%85%B3-%E1%84%90%E1%85%A1%E1%86%B8-p02142108.html,https://static.zara.net/assets/public/dbc6/9752/b44140e9b033/884200dc5036/01165140712-1-p/01165140712-1-p.jpg?ts=1775663745541,"₩55,900",,,260622,화이트,,,,
,false,,ZARA,상의,탑,여성,와이드 슬리브 니트 탑,https://www.zara.com/kr/ko/%E1%84%8B%E1%85%AA%E1%84%8B%E1%85%B5%E1%84%83%E1%85%B3-%E1%84%89%E1%85%B3%E1%86%AF%E1%84%85%E1%85%B5%E1%84%87%E1%85%B3-%E1%84%82%E1%85%B5%E1%84%90%E1%85%B3-%E1%84%90%E1%85%A1%E1%86%B8-p03433004.html,https://static.zara.net/assets/public/e56e/1f5e/fa2e46b792c7/3c6f110acb2e/03433004104-p/03433004104-p.jpg?ts=1772038891697,"₩45,900",,,260622,스트라이프,,,,
,false,,ZARA,상의,니트,여성,스트라이프 니트 스웨터,https://www.zara.com/kr/ko/%E1%84%89%E1%85%B3%E1%84%90%E1%85%B3%E1%84%85%E1%85%A1%E1%84%8B%E1%85%B5%E1%84%91%E1%85%B3-%E1%84%82%E1%85%B5%E1%84%90%E1%85%B3-%E1%84%89%E1%85%B3%E1%84%8B%E1%85%B0%E1%84%90%E1%85%A5-p02756039.html,https://static.zara.net/assets/public/f9a4/9a30/d8d24e5cba49/ef00e443d852/02756039390-a2/02756039390-a2.jpg?ts=1780499370213,"₩55,900",,,260622,녹색 줄무늬,,,,
,false,,ZARA,상의,니트,여성,스트라이프 니트 스웨터,https://www.zara.com/kr/ko/%E1%84%89%E1%85%B3%E1%84%90%E1%85%B3%E1%84%85%E1%85%A1%E1%84%8B%E1%85%B5%E1%84%91%E1%85%B3-%E1%84%82%E1%85%B5%E1%84%90%E1%85%B3-%E1%84%89%E1%85%B3%E1%84%8B%E1%85%B0%E1%84%90%E1%85%A5-p02756039.html,https://static.zara.net/assets/public/407d/3205/e4b748e8957e/20b464687ad6/02756039390-p/02756039390-p.jpg?ts=1777480514534,"₩55,900",,,260622,녹색 줄무늬,,,,
,false,,ZARA,상의,탑,여성,메탈릭 얀 홀터넥 니트 탑,https://www.zara.com/kr/ko/%E1%84%86%E1%85%A6%E1%84%90%E1%85%A1%E1%86%AF%E1%84%85%E1%85%B5%E1%86%A8-%E1%84%8B%E1%85%A3%E1%86%AB-%E1%84%92%E1%85%A9%E1%86%AF%E1%84%90%E1%85%A5%E1%84%82%E1%85%A6%E1%86%A8-%E1%84%82%E1%85%B5%E1%84%90%E1%85%B3-%E1%84%90%E1%85%A1%E1%86%B8-p06236025.html,https://static.zara.net/assets/public/fc79/6257/65dc420a9698/1a71c6f28da3/06236025303-p/06236025303-p.jpg?ts=1775657512409,"₩49,900",,,260622,골드,,,,
,false,,ZARA,상의,니트,여성,반소매 니트 탑,https://www.zara.com/kr/ko/%E1%84%87%E1%85%A1%E1%86%AB%E1%84%89%E1%85%A9%E1%84%86%E1%85%A2-%E1%84%82%E1%85%B5%E1%84%90%E1%85%B3-%E1%84%90%E1%85%A1%E1%86%B8-p02142137.html,https://static.zara.net/assets/public/b18c/996e/9688482f8790/2f60826018b9/02142137104-p/02142137104-p.jpg?ts=1779983414154,"₩49,900",,,260622,스트라이프,,,,
,false,,ZARA,상의,탑,여성,루즈핏 브이넥 니트 스웨터,https://www.zara.com/kr/ko/%E1%84%85%E1%85%AE%E1%84%8C%E1%85%B3%E1%84%91%E1%85%B5%E1%86%BA-%E1%84%87%E1%85%B3%E1%84%8B%E1%85%B5%E1%84%82%E1%85%A6%E1%86%A8-%E1%84%82%E1%85%B5%E1%84%90%E1%85%B3-%E1%84%89%E1%85%B3%E1%84%8B%E1%85%B0%E1%84%90%E1%85%A5-p03471006.html,https://static.zara.net/assets/public/5afe/b757/f3cf403f8ec0/1352d8ef8f9d/03471006800-1-p/03471006800-1-p.jpg?ts=1775744687228,"₩49,900",,,260622,블랙,,,,
,false,,ZARA,상의,니트,여성,버튼 니트 스웨터,https://www.zara.com/kr/ko/%E1%84%91%E1%85%B5%E1%84%89%E1%85%A7%E1%84%86%E1%85%A2%E1%86%AB-%E1%84%82%E1%85%B5%E1%84%90%E1%85%B3-%E1%84%89%E1%85%B3%E1%84%8B%E1%85%B0%E1%84%90%E1%85%A5-p05536049.html,https://static.zara.net/assets/public/29e8/3f16/aee4465b9e7d/9883dd748c1d/05536049712-p/05536049712-p.jpg?ts=1747310077977,"₩49,900",,,260622,크림,,,,
,false,,ZARA,상의,니트,여성,버튼 니트 스웨터,https://www.zara.com/kr/ko/%E1%84%91%E1%85%B5%E1%84%89%E1%85%A7%E1%84%86%E1%85%A2%E1%86%AB-%E1%84%82%E1%85%B5%E1%84%90%E1%85%B3-%E1%84%89%E1%85%B3%E1%84%8B%E1%85%B0%E1%84%90%E1%85%A5-p05536049.html,https://static.zara.net/assets/public/dd18/7fd6/b04f44de92f3/62ece0689d17/05536049712-p/05536049712-p.jpg?ts=1778597231242,"₩49,900",,,260622,크림,,,,
,false,,ZARA,상의,니트,여성,버튼 니트 스웨터,https://www.zara.com/kr/ko/%E1%84%91%E1%85%B5%E1%84%89%E1%85%A7%E1%84%86%E1%85%A2%E1%86%AB-%E1%84%82%E1%85%B5%E1%84%90%E1%85%B3-%E1%84%89%E1%85%B3%E1%84%8B%E1%85%B0%E1%84%90%E1%85%A5-p05536049.html,https://static.zara.net/assets/public/ed86/668a/4bf0421884b9/27c2224337c1/05536049712-p/05536049712-p.jpg?ts=1773246253433,"₩49,900",,,260622,크림,,,,
,false,,ZARA,상의,가디건,여성,100% 엑스트라 소프트 울 재킷,https://www.zara.com/kr/ko/100-%E1%84%8B%E1%85%A6%E1%86%A8%E1%84%89%E1%85%B3%E1%84%90%E1%85%B3%E1%84%85%E1%85%A1-%E1%84%89%E1%85%A9%E1%84%91%E1%85%B3%E1%84%90%E1%85%B3-%E1%84%8B%E1%85%AE%E1%86%AF-%E1%84%8C%E1%85%A2%E1%84%8F%E1%85%B5%E1%86%BA-p09598007.html,https://static.zara.net/assets/public/ee30/a7fb/41764a25af55/b472de6716e3/09598007700-p/09598007700-p.jpg?ts=1770737896780,"₩89,900",,,260622,브라운,,,,
,false,,ZARA,상의,니트,여성,베이직 플레인 니트 스웨터,https://www.zara.com/kr/ko/%E1%84%87%E1%85%A6%E1%84%8B%E1%85%B5%E1%84%8C%E1%85%B5%E1%86%A8-%E1%84%91%E1%85%B3%E1%86%AF%E1%84%85%E1%85%A6%E1%84%8B%E1%85%B5%E1%86%AB-%E1%84%82%E1%85%B5%E1%84%90%E1%85%B3-%E1%84%89%E1%85%B3%E1%84%8B%E1%85%B0%E1%84%90%E1%85%A5-p08851171.html,https://static.zara.net/assets/public/8051/4d7f/867b49b384db/9746de5010be/08851171717-p/08851171717-p.jpg?ts=1762960828517,"₩49,900",,,260622,초콜렛,,,,
,false,,ZARA,상의,니트,여성,더블 니트 스웨터,https://www.zara.com/kr/ko/%E1%84%83%E1%85%A5%E1%84%87%E1%85%B3%E1%86%AF-%E1%84%82%E1%85%B5%E1%84%90%E1%85%B3-%E1%84%89%E1%85%B3%E1%84%8B%E1%85%B0%E1%84%90%E1%85%A5-p01509130.html,https://static.zara.net/assets/public/004b/db63/c43142d8bbee/63f9867316fe/00506130104-p/00506130104-p.jpg?ts=1778849853523,"₩49,900",,,260622,스트라이프,,,,
,false,,ZARA,상의,탑,여성,와이드 슬리브 니트 탑,https://www.zara.com/kr/ko/%E1%84%8B%E1%85%AA%E1%84%8B%E1%85%B5%E1%84%83%E1%85%B3-%E1%84%89%E1%85%B3%E1%86%AF%E1%84%85%E1%85%B5%E1%84%87%E1%85%B3-%E1%84%82%E1%85%B5%E1%84%90%E1%85%B3-%E1%84%90%E1%85%A1%E1%86%B8-p03433004.html,https://static.zara.net/assets/public/00a7/b408/fe5742f79812/37ab300c4752/03519044944-p/03519044944-p.jpg?ts=1778075593057,"₩45,900",,,260622,레드 스트라이프,,,,
,false,,ZARA,상의,니트,여성,울 브이넥 스웨터,https://www.zara.com/kr/ko/%E1%84%8B%E1%85%AE%E1%86%AF-%E1%84%87%E1%85%B3%E1%84%8B%E1%85%B5%E1%84%82%E1%85%A6%E1%86%A8-%E1%84%89%E1%85%B3%E1%84%8B%E1%85%B0%E1%84%90%E1%85%A5-p01509003.html,https://static.zara.net/assets/public/1f72/b52d/0fff4ce5ab33/cdcddca2341e/05474061405-p/05474061405-p.jpg?ts=1772104640053,"₩59,900",,,260622,"샌드,그레이",,,,
,false,,ZARA,상의,가디건,여성,벌룬 슬리브 트임 니트 재킷,https://www.zara.com/kr/ko/%E1%84%87%E1%85%A5%E1%86%AF%E1%84%85%E1%85%AE%E1%86%AB-%E1%84%89%E1%85%B3%E1%86%AF%E1%84%85%E1%85%B5%E1%84%87%E1%85%B3-%E1%84%90%E1%85%B3%E1%84%8B%E1%85%B5%E1%86%B7-%E1%84%82%E1%85%B5%E1%84%90%E1%85%B3-%E1%84%8C%E1%85%A2%E1%84%8F%E1%85%B5%E1%86%BA-p04192080.html,https://static.zara.net/assets/public/3196/15ea/df5e457bb367/20a3f4e38fb0/04192080401-p/04192080401-p.jpg?ts=1778690195482,"₩59,900",,,260622,네이비,,,,
,false,,ZARA,상의,가디건,여성,벌룬 슬리브 트임 니트 재킷,https://www.zara.com/kr/ko/%E1%84%87%E1%85%A5%E1%86%AF%E1%84%85%E1%85%AE%E1%86%AB-%E1%84%89%E1%85%B3%E1%86%AF%E1%84%85%E1%85%B5%E1%84%87%E1%85%B3-%E1%84%90%E1%85%B3%E1%84%8B%E1%85%B5%E1%86%B7-%E1%84%82%E1%85%B5%E1%84%90%E1%85%B3-%E1%84%8C%E1%85%A2%E1%84%8F%E1%85%B5%E1%86%BA-p04192080.html,https://static.zara.net/assets/public/3196/15ea/df5e457bb367/20a3f4e38fb0/04192080401-p/04192080401-p.jpg?ts=1778690195482,"₩59,900",,,260622,네이비,,,,
,false,,ZARA,원피스,원피스,여성,골지 니트 미니 원피스,https://www.zara.com/kr/ko/%E1%84%80%E1%85%A9%E1%86%AF%E1%84%8C%E1%85%B5-%E1%84%82%E1%85%B5%E1%84%90%E1%85%B3-%E1%84%86%E1%85%B5%E1%84%82%E1%85%B5-%E1%84%8B%E1%85%AF%E1%86%AB%E1%84%91%E1%85%B5%E1%84%89%E1%85%B3-p03921067.html,https://static.zara.net/assets/public/d4fb/5371/dbec4c9783bc/b089462cfb99/03921067800-p/03921067800-p.jpg?ts=1779447384638,"₩55,900",,,260622,블랙,,,,
,false,,ZARA,상의,니트,여성,100% 울 브이넥 엑스트라 소프트 스웨터,https://www.zara.com/kr/ko/100-%E1%84%8B%E1%85%AE%E1%86%AF-%E1%84%87%E1%85%B3%E1%84%8B%E1%85%B5%E1%84%82%E1%85%A6%E1%86%A8-%E1%84%8B%E1%85%A6%E1%86%A8%E1%84%89%E1%85%B3%E1%84%90%E1%85%B3%E1%84%85%E1%85%A1-%E1%84%89%E1%85%A9%E1%84%91%E1%85%B3%E1%84%90%E1%85%B3-%E1%84%89%E1%85%B3%E1%84%8B%E1%85%B0%E1%84%90%E1%85%A5-p09598106.html,https://static.zara.net/assets/public/efd2/3796/ac8b47a3afa1/a5d043440fa0/09598106600-p/09598106600-p.jpg?ts=1770366805188,"₩89,900",,,260622,레드,,,,
,false,,ZARA,상의,니트,여성,100% 울 브이넥 엑스트라 소프트 스웨터,https://www.zara.com/kr/ko/100-%E1%84%8B%E1%85%AE%E1%86%AF-%E1%84%87%E1%85%B3%E1%84%8B%E1%85%B5%E1%84%82%E1%85%A6%E1%86%A8-%E1%84%8B%E1%85%A6%E1%86%A8%E1%84%89%E1%85%B3%E1%84%90%E1%85%B3%E1%84%85%E1%85%A1-%E1%84%89%E1%85%A9%E1%84%91%E1%85%B3%E1%84%90%E1%85%B3-%E1%84%89%E1%85%B3%E1%84%8B%E1%85%B0%E1%84%90%E1%85%A5-p09598106.html,https://static.zara.net/assets/public/3350/0398/a55f446ba2b8/aca4239e0482/09598106600-p/09598106600-p.jpg?ts=1768836164156,"₩89,900",,,260622,레드,,,,
,false,,ZARA,상의,탑,여성,볼륨 슬리브 스웨터,https://www.zara.com/kr/ko/%E1%84%87%E1%85%A9%E1%86%AF%E1%84%85%E1%85%B2%E1%86%B7-%E1%84%89%E1%85%B3%E1%86%AF%E1%84%85%E1%85%B5%E1%84%87%E1%85%B3-%E1%84%89%E1%85%B3%E1%84%8B%E1%85%B0%E1%84%90%E1%85%A5-p03456009.html,https://static.zara.net/assets/public/85d7/ba0c/b4f24cf581a9/6dcdbfd73a7b/03456009715-p/03456009715-p.jpg?ts=1776787118081,"₩55,900",,,260622,미디움 크림,,,,
,false,,ZARA,상의,탑,여성,언밸런스 니트 탑,https://www.zara.com/kr/ko/%E1%84%8B%E1%85%A5%E1%86%AB%E1%84%87%E1%85%A2%E1%86%AF%E1%84%85%E1%85%A5%E1%86%AB%E1%84%89%E1%85%B3-%E1%84%82%E1%85%B5%E1%84%90%E1%85%B3-%E1%84%90%E1%85%A1%E1%86%B8-p09598016.html,https://static.zara.net/assets/public/c0c6/0800/294b4bdd888b/54371f8d0908/09598016700-p/09598016700-p.jpg?ts=1779373987939,"₩49,900",,,260622,브라운,,,,
,false,,ZARA,상의,니트,여성,스트라이프 쇼트 슬리브 폴로 니트,https://www.zara.com/kr/ko/%E1%84%89%E1%85%AD%E1%84%90%E1%85%B3-%E1%84%89%E1%85%B3%E1%86%AF%E1%84%85%E1%85%B5%E1%84%87%E1%85%B3-%E1%84%89%E1%85%B3%E1%84%90%E1%85%B3%E1%84%85%E1%85%A1%E1%84%8B%E1%85%B5%E1%84%91%E1%85%B3-%E1%84%82%E1%85%B5%E1%84%90%E1%85%B3-%E1%84%91%E1%85%A9%E1%86%AF%E1%84%85%E1%85%A9%E1%84%89%E1%85%A7%E1%84%8E%E1%85%B3-p02142184.html,https://static.zara.net/assets/public/cec8/837d/ac4a465ebdb4/78a717bd1425/02142184105-p/02142184105-p.jpg?ts=1780499369430,"₩49,900",,,260622,스트라이프,,,,
,false,,ZARA,상의,가디건,여성,라인 버튼 니트 재킷,https://www.zara.com/kr/ko/%E1%84%85%E1%85%A1%E1%84%8B%E1%85%B5%E1%86%AB-%E1%84%87%E1%85%A5%E1%84%90%E1%85%B3%E1%86%AB-%E1%84%82%E1%85%B5%E1%84%90%E1%85%B3-%E1%84%8C%E1%85%A2%E1%84%8F%E1%85%B5%E1%86%BA-p06771045.html,https://static.zara.net/assets/public/bcbf/2e11/e6b042ad84ab/fb9be11a3cca/06771045620-015-a3/06771045620-015-a3.jpg?ts=1780482061220,"₩59,900",,,260622,로즈핑크,,,,
,false,,ZARA,상의,탑,여성,시스루 니트 탑,https://www.zara.com/kr/ko/%E1%84%89%E1%85%B5%E1%84%89%E1%85%B3%E1%84%85%E1%85%AE-%E1%84%82%E1%85%B5%E1%84%90%E1%85%B3-%E1%84%90%E1%85%A1%E1%86%B8-p02142051.html,https://static.zara.net/assets/public/0dbe/b750/84e64ccd9397/11d973250802/02142051250-p/02142051250-p.jpg?ts=1769431494309,"₩45,900",,,260622,화이트,,,,
,false,,ZARA,상의,탑,여성,파인 니트 슬리브리스 탑,https://www.zara.com/kr/ko/%E1%84%91%E1%85%A1%E1%84%8B%E1%85%B5%E1%86%AB-%E1%84%82%E1%85%B5%E1%84%90%E1%85%B3-%E1%84%89%E1%85%B3%E1%86%AF%E1%84%85%E1%85%B5%E1%84%87%E1%85%B3%E1%84%85%E1%85%B5%E1%84%89%E1%85%B3-%E1%84%90%E1%85%A1%E1%86%B8-p02142083.html,https://static.zara.net/assets/public/5d9d/86b0/d75c45188440/7ef91e9225fb/02142083250-p/02142083250-p.jpg?ts=1772806606472,"₩35,900",,,260622,화이트,,,,
,false,,ZARA,상의,탑,여성,파인 니트 슬리브리스 탑,https://www.zara.com/kr/ko/%E1%84%91%E1%85%A1%E1%84%8B%E1%85%B5%E1%86%AB-%E1%84%82%E1%85%B5%E1%84%90%E1%85%B3-%E1%84%89%E1%85%B3%E1%86%AF%E1%84%85%E1%85%B5%E1%84%87%E1%85%B3%E1%84%85%E1%85%B5%E1%84%89%E1%85%B3-%E1%84%90%E1%85%A1%E1%86%B8-p02142083.html,https://static.zara.net/assets/public/6af1/e43f/d0674bc7bf80/1be781a19110/02142083800-p/02142083800-p.jpg?ts=1772726907717,"₩35,900",,,260622,블랙,,,,
,false,,ZARA,상의,가디건,여성,소프트 니트 재킷,https://www.zara.com/kr/ko/%E1%84%89%E1%85%A9%E1%84%91%E1%85%B3%E1%84%90%E1%85%B3-%E1%84%82%E1%85%B5%E1%84%90%E1%85%B3-%E1%84%8C%E1%85%A2%E1%84%8F%E1%85%B5%E1%86%BA-p05536149.html,https://static.zara.net/assets/public/bf08/7fe8/9473415990df/6852afa956f9/05536149728-p/05536149728-p.jpg?ts=1756814042649,"₩57,900",,,260622,메탈 샌드,,,,
,false,,ZARA,상의,탑,여성,백리스 니트 탑,https://www.zara.com/kr/ko/%E1%84%8B%E1%85%A9%E1%84%91%E1%85%B3%E1%86%AB%E1%84%87%E1%85%A2%E1%86%A8-%E1%84%82%E1%85%B5%E1%84%90%E1%85%B3-%E1%84%90%E1%85%A1%E1%86%B8-p03920371.html,https://static.zara.net/assets/public/0631/34bb/28844232a547/9c62d6a32634/03920371700-p/03920371700-p.jpg?ts=1780413277112,"₩55,900",,,260622,브라운,,,,
,false,,ZARA,상의,탑,여성,웨이브 밑단 니트 탑,https://www.zara.com/kr/ko/%E1%84%8B%E1%85%B0%E1%84%8B%E1%85%B5%E1%84%87%E1%85%B5-%E1%84%92%E1%85%A6%E1%86%B7-%E1%84%82%E1%85%B5%E1%84%90%E1%85%B3-%E1%84%90%E1%85%A1%E1%86%B8-p00014028.html,https://static.zara.net/assets/public/b27f/bd78/ea4645be8eda/18e7f9dfae31/00014028800-p/00014028800-p.jpg?ts=1779119900432,"₩45,900",,,260622,블랙,,,,
,false,,ZARA,상의,니트,여성,포인텔 니트 탑,https://www.zara.com/kr/ko/%E1%84%91%E1%85%A9%E1%84%8B%E1%85%B5%E1%86%AB%E1%84%90%E1%85%A6%E1%86%AF-%E1%84%82%E1%85%B5%E1%84%90%E1%85%B3-%E1%84%90%E1%85%A1%E1%86%B8-p06236028.html,https://static.zara.net/assets/public/a33e/6c98/eb7d42d0bc67/dc1d18372857/06236028712-p/06236028712-p.jpg?ts=1774008192283,"₩57,900",,,260622,크림,,,,
,false,,ZARA,상의,탑,여성,언밸런스 니트 탑,https://www.zara.com/kr/ko/%E1%84%8B%E1%85%A5%E1%86%AB%E1%84%87%E1%85%A2%E1%86%AF%E1%84%85%E1%85%A5%E1%86%AB%E1%84%89%E1%85%B3-%E1%84%82%E1%85%B5%E1%84%90%E1%85%B3-%E1%84%90%E1%85%A1%E1%86%B8-p09874004.html,https://static.zara.net/assets/public/430c/d1ea/20ec40ae8eee/0381108ae665/09874004092-p/09874004092-p.jpg?ts=1773851120240,"₩49,900",,,260622,라이트 베이지,,,,
,false,,ZARA,상의,가디건,여성,스트라이프 니트 재킷,https://www.zara.com/kr/ko/%E1%84%89%E1%85%B3%E1%84%90%E1%85%B3%E1%84%85%E1%85%A1%E1%84%8B%E1%85%B5%E1%84%91%E1%85%B3-%E1%84%82%E1%85%B5%E1%84%90%E1%85%B3-%E1%84%8C%E1%85%A2%E1%84%8F%E1%85%B5%E1%86%BA-p03653020.html,https://static.zara.net/assets/public/f9ff/cd1b/9ead46a58404/2cceec122bb7/03653020633-p/03653020633-p.jpg?ts=1779447383823,"₩57,900",,,260622,워싱 로즈핑크,,,,
,false,,ZARA,상의,탑,여성,프릴 니트 탑,https://www.zara.com/kr/ko/%E1%84%91%E1%85%B3%E1%84%85%E1%85%B5%E1%86%AF-%E1%84%82%E1%85%B5%E1%84%90%E1%85%B3-%E1%84%90%E1%85%A1%E1%86%B8-p03456010.html,https://static.zara.net/assets/public/b74e/e9bb/c8b040cdb441/34d294f46336/03456010622-p/03456010622-p.jpg?ts=1775062977470,"₩45,900",,,260622,페일 로즈,,,,
,false,,ZARA,상의,탑,여성,프린지 니트 탑,https://www.zara.com/kr/ko/%E1%84%91%E1%85%B3%E1%84%85%E1%85%B5%E1%86%AB%E1%84%8C%E1%85%B5-%E1%84%82%E1%85%B5%E1%84%90%E1%85%B3-%E1%84%90%E1%85%A1%E1%86%B8-p02893035.html,https://static.zara.net/assets/public/420c/53a2/6fe543df897f/434b6bd11f18/02893035250-p/02893035250-p.jpg?ts=1774881358498,"₩49,900",,,260622,화이트,,,,
,false,,ZARA,상의,가디건,여성,프렌치 슬리브 니트 재킷,https://www.zara.com/kr/ko/%E1%84%91%E1%85%B3%E1%84%85%E1%85%A6%E1%86%AB%E1%84%8E%E1%85%B5-%E1%84%89%E1%85%B3%E1%86%AF%E1%84%85%E1%85%B5%E1%84%87%E1%85%B3-%E1%84%82%E1%85%B5%E1%84%90%E1%85%B3-%E1%84%8C%E1%85%A2%E1%84%8F%E1%85%B5%E1%86%BA-p06427026.html,https://static.zara.net/assets/public/23b2/6986/2154425d99f1/bfee66536ade/06427026436-p/06427026436-p.jpg?ts=1778849377196,"₩59,900",,,260622,하늘색,,,,
,false,,ZARA,상의,가디건,여성,스트라이프 니트 재킷,https://www.zara.com/kr/ko/%E1%84%89%E1%85%B3%E1%84%90%E1%85%B3%E1%84%85%E1%85%A1%E1%84%8B%E1%85%B5%E1%84%91%E1%85%B3-%E1%84%82%E1%85%B5%E1%84%90%E1%85%B3-%E1%84%8C%E1%85%A2%E1%84%8F%E1%85%B5%E1%86%BA-p05755051.html,https://static.zara.net/assets/public/168d/f7ce/f3be44b3b67a/1cf6b2b68831/05755051104-p/05755051104-p.jpg?ts=1745490132862,"₩55,900",,,260622,스트라이프,,,,
,false,,ZARA,상의,가디건,여성,프릴 반소매 니트 재킷,https://www.zara.com/kr/ko/%E1%84%91%E1%85%B3%E1%84%85%E1%85%B5%E1%86%AF-%E1%84%87%E1%85%A1%E1%86%AB%E1%84%89%E1%85%A9%E1%84%86%E1%85%A2-%E1%84%82%E1%85%B5%E1%84%90%E1%85%B3-%E1%84%8C%E1%85%A2%E1%84%8F%E1%85%B5%E1%86%BA-p04192077.html,https://static.zara.net/assets/public/1199/2d24/b2d440f08f94/66fb0663285e/04192077250-p/04192077250-p.jpg?ts=1779372577328,"₩55,900",,,260622,화이트,,,,
,false,,ZARA,상의,탑,여성,로맨틱 리본 니트 탑,https://www.zara.com/kr/ko/%E1%84%85%E1%85%A9%E1%84%86%E1%85%A2%E1%86%AB%E1%84%90%E1%85%B5%E1%86%A8-%E1%84%85%E1%85%B5%E1%84%87%E1%85%A9%E1%86%AB-%E1%84%82%E1%85%B5%E1%84%90%E1%85%B3-%E1%84%90%E1%85%A1%E1%86%B8-p06236029.html,https://static.zara.net/assets/public/e2ed/0026/8a874f74a919/a76dec69e9c7/06236029075-p/06236029075-p.jpg?ts=1776181929845,"₩49,900",,,260622,"크림,베이지",,,,
,false,,ZARA,상의,탑,여성,코르셋 니트 탑,https://www.zara.com/kr/ko/%E1%84%8F%E1%85%A9%E1%84%85%E1%85%B3%E1%84%89%E1%85%A6%E1%86%BA-%E1%84%85%E1%85%B5%E1%86%B8-%E1%84%82%E1%85%B5%E1%84%90%E1%85%B3-%E1%84%90%E1%85%A1%E1%86%B8-p04331007.html,https://static.zara.net/assets/public/b17e/bb60/b5ca4b2bb75f/8e9955678123/04331007300-p/04331007300-p.jpg?ts=1776094458840,"₩49,900",,,260622,노랑,,,,
,false,,ZARA,상의,탑,여성,리브드 니트 탑,https://www.zara.com/kr/ko/%E1%84%85%E1%85%B5%E1%84%87%E1%85%B3%E1%84%83%E1%85%B3-%E1%84%82%E1%85%B5%E1%84%90%E1%85%B3-%E1%84%90%E1%85%A1%E1%86%B8-p00244004.html,https://static.zara.net/assets/public/f0a4/79df/08534917a2a8/8ba6c6910c55/00244004500-p/00244004500-p.jpg?ts=1775636449461,"₩35,900",,,260622,초록,,,,
,false,,ZARA,상의,가디건,여성,반소매 니트 재킷,https://www.zara.com/kr/ko/%E1%84%89%E1%85%AD%E1%84%90%E1%85%B3-%E1%84%89%E1%85%B3%E1%86%AF%E1%84%85%E1%85%B5%E1%84%87%E1%85%B3-%E1%84%82%E1%85%B5%E1%84%90%E1%85%B3-%E1%84%8C%E1%85%A2%E1%84%8F%E1%85%B5%E1%86%BA-p02142140.html,https://static.zara.net/assets/public/6f47/8284/4ef44a5885f4/74092651be44/02142140617-p/02142140617-p.jpg?ts=1775058827248,"₩49,900",,,260622,네온 오렌지,,,,
,false,,ZARA,상의,탑,여성,파인 니트 탑,https://www.zara.com/kr/ko/%E1%84%91%E1%85%A1%E1%84%8B%E1%85%B5%E1%86%AB-%E1%84%82%E1%85%B5%E1%84%90%E1%85%B3-%E1%84%90%E1%85%A1%E1%86%B8-p03519016.html,https://static.zara.net/assets/public/f295/c513/3bd1432187ef/bf30db8a5cfc/03519016300-016-p/03519016300-016-p.jpg?ts=1778770213373,"₩35,900",,,260622,노랑,,,,
,false,,ZARA,상의,니트,여성,오픈워크 니트 스웨터,https://www.zara.com/kr/ko/%E1%84%8B%E1%85%A9%E1%84%91%E1%85%B3%E1%86%AB%E1%84%8B%E1%85%AF%E1%84%8F%E1%85%B3-%E1%84%82%E1%85%B5%E1%84%90%E1%85%B3-%E1%84%89%E1%85%B3%E1%84%8B%E1%85%B0%E1%84%90%E1%85%A5-p05802013.html,https://static.zara.net/assets/public/41bd/113e/856e48bca0e3/78b9c62c0719/05802013526-p/05802013526-p.jpg?ts=1779373991093,"₩59,900",,,260622,라이트 그린,,,,
,false,,ZARA,상의,탑,여성,골지 반소매 니트 탑,https://www.zara.com/kr/ko/%E1%84%80%E1%85%A9%E1%86%AF%E1%84%8C%E1%85%B5-%E1%84%87%E1%85%A1%E1%86%AB%E1%84%89%E1%85%A9%E1%84%86%E1%85%A2-%E1%84%82%E1%85%B5%E1%84%90%E1%85%B3-%E1%84%90%E1%85%A1%E1%86%B8-p03471002.html,https://static.zara.net/assets/public/3e00/9801/31494063859a/8f54caefa508/03471002500-p/03471002500-p.jpg?ts=1773401360676,"₩35,900",,,260622,초록,,,,
,false,,ZARA,상의,탑,여성,루즈핏 브이넥 니트 스웨터,https://www.zara.com/kr/ko/%E1%84%85%E1%85%AE%E1%84%8C%E1%85%B3%E1%84%91%E1%85%B5%E1%86%BA-%E1%84%87%E1%85%B3%E1%84%8B%E1%85%B5%E1%84%82%E1%85%A6%E1%86%A8-%E1%84%82%E1%85%B5%E1%84%90%E1%85%B3-%E1%84%89%E1%85%B3%E1%84%8B%E1%85%B0%E1%84%90%E1%85%A5-p03471006.html,https://static.zara.net/assets/public/77d6/7eed/a1cf4b8285be/e8ad8042f771/04192088420-p/04192088420-p.jpg?ts=1779718606952,"₩49,900",,,260622,블루,,,,
,false,,ZARA,상의,탑,여성,파인 니트 탑,https://www.zara.com/kr/ko/%E1%84%91%E1%85%A1%E1%84%8B%E1%85%B5%E1%86%AB-%E1%84%82%E1%85%B5%E1%84%90%E1%85%B3-%E1%84%90%E1%85%A1%E1%86%B8-p03519016.html,https://static.zara.net/assets/public/410e/2786/432e4e3dae91/dc9cc6ef5525/02581080330-p/02581080330-p.jpg?ts=1778586862473,"₩35,900",,,260622,노랑,,,,
,false,,ZARA,상의,니트,여성,오픈워크 니트 스웨터,https://www.zara.com/kr/ko/%E1%84%8B%E1%85%A9%E1%84%91%E1%85%B3%E1%86%AB%E1%84%8B%E1%85%AF%E1%84%8F%E1%85%B3-%E1%84%82%E1%85%B5%E1%84%90%E1%85%B3-%E1%84%89%E1%85%B3%E1%84%8B%E1%85%B0%E1%84%90%E1%85%A5-p05755048.html,https://static.zara.net/assets/public/71d2/419a/624747fc960b/c5add34db4c9/05755048800-p/05755048800-p.jpg?ts=1780058352397,"₩49,900",,,260622,블랙,,,,
,false,,ZARA,원피스,원피스,여성,메탈릭 얀 오픈워크 니트 미니 원피스,https://www.zara.com/kr/ko/%E1%84%86%E1%85%A6%E1%84%90%E1%85%A1%E1%86%AF%E1%84%85%E1%85%B5%E1%86%A8-%E1%84%8B%E1%85%A3%E1%86%AB-%E1%84%8B%E1%85%A9%E1%84%91%E1%85%B3%E1%86%AB%E1%84%8B%E1%85%AF%E1%84%8F%E1%85%B3-%E1%84%82%E1%85%B5%E1%84%90%E1%85%B3-%E1%84%86%E1%85%B5%E1%84%82%E1%85%B5-%E1%84%8B%E1%85%AF%E1%86%AB%E1%84%91%E1%85%B5%E1%84%89%E1%85%B3-p08146004.html,https://static.zara.net/assets/public/ebd2/4872/3e7a4cadb874/194c96b9fe99/08146004104-p/08146004104-p.jpg?ts=1780054843711,"₩79,900",,,260622,스트라이프,,,,
,false,,ZARA,원피스,원피스,여성,스트라이프 롱 니트 원피스,https://www.zara.com/kr/ko/%E1%84%89%E1%85%B3%E1%84%90%E1%85%B3%E1%84%85%E1%85%A1%E1%84%8B%E1%85%B5%E1%84%91%E1%85%B3-%E1%84%85%E1%85%A9%E1%86%BC-%E1%84%82%E1%85%B5%E1%84%90%E1%85%B3-%E1%84%8B%E1%85%AF%E1%86%AB%E1%84%91%E1%85%B5%E1%84%89%E1%85%B3-p04192076.html,https://static.zara.net/assets/public/a07e/e1d3/7ab94057ba41/cbe23c8ba7b1/04192076330-p/04192076330-p.jpg?ts=1780054844216,"₩59,900",,,260622,멀티컬러,,,,
,false,,ZARA,상의,탑,여성,프린지 니트 튜닉,https://www.zara.com/kr/ko/%E1%84%91%E1%85%B3%E1%84%85%E1%85%B5%E1%86%AB%E1%84%8C%E1%85%B5-%E1%84%82%E1%85%B5%E1%84%90%E1%85%B3-%E1%84%90%E1%85%B2%E1%84%82%E1%85%B5%E1%86%A8-p09874022.html,https://static.zara.net/assets/public/3e74/c36a/292147729358/617e4b317cd3/09874022959-p/09874022959-p.jpg?ts=1780054843550,"₩89,900",,,260622,크림,,,,
,false,,ZARA,상의,가디건,여성,컬러 블록 니트 재킷,https://www.zara.com/kr/ko/%E1%84%8F%E1%85%A5%E1%86%AF%E1%84%85%E1%85%A5-%E1%84%87%E1%85%B3%E1%86%AF%E1%84%85%E1%85%A9%E1%86%A8-%E1%84%82%E1%85%B5%E1%84%90%E1%85%B3-%E1%84%8C%E1%85%A2%E1%84%8F%E1%85%B5%E1%86%BA-p05802014.html,https://static.zara.net/assets/public/a7a8/86d6/bd414493bc18/a8161b8f10d3/05802014400-p/05802014400-p.jpg?ts=1779983414692,"₩49,900",,,260622,블루,,,,
,false,,ZARA,상의,니트,여성,오픈워크 니트 스웨터,https://www.zara.com/kr/ko/%E1%84%8B%E1%85%A9%E1%84%91%E1%85%B3%E1%86%AB%E1%84%8B%E1%85%AF%E1%84%8F%E1%85%B3-%E1%84%82%E1%85%B5%E1%84%90%E1%85%B3-%E1%84%89%E1%85%B3%E1%84%8B%E1%85%B0%E1%84%90%E1%85%A5-p05755048.html,https://static.zara.net/assets/public/ad35/554c/764a49a0b20c/38399362c695/05755048800-1-p/05755048800-1-p.jpg?ts=1779895426552,"₩49,900",,,260622,블랙,,,,
,false,,ZARA,상의,탑,여성,숏 케이프 니트,https://www.zara.com/kr/ko/%E1%84%89%E1%85%AD%E1%84%90%E1%85%B3-%E1%84%8F%E1%85%A6%E1%84%8B%E1%85%B5%E1%84%91%E1%85%B3-%E1%84%82%E1%85%B5%E1%84%90%E1%85%B3-%E1%84%89%E1%85%B3%E1%84%8B%E1%85%B0%E1%84%90%E1%85%A5-p02756044.html,https://static.zara.net/assets/public/fd17/d39c/f74941959d27/ffefa39dc2bb/02756044700-p/02756044700-p.jpg?ts=1779206726647,"₩49,900",,,260622,브라운,,,,
,false,,ZARA,상의,탑,여성,스트랩 니트 탑,https://www.zara.com/kr/ko/%E1%84%89%E1%85%B3%E1%84%90%E1%85%B3%E1%84%85%E1%85%A2%E1%86%B8-%E1%84%82%E1%85%B5%E1%84%90%E1%85%B3-%E1%84%90%E1%85%A1%E1%86%B8-p02756043.html,https://static.zara.net/assets/public/4b93/7958/762446aca088/3febaa7349a9/02756043700-p/02756043700-p.jpg?ts=1779205292418,"₩35,900",,,260622,브라운,,,,
,false,,ZARA,상의,탑,여성,루즈핏 브이넥 니트 스웨터,https://www.zara.com/kr/ko/%E1%84%85%E1%85%AE%E1%84%8C%E1%85%B3%E1%84%91%E1%85%B5%E1%86%BA-%E1%84%87%E1%85%B3%E1%84%8B%E1%85%B5%E1%84%82%E1%85%A6%E1%86%A8-%E1%84%82%E1%85%B5%E1%84%90%E1%85%B3-%E1%84%89%E1%85%B3%E1%84%8B%E1%85%B0%E1%84%90%E1%85%A5-p03471006.html,https://static.zara.net/assets/public/0401/eada/50eb4203806e/51c7d472d230/04192088420-a3/04192088420-a3.jpg?ts=1779792155567,"₩49,900",,,260622,블루,,,,
,false,,ZARA,원피스,원피스,여성,주얼 비즈 미니 원피스,https://www.zara.com/kr/ko/%E1%84%8C%E1%85%AE%E1%84%8B%E1%85%A5%E1%86%AF%E1%84%85%E1%85%B5-%E1%84%87%E1%85%B5%E1%84%8C%E1%85%B3-%E1%84%86%E1%85%B5%E1%84%82%E1%85%B5-%E1%84%8B%E1%85%AF%E1%86%AB%E1%84%91%E1%85%B5%E1%84%89%E1%85%B3-p03920286.html,https://static.zara.net/assets/public/2326/2277/46334f809c30/897e86c6cbf6/03920286808-p/03920286808-p.jpg?ts=1779452278185,"₩209,900",,,260622,실버,,,,
,false,,ZARA,치마,스커트,여성,플라워 크로셰 니트 미디 스커트,https://www.zara.com/kr/ko/%E1%84%91%E1%85%B3%E1%86%AF%E1%84%85%E1%85%A1%E1%84%8B%E1%85%AF-%E1%84%8F%E1%85%B3%E1%84%85%E1%85%A9%E1%84%89%E1%85%A8-%E1%84%82%E1%85%B5%E1%84%90%E1%85%B3-%E1%84%86%E1%85%B5%E1%84%83%E1%85%B5-%E1%84%89%E1%85%B3%E1%84%8F%E1%85%A5%E1%84%90%E1%85%B3-p01957010.html,https://static.zara.net/assets/public/43f5/428c/d16c438baf7c/30335b5ecdff/01957010250-p/01957010250-p.jpg?ts=1779452279868,"₩109,900",,,260622,화이트,,,,
,false,,ZARA,상의,탑,여성,언밸런스 니트 탑,https://www.zara.com/kr/ko/%E1%84%8B%E1%85%A5%E1%86%AB%E1%84%87%E1%85%A2%E1%86%AF%E1%84%85%E1%85%A5%E1%86%AB%E1%84%89%E1%85%B3-%E1%84%82%E1%85%B5%E1%84%90%E1%85%B3-%E1%84%90%E1%85%A1%E1%86%B8-p09598016.html,https://static.zara.net/assets/public/e45f/5aaa/80b841acad2f/1af7d20d8318/09598016072-p/09598016072-p.jpg?ts=1779445671856,"₩49,900",,,260622,아이보리-화이트,,,,
,false,,ZARA,상의,탑,여성,스트럭처 니트 탑,https://www.zara.com/kr/ko/%E1%84%89%E1%85%B3%E1%84%90%E1%85%B3%E1%84%85%E1%85%A5%E1%86%A8%E1%84%8E%E1%85%A5-%E1%84%82%E1%85%B5%E1%84%90%E1%85%B3-%E1%84%90%E1%85%A1%E1%86%B8-p05802001.html,https://static.zara.net/assets/public/56b3/707e/3dad49ef98c1/53fa369a98de/05802001600-p/05802001600-p.jpg?ts=1779441371255,"₩39,900",,,260622,레드,,,,
,false,,ZARA,상의,니트,여성,오픈워크 니트 스웨터,https://www.zara.com/kr/ko/%E1%84%8B%E1%85%A9%E1%84%91%E1%85%B3%E1%86%AB%E1%84%8B%E1%85%AF%E1%84%8F%E1%85%B3-%E1%84%82%E1%85%B5%E1%84%90%E1%85%B3-%E1%84%89%E1%85%B3%E1%84%8B%E1%85%B0%E1%84%90%E1%85%A5-p05802013.html,https://static.zara.net/assets/public/41bd/113e/856e48bca0e3/78b9c62c0719/05802013526-p/05802013526-p.jpg?ts=1779373991093,"₩59,900",,,260622,라이트 그린,,,,
,false,,ZARA,원피스,원피스,여성,비즈 펀칭 니트 원피스,https://www.zara.com/kr/ko/%E1%84%87%E1%85%B5%E1%84%8C%E1%85%B3-%E1%84%8F%E1%85%A5%E1%86%BA%E1%84%8B%E1%85%A1%E1%84%8B%E1%85%AE%E1%86%BA-%E1%84%82%E1%85%B5%E1%84%90%E1%85%B3-%E1%84%8B%E1%85%AF%E1%86%AB%E1%84%91%E1%85%B5%E1%84%89%E1%85%B3-p03921063.html,https://static.zara.net/assets/public/f411/b7a1/79b5471da8a2/97cfcc9dafff/03921063712-1-p/03921063712-1-p.jpg?ts=1779373988139,"₩169,900",,,260622,크림,,,,
,false,,ZARA,상의,탑,여성,링클 페이크 니트 셔츠,https://www.zara.com/kr/ko/%E1%84%85%E1%85%B5%E1%86%BC%E1%84%8F%E1%85%B3%E1%86%AF-%E1%84%8B%E1%85%B5%E1%84%91%E1%85%A6%E1%86%A8%E1%84%90%E1%85%B3-%E1%84%82%E1%85%B5%E1%84%90%E1%85%B3-%E1%84%89%E1%85%A7%E1%84%8E%E1%85%B3-p03921027.html,https://static.zara.net/assets/public/e940/70c4/104d4dbd8bc5/24d1941f4a72/00858116250-p/00858116250-p.jpg?ts=1779279528501,"₩109,900",,,260622,크림,,,,
,false,,ZARA,치마,스커트,여성,플라워 크로셰 니트 미디 스커트,https://www.zara.com/kr/ko/%E1%84%91%E1%85%B3%E1%86%AF%E1%84%85%E1%85%A1%E1%84%8B%E1%85%AF-%E1%84%8F%E1%85%B3%E1%84%85%E1%85%A9%E1%84%89%E1%85%A8-%E1%84%82%E1%85%B5%E1%84%90%E1%85%B3-%E1%84%86%E1%85%B5%E1%84%83%E1%85%B5-%E1%84%89%E1%85%B3%E1%84%8F%E1%85%A5%E1%84%90%E1%85%B3-p01957010.html,https://static.zara.net/assets/public/ee45/f628/05fd4aa391f9/57d4d0d78ec8/01957009250-001-p/01957009250-001-p.jpg?ts=1779350904727,"₩109,900",,,260622,화이트,,,,
,false,,ZARA,상의,니트,여성,페이크 주름 니트 스웨터,https://www.zara.com/kr/ko/%E1%84%91%E1%85%A6%E1%84%8B%E1%85%B5%E1%84%8F%E1%85%B3-%E1%84%8C%E1%85%AE%E1%84%85%E1%85%B3%E1%86%B7-%E1%84%82%E1%85%B5%E1%84%90%E1%85%B3-%E1%84%89%E1%85%B3%E1%84%8B%E1%85%B0%E1%84%90%E1%85%A5-p01822007.html,https://static.zara.net/assets/public/066a/9909/35314c0abb2f/cba0e0dec007/01822007429-a2/01822007429-a2.jpg?ts=1778849862822,"₩57,900",,,260622,블루이시,,,,
,false,,ZARA,상의,가디건,여성,니트 쇼트 재킷,https://www.zara.com/kr/ko/%E1%84%82%E1%85%B5%E1%84%90%E1%85%B3-%E1%84%89%E1%85%AD%E1%84%90%E1%85%B3-%E1%84%8C%E1%85%A2%E1%84%8F%E1%85%B5%E1%86%BA-p06771015.html,https://static.zara.net/assets/public/0cba/1dd7/f7044681b5d9/f28a41e0c8ee/06771015712-p/06771015712-p.jpg?ts=1778848537631,"₩59,900",,,260622,크림,,,,
,false,,ZARA,상의,니트,여성,프릴 니트 스웨터,https://www.zara.com/kr/ko/%E1%84%91%E1%85%B3%E1%84%85%E1%85%B5%E1%86%AF-%E1%84%82%E1%85%B5%E1%84%90%E1%85%B3-%E1%84%89%E1%85%B3%E1%84%8B%E1%85%B0%E1%84%90%E1%85%A5-p03646010.html,https://static.zara.net/assets/public/c5b2/86a2/67f6494bb35d/24c3d858955c/03646010712-1-p/03646010712-1-p.jpg?ts=1778848509811,"₩55,900",,,260622,크림,,,,
,false,,ZARA,상의,니트,여성,벨트 니트 스웨터,https://www.zara.com/kr/ko/%E1%84%87%E1%85%A6%E1%86%AF%E1%84%90%E1%85%B3-%E1%84%82%E1%85%B5%E1%84%90%E1%85%B3-%E1%84%89%E1%85%B3%E1%84%8B%E1%85%B0%E1%84%90%E1%85%A5-p05536043.html,https://static.zara.net/assets/public/3c07/4ac9/e3974055a0ec/3aabe938c449/05536043800-p/05536043800-p.jpg?ts=1778243389268,"₩55,900",,,260622,블랙,,,,
,false,,ZARA,상의,가디건,여성,파인 니트 재킷,https://www.zara.com/kr/ko/%E1%84%91%E1%85%A1%E1%84%8B%E1%85%B5%E1%86%AB-%E1%84%82%E1%85%B5%E1%84%90%E1%85%B3-%E1%84%8C%E1%85%A2%E1%84%8F%E1%85%B5%E1%86%BA-p03519015.html,https://static.zara.net/assets/public/f95f/c54a/a27543678056/081303a0a998/03519015300-p/03519015300-p.jpg?ts=1778769626855,"₩49,900",,,260622,노랑,,,,
,false,,ZARA,상의,탑,여성,프릴 포인텔 니트 탑,https://www.zara.com/kr/ko/%E1%84%91%E1%85%B3%E1%84%85%E1%85%B5%E1%86%AF-%E1%84%91%E1%85%A9%E1%84%8B%E1%85%B5%E1%86%AB%E1%84%90%E1%85%A6%E1%86%AF-%E1%84%82%E1%85%B5%E1%84%90%E1%85%B3-%E1%84%90%E1%85%A1%E1%86%B8-p02756041.html,https://static.zara.net/assets/public/2085/221b/f0484496a661/4996f9d21dff/02756041712-p/02756041712-p.jpg?ts=1778769622379,"₩39,900",,,260622,크림,,,,
,false,,ZARA,상의,탑,여성,파인 니트 탑,https://www.zara.com/kr/ko/%E1%84%91%E1%85%A1%E1%84%8B%E1%85%B5%E1%86%AB-%E1%84%82%E1%85%B5%E1%84%90%E1%85%B3-%E1%84%90%E1%85%A1%E1%86%B8-p03519016.html,https://static.zara.net/assets/public/f295/c513/3bd1432187ef/bf30db8a5cfc/03519016300-016-p/03519016300-016-p.jpg?ts=1778770213373,"₩35,900",,,260622,노랑,,,,
,false,,ZARA,상의,가디건,여성,오픈 니트 재킷,https://www.zara.com/kr/ko/%E1%84%8B%E1%85%A9%E1%84%91%E1%85%B3%E1%86%AB-%E1%84%82%E1%85%B5%E1%84%90%E1%85%B3-%E1%84%8C%E1%85%A2%E1%84%8F%E1%85%B5%E1%86%BA-p05755055.html,https://static.zara.net/assets/public/878f/0f42/49b6496bb4f3/d5d1f2c1ad65/08228021250-p/08228021250-p.jpg?ts=1778671884994,"₩59,900",,,260622,크림,,,,
,false,,ZARA,상의,니트,여성,태슬 펀칭 니트 원피스,https://www.zara.com/kr/ko/%E1%84%90%E1%85%A2%E1%84%89%E1%85%B3%E1%86%AF-%E1%84%91%E1%85%A5%E1%86%AB%E1%84%8E%E1%85%B5%E1%86%BC-%E1%84%82%E1%85%B5%E1%84%90%E1%85%B3-%E1%84%8B%E1%85%AF%E1%86%AB%E1%84%91%E1%85%B5%E1%84%89%E1%85%B3-p03969001.html,https://static.zara.net/assets/public/5ce3/6e6a/dbdb4164a125/68271e4d0ce2/08372449737-p/08372449737-p.jpg?ts=1778668065753,"₩109,900",,,260622,크림,,,,
,false,,ZARA,상의,니트,여성,브이넥 니트 스웨터,https://www.zara.com/kr/ko/%E1%84%87%E1%85%B3%E1%84%8B%E1%85%B5%E1%84%82%E1%85%A6%E1%86%A8-%E1%84%82%E1%85%B5%E1%84%90%E1%85%B3-%E1%84%89%E1%85%B3%E1%84%8B%E1%85%B0%E1%84%90%E1%85%A5-p02893058.html,https://static.zara.net/assets/public/8176/5fd5/35cd47639b75/f5b8ca69b112/02893058400-p/02893058400-p.jpg?ts=1778690445256,"₩59,900",,,260622,블루,,,,
,false,,ZARA,상의,탑,여성,파인 니트 탑,https://www.zara.com/kr/ko/%E1%84%91%E1%85%A1%E1%84%8B%E1%85%B5%E1%86%AB-%E1%84%82%E1%85%B5%E1%84%90%E1%85%B3-%E1%84%90%E1%85%A1%E1%86%B8-p03519016.html,https://static.zara.net/assets/public/410e/2786/432e4e3dae91/dc9cc6ef5525/02581080330-p/02581080330-p.jpg?ts=1778586862473,"₩35,900",,,260622,노랑,,,,
,false,,ZARA,기타,WAISTCOAT,여성,버튼 베스트 탑,https://www.zara.com/kr/ko/%E1%84%87%E1%85%A5%E1%84%90%E1%85%B3%E1%86%AB-%E1%84%87%E1%85%A6%E1%84%89%E1%85%B3%E1%84%90%E1%85%B3-%E1%84%90%E1%85%A1%E1%86%B8-p05536062.html,https://static.zara.net/assets/public/3b03/f43d/f57745708277/af0aa857ebbb/05536062250-p/05536062250-p.jpg?ts=1777909114122,"₩57,900",,,260622,화이트,,,,
,false,,ZARA,상의,가디건,여성,러스틱 니트 재킷,https://www.zara.com/kr/ko/%E1%84%85%E1%85%A5%E1%84%89%E1%85%B3%E1%84%90%E1%85%B5%E1%86%A8-%E1%84%82%E1%85%B5%E1%84%90%E1%85%B3-%E1%84%8C%E1%85%A2%E1%84%8F%E1%85%B5%E1%86%BA-p02142159.html,https://static.zara.net/assets/public/709a/3aaa/1d7c44aa9704/07289c3ca150/02142159711-p/02142159711-p.jpg?ts=1778602708871,"₩59,900",,,260622,샌드,,,,
,false,,ZARA,상의,가디건,여성,니트 쇼트 재킷,https://www.zara.com/kr/ko/%E1%84%82%E1%85%B5%E1%84%90%E1%85%B3-%E1%84%89%E1%85%AD%E1%84%90%E1%85%B3-%E1%84%8C%E1%85%A2%E1%84%8F%E1%85%B5%E1%86%BA-p06771015.html,https://static.zara.net/assets/public/3828/0b7f/cc4d4e9ba926/c26f6128732e/06771015712-e1/06771015712-e1.jpg?ts=1771429705925,"₩59,900",,,260622,크림,,,,
,false,,ZARA,상의,가디건,여성,스트럭처 니트 재킷,https://www.zara.com/kr/ko/%E1%84%89%E1%85%B3%E1%84%90%E1%85%B3%E1%84%85%E1%85%A5%E1%86%A8%E1%84%8E%E1%85%A5-%E1%84%82%E1%85%B5%E1%84%90%E1%85%B3-%E1%84%8C%E1%85%A2%E1%84%8F%E1%85%B5%E1%86%BA-p04192071.html,https://static.zara.net/assets/public/5327/7bce/4b85463b9233/094326dee03c/04192071712-a5/04192071712-a5.jpg?ts=1778247479223,"₩59,900",,,260622,크림,,,,
,false,,ZARA,상의,니트,여성,쇼트 슬리브 니트 스웨터,https://www.zara.com/kr/ko/%E1%84%89%E1%85%AD%E1%84%90%E1%85%B3-%E1%84%89%E1%85%B3%E1%86%AF%E1%84%85%E1%85%B5%E1%84%87%E1%85%B3-%E1%84%82%E1%85%B5%E1%84%90%E1%85%B3-%E1%84%89%E1%85%B3%E1%84%8B%E1%85%B0%E1%84%90%E1%85%A5-p04192084.html,https://static.zara.net/assets/public/1191/1c1e/87d84acc8b9c/25681a702260/04192084919-p/04192084919-p.jpg?ts=1778247472518,"₩59,900",,,260622,레드 코랄,,,,
,false,,ZARA,상의,니트,여성,파인 니트 브이넥 스웨터,https://www.zara.com/kr/ko/%E1%84%91%E1%85%A1%E1%84%8B%E1%85%B5%E1%86%AB-%E1%84%82%E1%85%B5%E1%84%90%E1%85%B3-%E1%84%87%E1%85%B3%E1%84%8B%E1%85%B5%E1%84%82%E1%85%A6%E1%86%A8-%E1%84%89%E1%85%B3%E1%84%8B%E1%85%B0%E1%84%90%E1%85%A5-p08779006.html,https://static.zara.net/assets/public/1f16/1309/da744b80aad3/8ef044ab572c/08372222700-p/08372222700-p.jpg?ts=1778076750907,"₩55,900",,,260622,파스텔 로즈,,,,
,false,,ZARA,원피스,원피스,여성,프린지 롱 니트 원피스,https://www.zara.com/kr/ko/%E1%84%91%E1%85%B3%E1%84%85%E1%85%B5%E1%86%AB%E1%84%8C%E1%85%B5-%E1%84%85%E1%85%A9%E1%86%BC-%E1%84%82%E1%85%B5%E1%84%90%E1%85%B3-%E1%84%8B%E1%85%AF%E1%86%AB%E1%84%91%E1%85%B5%E1%84%89%E1%85%B3-p03500007.html,https://static.zara.net/assets/public/f280/8867/5d6549169764/592aa3f22a2c/03500007330-p/03500007330-p.jpg?ts=1776953005262,"₩59,900",,,260622,멀티컬러,,,,
,false,,ZARA,상의,탑,여성,프린지 니트 탑,https://www.zara.com/kr/ko/%E1%84%91%E1%85%B3%E1%84%85%E1%85%B5%E1%86%AB%E1%84%8C%E1%85%B5-%E1%84%82%E1%85%B5%E1%84%90%E1%85%B3-%E1%84%90%E1%85%A1%E1%86%B8-p06771025.html,https://static.zara.net/assets/public/1e7b/c77e/a15048aa979e/4fc4f05ceda3/06771025738-p/06771025738-p.jpg?ts=1778067724863,"₩45,900",,,260622,끈,,,,
,false,,ZARA,상의,니트,여성,베이직 쇼트 슬리브 니트 스웨터,https://www.zara.com/kr/ko/%E1%84%89%E1%85%AD%E1%86%BA-%E1%84%89%E1%85%B3%E1%86%AF%E1%84%85%E1%85%B5%E1%84%87%E1%85%B3-%E1%84%91%E1%85%B3%E1%86%AF%E1%84%85%E1%85%A6%E1%84%8B%E1%85%B5%E1%86%AB-%E1%84%82%E1%85%B5%E1%84%90%E1%85%B3-%E1%84%87%E1%85%A6%E1%84%8B%E1%85%B5%E1%84%8C%E1%85%B5%E1%86%A8-%E1%84%90%E1%85%A1%E1%86%B8-p08851005.html,https://static.zara.net/assets/public/524c/2a35/a1ea457bb95d/423b5526c6aa/01509010250-p/01509010250-p.jpg?ts=1778066663983,"₩45,900",,,260622,화이트,,,,
,false,,ZARA,치마,스커트,여성,,https://www.zara.com/kr/ko/-p02142031.html,https://static.zara.net/assets/public/e333/0915/12ed4a52b5e3/6d199e7bd702/02142031401-p/02142031401-p.jpg?ts=1770306362291,"₩55,900",,,260622,네이비,,,,
,false,,ZARA,상의,니트,여성,,https://www.zara.com/kr/ko/-p02142030.html,https://static.zara.net/assets/public/88b6/8603/f80049d5bd1a/ea1ff44395a4/02142030401-p/02142030401-p.jpg?ts=1770306362439,"₩59,900",,,260622,네이비,,,,
,false,,ZARA,상의,탑,여성,볼륨 슬리브 스웨터,https://www.zara.com/kr/ko/%E1%84%87%E1%85%A9%E1%86%AF%E1%84%85%E1%85%B2%E1%86%B7-%E1%84%89%E1%85%B3%E1%86%AF%E1%84%85%E1%85%B5%E1%84%87%E1%85%B3-%E1%84%89%E1%85%B3%E1%84%8B%E1%85%B0%E1%84%90%E1%85%A5-p03456009.html,https://static.zara.net/assets/public/be77/d041/19c644e195fc/21c8074f0969/03456009715-p/03456009715-p.jpg?ts=1772543805173,"₩55,900",,,260622,미디움 크림,,,,
,false,,ZARA,상의,탑,여성,볼륨 슬리브 스웨터,https://www.zara.com/kr/ko/%E1%84%87%E1%85%A9%E1%86%AF%E1%84%85%E1%85%B2%E1%86%B7-%E1%84%89%E1%85%B3%E1%86%AF%E1%84%85%E1%85%B5%E1%84%87%E1%85%B3-%E1%84%89%E1%85%B3%E1%84%8B%E1%85%B0%E1%84%90%E1%85%A5-p03456009.html,https://static.zara.net/assets/public/73ef/ceff/08464e419531/028ec0bf6f14/03456009622-p/03456009622-p.jpg?ts=1776679471903,"₩55,900",,,260622,페일 로즈,,,,
,false,,ZARA,상의,가디건,여성,메탈릭 스팽글 니트 재킷,https://www.zara.com/kr/ko/%E1%84%86%E1%85%A6%E1%84%90%E1%85%A1%E1%86%AF%E1%84%85%E1%85%B5%E1%86%A8-%E1%84%89%E1%85%B3%E1%84%91%E1%85%A2%E1%86%BC%E1%84%80%E1%85%B3%E1%86%AF-%E1%84%82%E1%85%B5%E1%84%90%E1%85%B3-%E1%84%8C%E1%85%A2%E1%84%8F%E1%85%B5%E1%86%BA-p09598084.html,https://static.zara.net/assets/public/026f/a7b1/cce84aacbdd6/b968a65ea33f/09598084712-p/09598084712-p.jpg?ts=1776870946825,"₩49,900",,,260622,크림,,,,
,false,,ZARA,상의,탑,여성,메탈릭 얀 시퀸 니트 탑,https://www.zara.com/kr/ko/%E1%84%86%E1%85%A6%E1%84%90%E1%85%A1%E1%86%AF%E1%84%85%E1%85%B5%E1%86%A8-%E1%84%8B%E1%85%A3%E1%86%AB-%E1%84%89%E1%85%B5%E1%84%8F%E1%85%B1%E1%86%AB-%E1%84%82%E1%85%B5%E1%84%90%E1%85%B3-%E1%84%90%E1%85%A1%E1%86%B8-p09598085.html,https://static.zara.net/assets/public/8866/585f/cb2c42668575/4e3801518725/09598085712-p/09598085712-p.jpg?ts=1776870950623,"₩45,900",,,260622,크림,,,,
,false,,ZARA,상의,니트,여성,스트라이프 니트 스웨터,https://www.zara.com/kr/ko/%E1%84%89%E1%85%B3%E1%84%90%E1%85%B3%E1%84%85%E1%85%A1%E1%84%8B%E1%85%B5%E1%84%91%E1%85%B3-%E1%84%82%E1%85%B5%E1%84%90%E1%85%B3-%E1%84%89%E1%85%B3%E1%84%8B%E1%85%B0%E1%84%90%E1%85%A5-p03920179.html,https://static.zara.net/assets/public/4634/d95a/30c846b6b5bb/b4ef531bebb9/03920179436-p/03920179436-p.jpg?ts=1778082134016,"₩55,900",,,260622,하늘색,,,,
,false,,ZARA,상의,탑,여성,스트랩 콤비 니트 탑,https://www.zara.com/kr/ko/%E1%84%82%E1%85%B5%E1%84%90%E1%85%B3-%E1%84%8F%E1%85%A9%E1%86%B7%E1%84%87%E1%85%B5-%E1%84%89%E1%85%B3%E1%84%90%E1%85%B3%E1%84%85%E1%85%A2%E1%86%B8-%E1%84%90%E1%85%A1%E1%86%B8-p01957008.html,https://static.zara.net/assets/public/34ac/747e/80394a9f8ed3/4e63a00507d5/08372150700-a3/08372150700-a3.jpg?ts=1777540867676,"₩79,900",,,260622,크림,,,,
,false,,ZARA,상의,니트,여성,스트라이프 니트 반소매 폴로셔츠,https://www.zara.com/kr/ko/%E1%84%89%E1%85%B3%E1%84%90%E1%85%B3%E1%84%85%E1%85%A1%E1%84%8B%E1%85%B5%E1%84%91%E1%85%B3-%E1%84%82%E1%85%B5%E1%84%90%E1%85%B3-%E1%84%87%E1%85%A1%E1%86%AB%E1%84%89%E1%85%A9%E1%84%86%E1%85%A2-%E1%84%91%E1%85%A9%E1%86%AF%E1%84%85%E1%85%A9%E1%84%89%E1%85%A7%E1%84%8E%E1%85%B3-p05755053.html,https://static.zara.net/assets/public/10cd/d9fe/2fc248cb9d35/0fa49a071ff9/05755053600-p/05755053600-p.jpg?ts=1776419749836,"₩45,900",,,260622,레드,,,,
,false,,ZARA,상의,니트,여성,피셔맨 니트 스웨터,https://www.zara.com/kr/ko/%E1%84%91%E1%85%B5%E1%84%89%E1%85%A7%E1%84%86%E1%85%A2%E1%86%AB-%E1%84%82%E1%85%B5%E1%84%90%E1%85%B3-%E1%84%89%E1%85%B3%E1%84%8B%E1%85%B0%E1%84%90%E1%85%A5-p05536049.html,https://static.zara.net/assets/public/2e75/b0c7/11564bfd9a5c/862640c5343c/05536049800-p/05536049800-p.jpg?ts=1773160877145,"₩49,900",,,260622,블랙,,,,
,false,,ZARA,상의,니트,여성,버튼 니트 스웨터,https://www.zara.com/kr/ko/%E1%84%91%E1%85%B5%E1%84%89%E1%85%A7%E1%84%86%E1%85%A2%E1%86%AB-%E1%84%82%E1%85%B5%E1%84%90%E1%85%B3-%E1%84%89%E1%85%B3%E1%84%8B%E1%85%B0%E1%84%90%E1%85%A5-p05536049.html,https://static.zara.net/assets/public/29e8/3f16/aee4465b9e7d/9883dd748c1d/05536049712-p/05536049712-p.jpg?ts=1747310077977,"₩49,900",,,260622,크림,,,,
,false,,ZARA,상의,니트,여성,벌룬 슬리브 니트 스웨터,https://www.zara.com/kr/ko/%E1%84%87%E1%85%A5%E1%86%AF%E1%84%85%E1%85%AE%E1%86%AB-%E1%84%89%E1%85%B3%E1%86%AF%E1%84%85%E1%85%B5%E1%84%87%E1%85%B3-%E1%84%82%E1%85%B5%E1%84%90%E1%85%B3-%E1%84%89%E1%85%B3%E1%84%8B%E1%85%B0%E1%84%90%E1%85%A5-p02756042.html,https://static.zara.net/assets/public/8bdc/4db8/320741d6bc47/309ac22bf6b0/02756042800-p/02756042800-p.jpg?ts=1777567133097,"₩55,900",,,260622,블랙,,,,
,false,,ZARA,상의,니트,여성,스트라이프 케이블 니트 스웨터,https://www.zara.com/kr/ko/%E1%84%89%E1%85%B3%E1%84%90%E1%85%B3%E1%84%85%E1%85%A1%E1%84%8B%E1%85%B5%E1%84%91%E1%85%B3-%E1%84%8F%E1%85%A6%E1%84%8B%E1%85%B5%E1%84%87%E1%85%B3%E1%86%AF-%E1%84%82%E1%85%B5%E1%84%90%E1%85%B3-%E1%84%89%E1%85%B3%E1%84%8B%E1%85%B0%E1%84%90%E1%85%A5-p06427019.html,https://static.zara.net/assets/public/ba83/48a6/03004fca8be4/ab4db545aff1/06427019104-p/06427019104-p.jpg?ts=1777564383130,"₩49,900",,,260622,스트라이프,,,,
,false,,ZARA,상의,니트,여성,오픈워크 벨 슬리브 니트 스웨터,https://www.zara.com/kr/ko/%E1%84%8B%E1%85%A9%E1%84%91%E1%85%B3%E1%86%AB%E1%84%8B%E1%85%AF%E1%84%8F%E1%85%B3-%E1%84%87%E1%85%A6%E1%86%AF-%E1%84%89%E1%85%B3%E1%86%AF%E1%84%85%E1%85%B5%E1%84%87%E1%85%B3-%E1%84%82%E1%85%B5%E1%84%90%E1%85%B3-%E1%84%89%E1%85%B3%E1%84%8B%E1%85%B0%E1%84%90%E1%85%A5-p01822010.html,https://static.zara.net/assets/public/cc5a/6b74/dea944338188/9db0c4da013d/04083036407-p/04083036407-p.jpg?ts=1777384300178,"₩57,900",,,260622,다크 데님,,,,
,false,,ZARA,상의,탑,여성,스트라이프 니트 탑,https://www.zara.com/kr/ko/%E1%84%89%E1%85%B3%E1%84%90%E1%85%B3%E1%84%85%E1%85%A1%E1%84%8B%E1%85%B5%E1%84%91%E1%85%B3-%E1%84%82%E1%85%B5%E1%84%90%E1%85%B3-%E1%84%90%E1%85%A1%E1%86%B8-p04192045.html,https://static.zara.net/assets/public/f578/deeb/457049b48618/f962ae25601d/04192045300-a2/04192045300-a2.jpg?ts=1777480472695,"₩39,900",,,260622,노랑,,,,
,false,,ZARA,상의,탑,여성,메탈릭 얀 홀터넥 니트 탑,https://www.zara.com/kr/ko/%E1%84%86%E1%85%A6%E1%84%90%E1%85%A1%E1%86%AF%E1%84%85%E1%85%B5%E1%86%A8-%E1%84%8B%E1%85%A3%E1%86%AB-%E1%84%92%E1%85%A9%E1%86%AF%E1%84%90%E1%85%A5%E1%84%82%E1%85%A6%E1%86%A8-%E1%84%82%E1%85%B5%E1%84%90%E1%85%B3-%E1%84%90%E1%85%A1%E1%86%B8-p06236025.html,https://static.zara.net/assets/public/f488/4db9/9c154b2dba8d/a6d0d9fe41a9/T9080172654-p/T9080172654-p.jpg?ts=1775051841925,"₩49,900",,,260622,골드,,,,
,false,,ZARA,상의,탑,여성,콤비 니트 탑,https://www.zara.com/kr/ko/%E1%84%82%E1%85%B5%E1%84%90%E1%85%B3-%E1%84%8F%E1%85%A9%E1%86%B7%E1%84%87%E1%85%B5-%E1%84%90%E1%85%A1%E1%86%B8-p03921011.html,https://static.zara.net/assets/public/ef28/b03a/87654047b1d4/dbdea436c2fb/03921011505-p/03921011505-p.jpg?ts=1775062982846,"₩49,900",,,260622,카키,,,,
,false,,ZARA,상의,탑,여성,니트 콤비 탑,https://www.zara.com/kr/ko/%E1%84%82%E1%85%B5%E1%84%90%E1%85%B3-%E1%84%8F%E1%85%A9%E1%86%B7%E1%84%87%E1%85%B5-%E1%84%90%E1%85%A1%E1%86%B8-p03921011.html,https://static.zara.net/assets/public/616c/eaf1/09c44a9895bb/a7758f306db2/03921011800-p/03921011800-p.jpg?ts=1775062983695,"₩49,900",,,260622,블랙,,,,
,false,,ZARA,상의,니트,여성,스트라이프 니트 폴로셔츠,https://www.zara.com/kr/ko/%E1%84%89%E1%85%B3%E1%84%90%E1%85%B3%E1%84%85%E1%85%A1%E1%84%8B%E1%85%B5%E1%84%91%E1%85%B3-%E1%84%82%E1%85%B5%E1%84%90%E1%85%B3-%E1%84%91%E1%85%A9%E1%86%AF%E1%84%85%E1%85%A9%E1%84%89%E1%85%A7%E1%84%8E%E1%85%B3-p03653015.html,https://static.zara.net/assets/public/757d/b0fe/936b405e90ac/4a48db35060c/03653015330-p/03653015330-p.jpg?ts=1776163227989,"₩49,900",,,260622,멀티컬러,,,,
,false,,ZARA,상의,니트,여성,반소매 니트 탑,https://www.zara.com/kr/ko/%E1%84%87%E1%85%A1%E1%86%AB%E1%84%89%E1%85%A9%E1%84%86%E1%85%A2-%E1%84%82%E1%85%B5%E1%84%90%E1%85%B3-%E1%84%90%E1%85%A1%E1%86%B8-p02142137.html,https://static.zara.net/assets/public/1fb7/c12a/80834153a87f/b9bca09e9d91/02142137104-p/02142137104-p.jpg?ts=1774957869364,"₩49,900",,,260622,스트라이프,,,,
,false,,ZARA,상의,니트,여성,버튼 니트 스웨터,https://www.zara.com/kr/ko/%E1%84%87%E1%85%A5%E1%84%90%E1%85%B3%E1%86%AB-%E1%84%82%E1%85%B5%E1%84%90%E1%85%B3-%E1%84%89%E1%85%B3%E1%84%8B%E1%85%B0%E1%84%90%E1%85%A5-p02142132.html,https://static.zara.net/assets/public/b905/4270/fad6438c970c/ac3030c39584/02142132712-p/02142132712-p.jpg?ts=1772465841014,"₩59,900",,,260622,크림,,,,
,false,,ZARA,상의,니트,여성,언밸런스 니트 탑,https://www.zara.com/kr/ko/%E1%84%8B%E1%85%A5%E1%86%AB%E1%84%87%E1%85%A2%E1%86%AF%E1%84%85%E1%85%A5%E1%86%AB%E1%84%89%E1%85%B3-%E1%84%82%E1%85%B5%E1%84%90%E1%85%B3-%E1%84%90%E1%85%A1%E1%86%B8-p02756032.html,https://static.zara.net/assets/public/ba35/da42/ac41480bba04/ee55e2cdd3ee/02756032711-p/02756032711-p.jpg?ts=1775748337104,"₩49,900",,,260622,샌드,,,,
,false,,ZARA,상의,탑,여성,와이드 슬리브 니트 탑,https://www.zara.com/kr/ko/%E1%84%8B%E1%85%AA%E1%84%8B%E1%85%B5%E1%84%83%E1%85%B3-%E1%84%89%E1%85%B3%E1%86%AF%E1%84%85%E1%85%B5%E1%84%87%E1%85%B3-%E1%84%82%E1%85%B5%E1%84%90%E1%85%B3-%E1%84%90%E1%85%A1%E1%86%B8-p03433004.html,https://static.zara.net/assets/public/00a7/b408/fe5742f79812/37ab300c4752/03519044944-p/03519044944-p.jpg?ts=1778075593057,"₩45,900",,,260622,레드 스트라이프,,,,
,false,,ZARA,상의,탑,여성,와이드 슬리브 니트 탑,https://www.zara.com/kr/ko/%E1%84%8B%E1%85%AA%E1%84%8B%E1%85%B5%E1%84%83%E1%85%B3-%E1%84%89%E1%85%B3%E1%86%AF%E1%84%85%E1%85%B5%E1%84%87%E1%85%B3-%E1%84%82%E1%85%B5%E1%84%90%E1%85%B3-%E1%84%90%E1%85%A1%E1%86%B8-p03433004.html,https://static.zara.net/assets/public/f17e/253a/311d4aa28814/1b66a9d6c711/03433004401-p/03433004401-p.jpg?ts=1772038894310,"₩45,900",,,260622,네이비,,,,
,false,,ZARA,상의,탑,여성,와이드 슬리브 니트 탑,https://www.zara.com/kr/ko/%E1%84%8B%E1%85%AA%E1%84%8B%E1%85%B5%E1%84%83%E1%85%B3-%E1%84%89%E1%85%B3%E1%86%AF%E1%84%85%E1%85%B5%E1%84%87%E1%85%B3-%E1%84%82%E1%85%B5%E1%84%90%E1%85%B3-%E1%84%90%E1%85%A1%E1%86%B8-p03433004.html,https://static.zara.net/assets/public/e56e/1f5e/fa2e46b792c7/3c6f110acb2e/03433004104-p/03433004104-p.jpg?ts=1772038891697,"₩45,900",,,260622,스트라이프,,,,
,false,,ZARA,상의,니트,여성,레이스 니트 스웨터,https://www.zara.com/kr/ko/%E1%84%85%E1%85%A6%E1%84%8B%E1%85%B5%E1%84%89%E1%85%B3-%E1%84%82%E1%85%B5%E1%84%90%E1%85%B3-%E1%84%89%E1%85%B3%E1%84%8B%E1%85%B0%E1%84%90%E1%85%A5-p00506001.html,https://static.zara.net/assets/public/218e/a376/0dcd45508902/93c99ef84536/00506001800-p/00506001800-p.jpg?ts=1773399163945,"₩49,900",,,260622,블랙,,,,
,false,,ZARA,상의,탑,여성,언밸런스 니트 탑,https://www.zara.com/kr/ko/%E1%84%8B%E1%85%A5%E1%86%AB%E1%84%87%E1%85%A2%E1%86%AF%E1%84%85%E1%85%A5%E1%86%AB%E1%84%89%E1%85%B3-%E1%84%82%E1%85%B5%E1%84%90%E1%85%B3-%E1%84%90%E1%85%A1%E1%86%B8-p09598016.html,https://static.zara.net/assets/public/ca0b/dd0e/18594aee9906/e70a93912dbc/09598016072-p/09598016072-p.jpg?ts=1779377055719,"₩49,900",,,260622,아이보리-화이트,,,,
,false,,ZARA,상의,탑,여성,언밸런스 니트 탑,https://www.zara.com/kr/ko/%E1%84%8B%E1%85%A5%E1%86%AB%E1%84%87%E1%85%A2%E1%86%AF%E1%84%85%E1%85%A5%E1%86%AB%E1%84%89%E1%85%B3-%E1%84%82%E1%85%B5%E1%84%90%E1%85%B3-%E1%84%90%E1%85%A1%E1%86%B8-p09598016.html,https://static.zara.net/assets/public/db94/e0af/b61f4d12acd5/73601ddbde5f/09598016800-p/09598016800-p.jpg?ts=1779436607405,"₩49,900",,,260622,블랙,,,,
,false,,ZARA,상의,탑,여성,언밸런스 니트 탑,https://www.zara.com/kr/ko/%E1%84%8B%E1%85%A5%E1%86%AB%E1%84%87%E1%85%A2%E1%86%AF%E1%84%85%E1%85%A5%E1%86%AB%E1%84%89%E1%85%B3-%E1%84%82%E1%85%B5%E1%84%90%E1%85%B3-%E1%84%90%E1%85%A1%E1%86%B8-p09598016.html,https://static.zara.net/assets/public/d659/6ea1/a74d43ec999b/675fe9c91697/09598016700-p/09598016700-p.jpg?ts=1772470870557,"₩49,900",,,260622,브라운,,,,
,false,,ZARA,상의,니트,여성,스트라이프 니트 스웨터,https://www.zara.com/kr/ko/%E1%84%89%E1%85%B3%E1%84%90%E1%85%B3%E1%84%85%E1%85%A1%E1%84%8B%E1%85%B5%E1%84%91%E1%85%B3-%E1%84%82%E1%85%B5%E1%84%90%E1%85%B3-%E1%84%89%E1%85%B3%E1%84%8B%E1%85%B0%E1%84%90%E1%85%A5-p03471024.html,https://static.zara.net/assets/public/b4e6/3cc2/9ac94f8e8f21/50a73718c2b3/03471024427-p/03471024427-p.jpg?ts=1775645457366,"₩45,900",,,260622,미디움 블루,,,,
,false,,ZARA,상의,니트,여성,,https://www.zara.com/kr/ko/-p02142030.html,https://static.zara.net/assets/public/98d9/cb34/5a734a59a688/2a6e2c78f473/02142030401-p/02142030401-p.jpg?ts=1769600464654,"₩59,900",,,260622,네이비,,,,
,false,,ZARA,상의,탑,여성,쥬얼 넥 숄더 패드 탑,https://www.zara.com/kr/ko/%E1%84%89%E1%85%AD%E1%86%AF%E1%84%83%E1%85%A5-%E1%84%91%E1%85%A2%E1%84%83%E1%85%B3-%E1%84%8C%E1%85%AE%E1%84%8B%E1%85%A5%E1%86%AF-%E1%84%82%E1%85%A6%E1%84%8F%E1%85%B3%E1%84%85%E1%85%A1%E1%84%8B%E1%85%B5%E1%86%AB-%E1%84%90%E1%85%A1%E1%86%B8-p03920104.html,https://static.zara.net/assets/public/9b75/f7b1/514644ee91e9/a2cd40135676/03920104600-p/03920104600-p.jpg?ts=1781707709585,"₩59,900",,,260622,레드,,,,
,false,,ZARA,상의,니트,여성,버튼 쇼트 슬리브 니트 스웨터,https://www.zara.com/kr/ko/%E1%84%87%E1%85%A5%E1%84%90%E1%85%B3%E1%86%AB-%E1%84%89%E1%85%AD%E1%84%90%E1%85%B3-%E1%84%89%E1%85%B3%E1%86%AF%E1%84%85%E1%85%B5%E1%84%87%E1%85%B3-%E1%84%82%E1%85%B5%E1%84%90%E1%85%B3-%E1%84%89%E1%85%B3%E1%84%8B%E1%85%B0%E1%84%90%E1%85%A5-p02142133.html,https://static.zara.net/assets/public/d4b6/5fa1/0589483eb979/c827a04a729c/02142133700-p/02142133700-p.jpg?ts=1774949044880,"₩55,900",,,260622,브라운,,,,
,false,,ZARA,상의,니트,여성,버튼 쇼트 슬리브 니트 스웨터,https://www.zara.com/kr/ko/%E1%84%87%E1%85%A5%E1%84%90%E1%85%B3%E1%86%AB-%E1%84%89%E1%85%AD%E1%84%90%E1%85%B3-%E1%84%89%E1%85%B3%E1%86%AF%E1%84%85%E1%85%B5%E1%84%87%E1%85%B3-%E1%84%82%E1%85%B5%E1%84%90%E1%85%B3-%E1%84%89%E1%85%B3%E1%84%8B%E1%85%B0%E1%84%90%E1%85%A5-p02142133.html,https://static.zara.net/assets/public/18fa/f0b8/08dd4a4bbce4/57ca71f6e6fb/02142133711-p/02142133711-p.jpg?ts=1774944107243,"₩55,900",,,260622,샌드,,,,
,false,,ZARA,상의,니트,여성,더블 니트 스웨터,https://www.zara.com/kr/ko/%E1%84%83%E1%85%A5%E1%84%87%E1%85%B3%E1%86%AF-%E1%84%82%E1%85%B5%E1%84%90%E1%85%B3-%E1%84%89%E1%85%B3%E1%84%8B%E1%85%B0%E1%84%90%E1%85%A5-p01509130.html,https://static.zara.net/assets/public/59d6/335e/2bc84ad9abd7/d507fb1d7181/01509130104-p/01509130104-p.jpg?ts=1773160609857,"₩49,900",,,260622,스트라이프,,,,
,false,,ZARA,상의,니트,여성,울 하이넥 스웨터,https://www.zara.com/kr/ko/%E1%84%8B%E1%85%AE%E1%86%AF-%E1%84%92%E1%85%A1%E1%84%8B%E1%85%B5%E1%84%82%E1%85%A6%E1%86%A8-%E1%84%89%E1%85%B3%E1%84%8B%E1%85%B0%E1%84%90%E1%85%A5-p02893171.html,https://static.zara.net/assets/public/bd0f/58ec/c1384d509a38/4caf81a48f1c/02893171712-p/02893171712-p.jpg?ts=1764605664427,"₩89,900",,,260622,크림,,,,
,false,,ZARA,상의,니트,여성,베이직 플레인 니트 스웨터,https://www.zara.com/kr/ko/%E1%84%87%E1%85%A6%E1%84%8B%E1%85%B5%E1%84%8C%E1%85%B5%E1%86%A8-%E1%84%91%E1%85%B3%E1%86%AF%E1%84%85%E1%85%A6%E1%84%8B%E1%85%B5%E1%86%AB-%E1%84%82%E1%85%B5%E1%84%90%E1%85%B3-%E1%84%89%E1%85%B3%E1%84%8B%E1%85%B0%E1%84%90%E1%85%A5-p08851171.html,https://static.zara.net/assets/public/c0d5/9739/7fa940b7ac0a/a9d7f0b12427/08851171717-p/08851171717-p.jpg?ts=1758034224788,"₩49,900",,,260622,초콜렛,,,,
,false,,ZARA,상의,니트,여성,100% 울 브이넥 엑스트라 소프트 스웨터,https://www.zara.com/kr/ko/100-%E1%84%8B%E1%85%AE%E1%86%AF-%E1%84%87%E1%85%B3%E1%84%8B%E1%85%B5%E1%84%82%E1%85%A6%E1%86%A8-%E1%84%8B%E1%85%A6%E1%86%A8%E1%84%89%E1%85%B3%E1%84%90%E1%85%B3%E1%84%85%E1%85%A1-%E1%84%89%E1%85%A9%E1%84%91%E1%85%B3%E1%84%90%E1%85%B3-%E1%84%89%E1%85%B3%E1%84%8B%E1%85%B0%E1%84%90%E1%85%A5-p09598106.html,https://static.zara.net/assets/public/4e83/b6f7/4878473b8a65/88be63f79927/09598106600-p/09598106600-p.jpg?ts=1765982346138,"₩89,900",,,260622,레드,,,,
,false,,ZARA,상의,니트,여성,울 브이넥 스웨터,https://www.zara.com/kr/ko/%E1%84%8B%E1%85%AE%E1%86%AF-%E1%84%87%E1%85%B3%E1%84%8B%E1%85%B5%E1%84%82%E1%85%A6%E1%86%A8-%E1%84%89%E1%85%B3%E1%84%8B%E1%85%B0%E1%84%90%E1%85%A5-p01509003.html,https://static.zara.net/assets/public/a0f2/484f/6e9844f3a9b7/9143ff886418/01509003081-p/01509003081-p.jpg?ts=1771586026709,"₩59,900",,,260622,"샌드,그레이",,,,
,false,,ZARA,상의,니트,여성,버튼 케이프 슬리브 니트 스웨터,https://www.zara.com/kr/ko/%E1%84%87%E1%85%A5%E1%84%90%E1%85%B3%E1%86%AB-%E1%84%8F%E1%85%A6%E1%84%8B%E1%85%B5%E1%84%91%E1%85%B3-%E1%84%89%E1%85%B3%E1%86%AF%E1%84%85%E1%85%B5%E1%84%87%E1%85%B3-%E1%84%82%E1%85%B5%E1%84%90%E1%85%B3-%E1%84%89%E1%85%B3%E1%84%8B%E1%85%B0%E1%84%90%E1%85%A5-p05536026.html,https://static.zara.net/assets/public/739d/a88c/c5aa467b816b/b06331913502/05536086092-p/05536086092-p.jpg?ts=1777533185742,"₩55,900",,,260622,라이트 베이지,,,,
,false,,ZARA,상의,니트,여성,지퍼 니트 폴로셔츠,https://www.zara.com/kr/ko/%E1%84%8C%E1%85%B5%E1%84%91%E1%85%A5-%E1%84%82%E1%85%B5%E1%84%90%E1%85%B3-%E1%84%91%E1%85%A9%E1%86%AF%E1%84%85%E1%85%A9%E1%84%89%E1%85%A7%E1%84%8E%E1%85%B3-p06427020.html,https://static.zara.net/assets/public/3b4d/2384/8a3e464b9317/ffa9de9a5b6c/06427020600-p/06427020600-p.jpg?ts=1777448267544,"₩55,900",,,260622,레드,,,,
,false,,ZARA,상의,니트,여성,버튼 니트 탑,https://www.zara.com/kr/ko/%E1%84%87%E1%85%A5%E1%84%90%E1%85%B3%E1%86%AB-%E1%84%82%E1%85%B5%E1%84%90%E1%85%B3-%E1%84%90%E1%85%A1%E1%86%B8-p05755056.html,https://static.zara.net/assets/public/998e/e09b/645d4bf88b4c/43f2e67e6189/05755056306-p/05755056306-p.jpg?ts=1777284479393,"₩45,900",,,260622,라이트 옐로우,,,,
,false,,ZARA,상의,니트,여성,버튼 니트 탑,https://www.zara.com/kr/ko/%E1%84%87%E1%85%A5%E1%84%90%E1%85%B3%E1%86%AB-%E1%84%82%E1%85%B5%E1%84%90%E1%85%B3-%E1%84%90%E1%85%A1%E1%86%B8-p05755056.html,https://static.zara.net/assets/public/a9e3/ce24/75b54d6a9d5a/3e708327a0e6/05755056406-p/05755056406-p.jpg?ts=1777284479613,"₩45,900",,,260622,라이트 블루,,,,
,false,,ZARA,상의,가디건,여성,콤비 니트 재킷,https://www.zara.com/kr/ko/%E1%84%8F%E1%85%A9%E1%86%B7%E1%84%87%E1%85%B5-%E1%84%82%E1%85%B5%E1%84%90%E1%85%B3-%E1%84%8C%E1%85%A2%E1%84%8F%E1%85%B5%E1%86%BA-p03921043.html,https://static.zara.net/assets/public/ec48/4b77/a13a40cd89c4/f7a189fa6746/03921043084-p/03921043084-p.jpg?ts=1777282920827,"₩55,900",,,260622,"블랙,화이트",,,,
,false,,ZARA,상의,니트,여성,스트라이프 니트 스웨터,https://www.zara.com/kr/ko/%E1%84%89%E1%85%B3%E1%84%90%E1%85%B3%E1%84%85%E1%85%A1%E1%84%8B%E1%85%B5%E1%84%91%E1%85%B3-%E1%84%82%E1%85%B5%E1%84%90%E1%85%B3-%E1%84%89%E1%85%B3%E1%84%8B%E1%85%B0%E1%84%90%E1%85%A5-p03920179.html,https://static.zara.net/assets/public/1637/6186/b9fc4e3ea1e5/94315df6dc8d/03920179436-p/03920179436-p.jpg?ts=1777033280479,"₩55,900",,,260622,하늘색,,,,
,false,,ZARA,상의,니트,여성,포인텔 니트 스웨터,https://www.zara.com/kr/ko/%E1%84%91%E1%85%A9%E1%84%8B%E1%85%B5%E1%86%AB%E1%84%90%E1%85%A6%E1%86%AF-%E1%84%82%E1%85%B5%E1%84%90%E1%85%B3-%E1%84%89%E1%85%B3%E1%84%8B%E1%85%B0%E1%84%90%E1%85%A5-p06771023.html,https://static.zara.net/assets/public/ccb2/66f0/4e4f4f1fa5bd/ebc59e9bb4fa/06771023800-p/06771023800-p.jpg?ts=1777035270549,"₩49,900",,,260622,블랙,,,,
,false,,ZARA,상의,탑,여성,니트 폴로 블라우스,https://www.zara.com/kr/ko/%E1%84%82%E1%85%B5%E1%84%90%E1%85%B3-%E1%84%91%E1%85%A9%E1%86%AF%E1%84%85%E1%85%A9-%E1%84%87%E1%85%B3%E1%86%AF%E1%84%85%E1%85%A1%E1%84%8B%E1%85%AE%E1%84%89%E1%85%B3-p02142136.html,https://static.zara.net/assets/public/50a8/4644/de734218b9d5/dbe7b953a9dc/02142136615-p/02142136615-p.jpg?ts=1777028771429,"₩79,900",,,260622,오렌지,,,,
,false,,ZARA,상의,니트,여성,파인 니트 브이넥 스웨터,https://www.zara.com/kr/ko/%E1%84%91%E1%85%A1%E1%84%8B%E1%85%B5%E1%86%AB-%E1%84%82%E1%85%B5%E1%84%90%E1%85%B3-%E1%84%87%E1%85%B3%E1%84%8B%E1%85%B5%E1%84%82%E1%85%A6%E1%86%A8-%E1%84%89%E1%85%B3%E1%84%8B%E1%85%B0%E1%84%90%E1%85%A5-p09598023.html,https://static.zara.net/assets/public/b10e/1de1/94b24ecd9548/15f21b8e9600/09598023250-p/09598023250-p.jpg?ts=1777028763418,"₩55,900",,,260622,화이트,,,,
,false,,ZARA,상의,니트,여성,스트라이프 니트 폴로셔츠,https://www.zara.com/kr/ko/%E1%84%89%E1%85%B3%E1%84%90%E1%85%B3%E1%84%85%E1%85%A1%E1%84%8B%E1%85%B5%E1%84%91%E1%85%B3-%E1%84%82%E1%85%B5%E1%84%90%E1%85%B3-%E1%84%91%E1%85%A9%E1%86%AF%E1%84%85%E1%85%A9%E1%84%89%E1%85%A7%E1%84%8E%E1%85%B3-p05536056.html,https://static.zara.net/assets/public/1adc/9d24/62ad4444a12e/098a9520415d/05536056104-p/05536056104-p.jpg?ts=1776957654849,"₩57,900",,,260622,스트라이프,,,,
,false,,ZARA,상의,탑,여성,러플 니트 탑,https://www.zara.com/kr/ko/%E1%84%85%E1%85%A5%E1%84%91%E1%85%B3%E1%86%AF-%E1%84%82%E1%85%B5%E1%84%90%E1%85%B3-%E1%84%90%E1%85%A1%E1%86%B8-p03921046.html,https://static.zara.net/assets/public/1e9f/4cc8/ea1e40aab9fc/2cc940288e84/03921046656-p/03921046656-p.jpg?ts=1776956639676,"₩45,900",,,260622,라이트  라일락,,,,
,false,,ZARA,상의,니트,여성,스트라이프 니트 폴로셔츠,https://www.zara.com/kr/ko/%E1%84%89%E1%85%B3%E1%84%90%E1%85%B3%E1%84%85%E1%85%A1%E1%84%8B%E1%85%B5%E1%84%91%E1%85%B3-%E1%84%82%E1%85%B5%E1%84%90%E1%85%B3-%E1%84%91%E1%85%A9%E1%86%AF%E1%84%85%E1%85%A9%E1%84%89%E1%85%A7%E1%84%8E%E1%85%B3-p05536060.html,https://static.zara.net/assets/public/a4ed/7b11/43b342aeab5f/0e6fb35be981/05536060104-a1/05536060104-a1.jpg?ts=1776867089281,"₩59,900",,,260622,스트라이프,,,,
,false,,ZARA,치마,스커트,여성,벌룬 스트럭처 니트 콤비 스커트,https://www.zara.com/kr/ko/%E1%84%87%E1%85%A5%E1%86%AF%E1%84%85%E1%85%AE%E1%86%AB-%E1%84%89%E1%85%B3%E1%84%90%E1%85%B3%E1%84%85%E1%85%A5%E1%86%A8%E1%84%8E%E1%85%A5-%E1%84%82%E1%85%B5%E1%84%90%E1%85%B3-%E1%84%86%E1%85%B5%E1%86%A8%E1%84%89%E1%85%B3-%E1%84%89%E1%85%B3%E1%84%8F%E1%85%A5%E1%84%90%E1%85%B3-p04192073.html,https://static.zara.net/assets/public/3780/a492/5ca04bbb8345/ba53c01b8e4c/04192073712-p/04192073712-p.jpg?ts=1773253786150,"₩79,900",,,260622,크림,,,,
,false,,ZARA,상의,가디건,여성,벌룬 슬리브 니트 재킷,https://www.zara.com/kr/ko/%E1%84%87%E1%85%A5%E1%86%AF%E1%84%85%E1%85%AE%E1%86%AB-%E1%84%89%E1%85%A9%E1%84%86%E1%85%A2-%E1%84%82%E1%85%B5%E1%84%90%E1%85%B3-%E1%84%8C%E1%85%A2%E1%84%8F%E1%85%B5%E1%86%BA-p00014005.html,https://static.zara.net/assets/public/8fb0/8c3c/0bc545459d18/a00bda0233b5/00014005715-p/00014005715-p.jpg?ts=1772108042258,"₩59,900",,,260622,미디움 크림,,,,
,false,,ZARA,상의,니트,여성,스트라이프 니트 스웨터,https://www.zara.com/kr/ko/%E1%84%89%E1%85%B3%E1%84%90%E1%85%B3%E1%84%85%E1%85%A1%E1%84%8B%E1%85%B5%E1%84%91%E1%85%B3-%E1%84%82%E1%85%B5%E1%84%90%E1%85%B3-%E1%84%89%E1%85%B3%E1%84%8B%E1%85%B0%E1%84%90%E1%85%A5-p02756039.html,https://static.zara.net/assets/public/6783/6146/29b74cf0ad3d/96587bb39e74/02756039615-p/02756039615-p.jpg?ts=1776859827714,"₩55,900",,,260622,오렌지,,,,
,false,,ZARA,상의,니트,여성,파인 니트 브이넥 스웨터,https://www.zara.com/kr/ko/%E1%84%91%E1%85%A1%E1%84%8B%E1%85%B5%E1%86%AB-%E1%84%82%E1%85%B5%E1%84%90%E1%85%B3-%E1%84%87%E1%85%B3%E1%84%8B%E1%85%B5%E1%84%82%E1%85%A6%E1%86%A8-%E1%84%89%E1%85%B3%E1%84%8B%E1%85%B0%E1%84%90%E1%85%A5-p08779006.html,https://static.zara.net/assets/public/7158/9b19/ed8e4dddb418/9464dc2aa225/08779006423-p/08779006423-p.jpg?ts=1776873950848,"₩55,900",,,260622,파스텔 블루,,,,
,false,,ZARA,상의,니트,여성,브이넥 니트 스웨터,https://www.zara.com/kr/ko/%E1%84%87%E1%85%B3%E1%84%8B%E1%85%B5%E1%84%82%E1%85%A6%E1%86%A8-%E1%84%82%E1%85%B5%E1%84%90%E1%85%B3-%E1%84%89%E1%85%B3%E1%84%8B%E1%85%B0%E1%84%90%E1%85%A5-p06427009.html,https://static.zara.net/assets/public/52b1/3d72/6db84359aa88/6b3eb67caabe/06427009800-p/06427009800-p.jpg?ts=1776874249318,"₩59,900",,,260622,블랙,,,,
,false,,ZARA,상의,니트,여성,페이크 크링클 니트 스웨터,https://www.zara.com/kr/ko/%E1%84%91%E1%85%A6%E1%84%8B%E1%85%B5%E1%84%8F%E1%85%B3-%E1%84%8F%E1%85%B3%E1%84%85%E1%85%B5%E1%86%BC%E1%84%8F%E1%85%B3%E1%86%AF-%E1%84%82%E1%85%B5%E1%84%90%E1%85%B3-%E1%84%89%E1%85%B3%E1%84%8B%E1%85%B0%E1%84%90%E1%85%A5-p05802009.html,https://static.zara.net/assets/public/8506/474c/cc9142a7ab4a/d47c07810e93/05802009704-p/05802009704-p.jpg?ts=1776787117894,"₩57,900",,,260622,샌드,,,,
,false,,ZARA,상의,탑,여성,링클 페이크 니트 탑,https://www.zara.com/kr/ko/%E1%84%85%E1%85%B5%E1%86%BC%E1%84%8F%E1%85%B3%E1%86%AF-%E1%84%91%E1%85%A6%E1%84%8B%E1%85%B5%E1%84%8F%E1%85%B3-%E1%84%82%E1%85%B5%E1%84%90%E1%85%B3-%E1%84%90%E1%85%A1%E1%86%B8-p05802010.html,https://static.zara.net/assets/public/983b/2a1d/8b744b76ae31/19a5ac39f5ae/05802010610-p/05802010610-p.jpg?ts=1776787117453,"₩49,900",,,260622,가지,,,,
,false,,ZARA,상의,탑,여성,언밸런스 니트 탑,https://www.zara.com/kr/ko/%E1%84%8B%E1%85%A5%E1%86%AB%E1%84%87%E1%85%A2%E1%86%AF%E1%84%85%E1%85%A5%E1%86%AB%E1%84%89%E1%85%B3-%E1%84%82%E1%85%B5%E1%84%90%E1%85%B3-%E1%84%90%E1%85%A1%E1%86%B8-p03646009.html,https://static.zara.net/assets/public/5d32/f03d/d82a4d3a8441/0f9522354e15/03646009800-p/03646009800-p.jpg?ts=1779722099639,"₩35,900",,,260622,블랙,,,,
,false,,ZARA,상의,니트,여성,비대칭 롱 니트 스웨터,https://www.zara.com/kr/ko/%E1%84%85%E1%85%A9%E1%86%BC-%E1%84%87%E1%85%B5%E1%84%83%E1%85%A2%E1%84%8E%E1%85%B5%E1%86%BC-%E1%84%82%E1%85%B5%E1%84%90%E1%85%B3-%E1%84%89%E1%85%B3%E1%84%8B%E1%85%B0%E1%84%90%E1%85%A5-p02142225.html,https://static.zara.net/assets/public/054a/e22f/40e3417fbae0/0dd8bf9433a2/02142225250-p/02142225250-p.jpg?ts=1776679613766,"₩59,900",,,260622,화이트,,,,
,false,,ZARA,상의,니트,여성,라운드넥 니트 스웨터,https://www.zara.com/kr/ko/%E1%84%85%E1%85%A1%E1%84%8B%E1%85%AE%E1%86%AB%E1%84%83%E1%85%B3%E1%84%82%E1%85%A6%E1%86%A8-%E1%84%82%E1%85%B5%E1%84%90%E1%85%B3-%E1%84%89%E1%85%B3%E1%84%8B%E1%85%B0%E1%84%90%E1%85%A5-p02142123.html,https://static.zara.net/assets/public/5a62/52a8/63d947c0b553/9040380d2a43/02142123250-p/02142123250-p.jpg?ts=1776679615096,"₩59,900",,,260622,화이트,,,,
,false,,ZARA,상의,니트,여성,쇼트 슬리브 스트라이프 스웨터,https://www.zara.com/kr/ko/%E1%84%89%E1%85%AD%E1%84%90%E1%85%B3-%E1%84%89%E1%85%B3%E1%86%AF%E1%84%85%E1%85%B5%E1%84%87%E1%85%B3-%E1%84%89%E1%85%B3%E1%84%90%E1%85%B3%E1%84%85%E1%85%A1%E1%84%8B%E1%85%B5%E1%84%91%E1%85%B3-%E1%84%82%E1%85%B5%E1%84%90%E1%85%B3-%E1%84%89%E1%85%B3%E1%84%8B%E1%85%B0%E1%84%90%E1%85%A5-p03433013.html,https://static.zara.net/assets/public/79ba/dbff/aae847b78f85/e34be6a18e27/03433013104-p/03433013104-p.jpg?ts=1776427327575,"₩39,900",,,260622,스트라이프,,,,
,false,,ZARA,상의,가디건,여성,스트라이프 니트 재킷,https://www.zara.com/kr/ko/%E1%84%89%E1%85%B3%E1%84%90%E1%85%B3%E1%84%85%E1%85%A1%E1%84%8B%E1%85%B5%E1%84%91%E1%85%B3-%E1%84%82%E1%85%B5%E1%84%90%E1%85%B3-%E1%84%8C%E1%85%A2%E1%84%8F%E1%85%B5%E1%86%BA-p05755051.html,https://static.zara.net/assets/public/e15b/32bc/d96b43a6a89b/bdda48fef11c/05755051104-p/05755051104-p.jpg?ts=1776427327551,"₩55,900",,,260622,스트라이프,,,,
,false,,ZARA,상의,가디건,여성,니트 쇼트 재킷,https://www.zara.com/kr/ko/%E1%84%82%E1%85%B5%E1%84%90%E1%85%B3-%E1%84%89%E1%85%AD%E1%84%90%E1%85%B3-%E1%84%8C%E1%85%A2%E1%84%8F%E1%85%B5%E1%86%BA-p06771015.html,https://static.zara.net/assets/public/dc11/1476/79074b8a8e07/ca7472403265/06771015712-1-p/06771015712-1-p.jpg?ts=1776422364177,"₩59,900",,,260622,크림,,,,
,false,,ZARA,치마,스커트,여성,벌룬 스트럭처 니트 콤비 스커트,https://www.zara.com/kr/ko/%E1%84%87%E1%85%A5%E1%86%AF%E1%84%85%E1%85%AE%E1%86%AB-%E1%84%89%E1%85%B3%E1%84%90%E1%85%B3%E1%84%85%E1%85%A5%E1%86%A8%E1%84%8E%E1%85%A5-%E1%84%82%E1%85%B5%E1%84%90%E1%85%B3-%E1%84%86%E1%85%B5%E1%86%A8%E1%84%89%E1%85%B3-%E1%84%89%E1%85%B3%E1%84%8F%E1%85%A5%E1%84%90%E1%85%B3-p04192073.html,https://static.zara.net/assets/public/ae45/9a4d/52d1474f8d3d/c31c150a4316/04192073712-p/04192073712-p.jpg?ts=1776250624835,"₩79,900",,,260622,크림,,,,
,false,,ZARA,상의,니트,여성,브이넥 니트 스웨터,https://www.zara.com/kr/ko/%E1%84%87%E1%85%B3%E1%84%8B%E1%85%B5%E1%84%82%E1%85%A6%E1%86%A8-%E1%84%82%E1%85%B5%E1%84%90%E1%85%B3-%E1%84%89%E1%85%B3%E1%84%8B%E1%85%B0%E1%84%90%E1%85%A5-p06427009.html,https://static.zara.net/assets/public/c75e/2403/70844c448a66/6f4b795f11dc/06427009800-p/06427009800-p.jpg?ts=1776165331820,"₩59,900",,,260622,블랙,,,,
,false,,ZARA,상의,니트,여성,라운드넥 니트 스웨터,https://www.zara.com/kr/ko/%E1%84%85%E1%85%A1%E1%84%8B%E1%85%AE%E1%86%AB%E1%84%83%E1%85%B3%E1%84%82%E1%85%A6%E1%86%A8-%E1%84%82%E1%85%B5%E1%84%90%E1%85%B3-%E1%84%89%E1%85%B3%E1%84%8B%E1%85%B0%E1%84%90%E1%85%A5-p02142123.html,https://static.zara.net/assets/public/2c52/66f9/7f944ae9b7e1/45e7a7ec54c6/02142123250-p/02142123250-p.jpg?ts=1776165333545,"₩59,900",,,260622,화이트,,,,
,false,,ZARA,상의,가디건,여성,포인텔 니트 재킷,https://www.zara.com/kr/ko/%E1%84%91%E1%85%A9%E1%84%8B%E1%85%B5%E1%86%AB%E1%84%90%E1%85%A6%E1%86%AF-%E1%84%82%E1%85%B5%E1%84%90%E1%85%B3-%E1%84%8C%E1%85%A2%E1%84%8F%E1%85%B5%E1%86%BA-p06427003.html,https://static.zara.net/assets/public/1df4/5185/dd6e461cb07d/4cfe7de28c6f/06427003800-p/06427003800-p.jpg?ts=1776165333446,"₩55,900",,,260622,블랙,,,,
,false,,ZARA,상의,탑,여성,언밸런스 니트 탑,https://www.zara.com/kr/ko/%E1%84%8B%E1%85%A5%E1%86%AB%E1%84%87%E1%85%A2%E1%86%AF%E1%84%85%E1%85%A5%E1%86%AB%E1%84%89%E1%85%B3-%E1%84%82%E1%85%B5%E1%84%90%E1%85%B3-%E1%84%90%E1%85%A1%E1%86%B8-p02893047.html,https://static.zara.net/assets/public/65ac/b30f/04fc443898c0/a88da70533ed/02893047718-p/02893047718-p.jpg?ts=1776165334102,"₩49,900",,,260622,"샌드,브라운",,,,
,false,,ZARA,상의,니트,여성,비대칭 롱 니트 스웨터,https://www.zara.com/kr/ko/%E1%84%85%E1%85%A9%E1%86%BC-%E1%84%87%E1%85%B5%E1%84%83%E1%85%A2%E1%84%8E%E1%85%B5%E1%86%BC-%E1%84%82%E1%85%B5%E1%84%90%E1%85%B3-%E1%84%89%E1%85%B3%E1%84%8B%E1%85%B0%E1%84%90%E1%85%A5-p02142225.html,https://static.zara.net/assets/public/b7cc/2d72/2f42465db404/64cc016a8ebe/02142225250-p/02142225250-p.jpg?ts=1776157232776,"₩59,900",,,260622,화이트,,,,
,false,,ZARA,치마,스커트,여성,니트 미디 스커트,https://www.zara.com/kr/ko/%E1%84%82%E1%85%B5%E1%84%90%E1%85%B3-%E1%84%86%E1%85%B5%E1%84%83%E1%85%B5-%E1%84%89%E1%85%B3%E1%84%8F%E1%85%A5%E1%84%90%E1%85%B3-p02142252.html,https://static.zara.net/assets/public/dceb/9d36/254f4b5aa250/168cbb110d8a/02142252250-p/02142252250-p.jpg?ts=1776157170875,"₩55,900",,,260622,화이트,,,,
,false,,ZARA,상의,탑,여성,100% 린넨 메쉬 니트 탑,https://www.zara.com/kr/ko/100-%E1%84%85%E1%85%B5%E1%86%AB%E1%84%82%E1%85%A6%E1%86%AB-%E1%84%86%E1%85%A6%E1%84%89%E1%85%B1-%E1%84%82%E1%85%B5%E1%84%90%E1%85%B3-%E1%84%90%E1%85%A1%E1%86%B8-p02142243.html,https://static.zara.net/assets/public/6a60/888f/d7384c2aa044/0b41d60ba509/06147125811-p/06147125811-p.jpg?ts=1775748387930,"₩49,900",,,260622,끈,,,,
,false,,ZARA,상의,니트,여성,버튼 니트 스웨터,https://www.zara.com/kr/ko/%E1%84%87%E1%85%A5%E1%84%90%E1%85%B3%E1%86%AB-%E1%84%82%E1%85%B5%E1%84%90%E1%85%B3-%E1%84%89%E1%85%B3%E1%84%8B%E1%85%B0%E1%84%90%E1%85%A5-p06771020.html,https://static.zara.net/assets/public/4c0c/c881/a5644442abec/d8db15aa5086/08372111711-p/08372111711-p.jpg?ts=1775748413644,"₩79,900",,,260622,스크래치 화이트,,,,
,false,,ZARA,상의,가디건,여성,라인 버튼 니트 재킷,https://www.zara.com/kr/ko/%E1%84%85%E1%85%A1%E1%84%8B%E1%85%B5%E1%86%AB-%E1%84%87%E1%85%A5%E1%84%90%E1%85%B3%E1%86%AB-%E1%84%82%E1%85%B5%E1%84%90%E1%85%B3-%E1%84%8C%E1%85%A2%E1%84%8F%E1%85%B5%E1%86%BA-p06771045.html,https://static.zara.net/assets/public/3b89/60b5/72c543438a2c/b3a552d557f8/06771045620-p/06771045620-p.jpg?ts=1779452111351,"₩59,900",,,260622,로즈핑크,,,,
,false,,ZARA,상의,티셔츠,여성,리브드 슬리브리스 탑,https://www.zara.com/kr/ko/%E1%84%85%E1%85%B5%E1%84%87%E1%85%B3%E1%84%83%E1%85%B3-%E1%84%89%E1%85%B3%E1%86%AF%E1%84%85%E1%85%B5%E1%84%87%E1%85%B3%E1%84%85%E1%85%B5%E1%84%89%E1%85%B3-%E1%84%90%E1%85%A1%E1%86%B8-p02335180.html,https://static.zara.net/assets/public/362f/cb2a/54124f5085b8/56b2582c60f1/02335180251-p/02335180251-p.jpg?ts=1776242835541,"₩21,900",,,260622,스크래치 화이트,,,,
,false,,ZARA,원피스,원피스,여성,메탈릭 얀 홀터넥 니트 원피스,https://www.zara.com/kr/ko/%E1%84%86%E1%85%A6%E1%84%90%E1%85%A1%E1%86%AF%E1%84%85%E1%85%B5%E1%86%A8-%E1%84%8B%E1%85%A3%E1%86%AB-%E1%84%92%E1%85%A9%E1%86%AF%E1%84%90%E1%85%A5%E1%84%82%E1%85%A6%E1%86%A8-%E1%84%82%E1%85%B5%E1%84%90%E1%85%B3-%E1%84%8B%E1%85%AF%E1%86%AB%E1%84%91%E1%85%B5%E1%84%89%E1%85%B3-p06236026.html,https://static.zara.net/assets/public/d364/53e6/d325411aa7a5/004df8c7be47/06236026808-p/06236026808-p.jpg?ts=1775657513721,"₩59,900",,,260622,실버,,,,
,false,,ZARA,원피스,원피스,여성,홀터넥 니트 미디 원피스,https://www.zara.com/kr/ko/%E1%84%92%E1%85%A9%E1%86%AF%E1%84%90%E1%85%A5%E1%84%82%E1%85%A6%E1%86%A8-%E1%84%82%E1%85%B5%E1%84%90%E1%85%B3-%E1%84%86%E1%85%B5%E1%84%83%E1%85%B5-%E1%84%8B%E1%85%AF%E1%86%AB%E1%84%91%E1%85%B5%E1%84%89%E1%85%B3-p02142142.html,https://static.zara.net/assets/public/ad39/3640/626c42deb048/4abcf2a6d962/02142142505-p/02142142505-p.jpg?ts=1775657512566,"₩79,900",,,260622,카키,,,,
,false,,ZARA,상의,가디건,여성,레이스 반소매 니트 재킷,https://www.zara.com/kr/ko/%E1%84%85%E1%85%A6%E1%84%8B%E1%85%B5%E1%84%89%E1%85%B3-%E1%84%87%E1%85%A1%E1%86%AB%E1%84%89%E1%85%A9%E1%84%86%E1%85%A2-%E1%84%82%E1%85%B5%E1%84%90%E1%85%B3-%E1%84%8C%E1%85%A2%E1%84%8F%E1%85%B5%E1%86%BA-p03920182.html,https://static.zara.net/assets/public/ba1c/c21b/d55b4c3bae48/c86899c88ad2/03920182834-p/03920182834-p.jpg?ts=1775642720876,"₩55,900",,,260622,스톤,,,,
,false,,ZARA,상의,탑,여성,스트라이프 니트 폴로셔츠,https://www.zara.com/kr/ko/%E1%84%89%E1%85%B3%E1%84%90%E1%85%B3%E1%84%85%E1%85%A1%E1%84%8B%E1%85%B5%E1%84%91%E1%85%B3-%E1%84%82%E1%85%B5%E1%84%90%E1%85%B3-%E1%84%91%E1%85%A9%E1%86%AF%E1%84%85%E1%85%A9%E1%84%89%E1%85%A7%E1%84%8E%E1%85%B3-p05755060.html,https://static.zara.net/assets/public/8809/f7fd/521d4c92855c/e0f5dfa2fbf2/05755060080-a3/05755060080-a3.jpg?ts=1779447391659,"₩49,900",,,260622,"크림,블루",,,,
,false,,ZARA,원피스,원피스,여성,미러 프린지 니트 원피스,https://www.zara.com/kr/ko/%E1%84%86%E1%85%B5%E1%84%85%E1%85%A5-%E1%84%91%E1%85%B3%E1%84%85%E1%85%B5%E1%86%AB%E1%84%8C%E1%85%B5-%E1%84%82%E1%85%B5%E1%84%90%E1%85%B3-%E1%84%8B%E1%85%AF%E1%86%AB%E1%84%91%E1%85%B5%E1%84%89%E1%85%B3-p03921065.html,https://static.zara.net/assets/public/f9dd/fbfc/1edb4416b28a/5fdf1762b712/03921065712-a3/03921065712-a3.jpg?ts=1780475837421,"₩99,900",,,260622,크림,,,,
,false,,ZARA,상의,탑,여성,플라워 스트럭처 니트 탑,https://www.zara.com/kr/ko/%E1%84%91%E1%85%B3%E1%86%AF%E1%84%85%E1%85%A1%E1%84%8B%E1%85%AF-%E1%84%89%E1%85%B3%E1%84%90%E1%85%B3%E1%84%85%E1%85%A5%E1%86%A8%E1%84%8E%E1%85%A5-%E1%84%82%E1%85%B5%E1%84%90%E1%85%B3-%E1%84%90%E1%85%A1%E1%86%B8-p01957006.html,https://static.zara.net/assets/public/694a/3d85/2eb0417f9fb5/1a7155249493/01957006093-p/01957006093-p.jpg?ts=1775059461201,"₩79,900",,,260622,"블랙,크림",,,,
,false,,ZARA,상의,탑,여성,벌룬 슬리브 니트 탑,https://www.zara.com/kr/ko/%E1%84%87%E1%85%A5%E1%86%AF%E1%84%85%E1%85%AE%E1%86%AB-%E1%84%89%E1%85%B3%E1%86%AF%E1%84%85%E1%85%B5%E1%84%87%E1%85%B3-%E1%84%82%E1%85%B5%E1%84%90%E1%85%B3-%E1%84%90%E1%85%A1%E1%86%B8-p00014025.html,https://static.zara.net/assets/public/631e/a645/443546c4ad8a/8071a748c64a/01934033250-p/01934033250-p.jpg?ts=1775057816057,"₩49,900",,,260622,"레드,코랄",,,,
,false,,ZARA,상의,탑,여성,스트라이프 스트럭처 니트 탑,https://www.zara.com/kr/ko/%E1%84%89%E1%85%B3%E1%84%90%E1%85%B3%E1%84%85%E1%85%A1%E1%84%8B%E1%85%B5%E1%84%91%E1%85%B3-%E1%84%89%E1%85%B3%E1%84%90%E1%85%B3%E1%84%85%E1%85%A5%E1%86%A8%E1%84%8E%E1%85%A5-%E1%84%82%E1%85%B5%E1%84%90%E1%85%B3-%E1%84%90%E1%85%A1%E1%86%B8-p03991010.html,https://static.zara.net/assets/public/5465/1ed3/b90d46ed90aa/f071ebfece5d/03991010087-p/03991010087-p.jpg?ts=1779451767940,"₩39,900",,,260622,"브라운,크림",,,,
,false,,ZARA,상의,가디건,여성,스트라이프 펀칭 니트 재킷,https://www.zara.com/kr/ko/%E1%84%89%E1%85%B3%E1%84%90%E1%85%B3%E1%84%85%E1%85%A1%E1%84%8B%E1%85%B5%E1%84%91%E1%85%B3-%E1%84%91%E1%85%A5%E1%86%AB%E1%84%8E%E1%85%B5%E1%86%BC-%E1%84%82%E1%85%B5%E1%84%90%E1%85%B3-%E1%84%8C%E1%85%A2%E1%84%8F%E1%85%B5%E1%86%BA-p06771044.html,https://static.zara.net/assets/public/fbc7/60f6/8d3b4618887a/c1876dd517cb/06771044330-p/06771044330-p.jpg?ts=1779809744426,"₩57,900",,,260622,멀티컬러,,,,
,false,,ZARA,상의,니트,여성,오버사이즈 니트 스웨터,https://www.zara.com/kr/ko/%E1%84%8B%E1%85%A9%E1%84%87%E1%85%A5%E1%84%89%E1%85%A1%E1%84%8B%E1%85%B5%E1%84%8C%E1%85%B3-%E1%84%82%E1%85%B5%E1%84%90%E1%85%B3-%E1%84%89%E1%85%B3%E1%84%8B%E1%85%B0%E1%84%90%E1%85%A5-p06427027.html,https://static.zara.net/assets/public/081e/1223/cf2e45da9de7/2329d0a38327/06427027715-p/06427027715-p.jpg?ts=1780043433832,"₩59,900",,,260622,미디움 크림,,,,
,false,,ZARA,원피스,원피스,여성,플라워 콤비 니트 원피스,https://www.zara.com/kr/ko/%E1%84%91%E1%85%B3%E1%86%AF%E1%84%85%E1%85%A1%E1%84%8B%E1%85%AF-%E1%84%8F%E1%85%A9%E1%86%B7%E1%84%87%E1%85%B5-%E1%84%82%E1%85%B5%E1%84%90%E1%85%B3-%E1%84%8B%E1%85%AF%E1%86%AB%E1%84%91%E1%85%B5%E1%84%89%E1%85%B3-p03921061.html,https://static.zara.net/assets/public/a177/aed0/1770474d8945/04e003bca5ac/03921061800-a6/03921061800-a6.jpg?ts=1779452104641,"₩129,900",,,260622,블랙,,,,
,false,,ZARA,상의,탑,여성,컬러 블록 니트 탑,https://www.zara.com/kr/ko/%E1%84%8F%E1%85%A5%E1%86%AF%E1%84%85%E1%85%A5-%E1%84%87%E1%85%B3%E1%86%AF%E1%84%85%E1%85%A9%E1%86%A8-%E1%84%82%E1%85%B5%E1%84%90%E1%85%B3-%E1%84%90%E1%85%A1%E1%86%B8-p03471008.html,https://static.zara.net/assets/public/7538/19b2/c32d4e8da41d/11d4e7125c05/03471008330-p/03471008330-p.jpg?ts=1774437335608,"₩39,900",,,260622,멀티컬러,,,,
,false,,ZARA,상의,니트,여성,페이크 주름 니트 스웨터,https://www.zara.com/kr/ko/%E1%84%91%E1%85%A6%E1%84%8B%E1%85%B5%E1%84%8F%E1%85%B3-%E1%84%8C%E1%85%AE%E1%84%85%E1%85%B3%E1%86%B7-%E1%84%82%E1%85%B5%E1%84%90%E1%85%B3-%E1%84%89%E1%85%B3%E1%84%8B%E1%85%B0%E1%84%90%E1%85%A5-p01822007.html,https://static.zara.net/assets/public/e9c4/0f5d/70fe4a5dac92/9186ec3fc5a9/01822007429-p/01822007429-p.jpg?ts=1774437338743,"₩57,900",,,260622,블루이시,,,,
,false,,ZARA,바지,슬랙스,여성,플레어 니트 팬츠,https://www.zara.com/kr/ko/%E1%84%91%E1%85%B3%E1%86%AF%E1%84%85%E1%85%A6%E1%84%8B%E1%85%A5-%E1%84%82%E1%85%B5%E1%84%90%E1%85%B3-%E1%84%91%E1%85%A2%E1%86%AB%E1%84%8E%E1%85%B3-p04192086.html,https://static.zara.net/assets/public/2c6d/f7e3/0f9a4afa92fa/3ab52730bfd4/04192086919-p/04192086919-p.jpg?ts=1776953761847,"₩55,900",,,260622,레드 코랄,,,,
,false,,ZARA,원피스,원피스,여성,콤비 니트 원피스,https://www.zara.com/kr/ko/%E1%84%82%E1%85%B5%E1%84%90%E1%85%B3-%E1%84%8F%E1%85%A9%E1%86%B7%E1%84%87%E1%85%B5-%E1%84%8B%E1%85%AF%E1%86%AB%E1%84%91%E1%85%B5%E1%84%89%E1%85%B3-p06236040.html,https://static.zara.net/assets/public/67ca/0e93/624d443fa3a2/06958e3e29f6/06236040712-a3/06236040712-a3.jpg?ts=1780054540480,"₩109,900",,,260622,크림,,,,
,false,,ZARA,상의,니트,여성,버튼 케이프 슬리브 니트 스웨터,https://www.zara.com/kr/ko/%E1%84%87%E1%85%A5%E1%84%90%E1%85%B3%E1%86%AB-%E1%84%8F%E1%85%A6%E1%84%8B%E1%85%B5%E1%84%91%E1%85%B3-%E1%84%89%E1%85%B3%E1%86%AF%E1%84%85%E1%85%B5%E1%84%87%E1%85%B3-%E1%84%82%E1%85%B5%E1%84%90%E1%85%B3-%E1%84%89%E1%85%B3%E1%84%8B%E1%85%B0%E1%84%90%E1%85%A5-p05536026.html,https://static.zara.net/assets/public/feb0/90ef/daf14aa48e3c/6cbc41adceff/05536086712-p/05536086712-p.jpg?ts=1778832857698,"₩55,900",,,260622,크림,,,,
,false,,ZARA,상의,니트,여성,메탈릭 얀 니트 스웨터,https://www.zara.com/kr/ko/%E1%84%86%E1%85%A6%E1%84%90%E1%85%A1%E1%86%AF%E1%84%85%E1%85%B5%E1%86%A8-%E1%84%8B%E1%85%A3%E1%86%AB-%E1%84%82%E1%85%B5%E1%84%90%E1%85%B3-%E1%84%89%E1%85%B3%E1%84%8B%E1%85%B0%E1%84%90%E1%85%A5-p06427013.html,https://static.zara.net/assets/public/012e/333b/3fd248adbc42/38a0c7be1c71/06427013830-p/06427013830-p.jpg?ts=1774255637291,"₩59,900",,,260622,골드 블랙,,,,
,false,,ZARA,원피스,원피스,여성,크로셰 니트 원피스,https://www.zara.com/kr/ko/%E1%84%8F%E1%85%B3%E1%84%85%E1%85%A9%E1%84%89%E1%85%A8-%E1%84%82%E1%85%B5%E1%84%90%E1%85%B3-%E1%84%8B%E1%85%AF%E1%86%AB%E1%84%91%E1%85%B5%E1%84%89%E1%85%B3-p03653019.html,https://static.zara.net/assets/public/9ec8/d0c5/0a4942299ab0/37856b116bae/03653019330-p/03653019330-p.jpg?ts=1780500928086,"₩89,900",,,260622,멀티컬러,,,,
,false,,ZARA,상의,가디건,여성,지퍼 니트 재킷,https://www.zara.com/kr/ko/%E1%84%8C%E1%85%B5%E1%84%91%E1%85%A5-%E1%84%82%E1%85%B5%E1%84%90%E1%85%B3-%E1%84%8C%E1%85%A2%E1%84%8F%E1%85%B5%E1%86%BA-p05755058.html,https://static.zara.net/assets/public/ca8a/fc6c/a4c8467f8d0d/d188b1d5c13d/05755058600-p/05755058600-p.jpg?ts=1779283155629,"₩59,900",,,260622,레드,,,,
,false,,ZARA,상의,니트,여성,플라워 쇼트 슬리브 니트 스웨터,https://www.zara.com/kr/ko/%E1%84%91%E1%85%B3%E1%86%AF%E1%84%85%E1%85%A1%E1%84%8B%E1%85%AF-%E1%84%89%E1%85%AD%E1%84%90%E1%85%B3-%E1%84%89%E1%85%B3%E1%86%AF%E1%84%85%E1%85%B5%E1%84%87%E1%85%B3-%E1%84%82%E1%85%B5%E1%84%90%E1%85%B3-%E1%84%89%E1%85%B3%E1%84%8B%E1%85%B0%E1%84%90%E1%85%A5-p09598058.html,https://static.zara.net/assets/public/1576/8b09/57134db78ac8/9ec7ee44b097/09598058406-p/09598058406-p.jpg?ts=1773849240798,"₩57,900",,,260622,라이트 블루,,,,
,false,,ZARA,상의,가디건,여성,지퍼 니트 재킷,https://www.zara.com/kr/ko/%E1%84%8C%E1%85%B5%E1%84%91%E1%85%A5-%E1%84%82%E1%85%B5%E1%84%90%E1%85%B3-%E1%84%8C%E1%85%A2%E1%84%8F%E1%85%B5%E1%86%BA-p05755059.html,https://static.zara.net/assets/public/e898/86fe/60094bcfaf7b/03eba531d364/05755059403-p/05755059403-p.jpg?ts=1779274085381,"₩79,900",,,260622,하늘색,,,,
,false,,ZARA,원피스,원피스,여성,비즈 펀칭 니트 원피스,https://www.zara.com/kr/ko/%E1%84%87%E1%85%B5%E1%84%8C%E1%85%B3-%E1%84%8F%E1%85%A5%E1%86%BA%E1%84%8B%E1%85%A1%E1%84%8B%E1%85%AE%E1%86%BA-%E1%84%82%E1%85%B5%E1%84%90%E1%85%B3-%E1%84%8B%E1%85%AF%E1%86%AB%E1%84%91%E1%85%B5%E1%84%89%E1%85%B3-p03921063.html,https://static.zara.net/assets/public/f1a4/f136/2d2e43b0a6e8/e4ec016df839/03921063712-p/03921063712-p.jpg?ts=1779371863096,"₩169,900",,,260622,크림,,,,
,false,,ZARA,상의,니트,여성,쇼트 슬리브 니트 폴로셔츠,https://www.zara.com/kr/ko/%E1%84%89%E1%85%AD%E1%84%90%E1%85%B3-%E1%84%89%E1%85%B3%E1%86%AF%E1%84%85%E1%85%B5%E1%84%87%E1%85%B3-%E1%84%82%E1%85%B5%E1%84%90%E1%85%B3-%E1%84%91%E1%85%A9%E1%86%AF%E1%84%85%E1%85%A9%E1%84%89%E1%85%A7%E1%84%8E%E1%85%B3-p06236015.html,https://static.zara.net/assets/public/ee5a/feaf/da344530a1d0/d2ceca23592f/06236015700-p/06236015700-p.jpg?ts=1773831473077,"₩55,900",,,260622,브라운,,,,
,false,,ZARA,상의,가디건,여성,실크 프릴 니트 재킷 LIMITED EDITION,https://www.zara.com/kr/ko/%E1%84%89%E1%85%B5%E1%86%AF%E1%84%8F%E1%85%B3-%E1%84%91%E1%85%B3%E1%84%85%E1%85%B5%E1%86%AF-%E1%84%82%E1%85%B5%E1%84%90%E1%85%B3-%E1%84%8C%E1%85%A2%E1%84%8F%E1%85%B5%E1%86%BA-limited-edition-p02142209.html,https://static.zara.net/assets/public/72d1/e5c4/bdd1469283f3/934635027c5f/02142209306-p/02142209306-p.jpg?ts=1773412224323,"₩89,900",,,260622,라이트 옐로우,,,,
,false,,ZARA,상의,니트,여성,LIMITED EDITION 세미 시스루 니트 스웨터,https://www.zara.com/kr/ko/limited-edition-%E1%84%89%E1%85%A6%E1%84%86%E1%85%B5-%E1%84%89%E1%85%B5%E1%84%89%E1%85%B3%E1%84%85%E1%85%AE-%E1%84%82%E1%85%B5%E1%84%90%E1%85%B3-%E1%84%89%E1%85%B3%E1%84%8B%E1%85%B0%E1%84%90%E1%85%A5-p03920340.html,https://static.zara.net/assets/public/cb9b/7213/353f4a8b8053/91f7e1e29c9d/03920340645-p/03920340645-p.jpg?ts=1773412230820,"₩79,900",,,260622,미디움 로즈,,,,
,false,,ZARA,상의,가디건,여성,LIMITED EDITION 프린지 구조 재킷,https://www.zara.com/kr/ko/limited-edition-%E1%84%91%E1%85%B3%E1%84%85%E1%85%B5%E1%86%AB%E1%84%8C%E1%85%B5-%E1%84%8C%E1%85%A2%E1%84%8F%E1%85%B5%E1%86%BA-p02363707.html,https://static.zara.net/assets/public/ec88/1ccd/47d64006ac07/6879cbfb6e71/02363707664-p/02363707664-p.jpg?ts=1773412215347,"₩189,900",,,260622,다크 핑크로즈,,,,
,false,,ZARA,상의,니트,여성,비대칭 밑단 니트 스웨터,https://www.zara.com/kr/ko/%E1%84%87%E1%85%B5%E1%84%83%E1%85%A2%E1%84%8E%E1%85%B5%E1%86%BC-%E1%84%86%E1%85%B5%E1%87%80%E1%84%83%E1%85%A1%E1%86%AB-%E1%84%82%E1%85%B5%E1%84%90%E1%85%B3-%E1%84%89%E1%85%B3%E1%84%8B%E1%85%B0%E1%84%90%E1%85%A5-p06771043.html,https://static.zara.net/assets/public/b7ce/6ca3/cb744e67b50d/3fcb87ff0316/06771043620-p/06771043620-p.jpg?ts=1777563398208,"₩55,900",,,260622,로즈핑크,,,,
,false,,ZARA,상의,가디건,여성,프렌치 슬리브 니트 재킷,https://www.zara.com/kr/ko/%E1%84%91%E1%85%B3%E1%84%85%E1%85%A6%E1%86%AB%E1%84%8E%E1%85%B5-%E1%84%89%E1%85%B3%E1%86%AF%E1%84%85%E1%85%B5%E1%84%87%E1%85%B3-%E1%84%82%E1%85%B5%E1%84%90%E1%85%B3-%E1%84%8C%E1%85%A2%E1%84%8F%E1%85%B5%E1%86%BA-p06427026.html,https://static.zara.net/assets/public/23b2/6986/2154425d99f1/bfee66536ade/06427026436-p/06427026436-p.jpg?ts=1778849377196,"₩59,900",,,260622,하늘색,,,,
,false,,ZARA,상의,니트,여성,브이넥 니트 스웨터,https://www.zara.com/kr/ko/%E1%84%87%E1%85%B3%E1%84%8B%E1%85%B5%E1%84%82%E1%85%A6%E1%86%A8-%E1%84%82%E1%85%B5%E1%84%90%E1%85%B3-%E1%84%89%E1%85%B3%E1%84%8B%E1%85%B0%E1%84%90%E1%85%A5-p02893058.html,https://static.zara.net/assets/public/61be/f820/3de3459790e2/84c141045470/02893058400-p/02893058400-p.jpg?ts=1777540716678,"₩59,900",,,260622,블루,,,,
,false,,ZARA,상의,탑,여성,프린지 니트 튜닉,https://www.zara.com/kr/ko/%E1%84%91%E1%85%B3%E1%84%85%E1%85%B5%E1%86%AB%E1%84%8C%E1%85%B5-%E1%84%82%E1%85%B5%E1%84%90%E1%85%B3-%E1%84%90%E1%85%B2%E1%84%82%E1%85%B5%E1%86%A8-p09874022.html,https://static.zara.net/assets/public/cb12/e090/365249d59303/27fec74105f0/09874022959-p/09874022959-p.jpg?ts=1780043442842,"₩89,900",,,260622,크림,,,,
,false,,ZARA,상의,니트,여성,오버사이즈 비대칭 밑단 니트 스웨터,https://www.zara.com/kr/ko/%E1%84%87%E1%85%B5%E1%84%83%E1%85%A2%E1%84%8E%E1%85%B5%E1%86%BC-%E1%84%86%E1%85%B5%E1%87%80%E1%84%83%E1%85%A1%E1%86%AB-%E1%84%8B%E1%85%A9%E1%84%87%E1%85%A5%E1%84%89%E1%85%A1%E1%84%8B%E1%85%B5%E1%84%8C%E1%85%B3-%E1%84%82%E1%85%B5%E1%84%90%E1%85%B3-p05755033.html,https://static.zara.net/assets/public/aa58/5f0b/009c4b2a8e95/0923671de931/05755033072-p/05755033072-p.jpg?ts=1773650797556,"₩59,900",,,260622,아이보리-화이트,,,,
,false,,ZARA,상의,탑,여성,자카드 니트 재킷,https://www.zara.com/kr/ko/%E1%84%8C%E1%85%A1%E1%84%8F%E1%85%A1%E1%84%83%E1%85%B3-%E1%84%82%E1%85%B5%E1%84%90%E1%85%B3-%E1%84%8C%E1%85%A2%E1%84%8F%E1%85%B5%E1%86%BA-p09874021.html,https://static.zara.net/assets/public/c262/c5f9/71174add8a9c/f66dc8593817/09874021526-p/09874021526-p.jpg?ts=1778767764560,"₩45,900",,,260622,라이트 그린,,,,
,false,,ZARA,상의,탑,여성,골지 반소매 니트 탑,https://www.zara.com/kr/ko/%E1%84%80%E1%85%A9%E1%86%AF%E1%84%8C%E1%85%B5-%E1%84%87%E1%85%A1%E1%86%AB%E1%84%89%E1%85%A9%E1%84%86%E1%85%A2-%E1%84%82%E1%85%B5%E1%84%90%E1%85%B3-%E1%84%90%E1%85%A1%E1%86%B8-p03471002.html,https://static.zara.net/assets/public/a0be/1773/a0e047e190d3/6d8ae9aa8460/03471002250-p/03471002250-p.jpg?ts=1773401353246,"₩35,900",,,260622,화이트,,,,
,false,,ZARA,상의,탑,여성,골지 반소매 니트 탑,https://www.zara.com/kr/ko/%E1%84%80%E1%85%A9%E1%86%AF%E1%84%8C%E1%85%B5-%E1%84%87%E1%85%A1%E1%86%AB%E1%84%89%E1%85%A9%E1%84%86%E1%85%A2-%E1%84%82%E1%85%B5%E1%84%90%E1%85%B3-%E1%84%90%E1%85%A1%E1%86%B8-p03471002.html,https://static.zara.net/assets/public/3e00/9801/31494063859a/8f54caefa508/03471002500-p/03471002500-p.jpg?ts=1773401360676,"₩35,900",,,260622,초록,,,,
,false,,ZARA,상의,탑,여성,벌룬 니트 스웨터,https://www.zara.com/kr/ko/%E1%84%87%E1%85%A5%E1%86%AF%E1%84%85%E1%85%AE%E1%86%AB-%E1%84%82%E1%85%B5%E1%84%90%E1%85%B3-%E1%84%89%E1%85%B3%E1%84%8B%E1%85%B0%E1%84%90%E1%85%A5-p03456008.html,https://static.zara.net/assets/public/3df9/a29d/9d9742459bb6/5b774f6f8857/03456008200-p/03456008200-p.jpg?ts=1773401363425,"₩55,900",,,260622,"블루,인디고",,,,
,false,,ZARA,원피스,원피스,여성,프린지 니트 원피스,https://www.zara.com/kr/ko/%E1%84%91%E1%85%B3%E1%84%85%E1%85%B5%E1%86%AB%E1%84%8C%E1%85%B5-%E1%84%82%E1%85%B5%E1%84%90%E1%85%B3-%E1%84%8B%E1%85%AF%E1%86%AB%E1%84%91%E1%85%B5%E1%84%89%E1%85%B3-p01822008.html,https://static.zara.net/assets/public/d9a6/090b/9c6b48488464/73fc88a3e4e9/01822008712-p/01822008712-p.jpg?ts=1773334306058,"₩89,900",,,260622,크림,,,,
,false,,ZARA,상의,니트,여성,크롭 하이넥 스웨터,https://www.zara.com/kr/ko/%E1%84%8F%E1%85%B3%E1%84%85%E1%85%A9%E1%86%B8-%E1%84%92%E1%85%A1%E1%84%8B%E1%85%B5%E1%84%82%E1%85%A6%E1%86%A8-%E1%84%89%E1%85%B3%E1%84%8B%E1%85%B0%E1%84%90%E1%85%A5-p03920360.html,https://static.zara.net/assets/public/baf5/e3d8/5d344c96a985/592ce07aab3a/03920360959-a2/03920360959-a2.jpg?ts=1773392137473,"₩55,900",,,260622,크림,,,,
,false,,ZARA,원피스,원피스,여성,골드 장식 니트 미니 원피스,https://www.zara.com/kr/ko/%E1%84%80%E1%85%A9%E1%86%AF%E1%84%83%E1%85%B3-%E1%84%8C%E1%85%A1%E1%86%BC%E1%84%89%E1%85%B5%E1%86%A8-%E1%84%82%E1%85%B5%E1%84%90%E1%85%B3-%E1%84%86%E1%85%B5%E1%84%82%E1%85%B5-%E1%84%8B%E1%85%AF%E1%86%AB%E1%84%91%E1%85%B5%E1%84%89%E1%85%B3-p09598075.html,https://static.zara.net/assets/public/ec15/4e22/8c8b412588a8/99497ac5c49f/09598075622-p/09598075622-p.jpg?ts=1779873888972,"₩55,900",,,260622,페일 로즈,,,,
,false,,ZARA,상의,가디건,여성,비대칭 여밈 니트 재킷,https://www.zara.com/kr/ko/%E1%84%87%E1%85%B5%E1%84%83%E1%85%A2%E1%84%8E%E1%85%B5%E1%86%BC-%E1%84%8B%E1%85%A7%E1%84%86%E1%85%B5%E1%86%B7-%E1%84%82%E1%85%B5%E1%84%90%E1%85%B3-%E1%84%8C%E1%85%A2%E1%84%8F%E1%85%B5%E1%86%BA-p04938019.html,https://static.zara.net/assets/public/a1d6/d516/c09e4e1eab3f/1ca1bb050840/04938019072-p/04938019072-p.jpg?ts=1773257252210,"₩55,900",,,260622,아이보리-화이트,,,,
,false,,ZARA,상의,니트,여성,페이크 주름 니트 스웨터,https://www.zara.com/kr/ko/%E1%84%91%E1%85%A6%E1%84%8B%E1%85%B5%E1%84%8F%E1%85%B3-%E1%84%8C%E1%85%AE%E1%84%85%E1%85%B3%E1%86%B7-%E1%84%82%E1%85%B5%E1%84%90%E1%85%B3-%E1%84%89%E1%85%B3%E1%84%8B%E1%85%B0%E1%84%90%E1%85%A5-p01822007.html,https://static.zara.net/assets/public/a43d/448c/b9d243cfaef5/94e5e66af8fe/01822007429-p/01822007429-p.jpg?ts=1773256877791,"₩57,900",,,260622,블루이시,,,,
,false,,ZARA,상의,탑,여성,링클 이펙트 니트 탑,https://www.zara.com/kr/ko/%E1%84%85%E1%85%B5%E1%86%BC%E1%84%8F%E1%85%B3%E1%86%AF-%E1%84%8B%E1%85%B5%E1%84%91%E1%85%A6%E1%86%A8%E1%84%90%E1%85%B3-%E1%84%82%E1%85%B5%E1%84%90%E1%85%B3-%E1%84%90%E1%85%A1%E1%86%B8-p02142233.html,https://static.zara.net/assets/public/3f96/3178/301844a79f3a/7d5b6653bdcb/02142233691-p/02142233691-p.jpg?ts=1773256887042,"₩45,900",,,260622,미디움 레드,,,,
,false,,ZARA,원피스,원피스,여성,벨트 니트 미디 원피스,https://www.zara.com/kr/ko/%E1%84%87%E1%85%A6%E1%86%AF%E1%84%90%E1%85%B3-%E1%84%82%E1%85%B5%E1%84%90%E1%85%B3-%E1%84%86%E1%85%B5%E1%84%83%E1%85%B5-%E1%84%8B%E1%85%AF%E1%86%AB%E1%84%91%E1%85%B5%E1%84%89%E1%85%B3-p05536037.html,https://static.zara.net/assets/public/d69d/664c/9f4344dfa9f4/345d1cb1b06f/05536037700-p/05536037700-p.jpg?ts=1778243383860,"₩79,900",,,260622,브라운,,,,
,false,,ZARA,치마,스커트,여성,비대칭 니트 미디 스커트,https://www.zara.com/kr/ko/%E1%84%82%E1%85%B5%E1%84%90%E1%85%B3-%E1%84%87%E1%85%B5%E1%84%83%E1%85%A2%E1%84%8E%E1%85%B5%E1%86%BC-%E1%84%86%E1%85%B5%E1%84%83%E1%85%B5-%E1%84%89%E1%85%B3%E1%84%8F%E1%85%A5%E1%84%90%E1%85%B3-p02756045.html,https://static.zara.net/assets/public/8025/621c/eb2340d9a530/fbdc1d9b5882/02756045700-p/02756045700-p.jpg?ts=1779205296275,"₩55,900",,,260622,브라운,,,,
,false,,ZARA,상의,탑,여성,크롭 스트라이프 니트 스웨터,https://www.zara.com/kr/ko/%E1%84%8F%E1%85%B3%E1%84%85%E1%85%A9%E1%86%B8-%E1%84%89%E1%85%B3%E1%84%90%E1%85%B3%E1%84%85%E1%85%A1%E1%84%8B%E1%85%B5%E1%84%91%E1%85%B3-%E1%84%82%E1%85%B5%E1%84%90%E1%85%B3-%E1%84%89%E1%85%B3%E1%84%8B%E1%85%B0%E1%84%90%E1%85%A5-p02142265.html,https://static.zara.net/assets/public/208c/c111/ec384babb2b0/0c5b1d2cf60b/02142265105-p/02142265105-p.jpg?ts=1779809691236,"₩45,900",,,260622,스트라이프,,,,
,false,,ZARA,상의,탑,여성,스트라이프 니트 탑,https://www.zara.com/kr/ko/%E1%84%89%E1%85%B3%E1%84%90%E1%85%B3%E1%84%85%E1%85%A1%E1%84%8B%E1%85%B5%E1%84%91%E1%85%B3-%E1%84%82%E1%85%B5%E1%84%90%E1%85%B3-%E1%84%90%E1%85%A1%E1%86%B8-p02142264.html,https://static.zara.net/assets/public/afa5/608a/5a7b4afb9008/2a78b0a7049a/02142264079-p/02142264079-p.jpg?ts=1778240513691,"₩29,900",,,260622,"오렌지,노랑",,,,
,false,,ZARA,바지,반바지,여성,스트라이프 니트 쇼츠,https://www.zara.com/kr/ko/%E1%84%89%E1%85%B3%E1%84%90%E1%85%B3%E1%84%85%E1%85%A1%E1%84%8B%E1%85%B5%E1%84%91%E1%85%B3-%E1%84%82%E1%85%B5%E1%84%90%E1%85%B3-%E1%84%89%E1%85%AD%E1%84%8E%E1%85%B3-p02142262.html,https://static.zara.net/assets/public/3b95/c041/7972420d9774/06c3e4c60e07/02142262079-p/02142262079-p.jpg?ts=1778240456357,"₩35,900",,,260622,"오렌지,노랑",,,,
,false,,ZARA,상의,니트,여성,크롭 배트윙 슬리브 스웨터,https://www.zara.com/kr/ko/%E1%84%8F%E1%85%B3%E1%84%85%E1%85%A9%E1%86%B8-%E1%84%87%E1%85%A2%E1%84%90%E1%85%B3%E1%84%8B%E1%85%B1%E1%86%BC-%E1%84%89%E1%85%B3%E1%86%AF%E1%84%85%E1%85%B5%E1%84%87%E1%85%B3-%E1%84%82%E1%85%B5%E1%84%90%E1%85%B3-%E1%84%89%E1%85%B3%E1%84%8B%E1%85%B0%E1%84%90%E1%85%A5-p04331001.html,https://static.zara.net/assets/public/dfc3/2504/72484d0eadbc/e3fb3bd58d1b/04331001712-p/04331001712-p.jpg?ts=1773239438475,"₩55,900",,,260622,크림,,,,
,false,,ZARA,상의,가디건,여성,쇼트 슬리브 니트 재킷,https://www.zara.com/kr/ko/%E1%84%89%E1%85%AD%E1%84%90%E1%85%B3-%E1%84%89%E1%85%B3%E1%86%AF%E1%84%85%E1%85%B5%E1%84%87%E1%85%B3-%E1%84%82%E1%85%B5%E1%84%90%E1%85%B3-%E1%84%8C%E1%85%A2%E1%84%8F%E1%85%B5%E1%86%BA-p02142188.html,https://static.zara.net/assets/public/7f5e/47b3/257941f49eec/5cf5e1bb52c8/02142188800-a1/02142188800-a1.jpg?ts=1778586833266,"₩49,900",,,260622,블랙,,,,
,false,,ZARA,상의,가디건,여성,숏 슬리브 니트 재킷,https://www.zara.com/kr/ko/%E1%84%87%E1%85%A1%E1%86%AB%E1%84%89%E1%85%A9%E1%84%86%E1%85%A2-%E1%84%82%E1%85%B5%E1%84%90%E1%85%B3-%E1%84%8C%E1%85%A2%E1%84%8F%E1%85%B5%E1%86%BA-p06427023.html,https://static.zara.net/assets/public/c093/2773/690449ad85c4/60303b24e1dc/06427023620-p/06427023620-p.jpg?ts=1778835453219,"₩57,900",,,260622,로즈핑크,,,,
,false,,ZARA,상의,니트,여성,크롭 하이넥 스웨터,https://www.zara.com/kr/ko/%E1%84%8F%E1%85%B3%E1%84%85%E1%85%A9%E1%86%B8-%E1%84%92%E1%85%A1%E1%84%8B%E1%85%B5%E1%84%82%E1%85%A6%E1%86%A8-%E1%84%89%E1%85%B3%E1%84%8B%E1%85%B0%E1%84%90%E1%85%A5-p03920360.html,https://static.zara.net/assets/public/7b70/44c5/d5264bf4a1e1/d0711f42ca9b/03920360959-p/03920360959-p.jpg?ts=1773138485762,"₩55,900",,,260622,크림,,,,
,false,,ZARA,상의,탑,여성,벌룬 니트 스웨터,https://www.zara.com/kr/ko/%E1%84%87%E1%85%A5%E1%86%AF%E1%84%85%E1%85%AE%E1%86%AB-%E1%84%82%E1%85%B5%E1%84%90%E1%85%B3-%E1%84%89%E1%85%B3%E1%84%8B%E1%85%B0%E1%84%90%E1%85%A5-p03456008.html,https://static.zara.net/assets/public/28e2/1ce2/69034309aa17/7ea43569ad81/03456008200-p/03456008200-p.jpg?ts=1773138484227,"₩55,900",,,260622,"블루,인디고",,,,
,false,,ZARA,상의,가디건,여성,시스루 니트 재킷,https://www.zara.com/kr/ko/%E1%84%89%E1%85%B5%E1%84%89%E1%85%B3%E1%84%85%E1%85%AE-%E1%84%82%E1%85%B5%E1%84%90%E1%85%B3-%E1%84%8C%E1%85%A2%E1%84%8F%E1%85%B5%E1%86%BA-p03920733.html,https://static.zara.net/assets/public/228c/e30b/c02941dfbc4c/0a81b9d53c4f/03920733800-p/03920733800-p.jpg?ts=1773138485766,"₩55,900",,,260622,블랙,,,,
,false,,ZARA,바지,슬랙스,여성,스트라이프 니트 롱 큐롯 팬츠,https://www.zara.com/kr/ko/%E1%84%89%E1%85%B3%E1%84%90%E1%85%B3%E1%84%85%E1%85%A1%E1%84%8B%E1%85%B5%E1%84%91%E1%85%B3-%E1%84%82%E1%85%B5%E1%84%90%E1%85%B3-%E1%84%85%E1%85%A9%E1%86%BC-%E1%84%89%E1%85%B3%E1%84%8F%E1%85%A5%E1%84%90%E1%85%B3-%E1%84%91%E1%85%A2%E1%86%AB%E1%84%8E%E1%85%B3-p02893057.html,https://static.zara.net/assets/public/66cf/65c5/61ad4e81a2ad/db64b5295792/02893057330-p/02893057330-p.jpg?ts=1777285632473,"₩79,900",,,260622,멀티컬러,,,,
,false,,ZARA,상의,탑,여성,스트라이프 니트 탑,https://www.zara.com/kr/ko/%E1%84%89%E1%85%B3%E1%84%90%E1%85%B3%E1%84%85%E1%85%A1%E1%84%8B%E1%85%B5%E1%84%91%E1%85%B3-%E1%84%82%E1%85%B5%E1%84%90%E1%85%B3-%E1%84%90%E1%85%A1%E1%86%B8-p02893056.html,https://static.zara.net/assets/public/7512/5fb9/cb724c4c9e5f/dad494722faf/02893056330-p/02893056330-p.jpg?ts=1777285627379,"₩45,900",,,260622,멀티컬러,,,,
,false,,ZARA,상의,가디건,여성,메탈사 후드 스웨트셔츠,https://www.zara.com/kr/ko/%E1%84%86%E1%85%A6%E1%84%90%E1%85%A1%E1%86%AF%E1%84%89%E1%85%A1-%E1%84%92%E1%85%AE%E1%84%83%E1%85%B3-%E1%84%89%E1%85%B3%E1%84%8B%E1%85%B0%E1%84%90%E1%85%B3%E1%84%89%E1%85%A7%E1%84%8E%E1%85%B3-p08146005.html,https://static.zara.net/assets/public/4090/c872/908847b49e63/a53cc54bd8ae/08146005808-p/08146005808-p.jpg?ts=1778767756390,"₩79,900",,,260622,실버,,,,
,false,,ZARA,원피스,원피스,여성,리브드 니트 미니 원피스,https://www.zara.com/kr/ko/%E1%84%85%E1%85%B5%E1%84%87%E1%85%B3%E1%84%83%E1%85%B3-%E1%84%82%E1%85%B5%E1%84%90%E1%85%B3-%E1%84%86%E1%85%B5%E1%84%82%E1%85%B5-%E1%84%8B%E1%85%AF%E1%86%AB%E1%84%91%E1%85%B5%E1%84%89%E1%85%B3-p09598073.html,https://static.zara.net/assets/public/fee4/c143/8f0247ecbc18/33b1caeb96ab/09598073919-p/09598073919-p.jpg?ts=1778828704373,"₩59,900",,,260622,레드 코랄,,,,
,false,,ZARA,상의,가디건,여성,별 니트 재킷,https://www.zara.com/kr/ko/%E1%84%87%E1%85%A7%E1%86%AF-%E1%84%82%E1%85%B5%E1%84%90%E1%85%B3-%E1%84%8C%E1%85%A2%E1%84%8F%E1%85%B5%E1%86%BA-p04938028.html,https://static.zara.net/assets/public/c060/f15b/e9e942548627/e7ae2b992936/04938028400-a2/04938028400-a2.jpg?ts=1777979466524,"₩49,900",,,260622,블루,,,,
,false,,ZARA,상의,가디건,여성,프릴 반소매 니트 재킷,https://www.zara.com/kr/ko/%E1%84%91%E1%85%B3%E1%84%85%E1%85%B5%E1%86%AF-%E1%84%87%E1%85%A1%E1%86%AB%E1%84%89%E1%85%A9%E1%84%86%E1%85%A2-%E1%84%82%E1%85%B5%E1%84%90%E1%85%B3-%E1%84%8C%E1%85%A2%E1%84%8F%E1%85%B5%E1%86%BA-p02142254.html,https://static.zara.net/assets/public/ccdc/238a/23294cbbba0c/2102eb99acdd/02142254629-p/02142254629-p.jpg?ts=1778228836580,"₩55,900",,,260622,라일락,,,,
,false,,ZARA,상의,니트,여성,페이크 주름 니트 스웨터,https://www.zara.com/kr/ko/%E1%84%91%E1%85%A6%E1%84%8B%E1%85%B5%E1%84%8F%E1%85%B3-%E1%84%8C%E1%85%AE%E1%84%85%E1%85%B3%E1%86%B7-%E1%84%82%E1%85%B5%E1%84%90%E1%85%B3-%E1%84%89%E1%85%B3%E1%84%8B%E1%85%B0%E1%84%90%E1%85%A5-p01822007.html,https://static.zara.net/assets/public/5a9b/2844/5b87407481f6/9e2342fef796/01822007429-p/01822007429-p.jpg?ts=1772785946481,"₩57,900",,,260622,블루이시,,,,
,false,,ZARA,원피스,원피스,여성,메탈릭 얀 오픈워크 니트 미니 원피스,https://www.zara.com/kr/ko/%E1%84%86%E1%85%A6%E1%84%90%E1%85%A1%E1%86%AF%E1%84%85%E1%85%B5%E1%86%A8-%E1%84%8B%E1%85%A3%E1%86%AB-%E1%84%8B%E1%85%A9%E1%84%91%E1%85%B3%E1%86%AB%E1%84%8B%E1%85%AF%E1%84%8F%E1%85%B3-%E1%84%82%E1%85%B5%E1%84%90%E1%85%B3-%E1%84%86%E1%85%B5%E1%84%82%E1%85%B5-%E1%84%8B%E1%85%AF%E1%86%AB%E1%84%91%E1%85%B5%E1%84%89%E1%85%B3-p08146004.html,https://static.zara.net/assets/public/1e5a/88d8/64f54aefbe82/142c3d7fada7/08146004104-p/08146004104-p.jpg?ts=1780043438514,"₩79,900",,,260622,스트라이프,,,,
,false,,ZARA,상의,니트,여성,쇼트 슬리브 니트 스웨터,https://www.zara.com/kr/ko/%E1%84%89%E1%85%AD%E1%84%90%E1%85%B3-%E1%84%89%E1%85%B3%E1%86%AF%E1%84%85%E1%85%B5%E1%84%87%E1%85%B3-%E1%84%82%E1%85%B5%E1%84%90%E1%85%B3-%E1%84%89%E1%85%B3%E1%84%8B%E1%85%B0%E1%84%90%E1%85%A5-p04192084.html,https://static.zara.net/assets/public/1f0d/6635/c29048718cb3/ebe9916c69f9/04192084919-p/04192084919-p.jpg?ts=1776953761830,"₩59,900",,,260622,레드 코랄,,,,
,false,,ZARA,상의,탑,여성,도트 세미 시스루 니트 탑,https://www.zara.com/kr/ko/%E1%84%83%E1%85%A9%E1%84%90%E1%85%B3-%E1%84%89%E1%85%A6%E1%84%86%E1%85%B5-%E1%84%89%E1%85%B5%E1%84%89%E1%85%B3%E1%84%85%E1%85%AE-%E1%84%82%E1%85%B5%E1%84%90%E1%85%B3-%E1%84%90%E1%85%A1%E1%86%B8-p09598041.html,https://static.zara.net/assets/public/a190/47fb/093d428c8cb2/26306b0ab1d3/09598041064-p/09598041064-p.jpg?ts=1772726577416,"₩49,900",,,260622,"화이트,블랙",,,,
,false,,ZARA,상의,탑,여성,오픈워크 스웨터,https://www.zara.com/kr/ko/%E1%84%8B%E1%85%A9%E1%84%91%E1%85%B3%E1%86%AB%E1%84%8B%E1%85%AF%E1%84%8F%E1%85%B3-%E1%84%89%E1%85%B3%E1%84%8B%E1%85%B0%E1%84%90%E1%85%A5-p01131319.html,https://static.zara.net/assets/public/f9b2/e3f3/ca8545d0af7b/7ee724b036dd/01131319712-p/01131319712-p.jpg?ts=1772726579852,"₩55,900",,,260622,크림,,,,
,false,,ZARA,상의,니트,여성,스트라이프 콤비 니트 스웨터,https://www.zara.com/kr/ko/%E1%84%89%E1%85%B3%E1%84%90%E1%85%B3%E1%84%85%E1%85%A1%E1%84%8B%E1%85%B5%E1%84%91%E1%85%B3-%E1%84%8F%E1%85%A9%E1%86%B7%E1%84%87%E1%85%B5-%E1%84%82%E1%85%B5%E1%84%90%E1%85%B3-%E1%84%89%E1%85%B3%E1%84%8B%E1%85%B0%E1%84%90%E1%85%A5-p06427005.html,https://static.zara.net/assets/public/1aa5/336c/9c2b48a09979/83cbaaa1e827/06427005401-p/06427005401-p.jpg?ts=1772726573972,"₩59,900",,,260622,네이비,,,,
,false,,ZARA,치마,스커트,여성,더블 레이어 니트 미디 스커트,https://www.zara.com/kr/ko/%E1%84%83%E1%85%A5%E1%84%87%E1%85%B3%E1%86%AF-%E1%84%85%E1%85%A6%E1%84%8B%E1%85%B5%E1%84%8B%E1%85%A5-%E1%84%82%E1%85%B5%E1%84%90%E1%85%B3-%E1%84%86%E1%85%B5%E1%84%83%E1%85%B5-%E1%84%89%E1%85%B3%E1%84%8F%E1%85%A5%E1%84%90%E1%85%B3-p02488114.html,https://static.zara.net/assets/public/f7f3/6b0b/e8364aceb9a0/5c8d39e4844c/02488114250-p/02488114250-p.jpg?ts=1778228840971,"₩59,900",,,260622,화이트,,,,
,false,,ZARA,상의,가디건,여성,스트라이프 니트 재킷,https://www.zara.com/kr/ko/%E1%84%89%E1%85%B3%E1%84%90%E1%85%B3%E1%84%85%E1%85%A1%E1%84%8B%E1%85%B5%E1%84%91%E1%85%B3-%E1%84%82%E1%85%B5%E1%84%90%E1%85%B3-%E1%84%8C%E1%85%A2%E1%84%8F%E1%85%B5%E1%86%BA-p06771037.html,https://static.zara.net/assets/public/0776/6e2d/9e9f4c0da5a1/8e33c2eccd6b/06771037330-p/06771037330-p.jpg?ts=1779718389749,"₩59,900",,,260622,멀티컬러,,,,
,false,,ZARA,상의,탑,여성,자카드 쇼트 슬리브 니트 재킷,https://www.zara.com/kr/ko/%E1%84%8C%E1%85%A1%E1%84%8F%E1%85%A1%E1%84%83%E1%85%B3-%E1%84%89%E1%85%AD%E1%84%90%E1%85%B3-%E1%84%89%E1%85%B3%E1%86%AF%E1%84%85%E1%85%B5%E1%84%87%E1%85%B3-%E1%84%82%E1%85%B5%E1%84%90%E1%85%B3-%E1%84%8C%E1%85%A2%E1%84%8F%E1%85%B5%E1%86%BA-p09874020.html,https://static.zara.net/assets/public/4c7f/338b/840d431c8bf0/b82c9544edc9/09874020300-p/09874020300-p.jpg?ts=1776953986384,"₩45,900",,,260622,노랑,,,,
,false,,ZARA,상의,가디건,여성,스트라이프 니트 반소매 재킷,https://www.zara.com/kr/ko/%E1%84%89%E1%85%B3%E1%84%90%E1%85%B3%E1%84%85%E1%85%A1%E1%84%8B%E1%85%B5%E1%84%91%E1%85%B3-%E1%84%87%E1%85%A1%E1%86%AB%E1%84%89%E1%85%A9%E1%84%86%E1%85%A2-%E1%84%82%E1%85%B5%E1%84%90%E1%85%B3-%E1%84%8C%E1%85%A2%E1%84%8F%E1%85%B5%E1%86%BA-p03921058.html,https://static.zara.net/assets/public/b1fd/7ccf/f91c4234bfa2/674b4e6a587a/03921058104-p/03921058104-p.jpg?ts=1776859958346,"₩57,900",,,260622,스트라이프,,,,
,false,,ZARA,치마,스커트,여성,니트 미니 스커트,https://www.zara.com/kr/ko/%E1%84%82%E1%85%B5%E1%84%90%E1%85%B3-%E1%84%86%E1%85%B5%E1%84%82%E1%85%B5-%E1%84%89%E1%85%B3%E1%84%8F%E1%85%A5%E1%84%90%E1%85%B3-p05536077.html,https://static.zara.net/assets/public/2174/b980/1f5c413c9c36/a8dc0441af7a/05536076919-a2/05536076919-a2.jpg?ts=1778847905746,"₩49,900",,,260622,레드 코랄,,,,
,false,,ZARA,상의,니트,여성,크롭 니트 탑,https://www.zara.com/kr/ko/%E1%84%8F%E1%85%B3%E1%84%85%E1%85%A9%E1%86%B8-%E1%84%82%E1%85%B5%E1%84%90%E1%85%B3-%E1%84%90%E1%85%A1%E1%86%B8-p05536076.html,https://static.zara.net/assets/public/f981/33d8/7dc64e0da343/b3948c310eba/05536076919-a4/05536076919-a4.jpg?ts=1778847903415,"₩59,900",,,260622,레드 코랄,,,,
,false,,ZARA,상의,니트,여성,버튼 케이프 슬리브 니트 스웨터,https://www.zara.com/kr/ko/%E1%84%87%E1%85%A5%E1%84%90%E1%85%B3%E1%86%AB-%E1%84%8F%E1%85%A6%E1%84%8B%E1%85%B5%E1%84%91%E1%85%B3-%E1%84%89%E1%85%B3%E1%86%AF%E1%84%85%E1%85%B5%E1%84%87%E1%85%B3-%E1%84%82%E1%85%B5%E1%84%90%E1%85%B3-%E1%84%89%E1%85%B3%E1%84%8B%E1%85%B0%E1%84%90%E1%85%A5-p05536026.html,https://static.zara.net/assets/public/1b51/58bb/65524990a69f/35c3592486f8/05536026092-p/05536026092-p.jpg?ts=1772618852868,"₩55,900",,,260622,라이트 베이지,,,,
,false,,ZARA,상의,탑,여성,프릴 니트 탑,https://www.zara.com/kr/ko/%E1%84%85%E1%85%A5%E1%84%91%E1%85%B3%E1%86%AF-%E1%84%82%E1%85%B5%E1%84%90%E1%85%B3-%E1%84%90%E1%85%A1%E1%86%B8-p03920212.html,https://static.zara.net/assets/public/220b/30ba/90984f58915b/4b3eff164bb9/03920212800-p/03920212800-p.jpg?ts=1772618849198,"₩49,900",,,260622,블랙,,,,
,false,,ZARA,상의,니트,여성,스트라이프 니트 폴로셔츠,https://www.zara.com/kr/ko/%E1%84%89%E1%85%B3%E1%84%90%E1%85%B3%E1%84%85%E1%85%A1%E1%84%8B%E1%85%B5%E1%84%91%E1%85%B3-%E1%84%82%E1%85%B5%E1%84%90%E1%85%B3-%E1%84%91%E1%85%A9%E1%86%AF%E1%84%85%E1%85%A9%E1%84%89%E1%85%A7%E1%84%8E%E1%85%B3-p05536068.html,https://static.zara.net/assets/public/3adf/6bf6/31864862b814/10c6e7851918/05536068104-p/05536068104-p.jpg?ts=1777032340584,"₩59,900",,,260622,스트라이프,,,,
,false,,ZARA,상의,니트,여성,쇼트 슬리브 베이직 니트 스웨터,https://www.zara.com/kr/ko/%E1%84%89%E1%85%AD%E1%84%90%E1%85%B3-%E1%84%89%E1%85%B3%E1%86%AF%E1%84%85%E1%85%B5%E1%84%87%E1%85%B3-%E1%84%87%E1%85%A6%E1%84%8B%E1%85%B5%E1%84%8C%E1%85%B5%E1%86%A8-%E1%84%82%E1%85%B5%E1%84%90%E1%85%B3-%E1%84%89%E1%85%B3%E1%84%8B%E1%85%B0%E1%84%90%E1%85%A5-p08851008.html,https://static.zara.net/assets/public/0c99/186e/949d47cc83c4/324ec1c7181e/08851008250-p/08851008250-p.jpg?ts=1772544260434,"₩45,900",,,260622,화이트,,,,
,false,,ZARA,상의,탑,여성,스트라이프 리본 니트 탑,https://www.zara.com/kr/ko/%E1%84%85%E1%85%B5%E1%84%87%E1%85%A9%E1%86%AB-%E1%84%89%E1%85%B3%E1%84%90%E1%85%B3%E1%84%85%E1%85%A1%E1%84%8B%E1%85%B5%E1%84%91%E1%85%B3-%E1%84%82%E1%85%B5%E1%84%90%E1%85%B3-%E1%84%90%E1%85%A1%E1%86%B8-p03581007.html,https://static.zara.net/assets/public/8f4e/60a9/260044289ce8/8569f48e5ac2/03581007064-p/03581007064-p.jpg?ts=1779969900931,"₩45,900",,,260622,"화이트,블랙",,,,
,false,,ZARA,상의,니트,여성,스트라이프 니트 스웨트셔츠,https://www.zara.com/kr/ko/%E1%84%89%E1%85%B3%E1%84%90%E1%85%B3%E1%84%85%E1%85%A1%E1%84%8B%E1%85%B5%E1%84%91%E1%85%B3-%E1%84%82%E1%85%B5%E1%84%90%E1%85%B3-%E1%84%89%E1%85%B3%E1%84%8B%E1%85%B0%E1%84%90%E1%85%B3%E1%84%89%E1%85%A7%E1%84%8E%E1%85%B3-p03653017.html,https://static.zara.net/assets/public/6b6b/ae12/40c647ee9796/527d4f3d97da/03653017050-p/03653017050-p.jpg?ts=1776163237965,"₩55,900",,,260622,단색,,,,
,false,,ZARA,상의,니트,여성,스트라이프 니트 스웨트셔츠,https://www.zara.com/kr/ko/%E1%84%89%E1%85%B3%E1%84%90%E1%85%B3%E1%84%85%E1%85%A1%E1%84%8B%E1%85%B5%E1%84%91%E1%85%B3-%E1%84%82%E1%85%B5%E1%84%90%E1%85%B3-%E1%84%89%E1%85%B3%E1%84%8B%E1%85%B0%E1%84%90%E1%85%B3%E1%84%89%E1%85%A7%E1%84%8E%E1%85%B3-p03653016.html,https://static.zara.net/assets/public/fa28/0669/4b394cc8bbf1/67a3270070a7/03653016050-p/03653016050-p.jpg?ts=1776163233175,"₩55,900",,,260622,단색,,,,
,false,,ZARA,상의,탑,여성,루즈핏 브이넥 니트 스웨터,https://www.zara.com/kr/ko/%E1%84%85%E1%85%AE%E1%84%8C%E1%85%B3%E1%84%91%E1%85%B5%E1%86%BA-%E1%84%87%E1%85%B3%E1%84%8B%E1%85%B5%E1%84%82%E1%85%A6%E1%86%A8-%E1%84%82%E1%85%B5%E1%84%90%E1%85%B3-%E1%84%89%E1%85%B3%E1%84%8B%E1%85%B0%E1%84%90%E1%85%A5-p03471006.html,https://static.zara.net/assets/public/d5af/9766/061746cbbae3/1542c3cfe397/03471006620-p/03471006620-p.jpg?ts=1775552271522,"₩49,900",,,260622,로즈핑크,,,,
,false,,ZARA,상의,니트,여성,스트라이프 니트 폴로셔츠,https://www.zara.com/kr/ko/%E1%84%89%E1%85%B3%E1%84%90%E1%85%B3%E1%84%85%E1%85%A1%E1%84%8B%E1%85%B5%E1%84%91%E1%85%B3-%E1%84%82%E1%85%B5%E1%84%90%E1%85%B3-%E1%84%91%E1%85%A9%E1%86%AF%E1%84%85%E1%85%A9%E1%84%89%E1%85%A7%E1%84%8E%E1%85%B3-p05536060.html,https://static.zara.net/assets/public/e1bc/103c/d25e407d8d9e/4d995b6cf007/05536060104-p/05536060104-p.jpg?ts=1776419748929,"₩59,900",,,260622,스트라이프,,,,
,false,,ZARA,상의,가디건,여성,스트라이프 니트 재킷,https://www.zara.com/kr/ko/%E1%84%89%E1%85%B3%E1%84%90%E1%85%B3%E1%84%85%E1%85%A1%E1%84%8B%E1%85%B5%E1%84%91%E1%85%B3-%E1%84%82%E1%85%B5%E1%84%90%E1%85%B3-%E1%84%8C%E1%85%A2%E1%84%8F%E1%85%B5%E1%86%BA-p05755051.html,https://static.zara.net/assets/public/31b5/fd28/81c94fda8dbe/2b32c1a73d0a/05755051104-p/05755051104-p.jpg?ts=1772466574458,"₩55,900",,,260622,스트라이프,,,,
,false,,ZARA,상의,가디건,여성,7부 소매 니트 재킷,https://www.zara.com/kr/ko/%E1%84%91%E1%85%B3%E1%84%85%E1%85%A6%E1%86%AB%E1%84%8E%E1%85%B5-%E1%84%89%E1%85%B3%E1%86%AF%E1%84%85%E1%85%B5%E1%84%87%E1%85%B3-%E1%84%82%E1%85%B5%E1%84%90%E1%85%B3-%E1%84%8C%E1%85%A2%E1%84%8F%E1%85%B5%E1%86%BA-p06427041.html,https://static.zara.net/assets/public/765b/bc5b/34774937a6c5/653aa093fa8f/06427041620-p/06427041620-p.jpg?ts=1772466574991,"₩59,900",,,260622,로즈핑크,,,,
,false,,ZARA,상의,탑,여성,더블 레이어 니트 탑,https://www.zara.com/kr/ko/%E1%84%83%E1%85%A5%E1%84%87%E1%85%B3%E1%86%AF-%E1%84%85%E1%85%A6%E1%84%8B%E1%85%B5%E1%84%8B%E1%85%A5-%E1%84%82%E1%85%B5%E1%84%90%E1%85%B3-%E1%84%90%E1%85%A1%E1%86%B8-p02488101.html,https://static.zara.net/assets/public/ac47/330a/01814ff38ab8/1e5399e1ac24/02488101250-a3/02488101250-a3.jpg?ts=1778228837322,"₩45,900",,,260622,화이트,,,,
,false,,ZARA,상의,니트,여성,스트라이프 도트 니트 폴로셔츠,https://www.zara.com/kr/ko/%E1%84%89%E1%85%B3%E1%84%90%E1%85%B3%E1%84%85%E1%85%A1%E1%84%8B%E1%85%B5%E1%84%91%E1%85%B3-%E1%84%83%E1%85%A9%E1%84%90%E1%85%B3-%E1%84%82%E1%85%B5%E1%84%90%E1%85%B3-%E1%84%91%E1%85%A9%E1%86%AF%E1%84%85%E1%85%A9%E1%84%89%E1%85%A7%E1%84%8E%E1%85%B3-p09598070.html,https://static.zara.net/assets/public/ed30/8cdb/aefd4e11bfb5/165863d6df5c/09598070330-p/09598070330-p.jpg?ts=1777033562459,"₩49,900",,,260622,멀티컬러,,,,
,false,,ZARA,치마,스커트,여성,포인텔 니트 롱 스커트,https://www.zara.com/kr/ko/%E1%84%91%E1%85%A9%E1%84%8B%E1%85%B5%E1%86%AB%E1%84%90%E1%85%A6%E1%86%AF-%E1%84%82%E1%85%B5%E1%84%90%E1%85%B3-%E1%84%85%E1%85%A9%E1%86%BC-%E1%84%89%E1%85%B3%E1%84%8F%E1%85%A5%E1%84%90%E1%85%B3-p01822028.html,https://static.zara.net/assets/public/5e75/348b/c8de40baa540/43e587afa856/01822028800-p/01822028800-p.jpg?ts=1779895413553,"₩79,900",,,260622,블랙,,,,
,false,,ZARA,치마,스커트,여성,미니 니트 스커트,https://www.zara.com/kr/ko/%E1%84%86%E1%85%B5%E1%84%82%E1%85%B5-%E1%84%82%E1%85%B5%E1%84%90%E1%85%B3-%E1%84%89%E1%85%B3%E1%84%8F%E1%85%A5%E1%84%90%E1%85%B3-p06236039.html,https://static.zara.net/assets/public/6497/5045/1e9947cb917e/edd7925386ca/06236039700-p/06236039700-p.jpg?ts=1777563381803,"₩45,900",,,260622,브라운,,,,
,false,,ZARA,상의,탑,여성,셔링 니트 탑,https://www.zara.com/kr/ko/%E1%84%89%E1%85%A7%E1%84%85%E1%85%B5%E1%86%BC-%E1%84%82%E1%85%B5%E1%84%90%E1%85%B3-%E1%84%90%E1%85%A1%E1%86%B8-p02142108.html,https://static.zara.net/assets/public/f43c/c8c1/31da4bd2926f/1276e95c33f4/02142108600-p/02142108600-p.jpg?ts=1776163222639,"₩55,900",,,260622,레드,,,,
,false,,ZARA,기타,WAISTCOAT,여성,슬리브리스 니트 탑,https://www.zara.com/kr/ko/%E1%84%89%E1%85%B3%E1%86%AF%E1%84%85%E1%85%B5%E1%84%87%E1%85%B3%E1%84%85%E1%85%B5%E1%84%89%E1%85%B3-%E1%84%82%E1%85%B5%E1%84%90%E1%85%B3-%E1%84%90%E1%85%A1%E1%86%B8-p05755020.html,https://static.zara.net/assets/public/15f8/2274/6f7e44e5a8fb/e1f22593693a/05755020600-p/05755020600-p.jpg?ts=1772206285351,"₩49,900",,,260622,레드,,,,
,false,,ZARA,상의,니트,여성,스트라이프 니트 폴로셔츠,https://www.zara.com/kr/ko/%E1%84%89%E1%85%B3%E1%84%90%E1%85%B3%E1%84%85%E1%85%A1%E1%84%8B%E1%85%B5%E1%84%91%E1%85%B3-%E1%84%82%E1%85%B5%E1%84%90%E1%85%B3-%E1%84%91%E1%85%A9%E1%86%AF%E1%84%85%E1%85%A9%E1%84%89%E1%85%A7%E1%84%8E%E1%85%B3-p05536056.html,https://static.zara.net/assets/public/e5a8/9d17/37bf467a89b4/7aa17b46dd9c/05536056104-p/05536056104-p.jpg?ts=1776419748077,"₩57,900",,,260622,스트라이프,,,,
,false,,ZARA,상의,탑,여성,스트라이프 니트 탑,https://www.zara.com/kr/ko/%E1%84%89%E1%85%B3%E1%84%90%E1%85%B3%E1%84%85%E1%85%A1%E1%84%8B%E1%85%B5%E1%84%91%E1%85%B3-%E1%84%82%E1%85%B5%E1%84%90%E1%85%B3-%E1%84%90%E1%85%A1%E1%86%B8-p02142258.html,https://static.zara.net/assets/public/4ddc/db56/d5334e58a637/e5220bd62f3e/02142258330-p/02142258330-p.jpg?ts=1779359033908,"₩45,900",,,260622,멀티컬러,,,,
,false,,ZARA,상의,가디건,여성,엑스트라 파인 니트 재킷,https://www.zara.com/kr/ko/%E1%84%8B%E1%85%A6%E1%86%A8%E1%84%89%E1%85%B3%E1%84%90%E1%85%B3%E1%84%85%E1%85%A1-%E1%84%91%E1%85%A1%E1%84%8B%E1%85%B5%E1%86%AB-%E1%84%82%E1%85%B5%E1%84%90%E1%85%B3-%E1%84%8C%E1%85%A2%E1%84%8F%E1%85%B5%E1%86%BA-p02142081.html,https://static.zara.net/assets/public/f937/979d/efc748c59086/462260a6f9ca/02142081600-ult/02142081600-ult.jpg?ts=1772191954105,"₩55,900",,,260622,레드,,,,
,false,,ZARA,상의,가디건,여성,오픈 니트 재킷,https://www.zara.com/kr/ko/%E1%84%8B%E1%85%A9%E1%84%91%E1%85%B3%E1%86%AB-%E1%84%82%E1%85%B5%E1%84%90%E1%85%B3-%E1%84%8C%E1%85%A2%E1%84%8F%E1%85%B5%E1%86%BA-p05755055.html,https://static.zara.net/assets/public/e654/2542/6dea470a83d9/a18ca1db1d06/05755055712-p/05755055712-p.jpg?ts=1778168229482,"₩59,900",,,260622,크림,,,,
,false,,ZARA,기타,WAISTCOAT,여성,브이넥 니트 베스트 탑,https://www.zara.com/kr/ko/%E1%84%87%E1%85%B3%E1%84%8B%E1%85%B5%E1%84%82%E1%85%A6%E1%86%A8-%E1%84%82%E1%85%B5%E1%84%90%E1%85%B3-%E1%84%87%E1%85%A6%E1%84%89%E1%85%B3%E1%84%90%E1%85%B3-%E1%84%90%E1%85%A1%E1%86%B8-p05755054.html,https://static.zara.net/assets/public/6eca/3b55/d13c4b43a9fb/d7a16fa9315e/05755054712-p/05755054712-p.jpg?ts=1778168223915,"₩55,900",,,260622,크림,,,,
,false,,ZARA,상의,탑,여성,프릴 니트 탑,https://www.zara.com/kr/ko/%E1%84%91%E1%85%B3%E1%84%85%E1%85%B5%E1%86%AF-%E1%84%82%E1%85%B5%E1%84%90%E1%85%B3-%E1%84%90%E1%85%A1%E1%86%B8-p04192078.html,https://static.zara.net/assets/public/bc9d/bff0/283c48a18950/e1dc436a673e/04192078250-p/04192078250-p.jpg?ts=1779372577948,"₩49,900",,,260622,화이트,,,,
,false,,ZARA,치마,스커트,여성,미니 프릴 니트 스커트,https://www.zara.com/kr/ko/%E1%84%91%E1%85%B3%E1%84%85%E1%85%B5%E1%86%AF-%E1%84%82%E1%85%B5%E1%84%90%E1%85%B3-%E1%84%86%E1%85%B5%E1%84%82%E1%85%B5-%E1%84%89%E1%85%B3%E1%84%8F%E1%85%A5%E1%84%90%E1%85%B3-p04192079.html,https://static.zara.net/assets/public/4f9e/2002/af1646dda48c/3659974bf956/04192079250-p/04192079250-p.jpg?ts=1779372585633,"₩55,900",,,260622,화이트,,,,
,false,,ZARA,상의,가디건,여성,프릴 반소매 니트 재킷,https://www.zara.com/kr/ko/%E1%84%91%E1%85%B3%E1%84%85%E1%85%B5%E1%86%AF-%E1%84%87%E1%85%A1%E1%86%AB%E1%84%89%E1%85%A9%E1%84%86%E1%85%A2-%E1%84%82%E1%85%B5%E1%84%90%E1%85%B3-%E1%84%8C%E1%85%A2%E1%84%8F%E1%85%B5%E1%86%BA-p04192077.html,https://static.zara.net/assets/public/1199/2d24/b2d440f08f94/66fb0663285e/04192077250-p/04192077250-p.jpg?ts=1779372577328,"₩55,900",,,260622,화이트,,,,
,false,,ZARA,상의,탑,여성,콘트라스트 트리밍 니트 크롭 탑,https://www.zara.com/kr/ko/%E1%84%8F%E1%85%A9%E1%86%AB%E1%84%90%E1%85%B3%E1%84%85%E1%85%A1%E1%84%89%E1%85%B3%E1%84%90%E1%85%B3-%E1%84%90%E1%85%B3%E1%84%85%E1%85%B5%E1%84%86%E1%85%B5%E1%86%BC-%E1%84%82%E1%85%B5%E1%84%90%E1%85%B3-%E1%84%8F%E1%85%B3%E1%84%85%E1%85%A9%E1%86%B8-%E1%84%90%E1%85%A1%E1%86%B8-p03519011.html,https://static.zara.net/assets/public/d846/0356/2efd4fd7bda7/9214f1c91d18/03519011615-p/03519011615-p.jpg?ts=1779873849147,"₩29,900",,,260622,오렌지,,,,
,false,,ZARA,상의,가디건,여성,콤비 니트 재킷,https://www.zara.com/kr/ko/%E1%84%8F%E1%85%A9%E1%86%B7%E1%84%87%E1%85%B5-%E1%84%82%E1%85%B5%E1%84%90%E1%85%B3-%E1%84%8C%E1%85%A2%E1%84%8F%E1%85%B5%E1%86%BA-p03921043.html,https://static.zara.net/assets/public/c4ef/6761/eff64797a165/825d7902c725/03921043084-p/03921043084-p.jpg?ts=1777364066968,"₩55,900",,,260622,"블랙,화이트",,,,
,false,,ZARA,원피스,원피스,여성,언밸런스 니트 원피스,https://www.zara.com/kr/ko/%E1%84%8B%E1%85%A5%E1%86%AB%E1%84%87%E1%85%A2%E1%86%AF%E1%84%85%E1%85%A5%E1%86%AB%E1%84%89%E1%85%B3-%E1%84%82%E1%85%B5%E1%84%90%E1%85%B3-%E1%84%8B%E1%85%AF%E1%86%AB%E1%84%91%E1%85%B5%E1%84%89%E1%85%B3-p03456012.html,https://static.zara.net/assets/public/dd20/1b36/76ab42d1b334/8e7d28f6c7ac/03456012600-p/03456012600-p.jpg?ts=1779274079140,"₩59,900",,,260622,레드,,,,
,false,,ZARA,상의,니트,여성,지퍼 니트 폴로셔츠,https://www.zara.com/kr/ko/%E1%84%8C%E1%85%B5%E1%84%91%E1%85%A5-%E1%84%82%E1%85%B5%E1%84%90%E1%85%B3-%E1%84%91%E1%85%A9%E1%86%AF%E1%84%85%E1%85%A9%E1%84%89%E1%85%A7%E1%84%8E%E1%85%B3-p06427020.html,https://static.zara.net/assets/public/aaf1/526f/14cc4e8c8262/5e613c71e2d1/06427020600-a3/06427020600-a3.jpg?ts=1777364088445,"₩55,900",,,260622,레드,,,,
,false,,ZARA,상의,니트,여성,지퍼 니트 폴로셔츠,https://www.zara.com/kr/ko/%E1%84%8C%E1%85%B5%E1%84%91%E1%85%A5-%E1%84%82%E1%85%B5%E1%84%90%E1%85%B3-%E1%84%91%E1%85%A9%E1%86%AF%E1%84%85%E1%85%A9%E1%84%89%E1%85%A7%E1%84%8E%E1%85%B3-p06427020.html,https://static.zara.net/assets/public/afde/65c4/f7f34e788e0f/abc66e33ecb1/06427020401-p/06427020401-p.jpg?ts=1777364082778,"₩55,900",,,260622,네이비,,,,
,false,,ZARA,상의,가디건,여성,레이스 반소매 니트 재킷,https://www.zara.com/kr/ko/%E1%84%85%E1%85%A6%E1%84%8B%E1%85%B5%E1%84%89%E1%85%B3-%E1%84%87%E1%85%A1%E1%86%AB%E1%84%89%E1%85%A9%E1%84%86%E1%85%A2-%E1%84%82%E1%85%B5%E1%84%90%E1%85%B3-%E1%84%8C%E1%85%A2%E1%84%8F%E1%85%B5%E1%86%BA-p03920182.html,https://static.zara.net/assets/public/c43b/336c/85c44411b99e/1393891cbb21/03920182401-p/03920182401-p.jpg?ts=1775563165371,"₩55,900",,,260622,네이비,,,,
,false,,ZARA,상의,가디건,여성,스트라이프 니트 재킷,https://www.zara.com/kr/ko/%E1%84%89%E1%85%B3%E1%84%90%E1%85%B3%E1%84%85%E1%85%A1%E1%84%8B%E1%85%B5%E1%84%91%E1%85%B3-%E1%84%82%E1%85%B5%E1%84%90%E1%85%B3-%E1%84%8C%E1%85%A2%E1%84%8F%E1%85%B5%E1%86%BA-p05755051.html,https://static.zara.net/assets/public/b6d4/3c83/5529434b8bac/8c58beda7dfa/05755051104-p/05755051104-p.jpg?ts=1748424497744,"₩55,900",,,260622,스트라이프,,,,
,false,,ZARA,기타,WAISTCOAT,여성,크로셰 니트 베스트,https://www.zara.com/kr/ko/%E1%84%8F%E1%85%B3%E1%84%85%E1%85%A9%E1%84%89%E1%85%A8-%E1%84%82%E1%85%B5%E1%84%90%E1%85%B3-%E1%84%87%E1%85%A6%E1%84%89%E1%85%B3%E1%84%90%E1%85%B3-p03653014.html,https://static.zara.net/assets/public/54bb/9d9c/3b22407fa9f2/f90d4ec74aa0/03653014330-p/03653014330-p.jpg?ts=1780500923314,"₩79,900",,,260622,멀티컬러,,,,
,false,,ZARA,원피스,원피스,여성,홀터넥 니트 콤비 원피스,https://www.zara.com/kr/ko/%E1%84%92%E1%85%A9%E1%86%AF%E1%84%90%E1%85%A5%E1%84%82%E1%85%A6%E1%86%A8-%E1%84%82%E1%85%B5%E1%84%90%E1%85%B3-%E1%84%8F%E1%85%A9%E1%86%B7%E1%84%87%E1%85%B5-%E1%84%8B%E1%85%AF%E1%86%AB%E1%84%91%E1%85%B5%E1%84%89%E1%85%B3-p04192070.html,https://static.zara.net/assets/public/712c/acb8/a04a4798aaf9/ff250bb68994/04192070250-p/04192070250-p.jpg?ts=1779208731921,"₩79,900",,,260622,화이트,,,,
,false,,ZARA,원피스,원피스,여성,컷아웃 니트 콤비 원피스,https://www.zara.com/kr/ko/%E1%84%8F%E1%85%A5%E1%86%BA%E1%84%8B%E1%85%A1%E1%84%8B%E1%85%AE%E1%86%BA-%E1%84%82%E1%85%B5%E1%84%90%E1%85%B3-%E1%84%8F%E1%85%A9%E1%86%B7%E1%84%87%E1%85%B5-%E1%84%8B%E1%85%AF%E1%86%AB%E1%84%91%E1%85%B5%E1%84%89%E1%85%B3-p04192069.html,https://static.zara.net/assets/public/4d11/5239/58514946ae77/7752cc8e2157/04192069700-a3/04192069700-a3.jpg?ts=1780500928479,"₩89,900",,,260622,브라운,,,,
,false,,ZARA,상의,니트,여성,브이넥 니트 스웨터,https://www.zara.com/kr/ko/%E1%84%87%E1%85%B3%E1%84%8B%E1%85%B5%E1%84%82%E1%85%A6%E1%86%A8-%E1%84%82%E1%85%B5%E1%84%90%E1%85%B3-%E1%84%89%E1%85%B3%E1%84%8B%E1%85%B0%E1%84%90%E1%85%A5-p01509001.html,https://static.zara.net/assets/public/7c38/77ea/50534b7688b8/ed71b56c86c9/01509001250-p/01509001250-p.jpg?ts=1772039847384,"₩59,900",,,260622,화이트,,,,
,false,,ZARA,상의,가디건,여성,메탈릭 스레드 프릴 니트 재킷,https://www.zara.com/kr/ko/%E1%84%86%E1%85%A6%E1%84%90%E1%85%A1%E1%86%AF%E1%84%85%E1%85%B5%E1%86%A8-%E1%84%91%E1%85%B3%E1%84%85%E1%85%B5%E1%86%AF-%E1%84%82%E1%85%B5%E1%84%90%E1%85%B3-%E1%84%8C%E1%85%A2%E1%84%8F%E1%85%B5%E1%86%BA-p03471011.html,https://static.zara.net/assets/public/f4ae/4035/8e404196b0ab/b3469c2b2d18/03471011303-p/03471011303-p.jpg?ts=1777566753128,"₩49,900",,,260622,골드,,,,
,false,,ZARA,상의,탑,여성,청키 니트 탑,https://www.zara.com/kr/ko/%E1%84%8E%E1%85%A5%E1%86%BC%E1%84%8F%E1%85%B5-%E1%84%82%E1%85%B5%E1%84%90%E1%85%B3-%E1%84%90%E1%85%A1%E1%86%B8-p00014017.html,https://static.zara.net/assets/public/0a8c/ea21/167049d8917f/0de9f68fe066/00014017712-1-p/00014017712-1-p.jpg?ts=1772039461647,"₩57,900",,,260622,크림,,,,
,false,,ZARA,상의,니트,여성,버튼 니트 탑,https://www.zara.com/kr/ko/%E1%84%87%E1%85%A5%E1%84%90%E1%85%B3%E1%86%AB-%E1%84%82%E1%85%B5%E1%84%90%E1%85%B3-%E1%84%90%E1%85%A1%E1%86%B8-p05755056.html,https://static.zara.net/assets/public/465e/f228/624a41c5b0ee/8a4b44badfc8/05755056306-p/05755056306-p.jpg?ts=1776953761677,"₩45,900",,,260622,라이트 옐로우,,,,
,false,,ZARA,상의,가디건,여성,펀칭 니트 재킷,https://www.zara.com/kr/ko/%E1%84%91%E1%85%A5%E1%86%AB%E1%84%8E%E1%85%B5%E1%86%BC-%E1%84%82%E1%85%B5%E1%84%90%E1%85%B3-%E1%84%8C%E1%85%A2%E1%84%8F%E1%85%B5%E1%86%BA-p03921041.html,https://static.zara.net/assets/public/d5d1/ca5e/cc124c378b90/d79e5d6ba0fb/03921041250-a2/03921041250-a2.jpg?ts=1776859926060,"₩57,900",,,260622,화이트,,,,
,false,,ZARA,상의,가디건,여성,스트라이프 오픈워크 니트 폴로 재킷,https://www.zara.com/kr/ko/%E1%84%89%E1%85%B3%E1%84%90%E1%85%B3%E1%84%85%E1%85%A1%E1%84%8B%E1%85%B5%E1%84%91%E1%85%B3-%E1%84%8B%E1%85%A9%E1%84%91%E1%85%B3%E1%86%AB%E1%84%8B%E1%85%AF%E1%84%8F%E1%85%B3-%E1%84%82%E1%85%B5%E1%84%90%E1%85%B3-%E1%84%91%E1%85%A9%E1%86%AF%E1%84%85%E1%85%A9-%E1%84%8C%E1%85%A2%E1%84%8F%E1%85%B5%E1%86%BA-p03921037.html,https://static.zara.net/assets/public/1925/bfec/4af8437e8a72/2eaf054af7ee/03921037330-p/03921037330-p.jpg?ts=1776859898928,"₩57,900",,,260622,멀티컬러,,,,
,false,,ZARA,상의,탑,여성,언밸런스 클로저 니트 탑,https://www.zara.com/kr/ko/%E1%84%8B%E1%85%A5%E1%86%AB%E1%84%87%E1%85%A2%E1%86%AF%E1%84%85%E1%85%A5%E1%86%AB%E1%84%89%E1%85%B3-%E1%84%8F%E1%85%B3%E1%86%AF%E1%84%85%E1%85%A9%E1%84%8C%E1%85%B5%E1%86%BC-%E1%84%82%E1%85%B5%E1%84%90%E1%85%B3-%E1%84%90%E1%85%A1%E1%86%B8-p05536050.html,https://static.zara.net/assets/public/908f/b78a/3642423a910b/9a5712cb205b/05536050250-p/05536050250-p.jpg?ts=1777285651252,"₩55,900",,,260622,화이트,,,,
,false,,ZARA,상의,가디건,여성,반소매 니트 재킷,https://www.zara.com/kr/ko/%E1%84%89%E1%85%AD%E1%86%BA-%E1%84%89%E1%85%B3%E1%86%AF%E1%84%85%E1%85%B5%E1%84%87%E1%85%B3-%E1%84%82%E1%85%B5%E1%84%90%E1%85%B3-%E1%84%8C%E1%85%A2%E1%84%8F%E1%85%B5%E1%86%BA-p05536044.html,https://static.zara.net/assets/public/7e78/c860/99404b2fb194/82e865695896/05536044250-p/05536044250-p.jpg?ts=1776421134324,"₩59,900",,,260622,화이트,,,,
,false,,ZARA,상의,탑,여성,골드 아플리케 숏 슬리브 니트 탑,https://www.zara.com/kr/ko/%E1%84%80%E1%85%A9%E1%86%AF%E1%84%83%E1%85%B3-%E1%84%8B%E1%85%A1%E1%84%91%E1%85%B3%E1%86%AF%E1%84%85%E1%85%B5%E1%84%8F%E1%85%A6-%E1%84%89%E1%85%AD%E1%86%BA-%E1%84%89%E1%85%B3%E1%86%AF%E1%84%85%E1%85%B5%E1%84%87%E1%85%B3-%E1%84%82%E1%85%B5%E1%84%90%E1%85%B3-%E1%84%90%E1%85%A1%E1%86%B8-p05536034.html,https://static.zara.net/assets/public/192f/c9e3/44ee4eef900d/3d6b0f58027e/05536034300-p/05536034300-p.jpg?ts=1779202401774,"₩55,900",,,260622,노랑,,,,
,false,,ZARA,상의,가디건,여성,니트 쇼트 재킷,https://www.zara.com/kr/ko/%E1%84%8F%E1%85%B3%E1%84%85%E1%85%A9%E1%86%B8-%E1%84%82%E1%85%B5%E1%84%90%E1%85%B3-%E1%84%8C%E1%85%B5%E1%86%B8%E1%84%8B%E1%85%A5%E1%86%B8-%E1%84%8C%E1%85%A2%E1%84%8F%E1%85%B5%E1%86%BA-p05536080.html,https://static.zara.net/assets/public/b280/f256/78214e1bb8e9/874ddfd757e7/05536080800-000-p/05536080800-000-p.jpg?ts=1776874567713,"₩57,900",,,260622,블랙,,,,
,false,,ZARA,상의,탑,여성,소매 없는 니트 폴로셔츠,https://www.zara.com/kr/ko/%E1%84%89%E1%85%B3%E1%86%AF%E1%84%85%E1%85%B5%E1%84%87%E1%85%B3%E1%84%85%E1%85%B5%E1%84%89%E1%85%B3-%E1%84%82%E1%85%B5%E1%84%90%E1%85%B3-%E1%84%91%E1%85%A9%E1%86%AF%E1%84%85%E1%85%A9%E1%84%89%E1%85%A7%E1%84%8E%E1%85%B3-p02142196.html,https://static.zara.net/assets/public/7d2e/91a7/03e74919aba9/647dc26b87d7/02142196400-a3/02142196400-a3.jpg?ts=1778063236375,"₩45,900",,,260622,블루,,,,
,false,,ZARA,상의,니트,여성,헬로키티 프렌즈 폴로 스웨터,https://www.zara.com/kr/ko/kitty-and-friends-sanrio-gmbh---%E1%84%91%E1%85%A9%E1%86%AF%E1%84%85%E1%85%A9-%E1%84%82%E1%85%B5%E1%84%90%E1%85%B3-p05755038.html,https://static.zara.net/assets/public/4707/e5f2/cc714bc089e3/8f99ff7548b8/05755038620-p/05755038620-p.jpg?ts=1771928448622,"₩55,900",,,260622,로즈핑크,,,,
,false,,ZARA,상의,가디건,여성,KITTY AND FRIENDS SANRIO GMBH © 니트 재킷,https://www.zara.com/kr/ko/kitty-and-friends-sanrio-gmbh---%E1%84%82%E1%85%B5%E1%84%90%E1%85%B3-%E1%84%8C%E1%85%A2%E1%84%8F%E1%85%B5%E1%86%BA-p03921021.html,https://static.zara.net/assets/public/b7e9/f1cc/d33f4f978ee9/7875fcfa3884/03921021712-p/03921021712-p.jpg?ts=1772022476482,"₩57,900",,,260622,크림,,,,
,false,,ZARA,상의,탑,여성,숄더 패드 니트 탑,https://www.zara.com/kr/ko/%E1%84%89%E1%85%AD%E1%86%AF%E1%84%83%E1%85%A5-%E1%84%91%E1%85%A2%E1%84%83%E1%85%B3-%E1%84%82%E1%85%B5%E1%84%90%E1%85%B3-%E1%84%90%E1%85%A1%E1%86%B8-p01822029.html,https://static.zara.net/assets/public/b3f9/84c7/66e94701bc0e/abd0ff1532d9/01822029620-p/01822029620-p.jpg?ts=1779274064916,"₩49,900",,,260622,로즈핑크,,,,
,false,,ZARA,상의,가디건,여성,니트 쇼트 재킷,https://www.zara.com/kr/ko/%E1%84%82%E1%85%B5%E1%84%90%E1%85%B3-%E1%84%89%E1%85%AD%E1%84%90%E1%85%B3-%E1%84%8C%E1%85%A2%E1%84%8F%E1%85%B5%E1%86%BA-p06771015.html,https://static.zara.net/assets/public/9469/83c9/b1a448b5882a/aef1aff2e5a2/06771015600-p/06771015600-p.jpg?ts=1776421135380,"₩59,900",,,260622,레드,,,,
,false,,ZARA,상의,니트,여성,스트라이프 쇼트 슬리브 폴로 니트,https://www.zara.com/kr/ko/%E1%84%89%E1%85%AD%E1%84%90%E1%85%B3-%E1%84%89%E1%85%B3%E1%86%AF%E1%84%85%E1%85%B5%E1%84%87%E1%85%B3-%E1%84%89%E1%85%B3%E1%84%90%E1%85%B3%E1%84%85%E1%85%A1%E1%84%8B%E1%85%B5%E1%84%91%E1%85%B3-%E1%84%82%E1%85%B5%E1%84%90%E1%85%B3-%E1%84%91%E1%85%A9%E1%86%AF%E1%84%85%E1%85%A9%E1%84%89%E1%85%A7%E1%84%8E%E1%85%B3-p02142184.html,https://static.zara.net/assets/public/d843/8697/42e24b8e8ec7/086f82e3a764/02142184105-p/02142184105-p.jpg?ts=1777992112608,"₩49,900",,,260622,스트라이프,,,,
,false,,ZARA,상의,니트,여성,벌룬 슬리브 니트 스웨터,https://www.zara.com/kr/ko/%E1%84%87%E1%85%A5%E1%86%AF%E1%84%85%E1%85%AE%E1%86%AB-%E1%84%89%E1%85%B3%E1%86%AF%E1%84%85%E1%85%B5%E1%84%87%E1%85%B3-%E1%84%82%E1%85%B5%E1%84%90%E1%85%B3-%E1%84%89%E1%85%B3%E1%84%8B%E1%85%B0%E1%84%90%E1%85%A5-p06236006.html,https://static.zara.net/assets/public/62b2/4dc3/d21d4d278fad/181698050d38/06236006300-p/06236006300-p.jpg?ts=1771765892430,"₩55,900",,,260622,노랑,,,,
,false,,ZARA,상의,니트,여성,볼 장식 니트 탑,https://www.zara.com/kr/ko/%E1%84%87%E1%85%A9%E1%86%AF-%E1%84%8C%E1%85%A1%E1%86%BC%E1%84%89%E1%85%B5%E1%86%A8-%E1%84%82%E1%85%B5%E1%84%90%E1%85%B3-%E1%84%90%E1%85%A1%E1%86%B8-p03921033.html,https://static.zara.net/assets/public/1bc2/a285/40f144f8a21e/37a254a49da9/03921033250-p/03921033250-p.jpg?ts=1776157550223,"₩57,900",,,260622,화이트,,,,
,false,,ZARA,상의,탑,여성,스트라이프 도트 니트 탑,https://www.zara.com/kr/ko/%E1%84%89%E1%85%B3%E1%84%90%E1%85%B3%E1%84%85%E1%85%A1%E1%84%8B%E1%85%B5%E1%84%91%E1%85%B3-%E1%84%83%E1%85%A9%E1%84%90%E1%85%B3-%E1%84%82%E1%85%B5%E1%84%90%E1%85%B3-%E1%84%90%E1%85%A1%E1%86%B8-p09874019.html,https://static.zara.net/assets/public/6c74/27d5/96b84bd1808e/bdc667c29425/09874019050-p/09874019050-p.jpg?ts=1776181931538,"₩39,900",,,260622,단색,,,,
,false,,ZARA,상의,니트,여성,골드 볼 장식 니트 탑,https://www.zara.com/kr/ko/%E1%84%80%E1%85%A9%E1%86%AF%E1%84%83%E1%85%B3-%E1%84%87%E1%85%A9%E1%86%AF-%E1%84%8C%E1%85%A1%E1%86%BC%E1%84%89%E1%85%B5%E1%86%A8-%E1%84%82%E1%85%B5%E1%84%90%E1%85%B3-%E1%84%90%E1%85%A1%E1%86%B8-p03921034.html,https://static.zara.net/assets/public/5f20/14d6/7187409b9be1/a2b2730e6a57/03921034400-p/03921034400-p.jpg?ts=1775662018322,"₩57,900",,,260622,블루,,,,
,false,,ZARA,상의,탑,여성,플라워 니트 스웨터,https://www.zara.com/kr/ko/%E1%84%91%E1%85%B3%E1%86%AF%E1%84%85%E1%85%A1%E1%84%8B%E1%85%AF-%E1%84%82%E1%85%B5%E1%84%90%E1%85%B3-%E1%84%89%E1%85%B3%E1%84%8B%E1%85%B0%E1%84%90%E1%85%A5-p09874017.html,https://static.zara.net/assets/public/d37b/a1cb/8f7e40709089/d992ad469f01/09874017330-p/09874017330-p.jpg?ts=1775811912255,"₩49,900",,,260622,멀티컬러,,,,
,false,,ZARA,상의,니트,여성,쇼트 슬리브 니트 스웨터,https://www.zara.com/kr/ko/%E1%84%89%E1%85%AD%E1%84%90%E1%85%B3-%E1%84%89%E1%85%B3%E1%86%AF%E1%84%85%E1%85%B5%E1%84%87%E1%85%B3-%E1%84%82%E1%85%B5%E1%84%90%E1%85%B3-%E1%84%89%E1%85%B3%E1%84%8B%E1%85%B0%E1%84%90%E1%85%A5-p01822027.html,https://static.zara.net/assets/public/3679/ec7d/9c3446039412/065e5f8ee17e/01822027700-p/01822027700-p.jpg?ts=1778681670536,"₩49,900",,,260622,브라운,,,,
,false,,ZARA,상의,가디건,여성,자카드 반소매 니트 재킷,https://www.zara.com/kr/ko/%E1%84%8C%E1%85%A1%E1%84%8F%E1%85%A1%E1%84%83%E1%85%B3-%E1%84%87%E1%85%A1%E1%86%AB%E1%84%89%E1%85%A9%E1%84%86%E1%85%A2-%E1%84%82%E1%85%B5%E1%84%90%E1%85%B3-%E1%84%8C%E1%85%A2%E1%84%8F%E1%85%B5%E1%86%BA-p03991005.html,https://static.zara.net/assets/public/eec5/02b3/dddb4f75aac7/af1e337caa1e/03991005050-p/03991005050-p.jpg?ts=1776248698666,"₩49,900",,,260622,단색,,,,
,false,,ZARA,상의,가디건,여성,오픈워크 니트 반소매 재킷,https://www.zara.com/kr/ko/%E1%84%8B%E1%85%A9%E1%84%91%E1%85%B3%E1%86%AB%E1%84%8B%E1%85%AF%E1%84%8F%E1%85%B3-%E1%84%82%E1%85%B5%E1%84%90%E1%85%B3-%E1%84%87%E1%85%A1%E1%86%AB%E1%84%89%E1%85%A9%E1%84%86%E1%85%A2-%E1%84%8C%E1%85%A2%E1%84%8F%E1%85%B5%E1%86%BA-p05802022.html,https://static.zara.net/assets/public/c1d8/fac3/d63f4da6b99e/68c3506a62b2/05802022080-p/05802022080-p.jpg?ts=1779272141031,"₩59,900",,,260622,"크림,블루",,,,
,false,,ZARA,상의,니트,여성,엑스트라 파인 브이넥 니트 스웨터,https://www.zara.com/kr/ko/%E1%84%8B%E1%85%A6%E1%86%A8%E1%84%89%E1%85%B3%E1%84%90%E1%85%B3%E1%84%85%E1%85%A1-%E1%84%91%E1%85%A1%E1%84%8B%E1%85%B5%E1%86%AB-%E1%84%87%E1%85%B3%E1%84%8B%E1%85%B5%E1%84%82%E1%85%A6%E1%86%A8-%E1%84%82%E1%85%B5%E1%84%90%E1%85%B3-%E1%84%89%E1%85%B3%E1%84%8B%E1%85%B0%E1%84%90%E1%85%A5-p04192075.html,https://static.zara.net/assets/public/8adb/75ca/1dde4ec59ab7/779327f0f291/02212515700-015-p/02212515700-015-p.jpg?ts=1771598473217,"₩57,900",,,260622,미디움 크림,,,,
,false,,ZARA,상의,가디건,여성,타이 후드 니트 재킷,https://www.zara.com/kr/ko/%E1%84%83%E1%85%B3%E1%84%85%E1%85%A9%E1%84%89%E1%85%B3%E1%84%90%E1%85%B3%E1%84%85%E1%85%B5%E1%86%BC-%E1%84%92%E1%85%AE%E1%84%83%E1%85%B3-%E1%84%82%E1%85%B5%E1%84%90%E1%85%B3-%E1%84%8C%E1%85%A2%E1%84%8F%E1%85%B5%E1%86%BA-p05536009.html,https://static.zara.net/assets/public/316f/d94a/1e3d4a9996ac/c9cbe3ebf282/05536009803-p/05536009803-p.jpg?ts=1771591795254,"₩79,900",,,260622,그레이,,,,
,false,,ZARA,원피스,원피스,여성,미디 니트 원피스,https://www.zara.com/kr/ko/%E1%84%86%E1%85%B5%E1%84%83%E1%85%B5-%E1%84%82%E1%85%B5%E1%84%90%E1%85%B3-%E1%84%8B%E1%85%AF%E1%86%AB%E1%84%91%E1%85%B5%E1%84%89%E1%85%B3-p02756048.html,https://static.zara.net/assets/public/20dc/6d5a/ea95454e8c71/7c8194cfe400/02756048712-a5/02756048712-a5.jpg?ts=1777566731245,"₩89,900",,,260622,크림,,,,
,false,,ZARA,상의,탑,여성,스트럭처 니트 탑,https://www.zara.com/kr/ko/%E1%84%89%E1%85%B3%E1%84%90%E1%85%B3%E1%84%85%E1%85%A5%E1%86%A8%E1%84%8E%E1%85%A5-%E1%84%82%E1%85%B5%E1%84%90%E1%85%B3-%E1%84%90%E1%85%A1%E1%86%B8-p05802001.html,https://static.zara.net/assets/public/67ab/e0ab/148c4f1c9a93/d0e759055e16/05802001600-p/05802001600-p.jpg?ts=1777563358575,"₩39,900",,,260622,레드,,,,
,false,,ZARA,상의,가디건,여성,지퍼 니트 재킷,https://www.zara.com/kr/ko/%E1%84%8C%E1%85%B5%E1%84%91%E1%85%A5-%E1%84%82%E1%85%B5%E1%84%90%E1%85%B3-%E1%84%8C%E1%85%A2%E1%84%8F%E1%85%B5%E1%86%BA-p05536036.html,https://static.zara.net/assets/public/8093/3540/5e8f4400b59c/990333053a9d/05536036250-p/05536036250-p.jpg?ts=1775723682458,"₩79,900",,,260622,화이트,,,,
,false,,ZARA,상의,가디건,여성,지퍼 니트 재킷,https://www.zara.com/kr/ko/%E1%84%8C%E1%85%B5%E1%84%91%E1%85%A5-%E1%84%82%E1%85%B5%E1%84%90%E1%85%B3-%E1%84%8C%E1%85%A2%E1%84%8F%E1%85%B5%E1%86%BA-p05536036.html,https://static.zara.net/assets/public/dfce/8cc5/7f744a2e8225/d8904e42518d/05536036800-p/05536036800-p.jpg?ts=1775723683297,"₩79,900",,,260622,블랙,,,,
,false,,ZARA,상의,탑,여성,플로럴 포인텔 니트 탑,https://www.zara.com/kr/ko/%E1%84%91%E1%85%A9%E1%84%8B%E1%85%B5%E1%86%AB%E1%84%90%E1%85%A6%E1%86%AF-%E1%84%91%E1%85%B3%E1%86%AF%E1%84%85%E1%85%A1%E1%84%8B%E1%85%AF-%E1%84%82%E1%85%B5%E1%84%90%E1%85%B3-%E1%84%90%E1%85%A1%E1%86%B8-p06771032.html,https://static.zara.net/assets/public/fd8a/b029/ef604ee79fe7/fa4cb14b0e33/06771032721-p/06771032721-p.jpg?ts=1777478824138,"₩29,900",,,260622,라이트 베이지,,,,
,false,,ZARA,바지,반바지,여성,펀칭 니트 쇼츠,https://www.zara.com/kr/ko/%E1%84%91%E1%85%A9%E1%84%8B%E1%85%B5%E1%86%AB%E1%84%90%E1%85%A6%E1%86%AF-%E1%84%82%E1%85%B5%E1%84%90%E1%85%B3-%E1%84%89%E1%85%AD%E1%84%8E%E1%85%B3-p06771033.html,https://static.zara.net/assets/public/6bb9/df7c/086845cda6a5/7d37ed8711d6/06771033721-p/06771033721-p.jpg?ts=1777478829367,"₩45,900",,,260622,라이트 베이지,,,,
,false,,ZARA,상의,가디건,여성,콘트라스트 파이핑 쇼트 슬리브 니트 재킷,https://www.zara.com/kr/ko/%E1%84%8F%E1%85%A9%E1%86%AB%E1%84%90%E1%85%B3%E1%84%85%E1%85%A1%E1%84%89%E1%85%B3%E1%84%90%E1%85%B3-%E1%84%91%E1%85%A1%E1%84%8B%E1%85%B5%E1%84%91%E1%85%B5%E1%86%BC-%E1%84%89%E1%85%AD%E1%84%90%E1%85%B3-%E1%84%89%E1%85%B3%E1%86%AF%E1%84%85%E1%85%B5%E1%84%87%E1%85%B3-%E1%84%82%E1%85%B5%E1%84%90%E1%85%B3-%E1%84%8C%E1%85%A2%E1%84%8F%E1%85%B5%E1%86%BA-p01822014.html,https://static.zara.net/assets/public/2c61/0ba3/d8cb423a9e76/b8a33543d7fc/01822014093-a2/01822014093-a2.jpg?ts=1778059472156,"₩59,900",,,260622,"블랙,크림",,,,
,false,,ZARA,상의,니트,여성,크롭 스트라이프 니트 탑,https://www.zara.com/kr/ko/%E1%84%89%E1%85%B3%E1%84%90%E1%85%B3%E1%84%85%E1%85%A1%E1%84%8B%E1%85%B5%E1%84%91%E1%85%B3-%E1%84%82%E1%85%B5%E1%84%90%E1%85%B3-%E1%84%8F%E1%85%B3%E1%84%85%E1%85%A9%E1%86%B8-%E1%84%90%E1%85%A1%E1%86%B8-p06236037.html,https://static.zara.net/assets/public/0495/a34b/a781461b9179/1bd6f9974e07/06236037047-p/06236037047-p.jpg?ts=1777563363895,"₩39,900",,,260622,프린트,,,,
,false,,ZARA,상의,탑,여성,액세서리 니트 탑,https://www.zara.com/kr/ko/%E1%84%8B%E1%85%A2%E1%86%A8%E1%84%89%E1%85%A6%E1%84%89%E1%85%A5%E1%84%85%E1%85%B5-%E1%84%82%E1%85%B5%E1%84%90%E1%85%B3-%E1%84%90%E1%85%A1%E1%86%B8-p05536035.html,https://static.zara.net/assets/public/ffb5/ce14/b0674cafb10e/ef7605d5f1af/03911700930-p/03911700930-p.jpg?ts=1777460035195,"₩45,900",,,260622,올리브,,,,
,false,,ZARA,상의,가디건,여성,플라워 자카드 니트 재킷,https://www.zara.com/kr/ko/%E1%84%91%E1%85%B3%E1%86%AF%E1%84%85%E1%85%A1%E1%84%8B%E1%85%AF-%E1%84%8C%E1%85%A1%E1%84%8F%E1%85%A1%E1%84%83%E1%85%B3-%E1%84%82%E1%85%B5%E1%84%90%E1%85%B3-%E1%84%8C%E1%85%A2%E1%84%8F%E1%85%B5%E1%86%BA-p01822021.html,https://static.zara.net/assets/public/279e/042b/9c694b9f9b2c/4f5ea0016807/01822021902-p/01822021902-p.jpg?ts=1780058844555,"₩79,900",,,260622,핑크,,,,
,false,,ZARA,상의,탑,여성,리브드 니트 탑,https://www.zara.com/kr/ko/%E1%84%85%E1%85%B5%E1%84%87%E1%85%B3%E1%84%83%E1%85%B3-%E1%84%82%E1%85%B5%E1%84%90%E1%85%B3-%E1%84%90%E1%85%A1%E1%86%B8-p00244004.html,https://static.zara.net/assets/public/c282/5885/0aaa4a2eb94e/f79e78081c1f/00244004500-a2/00244004500-a2.jpg?ts=1775636449117,"₩35,900",,,260622,초록,,,,
,false,,ZARA,원피스,원피스,여성,플라워 자카드 니트 미니 원피스,https://www.zara.com/kr/ko/%E1%84%91%E1%85%B3%E1%86%AF%E1%84%85%E1%85%A1%E1%84%8B%E1%85%AF-%E1%84%8C%E1%85%A1%E1%84%8F%E1%85%A1%E1%84%83%E1%85%B3-%E1%84%82%E1%85%B5%E1%84%90%E1%85%B3-%E1%84%86%E1%85%B5%E1%84%82%E1%85%B5-%E1%84%8B%E1%85%AF%E1%86%AB%E1%84%91%E1%85%B5%E1%84%89%E1%85%B3-p01822020.html,https://static.zara.net/assets/public/f027/c58d/02e34b398cf7/2cba2a275c6f/01822020902-p/01822020902-p.jpg?ts=1780058844659,"₩59,900",,,260622,핑크,,,,
,false,,ZARA,상의,가디건,여성,오픈워크 스트라이프 니트 재킷,https://www.zara.com/kr/ko/%E1%84%89%E1%85%B3%E1%84%90%E1%85%B3%E1%84%85%E1%85%A1%E1%84%8B%E1%85%B5%E1%84%91%E1%85%B3-%E1%84%8B%E1%85%A9%E1%84%91%E1%85%B3%E1%86%AB%E1%84%8B%E1%85%AF%E1%84%8F%E1%85%B3-%E1%84%82%E1%85%B5%E1%84%90%E1%85%B3-%E1%84%8C%E1%85%A2%E1%84%8F%E1%85%B5%E1%86%BA-p06771022.html,https://static.zara.net/assets/public/1568/b44c/0021487eb906/6f2005e42851/06771022330-p/06771022330-p.jpg?ts=1777478809664,"₩59,900",,,260622,멀티컬러,,,,
,false,,ZARA,상의,탑,여성,프린지 니트 탑,https://www.zara.com/kr/ko/%E1%84%91%E1%85%B3%E1%84%85%E1%85%B5%E1%86%AB%E1%84%8C%E1%85%B5-%E1%84%82%E1%85%B5%E1%84%90%E1%85%B3-%E1%84%90%E1%85%A1%E1%86%B8-p06771025.html,https://static.zara.net/assets/public/b7b2/7231/21de470a8e7a/5f94268429dd/01939140067-p/01939140067-p.jpg?ts=1777561252548,"₩45,900",,,260622,끈,,,,
,false,,ZARA,상의,니트,여성,포인텔 벨 슬리브 니트 스웨터,https://www.zara.com/kr/ko/%E1%84%91%E1%85%A9%E1%84%8B%E1%85%B5%E1%86%AB%E1%84%90%E1%85%A6%E1%86%AF-%E1%84%91%E1%85%B3%E1%86%AF%E1%84%85%E1%85%A6%E1%84%8B%E1%85%A5-%E1%84%89%E1%85%B3%E1%86%AF%E1%84%85%E1%85%B5%E1%84%87%E1%85%B3-%E1%84%82%E1%85%B5%E1%84%90%E1%85%B3-%E1%84%89%E1%85%B3%E1%84%8B%E1%85%B0%E1%84%90%E1%85%A5-p03921032.html,https://static.zara.net/assets/public/ca56/1314/e76d4df7ab2b/c74833d6e081/03921032250-p/03921032250-p.jpg?ts=1779809708586,"₩49,900",,,260622,화이트,,,,
,false,,ZARA,상의,탑,여성,포인텔 니트 탑,https://www.zara.com/kr/ko/%E1%84%91%E1%85%A9%E1%84%8B%E1%85%B5%E1%86%AB%E1%84%90%E1%85%A6%E1%86%AF-%E1%84%82%E1%85%B5%E1%84%90%E1%85%B3-%E1%84%90%E1%85%A2%E1%86%BC%E1%84%8F%E1%85%B3-%E1%84%90%E1%85%A1%E1%86%B8-p06771029.html,https://static.zara.net/assets/public/16f4/c6da/cb3d4438a3c9/c0060f3ce669/06771027707-p/06771027707-p.jpg?ts=1778847920013,"₩39,900",,,260622,샌드,,,,
,false,,ZARA,바지,반바지,여성,포인텔 니트 쇼츠,https://www.zara.com/kr/ko/%E1%84%91%E1%85%A9%E1%84%8B%E1%85%B5%E1%86%AB%E1%84%90%E1%85%A6%E1%86%AF-%E1%84%82%E1%85%B5%E1%84%90%E1%85%B3-%E1%84%89%E1%85%AD%E1%84%8E%E1%85%B3-p06771027.html,https://static.zara.net/assets/public/16f4/c6da/cb3d4438a3c9/c0060f3ce669/06771027707-p/06771027707-p.jpg?ts=1778847920013,"₩39,900",,,260622,샌드,,,,
,false,,ZARA,바지,반바지,여성,오픈워크 니트 쇼츠,https://www.zara.com/kr/ko/%E1%84%91%E1%85%A5%E1%86%AB%E1%84%8E%E1%85%B5%E1%86%BC-%E1%84%82%E1%85%B5%E1%84%90%E1%85%B3-%E1%84%89%E1%85%AD%E1%84%8E%E1%85%B3-p05802037.html,https://static.zara.net/assets/public/5ffe/7177/006b40f383e1/64b5ee128887/05802037800-p/05802037800-p.jpg?ts=1779371875045,"₩39,900",,,260622,블랙,,,,
,false,,ZARA,상의,니트,여성,오픈워크 니트 스웨터,https://www.zara.com/kr/ko/%E1%84%8B%E1%85%A9%E1%84%91%E1%85%B3%E1%86%AB%E1%84%8B%E1%85%AF%E1%84%8F%E1%85%B3-%E1%84%82%E1%85%B5%E1%84%90%E1%85%B3-%E1%84%89%E1%85%B3%E1%84%8B%E1%85%B0%E1%84%90%E1%85%A5-p05802036.html,https://static.zara.net/assets/public/a44e/c5ab/cb924ca79527/5294860b21b9/05802036800-p/05802036800-p.jpg?ts=1779371872989,"₩57,900",,,260622,블랙,,,,
,false,,ZARA,상의,탑,여성,펀칭 자수 니트 탑,https://www.zara.com/kr/ko/%E1%84%91%E1%85%A5%E1%86%AB%E1%84%8E%E1%85%B5%E1%86%BC-%E1%84%8C%E1%85%A1%E1%84%89%E1%85%AE-%E1%84%82%E1%85%B5%E1%84%90%E1%85%B3-%E1%84%90%E1%85%A1%E1%86%B8-p05802032.html,https://static.zara.net/assets/public/9b69/2b8d/02b14bf4988b/bd53ff8214fc/05802032250-p/05802032250-p.jpg?ts=1776860039672,"₩49,900",,,260622,화이트,,,,
,false,,ZARA,치마,스커트,여성,니트 미니 스커트,https://www.zara.com/kr/ko/%E1%84%82%E1%85%B5%E1%84%90%E1%85%B3-%E1%84%86%E1%85%B5%E1%84%82%E1%85%B5-%E1%84%89%E1%85%B3%E1%84%8F%E1%85%A5%E1%84%90%E1%85%B3-p02142146.html,https://static.zara.net/assets/public/6a57/1ecf/f2214b27ba4a/b97617301bd1/02142146806-p/02142146806-p.jpg?ts=1779873836945,"₩49,900",,,260622,스톤,,,,
,false,,ZARA,상의,가디건,여성,벌룬 슬리브 니트 재킷,https://www.zara.com/kr/ko/%E1%84%87%E1%85%A5%E1%86%AF%E1%84%85%E1%85%AE%E1%86%AB-%E1%84%89%E1%85%B3%E1%86%AF%E1%84%85%E1%85%B5%E1%84%87%E1%85%B3-%E1%84%82%E1%85%B5%E1%84%90%E1%85%B3-%E1%84%8C%E1%85%A2%E1%84%8F%E1%85%B5%E1%86%BA-p02142144.html,https://static.zara.net/assets/public/5f4f/c2c7/62994d948aed/57c58cc3b94c/02142144806-p/02142144806-p.jpg?ts=1779873836292,"₩59,900",,,260622,스톤,,,,
,false,,ZARA,상의,탑,여성,홀터 니트 탑,https://www.zara.com/kr/ko/%E1%84%92%E1%85%A9%E1%86%AF%E1%84%90%E1%85%A5%E1%84%82%E1%85%A6%E1%86%A8-%E1%84%82%E1%85%B5%E1%84%90%E1%85%B3-%E1%84%90%E1%85%A1%E1%86%B8-p06771030.html,https://static.zara.net/assets/public/df4e/8781/39384c3d9a2f/2ad6ece90040/06771030712-p/06771030712-p.jpg?ts=1778500401701,"₩35,900",,,260622,크림,,,,
,false,,ZARA,상의,니트,여성,포인텔 니트 스웨터,https://www.zara.com/kr/ko/%E1%84%91%E1%85%A9%E1%84%8B%E1%85%B5%E1%86%AB%E1%84%90%E1%85%A6%E1%86%AF-%E1%84%82%E1%85%B5%E1%84%90%E1%85%B3-%E1%84%89%E1%85%B3%E1%84%8B%E1%85%B0%E1%84%90%E1%85%A5-p05802016.html,https://static.zara.net/assets/public/ea2a/30ca/6c0a481b941b/b2bf03b597bb/05802016711-p/05802016711-p.jpg?ts=1777367105445,"₩49,900",,,260622,샌드,,,,
,false,,ZARA,치마,스커트,여성,포인텔 니트 미니 스커트,https://www.zara.com/kr/ko/%E1%84%91%E1%85%A9%E1%84%8B%E1%85%B5%E1%86%AB%E1%84%90%E1%85%A6%E1%86%AF-%E1%84%82%E1%85%B5%E1%84%90%E1%85%B3-%E1%84%86%E1%85%B5%E1%84%82%E1%85%B5-%E1%84%89%E1%85%B3%E1%84%8F%E1%85%A5%E1%84%90%E1%85%B3-p05802018.html,https://static.zara.net/assets/public/b411/dcef/633d45f3a68d/3c3c2a4c9e62/05802018711-p/05802018711-p.jpg?ts=1777367111180,"₩39,900",,,260622,샌드,,,,
,false,,ZARA,상의,니트,여성,숄더 패드 니트 스웨터,https://www.zara.com/kr/ko/%E1%84%89%E1%85%AD%E1%86%AF%E1%84%83%E1%85%A5-%E1%84%91%E1%85%A2%E1%84%83%E1%85%B3-%E1%84%82%E1%85%B5%E1%84%90%E1%85%B3-%E1%84%89%E1%85%B3%E1%84%8B%E1%85%B0%E1%84%90%E1%85%A5-p06771010.html,https://static.zara.net/assets/public/e201/74de/bb674f63a8ec/bd419be17caa/06771010526-p/06771010526-p.jpg?ts=1771406474060,"₩55,900",,,260622,라이트 그린,,,,
,false,,ZARA,바지,반바지,여성,스트라이프 니트 쇼츠,https://www.zara.com/kr/ko/%E1%84%89%E1%85%B3%E1%84%90%E1%85%B3%E1%84%85%E1%85%A1%E1%84%8B%E1%85%B5%E1%84%91%E1%85%B3-%E1%84%82%E1%85%B5%E1%84%90%E1%85%B3-%E1%84%89%E1%85%AD%E1%84%8E%E1%85%B3-p06236033.html,https://static.zara.net/assets/public/4f83/697e/167741418d45/0a9a1b0fe837/06236033330-p/06236033330-p.jpg?ts=1779809739580,"₩35,900",,,260622,멀티컬러,,,,
,false,,ZARA,기타,WAISTCOAT,여성,크로스 버클 베스트,https://www.zara.com/kr/ko/%E1%84%83%E1%85%A5%E1%84%87%E1%85%B3%E1%86%AF-%E1%84%87%E1%85%A5%E1%84%8F%E1%85%B3%E1%86%AF-%E1%84%8F%E1%85%B3%E1%84%85%E1%85%A9%E1%84%89%E1%85%B3-%E1%84%87%E1%85%A6%E1%84%89%E1%85%B3%E1%84%90%E1%85%B3-p04192081.html,https://static.zara.net/assets/public/4248/10b4/a28a449985d9/4d3460e8ed6b/04192081401-p/04192081401-p.jpg?ts=1775808793993,"₩57,900",,,260622,네이비,,,,
,false,,ZARA,상의,가디건,여성,비대칭 여밈 니트 재킷,https://www.zara.com/kr/ko/%E1%84%8B%E1%85%A1%E1%84%89%E1%85%B5%E1%84%86%E1%85%A6%E1%84%90%E1%85%B3%E1%84%85%E1%85%B5%E1%86%A8-%E1%84%87%E1%85%A5%E1%84%90%E1%85%B3%E1%86%AB-%E1%84%82%E1%85%B5%E1%84%90%E1%85%B3-%E1%84%8C%E1%85%A2%E1%84%8F%E1%85%B5%E1%86%BA-p05536042.html,https://static.zara.net/assets/public/ead9/f51d/e56c46ba9acb/f696e518d414/05536042250-p/05536042250-p.jpg?ts=1776094440610,"₩79,900",,,260622,화이트,,,,
,false,,ZARA,원피스,원피스,여성,롱 니트 원피스,https://www.zara.com/kr/ko/%E1%84%85%E1%85%A9%E1%86%BC-%E1%84%82%E1%85%B5%E1%84%90%E1%85%B3-%E1%84%8B%E1%85%AF%E1%86%AB%E1%84%91%E1%85%B5%E1%84%89%E1%85%B3-p02893049.html,https://static.zara.net/assets/public/4c08/f191/d19f4f05ae8c/2e2745dbed31/02893049422-p/02893049422-p.jpg?ts=1779722096914,"₩109,900",,,260622,다크 블루,,,,
,false,,ZARA,상의,탑,여성,보트넥 니트 탑,https://www.zara.com/kr/ko/%E1%84%87%E1%85%A9%E1%84%90%E1%85%B3%E1%84%82%E1%85%A6%E1%86%A8-%E1%84%82%E1%85%B5%E1%84%90%E1%85%B3-%E1%84%90%E1%85%A1%E1%86%B8-p02142154.html,https://static.zara.net/assets/public/633c/dd0b/3bef42108fad/e4f129d5bd8d/02142155691-p/02142155691-p.jpg?ts=1778595895986,"₩49,900",,,260622,미디움 레드,,,,
,false,,ZARA,상의,니트,여성,와이드 슬리브 니트 스웨터,https://www.zara.com/kr/ko/%E1%84%8B%E1%85%AA%E1%84%8B%E1%85%B5%E1%84%83%E1%85%B3-%E1%84%8B%E1%85%A1%E1%86%B7%E1%84%92%E1%85%A9%E1%86%AF-%E1%84%82%E1%85%B5%E1%84%90%E1%85%B3-%E1%84%89%E1%85%B3%E1%84%8B%E1%85%B0%E1%84%90%E1%85%A5-p02756014.html,https://static.zara.net/assets/public/cd4f/5044/1a9644559142/47129240c731/02756014712-p/02756014712-p.jpg?ts=1770997375298,"₩57,900",,,260622,크림,,,,
,false,,ZARA,치마,스커트,여성,니트 미디 스커트,https://www.zara.com/kr/ko/%E1%84%82%E1%85%B5%E1%84%90%E1%85%B3-%E1%84%86%E1%85%B5%E1%84%83%E1%85%B5-%E1%84%89%E1%85%B3%E1%84%8F%E1%85%A5%E1%84%90%E1%85%B3-p02756142.html,https://static.zara.net/assets/public/7e1b/5d99/23634d8591cc/0de8fe207040/02756142712-p/02756142712-p.jpg?ts=1770997375213,"₩55,900",,,260622,크림,,,,
,false,,ZARA,상의,탑,여성,펄 링클 페이크 니트 탑,https://www.zara.com/kr/ko/%E1%84%85%E1%85%B5%E1%86%BC%E1%84%8F%E1%85%B3%E1%86%AF-%E1%84%91%E1%85%A6%E1%84%8B%E1%85%B5%E1%84%8F%E1%85%B3-%E1%84%8C%E1%85%B5%E1%86%AB%E1%84%8C%E1%85%AE-%E1%84%82%E1%85%B5%E1%84%90%E1%85%B3-%E1%84%90%E1%85%A1%E1%86%B8-p09598017.html,https://static.zara.net/assets/public/59f3/6ade/057e4bed8195/046d81b62e29/09598017942-p/09598017942-p.jpg?ts=1770993862257,"₩59,900",,,260622,베이지 핑크,,,,
,false,,ZARA,상의,탑,여성,플라워 하이넥 니트 탑,https://www.zara.com/kr/ko/%E1%84%92%E1%85%A1%E1%84%8B%E1%85%B5%E1%84%82%E1%85%A6%E1%86%A8-%E1%84%91%E1%85%B3%E1%86%AF%E1%84%85%E1%85%A1%E1%84%8B%E1%85%AF-%E1%84%82%E1%85%B5%E1%84%90%E1%85%B3-%E1%84%90%E1%85%A1%E1%86%B8-p00021013.html,https://static.zara.net/assets/public/e9d9/ae6a/59a2496cb644/0bf230663a37/00021013800-p/00021013800-p.jpg?ts=1779277744216,"₩89,900",,,260622,블랙,,,,
,false,,ZARA,상의,탑,여성,오프숄더 니트 스웨터,https://www.zara.com/kr/ko/%E1%84%8B%E1%85%A9%E1%84%91%E1%85%B3%E1%84%89%E1%85%AD%E1%86%AF%E1%84%83%E1%85%A5-%E1%84%82%E1%85%B5%E1%84%90%E1%85%B3-%E1%84%89%E1%85%B3%E1%84%8B%E1%85%B0%E1%84%90%E1%85%A5-p05755131.html,https://static.zara.net/assets/public/12a3/44fd/b12648818412/533505546de4/05755131250-p/05755131250-p.jpg?ts=1770982521509,"₩57,900",,,260622,화이트,,,,
,false,,ZARA,상의,가디건,여성,콘트라스트 트리밍 니트 재킷,https://www.zara.com/kr/ko/%E1%84%8F%E1%85%A9%E1%86%AB%E1%84%90%E1%85%B3%E1%84%85%E1%85%A1%E1%84%89%E1%85%B3%E1%84%90%E1%85%B3-%E1%84%90%E1%85%B3%E1%84%85%E1%85%B5%E1%84%86%E1%85%B5%E1%86%BC-%E1%84%82%E1%85%B5%E1%84%90%E1%85%B3-%E1%84%8C%E1%85%A2%E1%84%8F%E1%85%B5%E1%86%BA-p01822017.html,https://static.zara.net/assets/public/011e/e52c/6ad64cd0b612/aba1bd4a7cba/01822017712-p/01822017712-p.jpg?ts=1776878747100,"₩79,900",,,260622,크림,,,,
,false,,ZARA,상의,탑,여성,숄더 디테일 니트 탑,https://www.zara.com/kr/ko/%E1%84%89%E1%85%AD%E1%86%AF%E1%84%83%E1%85%A5-%E1%84%83%E1%85%B5%E1%84%90%E1%85%A6%E1%84%8B%E1%85%B5%E1%86%AF-%E1%84%82%E1%85%B5%E1%84%90%E1%85%B3-%E1%84%90%E1%85%A1%E1%86%B8-p04938006.html,https://static.zara.net/assets/public/d2e4/2065/f9c5468e91a7/53d974b286fe/04938006715-p/04938006715-p.jpg?ts=1770977643767,"₩49,900",,,260622,미디움 크림,,,,
,false,,ZARA,상의,니트,여성,숏 니트 스웨터,https://www.zara.com/kr/ko/%E1%84%8F%E1%85%B3%E1%84%85%E1%85%A9%E1%86%B8-%E1%84%82%E1%85%B5%E1%84%90%E1%85%B3-%E1%84%89%E1%85%B3%E1%84%8B%E1%85%B0%E1%84%90%E1%85%A5-p01822004.html,https://static.zara.net/assets/public/4886/f895/24aa4c2c8e59/6081b720ddb3/01822004712-p/01822004712-p.jpg?ts=1770977642211,"₩55,900",,,260622,크림,,,,
,false,,ZARA,상의,가디건,여성,컬러 블록 니트 재킷,https://www.zara.com/kr/ko/%E1%84%8F%E1%85%A5%E1%86%AF%E1%84%85%E1%85%A5-%E1%84%87%E1%85%B3%E1%86%AF%E1%84%85%E1%85%A9%E1%86%A8-%E1%84%82%E1%85%B5%E1%84%90%E1%85%B3-%E1%84%8C%E1%85%A2%E1%84%8F%E1%85%B5%E1%86%BA-p06771024.html,https://static.zara.net/assets/public/c895/af69/dd8041438e13/71633fe364e1/06771024330-p/06771024330-p.jpg?ts=1776419757321,"₩57,900",,,260622,멀티컬러,,,,
,false,,ZARA,원피스,원피스,여성,프릴 포인트 니트 원피스,https://www.zara.com/kr/ko/%E1%84%91%E1%85%B3%E1%84%85%E1%85%B5%E1%86%AF-%E1%84%91%E1%85%A9%E1%84%8B%E1%85%B5%E1%86%AB%E1%84%90%E1%85%B3-%E1%84%82%E1%85%B5%E1%84%90%E1%85%B3-%E1%84%8B%E1%85%AF%E1%86%AB%E1%84%91%E1%85%B5%E1%84%89%E1%85%B3-p02756040.html,https://static.zara.net/assets/public/7b34/599a/0e814b678bf5/5796845d79b9/02756040737-a5/02756040737-a5.jpg?ts=1778767701632,"₩89,900",,,260622,"브라운,토프",,,,
,false,,ZARA,상의,탑,여성,프릴 포인텔 니트 탑,https://www.zara.com/kr/ko/%E1%84%91%E1%85%B3%E1%84%85%E1%85%B5%E1%86%AF-%E1%84%91%E1%85%A9%E1%84%8B%E1%85%B5%E1%86%AB%E1%84%90%E1%85%A6%E1%86%AF-%E1%84%82%E1%85%B5%E1%84%90%E1%85%B3-%E1%84%90%E1%85%A1%E1%86%B8-p02756041.html,https://static.zara.net/assets/public/4dd2/2f37/2bf0451db0b7/0e5f04998838/02756041712-p/02756041712-p.jpg?ts=1778684736778,"₩39,900",,,260622,크림,,,,
,false,,ZARA,원피스,원피스,여성,포인텔 니트 미니 원피스,https://www.zara.com/kr/ko/%E1%84%91%E1%85%A9%E1%84%8B%E1%85%B5%E1%86%AB%E1%84%90%E1%85%A6%E1%86%AF-%E1%84%82%E1%85%B5%E1%84%90%E1%85%B3-%E1%84%86%E1%85%B5%E1%84%82%E1%85%B5-%E1%84%8B%E1%85%AF%E1%86%AB%E1%84%91%E1%85%B5%E1%84%89%E1%85%B3-p06236031.html,https://static.zara.net/assets/public/9098/46ca/e0eb47008462/e2b1048c29fa/06236031250-a3/06236031250-a3.jpg?ts=1776870934653,"₩55,900",,,260622,화이트,,,,
,false,,ZARA,상의,니트,여성,스트럭처 니트 스웨터,https://www.zara.com/kr/ko/%E1%84%89%E1%85%B3%E1%84%90%E1%85%B3%E1%84%85%E1%85%A5%E1%86%A8%E1%84%8E%E1%85%A5-%E1%84%82%E1%85%B5%E1%84%90%E1%85%B3-%E1%84%89%E1%85%B3%E1%84%8B%E1%85%B0%E1%84%90%E1%85%A5-p03500001.html,https://static.zara.net/assets/public/e802/3e61/d34447b2a24d/223092e96b54/03500001072-p/03500001072-p.jpg?ts=1770827727208,"₩59,900",,,260622,아이보리-화이트,,,,
,false,,ZARA,원피스,원피스,여성,주얼 비즈 미니 원피스,https://www.zara.com/kr/ko/%E1%84%8C%E1%85%AE%E1%84%8B%E1%85%A5%E1%86%AF%E1%84%85%E1%85%B5-%E1%84%87%E1%85%B5%E1%84%8C%E1%85%B3-%E1%84%86%E1%85%B5%E1%84%82%E1%85%B5-%E1%84%8B%E1%85%AF%E1%86%AB%E1%84%91%E1%85%B5%E1%84%89%E1%85%B3-p03920286.html,https://static.zara.net/assets/public/595a/09d6/d4eb4668968f/14f162d56e51/03920286808-p/03920286808-p.jpg?ts=1779362842094,"₩209,900",,,260622,실버,,,,
,false,,ZARA,원피스,원피스,여성,스트라이프 롱 니트 원피스,https://www.zara.com/kr/ko/%E1%84%89%E1%85%B3%E1%84%90%E1%85%B3%E1%84%85%E1%85%A1%E1%84%8B%E1%85%B5%E1%84%91%E1%85%B3-%E1%84%85%E1%85%A9%E1%86%BC-%E1%84%82%E1%85%B5%E1%84%90%E1%85%B3-%E1%84%8B%E1%85%AF%E1%86%AB%E1%84%91%E1%85%B5%E1%84%89%E1%85%B3-p04192076.html,https://static.zara.net/assets/public/0748/ba2b/34904316a59b/daaab78bda1e/04192076330-a2/04192076330-a2.jpg?ts=1780043414440,"₩59,900",,,260622,멀티컬러,,,,
,false,,ZARA,상의,니트,여성,벌룬 슬리브 니트 스웨터,https://www.zara.com/kr/ko/%E1%84%87%E1%85%A5%E1%86%AF%E1%84%85%E1%85%AE%E1%86%AB-%E1%84%89%E1%85%B3%E1%86%AF%E1%84%85%E1%85%B5%E1%84%87%E1%85%B3-%E1%84%82%E1%85%B5%E1%84%90%E1%85%B3-%E1%84%89%E1%85%B3%E1%84%8B%E1%85%B0%E1%84%90%E1%85%A5-p02756042.html,https://static.zara.net/assets/public/65e8/23f0/ff884dbebc43/830b705830ce/02756042800-p/02756042800-p.jpg?ts=1775809752638,"₩55,900",,,260622,블랙,,,,
,false,,ZARA,상의,니트,여성,벌룬 슬리브 니트 스웨터,https://www.zara.com/kr/ko/%E1%84%87%E1%85%A5%E1%86%AF%E1%84%85%E1%85%AE%E1%86%AB-%E1%84%89%E1%85%B3%E1%86%AF%E1%84%85%E1%85%B5%E1%84%87%E1%85%B3-%E1%84%82%E1%85%B5%E1%84%90%E1%85%B3-%E1%84%89%E1%85%B3%E1%84%8B%E1%85%B0%E1%84%90%E1%85%A5-p02756042.html,https://static.zara.net/assets/public/7a59/2417/b769439d8ace/6916ee8f66dc/02756042632-1-p/02756042632-1-p.jpg?ts=1775810120951,"₩55,900",,,260622,브라이트 레드,,,,
,false,,ZARA,상의,니트,여성,오픈워크 니트 스웨터,https://www.zara.com/kr/ko/%E1%84%8B%E1%85%A9%E1%84%91%E1%85%B3%E1%86%AB%E1%84%8B%E1%85%AF%E1%84%8F%E1%85%B3-%E1%84%82%E1%85%B5%E1%84%90%E1%85%B3-%E1%84%89%E1%85%B3%E1%84%8B%E1%85%B0%E1%84%90%E1%85%A5-p05755048.html,https://static.zara.net/assets/public/fb3f/cfbc/5bec4605814f/90b675d7fd50/05755048800-p/05755048800-p.jpg?ts=1779895403688,"₩49,900",,,260622,블랙,,,,
,false,,ZARA,상의,니트,여성,스트라이프 케이블 니트 스웨터,https://www.zara.com/kr/ko/%E1%84%89%E1%85%B3%E1%84%90%E1%85%B3%E1%84%85%E1%85%A1%E1%84%8B%E1%85%B5%E1%84%91%E1%85%B3-%E1%84%8F%E1%85%A6%E1%84%8B%E1%85%B5%E1%84%87%E1%85%B3%E1%86%AF-%E1%84%82%E1%85%B5%E1%84%90%E1%85%B3-%E1%84%89%E1%85%B3%E1%84%8B%E1%85%B0%E1%84%90%E1%85%A5-p06427019.html,https://static.zara.net/assets/public/857e/33aa/68e24802a2a4/df83c01f1a49/06427019104-p/06427019104-p.jpg?ts=1776163255142,"₩49,900",,,260622,스트라이프,,,,
,false,,ZARA,상의,가디건,여성,100% 엑스트라 소프트 울 재킷,https://www.zara.com/kr/ko/100-%E1%84%8B%E1%85%A6%E1%86%A8%E1%84%89%E1%85%B3%E1%84%90%E1%85%B3%E1%84%85%E1%85%A1-%E1%84%89%E1%85%A9%E1%84%91%E1%85%B3%E1%84%90%E1%85%B3-%E1%84%8B%E1%85%AE%E1%86%AF-%E1%84%8C%E1%85%A2%E1%84%8F%E1%85%B5%E1%86%BA-p09598007.html,https://static.zara.net/assets/public/0a26/6eac/1b25449a9da5/c4d1ad93150e/09598007722-p/09598007722-p.jpg?ts=1770737899127,"₩89,900",,,260622,그레이 밍크,,,,
,false,,ZARA,상의,니트,여성,엑스트라 파인 울 실크 스웨터,https://www.zara.com/kr/ko/-p09598145.html,https://static.zara.net/assets/public/9273/f81a/ac484b01a34a/9b0aa363a6b5/09598145401-p/09598145401-p.jpg?ts=1770737892150,"₩59,900",,,260622,네이비,,,,
,false,,ZARA,상의,탑,여성,오프숄더 니트 스웨터,https://www.zara.com/kr/ko/%E1%84%8B%E1%85%A9%E1%84%91%E1%85%B3%E1%84%89%E1%85%AD%E1%86%AF%E1%84%83%E1%85%A5-%E1%84%82%E1%85%B5%E1%84%90%E1%85%B3-%E1%84%89%E1%85%B3%E1%84%8B%E1%85%B0%E1%84%90%E1%85%A5-p05755131.html,https://static.zara.net/assets/public/a8cb/a1a3/b6b64aa391e6/9b1a575d7c5c/05755131406-p/05755131406-p.jpg?ts=1770737099803,"₩57,900",,,260622,라이트 블루,,,,
,false,,ZARA,상의,탑,여성,오프숄더 니트 스웨터,https://www.zara.com/kr/ko/%E1%84%8B%E1%85%A9%E1%84%91%E1%85%B3%E1%84%89%E1%85%AD%E1%86%AF%E1%84%83%E1%85%A5-%E1%84%82%E1%85%B5%E1%84%90%E1%85%B3-%E1%84%89%E1%85%B3%E1%84%8B%E1%85%B0%E1%84%90%E1%85%A5-p05755131.html,https://static.zara.net/assets/public/588e/76cc/936c457fbb0e/a5dc65720563/05755131644-p/05755131644-p.jpg?ts=1770737100425,"₩57,900",,,260622,라이트 로즈,,,,
,false,,ZARA,상의,탑,여성,컷아웃 볼 니트 탑,https://www.zara.com/kr/ko/%E1%84%8F%E1%85%A5%E1%86%BA%E1%84%8B%E1%85%A1%E1%84%8B%E1%85%AE%E1%86%BA-%E1%84%87%E1%85%A9%E1%86%AF-%E1%84%82%E1%85%B5%E1%84%90%E1%85%B3-%E1%84%90%E1%85%A1%E1%86%B8-p09874010.html,https://static.zara.net/assets/public/bd57/b111/8932493984ef/43e8c2babde0/09874010713-p/09874010713-p.jpg?ts=1776094456486,"₩55,900",,,260622,베이지 핑크,,,,
,false,,ZARA,상의,니트,여성,더블 니트 스웨터,https://www.zara.com/kr/ko/%E1%84%83%E1%85%A5%E1%84%87%E1%85%B3%E1%86%AF-%E1%84%82%E1%85%B5%E1%84%90%E1%85%B3-%E1%84%89%E1%85%B3%E1%84%8B%E1%85%B0%E1%84%90%E1%85%A5-p01509130.html,https://static.zara.net/assets/public/ffb0/4692/fc664f4cb508/05898655922a/01509130706-p/01509130706-p.jpg?ts=1770733820834,"₩49,900",,,260622,밍크,,,,
,false,,ZARA,상의,가디건,여성,오픈워크 반소매 니트 재킷,https://www.zara.com/kr/ko/%E1%84%8B%E1%85%A9%E1%84%91%E1%85%B3%E1%86%AB%E1%84%8B%E1%85%AF%E1%84%8F%E1%85%B3-%E1%84%87%E1%85%A1%E1%86%AB%E1%84%89%E1%85%A9%E1%84%86%E1%85%A2-%E1%84%82%E1%85%B5%E1%84%90%E1%85%B3-%E1%84%8C%E1%85%A2%E1%84%8F%E1%85%B5%E1%86%BA-p06427015.html,https://static.zara.net/assets/public/9966/ff2f/1c484d84a7d5/42e13381fd56/06427015064-p/06427015064-p.jpg?ts=1775723713416,"₩55,900",,,260622,"화이트,블랙",,,,
,false,,ZARA,상의,니트,여성,스트라이프 니트 스웨터,https://www.zara.com/kr/ko/%E1%84%89%E1%85%B3%E1%84%90%E1%85%B3%E1%84%85%E1%85%A1%E1%84%8B%E1%85%B5%E1%84%91%E1%85%B3-%E1%84%82%E1%85%B5%E1%84%90%E1%85%B3-%E1%84%89%E1%85%B3%E1%84%8B%E1%85%B0%E1%84%90%E1%85%A5-p02756039.html,https://static.zara.net/assets/public/cfe1/3019/86354c048e78/03b7b3a74732/02756039615-p/02756039615-p.jpg?ts=1776419728260,"₩55,900",,,260622,오렌지,,,,
,false,,ZARA,치마,스커트,여성,니트 미디 스커트,https://www.zara.com/kr/ko/%E1%84%82%E1%85%B5%E1%84%90%E1%85%B3-%E1%84%86%E1%85%B5%E1%84%83%E1%85%B5-%E1%84%89%E1%85%B3%E1%84%8F%E1%85%A5%E1%84%90%E1%85%B3-p02756142.html,https://static.zara.net/assets/public/7c38/d07c/b77342baba16/746ec75d109d/02756142712-p/02756142712-p.jpg?ts=1770627963297,"₩55,900",,,260622,크림,,,,
,false,,ZARA,상의,니트,여성,100% 엑스트라 소프트 울 스웨터,https://www.zara.com/kr/ko/100-%E1%84%8B%E1%85%A6%E1%86%A8%E1%84%89%E1%85%B3%E1%84%90%E1%85%B3%E1%84%85%E1%85%A1-%E1%84%89%E1%85%A9%E1%84%91%E1%85%B3%E1%84%90%E1%85%B3-%E1%84%8B%E1%85%AE%E1%86%AF-%E1%84%89%E1%85%B3%E1%84%8B%E1%85%B0%E1%84%90%E1%85%A5-p09598104.html,https://static.zara.net/assets/public/97c2/7272/1d75441dbe76/a30af1a68609/09598104500-p/09598104500-p.jpg?ts=1770368911011,"₩89,900",,,260622,초록,,,,
,false,,ZARA,상의,가디건,여성,포인텔 혼방 니트 재킷,https://www.zara.com/kr/ko/%E1%84%91%E1%85%A9%E1%84%8B%E1%85%B5%E1%86%AB%E1%84%90%E1%85%A6%E1%86%AF-%E1%84%92%E1%85%A9%E1%86%AB%E1%84%87%E1%85%A1%E1%86%BC-%E1%84%82%E1%85%B5%E1%84%90%E1%85%B3-%E1%84%8C%E1%85%A2%E1%84%8F%E1%85%B5%E1%86%BA-p02893043.html,https://static.zara.net/assets/public/2c2e/cac9/fbf14ce3bc1d/ce137159e479/02893043620-p/02893043620-p.jpg?ts=1776419737376,"₩55,900",,,260622,로즈핑크,,,,
,false,,ZARA,원피스,원피스,여성,롱 스트랩 니트 원피스,https://www.zara.com/kr/ko/%E1%84%89%E1%85%B3%E1%84%90%E1%85%B3%E1%84%85%E1%85%A2%E1%86%B8-%E1%84%85%E1%85%A9%E1%86%BC-%E1%84%82%E1%85%B5%E1%84%90%E1%85%B3-%E1%84%8B%E1%85%AF%E1%86%AB%E1%84%91%E1%85%B5%E1%84%89%E1%85%B3-p03500006.html,https://static.zara.net/assets/public/0616/6af2/f77b4161ae23/ef7a08323346/03500006920-a3/03500006920-a3.jpg?ts=1779809707141,"₩59,900",,,260622,블루,,,,
,false,,ZARA,상의,탑,여성,오프숄더 니트 스웨터,https://www.zara.com/kr/ko/%E1%84%8B%E1%85%A9%E1%84%91%E1%85%B3%E1%84%89%E1%85%AD%E1%86%AF%E1%84%83%E1%85%A5-%E1%84%82%E1%85%B5%E1%84%90%E1%85%B3-%E1%84%89%E1%85%B3%E1%84%8B%E1%85%B0%E1%84%90%E1%85%A5-p05755131.html,https://static.zara.net/assets/public/4d9a/0788/0b0d45d2a5ca/a3ae89802351/05755131250-p/05755131250-p.jpg?ts=1770306360942,"₩57,900",,,260622,화이트,,,,
,false,,ZARA,상의,탑,여성,오프숄더 니트 스웨터,https://www.zara.com/kr/ko/%E1%84%8B%E1%85%A9%E1%84%91%E1%85%B3%E1%84%89%E1%85%AD%E1%86%AF%E1%84%83%E1%85%A5-%E1%84%82%E1%85%B5%E1%84%90%E1%85%B3-%E1%84%89%E1%85%B3%E1%84%8B%E1%85%B0%E1%84%90%E1%85%A5-p05755131.html,https://static.zara.net/assets/public/70ac/a4b2/b05842339b35/27c5797c9874/05755131803-p/05755131803-p.jpg?ts=1770306362747,"₩57,900",,,260622,그레이,,,,
,false,,ZARA,상의,탑,여성,스트라이프 니트 탑,https://www.zara.com/kr/ko/%E1%84%89%E1%85%B3%E1%84%90%E1%85%B3%E1%84%85%E1%85%A1%E1%84%8B%E1%85%B5%E1%84%91%E1%85%B3-%E1%84%82%E1%85%B5%E1%84%90%E1%85%B3-%E1%84%90%E1%85%A1%E1%86%B8-p04192045.html,https://static.zara.net/assets/public/a6be/75e4/2c3843ae9289/f22fc0bdf6b4/04192045400-p/04192045400-p.jpg?ts=1776423678327,"₩39,900",,,260622,블루,,,,
,false,,ZARA,상의,탑,여성,스트라이프 니트 탑,https://www.zara.com/kr/ko/%E1%84%89%E1%85%B3%E1%84%90%E1%85%B3%E1%84%85%E1%85%A1%E1%84%8B%E1%85%B5%E1%84%91%E1%85%B3-%E1%84%82%E1%85%B5%E1%84%90%E1%85%B3-%E1%84%90%E1%85%A1%E1%86%B8-p04192045.html,https://static.zara.net/assets/public/a1a8/0872/50274e69b86d/114e4c7c2ba0/04192045300-p/04192045300-p.jpg?ts=1776423675582,"₩39,900",,,260622,노랑,,,,
,false,,ZARA,상의,니트,여성,울 파인 니트 스웨터,https://www.zara.com/kr/ko/%E1%84%8B%E1%85%AE%E1%86%AF-%E1%84%91%E1%85%A1%E1%84%8B%E1%85%B5%E1%86%AB-%E1%84%82%E1%85%B5%E1%84%90%E1%85%B3-%E1%84%89%E1%85%B3%E1%84%8B%E1%85%B0%E1%84%90%E1%85%A5-p09598011.html,https://static.zara.net/assets/public/7cf1/431f/369746289fc9/13f0995a0782/09598011615-p/09598011615-p.jpg?ts=1770293444039,"₩45,900",,,260622,오렌지,,,,
,false,,ZARA,상의,탑,여성,더블 니트 탑,https://www.zara.com/kr/ko/%E1%84%83%E1%85%A5%E1%84%87%E1%85%B3%E1%86%AF-%E1%84%82%E1%85%B5%E1%84%90%E1%85%B3-%E1%84%90%E1%85%A1%E1%86%B8-p02142058.html,https://static.zara.net/assets/public/ed86/bae8/24ac43ca9004/cc65cab48633/02142058250-p/02142058250-p.jpg?ts=1770293443060,"₩49,900",,,260622,화이트,,,,
,false,,ZARA,상의,니트,여성,울 파인 니트 스웨터,https://www.zara.com/kr/ko/%E1%84%8B%E1%85%AE%E1%86%AF-%E1%84%91%E1%85%A1%E1%84%8B%E1%85%B5%E1%86%AB-%E1%84%82%E1%85%B5%E1%84%90%E1%85%B3-%E1%84%89%E1%85%B3%E1%84%8B%E1%85%B0%E1%84%90%E1%85%A5-p02142032.html,https://static.zara.net/assets/public/a296/ece4/75ab48fa8d04/1a4bd3f081c3/02142032330-p/02142032330-p.jpg?ts=1770293447276,"₩49,900",,,260622,멀티컬러,,,,
,false,,ZARA,상의,니트,여성,울 파인 니트 스웨터,https://www.zara.com/kr/ko/%E1%84%8B%E1%85%AE%E1%86%AF-%E1%84%91%E1%85%A1%E1%84%8B%E1%85%B5%E1%86%AB-%E1%84%82%E1%85%B5%E1%84%90%E1%85%B3-%E1%84%89%E1%85%B3%E1%84%8B%E1%85%B0%E1%84%90%E1%85%A5-p09598011.html,https://static.zara.net/assets/public/fb15/c257/8c95456ba4b5/71b1cb570884/09598011804-p/09598011804-p.jpg?ts=1770293443753,"₩45,900",,,260622,펄 그레이,,,,
,false,,ZARA,상의,니트,여성,엑스트라 파인 울 실크 탑,https://www.zara.com/kr/ko/%E1%84%8B%E1%85%A6%E1%86%A8%E1%84%89%E1%85%B3%E1%84%90%E1%85%B3%E1%84%85%E1%85%A1-%E1%84%91%E1%85%A1%E1%84%8B%E1%85%B5%E1%86%AB-%E1%84%8B%E1%85%AE%E1%86%AF-%E1%84%89%E1%85%B5%E1%86%AF%E1%84%8F%E1%85%B3-%E1%84%90%E1%85%A1%E1%86%B8-p09598146.html,https://static.zara.net/assets/public/b6dc/483b/c9ef4f6eb1b2/f5ec7fec51e1/09598146401-p/09598146401-p.jpg?ts=1770293444231,"₩59,900",,,260622,네이비,,,,
,false,,ZARA,상의,니트,여성,울 파인 니트 스웨터,https://www.zara.com/kr/ko/%E1%84%8B%E1%85%AE%E1%86%AF-%E1%84%91%E1%85%A1%E1%84%8B%E1%85%B5%E1%86%AB-%E1%84%82%E1%85%B5%E1%84%90%E1%85%B3-%E1%84%89%E1%85%B3%E1%84%8B%E1%85%B0%E1%84%90%E1%85%A5-p02142032.html,https://static.zara.net/assets/public/308f/193a/0c4a42828df8/ce6fff83c1bd/02142032712-p/02142032712-p.jpg?ts=1770293441513,"₩49,900",,,260622,크림,,,,
,false,,ZARA,상의,니트,여성,더블 니트 스웨터,https://www.zara.com/kr/ko/%E1%84%83%E1%85%A5%E1%84%87%E1%85%B3%E1%86%AF-%E1%84%82%E1%85%B5%E1%84%90%E1%85%B3-%E1%84%89%E1%85%B3%E1%84%8B%E1%85%B0%E1%84%90%E1%85%A5-p01509130.html,https://static.zara.net/assets/public/179f/8c43/d53a4781b0ed/1fc4c992e932/01509130803-p/01509130803-p.jpg?ts=1770244725822,"₩49,900",,,260622,그레이,,,,
,false,,ZARA,상의,니트,여성,울 하이넥 스웨터,https://www.zara.com/kr/ko/%E1%84%8B%E1%85%AE%E1%86%AF-%E1%84%92%E1%85%A1%E1%84%8B%E1%85%B5%E1%84%82%E1%85%A6%E1%86%A8-%E1%84%89%E1%85%B3%E1%84%8B%E1%85%B0%E1%84%90%E1%85%A5-p05755018.html,https://static.zara.net/assets/public/8fc6/479f/1caa43d2b708/bc27830b591c/05755018629-p/05755018629-p.jpg?ts=1770193518671,"₩59,900",,,260622,라일락,,,,
,false,,ZARA,상의,니트,여성,울 스트라이프 스웨터,https://www.zara.com/kr/ko/%E1%84%8B%E1%85%AE%E1%86%AF-%E1%84%89%E1%85%B3%E1%84%90%E1%85%B3%E1%84%85%E1%85%A1%E1%84%8B%E1%85%B5%E1%84%91%E1%85%B3-%E1%84%89%E1%85%B3%E1%84%8B%E1%85%B0%E1%84%90%E1%85%A5-p02142035.html,https://static.zara.net/assets/public/3bd8/e31c/761a4956be8c/b010937a221d/02051593600-a7/02051593600-a7.jpg?ts=1770190411800,"₩49,900",,,260622,스트라이프,,,,
,false,,ZARA,상의,탑,여성,숄더 디테일 니트 탑,https://www.zara.com/kr/ko/%E1%84%89%E1%85%AD%E1%86%AF%E1%84%83%E1%85%A5-%E1%84%83%E1%85%B5%E1%84%90%E1%85%A6%E1%84%8B%E1%85%B5%E1%86%AF-%E1%84%82%E1%85%B5%E1%84%90%E1%85%B3-%E1%84%90%E1%85%A1%E1%86%B8-p04938006.html,https://static.zara.net/assets/public/2d88/8ebf/5210419f97a1/911dd988fc2b/04938006506-p/04938006506-p.jpg?ts=1769701935032,"₩49,900",,,260622,라이트 카키,,,,
,false,,ZARA,기타,WAISTCOAT,여성,스트럭처 니트 베스트 탑,https://www.zara.com/kr/ko/%E1%84%89%E1%85%B3%E1%84%90%E1%85%B3%E1%84%85%E1%85%A5%E1%86%A8%E1%84%8E%E1%85%A5-%E1%84%82%E1%85%B5%E1%84%90%E1%85%B3-%E1%84%87%E1%85%A6%E1%84%89%E1%85%B3%E1%84%90%E1%85%B3-%E1%84%90%E1%85%A1%E1%86%B8-p04331008.html,https://static.zara.net/assets/public/3c7d/f236/8abd4bb4b92d/ae05480f0096/04331008712-p/04331008712-p.jpg?ts=1776425465195,"₩79,900",,,260622,크림,,,,
,false,,ZARA,상의,니트,여성,버튼 니트 스웨터,https://www.zara.com/kr/ko/%E1%84%87%E1%85%A5%E1%84%90%E1%85%B3%E1%86%AB-%E1%84%82%E1%85%B5%E1%84%90%E1%85%B3-%E1%84%89%E1%85%B3%E1%84%8B%E1%85%B0%E1%84%90%E1%85%A5-p06771020.html,https://static.zara.net/assets/public/e307/7116/e3214ff3b0a9/f88fc2a6502c/06771020251-p/06771020251-p.jpg?ts=1775063008298,"₩79,900",,,260622,스크래치 화이트,,,,
,false,,ZARA,상의,니트,여성,딥 네크라인 니트 스웨터,https://www.zara.com/kr/ko/%E1%84%80%E1%85%B5%E1%87%81%E1%84%8B%E1%85%B3%E1%86%AB-%E1%84%82%E1%85%A6%E1%84%8F%E1%85%B3%E1%84%85%E1%85%A1%E1%84%8B%E1%85%B5%E1%86%AB-%E1%84%82%E1%85%B5%E1%84%90%E1%85%B3-%E1%84%89%E1%85%B3%E1%84%8B%E1%85%B0%E1%84%90%E1%85%A5-p02756026.html,https://static.zara.net/assets/public/dc31/9551/03e644f0a2a2/350c5ebe82a2/02756026600-p/02756026600-p.jpg?ts=1769782179944,"₩59,900",,,260622,레드,,,,
,false,,ZARA,상의,니트,여성,깊은 네크라인 니트 스웨터,https://www.zara.com/kr/ko/%E1%84%80%E1%85%B5%E1%87%81%E1%84%8B%E1%85%B3%E1%86%AB-%E1%84%82%E1%85%A6%E1%84%8F%E1%85%B3%E1%84%85%E1%85%A1%E1%84%8B%E1%85%B5%E1%86%AB-%E1%84%82%E1%85%B5%E1%84%90%E1%85%B3-%E1%84%89%E1%85%B3%E1%84%8B%E1%85%B0%E1%84%90%E1%85%A5-p02756026.html,https://static.zara.net/assets/public/b291/78ff/b9474c88b19f/cdea20228507/02756026802-p/02756026802-p.jpg?ts=1769782174923,"₩59,900",,,260622,그레이,,,,
,false,,ZARA,상의,가디건,여성,브이넥 니트 재킷,https://www.zara.com/kr/ko/%E1%84%87%E1%85%B3%E1%84%8B%E1%85%B5%E1%84%82%E1%85%A6%E1%86%A8-%E1%84%82%E1%85%B5%E1%84%90%E1%85%B3-%E1%84%8C%E1%85%A2%E1%84%8F%E1%85%B5%E1%86%BA-p01957004.html,https://static.zara.net/assets/public/aedd/608b/57694654addd/84fa37642cb9/01957004712-p/01957004712-p.jpg?ts=1769782180283,"₩55,900",,,260622,크림,,,,
,false,,ZARA,상의,니트,여성,울 스트라이프 스웨터,https://www.zara.com/kr/ko/%E1%84%8B%E1%85%AE%E1%86%AF-%E1%84%89%E1%85%B3%E1%84%90%E1%85%B3%E1%84%85%E1%85%A1%E1%84%8B%E1%85%B5%E1%84%91%E1%85%B3-%E1%84%89%E1%85%B3%E1%84%8B%E1%85%B0%E1%84%90%E1%85%A5-p02142035.html,https://static.zara.net/assets/public/359b/d3bf/ac134e8ba51a/b6ca404e2e14/02142035104-p/02142035104-p.jpg?ts=1769765257999,"₩49,900",,,260622,스트라이프,,,,
,false,,ZARA,상의,가디건,여성,스트라이프 니트 재킷,https://www.zara.com/kr/ko/%E1%84%89%E1%85%B3%E1%84%90%E1%85%B3%E1%84%85%E1%85%A1%E1%84%8B%E1%85%B5%E1%84%91%E1%85%B3-%E1%84%82%E1%85%B5%E1%84%90%E1%85%B3-%E1%84%8C%E1%85%A2%E1%84%8F%E1%85%B5%E1%86%BA-p03653113.html,https://static.zara.net/assets/public/f1c7/364b/1a25483ca442/2b6b06dd3eaa/03653113914-p/03653113914-p.jpg?ts=1769702880621,"₩57,900",,,260622,그린,,,,
,false,,ZARA,상의,가디건,여성,믹스 소재 벨트 니트 재킷,https://www.zara.com/kr/ko/%E1%84%86%E1%85%B5%E1%86%A8%E1%84%89%E1%85%B3-%E1%84%89%E1%85%A9%E1%84%8C%E1%85%A2-%E1%84%87%E1%85%A6%E1%86%AF%E1%84%90%E1%85%B3-%E1%84%82%E1%85%B5%E1%84%90%E1%85%B3-%E1%84%8C%E1%85%A2%E1%84%8F%E1%85%B5%E1%86%BA-p02142027.html,https://static.zara.net/assets/public/8543/57b1/6a3249e6aa1b/bdac15c3e809/02142027803-p/02142027803-p.jpg?ts=1769702881620,"₩79,900",,,260622,그레이,,,,
,false,,ZARA,상의,니트,여성,버튼 니트 스웨터,https://www.zara.com/kr/ko/%E1%84%87%E1%85%A5%E1%84%90%E1%85%B3%E1%86%AB-%E1%84%82%E1%85%B5%E1%84%90%E1%85%B3-%E1%84%89%E1%85%B3%E1%84%8B%E1%85%B0%E1%84%90%E1%85%A5-p08851143.html,https://static.zara.net/assets/public/9ece/01fd/1bf14f9cb4b7/e02a38bd12c3/08851143800-p/08851143800-p.jpg?ts=1769623093959,"₩49,900",,,260622,블랙,,,,
,false,,ZARA,상의,니트,여성,브로치 니트 스웨터,https://www.zara.com/kr/ko/%E1%84%87%E1%85%B3%E1%84%85%E1%85%A9%E1%84%8E%E1%85%B5-%E1%84%82%E1%85%B5%E1%84%90%E1%85%B3-%E1%84%89%E1%85%B3%E1%84%8B%E1%85%B0%E1%84%90%E1%85%A5-p05536259.html,https://static.zara.net/assets/public/5074/01c2/4a394474949d/ee301fb8d932/05536259712-p/05536259712-p.jpg?ts=1769622696835,"₩59,900",,,260622,크림,,,,
,false,,ZARA,원피스,원피스,여성,컷아웃 볼 니트 원피스,https://www.zara.com/kr/ko/%E1%84%8F%E1%85%A5%E1%86%BA%E1%84%8B%E1%85%A1%E1%84%8B%E1%85%AE%E1%86%BA-%E1%84%87%E1%85%A9%E1%86%AF-%E1%84%82%E1%85%B5%E1%84%90%E1%85%B3-%E1%84%8B%E1%85%AF%E1%86%AB%E1%84%91%E1%85%B5%E1%84%89%E1%85%B3-p09874011.html,https://static.zara.net/assets/public/fd80/fc82/dd5241aebeb9/c9c2ec694e09/09874011712-p/09874011712-p.jpg?ts=1776094458612,"₩79,900",,,260622,크림,,,,
,false,,ZARA,원피스,원피스,여성,콤비 니트 원피스,https://www.zara.com/kr/ko/%E1%84%82%E1%85%B5%E1%84%90%E1%85%B3-%E1%84%8F%E1%85%A9%E1%86%B7%E1%84%87%E1%85%B5-%E1%84%8B%E1%85%AF%E1%86%AB%E1%84%91%E1%85%B5%E1%84%89%E1%85%B3-p09325001.html,https://static.zara.net/assets/public/cb5d/a3b3/06f44d82b955/d009e7af8ff7/09325001084-p/09325001084-p.jpg?ts=1775058877824,"₩89,900",,,260622,"블랙,화이트",,,,
,false,,ZARA,상의,탑,여성,오프숄더 니트 탑,https://www.zara.com/kr/ko/%E1%84%8B%E1%85%A9%E1%84%91%E1%85%B3-%E1%84%89%E1%85%AD%E1%86%AF%E1%84%83%E1%85%A5-%E1%84%82%E1%85%B5%E1%84%90%E1%85%B3-%E1%84%90%E1%85%A1%E1%86%B8-p03456011.html,https://static.zara.net/assets/public/456c/ee51/e13b42589d38/1eabf3651ad9/03456011081-000-p/03456011081-000-p.jpg?ts=1775729139444,"₩49,900",,,260622,"샌드,그레이",,,,
,false,,ZARA,기타,WAISTCOAT,여성,토글 버튼 니트 베스트,https://www.zara.com/kr/ko/%E1%84%90%E1%85%A9%E1%84%80%E1%85%B3%E1%86%AF-%E1%84%87%E1%85%A5%E1%84%90%E1%85%B3%E1%86%AB-%E1%84%82%E1%85%B5%E1%84%90%E1%85%B3-%E1%84%87%E1%85%A6%E1%84%89%E1%85%B3%E1%84%90%E1%85%B3-p05536030.html,https://static.zara.net/assets/public/01f1/1974/43294e59a20c/5ba7c23667bf/05536030505-p/05536030505-p.jpg?ts=1774371078906,"₩57,900",,,260622,카키,,,,
,false,,ZARA,상의,탑,여성,플라워 스트럭처 니트 탑,https://www.zara.com/kr/ko/%E1%84%91%E1%85%B3%E1%86%AF%E1%84%85%E1%85%A1%E1%84%8B%E1%85%AF-%E1%84%89%E1%85%B3%E1%84%90%E1%85%B3%E1%84%85%E1%85%A5%E1%86%A8%E1%84%8E%E1%85%A5-%E1%84%82%E1%85%B5%E1%84%90%E1%85%B3-%E1%84%90%E1%85%A1%E1%86%B8-p01957006.html,https://static.zara.net/assets/public/af77/a438/076d4a718878/89a9f411bb76/01957006093-p/01957006093-p.jpg?ts=1775037534834,"₩79,900",,,260622,"블랙,크림",,,,
,false,,ZARA,원피스,원피스,여성,홀터넥 니트 미디 원피스,https://www.zara.com/kr/ko/%E1%84%92%E1%85%A9%E1%86%AF%E1%84%90%E1%85%A5%E1%84%82%E1%85%A6%E1%86%A8-%E1%84%82%E1%85%B5%E1%84%90%E1%85%B3-%E1%84%86%E1%85%B5%E1%84%83%E1%85%B5-%E1%84%8B%E1%85%AF%E1%86%AB%E1%84%91%E1%85%B5%E1%84%89%E1%85%B3-p02142142.html,https://static.zara.net/assets/public/0909/d350/e300417485a5/ebc773b337cf/02142142505-p/02142142505-p.jpg?ts=1775058830568,"₩79,900",,,260622,카키,,,,
,false,,ZARA,상의,니트,여성,100% 울 와이드 슬리브 스웨터,https://www.zara.com/kr/ko/100-%E1%84%8B%E1%85%AE%E1%86%AF-%E1%84%8B%E1%85%AA%E1%84%8B%E1%85%B5%E1%84%83%E1%85%B3-%E1%84%89%E1%85%B3%E1%86%AF%E1%84%85%E1%85%B5%E1%84%87%E1%85%B3-%E1%84%89%E1%85%B3%E1%84%8B%E1%85%B0%E1%84%90%E1%85%A5-p02893012.html,https://static.zara.net/assets/public/36ac/f135/4db047c79d85/73be761e38f4/05216051407-p/05216051407-p.jpg?ts=1769095075283,"₩89,900",,,260622,블루,,,,
,false,,ZARA,상의,탑,여성,루즈핏 하이넥 니트 탑,https://www.zara.com/kr/ko/%E1%84%85%E1%85%AE%E1%84%8C%E1%85%B3%E1%84%91%E1%85%B5%E1%86%BA-%E1%84%92%E1%85%A1%E1%84%8B%E1%85%B5%E1%84%82%E1%85%A6%E1%86%A8-%E1%84%82%E1%85%B5%E1%84%90%E1%85%B3-%E1%84%90%E1%85%A1%E1%86%B8-p03471005.html,https://static.zara.net/assets/public/28b8/11c7/493748c9a655/fef3366f0829/03471005520-p/03471005520-p.jpg?ts=1772557057753,"₩49,900",,,260622,라임,,,,
,false,,ZARA,상의,니트,여성,브이넥 니트 스웨터,https://www.zara.com/kr/ko/%E1%84%87%E1%85%B3%E1%84%8B%E1%85%B5%E1%84%82%E1%85%A6%E1%86%A8-%E1%84%82%E1%85%B5%E1%84%90%E1%85%B3-%E1%84%89%E1%85%B3%E1%84%8B%E1%85%B0%E1%84%90%E1%85%A5-p02756019.html,https://static.zara.net/assets/public/27fd/7f8c/a48344e28797/59ed055f5e50/02238347712-p/02238347712-p.jpg?ts=1769080734894,"₩59,900",,,260622,크림,,,,
,false,,ZARA,상의,니트,여성,긴 배트윙 슬리브 니트 스웨터,https://www.zara.com/kr/ko/%E1%84%87%E1%85%A2%E1%84%90%E1%85%B3%E1%84%8B%E1%85%B1%E1%86%BC-%E1%84%82%E1%85%B5%E1%84%90%E1%85%B3-%E1%84%89%E1%85%B3%E1%84%8B%E1%85%B0%E1%84%90%E1%85%A5-p04938005.html,https://static.zara.net/assets/public/0b6f/bed1/bd6c48b7a9de/68b4b098791c/04938005420-p/04938005420-p.jpg?ts=1769097178465,"₩59,900",,,260622,블루,,,,
,false,,ZARA,상의,탑,여성,언밸런스 립 니트 탑,https://www.zara.com/kr/ko/%E1%84%8B%E1%85%A5%E1%86%AB%E1%84%87%E1%85%A2%E1%86%AF%E1%84%85%E1%85%A5%E1%86%AB%E1%84%89%E1%85%B3-%E1%84%85%E1%85%B5%E1%86%B8-%E1%84%82%E1%85%B5%E1%84%90%E1%85%B3-%E1%84%90%E1%85%A1%E1%86%B8-p03390004.html,https://static.zara.net/assets/public/2471/43c7/35644edea470/5851e804f471/03390004800-p/03390004800-p.jpg?ts=1774267266477,"₩45,900",,,260622,블랙,,,,
,false,,ZARA,바지,슬랙스,여성,와이드 립 니트 팬츠,https://www.zara.com/kr/ko/%E1%84%85%E1%85%B5%E1%86%B8-%E1%84%8B%E1%85%AA%E1%84%8B%E1%85%B5%E1%84%83%E1%85%B3-%E1%84%82%E1%85%B5%E1%84%90%E1%85%B3-%E1%84%91%E1%85%A2%E1%86%AB%E1%84%8E%E1%85%B3-p03390003.html,https://static.zara.net/assets/public/6c76/0460/f79b40738c29/6ea777b5e2dc/03390003800-p/03390003800-p.jpg?ts=1774267265156,"₩55,900",,,260622,블랙,,,,
,false,,ZARA,상의,가디건,여성,스트라이프 울 재킷,https://www.zara.com/kr/ko/%E1%84%89%E1%85%B3%E1%84%90%E1%85%B3%E1%84%85%E1%85%A1%E1%84%8B%E1%85%B5%E1%84%91%E1%85%B3-%E1%84%8B%E1%85%AE%E1%86%AF-%E1%84%8C%E1%85%A2%E1%84%8F%E1%85%B5%E1%86%BA-p05755019.html,https://static.zara.net/assets/public/1b21/0a3d/761d4b16845a/d002c83fda00/05755019104-p/05755019104-p.jpg?ts=1768896929199,"₩59,900",,,260622,스트라이프,,,,
,false,,ZARA,상의,가디건,여성,케이블 니트 재킷,https://www.zara.com/kr/ko/%E1%84%8F%E1%85%A6%E1%84%8B%E1%85%B5%E1%84%87%E1%85%B3%E1%86%AF-%E1%84%82%E1%85%B5%E1%84%90%E1%85%B3-%E1%84%8C%E1%85%A2%E1%84%8F%E1%85%B5%E1%86%BA-p04192010.html,https://static.zara.net/assets/public/e019/b480/d27648979c3d/9d3f3a5eb8b6/04192010712-p/04192010712-p.jpg?ts=1768910423970,"₩59,900",,,260622,크림,,,,
,false,,ZARA,상의,니트,여성,100% 울 쇼트 슬리브 스트라이프 스웨터,https://www.zara.com/kr/ko/100-%E1%84%8B%E1%85%AE%E1%86%AF-%E1%84%89%E1%85%AD%E1%84%90%E1%85%B3-%E1%84%89%E1%85%B3%E1%86%AF%E1%84%85%E1%85%B5%E1%84%87%E1%85%B3-%E1%84%89%E1%85%B3%E1%84%90%E1%85%B3%E1%84%85%E1%85%A1%E1%84%8B%E1%85%B5%E1%84%91%E1%85%B3-%E1%84%89%E1%85%B3%E1%84%8B%E1%85%B0%E1%84%90%E1%85%A5-p03920781.html,https://static.zara.net/assets/public/da57/a587/d58146febf74/7b5e50582f87/03920781055-p/03920781055-p.jpg?ts=1768896857230,"₩59,900",,,260622,"그레이,블루",,,,
,false,,ZARA,상의,탑,여성,리브 니트 브이넥 탑,https://www.zara.com/kr/ko/%E1%84%85%E1%85%B5%E1%84%87%E1%85%B3%E1%84%83%E1%85%B3-%E1%84%87%E1%85%B3%E1%84%8B%E1%85%B5%E1%84%82%E1%85%A6%E1%86%A8-%E1%84%82%E1%85%B5%E1%84%90%E1%85%B3-%E1%84%90%E1%85%A1%E1%86%B8-p06427008.html,https://static.zara.net/assets/public/46ea/a7bb/c1e74972bd65/3d1554256b1e/06427008620-p/06427008620-p.jpg?ts=1773825909664,"₩35,900",,,260622,로즈핑크,,,,
,false,,ZARA,상의,가디건,여성,러플 니트 재킷,https://www.zara.com/kr/ko/%E1%84%91%E1%85%B3%E1%84%85%E1%85%B5%E1%86%AF-%E1%84%82%E1%85%B5%E1%84%90%E1%85%B3-%E1%84%8C%E1%85%A2%E1%84%8F%E1%85%B5%E1%86%BA-p02756115.html,https://static.zara.net/assets/public/1ca3/7ba4/ec294b209788/de4032815550/02756115706-p/02756115706-p.jpg?ts=1769001733879,"₩57,900",,,260622,밍크,,,,
,false,,ZARA,상의,니트,여성,스트라이프 니트 폴로셔츠,https://www.zara.com/kr/ko/%E1%84%89%E1%85%B3%E1%84%90%E1%85%B3%E1%84%85%E1%85%A1%E1%84%8B%E1%85%B5%E1%84%91%E1%85%B3-%E1%84%82%E1%85%B5%E1%84%90%E1%85%B3-%E1%84%91%E1%85%A9%E1%86%AF%E1%84%85%E1%85%A9%E1%84%89%E1%85%A7%E1%84%8E%E1%85%B3-p05536218.html,https://static.zara.net/assets/public/7ab3/a3f4/df3f413c986e/faf4f43da6e4/05536218104-p/05536218104-p.jpg?ts=1768998816717,"₩59,900",,,260622,스트라이프,,,,
,false,,ZARA,상의,니트,여성,스트라이프 콤비 니트 폴로셔츠,https://www.zara.com/kr/ko/%E1%84%8F%E1%85%A9%E1%86%B7%E1%84%87%E1%85%B5-%E1%84%89%E1%85%B3%E1%84%90%E1%85%B3%E1%84%85%E1%85%A1%E1%84%8B%E1%85%B5%E1%84%91%E1%85%B3-%E1%84%82%E1%85%B5%E1%84%90%E1%85%B3-%E1%84%91%E1%85%A9%E1%86%AF%E1%84%85%E1%85%A9%E1%84%89%E1%85%A7%E1%84%8E%E1%85%B3-p02142003.html,https://static.zara.net/assets/public/640d/bb5c/12104fe48a80/b5a45d6ad11b/02142003330-p/02142003330-p.jpg?ts=1768998816852,"₩59,900",,,260622,멀티컬러,,,,
,false,,ZARA,상의,니트,여성,자수 니트 스웨터,https://www.zara.com/kr/ko/%E1%84%8C%E1%85%A1%E1%84%89%E1%85%AE-%E1%84%82%E1%85%B5%E1%84%90%E1%85%B3-%E1%84%89%E1%85%B3%E1%84%8B%E1%85%B0%E1%84%90%E1%85%A5-p03920012.html,https://static.zara.net/assets/public/4150/4f69/98874ba8bf52/4691eb2c8912/03920012700-p/03920012700-p.jpg?ts=1768929247980,"₩57,900",,,260622,브라운,,,,
,false,,ZARA,상의,가디건,여성,배색 버튼 니트 재킷,https://www.zara.com/kr/ko/%E1%84%8F%E1%85%A9%E1%86%B7%E1%84%87%E1%85%B5-%E1%84%87%E1%85%A5%E1%84%90%E1%85%B3%E1%86%AB-%E1%84%82%E1%85%B5%E1%84%90%E1%85%B3-%E1%84%8C%E1%85%A2%E1%84%8F%E1%85%B5%E1%86%BA-p06771004.html,https://static.zara.net/assets/public/479e/33f8/629f46d6a377/8cd992772cb7/06771004400-p/06771004400-p.jpg?ts=1768929247333,"₩99,900",,,260622,블루,,,,
,false,,ZARA,상의,가디건,여성,자카드 니트 재킷,https://www.zara.com/kr/ko/%E1%84%8C%E1%85%A1%E1%84%8F%E1%85%A1%E1%84%83%E1%85%B3-%E1%84%82%E1%85%B5%E1%84%90%E1%85%B3-%E1%84%8C%E1%85%A2%E1%84%8F%E1%85%B5%E1%86%BA-p09874001.html,https://static.zara.net/assets/public/b539/c229/2ec449429319/4a5f0e6c0770/09874001600-p/09874001600-p.jpg?ts=1768929247135,"₩89,900",,,260622,레드,,,,
,false,,ZARA,기타,WAISTCOAT,여성,자수 니트 베스트,https://www.zara.com/kr/ko/%E1%84%8C%E1%85%A1%E1%84%89%E1%85%AE-%E1%84%82%E1%85%B5%E1%84%90%E1%85%B3-%E1%84%87%E1%85%A6%E1%84%89%E1%85%B3%E1%84%90%E1%85%B3-p00021001.html,https://static.zara.net/assets/public/88fa/06b8/381e4bfb896d/4bfc488f8a86/00021001712-p/00021001712-p.jpg?ts=1768929245923,"₩55,900",,,260622,크림,,,,
,false,,ZARA,치마,스커트,여성,링클 이펙트 니트 미디 스커트,https://www.zara.com/kr/ko/%E1%84%85%E1%85%B5%E1%86%BC%E1%84%8F%E1%85%B3%E1%86%AF-%E1%84%8B%E1%85%B5%E1%84%91%E1%85%A6%E1%86%A8%E1%84%90%E1%85%B3-%E1%84%82%E1%85%B5%E1%84%90%E1%85%B3-%E1%84%86%E1%85%B5%E1%84%83%E1%85%B5-%E1%84%89%E1%85%B3%E1%84%8F%E1%85%A5%E1%84%90%E1%85%B3-p03921028.html,https://static.zara.net/assets/public/8a0d/0f4f/8dab43a48ea1/a51ff62012f4/03921028733-a2/03921028733-a2.jpg?ts=1779119964114,"₩109,900",,,260622,크림,,,,
,false,,ZARA,상의,탑,여성,링클 페이크 니트 셔츠,https://www.zara.com/kr/ko/%E1%84%85%E1%85%B5%E1%86%BC%E1%84%8F%E1%85%B3%E1%86%AF-%E1%84%8B%E1%85%B5%E1%84%91%E1%85%A6%E1%86%A8%E1%84%90%E1%85%B3-%E1%84%82%E1%85%B5%E1%84%90%E1%85%B3-%E1%84%89%E1%85%A7%E1%84%8E%E1%85%B3-p03921027.html,https://static.zara.net/assets/public/1406/d10a/239943f6aa61/9d044dc401bc/03921027733-p/03921027733-p.jpg?ts=1779119962699,"₩109,900",,,260622,크림,,,,
,false,,ZARA,상의,가디건,여성,100% 리브드 울 재킷,https://www.zara.com/kr/ko/100-%E1%84%8B%E1%85%AE%E1%86%AF-%E1%84%8C%E1%85%A2%E1%84%8F%E1%85%B5%E1%86%BA-rib-p02893133.html,https://static.zara.net/assets/public/8974/7ea2/0d9047f19007/f4b150254694/02893133620-p/02893133620-p.jpg?ts=1768836261865,"₩79,900",,,260622,로즈핑크,,,,
,false,,ZARA,상의,니트,여성,크롭 니트 스웨터,https://www.zara.com/kr/ko/%E1%84%8B%E1%85%B5%E1%86%AB%E1%84%90%E1%85%A5%E1%84%85%E1%85%A6%E1%84%8B%E1%85%B5%E1%84%89%E1%85%B3%E1%84%83%E1%85%B3-%E1%84%87%E1%85%A2%E1%86%AB%E1%84%83%E1%85%B3-%E1%84%8F%E1%85%B3%E1%84%85%E1%85%A9%E1%86%B8-%E1%84%82%E1%85%B5%E1%84%90%E1%85%B3-%E1%84%89%E1%85%B3%E1%84%8B%E1%85%B0%E1%84%90%E1%85%A5-p00021012.html,https://static.zara.net/assets/public/665c/9394/61f74d58a734/8827dbb2df72/00021012712-p/00021012712-p.jpg?ts=1775638360964,"₩89,900",,,260622,크림,,,,
,false,,ZARA,상의,탑,여성,컷아웃 볼 니트 탑,https://www.zara.com/kr/ko/%E1%84%8F%E1%85%A5%E1%86%BA%E1%84%8B%E1%85%A1%E1%84%8B%E1%85%AE%E1%86%BA-%E1%84%87%E1%85%A9%E1%86%AF-%E1%84%82%E1%85%B5%E1%84%90%E1%85%B3-%E1%84%90%E1%85%A1%E1%86%B8-p04938022.html,https://static.zara.net/assets/public/18cb/126a/69734f2caacd/fb44c9d25c8e/04938022300-p/04938022300-p.jpg?ts=1775811912120,"₩49,900",,,260622,노랑,,,,
,false,,ZARA,상의,가디건,여성,컬러 블록 니트 재킷,https://www.zara.com/kr/ko/%E1%84%8F%E1%85%A5%E1%86%AF%E1%84%85%E1%85%A5-%E1%84%87%E1%85%B3%E1%86%AF%E1%84%85%E1%85%A9%E1%86%A8-%E1%84%82%E1%85%B5%E1%84%90%E1%85%B3-%E1%84%8C%E1%85%A2%E1%84%8F%E1%85%B5%E1%86%BA-p05802014.html,https://static.zara.net/assets/public/9e8a/a15e/e6f546c2a177/9be5bc8e48aa/05802014400-p/05802014400-p.jpg?ts=1775064968726,"₩49,900",,,260622,블루,,,,
,false,,ZARA,상의,니트,여성,베이직 플레인 니트 스웨터,https://www.zara.com/kr/ko/%E1%84%87%E1%85%A6%E1%84%8B%E1%85%B5%E1%84%8C%E1%85%B5%E1%86%A8-%E1%84%91%E1%85%B3%E1%86%AF%E1%84%85%E1%85%A6%E1%84%8B%E1%85%B5%E1%86%AB-%E1%84%82%E1%85%B5%E1%84%90%E1%85%B3-%E1%84%89%E1%85%B3%E1%84%8B%E1%85%B0%E1%84%90%E1%85%A5-p08851171.html,https://static.zara.net/assets/public/78d9/6bfe/63e0448fac12/5e1522780ddf/02753238712-a3/02753238712-a3.jpg?ts=1768567566829,"₩49,900",,,260622,크림,,,,
,false,,ZARA,상의,가디건,여성,컬러 블록 니트 재킷,https://www.zara.com/kr/ko/%E1%84%8F%E1%85%A5%E1%86%AF%E1%84%85%E1%85%A5-%E1%84%87%E1%85%B3%E1%86%AF%E1%84%85%E1%85%A9%E1%86%A8-%E1%84%82%E1%85%B5%E1%84%90%E1%85%B3-%E1%84%8C%E1%85%A2%E1%84%8F%E1%85%B5%E1%86%BA-p05536011.html,https://static.zara.net/assets/public/605c/8a63/ffde448e8c18/4ff1f8c0ca2a/05536011050-p/05536011050-p.jpg?ts=1774615395366,"₩57,900",,,260622,단색,,,,
,false,,ZARA,상의,가디건,여성,스트라이프 니트 재킷,https://www.zara.com/kr/ko/%E1%84%89%E1%85%B3%E1%84%90%E1%85%B3%E1%84%85%E1%85%A1%E1%84%8B%E1%85%B5%E1%84%91%E1%85%B3-%E1%84%82%E1%85%B5%E1%84%90%E1%85%B3-%E1%84%8C%E1%85%A2%E1%84%8F%E1%85%B5%E1%86%BA-p05536015.html,https://static.zara.net/assets/public/a052/df86/dad34d17b1d5/1c16ed8c6502/05536015104-p/05536015104-p.jpg?ts=1773855054767,"₩55,900",,,260622,스트라이프,,,,
,false,,ZARA,상의,탑,여성,코르셋 니트 탑,https://www.zara.com/kr/ko/%E1%84%8F%E1%85%A9%E1%84%85%E1%85%B3%E1%84%89%E1%85%A6%E1%86%BA-%E1%84%85%E1%85%B5%E1%86%B8-%E1%84%82%E1%85%B5%E1%84%90%E1%85%B3-%E1%84%90%E1%85%A1%E1%86%B8-p04331007.html,https://static.zara.net/assets/public/b17e/bb60/b5ca4b2bb75f/8e9955678123/04331007300-p/04331007300-p.jpg?ts=1776094458840,"₩49,900",,,260622,노랑,,,,
,false,,ZARA,바지,슬랙스,여성,버튼 니트 쇼츠,https://www.zara.com/kr/ko/%E1%84%87%E1%85%A5%E1%84%90%E1%85%B3%E1%86%AB-%E1%84%82%E1%85%B5%E1%84%90%E1%85%B3-%E1%84%89%E1%85%AD%E1%84%8E%E1%85%B3-p08779128.html,https://static.zara.net/assets/public/d20d/3e60/bcc14e15bb64/edcdfd628d40/08779128323-p/08779128323-p.jpg?ts=1776766845115,"₩49,900",,,260622,노랑,,,,
,false,,ZARA,상의,니트,여성,오픈워크 니트 스웨터,https://www.zara.com/kr/ko/%E1%84%8B%E1%85%A9%E1%84%91%E1%85%B3%E1%86%AB%E1%84%8B%E1%85%AF%E1%84%8F%E1%85%B3-%E1%84%82%E1%85%B5%E1%84%90%E1%85%B3-%E1%84%89%E1%85%B3%E1%84%8B%E1%85%B0%E1%84%90%E1%85%A5-p03859003.html,https://static.zara.net/assets/public/e251/05db/926343d0b83f/4eb5469bafda/03859003800-a5/03859003800-a5.jpg?ts=1777026423060,"₩57,900",,,260622,블랙,,,,
,false,,ZARA,바지,슬랙스,여성,포인텔 니트 벌룬 팬츠,https://www.zara.com/kr/ko/%E1%84%91%E1%85%A9%E1%84%8B%E1%85%B5%E1%86%AB%E1%84%90%E1%85%A6%E1%86%AF-%E1%84%82%E1%85%B5%E1%84%90%E1%85%B3-%E1%84%87%E1%85%A5%E1%86%AF%E1%84%85%E1%85%AE%E1%86%AB-%E1%84%91%E1%85%A2%E1%86%AB%E1%84%8E%E1%85%B3-p03859005.html,https://static.zara.net/assets/public/ea68/b85e/e1a34ea88fcf/279d3f33a845/03859005800-p/03859005800-p.jpg?ts=1777026428822,"₩79,900",,,260622,블랙,,,,
,false,,ZARA,치마,스커트,여성,플라워 크로셰 니트 미디 스커트,https://www.zara.com/kr/ko/%E1%84%91%E1%85%B3%E1%86%AF%E1%84%85%E1%85%A1%E1%84%8B%E1%85%AF-%E1%84%8F%E1%85%B3%E1%84%85%E1%85%A9%E1%84%89%E1%85%A8-%E1%84%82%E1%85%B5%E1%84%90%E1%85%B3-%E1%84%86%E1%85%B5%E1%84%83%E1%85%B5-%E1%84%89%E1%85%B3%E1%84%8F%E1%85%A5%E1%84%90%E1%85%B3-p01957010.html,https://static.zara.net/assets/public/cc8e/aab8/1aad4e39aab0/df159b63f9c5/01957010250-p/01957010250-p.jpg?ts=1779119924641,"₩109,900",,,260622,화이트,,,,
,false,,ZARA,상의,니트,여성,파인 니트 스웨터,https://www.zara.com/kr/ko/%E1%84%91%E1%85%A1%E1%84%8B%E1%85%B5%E1%86%AB-%E1%84%82%E1%85%B5%E1%84%90%E1%85%B3-%E1%84%89%E1%85%B3%E1%84%8B%E1%85%B0%E1%84%90%E1%85%A5-p09598063.html,https://static.zara.net/assets/public/62e0/2041/06b440e6be0c/bd478b78a866/09598063303-p/09598063303-p.jpg?ts=1780569091041,"₩59,900",,,260622,골드,,,,
,false,,ZARA,바지,슬랙스,여성,벌룬 니트 팬츠,https://www.zara.com/kr/ko/%E1%84%87%E1%85%A5%E1%86%AF%E1%84%85%E1%85%AE%E1%86%AB-%E1%84%82%E1%85%B5%E1%84%90%E1%85%B3-%E1%84%91%E1%85%A2%E1%86%AB%E1%84%8E%E1%85%B3-p09598066.html,https://static.zara.net/assets/public/c9cf/d0af/e1f64d4b93ef/85f63c9b18c5/09598063303-p/09598063303-p.jpg?ts=1780569098868,"₩79,900",,,260622,골드,,,,
,false,,ZARA,원피스,원피스,여성,프린지 니트 원피스,https://www.zara.com/kr/ko/%E1%84%91%E1%85%B3%E1%84%85%E1%85%B5%E1%86%AB%E1%84%8C%E1%85%B5-%E1%84%82%E1%85%B5%E1%84%90%E1%85%B3-%E1%84%8B%E1%85%AF%E1%86%AB%E1%84%91%E1%85%B5%E1%84%89%E1%85%B3-p01822008.html,https://static.zara.net/assets/public/d9a6/090b/9c6b48488464/73fc88a3e4e9/01822008712-p/01822008712-p.jpg?ts=1773334306058,"₩89,900",,,260622,크림,,,,
,false,,ZARA,바지,슬랙스,여성,버튼 니트 카프리 레깅스,https://www.zara.com/kr/ko/%E1%84%87%E1%85%A5%E1%84%90%E1%85%B3%E1%86%AB-%E1%84%82%E1%85%B5%E1%84%90%E1%85%B3-%E1%84%8F%E1%85%A1%E1%84%91%E1%85%B3%E1%84%85%E1%85%B5-%E1%84%85%E1%85%A6%E1%84%80%E1%85%B5%E1%86%BC%E1%84%89%E1%85%B3-p08779126.html,https://static.zara.net/assets/public/66e8/dad1/3e0141ba9cb5/91e58035457c/08779126926-p/08779126926-p.jpg?ts=1779891632195,"₩59,900",,,260622,핑크,,,,
,false,,ZARA,원피스,원피스,여성,프린지 니트 미니 원피스,https://www.zara.com/kr/ko/%E1%84%91%E1%85%B3%E1%84%85%E1%85%B5%E1%86%AB%E1%84%8C%E1%85%B5-%E1%84%82%E1%85%B5%E1%84%90%E1%85%B3-%E1%84%86%E1%85%B5%E1%84%82%E1%85%B5-%E1%84%8B%E1%85%AF%E1%86%AB%E1%84%91%E1%85%B5%E1%84%89%E1%85%B3-p03921095.html,https://static.zara.net/assets/public/70ef/ad69/b6fd46139e99/2e9e02b54627/03921095712-p/03921095712-p.jpg?ts=1774344755876,"₩59,900",,,260622,크림,,,,
,false,,ZARA,상의,가디건,여성,지퍼 니트 재킷,https://www.zara.com/kr/ko/%E1%84%8C%E1%85%B5%E1%84%91%E1%85%A5-%E1%84%82%E1%85%B5%E1%84%90%E1%85%B3-%E1%84%8C%E1%85%A2%E1%84%8F%E1%85%B5%E1%86%BA-p05755002.html,https://static.zara.net/assets/public/37cd/39e5/2aa54b5eb2a4/d2a0ec62d297/05755002400-p/05755002400-p.jpg?ts=1768571890383,"₩79,900",,,260622,블루,,,,
,false,,ZARA,상의,니트,여성,100% 울 오버사이즈 스웨터,https://www.zara.com/kr/ko/100-%E1%84%8B%E1%85%AE%E1%86%AF-%E1%84%8B%E1%85%A9%E1%84%87%E1%85%A5%E1%84%89%E1%85%A1%E1%84%8B%E1%85%B5%E1%84%8C%E1%85%B3-%E1%84%89%E1%85%B3%E1%84%8B%E1%85%B0%E1%84%90%E1%85%A5-p02893005.html,https://static.zara.net/assets/public/d071/fff3/cb4142d9848d/c4dbdc83ff93/02893005620-p/02893005620-p.jpg?ts=1768492304386,"₩99,900",,,260622,로즈핑크,,,,
,false,,ZARA,상의,가디건,여성,청키 니트 재킷,https://www.zara.com/kr/ko/%E1%84%8E%E1%85%A5%E1%86%BC%E1%84%8F%E1%85%B5-%E1%84%82%E1%85%B5%E1%84%90%E1%85%B3-%E1%84%8C%E1%85%A2%E1%84%8F%E1%85%B5%E1%86%BA-p02142251.html,https://static.zara.net/assets/public/c89a/b9cc/8f704fc09ad6/bcff92f767b1/02142251629-p/02142251629-p.jpg?ts=1774529263947,"₩59,900",,,260622,라일락,,,,
,false,,ZARA,상의,가디건,여성,반소매 니트 재킷,https://www.zara.com/kr/ko/%E1%84%89%E1%85%AD%E1%84%90%E1%85%B3-%E1%84%89%E1%85%B3%E1%86%AF%E1%84%85%E1%85%B5%E1%84%87%E1%85%B3-%E1%84%82%E1%85%B5%E1%84%90%E1%85%B3-%E1%84%8C%E1%85%A2%E1%84%8F%E1%85%B5%E1%86%BA-p02142140.html,https://static.zara.net/assets/public/6f47/8284/4ef44a5885f4/74092651be44/02142140617-p/02142140617-p.jpg?ts=1775058827248,"₩49,900",,,260622,네온 오렌지,,,,
,false,,ZARA,상의,가디건,여성,타이 후드 니트 재킷,https://www.zara.com/kr/ko/%E1%84%83%E1%85%B3%E1%84%85%E1%85%A9%E1%84%89%E1%85%B3%E1%84%90%E1%85%B3%E1%84%85%E1%85%B5%E1%86%BC-%E1%84%92%E1%85%AE%E1%84%83%E1%85%B3-%E1%84%82%E1%85%B5%E1%84%90%E1%85%B3-%E1%84%8C%E1%85%A2%E1%84%8F%E1%85%B5%E1%86%BA-p05536009.html,https://static.zara.net/assets/public/f5ce/0b55/de684868b32a/411f90a61778/05536009803-p/05536009803-p.jpg?ts=1771589324938,"₩79,900",,,260622,그레이,,,,
,false,,ZARA,상의,탑,여성,언밸런스 니트 탑,https://www.zara.com/kr/ko/%E1%84%8B%E1%85%A5%E1%86%AB%E1%84%87%E1%85%A2%E1%86%AF%E1%84%85%E1%85%A5%E1%86%AB%E1%84%89%E1%85%B3-%E1%84%82%E1%85%B5%E1%84%90%E1%85%B3-%E1%84%90%E1%85%A1%E1%86%B8-p06873004.html,https://static.zara.net/assets/public/28ec/03be/c3364e508434/08442b67a150/06873004712-p/06873004712-p.jpg?ts=1775054842951,"₩49,900",,,260622,크림,,,,
,false,,ZARA,상의,니트,여성,메탈릭 얀 니트 스웨터,https://www.zara.com/kr/ko/%E1%84%86%E1%85%A6%E1%84%90%E1%85%A1%E1%86%AF%E1%84%85%E1%85%B5%E1%86%A8-%E1%84%8B%E1%85%A3%E1%86%AB-%E1%84%82%E1%85%B5%E1%84%90%E1%85%B3-%E1%84%89%E1%85%B3%E1%84%8B%E1%85%B0%E1%84%90%E1%85%A5-p06427013.html,https://static.zara.net/assets/public/b378/fb21/0da54a928afb/26418ce1f710/06427013830-p/06427013830-p.jpg?ts=1774008120960,"₩59,900",,,260622,골드 블랙,,,,
,false,,ZARA,상의,탑,여성,파인 니트 반소매 탑,https://www.zara.com/kr/ko/%E1%84%91%E1%85%A1%E1%84%8B%E1%85%B5%E1%86%AB-%E1%84%82%E1%85%B5%E1%84%90%E1%85%B3-%E1%84%87%E1%85%A1%E1%86%AB%E1%84%89%E1%85%A9%E1%84%86%E1%85%A2-%E1%84%90%E1%85%A1%E1%86%B8-p02142139.html,https://static.zara.net/assets/public/6111/7e9e/474440688975/3aef6f002924/02142139800-000-p/02142139800-000-p.jpg?ts=1774631287185,"₩49,900",,,260622,블랙,,,,
,false,,ZARA,상의,탑,여성,파인 니트 반소매 탑,https://www.zara.com/kr/ko/%E1%84%91%E1%85%A1%E1%84%8B%E1%85%B5%E1%86%AB-%E1%84%82%E1%85%B5%E1%84%90%E1%85%B3-%E1%84%87%E1%85%A1%E1%86%AB%E1%84%89%E1%85%A9%E1%84%86%E1%85%A2-%E1%84%90%E1%85%A1%E1%86%B8-p02142139.html,https://static.zara.net/assets/public/bf74/2301/d4af4ca8b78c/abe0803d6097/02142139300-a5/02142139300-a5.jpg?ts=1774611551547,"₩49,900",,,260622,노랑,,,,
,false,,ZARA,상의,니트,여성,소프트 니트 스웨터,https://www.zara.com/kr/ko/%E1%84%89%E1%85%A9%E1%84%91%E1%85%B3%E1%84%90%E1%85%B3-%E1%84%82%E1%85%B5%E1%84%90%E1%85%B3-%E1%84%89%E1%85%B3%E1%84%8B%E1%85%B0%E1%84%90%E1%85%A5-p02142161.html,https://static.zara.net/assets/public/460e/c24d/4fb04993876d/edf421839c9c/02142161803-p/02142161803-p.jpg?ts=1768404496080,"₩59,900",,,260622,그레이,,,,
,false,,ZARA,상의,니트,여성,소프트 니트 스웨터,https://www.zara.com/kr/ko/%E1%84%89%E1%85%A9%E1%84%91%E1%85%B3%E1%84%90%E1%85%B3-%E1%84%82%E1%85%B5%E1%84%90%E1%85%B3-%E1%84%89%E1%85%B3%E1%84%8B%E1%85%B0%E1%84%90%E1%85%A5-p02142161.html,https://static.zara.net/assets/public/4a3b/d6e8/570b4452a130/d6b372158aa1/02142161644-p/02142161644-p.jpg?ts=1768404497195,"₩59,900",,,260622,라이트 로즈,,,,
,false,,ZARA,원피스,원피스,여성,롱 니트 콤비 원피스,https://www.zara.com/kr/ko/%E1%84%85%E1%85%A9%E1%86%BC-%E1%84%82%E1%85%B5%E1%84%90%E1%85%B3-%E1%84%8F%E1%85%A9%E1%86%B7%E1%84%87%E1%85%B5-%E1%84%8B%E1%85%AF%E1%86%AB%E1%84%91%E1%85%B5%E1%84%89%E1%85%B3-p02142138.html,https://static.zara.net/assets/public/fc6f/51ab/331c4fc5873c/08605a29702d/02142138401-p/02142138401-p.jpg?ts=1773933790114,"₩89,900",,,260622,네이비,,,,
,false,,ZARA,상의,가디건,여성,크로셰 콤비 니트 재킷,https://www.zara.com/kr/ko/%E1%84%8F%E1%85%B3%E1%84%85%E1%85%A9%E1%84%89%E1%85%A8-%E1%84%8F%E1%85%A9%E1%86%B7%E1%84%87%E1%85%B5-%E1%84%82%E1%85%B5%E1%84%90%E1%85%B3-%E1%84%8C%E1%85%A2%E1%84%8F%E1%85%B5%E1%86%BA-p02142249.html,https://static.zara.net/assets/public/683d/02a5/d69b46a3be63/43921e4872fb/02142249300-a3/02142249300-a3.jpg?ts=1778082251880,"₩109,900",,,260622,노랑,,,,
,false,,ZARA,상의,니트,여성,100% 울 숄더 패드 스웨터,https://www.zara.com/kr/ko/100-%E1%84%8B%E1%85%AE%E1%86%AF-%E1%84%89%E1%85%AD%E1%86%AF%E1%84%83%E1%85%A5-%E1%84%91%E1%85%A2%E1%84%83%E1%85%B3-%E1%84%89%E1%85%B3%E1%84%8B%E1%85%B0%E1%84%90%E1%85%A5-p02893001.html,https://static.zara.net/assets/public/5e93/15e6/2079498e9870/5d5d0677de27/09863043400-p/master.m3u8?ts=1768312204151,"₩109,900",,,260622,네이비,,,,
,false,,ZARA,상의,니트,여성,소프트 하이넥 니트 스웨터,https://www.zara.com/kr/ko/%E1%84%89%E1%85%A9%E1%84%91%E1%85%B3%E1%84%90%E1%85%B3-%E1%84%92%E1%85%A1%E1%84%8B%E1%85%B5%E1%84%82%E1%85%A6%E1%86%A8-%E1%84%82%E1%85%B5%E1%84%90%E1%85%B3-%E1%84%89%E1%85%B3%E1%84%8B%E1%85%B0%E1%84%90%E1%85%A5-p02142263.html,https://static.zara.net/assets/public/255e/8593/3e934872a3e3/108c3106068a/02142170681-p/02142170681-p.jpg?ts=1768311564817,"₩59,900",,,260622,버건디,,,,
,false,,ZARA,상의,니트,여성,100% 울 숄더 패드 스웨터,https://www.zara.com/kr/ko/100-%E1%84%8B%E1%85%AE%E1%86%AF-%E1%84%89%E1%85%AD%E1%86%AF%E1%84%83%E1%85%A5-%E1%84%91%E1%85%A2%E1%84%83%E1%85%B3-%E1%84%89%E1%85%B3%E1%84%8B%E1%85%B0%E1%84%90%E1%85%A5-p02893001.html,https://static.zara.net/assets/public/7cd0/e16b/060640a7a0fe/b781ee6bac53/02893001615-p/02893001615-p.jpg?ts=1768294605809,"₩109,900",,,260622,오렌지,,,,
,false,,ZARA,상의,탑,여성,스트랩 콤비 니트 탑,https://www.zara.com/kr/ko/%E1%84%82%E1%85%B5%E1%84%90%E1%85%B3-%E1%84%8F%E1%85%A9%E1%86%B7%E1%84%87%E1%85%B5-%E1%84%89%E1%85%B3%E1%84%90%E1%85%B3%E1%84%85%E1%85%A2%E1%86%B8-%E1%84%90%E1%85%A1%E1%86%B8-p01957008.html,https://static.zara.net/assets/public/cc0f/0be8/c34b4086a6d9/36ddb40ca8ce/01957008712-p/01957008712-p.jpg?ts=1774520730697,"₩79,900",,,260622,크림,,,,
,false,,ZARA,상의,탑,여성,니트 폴로 블라우스,https://www.zara.com/kr/ko/%E1%84%82%E1%85%B5%E1%84%90%E1%85%B3-%E1%84%91%E1%85%A9%E1%86%AF%E1%84%85%E1%85%A9-%E1%84%87%E1%85%B3%E1%86%AF%E1%84%85%E1%85%A1%E1%84%8B%E1%85%AE%E1%84%89%E1%85%B3-p02142136.html,https://static.zara.net/assets/public/7bdb/e242/847f4cbab9d6/ab90a34c7c89/02142136615-p/02142136615-p.jpg?ts=1774619596306,"₩79,900",,,260622,오렌지,,,,
,false,,ZARA,상의,탑,여성,프릴 민소매 탑,https://www.zara.com/kr/ko/%E1%84%90%E1%85%A1%E1%86%B8-p09874009.html,https://static.zara.net/assets/public/4f4c/019a/1b1945a3b17c/6351c28e7d84/09874009712-p/09874009712-p.jpg?ts=1774017552470,"₩55,900",,,260622,크림,,,,
,false,,ZARA,상의,니트,여성,스트라이프 니트 스웨터,https://www.zara.com/kr/ko/%E1%84%87%E1%85%A5%E1%84%90%E1%85%B3%E1%86%AB-%E1%84%82%E1%85%B5%E1%84%90%E1%85%B3-%E1%84%89%E1%85%B3%E1%84%8B%E1%85%B0%E1%84%90%E1%85%A5-p09598006.html,https://static.zara.net/assets/public/e324/0317/40244bf4af32/7fea371278f0/09598006330-p/09598006330-p.jpg?ts=1768215882925,"₩49,900",,,260622,멀티컬러,,,,
,false,,ZARA,바지,슬랙스,여성,메탈릭 얀 니트 벌룬 팬츠,https://www.zara.com/kr/ko/%E1%84%86%E1%85%A6%E1%84%90%E1%85%A1%E1%86%AF%E1%84%85%E1%85%B5%E1%86%A8-%E1%84%8B%E1%85%A3%E1%86%AB-%E1%84%82%E1%85%B5%E1%84%90%E1%85%B3-%E1%84%87%E1%85%A5%E1%86%AF%E1%84%85%E1%85%AE%E1%86%AB-%E1%84%91%E1%85%A2%E1%86%AB%E1%84%8E%E1%85%B3-p02804003.html,https://static.zara.net/assets/public/2fae/47a8/908e49c69549/93b7201bc0b6/02804003808-p/02804003808-p.jpg?ts=1780043403644,"₩109,900",,,260622,실버,,,,
,false,,ZARA,상의,니트,여성,오버사이즈 메탈릭 얀 니트 탑,https://www.zara.com/kr/ko/%E1%84%8B%E1%85%A9%E1%84%87%E1%85%A5%E1%84%89%E1%85%A1%E1%84%8B%E1%85%B5%E1%84%8C%E1%85%B3-%E1%84%86%E1%85%A6%E1%84%90%E1%85%A1%E1%86%AF%E1%84%85%E1%85%B5%E1%86%A8-%E1%84%8B%E1%85%A3%E1%86%AB-%E1%84%82%E1%85%B5%E1%84%90%E1%85%B3-%E1%84%90%E1%85%A1%E1%86%B8-p02804002.html,https://static.zara.net/assets/public/8514/5f67/7b8a4e02a20b/bd4498fb2e7c/02804002808-a3/02804002808-a3.jpg?ts=1780043400556,"₩89,900",,,260622,실버,,,,
,false,,ZARA,상의,니트,여성,스트라이프 니트 스웨터,https://www.zara.com/kr/ko/%E1%84%89%E1%85%B3%E1%84%90%E1%85%B3%E1%84%85%E1%85%A1%E1%84%8B%E1%85%B5%E1%84%91%E1%85%B3-%E1%84%82%E1%85%B5%E1%84%90%E1%85%B3-%E1%84%89%E1%85%B3%E1%84%8B%E1%85%B0%E1%84%90%E1%85%A5-p09598005.html,https://static.zara.net/assets/public/e7a9/3f5d/03114772a5ce/26d8a89e600d/03739259681-p/03739259681-p.jpg?ts=1768214702072,"₩49,900",,,260622,멀티컬러,,,,
,false,,ZARA,치마,스커트,여성,니트 미디 스커트,https://www.zara.com/kr/ko/%E1%84%82%E1%85%B5%E1%84%90%E1%85%B3-%E1%84%86%E1%85%B5%E1%84%83%E1%85%B5-%E1%84%89%E1%85%B3%E1%84%8F%E1%85%A5%E1%84%90%E1%85%B3-p02142252.html,https://static.zara.net/assets/public/ea76/b617/1f7645f096f3/07317ea6eb30/02142252250-p/02142252250-p.jpg?ts=1775645450511,"₩55,900",,,260622,화이트,,,,
,false,,ZARA,치마,스커트,여성,스트럭처 니트 스트레이트 스커트,https://www.zara.com/kr/ko/%E1%84%80%E1%85%AE%E1%84%8C%E1%85%A9-%E1%84%82%E1%85%B5%E1%84%90%E1%85%B3-%E1%84%89%E1%85%B3%E1%84%90%E1%85%B3%E1%84%85%E1%85%A6%E1%84%8B%E1%85%B5%E1%84%90%E1%85%B3-%E1%84%89%E1%85%B3%E1%84%8F%E1%85%A5%E1%84%90%E1%85%B3-p01509012.html,https://static.zara.net/assets/public/e209/9233/396741a7aa6f/148c69c052f8/01509012712-p/01509012712-p.jpg?ts=1774622157254,"₩59,900",,,260622,크림,,,,
,false,,ZARA,상의,니트,여성,오버사이즈 스트럭처 니트 스웨터,https://www.zara.com/kr/ko/%E1%84%8B%E1%85%A9%E1%84%87%E1%85%A5%E1%84%89%E1%85%A1%E1%84%8B%E1%85%B5%E1%84%8C%E1%85%B3-%E1%84%89%E1%85%B3%E1%84%90%E1%85%B3%E1%84%85%E1%85%A5%E1%86%A8%E1%84%8E%E1%85%A5-%E1%84%82%E1%85%B5%E1%84%90%E1%85%B3-%E1%84%89%E1%85%B3%E1%84%8B%E1%85%B0%E1%84%90%E1%85%A5-p01509011.html,https://static.zara.net/assets/public/ff54/0a5c/353646de9510/93cc7143b4d3/01509011712-p/01509011712-p.jpg?ts=1774622263744,"₩57,900",,,260622,크림,,,,
,false,,ZARA,상의,니트,여성,포인텔 니트 탑,https://www.zara.com/kr/ko/%E1%84%91%E1%85%A9%E1%84%8B%E1%85%B5%E1%86%AB%E1%84%90%E1%85%A6%E1%86%AF-%E1%84%82%E1%85%B5%E1%84%90%E1%85%B3-%E1%84%90%E1%85%A1%E1%86%B8-p06236030.html,https://static.zara.net/assets/public/6d9f/10af/dea84659bf81/b531d39ae068/06236030405-p/06236030405-p.jpg?ts=1774618856867,"₩45,900",,,260622,인디고,,,,
,false,,ZARA,상의,가디건,여성,브이넥 쇼트 니트 재킷,https://www.zara.com/kr/ko/%E1%84%87%E1%85%B3%E1%84%8B%E1%85%B5%E1%84%82%E1%85%A6%E1%86%A8-%E1%84%89%E1%85%AD%E1%84%90%E1%85%B3-%E1%84%82%E1%85%B5%E1%84%90%E1%85%B3-%E1%84%8C%E1%85%A2%E1%84%8F%E1%85%B5%E1%86%BA-p06427011.html,https://static.zara.net/assets/public/ae23/220d/bd9e4a72b39d/38bce89a5603/06427011570-p/06427011570-p.jpg?ts=1774615482448,"₩45,900",,,260622,라이트 라임,,,,
,false,,ZARA,상의,가디건,여성,브이넥 쇼트 니트 재킷,https://www.zara.com/kr/ko/%E1%84%87%E1%85%B3%E1%84%8B%E1%85%B5%E1%84%82%E1%85%A6%E1%86%A8-%E1%84%89%E1%85%AD%E1%84%90%E1%85%B3-%E1%84%82%E1%85%B5%E1%84%90%E1%85%B3-%E1%84%8C%E1%85%A2%E1%84%8F%E1%85%B5%E1%86%BA-p06427011.html,https://static.zara.net/assets/public/501c/66aa/dc8249b19ecc/39d781135b20/06427011446-p/06427011446-p.jpg?ts=1774615400588,"₩45,900",,,260622,일렉트릭 블루,,,,
,false,,ZARA,상의,니트,여성,브이넥 케이블 니트 스웨터,https://www.zara.com/kr/ko/%E1%84%87%E1%85%B3%E1%84%8B%E1%85%B5%E1%84%82%E1%85%A6%E1%86%A8-%E1%84%8F%E1%85%A6%E1%84%8B%E1%85%B5%E1%84%87%E1%85%B3%E1%86%AF-%E1%84%82%E1%85%B5%E1%84%90%E1%85%B3-%E1%84%89%E1%85%B3%E1%84%8B%E1%85%B0%E1%84%90%E1%85%A5-p06427002.html,https://static.zara.net/assets/public/26f9/6b78/1521497ca017/b5e17ba66786/06427002500-p/06427002500-p.jpg?ts=1767951535073,"₩59,900",,,260622,초록,,,,
,false,,ZARA,상의,탑,여성,컷아웃 비즈 니트 탑,https://www.zara.com/kr/ko/%E1%84%8F%E1%85%A5%E1%86%BA%E1%84%8B%E1%85%A1%E1%84%8B%E1%85%AE%E1%86%BA-%E1%84%87%E1%85%B5%E1%84%8C%E1%85%B3-%E1%84%82%E1%85%B5%E1%84%90%E1%85%B3-%E1%84%90%E1%85%A1%E1%86%B8-p03921017.html,https://static.zara.net/assets/public/31a8/b69c/cd214bdd9f2f/bae9e01cc475/03921017400-p/03921017400-p.jpg?ts=1773931419382,"₩55,900",,,260622,블루,,,,
,false,,ZARA,상의,탑,여성,메탈 볼 백리스 니트 탑,https://www.zara.com/kr/ko/%E1%84%86%E1%85%A6%E1%84%90%E1%85%A1%E1%86%AF-%E1%84%87%E1%85%A9%E1%86%AF-%E1%84%87%E1%85%A2%E1%86%A8%E1%84%85%E1%85%B5%E1%84%89%E1%85%B3-%E1%84%82%E1%85%B5%E1%84%90%E1%85%B3-%E1%84%90%E1%85%A1%E1%86%B8-p03921019.html,https://static.zara.net/assets/public/1609/ce5e/eb9e4252bd4c/71ce3f536b30/03921019250-p/03921019250-p.jpg?ts=1773329208511,"₩55,900",,,260622,화이트,,,,
,false,,ZARA,원피스,원피스,여성,비즈 장식 슬릿 니트 원피스,https://www.zara.com/kr/ko/%E1%84%80%E1%85%AE%E1%84%89%E1%85%B3%E1%86%AF-%E1%84%90%E1%85%B3%E1%84%8B%E1%85%B5%E1%86%B7-%E1%84%82%E1%85%B5%E1%84%90%E1%85%B3-%E1%84%86%E1%85%B5%E1%84%82%E1%85%B5-%E1%84%8B%E1%85%AF%E1%86%AB%E1%84%91%E1%85%B5%E1%84%89%E1%85%B3-p03921018.html,https://static.zara.net/assets/public/3b69/5754/928a4663b072/364ea5f3a6d4/03921018800-p/03921018800-p.jpg?ts=1775062991144,"₩59,900",,,260622,블랙,,,,
,false,,ZARA,상의,니트,여성,라운드넥 니트 스웨터,https://www.zara.com/kr/ko/%E1%84%85%E1%85%A1%E1%84%8B%E1%85%AE%E1%86%AB%E1%84%83%E1%85%B3%E1%84%82%E1%85%A6%E1%86%A8-%E1%84%82%E1%85%B5%E1%84%90%E1%85%B3-%E1%84%89%E1%85%B3%E1%84%8B%E1%85%B0%E1%84%90%E1%85%A5-p02142123.html,https://static.zara.net/assets/public/e800/32e1/bd174d8c9cef/f38a23a4ef01/02142123250-p/02142123250-p.jpg?ts=1775064538971,"₩59,900",,,260622,화이트,,,,
,false,,ZARA,상의,니트,여성,오픈워크 니트 스웨터,https://www.zara.com/kr/ko/%E1%84%8B%E1%85%A9%E1%84%91%E1%85%B3%E1%86%AB%E1%84%8B%E1%85%AF%E1%84%8F%E1%85%B3-%E1%84%82%E1%85%B5%E1%84%90%E1%85%B3-%E1%84%89%E1%85%B3%E1%84%8B%E1%85%B0%E1%84%90%E1%85%A5-p05802013.html,https://static.zara.net/assets/public/3f30/636c/7eb84893b92f/a06dbb58b16b/05802013526-p/05802013526-p.jpg?ts=1773334328628,"₩59,900",,,260622,라이트 그린,,,,
,false,,ZARA,원피스,원피스,여성,니트 벨트 원피스,https://www.zara.com/kr/ko/%E1%84%87%E1%85%A6%E1%86%AF%E1%84%90%E1%85%B3-%E1%84%82%E1%85%B5%E1%84%90%E1%85%B3-%E1%84%8B%E1%85%AF%E1%86%AB%E1%84%91%E1%85%B5%E1%84%89%E1%85%B3-p03920836.html,https://static.zara.net/assets/public/023c/a77a/010f44728103/222fba8e84d6/03920836712-p/03920836712-p.jpg?ts=1771587806402,"₩79,900",,,260622,크림,,,,
,false,,ZARA,상의,탑,여성,코르셋 니트 탑,https://www.zara.com/kr/ko/%E1%84%8F%E1%85%A9%E1%84%85%E1%85%B3%E1%84%89%E1%85%A6%E1%86%BA-%E1%84%82%E1%85%B5%E1%84%90%E1%85%B3-%E1%84%90%E1%85%A1%E1%86%B8-p05802012.html,https://static.zara.net/assets/public/82ae/1e50/ca4241528c0f/c0adb73d7f50/05802012800-p/05802012800-p.jpg?ts=1774609772363,"₩49,900",,,260622,블랙,,,,
,false,,ZARA,상의,탑,여성,메탈릭 얀 립 니트 탑,https://www.zara.com/kr/ko/%E1%84%86%E1%85%A6%E1%84%90%E1%85%A1%E1%86%AF%E1%84%85%E1%85%B5%E1%86%A8-%E1%84%8B%E1%85%A3%E1%86%AB-%E1%84%85%E1%85%B5%E1%84%87%E1%85%B3-%E1%84%82%E1%85%B5%E1%84%90%E1%85%B3-%E1%84%90%E1%85%A1%E1%86%B8-p03471003.html,https://static.zara.net/assets/public/3a30/1dd6/0a9844679cef/6dc54fff98a6/03471003808-p/03471003808-p.jpg?ts=1772714382133,"₩39,900",,,260622,실버,,,,
,false,,ZARA,상의,니트,여성,반소매 니트 탑,https://www.zara.com/kr/ko/%E1%84%87%E1%85%A1%E1%86%AB%E1%84%89%E1%85%A9%E1%84%86%E1%85%A2-%E1%84%82%E1%85%B5%E1%84%90%E1%85%B3-%E1%84%90%E1%85%A1%E1%86%B8-p02142137.html,https://static.zara.net/assets/public/3063/78ff/44b445b3b157/2c7e7bc59a02/02142137330-p/02142137330-p.jpg?ts=1774957870082,"₩49,900",,,260622,멀티컬러,,,,
,false,,ZARA,상의,탑,여성,스트럭처 니트 탑,https://www.zara.com/kr/ko/%E1%84%89%E1%85%B3%E1%84%90%E1%85%B3%E1%84%85%E1%85%A5%E1%86%A8%E1%84%8E%E1%85%A5-%E1%84%82%E1%85%B5%E1%84%90%E1%85%B3-%E1%84%90%E1%85%A1%E1%86%B8-p03921020.html,https://static.zara.net/assets/public/c743/3797/3a494a5aae98/2058cc4f337b/03921020800-p/03921020800-p.jpg?ts=1780049568841,"₩109,900",,,260622,블랙,,,,
,false,,ZARA,상의,니트,여성,더블 니트 스웨터,https://www.zara.com/kr/ko/%E1%84%83%E1%85%A5%E1%84%87%E1%85%B3%E1%86%AF-%E1%84%82%E1%85%B5%E1%84%90%E1%85%B3-%E1%84%89%E1%85%B3%E1%84%8B%E1%85%B0%E1%84%90%E1%85%A5-p01509130.html,https://static.zara.net/assets/public/c07f/18fb/433a4eb9a92f/2e6aaa461521/01509130706-p/01509130706-p.jpg?ts=1767871788070,"₩49,900",,,260622,밍크,,,,
,false,,ZARA,상의,니트,여성,울 크로스 하이넥 스웨터,https://www.zara.com/kr/ko/%E1%84%8B%E1%85%AE%E1%86%AF-%E1%84%92%E1%85%A9%E1%86%AB%E1%84%87%E1%85%A1%E1%86%BC-%E1%84%8F%E1%85%B3%E1%84%85%E1%85%A9%E1%84%89%E1%85%B3-%E1%84%92%E1%85%A1%E1%84%8B%E1%85%B5%E1%84%82%E1%85%A6%E1%86%A8-%E1%84%89%E1%85%B3%E1%84%8B%E1%85%B0%E1%84%90%E1%85%A5-p02893194.html,https://static.zara.net/assets/public/879f/edcb/3b954b8ba41e/233dc0c36ab1/02893194800-p/02893194800-p.jpg?ts=1767871789083,"₩59,900",,,260622,블랙,,,,
,false,,ZARA,상의,탑,여성,크로스 니트 탑,https://www.zara.com/kr/ko/%E1%84%8F%E1%85%B3%E1%84%85%E1%85%A9%E1%84%89%E1%85%B3-%E1%84%82%E1%85%B5%E1%84%90%E1%85%B3-%E1%84%90%E1%85%A1%E1%86%B8-p08779008.html,https://static.zara.net/assets/public/e586/f93a/a5384d5fabb2/a461f655239c/08779008800-p/08779008800-p.jpg?ts=1775058872141,"₩49,900",,,260622,블랙,,,,
,false,,ZARA,상의,가디건,여성,100% 코튼 니트 재킷,https://www.zara.com/kr/ko/100-%E1%84%8F%E1%85%A9%E1%84%90%E1%85%B3%E1%86%AB-%E1%84%82%E1%85%B5%E1%84%90%E1%85%B3-%E1%84%8C%E1%85%A2%E1%84%8F%E1%85%B5%E1%86%BA-p02142248.html,https://static.zara.net/assets/public/a1e5/4bcd/a0104719be30/8b7f9e4df967/02142248620-p/02142248620-p.jpg?ts=1774619501690,"₩57,900",,,260622,로즈핑크,,,,
,false,,ZARA,상의,탑,여성,벌룬 슬리브 니트 탑,https://www.zara.com/kr/ko/%E1%84%87%E1%85%A5%E1%86%AF%E1%84%85%E1%85%AE%E1%86%AB-%E1%84%89%E1%85%B3%E1%86%AF%E1%84%85%E1%85%B5%E1%84%87%E1%85%B3-%E1%84%82%E1%85%B5%E1%84%90%E1%85%B3-%E1%84%90%E1%85%A1%E1%86%B8-p00014025.html,https://static.zara.net/assets/public/7969/d149/c13443b68a2e/dedc1550dc9c/0014025649-p/0014025649-p.jpg?ts=1774444533797,"₩49,900",,,260622,"레드,코랄",,,,
,false,,ZARA,상의,가디건,여성,콤비네이션 니트 재킷,https://www.zara.com/kr/ko/%E1%84%8F%E1%85%A9%E1%86%B7%E1%84%87%E1%85%B5%E1%84%82%E1%85%A6%E1%84%8B%E1%85%B5%E1%84%89%E1%85%A7%E1%86%AB-%E1%84%82%E1%85%B5%E1%84%90%E1%85%B3-%E1%84%8C%E1%85%A2%E1%84%8F%E1%85%B5%E1%86%BA-p03581105.html,https://static.zara.net/assets/public/cdb0/e4e9/aa61451d9da8/ba18b7e89ab5/03581105811-p/03581105811-p.jpg?ts=1767789623436,"₩55,900",,,260622,라이트 그레이,,,,
,false,,ZARA,상의,탑,여성,오프숄더 니트 스웨터,https://www.zara.com/kr/ko/%E1%84%8B%E1%85%A9%E1%84%91%E1%85%B3%E1%84%89%E1%85%AD%E1%86%AF%E1%84%83%E1%85%A5-%E1%84%82%E1%85%B5%E1%84%90%E1%85%B3-%E1%84%89%E1%85%B3%E1%84%8B%E1%85%B0%E1%84%90%E1%85%A5-p05755131.html,https://static.zara.net/assets/public/d2ab/1c84/a6394f66997a/c23f36edbb1b/05755131832-p/05755131832-p.jpg?ts=1767789626106,"₩57,900",,,260622,토프 그레이,,,,
,false,,ZARA,상의,가디건,여성,후드 타이 니트 재킷,https://www.zara.com/kr/ko/%E1%84%92%E1%85%AE%E1%84%83%E1%85%B3-%E1%84%90%E1%85%A1%E1%84%8B%E1%85%B5-%E1%84%82%E1%85%B5%E1%84%90%E1%85%B3-%E1%84%8C%E1%85%A2%E1%84%8F%E1%85%B5%E1%86%BA-p05536129.html,https://static.zara.net/assets/public/f48b/7a81/cb5b4c75927b/c24a9987884c/05536129722-p/05536129722-p.jpg?ts=1767789623723,"₩79,900",,,260622,그레이 밍크,,,,
,false,,ZARA,상의,탑,여성,콘트라스트 스레드 스카프 니트 케이프,https://www.zara.com/kr/ko/%E1%84%8F%E1%85%A9%E1%86%AB%E1%84%90%E1%85%B3%E1%84%85%E1%85%A1%E1%84%89%E1%85%B3%E1%84%90%E1%85%B3-%E1%84%89%E1%85%B3%E1%84%85%E1%85%A6%E1%84%83%E1%85%B3-%E1%84%89%E1%85%B3%E1%84%8F%E1%85%A1%E1%84%91%E1%85%B3-%E1%84%82%E1%85%B5%E1%84%90%E1%85%B3-%E1%84%8F%E1%85%A6%E1%84%8B%E1%85%B5%E1%84%91%E1%85%B3-p03739333.html,https://static.zara.net/assets/public/caf4/1631/19e2450c96f5/d2bb5e899c3e/03739333802-p/03739333802-p.jpg?ts=1767789626308,"₩169,900",,,260622,그레이,,,,
,false,,ZARA,상의,니트,여성,100% 울 다이아몬드 스웨터,https://www.zara.com/kr/ko/100-%E1%84%8B%E1%85%AE%E1%86%AF-%E1%84%83%E1%85%A1%E1%84%8B%E1%85%B5%E1%84%8B%E1%85%A1%E1%84%86%E1%85%A9%E1%86%AB%E1%84%83%E1%85%B3-%E1%84%89%E1%85%B3%E1%84%8B%E1%85%B0%E1%84%90%E1%85%A5-p09598174.html,https://static.zara.net/assets/public/8ac8/6856/a07443fcbbca/0ea34068ec5b/09598174916-p/09598174916-p.jpg?ts=1767789627008,"₩109,900",,,260622,그레이 블루,,,,
,false,,ZARA,아우터,코트,여성,트임 슬리브 니트 재킷,https://www.zara.com/kr/ko/%E1%84%89%E1%85%A9%E1%84%86%E1%85%A2-%E1%84%90%E1%85%B3%E1%84%8B%E1%85%B5%E1%86%B7-%E1%84%82%E1%85%B5%E1%84%90%E1%85%B3-%E1%84%8C%E1%85%A2%E1%84%8F%E1%85%B5%E1%86%BA-p02756146.html,https://static.zara.net/assets/public/0fbd/b11e/60204879bc7b/ef51213a0505/02756146811-p/02756146811-p.jpg?ts=1767789624730,"₩109,900",,,260622,라이트 그레이,,,,
,false,,ZARA,상의,니트,여성,소프트 니트 스웨터,https://www.zara.com/kr/ko/%E1%84%89%E1%85%A9%E1%84%91%E1%85%B3%E1%84%90%E1%85%B3-%E1%84%82%E1%85%B5%E1%84%90%E1%85%B3-%E1%84%89%E1%85%B3%E1%84%8B%E1%85%B0%E1%84%90%E1%85%A5-p02142161.html,https://static.zara.net/assets/public/e5ab/6901/69174bb09234/2bc215e0c318/02142161644-p/02142161644-p.jpg?ts=1767789627160,"₩59,900",,,260622,라이트 로즈,,,,
,false,,ZARA,상의,니트,여성,스트라이프 니트 폴로셔츠,https://www.zara.com/kr/ko/%E1%84%89%E1%85%B3%E1%84%90%E1%85%B3%E1%84%85%E1%85%A1%E1%84%8B%E1%85%B5%E1%84%91%E1%85%B3-%E1%84%82%E1%85%B5%E1%84%90%E1%85%B3-%E1%84%91%E1%85%A9%E1%86%AF%E1%84%85%E1%85%A9%E1%84%89%E1%85%A7%E1%84%8E%E1%85%B3-p05536012.html,https://static.zara.net/assets/public/81b1/7541/ce264d1e8dbb/6edb50e56f70/05536012330-p/05536012330-p.jpg?ts=1767789626626,"₩59,900",,,260622,멀티컬러,,,,
,false,,ZARA,상의,탑,여성,볼 크롭 니트 탑,https://www.zara.com/kr/ko/%E1%84%87%E1%85%B5%E1%84%8C%E1%85%B3-%E1%84%8C%E1%85%A1%E1%86%BC%E1%84%89%E1%85%B5%E1%86%A8-%E1%84%82%E1%85%B5%E1%84%90%E1%85%B3-%E1%84%8F%E1%85%B3%E1%84%85%E1%85%A9%E1%86%B8-%E1%84%90%E1%85%A1%E1%86%B8-p04938017.html,https://static.zara.net/assets/public/4af4/b4d7/d27b40e49b21/045a42fc71b8/04938017621-p/04938017621-p.jpg?ts=1774970865499,"₩45,900",,,260622,파스텔 로즈,,,,
,false,,ZARA,상의,가디건,여성,비대칭 여밈 니트 재킷,https://www.zara.com/kr/ko/%E1%84%87%E1%85%B5%E1%84%83%E1%85%A2%E1%84%8E%E1%85%B5%E1%86%BC-%E1%84%8B%E1%85%A7%E1%84%86%E1%85%B5%E1%86%B7-%E1%84%82%E1%85%B5%E1%84%90%E1%85%B3-%E1%84%8C%E1%85%A2%E1%84%8F%E1%85%B5%E1%86%BA-p04938019.html,https://static.zara.net/assets/public/40ed/3c31/de9348a082b2/cbbb7e713d08/04938019072-p/04938019072-p.jpg?ts=1772715136683,"₩55,900",,,260622,아이보리-화이트,,,,
,false,,ZARA,상의,탑,여성,볼 니트 오프숄더 탑,https://www.zara.com/kr/ko/%E1%84%87%E1%85%A9%E1%86%AF-%E1%84%82%E1%85%B5%E1%84%90%E1%85%B3-%E1%84%87%E1%85%A2%E1%86%AB%E1%84%83%E1%85%A9-%E1%84%90%E1%85%A1%E1%86%B8-p04938014.html,https://static.zara.net/assets/public/c32a/a9f4/64c74af29ca5/29df9bd53a2d/04938014250-p/04938014250-p.jpg?ts=1774970864686,"₩45,900",,,260622,화이트,,,,
,false,,ZARA,상의,탑,여성,허니콤 니트 탑,https://www.zara.com/kr/ko/%E1%84%92%E1%85%A5%E1%84%82%E1%85%B5%E1%84%8F%E1%85%A9%E1%86%B7-%E1%84%82%E1%85%B5%E1%84%90%E1%85%B3-%E1%84%90%E1%85%A1%E1%86%B8-p06236005.html,https://static.zara.net/assets/public/4110/4009/535d4dd0942b/d3446dea763b/06236005712-p/06236005712-p.jpg?ts=1773851101341,"₩45,900",,,260622,크림,,,,
,false,,ZARA,바지,슬랙스,여성,벌룬핏 니트 팬츠,https://www.zara.com/kr/ko/%E1%84%87%E1%85%A5%E1%86%AF%E1%84%85%E1%85%AE%E1%86%AB-%E1%84%82%E1%85%B5%E1%84%90%E1%85%B3-%E1%84%91%E1%85%A2%E1%86%AB%E1%84%8E%E1%85%B3-p02142247.html,https://static.zara.net/assets/public/b9a4/e8cf/f2e8463c84a9/3e2060cb28f5/02142247600-p/02142247600-p.jpg?ts=1774619596746,"₩59,900",,,260622,레드,,,,
,false,,ZARA,상의,니트,여성,브이넥 니트 스웨터,https://www.zara.com/kr/ko/%E1%84%87%E1%85%B3%E1%84%8B%E1%85%B5%E1%84%82%E1%85%A6%E1%86%A8-%E1%84%82%E1%85%B5%E1%84%90%E1%85%B3-%E1%84%89%E1%85%B3%E1%84%8B%E1%85%B0%E1%84%90%E1%85%A5-p06427009.html,https://static.zara.net/assets/public/8ead/a7b5/b8e6450eab8f/29f19741fd76/06427009800-p/06427009800-p.jpg?ts=1773743126930,"₩59,900",,,260622,블랙,,,,
,false,,ZARA,상의,니트,여성,오버사이즈 니트 탑,https://www.zara.com/kr/ko/%E1%84%8B%E1%85%A9%E1%84%87%E1%85%A5%E1%84%89%E1%85%A1%E1%84%8B%E1%85%B5%E1%84%8C%E1%85%B3-%E1%84%82%E1%85%B5%E1%84%90%E1%85%B3-%E1%84%90%E1%85%A1%E1%86%B8-p02142246.html,https://static.zara.net/assets/public/60d9/5a11/d1ce4b81818d/7d03a1abe638/02142246600-p/02142246600-p.jpg?ts=1774619598060,"₩55,900",,,260622,레드,,,,
,false,,ZARA,상의,니트,여성,메탈릭 얀 펀칭 니트 스웨터,https://www.zara.com/kr/ko/%E1%84%86%E1%85%A6%E1%84%90%E1%85%A1%E1%86%AF%E1%84%85%E1%85%B5%E1%86%A8-%E1%84%8B%E1%85%A3%E1%86%AB-%E1%84%91%E1%85%A5%E1%86%AB%E1%84%8E%E1%85%B5%E1%86%BC-%E1%84%82%E1%85%B5%E1%84%90%E1%85%B3-%E1%84%89%E1%85%B3%E1%84%8B%E1%85%B0%E1%84%90%E1%85%A5-p08146002.html,https://static.zara.net/assets/public/34fb/9f6d/dc8a40afb1a6/6f5654cc161c/08146002302-p/08146002302-p.jpg?ts=1775058868089,"₩59,900",,,260622,골드,,,,
,false,,ZARA,상의,가디건,여성,프릴 스트럭처 니트 재킷,https://www.zara.com/kr/ko/%E1%84%91%E1%85%B3%E1%84%85%E1%85%B5%E1%86%AF-%E1%84%89%E1%85%B3%E1%84%90%E1%85%B3%E1%84%85%E1%85%A5%E1%86%A8%E1%84%8E%E1%85%A5-%E1%84%82%E1%85%B5%E1%84%90%E1%85%B3-%E1%84%8C%E1%85%A2%E1%84%8F%E1%85%B5%E1%86%BA-p09598062.html,https://static.zara.net/assets/public/15f6/3840/c7db4d1eb13a/0727f2b5fcd0/09598062406-p/09598062406-p.jpg?ts=1773760451049,"₩55,900",,,260622,라이트 블루,,,,
,false,,ZARA,상의,가디건,여성,프릴 스트럭처 니트 재킷,https://www.zara.com/kr/ko/%E1%84%91%E1%85%B3%E1%84%85%E1%85%B5%E1%86%AF-%E1%84%89%E1%85%B3%E1%84%90%E1%85%B3%E1%84%85%E1%85%A5%E1%86%A8%E1%84%8E%E1%85%A5-%E1%84%82%E1%85%B5%E1%84%90%E1%85%B3-%E1%84%8C%E1%85%A2%E1%84%8F%E1%85%B5%E1%86%BA-p09598062.html,https://static.zara.net/assets/public/f8fe/e8f8/fd8e48d4b3c6/5a22c4fbcc62/09598062712-p/09598062712-p.jpg?ts=1773851117224,"₩55,900",,,260622,크림,,,,
,false,,ZARA,상의,탑,여성,로맨틱 포인텔 니트 프릴 탑,https://www.zara.com/kr/ko/%E1%84%85%E1%85%A9%E1%84%86%E1%85%A2%E1%86%AB%E1%84%90%E1%85%B5%E1%86%A8-%E1%84%91%E1%85%A9%E1%84%8B%E1%85%B5%E1%86%AB%E1%84%90%E1%85%A6%E1%86%AF-%E1%84%91%E1%85%B3%E1%84%85%E1%85%B5%E1%86%AF-%E1%84%82%E1%85%B5%E1%84%90%E1%85%B3-%E1%84%90%E1%85%A1%E1%86%B8-p03859001.html,https://static.zara.net/assets/public/44e0/6359/b79e42e1b8d6/4c446b59edec/03859001800-p/03859001800-p.jpg?ts=1774008748052,"₩55,900",,,260622,블랙,,,,
,false,,ZARA,상의,탑,여성,매듭 니트 탑,https://www.zara.com/kr/ko/%E1%84%86%E1%85%A2%E1%84%83%E1%85%B3%E1%86%B8-%E1%84%82%E1%85%B5%E1%84%90%E1%85%B3-%E1%84%90%E1%85%A1%E1%86%B8-p05755043.html,https://static.zara.net/assets/public/9633/1eca/3b3447a6abaa/52f862c988ee/05755043052-p/05755043052-p.jpg?ts=1772636260720,"₩59,900",,,260622,라이트 베이지,,,,
,false,,ZARA,상의,니트,여성,와이드 슬리브 니트 스웨터,https://www.zara.com/kr/ko/%E1%84%8B%E1%85%AA%E1%84%8B%E1%85%B5%E1%84%83%E1%85%B3-%E1%84%89%E1%85%B3%E1%86%AF%E1%84%85%E1%85%B5%E1%84%87%E1%85%B3-%E1%84%82%E1%85%B5%E1%84%90%E1%85%B3-%E1%84%89%E1%85%B3%E1%84%8B%E1%85%B0%E1%84%90%E1%85%A5-p00014018.html,https://static.zara.net/assets/public/d202/3d3f/079147f19b69/4a66d7a767ec/00014018081-p/00014018081-p.jpg?ts=1774279804799,"₩79,900",,,260622,"샌드,그레이",,,,
,false,,ZARA,치마,스커트,여성,니트 미디 스커트,https://www.zara.com/kr/ko/%E1%84%82%E1%85%B5%E1%84%90%E1%85%B3-%E1%84%86%E1%85%B5%E1%84%83%E1%85%B5-%E1%84%89%E1%85%B3%E1%84%8F%E1%85%A5%E1%84%90%E1%85%B3-p01509008.html,https://static.zara.net/assets/public/6d01/34d8/cf084deba395/cf7350fd16b9/01509008422-p/01509008422-p.jpg?ts=1774267259019,"₩59,900",,,260622,다크 블루,,,,
,false,,ZARA,상의,탑,여성,드레이프 니트 탑,https://www.zara.com/kr/ko/%E1%84%83%E1%85%B3%E1%84%85%E1%85%A6%E1%84%8B%E1%85%B5%E1%84%91%E1%85%B3-%E1%84%82%E1%85%B5%E1%84%90%E1%85%B3-%E1%84%90%E1%85%A1%E1%86%B8-p01509007.html,https://static.zara.net/assets/public/6fe9/29d2/ff394435b660/0b20ee3f9188/01509007422-p/01509007422-p.jpg?ts=1774267255940,"₩49,900",,,260622,다크 블루,,,,
,false,,ZARA,상의,니트,여성,포켓 니트 폴로셔츠,https://www.zara.com/kr/ko/%E1%84%91%E1%85%A9%E1%84%8F%E1%85%A6%E1%86%BA-%E1%84%82%E1%85%B5%E1%84%90%E1%85%B3-%E1%84%91%E1%85%A9%E1%86%AF%E1%84%85%E1%85%A9%E1%84%89%E1%85%A7%E1%84%8E%E1%85%B3-p05536220.html,https://static.zara.net/assets/public/2a28/1876/c11447e0be06/51a00c816846/05536220621-p/05536220621-p.jpg?ts=1770643926741,"₩57,900",,,260622,파스텔 로즈,,,,
,false,,ZARA,상의,탑,여성,파인 스트라이프 니트 스웨터,https://www.zara.com/kr/ko/%E1%84%91%E1%85%A1%E1%84%8B%E1%85%B5%E1%86%AB-%E1%84%89%E1%85%B3%E1%84%90%E1%85%B3%E1%84%85%E1%85%A1%E1%84%8B%E1%85%B5%E1%84%91%E1%85%B3-%E1%84%82%E1%85%B5%E1%84%90%E1%85%B3-%E1%84%89%E1%85%B3%E1%84%8B%E1%85%B0%E1%84%90%E1%85%A5-p02142245.html,https://static.zara.net/assets/public/662b/5bd8/0a3f40699f30/3432087818ed/02142245094-a2/02142245094-a2.jpg?ts=1775636456742,"₩49,900",,,260622,"레드,화이트",,,,
,false,,ZARA,상의,탑,여성,세미 시스루 콤비 니트 탑,https://www.zara.com/kr/ko/%E1%84%89%E1%85%A6%E1%84%86%E1%85%B5-%E1%84%89%E1%85%B5%E1%84%89%E1%85%B3%E1%84%85%E1%85%AE-%E1%84%8F%E1%85%A9%E1%86%B7%E1%84%87%E1%85%B5-%E1%84%82%E1%85%B5%E1%84%90%E1%85%B3-%E1%84%90%E1%85%A1%E1%86%B8-p03921015.html,https://static.zara.net/assets/public/1812/0a81/db27444c8f62/5d04b9080d41/03921015250-p/03921015250-p.jpg?ts=1774459472641,"₩45,900",,,260622,화이트,,,,
,false,,ZARA,치마,스커트,여성,플루이드 니트 스트레이트 스커트,https://www.zara.com/kr/ko/%E1%84%91%E1%85%B3%E1%86%AF%E1%84%85%E1%85%AE%E1%84%8B%E1%85%B5%E1%84%83%E1%85%B3-%E1%84%82%E1%85%B5%E1%84%90%E1%85%B3-%E1%84%89%E1%85%B3%E1%84%90%E1%85%B3%E1%84%85%E1%85%A6%E1%84%8B%E1%85%B5%E1%84%90%E1%85%B3-%E1%84%89%E1%85%B3%E1%84%8F%E1%85%A5%E1%84%90%E1%85%B3-p06236024.html,https://static.zara.net/assets/public/23db/e77b/f8964bd18b5c/a7e6ed34c8d6/06236024717-p/06236024717-p.jpg?ts=1772644784732,"₩55,900",,,260622,초콜렛,,,,
,false,,ZARA,상의,니트,여성,셔링 니트 스웨터,https://www.zara.com/kr/ko/%E1%84%89%E1%85%A7%E1%84%85%E1%85%B5%E1%86%BC-%E1%84%82%E1%85%B5%E1%84%90%E1%85%B3-%E1%84%89%E1%85%B3%E1%84%8B%E1%85%B0%E1%84%90%E1%85%A5-p06236023.html,https://static.zara.net/assets/public/2cb7/646d/374b4f4b8fac/66e678c64121/06236023717-p/06236023717-p.jpg?ts=1772644773761,"₩59,900",,,260622,초콜렛,,,,
,false,,ZARA,치마,스커트,여성,니트 미디 스커트,https://www.zara.com/kr/ko/%E1%84%82%E1%85%B5%E1%84%90%E1%85%B3-%E1%84%86%E1%85%B5%E1%84%83%E1%85%B5-%E1%84%89%E1%85%B3%E1%84%8F%E1%85%A5%E1%84%90%E1%85%B3-p02756033.html,https://static.zara.net/assets/public/d56d/9382/a4734efd951d/933d19b53c89/02756033711-p/02756033711-p.jpg?ts=1775748337973,"₩57,900",,,260622,샌드,,,,
,false,,ZARA,상의,니트,여성,오버사이즈 파인 니트 스웨터,https://www.zara.com/kr/ko/%E1%84%8B%E1%85%A9%E1%84%87%E1%85%A5%E1%84%89%E1%85%A1%E1%84%8B%E1%85%B5%E1%84%8C%E1%85%B3-%E1%84%91%E1%85%A1%E1%84%8B%E1%85%B5%E1%86%AB-%E1%84%82%E1%85%B5%E1%84%90%E1%85%B3-%E1%84%89%E1%85%B3%E1%84%8B%E1%85%B0%E1%84%90%E1%85%A5-p02142287.html,https://static.zara.net/assets/public/1fb1/c721/242c44ca9f55/3bf74d770c5c/02142287250-p/02142287250-p.jpg?ts=1772714355453,"₩55,900",,,260622,화이트,,,,
,false,,ZARA,상의,탑,여성,메탈릭 얀 립 니트 홀터넥 탑,https://www.zara.com/kr/ko/%E1%84%86%E1%85%A6%E1%84%90%E1%85%A1%E1%86%AF%E1%84%85%E1%85%B5%E1%86%A8-%E1%84%8B%E1%85%A3%E1%86%AB-%E1%84%85%E1%85%B5%E1%86%B8-%E1%84%92%E1%85%A9%E1%86%AF%E1%84%90%E1%85%A5%E1%84%82%E1%85%A6%E1%86%A8-%E1%84%90%E1%85%A1%E1%86%B8-p02756035.html,https://static.zara.net/assets/public/ed86/bc06/357740b7889f/94c81f6babf2/02756035700-p/02756035700-p.jpg?ts=1775062973238,"₩49,900",,,260622,브라운,,,,
,false,,ZARA,치마,스커트,여성,메탈릭 얀 립 니트 미디 스커트,https://www.zara.com/kr/ko/%E1%84%86%E1%85%A6%E1%84%90%E1%85%A1%E1%86%AF%E1%84%85%E1%85%B5%E1%86%A8-%E1%84%8B%E1%85%A3%E1%86%AB-%E1%84%85%E1%85%B5%E1%86%B8-%E1%84%86%E1%85%B5%E1%84%83%E1%85%B5-%E1%84%89%E1%85%B3%E1%84%8F%E1%85%A5%E1%84%90%E1%85%B3-p02756036.html,https://static.zara.net/assets/public/81de/dc11/fbf54df9b4eb/db603b55ac29/02756036700-p/02756036700-p.jpg?ts=1775062972516,"₩55,900",,,260622,브라운,,,,
,false,,ZARA,상의,니트,여성,브로치 니트 스웨터,https://www.zara.com/kr/ko/%E1%84%87%E1%85%B3%E1%84%85%E1%85%A9%E1%84%8E%E1%85%B5-%E1%84%82%E1%85%B5%E1%84%90%E1%85%B3-%E1%84%89%E1%85%B3%E1%84%8B%E1%85%B0%E1%84%90%E1%85%A5-p05536259.html,https://static.zara.net/assets/public/b43a/def3/c7854ff2b47e/2b33c4568f45/05536259737-p/05536259737-p.jpg?ts=1767082163152,"₩59,900",,,260622,"브라운,토프",,,,
,false,,ZARA,상의,탑,여성,프릴넥 니트 탑,https://www.zara.com/kr/ko/%E1%84%91%E1%85%B3%E1%84%85%E1%85%B5%E1%86%AF%E1%84%82%E1%85%A6%E1%86%A8-%E1%84%82%E1%85%B5%E1%84%90%E1%85%B3-%E1%84%90%E1%85%A1%E1%86%B8-p06771019.html,https://static.zara.net/assets/public/e097/4773/796241c2b418/bbafad15df2b/06771019250-p/06771019250-p.jpg?ts=1772714539388,"₩49,900",,,260622,화이트,,,,
,false,,ZARA,상의,탑,여성,울 니트 탑,https://www.zara.com/kr/ko/%E1%84%8B%E1%85%AE%E1%86%AF-%E1%84%82%E1%85%B5%E1%84%90%E1%85%B3-%E1%84%90%E1%85%A1%E1%86%B8-p03921012.html,https://static.zara.net/assets/public/c8de/0338/33da4b9fa247/9ed920ff9511/03921012600-p/03921012600-p.jpg?ts=1771409141632,"₩45,900",,,260622,레드,,,,
,false,,ZARA,상의,탑,여성,울 니트 탑,https://www.zara.com/kr/ko/%E1%84%8B%E1%85%AE%E1%86%AF-%E1%84%82%E1%85%B5%E1%84%90%E1%85%B3-%E1%84%90%E1%85%A1%E1%86%B8-p03921012.html,https://static.zara.net/assets/public/cb45/9ebd/14f84b168245/4b778e4b3b35/03921012401-a3/03921012401-a3.jpg?ts=1771409138832,"₩45,900",,,260622,네이비,,,,
,false,,ZARA,상의,니트,여성,콤비 롤업 슬리브 니트 스웨터,https://www.zara.com/kr/ko/%E1%84%8F%E1%85%A9%E1%86%B7%E1%84%87%E1%85%B5-%E1%84%85%E1%85%A9%E1%86%AF%E1%84%8B%E1%85%A5%E1%86%B8-%E1%84%89%E1%85%B3%E1%86%AF%E1%84%85%E1%85%B5%E1%84%87%E1%85%B3-%E1%84%82%E1%85%B5%E1%84%90%E1%85%B3-%E1%84%89%E1%85%B3%E1%84%8B%E1%85%B0%E1%84%90%E1%85%A5-p06236019.html,https://static.zara.net/assets/public/2056/c0f3/bc894345a908/ea6410fe31be/06236019712-p/06236019712-p.jpg?ts=1773398774488,"₩55,900",,,260622,크림,,,,
,false,,ZARA,상의,니트,여성,더블 니트 스웨터,https://www.zara.com/kr/ko/%E1%84%83%E1%85%A5%E1%84%87%E1%85%B3%E1%86%AF-%E1%84%82%E1%85%B5%E1%84%90%E1%85%B3-%E1%84%89%E1%85%B3%E1%84%8B%E1%85%B0%E1%84%90%E1%85%A5-p01509130.html,https://static.zara.net/assets/public/5132/a594/66c84196bc1c/96cea583f6dc/01509130526-p/01509130526-p.jpg?ts=1772718128599,"₩49,900",,,260622,라이트 그린,,,,
,false,,ZARA,상의,니트,여성,더블 니트 스웨터,https://www.zara.com/kr/ko/%E1%84%83%E1%85%A5%E1%84%87%E1%85%B3%E1%86%AF-%E1%84%82%E1%85%B5%E1%84%90%E1%85%B3-%E1%84%89%E1%85%B3%E1%84%8B%E1%85%B0%E1%84%90%E1%85%A5-p01509130.html,https://static.zara.net/assets/public/91b7/79a0/07804a1fb771/c08dca0e7401/01509130620-p/01509130620-p.jpg?ts=1772718133982,"₩49,900",,,260622,로즈핑크,,,,
,false,,ZARA,치마,스커트,여성,니트 미니 스커트,https://www.zara.com/kr/ko/%E1%84%82%E1%85%B5%E1%84%90%E1%85%B3-%E1%84%86%E1%85%B5%E1%84%82%E1%85%B5-%E1%84%89%E1%85%B3%E1%84%8F%E1%85%A5%E1%84%90%E1%85%B3-p02142111.html,https://static.zara.net/assets/public/c240/0423/b8444cdd95ff/8d92c86ad815/02142111250-p/02142111250-p.jpg?ts=1772038863569,"₩49,900",,,260622,화이트,,,,
,false,,ZARA,상의,탑,여성,라운드넥 니트 탑,https://www.zara.com/kr/ko/%E1%84%85%E1%85%A1%E1%84%8B%E1%85%AE%E1%86%AB%E1%84%83%E1%85%B3%E1%84%82%E1%85%A6%E1%86%A8-%E1%84%82%E1%85%B5%E1%84%90%E1%85%B3-%E1%84%90%E1%85%A1%E1%86%B8-p06427006.html,https://static.zara.net/assets/public/4ae3/0650/e6714bd7831d/2d8030426f50/06427006712-p/06427006712-p.jpg?ts=1774620466616,"₩39,900",,,260622,크림,,,,
,false,,ZARA,상의,니트,여성,스팽글 반소매 니트 탑,https://www.zara.com/kr/ko/%E1%84%89%E1%85%B5%E1%84%8F%E1%85%B1%E1%86%AB-%E1%84%87%E1%85%A1%E1%86%AB%E1%84%89%E1%85%A9%E1%84%86%E1%85%A2-%E1%84%82%E1%85%B5%E1%84%90%E1%85%B3-%E1%84%90%E1%85%A1%E1%86%B8-p03920247.html,https://static.zara.net/assets/public/fd41/9f38/e0f146868e50/44057ec03d4a/03920247423-p/03920247423-p.jpg?ts=1772035590532,"₩55,900",,,260622,파스텔 블루,,,,
,false,,ZARA,상의,탑,여성,링클 이펙트 니트 탑,https://www.zara.com/kr/ko/%E1%84%85%E1%85%B5%E1%86%BC%E1%84%8F%E1%85%B3%E1%86%AF-%E1%84%8B%E1%85%B5%E1%84%91%E1%85%A6%E1%86%A8%E1%84%90%E1%85%B3-%E1%84%82%E1%85%B5%E1%84%90%E1%85%B3-%E1%84%90%E1%85%A1%E1%86%B8-p02142233.html,https://static.zara.net/assets/public/aecd/6100/02ea4154ac5e/9d0a3b556a6a/02142233691-p/02142233691-p.jpg?ts=1773239104983,"₩45,900",,,260622,미디움 레드,,,,
,false,,ZARA,상의,탑,여성,하트 파인 니트 탑,https://www.zara.com/kr/ko/%E1%84%92%E1%85%A1%E1%84%90%E1%85%B3-%E1%84%91%E1%85%A1%E1%84%8B%E1%85%B5%E1%86%AB-%E1%84%82%E1%85%B5%E1%84%90%E1%85%B3-%E1%84%90%E1%85%A1%E1%86%B8-p09874008.html,https://static.zara.net/assets/public/b897/b04d/3ed84ae2b1e4/2c5e71048d35/09874008401-p/09874008401-p.jpg?ts=1769764657556,"₩49,900",,,260622,네이비,,,,
,false,,ZARA,상의,니트,여성,메탈릭 니트 스웨터,https://www.zara.com/kr/ko/%E1%84%86%E1%85%A6%E1%84%90%E1%85%A1%E1%86%AF%E1%84%85%E1%85%B5%E1%86%A8-%E1%84%82%E1%85%B5%E1%84%90%E1%85%B3-%E1%84%89%E1%85%B3%E1%84%8B%E1%85%B0%E1%84%90%E1%85%A5-p08146001.html,https://static.zara.net/assets/public/1d5e/de8b/9e094c478688/9ee1ed3ec88b/08146001808-a3/08146001808-a3.jpg?ts=1774607697060,"₩59,900",,,260622,실버,,,,
,false,,ZARA,상의,니트,여성,쇼트 슬리브 콤비 니트 스웨터,https://www.zara.com/kr/ko/%E1%84%89%E1%85%AD%E1%84%90%E1%85%B3-%E1%84%89%E1%85%B3%E1%86%AF%E1%84%85%E1%85%B5%E1%84%87%E1%85%B3-%E1%84%8F%E1%85%A9%E1%86%B7%E1%84%87%E1%85%B5-%E1%84%82%E1%85%B5%E1%84%90%E1%85%B3-%E1%84%89%E1%85%B3%E1%84%8B%E1%85%B0%E1%84%90%E1%85%A5-p02142131.html,https://static.zara.net/assets/public/126f/62ea/7a4444d5b3fb/16d99bc47e35/02142131712-p/02142131712-p.jpg?ts=1772793872125,"₩79,900",,,260622,크림,,,,
,false,,ZARA,상의,가디건,여성,숏 슬리브 니트 재킷,https://www.zara.com/kr/ko/%E1%84%87%E1%85%A1%E1%86%AB%E1%84%89%E1%85%A9%E1%84%86%E1%85%A2-%E1%84%82%E1%85%B5%E1%84%90%E1%85%B3-%E1%84%8C%E1%85%A2%E1%84%8F%E1%85%B5%E1%86%BA-p09598059.html,https://static.zara.net/assets/public/e03e/28d5/c76c4e399c19/37607811f422/09598059706-p/09598059706-p.jpg?ts=1773743133736,"₩49,900",,,260622,밍크,,,,
,false,,ZARA,상의,탑,여성,울 엑스트라 파인 탑,https://www.zara.com/kr/ko/%E1%84%8B%E1%85%AE%E1%86%AF-%E1%84%8B%E1%85%A6%E1%86%A8%E1%84%89%E1%85%B3%E1%84%90%E1%85%B3%E1%84%85%E1%85%A1-%E1%84%91%E1%85%A1%E1%84%8B%E1%85%B5%E1%86%AB-%E1%84%90%E1%85%A1%E1%86%B8-p02142092.html,https://static.zara.net/assets/public/0f13/2765/5fac4747a995/8b9123046998/02142092802-000-p/02142092802-000-p.jpg?ts=1770387515643,"₩39,900",,,260622,그레이,,,,
,false,,ZARA,상의,탑,여성,백리스 니트 탑,https://www.zara.com/kr/ko/%E1%84%8B%E1%85%A9%E1%84%91%E1%85%B3%E1%86%AB%E1%84%87%E1%85%A2%E1%86%A8-%E1%84%82%E1%85%B5%E1%84%90%E1%85%B3-%E1%84%90%E1%85%A1%E1%86%B8-p03920371.html,https://static.zara.net/assets/public/b7db/5470/ffdb4e0e8c09/b4e777da2e8d/03920371700-p/03920371700-p.jpg?ts=1773744127411,"₩55,900",,,260622,브라운,,,,
,false,,ZARA,상의,탑,여성,코르셋 니트 탑,https://www.zara.com/kr/ko/%E1%84%8F%E1%85%A9%E1%84%85%E1%85%B3%E1%84%89%E1%85%A6%E1%86%BA-%E1%84%82%E1%85%B5%E1%84%90%E1%85%B3-%E1%84%90%E1%85%A1%E1%86%B8-p02142122.html,https://static.zara.net/assets/public/f86e/bbfb/7be54140a080/c17d87a9202a/02142122800-p/02142122800-p.jpg?ts=1775054818075,"₩55,900",,,260622,블랙,,,,
,false,,ZARA,상의,가디건,여성,쇼트 슬리브 스팽글 니트 재킷,https://www.zara.com/kr/ko/%E1%84%89%E1%85%AD%E1%84%90%E1%85%B3-%E1%84%89%E1%85%B3%E1%86%AF%E1%84%85%E1%85%B5%E1%84%87%E1%85%B3-%E1%84%89%E1%85%B3%E1%84%91%E1%85%A2%E1%86%BC%E1%84%80%E1%85%B3%E1%86%AF-%E1%84%82%E1%85%B5%E1%84%90%E1%85%B3-%E1%84%8C%E1%85%A2%E1%84%8F%E1%85%B5%E1%86%BA-p03920246.html,https://static.zara.net/assets/public/4b4b/56a3/587549b0b738/80a00d5e0cb2/03920246653-p/03920246653-p.jpg?ts=1772035589210,"₩57,900",,,260622,"로즈핑크,백합",,,,
,false,,ZARA,상의,니트,여성,더블 니트 스웨터,https://www.zara.com/kr/ko/%E1%84%83%E1%85%A5%E1%84%87%E1%85%B3%E1%86%AF-%E1%84%82%E1%85%B5%E1%84%90%E1%85%B3-%E1%84%89%E1%85%B3%E1%84%8B%E1%85%B0%E1%84%90%E1%85%A5-p01509130.html,https://static.zara.net/assets/public/5fd4/9beb/9cba4cf585f0/c4892cd46644/01509130803-p/01509130803-p.jpg?ts=1766502094911,"₩49,900",,,260622,그레이,,,,
,false,,ZARA,상의,탑,여성,매듭 니트 콤비 탑,https://www.zara.com/kr/ko/%E1%84%86%E1%85%A2%E1%84%83%E1%85%B3%E1%86%B8-%E1%84%82%E1%85%B5%E1%84%90%E1%85%B3-%E1%84%8F%E1%85%A9%E1%86%B7%E1%84%87%E1%85%B5-%E1%84%90%E1%85%A1%E1%86%B8-p02756034.html,https://static.zara.net/assets/public/35bb/78d6/442a4409b04e/6c79d19f14f1/02756034330-p/02756034330-p.jpg?ts=1775064961690,"₩45,900",,,260622,멀티컬러,,,,
,false,,ZARA,상의,니트,여성,100% 울 쇼트 슬리브 스웨터,https://www.zara.com/kr/ko/100-%E1%84%8B%E1%85%AE%E1%86%AF-%E1%84%89%E1%85%AD%E1%84%90%E1%85%B3-%E1%84%89%E1%85%B3%E1%86%AF%E1%84%85%E1%85%B5%E1%84%87%E1%85%B3-%E1%84%89%E1%85%B3%E1%84%8B%E1%85%B0%E1%84%90%E1%85%A5-p09598057.html,https://static.zara.net/assets/public/3d70/7bfd/c44e4b1589e0/80fe9272c26d/09598057636-p/09598057636-p.jpg?ts=1771446320362,"₩59,900",,,260622,츄잉검,,,,
,false,,ZARA,상의,가디건,여성,포인텔 니트 재킷,https://www.zara.com/kr/ko/%E1%84%91%E1%85%A9%E1%84%8B%E1%85%B5%E1%86%AB%E1%84%90%E1%85%A6%E1%86%AF-%E1%84%82%E1%85%B5%E1%84%90%E1%85%B3-%E1%84%8C%E1%85%A2%E1%84%8F%E1%85%B5%E1%86%BA-p06427003.html,https://static.zara.net/assets/public/d16d/c758/7f8c48c298cd/2d2b01dcaa9f/06427003712-p/06427003712-p.jpg?ts=1774430898016,"₩55,900",,,260622,크림,,,,
,false,,ZARA,상의,니트,여성,스트라이프 콤비 니트 스웨터,https://www.zara.com/kr/ko/%E1%84%89%E1%85%B3%E1%84%90%E1%85%B3%E1%84%85%E1%85%A1%E1%84%8B%E1%85%B5%E1%84%91%E1%85%B3-%E1%84%8F%E1%85%A9%E1%86%B7%E1%84%87%E1%85%B5-%E1%84%82%E1%85%B5%E1%84%90%E1%85%B3-%E1%84%89%E1%85%B3%E1%84%8B%E1%85%B0%E1%84%90%E1%85%A5-p06427005.html,https://static.zara.net/assets/public/a1ff/738a/18ac41da85c7/cd7a019fda7b/06427005401-p/06427005401-p.jpg?ts=1771409153132,"₩59,900",,,260622,네이비,,,,
,false,,ZARA,상의,니트,여성,비대칭 롱 니트 스웨터,https://www.zara.com/kr/ko/%E1%84%85%E1%85%A9%E1%86%BC-%E1%84%87%E1%85%B5%E1%84%83%E1%85%A2%E1%84%8E%E1%85%B5%E1%86%BC-%E1%84%82%E1%85%B5%E1%84%90%E1%85%B3-%E1%84%89%E1%85%B3%E1%84%8B%E1%85%B0%E1%84%90%E1%85%A5-p02142225.html,https://static.zara.net/assets/public/3256/067c/4ea14b7c9fca/51864be72c7d/02142225250-p/02142225250-p.jpg?ts=1775645449870,"₩59,900",,,260622,화이트,,,,
,false,,ZARA,상의,탑,여성,크로셰 비즈 탑,https://www.zara.com/kr/ko/%E1%84%8F%E1%85%B3%E1%84%85%E1%85%A9%E1%84%89%E1%85%A8-%E1%84%87%E1%85%B5%E1%84%8C%E1%85%B3-%E1%84%90%E1%85%A1%E1%86%B8-p00021010.html,https://static.zara.net/assets/public/6208/db4e/18694210bc11/989d35523116/00021010710-p/00021010710-p.jpg?ts=1779722080756,"₩99,900",,,260622,베이지,,,,
,false,,ZARA,상의,탑,여성,크로스 뒷면 니트 탑,https://www.zara.com/kr/ko/%E1%84%8F%E1%85%B3%E1%84%85%E1%85%A9%E1%84%89%E1%85%B3-%E1%84%82%E1%85%B5%E1%84%90%E1%85%B3-%E1%84%90%E1%85%A1%E1%86%B8-p05802007.html,https://static.zara.net/assets/public/a376/8b97/ac7e4228a0f8/fae54dd31bb3/05802007615-p/05802007615-p.jpg?ts=1774014499988,"₩45,900",,,260622,오렌지,,,,
,false,,ZARA,상의,니트,여성,비대칭 밑단 니트 스웨터,https://www.zara.com/kr/ko/%E1%84%87%E1%85%B5%E1%84%83%E1%85%A2%E1%84%8E%E1%85%B5%E1%86%BC-%E1%84%86%E1%85%B5%E1%87%80%E1%84%83%E1%85%A1%E1%86%AB-%E1%84%82%E1%85%B5%E1%84%90%E1%85%B3-%E1%84%89%E1%85%B3%E1%84%8B%E1%85%B0%E1%84%90%E1%85%A5-p06771017.html,https://static.zara.net/assets/public/79ca/ca80/339146f68856/34414b9c6915/06771017300-p/06771017300-p.jpg?ts=1772038903479,"₩55,900",,,260622,노랑,,,,
,false,,ZARA,상의,니트,여성,비대칭 콤비 니트 스웨터,https://www.zara.com/kr/ko/asymmetric-%E1%84%8F%E1%85%A9%E1%86%B7%E1%84%87%E1%85%B5-%E1%84%82%E1%85%B5%E1%84%90%E1%85%B3-%E1%84%89%E1%85%B3%E1%84%8B%E1%85%B0%E1%84%90%E1%85%A5-p09874007.html,https://static.zara.net/assets/public/cd64/db86/943845d69f50/2151dea6e2f4/09874007250-p/09874007250-p.jpg?ts=1771436949621,"₩79,900",,,260622,화이트,,,,
,false,,ZARA,상의,니트,여성,크롭 배트윙 슬리브 스웨터,https://www.zara.com/kr/ko/%E1%84%8F%E1%85%B3%E1%84%85%E1%85%A9%E1%86%B8-%E1%84%87%E1%85%A2%E1%84%90%E1%85%B3%E1%84%8B%E1%85%B1%E1%86%BC-%E1%84%89%E1%85%B3%E1%86%AF%E1%84%85%E1%85%B5%E1%84%87%E1%85%B3-%E1%84%82%E1%85%B5%E1%84%90%E1%85%B3-%E1%84%89%E1%85%B3%E1%84%8B%E1%85%B0%E1%84%90%E1%85%A5-p04331001.html,https://static.zara.net/assets/public/9db6/de6e/2ddc42df8e64/0eebd343930c/04331001712-p/04331001712-p.jpg?ts=1772792239246,"₩55,900",,,260622,크림,,,,
,false,,ZARA,상의,니트,여성,파인 니트 스웨터,https://www.zara.com/kr/ko/%E1%84%91%E1%85%A1%E1%84%8B%E1%85%B5%E1%86%AB-%E1%84%82%E1%85%B5%E1%84%90%E1%85%B3-%E1%84%87%E1%85%A6%E1%84%8B%E1%85%B5%E1%84%8C%E1%85%B5%E1%86%A8-%E1%84%89%E1%85%B3%E1%84%8B%E1%85%B0%E1%84%90%E1%85%A5-p01509015.html,https://static.zara.net/assets/public/4699/ee52/95ab47cdaf67/3080194b1434/01509015649-p/01509015649-p.jpg?ts=1774618094934,"₩35,900",,,260622,"레드,코랄",,,,
,false,,ZARA,상의,니트,여성,파인 니트 베이직 스웨터,https://www.zara.com/kr/ko/%E1%84%91%E1%85%A1%E1%84%8B%E1%85%B5%E1%86%AB-%E1%84%82%E1%85%B5%E1%84%90%E1%85%B3-%E1%84%87%E1%85%A6%E1%84%8B%E1%85%B5%E1%84%8C%E1%85%B5%E1%86%A8-%E1%84%89%E1%85%B3%E1%84%8B%E1%85%B0%E1%84%90%E1%85%A5-p01509015.html,https://static.zara.net/assets/public/303b/eef2/c4884d52bdcd/51f9234d7fdf/01509015412-p/01509015412-p.jpg?ts=1774618089889,"₩35,900",,,260622,그레이 블루,,,,
,false,,ZARA,치마,스커트,여성,크로셰 프린지 니트 스커트,https://www.zara.com/kr/ko/%E1%84%8F%E1%85%B3%E1%84%85%E1%85%A9%E1%84%89%E1%85%A8-%E1%84%91%E1%85%B3%E1%84%85%E1%85%B5%E1%86%AB%E1%84%8C%E1%85%B5-%E1%84%82%E1%85%B5%E1%84%90%E1%85%B3-%E1%84%89%E1%85%B3%E1%84%8F%E1%85%A5%E1%84%90%E1%85%B3-p00021008.html,https://static.zara.net/assets/public/da92/ad0f/59a04f19859f/60a9fcf83663/00021008711-a3/00021008711-a3.jpg?ts=1779119900664,"₩109,900",,,260622,샌드,,,,
,false,,ZARA,상의,니트,여성,프렌치 슬리브 폴로 스웨터,https://www.zara.com/kr/ko/%E1%84%91%E1%85%B3%E1%84%85%E1%85%A6%E1%86%AB%E1%84%8E%E1%85%B5-%E1%84%89%E1%85%B3%E1%86%AF%E1%84%85%E1%85%B5%E1%84%87%E1%85%B3-%E1%84%91%E1%85%A9%E1%86%AF%E1%84%85%E1%85%A9-%E1%84%89%E1%85%B3%E1%84%8B%E1%85%B0%E1%84%90%E1%85%A5-p02142114.html,https://static.zara.net/assets/public/748a/6a49/9750466d97cf/636153fcffe6/02142114300-000-p/02142114300-000-p.jpg?ts=1773064828049,"₩55,900",,,260622,노랑,,,,
,false,,ZARA,상의,니트,여성,인터레이스 니트 스웨터,https://www.zara.com/kr/ko/%E1%84%8B%E1%85%B5%E1%86%AB%E1%84%90%E1%85%A5%E1%84%85%E1%85%A6%E1%84%8B%E1%85%B5%E1%84%89%E1%85%B3-%E1%84%82%E1%85%B5%E1%84%90%E1%85%B3-%E1%84%89%E1%85%B3%E1%84%8B%E1%85%B0%E1%84%90%E1%85%A5-p05755036.html,https://static.zara.net/assets/public/3e89/3e7a/3d3a4ef5846c/fb5c9755f80f/05755036743-p/05755036743-p.jpg?ts=1772726940168,"₩79,900",,,260622,라이트 카멜,,,,
,false,,ZARA,상의,탑,여성,링클 페이크 니트 탑,https://www.zara.com/kr/ko/%E1%84%85%E1%85%B5%E1%86%BC%E1%84%8F%E1%85%B3%E1%86%AF-%E1%84%91%E1%85%A6%E1%84%8B%E1%85%B5%E1%84%8F%E1%85%B3-%E1%84%82%E1%85%B5%E1%84%90%E1%85%B3-%E1%84%90%E1%85%A1%E1%86%B8-p05802010.html,https://static.zara.net/assets/public/38aa/98eb/f804462dadfc/c18778b69873/05802010610-p/05802010610-p.jpg?ts=1774014282371,"₩49,900",,,260622,가지,,,,
,false,,ZARA,상의,탑,여성,니트 스트랩 탑,https://www.zara.com/kr/ko/%E1%84%82%E1%85%B5%E1%84%90%E1%85%B3-%E1%84%89%E1%85%B3%E1%84%90%E1%85%B3%E1%84%85%E1%85%A2%E1%86%B8-%E1%84%90%E1%85%A1%E1%86%B8-p03920232.html,https://static.zara.net/assets/public/7c50/04ea/069145468bc6/52145d649177/03920232172-p/03920232172-p.jpg?ts=1774451769280,"₩45,900",,,260622,MARSALA,,,,
,false,,ZARA,상의,니트,여성,스트라이프 니트 폴로셔츠,https://www.zara.com/kr/ko/%E1%84%89%E1%85%B3%E1%84%90%E1%85%B3%E1%84%85%E1%85%A1%E1%84%8B%E1%85%B5%E1%84%91%E1%85%B3-%E1%84%82%E1%85%B5%E1%84%90%E1%85%B3-%E1%84%91%E1%85%A9%E1%86%AF%E1%84%85%E1%85%A9%E1%84%89%E1%85%A7%E1%84%8E%E1%85%B3-p09874006.html,https://static.zara.net/assets/public/cc9a/e79b/23b24ed1bb8d/d3a5c0124b37/09874006044-p/09874006044-p.jpg?ts=1773404183533,"₩55,900",,,260622,"블루 ,화이트",,,,
,false,,ZARA,상의,가디건,여성,콤비 벨티드 니트 재킷,https://www.zara.com/kr/ko/%E1%84%8F%E1%85%A9%E1%86%B7%E1%84%87%E1%85%B5-%E1%84%87%E1%85%A6%E1%86%AF%E1%84%90%E1%85%B5%E1%84%83%E1%85%B3-%E1%84%82%E1%85%B5%E1%84%90%E1%85%B3-%E1%84%8C%E1%85%A2%E1%84%8F%E1%85%B5%E1%86%BA-p03920228.html,https://static.zara.net/assets/public/b8be/0f59/9b7b4db29254/71fd5703858b/03920228172-p/03920228172-p.jpg?ts=1774430878384,"₩59,900",,,260622,MARSALA,,,,
,false,,ZARA,상의,탑,여성,플라워 스트럭처 홀터넥 크롭 탑,https://www.zara.com/kr/ko/%E1%84%91%E1%85%B3%E1%86%AF%E1%84%85%E1%85%A1%E1%84%8B%E1%85%AF-%E1%84%89%E1%85%B3%E1%84%90%E1%85%B3%E1%84%85%E1%85%A5%E1%86%A8%E1%84%8E%E1%85%A5-%E1%84%92%E1%85%A9%E1%86%AF%E1%84%90%E1%85%A5%E1%84%82%E1%85%A6%E1%86%A8-%E1%84%8F%E1%85%B3%E1%84%85%E1%85%A9%E1%86%B8-%E1%84%90%E1%85%A1%E1%86%B8-p03920171.html,https://static.zara.net/assets/public/bd92/9cf9/f0504466b097/8adf508168c8/03920171710-p/03920171710-p.jpg?ts=1775552278236,"₩89,900",,,260622,베이지,,,,
,false,,ZARA,상의,니트,여성,페이크 크링클 니트 스웨터,https://www.zara.com/kr/ko/%E1%84%91%E1%85%A6%E1%84%8B%E1%85%B5%E1%84%8F%E1%85%B3-%E1%84%8F%E1%85%B3%E1%84%85%E1%85%B5%E1%86%BC%E1%84%8F%E1%85%B3%E1%86%AF-%E1%84%82%E1%85%B5%E1%84%90%E1%85%B3-%E1%84%89%E1%85%B3%E1%84%8B%E1%85%B0%E1%84%90%E1%85%A5-p05802009.html,https://static.zara.net/assets/public/e710/0f75/9d8f4b47a513/1007ba7cbb1e/05802009704-p/05802009704-p.jpg?ts=1774430897936,"₩57,900",,,260622,샌드,,,,
,false,,ZARA,상의,니트,여성,와이드 슬리브 니트 스웨터,https://www.zara.com/kr/ko/%E1%84%8B%E1%85%AA%E1%84%8B%E1%85%B5%E1%84%83%E1%85%B3-%E1%84%89%E1%85%B3%E1%86%AF%E1%84%85%E1%85%B5%E1%84%87%E1%85%B3-%E1%84%82%E1%85%B5%E1%84%90%E1%85%B3-%E1%84%89%E1%85%B3%E1%84%8B%E1%85%B0%E1%84%90%E1%85%A5-p00014018.html,https://static.zara.net/assets/public/6440/93a0/27cc4834a133/0cf99c8396b7/00014018030-p/00014018030-p.jpg?ts=1772636216465,"₩79,900",,,260622,"블루,블랙",,,,
,false,,ZARA,상의,탑,여성,청키 니트 탑,https://www.zara.com/kr/ko/%E1%84%8E%E1%85%A5%E1%86%BC%E1%84%8F%E1%85%B5-%E1%84%82%E1%85%B5%E1%84%90%E1%85%B3-%E1%84%90%E1%85%A1%E1%86%B8-p00014017.html,https://static.zara.net/assets/public/3438/7918/55b8482ebdc0/e17f9a383418/00014017712-p/00014017712-p.jpg?ts=1771939265894,"₩57,900",,,260622,크림,,,,
,false,,ZARA,상의,탑,여성,프릴 니트 탑,https://www.zara.com/kr/ko/%E1%84%91%E1%85%B3%E1%84%85%E1%85%B5%E1%86%AF-%E1%84%82%E1%85%B5%E1%84%90%E1%85%B3-%E1%84%90%E1%85%A1%E1%86%B8-p03456010.html,https://static.zara.net/assets/public/b74e/e9bb/c8b040cdb441/34d294f46336/03456010622-p/03456010622-p.jpg?ts=1775062977470,"₩45,900",,,260622,페일 로즈,,,,
,false,,ZARA,상의,가디건,여성,볼 버튼 니트 재킷,https://www.zara.com/kr/ko/%E1%84%87%E1%85%A9%E1%86%AF-%E1%84%87%E1%85%A5%E1%84%90%E1%85%B3%E1%86%AB-%E1%84%82%E1%85%B5%E1%84%90%E1%85%B3-%E1%84%8C%E1%85%A2%E1%84%8F%E1%85%B5%E1%86%BA-p05536159.html,https://static.zara.net/assets/public/d32c/45d1/dfab450ebfec/0c81c768624a/05536159719-p/05536159719-p.jpg?ts=1766151272413,"₩55,900",,,260622,비고레 브라운,,,,
,false,,ZARA,원피스,원피스,여성,벨트 니트 원피스,https://www.zara.com/kr/ko/%E1%84%87%E1%85%A6%E1%86%AF%E1%84%90%E1%85%B3-%E1%84%82%E1%85%B5%E1%84%90%E1%85%B3-%E1%84%8B%E1%85%AF%E1%86%AB%E1%84%91%E1%85%B5%E1%84%89%E1%85%B3-p03920836.html,https://static.zara.net/assets/public/be21/7ebf/d8164b4ebef8/44abd89b6b81/03920836706-p/03920836706-p.jpg?ts=1766150175705,"₩79,900",,,260622,밍크,,,,
,false,,ZARA,상의,가디건,여성,쇼트 니트 재킷,https://www.zara.com/kr/ko/%E1%84%89%E1%85%AD%E1%84%90%E1%85%B3-%E1%84%82%E1%85%B5%E1%84%90%E1%85%B3-%E1%84%8C%E1%85%A2%E1%84%8F%E1%85%B5%E1%86%BA-p06771156.html,https://static.zara.net/assets/public/fd5c/92a8/d08946918046/927b1589cf82/06771156737-p/06771156737-p.jpg?ts=1766150174430,"₩59,900",,,260622,"브라운,토프",,,,
,false,,ZARA,상의,니트,여성,레이스 니트 스웨터,https://www.zara.com/kr/ko/%E1%84%85%E1%85%A6%E1%84%8B%E1%85%B5%E1%84%89%E1%85%B3-%E1%84%82%E1%85%B5%E1%84%90%E1%85%B3-%E1%84%89%E1%85%B3%E1%84%8B%E1%85%B0%E1%84%90%E1%85%A5-p05755125.html,https://static.zara.net/assets/public/7f19/43b4/296e469ea60e/e9f6aa092ce0/05755125800-p/05755125800-p.jpg?ts=1766146343893,"₩89,900",,,260622,블랙,,,,
,false,,ZARA,상의,니트,여성,니트 케이프 스웨터,https://www.zara.com/kr/ko/%E1%84%8F%E1%85%A6%E1%84%8B%E1%85%B5%E1%84%91%E1%85%B3-%E1%84%82%E1%85%B5%E1%84%90%E1%85%B3-%E1%84%89%E1%85%B3%E1%84%8B%E1%85%B0%E1%84%90%E1%85%A5-p03920967.html,https://static.zara.net/assets/public/0231/551a/8a6e4ed38d3e/569e51a249f4/03920967712-p/03920967712-p.jpg?ts=1770385176703,"₩59,900",,,260622,크림,,,,
,false,,ZARA,상의,가디건,여성,니트 쇼트 재킷,https://www.zara.com/kr/ko/%E1%84%82%E1%85%B5%E1%84%90%E1%85%B3-%E1%84%89%E1%85%AD%E1%84%90%E1%85%B3-%E1%84%8C%E1%85%A2%E1%84%8F%E1%85%B5%E1%86%BA-p06771015.html,https://static.zara.net/assets/public/d559/3e8b/e41a4d08bcc9/2699ba7d3bfc/06771015401-p/06771015401-p.jpg?ts=1771247200589,"₩59,900",,,260622,네이비,,,,
,false,,ZARA,상의,탑,여성,로맨틱 믹스 니트 탑,https://www.zara.com/kr/ko/%E1%84%85%E1%85%A9%E1%84%86%E1%85%A2%E1%86%AB%E1%84%90%E1%85%B5%E1%86%A8-%E1%84%86%E1%85%B5%E1%86%A8%E1%84%89%E1%85%B3-%E1%84%82%E1%85%B5%E1%84%90%E1%85%B3-%E1%84%90%E1%85%A1%E1%86%B8-p03920178.html,https://static.zara.net/assets/public/85f4/ce73/302942bf93a3/46438164b75c/03920178942-p/03920178942-p.jpg?ts=1775042826802,"₩55,900",,,260622,베이지 핑크,,,,
,false,,ZARA,상의,탑,여성,파인 니트 케이프 탑,https://www.zara.com/kr/ko/%E1%84%91%E1%85%A1%E1%84%8B%E1%85%B5%E1%86%AB-%E1%84%82%E1%85%B5%E1%84%90%E1%85%B3-%E1%84%8F%E1%85%B3%E1%84%85%E1%85%A9%E1%86%B8-%E1%84%90%E1%85%A1%E1%86%B8-p03456007.html,https://static.zara.net/assets/public/d294/b125/35344bd5b38b/755c25dd5a83/03456007800-p/03456007800-p.jpg?ts=1775744295554,"₩55,900",,,260622,블랙,,,,
,false,,ZARA,상의,니트,여성,베이직 플레인 니트 스웨터,https://www.zara.com/kr/ko/%E1%84%87%E1%85%A6%E1%84%8B%E1%85%B5%E1%84%8C%E1%85%B5%E1%86%A8-%E1%84%92%E1%85%A1%E1%84%8B%E1%85%B5%E1%84%82%E1%85%A6%E1%86%A8-%E1%84%82%E1%85%B5%E1%84%90%E1%85%B3-%E1%84%89%E1%85%B3%E1%84%8B%E1%85%B0%E1%84%90%E1%85%A5-p08851181.html,https://static.zara.net/assets/public/c1b1/2355/b9684b86a976/a699ce7be88f/08851181712-p/08851181712-p.jpg?ts=1766151704207,"₩49,900",,,260622,크림,,,,
,false,,ZARA,상의,니트,여성,와이드 슬리브 니트 스웨터,https://www.zara.com/kr/ko/%E1%84%8B%E1%85%AA%E1%84%8B%E1%85%B5%E1%84%83%E1%85%B3-%E1%84%89%E1%85%B3%E1%86%AF%E1%84%85%E1%85%B5%E1%84%87%E1%85%B3-%E1%84%82%E1%85%B5%E1%84%90%E1%85%B3-%E1%84%89%E1%85%B3%E1%84%8B%E1%85%B0%E1%84%90%E1%85%A5-p05536213.html,https://static.zara.net/assets/public/1430/12db/81694179911f/09690e094d31/05536213812-p/05536213812-p.jpg?ts=1766134835210,"₩59,900",,,260622,그레이,,,,
,false,,ZARA,상의,가디건,여성,스트라이프 니트 재킷,https://www.zara.com/kr/ko/%E1%84%89%E1%85%B3%E1%84%90%E1%85%B3%E1%84%85%E1%85%A1%E1%84%8B%E1%85%B5%E1%84%91%E1%85%B3-%E1%84%82%E1%85%B5%E1%84%90%E1%85%B3-%E1%84%8C%E1%85%A2%E1%84%8F%E1%85%B5%E1%86%BA-p03653113.html,https://static.zara.net/assets/public/8b4f/1cb3/561a4369bd63/a1ced3176f82/03653113049-p/03653113049-p.jpg?ts=1766134848649,"₩57,900",,,260622,브라운-블루,,,,
,false,,ZARA,상의,니트,여성,숄더 패드 니트 스웨터,https://www.zara.com/kr/ko/%E1%84%89%E1%85%AD%E1%86%AF%E1%84%83%E1%85%A5-%E1%84%91%E1%85%A2%E1%84%83%E1%85%B3-%E1%84%82%E1%85%B5%E1%84%90%E1%85%B3-%E1%84%89%E1%85%B3%E1%84%8B%E1%85%B0%E1%84%90%E1%85%A5-p03920969.html,https://static.zara.net/assets/public/5032/15e4/d29d4265b3ec/9b247d561b2e/03920969712-p/03920969712-p.jpg?ts=1770811037201,"₩59,900",,,260622,크림,,,,
,false,,ZARA,상의,탑,여성,프린지 니트 탑,https://www.zara.com/kr/ko/%E1%84%91%E1%85%B3%E1%84%85%E1%85%B5%E1%86%AB%E1%84%8C%E1%85%B5-%E1%84%82%E1%85%B5%E1%84%90%E1%85%B3-%E1%84%90%E1%85%A1%E1%86%B8-p02893035.html,https://static.zara.net/assets/public/420c/53a2/6fe543df897f/434b6bd11f18/02893035250-p/02893035250-p.jpg?ts=1774881358498,"₩49,900",,,260622,화이트,,,,
,false,,ZARA,기타,WAISTCOAT,여성,벨트 니트 베스트,https://www.zara.com/kr/ko/%E1%84%87%E1%85%A6%E1%86%AF%E1%84%90%E1%85%B3-%E1%84%82%E1%85%B5%E1%84%90%E1%85%B3-%E1%84%87%E1%85%A6%E1%84%89%E1%85%B3%E1%84%90%E1%85%B3-p02756004.html,https://static.zara.net/assets/public/cd9b/4f31/51a64963b2ce/4d47d56c53bd/02756004712-p/02756004712-p.jpg?ts=1770655953391,"₩59,900",,,260622,크림,,,,
,false,,ZARA,상의,니트,여성,엑스트라 파인 브이넥 니트 스웨터,https://www.zara.com/kr/ko/%E1%84%8B%E1%85%A6%E1%86%A8%E1%84%89%E1%85%B3%E1%84%90%E1%85%B3%E1%84%85%E1%85%A1-%E1%84%91%E1%85%A1%E1%84%8B%E1%85%B5%E1%86%AB-%E1%84%87%E1%85%B3%E1%84%8B%E1%85%B5%E1%84%82%E1%85%A6%E1%86%A8-%E1%84%82%E1%85%B5%E1%84%90%E1%85%B3-%E1%84%89%E1%85%B3%E1%84%8B%E1%85%B0%E1%84%90%E1%85%A5-p04192075.html,https://static.zara.net/assets/public/7e97/e7e6/7d4841c793dd/c16359b7d998/04192075715-p/04192075715-p.jpg?ts=1770742318764,"₩57,900",,,260622,미디움 크림,,,,
,false,,ZARA,상의,니트,여성,엑스트라 파인 브이넥 니트 스웨터,https://www.zara.com/kr/ko/%E1%84%8B%E1%85%A6%E1%86%A8%E1%84%89%E1%85%B3%E1%84%90%E1%85%B3%E1%84%85%E1%85%A1-%E1%84%91%E1%85%A1%E1%84%8B%E1%85%B5%E1%86%AB-%E1%84%87%E1%85%B3%E1%84%8B%E1%85%B5%E1%84%82%E1%85%A6%E1%86%A8-%E1%84%82%E1%85%B5%E1%84%90%E1%85%B3-%E1%84%89%E1%85%B3%E1%84%8B%E1%85%B0%E1%84%90%E1%85%A5-p04192075.html,https://static.zara.net/assets/public/afbf/a19f/098948da8181/9a4358981e53/04192075430-p/04192075430-p.jpg?ts=1770899845036,"₩57,900",,,260622,잉크 블,,,,
,false,,ZARA,상의,탑,여성,언밸런스 니트 스웨터,https://www.zara.com/kr/ko/%E1%84%8B%E1%85%A5%E1%86%AB%E1%84%87%E1%85%A2%E1%86%AF%E1%84%85%E1%85%A5%E1%86%AB%E1%84%89%E1%85%B3-%E1%84%82%E1%85%B5%E1%84%90%E1%85%B3-%E1%84%89%E1%85%B3%E1%84%8B%E1%85%B0%E1%84%90%E1%85%A5-p02142110.html,https://static.zara.net/assets/public/76fb/a18c/42264f55beb3/e8e213c762b1/02142110712-p/02142110712-p.jpg?ts=1771263182234,"₩59,900",,,260622,크림,,,,
,false,,ZARA,상의,가디건,여성,반소매 니트 재킷,https://www.zara.com/kr/ko/%E1%84%87%E1%85%A1%E1%86%AB%E1%84%89%E1%85%A9%E1%84%86%E1%85%A2-%E1%84%82%E1%85%B5%E1%84%90%E1%85%B3-%E1%84%8C%E1%85%A2%E1%84%8F%E1%85%B5%E1%86%BA-p03471001.html,https://static.zara.net/assets/public/f73b/1483/78ee48deb69a/8eae02116c96/03471001300-p/03471001300-p.jpg?ts=1773404133155,"₩45,900",,,260622,노랑,,,,
,false,,ZARA,상의,니트,여성,벌룬 슬리브 니트 스웨터,https://www.zara.com/kr/ko/%E1%84%87%E1%85%A5%E1%86%AF%E1%84%85%E1%85%AE%E1%86%AB-%E1%84%89%E1%85%B3%E1%86%AF%E1%84%85%E1%85%B5%E1%84%87%E1%85%B3-%E1%84%82%E1%85%B5%E1%84%90%E1%85%B3-%E1%84%89%E1%85%B3%E1%84%8B%E1%85%B0%E1%84%90%E1%85%A5-p06236006.html,https://static.zara.net/assets/public/f9dc/f7a3/0fa349f59597/8c777e514fae/06236006640-p/06236006640-p.jpg?ts=1774615396969,"₩55,900",,,260622,네온 로즈핑크,,,,
,false,,ZARA,상의,탑,여성,세미 시스루 니트 탑,https://www.zara.com/kr/ko/%E1%84%89%E1%85%A6%E1%84%86%E1%85%B5-%E1%84%89%E1%85%B5%E1%84%89%E1%85%B3%E1%84%85%E1%85%AE-%E1%84%82%E1%85%B5%E1%84%90%E1%85%B3-%E1%84%90%E1%85%A1%E1%86%B8-p02142103.html,https://static.zara.net/assets/public/edc1/b666/8e984bfba30b/ce2932867180/02142103818-p/02142103818-p.jpg?ts=1771424502441,"₩79,900",,,260622,납,,,,
,false,,ZARA,상의,탑,여성,언밸런스 리브드 니트 탑,https://www.zara.com/kr/ko/%E1%84%8B%E1%85%A5%E1%86%AB%E1%84%87%E1%85%A2%E1%86%AF%E1%84%85%E1%85%A5%E1%86%AB%E1%84%89%E1%85%B3-%E1%84%85%E1%85%B5%E1%84%87%E1%85%B3%E1%84%83%E1%85%B3-%E1%84%82%E1%85%B5%E1%84%90%E1%85%B3-%E1%84%90%E1%85%A1%E1%86%B8-p04331002.html,https://static.zara.net/assets/public/bc58/7ba7/a6214aa58e38/e5de89e04281/04331002520-p/04331002520-p.jpg?ts=1779272136519,"₩39,900",,,260622,라임,,,,
,false,,ZARA,기타,WAISTCOAT,여성,리브드 니트 베스트,https://www.zara.com/kr/ko/%E1%84%85%E1%85%B5%E1%84%87%E1%85%B3%E1%84%83%E1%85%B3-%E1%84%82%E1%85%B5%E1%84%90%E1%85%B3-%E1%84%87%E1%85%A6%E1%84%89%E1%85%B3%E1%84%90%E1%85%B3-p06771113.html,https://static.zara.net/assets/public/922f/2286/5aca4baa8c7d/f781ac513a1e/06771113401-p/06771113401-p.jpg?ts=1766072437739,"₩49,900",,,260622,네이비,,,,
,false,,ZARA,상의,탑,여성,언밸런스 밑단 크롭 니트 탑,https://www.zara.com/kr/ko/%E1%84%8B%E1%85%A5%E1%86%AB%E1%84%87%E1%85%A2%E1%86%AF%E1%84%85%E1%85%A5%E1%86%AB%E1%84%89%E1%85%B3-%E1%84%86%E1%85%B5%E1%87%80%E1%84%83%E1%85%A1%E1%86%AB-%E1%84%8F%E1%85%B3%E1%84%85%E1%85%A9%E1%86%B8-%E1%84%82%E1%85%B5%E1%84%90%E1%85%B3-%E1%84%90%E1%85%A1%E1%86%B8-p04331004.html,https://static.zara.net/assets/public/508f/309e/a619459bbe15/51076c0daf0e/04331004250-p/04331004250-p.jpg?ts=1772550772027,"₩49,900",,,260622,화이트,,,,
,false,,ZARA,치마,스커트,여성,니트 미디 스커트,https://www.zara.com/kr/ko/%E1%84%82%E1%85%B5%E1%84%90%E1%85%B3-%E1%84%86%E1%85%B5%E1%84%83%E1%85%B5-%E1%84%89%E1%85%B3%E1%84%8F%E1%85%A5%E1%84%90%E1%85%B3-p02893048.html,https://static.zara.net/assets/public/3d47/4903/771f4df88779/c5c72d6a7aba/02893048718-p/02893048718-p.jpg?ts=1774881368890,"₩57,900",,,260622,"샌드,브라운",,,,
,false,,ZARA,상의,탑,여성,언밸런스 니트 탑,https://www.zara.com/kr/ko/%E1%84%8B%E1%85%A5%E1%86%AB%E1%84%87%E1%85%A2%E1%86%AF%E1%84%85%E1%85%A5%E1%86%AB%E1%84%89%E1%85%B3-%E1%84%82%E1%85%B5%E1%84%90%E1%85%B3-%E1%84%90%E1%85%A1%E1%86%B8-p02893047.html,https://static.zara.net/assets/public/3a0c/350c/98af42bcaf3f/0ed9004812ae/02893047718-p/02893047718-p.jpg?ts=1774881368341,"₩49,900",,,260622,"샌드,브라운",,,,
,false,,ZARA,상의,니트,여성,오버사이즈 비대칭 밑단 니트 스웨터,https://www.zara.com/kr/ko/%E1%84%87%E1%85%B5%E1%84%83%E1%85%A2%E1%84%8E%E1%85%B5%E1%86%BC-%E1%84%86%E1%85%B5%E1%87%80%E1%84%83%E1%85%A1%E1%86%AB-%E1%84%8B%E1%85%A9%E1%84%87%E1%85%A5%E1%84%89%E1%85%A1%E1%84%8B%E1%85%B5%E1%84%8C%E1%85%B3-%E1%84%82%E1%85%B5%E1%84%90%E1%85%B3-p05755033.html,https://static.zara.net/assets/public/65f6/8606/8cba4a12aa4a/9b79d91c7df0/05755033072-a2/05755033072-a2.jpg?ts=1772726935316,"₩59,900",,,260622,아이보리-화이트,,,,
,false,,ZARA,상의,가디건,여성,스트라이프 니트 재킷,https://www.zara.com/kr/ko/%E1%84%89%E1%85%B3%E1%84%90%E1%85%B3%E1%84%85%E1%85%A1%E1%84%8B%E1%85%B5%E1%84%91%E1%85%B3-%E1%84%82%E1%85%B5%E1%84%90%E1%85%B3-%E1%84%8C%E1%85%A2%E1%84%8F%E1%85%B5%E1%86%BA-p08851010.html,https://static.zara.net/assets/public/31d7/9b1b/438544e6891b/34ee5498e9f4/08851010104-p/08851010104-p.jpg?ts=1774009920353,"₩55,900",,,260622,스트라이프,,,,
,false,,ZARA,상의,가디건,여성,니트 쇼트 재킷,https://www.zara.com/kr/ko/%E1%84%89%E1%85%AD%E1%84%90%E1%85%B3-%E1%84%82%E1%85%B5%E1%84%90%E1%85%B3-%E1%84%8C%E1%85%A2%E1%84%8F%E1%85%B5%E1%86%BA-p06771156.html,https://static.zara.net/assets/public/21c3/4baa/604e45a78c40/6bcc57a9aa34/06771156716-p/06771156716-p.jpg?ts=1765984944695,"₩59,900",,,260622,다크 브라운,,,,
,false,,ZARA,상의,가디건,여성,소프트 니트 재킷,https://www.zara.com/kr/ko/%E1%84%89%E1%85%A9%E1%84%91%E1%85%B3%E1%84%90%E1%85%B3-%E1%84%82%E1%85%B5%E1%84%90%E1%85%B3-%E1%84%8C%E1%85%A2%E1%84%8F%E1%85%B5%E1%86%BA-p05536149.html,https://static.zara.net/assets/public/46cd/55cf/d24a4d348fbb/b76b56a36ed8/05536149401-p/05536149401-p.jpg?ts=1765984944238,"₩57,900",,,260622,네이비,,,,
,false,,ZARA,상의,니트,여성,베이직 플레인 니트 스웨터,https://www.zara.com/kr/ko/%E1%84%87%E1%85%A6%E1%84%8B%E1%85%B5%E1%84%8C%E1%85%B5%E1%86%A8-%E1%84%92%E1%85%A1%E1%84%8B%E1%85%B5%E1%84%82%E1%85%A6%E1%86%A8-%E1%84%82%E1%85%B5%E1%84%90%E1%85%B3-%E1%84%89%E1%85%B3%E1%84%8B%E1%85%B0%E1%84%90%E1%85%A5-p08851181.html,https://static.zara.net/assets/public/2c9e/77e9/6d3445218013/2b9a628bbb7f/08851181717-p/08851181717-p.jpg?ts=1765984944626,"₩49,900",,,260622,초콜렛,,,,
,false,,ZARA,상의,니트,여성,플라워 쇼트 슬리브 니트 스웨터,https://www.zara.com/kr/ko/%E1%84%91%E1%85%B3%E1%86%AF%E1%84%85%E1%85%A1%E1%84%8B%E1%85%AF-%E1%84%89%E1%85%AD%E1%84%90%E1%85%B3-%E1%84%89%E1%85%B3%E1%86%AF%E1%84%85%E1%85%B5%E1%84%87%E1%85%B3-%E1%84%82%E1%85%B5%E1%84%90%E1%85%B3-%E1%84%89%E1%85%B3%E1%84%8B%E1%85%B0%E1%84%90%E1%85%A5-p09598058.html,https://static.zara.net/assets/public/c0a4/588a/a3574c988fb6/730d74b03c8e/09598058406-a3/09598058406-a3.jpg?ts=1772718198453,"₩57,900",,,260622,라이트 블루,,,,
,false,,ZARA,상의,탑,여성,텍스처 니트 스트랩 탑,https://www.zara.com/kr/ko/%E1%84%90%E1%85%A6%E1%86%A8%E1%84%89%E1%85%B3%E1%84%8E%E1%85%A5-%E1%84%82%E1%85%B5%E1%84%90%E1%85%B3-%E1%84%89%E1%85%B3%E1%84%90%E1%85%B3%E1%84%85%E1%85%A2%E1%86%B8-%E1%84%90%E1%85%A1%E1%86%B8-p08779120.html,https://static.zara.net/assets/public/5cde/8a0a/13944aa8ab4a/3f66320accd7/08779120505-p/08779120505-p.jpg?ts=1780474098326,"₩45,900",,,260622,카키,,,,
,false,,ZARA,상의,가디건,여성,청키 니트 재킷,https://www.zara.com/kr/ko/%E1%84%8E%E1%85%A5%E1%86%BC%E1%84%8F%E1%85%B5-%E1%84%82%E1%85%B5%E1%84%90%E1%85%B3-%E1%84%8C%E1%85%A2%E1%84%8F%E1%85%B5%E1%86%BA-p02893041.html,https://static.zara.net/assets/public/a527/a49f/9f8c4b7cbb5f/83aad857b832/02893041709-p/02893041709-p.jpg?ts=1772038875216,"₩59,900",,,260622,다크 샌드,,,,
,false,,ZARA,상의,니트,여성,쇼트 슬리브 베이직 니트 스웨터,https://www.zara.com/kr/ko/%E1%84%89%E1%85%AD%E1%84%90%E1%85%B3-%E1%84%89%E1%85%B3%E1%86%AF%E1%84%85%E1%85%B5%E1%84%87%E1%85%B3-%E1%84%87%E1%85%A6%E1%84%8B%E1%85%B5%E1%84%8C%E1%85%B5%E1%86%A8-%E1%84%82%E1%85%B5%E1%84%90%E1%85%B3-%E1%84%89%E1%85%B3%E1%84%8B%E1%85%B0%E1%84%90%E1%85%A5-p08851008.html,https://static.zara.net/assets/public/1d91/bdc6/c89e498ca2b5/443bfe0dfc99/08851008250-p/08851008250-p.jpg?ts=1772036355985,"₩45,900",,,260622,화이트,,,,
,false,,ZARA,상의,니트,여성,쇼트 슬리브 베이직 니트 스웨터,https://www.zara.com/kr/ko/%E1%84%89%E1%85%AD%E1%84%90%E1%85%B3-%E1%84%89%E1%85%B3%E1%86%AF%E1%84%85%E1%85%B5%E1%84%87%E1%85%B3-%E1%84%87%E1%85%A6%E1%84%8B%E1%85%B5%E1%84%8C%E1%85%B5%E1%86%A8-%E1%84%82%E1%85%B5%E1%84%90%E1%85%B3-%E1%84%89%E1%85%B3%E1%84%8B%E1%85%B0%E1%84%90%E1%85%A5-p08851008.html,https://static.zara.net/assets/public/fd91/5f27/7a2b4d79afb5/9d31f54c4a0c/08851008800-p/08851008800-p.jpg?ts=1772036360728,"₩45,900",,,260622,블랙,,,,
,false,,ZARA,상의,니트,여성,쇼트 슬리브 베이직 니트 스웨터,https://www.zara.com/kr/ko/%E1%84%89%E1%85%AD%E1%84%90%E1%85%B3-%E1%84%89%E1%85%B3%E1%86%AF%E1%84%85%E1%85%B5%E1%84%87%E1%85%B3-%E1%84%87%E1%85%A6%E1%84%8B%E1%85%B5%E1%84%8C%E1%85%B5%E1%86%A8-%E1%84%82%E1%85%B5%E1%84%90%E1%85%B3-%E1%84%89%E1%85%B3%E1%84%8B%E1%85%B0%E1%84%90%E1%85%A5-p08851008.html,https://static.zara.net/assets/public/3432/6927/015749eda6f2/63cfd1fe7b89/08851008400-a2/08851008400-a2.jpg?ts=1772036361046,"₩45,900",,,260622,블루,,,,
,false,,ZARA,상의,탑,여성,코르셋 스트링 니트 탑,https://www.zara.com/kr/ko/%E1%84%8F%E1%85%A9%E1%84%85%E1%85%B3%E1%84%89%E1%85%A6%E1%86%BA-%E1%84%89%E1%85%B3%E1%84%90%E1%85%B3%E1%84%85%E1%85%B5%E1%86%BC-%E1%84%82%E1%85%B5%E1%84%90%E1%85%B3-%E1%84%90%E1%85%A1%E1%86%B8-p05802003.html,https://static.zara.net/assets/public/9a0f/b546/aead457097c9/82ea6eb31fb5/05802003800-p/05802003800-p.jpg?ts=1773998505883,"₩45,900",,,260622,블랙,,,,
,false,,ZARA,상의,니트,여성,소프트 니트 하이넥 스웨터,https://www.zara.com/kr/ko/%E1%84%89%E1%85%A9%E1%84%91%E1%85%B3%E1%84%90%E1%85%B3-%E1%84%92%E1%85%A1%E1%84%8B%E1%85%B5%E1%84%82%E1%85%A6%E1%86%A8-%E1%84%82%E1%85%B5%E1%84%90%E1%85%B3-%E1%84%89%E1%85%B3%E1%84%8B%E1%85%B0%E1%84%90%E1%85%A5-p02142263.html,https://static.zara.net/assets/public/da4c/2897/874e40c9a30f/bbbd6f8de23c/02142170922-p/02142170922-p.jpg?ts=1765887341176,"₩59,900",,,260622,다크 그레이,,,,
,false,,ZARA,상의,니트,여성,플레인 니트 스웨터,https://www.zara.com/kr/ko/%E1%84%91%E1%85%B3%E1%86%AF%E1%84%85%E1%85%A6%E1%84%8B%E1%85%B5%E1%86%AB-%E1%84%82%E1%85%B5%E1%84%90%E1%85%B3-%E1%84%89%E1%85%B3%E1%84%8B%E1%85%B0%E1%84%90%E1%85%A5-p05755156.html,https://static.zara.net/assets/public/abb2/49d3/030e45318cd7/8d391b258ed0/05755156401-p/05755156401-p.jpg?ts=1765876086498,"₩59,900",,,260622,네이비,,,,
,false,,ZARA,상의,니트,여성,95% 울 폴로 스웨터,https://www.zara.com/kr/ko/95-%E1%84%8B%E1%85%AE%E1%86%AF-%E1%84%91%E1%85%B3%E1%86%AF%E1%84%85%E1%85%A6%E1%84%8B%E1%85%B5%E1%86%AB-%E1%84%82%E1%85%B5%E1%84%90%E1%85%B3-%E1%84%91%E1%85%A9%E1%86%AF%E1%84%85%E1%85%A9%E1%84%89%E1%85%A7%E1%84%8E%E1%85%B3-p02893124.html,https://static.zara.net/assets/public/d33f/40eb/5f874bcaa357/55565bbf4e16/02893124802-p/02893124802-p.jpg?ts=1765298244168,"₩169,900",,,260622,그레이,,,,
,false,,ZARA,상의,니트,여성,95% 울 폴로 스웨터,https://www.zara.com/kr/ko/95-%E1%84%8B%E1%85%AE%E1%86%AF-%E1%84%91%E1%85%B3%E1%86%AF%E1%84%85%E1%85%A6%E1%84%8B%E1%85%B5%E1%86%AB-%E1%84%82%E1%85%B5%E1%84%90%E1%85%B3-%E1%84%91%E1%85%A9%E1%86%AF%E1%84%85%E1%85%A9%E1%84%89%E1%85%A7%E1%84%8E%E1%85%B3-p02893124.html,https://static.zara.net/assets/public/cebc/3fae/da114282bb6c/290e036e20fb/02893124802-p/02893124802-p.jpg?ts=1761585164324,"₩169,900",,,260622,그레이,,,,
,false,,ZARA,상의,니트,여성,브이넥 니트 스웨터,https://www.zara.com/kr/ko/%E1%84%87%E1%85%B3%E1%84%8B%E1%85%B5%E1%84%82%E1%85%A6%E1%86%A8-%E1%84%82%E1%85%B5%E1%84%90%E1%85%B3-%E1%84%89%E1%85%B3%E1%84%8B%E1%85%B0%E1%84%90%E1%85%A5-p09598050.html,https://static.zara.net/assets/public/ccd4/dff2/42a5479582f4/3fffba883907/09598050250-p/09598050250-p.jpg?ts=1771589328426,"₩55,900",,,260622,화이트,,,,
,false,,ZARA,상의,가디건,여성,믹스 니트 재킷,https://www.zara.com/kr/ko/%E1%84%86%E1%85%B5%E1%86%A8%E1%84%89%E1%85%B3-%E1%84%82%E1%85%B5%E1%84%90%E1%85%B3-%E1%84%8C%E1%85%A2%E1%84%8F%E1%85%B5%E1%86%BA-p03581008.html,https://static.zara.net/assets/public/9749/b9bc/c8ab4cda8728/059fdfa45e51/03581008711-p/03581008711-p.jpg?ts=1772623832703,"₩79,900",,,260622,샌드,,,,
,false,,ZARA,상의,니트,여성,숏 슬리브 브이넥 니트 탑,https://www.zara.com/kr/ko/%E1%84%89%E1%85%AD%E1%86%BA-%E1%84%89%E1%85%B3%E1%86%AF%E1%84%85%E1%85%B5%E1%84%87%E1%85%B3-%E1%84%87%E1%85%B3%E1%84%8B%E1%85%B5%E1%84%82%E1%85%A6%E1%86%A8-%E1%84%82%E1%85%B5%E1%84%90%E1%85%B3-%E1%84%90%E1%85%A1%E1%86%B8-p09598046.html,https://static.zara.net/assets/public/0d12/0c09/4a2f4cc18c98/3177cd9c1355/09598046306-p/09598046306-p.jpg?ts=1772550786465,"₩49,900",,,260622,라이트 옐로우,,,,
,false,,ZARA,상의,니트,여성,브이넥 숏 슬리브 니트 탑,https://www.zara.com/kr/ko/%E1%84%89%E1%85%AD%E1%86%BA-%E1%84%89%E1%85%B3%E1%86%AF%E1%84%85%E1%85%B5%E1%84%87%E1%85%B3-%E1%84%87%E1%85%B3%E1%84%8B%E1%85%B5%E1%84%82%E1%85%A6%E1%86%A8-%E1%84%82%E1%85%B5%E1%84%90%E1%85%B3-%E1%84%90%E1%85%A1%E1%86%B8-p09598046.html,https://static.zara.net/assets/public/69f0/a886/a45349aab669/0884c1d08eeb/09598046653-p/09598046653-p.jpg?ts=1772550786589,"₩49,900",,,260622,"로즈핑크,백합",,,,
,false,,ZARA,상의,가디건,여성,폴로 칼라 니트 재킷,https://www.zara.com/kr/ko/%E1%84%91%E1%85%A9%E1%86%AF%E1%84%85%E1%85%A9-%E1%84%8F%E1%85%A1%E1%86%AF%E1%84%85%E1%85%A1-%E1%84%82%E1%85%B5%E1%84%90%E1%85%B3-%E1%84%8C%E1%85%A2%E1%84%8F%E1%85%B5%E1%86%BA-p01957005.html,https://static.zara.net/assets/public/0973/ce8e/71eb4c26a2d5/08b3363d3bcd/01957005500-p/01957005500-p.jpg?ts=1770209588401,"₩55,900",,,260622,초록,,,,
,false,,ZARA,상의,탑,여성,포인텔 니트 탑,https://www.zara.com/kr/ko/%E1%84%91%E1%85%A9%E1%84%8B%E1%85%B5%E1%86%AB%E1%84%90%E1%85%A6%E1%86%AF-%E1%84%82%E1%85%B5%E1%84%90%E1%85%B3-%E1%84%90%E1%85%A1%E1%86%B8-p02142201.html,https://static.zara.net/assets/public/5408/cb60/4ef947b789e2/8ef20eb633f6/02142201800-p/02142201800-p.jpg?ts=1773851066945,"₩49,900",,,260622,블랙,,,,
,false,,ZARA,상의,니트,여성,벨트 니트 스웨터,https://www.zara.com/kr/ko/%E1%84%87%E1%85%A6%E1%86%AF%E1%84%90%E1%85%B3-%E1%84%82%E1%85%B5%E1%84%90%E1%85%B3-%E1%84%89%E1%85%B3%E1%84%8B%E1%85%B0%E1%84%90%E1%85%A5-p05536003.html,https://static.zara.net/assets/public/2214/de23/b3e94248a16f/5fd92c37b920/05536003401-p/05536003401-p.jpg?ts=1769176189221,"₩59,900",,,260622,네이비,,,,
,false,,ZARA,상의,가디건,여성,자카드 니트 재킷,https://www.zara.com/kr/ko/%E1%84%8C%E1%85%A1%E1%84%8F%E1%85%A1%E1%84%83%E1%85%B3-%E1%84%82%E1%85%B5%E1%84%90%E1%85%B3-%E1%84%8C%E1%85%A2%E1%84%8F%E1%85%B5%E1%86%BA-p02142097.html,https://static.zara.net/assets/public/a94f/c09b/abb74c60b975/5342899a047d/02142097700-p/02142097700-p.jpg?ts=1772202895327,"₩55,900",,,260622,브라운,,,,
,false,,ZARA,상의,니트,여성,울 스트라이프 폴로 스웨터,https://www.zara.com/kr/ko/%E1%84%8B%E1%85%AE%E1%86%AF-%E1%84%89%E1%85%B3%E1%84%90%E1%85%B3%E1%84%85%E1%85%A1%E1%84%8B%E1%85%B5%E1%84%91%E1%85%B3-%E1%84%91%E1%85%A9%E1%86%AF%E1%84%85%E1%85%A9-%E1%84%89%E1%85%B3%E1%84%8B%E1%85%B0%E1%84%90%E1%85%A5-p03920189.html,https://static.zara.net/assets/public/4854/d1f4/37bb4c53aa45/00bad523851c/03920189802-p/03920189802-p.jpg?ts=1771926139038,"₩55,900",,,260622,그레이,,,,
,false,,ZARA,상의,니트,여성,스트라이프 니트 스웨터,https://www.zara.com/kr/ko/%E1%84%89%E1%85%B3%E1%84%90%E1%85%B3%E1%84%85%E1%85%A1%E1%84%8B%E1%85%B5%E1%84%91%E1%85%B3-%E1%84%82%E1%85%B5%E1%84%90%E1%85%B3-%E1%84%89%E1%85%B3%E1%84%8B%E1%85%B0%E1%84%90%E1%85%A5-p03920179.html,https://static.zara.net/assets/public/2d94/cd41/90604e1390f6/3054a52b074f/03920179390-p/03920179390-p.jpg?ts=1771504932743,"₩55,900",,,260622,녹색 줄무늬,,,,
,false,,ZARA,상의,니트,여성,드레이프 니트 스웨터,https://www.zara.com/kr/ko/%E1%84%83%E1%85%B3%E1%84%85%E1%85%A6%E1%84%8B%E1%85%B5%E1%84%91%E1%85%B3-%E1%84%82%E1%85%B5%E1%84%90%E1%85%B3-%E1%84%89%E1%85%B3%E1%84%8B%E1%85%B0%E1%84%90%E1%85%A5-p03920255.html,https://static.zara.net/assets/public/89c2/dd47/91204f95a69c/53c856fd27a7/03920255519-015-a3/03920255519-015-a3.jpg?ts=1770226837640,"₩55,900",,,260622,워싱 그린,,,,
,false,,ZARA,상의,탑,여성,피티드한 컷아웃 니트 탑,https://www.zara.com/kr/ko/%E1%84%91%E1%85%B5%E1%84%90%E1%85%B5%E1%84%83%E1%85%B3%E1%84%92%E1%85%A1%E1%86%AB-%E1%84%8F%E1%85%A5%E1%86%BA%E1%84%8B%E1%85%A1%E1%84%8B%E1%85%AE%E1%86%BA-%E1%84%82%E1%85%B5%E1%84%90%E1%85%B3-%E1%84%90%E1%85%A1%E1%86%B8-p04938011.html,https://static.zara.net/assets/public/c4b4/f713/2e6b40afad74/74a9fd00e642/04938011250-p/04938011250-p.jpg?ts=1771259892536,"₩49,900",,,260622,화이트,,,,
,false,,ZARA,상의,탑,여성,리브드 니트 탑,https://www.zara.com/kr/ko/%E1%84%85%E1%85%B5%E1%84%87%E1%85%B3%E1%84%83%E1%85%B3-%E1%84%82%E1%85%B5%E1%84%90%E1%85%B3-%E1%84%90%E1%85%A1%E1%86%B8-p09598045.html,https://static.zara.net/assets/public/cffd/397f/fc8f44be9498/a8fc10276ecb/09598045640-p/09598045640-p.jpg?ts=1772718193815,"₩49,900",,,260622,네온 로즈핑크,,,,
,false,,ZARA,상의,니트,여성,울 스트라이프 숏 슬리브 스웨터,https://www.zara.com/kr/ko/%E1%84%8B%E1%85%AE%E1%86%AF-%E1%84%89%E1%85%B3%E1%84%90%E1%85%B3%E1%84%85%E1%85%A1%E1%84%8B%E1%85%B5%E1%84%91%E1%85%B3-%E1%84%89%E1%85%AD%E1%86%BA-%E1%84%89%E1%85%B3%E1%86%AF%E1%84%85%E1%85%B5%E1%84%87%E1%85%B3-%E1%84%89%E1%85%B3%E1%84%8B%E1%85%B0%E1%84%90%E1%85%A5-p03920198.html,https://static.zara.net/assets/public/030c/bebe/f1c547d4853d/0c714f4b5a58/03920198400-p/03920198400-p.jpg?ts=1771926139383,"₩45,900",,,260622,블루,,,,
,false,,ZARA,상의,니트,여성,엑스트라 파인 니트 스웨터,https://www.zara.com/kr/ko/%E1%84%8B%E1%85%A6%E1%86%A8%E1%84%89%E1%85%B3%E1%84%90%E1%85%B3%E1%84%85%E1%85%A1-%E1%84%91%E1%85%A1%E1%84%8B%E1%85%B5%E1%86%AB-%E1%84%82%E1%85%B5%E1%84%90%E1%85%B3-%E1%84%89%E1%85%B3%E1%84%8B%E1%85%B0%E1%84%90%E1%85%A5-p04192074.html,https://static.zara.net/assets/public/2cad/5705/37874992b9e7/bea0d2e47650/04192074592-a5/04192074592-a5.jpg?ts=1771263225869,"₩57,900",,,260622,드라이-그린,,,,
,false,,ZARA,상의,가디건,여성,벌집 니트 재킷,https://www.zara.com/kr/ko/%E1%84%87%E1%85%A5%E1%86%AF%E1%84%8C%E1%85%B5%E1%86%B8-%E1%84%82%E1%85%B5%E1%84%90%E1%85%B3-%E1%84%8C%E1%85%A2%E1%84%8F%E1%85%B5%E1%86%BA-p04938012.html,https://static.zara.net/assets/public/8804/a997/01784f47bd87/0b3818644308/04938012250-a2/04938012250-a2.jpg?ts=1772189304033,"₩55,900",,,260622,화이트,,,,
,false,,ZARA,상의,니트,여성,솔라파 칼라 니트 스웨터,https://www.zara.com/kr/ko/%E1%84%85%E1%85%A1%E1%84%91%E1%85%A6%E1%86%AF-%E1%84%8F%E1%85%A1%E1%86%AF%E1%84%85%E1%85%A1-%E1%84%82%E1%85%B5%E1%84%90%E1%85%B3-%E1%84%89%E1%85%B3%E1%84%8B%E1%85%B0%E1%84%90%E1%85%A5-p02756141.html,https://static.zara.net/assets/public/806a/0a02/f01d4f7ea40c/383802277c8c/02756141700-p/02756141700-p.jpg?ts=1765792816885,"₩59,900",,,260622,브라운,,,,
,false,,ZARA,상의,니트,여성,100% 엑스트라 소프트 울 스웨터,https://www.zara.com/kr/ko/100-%E1%84%8B%E1%85%A6%E1%86%A8%E1%84%89%E1%85%B3%E1%84%90%E1%85%B3%E1%84%85%E1%85%A1-%E1%84%89%E1%85%A9%E1%84%91%E1%85%B3%E1%84%90%E1%85%B3-%E1%84%8B%E1%85%AE%E1%86%AF-%E1%84%89%E1%85%B3%E1%84%8B%E1%85%B0%E1%84%90%E1%85%A5-p09598104.html,https://static.zara.net/assets/public/e11c/a2af/bc6447b98390/a106e2822480/09598104450-p/09598104450-p.jpg?ts=1765792849647,"₩89,900",,,260622,베이지,,,,
,false,,ZARA,상의,니트,여성,100% 울 오버사이즈 스웨터,https://www.zara.com/kr/ko/100-%E1%84%8B%E1%85%AE%E1%86%AF-%E1%84%8B%E1%85%A9%E1%84%87%E1%85%A5%E1%84%89%E1%85%A1%E1%84%8B%E1%85%B5%E1%84%8C%E1%85%B3-%E1%84%89%E1%85%B3%E1%84%8B%E1%85%B0%E1%84%90%E1%85%A5-p03644101.html,https://static.zara.net/assets/public/2e02/ac44/db684ecaa158/7b93c8a8307e/03644101802-p/03644101802-p.jpg?ts=1765792874673,"₩109,900",,,260622,그레이,,,,
,false,,ZARA,상의,니트,여성,100% 울 브이넥 엑스트라 소프트 스웨터,https://www.zara.com/kr/ko/100-%E1%84%8B%E1%85%AE%E1%86%AF-%E1%84%8B%E1%85%A6%E1%86%A8%E1%84%89%E1%85%B3%E1%84%90%E1%85%B3%E1%84%85%E1%85%A1-%E1%84%89%E1%85%A9%E1%84%91%E1%85%B3%E1%84%90%E1%85%B3-%E1%84%87%E1%85%B3%E1%84%8B%E1%85%B5%E1%84%82%E1%85%A6%E1%86%A8-%E1%84%89%E1%85%B3%E1%84%8B%E1%85%B0%E1%84%90%E1%85%A5-p09598106.html,https://static.zara.net/assets/public/163c/e08f/994c4599b3cd/22c5a9a40927/09598106401-p/09598106401-p.jpg?ts=1765792873396,"₩89,900",,,260622,네이비,,,,
,false,,ZARA,상의,니트,여성,100% 울 브이넥 엑스트라 소프트 스웨터,https://www.zara.com/kr/ko/100-%E1%84%8B%E1%85%AE%E1%86%AF-%E1%84%8B%E1%85%A6%E1%86%A8%E1%84%89%E1%85%B3%E1%84%90%E1%85%B3%E1%84%85%E1%85%A1-%E1%84%89%E1%85%A9%E1%84%91%E1%85%B3%E1%84%90%E1%85%B3-%E1%84%87%E1%85%B3%E1%84%8B%E1%85%B5%E1%84%82%E1%85%A6%E1%86%A8-%E1%84%89%E1%85%B3%E1%84%8B%E1%85%B0%E1%84%90%E1%85%A5-p09598106.html,https://static.zara.net/assets/public/ea40/9f03/685841eebe02/717c2d2ce938/09598106700-p/09598106700-p.jpg?ts=1765792860780,"₩89,900",,,260622,브라운,,,,
,false,,ZARA,상의,니트,여성,라펠 칼라 니트 스웨터,https://www.zara.com/kr/ko/%E1%84%85%E1%85%A1%E1%84%91%E1%85%A6%E1%86%AF-%E1%84%8F%E1%85%A1%E1%86%AF%E1%84%85%E1%85%A1-%E1%84%82%E1%85%B5%E1%84%90%E1%85%B3-%E1%84%89%E1%85%B3%E1%84%8B%E1%85%B0%E1%84%90%E1%85%A5-p02756141.html,https://static.zara.net/assets/public/6a81/7e64/0d1d42da928c/4843d4659f96/02756141081-p/02756141081-p.jpg?ts=1765792852595,"₩59,900",,,260622,"샌드,그레이",,,,
,false,,ZARA,치마,스커트,여성,니트 미디 스커트,https://www.zara.com/kr/ko/%E1%84%82%E1%85%B5%E1%84%90%E1%85%B3-%E1%84%86%E1%85%B5%E1%84%83%E1%85%B5-%E1%84%89%E1%85%B3%E1%84%8F%E1%85%A5%E1%84%90%E1%85%B3-p02756142.html,https://static.zara.net/assets/public/3373/0dd3/a31c433a8335/a4f5da86d58b/02756142700-p/02756142700-p.jpg?ts=1765792817575,"₩55,900",,,260622,브라운,,,,
,false,,ZARA,상의,니트,여성,배트윙 슬리브 니트 스웨터,https://www.zara.com/kr/ko/%E1%84%87%E1%85%A2%E1%84%90%E1%85%B3-%E1%84%89%E1%85%B3%E1%86%AF%E1%84%85%E1%85%B5%E1%84%87%E1%85%B3-%E1%84%82%E1%85%B5%E1%84%90%E1%85%B3-%E1%84%89%E1%85%B3%E1%84%8B%E1%85%B0%E1%84%90%E1%85%A5-p09874112.html,https://static.zara.net/assets/public/da08/cbbd/c5594dd48186/e2e9fa14c566/09874112812-p/09874112812-p.jpg?ts=1765792874676,"₩59,900",,,260622,그레이,,,,
,false,,ZARA,상의,가디건,여성,골드 버튼 페플럼 니트 재킷,https://www.zara.com/kr/ko/%E1%84%80%E1%85%A9%E1%86%AF%E1%84%83%E1%85%B3-%E1%84%87%E1%85%A5%E1%84%90%E1%85%B3%E1%86%AB-%E1%84%91%E1%85%A6%E1%84%91%E1%85%B3%E1%86%AF%E1%84%85%E1%85%A5%E1%86%B7-%E1%84%82%E1%85%B5%E1%84%90%E1%85%B3-%E1%84%8C%E1%85%A2%E1%84%8F%E1%85%B5%E1%86%BA-p04192025.html,https://static.zara.net/assets/public/d49d/b98b/44404bb289b7/74976fb8b89b/04192025401-a2/04192025401-a2.jpg?ts=1772465845440,"₩79,900",,,260622,네이비,,,,
,false,,ZARA,상의,탑,여성,100% 린넨 메쉬 니트 탑,https://www.zara.com/kr/ko/100-%E1%84%85%E1%85%B5%E1%86%AB%E1%84%82%E1%85%A6%E1%86%AB-%E1%84%86%E1%85%A6%E1%84%89%E1%85%B1-%E1%84%82%E1%85%B5%E1%84%90%E1%85%B3-%E1%84%90%E1%85%A1%E1%86%B8-p02142243.html,https://static.zara.net/assets/public/ffd6/298a/4ccf4ef69c07/7e228475aa63/02142243738-p/02142243738-p.jpg?ts=1772191230764,"₩49,900",,,260622,끈,,,,
,false,,ZARA,상의,니트,여성,도트 니트 스웨터,https://www.zara.com/kr/ko/%E1%84%83%E1%85%A9%E1%84%90%E1%85%B3-%E1%84%82%E1%85%B5%E1%84%90%E1%85%B3-%E1%84%89%E1%85%B3%E1%84%8B%E1%85%B0%E1%84%90%E1%85%A5-p09598021.html,https://static.zara.net/assets/public/d66c/9047/60284b628e62/d206ae0bfa3c/09598021087-p/09598021087-p.jpg?ts=1772543930083,"₩55,900",,,260622,"브라운,크림",,,,
,false,,ZARA,원피스,원피스,여성,도트 니트 원피스,https://www.zara.com/kr/ko/%E1%84%83%E1%85%A9%E1%84%90%E1%85%B3-%E1%84%82%E1%85%B5%E1%84%90%E1%85%B3-%E1%84%8B%E1%85%AF%E1%86%AB%E1%84%91%E1%85%B5%E1%84%89%E1%85%B3-p09598020.html,https://static.zara.net/assets/public/e370/a0e0/0bcc4c7b8c07/3a29904833e8/09598020087-p/09598020087-p.jpg?ts=1772543923863,"₩79,900",,,260622,"브라운,크림",,,,
,false,,ZARA,상의,탑,여성,벌룬 슬리브 니트 탑,https://www.zara.com/kr/ko/%E1%84%87%E1%85%A5%E1%86%AF%E1%84%85%E1%85%AE%E1%86%AB-%E1%84%89%E1%85%B3%E1%86%AF%E1%84%85%E1%85%B5%E1%84%87%E1%85%B3-%E1%84%82%E1%85%B5%E1%84%90%E1%85%B3-%E1%84%90%E1%85%A1%E1%86%B8-p09598042.html,https://static.zara.net/assets/public/cf2e/82c9/c49747419b56/84e949a4cdb8/09598042800-p/09598042800-p.jpg?ts=1772036364657,"₩55,900",,,260622,블랙,,,,
,false,,ZARA,상의,가디건,여성,니트 봄버 재킷,https://www.zara.com/kr/ko/%E1%84%82%E1%85%B5%E1%84%90%E1%85%B3-%E1%84%87%E1%85%A9%E1%86%B7%E1%84%87%E1%85%A5-%E1%84%8C%E1%85%A2%E1%84%8F%E1%85%B5%E1%86%BA-p09598043.html,https://static.zara.net/assets/public/cb27/6850/dfa9472d8748/59e30caec22e/09598043713-p/09598043713-p.jpg?ts=1772714605989,"₩79,900",,,260622,베이지 핑크,,,,
,false,,ZARA,상의,니트,여성,립 볼륨 슬리브 니트 스웨터,https://www.zara.com/kr/ko/%E1%84%85%E1%85%B5%E1%86%B8-%E1%84%82%E1%85%B5%E1%84%90%E1%85%B3-%E1%84%87%E1%85%A9%E1%86%AF%E1%84%85%E1%85%B2%E1%86%B7-%E1%84%89%E1%85%B3%E1%86%AF%E1%84%85%E1%85%B5%E1%84%87%E1%85%B3-%E1%84%89%E1%85%B3%E1%84%8B%E1%85%B0%E1%84%90%E1%85%A5-p04938009.html,https://static.zara.net/assets/public/4935/e336/bf404d4694df/7883c4d07de4/04938009712-p/04938009712-p.jpg?ts=1770811041446,"₩55,900",,,260622,크림,,,,
,false,,ZARA,상의,가디건,여성,배색 버튼 니트 재킷,https://www.zara.com/kr/ko/%E1%84%87%E1%85%A2%E1%84%89%E1%85%A2%E1%86%A8-%E1%84%87%E1%85%A5%E1%84%90%E1%85%B3%E1%86%AB-%E1%84%82%E1%85%B5%E1%84%90%E1%85%B3-%E1%84%8C%E1%85%A2%E1%84%8F%E1%85%B5%E1%86%BA-p04192013.html,https://static.zara.net/assets/public/79bb/ac23/e33c4c58b478/9b06656bc85c/04192013712-p/04192013712-p.jpg?ts=1770803368139,"₩79,900",,,260622,크림,,,,
,false,,ZARA,상의,탑,여성,벌룬 슬리브 시스루 니트 탑,https://www.zara.com/kr/ko/%E1%84%87%E1%85%A5%E1%86%AF%E1%84%85%E1%85%AE%E1%86%AB-%E1%84%89%E1%85%B3%E1%86%AF%E1%84%85%E1%85%B5%E1%84%87%E1%85%B3-%E1%84%89%E1%85%B5%E1%84%89%E1%85%B3%E1%84%85%E1%85%AE-%E1%84%82%E1%85%B5%E1%84%90%E1%85%B3-%E1%84%90%E1%85%A1%E1%86%B8-p03920386.html,https://static.zara.net/assets/public/6fb9/e278/cd2d4b229926/b26248da6920/03920386687-p/03920386687-p.jpg?ts=1772015103945,"₩55,900",,,260622,페일 로즈,,,,
,false,,ZARA,상의,탑,여성,하트 파인 니트 탑,https://www.zara.com/kr/ko/%E1%84%92%E1%85%A1%E1%84%90%E1%85%B3-%E1%84%91%E1%85%A2%E1%84%90%E1%85%A5%E1%86%AB-%E1%84%8B%E1%85%A3%E1%86%B2%E1%84%8B%E1%85%B3%E1%86%AB-%E1%84%82%E1%85%B5%E1%84%90%E1%85%B3-%E1%84%89%E1%85%B3%E1%84%8B%E1%85%B0%E1%84%90%E1%85%A5-p09598040.html,https://static.zara.net/assets/public/4686/cd95/27e847cda0db/a19740b82a0f/09598040625-p/09598040625-p.jpg?ts=1769764656807,"₩49,900",,,260622,그레이 로즈,,,,
,false,,ZARA,상의,탑,여성,도트 세미 시스루 니트 탑,https://www.zara.com/kr/ko/%E1%84%83%E1%85%A9%E1%84%90%E1%85%B3-%E1%84%89%E1%85%A6%E1%84%86%E1%85%B5-%E1%84%89%E1%85%B5%E1%84%89%E1%85%B3%E1%84%85%E1%85%AE-%E1%84%82%E1%85%B5%E1%84%90%E1%85%B3-%E1%84%90%E1%85%A1%E1%86%B8-p09598041.html,https://static.zara.net/assets/public/4662/1c4f/0fde44538d7d/2e3ac63f7318/09598041064-000-p/09598041064-000-p.jpg?ts=1771260737898,"₩49,900",,,260622,"화이트,블랙",,,,
,false,,ZARA,상의,니트,여성,청키 브이넥 스웨터,https://www.zara.com/kr/ko/%E1%84%8E%E1%85%A5%E1%86%BC%E1%84%8F%E1%85%B5-%E1%84%87%E1%85%B3%E1%84%8B%E1%85%B5%E1%84%82%E1%85%A6%E1%86%A8-%E1%84%89%E1%85%B3%E1%84%8B%E1%85%B0%E1%84%90%E1%85%A5-p06771006.html,https://static.zara.net/assets/public/9336/b6dc/f3e44c6381c2/1927d453ce35/06771006832-p/06771006832-p.jpg?ts=1772108055497,"₩59,900",,,260622,토프 그레이,,,,
,false,,ZARA,상의,니트,여성,청키 니트 스웨터,https://www.zara.com/kr/ko/%E1%84%8E%E1%85%A5%E1%86%BC%E1%84%8F%E1%85%B5-%E1%84%82%E1%85%B5%E1%84%90%E1%85%B3-%E1%84%89%E1%85%B3%E1%84%8B%E1%85%B0%E1%84%90%E1%85%A5-p06771035.html,https://static.zara.net/assets/public/9b78/1b00/61f9478599ed/4bef9cdc84f8/06771035710-p/06771035710-p.jpg?ts=1771521625761,"₩59,900",,,260622,베이지,,,,
,false,,ZARA,상의,니트,여성,와이드 웨이스트 니트 스웨터,https://www.zara.com/kr/ko/%E1%84%8B%E1%85%AA%E1%84%8B%E1%85%B5%E1%84%83%E1%85%B3-%E1%84%8B%E1%85%B0%E1%84%8B%E1%85%B5%E1%84%89%E1%85%B3%E1%84%90%E1%85%B3-%E1%84%82%E1%85%B5%E1%84%90%E1%85%B3-%E1%84%89%E1%85%B3%E1%84%8B%E1%85%B0%E1%84%90%E1%85%A5-p03920167.html,https://static.zara.net/assets/public/d51e/1060/fbc6417e93a1/88f6a0e33349/03920167430-p/03920167430-p.jpg?ts=1771247046578,"₩55,900",,,260622,잉크 블,,,,
,false,,ZARA,상의,니트,여성,100% 울 엑스트라 소프트 스웨터,https://www.zara.com/kr/ko/100-%E1%84%8B%E1%85%AE%E1%86%AF-%E1%84%8B%E1%85%A6%E1%86%A8%E1%84%89%E1%85%B3%E1%84%90%E1%85%B3%E1%84%85%E1%85%A1-%E1%84%89%E1%85%A9%E1%84%91%E1%85%B3%E1%84%90%E1%85%B3-%E1%84%89%E1%85%B3%E1%84%8B%E1%85%B0%E1%84%90%E1%85%A5-p09598107.html,https://static.zara.net/assets/public/1468/3bb7/f6d945f886cc/dd5c57078f2c/09598107737-p/09598107737-p.jpg?ts=1765539503436,"₩89,900",,,260622,"브라운,토프",,,,
,false,,ZARA,상의,가디건,여성,폴로 니트 재킷,https://www.zara.com/kr/ko/%E1%84%91%E1%85%A9%E1%86%AF%E1%84%85%E1%85%A9-%E1%84%82%E1%85%B5%E1%84%90%E1%85%B3-%E1%84%8C%E1%85%A2%E1%84%8F%E1%85%B5%E1%86%BA-p03581003.html,https://static.zara.net/assets/public/9cec/c646/5bc7447eb33c/20f25ba5df3a/03581003406-p/03581003406-p.jpg?ts=1770736090949,"₩49,900",,,260622,라이트 블루,,,,
,false,,ZARA,상의,탑,여성,벌집 니트 재킷,https://www.zara.com/kr/ko/%E1%84%87%E1%85%A5%E1%86%AF%E1%84%8C%E1%85%B5%E1%86%B8-%E1%84%82%E1%85%B5%E1%84%90%E1%85%B3-%E1%84%8C%E1%85%A2%E1%84%8F%E1%85%B5%E1%86%BA-p04938010.html,https://static.zara.net/assets/public/acc5/b132/43d843f98160/5f4ac575494b/04938010520-p/04938010520-p.jpg?ts=1773762706162,"₩49,900",,,260622,라임,,,,
,false,,ZARA,상의,니트,여성,벌룬 슬리브 니트 스웨터,https://www.zara.com/kr/ko/%E1%84%87%E1%85%A5%E1%86%AF%E1%84%85%E1%85%AE%E1%86%AB-%E1%84%89%E1%85%B3%E1%86%AF%E1%84%85%E1%85%B5%E1%84%87%E1%85%B3-%E1%84%82%E1%85%B5%E1%84%90%E1%85%B3-%E1%84%89%E1%85%B3%E1%84%8B%E1%85%B0%E1%84%90%E1%85%A5-p06236006.html,https://static.zara.net/assets/public/6455/3e8c/e2974ef0afcb/6823a6065947/06236006300-p/06236006300-p.jpg?ts=1771504952172,"₩55,900",,,260622,노랑,,,,
,false,,ZARA,상의,니트,여성,스트라이프 니트 폴로셔츠,https://www.zara.com/kr/ko/%E1%84%89%E1%85%B3%E1%84%90%E1%85%B3%E1%84%85%E1%85%A1%E1%84%8B%E1%85%B5%E1%84%91%E1%85%B3-%E1%84%82%E1%85%B5%E1%84%90%E1%85%B3-%E1%84%91%E1%85%A9%E1%86%AF%E1%84%85%E1%85%A9%E1%84%89%E1%85%A7%E1%84%8E%E1%85%B3-p03920651.html,https://static.zara.net/assets/public/ba1d/60b9/242440558370/22703767402a/03920651330-p/03920651330-p.jpg?ts=1771514371444,"₩55,900",,,260622,멀티컬러,,,,
,false,,ZARA,상의,탑,여성,스트럭처 니트 탑,https://www.zara.com/kr/ko/%E1%84%89%E1%85%B3%E1%84%90%E1%85%B3%E1%84%85%E1%85%A5%E1%86%A8%E1%84%8E%E1%85%A5-%E1%84%82%E1%85%B5%E1%84%90%E1%85%B3-%E1%84%90%E1%85%A1%E1%86%B8-p06873002.html,https://static.zara.net/assets/public/350d/c95f/2e454529844c/3ef79f8949ec/06873002620-p/06873002620-p.jpg?ts=1771589326292,"₩45,900",,,260622,로즈핑크,,,,
,false,,ZARA,상의,탑,여성,드레이프 니트 재킷,https://www.zara.com/kr/ko/%E1%84%83%E1%85%B3%E1%84%85%E1%85%A6%E1%84%8B%E1%85%B5%E1%84%91%E1%85%B3-%E1%84%82%E1%85%B5%E1%84%90%E1%85%B3-%E1%84%8C%E1%85%A2%E1%84%8F%E1%85%B5%E1%86%BA-p03920252.html,https://static.zara.net/assets/public/72fe/c8f4/d6b84324a4be/62f21edc30ae/03920252305-p/03920252305-p.jpg?ts=1769708166784,"₩55,900",,,260622,머스터드,,,,
,false,,ZARA,상의,니트,여성,스트라이프 니트 스웨터,https://www.zara.com/kr/ko/%E1%84%89%E1%85%B3%E1%84%90%E1%85%B3%E1%84%85%E1%85%A1%E1%84%8B%E1%85%B5%E1%84%91%E1%85%B3-%E1%84%82%E1%85%B5%E1%84%90%E1%85%B3-%E1%84%89%E1%85%B3%E1%84%8B%E1%85%B0%E1%84%90%E1%85%A5-p03920226.html,https://static.zara.net/assets/public/ca19/1943/73784a4393e5/50bf2277fbdb/03920226105-p/03920226105-p.jpg?ts=1770643926614,"₩55,900",,,260622,스트라이프,,,,
,false,,ZARA,상의,탑,여성,언밸런스 니트 탑,https://www.zara.com/kr/ko/%E1%84%8B%E1%85%A5%E1%86%AB%E1%84%87%E1%85%A2%E1%86%AF%E1%84%85%E1%85%A5%E1%86%AB%E1%84%89%E1%85%B3-%E1%84%82%E1%85%B5%E1%84%90%E1%85%B3-%E1%84%90%E1%85%A1%E1%86%B8-p09874004.html,https://static.zara.net/assets/public/430c/d1ea/20ec40ae8eee/0381108ae665/09874004092-p/09874004092-p.jpg?ts=1773851120240,"₩49,900",,,260622,라이트 베이지,,,,
,false,,ZARA,상의,니트,여성,엑스트라 파인 니트 탑,https://www.zara.com/kr/ko/%E1%84%8B%E1%85%A6%E1%86%A8%E1%84%89%E1%85%B3%E1%84%90%E1%85%B3%E1%84%85%E1%85%A1-%E1%84%91%E1%85%A1%E1%84%8B%E1%85%B5%E1%86%AB-%E1%84%82%E1%85%B5%E1%84%90%E1%85%B3-%E1%84%90%E1%85%A1%E1%86%B8-p02893023.html,https://static.zara.net/assets/public/fa7a/b2ad/c2fe472cba1d/dd02337f0424/02893023811-p/02893023811-p.jpg?ts=1772554830108,"₩49,900",,,260622,라이트 그레이,,,,
,false,,ZARA,상의,니트,여성,하트 컷아웃 니트 스웨터,https://www.zara.com/kr/ko/%E1%84%92%E1%85%A1%E1%84%90%E1%85%B3-%E1%84%8F%E1%85%A5%E1%86%BA%E1%84%8B%E1%85%A1%E1%84%8B%E1%85%AE%E1%86%BA-%E1%84%82%E1%85%B5%E1%84%90%E1%85%B3-%E1%84%89%E1%85%B3%E1%84%8B%E1%85%B0%E1%84%90%E1%85%A5-p05802002.html,https://static.zara.net/assets/public/a3d6/6c7c/da294ff08064/eac0fb76973a/05802002401-p/05802002401-p.jpg?ts=1769764646959,"₩55,900",,,260622,네이비,,,,
,false,,ZARA,기타,WAISTCOAT,여성,슬리브리스 니트 탑,https://www.zara.com/kr/ko/%E1%84%89%E1%85%B3%E1%86%AF%E1%84%85%E1%85%B5%E1%84%87%E1%85%B3%E1%84%85%E1%85%B5%E1%84%89%E1%85%B3-%E1%84%82%E1%85%B5%E1%84%90%E1%85%B3-%E1%84%90%E1%85%A1%E1%86%B8-p05755020.html,https://static.zara.net/assets/public/4b8c/db25/bf0d460d984d/45fb27c4bccb/05755020600-a1/05755020600-a1.jpg?ts=1772194458431,"₩49,900",,,260622,레드,,,,
,false,,ZARA,상의,탑,여성,골지 반소매 니트 탑,https://www.zara.com/kr/ko/%E1%84%80%E1%85%A9%E1%86%AF%E1%84%8C%E1%85%B5-%E1%84%87%E1%85%A1%E1%86%AB%E1%84%89%E1%85%A9%E1%84%86%E1%85%A2-%E1%84%82%E1%85%B5%E1%84%90%E1%85%B3-%E1%84%90%E1%85%A1%E1%86%B8-p03471002.html,https://static.zara.net/assets/public/e375/d3c2/28d14fbe8709/4235b8af90e7/03471002250-p/03471002250-p.jpg?ts=1773075964320,"₩35,900",,,260622,화이트,,,,
,false,,ZARA,상의,탑,여성,골지 반소매 니트 탑,https://www.zara.com/kr/ko/%E1%84%80%E1%85%A9%E1%86%AF%E1%84%8C%E1%85%B5-%E1%84%87%E1%85%A1%E1%86%AB%E1%84%89%E1%85%A9%E1%84%86%E1%85%A2-%E1%84%82%E1%85%B5%E1%84%90%E1%85%B3-%E1%84%90%E1%85%A1%E1%86%B8-p03471002.html,https://static.zara.net/assets/public/3368/efaf/f36f467a9204/6e206252af1a/03471002500-p/03471002500-p.jpg?ts=1773075965791,"₩35,900",,,260622,초록,,,,
,false,,ZARA,상의,탑,여성,포인텔 니트 재킷,https://www.zara.com/kr/ko/%E1%84%91%E1%85%A9%E1%84%8B%E1%85%B5%E1%86%AB%E1%84%90%E1%85%A6%E1%86%AF-%E1%84%82%E1%85%B5%E1%84%90%E1%85%B3-%E1%84%8C%E1%85%A2%E1%84%8F%E1%85%B5%E1%86%BA-p02893030.html,https://static.zara.net/assets/public/9ee7/d4ba/54964468ba03/cd86ea3715e1/02893030942-p/02893030942-p.jpg?ts=1773744122366,"₩49,900",,,260622,베이지 핑크,,,,
,false,,ZARA,상의,탑,여성,스트라이프 반소매 니트 탑,https://www.zara.com/kr/ko/%E1%84%89%E1%85%B3%E1%84%90%E1%85%B3%E1%84%85%E1%85%A1%E1%84%8B%E1%85%B5%E1%84%91%E1%85%B3-%E1%84%87%E1%85%A1%E1%86%AB%E1%84%89%E1%85%A9%E1%84%86%E1%85%A2-%E1%84%82%E1%85%B5%E1%84%90%E1%85%B3-%E1%84%90%E1%85%A1%E1%86%B8-p05755034.html,https://static.zara.net/assets/public/5345/0c98/b36e479fbaf2/ca8f3c445586/05755034330-p/05755034330-p.jpg?ts=1772191112870,"₩49,900",,,260622,멀티컬러,,,,
,false,,ZARA,상의,가디건,여성,엑스트라 파인 니트 재킷,https://www.zara.com/kr/ko/%E1%84%8B%E1%85%A6%E1%86%A8%E1%84%89%E1%85%B3%E1%84%90%E1%85%B3%E1%84%85%E1%85%A1-%E1%84%91%E1%85%A1%E1%84%8B%E1%85%B5%E1%86%AB-%E1%84%82%E1%85%B5%E1%84%90%E1%85%B3-%E1%84%8C%E1%85%A2%E1%84%8F%E1%85%B5%E1%86%BA-p02142081.html,https://static.zara.net/assets/public/6dd8/78fa/67754c23a383/744ae20ab542/02142081712-p/02142081712-p.jpg?ts=1770384925373,"₩55,900",,,260622,크림,,,,
,false,,ZARA,원피스,원피스,여성,웨이브 립 니트 원피스,https://www.zara.com/kr/ko/%E1%84%8B%E1%85%B0%E1%84%8B%E1%85%B5%E1%84%87%E1%85%B3-%E1%84%85%E1%85%B5%E1%86%B8-%E1%84%82%E1%85%B5%E1%84%90%E1%85%B3-%E1%84%8B%E1%85%AF%E1%86%AB%E1%84%91%E1%85%B5%E1%84%89%E1%85%B3-p09598039.html,https://static.zara.net/assets/public/7e0e/ccf9/219845a3bccd/11b5d2b91f0a/09598039250-p/09598039250-p.jpg?ts=1772193747669,"₩59,900",,,260622,화이트,,,,
,false,,ZARA,상의,탑,여성,컷아웃 니트 탑,https://www.zara.com/kr/ko/%E1%84%8F%E1%85%A5%E1%86%BA%E1%84%8B%E1%85%A1%E1%84%8B%E1%85%AE%E1%86%BA-%E1%84%82%E1%85%B5%E1%84%90%E1%85%B3-%E1%84%90%E1%85%A1%E1%86%B8-p04938007.html,https://static.zara.net/assets/public/4c96/e621/fd1e496383c4/89cbe176947d/04938007539-p/04938007539-p.jpg?ts=1773848570213,"₩39,900",,,260622,네온 라임,,,,
,false,,ZARA,상의,탑,여성,리브드 니트 크롭 탑,https://www.zara.com/kr/ko/%E1%84%85%E1%85%B5%E1%84%87%E1%85%B3%E1%84%83%E1%85%B3-%E1%84%82%E1%85%B5%E1%84%90%E1%85%B3-%E1%84%8F%E1%85%B3%E1%84%85%E1%85%A9%E1%86%B8-%E1%84%90%E1%85%A1%E1%86%B8-p03920234.html,https://static.zara.net/assets/public/41ac/0462/558e4989982a/4cb27e47a703/03920234629-p/03920234629-p.jpg?ts=1770990031667,"₩45,900",,,260622,라일락,,,,
,false,,ZARA,상의,가디건,여성,울 포켓 재킷,https://www.zara.com/kr/ko/%E1%84%8B%E1%85%AE%E1%86%AF-%E1%84%91%E1%85%A9%E1%84%8F%E1%85%A6%E1%86%BA-%E1%84%8C%E1%85%A2%E1%84%8F%E1%85%B5%E1%86%BA-p02893017.html,https://static.zara.net/assets/public/fd0c/e093/ed7f44baa54c/5083d17d7d82/02893017306-p/02893017306-p.jpg?ts=1770737199233,"₩55,900",,,260622,라이트 옐로우,,,,
,false,,ZARA,상의,가디건,여성,리본 매듭 콤비 니트 재킷,https://www.zara.com/kr/ko/%E1%84%8F%E1%85%A9%E1%86%B7%E1%84%87%E1%85%B5-%E1%84%82%E1%85%B5%E1%84%90%E1%85%B3-%E1%84%85%E1%85%B5%E1%84%87%E1%85%A9%E1%86%AB-%E1%84%8C%E1%85%A2%E1%84%8F%E1%85%B5%E1%86%BA-p09598022.html,https://static.zara.net/assets/public/529c/67aa/e18a4c8980f8/3e972fa2e2bf/09598022046-p/09598022046-p.jpg?ts=1774267250796,"₩89,900",,,260622,"로즈핑크,화이트",,,,
,false,,ZARA,상의,가디건,여성,애니멀 자카드 니트 재킷,https://www.zara.com/kr/ko/%E1%84%8B%E1%85%A2%E1%84%82%E1%85%B5%E1%84%86%E1%85%A5%E1%86%AF-%E1%84%8C%E1%85%A1%E1%84%8F%E1%85%A1%E1%84%83%E1%85%B3-%E1%84%82%E1%85%B5%E1%84%90%E1%85%B3-%E1%84%8C%E1%85%A2%E1%84%8F%E1%85%B5%E1%86%BA-p06771157.html,https://static.zara.net/assets/public/16f7/ecbc/3aca471396b2/ab857fc70edc/06771157051-p/06771157051-p.jpg?ts=1765299504482,"₩59,900",,,260622,표범 무늬,,,,
,false,,ZARA,상의,니트,여성,비대칭 니트 스웨터,https://www.zara.com/kr/ko/%E1%84%8B%E1%85%A5%E1%86%AB%E1%84%87%E1%85%A2%E1%86%AF%E1%84%85%E1%85%A5%E1%86%AB%E1%84%89%E1%85%B3-%E1%84%82%E1%85%B5%E1%84%90%E1%85%B3-%E1%84%89%E1%85%B3%E1%84%8B%E1%85%B0%E1%84%90%E1%85%A5-p00014010.html,https://static.zara.net/assets/public/2985/bc45/476f4d22a726/84b01d232f30/00014010075-p/00014010075-p.jpg?ts=1772191076927,"₩89,900",,,260622,"크림,베이지",,,,
,false,,ZARA,상의,탑,여성,콘트라스트 RIB 니트 탑,https://www.zara.com/kr/ko/%E1%84%8F%E1%85%A9%E1%86%AB%E1%84%90%E1%85%B3%E1%84%85%E1%85%A1%E1%84%89%E1%85%B3%E1%84%90%E1%85%B3-rib-%E1%84%82%E1%85%B5%E1%84%90%E1%85%B3-%E1%84%90%E1%85%A1%E1%86%B8-p02893021.html,https://static.zara.net/assets/public/09b9/8f77/91034a45a877/f7d2c647d6f3/02893021806-p/02893021806-p.jpg?ts=1770917307991,"₩45,900",,,260622,스톤,,,,
,false,,ZARA,상의,가디건,여성,콘트라스트 파이핑 골지 니트 재킷,https://www.zara.com/kr/ko/%E1%84%83%E1%85%A2%E1%84%87%E1%85%B5-%E1%84%91%E1%85%A1%E1%84%8B%E1%85%B5%E1%84%91%E1%85%B5%E1%86%BC-%E1%84%85%E1%85%B5%E1%86%B8-%E1%84%82%E1%85%B5%E1%84%90%E1%85%B3-%E1%84%8C%E1%85%A2%E1%84%8F%E1%85%B5%E1%86%BA-p02893020.html,https://static.zara.net/assets/public/b699/7871/23734324a1e9/f623e8520aa2/02893020806-p/02893020806-p.jpg?ts=1770917307346,"₩55,900",,,260622,스톤,,,,
,false,,ZARA,상의,니트,여성,베이직 플레인 니트 스웨터,https://www.zara.com/kr/ko/%E1%84%87%E1%85%A6%E1%84%8B%E1%85%B5%E1%84%8C%E1%85%B5%E1%86%A8-%E1%84%92%E1%85%A1%E1%84%8B%E1%85%B5%E1%84%82%E1%85%A6%E1%86%A8-%E1%84%82%E1%85%B5%E1%84%90%E1%85%B3-%E1%84%89%E1%85%B3%E1%84%8B%E1%85%B0%E1%84%90%E1%85%A5-p08851181.html,https://static.zara.net/assets/public/793f/09e2/7e024b9ebd02/bf58dc621a88/08851181507-p/08851181507-p.jpg?ts=1765378449154,"₩49,900",,,260622,다크 카키,,,,
,false,,ZARA,상의,가디건,여성,벌룬 슬리브 니트 재킷,https://www.zara.com/kr/ko/%E1%84%87%E1%85%A5%E1%86%AF%E1%84%85%E1%85%AE%E1%86%AB-%E1%84%89%E1%85%B3%E1%86%AF%E1%84%85%E1%85%B5%E1%84%87%E1%85%B3-%E1%84%82%E1%85%B5%E1%84%90%E1%85%B3-%E1%84%8C%E1%85%A2%E1%84%8F%E1%85%B5%E1%86%BA-p06771014.html,https://static.zara.net/assets/public/2e47/9563/f6c34e06aa5c/36846fdecbb0/06771014323-p/06771014323-p.jpg?ts=1770386696476,"₩57,900",,,260622,노랑,,,,
,false,,ZARA,기타,BODYSUIT,여성,SOSHIOTSUKI X ZARA 울 혼방 터틀넥 바디수트,https://www.zara.com/kr/ko/soshiotsuki-x-zara-%E1%84%8B%E1%85%AE%E1%86%AF-%E1%84%92%E1%85%A9%E1%86%AB%E1%84%87%E1%85%A1%E1%86%BC-%E1%84%90%E1%85%A5%E1%84%90%E1%85%B3%E1%86%AF%E1%84%82%E1%85%A6%E1%86%A8-%E1%84%87%E1%85%A1%E1%84%83%E1%85%B5%E1%84%89%E1%85%AE%E1%84%90%E1%85%B3-p02893203.html,https://static.zara.net/assets/public/5ca8/424c/99444782903c/a85f240930f0/02893203800-p/02893203800-p.jpg?ts=1764677941204,"₩89,900",,,260622,블랙,,,,
,false,,ZARA,기타,BODYSUIT,여성,SOSHIOTSUKI X ZARA 울 폴로넥 바디수트,https://www.zara.com/kr/ko/soshiotsuki-x-zara-%E1%84%8B%E1%85%AE%E1%86%AF-%E1%84%91%E1%85%A9%E1%86%AF%E1%84%85%E1%85%A9%E1%84%82%E1%85%A6%E1%86%A8-%E1%84%87%E1%85%A1%E1%84%83%E1%85%B5%E1%84%89%E1%85%AE%E1%84%90%E1%85%B3-p09598188.html,https://static.zara.net/assets/public/1ee8/4c07/5fb44c82aa77/17dfa2efd53c/09598188704-p/09598188704-p.jpg?ts=1764677789155,"₩109,900",,,260622,샌드,,,,
,false,,ZARA,치마,스커트,여성,SOSHIOTSUKI X ZARA 100% 울 미디 스커트,https://www.zara.com/kr/ko/soshiotsuki-x-zara-100-%E1%84%8B%E1%85%AE%E1%86%AF-%E1%84%86%E1%85%B5%E1%84%83%E1%85%B5-%E1%84%89%E1%85%B3%E1%84%8F%E1%85%A5%E1%84%90%E1%85%B3-p04192166.html,https://static.zara.net/assets/public/983c/a1ab/23534f32a425/3e13df256e65/04192166532-p/04192166532-p.jpg?ts=1764678129150,"₩109,900",,,260622,다크 보틀,,,,
,false,,ZARA,상의,가디건,여성,SOSHIOTSUKI X ZARA 울 폴로셔츠 칼라 재킷,https://www.zara.com/kr/ko/soshiotsuki-x-zara-%E1%84%8B%E1%85%AE%E1%86%AF-%E1%84%91%E1%85%A9%E1%86%AF%E1%84%85%E1%85%A9%E1%84%89%E1%85%A7%E1%84%8E%E1%85%B3-%E1%84%8F%E1%85%A1%E1%86%AF%E1%84%85%E1%85%A1-%E1%84%8C%E1%85%A2%E1%84%8F%E1%85%B5%E1%86%BA-p04192167.html,https://static.zara.net/assets/public/7a28/d74a/f58a4702919b/19f2ec9bedcc/04192167711-p/04192167711-p.jpg?ts=1764677549545,"₩169,900",,,260622,샌드,,,,
,false,,ZARA,상의,니트,여성,배트윙 니트 스웨터,https://www.zara.com/kr/ko/%E1%84%87%E1%85%A2%E1%84%90%E1%85%B3%E1%84%8B%E1%85%B1%E1%86%BC-%E1%84%82%E1%85%B5%E1%84%90%E1%85%B3-%E1%84%89%E1%85%B3%E1%84%8B%E1%85%B0%E1%84%90%E1%85%A5-p02756030.html,https://static.zara.net/assets/public/3cc0/0099/1b4d4265b79d/e92bf1c24845/02756030615-p/02756030615-p.jpg?ts=1773160675141,"₩57,900",,,260622,오렌지,,,,
,false,,ZARA,상의,니트,여성,볼륨 스트럭처 니트 스웨터,https://www.zara.com/kr/ko/%E1%84%87%E1%85%A9%E1%86%AF%E1%84%85%E1%85%B2%E1%86%B7-%E1%84%89%E1%85%B3%E1%84%90%E1%85%B3%E1%84%85%E1%85%A5%E1%86%A8%E1%84%8E%E1%85%A5-%E1%84%82%E1%85%B5%E1%84%90%E1%85%B3-%E1%84%89%E1%85%B3%E1%84%8B%E1%85%B0%E1%84%90%E1%85%A5-p03471103.html,https://static.zara.net/assets/public/81f7/9a5d/ffdb483aa870/14a8f359d0b0/03471103250-p/03471103250-p.jpg?ts=1769622974191,"₩59,900",,,260622,화이트,,,,
,false,,ZARA,상의,가디건,여성,리브드 니트 재킷,https://www.zara.com/kr/ko/%E1%84%85%E1%85%B5%E1%84%87%E1%85%B3-%E1%84%82%E1%85%B5%E1%84%90%E1%85%B3-%E1%84%8C%E1%85%A2%E1%84%8F%E1%85%B5%E1%86%BA-p05755029.html,https://static.zara.net/assets/public/9877/4e8b/c9d3415e97e3/538fc29e9904/05755029300-p/05755029300-p.jpg?ts=1773075976798,"₩49,900",,,260622,노랑,,,,
,false,,ZARA,상의,가디건,여성,스트라이프 니트 재킷,https://www.zara.com/kr/ko/%E1%84%89%E1%85%B3%E1%84%90%E1%85%B3%E1%84%85%E1%85%A1%E1%84%8B%E1%85%B5%E1%84%91%E1%85%B3-%E1%84%82%E1%85%B5%E1%84%90%E1%85%B3-%E1%84%8C%E1%85%A2%E1%84%8F%E1%85%B5%E1%86%BA-p03920640.html,https://static.zara.net/assets/public/8ec7/a6b1/00d74225b9a1/255ad80c4cb6/03920640330-p/03920640330-p.jpg?ts=1769783543916,"₩57,900",,,260622,멀티컬러,,,,
,false,,ZARA,상의,탑,여성,페플럼 니트 탑,https://www.zara.com/kr/ko/%E1%84%91%E1%85%A6%E1%84%91%E1%85%B3%E1%86%AF%E1%84%85%E1%85%A5%E1%86%B7-%E1%84%82%E1%85%B5%E1%84%90%E1%85%B3-%E1%84%90%E1%85%A1%E1%86%B8-p09598034.html,https://static.zara.net/assets/public/e4a3/0a1a/59934458860c/968dc5f64f39/09598034712-p/09598034712-p.jpg?ts=1770379587663,"₩55,900",,,260622,크림,,,,
,false,,ZARA,상의,가디건,여성,페플럼 니트 재킷,https://www.zara.com/kr/ko/%E1%84%91%E1%85%A6%E1%84%91%E1%85%B3%E1%86%AF%E1%84%85%E1%85%A5%E1%86%B7-%E1%84%82%E1%85%B5%E1%84%90%E1%85%B3-%E1%84%8C%E1%85%A2%E1%84%8F%E1%85%B5%E1%86%BA-p09598033.html,https://static.zara.net/assets/public/844a/70bf/fb5c49f09176/286b0efa496f/09598033710-p/09598033710-p.jpg?ts=1770384941340,"₩59,900",,,260622,베이지,,,,
,false,,ZARA,상의,가디건,여성,크로스 니트 재킷,https://www.zara.com/kr/ko/%E1%84%8F%E1%85%B3%E1%84%85%E1%85%A9%E1%84%89%E1%85%B3-%E1%84%82%E1%85%B5%E1%84%90%E1%85%B3-%E1%84%8C%E1%85%A2%E1%84%8F%E1%85%B5%E1%86%BA-p05536022.html,https://static.zara.net/assets/public/0c8e/f7c0/96c34e81a21b/07f9919614a2/05536022250-p/05536022250-p.jpg?ts=1770232348332,"₩79,900",,,260622,화이트,,,,
,false,,ZARA,상의,탑,여성,보트넥 니트 탑,https://www.zara.com/kr/ko/%E1%84%87%E1%85%A9%E1%84%90%E1%85%B3%E1%84%82%E1%85%A6%E1%86%A8-%E1%84%82%E1%85%B5%E1%84%90%E1%85%B3-%E1%84%90%E1%85%A1%E1%86%B8-p01822006.html,https://static.zara.net/assets/public/7719/9026/676d44b7acec/76f805bfbca9/01822006250-p/01822006250-p.jpg?ts=1774017524960,"₩49,900",,,260622,화이트,,,,
,false,,ZARA,상의,탑,여성,드레이프 니트 탑,https://www.zara.com/kr/ko/%E1%84%83%E1%85%B3%E1%84%85%E1%85%A6%E1%84%8B%E1%85%B5%E1%84%91%E1%85%B3-%E1%84%82%E1%85%B5%E1%84%90%E1%85%B3-%E1%84%90%E1%85%A1%E1%86%B8-p02142076.html,https://static.zara.net/assets/public/816c/31e9/61994e62bf43/635b33d50579/02142076250-p/02142076250-p.jpg?ts=1771931168058,"₩49,900",,,260622,화이트,,,,
,false,,ZARA,상의,가디건,여성,하트 자카드 니트 재킷,https://www.zara.com/kr/ko/%E1%84%92%E1%85%A1%E1%84%90%E1%85%B3-%E1%84%8C%E1%85%A1%E1%84%8F%E1%85%A1%E1%84%83%E1%85%B3-%E1%84%82%E1%85%B5%E1%84%90%E1%85%B3-%E1%84%8C%E1%85%A2%E1%84%8F%E1%85%B5%E1%86%BA-p04938008.html,https://static.zara.net/assets/public/2e4d/1078/a4d0405f8f3c/f9508a0318be/04938008401-p/04938008401-p.jpg?ts=1769764644721,"₩55,900",,,260622,네이비,,,,
,false,,ZARA,치마,스커트,여성,링클 페이크 니트 미디 스커트,https://www.zara.com/kr/ko/%E1%84%85%E1%85%B5%E1%86%BC%E1%84%8F%E1%85%B3%E1%86%AF-%E1%84%91%E1%85%A6%E1%84%8B%E1%85%B5%E1%84%8F%E1%85%B3-%E1%84%82%E1%85%B5%E1%84%90%E1%85%B3-%E1%84%86%E1%85%B5%E1%84%83%E1%85%B5-%E1%84%89%E1%85%B3%E1%84%8F%E1%85%A5%E1%84%90%E1%85%B3-p02142059.html,https://static.zara.net/assets/public/a829/9239/82d445e2adab/8c7d8406e202/02142059942-p/02142059942-p.jpg?ts=1771247035313,"₩59,900",,,260622,베이지 핑크,,,,
,false,,ZARA,치마,스커트,여성,벌룬 스트럭처 니트 콤비 스커트,https://www.zara.com/kr/ko/%E1%84%87%E1%85%A5%E1%86%AF%E1%84%85%E1%85%AE%E1%86%AB-%E1%84%89%E1%85%B3%E1%84%90%E1%85%B3%E1%84%85%E1%85%A5%E1%86%A8%E1%84%8E%E1%85%A5-%E1%84%82%E1%85%B5%E1%84%90%E1%85%B3-%E1%84%86%E1%85%B5%E1%86%A8%E1%84%89%E1%85%B3-%E1%84%89%E1%85%B3%E1%84%8F%E1%85%A5%E1%84%90%E1%85%B3-p04192073.html,https://static.zara.net/assets/public/3681/6a83/8194422d81bd/24614dcd9de2/04192073712-p/04192073712-p.jpg?ts=1772636255220,"₩79,900",,,260622,크림,,,,
,false,,ZARA,상의,탑,여성,콘트라스트 스트랩 니트 탑,https://www.zara.com/kr/ko/%E1%84%8F%E1%85%A9%E1%86%AB%E1%84%90%E1%85%B3%E1%84%85%E1%85%A1%E1%84%89%E1%85%B3%E1%84%90%E1%85%B3-%E1%84%89%E1%85%B3%E1%84%90%E1%85%B3%E1%84%85%E1%85%A2%E1%86%B8-%E1%84%82%E1%85%B5%E1%84%90%E1%85%B3-%E1%84%90%E1%85%A1%E1%86%B8-p04192072.html,https://static.zara.net/assets/public/3780/a492/5ca04bbb8345/ba53c01b8e4c/04192073712-p/04192073712-p.jpg?ts=1773253786150,"₩45,900",,,260622,크림,,,,
,false,,ZARA,상의,니트,여성,숄더 패드 니트 스웨터,https://www.zara.com/kr/ko/%E1%84%89%E1%85%AD%E1%86%AF%E1%84%83%E1%85%A5-%E1%84%91%E1%85%A2%E1%84%83%E1%85%B3-%E1%84%82%E1%85%B5%E1%84%90%E1%85%B3-%E1%84%89%E1%85%B3%E1%84%8B%E1%85%B0%E1%84%90%E1%85%A5-p06771010.html,https://static.zara.net/assets/public/e06f/a94a/3d2e4289a5c9/0649e9b8a80a/06771010526-p/06771010526-p.jpg?ts=1770386692525,"₩55,900",,,260622,라이트 그린,,,,
,false,,ZARA,상의,니트,여성,파인 니트 브이넥 스웨터,https://www.zara.com/kr/ko/%E1%84%91%E1%85%A1%E1%84%8B%E1%85%B5%E1%86%AB-%E1%84%82%E1%85%B5%E1%84%90%E1%85%B3-%E1%84%87%E1%85%B3%E1%84%8B%E1%85%B5%E1%84%82%E1%85%A6%E1%86%A8-%E1%84%89%E1%85%B3%E1%84%8B%E1%85%B0%E1%84%90%E1%85%A5-p09598023.html,https://static.zara.net/assets/public/6f5d/8c92/8de148bf80f9/7847abfc13aa/04344043712-000-p/04344043712-000-p.jpg?ts=1772793388940,"₩55,900",,,260622,화이트,,,,
,false,,ZARA,상의,니트,여성,울 리브드 스웨터,https://www.zara.com/kr/ko/%E1%84%8B%E1%85%AE%E1%86%AF-%E1%84%85%E1%85%B5%E1%84%87%E1%85%B3%E1%84%83%E1%85%B3-%E1%84%89%E1%85%B3%E1%84%8B%E1%85%B0%E1%84%90%E1%85%A5-p06771013.html,https://static.zara.net/assets/public/fda1/1ff7/a13c45549590/71ee33ed2bdd/06771013250-p/06771013250-p.jpg?ts=1770821008814,"₩55,900",,,260622,화이트,,,,
,false,,ZARA,상의,니트,여성,울 리브드 스웨터,https://www.zara.com/kr/ko/%E1%84%8B%E1%85%AE%E1%86%AF-%E1%84%85%E1%85%B5%E1%84%87%E1%85%B3%E1%84%83%E1%85%B3-%E1%84%89%E1%85%B3%E1%84%8B%E1%85%B0%E1%84%90%E1%85%A5-p06771013.html,https://static.zara.net/assets/public/42da/0dd6/84514254a24e/5a1579d3ed19/06771013656-p/06771013656-p.jpg?ts=1770821009235,"₩55,900",,,260622,라이트  라일락,,,,
,false,,ZARA,상의,니트,여성,울 케이블 니트 반소매 스웨터,https://www.zara.com/kr/ko/%E1%84%8B%E1%85%AE%E1%86%AF-%E1%84%8F%E1%85%A6%E1%84%8B%E1%85%B5%E1%84%87%E1%85%B3%E1%86%AF-%E1%84%87%E1%85%A1%E1%86%AB%E1%84%89%E1%85%A9%E1%84%86%E1%85%A2-%E1%84%89%E1%85%B3%E1%84%8B%E1%85%B0%E1%84%90%E1%85%A5-p03920168.html,https://static.zara.net/assets/public/bc93/c204/bd7b4581b3a5/e0c9225a9729/03920168621-001-p/03920168621-001-p.jpg?ts=1770226811091,"₩55,900",,,260622,파스텔 로즈,,,,
,false,,ZARA,상의,니트,여성,골지 니트 스웨터,https://www.zara.com/kr/ko/%E1%84%80%E1%85%A9%E1%86%AF%E1%84%8C%E1%85%B5-%E1%84%82%E1%85%B5%E1%84%90%E1%85%B3-%E1%84%89%E1%85%B3%E1%84%8B%E1%85%B0%E1%84%90%E1%85%A5-p02142065.html,https://static.zara.net/assets/public/e85d/f752/3829434da60d/e53a038183db/02142065612-p/02142065612-p.jpg?ts=1770284524880,"₩49,900",,,260622,연보라색,,,,
,false,,ZARA,상의,니트,여성,베이직 하이넥 니트 스웨터,https://www.zara.com/kr/ko/%E1%84%87%E1%85%A6%E1%84%8B%E1%85%B5%E1%84%8C%E1%85%B5%E1%86%A8-%E1%84%92%E1%85%A1%E1%84%8B%E1%85%B5%E1%84%82%E1%85%A6%E1%86%A8-%E1%84%82%E1%85%B5%E1%84%90%E1%85%B3-%E1%84%89%E1%85%B3%E1%84%8B%E1%85%B0%E1%84%90%E1%85%A5-p08851181.html,https://static.zara.net/assets/public/c72f/7d83/65664b37afcf/ddd7a4d4c4f7/08851181722-p/08851181722-p.jpg?ts=1764944132551,"₩49,900",,,260622,그레이 밍크,,,,
,false,,ZARA,상의,니트,여성,와이드 슬리브 니트 스웨터,https://www.zara.com/kr/ko/%E1%84%8B%E1%85%AA%E1%84%8B%E1%85%B5%E1%84%83%E1%85%B3-%E1%84%89%E1%85%B3%E1%86%AF%E1%84%85%E1%85%B5%E1%84%87%E1%85%B3-%E1%84%82%E1%85%B5%E1%84%90%E1%85%B3-%E1%84%89%E1%85%B3%E1%84%8B%E1%85%B0%E1%84%90%E1%85%A5-p05536213.html,https://static.zara.net/assets/public/085e/48ac/dd27414b87e1/63185bb95a65/05536213420-a1/05536213420-a1.jpg?ts=1764944133869,"₩59,900",,,260622,블루,,,,
,false,,ZARA,기타,WAISTCOAT,여성,울 프릴 베스트,https://www.zara.com/kr/ko/%E1%84%8B%E1%85%AE%E1%86%AF-%E1%84%91%E1%85%B3%E1%84%85%E1%85%B5%E1%86%AF-%E1%84%87%E1%85%A6%E1%84%89%E1%85%B3%E1%84%90%E1%85%B3-p04938119.html,https://static.zara.net/assets/public/03b7/c04c/eda14515ad8a/c46a6381389d/04938119743-p/04938119743-p.jpg?ts=1764944133288,"₩59,900",,,260622,라이트 카멜,,,,
,false,,ZARA,상의,니트,여성,브이넥 플레인 니트 스웨터,https://www.zara.com/kr/ko/%E1%84%91%E1%85%B3%E1%86%AF%E1%84%85%E1%85%A6%E1%84%8B%E1%85%B5%E1%86%AB-%E1%84%82%E1%85%B5%E1%84%90%E1%85%B3-%E1%84%87%E1%85%B3%E1%84%8B%E1%85%B5%E1%84%82%E1%85%A6%E1%86%A8-%E1%84%89%E1%85%B3%E1%84%8B%E1%85%B0%E1%84%90%E1%85%A5-p05755155.html,https://static.zara.net/assets/public/c6cf/1f86/253c4e639719/763ac81339df/08727222401-p/08727222401-p.jpg?ts=1765280544070,"₩59,900",,,260622,블랙,,,,
,false,,ZARA,상의,니트,여성,베이직 하이넥 니트 스웨터,https://www.zara.com/kr/ko/%E1%84%87%E1%85%A6%E1%84%8B%E1%85%B5%E1%84%8C%E1%85%B5%E1%86%A8-%E1%84%92%E1%85%A1%E1%84%8B%E1%85%B5%E1%84%82%E1%85%A6%E1%86%A8-%E1%84%82%E1%85%B5%E1%84%90%E1%85%B3-%E1%84%89%E1%85%B3%E1%84%8B%E1%85%B0%E1%84%90%E1%85%A5-p08851181.html,https://static.zara.net/assets/public/f219/56b0/dcca47838f92/5f3ba4d67fd7/08851181800-p/08851181800-p.jpg?ts=1764934327186,"₩49,900",,,260622,블랙,,,,
,false,,ZARA,상의,탑,여성,링클 페이크 리본 니트 스웨터,https://www.zara.com/kr/ko/%E1%84%85%E1%85%B5%E1%84%87%E1%85%A9%E1%86%AB-%E1%84%85%E1%85%B5%E1%86%BC%E1%84%8F%E1%85%B3%E1%86%AF-%E1%84%91%E1%85%A6%E1%84%8B%E1%85%B5%E1%84%8F%E1%85%B3-%E1%84%82%E1%85%B5%E1%84%90%E1%85%B3-%E1%84%89%E1%85%B3%E1%84%8B%E1%85%B0%E1%84%90%E1%85%A5-p02142060.html,https://static.zara.net/assets/public/3dd6/04d6/c5f047e593cf/c1e599a036bf/02142060942-p/02142060942-p.jpg?ts=1771247041104,"₩59,900",,,260622,베이지 핑크,,,,
,false,,ZARA,상의,탑,여성,시퀸 콤비 니트 탑,https://www.zara.com/kr/ko/%E1%84%89%E1%85%B5%E1%84%8F%E1%85%B1%E1%86%AB-%E1%84%8F%E1%85%A9%E1%86%B7%E1%84%87%E1%85%B5-%E1%84%82%E1%85%B5%E1%84%90%E1%85%B3-%E1%84%90%E1%85%A1%E1%86%B8-p02142049.html,https://static.zara.net/assets/public/5fde/aa0c/19ae4daeab05/f617b29c2797/02142049706-p/02142049706-p.jpg?ts=1773930239235,"₩59,900",,,260622,밍크,,,,
,false,,ZARA,상의,니트,여성,부드러운 터치 니트 스웨터,https://www.zara.com/kr/ko/%E1%84%89%E1%85%A9%E1%84%91%E1%85%B3%E1%84%90%E1%85%B3-%E1%84%90%E1%85%A5%E1%84%8E%E1%85%B5-%E1%84%82%E1%85%B5%E1%84%90%E1%85%B3-%E1%84%89%E1%85%B3%E1%84%8B%E1%85%B0%E1%84%90%E1%85%A5-p01509106.html,https://static.zara.net/assets/public/e386/7a2a/6b1d49d7b52a/cad62522b762/01509106816-p/01509106816-p.jpg?ts=1764924444286,"₩57,900",,,260622,그레이 마렝고,,,,
,false,,ZARA,상의,니트,여성,벌룬 쇼트 슬리브 니트 스웨터,https://www.zara.com/kr/ko/%E1%84%87%E1%85%A5%E1%86%AF%E1%84%85%E1%85%AE%E1%86%AB-%E1%84%89%E1%85%AD%E1%84%90%E1%85%B3-%E1%84%89%E1%85%B3%E1%86%AF%E1%84%85%E1%85%B5%E1%84%87%E1%85%B3-%E1%84%82%E1%85%B5%E1%84%90%E1%85%B3-%E1%84%89%E1%85%B3%E1%84%8B%E1%85%B0%E1%84%90%E1%85%A5-p02142204.html,https://static.zara.net/assets/public/9bff/36b8/edfe47d996eb/9f9b06204a52/02142204802-016-p/02142204802-016-p.jpg?ts=1769163742625,"₩49,900",,,260622,그레이,,,,
,false,,ZARA,상의,니트,여성,스트라이프 니트 폴로셔츠,https://www.zara.com/kr/ko/%E1%84%89%E1%85%B3%E1%84%90%E1%85%B3%E1%84%85%E1%85%A1%E1%84%8B%E1%85%B5%E1%84%91%E1%85%B3-%E1%84%82%E1%85%B5%E1%84%90%E1%85%B3-%E1%84%91%E1%85%A9%E1%86%AF%E1%84%85%E1%85%A9%E1%84%89%E1%85%A7%E1%84%8E%E1%85%B3-p05536218.html,https://static.zara.net/assets/public/b724/f15a/f7834572936c/fd7b7186c848/05536218104-p/05536218104-p.jpg?ts=1764924445765,"₩59,900",,,260622,스트라이프,,,,
,false,,ZARA,상의,니트,여성,벌룬 쇼트 슬리브 니트 스웨터,https://www.zara.com/kr/ko/%E1%84%87%E1%85%A5%E1%86%AF%E1%84%85%E1%85%AE%E1%86%AB-%E1%84%89%E1%85%AD%E1%84%90%E1%85%B3-%E1%84%89%E1%85%B3%E1%86%AF%E1%84%85%E1%85%B5%E1%84%87%E1%85%B3-%E1%84%82%E1%85%B5%E1%84%90%E1%85%B3-%E1%84%89%E1%85%B3%E1%84%8B%E1%85%B0%E1%84%90%E1%85%A5-p02142204.html,https://static.zara.net/assets/public/6549/d57b/5df046819111/65cd037c4c17/02142204737-p/02142204737-p.jpg?ts=1764924445692,"₩49,900",,,260622,"브라운,토프",,,,
,false,,ZARA,상의,가디건,여성,소프트 니트 재킷,https://www.zara.com/kr/ko/%E1%84%89%E1%85%A9%E1%84%91%E1%85%B3%E1%84%90%E1%85%B3-%E1%84%82%E1%85%B5%E1%84%90%E1%85%B3-%E1%84%8C%E1%85%A2%E1%84%8F%E1%85%B5%E1%86%BA-p05536149.html,https://static.zara.net/assets/public/af82/c1dc/facf42feb1bb/c2469e4dc435/05536149809-p/05536149809-p.jpg?ts=1764924445683,"₩57,900",,,260622,미디움 그레이,,,,
,false,,ZARA,상의,니트,여성,리브드 니트 탑,https://www.zara.com/kr/ko/%E1%84%80%E1%85%A9%E1%86%AF%E1%84%8C%E1%85%B5-%E1%84%82%E1%85%B5%E1%84%90%E1%85%B3-%E1%84%90%E1%85%A1%E1%86%B8-p03390002.html,https://static.zara.net/assets/public/351a/508c/703b4d99be68/00f84d93b1bd/03390002250-000-p/03390002250-000-p.jpg?ts=1769721841304,"₩45,900",,,260622,화이트,,,,
,false,,ZARA,상의,니트,여성,골지 니트 탑,https://www.zara.com/kr/ko/%E1%84%80%E1%85%A9%E1%86%AF%E1%84%8C%E1%85%B5-%E1%84%82%E1%85%B5%E1%84%90%E1%85%B3-%E1%84%90%E1%85%A1%E1%86%B8-p03390002.html,https://static.zara.net/assets/public/7112/7d7f/29f84a65826e/2f2b4cc13c3b/03390002321-p/03390002321-p.jpg?ts=1769788022030,"₩45,900",,,260622,파스텔 옐로우,,,,
,false,,ZARA,상의,가디건,여성,로브 크로스 니트 재킷,https://www.zara.com/kr/ko/%E1%84%85%E1%85%A9%E1%84%87%E1%85%B3-%E1%84%8F%E1%85%B3%E1%84%85%E1%85%A9%E1%84%89%E1%85%B3-%E1%84%82%E1%85%B5%E1%84%90%E1%85%B3-%E1%84%8C%E1%85%A2%E1%84%8F%E1%85%B5%E1%86%BA-p06771001.html,https://static.zara.net/assets/public/c5b2/10db/3a884721bc1d/17f637874ce7/06771001712-p/06771001712-p.jpg?ts=1768835456643,"₩89,900",,,260622,크림,,,,
,false,,ZARA,상의,니트,여성,울 하이넥 스웨터,https://www.zara.com/kr/ko/%E1%84%8B%E1%85%AE%E1%86%AF-%E1%84%92%E1%85%A1%E1%84%8B%E1%85%B5%E1%84%82%E1%85%A6%E1%86%A8-%E1%84%89%E1%85%B3%E1%84%8B%E1%85%B0%E1%84%90%E1%85%A5-p05755018.html,https://static.zara.net/assets/public/d23e/63d9/69d548cd98a9/6b44885bffd5/05755018629-a1/05755018629-a1.jpg?ts=1770045132151,"₩59,900",,,260622,라일락,,,,
,false,,ZARA,상의,가디건,여성,스트라이프 니트 재킷,https://www.zara.com/kr/ko/%E1%84%89%E1%85%B3%E1%84%90%E1%85%B3%E1%84%85%E1%85%A1%E1%84%8B%E1%85%B5%E1%84%91%E1%85%B3-%E1%84%82%E1%85%B5%E1%84%90%E1%85%B3-%E1%84%8C%E1%85%A2%E1%84%8F%E1%85%B5%E1%86%BA-p03920392.html,https://static.zara.net/assets/public/a6dc/7f89/6f724b8dbfa1/1a8e306e2dc1/01165030700-000-p/01165030700-000-p.jpg?ts=1769621175699,"₩55,900",,,260622,멀티컬러,,,,
,false,,ZARA,상의,탑,여성,리브드 니트 페플럼 탑,https://www.zara.com/kr/ko/%E1%84%85%E1%85%B5%E1%84%87%E1%85%B3-%E1%84%82%E1%85%B5%E1%84%90%E1%85%B3-%E1%84%91%E1%85%A6%E1%84%91%E1%85%B3%E1%86%AF%E1%84%85%E1%85%A5%E1%86%B7-%E1%84%90%E1%85%A1%E1%86%B8-p00014007.html,https://static.zara.net/assets/public/9963/0b61/e8f841e995a1/08384d694904/00014007712-p/00014007712-p.jpg?ts=1773399203740,"₩49,900",,,260622,크림,,,,
,false,,ZARA,상의,탑,여성,더블 니트 탑,https://www.zara.com/kr/ko/%E1%84%83%E1%85%A5%E1%84%87%E1%85%B3%E1%86%AF-%E1%84%82%E1%85%B5%E1%84%90%E1%85%B3-%E1%84%90%E1%85%A1%E1%86%B8-p02142058.html,https://static.zara.net/assets/public/e5ed/c9c8/cbf145829412/7d5790e9bcbc/02142058250-p/02142058250-p.jpg?ts=1770239996812,"₩49,900",,,260622,화이트,,,,
,false,,ZARA,상의,탑,여성,시퀸 니트 탑,https://www.zara.com/kr/ko/%E1%84%89%E1%85%B5%E1%84%8F%E1%85%B1%E1%86%AB-%E1%84%82%E1%85%B5%E1%84%90%E1%85%B3-%E1%84%90%E1%85%A1%E1%86%B8-p02142048.html,https://static.zara.net/assets/public/e735/22dc/f9e148cc9cb9/ed2c43e6d410/02142048330-a3/02142048330-a3.jpg?ts=1772190232945,"₩59,900",,,260622,멀티컬러,,,,
,false,,ZARA,상의,가디건,여성,스트라이프 울 재킷,https://www.zara.com/kr/ko/%E1%84%89%E1%85%B3%E1%84%90%E1%85%B3%E1%84%85%E1%85%A1%E1%84%8B%E1%85%B5%E1%84%91%E1%85%B3-%E1%84%8B%E1%85%AE%E1%86%AF-%E1%84%8C%E1%85%A2%E1%84%8F%E1%85%B5%E1%86%BA-p05755019.html,https://static.zara.net/assets/public/eaa9/354c/24b640ce82b2/533b9de45c70/05755019104-p/05755019104-p.jpg?ts=1769164244156,"₩59,900",,,260622,스트라이프,,,,
,false,,ZARA,상의,탑,여성,오프숄더 니트 스웨터,https://www.zara.com/kr/ko/%E1%84%8B%E1%85%A9%E1%84%91%E1%85%B3%E1%84%89%E1%85%AD%E1%86%AF%E1%84%83%E1%85%A5-%E1%84%82%E1%85%B5%E1%84%90%E1%85%B3-%E1%84%89%E1%85%B3%E1%84%8B%E1%85%B0%E1%84%90%E1%85%A5-p05755131.html,https://static.zara.net/assets/public/598c/e27f/ee764ffd9c61/86315c8a453f/05755131803-p/05755131803-p.jpg?ts=1769164244940,"₩57,900",,,260622,그레이,,,,
,false,,ZARA,상의,니트,여성,숏 니트 스웨터,https://www.zara.com/kr/ko/%E1%84%8F%E1%85%B3%E1%84%85%E1%85%A9%E1%86%B8-%E1%84%82%E1%85%B5%E1%84%90%E1%85%B3-%E1%84%89%E1%85%B3%E1%84%8B%E1%85%B0%E1%84%90%E1%85%A5-p01822004.html,https://static.zara.net/assets/public/9b86/f7d6/4ef24d2980c1/4e8c2d4c5c95/01822004712-p/01822004712-p.jpg?ts=1769783539141,"₩55,900",,,260622,크림,,,,
,false,,ZARA,상의,탑,여성,피티드 밑단 벌룬 니트 스웨터,https://www.zara.com/kr/ko/%E1%84%91%E1%85%B5%E1%84%90%E1%85%B5%E1%84%83%E1%85%B3-%E1%84%86%E1%85%B5%E1%87%80%E1%84%83%E1%85%A1%E1%86%AB-%E1%84%87%E1%85%A5%E1%86%AF%E1%84%85%E1%85%AE%E1%86%AB-%E1%84%82%E1%85%B5%E1%84%90%E1%85%B3-%E1%84%89%E1%85%B3%E1%84%8B%E1%85%B0%E1%84%90%E1%85%A5-p05755017.html,https://static.zara.net/assets/public/42aa/d912/85a84bcf99ee/af9ce1b49a18/05755017942-p/05755017942-p.jpg?ts=1771424512367,"₩55,900",,,260622,베이지 핑크,,,,
,false,,ZARA,상의,니트,여성,엑스트라 파인 울 실크 탑,https://www.zara.com/kr/ko/%E1%84%8B%E1%85%A6%E1%86%A8%E1%84%89%E1%85%B3%E1%84%90%E1%85%B3%E1%84%85%E1%85%A1-%E1%84%91%E1%85%A1%E1%84%8B%E1%85%B5%E1%86%AB-%E1%84%8B%E1%85%AE%E1%86%AF-%E1%84%89%E1%85%B5%E1%86%AF%E1%84%8F%E1%85%B3-%E1%84%90%E1%85%A1%E1%86%B8-p09598146.html,https://static.zara.net/assets/public/8f41/e343/79934407bf16/563fa7b34166/09598146401-p/09598146401-p.jpg?ts=1770211764380,"₩59,900",,,260622,네이비,,,,
,false,,ZARA,상의,니트,여성,배색 파이핑 니트 스웨터,https://www.zara.com/kr/ko/%E1%84%87%E1%85%A2%E1%84%89%E1%85%A2%E1%86%A8-%E1%84%91%E1%85%A1%E1%84%8B%E1%85%B5%E1%84%91%E1%85%B5%E1%86%BC-%E1%84%82%E1%85%B5%E1%84%90%E1%85%B3-%E1%84%89%E1%85%B3%E1%84%8B%E1%85%B0%E1%84%90%E1%85%A5-p02142255.html,https://static.zara.net/assets/public/efdb/f9c0/f3de41afabc8/195ca4bcc161/02142255832-p/02142255832-p.jpg?ts=1764334071435,"₩79,900",,,260622,토프 그레이,,,,
,false,,ZARA,상의,니트,여성,파인 니트 스웨터,https://www.zara.com/kr/ko/%E1%84%91%E1%85%A1%E1%84%8B%E1%85%B5%E1%86%AB-%E1%84%82%E1%85%B5%E1%84%90%E1%85%B3-%E1%84%89%E1%85%B3%E1%84%8B%E1%85%B0%E1%84%90%E1%85%A5-p01509125.html,https://static.zara.net/assets/public/5d41/765c/cd48404fb597/b6d34e24da0f/01509125800-a3/01509125800-a3.jpg?ts=1757512406030,"₩39,900",,,260622,블랙,,,,
,false,,ZARA,상의,니트,여성,포플린 콤비 니트 스웨터,https://www.zara.com/kr/ko/%E1%84%91%E1%85%A9%E1%84%91%E1%85%B3%E1%86%AF%E1%84%85%E1%85%B5%E1%86%AB-%E1%84%8F%E1%85%A9%E1%86%B7%E1%84%87%E1%85%B5-%E1%84%82%E1%85%B5%E1%84%90%E1%85%B3-%E1%84%89%E1%85%B3%E1%84%8B%E1%85%B0%E1%84%90%E1%85%A5-p01957112.html,https://static.zara.net/assets/public/b475/f19c/3be04a208cd6/9bc66a8f42f6/01957112096-p/01957112096-p.jpg?ts=1764087831470,"₩89,900",,,260622,"화이트,그레이",,,,
,false,,ZARA,상의,니트,여성,100% 울 엑스트라 소프트 스웨터,https://www.zara.com/kr/ko/100-%E1%84%8B%E1%85%AE%E1%86%AF-%E1%84%8B%E1%85%A6%E1%86%A8%E1%84%89%E1%85%B3%E1%84%90%E1%85%B3%E1%84%85%E1%85%A1-%E1%84%89%E1%85%A9%E1%84%91%E1%85%B3%E1%84%90%E1%85%B3-%E1%84%89%E1%85%B3%E1%84%8B%E1%85%B0%E1%84%90%E1%85%A5-p09598107.html,https://static.zara.net/assets/public/1122/6d95/b9a446d19af9/deaa9f230fd1/09479268084-000-p/09479268084-000-p.jpg?ts=1761900391258,"₩89,900",,,260622,블랙,,,,
,false,,ZARA,상의,니트,여성,100% 울 엑스트라 소프트 스웨터,https://www.zara.com/kr/ko/100-%E1%84%8B%E1%85%AE%E1%86%AF-%E1%84%8B%E1%85%A6%E1%86%A8%E1%84%89%E1%85%B3%E1%84%90%E1%85%B3%E1%84%85%E1%85%A1-%E1%84%89%E1%85%A9%E1%84%91%E1%85%B3%E1%84%90%E1%85%B3-%E1%84%89%E1%85%B3%E1%84%8B%E1%85%B0%E1%84%90%E1%85%A5-p09598107.html,https://static.zara.net/assets/public/472a/682d/69104de6874a/259171c8abb8/04088250407-000-p/04088250407-000-p.jpg?ts=1761233388960,"₩89,900",,,260622,블랙,,,,
,false,,ZARA,치마,스커트,여성,콘트라스트 배색 니트 미디 스커트,https://www.zara.com/kr/ko/%E1%84%8F%E1%85%A9%E1%86%AB%E1%84%90%E1%85%B3%E1%84%85%E1%85%A1%E1%84%89%E1%85%B3%E1%84%90%E1%85%B3-%E1%84%87%E1%85%A2%E1%84%89%E1%85%A2%E1%86%A8-%E1%84%82%E1%85%B5%E1%84%90%E1%85%B3-%E1%84%86%E1%85%B5%E1%84%83%E1%85%B5-%E1%84%89%E1%85%B3%E1%84%8F%E1%85%A5%E1%84%90%E1%85%B3-p02142253.html,https://static.zara.net/assets/public/66ab/d7a6/da7a4a1d951a/91decab0012e/02142253832-p/02142253832-p.jpg?ts=1764334057168,"₩59,900",,,260622,토프 그레이,,,,
,false,,ZARA,상의,니트,여성,100% 울 브이넥 엑스트라 소프트 스웨터,https://www.zara.com/kr/ko/100-%E1%84%8B%E1%85%AE%E1%86%AF-%E1%84%8B%E1%85%A6%E1%86%A8%E1%84%89%E1%85%B3%E1%84%90%E1%85%B3%E1%84%85%E1%85%A1-%E1%84%89%E1%85%A9%E1%84%91%E1%85%B3%E1%84%90%E1%85%B3-%E1%84%87%E1%85%B3%E1%84%8B%E1%85%B5%E1%84%82%E1%85%A6%E1%86%A8-%E1%84%89%E1%85%B3%E1%84%8B%E1%85%B0%E1%84%90%E1%85%A5-p09598106.html,https://static.zara.net/assets/public/2e12/9d12/60ad4edfa227/9830e242a72d/09598106700-016-p/09598106700-016-p.jpg?ts=1765369265817,"₩89,900",,,260622,브라운,,,,
,false,,ZARA,상의,니트,여성,소프트 니트 스웨터,https://www.zara.com/kr/ko/%E1%84%89%E1%85%A9%E1%84%91%E1%85%B3%E1%84%90%E1%85%B3-%E1%84%82%E1%85%B5%E1%84%90%E1%85%B3-%E1%84%89%E1%85%B3%E1%84%8B%E1%85%B0%E1%84%90%E1%85%A5-p02142161.html,https://static.zara.net/assets/public/59b0/2ec9/741e46a09bb7/22533c2c2226/02142168681-p/02142168681-p.jpg?ts=1760522146082,"₩59,900",,,260622,버건디,,,,
,false,,ZARA,상의,니트,여성,베이직 하이넥 니트 스웨터,https://www.zara.com/kr/ko/%E1%84%87%E1%85%A6%E1%84%8B%E1%85%B5%E1%84%8C%E1%85%B5%E1%86%A8-%E1%84%92%E1%85%A1%E1%84%8B%E1%85%B5%E1%84%82%E1%85%A6%E1%86%A8-%E1%84%82%E1%85%B5%E1%84%90%E1%85%B3-%E1%84%89%E1%85%B3%E1%84%8B%E1%85%B0%E1%84%90%E1%85%A5-p08851181.html,https://static.zara.net/assets/public/0899/37c7/0f5246318316/4b7cbed44162/08851181722-p/08851181722-p.jpg?ts=1762255649329,"₩49,900",,,260622,그레이 밍크,,,,
,false,,ZARA,상의,니트,여성,베이직 플레인 니트 스웨터,https://www.zara.com/kr/ko/%E1%84%87%E1%85%A6%E1%84%8B%E1%85%B5%E1%84%8C%E1%85%B5%E1%86%A8-%E1%84%91%E1%85%B3%E1%86%AF%E1%84%85%E1%85%A6%E1%84%8B%E1%85%B5%E1%86%AB-%E1%84%82%E1%85%B5%E1%84%90%E1%85%B3-%E1%84%89%E1%85%B3%E1%84%8B%E1%85%B0%E1%84%90%E1%85%A5-p08851171.html,https://static.zara.net/assets/public/d0f3/018b/b2f0467694ff/9b28d7cd188a/08851171800-p/08851171800-p.jpg?ts=1762960827914,"₩49,900",,,260622,블랙,,,,
,false,,ZARA,상의,니트,여성,다이아몬드 오프숄더 니트 스웨터,https://www.zara.com/kr/ko/%E1%84%83%E1%85%A1%E1%84%8B%E1%85%B5%E1%84%8B%E1%85%A1%E1%84%86%E1%85%A9%E1%86%AB%E1%84%83%E1%85%B3-%E1%84%8B%E1%85%A9%E1%84%91%E1%85%B3%E1%84%89%E1%85%AD%E1%86%AF%E1%84%83%E1%85%A5-%E1%84%82%E1%85%B5%E1%84%90%E1%85%B3-%E1%84%89%E1%85%B3%E1%84%8B%E1%85%B0%E1%84%90%E1%85%A5-p05755138.html,https://static.zara.net/assets/public/75b4/bd22/f84448b89b8a/dd8f09ff6d25/05755138814-p/05755138814-p.jpg?ts=1764087830869,"₩59,900",,,260622,"그레이,베이지",,,,
,false,,ZARA,상의,니트,여성,베이직 플레인 니트 스웨터,https://www.zara.com/kr/ko/%E1%84%87%E1%85%A6%E1%84%8B%E1%85%B5%E1%84%8C%E1%85%B5%E1%86%A8-%E1%84%91%E1%85%B3%E1%86%AF%E1%84%85%E1%85%A6%E1%84%8B%E1%85%B5%E1%86%AB-%E1%84%82%E1%85%B5%E1%84%90%E1%85%B3-%E1%84%89%E1%85%B3%E1%84%8B%E1%85%B0%E1%84%90%E1%85%A5-p08851171.html,https://static.zara.net/assets/public/c188/8e39/ecdd413688f1/b20aee063775/08851171712-p/08851171712-p.jpg?ts=1762960828181,"₩49,900",,,260622,크림,,,,
,false,,ZARA,상의,니트,여성,소프트 니트 스웨터,https://www.zara.com/kr/ko/%E1%84%89%E1%85%A9%E1%84%91%E1%85%B3%E1%84%90%E1%85%B3-%E1%84%82%E1%85%B5%E1%84%90%E1%85%B3-%E1%84%89%E1%85%B3%E1%84%8B%E1%85%B0%E1%84%90%E1%85%A5-p02142161.html,https://static.zara.net/assets/public/dfb8/a1a1/fb534dd5aacc/c089d5942fa5/02142168712-p/02142168712-p.jpg?ts=1756281818050,"₩59,900",,,260622,크림,,,,
,false,,ZARA,상의,탑,여성,오프숄더 니트 스웨터,https://www.zara.com/kr/ko/%E1%84%8B%E1%85%A9%E1%84%91%E1%85%B3%E1%84%89%E1%85%AD%E1%86%AF%E1%84%83%E1%85%A5-%E1%84%82%E1%85%B5%E1%84%90%E1%85%B3-%E1%84%89%E1%85%B3%E1%84%8B%E1%85%B0%E1%84%90%E1%85%A5-p05755131.html,https://static.zara.net/assets/public/a599/1da7/9eca4d00a6e8/e9d7fc3fab86/05755131832-a4/05755131832-a4.jpg?ts=1757587609517,"₩57,900",,,260622,토프 그레이,,,,
,false,,ZARA,상의,탑,여성,쇼트 슬리브 소프트 터치 니트 스웨터,https://www.zara.com/kr/ko/%E1%84%89%E1%85%AD%E1%84%90%E1%85%B3-%E1%84%89%E1%85%B3%E1%86%AF%E1%84%85%E1%85%B5%E1%84%87%E1%85%B3-%E1%84%89%E1%85%A9%E1%84%91%E1%85%B3%E1%84%90%E1%85%B3-%E1%84%90%E1%85%A5%E1%84%8E%E1%85%B5-%E1%84%82%E1%85%B5%E1%84%90%E1%85%B3-%E1%84%89%E1%85%B3%E1%84%8B%E1%85%B0%E1%84%90%E1%85%A5-p05755130.html,https://static.zara.net/assets/public/20b8/01ca/a7c34a0da4fa/404158e57318/05755130712-p/05755130712-p.jpg?ts=1768571946318,"₩49,900",,,260622,크림,,,,
,false,,ZARA,상의,가디건,여성,애니멀 자카드 니트 재킷,https://www.zara.com/kr/ko/%E1%84%8B%E1%85%A2%E1%84%82%E1%85%B5%E1%84%86%E1%85%A5%E1%86%AF-%E1%84%8C%E1%85%A1%E1%84%8F%E1%85%A1%E1%84%83%E1%85%B3-%E1%84%82%E1%85%B5%E1%84%90%E1%85%B3-%E1%84%8C%E1%85%A2%E1%84%8F%E1%85%B5%E1%86%BA-p05802105.html,https://static.zara.net/assets/public/0924/87f7/079142c59b97/53944ad52e45/05802105051-p/05802105051-p.jpg?ts=1764071779647,"₩59,900",,,260622,표범 무늬,,,,
,false,,ZARA,상의,탑,여성,쇼트 슬리브 소프트 터치 니트 스웨터,https://www.zara.com/kr/ko/%E1%84%89%E1%85%AD%E1%84%90%E1%85%B3-%E1%84%89%E1%85%B3%E1%86%AF%E1%84%85%E1%85%B5%E1%84%87%E1%85%B3-%E1%84%89%E1%85%A9%E1%84%91%E1%85%B3%E1%84%90%E1%85%B3-%E1%84%90%E1%85%A5%E1%84%8E%E1%85%B5-%E1%84%82%E1%85%B5%E1%84%90%E1%85%B3-%E1%84%89%E1%85%B3%E1%84%8B%E1%85%B0%E1%84%90%E1%85%A5-p05755130.html,https://static.zara.net/assets/public/8a8c/ed1f/f75942349af1/cda1059aa199/05755130832-p/05755130832-p.jpg?ts=1763485769095,"₩49,900",,,260622,토프 그레이,,,,
,false,,ZARA,상의,가디건,여성,꼬임 마감 니트 재킷,https://www.zara.com/kr/ko/%E1%84%81%E1%85%A9%E1%84%8B%E1%85%B5%E1%86%B7-%E1%84%86%E1%85%A1%E1%84%80%E1%85%A1%E1%86%B7-%E1%84%82%E1%85%B5%E1%84%90%E1%85%B3-%E1%84%8C%E1%85%A2%E1%84%8F%E1%85%B5%E1%86%BA-p09598196.html,https://static.zara.net/assets/public/3e34/eee6/cbee461c99b2/cbb148faa487/09598196700-p/09598196700-p.jpg?ts=1764334130695,"₩57,900",,,260622,브라운,,,,
,false,,ZARA,상의,니트,여성,소프트 니트 스웨터,https://www.zara.com/kr/ko/%E1%84%89%E1%85%A9%E1%84%91%E1%85%B3%E1%84%90%E1%85%B3-%E1%84%82%E1%85%B5%E1%84%90%E1%85%B3-%E1%84%89%E1%85%B3%E1%84%8B%E1%85%B0%E1%84%90%E1%85%A5-p02142161.html,https://static.zara.net/assets/public/b0f1/1dfb/352b47328c77/6ee4417f3813/02142161803-p/02142161803-p.jpg?ts=1758099461787,"₩59,900",,,260622,그레이,,,,
,false,,ZARA,치마,스커트,여성,니트 미니 스커트,https://www.zara.com/kr/ko/%E1%84%82%E1%85%B5%E1%84%90%E1%85%B3-%E1%84%86%E1%85%B5%E1%84%82%E1%85%B5-%E1%84%89%E1%85%B3%E1%84%8F%E1%85%A5%E1%84%90%E1%85%B3-p09598169.html,https://static.zara.net/assets/public/aed0/b24d/1d58411f98db/c91d99471a7f/09598169801-p/09598169801-p.jpg?ts=1764087832170,"₩55,900",,,260622,다크 그레이,,,,
,false,,ZARA,상의,가디건,여성,콤비네이션 니트 재킷,https://www.zara.com/kr/ko/%E1%84%8F%E1%85%A9%E1%86%B7%E1%84%87%E1%85%B5%E1%84%82%E1%85%A6%E1%84%8B%E1%85%B5%E1%84%89%E1%85%A7%E1%86%AB-%E1%84%82%E1%85%B5%E1%84%90%E1%85%B3-%E1%84%8C%E1%85%A2%E1%84%8F%E1%85%B5%E1%86%BA-p03581105.html,https://static.zara.net/assets/public/02f6/0e8b/eb9d4448a2c9/d420c37f13d3/03581105811-e1/03581105811-e1.jpg?ts=1764856899247,"₩55,900",,,260622,라이트 그레이,,,,
,false,,ZARA,상의,가디건,여성,콤비네이션 니트 재킷,https://www.zara.com/kr/ko/%E1%84%8F%E1%85%A9%E1%86%B7%E1%84%87%E1%85%B5%E1%84%82%E1%85%A6%E1%84%8B%E1%85%B5%E1%84%89%E1%85%A7%E1%86%AB-%E1%84%82%E1%85%B5%E1%84%90%E1%85%B3-%E1%84%8C%E1%85%A2%E1%84%8F%E1%85%B5%E1%86%BA-p03581105.html,https://static.zara.net/assets/public/ac4f/b9bc/906842eb975a/4f3009d03d51/03581107700-e1/03581107700-e1.jpg?ts=1764331023621,"₩55,900",,,260622,브라운,,,,
,false,,ZARA,상의,니트,여성,100% 캐시미어 오버사이즈 스웨터,https://www.zara.com/kr/ko/100-%E1%84%8F%E1%85%A2%E1%84%89%E1%85%B5%E1%84%86%E1%85%B5%E1%84%8B%E1%85%A5-%E1%84%8B%E1%85%A9%E1%84%87%E1%85%A5%E1%84%89%E1%85%A1%E1%84%8B%E1%85%B5%E1%84%8C%E1%85%B3-%E1%84%89%E1%85%B3%E1%84%8B%E1%85%B0%E1%84%90%E1%85%A5-p09598144.html,https://static.zara.net/assets/public/f198/77c4/887e4bc49273/206ac7e0ee28/09598144811-p/09598144811-p.jpg?ts=1765297294484,"₩259,900",,,260622,라이트 그레이,,,,
,false,,ZARA,상의,니트,여성,포켓 니트 폴로셔츠,https://www.zara.com/kr/ko/%E1%84%91%E1%85%A9%E1%84%8F%E1%85%A6%E1%86%BA-%E1%84%82%E1%85%B5%E1%84%90%E1%85%B3-%E1%84%91%E1%85%A9%E1%86%AF%E1%84%85%E1%85%A9%E1%84%89%E1%85%A7%E1%84%8E%E1%85%B3-p05536220.html,https://static.zara.net/assets/public/8ece/4603/473a49b08c5c/fd809979200f/05536220600-p/05536220600-p.jpg?ts=1764087685184,"₩57,900",,,260622,레드,,,,
,false,,ZARA,상의,니트,여성,플레인 니트 스웨터,https://www.zara.com/kr/ko/%E1%84%91%E1%85%B3%E1%86%AF%E1%84%85%E1%85%A6%E1%84%8B%E1%85%B5%E1%86%AB-%E1%84%82%E1%85%B5%E1%84%90%E1%85%B3-%E1%84%89%E1%85%B3%E1%84%8B%E1%85%B0%E1%84%90%E1%85%A5-p05755156.html,https://static.zara.net/assets/public/5277/7f81/c8d54c6388dd/3b1f942956e5/05755156401-p/05755156401-p.jpg?ts=1764071556754,"₩59,900",,,260622,네이비,,,,
,false,,ZARA,상의,가디건,여성,볼 버튼 니트 재킷,https://www.zara.com/kr/ko/%E1%84%87%E1%85%A9%E1%86%AF-%E1%84%87%E1%85%A5%E1%84%90%E1%85%B3%E1%86%AB-%E1%84%82%E1%85%B5%E1%84%90%E1%85%B3-%E1%84%8C%E1%85%A2%E1%84%8F%E1%85%B5%E1%86%BA-p01509114.html,https://static.zara.net/assets/public/b7e0/31e2/57e14e99893d/4643a3cc488d/01509114524-p/01509114524-p.jpg?ts=1761670586698,"₩59,900",,,260622,그레이 그린,,,,
,false,,ZARA,바지,슬랙스,여성,니트 스트레이트 팬츠,https://www.zara.com/kr/ko/%E1%84%82%E1%85%B5%E1%84%90%E1%85%B3-%E1%84%89%E1%85%B3%E1%84%90%E1%85%B3%E1%84%85%E1%85%A6%E1%84%8B%E1%85%B5%E1%84%90%E1%85%B3-%E1%84%91%E1%85%A2%E1%86%AB%E1%84%8E%E1%85%B3-p04192142.html,https://static.zara.net/assets/public/a39a/a485/744b42d396d4/f5dc055c5962/04192142717-p/04192142717-p.jpg?ts=1763127490412,"₩55,900",,,260622,초콜렛,,,,
,false,,ZARA,상의,니트,여성,부드러운 터치 니트 스웨터,https://www.zara.com/kr/ko/%E1%84%89%E1%85%A9%E1%84%91%E1%85%B3%E1%84%90%E1%85%B3-%E1%84%90%E1%85%A5%E1%84%8E%E1%85%B5-%E1%84%82%E1%85%B5%E1%84%90%E1%85%B3-%E1%84%89%E1%85%B3%E1%84%8B%E1%85%B0%E1%84%90%E1%85%A5-p01509106.html,https://static.zara.net/assets/public/cce1/64ca/d2f74acdbacf/11eecc6dafb4/01509106816-a3/01509106816-a3.jpg?ts=1760033357306,"₩57,900",,,260622,그레이 마렝고,,,,
,false,,ZARA,상의,니트,여성,엑스트라 파인 니트 하이넥 스웨터,https://www.zara.com/kr/ko/%E1%84%8B%E1%85%A6%E1%86%A8%E1%84%89%E1%85%B3%E1%84%90%E1%85%B3%E1%84%85%E1%85%A1-%E1%84%91%E1%85%A1%E1%84%8B%E1%85%B5%E1%86%AB-%E1%84%82%E1%85%B5%E1%84%90%E1%85%B3-%E1%84%92%E1%85%A1%E1%84%8B%E1%85%B5%E1%84%82%E1%85%A6%E1%86%A8-%E1%84%89%E1%85%B3%E1%84%8B%E1%85%B0%E1%84%90%E1%85%A5-p02142050.html,https://static.zara.net/assets/public/e3df/2aa8/170e47b5b366/1618f6704a48/02142050250-001-p/02142050250-001-p.jpg?ts=1770305765862,"₩55,900",,,260622,화이트,,,,
,false,,ZARA,상의,니트,여성,울 오버사이즈 스웨터,https://www.zara.com/kr/ko/%E1%84%8B%E1%85%AE%E1%86%AF-%E1%84%8B%E1%85%A9%E1%84%87%E1%85%A5%E1%84%89%E1%85%A1%E1%84%8B%E1%85%B5%E1%84%8C%E1%85%B3-%E1%84%89%E1%85%B3%E1%84%8B%E1%85%B0%E1%84%90%E1%85%A5-p00837101.html,https://static.zara.net/assets/public/d897/6a55/22a0407d9404/435c698da738/00837101812-p/00837101812-p.jpg?ts=1758879346154,"₩89,900",,,260622,그레이,,,,
,false,,ZARA,상의,니트,여성,울 오버사이즈 스웨터,https://www.zara.com/kr/ko/%E1%84%8B%E1%85%AE%E1%86%AF-%E1%84%8B%E1%85%A9%E1%84%87%E1%85%A5%E1%84%89%E1%85%A1%E1%84%8B%E1%85%B5%E1%84%8C%E1%85%B3-%E1%84%89%E1%85%B3%E1%84%8B%E1%85%B0%E1%84%90%E1%85%A5-p00837101.html,https://static.zara.net/assets/public/50d2/0ee6/b16448fbbff6/be7ba0bcd108/00837100722-p/00837100722-p.jpg?ts=1765970604943,"₩89,900",,,260622,그레이 밍크,,,,
,false,,ZARA,상의,니트,여성,드레이프 슬리브 니트 스웨터,https://www.zara.com/kr/ko/%E1%84%83%E1%85%B3%E1%84%85%E1%85%A6%E1%84%8B%E1%85%B5%E1%84%91%E1%85%B3-%E1%84%89%E1%85%B3%E1%86%AF%E1%84%85%E1%85%B5%E1%84%87%E1%85%B3-%E1%84%82%E1%85%B5%E1%84%90%E1%85%B3-%E1%84%89%E1%85%B3%E1%84%8B%E1%85%B0%E1%84%90%E1%85%A5-p06771005.html,https://static.zara.net/assets/public/ec68/03f8/758c4b44a339/c902b0a97ae6/06771005081-p/06771005081-p.jpg?ts=1771587815367,"₩55,900",,,260622,"샌드,그레이",,,,
,false,,ZARA,상의,가디건,여성,숄더 패드 니트 재킷,https://www.zara.com/kr/ko/%E1%84%89%E1%85%AD%E1%86%AF%E1%84%83%E1%85%A5-%E1%84%91%E1%85%A2%E1%84%83%E1%85%B3-%E1%84%82%E1%85%B5%E1%84%90%E1%85%B3-%E1%84%8C%E1%85%A2%E1%84%8F%E1%85%B5%E1%86%BA-p05755015.html,https://static.zara.net/assets/public/af90/3524/d41c4671a157/c358fb9ed46f/05755015712-a1/05755015712-a1.jpg?ts=1772038898434,"₩79,900",,,260622,크림,,,,
,false,,ZARA,상의,니트,여성,브로치 니트 스웨터,https://www.zara.com/kr/ko/%E1%84%87%E1%85%B3%E1%84%85%E1%85%A9%E1%84%8E%E1%85%B5-%E1%84%82%E1%85%B5%E1%84%90%E1%85%B3-%E1%84%89%E1%85%B3%E1%84%8B%E1%85%B0%E1%84%90%E1%85%A5-p05536259.html,https://static.zara.net/assets/public/6ada/50a4/c0a64db59c7c/9f098da38dba/05536259712-p/05536259712-p.jpg?ts=1769622978765,"₩59,900",,,260622,크림,,,,
,false,,ZARA,상의,탑,여성,니트 튜닉 탑,https://www.zara.com/kr/ko/%E1%84%82%E1%85%B5%E1%84%90%E1%85%B3-%E1%84%90%E1%85%B2%E1%84%82%E1%85%B5%E1%86%A8-%E1%84%90%E1%85%A1%E1%86%B8-p09598018.html,https://static.zara.net/assets/public/8d62/be73/72784c728cd8/dfe4f621231d/09598018401-p/09598018401-p.jpg?ts=1774944142619,"₩59,900",,,260622,네이비,,,,
,false,,ZARA,상의,탑,여성,오프숄더 니트 스웨터,https://www.zara.com/kr/ko/%E1%84%8B%E1%85%A9%E1%84%91%E1%85%B3%E1%84%89%E1%85%AD%E1%86%AF%E1%84%83%E1%85%A5-%E1%84%82%E1%85%B5%E1%84%90%E1%85%B3-%E1%84%89%E1%85%B3%E1%84%8B%E1%85%B0%E1%84%90%E1%85%A5-p05755131.html,https://static.zara.net/assets/public/74d8/49d8/8d714026a5b0/0996fa9f0787/05755131406-e1/05755131406-e1.jpg?ts=1768999665225,"₩57,900",,,260622,라이트 블루,,,,
,false,,ZARA,상의,탑,여성,오프숄더 니트 스웨터,https://www.zara.com/kr/ko/%E1%84%8B%E1%85%A9%E1%84%91%E1%85%B3%E1%84%89%E1%85%AD%E1%86%AF%E1%84%83%E1%85%A5-%E1%84%82%E1%85%B5%E1%84%90%E1%85%B3-%E1%84%89%E1%85%B3%E1%84%8B%E1%85%B0%E1%84%90%E1%85%A5-p05755131.html,https://static.zara.net/assets/public/ee57/8f32/3d68406ab1c5/c94bc8d824d0/05755131644-p/05755131644-p.jpg?ts=1769445222779,"₩57,900",,,260622,라이트 로즈,,,,
,false,,ZARA,상의,니트,여성,엑스트라소프트 100% 울 스트라이프 스웨터,https://www.zara.com/kr/ko/%E1%84%8E%E1%85%A9%E1%84%80%E1%85%B3%E1%86%A8%E1%84%89%E1%85%A6%E1%84%89%E1%85%A1-%E1%84%89%E1%85%B3%E1%84%90%E1%85%B3%E1%84%85%E1%85%A1%E1%84%8B%E1%85%B5%E1%84%91%E1%85%B3-%E1%84%82%E1%85%B5%E1%84%90%E1%85%B3-%E1%84%89%E1%85%B3%E1%84%8B%E1%85%B0%E1%84%90%E1%85%A5-p02893011.html,https://static.zara.net/assets/public/02c1/5b49/53d64242bd1a/cd7cbf26f59c/02893011104-p/02893011104-p.jpg?ts=1770191139808,"₩79,900",,,260622,스트라이프,,,,
,false,,ZARA,상의,니트,여성,스트라이프 니트 스웨터,https://www.zara.com/kr/ko/%E1%84%89%E1%85%B3%E1%84%90%E1%85%B3%E1%84%85%E1%85%A1%E1%84%8B%E1%85%B5%E1%84%91%E1%85%B3-%E1%84%82%E1%85%B5%E1%84%90%E1%85%B3-%E1%84%89%E1%85%B3%E1%84%8B%E1%85%B0%E1%84%90%E1%85%A5-p06771008.html,https://static.zara.net/assets/public/a01d/ee18/5f14425d9749/167654259f37/06771008390-p/06771008390-p.jpg?ts=1769098891537,"₩55,900",,,260622,녹색 줄무늬,,,,
,false,,ZARA,상의,가디건,여성,스트라이프 니트 재킷,https://www.zara.com/kr/ko/%E1%84%89%E1%85%B3%E1%84%90%E1%85%B3%E1%84%85%E1%85%A1%E1%84%8B%E1%85%B5%E1%84%91%E1%85%B3-%E1%84%82%E1%85%B5%E1%84%90%E1%85%B3-%E1%84%8C%E1%85%A2%E1%84%8F%E1%85%B5%E1%86%BA-p03653113.html,https://static.zara.net/assets/public/300b/c88f/cacf4743a393/361ae8b9cba9/03653113914-p/03653113914-p.jpg?ts=1768488012080,"₩57,900",,,260622,그린,,,,
,false,,ZARA,상의,니트,여성,100% 울 엑스트라 파인 스웨터,https://www.zara.com/kr/ko/100-%E1%84%8B%E1%85%A6%E1%86%A8%E1%84%89%E1%85%B3%E1%84%90%E1%85%B3%E1%84%85%E1%85%A1-%E1%84%91%E1%85%A1%E1%84%8B%E1%85%B5%E1%86%AB-%E1%84%8B%E1%85%AE%E1%86%AF-%E1%84%89%E1%85%B3%E1%84%8B%E1%85%B0%E1%84%90%E1%85%A5-p03920196.html,https://static.zara.net/assets/public/68d5/a6de/725b4d60ac24/bf45650cfcb9/03920196500-p/03920196500-p.jpg?ts=1769095066430,"₩79,900",,,260622,초록,,,,
,false,,ZARA,상의,가디건,여성,박쥐 소매 니트 재킷,https://www.zara.com/kr/ko/%E1%84%87%E1%85%A2%E1%84%90%E1%85%B3%E1%84%8B%E1%85%B1%E1%86%BC-%E1%84%89%E1%85%B3%E1%86%AF%E1%84%85%E1%85%B5%E1%84%87%E1%85%B3-%E1%84%82%E1%85%B5%E1%84%90%E1%85%B3-%E1%84%8C%E1%85%A2%E1%84%8F%E1%85%B5%E1%86%BA-p03920269.html,https://static.zara.net/assets/public/2aa0/18b5/32694fe0a907/ac679aab3ac1/03920269401-p/03920269401-p.jpg?ts=1772802263598,"₩59,900",,,260622,네이비,,,,
,false,,ZARA,상의,탑,여성,벌룬 슬리브 리브드 니트 탑,https://www.zara.com/kr/ko/%E1%84%87%E1%85%A5%E1%86%AF%E1%84%85%E1%85%AE%E1%86%AB-%E1%84%89%E1%85%B3%E1%86%AF%E1%84%85%E1%85%B5%E1%84%87%E1%85%B3-%E1%84%85%E1%85%B5%E1%84%87%E1%85%B3%E1%84%83%E1%85%B3-%E1%84%82%E1%85%B5%E1%84%90%E1%85%B3-%E1%84%90%E1%85%A1%E1%86%B8-p00014003.html,https://static.zara.net/assets/public/2ba6/9d6a/0ec34d42891d/da317ece2178/00014003712-p/00014003712-p.jpg?ts=1770803359220,"₩55,900",,,260622,크림,,,,
,false,,ZARA,상의,탑,여성,벌룬 슬리브 리브드 니트 탑,https://www.zara.com/kr/ko/%E1%84%87%E1%85%A5%E1%86%AF%E1%84%85%E1%85%AE%E1%86%AB-%E1%84%89%E1%85%B3%E1%86%AF%E1%84%85%E1%85%B5%E1%84%87%E1%85%B3-%E1%84%85%E1%85%B5%E1%84%87%E1%85%B3%E1%84%83%E1%85%B3-%E1%84%82%E1%85%B5%E1%84%90%E1%85%B3-%E1%84%90%E1%85%A1%E1%86%B8-p00014003.html,https://static.zara.net/assets/public/6676/177b/1d2c48928c1d/1afde08def07/00014003401-p/00014003401-p.jpg?ts=1770803355812,"₩55,900",,,260622,네이비,,,,
,false,,ZARA,상의,니트,여성,울 혼방 크로스 하이넥 스웨터,https://www.zara.com/kr/ko/%E1%84%8B%E1%85%AE%E1%86%AF-%E1%84%92%E1%85%A9%E1%86%AB%E1%84%87%E1%85%A1%E1%86%BC-%E1%84%8F%E1%85%B3%E1%84%85%E1%85%A9%E1%84%89%E1%85%B3-%E1%84%92%E1%85%A1%E1%84%8B%E1%85%B5%E1%84%82%E1%85%A6%E1%86%A8-%E1%84%89%E1%85%B3%E1%84%8B%E1%85%B0%E1%84%90%E1%85%A5-p02893194.html,https://static.zara.net/assets/public/7b4d/86fc/07e64eb09638/7ff1a566a9ad/02893194712-p/02893194712-p.jpg?ts=1767870006153,"₩59,900",,,260622,크림,,,,
,false,,ZARA,상의,가디건,여성,브이넥 니트 재킷,https://www.zara.com/kr/ko/%E1%84%87%E1%85%B3%E1%84%8B%E1%85%B5%E1%84%82%E1%85%A6%E1%86%A8-%E1%84%82%E1%85%B5%E1%84%90%E1%85%B3-%E1%84%8C%E1%85%A2%E1%84%8F%E1%85%B5%E1%86%BA-p03581001.html,https://static.zara.net/assets/public/1dae/6034/8c3c4ced920d/291d23e4511a/03581001704-p/03581001704-p.jpg?ts=1769007211872,"₩59,900",,,260622,샌드,,,,
,false,,ZARA,상의,니트,여성,울 파인 니트 스웨터,https://www.zara.com/kr/ko/%E1%84%8B%E1%85%AE%E1%86%AF-%E1%84%91%E1%85%A1%E1%84%8B%E1%85%B5%E1%86%AB-%E1%84%82%E1%85%B5%E1%84%90%E1%85%B3-%E1%84%89%E1%85%B3%E1%84%8B%E1%85%B0%E1%84%90%E1%85%A5-p02142032.html,https://static.zara.net/assets/public/dce1/16f0/7e704dbf84a7/10167a476fe5/02142032914-p/02142032914-p.jpg?ts=1769780513918,"₩49,900",,,260622,그린,,,,
,false,,ZARA,상의,니트,여성,울 파인 니트 스웨터,https://www.zara.com/kr/ko/%E1%84%8B%E1%85%AE%E1%86%AF-%E1%84%91%E1%85%A1%E1%84%8B%E1%85%B5%E1%86%AB-%E1%84%82%E1%85%B5%E1%84%90%E1%85%B3-%E1%84%89%E1%85%B3%E1%84%8B%E1%85%B0%E1%84%90%E1%85%A5-p02142032.html,https://static.zara.net/assets/public/300a/a885/993b4994a569/1357437e9790/02142032712-p/02142032712-p.jpg?ts=1769693666416,"₩49,900",,,260622,크림,,,,
,false,,ZARA,상의,니트,여성,울 파인 니트 스웨터,https://www.zara.com/kr/ko/%E1%84%8B%E1%85%AE%E1%86%AF-%E1%84%91%E1%85%A1%E1%84%8B%E1%85%B5%E1%86%AB-%E1%84%82%E1%85%B5%E1%84%90%E1%85%B3-%E1%84%89%E1%85%B3%E1%84%8B%E1%85%B0%E1%84%90%E1%85%A5-p09598011.html,https://static.zara.net/assets/public/b6b2/952d/34314a2dbd6b/62195090f9d5/09598011804-p/09598011804-p.jpg?ts=1769095099438,"₩45,900",,,260622,펄 그레이,,,,
,false,,ZARA,상의,니트,여성,울 파인 니트 스웨터,https://www.zara.com/kr/ko/%E1%84%8B%E1%85%AE%E1%86%AF-%E1%84%91%E1%85%A1%E1%84%8B%E1%85%B5%E1%86%AB-%E1%84%82%E1%85%B5%E1%84%90%E1%85%B3-%E1%84%89%E1%85%B3%E1%84%8B%E1%85%B0%E1%84%90%E1%85%A5-p09598011.html,https://static.zara.net/assets/public/d0e1/bf2c/37644755b5c9/9fb012262012/09598011615-p/09598011615-p.jpg?ts=1769095099089,"₩45,900",,,260622,오렌지,,,,
,false,,ZARA,치마,스커트,여성,니트 미디 스커트,https://www.zara.com/kr/ko/%E1%84%82%E1%85%B5%E1%84%90%E1%85%B3-%E1%84%86%E1%85%B5%E1%84%83%E1%85%B5-%E1%84%89%E1%85%B3%E1%84%8F%E1%85%A5%E1%84%90%E1%85%B3-p02756142.html,https://static.zara.net/assets/public/cf60/f430/5e1c4b7893b5/97393c5715a7/02756005802-p/02756005802-p.jpg?ts=1769622969184,"₩55,900",,,260622,그레이,,,,
,false,,ZARA,상의,니트,여성,배트 슬리브 니트 스웨터,https://www.zara.com/kr/ko/%E1%84%87%E1%85%A2%E1%84%90%E1%85%B3-%E1%84%89%E1%85%B3%E1%86%AF%E1%84%85%E1%85%B5%E1%84%87%E1%85%B3-%E1%84%82%E1%85%B5%E1%84%90%E1%85%B3-%E1%84%89%E1%85%B3%E1%84%8B%E1%85%B0%E1%84%90%E1%85%A5-p09874112.html,https://static.zara.net/assets/public/a55a/8097/409f4b9da2d0/318f7309cd37/09874112526-p/09874112526-p.jpg?ts=1768230630867,"₩59,900",,,260622,라이트 그린,,,,
,false,,ZARA,상의,니트,여성,스트럭처 니트 스웨터,https://www.zara.com/kr/ko/%E1%84%89%E1%85%B3%E1%84%90%E1%85%B3%E1%84%85%E1%85%A5%E1%86%A8%E1%84%8E%E1%85%A5-%E1%84%82%E1%85%B5%E1%84%90%E1%85%B3-%E1%84%89%E1%85%B3%E1%84%8B%E1%85%B0%E1%84%90%E1%85%A5-p03500001.html,https://static.zara.net/assets/public/24b2/601b/29a742129670/e55387b75ee2/03500001072-p/03500001072-p.jpg?ts=1769688899859,"₩59,900",,,260622,아이보리-화이트,,,,
,false,,ZARA,상의,니트,여성,오버사이즈 니트 스웨터,https://www.zara.com/kr/ko/%E1%84%85%E1%85%AE%E1%84%8C%E1%85%B3%E1%84%91%E1%85%B5%E1%86%BA-%E1%84%82%E1%85%B5%E1%84%90%E1%85%B3-%E1%84%89%E1%85%B3%E1%84%8B%E1%85%B0%E1%84%90%E1%85%A5-p05755012.html,https://static.zara.net/assets/public/2ea3/d4fc/5e3840eface0/e77374caac80/08246044712-003-p/08246044712-003-p.jpg?ts=1769080220176,"₩59,900",,,260622,그레이,,,,
,false,,ZARA,상의,니트,여성,브이넥 니트 스웨터,https://www.zara.com/kr/ko/%E1%84%87%E1%85%B3%E1%84%8B%E1%85%B5%E1%84%82%E1%85%A6%E1%86%A8-%E1%84%82%E1%85%B5%E1%84%90%E1%85%B3-%E1%84%89%E1%85%B3%E1%84%8B%E1%85%B0%E1%84%90%E1%85%A5-p01509001.html,https://static.zara.net/assets/public/cd19/7b97/93e145ba8ba7/02910842f0ec/01509001250-p/01509001250-p.jpg?ts=1770901283747,"₩59,900",,,260622,화이트,,,,
,false,,ZARA,상의,니트,여성,100% 울 쇼트 슬리브 스트라이프 스웨터,https://www.zara.com/kr/ko/100-%E1%84%8B%E1%85%AE%E1%86%AF-%E1%84%89%E1%85%AD%E1%84%90%E1%85%B3-%E1%84%89%E1%85%B3%E1%86%AF%E1%84%85%E1%85%B5%E1%84%87%E1%85%B3-%E1%84%89%E1%85%B3%E1%84%90%E1%85%B3%E1%84%85%E1%85%A1%E1%84%8B%E1%85%B5%E1%84%91%E1%85%B3-%E1%84%89%E1%85%B3%E1%84%8B%E1%85%B0%E1%84%90%E1%85%A5-p03920781.html,https://static.zara.net/assets/public/8a6c/c014/a18c4a3690d9/e517aa2eeb8e/03920781055-p/03920781055-p.jpg?ts=1769177029829,"₩59,900",,,260622,"그레이,블루",,,,
,false,,ZARA,상의,니트,여성,쇼트 슬리브 니트 스웨터,https://www.zara.com/kr/ko/%E1%84%89%E1%85%AD%E1%84%90%E1%85%B3-%E1%84%89%E1%85%B3%E1%86%AF%E1%84%85%E1%85%B5%E1%84%87%E1%85%B3-%E1%84%82%E1%85%B5%E1%84%90%E1%85%B3-%E1%84%89%E1%85%B3%E1%84%8B%E1%85%B0%E1%84%90%E1%85%A5-p06236003.html,https://static.zara.net/assets/public/95f3/26fc/6f4a49a3a48f/5869651f5830/06236003615-p/06236003615-p.jpg?ts=1770917338156,"₩55,900",,,260622,오렌지,,,,
,false,,ZARA,상의,탑,여성,오프숄더 니트 스웨터,https://www.zara.com/kr/ko/%E1%84%8B%E1%85%A9%E1%84%91%E1%85%B3%E1%84%89%E1%85%AD%E1%86%AF%E1%84%83%E1%85%A5-%E1%84%82%E1%85%B5%E1%84%90%E1%85%B3-%E1%84%89%E1%85%B3%E1%84%8B%E1%85%B0%E1%84%90%E1%85%A5-p05755131.html,https://static.zara.net/assets/public/af8d/fdef/8bd345709470/1337e60ca0d3/05755131832-p/05755131832-p.jpg?ts=1756814080183,"₩57,900",,,260622,토프 그레이,,,,
,false,,ZARA,상의,니트,여성,컷아웃 볼 니트 스웨터,https://www.zara.com/kr/ko/%E1%84%8F%E1%85%A5%E1%86%BA%E1%84%8B%E1%85%A1%E1%84%8B%E1%85%AE%E1%86%BA-%E1%84%87%E1%85%A9%E1%86%AF-%E1%84%82%E1%85%B5%E1%84%90%E1%85%B3-%E1%84%89%E1%85%B3%E1%84%8B%E1%85%B0%E1%84%90%E1%85%A5-p03920779.html,https://static.zara.net/assets/public/e7e7/e38e/6f6d4052bf65/befefcb458bd/03920779800-p/03920779800-p.jpg?ts=1768567583532,"₩79,900",,,260622,블랙,,,,
,false,,ZARA,상의,니트,여성,스트라이프 니트 폴로셔츠,https://www.zara.com/kr/ko/%E1%84%89%E1%85%B3%E1%84%90%E1%85%B3%E1%84%85%E1%85%A1%E1%84%8B%E1%85%B5%E1%84%91%E1%85%B3-%E1%84%82%E1%85%B5%E1%84%90%E1%85%B3-%E1%84%91%E1%85%A9%E1%86%AF%E1%84%85%E1%85%A9%E1%84%89%E1%85%A7%E1%84%8E%E1%85%B3-p05536018.html,https://static.zara.net/assets/public/5062/8d6c/fc864c04902a/9537a3411616/05536018330-p/05536018330-p.jpg?ts=1768997415817,"₩59,900",,,260622,멀티컬러,,,,
,false,,ZARA,상의,니트,여성,캐시미어 & 울 브이넥 스웨터,https://www.zara.com/kr/ko/%E1%84%8F%E1%85%A2%E1%84%89%E1%85%B5%E1%84%86%E1%85%B5%E1%84%8B%E1%85%A5---%E1%84%8B%E1%85%AE%E1%86%AF-%E1%84%87%E1%85%B3%E1%84%8B%E1%85%B5%E1%84%82%E1%85%A6%E1%86%A8-%E1%84%89%E1%85%B3%E1%84%8B%E1%85%B0%E1%84%90%E1%85%A5-p06771147.html,https://static.zara.net/assets/public/9999/5a47/564c4a279591/5ad0b506c75d/03920955514-016-p/03920955514-016-p.jpg?ts=1764147406961,"₩169,900",,,260622,"브라운,토프",,,,
,false,,ZARA,상의,탑,여성,숄더 디테일 니트 탑,https://www.zara.com/kr/ko/%E1%84%89%E1%85%AD%E1%86%AF%E1%84%83%E1%85%A5-%E1%84%83%E1%85%B5%E1%84%90%E1%85%A6%E1%84%8B%E1%85%B5%E1%86%AF-%E1%84%82%E1%85%B5%E1%84%90%E1%85%B3-%E1%84%90%E1%85%A1%E1%86%B8-p04938006.html,https://static.zara.net/assets/public/de3d/2ce4/11964f75a5e4/3aadf9de4dd0/04938006715-p/04938006715-p.jpg?ts=1769770222158,"₩49,900",,,260622,미디움 크림,,,,
,false,,ZARA,상의,탑,여성,숄더 패드 니트 탑,https://www.zara.com/kr/ko/%E1%84%89%E1%85%AD%E1%86%AF%E1%84%83%E1%85%A5-%E1%84%91%E1%85%A2%E1%84%83%E1%85%B3-%E1%84%82%E1%85%B5%E1%84%90%E1%85%B3-%E1%84%90%E1%85%A1%E1%86%B8-p01822003.html,https://static.zara.net/assets/public/92e5/50f0/9f2d4bc9a30c/a87c19711868/01822003600-a2/01822003600-a2.jpg?ts=1769080719549,"₩57,900",,,260622,레드,,,,
,false,,ZARA,치마,스커트,여성,콤비 니트 스트레이트 스커트,https://www.zara.com/kr/ko/%E1%84%8F%E1%85%A9%E1%86%B7%E1%84%87%E1%85%B5-%E1%84%82%E1%85%B5%E1%84%90%E1%85%B3-%E1%84%89%E1%85%B3%E1%84%90%E1%85%B3%E1%84%85%E1%85%A6%E1%84%8B%E1%85%B5%E1%84%90%E1%85%B3-%E1%84%89%E1%85%B3%E1%84%8F%E1%85%A5%E1%84%90%E1%85%B3-p04192068.html,https://static.zara.net/assets/public/d42d/d657/31a748ee8011/aea2212f6560/04192068712-p/04192068712-p.jpg?ts=1771593437442,"₩59,900",,,260622,크림,,,,
,false,,ZARA,상의,가디건,여성,지퍼 니트 재킷,https://www.zara.com/kr/ko/%E1%84%8C%E1%85%B5%E1%84%91%E1%85%A5-%E1%84%82%E1%85%B5%E1%84%90%E1%85%B3-%E1%84%8C%E1%85%A2%E1%84%8F%E1%85%B5%E1%86%BA-p00014004.html,https://static.zara.net/assets/public/0779/1d80/44b9493f8637/bcde34faf309/00014004712-p/00014004712-p.jpg?ts=1770800194325,"₩99,900",,,260622,크림,,,,
,false,,ZARA,상의,탑,여성,크로스 니트 재킷,https://www.zara.com/kr/ko/%E1%84%8F%E1%85%B3%E1%84%85%E1%85%A9%E1%84%89%E1%85%B3-%E1%84%82%E1%85%B5%E1%84%90%E1%85%B3-%E1%84%8C%E1%85%A2%E1%84%8F%E1%85%B5%E1%86%BA-p02142039.html,https://static.zara.net/assets/public/45a9/67b1/2490407ab608/512b6ae674d0/02142039420-p/02142039420-p.jpg?ts=1769788004586,"₩55,900",,,260622,블루,,,,
,false,,ZARA,상의,탑,여성,비대칭 클로징 니트 재킷,https://www.zara.com/kr/ko/%E1%84%87%E1%85%B5%E1%84%83%E1%85%A2%E1%84%8E%E1%85%B5%E1%86%BC-%E1%84%8F%E1%85%B3%E1%86%AF%E1%84%85%E1%85%A9%E1%84%8C%E1%85%B5%E1%86%BC-%E1%84%82%E1%85%B5%E1%84%90%E1%85%B3-%E1%84%8C%E1%85%A2%E1%84%8F%E1%85%B5%E1%86%BA-p02142038.html,https://static.zara.net/assets/public/2cf7/25e8/ffc348a38043/bd50ca18e9c8/02142038518-p/02142038518-p.jpg?ts=1772193746020,"₩49,900",,,260622,"그린,블루",,,,
,false,,ZARA,상의,니트,여성,벌집 니트 스웨터,https://www.zara.com/kr/ko/%E1%84%87%E1%85%A5%E1%86%AF%E1%84%8C%E1%85%B5%E1%86%B8-%E1%84%82%E1%85%B5%E1%84%90%E1%85%B3-%E1%84%89%E1%85%B3%E1%84%8B%E1%85%B0%E1%84%90%E1%85%A5-p09598015.html,https://static.zara.net/assets/public/5756/de7e/bd0b43699606/4e035ead7e48/09598015712-p/09598015712-p.jpg?ts=1772015131878,"₩49,900",,,260622,크림,,,,
,false,,ZARA,상의,가디건,여성,더블 브레스트 니트 재킷,https://www.zara.com/kr/ko/%E1%84%8F%E1%85%B3%E1%84%85%E1%85%A9%E1%84%89%E1%85%B3-%E1%84%82%E1%85%B5%E1%84%90%E1%85%B3-%E1%84%8C%E1%85%A2%E1%84%8F%E1%85%B5%E1%86%BA-p02142018.html,https://static.zara.net/assets/public/8185/6e11/eaf846d6b818/d74cd75f6556/02142018806-p/02142018806-p.jpg?ts=1769770200747,"₩57,900",,,260622,스톤,,,,
,false,,ZARA,상의,니트,여성,울 파인 니트 스웨터,https://www.zara.com/kr/ko/%E1%84%8B%E1%85%AE%E1%86%AF-%E1%84%91%E1%85%A1%E1%84%8B%E1%85%B5%E1%86%AB-%E1%84%82%E1%85%B5%E1%84%90%E1%85%B3-%E1%84%89%E1%85%B3%E1%84%8B%E1%85%B0%E1%84%90%E1%85%A5-p02142032.html,https://static.zara.net/assets/public/aa3a/952a/5f3248e28af1/8c7233afe2f3/02142032330-p/02142032330-p.jpg?ts=1769780487386,"₩49,900",,,260622,멀티컬러,,,,
,false,,ZARA,원피스,원피스,여성,오프숄더 니트 원피스,https://www.zara.com/kr/ko/%E1%84%83%E1%85%B3%E1%84%85%E1%85%A9%E1%86%B8-%E1%84%89%E1%85%AD%E1%86%AF%E1%84%83%E1%85%A5-%E1%84%82%E1%85%B5%E1%84%90%E1%85%B3-%E1%84%8B%E1%85%AF%E1%86%AB%E1%84%91%E1%85%B5%E1%84%89%E1%85%B3-p09598014.html,https://static.zara.net/assets/public/6284/26f8/6bf245deb85d/eb7cf406956e/09598014600-p/09598014600-p.jpg?ts=1769098195632,"₩79,900",,,260622,레드,,,,
,false,,ZARA,원피스,원피스,여성,벌룬 슬리브 립 니트 미니 원피스,https://www.zara.com/kr/ko/%E1%84%87%E1%85%A5%E1%86%AF%E1%84%85%E1%85%AE%E1%86%AB-%E1%84%89%E1%85%B3%E1%86%AF%E1%84%85%E1%85%B5%E1%84%87%E1%85%B3-%E1%84%85%E1%85%B5%E1%86%B8-%E1%84%82%E1%85%B5%E1%84%90%E1%85%B3-%E1%84%86%E1%85%B5%E1%84%82%E1%85%B5-%E1%84%8B%E1%85%AF%E1%86%AB%E1%84%91%E1%85%B5%E1%84%89%E1%85%B3-p00014002.html,https://static.zara.net/assets/public/b0a5/6f76/2b6a4b9bb661/7978042be56b/00014002712-p/00014002712-p.jpg?ts=1770803354836,"₩59,900",,,260622,크림,,,,
,false,,ZARA,아우터,코트,여성,지퍼 니트 재킷,https://www.zara.com/kr/ko/%E1%84%8C%E1%85%B5%E1%84%91%E1%85%A5-%E1%84%82%E1%85%B5%E1%84%90%E1%85%B3-%E1%84%8C%E1%85%A2%E1%84%8F%E1%85%B5%E1%86%BA-p02142010.html,https://static.zara.net/assets/public/0229/0d4b/d33b49a0a0e8/ea92f2887086/02142010330-p/02142010330-p.jpg?ts=1769787999413,"₩129,900",,,260622,멀티컬러,,,,
,false,,ZARA,상의,탑,여성,반소매 숄더 패드 니트 스웨터,https://www.zara.com/kr/ko/%E1%84%87%E1%85%A1%E1%86%AB%E1%84%91%E1%85%A1%E1%86%AF-%E1%84%89%E1%85%AD%E1%86%AF%E1%84%83%E1%85%A5-%E1%84%91%E1%85%A2%E1%84%83%E1%85%B3-%E1%84%82%E1%85%B5%E1%84%90%E1%85%B3-%E1%84%89%E1%85%B3%E1%84%8B%E1%85%B0%E1%84%90%E1%85%A5-p09598013.html,https://static.zara.net/assets/public/aa75/8811/864e41d3b7f4/93e3d09b6caf/09598013725-p/09598013725-p.jpg?ts=1769445222583,"₩59,900",,,260622,버터,,,,
,false,,ZARA,상의,가디건,여성,케이블 니트 재킷,https://www.zara.com/kr/ko/%E1%84%8F%E1%85%A6%E1%84%8B%E1%85%B5%E1%84%87%E1%85%B3%E1%86%AF-%E1%84%82%E1%85%B5%E1%84%90%E1%85%B3-%E1%84%8C%E1%85%A2%E1%84%8F%E1%85%B5%E1%86%BA-p04192010.html,https://static.zara.net/assets/public/67a7/17b7/e74b4b5a9315/e3731993ac96/04192010712-p/04192010712-p.jpg?ts=1768488022106,"₩59,900",,,260622,크림,,,,
,false,,ZARA,상의,니트,여성,브이넥 니트 스웨터,https://www.zara.com/kr/ko/%E1%84%87%E1%85%B3%E1%84%8B%E1%85%B5%E1%84%82%E1%85%A6%E1%86%A8-%E1%84%82%E1%85%B5%E1%84%90%E1%85%B3-%E1%84%89%E1%85%B3%E1%84%8B%E1%85%B0%E1%84%90%E1%85%A5-p02756019.html,https://static.zara.net/assets/public/96c4/2893/908148b08277/e3c866dd9f0a/02756019912-p/02756019912-p.jpg?ts=1769177500221,"₩59,900",,,260622,라이트 그린,,,,
,false,,ZARA,상의,니트,여성,깊은 네크라인 니트 스웨터,https://www.zara.com/kr/ko/%E1%84%80%E1%85%B5%E1%87%81%E1%84%8B%E1%85%B3%E1%86%AB-%E1%84%82%E1%85%A6%E1%84%8F%E1%85%B3%E1%84%85%E1%85%A1%E1%84%8B%E1%85%B5%E1%86%AB-%E1%84%82%E1%85%B5%E1%84%90%E1%85%B3-%E1%84%89%E1%85%B3%E1%84%8B%E1%85%B0%E1%84%90%E1%85%A5-p02756026.html,https://static.zara.net/assets/public/195e/58a1/4b2240029234/b39395ec00da/02756026802-000-p/master.m3u8?ts=1769071540185,"₩59,900",,,260622,그레이,,,,
,false,,ZARA,상의,니트,여성,딥 네크라인 니트 스웨터,https://www.zara.com/kr/ko/%E1%84%80%E1%85%B5%E1%87%81%E1%84%8B%E1%85%B3%E1%86%AB-%E1%84%82%E1%85%A6%E1%84%8F%E1%85%B3%E1%84%85%E1%85%A1%E1%84%8B%E1%85%B5%E1%86%AB-%E1%84%82%E1%85%B5%E1%84%90%E1%85%B3-%E1%84%89%E1%85%B3%E1%84%8B%E1%85%B0%E1%84%90%E1%85%A5-p02756026.html,https://static.zara.net/assets/public/60fa/5828/9cbb47c59aa0/ca30b006146f/02756026600-ult1/02756026600-ult1.jpg?ts=1768835440732,"₩59,900",,,260622,레드,,,,
,false,,ZARA,상의,니트,여성,후드 니트 스웨터,https://www.zara.com/kr/ko/%E1%84%92%E1%85%AE%E1%84%83%E1%85%B3-%E1%84%82%E1%85%B5%E1%84%90%E1%85%B3-%E1%84%89%E1%85%B3%E1%84%8B%E1%85%B0%E1%84%90%E1%85%A5-p03920080.html,https://static.zara.net/assets/public/0848/82f1/d449456a9f7f/c8247cfab617/03920080420-p/03920080420-p.jpg?ts=1768411979620,"₩55,900",,,260622,블루,,,,
,false,,ZARA,상의,니트,여성,울 파인 니트 폴로셔츠,https://www.zara.com/kr/ko/%E1%84%8B%E1%85%AE%E1%86%AF-%E1%84%91%E1%85%A1%E1%84%8B%E1%85%B5%E1%86%AB-%E1%84%82%E1%85%B5%E1%84%90%E1%85%B3-%E1%84%91%E1%85%A9%E1%86%AF%E1%84%85%E1%85%A9%E1%84%89%E1%85%A7%E1%84%8E%E1%85%B3-p09598010.html,https://static.zara.net/assets/public/2dd5/5ade/8c3a41b897af/cc1b0a3993db/09598010401-p/09598010401-p.jpg?ts=1769007235843,"₩55,900",,,260622,네이비,,,,
,false,,ZARA,상의,니트,여성,울 파인 니트 폴로셔츠,https://www.zara.com/kr/ko/%E1%84%8B%E1%85%AE%E1%86%AF-%E1%84%91%E1%85%A1%E1%84%8B%E1%85%B5%E1%86%AB-%E1%84%82%E1%85%B5%E1%84%90%E1%85%B3-%E1%84%91%E1%85%A9%E1%86%AF%E1%84%85%E1%85%A9%E1%84%89%E1%85%A7%E1%84%8E%E1%85%B3-p09598010.html,https://static.zara.net/assets/public/e1b3/a2ab/956b4338a84f/e3ca5ead08e8/09598010520-p/09598010520-p.jpg?ts=1769007238859,"₩55,900",,,260622,라임,,,,
,false,,ZARA,상의,가디건,여성,주얼리 넥 울 재킷,https://www.zara.com/kr/ko/%E1%84%8B%E1%85%AE%E1%86%AF-%E1%84%8C%E1%85%AE%E1%84%8B%E1%85%A5%E1%86%AF%E1%84%85%E1%85%B5-%E1%84%8F%E1%85%A1%E1%86%AF%E1%84%85%E1%85%A1-%E1%84%8C%E1%85%A2%E1%84%8F%E1%85%B5%E1%86%BA-p03920057.html,https://static.zara.net/assets/public/9cf5/fa0f/926447ff83e8/8ce5ebd3e158/03920057712-p/03920057712-p.jpg?ts=1769176183400,"₩59,900",,,260622,크림,,,,
,false,,ZARA,상의,니트,여성,버튼 스트라이프 스웨터,https://www.zara.com/kr/ko/%E1%84%89%E1%85%B3%E1%84%90%E1%85%B3%E1%84%85%E1%85%A1%E1%84%8B%E1%85%B5%E1%84%91%E1%85%B3-%E1%84%87%E1%85%A5%E1%84%90%E1%85%B3%E1%86%AB-%E1%84%89%E1%85%B3%E1%84%8B%E1%85%B0%E1%84%90%E1%85%A5-p09325101.html,https://static.zara.net/assets/public/797c/20e2/6058414295d0/b9286b20997e/09325101043-1-p/09325101043-1-p.jpg?ts=1772017250796,"₩49,900",,,260622,"네이비,화이트",,,,
,false,,ZARA,상의,니트,여성,100% 캐시미어 스웨터,https://www.zara.com/kr/ko/100-%E1%84%8F%E1%85%A2%E1%84%89%E1%85%B5%E1%84%86%E1%85%B5%E1%84%8B%E1%85%A5-%E1%84%89%E1%85%B3%E1%84%8B%E1%85%B0%E1%84%90%E1%85%A5-p02893121.html,https://static.zara.net/assets/public/d810/0d69/85ab4cc6913b/38ec6a6ed97e/02893121807-p/02893121807-p.jpg?ts=1761062032696,"₩189,900",,,260622,콜 그레이,,,,
,false,,ZARA,상의,니트,여성,100% 울 와이드 슬리브 스웨터,https://www.zara.com/kr/ko/100-%E1%84%8B%E1%85%AE%E1%86%AF-%E1%84%8B%E1%85%AA%E1%84%8B%E1%85%B5%E1%84%83%E1%85%B3-%E1%84%89%E1%85%B3%E1%86%AF%E1%84%85%E1%85%B5%E1%84%87%E1%85%B3-%E1%84%89%E1%85%B3%E1%84%8B%E1%85%B0%E1%84%90%E1%85%A5-p02893012.html,https://static.zara.net/assets/public/d905/7e85/fd5c4afc84f0/8322993f76d4/02893012420-p/02893012420-p.jpg?ts=1768230607582,"₩89,900",,,260622,블루,,,,
,false,,ZARA,상의,니트,여성,울 콤비 스웨터,https://www.zara.com/kr/ko/%E1%84%8B%E1%85%AE%E1%86%AF-%E1%84%8F%E1%85%A9%E1%86%B7%E1%84%87%E1%85%B5-%E1%84%89%E1%85%B3%E1%84%8B%E1%85%B0%E1%84%90%E1%85%A5-p05755008.html,https://static.zara.net/assets/public/7bae/c145/72e94f96b640/0f268ff98915/05755008401-p/05755008401-p.jpg?ts=1769533434180,"₩59,900",,,260622,네이비,,,,
,false,,ZARA,상의,니트,여성,100% 울 쇼트 슬리브 스웨터,https://www.zara.com/kr/ko/100-%E1%84%8B%E1%85%AE%E1%86%AF-%E1%84%89%E1%85%AD%E1%84%90%E1%85%B3-%E1%84%89%E1%85%B3%E1%86%AF%E1%84%85%E1%85%B5%E1%84%87%E1%85%B3-%E1%84%89%E1%85%B3%E1%84%8B%E1%85%B0%E1%84%90%E1%85%A5-p09598008.html,https://static.zara.net/assets/public/e421/4d23/750644848843/1567585981f4/09598008300-p/09598008300-p.jpg?ts=1768324892567,"₩59,900",,,260622,노랑,,,,
,false,,ZARA,바지,슬랙스,여성,레이스 파인 니트 팬츠,https://www.zara.com/kr/ko/%E1%84%85%E1%85%A6%E1%84%8B%E1%85%B5%E1%84%89%E1%85%B3-%E1%84%91%E1%85%A1%E1%84%8B%E1%85%B5%E1%86%AB-%E1%84%82%E1%85%B5%E1%84%90%E1%85%B3-%E1%84%91%E1%85%A2%E1%86%AB%E1%84%8E%E1%85%B3-p01223139.html,https://static.zara.net/assets/public/378f/32c3/bda94af19e7f/bedc3e434085/01223139712-p/01223139712-p.jpg?ts=1774435758811,"₩59,900",,,260622,크림,,,,
,false,,ZARA,상의,니트,여성,울 콤비 스웨터,https://www.zara.com/kr/ko/%E1%84%8B%E1%85%AE%E1%86%AF-%E1%84%8F%E1%85%A9%E1%86%B7%E1%84%87%E1%85%B5-%E1%84%89%E1%85%B3%E1%84%8B%E1%85%B0%E1%84%90%E1%85%A5-p05755008.html,https://static.zara.net/assets/public/6be0/3ce9/cd924042a6f2/01184a2d0d5f/05755008722-a4/05755008722-a4.jpg?ts=1769533434422,"₩59,900",,,260622,그레이 밍크,,,,
,false,,ZARA,상의,니트,여성,아가일 니트 스웨터,https://www.zara.com/kr/ko/%E1%84%8B%E1%85%A1%E1%84%80%E1%85%A1%E1%84%8B%E1%85%B5%E1%86%AF-%E1%84%82%E1%85%B5%E1%84%90%E1%85%B3-%E1%84%89%E1%85%B3%E1%84%8B%E1%85%B0%E1%84%90%E1%85%A5-p05755052.html,https://static.zara.net/assets/public/37f8/123f/0e504edc9cdb/a9d238d7a671/05755052401-p/05755052401-p.jpg?ts=1766998199554,"₩59,900",,,260622,네이비,,,,
,false,,ZARA,원피스,원피스,여성,브이넥 니트 미디 원피스,https://www.zara.com/kr/ko/%E1%84%87%E1%85%B3%E1%84%8B%E1%85%B5%E1%84%82%E1%85%A6%E1%86%A8-%E1%84%82%E1%85%B5%E1%84%90%E1%85%B3-%E1%84%86%E1%85%B5%E1%84%83%E1%85%B5-%E1%84%8B%E1%85%AF%E1%86%AB%E1%84%91%E1%85%B5%E1%84%89%E1%85%B3-p02756018.html,https://static.zara.net/assets/public/e13f/e812/19cf4847b0de/566bb20637fe/02756018802-p/02756018802-p.jpg?ts=1768921651582,"₩89,900",,,260622,그레이,,,,
,false,,ZARA,상의,가디건,여성,콤비 니트 재킷,https://www.zara.com/kr/ko/%E1%84%8F%E1%85%A9%E1%86%B7%E1%84%87%E1%85%B5-%E1%84%82%E1%85%B5%E1%84%90%E1%85%B3-%E1%84%8C%E1%85%A2%E1%84%8F%E1%85%B5%E1%86%BA-p03920052.html,https://static.zara.net/assets/public/a34e/fce8/5cde48bd9cf0/21324b44b491/03920052401-p/03920052401-p.jpg?ts=1767965242052,"₩57,900",,,260622,네이비,,,,
,false,,ZARA,상의,가디건,여성,콤비 니트 재킷,https://www.zara.com/kr/ko/%E1%84%8F%E1%85%A9%E1%86%B7%E1%84%87%E1%85%B5-%E1%84%82%E1%85%B5%E1%84%90%E1%85%B3-%E1%84%8C%E1%85%A2%E1%84%8F%E1%85%B5%E1%86%BA-p03920051.html,https://static.zara.net/assets/public/01ce/f93a/8840484e966c/05496730c108/03920051700-p/03920051700-p.jpg?ts=1768566434151,"₩55,900",,,260622,브라운,,,,
,false,,ZARA,상의,니트,여성,컷아웃 니트 스웨터,https://www.zara.com/kr/ko/%E1%84%8F%E1%85%A5%E1%86%BA%E1%84%8B%E1%85%A1%E1%84%8B%E1%85%AE%E1%86%BA-%E1%84%82%E1%85%B5%E1%84%90%E1%85%B3-%E1%84%89%E1%85%B3%E1%84%8B%E1%85%B0%E1%84%90%E1%85%A5-p05755014.html,https://static.zara.net/assets/public/f4e3/5516/01ae435ca3d1/5e49c0a7c92a/05755014700-p/05755014700-p.jpg?ts=1769443064849,"₩55,900",,,260622,브라운,,,,
,false,,ZARA,상의,니트,여성,주얼리 비즈 니트 스웨터,https://www.zara.com/kr/ko/%E1%84%8C%E1%85%AE%E1%84%8B%E1%85%A5%E1%86%AF%E1%84%85%E1%85%B5-%E1%84%87%E1%85%B5%E1%84%8C%E1%85%B3-%E1%84%82%E1%85%A6%E1%86%A8-%E1%84%82%E1%85%B5%E1%84%90%E1%85%B3-%E1%84%89%E1%85%B3%E1%84%8B%E1%85%B0%E1%84%90%E1%85%A5-p03920046.html,https://static.zara.net/assets/public/a630/9894/5f4e440c9129/8f36fbde0095/03920046700-p/03920046700-p.jpg?ts=1766501222094,"₩79,900",,,260622,브라운,,,,
,false,,ZARA,기타,WAISTCOAT,여성,리브드 니트 베스트,https://www.zara.com/kr/ko/%E1%84%85%E1%85%B5%E1%84%87%E1%85%B3%E1%84%83%E1%85%B3-%E1%84%82%E1%85%B5%E1%84%90%E1%85%B3-%E1%84%87%E1%85%A6%E1%84%89%E1%85%B3%E1%84%90%E1%85%B3-p06771113.html,https://static.zara.net/assets/public/b47f/140b/49fc47d2b7cf/41b7b0ac852f/06771113500-p/06771113500-p.jpg?ts=1767948358656,"₩49,900",,,260622,초록,,,,
,false,,ZARA,상의,탑,여성,레이스 스트랩 니트 탑,https://www.zara.com/kr/ko/%E1%84%85%E1%85%A6%E1%84%8B%E1%85%B5%E1%84%89%E1%85%B3-%E1%84%82%E1%85%B5%E1%84%90%E1%85%B3-%E1%84%89%E1%85%B3%E1%84%90%E1%85%B3%E1%84%85%E1%85%A2%E1%86%B8-%E1%84%90%E1%85%A1%E1%86%B8-p01223126.html,https://static.zara.net/assets/public/88bb/755d/6fb94da59a8d/d044796f65cf/01223126802-p/01223126802-p.jpg?ts=1772018577694,"₩59,900",,,260622,그레이,,,,
,false,,ZARA,상의,니트,여성,포플린 콤비 니트 스웨터,https://www.zara.com/kr/ko/%E1%84%91%E1%85%A9%E1%84%91%E1%85%B3%E1%86%AF%E1%84%85%E1%85%B5%E1%86%AB-%E1%84%8F%E1%85%A9%E1%86%B7%E1%84%87%E1%85%B5-%E1%84%82%E1%85%B5%E1%84%90%E1%85%B3-%E1%84%89%E1%85%B3%E1%84%8B%E1%85%B0%E1%84%90%E1%85%A5-p01957112.html,https://static.zara.net/assets/public/d672/ff22/c299467596ad/5b997845d148/01957112096-p/01957112096-p.jpg?ts=1759490820732,"₩89,900",,,260622,"화이트,그레이",,,,
,false,,ZARA,상의,니트,여성,라펠 칼라 니트 스웨터,https://www.zara.com/kr/ko/%E1%84%85%E1%85%A1%E1%84%91%E1%85%A6%E1%86%AF-%E1%84%8F%E1%85%A1%E1%86%AF%E1%84%85%E1%85%A1-%E1%84%82%E1%85%B5%E1%84%90%E1%85%B3-%E1%84%89%E1%85%B3%E1%84%8B%E1%85%B0%E1%84%90%E1%85%A5-p02756141.html,https://static.zara.net/assets/public/743f/4f37/51574d468041/7d2bb496181c/02756141081-p/02756141081-p.jpg?ts=1757073794756,"₩59,900",,,260622,"샌드,그레이",,,,
,false,,ZARA,상의,가디건,여성,러플 니트 재킷,https://www.zara.com/kr/ko/%E1%84%91%E1%85%B3%E1%84%85%E1%85%B5%E1%86%AF-%E1%84%82%E1%85%B5%E1%84%90%E1%85%B3-%E1%84%8C%E1%85%A2%E1%84%8F%E1%85%B5%E1%86%BA-p02756115.html,https://static.zara.net/assets/public/77b1/25ff/e6bc42e183ea/06f8ccd18abe/02756115706-p/02756115706-p.jpg?ts=1762952370988,"₩57,900",,,260622,밍크,,,,
,false,,ZARA,치마,스커트,여성,니트 미디 스커트,https://www.zara.com/kr/ko/%E1%84%82%E1%85%B5%E1%84%90%E1%85%B3-%E1%84%86%E1%85%B5%E1%84%83%E1%85%B5-%E1%84%89%E1%85%B3%E1%84%8F%E1%85%A5%E1%84%90%E1%85%B3-p02756142.html,https://static.zara.net/assets/public/79cf/76e1/f6d44236954d/af649c33c641/02756142081-p/02756142081-p.jpg?ts=1757073800326,"₩55,900",,,260622,"샌드,그레이",,,,
,false,,ZARA,아우터,코트,여성,트임 슬리브 니트 재킷,https://www.zara.com/kr/ko/%E1%84%89%E1%85%A9%E1%84%86%E1%85%A2-%E1%84%90%E1%85%B3%E1%84%8B%E1%85%B5%E1%86%B7-%E1%84%82%E1%85%B5%E1%84%90%E1%85%B3-%E1%84%8C%E1%85%A2%E1%84%8F%E1%85%B5%E1%86%BA-p02756146.html,https://static.zara.net/assets/public/e4d4/dc14/1aa040ee9ca2/8ffb5cca18c0/02756146811-a1/02756146811-a1.jpg?ts=1760440939020,"₩109,900",,,260622,라이트 그레이,,,,
,false,,ZARA,기타,WAISTCOAT,여성,울 프릴 베스트,https://www.zara.com/kr/ko/%E1%84%8B%E1%85%AE%E1%86%AF-%E1%84%91%E1%85%B3%E1%84%85%E1%85%B5%E1%86%AF-%E1%84%87%E1%85%A6%E1%84%89%E1%85%B3%E1%84%90%E1%85%B3-p04938119.html,https://static.zara.net/assets/public/4df4/f89f/935e467792b9/1fd9a7ecc7dd/04938119500-p/04938119500-p.jpg?ts=1767111309500,"₩59,900",,,260622,초록,,,,
,false,,ZARA,상의,니트,여성,100% 엑스트라 소프트 울 스웨터,https://www.zara.com/kr/ko/100-%E1%84%8B%E1%85%A6%E1%86%A8%E1%84%89%E1%85%B3%E1%84%90%E1%85%B3%E1%84%85%E1%85%A1-%E1%84%89%E1%85%A9%E1%84%91%E1%85%B3%E1%84%90%E1%85%B3-%E1%84%8B%E1%85%AE%E1%86%AF-%E1%84%89%E1%85%B3%E1%84%8B%E1%85%B0%E1%84%90%E1%85%A5-p09598104.html,https://static.zara.net/assets/public/a9f6/84dc/e1ba4d71bd1f/b6d97f5a4235/09598104500-p/09598104500-p.jpg?ts=1765982230980,"₩89,900",,,260622,초록,,,,
,false,,ZARA,기타,WAISTCOAT,여성,울 프릴 베스트,https://www.zara.com/kr/ko/%E1%84%8B%E1%85%AE%E1%86%AF-%E1%84%91%E1%85%B3%E1%84%85%E1%85%B5%E1%86%AF-%E1%84%87%E1%85%A6%E1%84%89%E1%85%B3%E1%84%90%E1%85%B3-p04938119.html,https://static.zara.net/assets/public/4f66/ee62/549241f6ad6a/af05db8c55a6/04938119743-p/04938119743-p.jpg?ts=1760531148953,"₩59,900",,,260622,라이트 카멜,,,,
,false,,ZARA,기타,WAISTCOAT,여성,버튼 니트 베스트,https://www.zara.com/kr/ko/%E1%84%87%E1%85%A5%E1%84%90%E1%85%B3%E1%86%AB-%E1%84%82%E1%85%B5%E1%84%90%E1%85%B3-%E1%84%87%E1%85%A6%E1%84%89%E1%85%B3%E1%84%90%E1%85%B3-p05536005.html,https://static.zara.net/assets/public/cea8/1b47/e6c540ffbb4a/da2f89cf1ae1/05536005802-p/05536005802-p.jpg?ts=1767009840710,"₩59,900",,,260622,그레이,,,,
,false,,ZARA,상의,니트,여성,울 스트라이프 스웨터,https://www.zara.com/kr/ko/%E1%84%8B%E1%85%AE%E1%86%AF-%E1%84%89%E1%85%B3%E1%84%90%E1%85%B3%E1%84%85%E1%85%A1%E1%84%8B%E1%85%B5%E1%84%91%E1%85%B3-%E1%84%89%E1%85%B3%E1%84%8B%E1%85%B0%E1%84%90%E1%85%A5-p02142002.html,https://static.zara.net/assets/public/2d52/7f2a/72df447688d1/1e9f5c225ee5/02142002620-p/02142002620-p.jpg?ts=1768565137557,"₩55,900",,,260622,로즈핑크,,,,
,false,,ZARA,상의,니트,여성,콤비 니트 스웨터,https://www.zara.com/kr/ko/%E1%84%8F%E1%85%A9%E1%86%B7%E1%84%87%E1%85%B5-%E1%84%82%E1%85%B5%E1%84%90%E1%85%B3-%E1%84%89%E1%85%B3%E1%84%8B%E1%85%B0%E1%84%90%E1%85%A5-p02142028.html,https://static.zara.net/assets/public/2c5d/b12d/abec4cc3bc0a/bfa764a343e9/02142028519-p/02142028519-p.jpg?ts=1767774290069,"₩79,900",,,260622,워싱 그린,,,,
,false,,ZARA,상의,니트,여성,볼 디테일 니트 스웨터,https://www.zara.com/kr/ko/%E1%84%87%E1%85%A9%E1%86%AF-%E1%84%83%E1%85%B5%E1%84%90%E1%85%A6%E1%84%8B%E1%85%B5%E1%86%AF-%E1%84%82%E1%85%B5%E1%84%90%E1%85%B3-%E1%84%89%E1%85%B3%E1%84%8B%E1%85%B0%E1%84%90%E1%85%A5-p03920890.html,https://static.zara.net/assets/public/fb2d/8811/505f405f9f2e/43e14aca516e/03920890712-p/03920890712-p.jpg?ts=1765796117462,"₩59,900",,,260622,크림,,,,
,false,,ZARA,상의,탑,여성,레이스 니트 탑,https://www.zara.com/kr/ko/%E1%84%85%E1%85%A6%E1%84%8B%E1%85%B5%E1%84%89%E1%85%B3-%E1%84%82%E1%85%B5%E1%84%90%E1%85%B3-%E1%84%90%E1%85%A1%E1%86%B8-p01223125.html,https://static.zara.net/assets/public/a75b/2bed/1f9140be8745/cc63c45ea753/01223125712-p/01223125712-p.jpg?ts=1772018577640,"₩59,900",,,260622,크림,,,,
,false,,ZARA,치마,스커트,여성,시퀸 트임 미디 스커트,https://www.zara.com/kr/ko/%E1%84%89%E1%85%B5%E1%84%8F%E1%85%B1%E1%86%AB-%E1%84%90%E1%85%B3%E1%84%8B%E1%85%B5%E1%86%B7-%E1%84%86%E1%85%B5%E1%84%83%E1%85%B5-%E1%84%89%E1%85%B3%E1%84%8F%E1%85%A5%E1%84%90%E1%85%B3-p01758129.html,https://static.zara.net/assets/public/1448/3046/5bb0460b89cf/cf6735a8f81b/01758129812-a1/01758129812-a1.jpg?ts=1772626782647,"₩129,900",,,260622,그레이,,,,
,false,,ZARA,상의,탑,여성,숄더 디테일 니트 베스트,https://www.zara.com/kr/ko/%E1%84%89%E1%85%AD%E1%86%AF%E1%84%83%E1%85%A5-%E1%84%83%E1%85%B5%E1%84%90%E1%85%A6%E1%84%8B%E1%85%B5%E1%86%AF-%E1%84%82%E1%85%B5%E1%84%90%E1%85%B3-%E1%84%87%E1%85%A6%E1%84%89%E1%85%B3%E1%84%90%E1%85%B3-p04192012.html,https://static.zara.net/assets/public/20cb/219d/29a146bba131/cdd54986be6b/04192012400-e1/04192012400-e1.jpg?ts=1768560221067,"₩55,900",,,260622,블루,,,,
,false,,ZARA,상의,니트,여성,드로스트링 니트 스웨터,https://www.zara.com/kr/ko/%E1%84%83%E1%85%B3%E1%84%85%E1%85%A9%E1%84%89%E1%85%B3%E1%84%90%E1%85%B3%E1%84%85%E1%85%B5%E1%86%BC-%E1%84%82%E1%85%B5%E1%84%90%E1%85%B3-%E1%84%89%E1%85%B3%E1%84%8B%E1%85%B0%E1%84%90%E1%85%A5-p02488002.html,https://static.zara.net/assets/public/c56c/95f9/491e494f905f/e65425263996/02488002802-p/02488002802-p.jpg?ts=1769176179502,"₩79,900",,,260622,그레이,,,,
,false,,ZARA,상의,니트,여성,스트라이프 콤비 니트 폴로셔츠,https://www.zara.com/kr/ko/%E1%84%8F%E1%85%A9%E1%86%B7%E1%84%87%E1%85%B5-%E1%84%89%E1%85%B3%E1%84%90%E1%85%B3%E1%84%85%E1%85%A1%E1%84%8B%E1%85%B5%E1%84%91%E1%85%B3-%E1%84%82%E1%85%B5%E1%84%90%E1%85%B3-%E1%84%91%E1%85%A9%E1%86%AF%E1%84%85%E1%85%A9%E1%84%89%E1%85%A7%E1%84%8E%E1%85%B3-p02142003.html,https://static.zara.net/assets/public/f4ac/cfce/2ff5461d9af7/25259b5fc170/02142003330-p/02142003330-p.jpg?ts=1767888720303,"₩59,900",,,260622,멀티컬러,,,,
,false,,ZARA,상의,가디건,여성,믹스 소재 벨트 니트 재킷,https://www.zara.com/kr/ko/%E1%84%86%E1%85%B5%E1%86%A8%E1%84%89%E1%85%B3-%E1%84%89%E1%85%A9%E1%84%8C%E1%85%A2-%E1%84%87%E1%85%A6%E1%86%AF%E1%84%90%E1%85%B3-%E1%84%82%E1%85%B5%E1%84%90%E1%85%B3-%E1%84%8C%E1%85%A2%E1%84%8F%E1%85%B5%E1%86%BA-p02142027.html,https://static.zara.net/assets/public/712f/8e71/4645407ba2c4/85339cf1ce84/02142027803-a4/02142027803-a4.jpg?ts=1768488007836,"₩79,900",,,260622,그레이,,,,
,false,,ZARA,상의,니트,여성,스트라이프 니트 스웨터,https://www.zara.com/kr/ko/%E1%84%87%E1%85%A5%E1%84%90%E1%85%B3%E1%86%AB-%E1%84%82%E1%85%B5%E1%84%90%E1%85%B3-%E1%84%89%E1%85%B3%E1%84%8B%E1%85%B0%E1%84%90%E1%85%A5-p09598006.html,https://static.zara.net/assets/public/a0dd/2545/a35048a5bacf/c61335178721/09598006330-p/09598006330-p.jpg?ts=1767965269220,"₩49,900",,,260622,멀티컬러,,,,
,false,,ZARA,상의,니트,여성,스트라이프 니트 스웨터,https://www.zara.com/kr/ko/%E1%84%89%E1%85%B3%E1%84%90%E1%85%B3%E1%84%85%E1%85%A1%E1%84%8B%E1%85%B5%E1%84%91%E1%85%B3-%E1%84%82%E1%85%B5%E1%84%90%E1%85%B3-%E1%84%89%E1%85%B3%E1%84%8B%E1%85%B0%E1%84%90%E1%85%A5-p09598005.html,https://static.zara.net/assets/public/d1d4/b327/9885442eb15c/4974c9ff6414/09598005330-a1/09598005330-a1.jpg?ts=1767965264755,"₩49,900",,,260622,멀티컬러,,,,
,false,,ZARA,상의,니트,여성,롱 니트 스웨터,https://www.zara.com/kr/ko/%E1%84%85%E1%85%A9%E1%86%BC-%E1%84%82%E1%85%B5%E1%84%90%E1%85%B3-%E1%84%89%E1%85%B3%E1%84%8B%E1%85%B0%E1%84%90%E1%85%A5-p05755005.html,https://static.zara.net/assets/public/152e/3406/5efc4778b468/47124c6e8d66/05755005502-p/05755005502-p.jpg?ts=1769177505451,"₩59,900",,,260622,짙은 녹색,,,,
,false,,ZARA,치마,스커트,여성,니트 미디 스커트,https://www.zara.com/kr/ko/%E1%84%82%E1%85%B5%E1%84%90%E1%85%B3-%E1%84%86%E1%85%B5%E1%84%83%E1%85%B5-%E1%84%89%E1%85%B3%E1%84%8F%E1%85%A5%E1%84%90%E1%85%B3-p05755006.html,https://static.zara.net/assets/public/cba7/cda2/b2674d41b9e6/1dde7ab66193/05755006502-p/05755006502-p.jpg?ts=1769177506214,"₩59,900",,,260622,짙은 녹색,,,,
,false,,ZARA,상의,탑,여성,쇼트 슬리브 소프트 터치 니트 스웨터,https://www.zara.com/kr/ko/%E1%84%89%E1%85%AD%E1%84%90%E1%85%B3-%E1%84%89%E1%85%B3%E1%86%AF%E1%84%85%E1%85%B5%E1%84%87%E1%85%B3-%E1%84%89%E1%85%A9%E1%84%91%E1%85%B3%E1%84%90%E1%85%B3-%E1%84%90%E1%85%A5%E1%84%8E%E1%85%B5-%E1%84%82%E1%85%B5%E1%84%90%E1%85%B3-%E1%84%89%E1%85%B3%E1%84%8B%E1%85%B0%E1%84%90%E1%85%A5-p05755130.html,https://static.zara.net/assets/public/8b4c/ee93/178446c18b45/80f910d6b388/05755130406-p/05755130406-p.jpg?ts=1768566702791,"₩49,900",,,260622,라이트 블루,,,,
,false,,ZARA,상의,니트,여성,포플린 콤비 니트 스웨터,https://www.zara.com/kr/ko/%E1%84%91%E1%85%A9%E1%84%91%E1%85%B3%E1%86%AF%E1%84%85%E1%85%B5%E1%86%AB-%E1%84%8F%E1%85%A9%E1%86%B7%E1%84%87%E1%85%B5-%E1%84%82%E1%85%B5%E1%84%90%E1%85%B3-%E1%84%89%E1%85%B3%E1%84%8B%E1%85%B0%E1%84%90%E1%85%A5-p01957011.html,https://static.zara.net/assets/public/b8da/959c/5ef2455082bd/af628affe69b/01957011043-p/01957011043-p.jpg?ts=1767007769457,"₩89,900",,,260622,"네이비,화이트",,,,
,false,,ZARA,상의,니트,여성,울 브이넥 스웨터,https://www.zara.com/kr/ko/%E1%84%8B%E1%85%AE%E1%86%AF-%E1%84%87%E1%85%B3%E1%84%8B%E1%85%B5%E1%84%82%E1%85%A6%E1%86%A8-%E1%84%89%E1%85%B3%E1%84%8B%E1%85%B0%E1%84%90%E1%85%A5-p02142023.html,https://static.zara.net/assets/public/4ff5/0a5d/b0c94f658c66/63de8050c1c3/02142023649-p/02142023649-p.jpg?ts=1769080730879,"₩55,900",,,260622,"레드,코랄",,,,
,false,,ZARA,상의,니트,여성,쇼트 슬리브 니트 스웨터,https://www.zara.com/kr/ko/%E1%84%89%E1%85%AD%E1%84%90%E1%85%B3-%E1%84%89%E1%85%B3%E1%86%AF%E1%84%85%E1%85%B5%E1%84%87%E1%85%B3-%E1%84%82%E1%85%B5%E1%84%90%E1%85%B3-%E1%84%89%E1%85%B3%E1%84%8B%E1%85%B0%E1%84%90%E1%85%A5-p03991001.html,https://static.zara.net/assets/public/6c6e/e776/dee4465f91d7/13ae29f58747/03991001600-p/03991001600-p.jpg?ts=1769764642559,"₩55,900",,,260622,레드,,,,
,false,,ZARA,치마,스커트,여성,자수 레이스 니트 미디 스커트,https://www.zara.com/kr/ko/%E1%84%8C%E1%85%A1%E1%84%89%E1%85%AE-%E1%84%85%E1%85%A6%E1%84%8B%E1%85%B5%E1%84%89%E1%85%B3-%E1%84%82%E1%85%B5%E1%84%90%E1%85%B3-%E1%84%86%E1%85%B5%E1%84%83%E1%85%B5-%E1%84%89%E1%85%B3%E1%84%8F%E1%85%A5%E1%84%90%E1%85%B3-p01758633.html,https://static.zara.net/assets/public/8668/99b3/fa474a998061/5902d135074d/01758633712-p/01758633712-p.jpg?ts=1768406009653,"₩99,900",,,260622,크림,,,,
,false,,ZARA,상의,탑,여성,자수 레이스 니트 탑,https://www.zara.com/kr/ko/%E1%84%8C%E1%85%A1%E1%84%89%E1%85%AE-%E1%84%85%E1%85%A6%E1%84%8B%E1%85%B5%E1%84%89%E1%85%B3-%E1%84%82%E1%85%B5%E1%84%90%E1%85%B3-%E1%84%90%E1%85%A1%E1%86%B8-p01758632.html,https://static.zara.net/assets/public/cfc9/7397/79e94c368207/ba0e922a265d/01758632712-p/01758632712-p.jpg?ts=1768406004297,"₩79,900",,,260622,크림,,,,
,false,,ZARA,상의,가디건,여성,100% 울 퍼프소매 재킷,https://www.zara.com/kr/ko/100-%E1%84%8B%E1%85%AE%E1%86%AF-%E1%84%91%E1%85%A5%E1%84%91%E1%85%B3%E1%84%89%E1%85%A9%E1%84%86%E1%85%A2-%E1%84%8C%E1%85%A2%E1%84%8F%E1%85%B5%E1%86%BA-p02893009.html,https://static.zara.net/assets/public/4228/1c54/4b744729a453/a44d3f8a80b5/02893009401-p/02893009401-p.jpg?ts=1768472908623,"₩109,900",,,260622,네이비,,,,
,false,,ZARA,상의,니트,여성,100% 울 해머 슬리브 스웨터,https://www.zara.com/kr/ko/100-%E1%84%8B%E1%85%AE%E1%86%AF-%E1%84%92%E1%85%A2%E1%84%86%E1%85%A5-%E1%84%89%E1%85%B3%E1%86%AF%E1%84%85%E1%85%B5%E1%84%87%E1%85%B3-%E1%84%89%E1%85%B3%E1%84%8B%E1%85%B0%E1%84%90%E1%85%A5-p02893008.html,https://static.zara.net/assets/public/8c68/4524/db0943b19c13/9d8b6509cfb7/02893008513-p/02893008513-p.jpg?ts=1768472907184,"₩99,900",,,260622,애플 그린,,,,
,false,,ZARA,상의,니트,여성,크로셰 니트 스웨터,https://www.zara.com/kr/ko/%E1%84%8F%E1%85%B3%E1%84%85%E1%85%A9%E1%84%89%E1%85%A8-%E1%84%82%E1%85%B5%E1%84%90%E1%85%B3-%E1%84%89%E1%85%B3%E1%84%8B%E1%85%B0%E1%84%90%E1%85%A5-p09598004.html,https://static.zara.net/assets/public/9fe2/d190/bb444261a97a/beafa62e3b66/09598004733-p/09598004733-p.jpg?ts=1768230618128,"₩129,900",,,260622,크림,,,,
,false,,ZARA,상의,니트,여성,와이드 슬리브 니트 스웨터,https://www.zara.com/kr/ko/%E1%84%8B%E1%85%AA%E1%84%8B%E1%85%B5%E1%84%83%E1%85%B3-%E1%84%89%E1%85%B3%E1%86%AF%E1%84%85%E1%85%B5%E1%84%87%E1%85%B3-%E1%84%82%E1%85%B5%E1%84%90%E1%85%B3-%E1%84%89%E1%85%B3%E1%84%8B%E1%85%B0%E1%84%90%E1%85%A5-p05536213.html,https://static.zara.net/assets/public/c9d6/eec3/99dd417ba5a1/55add6a17bd4/05536213600-p/05536213600-p.jpg?ts=1765796121922,"₩59,900",,,260622,레드,,,,
,false,,ZARA,상의,니트,여성,브이넥 케이블 니트 스웨터,https://www.zara.com/kr/ko/%E1%84%87%E1%85%B3%E1%84%8B%E1%85%B5%E1%84%82%E1%85%A6%E1%86%A8-%E1%84%8F%E1%85%A6%E1%84%8B%E1%85%B5%E1%84%87%E1%85%B3%E1%86%AF-%E1%84%82%E1%85%B5%E1%84%90%E1%85%B3-%E1%84%89%E1%85%B3%E1%84%8B%E1%85%B0%E1%84%90%E1%85%A5-p06427002.html,https://static.zara.net/assets/public/7ed6/dae7/a7a846cca918/8528259ab298/06427002500-p/06427002500-p.jpg?ts=1765882881620,"₩59,900",,,260622,초록,,,,
,false,,ZARA,상의,니트,여성,벌룬 슬리브 크롭 니트 스웨터,https://www.zara.com/kr/ko/%E1%84%87%E1%85%A5%E1%86%AF%E1%84%85%E1%85%AE%E1%86%AB-%E1%84%89%E1%85%B3%E1%86%AF%E1%84%85%E1%85%B5%E1%84%87%E1%85%B3-%E1%84%8F%E1%85%B3%E1%84%85%E1%85%A9%E1%86%B8-%E1%84%82%E1%85%B5%E1%84%90%E1%85%B3-%E1%84%89%E1%85%B3%E1%84%8B%E1%85%B0%E1%84%90%E1%85%A5-p03519001.html,https://static.zara.net/assets/public/cdfc/81d1/8aa34ec7be56/630e39f80a28/03519001800-p/03519001800-p.jpg?ts=1765471105809,"₩55,900",,,260622,블랙,,,,
,false,,ZARA,상의,니트,여성,울 하이넥 니트 스웨터,https://www.zara.com/kr/ko/%E1%84%8B%E1%85%AE%E1%86%AF-%E1%84%92%E1%85%A1%E1%84%8B%E1%85%B5%E1%84%82%E1%85%A6%E1%86%A8-%E1%84%82%E1%85%B5%E1%84%90%E1%85%B3-%E1%84%89%E1%85%B3%E1%84%8B%E1%85%B0%E1%84%90%E1%85%A5-p02142001.html,https://static.zara.net/assets/public/c1e0/de12/1c2f4a4aa63a/bfc8815eb385/02142001505-p/02142001505-p.jpg?ts=1765982209071,"₩55,900",,,260622,카키,,,,
,false,,ZARA,상의,니트,여성,울 하이넥 니트 스웨터,https://www.zara.com/kr/ko/%E1%84%8B%E1%85%AE%E1%86%AF-%E1%84%92%E1%85%A1%E1%84%8B%E1%85%B5%E1%84%82%E1%85%A6%E1%86%A8-%E1%84%82%E1%85%B5%E1%84%90%E1%85%B3-%E1%84%89%E1%85%B3%E1%84%8B%E1%85%B0%E1%84%90%E1%85%A5-p02142001.html,https://static.zara.net/assets/public/9613/bfb7/8370491da0a7/13c7fce7f573/02142001800-p/02142001800-p.jpg?ts=1765982216188,"₩55,900",,,260622,블랙,,,,
,false,,ZARA,아우터,코트,여성,니트 봄버 재킷,https://www.zara.com/kr/ko/%E1%84%82%E1%85%B5%E1%84%90%E1%85%B3-%E1%84%87%E1%85%A9%E1%86%B7%E1%84%87%E1%85%A5-%E1%84%8C%E1%85%A2%E1%84%8F%E1%85%B5%E1%86%BA-p09598170.html,https://static.zara.net/assets/public/5f39/4a23/ee784e2ea598/42ccc55881cc/09598169801-000-p/09598169801-000-p.jpg?ts=1758712048151,"₩109,900",,,260622,다크 그레이,,,,
,false,,ZARA,상의,니트,여성,스트라이프 니트 폴로셔츠,https://www.zara.com/kr/ko/%E1%84%89%E1%85%B3%E1%84%90%E1%85%B3%E1%84%85%E1%85%A1%E1%84%8B%E1%85%B5%E1%84%91%E1%85%B3-%E1%84%82%E1%85%B5%E1%84%90%E1%85%B3-%E1%84%91%E1%85%A9%E1%86%AF%E1%84%85%E1%85%A9%E1%84%89%E1%85%A7%E1%84%8E%E1%85%B3-p05536012.html,https://static.zara.net/assets/public/e900/c8e6/92564f37b96e/5f029136e1e0/05536012330-p/05536012330-p.jpg?ts=1765296591295,"₩59,900",,,260622,멀티컬러,,,,
,false,,ZARA,아우터,코트,여성,크로스 니트 봄버 재킷,https://www.zara.com/kr/ko/%E1%84%8F%E1%85%B3%E1%84%85%E1%85%A9%E1%84%89%E1%85%B3-%E1%84%82%E1%85%B5%E1%84%90%E1%85%B3-%E1%84%87%E1%85%A9%E1%86%B7%E1%84%87%E1%85%A5-%E1%84%8C%E1%85%A2%E1%84%8F%E1%85%B5%E1%86%BA-p05536199.html,https://static.zara.net/assets/public/f28a/e8ab/b6214e339726/32c06ca99211/05536199800-p/05536199800-p.jpg?ts=1759850351597,"₩109,900",,,260622,블랙,,,,
,false,,ZARA,상의,니트,여성,100% 울 하이넥 벨트 스웨터,https://www.zara.com/kr/ko/100-%E1%84%8B%E1%85%AE%E1%86%AF-%E1%84%92%E1%85%A1%E1%84%8B%E1%85%B5%E1%84%82%E1%85%A6%E1%86%A8-%E1%84%87%E1%85%A6%E1%86%AF%E1%84%90%E1%85%B3-%E1%84%89%E1%85%B3%E1%84%8B%E1%85%B0%E1%84%90%E1%85%A5-p04192101.html,https://static.zara.net/assets/public/93ee/f9c5/7e3f46fe993e/6b1ce9ab20f9/04192101800-p/04192101800-p.jpg?ts=1766414801949,"₩89,900",,,260622,블랙,,,,
,false,,ZARA,기타,WAISTCOAT,여성,벨티드 니트 베스트,https://www.zara.com/kr/ko/%E1%84%87%E1%85%A6%E1%86%AF%E1%84%90%E1%85%B3-%E1%84%82%E1%85%B5%E1%84%90%E1%85%B3-%E1%84%87%E1%85%A6%E1%84%89%E1%85%B3%E1%84%90%E1%85%B3-p02756004.html,https://static.zara.net/assets/public/ef43/76f2/6bb047b4b80b/bb7e27ef8ca3/02756004802-p/02756004802-p.jpg?ts=1769622968501,"₩59,900",,,260622,그레이,,,,
,false,,ZARA,원피스,원피스,여성,벨트 미디 원피스,https://www.zara.com/kr/ko/%E1%84%87%E1%85%A6%E1%86%AF%E1%84%90%E1%85%B3-%E1%84%86%E1%85%B5%E1%84%83%E1%85%B5-%E1%84%8B%E1%85%AF%E1%86%AB%E1%84%91%E1%85%B5%E1%84%89%E1%85%B3-p02756144.html,https://static.zara.net/assets/public/05b5/394c/12fc45b8a116/1168b7fd75d5/11028610800-016-p/11028610800-016-p.jpg?ts=1761727563135,"₩89,900",,,260622,라이트 브라운,,,,
,false,,ZARA,상의,니트,여성,100% 울 하이넥 벨트 스웨터,https://www.zara.com/kr/ko/100-%E1%84%8B%E1%85%AE%E1%86%AF-%E1%84%92%E1%85%A1%E1%84%8B%E1%85%B5%E1%84%82%E1%85%A6%E1%86%A8-%E1%84%87%E1%85%A6%E1%86%AF%E1%84%90%E1%85%B3-%E1%84%89%E1%85%B3%E1%84%8B%E1%85%B0%E1%84%90%E1%85%A5-p04192101.html,https://static.zara.net/assets/public/327b/fa8c/d708477ca96f/9ecc9fb499cd/04192101717-p/04192101717-p.jpg?ts=1761301121188,"₩89,900",,,260622,초콜렛,,,,
,false,,ZARA,상의,니트,여성,와이드 슬리브 니트 스웨터,https://www.zara.com/kr/ko/%E1%84%8B%E1%85%AA%E1%84%8B%E1%85%B5%E1%84%83%E1%85%B3-%E1%84%89%E1%85%B3%E1%86%AF%E1%84%85%E1%85%B5%E1%84%87%E1%85%B3-%E1%84%82%E1%85%B5%E1%84%90%E1%85%B3-%E1%84%89%E1%85%B3%E1%84%8B%E1%85%B0%E1%84%90%E1%85%A5-p05536213.html,https://static.zara.net/assets/public/da4d/4856/f9b843e29e94/796791b75945/08741360809-000-p/08741360809-000-p.jpg?ts=1762157750468,"₩59,900",,,260622,그레이,,,,
,false,,ZARA,상의,니트,여성,울 하이넥 스웨터,https://www.zara.com/kr/ko/%E1%84%8B%E1%85%AE%E1%86%AF-%E1%84%92%E1%85%A1%E1%84%8B%E1%85%B5%E1%84%82%E1%85%A6%E1%86%A8-%E1%84%89%E1%85%B3%E1%84%8B%E1%85%B0%E1%84%90%E1%85%A5-p09598223.html,https://static.zara.net/assets/public/ca10/1aeb/46ea4a858e1f/0b3944086153/09598223717-p/09598223717-p.jpg?ts=1764935724452,"₩49,900",,,260622,초콜렛,,,,
,false,,ZARA,상의,니트,여성,다이아몬드 니트 스웨터,https://www.zara.com/kr/ko/%E1%84%83%E1%85%A1%E1%84%8B%E1%85%B5%E1%84%8B%E1%85%A1%E1%84%86%E1%85%A9%E1%86%AB%E1%84%83%E1%85%B3-%E1%84%82%E1%85%B5%E1%84%90%E1%85%B3-%E1%84%89%E1%85%B3%E1%84%8B%E1%85%B0%E1%84%90%E1%85%A5-p05755152.html,https://static.zara.net/assets/public/b754/19c5/98854c3ba4e4/371cffbc6a86/05755152054-p/05755152054-p.jpg?ts=1764325547952,"₩59,900",,,260622,"브라운,그린",,,,
,false,,ZARA,상의,니트,여성,아가일 니트 스웨터,https://www.zara.com/kr/ko/%E1%84%8B%E1%85%A1%E1%84%80%E1%85%A1%E1%84%8B%E1%85%B5%E1%86%AF-%E1%84%82%E1%85%B5%E1%84%90%E1%85%B3-%E1%84%89%E1%85%B3%E1%84%8B%E1%85%B0%E1%84%90%E1%85%A5-p05802101.html,https://static.zara.net/assets/public/45ea/e7c4/fda2457cb7a6/07643df4ba38/05802101093-p/05802101093-p.jpg?ts=1758125776666,"₩59,900",,,260622,"블랙,크림",,,,
,false,,ZARA,상의,니트,여성,비대칭 밑단 니트 스웨터,https://www.zara.com/kr/ko/%E1%84%87%E1%85%B5%E1%84%83%E1%85%A2%E1%84%8E%E1%85%B5%E1%86%BC-%E1%84%86%E1%85%B5%E1%87%80%E1%84%83%E1%85%A1%E1%86%AB-%E1%84%82%E1%85%B5%E1%84%90%E1%85%B3-%E1%84%89%E1%85%B3%E1%84%8B%E1%85%B0%E1%84%90%E1%85%A5-p03920014.html,https://static.zara.net/assets/public/210e/9505/f3c1466f9f30/a2cc1d5542bb/03920014712-p/03920014712-p.jpg?ts=1767007807191,"₩79,900",,,260622,크림,,,,
,false,,ZARA,상의,니트,여성,100% 울 숄더 패드 스웨터,https://www.zara.com/kr/ko/100-%E1%84%8B%E1%85%AE%E1%86%AF-%E1%84%89%E1%85%AD%E1%86%AF%E1%84%83%E1%85%A5-%E1%84%91%E1%85%A2%E1%84%83%E1%85%B3-%E1%84%89%E1%85%B3%E1%84%8B%E1%85%B0%E1%84%90%E1%85%A5-p02893001.html,https://static.zara.net/assets/public/0d44/2fbd/07b34f9094b8/3a01372fe0b1/02893001401-p/02893001401-p.jpg?ts=1767958694436,"₩109,900",,,260622,네이비,,,,
,false,,ZARA,상의,니트,여성,비대칭 밑단 니트 스웨터,https://www.zara.com/kr/ko/%E1%84%87%E1%85%B5%E1%84%83%E1%85%A2%E1%84%8E%E1%85%B5%E1%86%BC-%E1%84%86%E1%85%B5%E1%87%80%E1%84%83%E1%85%A1%E1%86%AB-%E1%84%82%E1%85%B5%E1%84%90%E1%85%B3-%E1%84%89%E1%85%B3%E1%84%8B%E1%85%B0%E1%84%90%E1%85%A5-p06771003.html,https://static.zara.net/assets/public/41ec/4e1c/9dc240548bd4/e1329ba15616/06771003982-p/06771003982-p.jpg?ts=1765982222824,"₩59,900",,,260622,워터 그린,,,,
,false,,ZARA,상의,니트,여성,숄더 패드 니트 스웨터,https://www.zara.com/kr/ko/%E1%84%89%E1%85%AD%E1%86%AF%E1%84%83%E1%85%A5-%E1%84%91%E1%85%A2%E1%84%83%E1%85%B3-%E1%84%82%E1%85%B5%E1%84%90%E1%85%B3-%E1%84%89%E1%85%B3%E1%84%8B%E1%85%B0%E1%84%90%E1%85%A5-p03920969.html,https://static.zara.net/assets/public/1097/7352/d83b42299181/7863c0cd1b3a/03920969800-p/03920969800-p.jpg?ts=1764764007517,"₩59,900",,,260622,블랙,,,,
,false,,ZARA,상의,니트,여성,숄더 패드 니트 스웨터,https://www.zara.com/kr/ko/%E1%84%89%E1%85%AD%E1%86%AF%E1%84%83%E1%85%A5-%E1%84%91%E1%85%A2%E1%84%83%E1%85%B3-%E1%84%82%E1%85%B5%E1%84%90%E1%85%B3-%E1%84%89%E1%85%B3%E1%84%8B%E1%85%B0%E1%84%90%E1%85%A5-p03920969.html,https://static.zara.net/assets/public/4cb9/1cdc/01e4481094e4/df41b0dbc2bc/03920969700-p/03920969700-p.jpg?ts=1763469631209,"₩59,900",,,260622,브라운,,,,
,false,,ZARA,상의,니트,여성,100% 울 다이아몬드 스웨터,https://www.zara.com/kr/ko/100-%E1%84%8B%E1%85%AE%E1%86%AF-%E1%84%83%E1%85%A1%E1%84%8B%E1%85%B5%E1%84%8B%E1%85%A1%E1%84%86%E1%85%A9%E1%86%AB%E1%84%83%E1%85%B3-%E1%84%89%E1%85%B3%E1%84%8B%E1%85%B0%E1%84%90%E1%85%A5-p09598174.html,https://static.zara.net/assets/public/a5c8/f219/5502442caeb0/8790fb9f7025/09598174916-p/09598174916-p.jpg?ts=1765455864108,"₩109,900",,,260622,그레이 블루,,,,
,false,,ZARA,상의,니트,여성,100% 울 마름모 패턴 스웨터,https://www.zara.com/kr/ko/100-%E1%84%8B%E1%85%AE%E1%86%AF-%E1%84%83%E1%85%A1%E1%84%8B%E1%85%B5%E1%84%8B%E1%85%A1%E1%84%86%E1%85%A9%E1%86%AB%E1%84%83%E1%85%B3-%E1%84%89%E1%85%B3%E1%84%8B%E1%85%B0%E1%84%90%E1%85%A5-p09598174.html,https://static.zara.net/assets/public/b52a/1b94/0cb249a384a5/87db7d132af2/09598174737-p/09598174737-p.jpg?ts=1764840421810,"₩109,900",,,260622,"브라운,토프",,,,
,false,,ZARA,상의,니트,여성,베이직 플레인 니트 스웨터,https://www.zara.com/kr/ko/%E1%84%87%E1%85%A6%E1%84%8B%E1%85%B5%E1%84%8C%E1%85%B5%E1%86%A8-%E1%84%91%E1%85%B3%E1%86%AF%E1%84%85%E1%85%A6%E1%84%8B%E1%85%B5%E1%86%AB-%E1%84%82%E1%85%B5%E1%84%90%E1%85%B3-%E1%84%89%E1%85%B3%E1%84%8B%E1%85%B0%E1%84%90%E1%85%A5-p08851171.html,https://static.zara.net/assets/public/7ea1/f6b2/b9fb4be3be0f/36e0b3f38644/08851171507-p/08851171507-p.jpg?ts=1765464419875,"₩49,900",,,260622,다크 카키,,,,
,false,,ZARA,상의,가디건,여성,후드 타이 니트 재킷,https://www.zara.com/kr/ko/%E1%84%92%E1%85%AE%E1%84%83%E1%85%B3-%E1%84%90%E1%85%A1%E1%84%8B%E1%85%B5-%E1%84%82%E1%85%B5%E1%84%90%E1%85%B3-%E1%84%8C%E1%85%A2%E1%84%8F%E1%85%B5%E1%86%BA-p05536129.html,https://static.zara.net/assets/public/ee8f/d4c9/534a49ee8f8d/d26186076916/05536129722-p/05536129722-p.jpg?ts=1764935719553,"₩79,900",,,260622,그레이 밍크,,,,
,false,,ZARA,상의,니트,여성,100% 울 솔리드 폴로셔츠,https://www.zara.com/kr/ko/100-%E1%84%8B%E1%85%AE%E1%86%AF-%E1%84%89%E1%85%A9%E1%86%AF%E1%84%85%E1%85%B5%E1%84%83%E1%85%B3-%E1%84%91%E1%85%A9%E1%86%AF%E1%84%85%E1%85%A9%E1%84%89%E1%85%A7%E1%84%8E%E1%85%B3-p02893202.html,https://static.zara.net/assets/public/e097/8677/817a482fad92/52eb4c853d98/02893202081-p/master.m3u8?ts=1768317573289,"₩89,900",,,260622,"샌드,그레이",,,,
,false,,ZARA,상의,가디건,여성,100% 리브드 울 재킷,https://www.zara.com/kr/ko/100-%E1%84%8B%E1%85%AE%E1%86%AF-%E1%84%8C%E1%85%A2%E1%84%8F%E1%85%B5%E1%86%BA-rib-p02893133.html,https://static.zara.net/assets/public/42c0/e6b2/480242f5977b/901ae406757e/02893133620-p/02893133620-p.jpg?ts=1755533142665,"₩79,900",,,260622,로즈핑크,,,,
,false,,ZARA,상의,니트,여성,폴로 라이트 니트 스웨터,https://www.zara.com/kr/ko/%E1%84%91%E1%85%A9%E1%86%AF%E1%84%85%E1%85%A9-%E1%84%85%E1%85%A1%E1%84%8B%E1%85%B5%E1%84%90%E1%85%B3-%E1%84%82%E1%85%B5%E1%84%90%E1%85%B3-%E1%84%89%E1%85%B3%E1%84%8B%E1%85%B0%E1%84%90%E1%85%A5-p03390102.html,https://static.zara.net/assets/public/e65c/e0cc/51ea4114a7fd/c77a48d1602b/03390102622-p/03390102622-p.jpg?ts=1771432728349,"₩49,900",,,260622,페일 로즈,,,,
,false,,ZARA,상의,니트,여성,라이트 니트 폴로셔츠,https://www.zara.com/kr/ko/%E1%84%91%E1%85%A9%E1%86%AF%E1%84%85%E1%85%A9-%E1%84%85%E1%85%A1%E1%84%8B%E1%85%B5%E1%84%90%E1%85%B3-%E1%84%82%E1%85%B5%E1%84%90%E1%85%B3-%E1%84%89%E1%85%B3%E1%84%8B%E1%85%B0%E1%84%90%E1%85%A5-p03390102.html,https://static.zara.net/assets/public/5866/c9c6/0c694303b3b2/5a352f81e464/03390102401-p/03390102401-p.jpg?ts=1770981579143,"₩49,900",,,260622,네이비,,,,
,false,,ZARA,상의,탑,여성,콘트라스트 스레드 스카프 니트 케이프,https://www.zara.com/kr/ko/%E1%84%8F%E1%85%A9%E1%86%AB%E1%84%90%E1%85%B3%E1%84%85%E1%85%A1%E1%84%89%E1%85%B3%E1%84%90%E1%85%B3-%E1%84%89%E1%85%B3%E1%84%85%E1%85%A6%E1%84%83%E1%85%B3-%E1%84%89%E1%85%B3%E1%84%8F%E1%85%A1%E1%84%91%E1%85%B3-%E1%84%82%E1%85%B5%E1%84%90%E1%85%B3-%E1%84%8F%E1%85%A6%E1%84%8B%E1%85%B5%E1%84%91%E1%85%B3-p03739333.html,https://static.zara.net/assets/public/924a/80e2/0ee94a3fbcab/5c0bbbf6947a/03739333802-p/03739333802-p.jpg?ts=1763572631649,"₩169,900",,,260622,그레이,,,,
,false,,ZARA,상의,탑,여성,콘트라스트 스레드 스카프 니트 케이프,https://www.zara.com/kr/ko/%E1%84%8F%E1%85%A9%E1%86%AB%E1%84%90%E1%85%B3%E1%84%85%E1%85%A1%E1%84%89%E1%85%B3%E1%84%90%E1%85%B3-%E1%84%89%E1%85%B3%E1%84%85%E1%85%A6%E1%84%83%E1%85%B3-%E1%84%89%E1%85%B3%E1%84%8F%E1%85%A1%E1%84%91%E1%85%B3-%E1%84%82%E1%85%B5%E1%84%90%E1%85%B3-%E1%84%8F%E1%85%A6%E1%84%8B%E1%85%B5%E1%84%91%E1%85%B3-p03739333.html,https://static.zara.net/assets/public/86d8/64c5/58bd4c4581d2/1f4ac3888161/03739333700-p/03739333700-p.jpg?ts=1763572709767,"₩169,900",,,260622,브라운,,,,
,false,,ZARA,상의,가디건,여성,100% 울 벨트 재킷,https://www.zara.com/kr/ko/100-%E1%84%8B%E1%85%AE%E1%86%AF-%E1%84%87%E1%85%A6%E1%86%AF%E1%84%90%E1%85%B3-%E1%84%8C%E1%85%A2%E1%84%8F%E1%85%B5%E1%86%BA-p02893205.html,https://static.zara.net/assets/public/b6b8/6b15/4fc5491daca3/9f0dc426d8a6/02893205737-p/02893205737-p.jpg?ts=1764764002735,"₩99,900",,,260622,"브라운,토프",,,,
,false,,ZARA,상의,가디건,여성,100% 울 슬림핏 재킷,https://www.zara.com/kr/ko/100-%E1%84%8B%E1%85%AE%E1%86%AF-%E1%84%89%E1%85%B3%E1%86%AF%E1%84%85%E1%85%B5%E1%86%B7%E1%84%91%E1%85%B5%E1%86%BA-%E1%84%8C%E1%85%A2%E1%84%8F%E1%85%B5%E1%86%BA-p05897100.html,https://static.zara.net/assets/public/bc51/e6c2/498847249527/dd8aecb5f5c0/05897100802-p/05897100802-p.jpg?ts=1764859300095,"₩109,900",,,260622,그레이,,,,
,false,,ZARA,상의,니트,여성,100% 울 엑스트라 소프트 스웨터,https://www.zara.com/kr/ko/100-%E1%84%8B%E1%85%AE%E1%86%AF-%E1%84%8B%E1%85%A6%E1%86%A8%E1%84%89%E1%85%B3%E1%84%90%E1%85%B3%E1%84%85%E1%85%A1-%E1%84%89%E1%85%A9%E1%84%91%E1%85%B3%E1%84%90%E1%85%B3-%E1%84%89%E1%85%B3%E1%84%8B%E1%85%B0%E1%84%90%E1%85%A5-p09598107.html,https://static.zara.net/assets/public/25ce/b090/fc0848abb175/963dce60f034/09598107700-p/09598107700-p.jpg?ts=1764840418439,"₩89,900",,,260622,브라운,,,,
,false,,ZARA,상의,니트,여성,100% 울 엑스트라 소프트 스웨터,https://www.zara.com/kr/ko/100-%E1%84%8B%E1%85%A6%E1%86%A8%E1%84%89%E1%85%B3%E1%84%90%E1%85%B3%E1%84%85%E1%85%A1-%E1%84%89%E1%85%A9%E1%84%91%E1%85%B3%E1%84%90%E1%85%B3-%E1%84%8B%E1%85%AE%E1%86%AF-%E1%84%89%E1%85%B3%E1%84%8B%E1%85%B0%E1%84%90%E1%85%A5-p09598104.html,https://static.zara.net/assets/public/03b2/6dc8/d434435e8699/10bc6bbd041e/09598104700-p/09598104700-p.jpg?ts=1764083176353,"₩89,900",,,260622,브라운,,,,
,false,,ZARA,원피스,원피스,여성,벨트 미디 원피스,https://www.zara.com/kr/ko/%E1%84%87%E1%85%A6%E1%86%AF%E1%84%90%E1%85%B3-%E1%84%86%E1%85%B5%E1%84%83%E1%85%B5-%E1%84%8B%E1%85%AF%E1%86%AB%E1%84%91%E1%85%B5%E1%84%89%E1%85%B3-p05536004.html,https://static.zara.net/assets/public/6b88/1d82/fb234dc599aa/382ae42aa311/05536004800-p/05536004800-p.jpg?ts=1765364498056,"₩89,900",,,260622,블랙,,,,
,false,,ZARA,상의,니트,여성,벨트 플레인 니트 스웨터,https://www.zara.com/kr/ko/%E1%84%87%E1%85%A6%E1%86%AF%E1%84%90%E1%85%B3-%E1%84%82%E1%85%B5%E1%84%90%E1%85%B3-%E1%84%89%E1%85%B3%E1%84%8B%E1%85%B0%E1%84%90%E1%85%A5-p05536003.html,https://static.zara.net/assets/public/4760/4a91/38984cca800c/72821b40149e/05536003717-p/05536003717-p.jpg?ts=1765373720085,"₩59,900",,,260622,초콜렛,,,,
,false,,ZARA,상의,니트,여성,벨트 니트 스웨터,https://www.zara.com/kr/ko/%E1%84%87%E1%85%A6%E1%86%AF%E1%84%90%E1%85%B3-%E1%84%82%E1%85%B5%E1%84%90%E1%85%B3-%E1%84%89%E1%85%B3%E1%84%8B%E1%85%B0%E1%84%90%E1%85%A5-p05536003.html,https://static.zara.net/assets/public/e76f/6643/32f144bd886c/37512583f5f8/05536003510-p/05536003510-p.jpg?ts=1765364487838,"₩59,900",,,260622,라임 그린,,,,
,false,,ZARA,상의,니트,여성,플라워 텍스처 콤비 니트 스웨터,https://www.zara.com/kr/ko/%E1%84%91%E1%85%B3%E1%86%AF%E1%84%85%E1%85%A1%E1%84%8B%E1%85%AF-%E1%84%90%E1%85%A6%E1%86%A8%E1%84%89%E1%85%B3%E1%84%8E%E1%85%A5-%E1%84%8F%E1%85%A9%E1%86%B7%E1%84%87%E1%85%B5-%E1%84%82%E1%85%B5%E1%84%90%E1%85%B3-%E1%84%89%E1%85%B3%E1%84%8B%E1%85%B0%E1%84%90%E1%85%A5-p03920028.html,https://static.zara.net/assets/public/46bc/bb8e/a6c043dca3e7/ce3b9f789758/03920028942-a3/03920028942-a3.jpg?ts=1768488016213,"₩109,900",,,260622,베이지 핑크,,,,
,false,,ZARA,상의,가디건,여성,지퍼 니트 재킷,https://www.zara.com/kr/ko/%E1%84%8C%E1%85%B5%E1%84%91%E1%85%A5-%E1%84%82%E1%85%B5%E1%84%90%E1%85%B3-%E1%84%8C%E1%85%A2%E1%84%8F%E1%85%B5%E1%86%BA-p05755002.html,https://static.zara.net/assets/public/fbfc/cda0/b2a543fc9441/008a5f365bbb/01478725081-p/01478725081-p.jpg?ts=1768404788097,"₩79,900",,,260622,블루,,,,
,false,,ZARA,치마,스커트,여성,플리츠 니트 미니 스커트,https://www.zara.com/kr/ko/%E1%84%91%E1%85%B3%E1%86%AF%E1%84%85%E1%85%B5%E1%84%8E%E1%85%B3-%E1%84%82%E1%85%B5%E1%84%90%E1%85%B3-%E1%84%86%E1%85%B5%E1%84%82%E1%85%B5-%E1%84%89%E1%85%B3%E1%84%8F%E1%85%A5%E1%84%90%E1%85%B3-p05755040.html,https://static.zara.net/assets/public/0db1/3ed4/b2d94cf5bcd4/e23fcdb41e16/05755040621-p/05755040621-p.jpg?ts=1773931430341,"₩49,900",,,260622,파스텔 로즈,,,,
,false,,ZARA,상의,가디건,여성,텍스처 비즈 니트 재킷,https://www.zara.com/kr/ko/%E1%84%90%E1%85%A6%E1%86%A8%E1%84%89%E1%85%B3%E1%84%8E%E1%85%A5-%E1%84%87%E1%85%B5%E1%84%8C%E1%85%B3-%E1%84%82%E1%85%B5%E1%84%90%E1%85%B3-%E1%84%8C%E1%85%A2%E1%84%8F%E1%85%B5%E1%86%BA-p09598148.html,https://static.zara.net/assets/public/af54/6e34/3f8f47c684c0/11e11ae6fd97/09598148306-p/09598148306-p.jpg?ts=1753964724236,"₩59,900",,,260622,라이트 옐로우,,,,
,false,,ZARA,상의,니트,여성,소프트 니트 스웨터,https://www.zara.com/kr/ko/%E1%84%89%E1%85%A9%E1%84%91%E1%85%B3%E1%84%90%E1%85%B3-%E1%84%82%E1%85%B5%E1%84%90%E1%85%B3-%E1%84%89%E1%85%B3%E1%84%8B%E1%85%B0%E1%84%90%E1%85%A5-p02142161.html,https://static.zara.net/assets/public/96c2/bb7c/39ae448eb939/fb658fca2565/02142161644-p/02142161644-p.jpg?ts=1756224453055,"₩59,900",,,260622,라이트 로즈,,,,
,false,,ZARA,상의,니트,여성,소프트 니트 스웨터,https://www.zara.com/kr/ko/%E1%84%89%E1%85%A9%E1%84%91%E1%85%B3%E1%84%90%E1%85%B3-%E1%84%82%E1%85%B5%E1%84%90%E1%85%B3-%E1%84%89%E1%85%B3%E1%84%8B%E1%85%B0%E1%84%90%E1%85%A5-p02142161.html,https://static.zara.net/assets/public/6d34/810f/b21e457f9a71/6c93fc8d9577/02142161500-p/02142161500-p.jpg?ts=1761670586605,"₩59,900",,,260622,초록,,,,
,false,,ZARA,상의,니트,여성,베이직 플레인 니트 스웨터,https://www.zara.com/kr/ko/%E1%84%87%E1%85%A6%E1%84%8B%E1%85%B5%E1%84%8C%E1%85%B5%E1%86%A8-%E1%84%91%E1%85%B3%E1%86%AF%E1%84%85%E1%85%A6%E1%84%8B%E1%85%B5%E1%86%AB-%E1%84%82%E1%85%B5%E1%84%90%E1%85%B3-%E1%84%89%E1%85%B3%E1%84%8B%E1%85%B0%E1%84%90%E1%85%A5-p08851171.html,https://static.zara.net/assets/public/20b6/8de3/9fa54d159d92/cd93a9eb75d7/08851171722-p/08851171722-p.jpg?ts=1764689779413,"₩49,900",,,260622,그레이 밍크,,,,
,false,,ZARA,상의,가디건,여성,100% 엑스트라 파인 울 숏 슬리브 재킷,https://www.zara.com/kr/ko/100-%E1%84%8B%E1%85%A6%E1%86%A8%E1%84%89%E1%85%B3%E1%84%90%E1%85%B3%E1%84%85%E1%85%A1-%E1%84%91%E1%85%A1%E1%84%8B%E1%85%B5%E1%86%AB-%E1%84%8B%E1%85%AE%E1%86%AF-%E1%84%87%E1%85%A1%E1%86%AB%E1%84%89%E1%85%A9%E1%84%86%E1%85%A2-%E1%84%8C%E1%85%A2%E1%84%8F%E1%85%B5%E1%86%BA-p02893109.html,https://static.zara.net/assets/public/0e39/76f8/8a384cdb9225/d48fa982568c/02893109401-p/02893109401-p.jpg?ts=1774014862172,"₩59,900",,,260622,네이비,,,,
,false,,ZARA,상의,니트,여성,100% 울 쇼트 슬리브 스웨터,https://www.zara.com/kr/ko/100-%E1%84%8B%E1%85%AE%E1%86%AF-%E1%84%89%E1%85%AD%E1%84%90%E1%85%B3-%E1%84%89%E1%85%B3%E1%86%AF%E1%84%85%E1%85%B5%E1%84%87%E1%85%B3-%E1%84%89%E1%85%B3%E1%84%8B%E1%85%B0%E1%84%90%E1%85%A5-p02893003.html,https://static.zara.net/assets/public/9466/c923/1903408bb5bc/7a9620c55259/02893003081-a1/02893003081-a1.jpg?ts=1769600472474,"₩59,900",,,260622,"샌드,그레이",,,,
,false,,ZARA,상의,탑,여성,슬리브리스 니트 탑,https://www.zara.com/kr/ko/%E1%84%89%E1%85%B3%E1%86%AF%E1%84%85%E1%85%B5%E1%84%87%E1%85%B3%E1%84%85%E1%85%B5%E1%84%89%E1%85%B3-%E1%84%82%E1%85%B5%E1%84%90%E1%85%B3-%E1%84%90%E1%85%A1%E1%86%B8-p08851002.html,https://static.zara.net/assets/public/793a/a2d8/c6424a4fa884/bfb5f3332b26/08851002250-p/08851002250-p.jpg?ts=1744813964349,"₩39,900",,,260622,화이트,,,,
,false,,ZARA,상의,탑,여성,언밸런스 스트라이프 니트 탑 - THE ITEM ZARA WOMAN,https://www.zara.com/kr/ko/%E1%84%8B%E1%85%A5%E1%86%AB%E1%84%87%E1%85%A2%E1%86%AF%E1%84%85%E1%85%A5%E1%86%AB%E1%84%89%E1%85%B3-%E1%84%89%E1%85%B3%E1%84%90%E1%85%B3%E1%84%85%E1%85%A1%E1%84%8B%E1%85%B5%E1%84%91%E1%85%B3-%E1%84%82%E1%85%B5%E1%84%90%E1%85%B3-%E1%84%90%E1%85%A1%E1%86%B8---the-item-zara-woman-p02142214.html,https://static.zara.net/assets/public/8ce2/53c5/447d4a20ac36/3286d9eb7a96/02142214061-a3/02142214061-a3.jpg?ts=1770981421298,"₩89,900",,,260622,"화이트,레드",,,,
,false,,ZARA,상의,니트,여성,CRCHT KNT 16,https://www.zara.com/kr/ko/crcht-knt-16-p00021900.html,https://static.zara.net/assets/public/1675/eb09/3d0e4058966e/59a75822f37a/T9656982283-p/T9656982283-p.jpg?ts=1776164088539,"₩109,900",,,260622,브라운,,,,
,false,,ZARA,상의,니트,여성,PRNT KNT 16,https://www.zara.com/kr/ko/prnt-knt-16-p02893904.html,https://static.zara.net/assets/public/9e7b/abba/6d5d43199bf6/690474f15361/T9231883262-p/T9231883262-p.jpg?ts=1776163934534,"₩89,900",,,260622,다크 브라운,,,,
,false,,ZARA,상의,니트,여성,SHRT KNT CTTN 16,https://www.zara.com/kr/ko/shrt-knt-cttn-16-p03003903.html,https://static.zara.net/assets/public/0e63/dc2c/668a4ee69053/698051cabd4f/T9480147778-p/T9480147778-p.jpg?ts=1776163998602,"₩59,900",,,260622,오렌지,,,,
,false,,ZARA,상의,니트,여성,PRNT KNT 16,https://www.zara.com/kr/ko/prnt-knt-16-p02893904.html,https://static.zara.net/assets/public/a0c8/65bb/dbad45878667/2d28224f8366/02893904716-e1/02893904716-e1.jpg?ts=1776080794911,"₩89,900",,,260622,다크 브라운,,,,
,false,,ZARA,상의,니트,여성,CRCHT KNT 16,https://www.zara.com/kr/ko/crcht-knt-16-p00021900.html,https://static.zara.net/assets/public/3e53/2172/d15f4eae8c37/4e1eced1e0ad/00021900700-e1/00021900700-e1.jpg?ts=1776080789493,"₩109,900",,,260622,브라운,,,,
,false,,ZARA,상의,니트,여성,SHRT KNT CTTN 16,https://www.zara.com/kr/ko/shrt-knt-cttn-16-p03003903.html,https://static.zara.net/assets/public/0e63/dc2c/668a4ee69053/698051cabd4f/T9480147778-p/T9480147778-p.jpg?ts=1776163998602,"₩59,900",,,260622,오렌지,,,,
,false,,ZARA,상의,가디건,여성,니트 콤비 탑,https://www.zara.com/kr/ko/%E1%84%8F%E1%85%A9%E1%86%B7%E1%84%87%E1%85%B5-%E1%84%82%E1%85%B5%E1%84%90%E1%85%B3-%E1%84%90%E1%85%A1%E1%86%B8-p03921051.html,https://static.zara.net/assets/public/ddf9/001b/c7fc4d2c84e5/c4787caae310/03921051055-e1/03921051055-e1.jpg?ts=1777013285994,"₩39,900",,,260622,"그레이,블루",,,,
,false,,ZARA,상의,니트,여성,버튼 니트 스웨터,https://www.zara.com/kr/ko/%E1%84%87%E1%85%A5%E1%84%90%E1%85%B3%E1%86%AB-%E1%84%82%E1%85%B5%E1%84%90%E1%85%B3-%E1%84%89%E1%85%B3%E1%84%8B%E1%85%B0%E1%84%90%E1%85%A5-p09598006.html,https://static.zara.net/assets/public/c71d/1b14/0d5d4f2994ff/3d32b24cfa94/09598006104-p/09598006104-p.jpg?ts=1776094453129,"₩49,900","₩29,900",40,260622,스트라이프,,,,
,false,,ZARA,상의,가디건,여성,쇼트 슬리브 콤비 니트 재킷,https://www.zara.com/kr/ko/%E1%84%82%E1%85%B5%E1%84%90%E1%85%B3-%E1%84%8F%E1%85%A9%E1%86%B7%E1%84%87%E1%85%B5-%E1%84%87%E1%85%A1%E1%86%AB%E1%84%89%E1%85%A9%E1%84%86%E1%85%A2-%E1%84%8C%E1%85%A2%E1%84%8F%E1%85%B5%E1%86%BA-p03921050.html,https://static.zara.net/assets/public/291a/ab01/3c3e4400b1c0/6cb4f320a907/03921050704-e1/03921050704-e1.jpg?ts=1776332080599,"₩45,900",,,260622,샌드,,,,
,false,,ZARA,상의,가디건,여성,콤비 니트 재킷,https://www.zara.com/kr/ko/%E1%84%8F%E1%85%A9%E1%86%B7%E1%84%87%E1%85%B5-%E1%84%82%E1%85%B5%E1%84%90%E1%85%B3-%E1%84%8C%E1%85%A2%E1%84%8F%E1%85%B5%E1%86%BA-p03921049.html,https://static.zara.net/assets/public/0b23/f24f/3bbb426caee5/772b194de6da/03921049300-e1/03921049300-e1.jpg?ts=1775749537763,"₩55,900",,,260622,노랑,,,,
,false,,ZARA,상의,가디건,여성,더블 이펙트 니트 재킷,https://www.zara.com/kr/ko/%E1%84%83%E1%85%A5%E1%84%87%E1%85%B3%E1%86%AF-%E1%84%82%E1%85%B5%E1%84%90%E1%85%B3-%E1%84%8C%E1%85%A2%E1%84%8F%E1%85%B5%E1%86%BA-p03921047.html,https://static.zara.net/assets/public/74ac/9ffc/c2b24a40afaf/6a7ca279534e/03921047725-e1/03921047725-e1.jpg?ts=1775817513563,"₩45,900",,,260622,버터,,,,
,false,,ZARA,상의,탑,여성,오프숄더 니트 탑,https://www.zara.com/kr/ko/%E1%84%8B%E1%85%A9%E1%84%91%E1%85%B3%E1%84%89%E1%85%AD%E1%86%AF%E1%84%83%E1%85%A5-%E1%84%82%E1%85%B5%E1%84%90%E1%85%B3-%E1%84%90%E1%85%A1%E1%86%B8-p02142047.html,https://static.zara.net/assets/public/18ec/95f5/732d40de9543/136a5e6d0bb3/02142047800-p/02142047800-p.jpg?ts=1772186713343,"₩49,900","₩29,900",40,260622,블랙,,,,
,false,,ZARA,상의,니트,여성,벌룬 소매 콤비 니트 스웨터,https://www.zara.com/kr/ko/%E1%84%87%E1%85%A5%E1%86%AF%E1%84%85%E1%85%AE%E1%86%AB-%E1%84%89%E1%85%A9%E1%84%86%E1%85%A2-%E1%84%8F%E1%85%A9%E1%86%B7%E1%84%87%E1%85%B5-%E1%84%82%E1%85%B5%E1%84%90%E1%85%B3-%E1%84%89%E1%85%B3%E1%84%8B%E1%85%B0%E1%84%90%E1%85%A5-p06427014.html,https://static.zara.net/assets/public/d169/bde3/f52a47969d93/ff5836083273/06427014712-p/06427014712-p.jpg?ts=1774881431565,"₩49,900","₩29,900",40,260622,크림,,,,
,false,,ZARA,상의,가디건,여성,메탈사 니트 재킷,https://www.zara.com/kr/ko/%E1%84%86%E1%85%A6%E1%84%90%E1%85%A1%E1%86%AF%E1%84%89%E1%85%A1-%E1%84%82%E1%85%B5%E1%84%90%E1%85%B3-%E1%84%8C%E1%85%A2%E1%84%8F%E1%85%B5%E1%86%BA-p06427004.html,https://static.zara.net/assets/public/6a8b/79d4/56c84526a7f0/bc2d0cd7d111/06427004712-a4/06427004712-a4.jpg?ts=1771587813410,"₩59,900","₩35,900",40,260622,크림,,,,
,false,,ZARA,상의,니트,여성,크롭 스트라이프 스웨터,https://www.zara.com/kr/ko/%E1%84%8F%E1%85%B3%E1%84%85%E1%85%A9%E1%86%B8-%E1%84%89%E1%85%B3%E1%84%90%E1%85%B3%E1%84%85%E1%85%A1%E1%84%8B%E1%85%B5%E1%84%91%E1%85%B3-%E1%84%89%E1%85%B3%E1%84%8B%E1%85%B0%E1%84%90%E1%85%A5-p02893004.html,https://static.zara.net/assets/public/f692/eb09/ff7f4cb3b271/fffef463ae81/02893004104-p/02893004104-p.jpg?ts=1773231223792,"₩49,900","₩29,900",40,260622,스트라이프,,,,
,false,,ZARA,상의,니트,여성,버튼 니트 스웨터,https://www.zara.com/kr/ko/%E1%84%87%E1%85%A5%E1%84%90%E1%85%B3%E1%86%AB-%E1%84%82%E1%85%B5%E1%84%90%E1%85%B3-%E1%84%89%E1%85%B3%E1%84%8B%E1%85%B0%E1%84%90%E1%85%A5-p09598006.html,https://static.zara.net/assets/public/0951/4702/68e44de7b9fe/027914a654fe/09598006656-p/09598006656-p.jpg?ts=1775645478293,"₩49,900","₩29,900",40,260622,라이트  라일락,,,,
,false,,ZARA,상의,탑,여성,오프숄더 니트 탑,https://www.zara.com/kr/ko/%E1%84%8B%E1%85%A9%E1%84%91%E1%85%B3%E1%84%89%E1%85%AD%E1%86%AF%E1%84%83%E1%85%A5-%E1%84%82%E1%85%B5%E1%84%90%E1%85%B3-%E1%84%90%E1%85%A1%E1%86%B8-p02142047.html,https://static.zara.net/assets/public/0594/4e94/81504839bfb5/4cd32710b184/06929015507-015-p/06929015507-015-p.jpg?ts=1772191078353,"₩49,900","₩29,900",40,260622,크림,,,,
,false,,ZARA,상의,가디건,여성,스트라이프 반소매 니트 재킷,https://www.zara.com/kr/ko/%E1%84%89%E1%85%B3%E1%84%90%E1%85%B3%E1%84%85%E1%85%A1%E1%84%8B%E1%85%B5%E1%84%91%E1%85%B3-%E1%84%87%E1%85%A1%E1%86%AB%E1%84%89%E1%85%A9%E1%84%86%E1%85%A2-%E1%84%82%E1%85%B5%E1%84%90%E1%85%B3-%E1%84%8C%E1%85%A2%E1%84%8F%E1%85%B5%E1%86%BA-p05536023.html,https://static.zara.net/assets/public/8220/fedd/9f4445e69ca5/672679c00a9e/05536023539-p/05536023539-p.jpg?ts=1774615396216,"₩55,900","₩35,900",36,260622,네온 라임,,,,
,false,,ZARA,상의,니트,여성,크롭 스트라이프 스웨터,https://www.zara.com/kr/ko/%E1%84%8F%E1%85%B3%E1%84%85%E1%85%A9%E1%86%B8-%E1%84%89%E1%85%B3%E1%84%90%E1%85%B3%E1%84%85%E1%85%A1%E1%84%8B%E1%85%B5%E1%84%91%E1%85%B3-%E1%84%89%E1%85%B3%E1%84%8B%E1%85%B0%E1%84%90%E1%85%A5-p02893004.html,https://static.zara.net/assets/public/c11a/ef7a/14db4aa9bd4b/639eaae597f0/02893004100-p/02893004100-p.jpg?ts=1773231223374,"₩49,900","₩29,900",40,260622,"크림,옐로우",,,,
,false,,ZARA,상의,탑,여성,청키 니트 탑,https://www.zara.com/kr/ko/%E1%84%8E%E1%85%A5%E1%86%BC%E1%84%8F%E1%85%B5-%E1%84%82%E1%85%B5%E1%84%90%E1%85%B3-%E1%84%90%E1%85%A1%E1%86%B8-p02893040.html,https://static.zara.net/assets/public/2ebf/2b1d/651c4f308678/605ea2c9947e/02893040709-p/02893040709-p.jpg?ts=1772038867375,"₩45,900","₩29,900",35,260622,다크 샌드,,,,
,false,,ZARA,상의,가디건,여성,레이스 타이 니트 재킷,https://www.zara.com/kr/ko/%E1%84%85%E1%85%A6%E1%84%8B%E1%85%B5%E1%84%89%E1%85%B3-%E1%84%90%E1%85%A1%E1%84%8B%E1%85%B5-%E1%84%82%E1%85%B5%E1%84%90%E1%85%B3-%E1%84%8C%E1%85%A2%E1%84%8F%E1%85%B5%E1%86%BA-p03920183.html,https://static.zara.net/assets/public/6cf6/a252/a3d94e4ea859/0de609622594/03920183508-p/03920183508-p.jpg?ts=1772038898862,"₩55,900","₩29,900",47,260622,파스텔 그린,,,,
,false,,ZARA,상의,탑,여성,콤비 슬리브 니트 탑,https://www.zara.com/kr/ko/%E1%84%8F%E1%85%A9%E1%86%B7%E1%84%87%E1%85%B5-%E1%84%89%E1%85%B3%E1%86%AF%E1%84%85%E1%85%B5%E1%84%87%E1%85%B3-%E1%84%82%E1%85%B5%E1%84%90%E1%85%B3-%E1%84%90%E1%85%A1%E1%86%B8-p09598035.html,https://static.zara.net/assets/public/4832/21d3/416a4539803d/993a86e76827/09598035401-p/09598035401-p.jpg?ts=1772714597422,"₩45,900","₩29,900",35,260622,네이비,,,,
,false,,ZARA,상의,니트,여성,크롭 스트라이프 스웨터,https://www.zara.com/kr/ko/%E1%84%8F%E1%85%B3%E1%84%85%E1%85%A9%E1%86%B8-%E1%84%89%E1%85%B3%E1%84%90%E1%85%B3%E1%84%85%E1%85%A1%E1%84%8B%E1%85%B5%E1%84%91%E1%85%B3-%E1%84%89%E1%85%B3%E1%84%8B%E1%85%B0%E1%84%90%E1%85%A5-p02893004.html,https://static.zara.net/assets/public/775c/4b48/2bea49c199f2/67c23bd012b4/02893004100-1-p/02893004100-1-p.jpg?ts=1773231918196,"₩49,900","₩29,900",40,260622,"크림,옐로우",,,,
,false,,ZARA,상의,니트,여성,와이드 슬리브 니트 스웨터,https://www.zara.com/kr/ko/%E1%84%8B%E1%85%AA%E1%84%8B%E1%85%B5%E1%84%83%E1%85%B3-%E1%84%89%E1%85%B3%E1%86%AF%E1%84%85%E1%85%B5%E1%84%87%E1%85%B3-%E1%84%82%E1%85%B5%E1%84%90%E1%85%B3-%E1%84%89%E1%85%B3%E1%84%8B%E1%85%B0%E1%84%90%E1%85%A5-p02142037.html,https://static.zara.net/assets/public/a09f/2a34/635549b9b74c/99c60a8502ef/02142037712-p/02142037712-p.jpg?ts=1771411253570,"₩59,900","₩39,900",33,260622,크림,,,,
,false,,ZARA,기타,SWEATSHIRT,여성,플레인 니트 스웨트셔츠,https://www.zara.com/kr/ko/%E1%84%91%E1%85%B3%E1%86%AF%E1%84%85%E1%85%A6%E1%84%8B%E1%85%B5%E1%86%AB-%E1%84%82%E1%85%B5%E1%84%90%E1%85%B3-%E1%84%89%E1%85%B3%E1%84%8B%E1%85%B0%E1%84%90%E1%85%B3%E1%84%89%E1%85%A7%E1%84%8E%E1%85%B3-p05536165.html,https://static.zara.net/assets/public/8ce8/3677/bc3c45ffbcb7/579a4c49738d/05536165712-p/05536165712-p.jpg?ts=1770832118058,"₩55,900","₩35,900",36,260622,크림,,,,
,false,,ZARA,상의,가디건,여성,컬러 블록 니트 재킷,https://www.zara.com/kr/ko/%E1%84%8F%E1%85%A5%E1%86%AF%E1%84%85%E1%85%A5-%E1%84%87%E1%85%B3%E1%86%AF%E1%84%85%E1%85%A9%E1%86%A8-%E1%84%82%E1%85%B5%E1%84%90%E1%85%B3-%E1%84%8C%E1%85%A2%E1%84%8F%E1%85%B5%E1%86%BA-p05536019.html,https://static.zara.net/assets/public/75e7/7c44/cf434b2d8ab8/f9bc735ae8ce/05536019330-p/05536019330-p.jpg?ts=1773762708618,"₩55,900","₩35,900",36,260622,멀티컬러,,,,
,false,,ZARA,원피스,원피스,여성,소프트 니트 미니 원피스,https://www.zara.com/kr/ko/%E1%84%89%E1%85%A9%E1%84%91%E1%85%B3%E1%84%90%E1%85%B3-%E1%84%82%E1%85%B5%E1%84%90%E1%85%B3-%E1%84%86%E1%85%B5%E1%84%82%E1%85%B5-%E1%84%8B%E1%85%AF%E1%86%AB%E1%84%91%E1%85%B5%E1%84%89%E1%85%B3-p05536158.html,https://static.zara.net/assets/public/3199/0902/2d6f462da5ca/6b6fa7153460/05536158800-p/05536158800-p.jpg?ts=1767871785510,"₩59,900","₩39,900",33,260622,블랙,,,,
,false,,ZARA,상의,니트,여성,소프트 하이넥 니트 스웨터,https://www.zara.com/kr/ko/%E1%84%89%E1%85%A9%E1%84%91%E1%85%B3%E1%84%90%E1%85%B3-%E1%84%92%E1%85%A1%E1%84%8B%E1%85%B5%E1%84%82%E1%85%A6%E1%86%A8-%E1%84%82%E1%85%B5%E1%84%90%E1%85%B3-%E1%84%89%E1%85%B3%E1%84%8B%E1%85%B0%E1%84%90%E1%85%A5-p02142263.html,https://static.zara.net/assets/public/910d/4fa9/7a0944e8a24a/0a8fd4c6584e/02142263710-p/02142263710-p.jpg?ts=1767789624133,"₩59,900","₩39,900",33,260622,베이지,,,,
,false,,ZARA,상의,니트,여성,메탈릭 얀 스트라이프 니트 스웨터,https://www.zara.com/kr/ko/%E1%84%86%E1%85%A6%E1%84%90%E1%85%A1%E1%86%AF%E1%84%85%E1%85%B5%E1%86%A8-%E1%84%8B%E1%85%A3%E1%86%AB-%E1%84%89%E1%85%B3%E1%84%90%E1%85%B3%E1%84%85%E1%85%A1%E1%84%8B%E1%85%B5%E1%84%91%E1%85%B3-%E1%84%82%E1%85%B5%E1%84%90%E1%85%B3-%E1%84%89%E1%85%B3%E1%84%8B%E1%85%B0%E1%84%90%E1%85%A5-p09598060.html,https://static.zara.net/assets/public/9398/7f38/17ca4f8996da/fdf95c9f9f5f/09598060975-p/09598060975-p.jpg?ts=1773411828532,"₩49,900","₩29,900",40,260622,975,,,,
,false,,ZARA,상의,니트,여성,롱 레이스 콤비 니트 스웨터,https://www.zara.com/kr/ko/%E1%84%85%E1%85%A9%E1%86%BC-%E1%84%85%E1%85%A6%E1%84%8B%E1%85%B5%E1%84%89%E1%85%B3-%E1%84%8F%E1%85%A9%E1%86%B7%E1%84%87%E1%85%B5-%E1%84%82%E1%85%B5%E1%84%90%E1%85%B3-%E1%84%89%E1%85%B3%E1%84%8B%E1%85%B0%E1%84%90%E1%85%A5-p02756152.html,https://static.zara.net/assets/public/6ad8/607e/c88b415ea2bd/23b10b8fba2b/02756152727-p/02756152727-p.jpg?ts=1770386687393,"₩89,900","₩49,900",44,260622,바닐라,,,,
,false,,ZARA,상의,니트,여성,포인텔 벨 슬리브 니트 스웨터,https://www.zara.com/kr/ko/%E1%84%91%E1%85%A9%E1%84%8B%E1%85%B5%E1%86%AB%E1%84%90%E1%85%A6%E1%86%AF-%E1%84%87%E1%85%A6%E1%86%AF-%E1%84%89%E1%85%B3%E1%86%AF%E1%84%85%E1%85%B5%E1%84%87%E1%85%B3-%E1%84%82%E1%85%B5%E1%84%90%E1%85%B3-%E1%84%89%E1%85%B3%E1%84%8B%E1%85%B0%E1%84%90%E1%85%A5-p03646003.html,https://static.zara.net/assets/public/87f7/4c67/860d46de998f/9ee39e0276d6/03646003500-p/03646003500-p.jpg?ts=1770643926440,"₩49,900","₩29,900",40,260622,초록,,,,
,false,,ZARA,상의,탑,여성,골지 피티드 니트 탑,https://www.zara.com/kr/ko/%E1%84%91%E1%85%B5%E1%84%90%E1%85%B5%E1%84%83%E1%85%B3%E1%84%92%E1%85%A1%E1%86%AB-%E1%84%85%E1%85%B5%E1%86%B8-%E1%84%82%E1%85%B5%E1%84%90%E1%85%B3-%E1%84%90%E1%85%A1%E1%86%B8-p02756027.html,https://static.zara.net/assets/public/f1b4/5003/e3e540fcaf6a/152a225e1a8f/02756027600-p/02756027600-p.jpg?ts=1770974833427,"₩49,900","₩29,900",40,260622,레드,,,,
,false,,ZARA,상의,니트,여성,브이넥 니트 스웨터,https://www.zara.com/kr/ko/%E1%84%87%E1%85%B3%E1%84%8B%E1%85%B5%E1%84%82%E1%85%A6%E1%86%A8-%E1%84%82%E1%85%B5%E1%84%90%E1%85%B3-%E1%84%89%E1%85%B3%E1%84%8B%E1%85%B0%E1%84%90%E1%85%A5-p05755153.html,https://static.zara.net/assets/public/92b7/dc2d/299f4a048446/218235b4a73a/05755153922-p/05755153922-p.jpg?ts=1766151079064,"₩79,900","₩45,900",43,260622,다크 그레이,,,,
,false,,ZARA,상의,니트,여성,스트라이프 니트 스웨터,https://www.zara.com/kr/ko/%E1%84%89%E1%85%B3%E1%84%90%E1%85%B3%E1%84%85%E1%85%A1%E1%84%8B%E1%85%B5%E1%84%91%E1%85%B3-%E1%84%82%E1%85%B5%E1%84%90%E1%85%B3-%E1%84%89%E1%85%B3%E1%84%8B%E1%85%B0%E1%84%90%E1%85%A5-p02756151.html,https://static.zara.net/assets/public/2a2f/1362/f29941d5ad61/0d3c71d26a17/02756151090-p/02756151090-p.jpg?ts=1766150176048,"₩55,900","₩39,900",29,260622,"샌드,블루",,,,
,false,,ZARA,상의,니트,여성,포인텔 벨 슬리브 니트 스웨터,https://www.zara.com/kr/ko/%E1%84%91%E1%85%A9%E1%84%8B%E1%85%B5%E1%86%AB%E1%84%90%E1%85%A6%E1%86%AF-%E1%84%87%E1%85%A6%E1%86%AF-%E1%84%89%E1%85%B3%E1%86%AF%E1%84%85%E1%85%B5%E1%84%87%E1%85%B3-%E1%84%82%E1%85%B5%E1%84%90%E1%85%B3-%E1%84%89%E1%85%B3%E1%84%8B%E1%85%B0%E1%84%90%E1%85%A5-p03646003.html,https://static.zara.net/assets/public/9499/4f64/1f4b464f84d3/551e9d158ef4/03646003712-p/03646003712-p.jpg?ts=1770643926491,"₩49,900","₩29,900",40,260622,크림,,,,
,false,,ZARA,원피스,원피스,여성,소프트 니트 미니 원피스,https://www.zara.com/kr/ko/%E1%84%89%E1%85%A9%E1%84%91%E1%85%B3%E1%84%90%E1%85%B3-%E1%84%82%E1%85%B5%E1%84%90%E1%85%B3-%E1%84%86%E1%85%B5%E1%84%82%E1%85%B5-%E1%84%8B%E1%85%AF%E1%86%AB%E1%84%91%E1%85%B5%E1%84%89%E1%85%B3-p05536158.html,https://static.zara.net/assets/public/f45b/9ad6/a0e44f1299bb/2ce6b305325c/05536158700-ult/master.m3u8?ts=1765904343037,"₩59,900","₩39,900",33,260622,브라운,,,,
,false,,ZARA,상의,탑,여성,청키 니트 탑,https://www.zara.com/kr/ko/%E1%84%8E%E1%85%A5%E1%86%BC%E1%84%8F%E1%85%B5-%E1%84%82%E1%85%B5%E1%84%90%E1%85%B3-%E1%84%90%E1%85%A1%E1%86%B8-p02893040.html,https://static.zara.net/assets/public/61b0/a156/399d42d49979/973d4e24cdda/02893040712-p/02893040712-p.jpg?ts=1772038874219,"₩45,900","₩29,900",35,260622,크림,,,,
,false,,ZARA,상의,니트,여성,레이스 콤비 롱 니트 스웨터,https://www.zara.com/kr/ko/%E1%84%85%E1%85%A9%E1%86%BC-%E1%84%85%E1%85%A6%E1%84%8B%E1%85%B5%E1%84%89%E1%85%B3-%E1%84%8F%E1%85%A9%E1%86%B7%E1%84%87%E1%85%B5-%E1%84%82%E1%85%B5%E1%84%90%E1%85%B3-%E1%84%89%E1%85%B3%E1%84%8B%E1%85%B0%E1%84%90%E1%85%A5-p02756152.html,https://static.zara.net/assets/public/55a6/d338/ffc741aea752/824412e3730c/02756152802-p/02756152802-p.jpg?ts=1765988283083,"₩89,900","₩49,900",44,260622,그레이,,,,
,false,,ZARA,상의,탑,여성,콤비 슬리브 니트 탑,https://www.zara.com/kr/ko/%E1%84%8F%E1%85%A9%E1%86%B7%E1%84%87%E1%85%B5-%E1%84%89%E1%85%B3%E1%86%AF%E1%84%85%E1%85%B5%E1%84%87%E1%85%B3-%E1%84%82%E1%85%B5%E1%84%90%E1%85%B3-%E1%84%90%E1%85%A1%E1%86%B8-p09598035.html,https://static.zara.net/assets/public/bdda/2fd9/20d64105a6f5/7017bdb54a5f/09598035250-p/09598035250-p.jpg?ts=1772714592282,"₩45,900","₩29,900",35,260622,화이트,,,,
,false,,ZARA,상의,니트,여성,플레인 니트 스웨터,https://www.zara.com/kr/ko/%E1%84%91%E1%85%B3%E1%86%AF%E1%84%85%E1%85%A6%E1%84%8B%E1%85%B5%E1%86%AB-%E1%84%82%E1%85%B5%E1%84%90%E1%85%B3-%E1%84%89%E1%85%B3%E1%84%8B%E1%85%B0%E1%84%90%E1%85%A5-p02142203.html,https://static.zara.net/assets/public/701c/8cb0/04bf46c4b9ce/875e5401d1ba/02142203757-p/02142203757-p.jpg?ts=1765378449874,"₩59,900","₩39,900",33,260622,미디움 밍크,,,,
,false,,ZARA,상의,니트,여성,소프트 니트 쇼트 슬리브 스웨터,https://www.zara.com/kr/ko/%E1%84%89%E1%85%A9%E1%84%91%E1%85%B3%E1%84%90%E1%85%B3-%E1%84%82%E1%85%B5%E1%84%90%E1%85%B3-%E1%84%89%E1%85%AD%E1%84%90%E1%85%B3-%E1%84%89%E1%85%B3%E1%86%AF%E1%84%85%E1%85%B5%E1%84%87%E1%85%B3-%E1%84%89%E1%85%B3%E1%84%8B%E1%85%B0%E1%84%90%E1%85%A5-p05536135.html,https://static.zara.net/assets/public/8685/5e10/b9374067ac30/461346633b70/05536135736-p/05536135736-p.jpg?ts=1764924441989,"₩49,900","₩35,900",28,260622,라이트 밍크,,,,
,false,,ZARA,상의,니트,여성,소프트 니트 쇼트 슬리브 스웨터,https://www.zara.com/kr/ko/%E1%84%89%E1%85%A9%E1%84%91%E1%85%B3%E1%84%90%E1%85%B3-%E1%84%82%E1%85%B5%E1%84%90%E1%85%B3-%E1%84%89%E1%85%AD%E1%84%90%E1%85%B3-%E1%84%89%E1%85%B3%E1%86%AF%E1%84%85%E1%85%B5%E1%84%87%E1%85%B3-%E1%84%89%E1%85%B3%E1%84%8B%E1%85%B0%E1%84%90%E1%85%A5-p05536135.html,https://static.zara.net/assets/public/0481/87d6/ebbb4b17b693/9f7c2bbf7092/05536135800-p/05536135800-p.jpg?ts=1764924444332,"₩49,900","₩35,900",28,260622,블랙,,,,
,false,,ZARA,상의,니트,여성,케이블 니트 스웨터,https://www.zara.com/kr/ko/%E1%84%8F%E1%85%A6%E1%84%8B%E1%85%B5%E1%84%87%E1%85%B3%E1%86%AF-%E1%84%82%E1%85%B5%E1%84%90%E1%85%B3-%E1%84%89%E1%85%B3%E1%84%8B%E1%85%B0%E1%84%90%E1%85%A5-p01509108.html,https://static.zara.net/assets/public/c0a7/3ccf/c9ba4525af9d/48ace6fa4ca1/01509108722-p/01509108722-p.jpg?ts=1759230159801,"₩59,900","₩39,900",33,260622,그레이 밍크,,,,
,false,,ZARA,상의,가디건,여성,아코디언 슬리브 니트 재킷,https://www.zara.com/kr/ko/%E1%84%8B%E1%85%A1%E1%84%8F%E1%85%A9%E1%84%83%E1%85%B5%E1%84%8B%E1%85%A5%E1%86%AB-%E1%84%89%E1%85%B3%E1%86%AF%E1%84%85%E1%85%B5%E1%84%87%E1%85%B3-%E1%84%82%E1%85%B5%E1%84%90%E1%85%B3-%E1%84%8C%E1%85%A2%E1%84%8F%E1%85%B5%E1%86%BA-p05755016.html,https://static.zara.net/assets/public/dbd8/ad0e/902c432ea4d7/bde1f40851ec/05755016406-a1/05755016406-a1.jpg?ts=1772017080722,"₩57,900","₩35,900",38,260622,라이트 블루,,,,
,false,,ZARA,상의,니트,여성,와이드 슬리브 니트 스웨터,https://www.zara.com/kr/ko/%E1%84%8B%E1%85%AA%E1%84%8B%E1%85%B5%E1%84%83%E1%85%B3-%E1%84%89%E1%85%B3%E1%86%AF%E1%84%85%E1%85%B5%E1%84%87%E1%85%B3-%E1%84%82%E1%85%B5%E1%84%90%E1%85%B3-%E1%84%89%E1%85%B3%E1%84%8B%E1%85%B0%E1%84%90%E1%85%A5-p02142037.html,https://static.zara.net/assets/public/1402/0750/a66546e483e9/8aed8042e4cf/02142037712-p/02142037712-p.jpg?ts=1769177014044,"₩59,900","₩39,900",33,260622,크림,,,,
,false,,ZARA,상의,니트,여성,와이드 슬리브 니트 스웨터,https://www.zara.com/kr/ko/%E1%84%8B%E1%85%AA%E1%84%8B%E1%85%B5%E1%84%83%E1%85%B3-%E1%84%89%E1%85%B3%E1%86%AF%E1%84%85%E1%85%B5%E1%84%87%E1%85%B3-%E1%84%82%E1%85%B5%E1%84%90%E1%85%B3-%E1%84%89%E1%85%B3%E1%84%8B%E1%85%B0%E1%84%90%E1%85%A5-p02142037.html,https://static.zara.net/assets/public/aa11/e8cf/0c3c412da7ff/326b32cca2e9/02142037420-p/02142037420-p.jpg?ts=1769177008382,"₩59,900","₩39,900",33,260622,블루,,,,
,false,,ZARA,상의,니트,여성,하이넥 니트 스웨터,https://www.zara.com/kr/ko/%E1%84%92%E1%85%A1%E1%84%8B%E1%85%B5%E1%84%82%E1%85%A6%E1%86%A8-%E1%84%82%E1%85%B5%E1%84%90%E1%85%B3-%E1%84%89%E1%85%B3%E1%84%8B%E1%85%B0%E1%84%90%E1%85%A5-p02756008.html,https://static.zara.net/assets/public/12f2/6c23/2c7c459a89d4/a2b26e0b9f00/02756008737-p/02756008737-p.jpg?ts=1767870006290,"₩59,900","₩39,900",33,260622,"브라운,토프",,,,
,false,,ZARA,상의,니트,여성,레이스 콤비 롱 니트 스웨터,https://www.zara.com/kr/ko/%E1%84%85%E1%85%A9%E1%86%BC-%E1%84%85%E1%85%A6%E1%84%8B%E1%85%B5%E1%84%89%E1%85%B3-%E1%84%8F%E1%85%A9%E1%86%B7%E1%84%87%E1%85%B5-%E1%84%82%E1%85%B5%E1%84%90%E1%85%B3-%E1%84%89%E1%85%B3%E1%84%8B%E1%85%B0%E1%84%90%E1%85%A5-p02756152.html,https://static.zara.net/assets/public/b725/769a/c117461d84e4/8b0ee05c0e02/02756152802-p/02756152802-p.jpg?ts=1762273704535,"₩89,900","₩49,900",44,260622,그레이,,,,
,false,,ZARA,상의,니트,여성,소프트 하이넥 니트 스웨터,https://www.zara.com/kr/ko/%E1%84%89%E1%85%A9%E1%84%91%E1%85%B3%E1%84%90%E1%85%B3-%E1%84%92%E1%85%A1%E1%84%8B%E1%85%B5%E1%84%82%E1%85%A6%E1%86%A8-%E1%84%82%E1%85%B5%E1%84%90%E1%85%B3-%E1%84%89%E1%85%B3%E1%84%8B%E1%85%B0%E1%84%90%E1%85%A5-p02142263.html,https://static.zara.net/assets/public/30e4/76bb/3dff42afb0e6/d3e686e2d6cf/02142263710-p/02142263710-p.jpg?ts=1760440938955,"₩59,900","₩39,900",33,260622,베이지,,,,
,false,,ZARA,상의,가디건,여성,벨트 니트 재킷,https://www.zara.com/kr/ko/%E1%84%87%E1%85%A6%E1%86%AF%E1%84%90%E1%85%B3-%E1%84%82%E1%85%B5%E1%84%90%E1%85%B3-%E1%84%8C%E1%85%A2%E1%84%8F%E1%85%B5%E1%86%BA-p02756100.html,https://static.zara.net/assets/public/db11/541f/a2cd493baff4/f6f3a0b582d7/02756100706-a2/02756100706-a2.jpg?ts=1763725147110,"₩79,900","₩49,900",38,260622,밍크,,,,
,false,,ZARA,상의,니트,여성,소프트 니트 쇼트 슬리브 스웨터,https://www.zara.com/kr/ko/%E1%84%89%E1%85%A9%E1%84%91%E1%85%B3%E1%84%90%E1%85%B3-%E1%84%82%E1%85%B5%E1%84%90%E1%85%B3-%E1%84%89%E1%85%AD%E1%84%90%E1%85%B3-%E1%84%89%E1%85%B3%E1%86%AF%E1%84%85%E1%85%B5%E1%84%87%E1%85%B3-%E1%84%89%E1%85%B3%E1%84%8B%E1%85%B0%E1%84%90%E1%85%A5-p05536135.html,https://static.zara.net/assets/public/26a1/4654/60f94a82a3ab/5d49244e3f7a/05536135620-p/05536135620-p.jpg?ts=1768565309738,"₩49,900","₩35,900",28,260622,로즈핑크,,,,
,false,,ZARA,상의,니트,여성,소프트 니트 쇼트 슬리브 스웨터,https://www.zara.com/kr/ko/%E1%84%89%E1%85%A9%E1%84%91%E1%85%B3%E1%84%90%E1%85%B3-%E1%84%82%E1%85%B5%E1%84%90%E1%85%B3-%E1%84%89%E1%85%AD%E1%84%90%E1%85%B3-%E1%84%89%E1%85%B3%E1%86%AF%E1%84%85%E1%85%B5%E1%84%87%E1%85%B3-%E1%84%89%E1%85%B3%E1%84%8B%E1%85%B0%E1%84%90%E1%85%A5-p05536135.html,https://static.zara.net/assets/public/d2a1/b360/42fe465399a9/5f3339f1d6a4/05536135300-p/05536135300-p.jpg?ts=1768565147246,"₩49,900","₩35,900",28,260622,노랑,,,,
,false,,ZARA,원피스,원피스,여성,미니 니트 원피스,https://www.zara.com/kr/ko/%E1%84%86%E1%85%B5%E1%84%82%E1%85%B5-%E1%84%82%E1%85%B5%E1%84%90%E1%85%B3-%E1%84%8B%E1%85%AF%E1%86%AB%E1%84%91%E1%85%B5%E1%84%89%E1%85%B3-p02142026.html,https://static.zara.net/assets/public/383e/7618/dae6432da6fd/68ba52f88448/02142026737-p/02142026737-p.jpg?ts=1766414790040,"₩59,900","₩39,900",33,260622,"브라운,토프",,,,
,false,,ZARA,원피스,원피스,여성,소프트 니트 미니 원피스,https://www.zara.com/kr/ko/%E1%84%89%E1%85%A9%E1%84%91%E1%85%B3%E1%84%90%E1%85%B3-%E1%84%82%E1%85%B5%E1%84%90%E1%85%B3-%E1%84%86%E1%85%B5%E1%84%82%E1%85%B5-%E1%84%8B%E1%85%AF%E1%86%AB%E1%84%91%E1%85%B5%E1%84%89%E1%85%B3-p05536158.html,https://static.zara.net/assets/public/c336/8f46/8d4d46118506/be5f54675b19/05536158700-p/05536158700-p.jpg?ts=1761834680341,"₩59,900","₩39,900",33,260622,브라운,,,,
,false,,ZARA,상의,니트,여성,플레인 니트 스웨터,https://www.zara.com/kr/ko/%E1%84%91%E1%85%B3%E1%86%AF%E1%84%85%E1%85%A6%E1%84%8B%E1%85%B5%E1%86%AB-%E1%84%82%E1%85%B5%E1%84%90%E1%85%B3-%E1%84%89%E1%85%B3%E1%84%8B%E1%85%B0%E1%84%90%E1%85%A5-p02142203.html,https://static.zara.net/assets/public/52f4/82c5/fb71400790cb/b904f402398e/02142203757-p/02142203757-p.jpg?ts=1760028024147,"₩59,900","₩39,900",33,260622,미디움 밍크,,,,
,false,,ZARA,상의,니트,여성,플레인 니트 스웨터,https://www.zara.com/kr/ko/%E1%84%91%E1%85%B3%E1%86%AF%E1%84%85%E1%85%A6%E1%84%8B%E1%85%B5%E1%86%AB-%E1%84%82%E1%85%B5%E1%84%90%E1%85%B3-%E1%84%89%E1%85%B3%E1%84%8B%E1%85%B0%E1%84%90%E1%85%A5-p02142203.html,https://static.zara.net/assets/public/d806/c671/1c1249bdb323/81e411aa4616/02142203644-p/02142203644-p.jpg?ts=1765880372342,"₩59,900","₩39,900",33,260622,라이트 로즈,,,,
,false,,ZARA,상의,니트,여성,아가일 니트 스웨터,https://www.zara.com/kr/ko/%E1%84%8B%E1%85%A1%E1%84%80%E1%85%A1%E1%84%8B%E1%85%B5%E1%86%AF-%E1%84%82%E1%85%B5%E1%84%90%E1%85%B3-%E1%84%89%E1%85%B3%E1%84%8B%E1%85%B0%E1%84%90%E1%85%A5-p05802101.html,https://static.zara.net/assets/public/4e81/7d68/53ae4d0aabb7/011498c0d210/05802101710-p/05802101710-p.jpg?ts=1765982222000,"₩59,900","₩39,900",33,260622,베이지,,,,
,false,,ZARA,기타,SWEATSHIRT,여성,플레인 니트 스웨트셔츠,https://www.zara.com/kr/ko/%E1%84%91%E1%85%B3%E1%86%AF%E1%84%85%E1%85%A6%E1%84%8B%E1%85%B5%E1%86%AB-%E1%84%82%E1%85%B5%E1%84%90%E1%85%B3-%E1%84%89%E1%85%B3%E1%84%8B%E1%85%B0%E1%84%90%E1%85%B3%E1%84%89%E1%85%A7%E1%84%8E%E1%85%B3-p05536165.html,https://static.zara.net/assets/public/2486/c17f/709e4c358ab3/137f5fb41732/05536165712-p/05536165712-p.jpg?ts=1757414628185,"₩55,900","₩35,900",36,260622,크림,,,,
,false,,ZARA,상의,니트,여성,플레인 니트 스웨터,https://www.zara.com/kr/ko/%E1%84%91%E1%85%B3%E1%86%AF%E1%84%85%E1%85%A6%E1%84%8B%E1%85%B5%E1%86%AB-%E1%84%82%E1%85%B5%E1%84%90%E1%85%B3-%E1%84%89%E1%85%B3%E1%84%8B%E1%85%B0%E1%84%90%E1%85%A5-p02142178.html,https://static.zara.net/assets/public/8989/b226/57dc4659ab1c/32a65e8bd14c/06771102712-p/06771102712-p.jpg?ts=1765449117049,"₩79,900","₩45,900",43,260622,크림,,,,
,false,,ZARA,상의,니트,여성,플레인 니트 하이넥 스웨터,https://www.zara.com/kr/ko/%E1%84%91%E1%85%B3%E1%86%AF%E1%84%85%E1%85%A6%E1%84%8B%E1%85%B5%E1%86%AB-%E1%84%82%E1%85%B5%E1%84%90%E1%85%B3-%E1%84%92%E1%85%A1%E1%84%8B%E1%85%B5%E1%84%82%E1%85%A6%E1%86%A8-%E1%84%89%E1%85%B3%E1%84%8B%E1%85%B0%E1%84%90%E1%85%A5-p02142179.html,https://static.zara.net/assets/public/e527/c9d6/1be748418ada/eb14654b1f87/02142179712-p/02142179712-p.jpg?ts=1765364470607,"₩79,900","₩45,900",43,260622,크림,,,,
,false,,ZARA,기타,WAISTCOAT,여성,골든 버튼 니트 베스트,https://www.zara.com/kr/ko/%E1%84%80%E1%85%A9%E1%86%AF%E1%84%83%E1%85%B3%E1%86%AB-%E1%84%87%E1%85%A5%E1%84%90%E1%85%B3%E1%86%AB-%E1%84%82%E1%85%B5%E1%84%90%E1%85%B3-%E1%84%87%E1%85%A6%E1%84%89%E1%85%B3%E1%84%90%E1%85%B3-p06771124.html,https://static.zara.net/assets/public/e623/f7e4/d9e24dcfb90f/0235c3e67f53/06771124712-p/06771124712-p.jpg?ts=1772465853872,"₩55,900","₩35,900",36,260622,크림,,,,
