platform,is_ranking,rank,brand,main_category,category,gender,product_name,product_detail_url,thumbnail,regular_price,current_price,discount_rate,crawled_at,color,material,details,rating,reviews
,false,,ZARA,원피스,원피스,여성,플라워 자수 플리츠 원피스,https://www.zara.com/kr/ko/%E1%84%91%E1%85%B3%E1%86%AF%E1%84%85%E1%85%A1%E1%84%8B%E1%85%AF-%E1%84%8C%E1%85%A1%E1%84%89%E1%85%AE-%E1%84%91%E1%85%B3%E1%86%AF%E1%84%85%E1%85%B5%E1%84%8E%E1%85%B3-%E1%84%8B%E1%85%AF%E1%86%AB%E1%84%91%E1%85%B5%E1%84%89%E1%85%B3-p05416117.html,https://static.zara.net/assets/public/27a3/76c1/8ff543469064/f0aefc548a0f/05416117251-p/05416117251-p.jpg?ts=1781769338299,"₩109,900",,,260622,스크래치 화이트,,,,
,false,,ZARA,원피스,원피스,여성,레이스 스트랩 원피스,https://www.zara.com/kr/ko/%E1%84%85%E1%85%A6%E1%84%8B%E1%85%B5%E1%84%89%E1%85%B3-%E1%84%89%E1%85%B3%E1%84%90%E1%85%B3%E1%84%85%E1%85%A2%E1%86%B8-%E1%84%8B%E1%85%AF%E1%86%AB%E1%84%91%E1%85%B5%E1%84%89%E1%85%B3-p01758157.html,https://static.zara.net/assets/public/c39b/ddcb/378f4f758db9/ce71fa49f524/01758157971-p/01758157971-p.jpg?ts=1781693733711,"₩169,900",,,260622,석류색,,,,
,false,,ZARA,원피스,원피스,여성,벌룬 슬리브 미니 원피스,https://www.zara.com/kr/ko/%E1%84%87%E1%85%A5%E1%86%AF%E1%84%85%E1%85%AE%E1%86%AB-%E1%84%89%E1%85%B3%E1%86%AF%E1%84%85%E1%85%B5%E1%84%87%E1%85%B3-%E1%84%86%E1%85%B5%E1%84%82%E1%85%B5-%E1%84%8B%E1%85%AF%E1%86%AB%E1%84%91%E1%85%B5%E1%84%89%E1%85%B3-p02175536.html,https://static.zara.net/assets/public/2e8e/61fa/79c54a30bc1a/bd810a32ef3b/02175536800-a2/02175536800-a2.jpg?ts=1781860764580,"₩89,900",,,260622,블랙,,,,
,false,,ZARA,원피스,원피스,여성,새틴 미니 원피스,https://www.zara.com/kr/ko/%E1%84%89%E1%85%A2%E1%84%90%E1%85%B5%E1%86%AB-%E1%84%86%E1%85%B5%E1%84%82%E1%85%B5-%E1%84%8B%E1%85%AF%E1%86%AB%E1%84%91%E1%85%B5%E1%84%89%E1%85%B3-p03897152.html,https://static.zara.net/assets/public/18d6/875e/f47241db8c29/026fb86a3761/03897152800-p/03897152800-p.jpg?ts=1781860765603,"₩59,900",,,260622,블랙,,,,
,false,,ZARA,원피스,원피스,여성,벌룬 슬리브 미니 원피스,https://www.zara.com/kr/ko/%E1%84%87%E1%85%A5%E1%86%AF%E1%84%85%E1%85%AE%E1%86%AB-%E1%84%89%E1%85%B3%E1%86%AF%E1%84%85%E1%85%B5%E1%84%87%E1%85%B3-%E1%84%86%E1%85%B5%E1%84%82%E1%85%B5-%E1%84%8B%E1%85%AF%E1%86%AB%E1%84%91%E1%85%B5%E1%84%89%E1%85%B3-p03897114.html,https://static.zara.net/assets/public/b1e8/8b4e/e8ca4e3f8a06/994d6124b6ce/03897114064-p/03897114064-p.jpg?ts=1775046637893,"₩89,900",,,260622,"화이트,블랙",,,,
,false,,ZARA,원피스,원피스,여성,ZW 컬렉션 셔츠 원피스,https://www.zara.com/kr/ko/zw-%E1%84%8F%E1%85%A5%E1%86%AF%E1%84%85%E1%85%A6%E1%86%A8%E1%84%89%E1%85%A7%E1%86%AB-%E1%84%89%E1%85%A7%E1%84%8E%E1%85%B3-%E1%84%8B%E1%85%AF%E1%86%AB%E1%84%91%E1%85%B5%E1%84%89%E1%85%B3-p04786297.html,https://static.zara.net/assets/public/cb80/1cea/818743b1a33e/41261d52213a/04886161468-p/04886161468-p.jpg?ts=1780048098218,"₩109,900",,,260622,워싱 블루,,,,
,false,,ZARA,원피스,오버롤,여성,루즈핏 포켓 쇼트 점프수트,https://www.zara.com/kr/ko/%E1%84%85%E1%85%AE%E1%84%8C%E1%85%B3-%E1%84%91%E1%85%A9%E1%84%8F%E1%85%A6%E1%86%BA-%E1%84%89%E1%85%AD%E1%84%90%E1%85%B3-%E1%84%8C%E1%85%A5%E1%86%B7%E1%84%91%E1%85%B3%E1%84%89%E1%85%AE%E1%84%90%E1%85%B3-p06929484.html,https://static.zara.net/assets/public/0130/09cc/f0d04148a784/4808d460ac41/06929484406-p/06929484406-p.jpg?ts=1779440427287,"₩59,900",,,260622,라이트 블루,,,,
,false,,ZARA,원피스,원피스,여성,애니멀 프린트 튤 원피스,https://www.zara.com/kr/ko/%E1%84%8B%E1%85%A2%E1%84%82%E1%85%B5%E1%84%86%E1%85%A5%E1%86%AF-%E1%84%91%E1%85%B3%E1%84%85%E1%85%B5%E1%86%AB%E1%84%90%E1%85%B3-%E1%84%90%E1%85%B2%E1%86%AF-%E1%84%8B%E1%85%AF%E1%86%AB%E1%84%91%E1%85%B5%E1%84%89%E1%85%B3-p05039406.html,https://static.zara.net/assets/public/3f9c/9b35/991f42078551/f94c64501e9b/05039406051-a2/05039406051-a2.jpg?ts=1779812388512,"₩89,900",,,260622,표범 무늬,,,,
,false,,ZARA,상의,니트,여성,스트라이프 니트 폴로 원피스,https://www.zara.com/kr/ko/%E1%84%89%E1%85%B3%E1%84%90%E1%85%B3%E1%84%85%E1%85%A1%E1%84%8B%E1%85%B5%E1%84%91%E1%85%B3-%E1%84%82%E1%85%B5%E1%84%90%E1%85%B3-%E1%84%91%E1%85%A9%E1%86%AF%E1%84%85%E1%85%A9-%E1%84%8B%E1%85%AF%E1%86%AB%E1%84%91%E1%85%B5%E1%84%89%E1%85%B3-p05536052.html,https://static.zara.net/assets/public/44df/ced7/dc9b43f189a2/25745f264cc1/05536052104-p/05536052104-p.jpg?ts=1779202391529,"₩59,900",,,260622,스트라이프,,,,
,false,,ZARA,원피스,원피스,여성,홀터넥 러스틱 미니 원피스,https://www.zara.com/kr/ko/%E1%84%85%E1%85%A5%E1%84%89%E1%85%B3%E1%84%90%E1%85%B5%E1%86%A8-%E1%84%92%E1%85%A9%E1%86%AF%E1%84%90%E1%85%A5%E1%84%82%E1%85%A6%E1%86%A8-%E1%84%86%E1%85%B5%E1%84%82%E1%85%B5-%E1%84%8B%E1%85%AF%E1%86%AB%E1%84%91%E1%85%B5%E1%84%89%E1%85%B3-p05029261.html,https://static.zara.net/assets/public/3aa7/72e4/9ddd4130a1fa/6583b4d3172f/05029261715-p/05029261715-p.jpg?ts=1781107139624,"₩59,900",,,260622,미디움 크림,,,,
,false,,ZARA,원피스,원피스,여성,자수 캐미솔 원피스,https://www.zara.com/kr/ko/%E1%84%8C%E1%85%A1%E1%84%89%E1%85%AE-%E1%84%8F%E1%85%A2%E1%84%86%E1%85%B5%E1%84%89%E1%85%A9%E1%86%AF-%E1%84%8B%E1%85%AF%E1%86%AB%E1%84%91%E1%85%B5%E1%84%89%E1%85%B3-p03666123.html,https://static.zara.net/assets/public/ba4e/1752/1e314d4c8003/7b512d5d2827/03666123712-p/03666123712-p.jpg?ts=1781106114738,"₩89,900",,,260622,크림,,,,
,false,,ZARA,원피스,원피스,여성,린넨 롱 캐미솔 탑,https://www.zara.com/kr/ko/%E1%84%85%E1%85%B5%E1%86%AB%E1%84%82%E1%85%A6%E1%86%AB-%E1%84%85%E1%85%A9%E1%86%BC-%E1%84%8F%E1%85%A2%E1%84%86%E1%85%B5%E1%84%89%E1%85%A9%E1%86%AF-%E1%84%90%E1%85%A1%E1%86%B8-p03666097.html,https://static.zara.net/assets/public/1f13/cc3b/aec04ea8bee3/50163ac435a8/03666097807-p/03666097807-p.jpg?ts=1781106111560,"₩57,900",,,260622,콜 그레이,,,,
,false,,ZARA,원피스,원피스,여성,도트 원피스 - 더 아이템 자라 우먼,https://www.zara.com/kr/ko/%E1%84%83%E1%85%A9%E1%84%90%E1%85%B3-%E1%84%8B%E1%85%AF%E1%86%AB%E1%84%91%E1%85%B5%E1%84%89%E1%85%B3---zara-woman-p02517151.html,https://static.zara.net/assets/public/1ce8/489c/b3ab4f53af29/82a32ceaa888/02517151727-a15/02517151727-a15.jpg?ts=1780051318403,"₩169,900",,,260622,바닐라,,,,
,false,,ZARA,원피스,원피스,여성,볼륨 미디 원피스,https://www.zara.com/kr/ko/%E1%84%87%E1%85%A9%E1%86%AF%E1%84%85%E1%85%B2%E1%86%B7-%E1%84%86%E1%85%B5%E1%84%83%E1%85%B5-%E1%84%8B%E1%85%AF%E1%86%AB%E1%84%91%E1%85%B5%E1%84%89%E1%85%B3-p03152360.html,https://static.zara.net/assets/public/0cc9/ea6f/2ce54b2eb7c1/d4762cf44a0b/03152360778-p/03152360778-p.jpg?ts=1771582173451,"₩79,900",,,260622,코냑,,,,
,false,,ZARA,원피스,원피스,여성,루즈 롱 원피스,https://www.zara.com/kr/ko/%E1%84%85%E1%85%AE%E1%84%8C%E1%85%B3-%E1%84%85%E1%85%A9%E1%86%BC-%E1%84%8B%E1%85%AF%E1%86%AB%E1%84%91%E1%85%B5%E1%84%89%E1%85%B3-p04772340.html,https://static.zara.net/assets/public/1f92/39e7/a4324c949988/59ca3412d22e/04772340409-a2/04772340409-a2.jpg?ts=1771582178341,"₩79,900",,,260622,콜차르,,,,
,false,,ZARA,원피스,원피스,여성,ZW 컬렉션 도트 미디 원피스,https://www.zara.com/kr/ko/zw-%E1%84%8F%E1%85%A5%E1%86%AF%E1%84%85%E1%85%A6%E1%86%A8%E1%84%89%E1%85%A7%E1%86%AB-%E1%84%83%E1%85%A9%E1%84%90%E1%85%B3-%E1%84%86%E1%85%B5%E1%84%83%E1%85%B5-%E1%84%8B%E1%85%AF%E1%86%AB%E1%84%91%E1%85%B5%E1%84%89%E1%85%B3-p04437055.html,https://static.zara.net/assets/public/8429/1428/154f4db482a3/6d29c2e60d24/04437055084-p/04437055084-p.jpg?ts=1772191098062,"₩109,900",,,260622,"블랙,화이트",,,,
,false,,ZARA,원피스,원피스,여성,ZW 컬렉션 새틴 레이스 원피스,https://www.zara.com/kr/ko/zw-%E1%84%8F%E1%85%A5%E1%86%AF%E1%84%85%E1%85%A6%E1%86%A8%E1%84%89%E1%85%A7%E1%86%AB-%E1%84%89%E1%85%A2%E1%84%90%E1%85%B5%E1%86%AB-%E1%84%85%E1%85%A6%E1%84%8B%E1%85%B5%E1%84%89%E1%85%B3-%E1%84%8B%E1%85%AF%E1%86%AB%E1%84%91%E1%85%B5%E1%84%89%E1%85%B3-p02678047.html,https://static.zara.net/assets/public/86fa/d222/413d40b8b2e9/44539b23649f/02678047800-a3/02678047800-a3.jpg?ts=1778168158415,"₩89,900",,,260622,블랙,,,,
,false,,ZARA,원피스,원피스,여성,프릴 체크 미니 원피스,https://www.zara.com/kr/ko/%E1%84%8E%E1%85%A6%E1%84%8F%E1%85%B3-%E1%84%91%E1%85%B3%E1%84%85%E1%85%B5%E1%86%AF-%E1%84%86%E1%85%B5%E1%84%82%E1%85%B5-%E1%84%8B%E1%85%AF%E1%86%AB%E1%84%91%E1%85%B5%E1%84%89%E1%85%B3-p03067318.html,https://static.zara.net/assets/public/d122/71c8/30384f6e8fb8/59313c5af9aa/03067318049-p/03067318049-p.jpg?ts=1768232117515,"₩59,900",,,260622,브라운-블루,,,,
,false,,ZARA,원피스,원피스,여성,프릴 체크 미니 원피스,https://www.zara.com/kr/ko/%E1%84%91%E1%85%B3%E1%84%85%E1%85%B5%E1%86%AF-%E1%84%8E%E1%85%A6%E1%84%8F%E1%85%B3-%E1%84%86%E1%85%B5%E1%84%82%E1%85%B5-%E1%84%8B%E1%85%AF%E1%86%AB%E1%84%91%E1%85%B5%E1%84%89%E1%85%B3-p02180301.html,https://static.zara.net/assets/public/8d4e/fee1/ab6345ee87c7/96e92cb9352a/02180301111-p/02180301111-p.jpg?ts=1768232114794,"₩59,900",,,260622,그레이,,,,
,false,,ZARA,원피스,원피스,여성,새틴 트임 미니 원피스,https://www.zara.com/kr/ko/%E1%84%89%E1%85%A2%E1%84%90%E1%85%B5%E1%86%AB-%E1%84%90%E1%85%B3%E1%84%8B%E1%85%B5%E1%86%B7-%E1%84%86%E1%85%B5%E1%84%82%E1%85%B5-%E1%84%8B%E1%85%AF%E1%86%AB%E1%84%91%E1%85%B5%E1%84%89%E1%85%B3-p07812332.html,https://static.zara.net/assets/public/14c3/a1c1/421448569732/ffd4f4172b25/07812332800-p/07812332800-p.jpg?ts=1780916904485,"₩59,900",,,260622,블랙,,,,
,false,,ZARA,원피스,원피스,여성,CARAMEL LONDON X ZARA 콜라보 체크 원피스,https://www.zara.com/kr/ko/caramel-london-x-zara-%E1%84%8F%E1%85%A9%E1%86%AF%E1%84%85%E1%85%A1%E1%84%87%E1%85%A9-%E1%84%8E%E1%85%A6%E1%84%8F%E1%85%B3-%E1%84%8B%E1%85%AF%E1%86%AB%E1%84%91%E1%85%B5%E1%84%89%E1%85%B3-p00251784.html,https://static.zara.net/assets/public/c778/def4/5cc2486d8ba8/9c86cfc9456b/00251784400-a1/00251784400-a1.jpg?ts=1779966945671,"₩169,900",,,260622,블루,,,,
,false,,ZARA,원피스,원피스,여성,CARAMEL LONDON X ZARA 100% 린넨 원피스,https://www.zara.com/kr/ko/caramel-london-x-zara-100-%E1%84%85%E1%85%B5%E1%86%AB%E1%84%82%E1%85%A6%E1%86%AB-%E1%84%8B%E1%85%AF%E1%86%AB%E1%84%91%E1%85%B5%E1%84%89%E1%85%B3-p02515909.html,https://static.zara.net/assets/public/b7e2/5ce1/7cc944938ac0/6b09a1649bd4/02515909717-p/02515909717-p.jpg?ts=1779966940265,"₩149,900",,,260622,초콜렛,,,,
,false,,ZARA,원피스,원피스,여성,CARAMEL LONDON X ZARA 스트라이프 원피스,https://www.zara.com/kr/ko/caramel-london-x-zara-%E1%84%89%E1%85%B3%E1%84%90%E1%85%B3%E1%84%85%E1%85%A1%E1%84%8B%E1%85%B5%E1%84%91%E1%85%B3-%E1%84%8B%E1%85%AF%E1%86%AB%E1%84%91%E1%85%B5%E1%84%89%E1%85%B3-p02516149.html,https://static.zara.net/assets/public/0895/e67f/5ac0464aa538/65e6d597f2de/02516149104-p/02516149104-p.jpg?ts=1779966946143,"₩129,900",,,260622,스트라이프,,,,
,false,,ZARA,원피스,원피스,여성,CARAMEL LONDON X ZARA 실크 원피스,https://www.zara.com/kr/ko/created-by-caramel-london-x-zara-100-%E1%84%89%E1%85%B5%E1%86%AF%E1%84%8F%E1%85%B3-%E1%84%8B%E1%85%AF%E1%86%AB%E1%84%91%E1%85%B5%E1%84%89%E1%85%B3-p00251103.html,https://static.zara.net/assets/public/7e09/a277/5dfe4f708317/aee8b993b483/00251103020-p/00251103020-p.jpg?ts=1779966936964,"₩189,900",,,260622,프린트,,,,
,false,,ZARA,원피스,원피스,여성,CREATED BY CARAMEL LONDON X ZARA 100% 린넨 원피스,https://www.zara.com/kr/ko/caramel-london-x-zara-100-%E1%84%85%E1%85%B5%E1%86%AB%E1%84%82%E1%85%A6%E1%86%AB-%E1%84%8B%E1%85%AF%E1%86%AB%E1%84%91%E1%85%B5%E1%84%89%E1%85%B3-p02515909.html,https://static.zara.net/assets/public/87e5/3930/fa8c4c08a9a1/53e105d2fcd3/02515909712-p/02515909712-p.jpg?ts=1779966945564,"₩149,900",,,260622,크림,,,,
,false,,ZARA,원피스,원피스,여성,레이스 미디 캐미솔 원피스,https://www.zara.com/kr/ko/%E1%84%85%E1%85%A6%E1%84%8B%E1%85%B5%E1%84%89%E1%85%B3-%E1%84%83%E1%85%B5%E1%84%90%E1%85%A6%E1%84%8B%E1%85%B5%E1%86%AF-%E1%84%86%E1%85%B5%E1%84%83%E1%85%B5-%E1%84%8F%E1%85%A2%E1%84%86%E1%85%B5%E1%84%89%E1%85%A9%E1%86%AF-%E1%84%8B%E1%85%AF%E1%86%AB%E1%84%91%E1%85%B5%E1%84%89%E1%85%B3-p07969045.html,https://static.zara.net/assets/public/bbec/fee9/09d54b86b9fd/d02e2f80ce17/07969045712-p/07969045712-p.jpg?ts=1780488822260,"₩89,900",,,260622,크림,,,,
,false,,ZARA,원피스,원피스,여성,비즈 루즈 원피스,https://www.zara.com/kr/ko/%E1%84%87%E1%85%B5%E1%84%8C%E1%85%B3-%E1%84%85%E1%85%AE%E1%84%8C%E1%85%B3-%E1%84%8B%E1%85%AF%E1%86%AB%E1%84%91%E1%85%B5%E1%84%89%E1%85%B3-p05029244.html,https://static.zara.net/assets/public/38d4/8a67/fa644173aa79/8e74f67958ec/05029244604-a6/05029244604-a6.jpg?ts=1780488503589,"₩89,900",,,260622,라이트 석류,,,,
,false,,ZARA,원피스,원피스,여성,언밸런스 미디 원피스,https://www.zara.com/kr/ko/%E1%84%8B%E1%85%A5%E1%86%AB%E1%84%87%E1%85%A2%E1%86%AF%E1%84%85%E1%85%A5%E1%86%AB%E1%84%89%E1%85%B3-%E1%84%86%E1%85%B5%E1%84%83%E1%85%B5-%E1%84%8B%E1%85%AF%E1%86%AB%E1%84%91%E1%85%B5%E1%84%89%E1%85%B3-p02359322.html,https://static.zara.net/assets/public/567d/e428/e23e452892e7/f2fc40c33b7d/02359322800-a2/02359322800-a2.jpg?ts=1773657395954,"₩89,900",,,260622,블랙,,,,
,false,,ZARA,원피스,원피스,여성,스트랩 콤비 원피스,https://www.zara.com/kr/ko/%E1%84%89%E1%85%B3%E1%84%90%E1%85%B3%E1%84%85%E1%85%A2%E1%86%B8-%E1%84%8F%E1%85%A9%E1%86%B7%E1%84%87%E1%85%B5-%E1%84%8B%E1%85%AF%E1%86%AB%E1%84%91%E1%85%B5%E1%84%89%E1%85%B3-p08741060.html,https://static.zara.net/assets/public/1018/de02/3f7f49c88c49/25c831475241/08741060800-p/08741060800-p.jpg?ts=1773414607111,"₩59,900",,,260622,블랙,,,,
,false,,ZARA,원피스,원피스,여성,플리츠 자카드 원피스,https://www.zara.com/kr/ko/%E1%84%91%E1%85%B3%E1%86%AF%E1%84%85%E1%85%B5%E1%84%8E%E1%85%B3-%E1%84%8C%E1%85%A1%E1%84%8F%E1%85%A1%E1%84%83%E1%85%B3-%E1%84%8B%E1%85%AF%E1%86%AB%E1%84%91%E1%85%B5%E1%84%89%E1%85%B3-p04770160.html,https://static.zara.net/assets/public/8962/d122/2b0145678c3d/658ebe2c01c0/04770160712-p/04770160712-p.jpg?ts=1773826968603,"₩55,900",,,260622,크림,,,,
,false,,ZARA,원피스,원피스,여성,홀터넥 스트럭처 원피스,https://www.zara.com/kr/ko/%E1%84%92%E1%85%A9%E1%86%AF%E1%84%90%E1%85%A5%E1%84%82%E1%85%A6%E1%86%A8-%E1%84%89%E1%85%B3%E1%84%90%E1%85%B3%E1%84%85%E1%85%A5%E1%86%A8%E1%84%8E%E1%85%A5-%E1%84%8B%E1%85%AF%E1%86%AB%E1%84%91%E1%85%B5%E1%84%89%E1%85%B3-p05039269.html,https://static.zara.net/assets/public/c977/52de/e50a4af2a4bf/f909c2c5a6c2/05039269500-p/05039269500-p.jpg?ts=1773826970257,"₩59,900",,,260622,초록,,,,
,false,,ZARA,원피스,원피스,여성,ZW 컬렉션 새틴 홀터넥 원피스,https://www.zara.com/kr/ko/zw-%E1%84%8F%E1%85%A5%E1%86%AF%E1%84%85%E1%85%A6%E1%86%A8%E1%84%89%E1%85%A7%E1%86%AB-%E1%84%89%E1%85%A2%E1%84%90%E1%85%B5%E1%86%AB-%E1%84%92%E1%85%A9%E1%86%AF%E1%84%90%E1%85%A5%E1%84%82%E1%85%A6%E1%86%A8-%E1%84%8B%E1%85%AF%E1%86%AB%E1%84%91%E1%85%B5%E1%84%89%E1%85%B3-p02111987.html,https://static.zara.net/assets/public/119c/2af2/94ad4d99806d/697154be83c2/02111987800-1-p/02111987800-1-p.jpg?ts=1778066665841,"₩89,900",,,260622,블랙,,,,
,false,,ZARA,원피스,원피스,여성,ZW 컬렉션 새틴 홀터넥 원피스,https://www.zara.com/kr/ko/zw-%E1%84%8F%E1%85%A5%E1%86%AF%E1%84%85%E1%85%A6%E1%86%A8%E1%84%89%E1%85%A7%E1%86%AB-%E1%84%89%E1%85%A2%E1%84%90%E1%85%B5%E1%86%AB-%E1%84%92%E1%85%A9%E1%86%AF%E1%84%90%E1%85%A5%E1%84%82%E1%85%A6%E1%86%A8-%E1%84%8B%E1%85%AF%E1%86%AB%E1%84%91%E1%85%B5%E1%84%89%E1%85%B3-p02111987.html,https://static.zara.net/assets/public/dfee/e7cf/9e1c40888926/7fff6ce50b99/02111987800-p/02111987800-p.jpg?ts=1778063229317,"₩89,900",,,260622,블랙,,,,
,false,,ZARA,원피스,원피스,여성,코르셋 도트 미디 원피스,https://www.zara.com/kr/ko/%E1%84%8F%E1%85%A9%E1%84%85%E1%85%B3%E1%84%89%E1%85%A6%E1%86%BA-%E1%84%83%E1%85%A9%E1%84%90%E1%85%B3-%E1%84%86%E1%85%B5%E1%84%83%E1%85%B5-%E1%84%8B%E1%85%AF%E1%86%AB%E1%84%91%E1%85%B5%E1%84%89%E1%85%B3-p03897118.html,https://static.zara.net/assets/public/c294/3e51/b9d248b891ae/231ceff06f99/03897118064-p/03897118064-p.jpg?ts=1776163240470,"₩59,900",,,260622,"화이트,블랙",,,,
,false,,ZARA,원피스,원피스,여성,루즈 롱 원피스,https://www.zara.com/kr/ko/%E1%84%85%E1%85%AE%E1%84%8C%E1%85%B3-%E1%84%85%E1%85%A9%E1%86%BC-%E1%84%8B%E1%85%AF%E1%86%AB%E1%84%91%E1%85%B5%E1%84%89%E1%85%B3-p05644026.html,https://static.zara.net/assets/public/965b/da84/e5db4eda9889/fb1a8a6ef203/05644026800-p/05644026800-p.jpg?ts=1772726934113,"₩59,900",,,260622,블랙,,,,
,false,,ZARA,원피스,원피스,여성,조젯 스카프 스트랩 롱 원피스,https://www.zara.com/kr/ko/%E1%84%8C%E1%85%A9%E1%84%8C%E1%85%A6%E1%86%BA-%E1%84%89%E1%85%B3%E1%84%8F%E1%85%A1%E1%84%91%E1%85%B3-%E1%84%89%E1%85%B3%E1%84%90%E1%85%B3%E1%84%85%E1%85%A2%E1%86%B8-%E1%84%85%E1%85%A9%E1%86%BC-%E1%84%8B%E1%85%AF%E1%86%AB%E1%84%91%E1%85%B5%E1%84%89%E1%85%B3-p07768109.html,https://static.zara.net/assets/public/65e3/8fd8/44f2427fba11/a23f00c0e57a/07768109520-p/07768109520-p.jpg?ts=1779440315466,"₩79,900",,,260622,라임,,,,
,false,,ZARA,원피스,원피스,여성,플루이드 스트랩 미디 원피스,https://www.zara.com/kr/ko/%E1%84%91%E1%85%B3%E1%86%AF%E1%84%85%E1%85%AE%E1%84%8B%E1%85%B5%E1%84%83%E1%85%B3-%E1%84%86%E1%85%B5%E1%84%83%E1%85%B5-%E1%84%89%E1%85%B3%E1%84%90%E1%85%B3%E1%84%85%E1%85%A2%E1%86%B8-%E1%84%8B%E1%85%AF%E1%86%AB%E1%84%91%E1%85%B5%E1%84%89%E1%85%B3-p02958163.html,https://static.zara.net/assets/public/47c1/0584/b20d46b0bcd5/789ea7ad582f/02958163687-p/02958163687-p.jpg?ts=1779440415655,"₩89,900",,,260622,페일 로즈,,,,
,false,,ZARA,원피스,원피스,여성,벨트 미디 원피스,https://www.zara.com/kr/ko/%E1%84%87%E1%85%A6%E1%86%AF%E1%84%90%E1%85%B3-%E1%84%86%E1%85%B5%E1%84%83%E1%85%B5-%E1%84%8B%E1%85%AF%E1%86%AB%E1%84%91%E1%85%B5%E1%84%89%E1%85%B3-p02756144.html,https://static.zara.net/assets/public/0523/6cf7/a631447780b0/995c05bef56d/02756144802-p/02756144802-p.jpg?ts=1765455864057,"₩89,900",,,260622,그레이,,,,
,false,,ZARA,원피스,원피스,여성,린넨 슬리브리스 미디 원피스,https://www.zara.com/kr/ko/%E1%84%85%E1%85%B5%E1%86%AB%E1%84%82%E1%85%A6%E1%86%AB-%E1%84%89%E1%85%B3%E1%86%AF%E1%84%85%E1%85%B5%E1%84%87%E1%85%B3%E1%84%85%E1%85%B5%E1%84%89%E1%85%B3-%E1%84%86%E1%85%B5%E1%84%83%E1%85%B5-%E1%84%8B%E1%85%AF%E1%86%AB%E1%84%91%E1%85%B5%E1%84%89%E1%85%B3-p02663801.html,https://static.zara.net/assets/public/b89c/f29f/790d4e2a9d6d/b601d57c1c04/02663801428-ult/02663801428-ult.jpg?ts=1772801217074,"₩89,900",,,260622,워싱 블루,,,,
,false,,ZARA,원피스,원피스,여성,루즈 프릴 미니 원피스,https://www.zara.com/kr/ko/%E1%84%85%E1%85%AE%E1%84%8C%E1%85%B3-%E1%84%91%E1%85%B3%E1%86%AF%E1%84%85%E1%85%AE%E1%84%8B%E1%85%B5%E1%84%83%E1%85%B3-%E1%84%86%E1%85%B5%E1%84%82%E1%85%B5-%E1%84%91%E1%85%B3%E1%84%85%E1%85%B5%E1%86%AF-%E1%84%8B%E1%85%AF%E1%86%AB%E1%84%91%E1%85%B5%E1%84%89%E1%85%B3-p06929189.html,https://static.zara.net/assets/public/b366/1973/233247a1a144/4082ed555fc5/06929189406-p/06929189406-p.jpg?ts=1778686144280,"₩59,900",,,260622,라이트 블루,,,,
,false,,ZARA,원피스,원피스,여성,스트랩 개더 미니 원피스,https://www.zara.com/kr/ko/%E1%84%80%E1%85%A5%E1%84%8C%E1%85%B3-%E1%84%89%E1%85%B3%E1%84%90%E1%85%B3%E1%84%85%E1%85%A2%E1%86%B8-%E1%84%86%E1%85%B5%E1%84%82%E1%85%B5-%E1%84%8B%E1%85%AF%E1%86%AB%E1%84%91%E1%85%B5%E1%84%89%E1%85%B3-p00881324.html,https://static.zara.net/assets/public/2767/3d2a/5f004e3e823a/ccc326cbea5f/00881324629-p/00881324629-p.jpg?ts=1778686136948,"₩59,900",,,260622,라일락,,,,
,false,,ZARA,원피스,원피스,여성,콤비 미디 원피스,https://www.zara.com/kr/ko/%E1%84%8F%E1%85%A9%E1%86%B7%E1%84%87%E1%85%B5-%E1%84%86%E1%85%B5%E1%84%83%E1%85%B5-%E1%84%8B%E1%85%AF%E1%86%AB%E1%84%91%E1%85%B5%E1%84%89%E1%85%B3-p03897187.html,https://static.zara.net/assets/public/30e1/2c62/4e6c43b0a193/d5127b36f157/03897187809-p/03897187809-p.jpg?ts=1768567583312,"₩89,900",,,260622,미디움 그레이,,,,
,false,,ZARA,원피스,원피스,여성,나일론 홀터넥 원피스,https://www.zara.com/kr/ko/%E1%84%82%E1%85%A1%E1%84%8B%E1%85%B5%E1%86%AF%E1%84%85%E1%85%A9%E1%86%AB-%E1%84%92%E1%85%A9%E1%86%AF%E1%84%90%E1%85%A5%E1%84%82%E1%85%A6%E1%86%A8-%E1%84%8B%E1%85%AF%E1%86%AB%E1%84%91%E1%85%B5%E1%84%89%E1%85%B3-p04772390.html,https://static.zara.net/assets/public/0266/079f/916749a187ce/88db998e0e1f/04772390712-p/04772390712-p.jpg?ts=1774371059086,"₩59,900",,,260622,크림,,,,
,false,,ZARA,원피스,원피스,여성,포플린 스트랩 미니 원피스,https://www.zara.com/kr/ko/%E1%84%89%E1%85%B3%E1%84%90%E1%85%B3%E1%84%85%E1%85%A2%E1%86%B8-%E1%84%91%E1%85%A9%E1%84%91%E1%85%B3%E1%86%AF%E1%84%85%E1%85%B5%E1%86%AB-%E1%84%86%E1%85%B5%E1%84%82%E1%85%B5-%E1%84%8B%E1%85%AF%E1%86%AB%E1%84%91%E1%85%B5%E1%84%89%E1%85%B3-p00881306.html,https://static.zara.net/assets/public/cfb0/43e3/439441279e7c/1d8a93c6e53e/00881306912-p/00881306912-p.jpg?ts=1774371046326,"₩55,900",,,260622,라이트 그린,,,,
,false,,ZARA,원피스,원피스,여성,프릴 미니 원피스,https://www.zara.com/kr/ko/%E1%84%91%E1%85%B3%E1%84%85%E1%85%B5%E1%86%AF-%E1%84%86%E1%85%B5%E1%84%82%E1%85%B5-%E1%84%8B%E1%85%AF%E1%86%AB%E1%84%91%E1%85%B5%E1%84%89%E1%85%B3-p07521329.html,https://static.zara.net/assets/public/c971/600e/ac3341828cb3/b5a0e1ef42b5/07521329250-p/07521329250-p.jpg?ts=1775052086854,"₩59,900",,,260622,화이트,,,,
,false,,ZARA,원피스,원피스,여성,도트 케이프 스커트 홀터넥 원피스,https://www.zara.com/kr/ko/%E1%84%92%E1%85%A9%E1%86%AF%E1%84%90%E1%85%A5%E1%84%82%E1%85%A6%E1%86%A8-%E1%84%91%E1%85%B3%E1%86%AF%E1%84%85%E1%85%A6%E1%84%8B%E1%85%A5-%E1%84%89%E1%85%B3%E1%84%8F%E1%85%A5%E1%84%90%E1%85%B3-%E1%84%8B%E1%85%AF%E1%86%AB%E1%84%91%E1%85%B5%E1%84%89%E1%85%B3-p04772385.html,https://static.zara.net/assets/public/5a6b/9f54/795a4a5c9678/e348c7a28fb6/02180384084-p/02180384084-p.jpg?ts=1778139022864,"₩59,900",,,260622,"블랙,화이트",,,,
,false,,ZARA,원피스,원피스,여성,코르셋 포플린 미디 원피스,https://www.zara.com/kr/ko/%E1%84%8F%E1%85%A9%E1%84%85%E1%85%B3%E1%84%89%E1%85%A6%E1%86%BA-%E1%84%91%E1%85%A9%E1%84%91%E1%85%B3%E1%86%AF%E1%84%85%E1%85%B5%E1%86%AB-%E1%84%86%E1%85%B5%E1%84%83%E1%85%B5-%E1%84%8B%E1%85%AF%E1%86%AB%E1%84%91%E1%85%B5%E1%84%89%E1%85%B3-p02804035.html,https://static.zara.net/assets/public/4714/b2f7/e6f0443b86fd/652ef61515f6/02804035250-p/02804035250-p.jpg?ts=1778081978519,"₩79,900",,,260622,화이트,,,,
,false,,ZARA,원피스,원피스,여성,플라워 프린트 미니 원피스,https://www.zara.com/kr/ko/%E1%84%91%E1%85%B3%E1%86%AF%E1%84%85%E1%85%A1%E1%84%8B%E1%85%AF-%E1%84%91%E1%85%A2%E1%84%90%E1%85%A5%E1%86%AB-%E1%84%87%E1%85%A9%E1%86%AF%E1%84%85%E1%85%B2%E1%86%B7-%E1%84%8B%E1%85%AF%E1%86%AB%E1%84%91%E1%85%B5%E1%84%89%E1%85%B3-p02326422.html,https://static.zara.net/assets/public/8fdd/f91f/04824de4859a/ef2974c24e6d/02795332080-p/02795332080-p.jpg?ts=1777903876748,"₩59,900",,,260622,"크림,블루",,,,
,false,,ZARA,원피스,원피스,여성,미니 자수 포플린 원피스,https://www.zara.com/kr/ko/%E1%84%86%E1%85%B5%E1%84%82%E1%85%B5-%E1%84%8C%E1%85%A1%E1%84%89%E1%85%AE-%E1%84%91%E1%85%A9%E1%84%91%E1%85%B3%E1%86%AF%E1%84%85%E1%85%B5%E1%86%AB-%E1%84%8B%E1%85%AF%E1%86%AB%E1%84%91%E1%85%B5%E1%84%89%E1%85%B3-p05770052.html,https://static.zara.net/assets/public/b92d/cdc5/dcd8482cb49e/5c10737360df/05770052700-p/05770052700-p.jpg?ts=1775748385638,"₩79,900",,,260622,브라운,,,,
,false,,ZARA,원피스,원피스,여성,Z1975 벨티드 데님 미니 원피스,https://www.zara.com/kr/ko/z1975-%E1%84%87%E1%85%A6%E1%86%AF%E1%84%90%E1%85%B3-%E1%84%83%E1%85%A6%E1%84%82%E1%85%B5%E1%86%B7-%E1%84%86%E1%85%B5%E1%84%82%E1%85%B5-%E1%84%8B%E1%85%AF%E1%86%AB%E1%84%91%E1%85%B5%E1%84%89%E1%85%B3-p01934025.html,https://static.zara.net/assets/public/4de0/f6d1/f8fd47c6bf6e/99292ff4f7d1/01934025407-p/01934025407-p.jpg?ts=1775808758970,"₩59,900",,,260622,블루,,,,
,false,,ZARA,원피스,원피스,여성,ZW 컬렉션 새틴 홀터넥 원피스,https://www.zara.com/kr/ko/zw-%E1%84%8F%E1%85%A5%E1%86%AF%E1%84%85%E1%85%A6%E1%86%A8%E1%84%89%E1%85%A7%E1%86%AB-%E1%84%89%E1%85%A2%E1%84%90%E1%85%B5%E1%86%AB-%E1%84%92%E1%85%A9%E1%86%AF%E1%84%90%E1%85%A5%E1%84%82%E1%85%A6%E1%86%A8-%E1%84%8B%E1%85%AF%E1%86%AB%E1%84%91%E1%85%B5%E1%84%89%E1%85%B3-p02172560.html,https://static.zara.net/assets/public/4c7a/380e/0ff84e9c8d64/5fa3f716fee8/02172560300-p/02172560300-p.jpg?ts=1779294981301,"₩89,900",,,260622,노랑,,,,
,false,,ZARA,원피스,원피스,여성,프릴 미디 원피스 ZW 컬렉션,https://www.zara.com/kr/ko/%E1%84%91%E1%85%B3%E1%84%85%E1%85%B5%E1%86%AF-%E1%84%86%E1%85%B5%E1%84%83%E1%85%B5-%E1%84%8B%E1%85%AF%E1%86%AB%E1%84%91%E1%85%B5%E1%84%89%E1%85%B3-zw-%E1%84%8F%E1%85%A5%E1%86%AF%E1%84%85%E1%85%A6%E1%86%A8%E1%84%89%E1%85%A7%E1%86%AB-p02022828.html,https://static.zara.net/assets/public/657c/6c36/59094e2b875b/1e8ffc0719cf/02022828715-p/02022828715-p.jpg?ts=1779274121840,"₩89,900",,,260622,미디움 크림,,,,
,false,,ZARA,원피스,원피스,여성,언밸런스 니트 원피스,https://www.zara.com/kr/ko/%E1%84%8B%E1%85%A5%E1%86%AB%E1%84%87%E1%85%A2%E1%86%AF%E1%84%85%E1%85%A5%E1%86%AB%E1%84%89%E1%85%B3-%E1%84%82%E1%85%B5%E1%84%90%E1%85%B3-%E1%84%8B%E1%85%AF%E1%86%AB%E1%84%91%E1%85%B5%E1%84%89%E1%85%B3-p03456012.html,https://static.zara.net/assets/public/dd20/1b36/76ab42d1b334/8e7d28f6c7ac/03456012600-p/03456012600-p.jpg?ts=1779274079140,"₩59,900",,,260622,레드,,,,
,false,,ZARA,원피스,원피스,여성,인터록 미니 원피스,https://www.zara.com/kr/ko/%E1%84%8B%E1%85%B5%E1%86%AB%E1%84%90%E1%85%A5%E1%84%85%E1%85%A9%E1%86%A8-%E1%84%86%E1%85%B5%E1%84%82%E1%85%B5-%E1%84%8B%E1%85%AF%E1%86%AB%E1%84%91%E1%85%B5%E1%84%89%E1%85%B3-p02335162.html,https://static.zara.net/assets/public/4352/b3e7/a8d44b87b5b9/a7ae6b44af02/02335162717-p/02335162717-p.jpg?ts=1770642824543,"₩49,900",,,260622,초콜렛,,,,
,false,,ZARA,원피스,원피스,여성,포플린 리본 미디 원피스,https://www.zara.com/kr/ko/%E1%84%91%E1%85%B3%E1%86%AF%E1%84%85%E1%85%B5%E1%84%8E%E1%85%B3-%E1%84%91%E1%85%A9%E1%84%91%E1%85%B3%E1%86%AF%E1%84%85%E1%85%B5%E1%86%AB-%E1%84%86%E1%85%B5%E1%84%83%E1%85%B5-%E1%84%8B%E1%85%AF%E1%86%AB%E1%84%91%E1%85%B5%E1%84%89%E1%85%B3-p05029241.html,https://static.zara.net/assets/public/dcdc/1962/f4924510b6d2/22128137259c/05029241645-p/05029241645-p.jpg?ts=1775808799376,"₩79,900",,,260622,미디움 로즈,,,,
,false,,ZARA,원피스,원피스,여성,ZW 컬렉션 린넨 미디 원피스,https://www.zara.com/kr/ko/zw-%E1%84%8F%E1%85%A5%E1%86%AF%E1%84%85%E1%85%A6%E1%86%A8%E1%84%89%E1%85%A7%E1%86%AB-%E1%84%85%E1%85%B5%E1%86%AB%E1%84%82%E1%85%A6%E1%86%AB-%E1%84%86%E1%85%B5%E1%84%83%E1%85%B5-%E1%84%8B%E1%85%AF%E1%86%AB%E1%84%91%E1%85%B5%E1%84%89%E1%85%B3-p04786048.html,https://static.zara.net/assets/public/fd41/697e/b0e14551947b/79c54fc890e6/04786048802-p/04786048802-p.jpg?ts=1780909801565,"₩109,900",,,260622,그레이,,,,
,false,,ZARA,원피스,원피스,여성,ZW 컬렉션 프린지 홀터넥 원피스,https://www.zara.com/kr/ko/zw-%E1%84%8F%E1%85%A5%E1%86%AF%E1%84%85%E1%85%A6%E1%86%A8%E1%84%89%E1%85%A7%E1%86%AB-%E1%84%91%E1%85%B3%E1%84%85%E1%85%B5%E1%86%AB%E1%84%8C%E1%85%B5-%E1%84%92%E1%85%A9%E1%86%AF%E1%84%90%E1%85%A5%E1%84%82%E1%85%A6%E1%86%A8-%E1%84%8B%E1%85%AF%E1%86%AB%E1%84%91%E1%85%B5%E1%84%89%E1%85%B3-p02141376.html,https://static.zara.net/assets/public/4d2a/0984/b4d44c409d01/42e61badc19b/02141376800-a3/02141376800-a3.jpg?ts=1780909800983,"₩149,900",,,260622,블랙,,,,
,false,,ZARA,원피스,원피스,여성,플록 튤 프릴 원피스,https://www.zara.com/kr/ko/%E1%84%91%E1%85%B3%E1%86%AF%E1%84%85%E1%85%A9%E1%86%A8-%E1%84%90%E1%85%B2%E1%86%AF-%E1%84%91%E1%85%B3%E1%84%85%E1%85%B5%E1%86%AF-%E1%84%8B%E1%85%AF%E1%86%AB%E1%84%91%E1%85%B5%E1%84%89%E1%85%B3-p00085321.html,https://static.zara.net/assets/public/5819/643d/f6534969897d/da5b46233a8d/00085321629-p/00085321629-p.jpg?ts=1777285622210,"₩59,900",,,260622,라일락,,,,
,false,,ZARA,원피스,원피스,여성,ZW 컬렉션 체크무늬 타이 원피스,https://www.zara.com/kr/ko/zw-%E1%84%8F%E1%85%A5%E1%86%AF%E1%84%85%E1%85%A6%E1%86%A8%E1%84%89%E1%85%A7%E1%86%AB-%E1%84%8E%E1%85%A6%E1%84%8F%E1%85%B3%E1%84%86%E1%85%AE%E1%84%82%E1%85%B4-%E1%84%90%E1%85%A1%E1%84%8B%E1%85%B5-%E1%84%8B%E1%85%AF%E1%86%AB%E1%84%91%E1%85%B5%E1%84%89%E1%85%B3-p02112157.html,https://static.zara.net/assets/public/46b6/ec99/6cfb44788804/1f45e4c9037b/02112157400-a4/02112157400-a4.jpg?ts=1778601299047,"₩89,900",,,260622,블루,,,,
,false,,ZARA,원피스,원피스,여성,ZW 컬렉션 체크 포플린 원피스,https://www.zara.com/kr/ko/zw-%E1%84%8F%E1%85%A5%E1%86%AF%E1%84%85%E1%85%A6%E1%86%A8%E1%84%89%E1%85%A7%E1%86%AB-%E1%84%8E%E1%85%A6%E1%84%8F%E1%85%B3-%E1%84%91%E1%85%A9%E1%84%91%E1%85%B3%E1%86%AF%E1%84%85%E1%85%B5%E1%86%AB-%E1%84%8B%E1%85%AF%E1%86%AB%E1%84%91%E1%85%B5%E1%84%89%E1%85%B3-p04786064.html,https://static.zara.net/assets/public/8dde/7d12/c8ac433d81b1/38e9fc02947f/02127067620-p/02127067620-p.jpg?ts=1778601310448,"₩109,900",,,260622,로즈핑크,,,,
,false,,ZARA,원피스,원피스,여성,ZW 컬렉션 100% 린넨 크로셰 원피스,https://www.zara.com/kr/ko/zw-%E1%84%8F%E1%85%A5%E1%86%AF%E1%84%85%E1%85%A6%E1%86%A8%E1%84%89%E1%85%A7%E1%86%AB-100-%E1%84%85%E1%85%B5%E1%86%AB%E1%84%82%E1%85%A6%E1%86%AB-%E1%84%8F%E1%85%B3%E1%84%85%E1%85%A9%E1%84%89%E1%85%A8-%E1%84%8B%E1%85%AF%E1%86%AB%E1%84%91%E1%85%B5%E1%84%89%E1%85%B3-p02678060.html,https://static.zara.net/assets/public/2883/6a91/ade04698bb8f/d29d00673597/02678060052-p/02678060052-p.jpg?ts=1781169371792,"₩149,900",,,260622,라이트 베이지,,,,
,false,,ZARA,원피스,원피스,여성,펀칭 자수 미디 원피스,https://www.zara.com/kr/ko/%E1%84%91%E1%85%A5%E1%86%AB%E1%84%8E%E1%85%B5%E1%86%BC-%E1%84%8C%E1%85%A1%E1%84%89%E1%85%AE-%E1%84%86%E1%85%B5%E1%84%83%E1%85%B5-%E1%84%8B%E1%85%AF%E1%86%AB%E1%84%91%E1%85%B5%E1%84%89%E1%85%B3-p07969044.html,https://static.zara.net/assets/public/fb86/4a39/8c57425dbeea/79f1e46ed657/07969044800-p/07969044800-p.jpg?ts=1778681702079,"₩89,900",,,260622,블랙,,,,
,false,,ZARA,원피스,원피스,여성,깅엄 체크 테일러드 미디 원피스,https://www.zara.com/kr/ko/%E1%84%80%E1%85%B5%E1%86%BC%E1%84%8B%E1%85%A5%E1%86%B7-%E1%84%8E%E1%85%A6%E1%84%8F%E1%85%B3-%E1%84%90%E1%85%A6%E1%84%8B%E1%85%B5%E1%86%AF%E1%84%85%E1%85%A5%E1%84%83%E1%85%B3-%E1%84%86%E1%85%B5%E1%84%83%E1%85%B5-%E1%84%8B%E1%85%AF%E1%86%AB%E1%84%91%E1%85%B5%E1%84%89%E1%85%B3-p04745039.html,https://static.zara.net/assets/public/9740/7546/2a234bb58645/76f1ede0bb79/04745039080-p/04745039080-p.jpg?ts=1778681686145,"₩55,900",,,260622,"크림,블루",,,,
,false,,ZARA,원피스,원피스,여성,셔링 스트랩 미디 원피스,https://www.zara.com/kr/ko/%E1%84%89%E1%85%A7%E1%84%85%E1%85%B5%E1%86%BC-%E1%84%89%E1%85%B3%E1%84%90%E1%85%B3%E1%84%85%E1%85%A2%E1%86%B8-%E1%84%86%E1%85%B5%E1%84%83%E1%85%B5-%E1%84%8B%E1%85%AF%E1%86%AB%E1%84%91%E1%85%B5%E1%84%89%E1%85%B3-p02805184.html,https://static.zara.net/assets/public/a876/acd2/e8ae4ff5bfd9/de4deb21db83/02805184800-p/02805184800-p.jpg?ts=1779441371190,"₩59,900",,,260622,블랙,,,,
,false,,ZARA,원피스,원피스,여성,드레이프 홀터넥 미디 원피스,https://www.zara.com/kr/ko/%E1%84%92%E1%85%A9%E1%86%AF%E1%84%90%E1%85%A5%E1%84%82%E1%85%A6%E1%86%A8-%E1%84%83%E1%85%B3%E1%84%85%E1%85%A6%E1%84%8B%E1%85%B5%E1%84%91%E1%85%B3-%E1%84%86%E1%85%B5%E1%84%83%E1%85%B5-%E1%84%8B%E1%85%AF%E1%86%AB%E1%84%91%E1%85%B5%E1%84%89%E1%85%B3-p07774533.html,https://static.zara.net/assets/public/85a8/261e/200a46aa9701/668630b15c97/07774533300-p/07774533300-p.jpg?ts=1779440319601,"₩89,900",,,260622,노랑,,,,
,false,,ZARA,원피스,원피스,여성,미디 콤비 원피스,https://www.zara.com/kr/ko/%E1%84%8F%E1%85%A9%E1%86%B7%E1%84%87%E1%85%B5-%E1%84%86%E1%85%B5%E1%84%83%E1%85%B5-%E1%84%8B%E1%85%AF%E1%86%AB%E1%84%91%E1%85%B5%E1%84%89%E1%85%B3-p01223017.html,https://static.zara.net/assets/public/0094/e231/a0784807a8dd/baaa7f5bee99/01223017425-p/01223017425-p.jpg?ts=1774267216561,"₩59,900",,,260622,라이트 터키블루,,,,
,false,,ZARA,원피스,원피스,여성,고데 콤비 원피스,https://www.zara.com/kr/ko/%E1%84%80%E1%85%A9%E1%84%83%E1%85%A6%E1%84%90%E1%85%B3-%E1%84%8F%E1%85%A9%E1%86%B7%E1%84%87%E1%85%B5-%E1%84%8B%E1%85%AF%E1%86%AB%E1%84%91%E1%85%B5%E1%84%89%E1%85%B3-p04174219.html,https://static.zara.net/assets/public/020a/121b/fb094a969cc9/c3e734ff10dc/04174219712-p/04174219712-p.jpg?ts=1774267272421,"₩57,900",,,260622,크림,,,,
,false,,ZARA,원피스,원피스,여성,볼륨감 있는 루즈핏 홀터넥 원피스,https://www.zara.com/kr/ko/%E1%84%83%E1%85%A9%E1%84%90%E1%85%B3-%E1%84%87%E1%85%A9%E1%86%AF%E1%84%85%E1%85%B2%E1%86%B7-%E1%84%92%E1%85%A9%E1%86%AF%E1%84%90%E1%85%A5%E1%84%82%E1%85%A6%E1%86%A8-%E1%84%86%E1%85%B5%E1%84%83%E1%85%B5-%E1%84%8B%E1%85%AF%E1%86%AB%E1%84%91%E1%85%B5%E1%84%89%E1%85%B3-p04772354.html,https://static.zara.net/assets/public/25c5/de03/daa34c4ebf2f/da8d66f11ae7/04772354800-p/04772354800-p.jpg?ts=1778170546337,"₩79,900",,,260622,블랙,,,,
,false,,ZARA,원피스,원피스,여성,버튼 미디 원피스,https://www.zara.com/kr/ko/%E1%84%87%E1%85%A5%E1%84%90%E1%85%B3%E1%86%AB-%E1%84%86%E1%85%B5%E1%84%83%E1%85%B5-%E1%84%8B%E1%85%AF%E1%86%AB%E1%84%91%E1%85%B5%E1%84%89%E1%85%B3-p04772324.html,https://static.zara.net/assets/public/f8a5/0d6e/71274879a694/9e37fd10acc5/04772324911-p/04772324911-p.jpg?ts=1773256958357,"₩59,900",,,260622,올리브,,,,
,false,,ZARA,원피스,원피스,여성,체크 프릴 미니 원피스,https://www.zara.com/kr/ko/%E1%84%91%E1%85%B3%E1%84%85%E1%85%B5%E1%86%AF-%E1%84%8E%E1%85%A6%E1%84%8F%E1%85%B3-%E1%84%86%E1%85%B5%E1%84%82%E1%85%B5-%E1%84%8B%E1%85%AF%E1%86%AB%E1%84%91%E1%85%B5%E1%84%89%E1%85%B3-p02504143.html,https://static.zara.net/assets/public/c5b8/1564/78c84460aaa8/25d019a2f8c4/02504143814-p/02504143814-p.jpg?ts=1773256800893,"₩59,900",,,260622,"그레이,베이지",,,,
,false,,ZARA,원피스,원피스,여성,홀터넥 니트 콤비 원피스,https://www.zara.com/kr/ko/%E1%84%92%E1%85%A9%E1%86%AF%E1%84%90%E1%85%A5%E1%84%82%E1%85%A6%E1%86%A8-%E1%84%82%E1%85%B5%E1%84%90%E1%85%B3-%E1%84%8F%E1%85%A9%E1%86%B7%E1%84%87%E1%85%B5-%E1%84%8B%E1%85%AF%E1%86%AB%E1%84%91%E1%85%B5%E1%84%89%E1%85%B3-p04192070.html,https://static.zara.net/assets/public/1c7a/cf5d/e28a4750a35a/23089c71a5c2/04192070250-a7/04192070250-a7.jpg?ts=1780653871846,"₩79,900",,,260622,화이트,,,,
,false,,ZARA,원피스,원피스,여성,크로셰 니트 콤비 롱 원피스,https://www.zara.com/kr/ko/%E1%84%8F%E1%85%B3%E1%84%85%E1%85%A9%E1%84%89%E1%85%A8-%E1%84%82%E1%85%B5%E1%84%90%E1%85%B3-%E1%84%8F%E1%85%A9%E1%86%B7%E1%84%87%E1%85%B5-%E1%84%85%E1%85%A9%E1%86%BC-%E1%84%8B%E1%85%AF%E1%86%AB%E1%84%91%E1%85%B5%E1%84%89%E1%85%B3-p03185001.html,https://static.zara.net/assets/public/60e0/0d1b/b17f4a22b935/d488f79ef521/03185001800-a4/03185001800-a4.jpg?ts=1780653310747,"₩109,900",,,260622,블랙,,,,
,false,,ZARA,원피스,원피스,여성,골지 니트 미니 원피스,https://www.zara.com/kr/ko/%E1%84%80%E1%85%A9%E1%86%AF%E1%84%8C%E1%85%B5-%E1%84%82%E1%85%B5%E1%84%90%E1%85%B3-%E1%84%86%E1%85%B5%E1%84%82%E1%85%B5-%E1%84%8B%E1%85%AF%E1%86%AB%E1%84%91%E1%85%B5%E1%84%89%E1%85%B3-p03921067.html,https://static.zara.net/assets/public/d37b/66aa/4ce54e1489ab/48d9f6f6d0fa/03921067800-p/03921067800-p.jpg?ts=1781105356252,"₩55,900",,,260622,블랙,,,,
,false,,ZARA,원피스,원피스,여성,토글 미니 원피스,https://www.zara.com/kr/ko/%E1%84%90%E1%85%A9%E1%84%80%E1%85%B3%E1%86%AF-%E1%84%86%E1%85%B5%E1%84%82%E1%85%B5-%E1%84%8B%E1%85%AF%E1%86%AB%E1%84%91%E1%85%B5%E1%84%89%E1%85%B3-p05029272.html,https://static.zara.net/assets/public/f4c3/f425/7b3d4e8ea758/6c3382a2542e/05029272405-p/05029272405-p.jpg?ts=1780476030105,"₩79,900",,,260622,인디고,,,,
,false,,ZARA,원피스,원피스,여성,셔링 허리 롱 니트 원피스,https://www.zara.com/kr/ko/%E1%84%89%E1%85%A7%E1%84%85%E1%85%B5%E1%86%BC-%E1%84%82%E1%85%B5%E1%84%90%E1%85%B3-%E1%84%85%E1%85%A9%E1%86%BC-%E1%84%8B%E1%85%AF%E1%86%AB%E1%84%91%E1%85%B5%E1%84%89%E1%85%B3-p03456006.html,https://static.zara.net/assets/public/3b11/0d57/fc2648918f13/e9f6b91b8002/03456006800-p/03456006800-p.jpg?ts=1780476096921,"₩79,900",,,260622,블랙,,,,
,false,,ZARA,원피스,원피스,여성,드레이프 미디 원피스,https://www.zara.com/kr/ko/%E1%84%83%E1%85%B3%E1%84%85%E1%85%A6%E1%84%8B%E1%85%B5%E1%84%91%E1%85%B3-%E1%84%86%E1%85%B5%E1%84%83%E1%85%B5-%E1%84%8B%E1%85%AF%E1%86%AB%E1%84%91%E1%85%B5%E1%84%89%E1%85%B3-p04174227.html,https://static.zara.net/assets/public/5ca5/7f51/d491451a879d/4ca560568b3c/04174227711-p/04174227711-p.jpg?ts=1776076175935,"₩45,900",,,260622,샌드,,,,
,false,,ZARA,원피스,원피스,여성,드레이프 미디 원피스,https://www.zara.com/kr/ko/%E1%84%83%E1%85%B3%E1%84%85%E1%85%A6%E1%84%8B%E1%85%B5%E1%84%91%E1%85%B3-%E1%84%86%E1%85%B5%E1%84%83%E1%85%B5-%E1%84%8B%E1%85%AF%E1%86%AB%E1%84%91%E1%85%B5%E1%84%89%E1%85%B3-p04174227.html,https://static.zara.net/assets/public/ea5f/169c/facf429ca219/7d5f30ce5052/04174227670-p/04174227670-p.jpg?ts=1776076175231,"₩45,900",,,260622,보일러,,,,
,false,,ZARA,원피스,오버롤,여성,더블 레이어 꼬임 스트랩 점프수트,https://www.zara.com/kr/ko/%E1%84%8B%E1%85%B5%E1%84%8C%E1%85%AE%E1%86%BC-%E1%84%85%E1%85%A6%E1%84%8B%E1%85%B5%E1%84%8B%E1%85%A5-%E1%84%81%E1%85%A9%E1%84%8B%E1%85%B5%E1%86%B7-%E1%84%89%E1%85%B3%E1%84%90%E1%85%B3%E1%84%85%E1%85%A2%E1%86%B8-%E1%84%8C%E1%85%A5%E1%86%B7%E1%84%91%E1%85%B3%E1%84%89%E1%85%AE%E1%84%90%E1%85%B3-p04387049.html,https://static.zara.net/assets/public/4731/1e1b/8c004c1eb730/db96ec67063b/04387049800-p/04387049800-p.jpg?ts=1775748363372,"₩89,900",,,260622,블랙,,,,
,false,,ZARA,원피스,원피스,여성,벨트 미디 원피스,https://www.zara.com/kr/ko/%E1%84%87%E1%85%A6%E1%86%AF%E1%84%90%E1%85%B3-%E1%84%86%E1%85%B5%E1%84%83%E1%85%B5-%E1%84%8B%E1%85%AF%E1%86%AB%E1%84%91%E1%85%B5%E1%84%89%E1%85%B3-p04745031.html,https://static.zara.net/assets/public/1da4/4b04/6e3c49548e96/d60b9f322284/04745031405-p/04745031405-p.jpg?ts=1776852182877,"₩89,900",,,260622,인디고,,,,
,false,,ZARA,원피스,원피스,여성,스트랩 롱 원피스,https://www.zara.com/kr/ko/%E1%84%89%E1%85%B3%E1%84%90%E1%85%B3%E1%84%85%E1%85%A2%E1%86%B8-%E1%84%85%E1%85%A9%E1%86%BC-%E1%84%8B%E1%85%AF%E1%86%AB%E1%84%91%E1%85%B5%E1%84%89%E1%85%B3-p00264040.html,https://static.zara.net/assets/public/2669/5940/fb644bcc9f99/734bcd7e3f37/00264040800-p/00264040800-p.jpg?ts=1776328697946,"₩39,900",,,260622,블랙,,,,
,false,,ZARA,원피스,원피스,여성,스트랩 롱 원피스,https://www.zara.com/kr/ko/%E1%84%89%E1%85%B3%E1%84%90%E1%85%B3%E1%84%85%E1%85%A2%E1%86%B8-%E1%84%85%E1%85%A9%E1%86%BC-%E1%84%8B%E1%85%AF%E1%86%AB%E1%84%91%E1%85%B5%E1%84%89%E1%85%B3-p00264040.html,https://static.zara.net/assets/public/3227/1f72/ab4041f48ad0/61edaec3ff88/00264040446-p/00264040446-p.jpg?ts=1776328697656,"₩39,900",,,260622,일렉트릭 블루,,,,
,false,,ZARA,원피스,원피스,여성,도트 홀터넥 원피스 ZW 컬렉션,https://www.zara.com/kr/ko/%E1%84%83%E1%85%A9%E1%84%90%E1%85%B3-%E1%84%92%E1%85%A9%E1%86%AF%E1%84%90%E1%85%A5%E1%84%82%E1%85%A6%E1%86%A8-%E1%84%8B%E1%85%AF%E1%86%AB%E1%84%91%E1%85%B5%E1%84%89%E1%85%B3-zw-%E1%84%8F%E1%85%A5%E1%86%AF%E1%84%85%E1%85%A6%E1%86%A8%E1%84%89%E1%85%A7%E1%86%AB-p04437042.html,https://static.zara.net/assets/public/d943/355b/8c7b47bd912a/811e479866f0/04437042087-p/04437042087-p.jpg?ts=1775723677752,"₩109,900",,,260622,"브라운,크림",,,,
,false,,ZARA,원피스,원피스,여성,ZW 컬렉션 린넨 미디 원피스,https://www.zara.com/kr/ko/zw-%E1%84%8F%E1%85%A5%E1%86%AF%E1%84%85%E1%85%A6%E1%86%A8%E1%84%89%E1%85%A7%E1%86%AB-%E1%84%85%E1%85%B5%E1%86%AB%E1%84%82%E1%85%A6%E1%86%AB-%E1%84%86%E1%85%B5%E1%84%83%E1%85%B5-%E1%84%8B%E1%85%AF%E1%86%AB%E1%84%91%E1%85%B5%E1%84%89%E1%85%B3-p05289025.html,https://static.zara.net/assets/public/4f7f/eefc/b19742bcbd0a/4c3d79e6a30d/05289025620-p/05289025620-p.jpg?ts=1775059694905,"₩109,900",,,260622,로즈핑크,,,,
,false,,ZARA,원피스,원피스,여성,드레이프 미디 원피스,https://www.zara.com/kr/ko/%E1%84%83%E1%85%B3%E1%84%85%E1%85%A6%E1%84%8B%E1%85%B5%E1%84%91%E1%85%B3-%E1%84%86%E1%85%B5%E1%84%83%E1%85%B5-%E1%84%8B%E1%85%AF%E1%86%AB%E1%84%91%E1%85%B5%E1%84%89%E1%85%B3-p02144766.html,https://static.zara.net/assets/public/9c93/ff17/a0ec4b26860e/9f2ae6626e95/02144766803-e1/02144766803-e1.jpg?ts=1768928524162,"₩79,900",,,260622,그레이,,,,
,false,,ZARA,원피스,원피스,여성,골드 디테일 새틴 원피스,https://www.zara.com/kr/ko/%E1%84%89%E1%85%A2%E1%84%90%E1%85%B5%E1%86%AB-%E1%84%83%E1%85%B1%E1%86%BA%E1%84%86%E1%85%A7%E1%86%AB-%E1%84%80%E1%85%A9%E1%86%AF%E1%84%83%E1%85%B3-%E1%84%83%E1%85%B5%E1%84%90%E1%85%A6%E1%84%8B%E1%85%B5%E1%86%AF-%E1%84%8B%E1%85%AF%E1%86%AB%E1%84%91%E1%85%B5%E1%84%89%E1%85%B3-p03293060.html,https://static.zara.net/assets/public/efcd/2a8c/02af43028e0f/bf3b6d7112d4/03293060800-p/03293060800-p.jpg?ts=1781248321068,"₩79,900",,,260622,블랙,,,,
,false,,ZARA,원피스,원피스,여성,나일론 리본 미디 원피스,https://www.zara.com/kr/ko/%E1%84%82%E1%85%A1%E1%84%8B%E1%85%B5%E1%86%AF%E1%84%85%E1%85%A9%E1%86%AB-%E1%84%85%E1%85%B5%E1%84%87%E1%85%A9%E1%86%AB-%E1%84%86%E1%85%B5%E1%84%83%E1%85%B5-%E1%84%8B%E1%85%AF%E1%86%AB%E1%84%91%E1%85%B5%E1%84%89%E1%85%B3-p04772308.html,https://static.zara.net/assets/public/3cbc/e382/ad9f41b1a6fe/4324c5ac6dc5/04772308600-p/04772308600-p.jpg?ts=1768494168158,"₩79,900",,,260622,레드,,,,
,false,,ZARA,원피스,원피스,여성,깅엄 체크 미디 원피스,https://www.zara.com/kr/ko/%E1%84%80%E1%85%B5%E1%86%BC%E1%84%8B%E1%85%A5%E1%86%B7-%E1%84%8E%E1%85%A6%E1%84%8F%E1%85%B3-%E1%84%86%E1%85%B5%E1%84%83%E1%85%B5-%E1%84%8B%E1%85%AF%E1%86%AB%E1%84%91%E1%85%B5%E1%84%89%E1%85%B3-p03152302.html,https://static.zara.net/assets/public/b91a/5489/a6844e78b2e9/2a30cc8e86a9/03152302063-p/03152302063-p.jpg?ts=1768494140806,"₩79,900",,,260622,"화이트,그린",,,,
,false,,ZARA,원피스,원피스,여성,ZW 컬렉션 린넨 셔츠 원피스,https://www.zara.com/kr/ko/zw-%E1%84%8F%E1%85%A5%E1%86%AF%E1%84%85%E1%85%A6%E1%86%A8%E1%84%89%E1%85%A7%E1%86%AB-%E1%84%85%E1%85%B5%E1%86%AB%E1%84%82%E1%85%A6%E1%86%AB-%E1%84%89%E1%85%A7%E1%84%8E%E1%85%B3-%E1%84%8B%E1%85%AF%E1%86%AB%E1%84%91%E1%85%B5%E1%84%89%E1%85%B3-p04786065.html,https://static.zara.net/assets/public/3adf/e749/b6ba4f75873c/f387088c4820/04786065250-1-p/04786065250-1-p.jpg?ts=1781169369854,"₩109,900",,,260622,화이트,,,,
,false,,ZARA,원피스,원피스,여성,ZW 컬렉션 린넨 미디 원피스,https://www.zara.com/kr/ko/zw-%E1%84%8F%E1%85%A5%E1%86%AF%E1%84%85%E1%85%A6%E1%86%A8%E1%84%89%E1%85%A7%E1%86%AB-%E1%84%85%E1%85%B5%E1%86%AB%E1%84%82%E1%85%A6%E1%86%AB-%E1%84%86%E1%85%B5%E1%84%83%E1%85%B5-%E1%84%8B%E1%85%AF%E1%86%AB%E1%84%91%E1%85%B5%E1%84%89%E1%85%B3-p05289025.html,https://static.zara.net/assets/public/6d2f/befb/722e4a0690d5/2f5583a70892/05289025620-a3/05289025620-a3.jpg?ts=1781169370261,"₩109,900",,,260622,로즈핑크,,,,
,false,,ZARA,원피스,원피스,여성,ZW 컬렉션 포플린 숏 원피스,https://www.zara.com/kr/ko/zw-%E1%84%8F%E1%85%A5%E1%86%AF%E1%84%85%E1%85%A6%E1%86%A8%E1%84%89%E1%85%A7%E1%86%AB-%E1%84%91%E1%85%A9%E1%84%91%E1%85%B3%E1%86%AF%E1%84%85%E1%85%B5%E1%86%AB-%E1%84%89%E1%85%AD%E1%86%BA-%E1%84%8B%E1%85%AF%E1%86%AB%E1%84%91%E1%85%B5%E1%84%89%E1%85%B3-p04786243.html,https://static.zara.net/assets/public/be4d/a583/a2d14bea8b1b/3da25a9f324a/04786243600-a3/04786243600-a3.jpg?ts=1780646452092,"₩79,900",,,260622,레드,,,,
,false,,ZARA,원피스,원피스,여성,ZW 컬렉션 새틴 롱 원피스,https://www.zara.com/kr/ko/zw-%E1%84%8F%E1%85%A5%E1%86%AF%E1%84%85%E1%85%A6%E1%86%A8%E1%84%89%E1%85%A7%E1%86%AB-%E1%84%89%E1%85%A2%E1%84%90%E1%85%B5%E1%86%AB-%E1%84%85%E1%85%A9%E1%86%BC-%E1%84%8B%E1%85%AF%E1%86%AB%E1%84%91%E1%85%B5%E1%84%89%E1%85%B3-p01758241.html,https://static.zara.net/assets/public/17e7/6ef8/4ce34c3d9ede/bc39f54b19a3/01758241871-a4/01758241871-a4.jpg?ts=1780647360344,"₩129,900",,,260622,석류색,,,,
,false,,ZARA,원피스,원피스,여성,크로스 스트럭처 미니 원피스,https://www.zara.com/kr/ko/%E1%84%8F%E1%85%B3%E1%84%85%E1%85%A9%E1%84%89%E1%85%B3-%E1%84%89%E1%85%B3%E1%84%90%E1%85%B3%E1%84%85%E1%85%A5%E1%86%A8%E1%84%8E%E1%85%A5-%E1%84%86%E1%85%B5%E1%84%82%E1%85%B5-%E1%84%8B%E1%85%AF%E1%86%AB%E1%84%91%E1%85%B5%E1%84%89%E1%85%B3-p00881335.html,https://static.zara.net/assets/public/8797/2c9e/2fd9458e9a44/0439e91ac9a6/00881335251-p/00881335251-p.jpg?ts=1776330930292,"₩79,900",,,260622,스크래치 화이트,,,,
,false,,ZARA,원피스,원피스,여성,플라워 포플린 미니 원피스,https://www.zara.com/kr/ko/%E1%84%91%E1%85%B3%E1%86%AF%E1%84%85%E1%85%A1%E1%84%8B%E1%85%AF-%E1%84%91%E1%85%A9%E1%84%91%E1%85%B3%E1%86%AF%E1%84%85%E1%85%B5%E1%86%AB-%E1%84%86%E1%85%B5%E1%84%82%E1%85%B5-%E1%84%8B%E1%85%AF%E1%86%AB%E1%84%91%E1%85%B5%E1%84%89%E1%85%B3-p02050307.html,https://static.zara.net/assets/public/3b13/f8a0/aa2e4cf28b30/f8e511874876/02050307403-p/02050307403-p.jpg?ts=1776412641958,"₩59,900",,,260622,하늘색,,,,
,false,,ZARA,원피스,오버롤,여성,콘트라스트 파이핑 홀터넥 점프수트,https://www.zara.com/kr/ko/%E1%84%8F%E1%85%A9%E1%86%AB%E1%84%90%E1%85%B3%E1%84%85%E1%85%A1%E1%84%89%E1%85%B3%E1%84%90%E1%85%B3-%E1%84%91%E1%85%A1%E1%84%8B%E1%85%B5%E1%84%91%E1%85%B5%E1%86%BC-%E1%84%92%E1%85%A9%E1%86%AF%E1%84%90%E1%85%A5%E1%84%82%E1%85%A6%E1%86%A8-%E1%84%8C%E1%85%A5%E1%86%B7%E1%84%91%E1%85%B3%E1%84%89%E1%85%AE%E1%84%90%E1%85%B3-p08945769.html,https://static.zara.net/assets/public/c149/43fe/88ba47879794/a166899bbad3/02575709401-015-p/02575709401-015-p.jpg?ts=1780503433546,"₩89,900",,,260622,잉크 블,,,,
,false,,ZARA,원피스,원피스,여성,언밸런스 니트 원피스,https://www.zara.com/kr/ko/%E1%84%8B%E1%85%A5%E1%86%AB%E1%84%87%E1%85%A2%E1%86%AF%E1%84%85%E1%85%A5%E1%86%AB%E1%84%89%E1%85%B3-%E1%84%82%E1%85%B5%E1%84%90%E1%85%B3-%E1%84%8B%E1%85%AF%E1%86%AB%E1%84%91%E1%85%B5%E1%84%89%E1%85%B3-p03456012.html,https://static.zara.net/assets/public/40d8/8e42/4d8647689413/2e67253729bd/03456012600-p/03456012600-p.jpg?ts=1779294981603,"₩59,900",,,260622,레드,,,,
,false,,ZARA,원피스,원피스,여성,ZW 컬렉션 타이 셔츠 원피스,https://www.zara.com/kr/ko/zw-%E1%84%8F%E1%85%A5%E1%86%AF%E1%84%85%E1%85%A6%E1%86%A8%E1%84%89%E1%85%A7%E1%86%AB-%E1%84%90%E1%85%A1%E1%84%8B%E1%85%B5-%E1%84%89%E1%85%A7%E1%84%8E%E1%85%B3-%E1%84%8B%E1%85%AF%E1%86%AB%E1%84%91%E1%85%B5%E1%84%89%E1%85%B3-p04786068.html,https://static.zara.net/assets/public/0033/7f72/59dc422a8845/9da4c5c55ea8/04786068800-p/04786068800-p.jpg?ts=1779120647629,"₩89,900",,,260622,블랙,,,,
,false,,ZARA,원피스,원피스,여성,ZW 컬렉션 100% 린넨 미디 원피스,https://www.zara.com/kr/ko/zw-%E1%84%8F%E1%85%A5%E1%86%AF%E1%84%85%E1%85%A6%E1%86%A8%E1%84%89%E1%85%A7%E1%86%AB-100-%E1%84%85%E1%85%B5%E1%86%AB%E1%84%82%E1%85%A6%E1%86%AB-%E1%84%86%E1%85%B5%E1%84%83%E1%85%B5-%E1%84%8B%E1%85%AF%E1%86%AB%E1%84%91%E1%85%B5%E1%84%89%E1%85%B3-p02183049.html,https://static.zara.net/assets/public/82a2/baf3/599e413bafb3/400130bc2daf/02183049712-p/02183049712-p.jpg?ts=1779119934861,"₩99,900",,,260622,크림,,,,
,false,,ZARA,원피스,원피스,여성,벨트 자수 시퀸 원피스,https://www.zara.com/kr/ko/%E1%84%87%E1%85%A6%E1%86%AF%E1%84%90%E1%85%B3-%E1%84%8C%E1%85%A1%E1%84%89%E1%85%AE-%E1%84%89%E1%85%B5%E1%84%8F%E1%85%B1%E1%86%AB-%E1%84%8B%E1%85%AF%E1%86%AB%E1%84%91%E1%85%B5%E1%84%89%E1%85%B3-p02551670.html,https://static.zara.net/assets/public/a023/6eb8/969445679e82/37af291b6156/02551670087-p/02551670087-p.jpg?ts=1774520736050,"₩79,900",,,260622,"브라운,크림",,,,
,false,,ZARA,원피스,원피스,여성,린넨 벨트 미디 원피스,https://www.zara.com/kr/ko/%E1%84%85%E1%85%B5%E1%86%AB%E1%84%82%E1%85%A6%E1%86%AB-%E1%84%87%E1%85%A6%E1%86%AF%E1%84%90%E1%85%B3-%E1%84%86%E1%85%B5%E1%84%83%E1%85%B5-%E1%84%8B%E1%85%AF%E1%86%AB%E1%84%91%E1%85%B5%E1%84%89%E1%85%B3-p02613789.html,https://static.zara.net/assets/public/5dce/915e/e3624cb98bbb/598860c270fc/02613789400-p/02613789400-p.jpg?ts=1774450629177,"₩89,900",,,260622,블루,,,,
,false,,ZARA,원피스,원피스,여성,코르셋 콤비 원피스,https://www.zara.com/kr/ko/%E1%84%8F%E1%85%A9%E1%84%85%E1%85%B3%E1%84%89%E1%85%A6%E1%86%BA-%E1%84%8F%E1%85%A9%E1%86%B7%E1%84%87%E1%85%B5-%E1%84%8B%E1%85%AF%E1%86%AB%E1%84%91%E1%85%B5%E1%84%89%E1%85%B3-p02892777.html,https://static.zara.net/assets/public/dfc9/e54e/51364e8b8381/a74a27ee3d24/02892777800-p/02892777800-p.jpg?ts=1780502228756,"₩59,900",,,260622,블랙,,,,
,false,,ZARA,원피스,원피스,여성,새틴 자카드 버튼 미니 원피스,https://www.zara.com/kr/ko/%E1%84%89%E1%85%A2%E1%84%90%E1%85%B5%E1%86%AB-%E1%84%8C%E1%85%A1%E1%84%8F%E1%85%A1%E1%84%83%E1%85%B3-%E1%84%87%E1%85%A5%E1%84%90%E1%85%B3%E1%86%AB-%E1%84%86%E1%85%B5%E1%84%82%E1%85%B5-%E1%84%8B%E1%85%AF%E1%86%AB%E1%84%91%E1%85%B5%E1%84%89%E1%85%B3-p04772372.html,https://static.zara.net/assets/public/8dcd/7c8d/51ed438b917d/97ded71e8870/04772372712-p/04772372712-p.jpg?ts=1780906560941,"₩59,900",,,260622,크림,,,,
,false,,ZARA,원피스,원피스,여성,레이스 벌룬 미니 원피스,https://www.zara.com/kr/ko/%E1%84%85%E1%85%A6%E1%84%8B%E1%85%B5%E1%84%89%E1%85%B3-%E1%84%87%E1%85%A5%E1%86%AF%E1%84%85%E1%85%AE%E1%86%AB-%E1%84%86%E1%85%B5%E1%84%82%E1%85%B5-%E1%84%8B%E1%85%AF%E1%86%AB%E1%84%91%E1%85%B5%E1%84%89%E1%85%B3-p00881350.html,https://static.zara.net/assets/public/1eb6/ef66/35ce4b23ae51/8f7e2b38904e/00881350656-p/00881350656-p.jpg?ts=1781003743585,"₩79,900",,,260622,라이트  라일락,,,,
,false,,ZARA,원피스,원피스,여성,Z1975 스티치 미니 데님 원피스,https://www.zara.com/kr/ko/z1975-%E1%84%89%E1%85%B3%E1%84%90%E1%85%B5%E1%84%8E%E1%85%B5-%E1%84%86%E1%85%B5%E1%84%82%E1%85%B5-%E1%84%83%E1%85%A6%E1%84%82%E1%85%B5%E1%86%B7-%E1%84%8B%E1%85%AF%E1%86%AB%E1%84%91%E1%85%B5%E1%84%89%E1%85%B3-p00108035.html,https://static.zara.net/assets/public/bb8c/d8c9/425047adaecb/1a2cdf8aada6/00108035427-p/00108035427-p.jpg?ts=1775809741936,"₩59,900",,,260622,미디움 블루,,,,
,false,,ZARA,원피스,오버롤,여성,골드 아플리케 점프수트,https://www.zara.com/kr/ko/%E1%84%80%E1%85%A9%E1%86%AF%E1%84%83%E1%85%B3-%E1%84%8B%E1%85%A1%E1%84%91%E1%85%B3%E1%86%AF%E1%84%85%E1%85%B5%E1%84%8F%E1%85%A6-%E1%84%8C%E1%85%A5%E1%86%B7%E1%84%91%E1%85%B3%E1%84%89%E1%85%AE%E1%84%90%E1%85%B3-p03897171.html,https://static.zara.net/assets/public/32cf/55cb/014a4fffafec/4fd58a2fa820/03897171712-p/03897171712-p.jpg?ts=1775809766845,"₩89,900",,,260622,크림,,,,
,false,,ZARA,원피스,원피스,여성,새틴 레이스 원피스,https://www.zara.com/kr/ko/%E1%84%89%E1%85%A2%E1%84%90%E1%85%B5%E1%86%AB-%E1%84%85%E1%85%A6%E1%84%8B%E1%85%B5%E1%84%89%E1%85%B3-%E1%84%8B%E1%85%AF%E1%86%AB%E1%84%91%E1%85%B5%E1%84%89%E1%85%B3-p07969222.html,https://static.zara.net/assets/public/7d9d/fa25/a62b46cdaa3e/35441a3ebb7c/07969222800-p/07969222800-p.jpg?ts=1778849588406,"₩79,900",,,260622,블랙,,,,
,false,,ZARA,원피스,원피스,여성,리본 도트 미디 원피스,https://www.zara.com/kr/ko/%E1%84%85%E1%85%B5%E1%84%87%E1%85%A9%E1%86%AB-%E1%84%83%E1%85%A9%E1%84%90%E1%85%B3-%E1%84%86%E1%85%B5%E1%84%83%E1%85%B5-%E1%84%8B%E1%85%AF%E1%86%AB%E1%84%91%E1%85%B5%E1%84%89%E1%85%B3-p04387108.html,https://static.zara.net/assets/public/069c/16c0/00a247bc8d81/347fedd12f0d/04387109087-p/04387109087-p.jpg?ts=1779277797104,"₩79,900",,,260622,"브라운,크림",,,,
,false,,ZARA,원피스,원피스,여성,리본 개버딘 원피스,https://www.zara.com/kr/ko/%E1%84%85%E1%85%B5%E1%84%87%E1%85%A9%E1%86%AB-%E1%84%80%E1%85%A2%E1%84%87%E1%85%A5%E1%84%83%E1%85%B5%E1%86%AB-%E1%84%8B%E1%85%AF%E1%86%AB%E1%84%91%E1%85%B5%E1%84%89%E1%85%B3-p04772808.html,https://static.zara.net/assets/public/65d9/4430/b14d48b1a954/e4400afd15e0/04772808800-e1/04772808800-e1.jpg?ts=1770629259430,"₩79,900",,,260622,블랙,,,,
,false,,ZARA,원피스,원피스,여성,벨트 포켓 미니 원피스,https://www.zara.com/kr/ko/%E1%84%87%E1%85%A6%E1%86%AF%E1%84%90%E1%85%B5%E1%84%83%E1%85%B3-%E1%84%91%E1%85%A9%E1%84%8F%E1%85%A6%E1%86%BA-%E1%84%86%E1%85%B5%E1%84%82%E1%85%B5-%E1%84%8B%E1%85%AF%E1%86%AB%E1%84%91%E1%85%B5%E1%84%89%E1%85%B3-p03897082.html,https://static.zara.net/assets/public/f918/c4e4/6b1d489fa2d2/bdfb4711fac8/03897082403-p/03897082403-p.jpg?ts=1774957882529,"₩79,900",,,260622,하늘색,,,,
,false,,ZARA,원피스,원피스,여성,벌룬 슬리브 미니 원피스,https://www.zara.com/kr/ko/%E1%84%87%E1%85%A5%E1%86%AF%E1%84%85%E1%85%AE%E1%86%AB-%E1%84%89%E1%85%B3%E1%86%AF%E1%84%85%E1%85%B5%E1%84%87%E1%85%B3-%E1%84%86%E1%85%B5%E1%84%82%E1%85%B5-%E1%84%8B%E1%85%AF%E1%86%AB%E1%84%91%E1%85%B5%E1%84%89%E1%85%B3-p03897114.html,https://static.zara.net/assets/public/9ebc/e164/389e4d2fbec0/dbf13175093e/03897114064-p/03897114064-p.jpg?ts=1774957887055,"₩89,900",,,260622,"화이트,블랙",,,,
,false,,ZARA,원피스,원피스,여성,신축성 홀터넥 원피스,https://www.zara.com/kr/ko/%E1%84%92%E1%85%A9%E1%86%AF%E1%84%90%E1%85%A5%E1%84%82%E1%85%A6%E1%86%A8-%E1%84%89%E1%85%B5%E1%86%AB%E1%84%8E%E1%85%AE%E1%86%A8%E1%84%89%E1%85%A5%E1%86%BC-%E1%84%8B%E1%85%AF%E1%86%AB%E1%84%91%E1%85%B5%E1%84%89%E1%85%B3-p05584467.html,https://static.zara.net/assets/public/e68f/c7a9/a4c5462ba7ce/b36addb8d9a2/05584467712-p/05584467712-p.jpg?ts=1778851895418,"₩55,900",,,260622,크림,,,,
,false,,ZARA,원피스,원피스,여성,ZW 컬렉션 토글 버튼 숏 원피스,https://www.zara.com/kr/ko/zw-%E1%84%8F%E1%85%A5%E1%86%AF%E1%84%85%E1%85%A6%E1%86%A8%E1%84%89%E1%85%A7%E1%86%AB-%E1%84%90%E1%85%A9%E1%84%80%E1%85%B3%E1%86%AF-%E1%84%87%E1%85%A5%E1%84%90%E1%85%B3%E1%86%AB-%E1%84%89%E1%85%AD%E1%86%BA-%E1%84%8B%E1%85%AF%E1%86%AB%E1%84%91%E1%85%B5%E1%84%89%E1%85%B3-p02219336.html,https://static.zara.net/assets/public/1d3f/077f/9fcd472a84b6/8d983b7da4df/02219336300-p/02219336300-p.jpg?ts=1780058349556,"₩99,900",,,260622,노랑,,,,
,false,,ZARA,원피스,원피스,여성,ZW 컬렉션 포플린 플리츠 원피스,https://www.zara.com/kr/ko/zw-%E1%84%8F%E1%85%A5%E1%86%AF%E1%84%85%E1%85%A6%E1%86%A8%E1%84%89%E1%85%A7%E1%86%AB-%E1%84%91%E1%85%A9%E1%84%91%E1%85%B3%E1%86%AF%E1%84%85%E1%85%B5%E1%86%AB-%E1%84%91%E1%85%B3%E1%86%AF%E1%84%85%E1%85%B5%E1%84%8E%E1%85%B3-%E1%84%8B%E1%85%AF%E1%86%AB%E1%84%91%E1%85%B5%E1%84%89%E1%85%B3-p02507042.html,https://static.zara.net/assets/public/f77b/1de8/815d4ccb9dbc/58ddc2951ffa/02507042800-p/02507042800-p.jpg?ts=1780048131082,"₩99,900",,,260622,블랙,,,,
,false,,ZARA,원피스,원피스,여성,프릴 미니 원피스,https://www.zara.com/kr/ko/%E1%84%91%E1%85%B3%E1%84%85%E1%85%B5%E1%86%AF-%E1%84%86%E1%85%B5%E1%84%82%E1%85%B5-%E1%84%8B%E1%85%AF%E1%86%AB%E1%84%91%E1%85%B5%E1%84%89%E1%85%B3-p05039240.html,https://static.zara.net/assets/public/7df7/af11/df9c4731b8c7/9105d346e056/05039240623-p/05039240623-p.jpg?ts=1771854211975,"₩89,900",,,260622,살몬핑크,,,,
,false,,ZARA,원피스,원피스,여성,자수 패턴 원피스,https://www.zara.com/kr/ko/%E1%84%8C%E1%85%A1%E1%84%89%E1%85%AE-%E1%84%91%E1%85%A2%E1%84%90%E1%85%A5%E1%86%AB-%E1%84%8B%E1%85%AF%E1%86%AB%E1%84%91%E1%85%B5%E1%84%89%E1%85%B3-p03564086.html,https://static.zara.net/assets/public/ef8c/bec8/71bb4b678386/d8a183066a22/03564086044-p/03564086044-p.jpg?ts=1772015096130,"₩59,900",,,260622,"블루 ,화이트",,,,
,false,,ZARA,원피스,원피스,여성,보트넥 미니 원피스,https://www.zara.com/kr/ko/%E1%84%87%E1%85%A9%E1%84%90%E1%85%B3%E1%84%82%E1%85%A6%E1%86%A8-%E1%84%86%E1%85%B5%E1%84%82%E1%85%B5-%E1%84%8B%E1%85%AF%E1%86%AB%E1%84%91%E1%85%B5%E1%84%89%E1%85%B3-p03253373.html,https://static.zara.net/assets/public/ad3f/ae1a/a011442a9226/5bdb7af6d064/03253373401-p/03253373401-p.jpg?ts=1775750072252,"₩29,900",,,260622,네이비,,,,
,false,,ZARA,원피스,오버롤,여성,러스틱 쇼트 점프수트,https://www.zara.com/kr/ko/%E1%84%85%E1%85%A5%E1%84%89%E1%85%B3%E1%84%90%E1%85%B5%E1%86%A8-%E1%84%89%E1%85%AD%E1%84%90%E1%85%B3-%E1%84%8C%E1%85%A5%E1%86%B7%E1%84%91%E1%85%B3%E1%84%89%E1%85%AE%E1%84%90%E1%85%B3-p03564115.html,https://static.zara.net/assets/public/dedb/a90d/70694c3fa7f5/b9cec1ea6397/03564115250-p/03564115250-p.jpg?ts=1778681675509,"₩59,900",,,260622,화이트,,,,
,false,,ZARA,원피스,원피스,여성,Z1975 벌룬 슬리브 미니 데님 원피스,https://www.zara.com/kr/ko/z1975-%E1%84%87%E1%85%A5%E1%86%AF%E1%84%85%E1%85%AE%E1%86%AB-%E1%84%89%E1%85%B3%E1%86%AF%E1%84%85%E1%85%B5%E1%84%87%E1%85%B3-%E1%84%83%E1%85%A6%E1%84%82%E1%85%B5%E1%86%B7-%E1%84%86%E1%85%B5%E1%84%82%E1%85%B5-%E1%84%8B%E1%85%AF%E1%86%AB%E1%84%91%E1%85%B5%E1%84%89%E1%85%B3-p02323576.html,https://static.zara.net/assets/public/2b1a/639c/443e4eb4ba9b/03bd0151a68b/02323576400-p/02323576400-p.jpg?ts=1770811008022,"₩59,900",,,260622,블루,,,,
,false,,ZARA,원피스,원피스,여성,부클 콤비 원피스,https://www.zara.com/kr/ko/%E1%84%87%E1%85%AE%E1%84%8F%E1%85%B3%E1%86%AF-%E1%84%8F%E1%85%A9%E1%86%B7%E1%84%87%E1%85%B5-%E1%84%8B%E1%85%AF%E1%86%AB%E1%84%91%E1%85%B5%E1%84%89%E1%85%B3-p02298473.html,https://static.zara.net/assets/public/d586/20e5/fcc741b0bb35/e075f3b35c33/02298473712-p/02298473712-p.jpg?ts=1777549855719,"₩57,900",,,260622,크림,,,,
,false,,ZARA,원피스,원피스,여성,ZW 컬렉션 포플린 플리츠 원피스,https://www.zara.com/kr/ko/zw-%E1%84%8F%E1%85%A5%E1%86%AF%E1%84%85%E1%85%A6%E1%86%A8%E1%84%89%E1%85%A7%E1%86%AB-%E1%84%91%E1%85%A9%E1%84%91%E1%85%B3%E1%86%AF%E1%84%85%E1%85%B5%E1%86%AB-%E1%84%91%E1%85%B3%E1%86%AF%E1%84%85%E1%85%B5%E1%84%8E%E1%85%B3-%E1%84%8B%E1%85%AF%E1%86%AB%E1%84%91%E1%85%B5%E1%84%89%E1%85%B3-p02507042.html,https://static.zara.net/assets/public/cec0/cc3d/885b4b37b264/82d4c79120ab/04333051485-1-p/04333051485-1-p.jpg?ts=1778067718888,"₩99,900",,,260622,"블루,그레이",,,,
,false,,ZARA,원피스,원피스,여성,ZW 컬렉션 포플린 플리츠 원피스,https://www.zara.com/kr/ko/zw-%E1%84%8F%E1%85%A5%E1%86%AF%E1%84%85%E1%85%A6%E1%86%A8%E1%84%89%E1%85%A7%E1%86%AB-%E1%84%91%E1%85%A9%E1%84%91%E1%85%B3%E1%86%AF%E1%84%85%E1%85%B5%E1%86%AB-%E1%84%91%E1%85%B3%E1%86%AF%E1%84%85%E1%85%B5%E1%84%8E%E1%85%B3-%E1%84%8B%E1%85%AF%E1%86%AB%E1%84%91%E1%85%B5%E1%84%89%E1%85%B3-p02507042.html,https://static.zara.net/assets/public/6a78/c94b/a1714e0abb27/3d69b1898018/04333051485-p/04333051485-p.jpg?ts=1778063293734,"₩99,900",,,260622,"블루,그레이",,,,
,false,,ZARA,원피스,오버롤,여성,WRKR JMPST 16,https://www.zara.com/kr/ko/wrkr-jmpst-16-p08104247.html,https://static.zara.net/assets/public/0d4b/5cfa/b63342118fa5/a58c9cf0459c/T9230889708-p/T9230889708-p.jpg?ts=1775423075868,"₩169,900",,,260622,크림,,,,
,false,,ZARA,원피스,원피스,여성,SHRT DRSS 16,https://www.zara.com/kr/ko/shrt-drss-16-p02417240.html,https://static.zara.net/assets/public/4625/16c6/975f4084bef2/8bc77dfa105a/T9947221296-p/T9947221296-p.jpg?ts=1775423069996,"₩169,900",,,260622,초록,,,,
,false,,ZARA,원피스,오버롤,여성,WRKR JMPST 16,https://www.zara.com/kr/ko/wrkr-jmpst-16-p08104247.html,https://static.zara.net/assets/public/058e/8ddb/7f004d618aee/6a496b79a665/08104247712-e1/08104247712-e1.jpg?ts=1775540570386,"₩169,900",,,260622,크림,,,,
,false,,ZARA,원피스,원피스,여성,SHRT DRSS 16,https://www.zara.com/kr/ko/shrt-drss-16-p02417240.html,https://static.zara.net/assets/public/b4bc/2077/d28b4bafb646/0f91a6dba766/02417240500-e1/02417240500-e1.jpg?ts=1775540552896,"₩169,900",,,260622,초록,,,,
,false,,ZARA,원피스,오버롤,여성,쇼트 슬리브 루즈 점프수트,https://www.zara.com/kr/ko/%E1%84%89%E1%85%AD%E1%84%90%E1%85%B3-%E1%84%89%E1%85%B3%E1%86%AF%E1%84%85%E1%85%B5%E1%84%87%E1%85%B3-%E1%84%85%E1%85%AE%E1%84%8C%E1%85%B3-%E1%84%8C%E1%85%A5%E1%86%B7%E1%84%91%E1%85%B3%E1%84%89%E1%85%AE%E1%84%90%E1%85%B3-p06929285.html,https://static.zara.net/assets/public/95f4/3df1/a0ae4a1c9986/31b50766cc6b/06929285800-p/06929285800-p.jpg?ts=1774615401084,"₩79,900",,,260622,블랙,,,,
,false,,ZARA,원피스,오버롤,여성,쇼트 슬리브 루즈 점프수트,https://www.zara.com/kr/ko/%E1%84%89%E1%85%AD%E1%84%90%E1%85%B3-%E1%84%89%E1%85%B3%E1%86%AF%E1%84%85%E1%85%B5%E1%84%87%E1%85%B3-%E1%84%85%E1%85%AE%E1%84%8C%E1%85%B3-%E1%84%8C%E1%85%A5%E1%86%B7%E1%84%91%E1%85%B3%E1%84%89%E1%85%AE%E1%84%90%E1%85%B3-p06929285.html,https://static.zara.net/assets/public/421e/375b/a7d34f3b9648/7e548bc0eef6/06929285507-a3/06929285507-a3.jpg?ts=1774615482522,"₩79,900",,,260622,다크 카키,,,,
,false,,ZARA,원피스,원피스,여성,슬릿 롱 원피스,https://www.zara.com/kr/ko/%E1%84%89%E1%85%B3%E1%86%AF%E1%84%85%E1%85%B5%E1%86%BA-%E1%84%85%E1%85%A9%E1%86%BC-%E1%84%8B%E1%85%AF%E1%86%AB%E1%84%91%E1%85%B5%E1%84%89%E1%85%B3-p04174044.html,https://static.zara.net/assets/public/df82/61fc/444245acb9e4/976047de9152/04174044707-p/04174044707-p.jpg?ts=1772470835648,"₩49,900",,,260622,샌드,,,,
,false,,ZARA,원피스,원피스,여성,LIMITED EDITION 스트라이프 카프탄 원피스,https://www.zara.com/kr/ko/limited-edition-%E1%84%89%E1%85%B3%E1%84%90%E1%85%B3%E1%84%85%E1%85%A1%E1%84%8B%E1%85%B5%E1%84%91%E1%85%B3-%E1%84%8F%E1%85%A1%E1%84%91%E1%85%B3%E1%84%90%E1%85%A1%E1%86%AB-%E1%84%8B%E1%85%AF%E1%86%AB%E1%84%91%E1%85%B5%E1%84%89%E1%85%B3-p02115843.html,https://static.zara.net/assets/public/7fd3/3f94/d85a416bbf53/efc4235764af/02115843104-000-p/02115843104-000-p.jpg?ts=1777490781929,"₩149,900",,,260622,스트라이프,,,,
,false,,ZARA,원피스,원피스,여성,LIMITED EDITION 플라워 카프탄 원피스,https://www.zara.com/kr/ko/limited-edition-%E1%84%91%E1%85%B3%E1%86%AF%E1%84%85%E1%85%A1%E1%84%8B%E1%85%AF-%E1%84%8F%E1%85%A1%E1%84%91%E1%85%B3%E1%84%90%E1%85%A1%E1%86%AB-%E1%84%8B%E1%85%AF%E1%86%AB%E1%84%91%E1%85%B5%E1%84%89%E1%85%B3-p02114845.html,https://static.zara.net/assets/public/5b8f/66ba/20484901bb44/f03bc100f787/02114845020-p/02114845020-p.jpg?ts=1777451510930,"₩149,900",,,260622,프린트,,,,
,false,,ZARA,원피스,원피스,여성,LIMITED EDITION 스트라이프 카프탄 원피스,https://www.zara.com/kr/ko/limited-edition-%E1%84%89%E1%85%B3%E1%84%90%E1%85%B3%E1%84%85%E1%85%A1%E1%84%8B%E1%85%B5%E1%84%91%E1%85%B3-%E1%84%8F%E1%85%A1%E1%84%91%E1%85%B3%E1%84%90%E1%85%A1%E1%86%AB-%E1%84%8B%E1%85%AF%E1%86%AB%E1%84%91%E1%85%B5%E1%84%89%E1%85%B3-p02115843.html,https://static.zara.net/assets/public/3dc0/c6a0/e49e43f6b90b/ad63943aab4e/02115843104-p/02115843104-p.jpg?ts=1777451518489,"₩149,900",,,260622,스트라이프,,,,
,false,,ZARA,원피스,원피스,여성,LIMITED EDITION 라미 플라워 카프탄 원피스,https://www.zara.com/kr/ko/limited-edition-%E1%84%85%E1%85%A1%E1%84%86%E1%85%B5-%E1%84%91%E1%85%B3%E1%86%AF%E1%84%85%E1%85%A1%E1%84%8B%E1%85%AF-%E1%84%8F%E1%85%A1%E1%84%91%E1%85%B3%E1%84%90%E1%85%A1%E1%86%AB-%E1%84%8B%E1%85%AF%E1%86%AB%E1%84%91%E1%85%B5%E1%84%89%E1%85%B3-p02113844.html,https://static.zara.net/assets/public/62ec/d03e/536f4a15ba86/8990024e7d60/02113844020-p/02113844020-p.jpg?ts=1777451511514,"₩169,900",,,260622,프린트,,,,
,false,,ZARA,원피스,원피스,여성,ZW 컬렉션 포플린 숏 원피스,https://www.zara.com/kr/ko/zw-%E1%84%8F%E1%85%A5%E1%86%AF%E1%84%85%E1%85%A6%E1%86%A8%E1%84%89%E1%85%A7%E1%86%AB-%E1%84%91%E1%85%A9%E1%84%91%E1%85%B3%E1%86%AF%E1%84%85%E1%85%B5%E1%86%AB-%E1%84%89%E1%85%AD%E1%86%BA-%E1%84%8B%E1%85%AF%E1%86%AB%E1%84%91%E1%85%B5%E1%84%89%E1%85%B3-p02106588.html,https://static.zara.net/assets/public/2d64/5451/01c34aaeb325/3cc70a47b5b3/02106588800-a2/02106588800-a2.jpg?ts=1771926118840,"₩89,900",,,260622,블랙,,,,
,false,,ZARA,원피스,원피스,여성,ZW 컬렉션 새틴 레이스 홀터 원피스,https://www.zara.com/kr/ko/zw-%E1%84%8F%E1%85%A5%E1%86%AF%E1%84%85%E1%85%A6%E1%86%A8%E1%84%89%E1%85%A7%E1%86%AB-%E1%84%89%E1%85%A2%E1%84%90%E1%85%B5%E1%86%AB-%E1%84%85%E1%85%A6%E1%84%8B%E1%85%B5%E1%84%89%E1%85%B3-%E1%84%92%E1%85%A9%E1%86%AF%E1%84%90%E1%85%A5%E1%84%82%E1%85%A6%E1%86%A8-%E1%84%8B%E1%85%AF%E1%86%AB%E1%84%91%E1%85%B5%E1%84%89%E1%85%B3-p02678241.html,https://static.zara.net/assets/public/364b/de2c/21124e369b2e/45e1b04a8434/02678241800-p/02678241800-p.jpg?ts=1771926127408,"₩109,900",,,260622,블랙,,,,
,false,,ZARA,원피스,원피스,여성,보트넥 미니 원피스,https://www.zara.com/kr/ko/%E1%84%87%E1%85%A9%E1%84%90%E1%85%B3%E1%84%82%E1%85%A6%E1%86%A8-%E1%84%86%E1%85%B5%E1%84%82%E1%85%B5-%E1%84%8B%E1%85%AF%E1%86%AB%E1%84%91%E1%85%B5%E1%84%89%E1%85%B3-p03253373.html,https://static.zara.net/assets/public/9d60/cd9d/847144148f76/3ba22a144c3f/03253373250-p/03253373250-p.jpg?ts=1775645537907,"₩29,900",,,260622,화이트,,,,
,false,,ZARA,원피스,원피스,여성,보트넥 미니 원피스,https://www.zara.com/kr/ko/%E1%84%87%E1%85%A9%E1%84%90%E1%85%B3%E1%84%82%E1%85%A6%E1%86%A8-%E1%84%86%E1%85%B5%E1%84%82%E1%85%B5-%E1%84%8B%E1%85%AF%E1%86%AB%E1%84%91%E1%85%B5%E1%84%89%E1%85%B3-p03253373.html,https://static.zara.net/assets/public/a063/9fd6/96b6433e82aa/75fde1426155/03253373401-p/03253373401-p.jpg?ts=1775645542218,"₩29,900",,,260622,네이비,,,,
,false,,ZARA,원피스,원피스,여성,보트넥 미니 원피스,https://www.zara.com/kr/ko/%E1%84%87%E1%85%A9%E1%84%90%E1%85%B3%E1%84%82%E1%85%A6%E1%86%A8-%E1%84%86%E1%85%B5%E1%84%82%E1%85%B5-%E1%84%8B%E1%85%AF%E1%86%AB%E1%84%91%E1%85%B5%E1%84%89%E1%85%B3-p03253373.html,https://static.zara.net/assets/public/b1dd/17f1/88b547b2987c/30efdd8ec494/03253373803-p/03253373803-p.jpg?ts=1775638263125,"₩29,900",,,260622,그레이,,,,
,false,,ZARA,원피스,원피스,여성,ZW 컬렉션 숏 원피스,https://www.zara.com/kr/ko/zw-%E1%84%8F%E1%85%A5%E1%86%AF%E1%84%85%E1%85%A6%E1%86%A8%E1%84%89%E1%85%A7%E1%86%AB-%E1%84%89%E1%85%AD%E1%86%BA-%E1%84%8B%E1%85%AF%E1%86%AB%E1%84%91%E1%85%B5%E1%84%89%E1%85%B3-p02112258.html,https://static.zara.net/assets/public/ef6d/e46c/9a844e54b293/7f75ca1746ba/02112199800-p/02112199800-p.jpg?ts=1776679444828,"₩59,900",,,260622,블랙,,,,
,false,,ZARA,원피스,원피스,여성,ZW 컬렉션 100% 린넨 프린지 원피스,https://www.zara.com/kr/ko/zw-%E1%84%8F%E1%85%A5%E1%86%AF%E1%84%85%E1%85%A6%E1%86%A8%E1%84%89%E1%85%A7%E1%86%AB-100-%E1%84%85%E1%85%B5%E1%86%AB%E1%84%82%E1%85%A6%E1%86%AB-%E1%84%91%E1%85%B3%E1%84%85%E1%85%B5%E1%86%AB%E1%84%8C%E1%85%B5-%E1%84%8B%E1%85%AF%E1%86%AB%E1%84%91%E1%85%B5%E1%84%89%E1%85%B3-p02128909.html,https://static.zara.net/assets/public/ddb9/61b2/3f95440fa43c/b975e713896f/02128909052-p/02128909052-p.jpg?ts=1776699490674,"₩129,900",,,260622,라이트 베이지,,,,
,false,,ZARA,원피스,원피스,여성,드레이프 미디 원피스,https://www.zara.com/kr/ko/%E1%84%83%E1%85%B3%E1%84%85%E1%85%A6%E1%84%8B%E1%85%B5%E1%84%91%E1%85%B3-%E1%84%86%E1%85%B5%E1%84%83%E1%85%B5-%E1%84%8B%E1%85%AF%E1%86%AB%E1%84%91%E1%85%B5%E1%84%89%E1%85%B3-p03641024.html,https://static.zara.net/assets/public/ca13/534f/30314f22943e/54b8f2b0ba67/03641024800-p/03641024800-p.jpg?ts=1776699496694,"₩39,900",,,260622,블랙,,,,
,false,,ZARA,원피스,원피스,여성,ZW 컬렉션 리본 미디 원피스,https://www.zara.com/kr/ko/zw-%E1%84%8F%E1%85%A5%E1%86%AF%E1%84%85%E1%85%A6%E1%86%A8%E1%84%89%E1%85%A7%E1%86%AB-%E1%84%85%E1%85%B5%E1%84%87%E1%85%A9%E1%86%AB-%E1%84%86%E1%85%B5%E1%84%83%E1%85%B5-%E1%84%8B%E1%85%AF%E1%86%AB%E1%84%91%E1%85%B5%E1%84%89%E1%85%B3-p09479055.html,https://static.zara.net/assets/public/df09/c8f0/af264d12b0cc/ddc024a0e981/09479055505-p/09479055505-p.jpg?ts=1773076338533,"₩99,900",,,260622,카키,,,,
,false,,ZARA,원피스,원피스,여성,ZW 컬렉션 루즈핏 홀터넥 원피스,https://www.zara.com/kr/ko/zw-%E1%84%8F%E1%85%A5%E1%86%AF%E1%84%85%E1%85%A6%E1%86%A8%E1%84%89%E1%85%A7%E1%86%AB-%E1%84%85%E1%85%AE%E1%84%8C%E1%85%B3%E1%84%91%E1%85%B5%E1%86%BA-%E1%84%92%E1%85%A9%E1%86%AF%E1%84%90%E1%85%A5%E1%84%82%E1%85%A6%E1%86%A8-%E1%84%8B%E1%85%AF%E1%86%AB%E1%84%91%E1%85%B5%E1%84%89%E1%85%B3-p02075013.html,https://static.zara.net/assets/public/eb75/46db/3c884544a914/589e9b4b5a76/02075013251-p/02075013251-p.jpg?ts=1773239682598,"₩169,900",,,260622,스크래치 화이트,,,,
,false,,ZARA,원피스,원피스,여성,프릴 스트링 포플린 원피스,https://www.zara.com/kr/ko/%E1%84%91%E1%85%B3%E1%84%85%E1%85%B5%E1%86%AF-%E1%84%89%E1%85%B3%E1%84%90%E1%85%B3%E1%84%85%E1%85%B5%E1%86%BC-%E1%84%91%E1%85%A9%E1%84%91%E1%85%B3%E1%86%AF%E1%84%85%E1%85%B5%E1%86%AB-%E1%84%8B%E1%85%AF%E1%86%AB%E1%84%91%E1%85%B5%E1%84%89%E1%85%B3-p00881337.html,https://static.zara.net/assets/public/64e5/4ab6/0b0146e9a528/fcd96f739ab6/00881337306-p/00881337306-p.jpg?ts=1778146984424,"₩79,900",,,260622,라이트 옐로우,,,,
,false,,ZARA,원피스,원피스,여성,거셋 포플린 미디 원피스,https://www.zara.com/kr/ko/%E1%84%80%E1%85%A5%E1%84%89%E1%85%A6%E1%86%BA-%E1%84%91%E1%85%A9%E1%84%91%E1%85%B3%E1%86%AF%E1%84%85%E1%85%B5%E1%86%AB-%E1%84%86%E1%85%B5%E1%84%83%E1%85%B5-%E1%84%8B%E1%85%AF%E1%86%AB%E1%84%91%E1%85%B5%E1%84%89%E1%85%B3-p02180361.html,https://static.zara.net/assets/public/1164/85fa/dba54a41a9f9/0a899db2a750/02180361250-p/02180361250-p.jpg?ts=1778147015831,"₩79,900",,,260622,화이트,,,,
,false,,ZARA,원피스,원피스,여성,ZW 컬렉션 린넨 홀터넥 원피스,https://www.zara.com/kr/ko/zw-%E1%84%8F%E1%85%A5%E1%86%AF%E1%84%85%E1%85%A6%E1%86%A8%E1%84%89%E1%85%A7%E1%86%AB-%E1%84%85%E1%85%B5%E1%86%AB%E1%84%82%E1%85%A6%E1%86%AB-%E1%84%92%E1%85%A9%E1%86%AF%E1%84%90%E1%85%A5%E1%84%82%E1%85%A6%E1%86%A8-%E1%84%8B%E1%85%AF%E1%86%AB%E1%84%91%E1%85%B5%E1%84%89%E1%85%B3-p02103122.html,https://static.zara.net/assets/public/2e14/4544/d50f4fbaa15c/47f3caec3e89/02103122104-p/02103122104-p.jpg?ts=1774279784820,"₩99,900",,,260622,스트라이프,,,,
,false,,ZARA,원피스,원피스,여성,롱 니트 콤비 원피스,https://www.zara.com/kr/ko/%E1%84%85%E1%85%A9%E1%86%BC-%E1%84%82%E1%85%B5%E1%84%90%E1%85%B3-%E1%84%8F%E1%85%A9%E1%86%B7%E1%84%87%E1%85%B5-%E1%84%8B%E1%85%AF%E1%86%AB%E1%84%91%E1%85%B5%E1%84%89%E1%85%B3-p02142138.html,https://static.zara.net/assets/public/6a4e/b199/b29d4a158c6a/8e233d9d68f6/02142138401-p/02142138401-p.jpg?ts=1774432385592,"₩89,900",,,260622,네이비,,,,
,false,,ZARA,원피스,원피스,여성,ZW 컬렉션 랩 미니 원피스,https://www.zara.com/kr/ko/zw-%E1%84%8F%E1%85%A5%E1%86%AF%E1%84%85%E1%85%A6%E1%86%A8%E1%84%89%E1%85%A7%E1%86%AB-%E1%84%85%E1%85%A2%E1%86%B8-%E1%84%89%E1%85%AD%E1%86%BA-%E1%84%8B%E1%85%AF%E1%86%AB%E1%84%91%E1%85%B5%E1%84%89%E1%85%B3-p02800486.html,https://static.zara.net/assets/public/adb0/13c6/42e74f709a9a/68bd030fb996/02800486485000-p/02800486485000-p.jpg?ts=1781174845534,"₩89,900",,,260622,"블루,그레이",,,,
,false,,ZARA,원피스,원피스,여성,ZW 컬렉션 벨트 튜닉 원피스,https://www.zara.com/kr/ko/zw-%E1%84%8F%E1%85%A5%E1%86%AF%E1%84%85%E1%85%A6%E1%86%A8%E1%84%89%E1%85%A7%E1%86%AB-%E1%84%87%E1%85%A6%E1%86%AF%E1%84%90%E1%85%B3-%E1%84%90%E1%85%B2%E1%84%82%E1%85%B5%E1%86%A8-%E1%84%8B%E1%85%AF%E1%86%AB%E1%84%91%E1%85%B5%E1%84%89%E1%85%B3-p04786095.html,https://static.zara.net/assets/public/3c6f/1c28/9c90495dbebd/fc17579b91a4/04786095250-p/04786095250-p.jpg?ts=1781169369972,"₩109,900",,,260622,화이트,,,,
,false,,ZARA,원피스,원피스,여성,ZW 컬렉션 린넨 셔츠 원피스,https://www.zara.com/kr/ko/zw-%E1%84%8F%E1%85%A5%E1%86%AF%E1%84%85%E1%85%A6%E1%86%A8%E1%84%89%E1%85%A7%E1%86%AB-%E1%84%85%E1%85%B5%E1%86%AB%E1%84%82%E1%85%A6%E1%86%AB-%E1%84%89%E1%85%A7%E1%84%8E%E1%85%B3-%E1%84%8B%E1%85%AF%E1%86%AB%E1%84%91%E1%85%B5%E1%84%89%E1%85%B3-p04786065.html,https://static.zara.net/assets/public/feb4/11c0/d35a4b16a60d/493e8c902f6c/04786065250-p/04786065250-p.jpg?ts=1775573037133,"₩109,900",,,260622,화이트,,,,
,false,,ZARA,원피스,원피스,여성,ZW 컬렉션 100% 린넨 크로셰 원피스,https://www.zara.com/kr/ko/zw-%E1%84%8F%E1%85%A5%E1%86%AF%E1%84%85%E1%85%A6%E1%86%A8%E1%84%89%E1%85%A7%E1%86%AB-100-%E1%84%85%E1%85%B5%E1%86%AB%E1%84%82%E1%85%A6%E1%86%AB-%E1%84%8F%E1%85%B3%E1%84%85%E1%85%A9%E1%84%89%E1%85%A8-%E1%84%8B%E1%85%AF%E1%86%AB%E1%84%91%E1%85%B5%E1%84%89%E1%85%B3-p02678060.html,https://static.zara.net/assets/public/626a/4608/59e241578e2b/8ef0d13715d4/02678060052-p/02678060052-p.jpg?ts=1775573027325,"₩149,900",,,260622,라이트 베이지,,,,
,false,,ZARA,원피스,원피스,여성,백리스 원피스,https://www.zara.com/kr/ko/%E1%84%87%E1%85%A2%E1%86%A8%E1%84%85%E1%85%B5%E1%84%89%E1%85%B3-%E1%84%8B%E1%85%AF%E1%86%AB%E1%84%91%E1%85%B5%E1%84%89%E1%85%B3-p04174047.html,https://static.zara.net/assets/public/54d8/1e46/5dfc48718330/62bbb23a59fc/04174047710-p/04174047710-p.jpg?ts=1772470840384,"₩55,900",,,260622,베이지,,,,
,false,,ZARA,원피스,원피스,여성,ZW 컬렉션 숏 원피스,https://www.zara.com/kr/ko/zw-%E1%84%8F%E1%85%A5%E1%86%AF%E1%84%85%E1%85%A6%E1%86%A8%E1%84%89%E1%85%A7%E1%86%AB-%E1%84%89%E1%85%AD%E1%86%BA-%E1%84%8B%E1%85%AF%E1%86%AB%E1%84%91%E1%85%B5%E1%84%89%E1%85%B3-p02112258.html,https://static.zara.net/assets/public/2732/8fbc/8019409198a6/0635c16bacf3/02112258251-p/02112258251-p.jpg?ts=1772554868011,"₩59,900",,,260622,스크래치 화이트,,,,
,false,,ZARA,원피스,원피스,여성,스트라이프 토글 버튼 원피스,https://www.zara.com/kr/ko/%E1%84%89%E1%85%B3%E1%84%90%E1%85%B3%E1%84%85%E1%85%A1%E1%84%8B%E1%85%B5%E1%84%91%E1%85%B3-%E1%84%90%E1%85%A9%E1%84%80%E1%85%B3%E1%86%AF%E1%84%87%E1%85%A5%E1%84%90%E1%85%B3%E1%86%AB-%E1%84%8B%E1%85%AF%E1%86%AB%E1%84%91%E1%85%B5%E1%84%89%E1%85%B3-p02680311.html,https://static.zara.net/assets/public/7b93/b949/75944ad2b519/e4556f9afb8c/02680311330-p/02680311330-p.jpg?ts=1778832645341,"₩89,900",,,260622,멀티컬러,,,,
,false,,ZARA,원피스,원피스,여성,벌룬 슬리브 미니 원피스,https://www.zara.com/kr/ko/%E1%84%87%E1%85%A5%E1%86%AF%E1%84%85%E1%85%AE%E1%86%AB-%E1%84%89%E1%85%B3%E1%86%AF%E1%84%85%E1%85%B5%E1%84%87%E1%85%B3-%E1%84%86%E1%85%B5%E1%84%82%E1%85%B5-%E1%84%8B%E1%85%AF%E1%86%AB%E1%84%91%E1%85%B5%E1%84%89%E1%85%B3-p02546393.html,https://static.zara.net/assets/public/c554/4307/c6ec448997c3/13f7f1afb456/02546393251-p/02546393251-p.jpg?ts=1778835403381,"₩89,900",,,260622,스크래치 화이트,,,,
,false,,ZARA,원피스,원피스,여성,스트럭처 미니 원피스,https://www.zara.com/kr/ko/%E1%84%89%E1%85%B3%E1%84%90%E1%85%B3%E1%84%85%E1%85%A5%E1%86%A8%E1%84%8E%E1%85%A5-%E1%84%86%E1%85%B5%E1%84%82%E1%85%B5-%E1%84%8B%E1%85%AF%E1%86%AB%E1%84%91%E1%85%B5%E1%84%89%E1%85%B3-p05067276.html,https://static.zara.net/assets/public/c439/d5d1/b62443ccabbb/613559ec0061/05067276712-p/05067276712-p.jpg?ts=1775032929421,"₩55,900",,,260622,크림,,,,
,false,,ZARA,원피스,원피스,여성,스트럭처 미니 원피스,https://www.zara.com/kr/ko/%E1%84%89%E1%85%B3%E1%84%90%E1%85%B3%E1%84%85%E1%85%A5%E1%86%A8%E1%84%8E%E1%85%A5-%E1%84%86%E1%85%B5%E1%84%82%E1%85%B5-%E1%84%8B%E1%85%AF%E1%86%AB%E1%84%91%E1%85%B5%E1%84%89%E1%85%B3-p05067276.html,https://static.zara.net/assets/public/a127/a6b8/4f8040998c23/d834947a00cd/05067276450-p/05067276450-p.jpg?ts=1775032929604,"₩55,900",,,260622,베이지,,,,
,false,,ZARA,원피스,원피스,여성,스트럭처 미니 원피스,https://www.zara.com/kr/ko/%E1%84%89%E1%85%B3%E1%84%90%E1%85%B3%E1%84%85%E1%85%A5%E1%86%A8%E1%84%8E%E1%85%A5-%E1%84%86%E1%85%B5%E1%84%82%E1%85%B5-%E1%84%8B%E1%85%AF%E1%86%AB%E1%84%91%E1%85%B5%E1%84%89%E1%85%B3-p05067276.html,https://static.zara.net/assets/public/9784/6e45/1f8f402aa5e3/03c7c0bb0248/05067276046-p/05067276046-p.jpg?ts=1775032924561,"₩55,900",,,260622,"로즈핑크,화이트",,,,
,false,,ZARA,원피스,원피스,여성,ZW 컬렉션 롱 자수 원피스,https://www.zara.com/kr/ko/zw-%E1%84%8F%E1%85%A5%E1%86%AF%E1%84%85%E1%85%A6%E1%86%A8%E1%84%89%E1%85%A7%E1%86%AB-%E1%84%85%E1%85%A9%E1%86%BC-%E1%84%8C%E1%85%A1%E1%84%89%E1%85%AE-%E1%84%8B%E1%85%AF%E1%86%AB%E1%84%91%E1%85%B5%E1%84%89%E1%85%B3-p05107103.html,https://static.zara.net/assets/public/c55d/d09f/aa6e4e77b95e/a65fb9346a36/05107103084-p/05107103084-p.jpg?ts=1778601341576,"₩109,900",,,260622,"블랙,화이트",,,,
,false,,ZARA,원피스,원피스,여성,ZW 컬렉션 배색 자수 원피스,https://www.zara.com/kr/ko/zw-%E1%84%8F%E1%85%A5%E1%86%AF%E1%84%85%E1%85%A6%E1%86%A8%E1%84%89%E1%85%A7%E1%86%AB-%E1%84%87%E1%85%A2%E1%84%89%E1%85%A2%E1%86%A8-%E1%84%8C%E1%85%A1%E1%84%89%E1%85%AE-%E1%84%8B%E1%85%AF%E1%86%AB%E1%84%91%E1%85%B5%E1%84%89%E1%85%B3-p05107099.html,https://static.zara.net/assets/public/6831/618b/ab2b40a9bb7f/92fdbb7209d1/05107099064-p/05107099064-p.jpg?ts=1778601339330,"₩109,900",,,260622,"화이트,블랙",,,,
,false,,ZARA,원피스,원피스,여성,스터드 페이크 스웨이드 프린지 원피스,https://www.zara.com/kr/ko/%E1%84%89%E1%85%B3%E1%84%90%E1%85%A5%E1%84%83%E1%85%B3-%E1%84%91%E1%85%A6%E1%84%8B%E1%85%B5%E1%84%8F%E1%85%B3-%E1%84%89%E1%85%B3%E1%84%8B%E1%85%B0%E1%84%8B%E1%85%B5%E1%84%83%E1%85%B3-%E1%84%91%E1%85%B3%E1%84%85%E1%85%B5%E1%86%AB%E1%84%8C%E1%85%B5-%E1%84%8B%E1%85%AF%E1%86%AB%E1%84%91%E1%85%B5%E1%84%89%E1%85%B3-p03046429.html,https://static.zara.net/assets/public/2dd3/296a/f9354fcdab38/616fa92f848a/03046429800-p/03046429800-p.jpg?ts=1774520741923,"₩109,900",,,260622,블랙,,,,
,false,,ZARA,원피스,원피스,여성,린넨 오픈백 미디 원피스,https://www.zara.com/kr/ko/%E1%84%8B%E1%85%A9%E1%84%91%E1%85%B3%E1%86%AB%E1%84%87%E1%85%A2%E1%86%A8-%E1%84%85%E1%85%B5%E1%86%AB%E1%84%82%E1%85%A6%E1%86%AB-%E1%84%86%E1%85%B5%E1%84%83%E1%85%B5-%E1%84%8B%E1%85%AF%E1%86%AB%E1%84%91%E1%85%B5%E1%84%89%E1%85%B3-p02556826.html,https://static.zara.net/assets/public/990e/5b45/dd8e4063be5c/77c78454592f/02556826400-p/02556826400-p.jpg?ts=1774450582524,"₩59,900",,,260622,블루,,,,
,false,,ZARA,원피스,원피스,여성,벌룬 오프숄더 원피스,https://www.zara.com/kr/ko/%E1%84%8B%E1%85%A9%E1%84%91%E1%85%B3%E1%84%89%E1%85%AD%E1%86%AF%E1%84%83%E1%85%A5-%E1%84%87%E1%85%A5%E1%86%AF%E1%84%85%E1%85%AE%E1%86%AB-%E1%84%8B%E1%85%AF%E1%86%AB%E1%84%91%E1%85%B5%E1%84%89%E1%85%B3-p02311133.html,https://static.zara.net/assets/public/1140/3df6/54ee43aa9035/82ed4309fbfb/02311133622-p/02311133622-p.jpg?ts=1772193745208,"₩89,900",,,260622,페일 로즈,,,,
,false,,ZARA,원피스,원피스,여성,오픈백 미디 원피스,https://www.zara.com/kr/ko/%E1%84%8B%E1%85%A9%E1%84%91%E1%85%B3%E1%86%AB%E1%84%87%E1%85%A2%E1%86%A8-%E1%84%86%E1%85%B5%E1%84%83%E1%85%B5-%E1%84%8B%E1%85%AF%E1%86%AB%E1%84%91%E1%85%B5%E1%84%89%E1%85%B3-p02310002.html,https://static.zara.net/assets/public/1b75/70c5/0fb04ab29f04/17e04bdd67c7/02310002250-p/02310002250-p.jpg?ts=1772193742671,"₩79,900",,,260622,화이트,,,,
,false,,ZARA,원피스,원피스,여성,깅엄 체크 미디 원피스,https://www.zara.com/kr/ko/%E1%84%80%E1%85%B5%E1%86%BC%E1%84%8B%E1%85%A5%E1%86%B7-%E1%84%8E%E1%85%A6%E1%84%8F%E1%85%B3-%E1%84%86%E1%85%B5%E1%84%83%E1%85%B5-%E1%84%8B%E1%85%AF%E1%86%AB%E1%84%91%E1%85%B5%E1%84%89%E1%85%B3-p03152308.html,https://static.zara.net/assets/public/f9e8/8afa/5cf9487786dc/a978854e6f67/03152308044-p/03152308044-p.jpg?ts=1769788009831,"₩79,900",,,260622,"블루 ,화이트",,,,
,false,,ZARA,원피스,원피스,여성,트렌치코트 미디 원피스,https://www.zara.com/kr/ko/%E1%84%80%E1%85%A2%E1%84%87%E1%85%A5%E1%84%83%E1%85%B5%E1%86%AB-%E1%84%86%E1%85%B5%E1%84%83%E1%85%B5-%E1%84%8B%E1%85%AF%E1%86%AB%E1%84%91%E1%85%B5%E1%84%89%E1%85%B3-p03067310.html,https://static.zara.net/assets/public/76f9/ef12/db87494492f3/f3222d3017b3/03067310726-p/03067310726-p.jpg?ts=1769789946887,"₩79,900",,,260622,쿠키롤,,,,
,false,,ZARA,원피스,원피스,여성,컷아웃 드레이프 튜브 미디 원피스,https://www.zara.com/kr/ko/%E1%84%8F%E1%85%A5%E1%86%BA%E1%84%8B%E1%85%A1%E1%84%8B%E1%85%AE%E1%86%BA-%E1%84%83%E1%85%B3%E1%84%85%E1%85%A6%E1%84%8B%E1%85%B5%E1%84%91%E1%85%B3-%E1%84%90%E1%85%B2%E1%84%87%E1%85%B3-%E1%84%86%E1%85%B5%E1%84%83%E1%85%B5-%E1%84%8B%E1%85%AF%E1%86%AB%E1%84%91%E1%85%B5%E1%84%89%E1%85%B3-p03564124.html,https://static.zara.net/assets/public/c640/96d2/0f5b4765b431/add3fbf75d60/03564124600-a4/03564124600-a4.jpg?ts=1779874001257,"₩79,900",,,260622,레드,,,,
,false,,ZARA,원피스,원피스,여성,드레이프 튜브 미디 원피스,https://www.zara.com/kr/ko/%E1%84%83%E1%85%B3%E1%84%85%E1%85%A6%E1%84%8B%E1%85%B5%E1%84%91%E1%85%B3-%E1%84%91%E1%85%A6%E1%86%AB%E1%84%89%E1%85%B3%E1%86%AF-%E1%84%86%E1%85%B5%E1%84%83%E1%85%B5-%E1%84%8B%E1%85%AF%E1%86%AB%E1%84%91%E1%85%B5%E1%84%89%E1%85%B3-p02298101.html,https://static.zara.net/assets/public/5648/6a8f/0ebf49f7acec/7d840d93ef4e/02298101926-p/02298101926-p.jpg?ts=1779873840395,"₩59,900",,,260622,핑크,,,,
,false,,ZARA,원피스,원피스,여성,깅엄 체크 미디 원피스,https://www.zara.com/kr/ko/%E1%84%80%E1%85%B5%E1%86%BC%E1%84%8B%E1%85%A5%E1%86%B7-%E1%84%8E%E1%85%A6%E1%84%8F%E1%85%B3-%E1%84%86%E1%85%B5%E1%84%83%E1%85%B5-%E1%84%8B%E1%85%AF%E1%86%AB%E1%84%91%E1%85%B5%E1%84%89%E1%85%B3-p03152308.html,https://static.zara.net/assets/public/0843/99d0/64244bdfb4fa/ded09712d01f/02796216071-e1/02796216071-e1.jpg?ts=1776154156546,"₩79,900",,,260622,"크림,카키",,,,
,false,,ZARA,원피스,원피스,여성,튤 콤비 롱 원피스,https://www.zara.com/kr/ko/%E1%84%90%E1%85%B2%E1%86%AF-%E1%84%8F%E1%85%A9%E1%86%B7%E1%84%87%E1%85%B5-%E1%84%85%E1%85%A9%E1%86%BC-%E1%84%8B%E1%85%AF%E1%86%AB%E1%84%91%E1%85%B5%E1%84%89%E1%85%B3-p05584354.html,https://static.zara.net/assets/public/b68b/7f8c/98a44d3a8eba/73b1cbd28da0/05584354622-000-a3/05584354622-000-a3.jpg?ts=1771442075091,"₩59,900",,,260622,페일 로즈,,,,
,false,,ZARA,원피스,원피스,여성,언밸런스 밑단 미니 원피스,https://www.zara.com/kr/ko/%E1%84%8B%E1%85%A5%E1%86%AB%E1%84%87%E1%85%A2%E1%86%AF%E1%84%85%E1%85%A5%E1%86%AB%E1%84%89%E1%85%B3-%E1%84%86%E1%85%B5%E1%87%80%E1%84%83%E1%85%A1%E1%86%AB-%E1%84%86%E1%85%B5%E1%84%82%E1%85%B5-%E1%84%8B%E1%85%AF%E1%86%AB%E1%84%91%E1%85%B5%E1%84%89%E1%85%B3-p02676782.html,https://static.zara.net/assets/public/4aee/c485/a5984eed8bd1/e50648dd9508/02676782800-p/02676782800-p.jpg?ts=1773252834062,"₩59,900",,,260622,블랙,,,,
,false,,ZARA,원피스,오버롤,여성,스트라이프 벨트 미니 점프수트,https://www.zara.com/kr/ko/%E1%84%89%E1%85%B3%E1%84%90%E1%85%B3%E1%84%85%E1%85%A1%E1%84%8B%E1%85%B5%E1%84%91%E1%85%B3-%E1%84%87%E1%85%A6%E1%86%AF%E1%84%90%E1%85%B3-%E1%84%86%E1%85%B5%E1%84%82%E1%85%B5-%E1%84%8C%E1%85%A5%E1%86%B7%E1%84%91%E1%85%B3%E1%84%89%E1%85%AE%E1%84%90%E1%85%B3-p04387048.html,https://static.zara.net/assets/public/4a71/6b06/d5fe46a899c3/deff3ec82530/04387048700-p/04387048700-p.jpg?ts=1773250890335,"₩59,900",,,260622,브라운,,,,
,false,,ZARA,원피스,원피스,여성,리본 도트 미디 원피스,https://www.zara.com/kr/ko/%E1%84%85%E1%85%B5%E1%84%87%E1%85%A9%E1%86%AB-%E1%84%83%E1%85%A9%E1%84%90%E1%85%B3-%E1%84%86%E1%85%B5%E1%84%83%E1%85%B5-%E1%84%8B%E1%85%AF%E1%86%AB%E1%84%91%E1%85%B5%E1%84%89%E1%85%B3-p04387108.html,https://static.zara.net/assets/public/3eef/6b26/9a0842ac813a/f5fea25dd63d/04387109653-p/04387109653-p.jpg?ts=1778228875048,"₩79,900",,,260622,"로즈핑크,백합",,,,
,false,,ZARA,원피스,원피스,여성,린넨 콤비 미디 원피스,https://www.zara.com/kr/ko/%E1%84%85%E1%85%B5%E1%86%AB%E1%84%82%E1%85%A6%E1%86%AB-%E1%84%8F%E1%85%A9%E1%86%B7%E1%84%87%E1%85%B5-%E1%84%86%E1%85%B5%E1%84%83%E1%85%B5-%E1%84%8B%E1%85%AF%E1%86%AB%E1%84%91%E1%85%B5%E1%84%89%E1%85%B3-p02566712.html,https://static.zara.net/assets/public/91c2/71eb/9599482fac88/3fa9281574c4/02566712250-p/02566712250-p.jpg?ts=1778228845132,"₩99,900",,,260622,화이트,,,,
,false,,ZARA,원피스,원피스,여성,언밸런스 캐미솔 원피스,https://www.zara.com/kr/ko/%E1%84%8B%E1%85%A5%E1%86%AB%E1%84%87%E1%85%A2%E1%86%AF%E1%84%85%E1%85%A5%E1%86%AB%E1%84%89%E1%85%B3-%E1%84%8F%E1%85%A2%E1%84%86%E1%85%B5%E1%84%89%E1%85%A9%E1%86%AF-%E1%84%8B%E1%85%AF%E1%86%AB%E1%84%91%E1%85%B5%E1%84%89%E1%85%B3-p02421814.html,https://static.zara.net/assets/public/fa9b/cdb4/59074f58ae6d/27fd26bc5f22/02421814307-p/02421814307-p.jpg?ts=1777566717436,"₩99,900",,,260622,카바,,,,
,false,,ZARA,원피스,원피스,여성,프릴 미니 원피스,https://www.zara.com/kr/ko/%E1%84%91%E1%85%B3%E1%84%85%E1%85%B5%E1%86%AF-%E1%84%86%E1%85%B5%E1%84%82%E1%85%B5-%E1%84%8B%E1%85%AF%E1%86%AB%E1%84%91%E1%85%B5%E1%84%89%E1%85%B3-p05029238.html,https://static.zara.net/assets/public/3c66/41ce/e03a4dc7bc2c/e79e2946ceeb/05029238403-p/05029238403-p.jpg?ts=1777478788168,"₩59,900",,,260622,하늘색,,,,
,false,,ZARA,원피스,원피스,여성,린넨 토글 미니 원피스,https://www.zara.com/kr/ko/%E1%84%85%E1%85%B5%E1%86%AB%E1%84%82%E1%85%A6%E1%86%AB-%E1%84%90%E1%85%A9%E1%84%80%E1%85%B3%E1%86%AF-%E1%84%86%E1%85%B5%E1%84%82%E1%85%B5-%E1%84%8B%E1%85%AF%E1%86%AB%E1%84%91%E1%85%B5%E1%84%89%E1%85%B3-p02930727.html,https://static.zara.net/assets/public/8bac/e804/6c41423db928/949ce76df85d/02930727052-p/02930727052-p.jpg?ts=1779207191901,"₩89,900",,,260622,라이트 베이지,,,,
,false,,ZARA,원피스,원피스,여성,벨트 포플린 미디 원피스,https://www.zara.com/kr/ko/%E1%84%87%E1%85%A6%E1%86%AF%E1%84%90%E1%85%B3-%E1%84%91%E1%85%A9%E1%84%91%E1%85%B3%E1%86%AF%E1%84%85%E1%85%B5%E1%86%AB-%E1%84%86%E1%85%B5%E1%84%83%E1%85%B5-%E1%84%8B%E1%85%AF%E1%86%AB%E1%84%91%E1%85%B5%E1%84%89%E1%85%B3-p00387075.html,https://static.zara.net/assets/public/3bd9/0aa4/459547a29b67/7b811b11efb0/00387075250-a5/00387075250-a5.jpg?ts=1779206045884,"₩89,900",,,260622,화이트,,,,
,false,,ZARA,원피스,원피스,여성,시퀸 콤비 미디 원피스,https://www.zara.com/kr/ko/%E1%84%89%E1%85%B5%E1%84%8F%E1%85%B1%E1%86%AB-%E1%84%8F%E1%85%A9%E1%86%B7%E1%84%87%E1%85%B5-%E1%84%86%E1%85%B5%E1%84%83%E1%85%B5-%E1%84%8B%E1%85%AF%E1%86%AB%E1%84%91%E1%85%B5%E1%84%89%E1%85%B3-p02946816.html,https://static.zara.net/assets/public/ef98/9da4/44ac4f6bbe01/6b2c7c799884/02946816330-a3/02946816330-a3.jpg?ts=1778750308965,"₩89,900",,,260622,멀티컬러,,,,
,false,,ZARA,원피스,원피스,여성,미디 캐미솔 원피스,https://www.zara.com/kr/ko/%E1%84%86%E1%85%B5%E1%84%83%E1%85%B5-%E1%84%8F%E1%85%A2%E1%84%86%E1%85%B5%E1%84%89%E1%85%A9%E1%86%AF-%E1%84%8B%E1%85%AF%E1%86%AB%E1%84%91%E1%85%B5%E1%84%89%E1%85%B3-p02312721.html,https://static.zara.net/assets/public/f874/48c2/f4434af483cb/e90f929be6e8/02312721700-p/02312721700-p.jpg?ts=1778750309138,"₩89,900",,,260622,브라운,,,,
,false,,ZARA,원피스,원피스,여성,콤비 숏 원피스,https://www.zara.com/kr/ko/%E1%84%8F%E1%85%A9%E1%86%B7%E1%84%87%E1%85%B5-%E1%84%89%E1%85%AD%E1%86%BA-%E1%84%8B%E1%85%AF%E1%86%AB%E1%84%91%E1%85%B5%E1%84%89%E1%85%B3-p00264472.html,https://static.zara.net/assets/public/0709/8f74/f61c4eaba3bc/31b0a50b3998/00264472620-p/00264472620-p.jpg?ts=1777551019434,"₩49,900",,,260622,로즈핑크,,,,
,false,,ZARA,원피스,원피스,여성,쇼트 콤비 원피스,https://www.zara.com/kr/ko/%E1%84%8F%E1%85%A9%E1%86%B7%E1%84%87%E1%85%B5-%E1%84%89%E1%85%AD%E1%86%BA-%E1%84%8B%E1%85%AF%E1%86%AB%E1%84%91%E1%85%B5%E1%84%89%E1%85%B3-p00264472.html,https://static.zara.net/assets/public/3839/c5dc/c06f409dbdcb/385b88d9c2d7/00264472800-p/00264472800-p.jpg?ts=1777551019427,"₩49,900",,,260622,블랙,,,,
,false,,ZARA,원피스,원피스,여성,ZW 컬렉션 콤비 레이스 원피스,https://www.zara.com/kr/ko/zw-%E1%84%8F%E1%85%A5%E1%86%AF%E1%84%85%E1%85%A6%E1%86%A8%E1%84%89%E1%85%A7%E1%86%AB-%E1%84%8F%E1%85%A9%E1%86%B7%E1%84%87%E1%85%B5-%E1%84%85%E1%85%A6%E1%84%8B%E1%85%B5%E1%84%89%E1%85%B3-%E1%84%8B%E1%85%AF%E1%86%AB%E1%84%91%E1%85%B5%E1%84%89%E1%85%B3-p05107086.html,https://static.zara.net/assets/public/2ba8/1db2/47ee41b3b4d0/b3385e660c60/05107086712-1-p/05107086712-1-p.jpg?ts=1778067719587,"₩109,900",,,260622,크림,,,,
,false,,ZARA,원피스,원피스,여성,ZW 컬렉션 콤비 레이스 원피스,https://www.zara.com/kr/ko/zw-%E1%84%8F%E1%85%A5%E1%86%AF%E1%84%85%E1%85%A6%E1%86%A8%E1%84%89%E1%85%A7%E1%86%AB-%E1%84%8F%E1%85%A9%E1%86%B7%E1%84%87%E1%85%B5-%E1%84%85%E1%85%A6%E1%84%8B%E1%85%B5%E1%84%89%E1%85%B3-%E1%84%8B%E1%85%AF%E1%86%AB%E1%84%91%E1%85%B5%E1%84%89%E1%85%B3-p05107086.html,https://static.zara.net/assets/public/04ab/f002/3778456c9bad/f001ea64a40d/05107086712-p/05107086712-p.jpg?ts=1778063334522,"₩109,900",,,260622,크림,,,,
,false,,ZARA,원피스,원피스,여성,반두 콤비 원피스,https://www.zara.com/kr/ko/%E1%84%87%E1%85%A1%E1%86%AB%E1%84%83%E1%85%AE-%E1%84%8F%E1%85%A9%E1%86%B7%E1%84%87%E1%85%B5-%E1%84%8B%E1%85%AF%E1%86%AB%E1%84%91%E1%85%B5%E1%84%89%E1%85%B3-p03253025.html,https://static.zara.net/assets/public/fe69/1005/08444870a461/3a4d6218ac99/03253025700-p/03253025700-p.jpg?ts=1776860410167,"₩49,900",,,260622,브라운,,,,
,false,,ZARA,원피스,원피스,여성,ZW 컬렉션 롱 프린지 원피스,https://www.zara.com/kr/ko/zw-%E1%84%8F%E1%85%A5%E1%86%AF%E1%84%85%E1%85%A6%E1%86%A8%E1%84%89%E1%85%A7%E1%86%AB-%E1%84%85%E1%85%A9%E1%86%BC-%E1%84%91%E1%85%B3%E1%84%85%E1%85%B5%E1%86%AB%E1%84%8C%E1%85%B5-%E1%84%8B%E1%85%AF%E1%86%AB%E1%84%91%E1%85%B5%E1%84%89%E1%85%B3-p03210102.html,https://static.zara.net/assets/public/23a5/aafd/d80b43b786ff/f626e8462f77/03210102700-p/03210102700-p.jpg?ts=1776679466446,"₩149,900",,,260622,브라운,,,,
,false,,ZARA,원피스,원피스,여성,ZW 컬렉션 프린트 란제리 원피스,https://www.zara.com/kr/ko/zw-%E1%84%8F%E1%85%A5%E1%86%AF%E1%84%85%E1%85%A6%E1%86%A8%E1%84%89%E1%85%A7%E1%86%AB-%E1%84%91%E1%85%B3%E1%86%AF%E1%84%85%E1%85%A9%E1%84%85%E1%85%A5%E1%86%AF-%E1%84%91%E1%85%B3%E1%84%85%E1%85%B5%E1%86%AB%E1%84%90%E1%85%B3-%E1%84%85%E1%85%A1%E1%86%AB%E1%84%8C%E1%85%A6%E1%84%85%E1%85%B5-%E1%84%8B%E1%85%AF%E1%86%AB%E1%84%91%E1%85%B5%E1%84%89%E1%85%B3-p02117995.html,https://static.zara.net/assets/public/39d6/b5ac/54e14d31844a/3d052b34f561/02117995330-p/02117995330-p.jpg?ts=1776679450542,"₩109,900",,,260622,멀티컬러,,,,
,false,,ZARA,원피스,원피스,여성,도트 볼륨 홀터넥 미디 원피스,https://www.zara.com/kr/ko/%E1%84%83%E1%85%A9%E1%84%90%E1%85%B3-%E1%84%87%E1%85%A9%E1%86%AF%E1%84%85%E1%85%B2%E1%86%B7-%E1%84%92%E1%85%A9%E1%86%AF%E1%84%90%E1%85%A5%E1%84%82%E1%85%A6%E1%86%A8-%E1%84%86%E1%85%B5%E1%84%83%E1%85%B5-%E1%84%8B%E1%85%AF%E1%86%AB%E1%84%91%E1%85%B5%E1%84%89%E1%85%B3-p04772354.html,https://static.zara.net/assets/public/db60/4c55/22d040c48a76/ec03d13a36a5/07759210049-p/07759210049-p.jpg?ts=1781622786857,"₩79,900",,,260622,브라운-블루,,,,
,false,,ZARA,원피스,원피스,여성,도트 홀터넥 미디 원피스,https://www.zara.com/kr/ko/%E1%84%83%E1%85%A9%E1%84%90%E1%85%B3-%E1%84%87%E1%85%A9%E1%86%AF%E1%84%85%E1%85%B2%E1%86%B7-%E1%84%92%E1%85%A9%E1%86%AF%E1%84%90%E1%85%A5%E1%84%82%E1%85%A6%E1%86%A8-%E1%84%86%E1%85%B5%E1%84%83%E1%85%B5-%E1%84%8B%E1%85%AF%E1%86%AB%E1%84%91%E1%85%B5%E1%84%89%E1%85%B3-p04772354.html,https://static.zara.net/assets/public/6231/3221/708341088186/e1efb3a4a72a/04772354064-p/04772354064-p.jpg?ts=1781622787010,"₩79,900",,,260622,"화이트,블랙",,,,
,false,,ZARA,원피스,원피스,여성,페이크 스웨이드 미니 원피스,https://www.zara.com/kr/ko/%E1%84%91%E1%85%A6%E1%84%8B%E1%85%B5%E1%84%8F%E1%85%B3-%E1%84%89%E1%85%B3%E1%84%8B%E1%85%B0%E1%84%8B%E1%85%B5%E1%84%83%E1%85%B3-%E1%84%86%E1%85%B5%E1%84%82%E1%85%B5-%E1%84%8B%E1%85%AF%E1%86%AB%E1%84%91%E1%85%B5%E1%84%89%E1%85%B3-p04344176.html,https://static.zara.net/assets/public/5e80/464e/ce6b4fbe87f3/7de8443b09e2/04344176732-p/04344176732-p.jpg?ts=1772190076864,"₩59,900",,,260622,카라멜,,,,
,false,,ZARA,원피스,원피스,여성,프릴 콤비 원피스,https://www.zara.com/kr/ko/%E1%84%8F%E1%85%A9%E1%86%B7%E1%84%87%E1%85%B5-%E1%84%91%E1%85%B3%E1%84%85%E1%85%B5%E1%86%AF-%E1%84%8B%E1%85%AF%E1%86%AB%E1%84%91%E1%85%B5%E1%84%89%E1%85%B3-p00264155.html,https://static.zara.net/assets/public/c939/e8f9/ac384f4bb8be/083bcef56fc7/00264155942-p/00264155942-p.jpg?ts=1772472064224,"₩59,900",,,260622,베이지 핑크,,,,
,false,,ZARA,원피스,원피스,여성,리본 스트라이프 미디 원피스,https://www.zara.com/kr/ko/%E1%84%89%E1%85%B3%E1%84%90%E1%85%B3%E1%84%85%E1%85%A1%E1%84%8B%E1%85%B5%E1%84%91%E1%85%B3-%E1%84%85%E1%85%B5%E1%84%87%E1%85%A9%E1%86%AB-%E1%84%86%E1%85%B5%E1%84%83%E1%85%B5-%E1%84%8B%E1%85%AF%E1%86%AB%E1%84%91%E1%85%B5%E1%84%89%E1%85%B3-p02298088.html,https://static.zara.net/assets/public/eb85/3aae/f82546bcac26/55311307681c/02298088330-p/02298088330-p.jpg?ts=1777032326332,"₩79,900",,,260622,멀티컬러,,,,
,false,,ZARA,원피스,원피스,여성,미니 깅엄 체크 원피스,https://www.zara.com/kr/ko/%E1%84%80%E1%85%B5%E1%86%BC%E1%84%8B%E1%85%A5%E1%86%B7-%E1%84%8E%E1%85%A6%E1%84%8F%E1%85%B3-%E1%84%86%E1%85%B5%E1%84%82%E1%85%B5-%E1%84%8B%E1%85%AF%E1%86%AB%E1%84%91%E1%85%B5%E1%84%89%E1%85%B3-p05029146.html,https://static.zara.net/assets/public/f13a/0ad3/68044497a2fd/ccfcd666f336/05029146120-p/05029146120-p.jpg?ts=1777032335301,"₩59,900",,,260622,녹색,,,,
,false,,ZARA,원피스,원피스,여성,TRF 데님 미니 원피스,https://www.zara.com/kr/ko/trf-%E1%84%83%E1%85%A6%E1%84%82%E1%85%B5%E1%86%B7-%E1%84%86%E1%85%B5%E1%84%82%E1%85%B5-%E1%84%8B%E1%85%AF%E1%86%AB%E1%84%91%E1%85%B5%E1%84%89%E1%85%B3-p05252081.html,https://static.zara.net/assets/public/d83e/632b/a3524d07b634/17b0fc7700c5/05252081401-p/05252081401-p.jpg?ts=1774970871824,"₩55,900",,,260622,네이비,,,,
,false,,ZARA,원피스,원피스,여성,플로럴 홀터넥 미니 원피스,https://www.zara.com/kr/ko/%E1%84%91%E1%85%B3%E1%86%AF%E1%84%85%E1%85%A1%E1%84%8B%E1%85%AF-%E1%84%92%E1%85%A9%E1%86%AF%E1%84%90%E1%85%A5%E1%84%82%E1%85%A6%E1%86%A8-%E1%84%86%E1%85%B5%E1%84%82%E1%85%B5-%E1%84%8B%E1%85%AF%E1%86%AB%E1%84%91%E1%85%B5%E1%84%89%E1%85%B3-p02743300.html,https://static.zara.net/assets/public/d050/4528/16434598bb97/7699ed6d8c52/02743300600-p/02743300600-p.jpg?ts=1774970852525,"₩55,900",,,260622,레드,,,,
,false,,ZARA,원피스,원피스,여성,페이크 스웨이드 원피스,https://www.zara.com/kr/ko/%E1%84%91%E1%85%A6%E1%84%8B%E1%85%B5%E1%84%8F%E1%85%B3-%E1%84%89%E1%85%B3%E1%84%8B%E1%85%B0%E1%84%8B%E1%85%B5%E1%84%83%E1%85%B3-%E1%84%8B%E1%85%AF%E1%86%AB%E1%84%91%E1%85%B5%E1%84%89%E1%85%B3-p04344155.html,https://static.zara.net/assets/public/48bd/db02/9da047618ec2/f5b54abd4b6e/04344155420-p/04344155420-p.jpg?ts=1770654381689,"₩89,900",,,260622,블루,,,,
,false,,ZARA,원피스,원피스,여성,레이스 미니 원피스,https://www.zara.com/kr/ko/%E1%84%85%E1%85%A6%E1%84%8B%E1%85%B5%E1%84%89%E1%85%B3-%E1%84%86%E1%85%B5%E1%84%82%E1%85%B5-%E1%84%8B%E1%85%AF%E1%86%AB%E1%84%91%E1%85%B5%E1%84%89%E1%85%B3-p01067151.html,https://static.zara.net/assets/public/45ee/2a8c/729146359a83/a447c80bda40/01067151716-p/01067151716-p.jpg?ts=1770828217389,"₩59,900",,,260622,다크 브라운,,,,
,false,,ZARA,원피스,원피스,여성,콤비 캐미솔 원피스,https://www.zara.com/kr/ko/%E1%84%8F%E1%85%A9%E1%86%B7%E1%84%87%E1%85%B5-%E1%84%8F%E1%85%A2%E1%84%86%E1%85%B5%E1%84%89%E1%85%A9%E1%86%AF-%E1%84%8B%E1%85%AF%E1%86%AB%E1%84%91%E1%85%B5%E1%84%89%E1%85%B3-p02938533.html,https://static.zara.net/assets/public/bf23/be54/cb33496abe5e/4e43daa50c98/02938533321-p/02938533321-p.jpg?ts=1779440302322,"₩89,900",,,260622,파스텔 옐로우,,,,
,false,,ZARA,원피스,원피스,여성,셔링 홀터넥 원피스,https://www.zara.com/kr/ko/%E1%84%89%E1%85%A7%E1%84%85%E1%85%B5%E1%86%BC-%E1%84%92%E1%85%A9%E1%86%AF%E1%84%90%E1%85%A5%E1%84%82%E1%85%A6%E1%86%A8-%E1%84%8B%E1%85%AF%E1%86%AB%E1%84%91%E1%85%B5%E1%84%89%E1%85%B3-p03152341.html,https://static.zara.net/assets/public/b563/963f/a245455ebb97/e283f8df92d5/03152341621-a2/03152341621-a2.jpg?ts=1779440415574,"₩79,900",,,260622,파스텔 로즈,,,,
,false,,ZARA,원피스,오버롤,여성,벨트 롱 점프수트,https://www.zara.com/kr/ko/%E1%84%87%E1%85%A6%E1%86%AF%E1%84%90%E1%85%B5%E1%84%83%E1%85%B3-%E1%84%85%E1%85%A9%E1%86%BC-%E1%84%8C%E1%85%A5%E1%86%B7%E1%84%91%E1%85%B3%E1%84%89%E1%85%AE%E1%84%90%E1%85%B3-p04387047.html,https://static.zara.net/assets/public/e743/92ea/70ad4e4fb017/ab04485586dc/04387047800-p/04387047800-p.jpg?ts=1773924415514,"₩89,900",,,260622,블랙,,,,
,false,,ZARA,원피스,원피스,여성,벨트 미디 원피스,https://www.zara.com/kr/ko/%E1%84%87%E1%85%A6%E1%86%AF%E1%84%90%E1%85%B3-%E1%84%86%E1%85%B5%E1%84%83%E1%85%B5-%E1%84%8B%E1%85%AF%E1%86%AB%E1%84%91%E1%85%B5%E1%84%89%E1%85%B3-p02672602.html,https://static.zara.net/assets/public/f868/8aac/38bf48049f4e/4e30448b3799/02672602251-p/02672602251-p.jpg?ts=1773924414432,"₩89,900",,,260622,스크래치 화이트,,,,
,false,,ZARA,원피스,원피스,여성,새틴 셔링 미디 원피스,https://www.zara.com/kr/ko/%E1%84%89%E1%85%A7%E1%84%85%E1%85%B5%E1%86%BC-%E1%84%83%E1%85%B5%E1%84%90%E1%85%A6%E1%84%8B%E1%85%B5%E1%86%AF-%E1%84%89%E1%85%A2%E1%84%90%E1%85%B5%E1%86%AB-%E1%84%86%E1%85%B5%E1%84%83%E1%85%B5-%E1%84%8B%E1%85%AF%E1%86%AB%E1%84%91%E1%85%B5%E1%84%89%E1%85%B3-p03067329.html,https://static.zara.net/assets/public/14d4/21ae/5c364cb4aefd/46492c7014b6/03067329710-p/03067329710-p.jpg?ts=1779285009779,"₩79,900",,,260622,베이지,,,,
,false,,ZARA,원피스,원피스,여성,스트로베리 패턴 포플린 미디 원피스,https://www.zara.com/kr/ko/%E1%84%89%E1%85%B3%E1%84%90%E1%85%B3%E1%84%85%E1%85%A9%E1%84%87%E1%85%A6%E1%84%85%E1%85%B5-%E1%84%91%E1%85%A2%E1%84%90%E1%85%A5%E1%86%AB-%E1%84%91%E1%85%A9%E1%84%91%E1%85%B3%E1%86%AF%E1%84%85%E1%85%B5%E1%86%AB-%E1%84%86%E1%85%B5%E1%84%83%E1%85%B5-%E1%84%8B%E1%85%AF%E1%86%AB%E1%84%91%E1%85%B5%E1%84%89%E1%85%B3-p02934388.html,https://static.zara.net/assets/public/f2ed/a321/659244c6882d/cbb5636dcaf9/02934388403-p/02934388403-p.jpg?ts=1779272130165,"₩89,900",,,260622,하늘색,,,,
,false,,ZARA,원피스,원피스,여성,숏 자카드 원피스,https://www.zara.com/kr/ko/%E1%84%89%E1%85%AD%E1%84%90%E1%85%B3-%E1%84%8C%E1%85%A1%E1%84%8F%E1%85%A1%E1%84%83%E1%85%B3-%E1%84%8B%E1%85%AF%E1%86%AB%E1%84%91%E1%85%B5%E1%84%89%E1%85%B3-p02877328.html,https://static.zara.net/assets/public/304e/7c9e/3e794731a709/204083da06d1/02877328800-000-a3/02877328800-000-a3.jpg?ts=1778769197015,"₩79,900",,,260622,블랙,,,,
,false,,ZARA,원피스,원피스,여성,코르셋 미니 원피스,https://www.zara.com/kr/ko/%E1%84%8F%E1%85%A9%E1%84%85%E1%85%B3%E1%84%89%E1%85%A6%E1%86%BA-%E1%84%86%E1%85%B5%E1%84%82%E1%85%B5-%E1%84%8B%E1%85%AF%E1%86%AB%E1%84%91%E1%85%B5%E1%84%89%E1%85%B3-p01165137.html,https://static.zara.net/assets/public/fe19/6a99/87894b0a8f9f/b9913da87d32/01165137600-p/01165137600-p.jpg?ts=1778768443509,"₩89,900",,,260622,레드,,,,
,false,,ZARA,원피스,원피스,여성,벌룬 셔링 원피스,https://www.zara.com/kr/ko/%E1%84%89%E1%85%A7%E1%84%85%E1%85%B5%E1%86%BC-%E1%84%87%E1%85%A5%E1%86%AF%E1%84%85%E1%85%AE%E1%86%AB-%E1%84%8B%E1%85%AF%E1%86%AB%E1%84%91%E1%85%B5%E1%84%89%E1%85%B3-p04661328.html,https://static.zara.net/assets/public/00a8/e47e/460d4d589cd6/c7d343a66150/04661328733-p/04661328733-p.jpg?ts=1772187532413,"₩59,900",,,260622,크림,,,,
,false,,ZARA,원피스,원피스,여성,콤비 레이스 원피스,https://www.zara.com/kr/ko/%E1%84%8F%E1%85%A9%E1%86%B7%E1%84%87%E1%85%B5-%E1%84%85%E1%85%A6%E1%84%8B%E1%85%B5%E1%84%89%E1%85%B3-%E1%84%8B%E1%85%AF%E1%86%AB%E1%84%91%E1%85%B5%E1%84%89%E1%85%B3-p04772329.html,https://static.zara.net/assets/public/a18e/19a4/c68c424894ea/4825c8ed209f/04772329687-p/04772329687-p.jpg?ts=1772186744295,"₩79,900",,,260622,페일 로즈,,,,
,false,,ZARA,원피스,원피스,여성,펀칭 자수 숏 원피스,https://www.zara.com/kr/ko/%E1%84%91%E1%85%A5%E1%86%AB%E1%84%8E%E1%85%B5%E1%86%BC-%E1%84%8C%E1%85%A1%E1%84%89%E1%85%AE-%E1%84%89%E1%85%AD%E1%86%BA-%E1%84%8B%E1%85%AF%E1%86%AB%E1%84%91%E1%85%B5%E1%84%89%E1%85%B3-p02788689.html,https://static.zara.net/assets/public/b054/43e9/0da44bc59926/8606631e6db2/02788689251-p/02788689251-p.jpg?ts=1777032326352,"₩79,900",,,260622,스크래치 화이트,,,,
,false,,ZARA,원피스,원피스,여성,린넨 미니 원피스,https://www.zara.com/kr/ko/%E1%84%85%E1%85%B5%E1%86%AB%E1%84%82%E1%85%A6%E1%86%AB-%E1%84%86%E1%85%B5%E1%84%82%E1%85%B5-%E1%84%8B%E1%85%AF%E1%86%AB%E1%84%91%E1%85%B5%E1%84%89%E1%85%B3-p03293057.html,https://static.zara.net/assets/public/8489/4896/29a44f15b74e/7ed749408681/03293057705-p/03293057705-p.jpg?ts=1778076431035,"₩59,900",,,260622,타바코,,,,
,false,,ZARA,원피스,원피스,여성,러스틱 볼륨 미디 원피스,https://www.zara.com/kr/ko/%E1%84%85%E1%85%A5%E1%84%89%E1%85%B3%E1%84%90%E1%85%B5%E1%86%A8-%E1%84%87%E1%85%A9%E1%86%AF%E1%84%85%E1%85%B2%E1%86%B7-%E1%84%86%E1%85%B5%E1%84%83%E1%85%B5-%E1%84%8B%E1%85%AF%E1%86%AB%E1%84%91%E1%85%B5%E1%84%89%E1%85%B3-p04387046.html,https://static.zara.net/assets/public/e2c8/ac40/96d34a63a464/47a832a084d6/04387046052-a2/04387046052-a2.jpg?ts=1778076434505,"₩59,900",,,260622,라이트 베이지,,,,
,false,,ZARA,원피스,원피스,여성,미니 포플린 원피스,https://www.zara.com/kr/ko/%E1%84%86%E1%85%B5%E1%84%82%E1%85%B5-%E1%84%91%E1%85%A9%E1%84%91%E1%85%B3%E1%86%AF%E1%84%85%E1%85%B5%E1%86%AB-%E1%84%8B%E1%85%AF%E1%86%AB%E1%84%91%E1%85%B5%E1%84%89%E1%85%B3-p05029098.html,https://static.zara.net/assets/public/7615/7c44/f76945c48ff5/3565d4f4058e/05029098250-a2/05029098250-a2.jpg?ts=1771252260411,"₩59,900",,,260622,화이트,,,,
,false,,ZARA,원피스,원피스,여성,리본 미니 원피스,https://www.zara.com/kr/ko/%E1%84%85%E1%85%B5%E1%84%87%E1%85%A9%E1%86%AB-%E1%84%86%E1%85%B5%E1%84%82%E1%85%B5-%E1%84%8B%E1%85%AF%E1%86%AB%E1%84%91%E1%85%B5%E1%84%89%E1%85%B3-p02199517.html,https://static.zara.net/assets/public/6494/ae95/997e4ca0b8a6/190f1b0fbaf8/02199517043-p/02199517043-p.jpg?ts=1771252260707,"₩59,900",,,260622,"네이비,화이트",,,,
,false,,ZARA,원피스,원피스,여성,도트 니트 원피스,https://www.zara.com/kr/ko/%E1%84%83%E1%85%A9%E1%84%90%E1%85%B3-%E1%84%82%E1%85%B5%E1%84%90%E1%85%B3-%E1%84%8B%E1%85%AF%E1%86%AB%E1%84%91%E1%85%B5%E1%84%89%E1%85%B3-p09598020.html,https://static.zara.net/assets/public/e370/a0e0/0bcc4c7b8c07/3a29904833e8/09598020087-p/09598020087-p.jpg?ts=1772543923863,"₩79,900",,,260622,"브라운,크림",,,,
,false,,ZARA,원피스,원피스,여성,도트 미니 원피스,https://www.zara.com/kr/ko/%E1%84%83%E1%85%A9%E1%84%90%E1%85%B3-%E1%84%86%E1%85%B5%E1%84%82%E1%85%B5-%E1%84%8B%E1%85%AF%E1%86%AB%E1%84%91%E1%85%B5%E1%84%89%E1%85%B3-p03897081.html,https://static.zara.net/assets/public/fef7/d851/9d374ae2b948/16b36d4f6e4f/03897081084-p/03897081084-p.jpg?ts=1772624490641,"₩57,900",,,260622,"블랙,화이트",,,,
,false,,ZARA,원피스,원피스,여성,크로셰 콤비 원피스,https://www.zara.com/kr/ko/%E1%84%8F%E1%85%B3%E1%84%85%E1%85%A9%E1%84%89%E1%85%A8-%E1%84%8F%E1%85%A9%E1%86%B7%E1%84%87%E1%85%B5-%E1%84%8B%E1%85%AF%E1%86%AB%E1%84%91%E1%85%B5%E1%84%89%E1%85%B3-p01223019.html,https://static.zara.net/assets/public/53b8/7684/74434694aa65/fbfaa66c888a/01223019926-a3/01223019926-a3.jpg?ts=1776957794028,"₩89,900",,,260622,핑크,,,,
,false,,ZARA,원피스,원피스,여성,비즈 캐미솔 원피스,https://www.zara.com/kr/ko/%E1%84%87%E1%85%B5%E1%84%8C%E1%85%B3-%E1%84%8F%E1%85%A2%E1%84%86%E1%85%B5%E1%84%89%E1%85%A9%E1%86%AF-%E1%84%8B%E1%85%AF%E1%86%AB%E1%84%91%E1%85%B5%E1%84%89%E1%85%B3-p01058140.html,https://static.zara.net/assets/public/9850/4fcf/df6d4849bbd3/8d3a0e5e59ea/01058140637-p/01058140637-p.jpg?ts=1776957789449,"₩79,900",,,260622,라이트 로즈,,,,
,false,,ZARA,원피스,원피스,여성,거즈 볼륨 미디 원피스,https://www.zara.com/kr/ko/%E1%84%80%E1%85%A5%E1%84%8C%E1%85%B3-%E1%84%87%E1%85%A9%E1%86%AF%E1%84%85%E1%85%B2%E1%86%B7-%E1%84%86%E1%85%B5%E1%84%83%E1%85%B5-%E1%84%8B%E1%85%AF%E1%86%AB%E1%84%91%E1%85%B5%E1%84%89%E1%85%B3-p07521304.html,https://static.zara.net/assets/public/05bc/93fa/eaa34186b4df/9afd90266508/07521304636-001-p/07521304636-001-p.jpg?ts=1780920025542,"₩79,900",,,260622,츄잉검,,,,
,false,,ZARA,원피스,원피스,여성,미러 프린지 니트 원피스,https://www.zara.com/kr/ko/%E1%84%86%E1%85%B5%E1%84%85%E1%85%A5-%E1%84%91%E1%85%B3%E1%84%85%E1%85%B5%E1%86%AB%E1%84%8C%E1%85%B5-%E1%84%82%E1%85%B5%E1%84%90%E1%85%B3-%E1%84%8B%E1%85%AF%E1%86%AB%E1%84%91%E1%85%B5%E1%84%89%E1%85%B3-p03921065.html,https://static.zara.net/assets/public/f9dd/fbfc/1edb4416b28a/5fdf1762b712/03921065712-a3/03921065712-a3.jpg?ts=1780475837421,"₩99,900",,,260622,크림,,,,
,false,,ZARA,원피스,오버롤,여성,텐셀 롱 점프수트,https://www.zara.com/kr/ko/%E1%84%90%E1%85%A6%E1%86%AB%E1%84%89%E1%85%A6%E1%86%AF-%E1%84%85%E1%85%A9%E1%86%BC-%E1%84%8C%E1%85%A5%E1%86%B7%E1%84%91%E1%85%B3%E1%84%89%E1%85%AE%E1%84%90%E1%85%B3-p06929182.html,https://static.zara.net/assets/public/b2e9/c4b9/90d64612bbd7/d89b7e6b17ca/06929182800-p/06929182800-p.jpg?ts=1776857465743,"₩79,900",,,260622,블랙,,,,
,false,,ZARA,원피스,오버롤,여성,텍스처 스트랩 롱 점프수트,https://www.zara.com/kr/ko/%E1%84%90%E1%85%A6%E1%86%A8%E1%84%89%E1%85%B3%E1%84%8E%E1%85%A5-%E1%84%89%E1%85%B3%E1%84%90%E1%85%B3%E1%84%85%E1%85%A2%E1%86%B8-%E1%84%85%E1%85%A9%E1%86%BC-%E1%84%8C%E1%85%A5%E1%86%B7%E1%84%91%E1%85%B3%E1%84%89%E1%85%AE%E1%84%90%E1%85%B3-p07521303.html,https://static.zara.net/assets/public/46ba/ed9c/fbbd48acbeaf/a217ddb7cf94/07521303806-p/07521303806-p.jpg?ts=1776860050350,"₩79,900",,,260622,스톤,,,,
,false,,ZARA,원피스,원피스,여성,텍스처 플리츠 스트라이프 롱 원피스,https://www.zara.com/kr/ko/%E1%84%90%E1%85%A6%E1%86%A8%E1%84%89%E1%85%B3%E1%84%8E%E1%85%A5-%E1%84%89%E1%85%B3%E1%84%90%E1%85%B3%E1%84%85%E1%85%A1%E1%84%8B%E1%85%B5%E1%84%91%E1%85%B3-%E1%84%91%E1%85%B3%E1%86%AF%E1%84%85%E1%85%B5%E1%84%8E%E1%85%B3-%E1%84%85%E1%85%A9%E1%86%BC-%E1%84%8B%E1%85%AF%E1%86%AB%E1%84%91%E1%85%B5%E1%84%89%E1%85%B3-p08779153.html,https://static.zara.net/assets/public/8119/faf6/bce44dc4a152/71f4a8a792d9/08779153086-p/08779153086-p.jpg?ts=1770832579767,"₩59,900",,,260622,"크림,브라운",,,,
,false,,ZARA,원피스,원피스,여성,스트라이프 니트 미니 원피스,https://www.zara.com/kr/ko/%E1%84%89%E1%85%B3%E1%84%90%E1%85%B3%E1%84%85%E1%85%A1%E1%84%8B%E1%85%B5%E1%84%91%E1%85%B3-%E1%84%82%E1%85%B5%E1%84%90%E1%85%B3-%E1%84%86%E1%85%B5%E1%84%82%E1%85%B5-%E1%84%8B%E1%85%AF%E1%86%AB%E1%84%91%E1%85%B5%E1%84%89%E1%85%B3-p06771038.html,https://static.zara.net/assets/public/6671/ccd9/75774d80a88f/ce1712ea6ea2/06771038064-p/06771038064-p.jpg?ts=1778076468741,"₩55,900",,,260622,"화이트,블랙",,,,
,false,,ZARA,원피스,원피스,여성,부클레 스트라이프 원피스,https://www.zara.com/kr/ko/%E1%84%87%E1%85%AE%E1%84%8F%E1%85%B3%E1%86%AF-%E1%84%89%E1%85%B3%E1%84%90%E1%85%B3%E1%84%85%E1%85%A1%E1%84%8B%E1%85%B5%E1%84%91%E1%85%B3-%E1%84%8B%E1%85%AF%E1%86%AB%E1%84%91%E1%85%B5%E1%84%89%E1%85%B3-p02298467.html,https://static.zara.net/assets/public/78cf/6a49/9f53416eb3d5/0ffc25aae9da/02298467093-p/02298467093-p.jpg?ts=1772202572963,"₩49,900",,,260622,"블랙,크림",,,,
,false,,ZARA,원피스,원피스,여성,벌룬 슬리브 부클 원피스,https://www.zara.com/kr/ko/%E1%84%87%E1%85%A5%E1%86%AF%E1%84%85%E1%85%AE%E1%86%AB-%E1%84%89%E1%85%B3%E1%86%AF%E1%84%85%E1%85%B5%E1%84%87%E1%85%B3-%E1%84%87%E1%85%AE%E1%84%8F%E1%85%B3%E1%86%AF%E1%84%85%E1%85%A6-%E1%84%8B%E1%85%AF%E1%86%AB%E1%84%91%E1%85%B5%E1%84%89%E1%85%B3-p02298461.html,https://static.zara.net/assets/public/dcd0/10ab/b6e048f4ab46/af28189fd94b/02298461800-p/02298461800-p.jpg?ts=1772202555316,"₩55,900",,,260622,블랙,,,,
,false,,ZARA,원피스,원피스,여성,스트라이프 콤비 포플린 원피스,https://www.zara.com/kr/ko/%E1%84%89%E1%85%B3%E1%84%90%E1%85%B3%E1%84%85%E1%85%A1%E1%84%8B%E1%85%B5%E1%84%91%E1%85%B3-%E1%84%91%E1%85%A9%E1%84%91%E1%85%B3%E1%86%AF%E1%84%85%E1%85%B5%E1%86%AB-%E1%84%8F%E1%85%A9%E1%86%B7%E1%84%87%E1%85%B5-%E1%84%8B%E1%85%AF%E1%86%AB%E1%84%91%E1%85%B5%E1%84%89%E1%85%B3-p00858159.html,https://static.zara.net/assets/public/7e14/0367/90154f3fbcfa/97e9f18b0dc1/00858159104-p/00858159104-p.jpg?ts=1776085471227,"₩55,900",,,260622,스트라이프,,,,
,false,,ZARA,원피스,원피스,여성,스트라이프 러스틱 원피스,https://www.zara.com/kr/ko/%E1%84%89%E1%85%B3%E1%84%90%E1%85%B3%E1%84%85%E1%85%A1%E1%84%8B%E1%85%B5%E1%84%91%E1%85%B3-%E1%84%85%E1%85%A5%E1%84%89%E1%85%B3%E1%84%90%E1%85%B5%E1%86%A8-%E1%84%8B%E1%85%AF%E1%86%AB%E1%84%91%E1%85%B5%E1%84%89%E1%85%B3-p08779142.html,https://static.zara.net/assets/public/20b4/f7d3/7d9b49bab131/d5ffeaa1cf24/08779142086-p/08779142086-p.jpg?ts=1776085514672,"₩59,900",,,260622,"크림,브라운",,,,
,false,,ZARA,원피스,원피스,여성,새틴 도트 원피스,https://www.zara.com/kr/ko/%E1%84%89%E1%85%A2%E1%84%90%E1%85%B5%E1%86%AB-%E1%84%83%E1%85%A9%E1%84%90%E1%85%B3-%E1%84%8B%E1%85%AF%E1%86%AB%E1%84%91%E1%85%B5%E1%84%89%E1%85%B3-p02180378.html,https://static.zara.net/assets/public/7600/4ee4/d8e94fefab93/8cb8dcba654e/02180378600-p/02180378600-p.jpg?ts=1774970834025,"₩55,900",,,260622,레드,,,,
,false,,ZARA,원피스,원피스,여성,볼 니트 반두 원피스,https://www.zara.com/kr/ko/%E1%84%87%E1%85%A9%E1%86%AF-%E1%84%82%E1%85%B5%E1%84%90%E1%85%B3-%E1%84%87%E1%85%A1%E1%86%AB%E1%84%83%E1%85%AE-%E1%84%8B%E1%85%AF%E1%86%AB%E1%84%91%E1%85%B5%E1%84%89%E1%85%B3-p04938021.html,https://static.zara.net/assets/public/c215/c6ef/29794c0db576/12b841422908/04938021500-p/04938021500-p.jpg?ts=1774970871182,"₩59,900",,,260622,초록,,,,
,false,,ZARA,원피스,원피스,여성,셔링 새틴 미디 원피스,https://www.zara.com/kr/ko/%E1%84%89%E1%85%A7%E1%84%85%E1%85%B5%E1%86%BC-%E1%84%89%E1%85%A2%E1%84%90%E1%85%B5%E1%86%AB-%E1%84%86%E1%85%B5%E1%84%83%E1%85%B5-%E1%84%8B%E1%85%AF%E1%86%AB%E1%84%91%E1%85%B5%E1%84%89%E1%85%B3-p02309533.html,https://static.zara.net/assets/public/d91a/0931/9e044a7ea1b3/9dcc8f991cd8/02309533306-p/02309533306-p.jpg?ts=1770827652691,"₩59,900",,,260622,라이트 옐로우,,,,
,false,,ZARA,원피스,원피스,여성,언밸런스 새틴 미니 원피스,https://www.zara.com/kr/ko/%E1%84%8B%E1%85%A5%E1%86%AB%E1%84%87%E1%85%A2%E1%86%AF%E1%84%85%E1%85%A5%E1%86%AB%E1%84%89%E1%85%B3-%E1%84%86%E1%85%B5%E1%87%80%E1%84%83%E1%85%A1%E1%86%AB-%E1%84%89%E1%85%A2%E1%84%90%E1%85%B5%E1%86%AB-%E1%84%86%E1%85%B5%E1%84%82%E1%85%B5-%E1%84%8B%E1%85%AF%E1%86%AB%E1%84%91%E1%85%B5%E1%84%89%E1%85%B3-p03152350.html,https://static.zara.net/assets/public/67e9/1eea/c66a451186a6/2be93204803e/03152350403-p/03152350403-p.jpg?ts=1770827672146,"₩59,900",,,260622,하늘색,,,,
,false,,ZARA,원피스,원피스,여성,벌룬 미니 원피스,https://www.zara.com/kr/ko/%E1%84%87%E1%85%A5%E1%86%AF%E1%84%85%E1%85%AE%E1%86%AB-%E1%84%86%E1%85%B5%E1%84%82%E1%85%B5-%E1%84%8B%E1%85%AF%E1%86%AB%E1%84%91%E1%85%B5%E1%84%89%E1%85%B3-p08372039.html,https://static.zara.net/assets/public/e9ae/e1ab/8c7e4316bc33/b7a79faf13bd/08372039800-p/08372039800-p.jpg?ts=1771581990456,"₩59,900",,,260622,블랙,,,,
,false,,ZARA,원피스,원피스,여성,허니콤 미디 원피스,https://www.zara.com/kr/ko/%E1%84%92%E1%85%A5%E1%84%82%E1%85%B5%E1%84%8F%E1%85%A9%E1%86%B7-%E1%84%86%E1%85%B5%E1%84%83%E1%85%B5-%E1%84%8B%E1%85%AF%E1%86%AB%E1%84%91%E1%85%B5%E1%84%89%E1%85%B3-p02394619.html,https://static.zara.net/assets/public/d0a8/80d0/b419460b830d/94d16043b73b/02394619620-a2/02394619620-a2.jpg?ts=1771761623426,"₩89,900",,,260622,로즈핑크,,,,
,false,,ZARA,원피스,원피스,여성,패치워크 패턴 원피스,https://www.zara.com/kr/ko/%E1%84%91%E1%85%A2%E1%84%8E%E1%85%B5%E1%84%8B%E1%85%AF%E1%84%8F%E1%85%B3-%E1%84%91%E1%85%B3%E1%84%85%E1%85%B5%E1%86%AB%E1%84%90%E1%85%B3-%E1%84%8B%E1%85%AF%E1%86%AB%E1%84%91%E1%85%B5%E1%84%89%E1%85%B3-p02623185.html,https://static.zara.net/assets/public/48ea/dc85/b5e04cc8ac60/d7a8c0517f46/02623185330-p/02623185330-p.jpg?ts=1773413601465,"₩89,900",,,260622,멀티컬러,,,,
,false,,ZARA,원피스,원피스,여성,체크 스트랩 미디 원피스,https://www.zara.com/kr/ko/%E1%84%8E%E1%85%A6%E1%84%8F%E1%85%B3-%E1%84%89%E1%85%B3%E1%84%90%E1%85%B3%E1%84%85%E1%85%A2%E1%86%B8-%E1%84%86%E1%85%B5%E1%84%83%E1%85%B5-%E1%84%8B%E1%85%AF%E1%86%AB%E1%84%91%E1%85%B5%E1%84%89%E1%85%B3-p07969043.html,https://static.zara.net/assets/public/736d/a022/7c8f4aa59cab/d99295c8046a/07969043300-p/07969043300-p.jpg?ts=1772718172824,"₩59,900",,,260622,노랑,,,,
,false,,ZARA,원피스,원피스,여성,Z1975 홀터넥 미니 원피스,https://www.zara.com/kr/ko/z1975-%E1%84%92%E1%85%A9%E1%86%AF%E1%84%90%E1%85%A5%E1%84%82%E1%85%A6%E1%86%A8-%E1%84%86%E1%85%B5%E1%84%82%E1%85%B5-%E1%84%8B%E1%85%AF%E1%86%AB%E1%84%91%E1%85%B5%E1%84%89%E1%85%B3-p00108036.html,https://static.zara.net/assets/public/6634/49eb/ca094ee59cbb/5a9be8f83ce3/00108036427-p/00108036427-p.jpg?ts=1779207017201,"₩59,900",,,260622,미디움 블루,,,,
,false,,ZARA,원피스,원피스,여성,드레이프 레이스 미니 원피스,https://www.zara.com/kr/ko/%E1%84%83%E1%85%B3%E1%84%85%E1%85%A6%E1%84%8B%E1%85%B5%E1%84%91%E1%85%B3-%E1%84%85%E1%85%A6%E1%84%8B%E1%85%B5%E1%84%89%E1%85%B3-%E1%84%89%E1%85%AD%E1%86%BA-%E1%84%8B%E1%85%AF%E1%86%AB%E1%84%91%E1%85%B5%E1%84%89%E1%85%B3-p07484061.html,https://static.zara.net/assets/public/def0/a3c6/b28e45a9a7f6/42324a5ccda7/07484061700-p/07484061700-p.jpg?ts=1779205323421,"₩57,900",,,260622,브라운,,,,
,false,,ZARA,원피스,원피스,여성,스트랩 미디 원피스,https://www.zara.com/kr/ko/%E1%84%89%E1%85%B3%E1%84%90%E1%85%B3%E1%84%85%E1%85%A2%E1%86%B8-%E1%84%86%E1%85%B5%E1%84%83%E1%85%B5-%E1%84%8B%E1%85%AF%E1%86%AB%E1%84%91%E1%85%B5%E1%84%89%E1%85%B3-p04174172.html,https://static.zara.net/assets/public/847e/5fe8/bbbd46f99ab6/b48d90b98add/04174172700-p/04174172700-p.jpg?ts=1772555762276,"₩39,900",,,260622,브라운,,,,
,false,,ZARA,원피스,원피스,여성,미디 스트랩 원피스,https://www.zara.com/kr/ko/%E1%84%89%E1%85%B3%E1%84%90%E1%85%B3%E1%84%85%E1%85%A2%E1%86%B8-%E1%84%86%E1%85%B5%E1%84%83%E1%85%B5-%E1%84%8B%E1%85%AF%E1%86%AB%E1%84%91%E1%85%B5%E1%84%89%E1%85%B3-p04174172.html,https://static.zara.net/assets/public/a758/96ed/6ab14aabb2a7/bf4f1756dc58/04174172442-p/04174172442-p.jpg?ts=1772555759197,"₩39,900",,,260622,덕 블루,,,,
,false,,ZARA,원피스,원피스,여성,루즈핏 스트랩 미디 원피스,https://www.zara.com/kr/ko/%E1%84%85%E1%85%AE%E1%84%8C%E1%85%B3-%E1%84%89%E1%85%B3%E1%84%90%E1%85%B3%E1%84%85%E1%85%A2%E1%86%B8-%E1%84%86%E1%85%B5%E1%84%83%E1%85%B5-%E1%84%8B%E1%85%AF%E1%86%AB%E1%84%91%E1%85%B5%E1%84%89%E1%85%B3-p05039380.html,https://static.zara.net/assets/public/de73/3557/9a844fb28a52/ef592c047a7a/05039380600-p/05039380600-p.jpg?ts=1773249254825,"₩55,900",,,260622,레드,,,,
,false,,ZARA,원피스,원피스,여성,루즈 스트랩 미디 원피스,https://www.zara.com/kr/ko/%E1%84%85%E1%85%AE%E1%84%8C%E1%85%B3-%E1%84%89%E1%85%B3%E1%84%90%E1%85%B3%E1%84%85%E1%85%A2%E1%86%B8-%E1%84%86%E1%85%B5%E1%84%83%E1%85%B5-%E1%84%8B%E1%85%AF%E1%86%AB%E1%84%91%E1%85%B5%E1%84%89%E1%85%B3-p05039380.html,https://static.zara.net/assets/public/103a/c373/988745488bb0/8cc5cfffc474/05039380800-p/05039380800-p.jpg?ts=1773249264737,"₩55,900",,,260622,블랙,,,,
,false,,ZARA,원피스,원피스,여성,새틴 스카프 원피스,https://www.zara.com/kr/ko/%E1%84%89%E1%85%A2%E1%84%90%E1%85%B5%E1%86%AB-%E1%84%89%E1%85%B3%E1%84%8F%E1%85%A1%E1%84%91%E1%85%B3-%E1%84%8B%E1%85%AF%E1%86%AB%E1%84%91%E1%85%B5%E1%84%89%E1%85%B3-p02713332.html,https://static.zara.net/assets/public/c1c5/b259/08d046a198e2/ad3096d95ead/02713332800-p/02713332800-p.jpg?ts=1773858848577,"₩55,900",,,260622,블랙,,,,
,false,,ZARA,원피스,원피스,여성,홀터넥 새틴 원피스,https://www.zara.com/kr/ko/%E1%84%89%E1%85%A2%E1%84%90%E1%85%B5%E1%86%AB-%E1%84%92%E1%85%A9%E1%86%AF%E1%84%90%E1%85%A5%E1%84%82%E1%85%A6%E1%86%A8-%E1%84%8B%E1%85%AF%E1%86%AB%E1%84%91%E1%85%B5%E1%84%89%E1%85%B3-p02712332.html,https://static.zara.net/assets/public/3657/3480/31eb48d7a326/28d36a71259b/02712332800-p/02712332800-p.jpg?ts=1773858842594,"₩55,900",,,260622,블랙,,,,
,false,,ZARA,원피스,원피스,여성,자카드 플리츠 원피스,https://www.zara.com/kr/ko/%E1%84%91%E1%85%B3%E1%86%AF%E1%84%85%E1%85%B5%E1%84%8E%E1%85%B3-%E1%84%8C%E1%85%A1%E1%84%8F%E1%85%A1%E1%84%83%E1%85%B3-%E1%84%8B%E1%85%AF%E1%86%AB%E1%84%91%E1%85%B5%E1%84%89%E1%85%B3-p04770160.html,https://static.zara.net/assets/public/9c93/30de/05f445cb9f3d/f82ab48a64fb/04770160472-p/04770160472-p.jpg?ts=1771854205551,"₩55,900",,,260622,브라운-밍크,,,,
,false,,ZARA,원피스,원피스,여성,글로브 콤비 원피스,https://www.zara.com/kr/ko/%E1%84%87%E1%85%A5%E1%86%AF%E1%84%85%E1%85%AE%E1%86%AB-%E1%84%8F%E1%85%A9%E1%86%B7%E1%84%87%E1%85%B5-%E1%84%8B%E1%85%AF%E1%86%AB%E1%84%91%E1%85%B5%E1%84%89%E1%85%B3-p05584006.html,https://static.zara.net/assets/public/38bd/8f25/96434433917d/26dac5271566/05584006515-p/05584006515-p.jpg?ts=1772042871172,"₩79,900",,,260622,올리브,,,,
,false,,ZARA,원피스,원피스,여성,TRF 퀼 미니 데님 원피스,https://www.zara.com/kr/ko/trf-%E1%84%8F%E1%85%B1%E1%86%AF-%E1%84%86%E1%85%B5%E1%84%82%E1%85%B5-%E1%84%83%E1%85%A6%E1%84%82%E1%85%B5%E1%86%B7-%E1%84%8B%E1%85%AF%E1%86%AB%E1%84%91%E1%85%B5%E1%84%89%E1%85%B3-p07200180.html,https://static.zara.net/assets/public/4465/8f6d/7b8240a7838f/0da6305fdb32/07200180406-p/07200180406-p.jpg?ts=1776412685107,"₩59,900",,,260622,라이트 블루,,,,
,false,,ZARA,원피스,원피스,여성,루즈핏 홀터넥 미니 원피스,https://www.zara.com/kr/ko/%E1%84%85%E1%85%AE%E1%84%8C%E1%85%B3-%E1%84%92%E1%85%A9%E1%86%AF%E1%84%90%E1%85%A5%E1%84%82%E1%85%A6%E1%86%A8-%E1%84%86%E1%85%B5%E1%84%82%E1%85%B5-%E1%84%8B%E1%85%AF%E1%86%AB%E1%84%91%E1%85%B5%E1%84%89%E1%85%B3-p06929386.html,https://static.zara.net/assets/public/a5c3/501d/e53f4bc8bb13/5d7ce03eed88/06929386800-p/06929386800-p.jpg?ts=1776412680108,"₩55,900",,,260622,블랙,,,,
,false,,ZARA,원피스,원피스,여성,브이넥 합성 면소재 원피스,https://www.zara.com/kr/ko/%E1%84%87%E1%85%B3%E1%84%8B%E1%85%B5%E1%84%82%E1%85%A6%E1%86%A8-%E1%84%92%E1%85%A1%E1%86%B8%E1%84%89%E1%85%A5%E1%86%BC-%E1%84%86%E1%85%A7%E1%86%AB%E1%84%89%E1%85%A9%E1%84%8C%E1%85%A2-%E1%84%8B%E1%85%AF%E1%86%AB%E1%84%91%E1%85%B5%E1%84%89%E1%85%B3-p03641012.html,https://static.zara.net/assets/public/6517/7c90/a9564f9bbe41/02619fd5bae2/03641012717-p/03641012717-p.jpg?ts=1771415493448,"₩55,900",,,260622,초콜렛,,,,
,false,,ZARA,원피스,원피스,여성,브이넥 합성 면소재 원피스,https://www.zara.com/kr/ko/%E1%84%87%E1%85%B3%E1%84%8B%E1%85%B5%E1%84%82%E1%85%A6%E1%86%A8-%E1%84%92%E1%85%A1%E1%86%B8%E1%84%89%E1%85%A5%E1%86%BC-%E1%84%86%E1%85%A7%E1%86%AB%E1%84%89%E1%85%A9%E1%84%8C%E1%85%A2-%E1%84%8B%E1%85%AF%E1%86%AB%E1%84%91%E1%85%B5%E1%84%89%E1%85%B3-p03641012.html,https://static.zara.net/assets/public/cc9b/04c6/353f4ea393f8/0f2f8fc74401/03641012511-p/03641012511-p.jpg?ts=1771415489176,"₩55,900",,,260622,피스타초,,,,
,false,,ZARA,원피스,원피스,여성,브이넥 합성 면소재 원피스,https://www.zara.com/kr/ko/%E1%84%87%E1%85%B3%E1%84%8B%E1%85%B5%E1%84%82%E1%85%A6%E1%86%A8-%E1%84%92%E1%85%A1%E1%86%B8%E1%84%89%E1%85%A5%E1%86%BC-%E1%84%86%E1%85%A7%E1%86%AB%E1%84%89%E1%85%A9%E1%84%8C%E1%85%A2-%E1%84%8B%E1%85%AF%E1%86%AB%E1%84%91%E1%85%B5%E1%84%89%E1%85%B3-p03641012.html,https://static.zara.net/assets/public/3efb/e969/4260432dbb11/5b18950309b1/03641012600-p/03641012600-p.jpg?ts=1771415488912,"₩55,900",,,260622,레드,,,,
,false,,ZARA,원피스,원피스,여성,홀터넥 미니 원피스,https://www.zara.com/kr/ko/%E1%84%92%E1%85%A9%E1%86%AF%E1%84%90%E1%85%A5%E1%84%82%E1%85%A6%E1%86%A8-%E1%84%86%E1%85%B5%E1%84%82%E1%85%B5-%E1%84%8B%E1%85%AF%E1%86%AB%E1%84%91%E1%85%B5%E1%84%89%E1%85%B3-p06929188.html,https://static.zara.net/assets/public/2dc6/f2f3/5a2a4309b5ca/f5cdff843df5/06929188407-p/06929188407-p.jpg?ts=1777365399515,"₩55,900",,,260622,블루,,,,
,false,,ZARA,원피스,오버롤,여성,스트랩 미니 점프수트,https://www.zara.com/kr/ko/%E1%84%89%E1%85%B3%E1%84%90%E1%85%B3%E1%84%85%E1%85%A2%E1%86%B8-%E1%84%86%E1%85%B5%E1%84%82%E1%85%B5-%E1%84%8C%E1%85%A5%E1%86%B7%E1%84%91%E1%85%B3%E1%84%89%E1%85%AE%E1%84%90%E1%85%B3-p02876333.html,https://static.zara.net/assets/public/0a10/7806/bc3448159ec9/3daa94b05f35/02876333800-p/02876333800-p.jpg?ts=1779203922524,"₩59,900",,,260622,블랙,,,,
,false,,ZARA,원피스,원피스,여성,버튼 미디 원피스,https://www.zara.com/kr/ko/%E1%84%87%E1%85%A5%E1%84%90%E1%85%B3%E1%86%AB-%E1%84%86%E1%85%B5%E1%84%83%E1%85%B5-%E1%84%8B%E1%85%AF%E1%86%AB%E1%84%91%E1%85%B5%E1%84%89%E1%85%B3-p01026253.html,https://static.zara.net/assets/public/02fd/8dd9/a55641c5a46b/6f52866e35c2/01026253300-p/01026253300-p.jpg?ts=1773231209981,"₩55,900",,,260622,노랑,,,,
,false,,ZARA,원피스,원피스,여성,콤비 미디 원피스,https://www.zara.com/kr/ko/%E1%84%8F%E1%85%A9%E1%86%B7%E1%84%87%E1%85%B5-%E1%84%86%E1%85%B5%E1%84%83%E1%85%B5-%E1%84%8B%E1%85%AF%E1%86%AB%E1%84%91%E1%85%B5%E1%84%89%E1%85%B3-p01026254.html,https://static.zara.net/assets/public/9ffc/fb5b/b0264d57b967/649e2c66b795/01026254250-p/01026254250-p.jpg?ts=1773231218214,"₩55,900",,,260622,화이트,,,,
,false,,ZARA,원피스,원피스,여성,PRNT DRSS 16,https://www.zara.com/kr/ko/prnt-drss-16-p02729263.html,https://static.zara.net/assets/public/6c61/7f10/d6874ff897e2/aa7816fa3e39/T9051445791-p/T9051445791-p.jpg?ts=1776163852099,"₩209,900",,,260622,프린트,,,,
,false,,ZARA,원피스,원피스,여성,FLD DRSS 16,https://www.zara.com/kr/ko/fld-drss-16-p02424247.html,https://static.zara.net/assets/public/b5d3/92a6/3624430098a2/02a98e18806b/T9217307718-p/T9217307718-p.jpg?ts=1776163925784,"₩189,900",,,260622,노랑,,,,
,false,,ZARA,원피스,원피스,여성,PRNT DRSS 16,https://www.zara.com/kr/ko/prnt-drss-16-p02729263.html,https://static.zara.net/assets/public/6c61/7f10/d6874ff897e2/aa7816fa3e39/T9051445791-p/T9051445791-p.jpg?ts=1776163852099,"₩209,900",,,260622,프린트,,,,
,false,,ZARA,원피스,원피스,여성,FLD DRSS 16,https://www.zara.com/kr/ko/fld-drss-16-p02424247.html,https://static.zara.net/assets/public/b5d3/92a6/3624430098a2/02a98e18806b/T9217307718-p/T9217307718-p.jpg?ts=1776163925784,"₩189,900",,,260622,노랑,,,,
,false,,ZARA,원피스,원피스,여성,셔링 언밸런스 원피스,https://www.zara.com/kr/ko/%E1%84%89%E1%85%A7%E1%84%85%E1%85%B5%E1%86%BC-%E1%84%8B%E1%85%A5%E1%86%AB%E1%84%87%E1%85%A2%E1%86%AF%E1%84%85%E1%85%A5%E1%86%AB%E1%84%89%E1%85%B3-%E1%84%8B%E1%85%AF%E1%86%AB%E1%84%91%E1%85%B5%E1%84%89%E1%85%B3-p00264471.html,https://static.zara.net/assets/public/dc4f/5f7d/927b47899089/4f9ecf2023dd/00264471300-a5/00264471300-a5.jpg?ts=1776085466038,"₩59,900",,,260622,노랑,,,,
,false,,ZARA,원피스,원피스,여성,포플린 콤비 원피스,https://www.zara.com/kr/ko/%E1%84%91%E1%85%A9%E1%84%91%E1%85%B3%E1%86%AF%E1%84%85%E1%85%B5%E1%86%AB-%E1%84%8F%E1%85%A9%E1%86%B7%E1%84%87%E1%85%B5-%E1%84%8B%E1%85%AF%E1%86%AB%E1%84%91%E1%85%B5%E1%84%89%E1%85%B3-p01165473.html,https://static.zara.net/assets/public/4c38/85e3/3bb74c72b41f/9541aa28f180/01165473250-p/01165473250-p.jpg?ts=1776085490199,"₩49,900",,,260622,화이트,,,,
,false,,ZARA,원피스,원피스,여성,코튼 롱 원피스,https://www.zara.com/kr/ko/%E1%84%8F%E1%85%A9%E1%84%90%E1%85%B3%E1%86%AB-%E1%84%85%E1%85%A9%E1%86%BC-%E1%84%8B%E1%85%AF%E1%86%AB%E1%84%91%E1%85%B5%E1%84%89%E1%85%B3-p00858042.html,https://static.zara.net/assets/public/29cf/bf93/ffc940538e6a/e5d3da28b121/00858042712-p/00858042712-p.jpg?ts=1775638365648,"₩49,900",,,260622,크림,,,,
,false,,ZARA,원피스,원피스,여성,ZW 컬렉션 케이프 셔츠 원피스,https://www.zara.com/kr/ko/zw-%E1%84%8F%E1%85%A5%E1%86%AF%E1%84%85%E1%85%A6%E1%86%A8%E1%84%89%E1%85%A7%E1%86%AB-%E1%84%8F%E1%85%A6%E1%84%8B%E1%85%B5%E1%84%91%E1%85%B3-%E1%84%89%E1%85%A7%E1%84%8E%E1%85%B3-%E1%84%8B%E1%85%AF%E1%86%AB%E1%84%91%E1%85%B5%E1%84%89%E1%85%B3-p04786082.html,https://static.zara.net/assets/public/91cf/93c2/78864641b2a9/a0cf9186bf16/04786082743-p/04786082743-p.jpg?ts=1775638390694,"₩109,900",,,260622,라이트 카멜,,,,
,false,,ZARA,원피스,원피스,여성,프릴 미니 원피스,https://www.zara.com/kr/ko/%E1%84%91%E1%85%B3%E1%84%85%E1%85%B5%E1%86%AF-%E1%84%86%E1%85%B5%E1%84%82%E1%85%B5-%E1%84%8B%E1%85%AF%E1%86%AB%E1%84%91%E1%85%B5%E1%84%89%E1%85%B3-p00085316.html,https://static.zara.net/assets/public/7378/0eb9/364d4490b6cd/1c020da33ae2/00085316621-a1/00085316621-a1.jpg?ts=1773313786472,"₩49,900",,,260622,파스텔 로즈,,,,
,false,,ZARA,원피스,원피스,여성,프릴 미니 원피스,https://www.zara.com/kr/ko/%E1%84%91%E1%85%B3%E1%84%85%E1%85%B5%E1%86%AF-%E1%84%86%E1%85%B5%E1%84%82%E1%85%B5-%E1%84%8B%E1%85%AF%E1%86%AB%E1%84%91%E1%85%B5%E1%84%89%E1%85%B3-p00085316.html,https://static.zara.net/assets/public/4a12/baec/8d984a699ae0/0b2cb6242d5c/00085316800-a2/00085316800-a2.jpg?ts=1777550635266,"₩49,900",,,260622,블랙,,,,
,false,,ZARA,원피스,원피스,여성,ZW 컬렉션 레이스 자카드 원피스,https://www.zara.com/kr/ko/zw-%E1%84%8F%E1%85%A5%E1%86%AF%E1%84%85%E1%85%A6%E1%86%A8%E1%84%89%E1%85%A7%E1%86%AB-%E1%84%85%E1%85%A6%E1%84%8B%E1%85%B5%E1%84%89%E1%85%B3-%E1%84%8C%E1%85%A1%E1%84%8F%E1%85%A1%E1%84%83%E1%85%B3-%E1%84%8B%E1%85%AF%E1%86%AB%E1%84%91%E1%85%B5%E1%84%89%E1%85%B3-p05107094.html,https://static.zara.net/assets/public/10e7/9ea3/a8e04ee7b5b1/adb0397805d1/05107094519-p/05107094519-p.jpg?ts=1780646273933,"₩99,900",,,260622,워싱 그린,,,,
,false,,ZARA,원피스,원피스,여성,ZW 컬렉션 자카드 자수 원피스,https://www.zara.com/kr/ko/zw-%E1%84%8F%E1%85%A5%E1%86%AF%E1%84%85%E1%85%A6%E1%86%A8%E1%84%89%E1%85%A7%E1%86%AB-%E1%84%8C%E1%85%A1%E1%84%8F%E1%85%A1%E1%84%83%E1%85%B3-%E1%84%8C%E1%85%A1%E1%84%89%E1%85%AE-%E1%84%8B%E1%85%AF%E1%86%AB%E1%84%91%E1%85%B5%E1%84%89%E1%85%B3-p07521069.html,https://static.zara.net/assets/public/d852/805a/a6654c3292e6/f253dc939810/07521069804-p/07521069804-p.jpg?ts=1780646284175,"₩129,900",,,260622,펄 그레이,,,,
,false,,ZARA,원피스,원피스,여성,ZW 컬렉션 레이스 미디 원피스,https://www.zara.com/kr/ko/zw-%E1%84%8F%E1%85%A5%E1%86%AF%E1%84%85%E1%85%A6%E1%86%A8%E1%84%89%E1%85%A7%E1%86%AB-%E1%84%85%E1%85%A6%E1%84%8B%E1%85%B5%E1%84%89%E1%85%B3-%E1%84%86%E1%85%B5%E1%84%83%E1%85%B5-%E1%84%8B%E1%85%AF%E1%86%AB%E1%84%91%E1%85%B5%E1%84%89%E1%85%B3-p05919241.html,https://static.zara.net/assets/public/d962/aae7/f3e54a2db9cd/f38f92efbde2/05919241809-p/05919241809-p.jpg?ts=1780646461348,"₩109,900",,,260622,미디움 그레이,,,,
,false,,ZARA,원피스,원피스,여성,프릴 미니 원피스,https://www.zara.com/kr/ko/%E1%84%91%E1%85%B3%E1%84%85%E1%85%B5%E1%86%AF-%E1%84%86%E1%85%B5%E1%84%82%E1%85%B5-%E1%84%8B%E1%85%AF%E1%86%AB%E1%84%91%E1%85%B5%E1%84%89%E1%85%B3-p02134842.html,https://static.zara.net/assets/public/44a0/fad5/70b04de4980b/096533d2b7dc/02134842712-p/02134842712-p.jpg?ts=1773930237299,"₩79,900",,,260622,크림,,,,
,false,,ZARA,원피스,원피스,여성,언밸런스 스트랩 원피스,https://www.zara.com/kr/ko/%E1%84%8B%E1%85%A5%E1%86%AB%E1%84%87%E1%85%A2%E1%86%AF%E1%84%85%E1%85%A5%E1%86%AB%E1%84%89%E1%85%B3-%E1%84%89%E1%85%B3%E1%84%90%E1%85%B3%E1%84%85%E1%85%A2%E1%86%B8-%E1%84%8B%E1%85%AF%E1%86%AB%E1%84%91%E1%85%B5%E1%84%89%E1%85%B3-p03641392.html,https://static.zara.net/assets/public/2469/d5cd/3b82434ebaef/8ca0873c911b/03641392800-p/03641392800-p.jpg?ts=1773858849017,"₩45,900",,,260622,블랙,,,,
,false,,ZARA,원피스,원피스,여성,ZW 컬렉션 롱 원피스,https://www.zara.com/kr/ko/zw-%E1%84%8F%E1%85%A5%E1%86%AF%E1%84%85%E1%85%A6%E1%86%A8%E1%84%89%E1%85%A7%E1%86%AB-%E1%84%85%E1%85%A9%E1%86%BC-%E1%84%8B%E1%85%AF%E1%86%AB%E1%84%91%E1%85%B5%E1%84%89%E1%85%B3-p01758242.html,https://static.zara.net/assets/public/7ab1/dc39/eb4f4e9aada7/b281c8fdae0d/01758242670-015-a4/01758242670-015-a4.jpg?ts=1780910134386,"₩169,900",,,260622,보일러,,,,
,false,,ZARA,원피스,원피스,여성,ZW 컬렉션 100% 린넨 미디 원피스,https://www.zara.com/kr/ko/zw-%E1%84%8F%E1%85%A5%E1%86%AF%E1%84%85%E1%85%A6%E1%86%A8%E1%84%89%E1%85%A7%E1%86%AB-100-%E1%84%85%E1%85%B5%E1%86%AB%E1%84%82%E1%85%A6%E1%86%AB-%E1%84%86%E1%85%B5%E1%84%83%E1%85%B5-%E1%84%8B%E1%85%AF%E1%86%AB%E1%84%91%E1%85%B5%E1%84%89%E1%85%B3-p02127909.html,https://static.zara.net/assets/public/1596/144e/27464e508fc0/274d7f14040d/02127909982-p/02127909982-p.jpg?ts=1780909795238,"₩109,900",,,260622,워터 그린,,,,
,false,,ZARA,원피스,원피스,여성,ZW 컬렉션 LIMITED EDITION 벌룬 원피스,https://www.zara.com/kr/ko/zw-%E1%84%8F%E1%85%A5%E1%86%AF%E1%84%85%E1%85%A6%E1%86%A8%E1%84%89%E1%85%A7%E1%86%AB-limited-edition-%E1%84%87%E1%85%A5%E1%86%AF%E1%84%85%E1%85%AE%E1%86%AB-%E1%84%8B%E1%85%AF%E1%86%AB%E1%84%91%E1%85%B5%E1%84%89%E1%85%B3-p02424143.html,https://static.zara.net/assets/public/6e1c/6fcf/5f024bb89ffd/beb5e5767b2b/02424143802-p/02424143802-p.jpg?ts=1780909797424,"₩129,900",,,260622,그레이,,,,
,false,,ZARA,원피스,원피스,여성,드레이프 미디 니트 원피스,https://www.zara.com/kr/ko/%E1%84%83%E1%85%B3%E1%84%85%E1%85%A6%E1%84%8B%E1%85%B5%E1%84%91%E1%85%B3-%E1%84%86%E1%85%B5%E1%84%83%E1%85%B5-%E1%84%82%E1%85%B5%E1%84%90%E1%85%B3-%E1%84%8B%E1%85%AF%E1%86%AB%E1%84%91%E1%85%B5%E1%84%89%E1%85%B3-p02756038.html,https://static.zara.net/assets/public/c1f0/8964/8c3d482696ab/0bbddc0269ec/02756038600-p/02756038600-p.jpg?ts=1780572546533,"₩89,900",,,260622,레드,,,,
,false,,ZARA,원피스,원피스,여성,스트랩 미디 원피스,https://www.zara.com/kr/ko/%E1%84%89%E1%85%B3%E1%84%90%E1%85%B3%E1%84%85%E1%85%A2%E1%86%B8-%E1%84%86%E1%85%B5%E1%84%83%E1%85%B5-%E1%84%8B%E1%85%AF%E1%86%AB%E1%84%91%E1%85%B5%E1%84%89%E1%85%B3-p05584009.html,https://static.zara.net/assets/public/9459/ece1/02734097a7b3/ff0eeb0b1a62/05584009800-p/05584009800-p.jpg?ts=1769095087619,"₩59,900",,,260622,블랙,,,,
,false,,ZARA,원피스,원피스,여성,비스코스 혼방 멀티 포지션 넥 원피스,https://www.zara.com/kr/ko/%E1%84%87%E1%85%B5%E1%84%89%E1%85%B3%E1%84%8F%E1%85%A9%E1%84%89%E1%85%B3-%E1%84%92%E1%85%A9%E1%86%AB%E1%84%87%E1%85%A1%E1%86%BC-%E1%84%86%E1%85%A5%E1%86%AF%E1%84%90%E1%85%B5-%E1%84%91%E1%85%A9%E1%84%8C%E1%85%B5%E1%84%89%E1%85%A7%E1%86%AB-%E1%84%82%E1%85%A6%E1%86%A8-%E1%84%8B%E1%85%AF%E1%86%AB%E1%84%91%E1%85%B5%E1%84%89%E1%85%B3-p01758116.html,https://static.zara.net/assets/public/8c8d/82c7/60554f22a4d2/e1bb4ddb985e/01758116800-p/01758116800-p.jpg?ts=1769096338886,"₩209,900",,,260622,블랙,,,,
,false,,ZARA,원피스,원피스,여성,LIMITED EDITION 비즈 시퀸 미니 원피스,https://www.zara.com/kr/ko/limited-edition-%E1%84%87%E1%85%B5%E1%84%8C%E1%85%B3-%E1%84%89%E1%85%B5%E1%84%8F%E1%85%B1%E1%86%AB-%E1%84%86%E1%85%B5%E1%84%82%E1%85%B5-%E1%84%8B%E1%85%AF%E1%86%AB%E1%84%91%E1%85%B5%E1%84%89%E1%85%B3-p01377120.html,https://static.zara.net/assets/public/e0f3/3d8b/d12e46458cba/9583f5f6c49d/01377120808-a2/01377120808-a2.jpg?ts=1781098721609,"₩529,900",,,260622,실버,,,,
,false,,ZARA,원피스,원피스,여성,레이스 시퀸 미니 원피스,https://www.zara.com/kr/ko/%E1%84%85%E1%85%A6%E1%84%8B%E1%85%B5%E1%84%89%E1%85%B3-%E1%84%89%E1%85%B5%E1%84%8F%E1%85%B1%E1%86%AB-%E1%84%86%E1%85%B5%E1%84%82%E1%85%B5-%E1%84%8B%E1%85%AF%E1%86%AB%E1%84%91%E1%85%B5%E1%84%89%E1%85%B3-p07521129.html,https://static.zara.net/assets/public/24e5/adbe/1a984114b595/8e9b77222092/07521129302-p/07521129302-p.jpg?ts=1781098793540,"₩259,900",,,260622,골드,,,,
,false,,ZARA,원피스,원피스,여성,린넨 도트 미디 원피스,https://www.zara.com/kr/ko/%E1%84%85%E1%85%B5%E1%86%AB%E1%84%82%E1%85%A6%E1%86%AB-%E1%84%83%E1%85%A9%E1%84%90%E1%85%B3-%E1%84%86%E1%85%B5%E1%84%83%E1%85%B5-%E1%84%8B%E1%85%AF%E1%86%AB%E1%84%91%E1%85%B5%E1%84%89%E1%85%B3-p02587151.html,https://static.zara.net/assets/public/24a8/4b0e/86144092a7e4/465fc51e6c10/02587151330-000-p/02587151330-000-p.jpg?ts=1779890863528,"₩79,900",,,260622,멀티컬러,,,,
,false,,ZARA,원피스,원피스,여성,크로셰 비즈 미니 원피스,https://www.zara.com/kr/ko/%E1%84%8F%E1%85%B3%E1%84%85%E1%85%A9%E1%84%89%E1%85%A8-%E1%84%86%E1%85%B5%E1%84%82%E1%85%B5-%E1%84%8B%E1%85%AF%E1%86%AB%E1%84%91%E1%85%B5%E1%84%89%E1%85%B3-p00387067.html,https://static.zara.net/assets/public/82b9/c54e/485f4f03a7ad/dadf7961f35f/00387067506-000-ult1/00387067506-000-ult1.jpg?ts=1779890860915,"₩79,900",,,260622,라이트 카키,,,,
,false,,ZARA,원피스,원피스,여성,ZW 컬렉션 린넨 미디 원피스,https://www.zara.com/kr/ko/zw-%E1%84%8F%E1%85%A5%E1%86%AF%E1%84%85%E1%85%A6%E1%86%A8%E1%84%89%E1%85%A7%E1%86%AB-%E1%84%85%E1%85%B5%E1%86%AB%E1%84%82%E1%85%A6%E1%86%AB-%E1%84%86%E1%85%B5%E1%84%83%E1%85%B5-%E1%84%8B%E1%85%AF%E1%86%AB%E1%84%91%E1%85%B5%E1%84%89%E1%85%B3-p05289025.html,https://static.zara.net/assets/public/ae01/9204/6c8140799b97/129569514cad/02077336800-p/02077336800-p.jpg?ts=1773334257130,"₩109,900",,,260622,블랙,,,,
,false,,ZARA,원피스,원피스,여성,프린지 니트 원피스,https://www.zara.com/kr/ko/%E1%84%91%E1%85%B3%E1%84%85%E1%85%B5%E1%86%AB%E1%84%8C%E1%85%B5-%E1%84%82%E1%85%B5%E1%84%90%E1%85%B3-%E1%84%8B%E1%85%AF%E1%86%AB%E1%84%91%E1%85%B5%E1%84%89%E1%85%B3-p01822008.html,https://static.zara.net/assets/public/d9a6/090b/9c6b48488464/73fc88a3e4e9/01822008712-p/01822008712-p.jpg?ts=1773334306058,"₩89,900",,,260622,크림,,,,
,false,,ZARA,원피스,원피스,여성,폴리아미드 혼방 롱 원피스,https://www.zara.com/kr/ko/%E1%84%91%E1%85%A9%E1%86%AF%E1%84%85%E1%85%B5%E1%84%8B%E1%85%A1%E1%84%86%E1%85%B5%E1%84%83%E1%85%B3-%E1%84%92%E1%85%A9%E1%86%AB%E1%84%87%E1%85%A1%E1%86%BC-%E1%84%85%E1%85%A9%E1%86%BC-%E1%84%8B%E1%85%AF%E1%86%AB%E1%84%91%E1%85%B5%E1%84%89%E1%85%B3-p03641704.html,https://static.zara.net/assets/public/a845/f163/387f40479d6b/3bb75766fd7e/03641704250-p/03641704250-p.jpg?ts=1779791103466,"₩55,900",,,260622,화이트,,,,
,false,,ZARA,원피스,원피스,여성,ZW 컬렉션 언밸런스 원피스,https://www.zara.com/kr/ko/zw-%E1%84%8F%E1%85%A5%E1%86%AF%E1%84%85%E1%85%A6%E1%86%A8%E1%84%89%E1%85%A7%E1%86%AB-%E1%84%8B%E1%85%A5%E1%86%AB%E1%84%87%E1%85%A2%E1%86%AF%E1%84%85%E1%85%A5%E1%86%AB%E1%84%89%E1%85%B3-%E1%84%8B%E1%85%AF%E1%86%AB%E1%84%91%E1%85%B5%E1%84%89%E1%85%B3-p02102098.html,https://static.zara.net/assets/public/ecf9/cc72/f8b0475588fe/872855213dc0/02102199500-p/02102199500-p.jpg?ts=1779718598838,"₩109,900",,,260622,초록,,,,
,false,,ZARA,원피스,원피스,여성,린넨 미디 원피스 ZW 컬렉션,https://www.zara.com/kr/ko/zw-%E1%84%8F%E1%85%A5%E1%86%AF%E1%84%85%E1%85%A6%E1%86%A8%E1%84%89%E1%85%A7%E1%86%AB-%E1%84%85%E1%85%B5%E1%86%AB%E1%84%82%E1%85%A6%E1%86%AB-%E1%84%86%E1%85%B5%E1%84%83%E1%85%B5-%E1%84%8B%E1%85%AF%E1%86%AB%E1%84%91%E1%85%B5%E1%84%89%E1%85%B3-p05289025.html,https://static.zara.net/assets/public/0694/bc7c/e660414282e4/c1559f6cf6aa/02077177250-1-p/02077177250-1-p.jpg?ts=1779793626735,"₩109,900",,,260622,화이트,,,,
,false,,ZARA,원피스,원피스,여성,펀칭 자수 숏 원피스,https://www.zara.com/kr/ko/%E1%84%91%E1%85%A5%E1%86%AB%E1%84%8E%E1%85%B5%E1%86%BC-%E1%84%8C%E1%85%A1%E1%84%89%E1%85%AE-%E1%84%89%E1%85%AD%E1%86%BA-%E1%84%8B%E1%85%AF%E1%86%AB%E1%84%91%E1%85%B5%E1%84%89%E1%85%B3-p02788689.html,https://static.zara.net/assets/public/9939/100f/1acf4db193e3/f8601d23bcf1/02788689251-p/02788689251-p.jpg?ts=1778690446715,"₩79,900",,,260622,스크래치 화이트,,,,
,false,,ZARA,원피스,원피스,여성,ZW 컬렉션 테일러드 허리 원피스,https://www.zara.com/kr/ko/zw-%E1%84%8F%E1%85%A5%E1%86%AF%E1%84%85%E1%85%A6%E1%86%A8%E1%84%89%E1%85%A7%E1%86%AB-%E1%84%90%E1%85%A6%E1%84%8B%E1%85%B5%E1%86%AF%E1%84%85%E1%85%A5%E1%84%83%E1%85%B3-%E1%84%92%E1%85%A5%E1%84%85%E1%85%B5-%E1%84%8B%E1%85%AF%E1%86%AB%E1%84%91%E1%85%B5%E1%84%89%E1%85%B3-p02125304.html,https://static.zara.net/assets/public/8727/4566/26b34db788c6/d7b4ecf0e375/02125304725-p/02125304725-p.jpg?ts=1778690446476,"₩109,900",,,260622,버터,,,,
,false,,ZARA,원피스,원피스,여성,ZW 컬렉션 레이스 롱 원피스,https://www.zara.com/kr/ko/zw-%E1%84%8F%E1%85%A5%E1%86%AF%E1%84%85%E1%85%A6%E1%86%A8%E1%84%89%E1%85%A7%E1%86%AB-%E1%84%85%E1%85%A9%E1%86%BC-%E1%84%85%E1%85%A6%E1%84%8B%E1%85%B5%E1%84%89%E1%85%B3-%E1%84%8B%E1%85%AF%E1%86%AB%E1%84%91%E1%85%B5%E1%84%89%E1%85%B3-p06895089.html,https://static.zara.net/assets/public/d8bb/f307/ed9d43b9b1ee/b9e00e08b8a9/06895089251-p/06895089251-p.jpg?ts=1778690438628,"₩129,900",,,260622,스크래치 화이트,,,,
,false,,ZARA,원피스,원피스,여성,ZW 컬렉션 레이스 롱 원피스,https://www.zara.com/kr/ko/zw-%E1%84%8F%E1%85%A5%E1%86%AF%E1%84%85%E1%85%A6%E1%86%A8%E1%84%89%E1%85%A7%E1%86%AB-%E1%84%85%E1%85%A9%E1%86%BC-%E1%84%85%E1%85%A6%E1%84%8B%E1%85%B5%E1%84%89%E1%85%B3-%E1%84%8B%E1%85%AF%E1%86%AB%E1%84%91%E1%85%B5%E1%84%89%E1%85%B3-p06895089.html,https://static.zara.net/assets/public/144c/7107/709b45de8103/574315d26935/06895089251-a2/06895089251-a2.jpg?ts=1778690444927,"₩129,900",,,260622,스크래치 화이트,,,,
,false,,ZARA,원피스,원피스,여성,프릴 홀터넥 포플린 원피스,https://www.zara.com/kr/ko/%E1%84%91%E1%85%B3%E1%84%85%E1%85%B5%E1%86%AF-%E1%84%91%E1%85%A9%E1%84%91%E1%85%B3%E1%86%AF%E1%84%85%E1%85%B5%E1%86%AB-%E1%84%92%E1%85%A9%E1%86%AF%E1%84%90%E1%85%A5%E1%84%82%E1%85%A6%E1%86%A8-%E1%84%8B%E1%85%AF%E1%86%AB%E1%84%91%E1%85%B5%E1%84%89%E1%85%B3-p03067316.html,https://static.zara.net/assets/public/85cf/e883/406348978ce9/72f584da870c/03067316940-p/03067316940-p.jpg?ts=1775747444677,"₩59,900",,,260622,다크 자수색,,,,
,false,,ZARA,원피스,원피스,여성,엘라스틱 미니 원피스,https://www.zara.com/kr/ko/%E1%84%8B%E1%85%A6%E1%86%AF%E1%84%85%E1%85%A1%E1%84%89%E1%85%B3%E1%84%90%E1%85%B5%E1%86%A8-%E1%84%86%E1%85%B5%E1%84%82%E1%85%B5-%E1%84%8B%E1%85%AF%E1%86%AB%E1%84%91%E1%85%B5%E1%84%89%E1%85%B3-p02260121.html,https://static.zara.net/assets/public/a794/db5e/425847258029/173eb136096e/02260121710-000-p/02260121710-000-p.jpg?ts=1769725455648,"₩59,900",,,260622,베이지,,,,
,false,,ZARA,원피스,원피스,여성,레이스 롱 원피스,https://www.zara.com/kr/ko/%E1%84%85%E1%85%A6%E1%84%8B%E1%85%B5%E1%84%89%E1%85%B3-%E1%84%85%E1%85%A9%E1%86%BC-%E1%84%8B%E1%85%AF%E1%86%AB%E1%84%91%E1%85%B5%E1%84%89%E1%85%B3-p05584392.html,https://static.zara.net/assets/public/fa9b/5b3a/87e54d23bb82/afc2fccec18b/05584392251-p/05584392251-p.jpg?ts=1774014491563,"₩59,900",,,260622,스크래치 화이트,,,,
,false,,ZARA,원피스,원피스,여성,레이스 프릴 원피스,https://www.zara.com/kr/ko/%E1%84%85%E1%85%A6%E1%84%8B%E1%85%B5%E1%84%89%E1%85%B3-%E1%84%91%E1%85%B3%E1%84%85%E1%85%B5%E1%86%AF-%E1%84%8B%E1%85%AF%E1%86%AB%E1%84%91%E1%85%B5%E1%84%89%E1%85%B3-p01131318.html,https://static.zara.net/assets/public/ff09/6d59/e0884170b81b/86ce77fcd5c5/01131318621-p/01131318621-p.jpg?ts=1774014478375,"₩55,900",,,260622,파스텔 로즈,,,,
,false,,ZARA,원피스,원피스,여성,콤비 니트 원피스,https://www.zara.com/kr/ko/%E1%84%82%E1%85%B5%E1%84%90%E1%85%B3-%E1%84%8F%E1%85%A9%E1%86%B7%E1%84%87%E1%85%B5-%E1%84%8B%E1%85%AF%E1%86%AB%E1%84%91%E1%85%B5%E1%84%89%E1%85%B3-p09325001.html,https://static.zara.net/assets/public/cb5d/a3b3/06f44d82b955/d009e7af8ff7/09325001084-p/09325001084-p.jpg?ts=1775058877824,"₩89,900",,,260622,"블랙,화이트",,,,
,false,,ZARA,원피스,원피스,여성,ZW 컬렉션 플라워 프린트 원피스,https://www.zara.com/kr/ko/zw-%E1%84%8F%E1%85%A5%E1%86%AF%E1%84%85%E1%85%A6%E1%86%A8%E1%84%89%E1%85%A7%E1%86%AB-%E1%84%91%E1%85%B3%E1%86%AF%E1%84%85%E1%85%A1%E1%84%8B%E1%85%AF-%E1%84%91%E1%85%B3%E1%84%85%E1%85%B5%E1%86%AB%E1%84%90%E1%85%B3-%E1%84%8B%E1%85%AF%E1%86%AB%E1%84%91%E1%85%B5%E1%84%89%E1%85%B3-p02111100.html,https://static.zara.net/assets/public/d576/33bf/2cbd439db83a/a1ea13447099/02111100094-p/02111100094-p.jpg?ts=1775058825572,"₩169,900",,,260622,"레드,화이트",,,,
,false,,ZARA,원피스,원피스,여성,셔링 루즈 미디 원피스,https://www.zara.com/kr/ko/%E1%84%85%E1%85%AE%E1%84%8C%E1%85%B3-%E1%84%89%E1%85%A7%E1%84%85%E1%85%B5%E1%86%BC-%E1%84%86%E1%85%B5%E1%84%83%E1%85%B5-%E1%84%8B%E1%85%AF%E1%86%AB%E1%84%91%E1%85%B5%E1%84%89%E1%85%B3-p05029117.html,https://static.zara.net/assets/public/4d0e/48c3/02ab4b35917a/79d65c636a7c/05029117717-p/05029117717-p.jpg?ts=1770386335853,"₩89,900",,,260622,초콜렛,,,,
,false,,ZARA,원피스,원피스,여성,벌룬 슬리브 미디 원피스,https://www.zara.com/kr/ko/%E1%84%87%E1%85%A5%E1%86%AF%E1%84%85%E1%85%AE%E1%86%AB-%E1%84%89%E1%85%B3%E1%86%AF%E1%84%85%E1%85%B5%E1%84%87%E1%85%B3-%E1%84%86%E1%85%B5%E1%84%83%E1%85%B5-%E1%84%8B%E1%85%AF%E1%86%AB%E1%84%91%E1%85%B5%E1%84%89%E1%85%B3-p02201957.html,https://static.zara.net/assets/public/e31b/2636/a2374e8d8de1/0e1799b999bc/02201957251-p/02201957251-p.jpg?ts=1770384930310,"₩99,900",,,260622,스크래치 화이트,,,,
,false,,ZARA,원피스,원피스,여성,매듭 셔츠 스타일 쇼트 원피스,https://www.zara.com/kr/ko/%E1%84%86%E1%85%A2%E1%84%83%E1%85%B3%E1%86%B8-%E1%84%89%E1%85%A7%E1%84%8E%E1%85%B3-%E1%84%89%E1%85%B3%E1%84%90%E1%85%A1%E1%84%8B%E1%85%B5%E1%86%AF-%E1%84%86%E1%85%B5%E1%84%82%E1%85%B5-%E1%84%8B%E1%85%AF%E1%86%AB%E1%84%91%E1%85%B5%E1%84%89%E1%85%B3-p02689859.html,https://static.zara.net/assets/public/ff7e/57f1/796c47ee9684/cc7aafaa319a/02689859044-p/02689859044-p.jpg?ts=1774455299562,"₩89,900",,,260622,"블루 ,화이트",,,,
,false,,ZARA,원피스,원피스,여성,스트라이프 레이스 미니 원피스,https://www.zara.com/kr/ko/%E1%84%89%E1%85%B3%E1%84%90%E1%85%B3%E1%84%85%E1%85%A1%E1%84%8B%E1%85%B5%E1%84%91%E1%85%B3-%E1%84%85%E1%85%A6%E1%84%8B%E1%85%B5%E1%84%89%E1%85%B3-%E1%84%86%E1%85%B5%E1%84%82%E1%85%B5-%E1%84%8B%E1%85%AF%E1%86%AB%E1%84%91%E1%85%B5%E1%84%89%E1%85%B3-p02581532.html,https://static.zara.net/assets/public/51c9/0d67/36c34a98b5d6/22c8833fa478/02581532620-p/02581532620-p.jpg?ts=1774344742980,"₩79,900",,,260622,로즈핑크,,,,
,false,,ZARA,원피스,오버롤,여성,벨티드 롱 점프수트,https://www.zara.com/kr/ko/%E1%84%87%E1%85%A6%E1%86%AF%E1%84%90%E1%85%B5%E1%84%83%E1%85%B3-%E1%84%85%E1%85%A9%E1%86%BC-%E1%84%8C%E1%85%A5%E1%86%B7%E1%84%91%E1%85%B3%E1%84%89%E1%85%AE%E1%84%90%E1%85%B3-p02344572.html,https://static.zara.net/assets/public/1cb0/969d/36a242d6868b/24fec0c2abf8/02344572401-p/02344572401-p.jpg?ts=1778667986271,"₩99,900",,,260622,네이비,,,,
,false,,ZARA,원피스,원피스,여성,비즈 테일러드 미디 원피스,https://www.zara.com/kr/ko/%E1%84%87%E1%85%B5%E1%84%8C%E1%85%B3-%E1%84%90%E1%85%A6%E1%84%8B%E1%85%B5%E1%86%AF%E1%84%85%E1%85%A5%E1%84%83%E1%85%B3-%E1%84%86%E1%85%B5%E1%84%83%E1%85%B5-%E1%84%8B%E1%85%AF%E1%86%AB%E1%84%91%E1%85%B5%E1%84%89%E1%85%B3-p03564118.html,https://static.zara.net/assets/public/41ab/1420/da33416296fb/ef2d2bdf9d84/03564118800-p/03564118800-p.jpg?ts=1778667997595,"₩79,900",,,260622,블랙,,,,
,false,,ZARA,원피스,원피스,여성,스트라이프 니트 미니 원피스,https://www.zara.com/kr/ko/%E1%84%89%E1%85%B3%E1%84%90%E1%85%B3%E1%84%85%E1%85%A1%E1%84%8B%E1%85%B5%E1%84%91%E1%85%B3-%E1%84%82%E1%85%B5%E1%84%90%E1%85%B3-%E1%84%86%E1%85%B5%E1%84%82%E1%85%B5-%E1%84%8B%E1%85%AF%E1%86%AB%E1%84%91%E1%85%B5%E1%84%89%E1%85%B3-p06771036.html,https://static.zara.net/assets/public/0579/bbb0/fa7243af9b8e/c62a6ffbff39/06771036330-p/06771036330-p.jpg?ts=1777563386365,"₩49,900",,,260622,멀티컬러,,,,
,false,,ZARA,원피스,원피스,여성,자수 시퀸 스트랩 원피스,https://www.zara.com/kr/ko/%E1%84%8C%E1%85%A1%E1%84%89%E1%85%AE-%E1%84%89%E1%85%B5%E1%84%8F%E1%85%B1%E1%86%AB-%E1%84%89%E1%85%B3%E1%84%90%E1%85%B3%E1%84%85%E1%85%A2%E1%86%B8-%E1%84%8B%E1%85%AF%E1%86%AB%E1%84%91%E1%85%B5%E1%84%89%E1%85%B3-p06895107.html,https://static.zara.net/assets/public/ab9f/6ca9/abe04a1cbd18/b07d1a0ea4d0/06895107251-p/06895107251-p.jpg?ts=1779205547800,"₩149,900",,,260622,스크래치 화이트,,,,
,false,,ZARA,원피스,원피스,여성,비즈 장식 홀터넥 원피스,https://www.zara.com/kr/ko/%E1%84%87%E1%85%B5%E1%84%8C%E1%85%B3-%E1%84%91%E1%85%A2%E1%84%90%E1%85%A5%E1%86%AB-%E1%84%92%E1%85%A9%E1%86%AF%E1%84%90%E1%85%A5%E1%84%82%E1%85%A6%E1%86%A8-%E1%84%8B%E1%85%AF%E1%86%AB%E1%84%91%E1%85%B5%E1%84%89%E1%85%B3-p07200303.html,https://static.zara.net/assets/public/d858/30fd/16ab445c8744/7f8419b4bbb7/07200303050-p/07200303050-p.jpg?ts=1775572268173,"₩79,900",,,260622,단색,,,,
,false,,ZARA,원피스,원피스,여성,자수 캐미솔 원피스,https://www.zara.com/kr/ko/%E1%84%8C%E1%85%A1%E1%84%89%E1%85%AE-%E1%84%8F%E1%85%A2%E1%84%86%E1%85%B5%E1%84%89%E1%85%A9%E1%86%AF-%E1%84%8B%E1%85%AF%E1%86%AB%E1%84%91%E1%85%B5%E1%84%89%E1%85%B3-p05107301.html,https://static.zara.net/assets/public/fc84/1d41/3dd64c9eb675/666d41f00402/05107301696-a2/05107301696-a2.jpg?ts=1775572251732,"₩79,900",,,260622,살구,,,,
,false,,ZARA,원피스,원피스,여성,레이스 콤비 숏 원피스,https://www.zara.com/kr/ko/%E1%84%89%E1%85%AD%E1%84%90%E1%85%B3-%E1%84%8F%E1%85%A9%E1%86%B7%E1%84%87%E1%85%B5-%E1%84%85%E1%85%A6%E1%84%8B%E1%85%B5%E1%84%89%E1%85%B3-%E1%84%8B%E1%85%AF%E1%86%AB%E1%84%91%E1%85%B5%E1%84%89%E1%85%B3-p07200305.html,https://static.zara.net/assets/public/0aee/df3b/85064f43a7ee/dd12463c5599/06929402506-p/06929402506-p.jpg?ts=1770193572368,"₩79,900",,,260622,758,,,,
,false,,ZARA,원피스,원피스,여성,레이스 콤비 숏 원피스,https://www.zara.com/kr/ko/%E1%84%85%E1%85%A6%E1%84%8B%E1%85%B5%E1%84%89%E1%85%B3-%E1%84%8F%E1%85%A9%E1%86%B7%E1%84%87%E1%85%B5-%E1%84%89%E1%85%AD%E1%86%BA-%E1%84%8B%E1%85%AF%E1%86%AB%E1%84%91%E1%85%B5%E1%84%89%E1%85%B3-p07200315.html,https://static.zara.net/assets/public/c35f/8713/26cd4af983e0/84148c862f4d/05479687308-p/05479687308-p.jpg?ts=1770191810104,"₩79,900",,,260622,"브라운,그린",,,,
,false,,ZARA,원피스,원피스,여성,ZW 컬렉션 탈부착 오버레이 콤비 원피스,https://www.zara.com/kr/ko/zw-%E1%84%8F%E1%85%A5%E1%86%AF%E1%84%85%E1%85%A6%E1%86%A8%E1%84%89%E1%85%A7%E1%86%AB-%E1%84%90%E1%85%A1%E1%86%AF%E1%84%87%E1%85%AE%E1%84%8E%E1%85%A1%E1%86%A8-%E1%84%8B%E1%85%A9%E1%84%87%E1%85%A5%E1%84%85%E1%85%A6%E1%84%8B%E1%85%B5-%E1%84%8F%E1%85%A9%E1%86%B7%E1%84%87%E1%85%B5-%E1%84%8B%E1%85%AF%E1%86%AB%E1%84%91%E1%85%B5%E1%84%89%E1%85%B3-p07521051.html,https://static.zara.net/assets/public/12f2/4830/a159455eb6c4/dd3e365f118d/07521051712-p/07521051712-p.jpg?ts=1770832160212,"₩129,900",,,260622,크림,,,,
,false,,ZARA,원피스,오버롤,여성,토글 벨트 점프수트,https://www.zara.com/kr/ko/%E1%84%90%E1%85%A9%E1%84%80%E1%85%B3%E1%86%AF-%E1%84%87%E1%85%A6%E1%86%AF%E1%84%90%E1%85%B5%E1%84%83%E1%85%B3-%E1%84%8C%E1%85%A5%E1%86%B7%E1%84%91%E1%85%B3%E1%84%89%E1%85%AE%E1%84%90%E1%85%B3-p02945741.html,https://static.zara.net/assets/public/e600/935b/c3ef4d3ca0df/66068c7390a4/02945741700-ult2/02945741700-ult2.jpg?ts=1779882424931,"₩119,900",,,260622,브라운,,,,
,false,,ZARA,원피스,원피스,여성,크로셰 비즈 미디 원피스,https://www.zara.com/kr/ko/%E1%84%8F%E1%85%B3%E1%84%85%E1%85%A9%E1%84%89%E1%85%A8-%E1%84%80%E1%85%AE%E1%84%89%E1%85%B3%E1%86%AF-%E1%84%8C%E1%85%A1%E1%86%BC%E1%84%89%E1%85%B5%E1%86%A8-%E1%84%86%E1%85%B5%E1%84%83%E1%85%B5-%E1%84%8B%E1%85%AF%E1%86%AB%E1%84%91%E1%85%B5%E1%84%89%E1%85%B3-p00387068.html,https://static.zara.net/assets/public/bd47/a61f/962a4c22b736/e5480767c2dd/00387068251-p/00387068251-p.jpg?ts=1779806221708,"₩79,900",,,260622,스크래치 화이트,,,,
,false,,ZARA,원피스,원피스,여성,리본 미니 원피스,https://www.zara.com/kr/ko/%E1%84%85%E1%85%B5%E1%84%87%E1%85%A9%E1%86%AB-%E1%84%86%E1%85%B5%E1%84%82%E1%85%B5-%E1%84%8B%E1%85%AF%E1%86%AB%E1%84%91%E1%85%B5%E1%84%89%E1%85%B3-p02213777.html,https://static.zara.net/assets/public/06f1/441c/c15c4de7ba9b/5abd3d59f25b/02213777300-p/02213777300-p.jpg?ts=1778686856005,"₩59,900",,,260622,노랑,,,,
,false,,ZARA,원피스,원피스,여성,볼륨 깅엄 체크 코르셋 원피스,https://www.zara.com/kr/ko/%E1%84%87%E1%85%A9%E1%86%AF%E1%84%85%E1%85%B2%E1%86%B7-%E1%84%80%E1%85%B5%E1%86%BC%E1%84%8B%E1%85%A5%E1%86%B7-%E1%84%8E%E1%85%A6%E1%84%8F%E1%85%B3-%E1%84%8F%E1%85%A9%E1%84%85%E1%85%B3%E1%84%89%E1%85%A6%E1%86%BA-%E1%84%8B%E1%85%AF%E1%86%AB%E1%84%91%E1%85%B5%E1%84%89%E1%85%B3-p02180337.html,https://static.zara.net/assets/public/da49/77f2/cb4841869d38/cd8354c279fe/02180337044-p/02180337044-p.jpg?ts=1779434427385,"₩59,900",,,260622,"블루 ,화이트",,,,
,false,,ZARA,원피스,원피스,여성,콘트라스트 파이핑 새틴 미디 원피스,https://www.zara.com/kr/ko/%E1%84%8F%E1%85%A9%E1%86%AB%E1%84%90%E1%85%B3%E1%84%85%E1%85%A1%E1%84%89%E1%85%B3%E1%84%90%E1%85%B3-%E1%84%91%E1%85%A1%E1%84%8B%E1%85%B5%E1%84%91%E1%85%B5%E1%86%BC-%E1%84%89%E1%85%A2%E1%84%90%E1%85%B5%E1%86%AB-%E1%84%86%E1%85%B5%E1%84%83%E1%85%B5-%E1%84%8B%E1%85%AF%E1%86%AB%E1%84%91%E1%85%B5%E1%84%89%E1%85%B3-p01165138.html,https://static.zara.net/assets/public/0fed/fcab/98da4e9aa912/7e20c77fdaa0/01165138710-p/01165138710-p.jpg?ts=1780049651662,"₩59,900",,,260622,베이지,,,,
,false,,ZARA,원피스,원피스,여성,언밸런스 버클 미니 원피스,https://www.zara.com/kr/ko/%E1%84%8B%E1%85%A5%E1%86%AB%E1%84%87%E1%85%A2%E1%86%AF%E1%84%85%E1%85%A5%E1%86%AB%E1%84%89%E1%85%B3-%E1%84%87%E1%85%A5%E1%84%8F%E1%85%B3%E1%86%AF-%E1%84%86%E1%85%B5%E1%84%82%E1%85%B5-%E1%84%8B%E1%85%AF%E1%86%AB%E1%84%91%E1%85%B5%E1%84%89%E1%85%B3-p05029273.html,https://static.zara.net/assets/public/9053/a982/a36f4a31949a/9eb5580251e2/05029273800-p/05029273800-p.jpg?ts=1780049666537,"₩59,900",,,260622,블랙,,,,
,false,,ZARA,원피스,원피스,여성,콘트라스트 파이핑 새틴 미디 원피스,https://www.zara.com/kr/ko/%E1%84%8F%E1%85%A9%E1%86%AB%E1%84%90%E1%85%B3%E1%84%85%E1%85%A1%E1%84%89%E1%85%B3%E1%84%90%E1%85%B3-%E1%84%91%E1%85%A1%E1%84%8B%E1%85%B5%E1%84%91%E1%85%B5%E1%86%BC-%E1%84%89%E1%85%A2%E1%84%90%E1%85%B5%E1%86%AB-%E1%84%86%E1%85%B5%E1%84%83%E1%85%B5-%E1%84%8B%E1%85%AF%E1%86%AB%E1%84%91%E1%85%B5%E1%84%89%E1%85%B3-p01165138.html,https://static.zara.net/assets/public/3e8f/a7d2/d52149b19af3/96da43608eb5/01165138710-p/01165138710-p.jpg?ts=1781248319924,"₩59,900",,,260622,베이지,,,,
,false,,ZARA,원피스,원피스,여성,콘트라스트 파이핑 새틴 미디 원피스,https://www.zara.com/kr/ko/%E1%84%8F%E1%85%A9%E1%86%AB%E1%84%90%E1%85%B3%E1%84%85%E1%85%A1%E1%84%89%E1%85%B3%E1%84%90%E1%85%B3-%E1%84%91%E1%85%A1%E1%84%8B%E1%85%B5%E1%84%91%E1%85%B5%E1%86%BC-%E1%84%89%E1%85%A2%E1%84%90%E1%85%B5%E1%86%AB-%E1%84%86%E1%85%B5%E1%84%83%E1%85%B5-%E1%84%8B%E1%85%AF%E1%86%AB%E1%84%91%E1%85%B5%E1%84%89%E1%85%B3-p01165138.html,https://static.zara.net/assets/public/4c7e/f638/04ca43cfbd9f/8760f9e88314/01165138710-a4/01165138710-a4.jpg?ts=1781248320265,"₩59,900",,,260622,베이지,,,,
,false,,ZARA,원피스,원피스,여성,스트레치 코르셋 플라워 원피스,https://www.zara.com/kr/ko/%E1%84%89%E1%85%B3%E1%84%90%E1%85%B3%E1%84%85%E1%85%A6%E1%84%8E%E1%85%B5-%E1%84%8F%E1%85%A9%E1%84%85%E1%85%B3%E1%84%89%E1%85%A6%E1%86%BA-%E1%84%91%E1%85%B3%E1%86%AF%E1%84%85%E1%85%A1%E1%84%8B%E1%85%AF-%E1%84%8B%E1%85%AF%E1%86%AB%E1%84%91%E1%85%B5%E1%84%89%E1%85%B3-p06050334.html,https://static.zara.net/assets/public/7638/c529/7a4d4864840b/8388494f0712/06050334712-p/06050334712-p.jpg?ts=1776176028394,"₩57,900",,,260622,크림,,,,
,false,,ZARA,원피스,원피스,여성,스트레치 플라워 스트랩 원피스,https://www.zara.com/kr/ko/%E1%84%91%E1%85%B3%E1%86%AF%E1%84%85%E1%85%A1%E1%84%8B%E1%85%AF-%E1%84%89%E1%85%B3%E1%84%90%E1%85%B3%E1%84%85%E1%85%A6%E1%84%8E%E1%85%B5-%E1%84%89%E1%85%B3%E1%84%90%E1%85%B3%E1%84%85%E1%85%A2%E1%86%B8-%E1%84%8B%E1%85%AF%E1%86%AB%E1%84%91%E1%85%B5%E1%84%89%E1%85%B3-p06050333.html,https://static.zara.net/assets/public/3d94/6a37/b4d146038d28/58bd4c436235/06050333800-p/06050333800-p.jpg?ts=1776176026331,"₩55,900",,,260622,블랙,,,,
,false,,ZARA,원피스,원피스,여성,깅엄 체크 벌룬 미니 원피스,https://www.zara.com/kr/ko/%E1%84%80%E1%85%B5%E1%86%BC%E1%84%8B%E1%85%A5%E1%86%B7-%E1%84%8E%E1%85%A6%E1%84%8F%E1%85%B3-%E1%84%87%E1%85%A5%E1%86%AF%E1%84%85%E1%85%AE%E1%86%AB-%E1%84%86%E1%85%B5%E1%84%82%E1%85%B5-%E1%84%8B%E1%85%AF%E1%86%AB%E1%84%91%E1%85%B5%E1%84%89%E1%85%B3-p00085318.html,https://static.zara.net/assets/public/51b2/460a/c5c84c2d8bf8/88cbc88425e3/00085318075-p/00085318075-p.jpg?ts=1776176136383,"₩59,900",,,260622,"크림,베이지",,,,
,false,,ZARA,원피스,원피스,여성,글리터 드레이프 미니 원피스,https://www.zara.com/kr/ko/%E1%84%80%E1%85%B3%E1%86%AF%E1%84%85%E1%85%B5%E1%84%90%E1%85%A5-%E1%84%83%E1%85%B3%E1%84%85%E1%85%A6%E1%84%8B%E1%85%B5%E1%84%91%E1%85%B3-%E1%84%86%E1%85%B5%E1%84%82%E1%85%B5-%E1%84%8B%E1%85%AF%E1%86%AB%E1%84%91%E1%85%B5%E1%84%89%E1%85%B3-p04772364.html,https://static.zara.net/assets/public/58b9/72f7/7d904ca6a710/29fdd651bbad/04772364307-p/04772364307-p.jpg?ts=1775635748973,"₩109,900",,,260622,카바,,,,
,false,,ZARA,원피스,원피스,여성,린넨 체크 미디 원피스,https://www.zara.com/kr/ko/%E1%84%85%E1%85%B5%E1%86%AB%E1%84%82%E1%85%A6%E1%86%AB-%E1%84%8E%E1%85%A6%E1%84%8F%E1%85%B3-%E1%84%86%E1%85%B5%E1%84%83%E1%85%B5-%E1%84%8B%E1%85%AF%E1%86%AB%E1%84%91%E1%85%B5%E1%84%89%E1%85%B3-p03073705.html,https://static.zara.net/assets/public/f266/f28a/e9cd419fb289/e69ac751a164/03073705330-a3/03073705330-a3.jpg?ts=1780054530436,"₩109,900",,,260622,멀티컬러,,,,
,false,,ZARA,원피스,원피스,여성,린넨 크로스 홀터넥 미디 원피스,https://www.zara.com/kr/ko/%E1%84%85%E1%85%B5%E1%86%AB%E1%84%82%E1%85%A6%E1%86%AB-%E1%84%8F%E1%85%B3%E1%84%85%E1%85%A9%E1%84%89%E1%85%B3-%E1%84%92%E1%85%A9%E1%86%AF%E1%84%90%E1%85%A5%E1%84%82%E1%85%A6%E1%86%A8-%E1%84%86%E1%85%B5%E1%84%83%E1%85%B5-%E1%84%8B%E1%85%AF%E1%86%AB%E1%84%91%E1%85%B5%E1%84%89%E1%85%B3-p08741230.html,https://static.zara.net/assets/public/8f3f/195e/91ff4ca5ae9f/f26a43ed423f/08741230520-p/08741230520-p.jpg?ts=1780054548126,"₩79,900",,,260622,라임,,,,
,false,,ZARA,원피스,원피스,여성,ZW 컬렉션 린넨 미디 원피스,https://www.zara.com/kr/ko/zw-%E1%84%8F%E1%85%A5%E1%86%AF%E1%84%85%E1%85%A6%E1%86%A8%E1%84%89%E1%85%A7%E1%86%AB-%E1%84%85%E1%85%B5%E1%86%AB%E1%84%82%E1%85%A6%E1%86%AB-%E1%84%86%E1%85%B5%E1%84%83%E1%85%B5-%E1%84%8B%E1%85%AF%E1%86%AB%E1%84%91%E1%85%B5%E1%84%89%E1%85%B3-p04786048.html,https://static.zara.net/assets/public/0886/a18c/f4fb462381b6/33b312685bb6/04786048802-p/04786048802-p.jpg?ts=1774949052568,"₩109,900",,,260622,그레이,,,,
,false,,ZARA,원피스,원피스,여성,ZW 컬렉션 린넨 미디 원피스,https://www.zara.com/kr/ko/zw-%E1%84%8F%E1%85%A5%E1%86%AF%E1%84%85%E1%85%A6%E1%86%A8%E1%84%89%E1%85%A7%E1%86%AB-%E1%84%85%E1%85%B5%E1%86%AB%E1%84%82%E1%85%A6%E1%86%AB-%E1%84%86%E1%85%B5%E1%84%83%E1%85%B5-%E1%84%8B%E1%85%AF%E1%86%AB%E1%84%91%E1%85%B5%E1%84%89%E1%85%B3-p02103901.html,https://static.zara.net/assets/public/c719/271c/ec7d4f7da3e9/abbd3b14379a/02103901081-p/02103901081-p.jpg?ts=1774949038665,"₩129,900",,,260622,"샌드,그레이",,,,
,false,,ZARA,원피스,원피스,여성,ZW 컬렉션 레이스 새틴 원피스,https://www.zara.com/kr/ko/zw-%E1%84%8F%E1%85%A5%E1%86%AF%E1%84%85%E1%85%A6%E1%86%A8%E1%84%89%E1%85%A7%E1%86%AB-%E1%84%85%E1%85%A6%E1%84%8B%E1%85%B5%E1%84%89%E1%85%B3-%E1%84%89%E1%85%A2%E1%84%90%E1%85%B5%E1%86%AB-%E1%84%8B%E1%85%AF%E1%86%AB%E1%84%91%E1%85%B5%E1%84%89%E1%85%B3-p05919041.html,https://static.zara.net/assets/public/17f2/f3e2/661347d29ff2/258bb6775070/05919041800-p/05919041800-p.jpg?ts=1778168233614,"₩109,900",,,260622,블랙,,,,
,false,,ZARA,원피스,원피스,여성,오프숄더 도트 원피스,https://www.zara.com/kr/ko/%E1%84%8B%E1%85%A9%E1%84%91%E1%85%B3%E1%84%89%E1%85%AD%E1%86%AF%E1%84%83%E1%85%A5-%E1%84%83%E1%85%A9%E1%84%90%E1%85%B3-%E1%84%8B%E1%85%AF%E1%86%AB%E1%84%91%E1%85%B5%E1%84%89%E1%85%B3-p02482423.html,https://static.zara.net/assets/public/9db4/174a/b80f4aa3a437/4e976ef1118e/02482423067-p/02482423067-p.jpg?ts=1777282920908,"₩59,900",,,260622,"크림,레드",,,,
,false,,ZARA,원피스,원피스,여성,프릴 홀터넥 거즈 원피스,https://www.zara.com/kr/ko/%E1%84%91%E1%85%B3%E1%84%85%E1%85%B5%E1%86%AF-%E1%84%92%E1%85%A9%E1%86%AF%E1%84%90%E1%85%A5%E1%84%82%E1%85%A6%E1%86%A8-%E1%84%80%E1%85%A5%E1%84%8C%E1%85%B3-%E1%84%8B%E1%85%AF%E1%86%AB%E1%84%91%E1%85%B5%E1%84%89%E1%85%B3-p07521317.html,https://static.zara.net/assets/public/af15/7919/76984ac29537/cb4a8c19ae2b/07521317673-p/07521317673-p.jpg?ts=1777282914484,"₩55,900",,,260622,라이트 자두,,,,
,false,,ZARA,원피스,원피스,여성,비즈 장식 홀터넥 원피스,https://www.zara.com/kr/ko/%E1%84%87%E1%85%B5%E1%84%8C%E1%85%B3-%E1%84%91%E1%85%A2%E1%84%90%E1%85%A5%E1%86%AB-%E1%84%92%E1%85%A9%E1%86%AF%E1%84%90%E1%85%A5%E1%84%82%E1%85%A6%E1%86%A8-%E1%84%8B%E1%85%AF%E1%86%AB%E1%84%91%E1%85%B5%E1%84%89%E1%85%B3-p07200303.html,https://static.zara.net/assets/public/eca9/94d1/5aaf40b6a1af/58d2d910d1ad/07200303050-p/07200303050-p.jpg?ts=1777282904502,"₩79,900",,,260622,단색,,,,
,false,,ZARA,원피스,원피스,여성,깅엄 체크 미디 원피스,https://www.zara.com/kr/ko/%E1%84%80%E1%85%B5%E1%86%BC%E1%84%8B%E1%85%A5%E1%86%B7-%E1%84%8E%E1%85%A6%E1%84%8F%E1%85%B3-%E1%84%86%E1%85%B5%E1%84%83%E1%85%B5-%E1%84%8B%E1%85%AF%E1%86%AB%E1%84%91%E1%85%B5%E1%84%89%E1%85%B3-p03152308.html,https://static.zara.net/assets/public/4904/faf6/bdcc4474a242/8a9d0c89802a/02796216071-p/02796216071-p.jpg?ts=1777282920048,"₩79,900",,,260622,"크림,카키",,,,
,false,,ZARA,원피스,원피스,여성,체크 스트랩 미디 원피스,https://www.zara.com/kr/ko/%E1%84%8E%E1%85%A6%E1%84%8F%E1%85%B3-%E1%84%89%E1%85%B3%E1%84%90%E1%85%B3%E1%84%85%E1%85%A2%E1%86%B8-%E1%84%86%E1%85%B5%E1%84%83%E1%85%B5-%E1%84%8B%E1%85%AF%E1%86%AB%E1%84%91%E1%85%B5%E1%84%89%E1%85%B3-p07969043.html,https://static.zara.net/assets/public/e553/25ba/80e34dd89c0f/1da4fca852e1/07969043300-p/07969043300-p.jpg?ts=1777282913869,"₩59,900",,,260622,노랑,,,,
,false,,ZARA,원피스,원피스,여성,린넨 도트 미디 원피스,https://www.zara.com/kr/ko/%E1%84%85%E1%85%B5%E1%86%AB%E1%84%82%E1%85%A6%E1%86%AB-%E1%84%83%E1%85%A9%E1%84%90%E1%85%B3-%E1%84%86%E1%85%B5%E1%84%83%E1%85%B5-%E1%84%8B%E1%85%AF%E1%86%AB%E1%84%91%E1%85%B5%E1%84%89%E1%85%B3-p02854701.html,https://static.zara.net/assets/public/4120/c8df/107948559159/8bc312d306ae/02854701930-p/02854701930-p.jpg?ts=1777449790849,"₩89,900",,,260622,930,,,,
,false,,ZARA,원피스,오버롤,여성,린넨 와이드 할터넥 점프수트,https://www.zara.com/kr/ko/%E1%84%85%E1%85%B5%E1%86%AB%E1%84%82%E1%85%A6%E1%86%AB-%E1%84%8B%E1%85%AA%E1%84%8B%E1%85%B5%E1%84%83%E1%85%B3-%E1%84%92%E1%85%A1%E1%86%AF%E1%84%90%E1%85%A5%E1%84%82%E1%85%A6%E1%86%A8-%E1%84%8C%E1%85%A5%E1%86%B7%E1%84%91%E1%85%B3%E1%84%89%E1%85%AE%E1%84%90%E1%85%B3-p02646712.html,https://static.zara.net/assets/public/3705/3f98/430743238247/9123a854f899/02646712800-p/02646712800-p.jpg?ts=1780042922477,"₩89,900",,,260622,블랙,,,,
,false,,ZARA,원피스,원피스,여성,리본 개버딘 원피스,https://www.zara.com/kr/ko/%E1%84%85%E1%85%B5%E1%84%87%E1%85%A9%E1%86%AB-%E1%84%80%E1%85%A2%E1%84%87%E1%85%A5%E1%84%83%E1%85%B5%E1%86%AB-%E1%84%8B%E1%85%AF%E1%86%AB%E1%84%91%E1%85%B5%E1%84%89%E1%85%B3-p04772808.html,https://static.zara.net/assets/public/6682/9c52/4d424c93ab1f/e9a8fd160275/04772808800-p/04772808800-p.jpg?ts=1770737100583,"₩79,900",,,260622,블랙,,,,
,false,,ZARA,원피스,원피스,여성,언밸런스 새틴 미디 원피스,https://www.zara.com/kr/ko/%E1%84%8B%E1%85%A5%E1%86%AB%E1%84%87%E1%85%A2%E1%86%AF%E1%84%85%E1%85%A5%E1%86%AB%E1%84%89%E1%85%B3-%E1%84%89%E1%85%A2%E1%84%90%E1%85%B5%E1%86%AB-%E1%84%86%E1%85%B5%E1%84%83%E1%85%B5-%E1%84%8B%E1%85%AF%E1%86%AB%E1%84%91%E1%85%B5%E1%84%89%E1%85%B3-p02896399.html,https://static.zara.net/assets/public/d353/5006/bde54bc88ce5/93c8285a49fd/02896399611-p/02896399611-p.jpg?ts=1776846123394,"₩89,900",,,260622,보라,,,,
,false,,ZARA,원피스,원피스,여성,드레이프 도트 원피스,https://www.zara.com/kr/ko/%E1%84%83%E1%85%B3%E1%84%85%E1%85%A6%E1%84%8B%E1%85%B5%E1%84%91%E1%85%B3-%E1%84%83%E1%85%A9%E1%84%90%E1%85%B3-%E1%84%8B%E1%85%AF%E1%86%AB%E1%84%91%E1%85%B5%E1%84%89%E1%85%B3-p02897246.html,https://static.zara.net/assets/public/9882/c4cc/14894f8a83dc/3cd40edfa500/02897246093-000-p/02897246093-000-p.jpg?ts=1777484756869,"₩89,900",,,260622,"블랙,크림",,,,
,false,,ZARA,원피스,오버롤,여성,포켓 쇼트 점프수트,https://www.zara.com/kr/ko/%E1%84%91%E1%85%A9%E1%84%8F%E1%85%A6%E1%86%BA-%E1%84%89%E1%85%AD%E1%84%90%E1%85%B3-%E1%84%8C%E1%85%A5%E1%86%B7%E1%84%91%E1%85%B3%E1%84%89%E1%85%AE%E1%84%90%E1%85%B3-p00699080.html,https://static.zara.net/assets/public/df98/64f4/dfbc4aa5a5bf/44bb752a71f2/00699080250-p/00699080250-p.jpg?ts=1779285046954,"₩79,900",,,260622,화이트,,,,
,false,,ZARA,원피스,오버롤,여성,스트라이프 쇼트 점프수트,https://www.zara.com/kr/ko/%E1%84%89%E1%85%B3%E1%84%90%E1%85%B3%E1%84%85%E1%85%A1%E1%84%8B%E1%85%B5%E1%84%91%E1%85%B3-%E1%84%89%E1%85%AD%E1%84%90%E1%85%B3-%E1%84%8C%E1%85%A5%E1%86%B7%E1%84%91%E1%85%B3%E1%84%89%E1%85%AE%E1%84%90%E1%85%B3-p02933176.html,https://static.zara.net/assets/public/32d5/9772/7b204e27a000/f7f9c6ccae8b/02933176054-p/02933176054-p.jpg?ts=1779359040630,"₩55,900",,,260622,"브라운,그린",,,,
,false,,ZARA,원피스,오버롤,여성,오프숄더 미디 점프수트,https://www.zara.com/kr/ko/%E1%84%8B%E1%85%A9%E1%84%91%E1%85%B3%E1%84%89%E1%85%AD%E1%86%AF%E1%84%83%E1%85%A5-%E1%84%86%E1%85%B5%E1%84%83%E1%85%B5-%E1%84%8C%E1%85%A5%E1%86%B7%E1%84%91%E1%85%B3%E1%84%89%E1%85%AE%E1%84%90%E1%85%B3-p08596769.html,https://static.zara.net/assets/public/d480/2303/6f104b9b887f/c6a9c87b9e8b/08596769800-p/08596769800-p.jpg?ts=1781703410585,"₩89,900",,,260622,블랙,,,,
,false,,ZARA,원피스,원피스,여성,포켓 트렌치 원피스,https://www.zara.com/kr/ko/%E1%84%91%E1%85%A9%E1%84%8F%E1%85%A6%E1%86%BA-%E1%84%90%E1%85%B3%E1%84%85%E1%85%A6%E1%86%AB%E1%84%8E%E1%85%B5-%E1%84%8B%E1%85%AF%E1%86%AB%E1%84%91%E1%85%B5%E1%84%89%E1%85%B3-p03067321.html,https://static.zara.net/assets/public/8282/4e3a/0d704c1f83ba/feaa6c5cc91e/03067321507-p/03067321507-p.jpg?ts=1770737100576,"₩59,900",,,260622,다크 카키,,,,
,false,,ZARA,원피스,원피스,여성,볼륨 루즈 홀터넥 미디 원피스,https://www.zara.com/kr/ko/%E1%84%83%E1%85%A9%E1%84%90%E1%85%B3-%E1%84%87%E1%85%A9%E1%86%AF%E1%84%85%E1%85%B2%E1%86%B7-%E1%84%92%E1%85%A9%E1%86%AF%E1%84%90%E1%85%A5%E1%84%82%E1%85%A6%E1%86%A8-%E1%84%86%E1%85%B5%E1%84%83%E1%85%B5-%E1%84%8B%E1%85%AF%E1%86%AB%E1%84%91%E1%85%B5%E1%84%89%E1%85%B3-p04772354.html,https://static.zara.net/assets/public/102c/4789/0535488a9bee/9c58ec1c9816/04772354717-a1/04772354717-a1.jpg?ts=1773231237702,"₩79,900",,,260622,초콜렛,,,,
,false,,ZARA,원피스,원피스,여성,스위트하트 네크라인 원피스,https://www.zara.com/kr/ko/%E1%84%89%E1%85%B3%E1%84%8B%E1%85%B1%E1%84%90%E1%85%B3%E1%84%92%E1%85%A1%E1%84%90%E1%85%B3-%E1%84%82%E1%85%A6%E1%84%8F%E1%85%B3%E1%84%85%E1%85%A1%E1%84%8B%E1%85%B5%E1%86%AB-%E1%84%8B%E1%85%AF%E1%86%AB%E1%84%91%E1%85%B5%E1%84%89%E1%85%B3-p01058006.html,https://static.zara.net/assets/public/a0fa/bef1/46de4df8bfa4/2f74d3e419cc/01058006800-p/01058006800-p.jpg?ts=1773398902041,"₩79,900",,,260622,블랙,,,,
,false,,ZARA,원피스,원피스,여성,나일론 볼륨 원피스,https://www.zara.com/kr/ko/%E1%84%82%E1%85%A1%E1%84%8B%E1%85%B5%E1%86%AF%E1%84%85%E1%85%A9%E1%86%AB-%E1%84%87%E1%85%A9%E1%86%AF%E1%84%85%E1%85%B2%E1%86%B7-%E1%84%8B%E1%85%AF%E1%86%AB%E1%84%91%E1%85%B5%E1%84%89%E1%85%B3-p04772328.html,https://static.zara.net/assets/public/d844/0c8e/72ee4c01bdc0/3f2afd40a7dc/04772328806-p/04772328806-p.jpg?ts=1772187543406,"₩79,900",,,260622,스톤,,,,
,false,,ZARA,원피스,원피스,여성,포플린 미니 원피스,https://www.zara.com/kr/ko/%E1%84%91%E1%85%A9%E1%84%91%E1%85%B3%E1%86%AF%E1%84%85%E1%85%B5%E1%86%AB-%E1%84%86%E1%85%B5%E1%84%82%E1%85%B5-%E1%84%8B%E1%85%AF%E1%86%AB%E1%84%91%E1%85%B5%E1%84%89%E1%85%B3-p02875563.html,https://static.zara.net/assets/public/72d1/3fd1/9a3644ed93fe/7306e0e2d07a/02875563251-1-a2/02875563251-1-a2.jpg?ts=1776867090147,"₩79,900",,,260622,스크래치 화이트,,,,
,false,,ZARA,원피스,원피스,여성,포플린 미니 원피스,https://www.zara.com/kr/ko/%E1%84%91%E1%85%A9%E1%84%91%E1%85%B3%E1%86%AF%E1%84%85%E1%85%B5%E1%86%AB-%E1%84%86%E1%85%B5%E1%84%82%E1%85%B5-%E1%84%8B%E1%85%AF%E1%86%AB%E1%84%91%E1%85%B5%E1%84%89%E1%85%B3-p02875563.html,https://static.zara.net/assets/public/2efa/bd81/21604fc2b7e6/57ac2840d078/02875563251-p/02875563251-p.jpg?ts=1776866669382,"₩79,900",,,260622,스크래치 화이트,,,,
,false,,ZARA,원피스,원피스,여성,스트라이프 미니 원피스,https://www.zara.com/kr/ko/%E1%84%89%E1%85%B3%E1%84%90%E1%85%B3%E1%84%85%E1%85%A1%E1%84%8B%E1%85%B5%E1%84%91%E1%85%B3-%E1%84%86%E1%85%B5%E1%84%82%E1%85%B5-%E1%84%8B%E1%85%AF%E1%86%AB%E1%84%91%E1%85%B5%E1%84%89%E1%85%B3-p02789318.html,https://static.zara.net/assets/public/f336/5925/3c7b49f98761/da88a47f3e91/02789318330-p/02789318330-p.jpg?ts=1778846342694,"₩79,900",,,260622,멀티컬러,,,,
,false,,ZARA,원피스,원피스,여성,깅엄 체크 미디 원피스,https://www.zara.com/kr/ko/%E1%84%80%E1%85%B5%E1%86%BC%E1%84%8B%E1%85%A5%E1%86%B7-%E1%84%8E%E1%85%A6%E1%84%8F%E1%85%B3-%E1%84%86%E1%85%B5%E1%84%83%E1%85%B5-%E1%84%8B%E1%85%AF%E1%86%AB%E1%84%91%E1%85%B5%E1%84%89%E1%85%B3-p03152302.html,https://static.zara.net/assets/public/6c32/60f0/470e49838166/c681eaa98358/03152302063-p/03152302063-p.jpg?ts=1768903146072,"₩79,900",,,260622,"화이트,그린",,,,
,false,,ZARA,원피스,원피스,여성,홀터넥 개더 미디 원피스,https://www.zara.com/kr/ko/%E1%84%92%E1%85%A9%E1%86%AF%E1%84%90%E1%85%A5%E1%84%82%E1%85%A6%E1%86%A8-%E1%84%80%E1%85%A2%E1%84%83%E1%85%A5-%E1%84%86%E1%85%B5%E1%84%83%E1%85%B5-%E1%84%8B%E1%85%AF%E1%86%AB%E1%84%91%E1%85%B5%E1%84%89%E1%85%B3-p04772307.html,https://static.zara.net/assets/public/ddb7/e5d6/e05540e99743/8cd00cc1869b/04772307250-p/04772307250-p.jpg?ts=1768494163719,"₩79,900",,,260622,화이트,,,,
,false,,ZARA,원피스,원피스,여성,셔링 포켓 미니 원피스,https://www.zara.com/kr/ko/%E1%84%91%E1%85%B3%E1%86%AF%E1%84%85%E1%85%B5%E1%84%8E%E1%85%B3-%E1%84%91%E1%85%A9%E1%84%8F%E1%85%A6%E1%86%BA-%E1%84%86%E1%85%B5%E1%84%82%E1%85%B5-%E1%84%8B%E1%85%AF%E1%86%AB%E1%84%91%E1%85%B5%E1%84%89%E1%85%B3-p09747777.html,https://static.zara.net/assets/public/ddc0/7af5/d1464a90b0bd/28fc8102a6be/02467889251-p/02467889251-p.jpg?ts=1776092618852,"₩79,900",,,260622,스크래치 화이트,,,,
,false,,ZARA,원피스,원피스,여성,스트라이프 미디 셔츠 원피스,https://www.zara.com/kr/ko/%E1%84%89%E1%85%B3%E1%84%90%E1%85%B3%E1%84%85%E1%85%A1%E1%84%8B%E1%85%B5%E1%84%91%E1%85%B3-%E1%84%86%E1%85%B5%E1%84%83%E1%85%B5-%E1%84%89%E1%85%A7%E1%84%8E%E1%85%B3-%E1%84%8B%E1%85%AF%E1%86%AB%E1%84%91%E1%85%B5%E1%84%89%E1%85%B3-p03067331.html,https://static.zara.net/assets/public/a861/dde9/a97045dcbb23/0eee8ee5376d/03067331059-p/03067331059-p.jpg?ts=1770983621769,"₩79,900",,,260622,"화이트,터키블루",,,,
,false,,ZARA,원피스,원피스,여성,플리츠 포켓 미니 원피스,https://www.zara.com/kr/ko/%E1%84%91%E1%85%B3%E1%86%AF%E1%84%85%E1%85%B5%E1%84%8E%E1%85%B3-%E1%84%91%E1%85%A9%E1%84%8F%E1%85%A6%E1%86%BA-%E1%84%86%E1%85%B5%E1%84%82%E1%85%B5-%E1%84%8B%E1%85%AF%E1%86%AB%E1%84%91%E1%85%B5%E1%84%89%E1%85%B3-p03067322.html,https://static.zara.net/assets/public/8c0a/34b9/1d474a43aa87/274ac99e9785/09747889700-p/09747889700-p.jpg?ts=1764836245073,"₩79,900",,,260622,다크 밍크,,,,
,false,,ZARA,원피스,원피스,여성,드레이프 벨벳 미디 원피스,https://www.zara.com/kr/ko/%E1%84%83%E1%85%B3%E1%84%85%E1%85%A6%E1%84%8B%E1%85%B5%E1%84%91%E1%85%B3-%E1%84%87%E1%85%A6%E1%86%AF%E1%84%87%E1%85%A6%E1%86%BA-%E1%84%86%E1%85%B5%E1%84%83%E1%85%B5-%E1%84%8B%E1%85%AF%E1%86%AB%E1%84%91%E1%85%B5%E1%84%89%E1%85%B3-p09801242.html,https://static.zara.net/assets/public/e96c/388a/7b6640a5859e/2341ae49574f/09801242716-p/09801242716-p.jpg?ts=1765299552074,"₩59,900",,,260622,다크 브라운,,,,
,false,,ZARA,원피스,원피스,여성,프릴 미니 원피스,https://www.zara.com/kr/ko/%E1%84%91%E1%85%B3%E1%84%85%E1%85%B5%E1%86%AF-%E1%84%86%E1%85%B5%E1%84%82%E1%85%B5-%E1%84%8B%E1%85%AF%E1%86%AB%E1%84%91%E1%85%B5%E1%84%89%E1%85%B3-p05029134.html,https://static.zara.net/assets/public/3cb7/b9be/bf3f4a70ae8e/fce01edf19f5/05029134656-p/05029134656-p.jpg?ts=1773404143932,"₩59,900",,,260622,라이트  라일락,,,,
,false,,ZARA,원피스,원피스,여성,크로셰 미니 원피스,https://www.zara.com/kr/ko/%E1%84%8F%E1%85%B3%E1%84%85%E1%85%A9%E1%84%89%E1%85%A8-%E1%84%86%E1%85%B5%E1%84%82%E1%85%B5-%E1%84%8B%E1%85%AF%E1%86%AB%E1%84%91%E1%85%B5%E1%84%89%E1%85%B3-p08779170.html,https://static.zara.net/assets/public/e2d3/3022/9a4d4944be51/d3331fe5c29f/08779170712-p/08779170712-p.jpg?ts=1773404177850,"₩89,900",,,260622,크림,,,,
,false,,ZARA,원피스,원피스,여성,ZW 컬렉션 언밸런스 콤비 원피스,https://www.zara.com/kr/ko/zw-collection-%E1%84%8B%E1%85%A5%E1%86%AB%E1%84%87%E1%85%A2%E1%86%AF%E1%84%85%E1%85%A5%E1%86%AB%E1%84%89%E1%85%B3-%E1%84%8F%E1%85%A9%E1%86%B7%E1%84%87%E1%85%B5-%E1%84%8B%E1%85%AF%E1%86%AB%E1%84%91%E1%85%B5%E1%84%89%E1%85%B3-p02069007.html,https://static.zara.net/assets/public/0b66/67cc/e2da4f86ab68/7c3f240ca60c/02069007330-p/02069007330-p.jpg?ts=1772554868091,"₩189,900",,,260622,멀티컬러,,,,
,false,,ZARA,원피스,원피스,여성,ZW 컬렉션 레이스 새틴 원피스,https://www.zara.com/kr/ko/zw-%E1%84%8F%E1%85%A5%E1%86%AF%E1%84%85%E1%85%A6%E1%86%A8%E1%84%89%E1%85%A7%E1%86%AB-%E1%84%85%E1%85%A6%E1%84%8B%E1%85%B5%E1%84%89%E1%85%B3-%E1%84%89%E1%85%A2%E1%84%90%E1%85%B5%E1%86%AB-%E1%84%8B%E1%85%AF%E1%86%AB%E1%84%91%E1%85%B5%E1%84%89%E1%85%B3-p05919041.html,https://static.zara.net/assets/public/93ae/fbe2/ce1443e980fa/bdd4b1bee727/05919041706-p/05919041706-p.jpg?ts=1772554885683,"₩109,900",,,260622,밍크,,,,
,false,,ZARA,원피스,원피스,여성,볼륨 홀터넥 미니 원피스,https://www.zara.com/kr/ko/%E1%84%87%E1%85%A9%E1%86%AF%E1%84%85%E1%85%B2%E1%86%B7-%E1%84%92%E1%85%A9%E1%86%AF%E1%84%90%E1%85%A5%E1%84%82%E1%85%A6%E1%86%A8-%E1%84%86%E1%85%B5%E1%84%82%E1%85%B5-%E1%84%8B%E1%85%AF%E1%86%AB%E1%84%91%E1%85%B5%E1%84%89%E1%85%B3-p04661374.html,https://static.zara.net/assets/public/c0c6/7905/68944419b4f0/d4f7cc6ed231/04661377251-p/04661377251-p.jpg?ts=1779203922029,"₩59,900",,,260622,스크래치 화이트,,,,
,false,,ZARA,원피스,원피스,여성,홀터넥 볼륨 미니 원피스,https://www.zara.com/kr/ko/%E1%84%87%E1%85%A9%E1%86%AF%E1%84%85%E1%85%B2%E1%86%B7-%E1%84%92%E1%85%A9%E1%86%AF%E1%84%90%E1%85%A5%E1%84%82%E1%85%A6%E1%86%A8-%E1%84%86%E1%85%B5%E1%84%82%E1%85%B5-%E1%84%8B%E1%85%AF%E1%86%AB%E1%84%91%E1%85%B5%E1%84%89%E1%85%B3-p04661374.html,https://static.zara.net/assets/public/b9bd/162d/3dad4d32876f/97341b561a7e/04661374800-p/04661374800-p.jpg?ts=1779265172625,"₩59,900",,,260622,블랙,,,,
,false,,ZARA,원피스,원피스,여성,도트 프릴 홀터넥 원피스,https://www.zara.com/kr/ko/%E1%84%83%E1%85%A9%E1%84%90%E1%85%B3-%E1%84%91%E1%85%B3%E1%84%85%E1%85%B5%E1%86%AF-%E1%84%92%E1%85%A9%E1%86%AF%E1%84%90%E1%85%A5%E1%84%82%E1%85%A6%E1%86%A8-%E1%84%8B%E1%85%AF%E1%86%AB%E1%84%91%E1%85%B5%E1%84%89%E1%85%B3-p04661311.html,https://static.zara.net/assets/public/8d65/4dfc/bce24fe997bf/311f3690876d/04661311747-p/04661311747-p.jpg?ts=1773411024331,"₩59,900",,,260622,"brown,white",,,,
,false,,ZARA,원피스,원피스,여성,벌룬 슬리브 린넨 도트 원피스,https://www.zara.com/kr/ko/%E1%84%85%E1%85%B5%E1%84%82%E1%85%A6%E1%86%AB-%E1%84%87%E1%85%A5%E1%86%AF%E1%84%85%E1%85%AE%E1%86%AB-%E1%84%89%E1%85%B3%E1%86%AF%E1%84%85%E1%85%B5%E1%84%87%E1%85%B3-%E1%84%83%E1%85%A9%E1%84%90%E1%85%B3-%E1%84%8B%E1%85%AF%E1%86%AB%E1%84%91%E1%85%B5%E1%84%89%E1%85%B3-p02773716.html,https://static.zara.net/assets/public/28a4/98d2/df71469d9cf2/8e1291019106/02773716330-p/02773716330-p.jpg?ts=1777019785442,"₩59,900",,,260622,멀티컬러,,,,
,false,,ZARA,원피스,원피스,여성,플리츠 포켓 미니 원피스,https://www.zara.com/kr/ko/%E1%84%91%E1%85%B3%E1%86%AF%E1%84%85%E1%85%B5%E1%84%8E%E1%85%B3-%E1%84%91%E1%85%A9%E1%84%8F%E1%85%A6%E1%86%BA-%E1%84%86%E1%85%B5%E1%84%82%E1%85%B5-%E1%84%8B%E1%85%AF%E1%86%AB%E1%84%91%E1%85%B5%E1%84%89%E1%85%B3-p09747777.html,https://static.zara.net/assets/public/db76/e8e2/a5504f2e8617/a05f92be3f84/03067332321-p/03067332321-p.jpg?ts=1770827659057,"₩79,900",,,260622,파스텔 옐로우,,,,
,false,,ZARA,원피스,원피스,여성,플리츠 포켓 미니 원피스,https://www.zara.com/kr/ko/%E1%84%8C%E1%85%AE%E1%84%85%E1%85%B3%E1%86%B7-%E1%84%91%E1%85%A9%E1%84%8F%E1%85%A6%E1%86%BA-%E1%84%86%E1%85%B5%E1%84%82%E1%85%B5-%E1%84%8B%E1%85%AF%E1%86%AB%E1%84%91%E1%85%B5%E1%84%89%E1%85%B3-p02308111.html,https://static.zara.net/assets/public/050b/81de/421d486ebabb/567cdab79873/02308111250-p/02308111250-p.jpg?ts=1770827639590,"₩59,900",,,260622,화이트,,,,
,false,,ZARA,원피스,원피스,여성,새틴 플라워 미니 원피스,https://www.zara.com/kr/ko/%E1%84%89%E1%85%A2%E1%84%90%E1%85%B5%E1%86%AB-%E1%84%91%E1%85%B3%E1%86%AF%E1%84%85%E1%85%A1%E1%84%8B%E1%85%AF-%E1%84%86%E1%85%B5%E1%84%82%E1%85%B5-%E1%84%8B%E1%85%AF%E1%86%AB%E1%84%91%E1%85%B5%E1%84%89%E1%85%B3-p02644419.html,https://static.zara.net/assets/public/5c5a/70db/51704f0c9a69/3343e94f9e26/02644419539-p/02644419539-p.jpg?ts=1773835684796,"₩59,900",,,260622,네온 라임,,,,
,false,,ZARA,원피스,원피스,여성,플라워 스트랩 원피스,https://www.zara.com/kr/ko/%E1%84%91%E1%85%B3%E1%86%AF%E1%84%85%E1%85%A1%E1%84%8B%E1%85%AF-%E1%84%89%E1%85%B3%E1%84%90%E1%85%B3%E1%84%85%E1%85%A2%E1%86%B8-%E1%84%8B%E1%85%AF%E1%86%AB%E1%84%91%E1%85%B5%E1%84%89%E1%85%B3-p03152326.html,https://static.zara.net/assets/public/5cc4/4244/f6514a9a9abd/71ea1005510c/03152326668-p/03152326668-p.jpg?ts=1773835689111,"₩59,900",,,260622,"로즈핑크,제비꽃",,,,
,false,,ZARA,원피스,오버롤,여성,Z1975 루즈 데님 숏 점프수트,https://www.zara.com/kr/ko/z1975-%E1%84%85%E1%85%AE%E1%84%8C%E1%85%B3-%E1%84%83%E1%85%A6%E1%84%82%E1%85%B5%E1%86%B7-%E1%84%89%E1%85%AD%E1%86%BA-%E1%84%8C%E1%85%A5%E1%86%B7%E1%84%91%E1%85%B3%E1%84%89%E1%85%AE%E1%84%90%E1%85%B3-p04083044.html,https://static.zara.net/assets/public/37d3/5237/46534c80be42/4842df8bfaf4/04083044427-p/04083044427-p.jpg?ts=1776425464786,"₩59,900",,,260622,미디움 블루,,,,
,false,,ZARA,원피스,원피스,여성,린넨 미디 스트랩 원피스,https://www.zara.com/kr/ko/%E1%84%85%E1%85%B5%E1%86%AB%E1%84%82%E1%85%A6%E1%86%AB-%E1%84%86%E1%85%B5%E1%84%83%E1%85%B5-%E1%84%89%E1%85%B3%E1%84%90%E1%85%B3%E1%84%85%E1%85%A2%E1%86%B8-%E1%84%8B%E1%85%AF%E1%86%AB%E1%84%91%E1%85%B5%E1%84%89%E1%85%B3-p02705723.html,https://static.zara.net/assets/public/9104/f45d/638144aa87e2/262f33ccae3d/02705723123-p/02705723123-p.jpg?ts=1776424235103,"₩59,900",,,260622,자홍색,,,,
,false,,ZARA,원피스,원피스,여성,벌룬 슬리브 니트 미니 원피스,https://www.zara.com/kr/ko/%E1%84%87%E1%85%A5%E1%86%AF%E1%84%85%E1%85%AE%E1%86%AB-%E1%84%89%E1%85%B3%E1%86%AF%E1%84%85%E1%85%B5%E1%84%87%E1%85%B3-%E1%84%82%E1%85%B5%E1%84%90%E1%85%B3-%E1%84%86%E1%85%B5%E1%84%82%E1%85%B5-%E1%84%8B%E1%85%AF%E1%86%AB%E1%84%91%E1%85%B5%E1%84%89%E1%85%B3-p04192039.html,https://static.zara.net/assets/public/a8a2/bf91/d9994909ac66/2f8dd1c0ed49/04192039430-p/04192039430-p.jpg?ts=1772714499767,"₩59,900",,,260622,잉크 블,,,,
,false,,ZARA,원피스,원피스,여성,숄더 패드 언밸런스 미니 원피스,https://www.zara.com/kr/ko/%E1%84%89%E1%85%AD%E1%86%AF%E1%84%83%E1%85%A5-%E1%84%91%E1%85%A2%E1%84%83%E1%85%B3-%E1%84%8B%E1%85%A5%E1%86%AB%E1%84%87%E1%85%A2%E1%86%AF%E1%84%85%E1%85%A5%E1%86%AB%E1%84%89%E1%85%B3-%E1%84%86%E1%85%B5%E1%84%82%E1%85%B5-%E1%84%8B%E1%85%AF%E1%86%AB%E1%84%91%E1%85%B5%E1%84%89%E1%85%B3-p02776864.html,https://static.zara.net/assets/public/4ac6/29f2/01d043ae9b60/a24615cf4d17/02776864800-000-p/02776864800-000-p.jpg?ts=1776855502610,"₩59,900",,,260622,블랙,,,,
,false,,ZARA,원피스,원피스,여성,언밸런스 새틴 미디 원피스,https://www.zara.com/kr/ko/%E1%84%8B%E1%85%A5%E1%86%AB%E1%84%87%E1%85%A2%E1%86%AF%E1%84%85%E1%85%A5%E1%86%AB%E1%84%89%E1%85%B3-%E1%84%89%E1%85%A2%E1%84%90%E1%85%B5%E1%86%AB-%E1%84%86%E1%85%B5%E1%84%83%E1%85%B5-%E1%84%8B%E1%85%AF%E1%86%AB%E1%84%91%E1%85%B5%E1%84%89%E1%85%B3-p02896399.html,https://static.zara.net/assets/public/dd0c/a705/0fe148e89202/dbedc24c6b6d/02896399611-a3/02896399611-a3.jpg?ts=1776772052328,"₩89,900",,,260622,보라,,,,
,false,,ZARA,원피스,원피스,여성,숄더 패드 콤비 미디 원피스,https://www.zara.com/kr/ko/%E1%84%89%E1%85%AD%E1%86%AF%E1%84%83%E1%85%A5-%E1%84%91%E1%85%A2%E1%84%83%E1%85%B3-%E1%84%8F%E1%85%A9%E1%86%B7%E1%84%87%E1%85%B5-%E1%84%86%E1%85%B5%E1%84%83%E1%85%B5-%E1%84%8B%E1%85%AF%E1%86%AB%E1%84%91%E1%85%B5%E1%84%89%E1%85%B3-p03897084.html,https://static.zara.net/assets/public/8d23/bde4/76884ea2bd52/3b136647a40e/03897084084-000-p/03897084084-000-p.jpg?ts=1776855502832,"₩89,900",,,260622,"블랙,화이트",,,,
,false,,ZARA,원피스,원피스,여성,리오셀 롱 원피스,https://www.zara.com/kr/ko/%E1%84%85%E1%85%B5%E1%84%8B%E1%85%A9%E1%84%89%E1%85%A6%E1%86%AF-%E1%84%85%E1%85%A9%E1%86%BC-%E1%84%8B%E1%85%AF%E1%86%AB%E1%84%91%E1%85%B5%E1%84%89%E1%85%B3-p06929180.html,https://static.zara.net/assets/public/5da2/051f/d3c54913946c/54a7b68c7e9d/06929180800-p/06929180800-p.jpg?ts=1776860045146,"₩59,900",,,260622,블랙,,,,
,false,,ZARA,원피스,원피스,여성,리본 미니 원피스,https://www.zara.com/kr/ko/%E1%84%85%E1%85%B5%E1%84%87%E1%85%A9%E1%86%AB-%E1%84%86%E1%85%B5%E1%84%82%E1%85%B5-%E1%84%8B%E1%85%AF%E1%86%AB%E1%84%91%E1%85%B5%E1%84%89%E1%85%B3-p02213777.html,https://static.zara.net/assets/public/a7f4/d9a8/3a1745a29879/184603fb7cbb/02213777800-p/02213777800-p.jpg?ts=1769098876546,"₩59,900",,,260622,블랙,,,,
,false,,ZARA,원피스,원피스,여성,리본 도트 미니 원피스,https://www.zara.com/kr/ko/%E1%84%85%E1%85%B5%E1%84%87%E1%85%A9%E1%86%AB-%E1%84%86%E1%85%B5%E1%84%82%E1%85%B5-%E1%84%8B%E1%85%AF%E1%86%AB%E1%84%91%E1%85%B5%E1%84%89%E1%85%B3-p02213777.html,https://static.zara.net/assets/public/cf02/4ced/2a7e48f5918e/853a124f9202/04661309070-p/04661309070-p.jpg?ts=1772543146569,"₩59,900",,,260622,"크림,블랙",,,,
,false,,ZARA,원피스,원피스,여성,리본 도트 미니 원피스,https://www.zara.com/kr/ko/%E1%84%85%E1%85%B5%E1%84%87%E1%85%A9%E1%86%AB-%E1%84%83%E1%85%A9%E1%84%90%E1%85%B3-%E1%84%86%E1%85%B5%E1%84%82%E1%85%B5-%E1%84%8B%E1%85%AF%E1%86%AB%E1%84%91%E1%85%B5%E1%84%89%E1%85%B3-p03152339.html,https://static.zara.net/assets/public/52b0/6d7b/9d424c358fa2/2b9bd293160a/03152339084-a3/03152339084-a3.jpg?ts=1779978109366,"₩59,900",,,260622,"블랙,화이트",,,,
,false,,ZARA,원피스,원피스,여성,도트 미니 원피스,https://www.zara.com/kr/ko/%E1%84%83%E1%85%A9%E1%84%90%E1%85%B3-%E1%84%86%E1%85%B5%E1%84%82%E1%85%B5-%E1%84%8B%E1%85%AF%E1%86%AB%E1%84%91%E1%85%B5%E1%84%89%E1%85%B3-p03897081.html,https://static.zara.net/assets/public/67e6/9ce6/f671415494f1/64b8e31297ee/03897081084-p/03897081084-p.jpg?ts=1772543828407,"₩57,900",,,260622,"블랙,화이트",,,,
,false,,ZARA,원피스,원피스,여성,스트레치 미디 원피스,https://www.zara.com/kr/ko/%E1%84%89%E1%85%B3%E1%84%90%E1%85%B3%E1%84%85%E1%85%A6%E1%84%8E%E1%85%B5-%E1%84%86%E1%85%B5%E1%84%83%E1%85%B5-%E1%84%8B%E1%85%AF%E1%86%AB%E1%84%91%E1%85%B5%E1%84%89%E1%85%B3-p06050336.html,https://static.zara.net/assets/public/a9a3/f035/279740a9ac86/6e98b37a7546/06050336800-p/06050336800-p.jpg?ts=1776952419345,"₩57,900",,,260622,블랙,,,,
,false,,ZARA,원피스,원피스,여성,나일론 스토퍼 미니 원피스,https://www.zara.com/kr/ko/%E1%84%82%E1%85%A1%E1%84%8B%E1%85%B5%E1%86%AF%E1%84%85%E1%85%A9%E1%86%AB-%E1%84%89%E1%85%B3%E1%84%90%E1%85%A9%E1%84%91%E1%85%A5-%E1%84%86%E1%85%B5%E1%84%82%E1%85%B5-%E1%84%8B%E1%85%AF%E1%86%AB%E1%84%91%E1%85%B5%E1%84%89%E1%85%B3-p02694157.html,https://static.zara.net/assets/public/f87d/a502/b0624c97a138/05e9d4036c4d/02694157460-p/02694157460-p.jpg?ts=1776080341134,"₩55,900",,,260622,네온 로즈핑크,,,,
,false,,ZARA,원피스,원피스,여성,깅엄 체크 홀터넥 원피스,https://www.zara.com/kr/ko/-p03152397.html,https://static.zara.net/assets/public/bc62/c09a/b0a24773827f/ee61c2ca23df/03152397539-p/03152397539-p.jpg?ts=1777903883141,"₩59,900",,,260622,네온 라임,,,,
,false,,ZARA,원피스,원피스,여성,루즈핏 홀터넥 미니 원피스,https://www.zara.com/kr/ko/%E1%84%85%E1%85%AE%E1%84%8C%E1%85%B3-%E1%84%92%E1%85%A9%E1%86%AF%E1%84%90%E1%85%A5%E1%84%82%E1%85%A6%E1%86%A8-%E1%84%86%E1%85%B5%E1%84%82%E1%85%B5-%E1%84%8B%E1%85%AF%E1%86%AB%E1%84%91%E1%85%B5%E1%84%89%E1%85%B3-p06929386.html,https://static.zara.net/assets/public/f4a0/938d/e86c406480b2/24cb53b16667/06929386800-p/06929386800-p.jpg?ts=1778055143826,"₩55,900",,,260622,블랙,,,,
,false,,ZARA,원피스,원피스,여성,TRF 데님 미니 원피스,https://www.zara.com/kr/ko/trf-%E1%84%83%E1%85%A6%E1%84%82%E1%85%B5%E1%86%B7-%E1%84%86%E1%85%B5%E1%84%82%E1%85%B5-%E1%84%8B%E1%85%AF%E1%86%AB%E1%84%91%E1%85%B5%E1%84%89%E1%85%B3-p06929186.html,https://static.zara.net/assets/public/75cd/8345/117348f9ac62/f6b28f722bc0/06929186400-p/06929186400-p.jpg?ts=1774371084135,"₩55,900",,,260622,블루,,,,
,false,,ZARA,원피스,원피스,여성,스트레치 레이스 미니 원피스,https://www.zara.com/kr/ko/%E1%84%89%E1%85%B3%E1%84%90%E1%85%B3%E1%84%85%E1%85%A6%E1%84%8E%E1%85%B5-%E1%84%85%E1%85%A6%E1%84%8B%E1%85%B5%E1%84%89%E1%85%B3-%E1%84%86%E1%85%B5%E1%84%82%E1%85%B5-%E1%84%8B%E1%85%AF%E1%86%AB%E1%84%91%E1%85%B5%E1%84%89%E1%85%B3-p05584369.html,https://static.zara.net/assets/public/20ca/fde4/40164bcda51f/80fc89cacbe5/05584369800-p/05584369800-p.jpg?ts=1770738608294,"₩55,900",,,260622,블랙,,,,
,false,,ZARA,원피스,원피스,여성,글리터 홀터넥 미니 원피스,https://www.zara.com/kr/ko/%E1%84%80%E1%85%B3%E1%86%AF%E1%84%85%E1%85%B5%E1%84%90%E1%85%A5-%E1%84%92%E1%85%A9%E1%86%AF%E1%84%90%E1%85%A5%E1%84%82%E1%85%A6%E1%86%A8-%E1%84%86%E1%85%B5%E1%84%82%E1%85%B5-%E1%84%8B%E1%85%AF%E1%86%AB%E1%84%91%E1%85%B5%E1%84%89%E1%85%B3-p03920241.html,https://static.zara.net/assets/public/f5e9/b426/e4a6443a800b/410faad3797e/03920241808-p/03920241808-p.jpg?ts=1779891620167,"₩169,900",,,260622,실버,,,,
,false,,ZARA,원피스,원피스,여성,자수 레이스 지오제트 미디 원피스,https://www.zara.com/kr/ko/%E1%84%8C%E1%85%A1%E1%84%89%E1%85%AE-%E1%84%85%E1%85%A6%E1%84%8B%E1%85%B5%E1%84%89%E1%85%B3-%E1%84%8C%E1%85%B5%E1%84%8B%E1%85%A9%E1%84%8C%E1%85%A6%E1%84%90%E1%85%B3-%E1%84%86%E1%85%B5%E1%84%83%E1%85%B5-%E1%84%8B%E1%85%AF%E1%86%AB%E1%84%91%E1%85%B5%E1%84%89%E1%85%B3-p05344139.html,https://static.zara.net/assets/public/9b67/b743/eb684f6ea789/4ba349150ed4/05344139806-p/05344139806-p.jpg?ts=1779891623804,"₩189,900",,,260622,스톤,,,,
,false,,ZARA,원피스,원피스,여성,엠보 레이스 조젯 원피스,https://www.zara.com/kr/ko/%E1%84%8C%E1%85%A9%E1%84%8C%E1%85%A6%E1%86%BA-%E1%84%8B%E1%85%A6%E1%86%B7%E1%84%87%E1%85%A9%E1%84%89%E1%85%B5%E1%86%BC-%E1%84%85%E1%85%A6%E1%84%8B%E1%85%B5%E1%84%89%E1%85%B3-%E1%84%8B%E1%85%AF%E1%86%AB%E1%84%91%E1%85%B5%E1%84%89%E1%85%B3-p05344136.html,https://static.zara.net/assets/public/33da/e04e/c91a43a0add3/2e2add64af32/05344136300-p/05344136300-p.jpg?ts=1779976893367,"₩189,900",,,260622,노랑,,,,
,false,,ZARA,원피스,원피스,여성,플리츠 레이스 미디 원피스,https://www.zara.com/kr/ko/%E1%84%85%E1%85%A6%E1%84%8B%E1%85%B5%E1%84%89%E1%85%B3-%E1%84%91%E1%85%B3%E1%86%AF%E1%84%85%E1%85%B5%E1%84%8E%E1%85%B3-%E1%84%86%E1%85%B5%E1%84%83%E1%85%B5-%E1%84%8B%E1%85%AF%E1%86%AB%E1%84%91%E1%85%B5%E1%84%89%E1%85%B3-p05344137.html,https://static.zara.net/assets/public/f439/fa9b/b4aa44748335/056bf3d211dd/05344137720-p/05344137720-p.jpg?ts=1779976897287,"₩169,900",,,260622,그레이 베이지,,,,
,false,,ZARA,원피스,원피스,여성,프릴 미니 원피스,https://www.zara.com/kr/ko/%E1%84%91%E1%85%B3%E1%84%85%E1%85%B5%E1%86%AF-%E1%84%86%E1%85%B5%E1%84%82%E1%85%B5-%E1%84%8B%E1%85%AF%E1%86%AB%E1%84%91%E1%85%B5%E1%84%89%E1%85%B3-p00085316.html,https://static.zara.net/assets/public/5fbd/1b11/22ff4c0a91f1/0d980fc53f75/00085316800-000-p/00085316800-000-p.jpg?ts=1777977423164,"₩49,900",,,260622,블랙,,,,
,false,,ZARA,원피스,원피스,여성,스트라이프 언밸런스 미디 원피스,https://www.zara.com/kr/ko/%E1%84%89%E1%85%B3%E1%84%90%E1%85%B3%E1%84%85%E1%85%A1%E1%84%8B%E1%85%B5%E1%84%91%E1%85%B3-%E1%84%8B%E1%85%A5%E1%86%AB%E1%84%87%E1%85%A2%E1%86%AF%E1%84%85%E1%85%A5%E1%86%AB%E1%84%89%E1%85%B3-%E1%84%86%E1%85%B5%E1%84%83%E1%85%B5-%E1%84%8B%E1%85%AF%E1%86%AB%E1%84%91%E1%85%B5%E1%84%89%E1%85%B3-p04174327.html,https://static.zara.net/assets/public/16fe/1957/1e8a4508b149/008697a244c7/04174327104-p/04174327104-p.jpg?ts=1777285645661,"₩45,900",,,260622,스트라이프,,,,
,false,,ZARA,원피스,원피스,여성,플라워 패턴 홀터넥 원피스,https://www.zara.com/kr/ko/%E1%84%91%E1%85%B3%E1%86%AF%E1%84%85%E1%85%A1%E1%84%8B%E1%85%AF-%E1%84%91%E1%85%B3%E1%84%85%E1%85%B5%E1%86%AB%E1%84%90%E1%85%B3-%E1%84%92%E1%85%A9%E1%86%AF%E1%84%90%E1%85%A5%E1%84%82%E1%85%A6%E1%86%A8-%E1%84%8B%E1%85%AF%E1%86%AB%E1%84%91%E1%85%B5%E1%84%89%E1%85%B3-p09027033.html,https://static.zara.net/assets/public/5ac2/c9df/b8234edb8439/4c02e4c31313/09027033622-p/09027033622-p.jpg?ts=1776766860016,"₩189,900",,,260622,페일 로즈,,,,
,false,,ZARA,원피스,원피스,여성,매듭 백 캐미솔 롱 원피스,https://www.zara.com/kr/ko/%E1%84%86%E1%85%A2%E1%84%83%E1%85%B3%E1%86%B8-%E1%84%87%E1%85%A2%E1%86%A8-%E1%84%8F%E1%85%A2%E1%84%86%E1%85%B5%E1%84%89%E1%85%A9%E1%86%AF-%E1%84%85%E1%85%A9%E1%86%BC-%E1%84%8B%E1%85%AF%E1%86%AB%E1%84%91%E1%85%B5%E1%84%89%E1%85%B3-p09024088.html,https://static.zara.net/assets/public/ac73/982a/ec8b4a93a1fb/04625838e4ed/09024088800-p/09024088800-p.jpg?ts=1776766849057,"₩149,900",,,260622,블랙,,,,
,false,,ZARA,원피스,원피스,여성,지오젯 레이스 프릴 원피스,https://www.zara.com/kr/ko/%E1%84%8C%E1%85%B5%E1%84%8B%E1%85%A9%E1%84%8C%E1%85%A6%E1%86%BA-%E1%84%85%E1%85%A6%E1%84%8B%E1%85%B5%E1%84%89%E1%85%B3-%E1%84%91%E1%85%B3%E1%84%85%E1%85%B5%E1%86%AF-%E1%84%8B%E1%85%AF%E1%86%AB%E1%84%91%E1%85%B5%E1%84%89%E1%85%B3-p05919130.html,https://static.zara.net/assets/public/f335/8c7c/b9dd485bbdd2/850394009622/05919130522-p/05919130522-p.jpg?ts=1776766843100,"₩149,900",,,260622,레몬,,,,
,false,,ZARA,원피스,원피스,여성,폴리아미드 혼방 스트랩 원피스,https://www.zara.com/kr/ko/%E1%84%91%E1%85%A9%E1%86%AF%E1%84%85%E1%85%B5%E1%84%8B%E1%85%A1%E1%84%86%E1%85%B5%E1%84%83%E1%85%B3-%E1%84%92%E1%85%A9%E1%86%AB%E1%84%87%E1%85%A1%E1%86%BC-%E1%84%89%E1%85%B3%E1%84%90%E1%85%B3%E1%84%85%E1%85%A2%E1%86%B8-%E1%84%8B%E1%85%AF%E1%86%AB%E1%84%91%E1%85%B5%E1%84%89%E1%85%B3-p03641378.html,https://static.zara.net/assets/public/3f13/3279/a7b749e5ade3/c8c775b7ea4d/03641378800-000-p/03641378800-000-p.jpg?ts=1774020375739,"₩35,900",,,260622,블랙,,,,
,false,,ZARA,원피스,원피스,여성,폴리아미드 혼방 스트랩 원피스,https://www.zara.com/kr/ko/%E1%84%91%E1%85%A9%E1%86%AF%E1%84%85%E1%85%B5%E1%84%8B%E1%85%A1%E1%84%86%E1%85%B5%E1%84%83%E1%85%B3-%E1%84%92%E1%85%A9%E1%86%AB%E1%84%87%E1%85%A1%E1%86%BC-%E1%84%89%E1%85%B3%E1%84%90%E1%85%B3%E1%84%85%E1%85%A2%E1%86%B8-%E1%84%8B%E1%85%AF%E1%86%AB%E1%84%91%E1%85%B5%E1%84%89%E1%85%B3-p03641378.html,https://static.zara.net/assets/public/288e/5024/fc8046c9a7db/64b6cfd83dd2/03641378671-000-p/03641378671-000-p.jpg?ts=1774020373633,"₩35,900",,,260622,레드베리,,,,
,false,,ZARA,원피스,원피스,여성,폴리아미드 혼방 스트랩 원피스,https://www.zara.com/kr/ko/%E1%84%91%E1%85%A9%E1%86%AF%E1%84%85%E1%85%B5%E1%84%8B%E1%85%A1%E1%84%86%E1%85%B5%E1%84%83%E1%85%B3-%E1%84%92%E1%85%A9%E1%86%AB%E1%84%87%E1%85%A1%E1%86%BC-%E1%84%89%E1%85%B3%E1%84%90%E1%85%B3%E1%84%85%E1%85%A2%E1%86%B8-%E1%84%8B%E1%85%AF%E1%86%AB%E1%84%91%E1%85%B5%E1%84%89%E1%85%B3-p03641378.html,https://static.zara.net/assets/public/1749/7c41/e2da47239c6d/e2fba1c9a2ad/03641378914-000-p/03641378914-000-p.jpg?ts=1774020371850,"₩35,900",,,260622,그린,,,,
,false,,ZARA,원피스,원피스,여성,트렌치코트 미디 원피스,https://www.zara.com/kr/ko/%E1%84%80%E1%85%A2%E1%84%87%E1%85%A5%E1%84%83%E1%85%B5%E1%86%AB-%E1%84%86%E1%85%B5%E1%84%83%E1%85%B5-%E1%84%8B%E1%85%AF%E1%86%AB%E1%84%91%E1%85%B5%E1%84%89%E1%85%B3-p03067310.html,https://static.zara.net/assets/public/55c4/97e9/2f374d13b9d5/588a51d804d4/03067310726-p/03067310726-p.jpg?ts=1769098881080,"₩79,900",,,260622,쿠키롤,,,,
,false,,ZARA,원피스,원피스,여성,프릴 미디 원피스,https://www.zara.com/kr/ko/%E1%84%91%E1%85%B3%E1%84%85%E1%85%B5%E1%86%AF-%E1%84%86%E1%85%B5%E1%84%83%E1%85%B5-%E1%84%8B%E1%85%AF%E1%86%AB%E1%84%91%E1%85%B5%E1%84%89%E1%85%B3-p04772314.html,https://static.zara.net/assets/public/c1d1/1f89/f0954743a97e/5c0eeb60d8db/04772314733-a5/04772314733-a5.jpg?ts=1768996345712,"₩109,900",,,260622,크림,,,,
,false,,ZARA,원피스,원피스,여성,ZW 컬렉션 벨트 미디 원피스,https://www.zara.com/kr/ko/zw-%E1%84%8F%E1%85%A5%E1%86%AF%E1%84%85%E1%85%A6%E1%86%A8%E1%84%89%E1%85%A7%E1%86%AB-%E1%84%87%E1%85%A6%E1%86%AF%E1%84%90%E1%85%B3-%E1%84%86%E1%85%B5%E1%84%83%E1%85%B5-%E1%84%8B%E1%85%AF%E1%86%AB%E1%84%91%E1%85%B5%E1%84%89%E1%85%B3-p02121304.html,https://static.zara.net/assets/public/3e87/3452/953c4ef28c92/9e3e50e18654/02121304250-p/02121304250-p.jpg?ts=1777540665051,"₩109,900",,,260622,화이트,,,,
,false,,ZARA,원피스,원피스,여성,ZW 컬렉션 플리츠 포플린 원피스,https://www.zara.com/kr/ko/zw-%E1%84%8F%E1%85%A5%E1%86%AF%E1%84%85%E1%85%A6%E1%86%A8%E1%84%89%E1%85%A7%E1%86%AB-%E1%84%91%E1%85%B3%E1%86%AF%E1%84%85%E1%85%B5%E1%84%8E%E1%85%B3-%E1%84%91%E1%85%A9%E1%84%91%E1%85%B3%E1%86%AF%E1%84%85%E1%85%B5%E1%86%AB-%E1%84%8B%E1%85%AF%E1%86%AB%E1%84%91%E1%85%B5%E1%84%89%E1%85%B3-p02124588.html,https://static.zara.net/assets/public/28fe/fb39/cacd4cc693f6/12c918daf775/02124588700-p/02124588700-p.jpg?ts=1777540666601,"₩109,900",,,260622,브라운,,,,
,false,,ZARA,원피스,원피스,여성,ZW 컬렉션 컷아웃 레이스 원피스,https://www.zara.com/kr/ko/zw-%E1%84%8F%E1%85%A5%E1%86%AF%E1%84%85%E1%85%A6%E1%86%A8%E1%84%89%E1%85%A7%E1%86%AB-%E1%84%8F%E1%85%A5%E1%86%BA%E1%84%8B%E1%85%A1%E1%84%8B%E1%85%AE%E1%86%BA-%E1%84%85%E1%85%A6%E1%84%8B%E1%85%B5%E1%84%89%E1%85%B3-%E1%84%8B%E1%85%AF%E1%86%AB%E1%84%91%E1%85%B5%E1%84%89%E1%85%B3-p05919043.html,https://static.zara.net/assets/public/f9e0/08ea/3ba7414784c7/2ed00e1b859a/05919043512-p/05919043512-p.jpg?ts=1777378133961,"₩109,900",,,260622,워터 그린,,,,
,false,,ZARA,원피스,원피스,여성,ZW 컬렉션 루즈핏 미디 원피스,https://www.zara.com/kr/ko/zw-%E1%84%8F%E1%85%A5%E1%86%AF%E1%84%85%E1%85%A6%E1%86%A8%E1%84%89%E1%85%A7%E1%86%AB-%E1%84%85%E1%85%AE%E1%84%8C%E1%85%B3-%E1%84%86%E1%85%B5%E1%84%83%E1%85%B5-%E1%84%8B%E1%85%AF%E1%86%AB%E1%84%91%E1%85%B5%E1%84%89%E1%85%B3-p04437043.html,https://static.zara.net/assets/public/4cf2/9a07/4d4c4923bf19/584cca72162b/04437043300-p/04437043300-p.jpg?ts=1777378127805,"₩89,900",,,260622,노랑,,,,
,false,,ZARA,원피스,오버롤,여성,ZW 컬렉션 벨트 셔츠 점프수트,https://www.zara.com/kr/ko/zw-%E1%84%8F%E1%85%A5%E1%86%AF%E1%84%85%E1%85%A6%E1%86%A8%E1%84%89%E1%85%A7%E1%86%AB-%E1%84%87%E1%85%A6%E1%86%AF%E1%84%90%E1%85%B3-%E1%84%89%E1%85%A7%E1%84%8E%E1%85%B3-%E1%84%8C%E1%85%A5%E1%86%B7%E1%84%91%E1%85%B3%E1%84%89%E1%85%AE%E1%84%90%E1%85%B3-p09479067.html,https://static.zara.net/assets/public/daab/b9f8/ac534457bf0f/a21172babe83/09479067551-p/09479067551-p.jpg?ts=1776328684513,"₩109,900",,,260622,라이트 민트,,,,
,false,,ZARA,원피스,오버롤,여성,헤비 코튼 벨트 점프수트,https://www.zara.com/kr/ko/%E1%84%92%E1%85%A6%E1%84%87%E1%85%B5-%E1%84%8F%E1%85%A9%E1%84%90%E1%85%B3%E1%86%AB-%E1%84%87%E1%85%A6%E1%86%AF%E1%84%90%E1%85%B3-%E1%84%8C%E1%85%A5%E1%86%B7%E1%84%91%E1%85%B3%E1%84%89%E1%85%AE%E1%84%90%E1%85%B3-p02335182.html,https://static.zara.net/assets/public/ed5a/5dc0/2b4b492398ee/e87e6a667938/02335182670-p/02335182670-p.jpg?ts=1776328632529,"₩55,900",,,260622,보일러,,,,
,false,,ZARA,원피스,원피스,여성,ZW 컬렉션 플리츠 홀터넥 원피스,https://www.zara.com/kr/ko/zw-%E1%84%8F%E1%85%A5%E1%86%AF%E1%84%85%E1%85%A6%E1%86%A8%E1%84%89%E1%85%A7%E1%86%AB-%E1%84%92%E1%85%A9%E1%86%AF%E1%84%90%E1%85%A5-%E1%84%91%E1%85%B3%E1%86%AF%E1%84%85%E1%85%B5%E1%84%8E%E1%85%B3-%E1%84%8B%E1%85%AF%E1%86%AB%E1%84%91%E1%85%B5%E1%84%89%E1%85%B3-p04786044.html,https://static.zara.net/assets/public/54b0/a6b4/052e42b6bcee/a746c6168b2b/04786044727-p/04786044727-p.jpg?ts=1774611565009,"₩109,900",,,260622,바닐라,,,,
,false,,ZARA,원피스,원피스,여성,ZW 컬렉션 자카드 미디 원피스,https://www.zara.com/kr/ko/zw-%E1%84%8F%E1%85%A5%E1%86%AF%E1%84%85%E1%85%A6%E1%86%A8%E1%84%89%E1%85%A7%E1%86%AB-%E1%84%8C%E1%85%A1%E1%84%8F%E1%85%A1%E1%84%83%E1%85%B3-%E1%84%86%E1%85%B5%E1%84%83%E1%85%B5-%E1%84%8B%E1%85%AF%E1%86%AB%E1%84%91%E1%85%B5%E1%84%89%E1%85%B3-p07521057.html,https://static.zara.net/assets/public/e08f/e397/18434397a781/fb4b3ed30e55/07521057717-p/07521057717-p.jpg?ts=1774611575908,"₩109,900",,,260622,초콜렛,,,,
,false,,ZARA,원피스,원피스,여성,ZW 컬렉션 LIMITED EDITION 비즈 자수 원피스,https://www.zara.com/kr/ko/zw-%E1%84%8F%E1%85%A5%E1%86%AF%E1%84%85%E1%85%A6%E1%86%A8%E1%84%89%E1%85%A7%E1%86%AB-limited-edition-%E1%84%87%E1%85%B5%E1%84%8C%E1%85%B3-%E1%84%8C%E1%85%A1%E1%84%89%E1%85%AE-%E1%84%8B%E1%85%AF%E1%86%AB%E1%84%91%E1%85%B5%E1%84%89%E1%85%B3-p06895061.html,https://static.zara.net/assets/public/ddf7/a756/a09847faaeee/27535a282397/06895061645-p/06895061645-p.jpg?ts=1774944143249,"₩189,900",,,260622,미디움 로즈,,,,
,false,,ZARA,원피스,원피스,여성,ZW 컬렉션 셔츠 원피스,https://www.zara.com/kr/ko/zw-%E1%84%8F%E1%85%A5%E1%86%AF%E1%84%85%E1%85%A6%E1%86%A8%E1%84%89%E1%85%A7%E1%86%AB-%E1%84%89%E1%85%A7%E1%84%8E%E1%85%B3-%E1%84%8B%E1%85%AF%E1%86%AB%E1%84%91%E1%85%B5%E1%84%89%E1%85%B3-p04786062.html,https://static.zara.net/assets/public/a0df/5897/bf5c419c8c86/214c3f29ac1b/04786062802-p/04786062802-p.jpg?ts=1774944137970,"₩109,900",,,260622,그레이,,,,
,false,,ZARA,상의,니트,여성,태슬 펀칭 니트 원피스,https://www.zara.com/kr/ko/%E1%84%90%E1%85%A2%E1%84%89%E1%85%B3%E1%86%AF-%E1%84%91%E1%85%A5%E1%86%AB%E1%84%8E%E1%85%B5%E1%86%BC-%E1%84%82%E1%85%B5%E1%84%90%E1%85%B3-%E1%84%8B%E1%85%AF%E1%86%AB%E1%84%91%E1%85%B5%E1%84%89%E1%85%B3-p03969001.html,https://static.zara.net/assets/public/bf7d/a561/d8b24c2fa752/f5d001f52114/03969001712-p/03969001712-p.jpg?ts=1776094418900,"₩109,900",,,260622,크림,,,,
,false,,ZARA,원피스,원피스,여성,컷아웃 볼 니트 원피스,https://www.zara.com/kr/ko/%E1%84%8F%E1%85%A5%E1%86%BA%E1%84%8B%E1%85%A1%E1%84%8B%E1%85%AE%E1%86%BA-%E1%84%87%E1%85%A9%E1%86%AF-%E1%84%82%E1%85%B5%E1%84%90%E1%85%B3-%E1%84%8B%E1%85%AF%E1%86%AB%E1%84%91%E1%85%B5%E1%84%89%E1%85%B3-p09874011.html,https://static.zara.net/assets/public/fd80/fc82/dd5241aebeb9/c9c2ec694e09/09874011712-p/09874011712-p.jpg?ts=1776094458612,"₩79,900",,,260622,크림,,,,
,false,,ZARA,원피스,원피스,여성,ZW 컬렉션 LIMITED EDITION 비즈 자수 원피스,https://www.zara.com/kr/ko/zw-%E1%84%8F%E1%85%A5%E1%86%AF%E1%84%85%E1%85%A6%E1%86%A8%E1%84%89%E1%85%A7%E1%86%AB-limited-edition-%E1%84%87%E1%85%B5%E1%84%8C%E1%85%B3-%E1%84%8C%E1%85%A1%E1%84%89%E1%85%AE-%E1%84%8B%E1%85%AF%E1%86%AB%E1%84%91%E1%85%B5%E1%84%89%E1%85%B3-p06895061.html,https://static.zara.net/assets/public/2bf2/82f8/570a4f12a34b/3e8a02744eb7/06895061645-p/06895061645-p.jpg?ts=1774949609916,"₩189,900",,,260622,미디움 로즈,,,,
,false,,ZARA,원피스,원피스,여성,ZW 컬렉션 셔츠 원피스,https://www.zara.com/kr/ko/zw-%E1%84%8F%E1%85%A5%E1%86%AF%E1%84%85%E1%85%A6%E1%86%A8%E1%84%89%E1%85%A7%E1%86%AB-%E1%84%89%E1%85%A7%E1%84%8E%E1%85%B3-%E1%84%8B%E1%85%AF%E1%86%AB%E1%84%91%E1%85%B5%E1%84%89%E1%85%B3-p04786062.html,https://static.zara.net/assets/public/1b57/aade/64a946129283/bfd462b46f2d/04786062802-p/04786062802-p.jpg?ts=1774949609744,"₩109,900",,,260622,그레이,,,,
,false,,ZARA,원피스,원피스,여성,레이스 새틴 캐미솔 원피스,https://www.zara.com/kr/ko/%E1%84%85%E1%85%A6%E1%84%8B%E1%85%B5%E1%84%89%E1%85%B3-%E1%84%89%E1%85%A2%E1%84%90%E1%85%B5%E1%86%AB-%E1%84%8F%E1%85%A2%E1%84%86%E1%85%B5%E1%84%89%E1%85%A9%E1%86%AF-%E1%84%8B%E1%85%AF%E1%86%AB%E1%84%91%E1%85%B5%E1%84%89%E1%85%B3-p05344142.html,https://static.zara.net/assets/public/feb9/c46d/f80f47f193c1/e59abfd0dfec/05344142250-p/05344142250-p.jpg?ts=1781249651735,"₩99,900",,,260622,화이트,,,,
,false,,ZARA,원피스,원피스,여성,레이스 새틴 미디 원피스,https://www.zara.com/kr/ko/%E1%84%85%E1%85%A6%E1%84%8B%E1%85%B5%E1%84%89%E1%85%B3-%E1%84%89%E1%85%A2%E1%84%90%E1%85%B5%E1%86%AB-%E1%84%86%E1%85%B5%E1%84%83%E1%85%B5-%E1%84%8B%E1%85%AF%E1%86%AB%E1%84%91%E1%85%B5%E1%84%89%E1%85%B3-p05344701.html,https://static.zara.net/assets/public/c70c/424f/10ba45f18800/d418314f667f/05344701902-p/05344701902-p.jpg?ts=1781249450153,"₩119,900",,,260622,핑크,,,,
,false,,ZARA,원피스,원피스,여성,레이스 미니 원피스,https://www.zara.com/kr/ko/%E1%84%85%E1%85%A6%E1%84%8B%E1%85%B5%E1%84%89%E1%85%B3-%E1%84%86%E1%85%B5%E1%84%82%E1%85%B5-%E1%84%8B%E1%85%AF%E1%86%AB%E1%84%91%E1%85%B5%E1%84%89%E1%85%B3-p01223718.html,https://static.zara.net/assets/public/5ccd/c102/d13a46b5ba73/6ae495af733c/01223718400-a4/01223718400-a4.jpg?ts=1781697956739,"₩89,900",,,260622,블루,,,,
,false,,ZARA,원피스,원피스,여성,레이스 스트랩 원피스,https://www.zara.com/kr/ko/%E1%84%85%E1%85%A6%E1%84%8B%E1%85%B5%E1%84%89%E1%85%B3-%E1%84%89%E1%85%B3%E1%84%90%E1%85%B3%E1%84%85%E1%85%A2%E1%86%B8-%E1%84%8B%E1%85%AF%E1%86%AB%E1%84%91%E1%85%B5%E1%84%89%E1%85%B3-p08779705.html,https://static.zara.net/assets/public/2b80/019a/36874bcc9933/a9efe21a755e/08779705800-p/08779705800-p.jpg?ts=1781693757387,"₩99,900",,,260622,블랙,,,,
,false,,ZARA,원피스,원피스,여성,홀터넥 도트 원피스,https://www.zara.com/kr/ko/%E1%84%92%E1%85%A9%E1%86%AF%E1%84%90%E1%85%A5%E1%84%82%E1%85%A6%E1%86%A8-%E1%84%83%E1%85%A9%E1%84%90%E1%85%B3-%E1%84%8B%E1%85%AF%E1%86%AB%E1%84%91%E1%85%B5%E1%84%89%E1%85%B3-p00264475.html,https://static.zara.net/assets/public/c16b/ed3b/50e946bbaa4d/1d43b5620a47/00264475064-p/00264475064-p.jpg?ts=1778758334863,"₩79,900",,,260622,"화이트,블랙",,,,
,false,,ZARA,원피스,원피스,여성,도트 미디 원피스,https://www.zara.com/kr/ko/%E1%84%83%E1%85%A9%E1%84%90%E1%85%B3-%E1%84%86%E1%85%B5%E1%84%83%E1%85%B5-%E1%84%8B%E1%85%AF%E1%86%AB%E1%84%91%E1%85%B5%E1%84%89%E1%85%B3-p05039196.html,https://static.zara.net/assets/public/35e4/cb3d/7d6a4fab8d2e/37e7112dc223/05039196064-p/05039196064-p.jpg?ts=1778758346075,"₩89,900",,,260622,"화이트,블랙",,,,
,false,,ZARA,원피스,원피스,여성,ZW 컬렉션 미디 원피스,https://www.zara.com/kr/ko/zw-%E1%84%8F%E1%85%A5%E1%86%AF%E1%84%85%E1%85%A6%E1%86%A8%E1%84%89%E1%85%A7%E1%86%AB-%E1%84%86%E1%85%B5%E1%84%83%E1%85%B5-%E1%84%8B%E1%85%AF%E1%86%AB%E1%84%91%E1%85%B5%E1%84%89%E1%85%B3-p02123021.html,https://static.zara.net/assets/public/afbd/e110/216a4b588b2b/70a2ab237064/02123021612-p/02123021612-p.jpg?ts=1778769620806,"₩109,900",,,260622,연보라색,,,,
,false,,ZARA,원피스,원피스,여성,ZW 컬렉션 벨트 플리츠 원피스,https://www.zara.com/kr/ko/zw-%E1%84%8F%E1%85%A5%E1%86%AF%E1%84%85%E1%85%A6%E1%86%A8%E1%84%89%E1%85%A7%E1%86%AB-%E1%84%87%E1%85%A6%E1%86%AF%E1%84%90%E1%85%B3-%E1%84%91%E1%85%B3%E1%86%AF%E1%84%85%E1%85%B5%E1%84%8E%E1%85%B3-%E1%84%8B%E1%85%AF%E1%86%AB%E1%84%91%E1%85%B5%E1%84%89%E1%85%B3-p04786054.html,https://static.zara.net/assets/public/a350/7e34/06214cc3b16c/9d97e1e0fdd6/04786054979-p/04786054979-p.jpg?ts=1778767731699,"₩89,900",,,260622,카바,,,,
,false,,ZARA,원피스,원피스,여성,텍스처 언밸런스 원피스,https://www.zara.com/kr/ko/%E1%84%90%E1%85%A6%E1%86%A8%E1%84%89%E1%85%B3%E1%84%8E%E1%85%A5-%E1%84%8B%E1%85%A5%E1%86%AB%E1%84%87%E1%85%A2%E1%86%AF%E1%84%85%E1%85%A5%E1%86%AB%E1%84%89%E1%85%B3-%E1%84%8B%E1%85%AF%E1%86%AB%E1%84%91%E1%85%B5%E1%84%89%E1%85%B3-p04813312.html,https://static.zara.net/assets/public/47cb/350f/91884e1298d9/651be60d8598/04813312712-p/04813312712-p.jpg?ts=1774017536949,"₩89,900",,,260622,크림,,,,
,false,,ZARA,원피스,원피스,여성,벌룬 미니 원피스,https://www.zara.com/kr/ko/%E1%84%87%E1%85%A5%E1%86%AF%E1%84%85%E1%85%AE%E1%86%AB-%E1%84%86%E1%85%B5%E1%84%82%E1%85%B5-%E1%84%8B%E1%85%AF%E1%86%AB%E1%84%91%E1%85%B5%E1%84%89%E1%85%B3-p04813311.html,https://static.zara.net/assets/public/7628/e244/38584283a917/95ab1f28ed38/04813311727-p/04813311727-p.jpg?ts=1774017530833,"₩79,900",,,260622,바닐라,,,,
,false,,ZARA,원피스,원피스,여성,거즈 프릴 점프수트 원피스,https://www.zara.com/kr/ko/%E1%84%91%E1%85%B3%E1%84%85%E1%85%B5%E1%86%AF-%E1%84%80%E1%85%A5%E1%84%8C%E1%85%B3-%E1%84%8B%E1%85%AF%E1%86%AB%E1%84%91%E1%85%B5%E1%84%89%E1%85%B3-p05107300.html,https://static.zara.net/assets/public/e069/2efd/5972472bbcd4/d371524027da/05107300712-p/05107300712-p.jpg?ts=1772550776530,"₩89,900",,,260622,크림,,,,
,false,,ZARA,원피스,원피스,여성,개버딘 미디 원피스,https://www.zara.com/kr/ko/%E1%84%80%E1%85%A1%E1%84%87%E1%85%A1%E1%84%83%E1%85%B5%E1%86%AB-%E1%84%86%E1%85%B5%E1%84%83%E1%85%B5-%E1%84%8B%E1%85%AF%E1%86%AB%E1%84%91%E1%85%B5%E1%84%89%E1%85%B3-p04772381.html,https://static.zara.net/assets/public/6abe/f293/842343289b7f/cc6dd8caaccb/04772381510-p/04772381510-p.jpg?ts=1772550772846,"₩59,900",,,260622,라임 그린,,,,
,false,,ZARA,원피스,원피스,여성,폴리아미드 혼방 미니 원피스,https://www.zara.com/kr/ko/%E1%84%91%E1%85%A9%E1%86%AF%E1%84%85%E1%85%B5%E1%84%8B%E1%85%A1%E1%84%86%E1%85%B5%E1%84%83%E1%85%B3-%E1%84%92%E1%85%A9%E1%86%AB%E1%84%87%E1%85%A1%E1%86%BC-%E1%84%86%E1%85%B5%E1%84%82%E1%85%B5-%E1%84%8B%E1%85%AF%E1%86%AB%E1%84%91%E1%85%B5%E1%84%89%E1%85%B3-p01355015.html,https://static.zara.net/assets/public/b30a/a4a1/0ca641d08dcd/7ad463b6d3b2/01355015800-p/01355015800-p.jpg?ts=1768472893088,"₩59,900",,,260622,블랙,,,,
,false,,ZARA,원피스,원피스,여성,테일러드 미디 원피스,https://www.zara.com/kr/ko/%E1%84%90%E1%85%A6%E1%84%8B%E1%85%B5%E1%86%AF%E1%84%85%E1%85%A5%E1%84%83%E1%85%B3-%E1%84%86%E1%85%B5%E1%84%83%E1%85%B5-%E1%84%8B%E1%85%AF%E1%86%AB%E1%84%91%E1%85%B5%E1%84%89%E1%85%B3-p01355011.html,https://static.zara.net/assets/public/c91f/3bf0/64d6474fac61/9aaf446a832f/01355011800-p/01355011800-p.jpg?ts=1768472884072,"₩89,900",,,260622,블랙,,,,
,false,,ZARA,원피스,원피스,여성,오프숄더 니트 원피스,https://www.zara.com/kr/ko/%E1%84%83%E1%85%B3%E1%84%85%E1%85%A9%E1%86%B8-%E1%84%89%E1%85%AD%E1%86%AF%E1%84%83%E1%85%A5-%E1%84%82%E1%85%B5%E1%84%90%E1%85%B3-%E1%84%8B%E1%85%AF%E1%86%AB%E1%84%91%E1%85%B5%E1%84%89%E1%85%B3-p09598014.html,https://static.zara.net/assets/public/6284/26f8/6bf245deb85d/eb7cf406956e/09598014600-p/09598014600-p.jpg?ts=1769098195632,"₩79,900",,,260622,레드,,,,
,false,,ZARA,원피스,원피스,여성,언밸런스 미디 원피스,https://www.zara.com/kr/ko/%E1%84%8B%E1%85%A5%E1%86%AB%E1%84%87%E1%85%A2%E1%86%AF%E1%84%85%E1%85%A5%E1%86%AB%E1%84%89%E1%85%B3-%E1%84%86%E1%85%B5%E1%84%83%E1%85%B5-%E1%84%8B%E1%85%AF%E1%86%AB%E1%84%91%E1%85%B5%E1%84%89%E1%85%B3-p02321763.html,https://static.zara.net/assets/public/abd3/e5d8/a9c546a68e34/4b2f3952852d/02321763800-p/02321763800-p.jpg?ts=1769080740128,"₩89,900",,,260622,블랙,,,,
,false,,ZARA,원피스,원피스,여성,패턴 믹스 뒷면 미디 원피스,https://www.zara.com/kr/ko/%E1%84%91%E1%85%A2%E1%84%90%E1%85%A5%E1%86%AB-%E1%84%8F%E1%85%A9%E1%86%B7%E1%84%87%E1%85%B5-%E1%84%83%E1%85%B1%E1%86%BA%E1%84%86%E1%85%A7%E1%86%AB-%E1%84%86%E1%85%B5%E1%84%83%E1%85%B5-%E1%84%8B%E1%85%AF%E1%86%AB%E1%84%91%E1%85%B5%E1%84%89%E1%85%B3-p02356300.html,https://static.zara.net/assets/public/f087/9552/bd304d209e06/83bff0739b38/02356300330-p/02356300330-p.jpg?ts=1776870913119,"₩89,900",,,260622,멀티컬러,,,,
,false,,ZARA,원피스,원피스,여성,자수 미디 원피스,https://www.zara.com/kr/ko/%E1%84%8C%E1%85%A1%E1%84%89%E1%85%AE-%E1%84%86%E1%85%B5%E1%84%83%E1%85%B5-%E1%84%8B%E1%85%AF%E1%86%AB%E1%84%91%E1%85%B5%E1%84%89%E1%85%B3-p08741085.html,https://static.zara.net/assets/public/0c28/c4f7/8cb04412ba55/7009ff71b60a/08741085800-p/08741085800-p.jpg?ts=1776870942823,"₩89,900",,,260622,블랙,,,,
,false,,ZARA,원피스,원피스,여성,미디 캐미솔 원피스,https://www.zara.com/kr/ko/%E1%84%86%E1%85%B5%E1%84%83%E1%85%B5-%E1%84%8F%E1%85%A2%E1%84%86%E1%85%B5%E1%84%89%E1%85%A9%E1%86%AF-%E1%84%8B%E1%85%AF%E1%86%AB%E1%84%91%E1%85%B5%E1%84%89%E1%85%B3-p02312721.html,https://static.zara.net/assets/public/3eed/cfd5/87bb48b4967e/76f0a62bb313/02312721700-a2/02312721700-a2.jpg?ts=1778701912893,"₩89,900",,,260622,브라운,,,,
,false,,ZARA,원피스,원피스,여성,시퀸 콤비 미디 원피스,https://www.zara.com/kr/ko/%E1%84%89%E1%85%B5%E1%84%8F%E1%85%B1%E1%86%AB-%E1%84%8F%E1%85%A9%E1%86%B7%E1%84%87%E1%85%B5-%E1%84%86%E1%85%B5%E1%84%83%E1%85%B5-%E1%84%8B%E1%85%AF%E1%86%AB%E1%84%91%E1%85%B5%E1%84%89%E1%85%B3-p02946816.html,https://static.zara.net/assets/public/04e6/613d/a6c64978b82d/00167a8db02f/02946816330-a3/02946816330-a3.jpg?ts=1778700642096,"₩89,900",,,260622,멀티컬러,,,,
,false,,ZARA,원피스,원피스,여성,골드 디테일 새틴 원피스,https://www.zara.com/kr/ko/%E1%84%89%E1%85%A2%E1%84%90%E1%85%B5%E1%86%AB-%E1%84%83%E1%85%B1%E1%86%BA%E1%84%86%E1%85%A7%E1%86%AB-%E1%84%80%E1%85%A9%E1%86%AF%E1%84%83%E1%85%B3-%E1%84%83%E1%85%B5%E1%84%90%E1%85%A6%E1%84%8B%E1%85%B5%E1%86%AF-%E1%84%8B%E1%85%AF%E1%86%AB%E1%84%91%E1%85%B5%E1%84%89%E1%85%B3-p03293060.html,https://static.zara.net/assets/public/386c/cf2e/db294c929a6e/19119fab7f61/03293060800-p/03293060800-p.jpg?ts=1780049567916,"₩79,900",,,260622,블랙,,,,
,false,,ZARA,원피스,원피스,여성,펀칭 자수 패턴 미디 원피스,https://www.zara.com/kr/ko/%E1%84%91%E1%85%A5%E1%86%AB%E1%84%8E%E1%85%B5%E1%86%BC-%E1%84%8C%E1%85%A1%E1%84%89%E1%85%AE-%E1%84%91%E1%85%A2%E1%84%90%E1%85%A5%E1%86%AB-%E1%84%86%E1%85%B5%E1%84%83%E1%85%B5-%E1%84%8B%E1%85%AF%E1%86%AB%E1%84%91%E1%85%B5%E1%84%89%E1%85%B3-p02842939.html,https://static.zara.net/assets/public/47f8/54d3/2d7749f2849b/79c2d2383890/02842939066-a2/02842939066-a2.jpg?ts=1780042892738,"₩89,900",,,260622,"크림,네이비",,,,
,false,,ZARA,원피스,원피스,여성,홀터넥 캐미솔 원피스,https://www.zara.com/kr/ko/%E1%84%92%E1%85%A9%E1%86%AF%E1%84%90%E1%85%A5%E1%84%82%E1%85%A6%E1%86%A8-%E1%84%8F%E1%85%A2%E1%84%86%E1%85%B5%E1%84%89%E1%85%A9%E1%86%AF-%E1%84%8B%E1%85%AF%E1%86%AB%E1%84%91%E1%85%B5%E1%84%89%E1%85%B3-p02345521.html,https://static.zara.net/assets/public/56bb/25bb/7c124c4fbcdf/0054f07fd355/02345521700-p/02345521700-p.jpg?ts=1772017058193,"₩89,900",,,260622,브라운,,,,
,false,,ZARA,원피스,원피스,여성,벨트 미니 원피스,https://www.zara.com/kr/ko/%E1%84%87%E1%85%A6%E1%86%AF%E1%84%90%E1%85%B3-%E1%84%86%E1%85%B5%E1%84%82%E1%85%B5-%E1%84%8B%E1%85%AF%E1%86%AB%E1%84%91%E1%85%B5%E1%84%89%E1%85%B3-p02302563.html,https://static.zara.net/assets/public/6a34/20a2/f654433ca476/7bad9c61e837/02302563711-ult2/02302563711-ult2.jpg?ts=1772017053829,"₩89,900",,,260622,샌드,,,,
,false,,ZARA,원피스,원피스,여성,콤비 미디 원피스,https://www.zara.com/kr/ko/%E1%84%8F%E1%85%A9%E1%86%B7%E1%84%87%E1%85%B5-%E1%84%86%E1%85%B5%E1%84%83%E1%85%B5-%E1%84%8B%E1%85%AF%E1%86%AB%E1%84%91%E1%85%B5%E1%84%89%E1%85%B3-p08372112.html,https://static.zara.net/assets/public/690d/76a2/078e497fae35/55f65a2e7e3c/08372112712-p/08372112712-p.jpg?ts=1773761359345,"₩79,900",,,260622,크림,,,,
,false,,ZARA,원피스,원피스,여성,언밸런스 미디 원피스,https://www.zara.com/kr/ko/%E1%84%8B%E1%85%A5%E1%86%AB%E1%84%87%E1%85%A2%E1%86%AF%E1%84%85%E1%85%A5%E1%86%AB%E1%84%89%E1%85%B3-%E1%84%86%E1%85%B5%E1%84%83%E1%85%B5-%E1%84%8B%E1%85%AF%E1%86%AB%E1%84%91%E1%85%B5%E1%84%89%E1%85%B3-p02359322.html,https://static.zara.net/assets/public/09ab/edfb/1bb546e1a8f4/c8f2c007a3c7/02359322800-p/02359322800-p.jpg?ts=1773761328953,"₩89,900",,,260622,블랙,,,,
,false,,ZARA,원피스,원피스,여성,린넨 벨티드 미디 원피스,https://www.zara.com/kr/ko/%E1%84%85%E1%85%B5%E1%86%AB%E1%84%82%E1%85%A6%E1%86%AB-%E1%84%87%E1%85%A6%E1%86%AF%E1%84%90%E1%85%B3-%E1%84%86%E1%85%B5%E1%84%83%E1%85%B5-%E1%84%8B%E1%85%AF%E1%86%AB%E1%84%91%E1%85%B5%E1%84%89%E1%85%B3-p00387078.html,https://static.zara.net/assets/public/7fb1/1726/65e54521a69c/4e9d00140b2e/00387078507-a6/00387078507-a6.jpg?ts=1780054512685,"₩79,900",,,260622,다크 카키,,,,
,false,,ZARA,원피스,오버롤,여성,스트라이프 벨트 점프수트,https://www.zara.com/kr/ko/%E1%84%89%E1%85%B3%E1%84%90%E1%85%B3%E1%84%85%E1%85%A1%E1%84%8B%E1%85%B5%E1%84%91%E1%85%B3-%E1%84%87%E1%85%A6%E1%86%AF%E1%84%90%E1%85%B3-%E1%84%8C%E1%85%A5%E1%86%B7%E1%84%91%E1%85%B3%E1%84%89%E1%85%AE%E1%84%90%E1%85%B3-p03074119.html,https://static.zara.net/assets/public/ec96/bf6f/ae7044c6b9b4/507bf8228b9e/03074119080-a6/03074119080-a6.jpg?ts=1780054534855,"₩119,900",,,260622,"크림,블루",,,,
,false,,ZARA,원피스,원피스,여성,벌룬 슬리브 미니 원피스,https://www.zara.com/kr/ko/%E1%84%87%E1%85%A5%E1%86%AF%E1%84%85%E1%85%AE%E1%86%AB-%E1%84%89%E1%85%B3%E1%86%AF%E1%84%85%E1%85%B5%E1%84%87%E1%85%B3-%E1%84%86%E1%85%B5%E1%84%82%E1%85%B5-%E1%84%8B%E1%85%AF%E1%86%AB%E1%84%91%E1%85%B5%E1%84%89%E1%85%B3-p02724837.html,https://static.zara.net/assets/public/a1e8/e925/d40d48018fcd/16b2dd5f6e3a/02724837400-p/02724837400-p.jpg?ts=1775490592170,"₩59,900",,,260622,블루,,,,
,false,,ZARA,원피스,원피스,여성,사이드 셔링 롱 니트 원피스,https://www.zara.com/kr/ko/%E1%84%89%E1%85%A1%E1%84%8B%E1%85%B5%E1%84%83%E1%85%B3-%E1%84%89%E1%85%A7%E1%84%85%E1%85%B5%E1%86%BC-%E1%84%85%E1%85%A9%E1%86%BC-%E1%84%82%E1%85%B5%E1%84%90%E1%85%B3-%E1%84%8B%E1%85%AF%E1%86%AB%E1%84%91%E1%85%B5%E1%84%89%E1%85%B3-p06771021.html,https://static.zara.net/assets/public/5164/c369/c37448feb264/fb5110d8a306/06771021401-p/06771021401-p.jpg?ts=1775552295710,"₩79,900",,,260622,네이비,,,,
,false,,ZARA,원피스,원피스,여성,콤비 스트럭처 원피스,https://www.zara.com/kr/ko/%E1%84%8F%E1%85%A9%E1%86%B7%E1%84%87%E1%85%B5-%E1%84%89%E1%85%B3%E1%84%90%E1%85%B3%E1%84%85%E1%85%A5%E1%86%A8%E1%84%8E%E1%85%A5-%E1%84%8B%E1%85%AF%E1%86%AB%E1%84%91%E1%85%B5%E1%84%89%E1%85%B3-p05039271.html,https://static.zara.net/assets/public/f8cd/98a8/aa394af89d23/63ca01624ed9/05039271044-e1/05039271044-e1.jpg?ts=1773744747518,"₩79,900",,,260622,"블루 ,화이트",,,,
,false,,ZARA,원피스,원피스,여성,콤비 스트럭처 원피스,https://www.zara.com/kr/ko/%E1%84%89%E1%85%B3%E1%84%90%E1%85%B3%E1%84%85%E1%85%A5%E1%86%A8%E1%84%8E%E1%85%A5-%E1%84%8F%E1%85%A9%E1%86%B7%E1%84%87%E1%85%B5-%E1%84%8B%E1%85%AF%E1%86%AB%E1%84%91%E1%85%B5%E1%84%89%E1%85%B3-p05039270.html,https://static.zara.net/assets/public/bdaf/c587/e6414d778ee4/d57c0037333b/05039270086-e1/05039270086-e1.jpg?ts=1773747800122,"₩79,900",,,260622,"크림,브라운",,,,
,false,,ZARA,원피스,원피스,여성,스터드 시폰 미디 원피스,https://www.zara.com/kr/ko/%E1%84%89%E1%85%B3%E1%84%90%E1%85%A5%E1%84%83%E1%85%B3-%E1%84%89%E1%85%B5%E1%84%91%E1%85%A9%E1%86%AB-%E1%84%86%E1%85%B5%E1%84%83%E1%85%B5-%E1%84%8B%E1%85%AF%E1%86%AB%E1%84%91%E1%85%B5%E1%84%89%E1%85%B3-p00881326.html,https://static.zara.net/assets/public/a660/1792/0df243e09063/782e4727748c/07521304636-p/07521304636-p.jpg?ts=1780920163559,"₩79,900",,,260622,네온 오렌지,,,,
,false,,ZARA,원피스,원피스,여성,자수 콤비 오프숄더 원피스,https://www.zara.com/kr/ko/%E1%84%8C%E1%85%A1%E1%84%89%E1%85%AE-%E1%84%8F%E1%85%A9%E1%86%B7%E1%84%87%E1%85%B5-%E1%84%8B%E1%85%A9%E1%84%91%E1%85%B3%E1%84%89%E1%85%AD%E1%86%AF%E1%84%83%E1%85%A5-%E1%84%8B%E1%85%AF%E1%86%AB%E1%84%91%E1%85%B5%E1%84%89%E1%85%B3-p07521302.html,https://static.zara.net/assets/public/bdf0/ad1b/32844be49a05/67ec940e1fea/07521302251-a1/07521302251-a1.jpg?ts=1780643506954,"₩79,900",,,260622,스크래치 화이트,,,,
,false,,ZARA,원피스,원피스,여성,ZW 컬렉션 루즈 셔츠 원피스,https://www.zara.com/kr/ko/zw-%E1%84%8F%E1%85%A5%E1%86%AF%E1%84%85%E1%85%A6%E1%86%A8%E1%84%89%E1%85%A7%E1%86%AB-%E1%84%85%E1%85%AE%E1%84%8C%E1%85%B3-%E1%84%89%E1%85%A7%E1%84%8E%E1%85%B3-%E1%84%8B%E1%85%AF%E1%86%AB%E1%84%91%E1%85%B5%E1%84%89%E1%85%B3-p02490333.html,https://static.zara.net/assets/public/6a94/a8b0/2e9a43069a0d/4264d7f77a0e/02490333710-p/02490333710-p.jpg?ts=1776788190535,"₩169,900",,,260622,베이지,,,,
,false,,ZARA,원피스,원피스,여성,ZW 컬렉션 숏 원피스,https://www.zara.com/kr/ko/zw-%E1%84%8F%E1%85%A5%E1%86%AF%E1%84%85%E1%85%A6%E1%86%A8%E1%84%89%E1%85%A7%E1%86%AB-%E1%84%89%E1%85%AD%E1%86%BA-%E1%84%8B%E1%85%AF%E1%86%AB%E1%84%91%E1%85%B5%E1%84%89%E1%85%B3-p02112258.html,https://static.zara.net/assets/public/faa1/00f3/68654f3da256/0f8aba5fd110/02112199800-a5/02112199800-a5.jpg?ts=1776788189670,"₩59,900",,,260622,블랙,,,,
,false,,ZARA,원피스,원피스,여성,벌룬 나일론 원피스,https://www.zara.com/kr/ko/%E1%84%82%E1%85%A1%E1%84%8B%E1%85%B5%E1%86%AF%E1%84%85%E1%85%A9%E1%86%AB-%E1%84%87%E1%85%A5%E1%86%AF%E1%84%85%E1%85%AE%E1%86%AB-%E1%84%8B%E1%85%AF%E1%86%AB%E1%84%91%E1%85%B5%E1%84%89%E1%85%B3-p04764358.html,https://static.zara.net/assets/public/0cc0/7ee9/1db44005805f/ffff80d7c133/04764358250-p/04764358250-p.jpg?ts=1772726576287,"₩59,900",,,260622,화이트,,,,
,false,,ZARA,원피스,원피스,여성,나일론 벌룬 벨트 원피스,https://www.zara.com/kr/ko/%E1%84%87%E1%85%A6%E1%86%AF%E1%84%90%E1%85%B3-%E1%84%82%E1%85%A1%E1%84%8B%E1%85%B5%E1%86%AF%E1%84%85%E1%85%A9%E1%86%AB-%E1%84%87%E1%85%A5%E1%86%AF%E1%84%85%E1%85%AE%E1%86%AB-%E1%84%8B%E1%85%AF%E1%86%AB%E1%84%91%E1%85%B5%E1%84%89%E1%85%B3-p04764858.html,https://static.zara.net/assets/public/0b4f/b48d/cfb544949fbc/85295b6a3774/04764858800-p/04764858800-p.jpg?ts=1772726581489,"₩59,900",,,260622,블랙,,,,
,false,,ZARA,원피스,원피스,여성,도트 언밸런스 원피스,https://www.zara.com/kr/ko/%E1%84%8B%E1%85%A5%E1%86%AB%E1%84%87%E1%85%A2%E1%86%AF%E1%84%85%E1%85%A5%E1%86%AB%E1%84%89%E1%85%B3-%E1%84%83%E1%85%A9%E1%84%90%E1%85%B3-%E1%84%8B%E1%85%AF%E1%86%AB%E1%84%91%E1%85%B5%E1%84%89%E1%85%B3-p04772315.html,https://static.zara.net/assets/public/b89d/5614/827646608de9/c36d76608a4a/04772315070-p/04772315070-p.jpg?ts=1772726580791,"₩109,900",,,260622,"크림,블랙",,,,
,false,,ZARA,원피스,원피스,여성,프릴 콤비 원피스,https://www.zara.com/kr/ko/%E1%84%91%E1%85%B3%E1%84%85%E1%85%B5%E1%86%AF-%E1%84%8F%E1%85%A9%E1%86%B7%E1%84%87%E1%85%B5-%E1%84%8B%E1%85%AF%E1%86%AB%E1%84%91%E1%85%B5%E1%84%89%E1%85%B3-p03152398.html,https://static.zara.net/assets/public/420a/fe43/f0514aa3b1e5/842c2c59a2b6/03152398644-p/03152398644-p.jpg?ts=1776857458273,"₩59,900",,,260622,라이트 로즈,,,,
,false,,ZARA,원피스,원피스,여성,홀터넥 스트라이프 벨트 원피스,https://www.zara.com/kr/ko/%E1%84%89%E1%85%B3%E1%84%90%E1%85%B3%E1%84%85%E1%85%A1%E1%84%8B%E1%85%B5%E1%84%91%E1%85%B3-%E1%84%87%E1%85%A6%E1%86%AF%E1%84%90%E1%85%B3-%E1%84%92%E1%85%A9%E1%86%AF%E1%84%90%E1%85%A5%E1%84%82%E1%85%A6%E1%86%A8-%E1%84%8B%E1%85%AF%E1%86%AB%E1%84%91%E1%85%B5%E1%84%89%E1%85%B3-p05063353.html,https://static.zara.net/assets/public/251d/93c2/9c3c4b898bb7/79cd3800deb8/05063353178-p/05063353178-p.jpg?ts=1775052056047,"₩49,900",,,260622,Brown Stripes,,,,
,false,,ZARA,원피스,원피스,여성,TRF 언밸런스 홀터넥 데님 원피스,https://www.zara.com/kr/ko/trf-%E1%84%8B%E1%85%A5%E1%86%AB%E1%84%87%E1%85%A2%E1%86%AF%E1%84%85%E1%85%A5%E1%86%AB%E1%84%89%E1%85%B3-%E1%84%92%E1%85%A9%E1%86%AF%E1%84%90%E1%85%A5-%E1%84%83%E1%85%A6%E1%84%82%E1%85%B5%E1%86%B7-%E1%84%8B%E1%85%AF%E1%86%AB%E1%84%91%E1%85%B5%E1%84%89%E1%85%B3-p06929380.html,https://static.zara.net/assets/public/7c0e/80d7/2d4a4b629167/11fe0ae8f3cf/06929380406-a3/06929380406-a3.jpg?ts=1777020885810,"₩59,900",,,260622,라이트 블루,,,,
,false,,ZARA,원피스,원피스,여성,홀터넥 플레어 스커트 원피스,https://www.zara.com/kr/ko/%E1%84%92%E1%85%A9%E1%86%AF%E1%84%90%E1%85%A5%E1%84%82%E1%85%A6%E1%86%A8-%E1%84%91%E1%85%B3%E1%86%AF%E1%84%85%E1%85%A6%E1%84%8B%E1%85%A5-%E1%84%89%E1%85%B3%E1%84%8F%E1%85%A5%E1%84%90%E1%85%B3-%E1%84%8B%E1%85%AF%E1%86%AB%E1%84%91%E1%85%B5%E1%84%89%E1%85%B3-p04772385.html,https://static.zara.net/assets/public/f7cc/8926/262c4bf9b256/316867fdc4eb/04772385250-p/04772385250-p.jpg?ts=1776953011749,"₩59,900",,,260622,화이트,,,,
,false,,ZARA,원피스,원피스,여성,프린지 롱 니트 원피스,https://www.zara.com/kr/ko/%E1%84%91%E1%85%B3%E1%84%85%E1%85%B5%E1%86%AB%E1%84%8C%E1%85%B5-%E1%84%85%E1%85%A9%E1%86%BC-%E1%84%82%E1%85%B5%E1%84%90%E1%85%B3-%E1%84%8B%E1%85%AF%E1%86%AB%E1%84%91%E1%85%B5%E1%84%89%E1%85%B3-p03500007.html,https://static.zara.net/assets/public/f280/8867/5d6549169764/592aa3f22a2c/03500007330-p/03500007330-p.jpg?ts=1776953005262,"₩59,900",,,260622,멀티컬러,,,,
,false,,ZARA,원피스,원피스,여성,애니멀 프린트 란제리 미디 원피스,https://www.zara.com/kr/ko/%E1%84%8B%E1%85%A2%E1%84%82%E1%85%B5%E1%84%86%E1%85%A5%E1%86%AF-%E1%84%91%E1%85%B3%E1%84%85%E1%85%B5%E1%86%AB%E1%84%90%E1%85%B3-%E1%84%85%E1%85%A1%E1%86%AB%E1%84%8C%E1%85%A6%E1%84%85%E1%85%B5-%E1%84%86%E1%85%B5%E1%84%83%E1%85%B5-%E1%84%8B%E1%85%AF%E1%86%AB%E1%84%91%E1%85%B5%E1%84%89%E1%85%B3-p03666117.html,https://static.zara.net/assets/public/2069/2c10/f27e47e8a2c9/67c190a4535c/03666117330-p/03666117330-p.jpg?ts=1780050881404,"₩59,900",,,260622,멀티컬러,,,,
,false,,ZARA,원피스,원피스,여성,드레이프 레이스 미니 원피스,https://www.zara.com/kr/ko/%E1%84%83%E1%85%B3%E1%84%85%E1%85%A6%E1%84%8B%E1%85%B5%E1%84%91%E1%85%B3-%E1%84%85%E1%85%A6%E1%84%8B%E1%85%B5%E1%84%89%E1%85%B3-%E1%84%89%E1%85%AD%E1%86%BA-%E1%84%8B%E1%85%AF%E1%86%AB%E1%84%91%E1%85%B5%E1%84%89%E1%85%B3-p07484061.html,https://static.zara.net/assets/public/e8b9/4ca9/fe2c415cac91/da5da1b333dd/07484061700-p/07484061700-p.jpg?ts=1780050879232,"₩57,900",,,260622,브라운,,,,
,false,,ZARA,원피스,원피스,여성,백리스 홀터넥 원피스,https://www.zara.com/kr/ko/%E1%84%87%E1%85%A2%E1%86%A8%E1%84%85%E1%85%B5%E1%84%89%E1%85%B3-%E1%84%92%E1%85%A9%E1%86%AF%E1%84%90%E1%85%A5%E1%84%82%E1%85%A6%E1%86%A8-%E1%84%8B%E1%85%AF%E1%86%AB%E1%84%91%E1%85%B5%E1%84%89%E1%85%B3-p04772320.html,https://static.zara.net/assets/public/381e/31c3/3f9c40c6960c/0592bc319054/04772320711-p/04772320711-p.jpg?ts=1772011227099,"₩59,900",,,260622,샌드,,,,
,false,,ZARA,원피스,원피스,여성,볼륨 숏 원피스,https://www.zara.com/kr/ko/%E1%84%87%E1%85%A9%E1%86%AF%E1%84%85%E1%85%B2%E1%86%B7-%E1%84%89%E1%85%AD%E1%86%BA-%E1%84%8B%E1%85%AF%E1%86%AB%E1%84%91%E1%85%B5%E1%84%89%E1%85%B3-p02481777.html,https://static.zara.net/assets/public/0128/b522/fc9d465a9768/56f9d31dab2a/02481777800-p/02481777800-p.jpg?ts=1772011230307,"₩59,900",,,260622,블랙,,,,
,false,,ZARA,원피스,원피스,여성,콘트라스트 파이핑 미니 원피스,https://www.zara.com/kr/ko/%E1%84%8F%E1%85%A9%E1%86%AB%E1%84%90%E1%85%B3%E1%84%85%E1%85%A1%E1%84%89%E1%85%B3%E1%84%90%E1%85%B3-%E1%84%91%E1%85%A1%E1%84%8B%E1%85%B5%E1%84%91%E1%85%B5%E1%86%BC-%E1%84%86%E1%85%B5%E1%84%82%E1%85%B5-%E1%84%8B%E1%85%AF%E1%86%AB%E1%84%91%E1%85%B5%E1%84%89%E1%85%B3-p02740111.html,https://static.zara.net/assets/public/49f2/1a63/10b04be6bada/77d256ca0d87/02740111251-p/02740111251-p.jpg?ts=1778847986164,"₩59,900",,,260622,스크래치 화이트,,,,
,false,,ZARA,원피스,원피스,여성,배색 파이핑 미니 원피스,https://www.zara.com/kr/ko/%E1%84%87%E1%85%A2%E1%84%89%E1%85%A2%E1%86%A8-%E1%84%91%E1%85%A1%E1%84%8B%E1%85%B5%E1%84%91%E1%85%B5%E1%86%BC-%E1%84%86%E1%85%B5%E1%84%82%E1%85%B5-%E1%84%8B%E1%85%AF%E1%86%AB%E1%84%91%E1%85%B5%E1%84%89%E1%85%B3-p02740777.html,https://static.zara.net/assets/public/8cef/b3ed/45a14c11aa01/a4710864db6e/02740777800-p/02740777800-p.jpg?ts=1778833078602,"₩59,900",,,260622,블랙,,,,
,false,,ZARA,원피스,원피스,여성,브이넥 니트 미디 원피스,https://www.zara.com/kr/ko/%E1%84%87%E1%85%B3%E1%84%8B%E1%85%B5%E1%84%82%E1%85%A6%E1%86%A8-%E1%84%82%E1%85%B5%E1%84%90%E1%85%B3-%E1%84%86%E1%85%B5%E1%84%83%E1%85%B5-%E1%84%8B%E1%85%AF%E1%86%AB%E1%84%91%E1%85%B5%E1%84%89%E1%85%B3-p02756018.html,https://static.zara.net/assets/public/e13f/e812/19cf4847b0de/566bb20637fe/02756018802-p/02756018802-p.jpg?ts=1768921651582,"₩89,900",,,260622,그레이,,,,
,false,,ZARA,원피스,원피스,여성,헤링본 미디 원피스,https://www.zara.com/kr/ko/%E1%84%92%E1%85%A6%E1%84%85%E1%85%B5%E1%86%BC%E1%84%87%E1%85%A9%E1%86%AB-%E1%84%86%E1%85%B5%E1%84%83%E1%85%B5-%E1%84%8B%E1%85%AF%E1%86%AB%E1%84%91%E1%85%B5%E1%84%89%E1%85%B3-p03644169.html,https://static.zara.net/assets/public/f67b/46fa/b0fc49b08abf/f424f8e8d93b/03644169814-p/03644169814-p.jpg?ts=1768994034021,"₩59,900",,,260622,"그레이,베이지",,,,
,false,,ZARA,원피스,원피스,여성,오프숄더 콤비 원피스,https://www.zara.com/kr/ko/%E1%84%89%E1%85%B3%E1%84%90%E1%85%B3%E1%84%85%E1%85%A2%E1%86%B8%E1%84%85%E1%85%B5%E1%84%89%E1%85%B3-%E1%84%8F%E1%85%A9%E1%86%B7%E1%84%87%E1%85%B5-%E1%84%8B%E1%85%AF%E1%86%AB%E1%84%91%E1%85%B5%E1%84%89%E1%85%B3-p05039394.html,https://static.zara.net/assets/public/0e9c/2ed4/8a4541148ca5/6329d74e7581/05039394712-p/05039394712-p.jpg?ts=1777549872673,"₩55,900",,,260622,크림,,,,
,false,,ZARA,원피스,원피스,여성,스트랩리스 콤비 원피스,https://www.zara.com/kr/ko/%E1%84%89%E1%85%B3%E1%84%90%E1%85%B3%E1%84%85%E1%85%A2%E1%86%B8%E1%84%85%E1%85%B5%E1%84%89%E1%85%B3-%E1%84%8F%E1%85%A9%E1%86%B7%E1%84%87%E1%85%B5-%E1%84%8B%E1%85%AF%E1%86%AB%E1%84%91%E1%85%B5%E1%84%89%E1%85%B3-p05039394.html,https://static.zara.net/assets/public/bf8d/56b7/8674478eb925/e455c14f2c01/05039394800-a5/05039394800-a5.jpg?ts=1777549874735,"₩55,900",,,260622,블랙,,,,
,false,,ZARA,원피스,오버롤,여성,스트라이프 스트럭처 니트 점프수트,https://www.zara.com/kr/ko/%E1%84%89%E1%85%B3%E1%84%90%E1%85%B3%E1%84%85%E1%85%A1%E1%84%8B%E1%85%B5%E1%84%91%E1%85%B3-%E1%84%89%E1%85%B3%E1%84%90%E1%85%B3%E1%84%85%E1%85%A5%E1%86%A8%E1%84%8E%E1%85%A5-%E1%84%82%E1%85%B5%E1%84%90%E1%85%B3-%E1%84%8C%E1%85%A5%E1%86%B7%E1%84%91%E1%85%B3%E1%84%89%E1%85%AE%E1%84%90%E1%85%B3-p06236042.html,https://static.zara.net/assets/public/e45d/001e/faba4e76935b/a3594a0a29b3/06236042330-p/06236042330-p.jpg?ts=1779272149387,"₩55,900",,,260622,멀티컬러,,,,
,false,,ZARA,원피스,원피스,여성,홀터넥 미니 원피스,https://www.zara.com/kr/ko/%E1%84%92%E1%85%A9%E1%86%AF%E1%84%90%E1%85%A5%E1%84%82%E1%85%A6%E1%86%A8-%E1%84%86%E1%85%B5%E1%84%82%E1%85%B5-%E1%84%8B%E1%85%AF%E1%86%AB%E1%84%91%E1%85%B5%E1%84%89%E1%85%B3-p06929188.html,https://static.zara.net/assets/public/6560/99dc/8dc8421ba8af/c43d5ae38a79/06929188407-p/06929188407-p.jpg?ts=1779286625602,"₩55,900",,,260622,블루,,,,
,false,,ZARA,원피스,원피스,여성,스트라이프 언밸런스 탑,https://www.zara.com/kr/ko/%E1%84%89%E1%85%B3%E1%84%90%E1%85%B3%E1%84%85%E1%85%A1%E1%84%8B%E1%85%B5%E1%84%91%E1%85%B3-%E1%84%8B%E1%85%A5%E1%86%AB%E1%84%87%E1%85%A2%E1%86%AF%E1%84%85%E1%85%A5%E1%86%AB%E1%84%89%E1%85%B3-%E1%84%90%E1%85%A1%E1%86%B8-p00387076.html,https://static.zara.net/assets/public/2c07/6dc8/39744b2c8d6b/255991f593cf/00387076630-a2/00387076630-a2.jpg?ts=1779448147031,"₩57,900",,,260622,자주색,,,,
,false,,ZARA,원피스,원피스,여성,골지 니트 미니 원피스,https://www.zara.com/kr/ko/%E1%84%80%E1%85%A9%E1%86%AF%E1%84%8C%E1%85%B5-%E1%84%82%E1%85%B5%E1%84%90%E1%85%B3-%E1%84%86%E1%85%B5%E1%84%82%E1%85%B5-%E1%84%8B%E1%85%AF%E1%86%AB%E1%84%91%E1%85%B5%E1%84%89%E1%85%B3-p03921067.html,https://static.zara.net/assets/public/d4fb/5371/dbec4c9783bc/b089462cfb99/03921067800-p/03921067800-p.jpg?ts=1779447384638,"₩55,900",,,260622,블랙,,,,
,false,,ZARA,원피스,원피스,여성,숄더 패드 셔츠 원피스,https://www.zara.com/kr/ko/%E1%84%89%E1%85%AD%E1%86%AF%E1%84%83%E1%85%A5-%E1%84%91%E1%85%A2%E1%84%83%E1%85%B3-%E1%84%89%E1%85%A7%E1%84%8E%E1%85%B3-%E1%84%8B%E1%85%AF%E1%86%AB%E1%84%91%E1%85%B5%E1%84%89%E1%85%B3-p00387073.html,https://static.zara.net/assets/public/0af5/188b/2dfd4951bf19/8c0ecd840364/00387073403-p/00387073403-p.jpg?ts=1779447372778,"₩79,900",,,260622,하늘색,,,,
,false,,ZARA,원피스,원피스,여성,콤비 홀터넥 원피스,https://www.zara.com/kr/ko/%E1%84%92%E1%85%A9%E1%86%AF%E1%84%90%E1%85%A5%E1%84%82%E1%85%A6%E1%86%A8-%E1%84%8F%E1%85%A9%E1%86%B7%E1%84%87%E1%85%B5-%E1%84%8B%E1%85%AF%E1%86%AB%E1%84%91%E1%85%B5%E1%84%89%E1%85%B3-p03641364.html,https://static.zara.net/assets/public/0b46/dcf2/18684c65a15b/34d14cef48bf/03641364251-p/03641364251-p.jpg?ts=1774863143595,"₩49,900",,,260622,스크래치 화이트,,,,
,false,,ZARA,원피스,원피스,여성,드레이프 롱 원피스,https://www.zara.com/kr/ko/%E1%84%83%E1%85%B3%E1%84%85%E1%85%A6%E1%84%8B%E1%85%B5%E1%84%91%E1%85%B3-%E1%84%85%E1%85%A9%E1%86%BC-%E1%84%8B%E1%85%AF%E1%86%AB%E1%84%91%E1%85%B5%E1%84%89%E1%85%B3-p03641363.html,https://static.zara.net/assets/public/e3b3/2cbc/98ac4dd880a9/705e095d7cb3/03641363251-p/03641363251-p.jpg?ts=1774863145417,"₩59,900",,,260622,스크래치 화이트,,,,
,false,,ZARA,원피스,원피스,여성,하이넥 미니 원피스,https://www.zara.com/kr/ko/%E1%84%92%E1%85%A1%E1%84%8B%E1%85%B5%E1%84%82%E1%85%A6%E1%86%A8-%E1%84%86%E1%85%B5%E1%84%82%E1%85%B5-%E1%84%8B%E1%85%AF%E1%86%AB%E1%84%91%E1%85%B5%E1%84%89%E1%85%B3-p00858028.html,https://static.zara.net/assets/public/da1c/406b/b79a46f4a88d/ffa1a13d181c/00858028800-p/00858028800-p.jpg?ts=1768320813953,"₩45,900",,,260622,블랙,,,,
,false,,ZARA,원피스,원피스,여성,하이넥 미니 원피스,https://www.zara.com/kr/ko/%E1%84%92%E1%85%A1%E1%84%8B%E1%85%B5%E1%84%82%E1%85%A6%E1%86%A8-%E1%84%86%E1%85%B5%E1%84%82%E1%85%B5-%E1%84%8B%E1%85%AF%E1%86%AB%E1%84%91%E1%85%B5%E1%84%89%E1%85%B3-p00858028.html,https://static.zara.net/assets/public/9b8f/fe2b/b6eb41cf846a/a95eb4490759/00858028737-p/00858028737-p.jpg?ts=1768320813916,"₩45,900",,,260622,"브라운,토프",,,,
,false,,ZARA,원피스,원피스,여성,스트레치 튜브톱 원피스,https://www.zara.com/kr/ko/%E1%84%89%E1%85%B3%E1%84%90%E1%85%B3%E1%84%85%E1%85%A6%E1%84%8E%E1%85%B5-%E1%84%90%E1%85%B2%E1%84%87%E1%85%B3%E1%84%90%E1%85%A9%E1%86%B8-%E1%84%8B%E1%85%AF%E1%86%AB%E1%84%91%E1%85%B5%E1%84%89%E1%85%B3-p06050324.html,https://static.zara.net/assets/public/053c/3392/c0b44013a89d/79b33cb0cc05/06050324712-p/06050324712-p.jpg?ts=1774884578072,"₩45,900",,,260622,크림,,,,
,false,,ZARA,원피스,원피스,여성,스트레치 튜브톱 원피스,https://www.zara.com/kr/ko/%E1%84%89%E1%85%B3%E1%84%90%E1%85%B3%E1%84%85%E1%85%A6%E1%84%8E%E1%85%B5-%E1%84%90%E1%85%B2%E1%84%87%E1%85%B3%E1%84%90%E1%85%A9%E1%86%B8-%E1%84%8B%E1%85%AF%E1%86%AB%E1%84%91%E1%85%B5%E1%84%89%E1%85%B3-p06050324.html,https://static.zara.net/assets/public/f2b1/be0e/a9314196b721/a9834132a90c/06050324800-p/06050324800-p.jpg?ts=1774884579110,"₩45,900",,,260622,블랙,,,,
,false,,ZARA,원피스,원피스,여성,새틴 콤비 미니 원피스,https://www.zara.com/kr/ko/%E1%84%89%E1%85%A2%E1%84%90%E1%85%B5%E1%86%AB-%E1%84%8F%E1%85%A9%E1%86%B7%E1%84%87%E1%85%B5-%E1%84%86%E1%85%B5%E1%84%82%E1%85%B5-%E1%84%8B%E1%85%AF%E1%86%AB%E1%84%91%E1%85%B5%E1%84%89%E1%85%B3-p02873332.html,https://static.zara.net/assets/public/5029/0d73/b6b44e7788f2/949c2a06e233/02873332800-p/02873332800-p.jpg?ts=1780399018404,"₩59,900",,,260622,블랙,,,,
,false,,ZARA,원피스,원피스,여성,스카프 콤비 캐미솔 원피스,https://www.zara.com/kr/ko/%E1%84%89%E1%85%B3%E1%84%8F%E1%85%A1%E1%84%91%E1%85%B3-%E1%84%8F%E1%85%A9%E1%86%B7%E1%84%87%E1%85%B5-%E1%84%8F%E1%85%A2%E1%84%86%E1%85%B5%E1%84%89%E1%85%A9%E1%86%AF-%E1%84%8B%E1%85%AF%E1%86%AB%E1%84%91%E1%85%B5%E1%84%89%E1%85%B3-p04772397.html,https://static.zara.net/assets/public/d512/cca4/62f0480c8796/be6681d2aad2/04772397250-p/04772397250-p.jpg?ts=1780399024681,"₩79,900",,,260622,화이트,,,,
,false,,ZARA,원피스,원피스,여성,콤비 미니 원피스,https://www.zara.com/kr/ko/%E1%84%8F%E1%85%A9%E1%86%B7%E1%84%87%E1%85%B5-%E1%84%86%E1%85%B5%E1%84%82%E1%85%B5-%E1%84%8B%E1%85%AF%E1%86%AB%E1%84%91%E1%85%B5%E1%84%89%E1%85%B3-p02180381.html,https://static.zara.net/assets/public/1093/dfd1/387646d0b930/f423b2ad2eee/02180381064-p/02180381064-p.jpg?ts=1780399014946,"₩55,900",,,260622,"화이트,블랙",,,,
,false,,ZARA,원피스,원피스,여성,WILLY CHAVARRIA X ZARA 레이스 캐미솔 원피스,https://www.zara.com/kr/ko/willy-chavarria-x-zara-%E1%84%85%E1%85%A6%E1%84%8B%E1%85%B5%E1%84%89%E1%85%B3-%E1%84%8F%E1%85%A2%E1%84%86%E1%85%B5%E1%84%89%E1%85%A9%E1%86%AF-%E1%84%8B%E1%85%AF%E1%86%AB%E1%84%91%E1%85%B5%E1%84%89%E1%85%B3-p02249137.html,https://static.zara.net/assets/public/2b76/e2b3/313145eb913d/15db206203f7/02249137926-p/02249137926-p.jpg?ts=1774294290551,"₩259,900",,,260622,핑크,,,,
,false,,ZARA,원피스,원피스,여성,WILLY CHAVARRIA X ZARA 슬리브리스 데님 원피스,https://www.zara.com/kr/ko/willy-chavarria-x-zara-%E1%84%89%E1%85%B3%E1%86%AF%E1%84%85%E1%85%B5%E1%84%87%E1%85%B3%E1%84%85%E1%85%B5%E1%84%89%E1%85%B3-%E1%84%83%E1%85%A6%E1%84%82%E1%85%B5%E1%86%B7-%E1%84%8B%E1%85%AF%E1%86%AB%E1%84%91%E1%85%B5%E1%84%89%E1%85%B3-p06840088.html,https://static.zara.net/assets/public/9e82/07ae/56e84463932d/0ac5a4b3b965/06840088800-p/06840088800-p.jpg?ts=1774294300032,"₩149,900",,,260622,블랙,,,,
,false,,ZARA,원피스,원피스,여성,WILLY CHAVARRIA X ZARA 니트 미니 원피스,https://www.zara.com/kr/ko/%E1%84%8B%E1%85%B1%E1%86%AF%E1%84%85%E1%85%B5-%E1%84%8E%E1%85%A1%E1%84%87%E1%85%A1%E1%84%85%E1%85%B5%E1%84%8B%E1%85%A1-x-%E1%84%8C%E1%85%A1%E1%84%85%E1%85%A1-%E1%84%82%E1%85%B5%E1%84%90%E1%85%B3-%E1%84%86%E1%85%B5%E1%84%82%E1%85%B5-%E1%84%8B%E1%85%AF%E1%86%AB%E1%84%91%E1%85%B5%E1%84%89%E1%85%B3-p02142222.html,https://static.zara.net/assets/public/eff0/6e8a/7a724141b968/7bff890624a6/02142222800-p/02142222800-p.jpg?ts=1774294288834,"₩89,900",,,260622,블랙,,,,
,false,,ZARA,원피스,원피스,여성,WILLY CHAVARRIA X ZARA 숄더 패드 셔츠 원피스,https://www.zara.com/kr/ko/willy-chavarria-x-zara-%E1%84%89%E1%85%AD%E1%86%AF%E1%84%83%E1%85%A5-%E1%84%91%E1%85%A2%E1%84%83%E1%85%B3-%E1%84%89%E1%85%A7%E1%84%8E%E1%85%B3-%E1%84%8B%E1%85%AF%E1%86%AB%E1%84%91%E1%85%B5%E1%84%89%E1%85%B3-p02580140.html,https://static.zara.net/assets/public/a11d/6691/dd3647c2b5a9/a7e386cc67c5/02580140800-p/02580140800-p.jpg?ts=1774294296970,"₩149,900",,,260622,블랙,,,,
,false,,ZARA,원피스,원피스,여성,WILLY CHAVARRIA X ZARA 레이스 캐미솔 원피스,https://www.zara.com/kr/ko/willy-chavarria-x-zara-%E1%84%85%E1%85%A6%E1%84%8B%E1%85%B5%E1%84%89%E1%85%B3-%E1%84%8F%E1%85%A2%E1%84%86%E1%85%B5%E1%84%89%E1%85%A9%E1%86%AF-%E1%84%8B%E1%85%AF%E1%86%AB%E1%84%91%E1%85%B5%E1%84%89%E1%85%B3-p02249137.html,https://static.zara.net/assets/public/2b76/e2b3/313145eb913d/15db206203f7/02249137926-p/02249137926-p.jpg?ts=1774294290551,"₩259,900",,,260622,핑크,,,,
,false,,ZARA,원피스,원피스,여성,윌리 차바리아 X 자라 링클 미디 원피스,https://www.zara.com/kr/ko/%E1%84%8B%E1%85%B1%E1%86%AF%E1%84%85%E1%85%B5-%E1%84%8E%E1%85%A1%E1%84%87%E1%85%A1%E1%84%85%E1%85%B5%E1%84%8B%E1%85%A1-x-%E1%84%8C%E1%85%A1%E1%84%85%E1%85%A1-%E1%84%85%E1%85%B5%E1%86%BC%E1%84%8F%E1%85%B3%E1%86%AF-%E1%84%8B%E1%85%B5%E1%84%91%E1%85%A6%E1%86%A8%E1%84%90%E1%85%B3-%E1%84%86%E1%85%B5%E1%84%83%E1%85%B5-%E1%84%8B%E1%85%AF%E1%86%AB%E1%84%91%E1%85%B5%E1%84%89%E1%85%B3-p02599132.html,https://static.zara.net/assets/public/0967/5738/61304655b390/4cf91b86fead/02599132401-e1/02599132401-e1.jpg?ts=1774346488970,"₩149,900",,,260622,네이비,,,,
,false,,ZARA,원피스,원피스,여성,WILLY CHAVARRIA X ZARA 슬리브리스 데님 원피스,https://www.zara.com/kr/ko/willy-chavarria-x-zara-%E1%84%89%E1%85%B3%E1%86%AF%E1%84%85%E1%85%B5%E1%84%87%E1%85%B3%E1%84%85%E1%85%B5%E1%84%89%E1%85%B3-%E1%84%83%E1%85%A6%E1%84%82%E1%85%B5%E1%86%B7-%E1%84%8B%E1%85%AF%E1%86%AB%E1%84%91%E1%85%B5%E1%84%89%E1%85%B3-p06840088.html,https://static.zara.net/assets/public/7c79/791c/1640486ea933/5ee8b045a5fc/06840088800-e1/06840088800-e1.jpg?ts=1774346506921,"₩149,900",,,260622,블랙,,,,
,false,,ZARA,원피스,원피스,여성,WILLY CHAVARRIA X ZARA 니트 미니 원피스,https://www.zara.com/kr/ko/%E1%84%8B%E1%85%B1%E1%86%AF%E1%84%85%E1%85%B5-%E1%84%8E%E1%85%A1%E1%84%87%E1%85%A1%E1%84%85%E1%85%B5%E1%84%8B%E1%85%A1-x-%E1%84%8C%E1%85%A1%E1%84%85%E1%85%A1-%E1%84%82%E1%85%B5%E1%84%90%E1%85%B3-%E1%84%86%E1%85%B5%E1%84%82%E1%85%B5-%E1%84%8B%E1%85%AF%E1%86%AB%E1%84%91%E1%85%B5%E1%84%89%E1%85%B3-p02142222.html,https://static.zara.net/assets/public/b8d7/b7b9/c8044cca8d0f/536fe16312be/02142222800-e1/02142222800-e1.jpg?ts=1774346474015,"₩89,900",,,260622,블랙,,,,
,false,,ZARA,원피스,원피스,여성,숄더 패드 린넨 셔츠 원피스 WILLY CHAVARRIA X ZARA,https://www.zara.com/kr/ko/%E1%84%89%E1%85%AD%E1%86%AF%E1%84%83%E1%85%A5-%E1%84%91%E1%85%A2%E1%84%83%E1%85%B3-%E1%84%85%E1%85%B5%E1%86%AB%E1%84%82%E1%85%A6%E1%86%AB-%E1%84%89%E1%85%A7%E1%84%8E%E1%85%B3-%E1%84%8B%E1%85%AF%E1%86%AB%E1%84%91%E1%85%B5%E1%84%89%E1%85%B3-willy-chavarria-x-zara-p02580132.html,https://static.zara.net/assets/public/7380/bfc2/c0684d5ab641/cea438d2afc8/02580132712-e1/02580132712-e1.jpg?ts=1774346486286,"₩149,900",,,260622,크림,,,,
,false,,ZARA,원피스,원피스,여성,WILLY CHAVARRIA X ZARA 숄더 패드 셔츠 원피스,https://www.zara.com/kr/ko/willy-chavarria-x-zara-%E1%84%89%E1%85%AD%E1%86%AF%E1%84%83%E1%85%A5-%E1%84%91%E1%85%A2%E1%84%83%E1%85%B3-%E1%84%89%E1%85%A7%E1%84%8E%E1%85%B3-%E1%84%8B%E1%85%AF%E1%86%AB%E1%84%91%E1%85%B5%E1%84%89%E1%85%B3-p02580140.html,https://static.zara.net/assets/public/43d5/9cd0/7b7e477a88dc/8465cdfe1e4d/02580140800-e1/02580140800-e1.jpg?ts=1774346487371,"₩149,900",,,260622,블랙,,,,
,false,,ZARA,원피스,원피스,여성,WILLY CHAVARRIA X ZARA 폴로넥 원피스,https://www.zara.com/kr/ko/willy-chavarria-x-zara-%E1%84%91%E1%85%A9%E1%86%AF%E1%84%85%E1%85%A9%E1%84%82%E1%85%A6%E1%86%A8-%E1%84%8B%E1%85%AF%E1%86%AB%E1%84%91%E1%85%B5%E1%84%89%E1%85%B3-p00085400.html,https://static.zara.net/assets/public/4c3b/b0ae/801746c7bb21/8c504b627d74/00085400600-e1/00085400600-e1.jpg?ts=1774346465731,"₩109,900",,,260622,레드,,,,
,false,,ZARA,원피스,원피스,여성,미디 콤비 원피스,https://www.zara.com/kr/ko/%E1%84%8F%E1%85%A9%E1%86%B7%E1%84%87%E1%85%B5-%E1%84%86%E1%85%B5%E1%84%83%E1%85%B5-%E1%84%8B%E1%85%AF%E1%86%AB%E1%84%91%E1%85%B5%E1%84%89%E1%85%B3-p01223017.html,https://static.zara.net/assets/public/6d2e/86b3/233a43aeb2d7/7be8f2c8b812/01223017425-p/01223017425-p.jpg?ts=1776679620203,"₩59,900",,,260622,라이트 터키블루,,,,
,false,,ZARA,원피스,원피스,여성,ZW 컬렉션 케이프 셔츠 원피스,https://www.zara.com/kr/ko/zw-%E1%84%8F%E1%85%A5%E1%86%AF%E1%84%85%E1%85%A6%E1%86%A8%E1%84%89%E1%85%A7%E1%86%AB-%E1%84%8F%E1%85%A6%E1%84%8B%E1%85%B5%E1%84%91%E1%85%B3-%E1%84%89%E1%85%A7%E1%84%8E%E1%85%B3-%E1%84%8B%E1%85%AF%E1%86%AB%E1%84%91%E1%85%B5%E1%84%89%E1%85%B3-p04786082.html,https://static.zara.net/assets/public/5498/9d11/0cd64b6fa65c/a794df7ee7c5/04786082743-p/04786082743-p.jpg?ts=1776679619263,"₩109,900",,,260622,라이트 카멜,,,,
,false,,ZARA,원피스,원피스,여성,코튼 롱 원피스,https://www.zara.com/kr/ko/%E1%84%8F%E1%85%A9%E1%84%90%E1%85%B3%E1%86%AB-%E1%84%85%E1%85%A9%E1%86%BC-%E1%84%8B%E1%85%AF%E1%86%AB%E1%84%91%E1%85%B5%E1%84%89%E1%85%B3-p00858042.html,https://static.zara.net/assets/public/0b69/cfd2/77754b67b4d7/baade5ded016/00858042712-p/00858042712-p.jpg?ts=1776679620815,"₩49,900",,,260622,크림,,,,
,false,,ZARA,원피스,원피스,여성,ZW 컬렉션 100% 린넨 크로셰 원피스,https://www.zara.com/kr/ko/zw-%E1%84%8F%E1%85%A5%E1%86%AF%E1%84%85%E1%85%A6%E1%86%A8%E1%84%89%E1%85%A7%E1%86%AB-100-%E1%84%85%E1%85%B5%E1%86%AB%E1%84%82%E1%85%A6%E1%86%AB-%E1%84%8F%E1%85%B3%E1%84%85%E1%85%A9%E1%84%89%E1%85%A8-%E1%84%8B%E1%85%AF%E1%86%AB%E1%84%91%E1%85%B5%E1%84%89%E1%85%B3-p02678060.html,https://static.zara.net/assets/public/adc9/0277/c8814192a088/0d7264209283/02678060052-p/02678060052-p.jpg?ts=1776679611117,"₩149,900",,,260622,라이트 베이지,,,,
,false,,ZARA,원피스,원피스,여성,벨트 미디 원피스,https://www.zara.com/kr/ko/%E1%84%87%E1%85%A6%E1%86%AF%E1%84%90%E1%85%B3-%E1%84%86%E1%85%B5%E1%84%83%E1%85%B5-%E1%84%8B%E1%85%AF%E1%86%AB%E1%84%91%E1%85%B5%E1%84%89%E1%85%B3-p05536004.html,https://static.zara.net/assets/public/6b88/1d82/fb234dc599aa/382ae42aa311/05536004800-p/05536004800-p.jpg?ts=1765364498056,"₩89,900",,,260622,블랙,,,,
,false,,ZARA,원피스,원피스,여성,퍼 이펙트 니트 콤비 원피스,https://www.zara.com/kr/ko/%E1%84%91%E1%85%A5-%E1%84%8B%E1%85%B5%E1%84%91%E1%85%A6%E1%86%A8%E1%84%90%E1%85%B3-%E1%84%82%E1%85%B5%E1%84%90%E1%85%B3-%E1%84%8F%E1%85%A9%E1%86%B7%E1%84%87%E1%85%B5-%E1%84%8B%E1%85%AF%E1%86%AB%E1%84%91%E1%85%B5%E1%84%89%E1%85%B3-p05755126.html,https://static.zara.net/assets/public/bf5b/6694/d9d84f7ab527/e2f1483e6c10/05755126700-p/05755126700-p.jpg?ts=1759413737125,"₩59,900",,,260622,브라운,,,,
,false,,ZARA,원피스,원피스,여성,레이스 스트랩 미니 원피스,https://www.zara.com/kr/ko/%E1%84%85%E1%85%A6%E1%84%8B%E1%85%B5%E1%84%89%E1%85%B3-%E1%84%89%E1%85%B3%E1%84%90%E1%85%B3%E1%84%85%E1%85%A2%E1%86%B8-%E1%84%86%E1%85%B5%E1%84%82%E1%85%B5-%E1%84%8B%E1%85%AF%E1%86%AB%E1%84%91%E1%85%B5%E1%84%89%E1%85%B3-p05063365.html,https://static.zara.net/assets/public/8234/b807/48514d84b8d2/f89abc01060a/05063365800-p/05063365800-p.jpg?ts=1775741084930,"₩49,900",,,260622,블랙,,,,
,false,,ZARA,원피스,원피스,여성,레이스 스트랩 미니 원피스,https://www.zara.com/kr/ko/%E1%84%85%E1%85%A6%E1%84%8B%E1%85%B5%E1%84%89%E1%85%B3-%E1%84%89%E1%85%B3%E1%84%90%E1%85%B3%E1%84%85%E1%85%A2%E1%86%B8-%E1%84%86%E1%85%B5%E1%84%82%E1%85%B5-%E1%84%8B%E1%85%AF%E1%86%AB%E1%84%91%E1%85%B5%E1%84%89%E1%85%B3-p05063365.html,https://static.zara.net/assets/public/cd16/1cf9/a7a346ada6b3/431e2ce8de5f/05063365717-p/05063365717-p.jpg?ts=1775741085421,"₩49,900",,,260622,초콜렛,,,,
,false,,ZARA,원피스,원피스,여성,레이스 미니 스트랩 원피스,https://www.zara.com/kr/ko/%E1%84%85%E1%85%A6%E1%84%8B%E1%85%B5%E1%84%89%E1%85%B3-%E1%84%89%E1%85%B3%E1%84%90%E1%85%B3%E1%84%85%E1%85%A2%E1%86%B8-%E1%84%86%E1%85%B5%E1%84%82%E1%85%B5-%E1%84%8B%E1%85%AF%E1%86%AB%E1%84%91%E1%85%B5%E1%84%89%E1%85%B3-p05063365.html,https://static.zara.net/assets/public/6058/6180/c2de4303991a/8d0e6e918ddf/05063365306-p/05063365306-p.jpg?ts=1775741085016,"₩49,900",,,260622,라이트 옐로우,,,,
,false,,ZARA,원피스,원피스,여성,100% 비스코스 롱 원피스,https://www.zara.com/kr/ko/%E1%84%87%E1%85%B5%E1%84%89%E1%85%B3%E1%84%8F%E1%85%A9%E1%84%89%E1%85%B3-100-%E1%84%85%E1%85%A9%E1%86%BC-%E1%84%8B%E1%85%AF%E1%86%AB%E1%84%91%E1%85%B5%E1%84%89%E1%85%B3-p01758147.html,https://static.zara.net/assets/public/9ded/98be/57434f73b0d0/bd6d4df5d219/01758147300-p/01758147300-p.jpg?ts=1777033905527,"₩189,900",,,260622,노랑,,,,
,false,,ZARA,원피스,원피스,여성,니트 시퀸 미디 원피스,https://www.zara.com/kr/ko/%E1%84%89%E1%85%B5%E1%84%8F%E1%85%B1%E1%86%AB-%E1%84%82%E1%85%B5%E1%84%90%E1%85%B3-%E1%84%86%E1%85%B5%E1%84%83%E1%85%B5-%E1%84%8B%E1%85%AF%E1%86%AB%E1%84%91%E1%85%B5%E1%84%89%E1%85%B3-p01758136.html,https://static.zara.net/assets/public/9f72/2cf9/ea304d979166/f58c8f90a0fa/01758136303-p/01758136303-p.jpg?ts=1777033901793,"₩149,900",,,260622,골드,,,,
,false,,ZARA,원피스,원피스,여성,홀터넥 포플린 원피스,https://www.zara.com/kr/ko/%E1%84%92%E1%85%A9%E1%86%AF%E1%84%90%E1%85%A5%E1%84%82%E1%85%A6%E1%86%A8-%E1%84%91%E1%85%A9%E1%84%91%E1%85%B3%E1%86%AF%E1%84%85%E1%85%B5%E1%86%AB-%E1%84%8B%E1%85%AF%E1%86%AB%E1%84%91%E1%85%B5%E1%84%89%E1%85%B3-p02497035.html,https://static.zara.net/assets/public/17c7/cd02/9a8040858d1a/4560cafc116f/02497035250-p/02497035250-p.jpg?ts=1774371050499,"₩79,900",,,260622,화이트,,,,
,false,,ZARA,원피스,원피스,여성,리본 미니 원피스,https://www.zara.com/kr/ko/%E1%84%85%E1%85%B5%E1%84%87%E1%85%A9%E1%86%AB-%E1%84%86%E1%85%B5%E1%84%82%E1%85%B5-%E1%84%8B%E1%85%AF%E1%86%AB%E1%84%91%E1%85%B5%E1%84%89%E1%85%B3-p02213777.html,https://static.zara.net/assets/public/0ca7/76b6/4d564469a05a/375c4bea86ea/02213777620-000-p/02213777620-000-p.jpg?ts=1773859069764,"₩59,900",,,260622,로즈핑크,,,,
,false,,ZARA,원피스,원피스,여성,비즈 메탈릭 얀 원피스,https://www.zara.com/kr/ko/%E1%84%86%E1%85%A6%E1%84%90%E1%85%A1%E1%86%AF%E1%84%85%E1%85%B5%E1%86%A8-%E1%84%8B%E1%85%A3%E1%86%AB-%E1%84%87%E1%85%B5%E1%84%8C%E1%85%B3-%E1%84%8C%E1%85%A1%E1%86%BC%E1%84%89%E1%85%B5%E1%86%A8-%E1%84%8B%E1%85%AF%E1%86%AB%E1%84%91%E1%85%B5%E1%84%89%E1%85%B3-p07521125.html,https://static.zara.net/assets/public/4979/1bf5/5aa24735a263/7a00d824a6cf/07521125302-p/07521125302-p.jpg?ts=1778063317977,"₩389,900",,,260622,골드,,,,
,false,,ZARA,원피스,원피스,여성,자수 패턴 오간자 원피스,https://www.zara.com/kr/ko/%E1%84%8B%E1%85%A9%E1%84%80%E1%85%A1%E1%86%AB%E1%84%8C%E1%85%A1-%E1%84%8C%E1%85%A1%E1%84%89%E1%85%AE-%E1%84%91%E1%85%A2%E1%84%90%E1%85%A5%E1%86%AB-%E1%84%8B%E1%85%AF%E1%86%AB%E1%84%91%E1%85%B5%E1%84%89%E1%85%B3-p01377111.html,https://static.zara.net/assets/public/4b2c/b34b/d9dd428b8828/18f1a51c7cbf/01377111712-p/01377111712-p.jpg?ts=1778063298570,"₩129,900",,,260622,크림,,,,
,false,,ZARA,원피스,원피스,여성,크로셰 미니 원피스,https://www.zara.com/kr/ko/%E1%84%8F%E1%85%B3%E1%84%85%E1%85%A9%E1%84%89%E1%85%A8-%E1%84%86%E1%85%B5%E1%84%82%E1%85%B5-%E1%84%8B%E1%85%AF%E1%86%AB%E1%84%91%E1%85%B5%E1%84%89%E1%85%B3-p05070144.html,https://static.zara.net/assets/public/4f88/49e0/fdfd487b9dd0/e059308d2389/05070144250-a3/05070144250-a3.jpg?ts=1776843564689,"₩89,900",,,260622,화이트,,,,
,false,,ZARA,원피스,원피스,여성,볼륨 페플럼 원피스,https://www.zara.com/kr/ko/%E1%84%87%E1%85%A9%E1%86%AF%E1%84%85%E1%85%B2%E1%86%B7-%E1%84%91%E1%85%A6%E1%84%91%E1%85%B3%E1%86%AF%E1%84%85%E1%85%A5%E1%86%B7-%E1%84%8B%E1%85%AF%E1%86%AB%E1%84%91%E1%85%B5%E1%84%89%E1%85%B3-p05039241.html,https://static.zara.net/assets/public/d7d7/b054/635f40fdae99/f3b1454fed94/05039241716-p/05039241716-p.jpg?ts=1776852578093,"₩89,900",,,260622,다크 브라운,,,,
,false,,ZARA,원피스,원피스,여성,ZW 컬렉션 프린트 원피스,https://www.zara.com/kr/ko/zw-%E1%84%8F%E1%85%A5%E1%86%AF%E1%84%85%E1%85%A6%E1%86%A8%E1%84%89%E1%85%A7%E1%86%AB-%E1%84%91%E1%85%B3%E1%84%85%E1%85%B5%E1%86%AB%E1%84%90%E1%85%B3-%E1%84%8B%E1%85%AF%E1%86%AB%E1%84%91%E1%85%B5%E1%84%89%E1%85%B3-p06895091.html,https://static.zara.net/assets/public/8ab5/4729/d63e419f89e2/bd0831b51b5b/06895091067-p/06895091067-p.jpg?ts=1779452277905,"₩109,900",,,260622,"크림,레드",,,,
,false,,ZARA,원피스,오버롤,여성,ZW 컬렉션 새틴 점프수트,https://www.zara.com/kr/ko/zw-%E1%84%8F%E1%85%A5%E1%86%AF%E1%84%85%E1%85%A6%E1%86%A8%E1%84%89%E1%85%A7%E1%86%AB-%E1%84%89%E1%85%A2%E1%84%90%E1%85%B5%E1%86%AB-%E1%84%85%E1%85%B5%E1%84%87%E1%85%A9%E1%86%AB-%E1%84%8C%E1%85%A5%E1%86%B7%E1%84%91%E1%85%B3%E1%84%89%E1%85%AE%E1%84%90%E1%85%B3-p02090098.html,https://static.zara.net/assets/public/1659/642b/74e04368a5f6/6f032f53f264/02090098615-p/02090098615-p.jpg?ts=1779378494619,"₩109,900",,,260622,오렌지,,,,
,false,,ZARA,원피스,원피스,여성,플레어 스커트 미니 원피스,https://www.zara.com/kr/ko/%E1%84%91%E1%85%B3%E1%86%AF%E1%84%85%E1%85%A6%E1%84%8B%E1%85%A5-%E1%84%86%E1%85%B5%E1%84%82%E1%85%B5-%E1%84%8B%E1%85%AF%E1%86%AB%E1%84%91%E1%85%B5%E1%84%89%E1%85%B3-p03641389.html,https://static.zara.net/assets/public/956c/1a4f/d997491dbd4f/cad247f3c719/03641389700-p/03641389700-p.jpg?ts=1774615386312,"₩45,900",,,260622,브라운,,,,
,false,,ZARA,원피스,원피스,여성,스트라이프 홀터넥 원피스,https://www.zara.com/kr/ko/%E1%84%89%E1%85%B3%E1%84%90%E1%85%B3%E1%84%85%E1%85%A1%E1%84%8B%E1%85%B5%E1%84%91%E1%85%B3-%E1%84%92%E1%85%A9%E1%86%AF%E1%84%90%E1%85%A5%E1%84%82%E1%85%A6%E1%86%A8-%E1%84%8B%E1%85%AF%E1%86%AB%E1%84%91%E1%85%B5%E1%84%89%E1%85%B3-p03641385.html,https://static.zara.net/assets/public/7db5/127e/735247b799cf/8eda7bc8b40c/03641385104-p/03641385104-p.jpg?ts=1774615381251,"₩49,900",,,260622,스트라이프,,,,
,false,,ZARA,원피스,원피스,여성,자카드 미니 원피스,https://www.zara.com/kr/ko/%E1%84%8C%E1%85%A1%E1%84%8F%E1%85%A1%E1%84%83%E1%85%B3-%E1%84%86%E1%85%B5%E1%84%82%E1%85%B5-%E1%84%8B%E1%85%AF%E1%86%AB%E1%84%91%E1%85%B5%E1%84%89%E1%85%B3-p02630538.html,https://static.zara.net/assets/public/7b74/444b/7fef446d9431/39d293854d71/02630538250-p/02630538250-p.jpg?ts=1774358667360,"₩79,900",,,260622,화이트,,,,
,false,,ZARA,원피스,오버롤,여성,Z1975 홀터 데님 벨트 점프수트,https://www.zara.com/kr/ko/z1975-%E1%84%92%E1%85%A9%E1%86%AF%E1%84%90%E1%85%A5-%E1%84%83%E1%85%A6%E1%84%82%E1%85%B5%E1%86%B7-%E1%84%87%E1%85%A6%E1%86%AF%E1%84%90%E1%85%B5%E1%84%83%E1%85%B3-%E1%84%8C%E1%85%A5%E1%86%B7%E1%84%91%E1%85%B3%E1%84%89%E1%85%AE%E1%84%90%E1%85%B3-p07147030.html,https://static.zara.net/assets/public/a981/50d6/32a64f27b58f/f2a2e6c9c764/07147030400-p/07147030400-p.jpg?ts=1774255430097,"₩89,900",,,260622,블루,,,,
,false,,ZARA,원피스,오버롤,여성,홀터넥 벨트 롱 점프수트,https://www.zara.com/kr/ko/%E1%84%92%E1%85%A9%E1%86%AF%E1%84%90%E1%85%A5%E1%84%82%E1%85%A6%E1%86%A8-%E1%84%87%E1%85%A6%E1%86%AF%E1%84%90%E1%85%B3-%E1%84%85%E1%85%A9%E1%86%BC-%E1%84%8C%E1%85%A5%E1%86%B7%E1%84%91%E1%85%B3%E1%84%89%E1%85%AE%E1%84%90%E1%85%B3-p08741059.html,https://static.zara.net/assets/public/c185/2ea6/59254e089238/7193a9b78692/08741059422-p/08741059422-p.jpg?ts=1773399193111,"₩89,900",,,260622,다크 블루,,,,
,false,,ZARA,원피스,오버롤,여성,홀터넥 벌룬 롱 점프수트,https://www.zara.com/kr/ko/%E1%84%92%E1%85%A9%E1%86%AF%E1%84%90%E1%85%A5%E1%84%82%E1%85%A6%E1%86%A8-%E1%84%87%E1%85%A5%E1%86%AF%E1%84%85%E1%85%AE%E1%86%AB-%E1%84%85%E1%85%A9%E1%86%BC-%E1%84%8C%E1%85%A5%E1%86%B7%E1%84%91%E1%85%B3%E1%84%89%E1%85%AE%E1%84%90%E1%85%B3-p02157024.html,https://static.zara.net/assets/public/2c1a/4d0e/a0804eee87a6/8c632125c619/02157024800-p/02157024800-p.jpg?ts=1773848007233,"₩79,900",,,260622,블랙,,,,
,false,,ZARA,원피스,원피스,여성,벌룬 콤비 원피스,https://www.zara.com/kr/ko/%E1%84%87%E1%85%A5%E1%86%AF%E1%84%85%E1%85%AE%E1%86%AB-%E1%84%8F%E1%85%A9%E1%86%B7%E1%84%87%E1%85%B5-%E1%84%8B%E1%85%AF%E1%86%AB%E1%84%91%E1%85%B5%E1%84%89%E1%85%B3-p00264311.html,https://static.zara.net/assets/public/c6ae/3d3b/14ef4478a8f7/aaac4fb1762e/00264311814-p/00264311814-p.jpg?ts=1772550752176,"₩55,900",,,260622,"그레이,베이지",,,,
,false,,ZARA,원피스,원피스,여성,새틴 자수 레이스 원피스,https://www.zara.com/kr/ko/%E1%84%89%E1%85%A2%E1%84%90%E1%85%B5%E1%86%AB-%E1%84%85%E1%85%A6%E1%84%8B%E1%85%B5%E1%84%89%E1%85%B3-%E1%84%8C%E1%85%A1%E1%84%89%E1%85%AE-%E1%84%8B%E1%85%AF%E1%86%AB%E1%84%91%E1%85%B5%E1%84%89%E1%85%B3-p05358100.html,https://static.zara.net/assets/public/c32a/db02/e20d4083a7fd/e01a20c89be9/05358100610-p/05358100610-p.jpg?ts=1775731438297,"₩149,900",,,260622,가지,,,,
,false,,ZARA,원피스,원피스,여성,ZW 컬렉션 포플린 리본 원피스,https://www.zara.com/kr/ko/zw-%E1%84%8F%E1%85%A5%E1%86%AF%E1%84%85%E1%85%A6%E1%86%A8%E1%84%89%E1%85%A7%E1%86%AB-%E1%84%91%E1%85%A9%E1%84%91%E1%85%B3%E1%86%AF%E1%84%85%E1%85%B5%E1%86%AB-%E1%84%90%E1%85%A1%E1%84%8B%E1%85%B5-%E1%84%8B%E1%85%AF%E1%86%AB%E1%84%91%E1%85%B5%E1%84%89%E1%85%B3-p04786074.html,https://static.zara.net/assets/public/0565/d985/276146939eab/736e83030803/04786074401-000-p/04786074401-000-p.jpg?ts=1775063539785,"₩129,900",,,260622,네이비,,,,
,false,,ZARA,원피스,원피스,여성,ZW 컬렉션 플리츠 셔츠 원피스,https://www.zara.com/kr/ko/zw-%E1%84%8F%E1%85%A5%E1%86%AF%E1%84%85%E1%85%A6%E1%86%A8%E1%84%89%E1%85%A7%E1%86%AB-%E1%84%91%E1%85%B3%E1%86%AF%E1%84%85%E1%85%B5%E1%84%8E%E1%85%B3-%E1%84%89%E1%85%A7%E1%84%8E%E1%85%B3-%E1%84%8B%E1%85%AF%E1%86%AB%E1%84%91%E1%85%B5%E1%84%89%E1%85%B3-p04786069.html,https://static.zara.net/assets/public/a0ad/e0f3/e2214272a472/f738517efa1e/04786069406-p/04786069406-p.jpg?ts=1774949063575,"₩79,900",,,260622,라이트 블루,,,,
,false,,ZARA,원피스,원피스,여성,스터드 프릴 거즈 원피스,https://www.zara.com/kr/ko/%E1%84%89%E1%85%B3%E1%84%90%E1%85%A5%E1%84%83%E1%85%B3-%E1%84%91%E1%85%B3%E1%84%85%E1%85%B5%E1%86%AF-%E1%84%80%E1%85%A5%E1%84%8C%E1%85%B3-%E1%84%8B%E1%85%AF%E1%86%AB%E1%84%91%E1%85%B5%E1%84%89%E1%85%B3-p00881328.html,https://static.zara.net/assets/public/6f70/1f3c/9f0143d99d3f/80338807a40d/00881328406-p/00881328406-p.jpg?ts=1777021323744,"₩79,900",,,260622,라이트 블루,,,,
,false,,ZARA,원피스,원피스,여성,개버딘 프릴 스터드 원피스,https://www.zara.com/kr/ko/%E1%84%89%E1%85%B3%E1%84%90%E1%85%A5%E1%84%83%E1%85%B3-%E1%84%91%E1%85%B3%E1%84%85%E1%85%B5%E1%86%AF-%E1%84%80%E1%85%A5%E1%84%8C%E1%85%B3-%E1%84%8B%E1%85%AF%E1%86%AB%E1%84%91%E1%85%B5%E1%84%89%E1%85%B3-p00881329.html,https://static.zara.net/assets/public/3fbf/bf20/517844b08683/60373c023e2f/00881329250-p/00881329250-p.jpg?ts=1777021332254,"₩79,900",,,260622,화이트,,,,
,false,,ZARA,원피스,원피스,여성,ZW 컬렉션 레이스 원피스,https://www.zara.com/kr/ko/zw-%E1%84%8F%E1%85%A5%E1%86%AF%E1%84%85%E1%85%A6%E1%86%A8%E1%84%89%E1%85%A7%E1%86%AB-%E1%84%85%E1%85%A6%E1%84%8B%E1%85%B5%E1%84%89%E1%85%B3-%E1%84%8B%E1%85%AF%E1%86%AB%E1%84%91%E1%85%B5%E1%84%89%E1%85%B3-p00392106.html,https://static.zara.net/assets/public/856c/a686/73c74f10818b/a4db15a2cebb/00392106250-p/00392106250-p.jpg?ts=1779119906629,"₩129,900",,,260622,화이트,,,,
,false,,ZARA,원피스,원피스,여성,ZW 컬렉션 시퀸 원피스,https://www.zara.com/kr/ko/zw-%E1%84%8F%E1%85%A5%E1%86%AF%E1%84%85%E1%85%A6%E1%86%A8%E1%84%89%E1%85%A7%E1%86%AB-%E1%84%89%E1%85%B5%E1%84%8F%E1%85%B1%E1%86%AB-%E1%84%8B%E1%85%AF%E1%86%AB%E1%84%91%E1%85%B5%E1%84%89%E1%85%B3-p02150108.html,https://static.zara.net/assets/public/ef42/ce78/033f4edb8ace/7f274e573df4/02150108250-p/02150108250-p.jpg?ts=1779119935377,"₩99,900",,,260622,화이트,,,,
,false,,ZARA,원피스,원피스,여성,펀칭 자수 캔버스 원피스,https://www.zara.com/kr/ko/%E1%84%91%E1%85%A5%E1%86%AB%E1%84%8E%E1%85%B5%E1%86%BC-%E1%84%8C%E1%85%A1%E1%84%89%E1%85%AE-%E1%84%8F%E1%85%A2%E1%86%AB%E1%84%87%E1%85%A5%E1%84%89%E1%85%B3-%E1%84%8B%E1%85%AF%E1%86%AB%E1%84%91%E1%85%B5%E1%84%89%E1%85%B3-p06895108.html,https://static.zara.net/assets/public/79ae/b4cc/db5f46dd9ef1/32aff9d88445/06895108700-h1/06895108700-h1.jpg?ts=1778224385258,"₩169,900",,,260622,브라운,,,,
,false,,ZARA,원피스,원피스,여성,스트레치 레이스 미니 원피스,https://www.zara.com/kr/ko/%E1%84%89%E1%85%B3%E1%84%90%E1%85%B3%E1%84%85%E1%85%A6%E1%84%8E%E1%85%B5-%E1%84%85%E1%85%A6%E1%84%8B%E1%85%B5%E1%84%89%E1%85%B3-%E1%84%86%E1%85%B5%E1%84%82%E1%85%B5-%E1%84%8B%E1%85%AF%E1%86%AB%E1%84%91%E1%85%B5%E1%84%89%E1%85%B3-p05584369.html,https://static.zara.net/assets/public/92fd/1332/97bc4e4c91d0/b18d17f91e50/05584369251-p/05584369251-p.jpg?ts=1777562166758,"₩55,900",,,260622,스크래치 화이트,,,,
,false,,ZARA,원피스,원피스,여성,ZW 컬렉션 플리츠 포플린 원피스,https://www.zara.com/kr/ko/zw-%E1%84%8F%E1%85%A5%E1%86%AF%E1%84%85%E1%85%A6%E1%86%A8%E1%84%89%E1%85%A7%E1%86%AB-%E1%84%91%E1%85%B3%E1%86%AF%E1%84%85%E1%85%B5%E1%84%8E%E1%85%B3-%E1%84%91%E1%85%A9%E1%84%91%E1%85%B3%E1%86%AF%E1%84%85%E1%85%B5%E1%86%AB-%E1%84%8B%E1%85%AF%E1%86%AB%E1%84%91%E1%85%B5%E1%84%89%E1%85%B3-p08605251.html,https://static.zara.net/assets/public/a0c8/b766/4ab34c82a184/3e9ddbc39e3d/08605251620-p/08605251620-p.jpg?ts=1769431534447,"₩109,900",,,260622,로즈핑크,,,,
,false,,ZARA,원피스,원피스,여성,ZW 컬렉션 언밸런스 새틴 원피스,https://www.zara.com/kr/ko/zw-%E1%84%8F%E1%85%A5%E1%86%AF%E1%84%85%E1%85%A6%E1%86%A8%E1%84%89%E1%85%A7%E1%86%AB-%E1%84%8B%E1%85%A5%E1%86%AB%E1%84%87%E1%85%A2%E1%86%AF%E1%84%85%E1%85%A5%E1%86%AB%E1%84%89%E1%85%B3-%E1%84%89%E1%85%A2%E1%84%90%E1%85%B5%E1%86%AB-%E1%84%8B%E1%85%AF%E1%86%AB%E1%84%91%E1%85%B5%E1%84%89%E1%85%B3-p06895053.html,https://static.zara.net/assets/public/8c39/858c/cdfc4726a40f/c002cbb43a4a/06895053721-p/06895053721-p.jpg?ts=1769431534079,"₩89,900",,,260622,라이트 베이지,,,,
,false,,ZARA,원피스,원피스,여성,프린지 니트 원피스,https://www.zara.com/kr/ko/%E1%84%91%E1%85%B3%E1%84%85%E1%85%B5%E1%86%AB%E1%84%8C%E1%85%B5-%E1%84%82%E1%85%B5%E1%84%90%E1%85%B3-%E1%84%8B%E1%85%AF%E1%86%AB%E1%84%91%E1%85%B5%E1%84%89%E1%85%B3-p01822008.html,https://static.zara.net/assets/public/d9a6/090b/9c6b48488464/73fc88a3e4e9/01822008712-p/01822008712-p.jpg?ts=1773334306058,"₩89,900",,,260622,크림,,,,
,false,,ZARA,원피스,원피스,여성,홀터넥 볼륨 깅엄 체크 원피스,https://www.zara.com/kr/ko/%E1%84%92%E1%85%A9%E1%86%AF%E1%84%90%E1%85%A5%E1%84%82%E1%85%A6%E1%86%A8-%E1%84%87%E1%85%A9%E1%86%AF%E1%84%85%E1%85%B2%E1%86%B7-%E1%84%80%E1%85%B5%E1%86%BC%E1%84%8B%E1%85%A5%E1%86%B7-%E1%84%8E%E1%85%A6%E1%84%8F%E1%85%B3-%E1%84%8B%E1%85%AF%E1%86%AB%E1%84%91%E1%85%B5%E1%84%89%E1%85%B3-p03152382.html,https://static.zara.net/assets/public/cf3c/a331/024c494fb7d3/65a45367adfb/03152382018-p/03152382018-p.jpg?ts=1775808613155,"₩79,900",,,260622,"백합,화이트",,,,
,false,,ZARA,원피스,원피스,여성,플라워 자카드 니트 미니 원피스,https://www.zara.com/kr/ko/%E1%84%91%E1%85%B3%E1%86%AF%E1%84%85%E1%85%A1%E1%84%8B%E1%85%AF-%E1%84%8C%E1%85%A1%E1%84%8F%E1%85%A1%E1%84%83%E1%85%B3-%E1%84%82%E1%85%B5%E1%84%90%E1%85%B3-%E1%84%86%E1%85%B5%E1%84%82%E1%85%B5-%E1%84%8B%E1%85%AF%E1%86%AB%E1%84%91%E1%85%B5%E1%84%89%E1%85%B3-p01822020.html,https://static.zara.net/assets/public/f027/c58d/02e34b398cf7/2cba2a275c6f/01822020902-p/01822020902-p.jpg?ts=1780058844659,"₩59,900",,,260622,핑크,,,,
,false,,ZARA,원피스,원피스,여성,패턴 포플린 미디 원피스,https://www.zara.com/kr/ko/%E1%84%91%E1%85%A2%E1%84%90%E1%85%A5%E1%86%AB-%E1%84%91%E1%85%A9%E1%84%91%E1%85%B3%E1%86%AF%E1%84%85%E1%85%B5%E1%86%AB-%E1%84%86%E1%85%B5%E1%84%83%E1%85%B5-%E1%84%8B%E1%85%AF%E1%86%AB%E1%84%91%E1%85%B5%E1%84%89%E1%85%B3-p03897124.html,https://static.zara.net/assets/public/8aba/6551/bc27410791d7/059af4e572c7/03897124094-p/03897124094-p.jpg?ts=1780058850245,"₩79,900",,,260622,"레드,화이트",,,,
,false,,ZARA,원피스,원피스,여성,벌룬 나일론 원피스,https://www.zara.com/kr/ko/%E1%84%82%E1%85%A1%E1%84%8B%E1%85%B5%E1%86%AF%E1%84%85%E1%85%A9%E1%86%AB-%E1%84%87%E1%85%A5%E1%86%AF%E1%84%85%E1%85%AE%E1%86%AB-%E1%84%8B%E1%85%AF%E1%86%AB%E1%84%91%E1%85%B5%E1%84%89%E1%85%B3-p04764358.html,https://static.zara.net/assets/public/f0d6/e8c5/03f14882a4e5/ddce3d776070/04764358250-p/04764358250-p.jpg?ts=1772193748826,"₩59,900",,,260622,화이트,,,,
,false,,ZARA,원피스,원피스,여성,벌룬 슬리브 롱 원피스,https://www.zara.com/kr/ko/%E1%84%87%E1%85%A5%E1%86%AF%E1%84%85%E1%85%AE%E1%86%AB-%E1%84%89%E1%85%B3%E1%86%AF%E1%84%85%E1%85%B5%E1%84%87%E1%85%B3-%E1%84%85%E1%85%A9%E1%86%BC-%E1%84%8B%E1%85%AF%E1%86%AB%E1%84%91%E1%85%B5%E1%84%89%E1%85%B3-p04387093.html,https://static.zara.net/assets/public/3e86/e78b/1cf448f08413/37220e321b06/04387093800-p/04387093800-p.jpg?ts=1775062991249,"₩79,900",,,260622,블랙,,,,
,false,,ZARA,원피스,원피스,여성,언밸런스 밑단 홀터넥 미니 원피스,https://www.zara.com/kr/ko/%E1%84%92%E1%85%A9%E1%86%AF%E1%84%90%E1%85%A5%E1%84%82%E1%85%A6%E1%86%A8-%E1%84%8B%E1%85%A5%E1%86%AB%E1%84%87%E1%85%A2%E1%86%AF%E1%84%85%E1%85%A5%E1%86%AB%E1%84%89%E1%85%B3-%E1%84%86%E1%85%B5%E1%84%82%E1%85%B5-%E1%84%8B%E1%85%AF%E1%86%AB%E1%84%91%E1%85%B5%E1%84%89%E1%85%B3-p04387095.html,https://static.zara.net/assets/public/b837/60a1/531741a188bb/21a67d43efbd/04387095716-p/04387095716-p.jpg?ts=1775062997912,"₩55,900",,,260622,다크 브라운,,,,
,false,,ZARA,원피스,원피스,여성,스위트하트 네크라인 원피스,https://www.zara.com/kr/ko/%E1%84%89%E1%85%B3%E1%84%8B%E1%85%B1%E1%84%90%E1%85%B3%E1%84%92%E1%85%A1%E1%84%90%E1%85%B3-%E1%84%82%E1%85%A6%E1%84%8F%E1%85%B3%E1%84%85%E1%85%A1%E1%84%8B%E1%85%B5%E1%86%AB-%E1%84%8B%E1%85%AF%E1%86%AB%E1%84%91%E1%85%B5%E1%84%89%E1%85%B3-p05584264.html,https://static.zara.net/assets/public/cd2d/7ca8/d27d4260b8b7/056ec9099613/05584264700-p/05584264700-p.jpg?ts=1773681882754,"₩59,900",,,260622,브라운,,,,
,false,,ZARA,원피스,원피스,여성,스위트하트 네크라인 원피스,https://www.zara.com/kr/ko/%E1%84%89%E1%85%B3%E1%84%8B%E1%85%B1%E1%84%90%E1%85%B3%E1%84%92%E1%85%A1%E1%84%90%E1%85%B3-%E1%84%82%E1%85%A6%E1%84%8F%E1%85%B3%E1%84%85%E1%85%A1%E1%84%8B%E1%85%B5%E1%86%AB-%E1%84%8B%E1%85%AF%E1%86%AB%E1%84%91%E1%85%B5%E1%84%89%E1%85%B3-p05584264.html,https://static.zara.net/assets/public/aecb/5520/014248fdbccd/358f719ef7e8/05584264712-p/05584264712-p.jpg?ts=1773681884126,"₩59,900",,,260622,크림,,,,
,false,,ZARA,원피스,원피스,여성,ZW 컬렉션 깅엄 체크 셔츠 원피스,https://www.zara.com/kr/ko/zw-%E1%84%8F%E1%85%A5%E1%86%AF%E1%84%85%E1%85%A6%E1%86%A8%E1%84%89%E1%85%A7%E1%86%AB-%E1%84%80%E1%85%B5%E1%86%BC%E1%84%8B%E1%85%A5%E1%86%B7-%E1%84%8E%E1%85%A6%E1%84%8F%E1%85%B3-%E1%84%89%E1%85%A7%E1%84%8E%E1%85%B3-%E1%84%8B%E1%85%AF%E1%86%AB%E1%84%91%E1%85%B5%E1%84%89%E1%85%B3-p02507041.html,https://static.zara.net/assets/public/dd9a/fa79/68404fdb815d/67ba950a86d2/02507041500-p/02507041500-p.jpg?ts=1770386339058,"₩109,900",,,260622,초록,,,,
,false,,ZARA,원피스,원피스,여성,루즈 롱 원피스,https://www.zara.com/kr/ko/%E1%84%85%E1%85%AE%E1%84%8C%E1%85%B3-%E1%84%85%E1%85%A9%E1%86%BC-%E1%84%8B%E1%85%AF%E1%86%AB%E1%84%91%E1%85%B5%E1%84%89%E1%85%B3-p04772370.html,https://static.zara.net/assets/public/3c07/90f3/ee5345f8859b/80976fd5e664/04772370800-p/04772370800-p.jpg?ts=1773231240358,"₩79,900",,,260622,블랙,,,,
,false,,ZARA,원피스,원피스,여성,ZW 컬렉션 드레이프 미디 원피스,https://www.zara.com/kr/ko/zw-%E1%84%8F%E1%85%A5%E1%86%AF%E1%84%85%E1%85%A6%E1%86%A8%E1%84%89%E1%85%A7%E1%86%AB-%E1%84%83%E1%85%B3%E1%84%85%E1%85%A6%E1%84%8B%E1%85%B5%E1%84%91%E1%85%B3-%E1%84%86%E1%85%B5%E1%84%83%E1%85%B5-%E1%84%8B%E1%85%AF%E1%86%AB%E1%84%91%E1%85%B5%E1%84%89%E1%85%B3-p02100828.html,https://static.zara.net/assets/public/65ec/03ad/a1f14df39420/84601a8ed68e/02100828715-p/02100828715-p.jpg?ts=1772191230094,"₩89,900",,,260622,미디움 크림,,,,
,false,,ZARA,원피스,원피스,여성,ZW 컬렉션 탈부착 오버레이 콤비 원피스,https://www.zara.com/kr/ko/zw-%E1%84%8F%E1%85%A5%E1%86%AF%E1%84%85%E1%85%A6%E1%86%A8%E1%84%89%E1%85%A7%E1%86%AB-%E1%84%90%E1%85%A1%E1%86%AF%E1%84%87%E1%85%AE%E1%84%8E%E1%85%A1%E1%86%A8-%E1%84%8B%E1%85%A9%E1%84%87%E1%85%A5%E1%84%85%E1%85%A6%E1%84%8B%E1%85%B5-%E1%84%8F%E1%85%A9%E1%86%B7%E1%84%87%E1%85%B5-%E1%84%8B%E1%85%AF%E1%86%AB%E1%84%91%E1%85%B5%E1%84%89%E1%85%B3-p07521051.html,https://static.zara.net/assets/public/e9c6/1e2b/df644364ba61/8fb88158f1f6/07521051712-p/07521051712-p.jpg?ts=1772191988578,"₩129,900",,,260622,크림,,,,
,false,,ZARA,원피스,원피스,여성,새틴 프릴 미니 원피스,https://www.zara.com/kr/ko/%E1%84%91%E1%85%B3%E1%84%85%E1%85%B5%E1%86%AF-%E1%84%89%E1%85%A2%E1%84%90%E1%85%B5%E1%86%AB-%E1%84%86%E1%85%B5%E1%84%82%E1%85%B5-%E1%84%8B%E1%85%AF%E1%86%AB%E1%84%91%E1%85%B5%E1%84%89%E1%85%B3-p02087645.html,https://static.zara.net/assets/public/b302/2e89/0879432cb8fc/5329fbb8db92/02087645700-p/02087645700-p.jpg?ts=1769445209115,"₩79,900",,,260622,브라운,,,,
,false,,ZARA,원피스,오버롤,여성,Z1975 롱 데님 점프수트,https://www.zara.com/kr/ko/z1975-%E1%84%85%E1%85%A9%E1%86%BC-%E1%84%83%E1%85%A6%E1%84%82%E1%85%B5%E1%86%B7-%E1%84%8C%E1%85%A5%E1%86%B7%E1%84%91%E1%85%B3%E1%84%89%E1%85%AE%E1%84%90%E1%85%B3-p00108024.html,https://static.zara.net/assets/public/40fb/0746/cecf4054b7c6/1c383c74a34a/00108024427-001-p/00108024427-001-p.jpg?ts=1771416263544,"₩89,900",,,260622,미디움 블루,,,,
,false,,ZARA,원피스,원피스,여성,플로럴 패턴 벨트 원피스,https://www.zara.com/kr/ko/%E1%84%91%E1%85%B3%E1%86%AF%E1%84%85%E1%85%A9%E1%84%85%E1%85%A5%E1%86%AF-%E1%84%91%E1%85%A2%E1%84%90%E1%85%A5%E1%86%AB-%E1%84%87%E1%85%A6%E1%86%AF%E1%84%90%E1%85%B3-%E1%84%8B%E1%85%AF%E1%86%AB%E1%84%91%E1%85%B5%E1%84%89%E1%85%B3-p02298057.html,https://static.zara.net/assets/public/a03e/6093/454841889f9b/6d33b4d29155/02298057330-p/02298057330-p.jpg?ts=1772198709624,"₩99,900",,,260622,멀티컬러,,,,
,false,,ZARA,원피스,원피스,여성,허니콤 미디 원피스,https://www.zara.com/kr/ko/%E1%84%92%E1%85%A5%E1%84%82%E1%85%B5%E1%84%8F%E1%85%A9%E1%86%B7-%E1%84%86%E1%85%B5%E1%84%83%E1%85%B5-%E1%84%8B%E1%85%AF%E1%86%AB%E1%84%91%E1%85%B5%E1%84%89%E1%85%B3-p01003055.html,https://static.zara.net/assets/public/3aaa/19f1/676a4d99bccf/3fd35d2426ac/01003055964-p/01003055964-p.jpg?ts=1781707975291,"₩59,900",,,260622,레드,,,,
,false,,ZARA,원피스,원피스,여성,골지 홀터넥 원피스,https://www.zara.com/kr/ko/%E1%84%85%E1%85%B5%E1%86%B8-%E1%84%92%E1%85%A9%E1%86%AF%E1%84%90%E1%85%A5%E1%84%82%E1%85%A6%E1%86%A8-%E1%84%8B%E1%85%AF%E1%86%AB%E1%84%91%E1%85%B5%E1%84%89%E1%85%B3-p04174062.html,https://static.zara.net/assets/public/e715/267e/f7f44aedb2d2/ccfe8ba468d7/04174062712-p/04174062712-p.jpg?ts=1776679483568,"₩45,900",,,260622,크림,,,,
,false,,ZARA,원피스,원피스,여성,골지 홀터넥 원피스,https://www.zara.com/kr/ko/%E1%84%85%E1%85%B5%E1%86%B8-%E1%84%92%E1%85%A9%E1%86%AF%E1%84%90%E1%85%A5%E1%84%82%E1%85%A6%E1%86%A8-%E1%84%8B%E1%85%AF%E1%86%AB%E1%84%91%E1%85%B5%E1%84%89%E1%85%B3-p04174062.html,https://static.zara.net/assets/public/1af9/f752/5e54470b8516/465fc6b044ea/04174062712-p/04174062712-p.jpg?ts=1777448347940,"₩45,900",,,260622,크림,,,,
,false,,ZARA,원피스,원피스,여성,ZW 컬렉션 루즈 미디 원피스,https://www.zara.com/kr/ko/zw-%E1%84%8F%E1%85%A5%E1%86%AF%E1%84%85%E1%85%A6%E1%86%A8%E1%84%89%E1%85%A7%E1%86%AB-%E1%84%85%E1%85%AE%E1%84%8C%E1%85%B3-%E1%84%86%E1%85%B5%E1%84%83%E1%85%B5-%E1%84%8B%E1%85%AF%E1%86%AB%E1%84%91%E1%85%B5%E1%84%89%E1%85%B3-p02507030.html,https://static.zara.net/assets/public/4f63/af6c/ee6d4c68b3a7/ba81f4dffffe/02507030052-p/02507030052-p.jpg?ts=1776095424354,"₩89,900",,,260622,라이트 베이지,,,,
,false,,ZARA,원피스,원피스,여성,ZW 컬렉션 루즈 미디 원피스,https://www.zara.com/kr/ko/zw-%E1%84%8F%E1%85%A5%E1%86%AF%E1%84%85%E1%85%A6%E1%86%A8%E1%84%89%E1%85%A7%E1%86%AB-%E1%84%85%E1%85%AE%E1%84%8C%E1%85%B3-%E1%84%86%E1%85%B5%E1%84%83%E1%85%B5-%E1%84%8B%E1%85%AF%E1%86%AB%E1%84%91%E1%85%B5%E1%84%89%E1%85%B3-p02507030.html,https://static.zara.net/assets/public/3276/9ccd/dcfb449b9011/52da3306d7a5/02507030052-p/02507030052-p.jpg?ts=1776157171734,"₩89,900",,,260622,라이트 베이지,,,,
,false,,ZARA,원피스,원피스,여성,ZW 컬렉션 플리츠 포플린 원피스,https://www.zara.com/kr/ko/zw-%E1%84%8F%E1%85%A5%E1%86%AF%E1%84%85%E1%85%A6%E1%86%A8%E1%84%89%E1%85%A7%E1%86%AB-%E1%84%91%E1%85%B3%E1%86%AF%E1%84%85%E1%85%B5%E1%84%8E%E1%85%B3-%E1%84%91%E1%85%A9%E1%84%91%E1%85%B3%E1%86%AF%E1%84%85%E1%85%B5%E1%86%AB-%E1%84%8B%E1%85%AF%E1%86%AB%E1%84%91%E1%85%B5%E1%84%89%E1%85%B3-p04786071.html,https://static.zara.net/assets/public/7133/3fc5/47934df192a3/b0b33c4a7558/04786071811-p/04786071811-p.jpg?ts=1776155303359,"₩109,900",,,260622,라이트 그레이,,,,
,false,,ZARA,원피스,원피스,여성,ZW 컬렉션 벨트 튜닉 원피스,https://www.zara.com/kr/ko/zw-%E1%84%8F%E1%85%A5%E1%86%AF%E1%84%85%E1%85%A6%E1%86%A8%E1%84%89%E1%85%A7%E1%86%AB-%E1%84%87%E1%85%A6%E1%86%AF%E1%84%90%E1%85%B3-%E1%84%90%E1%85%B2%E1%84%82%E1%85%B5%E1%86%A8-%E1%84%8B%E1%85%AF%E1%86%AB%E1%84%91%E1%85%B5%E1%84%89%E1%85%B3-p04786095.html,https://static.zara.net/assets/public/c97d/1c89/aa7a44899b26/4003133880ba/04786095250-p/04786095250-p.jpg?ts=1776155303995,"₩109,900",,,260622,화이트,,,,
,false,,ZARA,원피스,원피스,여성,셔링 새틴 롱 원피스,https://www.zara.com/kr/ko/%E1%84%89%E1%85%A7%E1%84%85%E1%85%B5%E1%86%BC-%E1%84%89%E1%85%A2%E1%84%90%E1%85%B5%E1%86%AB-%E1%84%85%E1%85%A9%E1%86%BC-%E1%84%8B%E1%85%AF%E1%86%AB%E1%84%91%E1%85%B5%E1%84%89%E1%85%B3-p04772335.html,https://static.zara.net/assets/public/3b62/08a0/c8654e7484d5/dd43c7a6a6c5/04772335306-p/04772335306-p.jpg?ts=1775476109465,"₩59,900",,,260622,라이트 옐로우,,,,
,false,,ZARA,원피스,원피스,여성,애니멀 프린트 튤 원피스,https://www.zara.com/kr/ko/%E1%84%8B%E1%85%A2%E1%84%82%E1%85%B5%E1%84%86%E1%85%A5%E1%86%AF-%E1%84%91%E1%85%B3%E1%84%85%E1%85%B5%E1%86%AB%E1%84%90%E1%85%B3-%E1%84%90%E1%85%B2%E1%86%AF-%E1%84%8B%E1%85%AF%E1%86%AB%E1%84%91%E1%85%B5%E1%84%89%E1%85%B3-p05039406.html,https://static.zara.net/assets/public/de06/b65e/4ff1452ebd9d/206f0f987642/05039406051-p/05039406051-p.jpg?ts=1775476114943,"₩89,900",,,260622,표범 무늬,,,,
,false,,ZARA,원피스,원피스,여성,ZW 컬렉션 플리츠 레이스 원피스,https://www.zara.com/kr/ko/zw-%E1%84%8F%E1%85%A5%E1%86%AF%E1%84%85%E1%85%A6%E1%86%A8%E1%84%89%E1%85%A7%E1%86%AB-%E1%84%91%E1%85%B3%E1%86%AF%E1%84%85%E1%85%B5%E1%84%8E%E1%85%B3-%E1%84%85%E1%85%A6%E1%84%8B%E1%85%B5%E1%84%89%E1%85%B3-%E1%84%8B%E1%85%AF%E1%86%AB%E1%84%91%E1%85%B5%E1%84%89%E1%85%B3-p07521056.html,https://static.zara.net/assets/public/209b/5016/37614038987d/94150353533b/02108097080-p/02108097080-p.jpg?ts=1773744723764,"₩129,900",,,260622,크림,,,,
,false,,ZARA,원피스,원피스,여성,ZW 컬렉션 플리츠 레이스 원피스,https://www.zara.com/kr/ko/zw-%E1%84%8F%E1%85%A5%E1%86%AF%E1%84%85%E1%85%A6%E1%86%A8%E1%84%89%E1%85%A7%E1%86%AB-%E1%84%91%E1%85%B3%E1%86%AF%E1%84%85%E1%85%B5%E1%84%8E%E1%85%B3-%E1%84%85%E1%85%A6%E1%84%8B%E1%85%B5%E1%84%89%E1%85%B3-%E1%84%8B%E1%85%AF%E1%86%AB%E1%84%91%E1%85%B5%E1%84%89%E1%85%B3-p07521056.html,https://static.zara.net/assets/public/be67/0e3c/a41b4dcf9a17/32b1cccae3db/07521056712-a3/07521056712-a3.jpg?ts=1773739718968,"₩129,900",,,260622,크림,,,,
,false,,ZARA,원피스,원피스,여성,도트 레이스 패턴 원피스,https://www.zara.com/kr/ko/%E1%84%85%E1%85%A6%E1%84%8B%E1%85%B5%E1%84%89%E1%85%B3-%E1%84%83%E1%85%A9%E1%84%90%E1%85%B3-%E1%84%91%E1%85%B3%E1%84%85%E1%85%B5%E1%86%AB%E1%84%90%E1%85%B3-%E1%84%8B%E1%85%AF%E1%86%AB%E1%84%91%E1%85%B5%E1%84%89%E1%85%B3-p09008630.html,https://static.zara.net/assets/public/9cab/8e89/8f17447fa71e/22270a72f18b/09008630800-p/09008630800-p.jpg?ts=1772723522381,"₩149,900",,,260622,블랙,,,,
,false,,ZARA,원피스,원피스,여성,폴리아미드 혼방 롱 원피스,https://www.zara.com/kr/ko/%E1%84%91%E1%85%A9%E1%86%AF%E1%84%85%E1%85%B5%E1%84%8B%E1%85%A1%E1%84%86%E1%85%B5%E1%84%83%E1%85%B3-%E1%84%92%E1%85%A9%E1%86%AB%E1%84%87%E1%85%A1%E1%86%BC-%E1%84%85%E1%85%A9%E1%86%BC-%E1%84%8B%E1%85%AF%E1%86%AB%E1%84%91%E1%85%B5%E1%84%89%E1%85%B3-p03641704.html,https://static.zara.net/assets/public/8775/e829/21e04845b26f/d0c552646323/03641704250-p/03641704250-p.jpg?ts=1751968893647,"₩55,900",,,260622,화이트,,,,
,false,,ZARA,원피스,원피스,여성,리브드 니트 미니 원피스,https://www.zara.com/kr/ko/%E1%84%85%E1%85%B5%E1%84%87%E1%85%B3%E1%84%83%E1%85%B3-%E1%84%82%E1%85%B5%E1%84%90%E1%85%B3-%E1%84%86%E1%85%B5%E1%84%82%E1%85%B5-%E1%84%8B%E1%85%AF%E1%86%AB%E1%84%91%E1%85%B5%E1%84%89%E1%85%B3-p09598073.html,https://static.zara.net/assets/public/fee4/c143/8f0247ecbc18/33b1caeb96ab/09598073919-p/09598073919-p.jpg?ts=1778828704373,"₩59,900",,,260622,레드 코랄,,,,
,false,,ZARA,원피스,원피스,여성,패턴 롱 원피스,https://www.zara.com/kr/ko/%E1%84%91%E1%85%A2%E1%84%90%E1%85%A5%E1%86%AB-%E1%84%85%E1%85%A9%E1%86%BC-%E1%84%8B%E1%85%AF%E1%86%AB%E1%84%91%E1%85%B5%E1%84%89%E1%85%B3-p02145332.html,https://static.zara.net/assets/public/47d1/71e3/82ee4579be50/33e5618259d0/02145332330000-p/02145332330000-p.jpg?ts=1778835556568,"₩109,900",,,260622,멀티컬러,,,,
,false,,ZARA,원피스,원피스,여성,ZW 컬렉션 슬리브리스 원피스,https://www.zara.com/kr/ko/zw-%E1%84%8F%E1%85%A5%E1%86%AF%E1%84%85%E1%85%A6%E1%86%A8%E1%84%89%E1%85%A7%E1%86%AB-%E1%84%89%E1%85%B3%E1%86%AF%E1%84%85%E1%85%B5%E1%84%87%E1%85%B3%E1%84%85%E1%85%B5%E1%84%89%E1%85%B3-%E1%84%8B%E1%85%AF%E1%86%AB%E1%84%91%E1%85%B5%E1%84%89%E1%85%B3-p02123475.html,https://static.zara.net/assets/public/73d3/fd01/c90640bc910a/8d86f6ad4ccc/02123475800-1-p/02123475800-1-p.jpg?ts=1778066674074,"₩129,900",,,260622,블랙,,,,
,false,,ZARA,원피스,원피스,여성,메탈릭 얀 술 니트 원피스,https://www.zara.com/kr/ko/%E1%84%86%E1%85%A6%E1%84%90%E1%85%A1%E1%86%AF%E1%84%85%E1%85%B5%E1%86%A8-%E1%84%8B%E1%85%A3%E1%86%AB-%E1%84%89%E1%85%AE%E1%86%AF-%E1%84%82%E1%85%B5%E1%84%90%E1%85%B3-%E1%84%8B%E1%85%AF%E1%86%AB%E1%84%91%E1%85%B5%E1%84%89%E1%85%B3-p01579103.html,https://static.zara.net/assets/public/d0c1/7033/12d94f7ca7ae/50f08a1385b3/01579103485-p/01579103485-p.jpg?ts=1768405998614,"₩109,900",,,260622,"블루,그레이",,,,
,false,,ZARA,원피스,원피스,여성,ZW 컬렉션 시퀸 프린지 원피스,https://www.zara.com/kr/ko/zw-%E1%84%8F%E1%85%A5%E1%86%AF%E1%84%85%E1%85%A6%E1%86%A8%E1%84%89%E1%85%A7%E1%86%AB-%E1%84%89%E1%85%B5%E1%84%8F%E1%85%B1%E1%86%AB-%E1%84%91%E1%85%B3%E1%84%85%E1%85%B5%E1%86%AB%E1%84%8C%E1%85%B5-%E1%84%8B%E1%85%AF%E1%86%AB%E1%84%91%E1%85%B5%E1%84%89%E1%85%B3-p02098101.html,https://static.zara.net/assets/public/84ce/2ae9/eb4040c39d57/8cc4cf110255/02098101500-p/02098101500-p.jpg?ts=1773933788850,"₩209,900",,,260622,초록,,,,
,false,,ZARA,원피스,원피스,여성,ZW 컬렉션 숏 원피스,https://www.zara.com/kr/ko/zw-%E1%84%8F%E1%85%A5%E1%86%AF%E1%84%85%E1%85%A6%E1%86%A8%E1%84%89%E1%85%A7%E1%86%AB-%E1%84%89%E1%85%AD%E1%86%BA-%E1%84%8B%E1%85%AF%E1%86%AB%E1%84%91%E1%85%B5%E1%84%89%E1%85%B3-p04333060.html,https://static.zara.net/assets/public/30b9/312f/568842dd898a/93de0bd5384e/04333060743-p/04333060743-p.jpg?ts=1774013594280,"₩79,900",,,260622,라이트 카멜,,,,
,false,,ZARA,원피스,원피스,여성,주얼 비즈 미니 원피스,https://www.zara.com/kr/ko/%E1%84%8C%E1%85%AE%E1%84%8B%E1%85%A5%E1%86%AF%E1%84%85%E1%85%B5-%E1%84%87%E1%85%B5%E1%84%8C%E1%85%B3-%E1%84%86%E1%85%B5%E1%84%82%E1%85%B5-%E1%84%8B%E1%85%AF%E1%86%AB%E1%84%91%E1%85%B5%E1%84%89%E1%85%B3-p03920286.html,https://static.zara.net/assets/public/2326/2277/46334f809c30/897e86c6cbf6/03920286808-p/03920286808-p.jpg?ts=1779452278185,"₩209,900",,,260622,실버,,,,
,false,,ZARA,원피스,원피스,여성,드레이프 미디 원피스,https://www.zara.com/kr/ko/%E1%84%83%E1%85%B3%E1%84%85%E1%85%A6%E1%84%8B%E1%85%B5%E1%84%91%E1%85%B3-%E1%84%86%E1%85%B5%E1%84%83%E1%85%B5-%E1%84%8B%E1%85%AF%E1%86%AB%E1%84%91%E1%85%B5%E1%84%89%E1%85%B3-p01026256.html,https://static.zara.net/assets/public/41ac/5caf/f313492281e9/7ee2f2fbfedc/01026256515-p/01026256515-p.jpg?ts=1773930224621,"₩55,900",,,260622,올리브,,,,
,false,,ZARA,원피스,원피스,여성,드레이프 미디 원피스,https://www.zara.com/kr/ko/%E1%84%83%E1%85%B3%E1%84%85%E1%85%A6%E1%84%8B%E1%85%B5%E1%84%91%E1%85%B3-%E1%84%86%E1%85%B5%E1%84%83%E1%85%B5-%E1%84%8B%E1%85%AF%E1%86%AB%E1%84%91%E1%85%B5%E1%84%89%E1%85%B3-p01026256.html,https://static.zara.net/assets/public/46f3/f97f/52454c78935f/8adaed24efce/01026256300-p/01026256300-p.jpg?ts=1773930217893,"₩55,900",,,260622,노랑,,,,
,false,,ZARA,원피스,원피스,여성,플라워 포플린 미디 원피스,https://www.zara.com/kr/ko/%E1%84%91%E1%85%B3%E1%86%AF%E1%84%85%E1%85%A1%E1%84%8B%E1%85%AF-%E1%84%91%E1%85%A9%E1%84%91%E1%85%B3%E1%86%AF%E1%84%85%E1%85%B5%E1%86%AB-%E1%84%86%E1%85%B5%E1%84%83%E1%85%B5-%E1%84%8B%E1%85%AF%E1%86%AB%E1%84%91%E1%85%B5%E1%84%89%E1%85%B3-p02784316.html,https://static.zara.net/assets/public/70de/3c75/4e7f4ec9aff7/57ad4f25afd0/02784316050-p/02784316050-p.jpg?ts=1778500361012,"₩79,900",,,260622,단색,,,,
,false,,ZARA,원피스,원피스,여성,볼륨 레이스 원피스,https://www.zara.com/kr/ko/%E1%84%87%E1%85%A9%E1%86%AF%E1%84%85%E1%85%B2%E1%86%B7-%E1%84%85%E1%85%A6%E1%84%8B%E1%85%B5%E1%84%89%E1%85%B3-%E1%84%8B%E1%85%AF%E1%86%AB%E1%84%91%E1%85%B5%E1%84%89%E1%85%B3-p05584395.html,https://static.zara.net/assets/public/c2ef/daa0/4a8d48848dc9/d495194b8c88/05584395485-p/05584395485-p.jpg?ts=1775061161257,"₩55,900",,,260622,"블루,그레이",,,,
,false,,ZARA,원피스,원피스,여성,텍스처 미디 원피스,https://www.zara.com/kr/ko/%E1%84%90%E1%85%A6%E1%86%A8%E1%84%89%E1%85%B3%E1%84%8E%E1%85%A5-%E1%84%86%E1%85%B5%E1%84%83%E1%85%B5-%E1%84%8B%E1%85%AF%E1%86%AB%E1%84%91%E1%85%B5%E1%84%89%E1%85%B3-p03644302.html,https://static.zara.net/assets/public/d01a/e7af/74f14b3d8133/9f94b203fc65/03644302622-p/03644302622-p.jpg?ts=1775060192461,"₩49,900",,,260622,페일 로즈,,,,
,false,,ZARA,원피스,원피스,여성,폴리아미드 스트랩 원피스,https://www.zara.com/kr/ko/%E1%84%91%E1%85%A9%E1%86%AF%E1%84%85%E1%85%B5%E1%84%8B%E1%85%A1%E1%84%86%E1%85%B5%E1%84%83%E1%85%B3-%E1%84%89%E1%85%B3%E1%84%90%E1%85%B3%E1%84%85%E1%85%A2%E1%86%B8-%E1%84%8B%E1%85%AF%E1%86%AB%E1%84%91%E1%85%B5%E1%84%89%E1%85%B3-p01355025.html,https://static.zara.net/assets/public/d69b/e3f7/abc54fccbf23/a1629addaaea/01355025942-p/01355025942-p.jpg?ts=1775723701651,"₩89,900",,,260622,베이지 핑크,,,,
,false,,ZARA,원피스,원피스,여성,밴듀 미디 원피스,https://www.zara.com/kr/ko/%E1%84%87%E1%85%A1%E1%86%AB%E1%84%83%E1%85%AE-%E1%84%86%E1%85%B5%E1%84%83%E1%85%B5-%E1%84%8B%E1%85%AF%E1%86%AB%E1%84%91%E1%85%B5%E1%84%89%E1%85%B3-p01067005.html,https://static.zara.net/assets/public/2f81/4672/a99e4a38893a/692d58eb6c73/01067005730-p/01067005730-p.jpg?ts=1775723691261,"₩59,900",,,260622,라이트 브라운,,,,
,false,,ZARA,원피스,원피스,여성,숄더 패드 언밸런스 미니 원피스,https://www.zara.com/kr/ko/%E1%84%89%E1%85%AD%E1%86%AF%E1%84%83%E1%85%A5-%E1%84%91%E1%85%A2%E1%84%83%E1%85%B3-%E1%84%8B%E1%85%A5%E1%86%AB%E1%84%87%E1%85%A2%E1%86%AF%E1%84%85%E1%85%A5%E1%86%AB%E1%84%89%E1%85%B3-%E1%84%86%E1%85%B5%E1%84%82%E1%85%B5-%E1%84%8B%E1%85%AF%E1%86%AB%E1%84%91%E1%85%B5%E1%84%89%E1%85%B3-p02776864.html,https://static.zara.net/assets/public/67a6/8bc8/ed0a44248434/a6dff93c4a1f/03088933641-p/03088933641-p.jpg?ts=1778244514884,"₩59,900",,,260622,다크 레드,,,,
,false,,ZARA,원피스,원피스,여성,체크 튤 원피스,https://www.zara.com/kr/ko/%E1%84%8E%E1%85%A6%E1%84%8F%E1%85%B3-%E1%84%90%E1%85%B2%E1%86%AF-%E1%84%8B%E1%85%AF%E1%86%AB%E1%84%91%E1%85%B5%E1%84%89%E1%85%B3-p05039012.html,https://static.zara.net/assets/public/69b3/81d3/864040eda4cf/87ad87f3002e/05039012629-p/05039012629-p.jpg?ts=1768929246719,"₩55,900",,,260622,라일락,,,,
,false,,ZARA,원피스,원피스,여성,엠보싱 프릴 미디 원피스,https://www.zara.com/kr/ko/%E1%84%85%E1%85%A5%E1%84%91%E1%85%B3%E1%86%AF-%E1%84%90%E1%85%A6%E1%86%A8%E1%84%89%E1%85%B3%E1%84%8E%E1%85%A5-%E1%84%86%E1%85%B5%E1%84%83%E1%85%B5-%E1%84%8B%E1%85%AF%E1%86%AB%E1%84%91%E1%85%B5%E1%84%89%E1%85%B3-p04764342.html,https://static.zara.net/assets/public/122d/ec9a/37b34060b09c/d057d1f79ca0/04764342741-p/04764342741-p.jpg?ts=1771589317927,"₩79,900",,,260622,아이보리,,,,
,false,,ZARA,원피스,원피스,여성,플레어 스커트 미니 원피스,https://www.zara.com/kr/ko/%E1%84%91%E1%85%B3%E1%86%AF%E1%84%85%E1%85%A6%E1%84%8B%E1%85%A5-%E1%84%86%E1%85%B5%E1%84%82%E1%85%B5-%E1%84%8B%E1%85%AF%E1%86%AB%E1%84%91%E1%85%B5%E1%84%89%E1%85%B3-p04764352.html,https://static.zara.net/assets/public/f009/2ca6/d9ee451c9b23/47cfd76b58ea/04764352711-p/04764352711-p.jpg?ts=1771589319800,"₩59,900",,,260622,샌드,,,,
,false,,ZARA,원피스,원피스,여성,ZW 컬렉션 자수 플리츠 원피스,https://www.zara.com/kr/ko/zw-%E1%84%8F%E1%85%A5%E1%86%AF%E1%84%85%E1%85%A6%E1%86%A8%E1%84%89%E1%85%A7%E1%86%AB-%E1%84%8C%E1%85%A1%E1%84%89%E1%85%AE-%E1%84%91%E1%85%B3%E1%86%AF%E1%84%85%E1%85%B5%E1%84%8E%E1%85%B3-%E1%84%8B%E1%85%AF%E1%86%AB%E1%84%91%E1%85%B5%E1%84%89%E1%85%B3-p07521063.html,https://static.zara.net/assets/public/7643/2609/38aa44a2b6f7/b9abad05f222/07521063811-p/07521063811-p.jpg?ts=1776095988994,"₩149,900",,,260622,피스타초,,,,
,false,,ZARA,원피스,원피스,여성,ZW 컬렉션 새틴 레이스 원피스,https://www.zara.com/kr/ko/zw-%E1%84%8F%E1%85%A5%E1%86%AF%E1%84%85%E1%85%A6%E1%86%A8%E1%84%89%E1%85%A7%E1%86%AB-%E1%84%89%E1%85%A2%E1%84%90%E1%85%B5%E1%86%AB-%E1%84%85%E1%85%A6%E1%84%8B%E1%85%B5%E1%84%89%E1%85%B3-%E1%84%8B%E1%85%AF%E1%86%AB%E1%84%91%E1%85%B5%E1%84%89%E1%85%B3-p05107060.html,https://static.zara.net/assets/public/7442/41b7/6c674bc0a326/30e4797778a9/05107060511-p/05107060511-p.jpg?ts=1776155310012,"₩79,900",,,260622,피스타초,,,,
,false,,ZARA,원피스,원피스,여성,프린트 홀터넥 원피스,https://www.zara.com/kr/ko/%E1%84%91%E1%85%B3%E1%84%85%E1%85%B5%E1%86%AB%E1%84%90%E1%85%B3-%E1%84%92%E1%85%A9%E1%86%AF%E1%84%90%E1%85%A5%E1%84%82%E1%85%A6%E1%86%A8-%E1%84%8B%E1%85%AF%E1%86%AB%E1%84%91%E1%85%B5%E1%84%89%E1%85%B3-p09017046.html,https://static.zara.net/assets/public/007b/6e70/8b914eb09a43/89f3187c1895/09017046330-p/09017046330-p.jpg?ts=1775058874096,"₩149,900",,,260622,멀티컬러,,,,
,false,,ZARA,원피스,원피스,여성,홀터넥 니트 미디 원피스,https://www.zara.com/kr/ko/%E1%84%92%E1%85%A9%E1%86%AF%E1%84%90%E1%85%A5%E1%84%82%E1%85%A6%E1%86%A8-%E1%84%82%E1%85%B5%E1%84%90%E1%85%B3-%E1%84%86%E1%85%B5%E1%84%83%E1%85%B5-%E1%84%8B%E1%85%AF%E1%86%AB%E1%84%91%E1%85%B5%E1%84%89%E1%85%B3-p02142142.html,https://static.zara.net/assets/public/0909/d350/e300417485a5/ebc773b337cf/02142142505-p/02142142505-p.jpg?ts=1775058830568,"₩79,900",,,260622,카키,,,,
,false,,ZARA,원피스,오버롤,여성,ZW 컬렉션 새틴 점프수트,https://www.zara.com/kr/ko/zw-%E1%84%8F%E1%85%A5%E1%86%AF%E1%84%85%E1%85%A6%E1%86%A8%E1%84%89%E1%85%A7%E1%86%AB-%E1%84%89%E1%85%A2%E1%84%90%E1%85%B5%E1%86%AB-%E1%84%85%E1%85%B5%E1%84%87%E1%85%A9%E1%86%AB-%E1%84%8C%E1%85%A5%E1%86%B7%E1%84%91%E1%85%B3%E1%84%89%E1%85%AE%E1%84%90%E1%85%B3-p02090098.html,https://static.zara.net/assets/public/23c0/a4c0/631c499696f0/f313552e1eae/02090098615-p/02090098615-p.jpg?ts=1779362826543,"₩109,900",,,260622,오렌지,,,,
,false,,ZARA,원피스,원피스,여성,골드 디테일 미디 원피스,https://www.zara.com/kr/ko/%E1%84%80%E1%85%A9%E1%86%AF%E1%84%83%E1%85%B3-%E1%84%83%E1%85%B5%E1%84%90%E1%85%A6%E1%84%8B%E1%85%B5%E1%86%AF-%E1%84%86%E1%85%B5%E1%84%83%E1%85%B5-%E1%84%8B%E1%85%AF%E1%86%AB%E1%84%91%E1%85%B5%E1%84%89%E1%85%B3-p03897117.html,https://static.zara.net/assets/public/83ae/5b25/1b474d9bb0d3/008b530ea4fe/03897117681-p/03897117681-p.jpg?ts=1778228860504,"₩89,900",,,260622,버건디,,,,
,false,,ZARA,원피스,원피스,여성,루즈 레이스 원피스,https://www.zara.com/kr/ko/%E1%84%91%E1%85%B3%E1%86%AF%E1%84%85%E1%85%AE%E1%84%8B%E1%85%B5%E1%84%83%E1%85%B3-%E1%84%85%E1%85%A6%E1%84%8B%E1%85%B5%E1%84%89%E1%85%B3-%E1%84%8B%E1%85%AF%E1%86%AB%E1%84%91%E1%85%B5%E1%84%89%E1%85%B3-p04344143.html,https://static.zara.net/assets/public/2d9f/a5bf/68fa49609f54/31ba3f1988cf/04344143526-p/04344143526-p.jpg?ts=1778228865757,"₩89,900",,,260622,라이트 그린,,,,
,false,,ZARA,기타,BIB OVERALL,여성,ZW 컬렉션 데님 점프수트,https://www.zara.com/kr/ko/zw-%E1%84%8F%E1%85%A5%E1%86%AF%E1%84%85%E1%85%A6%E1%86%A8%E1%84%89%E1%85%A7%E1%86%AB-%E1%84%83%E1%85%A6%E1%84%82%E1%85%B5%E1%86%B7-%E1%84%8C%E1%85%A5%E1%86%B7%E1%84%91%E1%85%B3%E1%84%89%E1%85%AE%E1%84%90%E1%85%B3-p04676049.html,https://static.zara.net/assets/public/6644/6395/d4ed46a696f9/f4d4c2bc7e79/04676049250-p/04676049250-p.jpg?ts=1778063300962,"₩109,900",,,260622,화이트,,,,
,false,,ZARA,원피스,원피스,여성,ZW 컬렉션 100% 린넨 미디 원피스,https://www.zara.com/kr/ko/zw-%E1%84%8F%E1%85%A5%E1%86%AF%E1%84%85%E1%85%A6%E1%86%A8%E1%84%89%E1%85%A7%E1%86%AB-100-%E1%84%85%E1%85%B5%E1%86%AB%E1%84%82%E1%85%A6%E1%86%AB-%E1%84%86%E1%85%B5%E1%84%83%E1%85%B5-%E1%84%8B%E1%85%AF%E1%86%AB%E1%84%91%E1%85%B5%E1%84%89%E1%85%B3-p02127909.html,https://static.zara.net/assets/public/cebc/43ed/d59d422aa13b/7ef6fe2ba341/02127909982-p/02127909982-p.jpg?ts=1778063236252,"₩109,900",,,260622,워터 그린,,,,
,false,,ZARA,원피스,원피스,여성,ZW 컬렉션 숏 원피스,https://www.zara.com/kr/ko/zw-%E1%84%8F%E1%85%A5%E1%86%AF%E1%84%85%E1%85%A6%E1%86%A8%E1%84%89%E1%85%A7%E1%86%AB-%E1%84%89%E1%85%AD%E1%86%BA-%E1%84%8B%E1%85%AF%E1%86%AB%E1%84%91%E1%85%B5%E1%84%89%E1%85%B3-p04333060.html,https://static.zara.net/assets/public/9abe/7977/bc5a4de8bb0b/f06f18413ee0/04333060250-p/04333060250-p.jpg?ts=1774611563600,"₩79,900",,,260622,화이트,,,,
,false,,ZARA,원피스,원피스,여성,ZW 컬렉션 타이 디테일 셔츠 원피스,https://www.zara.com/kr/ko/zw-%E1%84%8F%E1%85%A5%E1%86%AF%E1%84%85%E1%85%A6%E1%86%A8%E1%84%89%E1%85%A7%E1%86%AB-%E1%84%90%E1%85%A1%E1%84%8B%E1%85%B5-%E1%84%89%E1%85%A7%E1%84%8E%E1%85%B3-%E1%84%8B%E1%85%AF%E1%86%AB%E1%84%91%E1%85%B5%E1%84%89%E1%85%B3-p04786068.html,https://static.zara.net/assets/public/dc08/9e62/d8e547798eaa/bfaf1a0e63f8/04786068250-p/04786068250-p.jpg?ts=1774620066255,"₩89,900",,,260622,화이트,,,,
,false,,ZARA,원피스,원피스,여성,드레이프 미디 원피스,https://www.zara.com/kr/ko/%E1%84%83%E1%85%B3%E1%84%85%E1%85%A6%E1%84%8B%E1%85%B5%E1%84%91%E1%85%B3-%E1%84%86%E1%85%B5%E1%84%83%E1%85%B5-%E1%84%8B%E1%85%AF%E1%86%AB%E1%84%91%E1%85%B5%E1%84%89%E1%85%B3-p02144766.html,https://static.zara.net/assets/public/522b/a58c/cf4d4bc0a33e/d72d32ae297d/02144766803-p/02144766803-p.jpg?ts=1768835979170,"₩79,900",,,260622,그레이,,,,
,false,,ZARA,원피스,원피스,여성,러플 홀터넥 원피스,https://www.zara.com/kr/ko/%E1%84%85%E1%85%A5%E1%84%91%E1%85%B3%E1%86%AF-%E1%84%92%E1%85%A9%E1%86%AF%E1%84%90%E1%85%A5%E1%84%82%E1%85%A6%E1%86%A8-%E1%84%8B%E1%85%AF%E1%86%AB%E1%84%91%E1%85%B5%E1%84%89%E1%85%B3-p03152380.html,https://static.zara.net/assets/public/578b/3938/a4264443a98e/2f1600d95a7a/03152380251-p/03152380251-p.jpg?ts=1771937006727,"₩59,900",,,260622,스크래치 화이트,,,,
,false,,ZARA,원피스,원피스,여성,백리스 홀터넥 원피스,https://www.zara.com/kr/ko/%E1%84%87%E1%85%A2%E1%86%A8%E1%84%85%E1%85%B5%E1%84%89%E1%85%B3-%E1%84%92%E1%85%A9%E1%86%AF%E1%84%90%E1%85%A5%E1%84%82%E1%85%A6%E1%86%A8-%E1%84%8B%E1%85%AF%E1%86%AB%E1%84%91%E1%85%B5%E1%84%89%E1%85%B3-p04772320.html,https://static.zara.net/assets/public/e5b9/95e4/07fb436cb00a/8a00b9d085d5/04772320711-p/04772320711-p.jpg?ts=1771937016929,"₩59,900",,,260622,샌드,,,,
,false,,ZARA,원피스,원피스,여성,콤비 니트 원피스,https://www.zara.com/kr/ko/%E1%84%82%E1%85%B5%E1%84%90%E1%85%B3-%E1%84%8F%E1%85%A9%E1%86%B7%E1%84%87%E1%85%B5-%E1%84%8B%E1%85%AF%E1%86%AB%E1%84%91%E1%85%B5%E1%84%89%E1%85%B3-p06236040.html,https://static.zara.net/assets/public/393b/3838/0e274092ae3a/711ba3d293c5/06236040712-p/06236040712-p.jpg?ts=1780054543406,"₩109,900",,,260622,크림,,,,
,false,,ZARA,원피스,원피스,여성,ZW 컬렉션 루즈 셔츠 원피스,https://www.zara.com/kr/ko/zw-%E1%84%8F%E1%85%A5%E1%86%AF%E1%84%85%E1%85%A6%E1%86%A8%E1%84%89%E1%85%A7%E1%86%AB-%E1%84%85%E1%85%AE%E1%84%8C%E1%85%B3-%E1%84%89%E1%85%A7%E1%84%8E%E1%85%B3-%E1%84%8B%E1%85%AF%E1%86%AB%E1%84%91%E1%85%B5%E1%84%89%E1%85%B3-p02490333.html,https://static.zara.net/assets/public/ff49/1b94/261a4a5bbb2c/c1b389a47c2e/02490333710-p/02490333710-p.jpg?ts=1776679460276,"₩169,900",,,260622,베이지,,,,
,false,,ZARA,원피스,원피스,여성,드레이프 미디 원피스,https://www.zara.com/kr/ko/%E1%84%83%E1%85%B3%E1%84%85%E1%85%A6%E1%84%8B%E1%85%B5%E1%84%91%E1%85%B3-%E1%84%86%E1%85%B5%E1%84%83%E1%85%B5-%E1%84%8B%E1%85%AF%E1%86%AB%E1%84%91%E1%85%B5%E1%84%89%E1%85%B3-p03641024.html,https://static.zara.net/assets/public/d317/4f7e/297a4b84ac09/b9ce6d3704c2/03641024743-p/03641024743-p.jpg?ts=1776859947150,"₩39,900",,,260622,라이트 카멜,,,,
,false,,ZARA,원피스,원피스,여성,튜브톱 텍스처 원피스,https://www.zara.com/kr/ko/%E1%84%90%E1%85%B2%E1%84%87%E1%85%B3%E1%84%90%E1%85%A9%E1%86%B8-%E1%84%90%E1%85%A6%E1%86%A8%E1%84%89%E1%85%B3%E1%84%8E%E1%85%A5-%E1%84%8B%E1%85%AF%E1%86%AB%E1%84%91%E1%85%B5%E1%84%89%E1%85%B3-p05580006.html,https://static.zara.net/assets/public/53e9/2e79/f664461f98ea/99b336f7b13c/05580006527-p/05580006527-p.jpg?ts=1776860048063,"₩57,900",,,260622,미디움 그린,,,,
,false,,ZARA,원피스,원피스,여성,골드 장식 니트 미니 원피스,https://www.zara.com/kr/ko/%E1%84%80%E1%85%A9%E1%86%AF%E1%84%83%E1%85%B3-%E1%84%8C%E1%85%A1%E1%86%BC%E1%84%89%E1%85%B5%E1%86%A8-%E1%84%82%E1%85%B5%E1%84%90%E1%85%B3-%E1%84%86%E1%85%B5%E1%84%82%E1%85%B5-%E1%84%8B%E1%85%AF%E1%86%AB%E1%84%91%E1%85%B5%E1%84%89%E1%85%B3-p09598075.html,https://static.zara.net/assets/public/ec15/4e22/8c8b412588a8/99497ac5c49f/09598075622-p/09598075622-p.jpg?ts=1779873888972,"₩55,900",,,260622,페일 로즈,,,,
,false,,ZARA,원피스,원피스,여성,숄더 디테일 롱 원피스,https://www.zara.com/kr/ko/%E1%84%89%E1%85%AD%E1%86%AF%E1%84%83%E1%85%A5-%E1%84%83%E1%85%B5%E1%84%90%E1%85%A6%E1%84%8B%E1%85%B5%E1%86%AF-%E1%84%85%E1%85%A9%E1%86%BC-%E1%84%8B%E1%85%AF%E1%86%AB%E1%84%91%E1%85%B5%E1%84%89%E1%85%B3-p02698769.html,https://static.zara.net/assets/public/43ed/8eeb/ab324daab7d1/32de6bedf4d0/02698769402-p/02698769402-p.jpg?ts=1779873844859,"₩79,900",,,260622,터키블루,,,,
,false,,ZARA,원피스,원피스,여성,ZW 컬렉션 새틴 홀터넥 원피스,https://www.zara.com/kr/ko/zw-%E1%84%8F%E1%85%A5%E1%86%AF%E1%84%85%E1%85%A6%E1%86%A8%E1%84%89%E1%85%A7%E1%86%AB-%E1%84%89%E1%85%A2%E1%84%90%E1%85%B5%E1%86%AB-%E1%84%92%E1%85%A9%E1%86%AF%E1%84%90%E1%85%A5%E1%84%82%E1%85%A6%E1%86%A8-%E1%84%8B%E1%85%AF%E1%86%AB%E1%84%91%E1%85%B5%E1%84%89%E1%85%B3-p02172560.html,https://static.zara.net/assets/public/a881/6159/61b24ad4b7a6/cafce73ec451/02172560300-p/02172560300-p.jpg?ts=1779274071941,"₩89,900",,,260622,노랑,,,,
,false,,ZARA,원피스,원피스,여성,ZW 컬렉션 링클 페이크 미디 원피스,https://www.zara.com/kr/ko/zw-%E1%84%8F%E1%85%A5%E1%86%AF%E1%84%85%E1%85%A6%E1%86%A8%E1%84%89%E1%85%A7%E1%86%AB-%E1%84%85%E1%85%B5%E1%86%BC%E1%84%8F%E1%85%B3%E1%86%AF-%E1%84%8B%E1%85%B5%E1%84%91%E1%85%A6%E1%86%A8%E1%84%90%E1%85%B3-%E1%84%86%E1%85%B5%E1%84%83%E1%85%B5-%E1%84%8B%E1%85%AF%E1%86%AB%E1%84%91%E1%85%B5%E1%84%89%E1%85%B3-p04333050.html,https://static.zara.net/assets/public/dc09/5828/ebbd44d2a2cf/524716dadf09/04333050674-p/04333050674-p.jpg?ts=1778839942286,"₩149,900",,,260622,살몬핑크,,,,
,false,,ZARA,원피스,원피스,여성,레이스 콤비 캐미솔 원피스,https://www.zara.com/kr/ko/%E1%84%85%E1%85%A6%E1%84%8B%E1%85%B5%E1%84%89%E1%85%B3-%E1%84%8F%E1%85%A9%E1%86%B7%E1%84%87%E1%85%B5-%E1%84%8F%E1%85%A2%E1%84%86%E1%85%B5%E1%84%89%E1%85%A9%E1%86%AF-%E1%84%8B%E1%85%AF%E1%86%AB%E1%84%91%E1%85%B5%E1%84%89%E1%85%B3-p02298054.html,https://static.zara.net/assets/public/4ac1/b8ac/7a8145d58f68/d15900229da7/02298054600-a2/02298054600-a2.jpg?ts=1769764634778,"₩89,900",,,260622,레드,,,,
,false,,ZARA,원피스,원피스,여성,신축성 소재 레이스 미니 원피스,https://www.zara.com/kr/ko/%E1%84%89%E1%85%B3%E1%84%90%E1%85%B3%E1%84%85%E1%85%A6%E1%84%8E%E1%85%B5-%E1%84%85%E1%85%A6%E1%84%8B%E1%85%B5%E1%84%89%E1%85%B3-%E1%84%86%E1%85%B5%E1%84%82%E1%85%B5-%E1%84%8B%E1%85%AF%E1%86%AB%E1%84%91%E1%85%B5%E1%84%89%E1%85%B3-p05584369.html,https://static.zara.net/assets/public/db14/3cbc/b8b147f7bc50/2e770d922179/05584369716-p/05584369716-p.jpg?ts=1770741690750,"₩55,900",,,260622,다크 브라운,,,,
,false,,ZARA,원피스,원피스,여성,스트레치 레이스 미니 원피스,https://www.zara.com/kr/ko/%E1%84%89%E1%85%B3%E1%84%90%E1%85%B3%E1%84%85%E1%85%A6%E1%84%8E%E1%85%B5-%E1%84%85%E1%85%A6%E1%84%8B%E1%85%B5%E1%84%89%E1%85%B3-%E1%84%86%E1%85%B5%E1%84%82%E1%85%B5-%E1%84%8B%E1%85%AF%E1%86%AB%E1%84%91%E1%85%B5%E1%84%89%E1%85%B3-p05584369.html,https://static.zara.net/assets/public/adc0/30e2/783d4c088998/13c639e8179d/05584369653-p/05584369653-p.jpg?ts=1770738610465,"₩55,900",,,260622,"로즈핑크,백합",,,,
,false,,ZARA,원피스,원피스,여성,벨트 린넨 미디 원피스,https://www.zara.com/kr/ko/%E1%84%85%E1%85%B5%E1%86%AB%E1%84%82%E1%85%A6%E1%86%AB-%E1%84%87%E1%85%A6%E1%86%AF%E1%84%90%E1%85%B3-%E1%84%86%E1%85%B5%E1%84%83%E1%85%B5-%E1%84%8B%E1%85%AF%E1%86%AB%E1%84%91%E1%85%B5%E1%84%89%E1%85%B3-p02631712.html,https://static.zara.net/assets/public/b284/0232/3b9b4028b734/2a27d7df398b/02631712737-a3/02631712737-a3.jpg?ts=1776870923446,"₩89,900",,,260622,"브라운,토프",,,,
,false,,ZARA,원피스,원피스,여성,포인텔 니트 미니 원피스,https://www.zara.com/kr/ko/%E1%84%91%E1%85%A9%E1%84%8B%E1%85%B5%E1%86%AB%E1%84%90%E1%85%A6%E1%86%AF-%E1%84%82%E1%85%B5%E1%84%90%E1%85%B3-%E1%84%86%E1%85%B5%E1%84%82%E1%85%B5-%E1%84%8B%E1%85%AF%E1%86%AB%E1%84%91%E1%85%B5%E1%84%89%E1%85%B3-p06236031.html,https://static.zara.net/assets/public/23af/d2b4/3ed04f278018/ed9627090d59/06236031250-p/06236031250-p.jpg?ts=1776870935357,"₩55,900",,,260622,화이트,,,,
,false,,ZARA,원피스,원피스,여성,Z1975 벌룬 슬리브 미니 데님 원피스,https://www.zara.com/kr/ko/z1975-%E1%84%87%E1%85%A5%E1%86%AF%E1%84%85%E1%85%AE%E1%86%AB-%E1%84%89%E1%85%B3%E1%86%AF%E1%84%85%E1%85%B5%E1%84%87%E1%85%B3-%E1%84%83%E1%85%A6%E1%84%82%E1%85%B5%E1%86%B7-%E1%84%86%E1%85%B5%E1%84%82%E1%85%B5-%E1%84%8B%E1%85%AF%E1%86%AB%E1%84%91%E1%85%B5%E1%84%89%E1%85%B3-p02323576.html,https://static.zara.net/assets/public/9d71/10f4/8336420daf9c/c7c3688f9767/02323576400-p/02323576400-p.jpg?ts=1773849973641,"₩59,900",,,260622,블루,,,,
,false,,ZARA,원피스,원피스,여성,도트 프릴 미니 원피스,https://www.zara.com/kr/ko/%E1%84%83%E1%85%A9%E1%84%90%E1%85%B3-%E1%84%91%E1%85%B3%E1%84%85%E1%85%B5%E1%86%AF-%E1%84%86%E1%85%B5%E1%84%82%E1%85%B5-%E1%84%8B%E1%85%AF%E1%86%AB%E1%84%91%E1%85%B5%E1%84%89%E1%85%B3-p02135190.html,https://static.zara.net/assets/public/8915/191c/0c944e3db74b/337b45065a71/02135190093-p/02135190093-p.jpg?ts=1773924406069,"₩79,900",,,260622,"블랙,크림",,,,
,false,,ZARA,원피스,원피스,여성,드레이프 미디 원피스,https://www.zara.com/kr/ko/%E1%84%83%E1%85%B3%E1%84%85%E1%85%A6%E1%84%8B%E1%85%B5%E1%84%91%E1%85%B3-%E1%84%86%E1%85%B5%E1%84%83%E1%85%B5-%E1%84%8B%E1%85%AF%E1%86%AB%E1%84%91%E1%85%B5%E1%84%89%E1%85%B3-p01026256.html,https://static.zara.net/assets/public/8fb7/2047/ffde4f809844/ca459fd1758d/01026256800-p/01026256800-p.jpg?ts=1773930223978,"₩55,900",,,260622,블랙,,,,
,false,,ZARA,원피스,원피스,여성,스위트하트 네크라인 원피스,https://www.zara.com/kr/ko/%E1%84%89%E1%85%B3%E1%84%8B%E1%85%B1%E1%84%90%E1%85%B3%E1%84%92%E1%85%A1%E1%84%90%E1%85%B3-%E1%84%82%E1%85%A6%E1%84%8F%E1%85%B3%E1%84%85%E1%85%A1%E1%84%8B%E1%85%B5%E1%86%AB-%E1%84%8B%E1%85%AF%E1%86%AB%E1%84%91%E1%85%B5%E1%84%89%E1%85%B3-p05584264.html,https://static.zara.net/assets/public/2a2c/d2b6/22054ecda2c4/2891c116e0fa/05584264500-p/05584264500-p.jpg?ts=1773681879329,"₩59,900",,,260622,초록,,,,
,false,,ZARA,원피스,원피스,여성,글리터 드레이프 미니 원피스,https://www.zara.com/kr/ko/%E1%84%80%E1%85%B3%E1%86%AF%E1%84%85%E1%85%B5%E1%84%90%E1%85%A5-%E1%84%83%E1%85%B3%E1%84%85%E1%85%A6%E1%84%8B%E1%85%B5%E1%84%91%E1%85%B3-%E1%84%86%E1%85%B5%E1%84%82%E1%85%B5-%E1%84%8B%E1%85%AF%E1%86%AB%E1%84%91%E1%85%B5%E1%84%89%E1%85%B3-p04772364.html,https://static.zara.net/assets/public/3eaa/17e8/b7684110bbef/cbfd7b802434/04772364307-p/04772364307-p.jpg?ts=1774014486593,"₩109,900",,,260622,카바,,,,
,false,,ZARA,원피스,원피스,여성,비즈 장식 미니 원피스,https://www.zara.com/kr/ko/%E1%84%87%E1%85%B5%E1%84%8C%E1%85%B3-%E1%84%8C%E1%85%A1%E1%86%BC%E1%84%89%E1%85%B5%E1%86%A8-%E1%84%86%E1%85%B5%E1%84%82%E1%85%B5-%E1%84%8B%E1%85%AF%E1%86%AB%E1%84%91%E1%85%B5%E1%84%89%E1%85%B3-p04772366.html,https://static.zara.net/assets/public/568e/5bfc/0b9e40feb7ff/29dfa6c9287d/04772366808-p/04772366808-p.jpg?ts=1774014490531,"₩109,900",,,260622,실버,,,,
,false,,ZARA,원피스,원피스,여성,프릴 패턴 미디 원피스,https://www.zara.com/kr/ko/%E1%84%91%E1%85%B3%E1%84%85%E1%85%B5%E1%86%AF-%E1%84%91%E1%85%A2%E1%84%90%E1%85%A5%E1%86%AB-%E1%84%86%E1%85%B5%E1%84%83%E1%85%B5-%E1%84%8B%E1%85%AF%E1%86%AB%E1%84%91%E1%85%B5%E1%84%89%E1%85%B3-p05029249.html,https://static.zara.net/assets/public/aaf1/7ebe/5b8f4fb6b9dd/cdaf009a7bb0/05029249947-a2/05029249947-a2.jpg?ts=1778246068275,"₩89,900",,,260622,노랑,,,,
,false,,ZARA,원피스,원피스,여성,언밸런스 새틴 미디 원피스,https://www.zara.com/kr/ko/%E1%84%89%E1%85%A2%E1%84%90%E1%85%B5%E1%86%AB-%E1%84%8B%E1%85%A5%E1%86%AB%E1%84%87%E1%85%A2%E1%86%AF%E1%84%85%E1%85%A5%E1%86%AB%E1%84%89%E1%85%B3-%E1%84%86%E1%85%B5%E1%84%83%E1%85%B5-%E1%84%8B%E1%85%AF%E1%86%AB%E1%84%91%E1%85%B5%E1%84%89%E1%85%B3-p05029239.html,https://static.zara.net/assets/public/dfd0/d8ba/672e4c47a21e/d9db89e1538f/05029239442-p/05029239442-p.jpg?ts=1778246065243,"₩79,900",,,260622,덕 블루,,,,
,false,,ZARA,원피스,원피스,여성,언밸런스 레이스 원피스,https://www.zara.com/kr/ko/%E1%84%8B%E1%85%A5%E1%86%AB%E1%84%87%E1%85%A2%E1%86%AF%E1%84%85%E1%85%A5%E1%86%AB%E1%84%89%E1%85%B3-%E1%84%85%E1%85%A6%E1%84%8B%E1%85%B5%E1%84%89%E1%85%B3-%E1%84%8B%E1%85%AF%E1%86%AB%E1%84%91%E1%85%B5%E1%84%89%E1%85%B3-p01058164.html,https://static.zara.net/assets/public/240e/5104/5c094b5b8735/be99ada694b5/01058164099-p/01058164099-p.jpg?ts=1774613889224,"₩89,900",,,260622,"블랙,브라운",,,,
,false,,ZARA,원피스,원피스,여성,ZW 컬렉션 롱 스트랩 원피스,https://www.zara.com/kr/ko/zw-%E1%84%8F%E1%85%A5%E1%86%AF%E1%84%85%E1%85%A6%E1%86%A8%E1%84%89%E1%85%A7%E1%86%AB-%E1%84%85%E1%85%A9%E1%86%BC-%E1%84%89%E1%85%B3%E1%84%90%E1%85%B3%E1%84%85%E1%85%A2%E1%86%B8-%E1%84%8B%E1%85%AF%E1%86%AB%E1%84%91%E1%85%B5%E1%84%89%E1%85%B3-p05289050.html,https://static.zara.net/assets/public/5df7/a622/5aeb45b48793/a21eaa30d77c/02151375612-p/02151375612-p.jpg?ts=1778586849289,"₩89,900",,,260622,연보라색,,,,
,false,,ZARA,원피스,원피스,여성,100% 레이스 언밸런스 레더 원피스,https://www.zara.com/kr/ko/%E1%84%8B%E1%85%A5%E1%86%AB%E1%84%87%E1%85%A2%E1%86%AF%E1%84%85%E1%85%A5%E1%86%AB%E1%84%89%E1%85%B3-100-%E1%84%85%E1%85%A6%E1%84%8B%E1%85%B5%E1%84%89%E1%85%B3-%E1%84%85%E1%85%A6%E1%84%83%E1%85%A5-%E1%84%8B%E1%85%AF%E1%86%AB%E1%84%91%E1%85%B5%E1%84%89%E1%85%B3-p01758124.html,https://static.zara.net/assets/public/93c0/6350/4c094e318ea2/943108fc6144/01758124800-000-p/01758124800-000-p.jpg?ts=1781511883594,"₩329,900",,,260622,블랙,,,,
,false,,ZARA,원피스,원피스,여성,셔링 레이스 미디 원피스,https://www.zara.com/kr/ko/%E1%84%85%E1%85%A6%E1%84%8B%E1%85%B5%E1%84%89%E1%85%B3-%E1%84%89%E1%85%A7%E1%84%85%E1%85%B5%E1%86%BC-%E1%84%86%E1%85%B5%E1%84%83%E1%85%B5-%E1%84%8B%E1%85%AF%E1%86%AB%E1%84%91%E1%85%B5%E1%84%89%E1%85%B3-p04813319.html,https://static.zara.net/assets/public/77d2/bc05/8824406c8c1b/37f6f5889627/04813319321-p/04813319321-p.jpg?ts=1773257197872,"₩59,900",,,260622,파스텔 옐로우,,,,
,false,,ZARA,원피스,원피스,여성,프릴 레이스 미니 원피스,https://www.zara.com/kr/ko/%E1%84%85%E1%85%A6%E1%84%8B%E1%85%B5%E1%84%89%E1%85%B3-%E1%84%89%E1%85%A7%E1%84%85%E1%85%B5%E1%86%BC-%E1%84%8B%E1%85%AF%E1%86%AB%E1%84%91%E1%85%B5%E1%84%89%E1%85%B3-p04813316.html,https://static.zara.net/assets/public/e1f7/4c0c/2f544721a585/68ff32891a17/04813316629-p/04813316629-p.jpg?ts=1773257000986,"₩57,900",,,260622,라일락,,,,
,false,,ZARA,원피스,원피스,여성,도트 미니 원피스,https://www.zara.com/kr/ko/%E1%84%83%E1%85%A9%E1%84%90%E1%85%B3-%E1%84%86%E1%85%B5%E1%84%82%E1%85%B5-%E1%84%8B%E1%85%AF%E1%86%AB%E1%84%91%E1%85%B5%E1%84%89%E1%85%B3-p02180306.html,https://static.zara.net/assets/public/b844/897b/d45c4302bcd3/29643f46d696/02180306094-p/02180306094-p.jpg?ts=1772618852583,"₩59,900",,,260622,"레드,화이트",,,,
,false,,ZARA,원피스,오버롤,여성,지퍼 쇼트 점프수트,https://www.zara.com/kr/ko/%E1%84%8C%E1%85%B5%E1%84%91%E1%85%A5-%E1%84%86%E1%85%B5%E1%84%82%E1%85%B5-%E1%84%8C%E1%85%A5%E1%86%B7%E1%84%91%E1%85%B3%E1%84%89%E1%85%AE%E1%84%90%E1%85%B3-p05063348.html,https://static.zara.net/assets/public/b435/c7ee/91ee4430a5e8/29320d8ff110/05063348507-p/05063348507-p.jpg?ts=1772618852102,"₩59,900",,,260622,다크 카키,,,,
,false,,ZARA,원피스,원피스,여성,체크 레이스 미니 원피스,https://www.zara.com/kr/ko/%E1%84%8E%E1%85%A6%E1%84%8F%E1%85%B3-%E1%84%85%E1%85%A6%E1%84%8B%E1%85%B5%E1%84%89%E1%85%B3-%E1%84%86%E1%85%B5%E1%84%82%E1%85%B5-%E1%84%8B%E1%85%AF%E1%86%AB%E1%84%91%E1%85%B5%E1%84%89%E1%85%B3-p02180314.html,https://static.zara.net/assets/public/78a4/310d/9f724338bda4/5c0eca552310/02180314089-p/02180314089-p.jpg?ts=1768996320983,"₩59,900",,,260622,089,,,,
,false,,ZARA,원피스,원피스,여성,레이스 콤비 숏 원피스,https://www.zara.com/kr/ko/%E1%84%89%E1%85%AD%E1%84%90%E1%85%B3-%E1%84%8F%E1%85%A9%E1%86%B7%E1%84%87%E1%85%B5-%E1%84%85%E1%85%A6%E1%84%8B%E1%85%B5%E1%84%89%E1%85%B3-%E1%84%8B%E1%85%AF%E1%86%AB%E1%84%91%E1%85%B5%E1%84%89%E1%85%B3-p07200305.html,https://static.zara.net/assets/public/982d/3ce4/2729426a9fa3/666f65c58cc2/07200305758-p/07200305758-p.jpg?ts=1768996358767,"₩79,900",,,260622,758,,,,
,false,,ZARA,원피스,원피스,여성,새틴 트임 미니 원피스,https://www.zara.com/kr/ko/%E1%84%89%E1%85%A2%E1%84%90%E1%85%B5%E1%86%AB-%E1%84%90%E1%85%B3%E1%84%8B%E1%85%B5%E1%86%B7-%E1%84%86%E1%85%B5%E1%84%82%E1%85%B5-%E1%84%8B%E1%85%AF%E1%86%AB%E1%84%91%E1%85%B5%E1%84%89%E1%85%B3-p07812332.html,https://static.zara.net/assets/public/15dd/1a1f/05d64b9494cb/94311dfdcf83/05721215779-a1/05721215779-a1.jpg?ts=1781165303472,"₩59,900",,,260622,아이보리,,,,
,false,,ZARA,원피스,원피스,여성,자카드 홀터넥 미디 원피스,https://www.zara.com/kr/ko/%E1%84%8C%E1%85%A1%E1%84%8F%E1%85%A1%E1%84%83%E1%85%B3-%E1%84%92%E1%85%A9%E1%86%AF%E1%84%90%E1%85%A5%E1%84%82%E1%85%A6%E1%86%A8-%E1%84%86%E1%85%B5%E1%84%83%E1%85%B5-%E1%84%8B%E1%85%AF%E1%86%AB%E1%84%91%E1%85%B5%E1%84%89%E1%85%B3-p04772373.html,https://static.zara.net/assets/public/523c/4dd8/24e144dcbf93/89b97d6712dc/04772373982-p/04772373982-p.jpg?ts=1780906561114,"₩89,900",,,260622,워터 그린,,,,
,false,,ZARA,원피스,원피스,여성,스트라이프 언밸런스 미디 원피스,https://www.zara.com/kr/ko/%E1%84%89%E1%85%B3%E1%84%90%E1%85%B3%E1%84%85%E1%85%A1%E1%84%8B%E1%85%B5%E1%84%91%E1%85%B3-%E1%84%8B%E1%85%A5%E1%86%AB%E1%84%87%E1%85%A2%E1%86%AF%E1%84%85%E1%85%A5%E1%86%AB%E1%84%89%E1%85%B3-%E1%84%86%E1%85%B5%E1%84%83%E1%85%B5-%E1%84%8B%E1%85%AF%E1%86%AB%E1%84%91%E1%85%B5%E1%84%89%E1%85%B3-p02636183.html,https://static.zara.net/assets/public/1af3/2a67/23114d55922a/957a48ffb1e9/02636183330-p/02636183330-p.jpg?ts=1776338792474,"₩109,900",,,260622,멀티컬러,,,,
,false,,ZARA,원피스,원피스,여성,리본 숄더 패드 미니 원피스,https://www.zara.com/kr/ko/%E1%84%89%E1%85%AD%E1%86%AF%E1%84%83%E1%85%A5-%E1%84%91%E1%85%A2%E1%84%83%E1%85%B3-%E1%84%85%E1%85%B5%E1%84%87%E1%85%A9%E1%86%AB-%E1%84%86%E1%85%B5%E1%84%82%E1%85%B5-%E1%84%8B%E1%85%AF%E1%86%AB%E1%84%91%E1%85%B5%E1%84%89%E1%85%B3-p02691935.html,https://static.zara.net/assets/public/8ecf/493e/585549558067/7325a27c3a4f/02691935305-000-p/02691935305-000-p.jpg?ts=1776352522926,"₩59,900",,,260622,머스터드,,,,
,false,,ZARA,원피스,오버롤,여성,TRF 스트랩 데님 점프수트,https://www.zara.com/kr/ko/trf-%E1%84%89%E1%85%B3%E1%84%90%E1%85%B3%E1%84%85%E1%85%A2%E1%86%B8-%E1%84%83%E1%85%A6%E1%84%82%E1%85%B5%E1%86%B7-%E1%84%8C%E1%85%A5%E1%86%B7%E1%84%91%E1%85%B3%E1%84%89%E1%85%AE%E1%84%90%E1%85%B3-p08727082.html,https://static.zara.net/assets/public/a0dc/7b8e/2b9b4929a568/c2d71108dffc/08727082251-a6/08727082251-a6.jpg?ts=1775681217379,"₩89,900",,,260622,스크래치 화이트,,,,
,false,,ZARA,원피스,원피스,여성,보트넥 미니 원피스,https://www.zara.com/kr/ko/%E1%84%87%E1%85%A9%E1%84%90%E1%85%B3%E1%84%82%E1%85%A6%E1%86%A8-%E1%84%86%E1%85%B5%E1%84%82%E1%85%B5-%E1%84%8B%E1%85%AF%E1%86%AB%E1%84%91%E1%85%B5%E1%84%89%E1%85%B3-p03253373.html,https://static.zara.net/assets/public/ead9/3964/b8c047e9887e/72e7c6c5d0ea/03253373250-a4/03253373250-a4.jpg?ts=1775723235849,"₩29,900",,,260622,화이트,,,,
,false,,ZARA,원피스,원피스,여성,스트링 미디 원피스,https://www.zara.com/kr/ko/%E1%84%89%E1%85%B3%E1%84%90%E1%85%B3%E1%84%85%E1%85%B5%E1%86%BC-%E1%84%86%E1%85%B5%E1%84%83%E1%85%B5-%E1%84%8B%E1%85%AF%E1%86%AB%E1%84%91%E1%85%B5%E1%84%89%E1%85%B3-p02901184.html,https://static.zara.net/assets/public/8bcc/f64b/c695493688e7/c80d85d2e074/02901184629-001-p/02901184629-001-p.jpg?ts=1779100904850,"₩79,900",,,260622,라일락,,,,
,false,,ZARA,원피스,원피스,여성,새틴 플라워 미디 원피스,https://www.zara.com/kr/ko/%E1%84%89%E1%85%A2%E1%84%90%E1%85%B5%E1%86%AB-%E1%84%91%E1%85%B3%E1%86%AF%E1%84%85%E1%85%A1%E1%84%8B%E1%85%AF-%E1%84%86%E1%85%B5%E1%84%83%E1%85%B5-%E1%84%8B%E1%85%AF%E1%86%AB%E1%84%91%E1%85%B5%E1%84%89%E1%85%B3-p02742306.html,https://static.zara.net/assets/public/069f/f50d/9e6147ac9b60/fc24549f836c/02742306252-p/02742306252-p.jpg?ts=1774970840746,"₩79,900",,,260622,"화이트,로즈핑크",,,,
,false,,ZARA,원피스,원피스,여성,프릴 포인트 니트 원피스,https://www.zara.com/kr/ko/%E1%84%91%E1%85%B3%E1%84%85%E1%85%B5%E1%86%AF-%E1%84%91%E1%85%A9%E1%84%8B%E1%85%B5%E1%86%AB%E1%84%90%E1%85%B3-%E1%84%82%E1%85%B5%E1%84%90%E1%85%B3-%E1%84%8B%E1%85%AF%E1%86%AB%E1%84%91%E1%85%B5%E1%84%89%E1%85%B3-p02756040.html,https://static.zara.net/assets/public/60a4/0796/e6df43f7abeb/c9bd80a050d4/02756040737-p/02756040737-p.jpg?ts=1778767704403,"₩89,900",,,260622,"브라운,토프",,,,
,false,,ZARA,원피스,원피스,여성,언밸런스 밑단 패턴 원피스,https://www.zara.com/kr/ko/%E1%84%8B%E1%85%A5%E1%86%AB%E1%84%87%E1%85%A2%E1%86%AF%E1%84%85%E1%85%A5%E1%86%AB%E1%84%89%E1%85%B3-%E1%84%86%E1%85%B5%E1%87%80%E1%84%83%E1%85%A1%E1%86%AB-%E1%84%91%E1%85%A2%E1%84%90%E1%85%A5%E1%86%AB-%E1%84%8B%E1%85%AF%E1%86%AB%E1%84%91%E1%85%B5%E1%84%89%E1%85%B3-p03897119.html,https://static.zara.net/assets/public/3030/0c92/57f04a399c9f/fd87daaf7a2c/03897119330-a6/03897119330-a6.jpg?ts=1776094411475,"₩89,900",,,260622,멀티컬러,,,,
,false,,ZARA,원피스,원피스,여성,스트라이프 미니 원피스,https://www.zara.com/kr/ko/%E1%84%89%E1%85%B3%E1%84%90%E1%85%B3%E1%84%85%E1%85%A1%E1%84%8B%E1%85%B5%E1%84%91%E1%85%B3-%E1%84%86%E1%85%B5%E1%84%82%E1%85%B5-%E1%84%83%E1%85%B3%E1%84%85%E1%85%A6%E1%84%89%E1%85%B3-p02180338.html,https://static.zara.net/assets/public/3f0a/ca80/a4b94114825c/328e742047fd/02180338708-p/02180338708-p.jpg?ts=1769163843780,"₩59,900",,,260622,라이트 샌드,,,,
,false,,ZARA,원피스,원피스,여성,TRF 지퍼 데님 원피스,https://www.zara.com/kr/ko/trf-%E1%84%8C%E1%85%B5%E1%84%91%E1%85%A5-%E1%84%83%E1%85%A6%E1%84%82%E1%85%B5%E1%86%B7-%E1%84%8B%E1%85%AF%E1%86%AB%E1%84%91%E1%85%B5%E1%84%89%E1%85%B3-p06929085.html,https://static.zara.net/assets/public/c230/46ef/f2c0424b8eb5/e0282a459b1d/06929085443-p/06929085443-p.jpg?ts=1769163899130,"₩79,900",,,260622,다크 인디고,,,,
,false,,ZARA,원피스,원피스,여성,홀터넥 미니 원피스,https://www.zara.com/kr/ko/%E1%84%92%E1%85%A9%E1%86%AF%E1%84%90%E1%85%A5%E1%84%82%E1%85%A6%E1%86%A8-%E1%84%86%E1%85%B5%E1%84%82%E1%85%B5-%E1%84%8B%E1%85%AF%E1%86%AB%E1%84%91%E1%85%B5%E1%84%89%E1%85%B3-p06929188.html,https://static.zara.net/assets/public/fbba/3670/e53e499e9c7a/44f0ab7ce7fe/06929188407-p/06929188407-p.jpg?ts=1779280723193,"₩55,900",,,260622,블루,,,,
,false,,ZARA,원피스,원피스,여성,홀터넥 새틴 원피스,https://www.zara.com/kr/ko/%E1%84%89%E1%85%A2%E1%84%90%E1%85%B5%E1%86%AB-%E1%84%92%E1%85%A9%E1%86%AF%E1%84%90%E1%85%A5%E1%84%82%E1%85%A6%E1%86%A8-%E1%84%8B%E1%85%AF%E1%86%AB%E1%84%91%E1%85%B5%E1%84%89%E1%85%B3-p02712332.html,https://static.zara.net/assets/public/d8cb/dbf0/a8eb41a49480/0153254ceecc/02712332800-p/02712332800-p.jpg?ts=1774971516522,"₩55,900",,,260622,블랙,,,,
,false,,ZARA,원피스,원피스,여성,미디 니트 원피스,https://www.zara.com/kr/ko/%E1%84%86%E1%85%B5%E1%84%83%E1%85%B5-%E1%84%82%E1%85%B5%E1%84%90%E1%85%B3-%E1%84%8B%E1%85%AF%E1%86%AB%E1%84%91%E1%85%B5%E1%84%89%E1%85%B3-p02756048.html,https://static.zara.net/assets/public/d258/1063/983b4af7a6cc/dd187f2aa44c/02756048712-p/02756048712-p.jpg?ts=1777566731073,"₩89,900",,,260622,크림,,,,
,false,,ZARA,원피스,원피스,여성,ZW COLLECTION 언밸런스 프릴 원피스,https://www.zara.com/kr/ko/zw-collection-%E1%84%91%E1%85%B3%E1%84%85%E1%85%B5%E1%86%AF-%E1%84%8B%E1%85%A5%E1%86%AB%E1%84%87%E1%85%A2%E1%86%AF%E1%84%85%E1%85%A5%E1%86%AB%E1%84%89%E1%85%B3-%E1%84%8B%E1%85%AF%E1%86%AB%E1%84%91%E1%85%B5%E1%84%89%E1%85%B3-p00392100.html,https://static.zara.net/assets/public/fdaf/2237/f4be4a4eb1b6/39ff79c3677c/00392100700-p/00392100700-p.jpg?ts=1775058818439,"₩109,900",,,260622,브라운,,,,
,false,,ZARA,원피스,원피스,여성,ZW 컬렉션 비즈 장식 미디 원피스,https://www.zara.com/kr/ko/zw-%E1%84%8F%E1%85%A5%E1%86%AF%E1%84%85%E1%85%A6%E1%86%A8%E1%84%89%E1%85%A7%E1%86%AB-%E1%84%87%E1%85%B5%E1%84%8C%E1%85%B3-%E1%84%86%E1%85%B5%E1%84%83%E1%85%B5-%E1%84%8B%E1%85%AF%E1%86%AB%E1%84%91%E1%85%B5%E1%84%89%E1%85%B3-p03920166.html,https://static.zara.net/assets/public/44cc/74cd/a73d4c1cab64/ff1f8848f3be/03920166800-e1/03920166800-e1.jpg?ts=1775042196168,"₩209,900",,,260622,블랙,,,,
,false,,ZARA,원피스,원피스,여성,레이스 캐미솔 원피스,https://www.zara.com/kr/ko/%E1%84%85%E1%85%A6%E1%84%8B%E1%85%B5%E1%84%89%E1%85%B3-%E1%84%8F%E1%85%A2%E1%84%86%E1%85%B5%E1%84%89%E1%85%A9%E1%86%AF-%E1%84%8B%E1%85%AF%E1%86%AB%E1%84%91%E1%85%B5%E1%84%89%E1%85%B3-p07200304.html,https://static.zara.net/assets/public/7957/5a8b/dd3f40809aa4/ba69dc24f54b/07200304071-a4/07200304071-a4.jpg?ts=1770192157241,"₩89,900",,,260622,"크림,카키",,,,
,false,,ZARA,원피스,원피스,여성,홀터넥 개더 미디 원피스,https://www.zara.com/kr/ko/%E1%84%92%E1%85%A9%E1%86%AF%E1%84%90%E1%85%A5%E1%84%82%E1%85%A6%E1%86%A8-%E1%84%80%E1%85%A2%E1%84%83%E1%85%A5-%E1%84%86%E1%85%B5%E1%84%83%E1%85%B5-%E1%84%8B%E1%85%AF%E1%86%AB%E1%84%91%E1%85%B5%E1%84%89%E1%85%B3-p04772307.html,https://static.zara.net/assets/public/84a2/ee22/b0474adaa040/0c3674d6cde4/04772307250-p/04772307250-p.jpg?ts=1770193338645,"₩79,900",,,260622,화이트,,,,
,false,,ZARA,원피스,원피스,여성,콤비 미디 원피스,https://www.zara.com/kr/ko/%E1%84%8F%E1%85%A9%E1%86%B7%E1%84%87%E1%85%B5-%E1%84%86%E1%85%B5%E1%84%83%E1%85%B5-%E1%84%8B%E1%85%AF%E1%86%AB%E1%84%91%E1%85%B5%E1%84%89%E1%85%B3-p08372112.html,https://static.zara.net/assets/public/8d50/478c/c1d340648265/1a14908ca30f/08372112712-p/08372112712-p.jpg?ts=1773160652556,"₩79,900",,,260622,크림,,,,
,false,,ZARA,원피스,원피스,여성,미니 벌룬 원피스,https://www.zara.com/kr/ko/%E1%84%87%E1%85%A5%E1%86%AF%E1%84%85%E1%85%AE%E1%86%AB-%E1%84%86%E1%85%B5%E1%84%82%E1%85%B5-%E1%84%8B%E1%85%AF%E1%86%AB%E1%84%91%E1%85%B5%E1%84%89%E1%85%B3-p08372034.html,https://static.zara.net/assets/public/60ba/2d19/53f249729411/8484c83199d9/08372034700-p/08372034700-p.jpg?ts=1773160645731,"₩55,900",,,260622,브라운,,,,
,false,,ZARA,원피스,원피스,여성,ZW 컬렉션 레이스 캐미솔 원피스,https://www.zara.com/kr/ko/zw-%E1%84%8F%E1%85%A5%E1%86%AF%E1%84%85%E1%85%A6%E1%86%A8%E1%84%89%E1%85%A7%E1%86%AB-%E1%84%85%E1%85%A6%E1%84%8B%E1%85%B5%E1%84%89%E1%85%B3-%E1%84%85%E1%85%A1%E1%86%AB%E1%84%8C%E1%85%A6%E1%84%85%E1%85%B5-%E1%84%8B%E1%85%AF%E1%86%AB%E1%84%91%E1%85%B5%E1%84%89%E1%85%B3-p02678048.html,https://static.zara.net/assets/public/d708/8081/598a41a98424/a4f0e66cef8a/02678048982-2-p/02678048982-2-p.jpg?ts=1777028758880,"₩89,900",,,260622,워터 그린,,,,
,false,,ZARA,원피스,원피스,여성,ZW 컬렉션 레이스 캐미솔 원피스,https://www.zara.com/kr/ko/zw-%E1%84%8F%E1%85%A5%E1%86%AF%E1%84%85%E1%85%A6%E1%86%A8%E1%84%89%E1%85%A7%E1%86%AB-%E1%84%85%E1%85%A6%E1%84%8B%E1%85%B5%E1%84%89%E1%85%B3-%E1%84%85%E1%85%A1%E1%86%AB%E1%84%8C%E1%85%A6%E1%84%85%E1%85%B5-%E1%84%8B%E1%85%AF%E1%86%AB%E1%84%91%E1%85%B5%E1%84%89%E1%85%B3-p02678048.html,https://static.zara.net/assets/public/dadd/0bcb/20e9423aae37/047ec5acfdaf/02678048982-1-p/02678048982-1-p.jpg?ts=1777028777907,"₩89,900",,,260622,워터 그린,,,,
,false,,ZARA,원피스,원피스,여성,볼륨 숏 원피스,https://www.zara.com/kr/ko/%E1%84%87%E1%85%A9%E1%86%AF%E1%84%85%E1%85%B2%E1%86%B7-%E1%84%89%E1%85%AD%E1%86%BA-%E1%84%8B%E1%85%AF%E1%86%AB%E1%84%91%E1%85%B5%E1%84%89%E1%85%B3-p02481777.html,https://static.zara.net/assets/public/1da3/0ef5/3fc7456390ff/1ac1723f6499/02481777800-p/02481777800-p.jpg?ts=1771936996372,"₩59,900",,,260622,블랙,,,,
,false,,ZARA,원피스,원피스,여성,코르셋 볼륨 원피스,https://www.zara.com/kr/ko/%E1%84%8F%E1%85%A9%E1%84%85%E1%85%B3%E1%84%89%E1%85%A6%E1%86%BA-%E1%84%87%E1%85%A9%E1%86%AF%E1%84%85%E1%85%B2%E1%86%B7-%E1%84%8B%E1%85%AF%E1%86%AB%E1%84%91%E1%85%B5%E1%84%89%E1%85%B3-p02534111.html,https://static.zara.net/assets/public/fdd9/79d6/daa34469a145/5a85677c2c79/02534111250-p/02534111250-p.jpg?ts=1771937001922,"₩59,900",,,260622,화이트,,,,
,false,,ZARA,원피스,원피스,여성,코르셋 볼륨 원피스,https://www.zara.com/kr/ko/%E1%84%8F%E1%85%A9%E1%84%85%E1%85%B3%E1%84%89%E1%85%A6%E1%86%BA-%E1%84%87%E1%85%A9%E1%86%AF%E1%84%85%E1%85%B2%E1%86%B7-%E1%84%8B%E1%85%AF%E1%86%AB%E1%84%91%E1%85%B5%E1%84%89%E1%85%B3-p02534111.html,https://static.zara.net/assets/public/4b8e/ec93/706b4ad8b039/5285364e758e/02534111250-p/02534111250-p.jpg?ts=1772011229933,"₩59,900",,,260622,화이트,,,,
,false,,ZARA,원피스,원피스,여성,언밸런스 미니 원피스,https://www.zara.com/kr/ko/%E1%84%8B%E1%85%A5%E1%86%AB%E1%84%87%E1%85%A2%E1%86%AF%E1%84%85%E1%85%A5%E1%86%AB%E1%84%89%E1%85%B3-%E1%84%86%E1%85%B5%E1%84%82%E1%85%B5-%E1%84%8B%E1%85%AF%E1%86%AB%E1%84%91%E1%85%B5%E1%84%89%E1%85%B3-p02480184.html,https://static.zara.net/assets/public/11a9/33b7/00354d34a200/8e321dc7eb97/02480184800-p/02480184800-p.jpg?ts=1772011228461,"₩55,900",,,260622,블랙,,,,
,false,,ZARA,원피스,원피스,여성,벨트 텍스처 미디 원피스,https://www.zara.com/kr/ko/%E1%84%87%E1%85%A6%E1%86%AF%E1%84%90%E1%85%B3-%E1%84%90%E1%85%A6%E1%86%A8%E1%84%89%E1%85%B3%E1%84%8E%E1%85%A5-%E1%84%86%E1%85%B5%E1%84%83%E1%85%B5-%E1%84%8B%E1%85%AF%E1%86%AB%E1%84%91%E1%85%B5%E1%84%89%E1%85%B3-p05067210.html,https://static.zara.net/assets/public/4107/4c86/196642efab96/4f0ec23c2179/05067210075-p/05067210075-p.jpg?ts=1770823135825,"₩59,900",,,260622,"크림,베이지",,,,
,false,,ZARA,원피스,원피스,여성,벨트 텍스처 미디 원피스,https://www.zara.com/kr/ko/%E1%84%87%E1%85%A6%E1%86%AF%E1%84%90%E1%85%B3-%E1%84%90%E1%85%A6%E1%86%A8%E1%84%89%E1%85%B3%E1%84%8E%E1%85%A5-%E1%84%86%E1%85%B5%E1%84%83%E1%85%B5-%E1%84%8B%E1%85%AF%E1%86%AB%E1%84%91%E1%85%B5%E1%84%89%E1%85%B3-p05067210.html,https://static.zara.net/assets/public/86b3/3e6c/5a37421298da/089cf6afae54/05067210087-p/05067210087-p.jpg?ts=1770823139408,"₩59,900",,,260622,"브라운,크림",,,,
,false,,ZARA,원피스,원피스,여성,미디 스트랩 원피스,https://www.zara.com/kr/ko/%E1%84%86%E1%85%B5%E1%84%83%E1%85%B5-%E1%84%89%E1%85%B3%E1%84%90%E1%85%B3%E1%84%85%E1%85%A2%E1%86%B8-%E1%84%8B%E1%85%AF%E1%86%AB%E1%84%91%E1%85%B5%E1%84%89%E1%85%B3-p03644277.html,https://static.zara.net/assets/public/44ae/bb13/b61f4a96bc95/744172713ad1/03644277720-p/03644277720-p.jpg?ts=1776071953221,"₩59,900",,,260622,그레이 베이지,,,,
,false,,ZARA,원피스,원피스,여성,스트랩 미디 원피스,https://www.zara.com/kr/ko/%E1%84%86%E1%85%B5%E1%84%83%E1%85%B5-%E1%84%89%E1%85%B3%E1%84%90%E1%85%B3%E1%84%85%E1%85%A2%E1%86%B8-%E1%84%8B%E1%85%AF%E1%86%AB%E1%84%91%E1%85%B5%E1%84%89%E1%85%B3-p03644277.html,https://static.zara.net/assets/public/02bf/8c7b/75814b27b539/f89336cf82a6/03644277416-p/03644277416-p.jpg?ts=1776071953188,"₩59,900",,,260622,그레이 네이비,,,,
,false,,ZARA,원피스,원피스,여성,스트레치 토글 원피스,https://www.zara.com/kr/ko/%E1%84%89%E1%85%B3%E1%84%90%E1%85%B3%E1%84%85%E1%85%A6%E1%84%8E%E1%85%B5-%E1%84%90%E1%85%A9%E1%84%80%E1%85%B3%E1%86%AF-%E1%84%8B%E1%85%AF%E1%86%AB%E1%84%91%E1%85%B5%E1%84%89%E1%85%B3-p05584220.html,https://static.zara.net/assets/public/e833/a6e3/7b5a422990a5/37a8b0124b02/05584220800-p/05584220800-p.jpg?ts=1779718387297,"₩59,900",,,260622,블랙,,,,
,false,,ZARA,원피스,원피스,여성,벨트 드레이프 숏 원피스,https://www.zara.com/kr/ko/%E1%84%87%E1%85%A6%E1%86%AF%E1%84%90%E1%85%B3-%E1%84%83%E1%85%B3%E1%84%85%E1%85%A6%E1%84%8B%E1%85%B5%E1%84%91%E1%85%B3-%E1%84%89%E1%85%AD%E1%86%BA-%E1%84%8B%E1%85%AF%E1%86%AB%E1%84%91%E1%85%B5%E1%84%89%E1%85%B3-p07484101.html,https://static.zara.net/assets/public/766f/5a73/da2f40e8874b/b30c8edc62d6/07484101800-p/07484101800-p.jpg?ts=1780049579425,"₩57,900",,,260622,블랙,,,,
,false,,ZARA,원피스,원피스,여성,토글 디테일 미니 원피스,https://www.zara.com/kr/ko/%E1%84%90%E1%85%A9%E1%84%80%E1%85%B3%E1%86%AF-%E1%84%86%E1%85%B5%E1%84%82%E1%85%B5-%E1%84%8B%E1%85%AF%E1%86%AB%E1%84%91%E1%85%B5%E1%84%89%E1%85%B3-p05029274.html,https://static.zara.net/assets/public/f9ea/59f6/8c0646d58ca2/f6c1d5d707c0/05029274712-a4/05029274712-a4.jpg?ts=1780049577338,"₩59,900",,,260622,크림,,,,
,false,,ZARA,원피스,원피스,여성,프릴 리본 미니 원피스,https://www.zara.com/kr/ko/%E1%84%85%E1%85%B5%E1%84%87%E1%85%A9%E1%86%AB-%E1%84%91%E1%85%B3%E1%84%85%E1%85%B5%E1%86%AF-%E1%84%86%E1%85%B5%E1%84%82%E1%85%B5-%E1%84%8B%E1%85%AF%E1%86%AB%E1%84%91%E1%85%B5%E1%84%89%E1%85%B3-p05416106.html,https://static.zara.net/assets/public/776b/b5ab/e4384937be03/6c4aecb78712/05416106250-h1/05416106250-h1.jpg?ts=1779891625560,"₩149,900",,,260622,화이트,,,,
,false,,ZARA,원피스,원피스,여성,미니 포플린 원피스,https://www.zara.com/kr/ko/%E1%84%91%E1%85%A9%E1%84%91%E1%85%B3%E1%86%AF%E1%84%85%E1%85%B5%E1%86%AB-%E1%84%86%E1%85%B5%E1%84%82%E1%85%B5-%E1%84%8B%E1%85%AF%E1%86%AB%E1%84%91%E1%85%B5%E1%84%89%E1%85%B3-p04661348.html,https://static.zara.net/assets/public/bd31/5b7a/a16a49718609/dcc52adf5e98/04661348725-p/04661348725-p.jpg?ts=1771597830980,"₩59,900",,,260622,버터,,,,
,false,,ZARA,원피스,원피스,여성,깅엄 체크 점프수트 원피스,https://www.zara.com/kr/ko/%E1%84%80%E1%85%B5%E1%86%BC%E1%84%8B%E1%85%A5%E1%86%B7-%E1%84%8E%E1%85%A6%E1%84%8F%E1%85%B3-%E1%84%8C%E1%85%A5%E1%86%B7%E1%84%91%E1%85%B3%E1%84%89%E1%85%AE%E1%84%90%E1%85%B3-%E1%84%8B%E1%85%AF%E1%86%AB%E1%84%91%E1%85%B5%E1%84%89%E1%85%B3-p02180324.html,https://static.zara.net/assets/public/669b/74b1/f40c4cfeb64f/16d5bbe5a226/02180324086-p/02180324086-p.jpg?ts=1771597816758,"₩59,900",,,260622,"크림,브라운",,,,
,false,,ZARA,원피스,원피스,여성,레이스 캐미솔 원피스,https://www.zara.com/kr/ko/%E1%84%85%E1%85%A6%E1%84%8B%E1%85%B5%E1%84%89%E1%85%B3-%E1%84%8F%E1%85%A2%E1%84%86%E1%85%B5%E1%84%89%E1%85%A9%E1%86%AF-%E1%84%8B%E1%85%AF%E1%86%AB%E1%84%91%E1%85%B5%E1%84%89%E1%85%B3-p02678119.html,https://static.zara.net/assets/public/464c/2ecd/75ab43328885/6d096bd027df/02678119712-p/02678119712-p.jpg?ts=1777458031111,"₩169,900",,,260622,크림,,,,
,false,,ZARA,원피스,원피스,여성,LIMITED EDITION 플라워 비즈 자수 조젯 원피스,https://www.zara.com/kr/ko/limited-edition-%E1%84%91%E1%85%B3%E1%86%AF%E1%84%85%E1%85%A1%E1%84%8B%E1%85%AF-%E1%84%87%E1%85%B5%E1%84%8C%E1%85%B3-%E1%84%8C%E1%85%A1%E1%84%89%E1%85%AE-%E1%84%8C%E1%85%A9%E1%84%8C%E1%85%A6%E1%86%BA-%E1%84%8B%E1%85%AF%E1%86%AB%E1%84%91%E1%85%B5%E1%84%89%E1%85%B3-p07521130.html,https://static.zara.net/assets/public/3a44/661c/8bd94b40b7cf/155a6e5acd40/07521130712-a2/07521130712-a2.jpg?ts=1777458048406,"₩389,900",,,260622,크림,,,,
,false,,ZARA,원피스,원피스,여성,리브드 니트 미니 원피스,https://www.zara.com/kr/ko/%E1%84%85%E1%85%B5%E1%84%87%E1%85%B3%E1%84%83%E1%85%B3-%E1%84%82%E1%85%B5%E1%84%90%E1%85%B3-%E1%84%86%E1%85%B5%E1%84%82%E1%85%B5-%E1%84%8B%E1%85%AF%E1%86%AB%E1%84%91%E1%85%B5%E1%84%89%E1%85%B3-p09598073.html,https://static.zara.net/assets/public/e988/97bb/86814e3ea44c/ddcf9546044d/09598073919-p/09598073919-p.jpg?ts=1781076431921,"₩59,900",,,260622,레드 코랄,,,,
,false,,ZARA,원피스,원피스,여성,프린지 니트 미니 원피스,https://www.zara.com/kr/ko/%E1%84%91%E1%85%B3%E1%84%85%E1%85%B5%E1%86%AB%E1%84%8C%E1%85%B5-%E1%84%82%E1%85%B5%E1%84%90%E1%85%B3-%E1%84%86%E1%85%B5%E1%84%82%E1%85%B5-%E1%84%8B%E1%85%AF%E1%86%AB%E1%84%91%E1%85%B5%E1%84%89%E1%85%B3-p03921095.html,https://static.zara.net/assets/public/4535/3f89/481b47908fb4/03ee63fd0119/03921095712-p/03921095712-p.jpg?ts=1781076432219,"₩59,900",,,260622,크림,,,,
,false,,ZARA,원피스,원피스,여성,ZW 컬렉션 컷아웃 슬립 원피스,https://www.zara.com/kr/ko/zw-%E1%84%8F%E1%85%A5%E1%86%AF%E1%84%85%E1%85%A6%E1%86%A8%E1%84%89%E1%85%A7%E1%86%AB-%E1%84%8F%E1%85%A5%E1%86%BA%E1%84%8B%E1%85%A1%E1%84%8B%E1%85%AE%E1%86%BA-%E1%84%89%E1%85%B3%E1%86%AF%E1%84%85%E1%85%B5%E1%86%B8-%E1%84%8B%E1%85%AF%E1%86%AB%E1%84%91%E1%85%B5%E1%84%89%E1%85%B3-p05919042.html,https://static.zara.net/assets/public/7cae/99b7/80004bfb88f1/a7a1441329c5/05919042706-p/05919042706-p.jpg?ts=1775638397743,"₩109,900",,,260622,밍크,,,,
,false,,ZARA,원피스,원피스,여성,ZW 컬렉션 숏 자수 원피스,https://www.zara.com/kr/ko/zw-%E1%84%8F%E1%85%A5%E1%86%AF%E1%84%85%E1%85%A6%E1%86%A8%E1%84%89%E1%85%A7%E1%86%AB-%E1%84%89%E1%85%AD%E1%86%BA-%E1%84%8C%E1%85%A1%E1%84%89%E1%85%AE-%E1%84%8B%E1%85%AF%E1%86%AB%E1%84%91%E1%85%B5%E1%84%89%E1%85%B3-p02731049.html,https://static.zara.net/assets/public/49ab/018e/df0841b2bc66/8dcbccc204ef/02731049800-p/02731049800-p.jpg?ts=1774279791719,"₩149,900",,,260622,블랙,,,,
,false,,ZARA,원피스,원피스,여성,홀터넥 미니 원피스,https://www.zara.com/kr/ko/%E1%84%92%E1%85%A9%E1%86%AF%E1%84%90%E1%85%A5%E1%84%82%E1%85%A6%E1%86%A8-%E1%84%86%E1%85%B5%E1%84%82%E1%85%B5-%E1%84%8B%E1%85%AF%E1%86%AB%E1%84%91%E1%85%B5%E1%84%89%E1%85%B3-p05039399.html,https://static.zara.net/assets/public/1626/4856/448e47aeb29f/b7cd42d715bd/05039399800-p/05039399800-p.jpg?ts=1776952413419,"₩45,900",,,260622,블랙,,,,
,false,,ZARA,원피스,원피스,여성,초커 홀터넥 원피스,https://www.zara.com/kr/ko/%E1%84%8E%E1%85%A9%E1%84%8F%E1%85%A5-%E1%84%92%E1%85%A9%E1%86%AF%E1%84%90%E1%85%A5%E1%84%82%E1%85%A6%E1%86%A8-%E1%84%8B%E1%85%AF%E1%86%AB%E1%84%91%E1%85%B5%E1%84%89%E1%85%B3-p05039365.html,https://static.zara.net/assets/public/bde1/ad97/847242f0a454/2ee413bd1af9/05039365800-p/05039365800-p.jpg?ts=1776952407580,"₩79,900",,,260622,블랙,,,,
,false,,ZARA,원피스,원피스,여성,코르셋 볼륨 원피스,https://www.zara.com/kr/ko/%E1%84%8F%E1%85%A9%E1%84%85%E1%85%B3%E1%84%89%E1%85%A6%E1%86%BA-%E1%84%87%E1%85%A9%E1%86%AF%E1%84%85%E1%85%B2%E1%86%B7-%E1%84%8B%E1%85%AF%E1%86%AB%E1%84%91%E1%85%B5%E1%84%89%E1%85%B3-p02534111.html,https://static.zara.net/assets/public/7058/4f05/c0ba41a9aa61/d6ffe842a2f0/02534111250-p/02534111250-p.jpg?ts=1777904006846,"₩59,900",,,260622,화이트,,,,
,false,,ZARA,원피스,원피스,여성,드레이프 롱 원피스,https://www.zara.com/kr/ko/-p00858085.html,https://static.zara.net/assets/public/6a81/eda0/f29749cfbe41/db5bb7c87946/00858085323-p/00858085323-p.jpg?ts=1775645446451,"₩55,900",,,260622,노랑,,,,
,false,,ZARA,원피스,원피스,여성,메탈릭 얀 홀터넥 니트 원피스,https://www.zara.com/kr/ko/%E1%84%86%E1%85%A6%E1%84%90%E1%85%A1%E1%86%AF%E1%84%85%E1%85%B5%E1%86%A8-%E1%84%8B%E1%85%A3%E1%86%AB-%E1%84%92%E1%85%A9%E1%86%AF%E1%84%90%E1%85%A5%E1%84%82%E1%85%A6%E1%86%A8-%E1%84%82%E1%85%B5%E1%84%90%E1%85%B3-%E1%84%8B%E1%85%AF%E1%86%AB%E1%84%91%E1%85%B5%E1%84%89%E1%85%B3-p06236026.html,https://static.zara.net/assets/public/d364/53e6/d325411aa7a5/004df8c7be47/06236026808-p/06236026808-p.jpg?ts=1775657513721,"₩59,900",,,260622,실버,,,,
,false,,ZARA,원피스,오버롤,여성,홀터넥 데님 미니 점프수트,https://www.zara.com/kr/ko/%E1%84%92%E1%85%A9%E1%86%AF%E1%84%90%E1%85%A5%E1%84%82%E1%85%A6%E1%86%A8-%E1%84%83%E1%85%A6%E1%84%82%E1%85%B5%E1%86%B7-%E1%84%86%E1%85%B5%E1%84%82%E1%85%B5-%E1%84%8C%E1%85%A5%E1%86%B7%E1%84%91%E1%85%B3%E1%84%89%E1%85%AE%E1%84%90%E1%85%B3-p05252082.html,https://static.zara.net/assets/public/84cf/fed9/643546bdb233/a1ab37bcb700/05252082400-p/05252082400-p.jpg?ts=1780325480961,"₩59,900",,,260622,블루,,,,
,false,,ZARA,원피스,원피스,여성,벨트 니트 미디 원피스,https://www.zara.com/kr/ko/%E1%84%87%E1%85%A6%E1%86%AF%E1%84%90%E1%85%B3-%E1%84%82%E1%85%B5%E1%84%90%E1%85%B3-%E1%84%86%E1%85%B5%E1%84%83%E1%85%B5-%E1%84%8B%E1%85%AF%E1%86%AB%E1%84%91%E1%85%B5%E1%84%89%E1%85%B3-p05536037.html,https://static.zara.net/assets/public/d69d/664c/9f4344dfa9f4/345d1cb1b06f/05536037700-p/05536037700-p.jpg?ts=1778243383860,"₩79,900",,,260622,브라운,,,,
,false,,ZARA,원피스,원피스,여성,트임 포플린 미니 원피스,https://www.zara.com/kr/ko/%E1%84%89%E1%85%B3%E1%86%AF%E1%84%85%E1%85%B5%E1%86%BA-%E1%84%91%E1%85%A9%E1%84%91%E1%85%B3%E1%86%AF%E1%84%85%E1%85%B5%E1%86%AB-%E1%84%86%E1%85%B5%E1%84%82%E1%85%B5-%E1%84%8B%E1%85%AF%E1%86%AB%E1%84%91%E1%85%B5%E1%84%89%E1%85%B3-p04661375.html,https://static.zara.net/assets/public/726d/25c2/c60f451581d9/9400f0754bf8/04661375250-p/04661375250-p.jpg?ts=1775808619694,"₩55,900",,,260622,화이트,,,,
,false,,ZARA,원피스,원피스,여성,볼륨 자수 미니 원피스,https://www.zara.com/kr/ko/%E1%84%8C%E1%85%A1%E1%84%89%E1%85%AE-%E1%84%87%E1%85%A9%E1%86%AF%E1%84%85%E1%85%B2%E1%86%B7-%E1%84%86%E1%85%B5%E1%84%82%E1%85%B5-%E1%84%8B%E1%85%AF%E1%86%AB%E1%84%91%E1%85%B5%E1%84%89%E1%85%B3-p00881308.html,https://static.zara.net/assets/public/ec90/0c15/67394b7fa45a/be018977b799/00881308444-p/00881308444-p.jpg?ts=1775808604505,"₩79,900",,,260622,더스티 블루,,,,
,false,,ZARA,원피스,오버롤,여성,롱 벨트 점프수트,https://www.zara.com/kr/ko/%E1%84%87%E1%85%A6%E1%86%AF%E1%84%90%E1%85%B5%E1%84%83%E1%85%B3-%E1%84%85%E1%85%A9%E1%86%BC-%E1%84%8C%E1%85%A5%E1%86%B7%E1%84%91%E1%85%B3%E1%84%89%E1%85%AE%E1%84%90%E1%85%B3-p03293053.html,https://static.zara.net/assets/public/3629/5bd0/1ab74181b772/6e3d62f7003e/03293053711-p/03293053711-p.jpg?ts=1775057893508,"₩89,900",,,260622,샌드,,,,
,false,,ZARA,원피스,원피스,여성,홀터넥 셔링 미니 원피스,https://www.zara.com/kr/ko/%E1%84%92%E1%85%A9%E1%86%AF%E1%84%90%E1%85%A5%E1%84%82%E1%85%A6%E1%86%A8-%E1%84%89%E1%85%A7%E1%84%85%E1%85%B5%E1%86%BC-%E1%84%86%E1%85%B5%E1%84%82%E1%85%B5-%E1%84%8B%E1%85%AF%E1%86%AB%E1%84%91%E1%85%B5%E1%84%89%E1%85%B3-p03067344.html,https://static.zara.net/assets/public/2a63/b131/46ff459faf7b/89d594550189/03067344898-p/03067344898-p.jpg?ts=1775054822925,"₩55,900",,,260622,다크 앤트러사이트 그레이,,,,
,false,,ZARA,원피스,원피스,여성,플리츠 미디 원피스,https://www.zara.com/kr/ko/%E1%84%91%E1%85%B3%E1%86%AF%E1%84%85%E1%85%B5%E1%84%8E%E1%85%B3-%E1%84%86%E1%85%B5%E1%84%83%E1%85%B5-%E1%84%8B%E1%85%AF%E1%86%AB%E1%84%91%E1%85%B5%E1%84%89%E1%85%B3-p00387053.html,https://static.zara.net/assets/public/ac02/e1f1/59e941eea5bf/861700006e4d/00387053940-000-p/00387053940-000-p.jpg?ts=1772530226224,"₩79,900",,,260622,다크 자수색,,,,
,false,,ZARA,원피스,원피스,여성,니트 벨트 원피스,https://www.zara.com/kr/ko/%E1%84%87%E1%85%A6%E1%86%AF%E1%84%90%E1%85%B3-%E1%84%82%E1%85%B5%E1%84%90%E1%85%B3-%E1%84%8B%E1%85%AF%E1%86%AB%E1%84%91%E1%85%B5%E1%84%89%E1%85%B3-p03920836.html,https://static.zara.net/assets/public/023c/a77a/010f44728103/222fba8e84d6/03920836712-p/03920836712-p.jpg?ts=1771587806402,"₩79,900",,,260622,크림,,,,
,false,,ZARA,원피스,원피스,여성,ZW 컬렉션 포플린 플리츠 원피스,https://www.zara.com/kr/ko/zw-%E1%84%8F%E1%85%A5%E1%86%AF%E1%84%85%E1%85%A6%E1%86%A8%E1%84%89%E1%85%A7%E1%86%AB-%E1%84%91%E1%85%A9%E1%84%91%E1%85%B3%E1%86%AF%E1%84%85%E1%85%B5%E1%86%AB-%E1%84%91%E1%85%B3%E1%86%AF%E1%84%85%E1%85%B5%E1%84%8E%E1%85%B3-%E1%84%8B%E1%85%AF%E1%86%AB%E1%84%91%E1%85%B5%E1%84%89%E1%85%B3-p02507042.html,https://static.zara.net/assets/public/fc3d/88e1/b1264b019fb3/2e405cd06cf0/02132654679-a4/02132654679-a4.jpg?ts=1777540673759,"₩99,900",,,260622,코랄,,,,
,false,,ZARA,원피스,원피스,여성,ZW 컬렉션 테일러드 허리 원피스,https://www.zara.com/kr/ko/zw-%E1%84%8F%E1%85%A5%E1%86%AF%E1%84%85%E1%85%A6%E1%86%A8%E1%84%89%E1%85%A7%E1%86%AB-%E1%84%90%E1%85%A6%E1%84%8B%E1%85%B5%E1%86%AF%E1%84%85%E1%85%A5%E1%84%83%E1%85%B3-%E1%84%92%E1%85%A5%E1%84%85%E1%85%B5-%E1%84%8B%E1%85%AF%E1%86%AB%E1%84%91%E1%85%B5%E1%84%89%E1%85%B3-p02125304.html,https://static.zara.net/assets/public/67a5/7fa3/0e6e43939aa7/f7800ce5c876/02125304725-p/02125304725-p.jpg?ts=1777540673339,"₩109,900",,,260622,버터,,,,
,false,,ZARA,원피스,원피스,여성,튤 콤비 니트 원피스,https://www.zara.com/kr/ko/%E1%84%90%E1%85%B2%E1%86%AF-%E1%84%8F%E1%85%A9%E1%86%B7%E1%84%87%E1%85%B5-%E1%84%82%E1%85%B5%E1%84%90%E1%85%B3-%E1%84%8B%E1%85%AF%E1%86%AB%E1%84%91%E1%85%B5%E1%84%89%E1%85%B3-p01579102.html,https://static.zara.net/assets/public/cfa9/f2b1/d5724b3fa598/4def2f0dc923/01579102800-p/01579102800-p.jpg?ts=1769085122987,"₩109,900",,,260622,블랙,,,,
,false,,ZARA,원피스,원피스,여성,레이스 콤비 숏 원피스,https://www.zara.com/kr/ko/%E1%84%85%E1%85%A6%E1%84%8B%E1%85%B5%E1%84%89%E1%85%B3-%E1%84%8F%E1%85%A9%E1%86%B7%E1%84%87%E1%85%B5-%E1%84%89%E1%85%AD%E1%86%BA-%E1%84%8B%E1%85%AF%E1%86%AB%E1%84%91%E1%85%B5%E1%84%89%E1%85%B3-p04772321.html,https://static.zara.net/assets/public/83c8/2f88/66ce4a2cb901/7fcadc3cfd65/04772321306-p/04772321306-p.jpg?ts=1770827740888,"₩79,900",,,260622,라이트 옐로우,,,,
,false,,ZARA,원피스,원피스,여성,프릴 콤비 숏 원피스,https://www.zara.com/kr/ko/%E1%84%91%E1%85%B3%E1%84%85%E1%85%B5%E1%86%AF-%E1%84%8F%E1%85%A9%E1%86%B7%E1%84%87%E1%85%B5-%E1%84%89%E1%85%AD%E1%86%BA-%E1%84%8B%E1%85%AF%E1%86%AB%E1%84%91%E1%85%B5%E1%84%89%E1%85%B3-p00347320.html,https://static.zara.net/assets/public/4b59/e455/13d343f284a8/38d003066c33/00347320712-p/00347320712-p.jpg?ts=1772550756610,"₩49,900",,,260622,크림,,,,
,false,,ZARA,원피스,원피스,여성,벌룬 점프수트 원피스,https://www.zara.com/kr/ko/%E1%84%87%E1%85%A5%E1%86%AF%E1%84%85%E1%85%AE%E1%86%AB-%E1%84%8C%E1%85%A5%E1%86%B7%E1%84%91%E1%85%B3%E1%84%89%E1%85%AE%E1%84%90%E1%85%B3-%E1%84%8B%E1%85%AF%E1%86%AB%E1%84%91%E1%85%B5%E1%84%89%E1%85%B3-p02595111.html,https://static.zara.net/assets/public/adeb/0a20/f13446de9d65/a211c2bd1e41/02595111725-p/02595111725-p.jpg?ts=1772550768038,"₩59,900",,,260622,버터,,,,
,false,,ZARA,원피스,원피스,여성,프릴 헴라인 미니 원피스,https://www.zara.com/kr/ko/%E1%84%91%E1%85%B3%E1%84%85%E1%85%B5%E1%86%AF-%E1%84%92%E1%85%A6%E1%86%B7%E1%84%85%E1%85%A1%E1%84%8B%E1%85%B5%E1%86%AB-%E1%84%86%E1%85%B5%E1%84%82%E1%85%B5-%E1%84%8B%E1%85%AF%E1%86%AB%E1%84%91%E1%85%B5%E1%84%89%E1%85%B3-p03641307.html,https://static.zara.net/assets/public/1f2c/f4b2/3bc542b6a387/4550de7eea56/03641307800-p/03641307800-p.jpg?ts=1776167770955,"₩49,900",,,260622,블랙,,,,
,false,,ZARA,원피스,원피스,여성,프릴 헴라인 미니 원피스,https://www.zara.com/kr/ko/%E1%84%91%E1%85%B3%E1%84%85%E1%85%B5%E1%86%AF-%E1%84%92%E1%85%A6%E1%86%B7%E1%84%85%E1%85%A1%E1%84%8B%E1%85%B5%E1%86%AB-%E1%84%86%E1%85%B5%E1%84%82%E1%85%B5-%E1%84%8B%E1%85%AF%E1%86%AB%E1%84%91%E1%85%B5%E1%84%89%E1%85%B3-p03641307.html,https://static.zara.net/assets/public/830b/0779/f1ea46c8bebf/0e3b0ea5cead/03641307250-p/03641307250-p.jpg?ts=1776414988193,"₩49,900",,,260622,화이트,,,,
,false,,ZARA,원피스,원피스,여성,도트 콤비 원피스,https://www.zara.com/kr/ko/%E1%84%83%E1%85%A9%E1%84%90%E1%85%B3-%E1%84%8F%E1%85%A9%E1%86%B7%E1%84%87%E1%85%B5-%E1%84%8B%E1%85%AF%E1%86%AB%E1%84%91%E1%85%B5%E1%84%89%E1%85%B3-p01223026.html,https://static.zara.net/assets/public/1ad4/0580/38f344e9a91f/140571321d28/01223026800-a4/01223026800-a4.jpg?ts=1777378070158,"₩79,900",,,260622,블랙,,,,
,false,,ZARA,원피스,원피스,여성,플라워 튤 미디 원피스,https://www.zara.com/kr/ko/%E1%84%91%E1%85%B3%E1%86%AF%E1%84%85%E1%85%A1%E1%84%8B%E1%85%AF-%E1%84%90%E1%85%B2%E1%86%AF-%E1%84%86%E1%85%B5%E1%84%83%E1%85%B5-%E1%84%8B%E1%85%AF%E1%86%AB%E1%84%91%E1%85%B5%E1%84%89%E1%85%B3-p05070008.html,https://static.zara.net/assets/public/a49d/fb9b/34a54228a119/46e0e2510eeb/05070008800-a2/05070008800-a2.jpg?ts=1777378126278,"₩79,900",,,260622,블랙,,,,
,false,,ZARA,원피스,원피스,여성,벨트 니트 원피스,https://www.zara.com/kr/ko/%E1%84%87%E1%85%A6%E1%86%AF%E1%84%90%E1%85%B3-%E1%84%82%E1%85%B5%E1%84%90%E1%85%B3-%E1%84%8B%E1%85%AF%E1%86%AB%E1%84%91%E1%85%B5%E1%84%89%E1%85%B3-p03920836.html,https://static.zara.net/assets/public/be21/7ebf/d8164b4ebef8/44abd89b6b81/03920836706-p/03920836706-p.jpg?ts=1766150175705,"₩79,900",,,260622,밍크,,,,
,false,,ZARA,원피스,원피스,여성,ZW 컬렉션 반소매 셔츠 원피스,https://www.zara.com/kr/ko/zw-%E1%84%8F%E1%85%A5%E1%86%AF%E1%84%85%E1%85%A6%E1%86%A8%E1%84%89%E1%85%A7%E1%86%AB-%E1%84%89%E1%85%AD%E1%86%BA-%E1%84%89%E1%85%B3%E1%86%AF%E1%84%85%E1%85%B5%E1%84%87%E1%85%B3-%E1%84%89%E1%85%A7%E1%84%8E%E1%85%B3-%E1%84%8B%E1%85%AF%E1%86%AB%E1%84%91%E1%85%B5%E1%84%89%E1%85%B3-p02731052.html,https://static.zara.net/assets/public/d9ec/472f/3b474102b7c9/cb33f7003693/02731052250-p/02731052250-p.jpg?ts=1776337680740,"₩89,900",,,260622,화이트,,,,
,false,,ZARA,원피스,원피스,여성,ZW 컬렉션 컷아웃 슬립 원피스,https://www.zara.com/kr/ko/zw-%E1%84%8F%E1%85%A5%E1%86%AF%E1%84%85%E1%85%A6%E1%86%A8%E1%84%89%E1%85%A7%E1%86%AB-%E1%84%8F%E1%85%A5%E1%86%BA%E1%84%8B%E1%85%A1%E1%84%8B%E1%85%AE%E1%86%BA-%E1%84%89%E1%85%B3%E1%86%AF%E1%84%85%E1%85%B5%E1%86%B8-%E1%84%8B%E1%85%AF%E1%86%AB%E1%84%91%E1%85%B5%E1%84%89%E1%85%B3-p05919042.html,https://static.zara.net/assets/public/9b01/ae6f/e52f4c06be31/5c51dc65cdd3/05919042706-p/05919042706-p.jpg?ts=1775817616117,"₩109,900",,,260622,밍크,,,,
,false,,ZARA,원피스,원피스,여성,도트 미디 원피스,https://www.zara.com/kr/ko/%E1%84%83%E1%85%A9%E1%84%90%E1%85%B3-%E1%84%86%E1%85%B5%E1%84%83%E1%85%B5-%E1%84%8B%E1%85%AF%E1%86%AB%E1%84%91%E1%85%B5%E1%84%89%E1%85%B3-p04387032.html,https://static.zara.net/assets/public/ccc4/a512/b15f4cd8ab0a/5a2e4a22a0cf/04387032068-p/04387032068-p.jpg?ts=1770917267163,"₩79,900",,,260622,"크림,석류",,,,
,false,,ZARA,원피스,원피스,여성,스트라이프 벨트 미디 원피스,https://www.zara.com/kr/ko/%E1%84%89%E1%85%B3%E1%84%90%E1%85%B3%E1%84%85%E1%85%A1%E1%84%8B%E1%85%B5%E1%84%91%E1%85%B3-%E1%84%87%E1%85%A6%E1%86%AF%E1%84%90%E1%85%B3-%E1%84%86%E1%85%B5%E1%84%83%E1%85%B5-%E1%84%8B%E1%85%AF%E1%86%AB%E1%84%91%E1%85%B5%E1%84%89%E1%85%B3-p05029119.html,https://static.zara.net/assets/public/8b78/82ad/aa854dd9a972/a99ec3e7d6d9/05029119068-p/05029119068-p.jpg?ts=1770917274426,"₩99,900",,,260622,"크림,석류",,,,
,false,,ZARA,원피스,원피스,여성,스트라이프 미니 원피스,https://www.zara.com/kr/ko/%E1%84%89%E1%85%B3%E1%84%90%E1%85%B3%E1%84%85%E1%85%A1%E1%84%8B%E1%85%B5%E1%84%91%E1%85%B3-%E1%84%86%E1%85%B5%E1%84%82%E1%85%B5-%E1%84%8B%E1%85%AF%E1%86%AB%E1%84%91%E1%85%B5%E1%84%89%E1%85%B3-p02669500.html,https://static.zara.net/assets/public/a1ab/e1ec/cc5046ed8698/fe019f1fa3d7/02669500100-p/02669500100-p.jpg?ts=1774626032675,"₩59,900",,,260622,"크림,옐로우",,,,
,false,,ZARA,원피스,원피스,여성,ZW 컬렉션 홀터넥 미디 원피스,https://www.zara.com/kr/ko/zw-%E1%84%8F%E1%85%A5%E1%86%AF%E1%84%85%E1%85%A6%E1%86%A8%E1%84%89%E1%85%A7%E1%86%AB-%E1%84%92%E1%85%A9%E1%86%AF%E1%84%90%E1%85%A5%E1%84%82%E1%85%A6%E1%86%A8-%E1%84%86%E1%85%B5%E1%84%83%E1%85%B5-%E1%84%8B%E1%85%AF%E1%86%AB%E1%84%91%E1%85%B5%E1%84%89%E1%85%B3-p02070100.html,https://static.zara.net/assets/public/d588/08d7/e3314ecc8a9b/0f3ff59209fa/02070100741-060-a7/master.m3u8?ts=1772796785385,"₩109,900",,,260622,아이보리,,,,
,false,,ZARA,원피스,원피스,여성,벌룬 미니 원피스,https://www.zara.com/kr/ko/%E1%84%87%E1%85%A5%E1%86%AF%E1%84%85%E1%85%AE%E1%86%AB-%E1%84%86%E1%85%B5%E1%84%82%E1%85%B5-%E1%84%8B%E1%85%AF%E1%86%AB%E1%84%91%E1%85%B5%E1%84%89%E1%85%B3-p02268541.html,https://static.zara.net/assets/public/d421/bc54/227d4f2d8665/4fd767842792/02268541610-p/02268541610-p.jpg?ts=1768308473397,"₩89,900",,,260622,가지,,,,
,false,,ZARA,원피스,원피스,여성,레이스 새틴 원피스,https://www.zara.com/kr/ko/%E1%84%85%E1%85%A6%E1%84%8B%E1%85%B5%E1%84%89%E1%85%B3-%E1%84%89%E1%85%A2%E1%84%90%E1%85%B5%E1%86%AB-%E1%84%8B%E1%85%AF%E1%86%AB%E1%84%91%E1%85%B5%E1%84%89%E1%85%B3-p01758663.html,https://static.zara.net/assets/public/fc3f/cf62/2ed84d10b0a6/f76ef38e2eda/01758663916-p/01758663916-p.jpg?ts=1764942688450,"₩209,900",,,260622,그레이 블루,,,,
,false,,ZARA,원피스,원피스,여성,ZW 컬렉션 홀터넥 도트 원피스,https://www.zara.com/kr/ko/zw-%E1%84%8F%E1%85%A5%E1%86%AF%E1%84%85%E1%85%A6%E1%86%A8%E1%84%89%E1%85%A7%E1%86%AB-%E1%84%92%E1%85%A9%E1%86%AF%E1%84%90%E1%85%A5%E1%84%82%E1%85%A6%E1%86%A8-%E1%84%83%E1%85%A9%E1%84%90%E1%85%B3-%E1%84%8B%E1%85%AF%E1%86%AB%E1%84%91%E1%85%B5%E1%84%89%E1%85%B3-p05289049.html,https://static.zara.net/assets/public/8e3b/ddfa/b7d9451ea647/7f9e8141696b/05289049093-p/05289049093-p.jpg?ts=1776788191266,"₩89,900",,,260622,"블랙,크림",,,,
,false,,ZARA,원피스,원피스,여성,ZW 컬렉션 홀터넥 도트 원피스,https://www.zara.com/kr/ko/zw-%E1%84%8F%E1%85%A5%E1%86%AF%E1%84%85%E1%85%A6%E1%86%A8%E1%84%89%E1%85%A7%E1%86%AB-%E1%84%92%E1%85%A9%E1%86%AF%E1%84%90%E1%85%A5%E1%84%82%E1%85%A6%E1%86%A8-%E1%84%83%E1%85%A9%E1%84%90%E1%85%B3-%E1%84%8B%E1%85%AF%E1%86%AB%E1%84%91%E1%85%B5%E1%84%89%E1%85%B3-p05289049.html,https://static.zara.net/assets/public/3706/465a/5463493fbcb0/903b4ef8eb10/05289049093-p/05289049093-p.jpg?ts=1776679509627,"₩89,900",,,260622,"블랙,크림",,,,
,false,,ZARA,원피스,원피스,여성,브이넥 미니 원피스,https://www.zara.com/kr/ko/%E1%84%87%E1%85%B3%E1%84%8B%E1%85%B5%E1%84%82%E1%85%A6%E1%86%A8-%E1%84%86%E1%85%B5%E1%84%82%E1%85%B5-%E1%84%8B%E1%85%AF%E1%86%AB%E1%84%91%E1%85%B5%E1%84%89%E1%85%B3-p00858060.html,https://static.zara.net/assets/public/b257/7b3f/96d54ad19fa7/37ac7ca2461e/00858060700-p/00858060700-p.jpg?ts=1771939275182,"₩45,900",,,260622,브라운,,,,
,false,,ZARA,원피스,원피스,여성,브이넥 미니 원피스,https://www.zara.com/kr/ko/%E1%84%87%E1%85%B3%E1%84%8B%E1%85%B5%E1%84%82%E1%85%A6%E1%86%A8-%E1%84%86%E1%85%B5%E1%84%82%E1%85%B5-%E1%84%8B%E1%85%AF%E1%86%AB%E1%84%91%E1%85%B5%E1%84%89%E1%85%B3-p00858060.html,https://static.zara.net/assets/public/1b0e/b95b/7b31414093a2/ce79a34983dc/00858060250-p/00858060250-p.jpg?ts=1771939604042,"₩45,900",,,260622,화이트,,,,
,false,,ZARA,원피스,원피스,여성,브이넥 미니 원피스,https://www.zara.com/kr/ko/%E1%84%87%E1%85%B3%E1%84%8B%E1%85%B5%E1%84%82%E1%85%A6%E1%86%A8-%E1%84%86%E1%85%B5%E1%84%82%E1%85%B5-%E1%84%8B%E1%85%AF%E1%86%AB%E1%84%91%E1%85%B5%E1%84%89%E1%85%B3-p00858060.html,https://static.zara.net/assets/public/6ffd/3e69/14404513b394/49ba694ea9a6/00858060300-p/00858060300-p.jpg?ts=1771926114159,"₩45,900",,,260622,노랑,,,,
,false,,ZARA,원피스,원피스,여성,루즈핏 홀터넥 원피스,https://www.zara.com/kr/ko/%E1%84%92%E1%85%A9%E1%86%AF%E1%84%90%E1%85%A5%E1%84%82%E1%85%A6%E1%86%A8-%E1%84%85%E1%85%AE%E1%84%8C%E1%85%B3-%E1%84%8B%E1%85%AF%E1%86%AB%E1%84%91%E1%85%B5%E1%84%89%E1%85%B3-p06929089.html,https://static.zara.net/assets/public/194a/32c1/4b304b2ca1b2/cde824ac5ba2/06929089406-p/06929089406-p.jpg?ts=1774971514595,"₩59,900",,,260622,라이트 블루,,,,
,false,,ZARA,원피스,원피스,여성,스트레치 튜브톱 원피스,https://www.zara.com/kr/ko/%E1%84%89%E1%85%B3%E1%84%90%E1%85%B3%E1%84%85%E1%85%A6%E1%84%8E%E1%85%B5-%E1%84%90%E1%85%B2%E1%84%87%E1%85%B3%E1%84%90%E1%85%A9%E1%86%B8-%E1%84%8B%E1%85%AF%E1%86%AB%E1%84%91%E1%85%B5%E1%84%89%E1%85%B3-p06050324.html,https://static.zara.net/assets/public/314a/81c0/b9d845859f41/474d107e058b/06050324712-p/06050324712-p.jpg?ts=1774971517937,"₩45,900",,,260622,크림,,,,
,false,,ZARA,원피스,원피스,여성,ZW 컬렉션 새틴 레이스 원피스,https://www.zara.com/kr/ko/zw-%E1%84%8F%E1%85%A5%E1%86%AF%E1%84%85%E1%85%A6%E1%86%A8%E1%84%89%E1%85%A7%E1%86%AB-%E1%84%89%E1%85%A2%E1%84%90%E1%85%B5%E1%86%AB-%E1%84%85%E1%85%A6%E1%84%8B%E1%85%B5%E1%84%89%E1%85%B3-%E1%84%8B%E1%85%AF%E1%86%AB%E1%84%91%E1%85%B5%E1%84%89%E1%85%B3-p05919040.html,https://static.zara.net/assets/public/7a57/9114/9aca448d9c23/06d84e1d528a/05919040700-001-p/05919040700-001-p.jpg?ts=1764178501591,"₩109,900",,,260622,브라운,,,,
,false,,ZARA,원피스,원피스,여성,ZW 컬렉션 새틴 레이스 원피스,https://www.zara.com/kr/ko/zw-%E1%84%8F%E1%85%A5%E1%86%AF%E1%84%85%E1%85%A6%E1%86%A8%E1%84%89%E1%85%A7%E1%86%AB-%E1%84%89%E1%85%A2%E1%84%90%E1%85%B5%E1%86%AB-%E1%84%85%E1%85%A6%E1%84%8B%E1%85%B5%E1%84%89%E1%85%B3-%E1%84%8B%E1%85%AF%E1%86%AB%E1%84%91%E1%85%B5%E1%84%89%E1%85%B3-p05919040.html,https://static.zara.net/assets/public/5b41/7172/257748078a69/973139b2b787/05919040700-p/05919040700-p.jpg?ts=1765792823752,"₩109,900",,,260622,브라운,,,,
,false,,ZARA,원피스,원피스,여성,튜브톱 미니 원피스,https://www.zara.com/kr/ko/%E1%84%86%E1%85%B5%E1%84%82%E1%85%B5-%E1%84%8B%E1%85%A9%E1%84%91%E1%85%B3%E1%84%89%E1%85%AD%E1%86%AF%E1%84%83%E1%85%A5-%E1%84%8B%E1%85%AF%E1%86%AB%E1%84%91%E1%85%B5%E1%84%89%E1%85%B3-p02857113.html,https://static.zara.net/assets/public/e07f/d9b3/676049958129/86d446af0bb3/02857113630-p/02857113630-p.jpg?ts=1778238928720,"₩99,900",,,260622,자주색,,,,
,false,,ZARA,원피스,원피스,여성,언밸런스 새틴 미디 원피스,https://www.zara.com/kr/ko/%E1%84%8B%E1%85%A5%E1%86%AB%E1%84%87%E1%85%A2%E1%86%AF%E1%84%85%E1%85%A5%E1%86%AB%E1%84%89%E1%85%B3-%E1%84%89%E1%85%A2%E1%84%90%E1%85%B5%E1%86%AB-%E1%84%86%E1%85%B5%E1%84%83%E1%85%B5-%E1%84%8B%E1%85%AF%E1%86%AB%E1%84%91%E1%85%B5%E1%84%89%E1%85%B3-p02880313.html,https://static.zara.net/assets/public/c433/7ab5/84f94fe0b9cf/ad81cb43f572/02880313615-a3/02880313615-a3.jpg?ts=1778238929115,"₩99,900",,,260622,오렌지,,,,
,false,,ZARA,원피스,원피스,여성,새틴 스카프 미니 원피스,https://www.zara.com/kr/ko/%E1%84%89%E1%85%A2%E1%84%90%E1%85%B5%E1%86%AB-%E1%84%89%E1%85%B3%E1%84%8F%E1%85%A1%E1%84%91%E1%85%B3-%E1%84%86%E1%85%B5%E1%84%82%E1%85%B5-%E1%84%8B%E1%85%AF%E1%86%AB%E1%84%91%E1%85%B5%E1%84%89%E1%85%B3-p02116341.html,https://static.zara.net/assets/public/3b5c/897f/f01c4ffaafcf/19f42e776c55/09736332702-p/09736332702-p.jpg?ts=1764777323030,"₩59,900",,,260622,블랙,,,,
,false,,ZARA,원피스,오버롤,여성,벨벳 미니 블레이저 점프수트,https://www.zara.com/kr/ko/%E1%84%87%E1%85%A6%E1%86%AF%E1%84%87%E1%85%A6%E1%86%BA-%E1%84%87%E1%85%B3%E1%86%AF%E1%84%85%E1%85%A6%E1%84%8B%E1%85%B5%E1%84%8C%E1%85%A5-%E1%84%8C%E1%85%A5%E1%86%B7%E1%84%91%E1%85%B3%E1%84%89%E1%85%AE%E1%84%90%E1%85%B3-p02124150.html,https://static.zara.net/assets/public/2822/d1fc/0bd9461e89ed/5fcd07a55ed8/02124150800-p/02124150800-p.jpg?ts=1765296577113,"₩109,900",,,260622,블랙,,,,
,false,,ZARA,원피스,오버롤,여성,깅엄 체크 벨트 콤비 점프수트,https://www.zara.com/kr/ko/%E1%84%80%E1%85%B5%E1%86%BC%E1%84%8B%E1%85%A5%E1%86%B7-%E1%84%8E%E1%85%A6%E1%84%8F%E1%85%B3-%E1%84%87%E1%85%A6%E1%86%AF%E1%84%90%E1%85%B3-%E1%84%8F%E1%85%A9%E1%86%B7%E1%84%87%E1%85%B5-%E1%84%8C%E1%85%A5%E1%86%B7%E1%84%91%E1%85%B3%E1%84%89%E1%85%AE%E1%84%90%E1%85%B3-p05029127.html,https://static.zara.net/assets/public/1758/b782/57114b65a43e/40232996e6cd/05029127700-p/05029127700-p.jpg?ts=1771596240811,"₩89,900",,,260622,브라운,,,,
,false,,ZARA,원피스,원피스,여성,레이스 미디 원피스,https://www.zara.com/kr/ko/%E1%84%85%E1%85%A6%E1%84%8B%E1%85%B5%E1%84%89%E1%85%B3-%E1%84%86%E1%85%B5%E1%84%83%E1%85%B5-%E1%84%8B%E1%85%AF%E1%86%AB%E1%84%91%E1%85%B5%E1%84%89%E1%85%B3-p01165470.html,https://static.zara.net/assets/public/555a/b2de/0a4641d3a2dc/0753b1ffeb22/01165470712-a2/01165470712-a2.jpg?ts=1780413277149,"₩79,900",,,260622,크림,,,,
,false,,ZARA,원피스,원피스,여성,비즈 스트랩리스 원피스,https://www.zara.com/kr/ko/%E1%84%87%E1%85%B5%E1%84%8C%E1%85%B3-%E1%84%89%E1%85%B3%E1%84%90%E1%85%B3%E1%84%85%E1%85%A2%E1%86%B8%E1%84%85%E1%85%B5%E1%84%89%E1%85%B3-%E1%84%8B%E1%85%AF%E1%86%AB%E1%84%91%E1%85%B5%E1%84%89%E1%85%B3-p01058146.html,https://static.zara.net/assets/public/a32d/7a3f/fa9c40328019/20576819b631/01058146912-p/01058146912-p.jpg?ts=1780411131544,"₩129,900",,,260622,라이트 그린,,,,
,false,,ZARA,원피스,원피스,여성,셔링 미니 원피스,https://www.zara.com/kr/ko/%E1%84%89%E1%85%A7%E1%84%85%E1%85%B5%E1%86%BC-%E1%84%86%E1%85%B5%E1%84%82%E1%85%B5-%E1%84%8B%E1%85%AF%E1%86%AB%E1%84%91%E1%85%B5%E1%84%89%E1%85%B3-p03253319.html,https://static.zara.net/assets/public/23b3/dd3c/58854296aa58/420a366d527b/01856095303-000-a2/01856095303-000-a2.jpg?ts=1771592292124,"₩39,900",,,260622,파스텔 로즈,,,,
,false,,ZARA,원피스,원피스,여성,셔링 포켓 미니 원피스,https://www.zara.com/kr/ko/%E1%84%91%E1%85%B3%E1%86%AF%E1%84%85%E1%85%B5%E1%84%8E%E1%85%B3-%E1%84%91%E1%85%A9%E1%84%8F%E1%85%A6%E1%86%BA-%E1%84%86%E1%85%B5%E1%84%82%E1%85%B5-%E1%84%8B%E1%85%AF%E1%86%AB%E1%84%91%E1%85%B5%E1%84%89%E1%85%B3-p09747777.html,https://static.zara.net/assets/public/f66b/9b33/4ca740a9b951/d649b1372055/02467889251-p/02467889251-p.jpg?ts=1771259882838,"₩79,900",,,260622,스크래치 화이트,,,,
,false,,ZARA,원피스,원피스,여성,ZW 컬렉션 플리츠 포플린 원피스,https://www.zara.com/kr/ko/zw-%E1%84%8F%E1%85%A5%E1%86%AF%E1%84%85%E1%85%A6%E1%86%A8%E1%84%89%E1%85%A7%E1%86%AB-%E1%84%91%E1%85%B3%E1%86%AF%E1%84%85%E1%85%B5%E1%84%8E%E1%85%B3-%E1%84%91%E1%85%A9%E1%84%91%E1%85%B3%E1%86%AF%E1%84%85%E1%85%B5%E1%86%AB-%E1%84%8B%E1%85%AF%E1%86%AB%E1%84%91%E1%85%B5%E1%84%89%E1%85%B3-p08605251.html,https://static.zara.net/assets/public/377b/3a37/6c584639a9a6/02d4f4918f63/08605251620-p/08605251620-p.jpg?ts=1769610760341,"₩109,900",,,260622,로즈핑크,,,,
,false,,ZARA,원피스,원피스,여성,ZW 컬렉션 언밸런스 새틴 원피스,https://www.zara.com/kr/ko/zw-%E1%84%8F%E1%85%A5%E1%86%AF%E1%84%85%E1%85%A6%E1%86%A8%E1%84%89%E1%85%A7%E1%86%AB-%E1%84%8B%E1%85%A5%E1%86%AB%E1%84%87%E1%85%A2%E1%86%AF%E1%84%85%E1%85%A5%E1%86%AB%E1%84%89%E1%85%B3-%E1%84%89%E1%85%A2%E1%84%90%E1%85%B5%E1%86%AB-%E1%84%8B%E1%85%AF%E1%86%AB%E1%84%91%E1%85%B5%E1%84%89%E1%85%B3-p06895053.html,https://static.zara.net/assets/public/14e7/ffa6/0c104bbe9f79/6224d45ca0e4/06895053721-p/06895053721-p.jpg?ts=1769610752057,"₩89,900",,,260622,라이트 베이지,,,,
,false,,ZARA,원피스,원피스,여성,스트레치 튜브톱 원피스,https://www.zara.com/kr/ko/%E1%84%89%E1%85%B3%E1%84%90%E1%85%B3%E1%84%85%E1%85%A6%E1%84%8E%E1%85%B5-%E1%84%90%E1%85%B2%E1%84%87%E1%85%B3%E1%84%90%E1%85%A9%E1%86%B8-%E1%84%8B%E1%85%AF%E1%86%AB%E1%84%91%E1%85%B5%E1%84%89%E1%85%B3-p06050324.html,https://static.zara.net/assets/public/8411/3520/4f3540e7bfd8/57a296f0f8f7/06050324667-p/06050324667-p.jpg?ts=1774884579508,"₩45,900",,,260622,다크 가지색,,,,
,false,,ZARA,원피스,원피스,여성,콤비 미디 원피스,https://www.zara.com/kr/ko/%E1%84%8F%E1%85%A9%E1%86%B7%E1%84%87%E1%85%B5-%E1%84%86%E1%85%B5%E1%84%83%E1%85%B5-%E1%84%8B%E1%85%AF%E1%86%AB%E1%84%91%E1%85%B5%E1%84%89%E1%85%B3-p02496153.html,https://static.zara.net/assets/public/23cb/15a4/5b924a03bfff/21904c879011/02496153811-p/02496153811-p.jpg?ts=1772788199248,"₩89,900",,,260622,라이트 그레이,,,,
,false,,ZARA,원피스,원피스,여성,포플린 미니 원피스,https://www.zara.com/kr/ko/%E1%84%91%E1%85%A9%E1%84%91%E1%85%B3%E1%86%AF%E1%84%85%E1%85%B5%E1%86%AB-%E1%84%86%E1%85%B5%E1%84%82%E1%85%B5-%E1%84%8B%E1%85%AF%E1%86%AB%E1%84%91%E1%85%B5%E1%84%89%E1%85%B3-p04661348.html,https://static.zara.net/assets/public/8db3/d36b/bb914a90bcf2/27cea8032e98/02567256250-p/02567256250-p.jpg?ts=1772788200505,"₩59,900",,,260622,화이트,,,,
,false,,ZARA,원피스,원피스,여성,볼륨 새틴 오프숄더 원피스,https://www.zara.com/kr/ko/%E1%84%87%E1%85%A9%E1%86%AF%E1%84%85%E1%85%B2%E1%86%B7-%E1%84%89%E1%85%A2%E1%84%90%E1%85%B5%E1%86%AB-%E1%84%8B%E1%85%A9%E1%84%91%E1%85%B3%E1%84%89%E1%85%AD%E1%86%AF%E1%84%83%E1%85%A5-%E1%84%8B%E1%85%AF%E1%86%AB%E1%84%91%E1%85%B5%E1%84%89%E1%85%B3-p03152325.html,https://static.zara.net/assets/public/b27e/4f8f/c04d45b09a03/8e4d3ed18b2c/03152325800-p/03152325800-p.jpg?ts=1774609748081,"₩59,900",,,260622,블랙,,,,
,false,,ZARA,원피스,원피스,여성,볼륨 미니 원피스,https://www.zara.com/kr/ko/%E1%84%87%E1%85%A9%E1%86%AF%E1%84%85%E1%85%B2%E1%86%B7-%E1%84%86%E1%85%B5%E1%84%82%E1%85%B5-%E1%84%8B%E1%85%AF%E1%86%AB%E1%84%91%E1%85%B5%E1%84%89%E1%85%B3-p02714111.html,https://static.zara.net/assets/public/fee6/9df2/209543fe9c68/40127ddc9fbb/02714111251-p/02714111251-p.jpg?ts=1774609731322,"₩59,900",,,260622,스크래치 화이트,,,,
,false,,ZARA,원피스,원피스,여성,스트라이프 롱 니트 원피스,https://www.zara.com/kr/ko/%E1%84%89%E1%85%B3%E1%84%90%E1%85%B3%E1%84%85%E1%85%A1%E1%84%8B%E1%85%B5%E1%84%91%E1%85%B3-%E1%84%85%E1%85%A9%E1%86%BC-%E1%84%82%E1%85%B5%E1%84%90%E1%85%B3-%E1%84%8B%E1%85%AF%E1%86%AB%E1%84%91%E1%85%B5%E1%84%89%E1%85%B3-p04192076.html,https://static.zara.net/assets/public/a07e/e1d3/7ab94057ba41/cbe23c8ba7b1/04192076330-p/04192076330-p.jpg?ts=1780054844216,"₩59,900",,,260622,멀티컬러,,,,
,false,,ZARA,원피스,원피스,여성,메탈릭 얀 오픈워크 니트 미니 원피스,https://www.zara.com/kr/ko/%E1%84%86%E1%85%A6%E1%84%90%E1%85%A1%E1%86%AF%E1%84%85%E1%85%B5%E1%86%A8-%E1%84%8B%E1%85%A3%E1%86%AB-%E1%84%8B%E1%85%A9%E1%84%91%E1%85%B3%E1%86%AB%E1%84%8B%E1%85%AF%E1%84%8F%E1%85%B3-%E1%84%82%E1%85%B5%E1%84%90%E1%85%B3-%E1%84%86%E1%85%B5%E1%84%82%E1%85%B5-%E1%84%8B%E1%85%AF%E1%86%AB%E1%84%91%E1%85%B5%E1%84%89%E1%85%B3-p08146004.html,https://static.zara.net/assets/public/ebd2/4872/3e7a4cadb874/194c96b9fe99/08146004104-p/08146004104-p.jpg?ts=1780054843711,"₩79,900",,,260622,스트라이프,,,,
,false,,ZARA,상의,탑,여성,프린지 니트 튜닉,https://www.zara.com/kr/ko/%E1%84%91%E1%85%B3%E1%84%85%E1%85%B5%E1%86%AB%E1%84%8C%E1%85%B5-%E1%84%82%E1%85%B5%E1%84%90%E1%85%B3-%E1%84%90%E1%85%B2%E1%84%82%E1%85%B5%E1%86%A8-p09874022.html,https://static.zara.net/assets/public/3e74/c36a/292147729358/617e4b317cd3/09874022959-p/09874022959-p.jpg?ts=1780054843550,"₩89,900",,,260622,크림,,,,
,false,,ZARA,원피스,원피스,여성,심리스 레이스 스트랩 원피스,https://www.zara.com/kr/ko/%E1%84%89%E1%85%B5%E1%86%B7%E1%84%85%E1%85%B5%E1%84%89%E1%85%B3-%E1%84%85%E1%85%A6%E1%84%8B%E1%85%B5%E1%84%89%E1%85%B3-%E1%84%89%E1%85%B3%E1%84%90%E1%85%B3%E1%84%85%E1%85%A2%E1%86%B8-%E1%84%8B%E1%85%AF%E1%86%AB%E1%84%91%E1%85%B5%E1%84%89%E1%85%B3-p08779107.html,https://static.zara.net/assets/public/c2d4/dab5/93344f32850c/ab88f3104bbd/08779107800-p/08779107800-p.jpg?ts=1767024408494,"₩49,900",,,260622,블랙,,,,
,false,,ZARA,원피스,원피스,여성,레이스 롱 캐미솔 원피스,https://www.zara.com/kr/ko/%E1%84%85%E1%85%A6%E1%84%8B%E1%85%B5%E1%84%89%E1%85%B3-%E1%84%85%E1%85%A9%E1%86%BC-%E1%84%8F%E1%85%A2%E1%84%86%E1%85%B5%E1%84%89%E1%85%A9%E1%86%AF-%E1%84%8B%E1%85%AF%E1%86%AB%E1%84%91%E1%85%B5%E1%84%89%E1%85%B3-p03920116.html,https://static.zara.net/assets/public/4967/b6c6/900246be9e9c/a3fc56ca99a8/03920116800-p/03920116800-p.jpg?ts=1764767046971,"₩129,900",,,260622,블랙,,,,
,false,,ZARA,원피스,원피스,여성,롱 스트랩 니트 원피스,https://www.zara.com/kr/ko/%E1%84%89%E1%85%B3%E1%84%90%E1%85%B3%E1%84%85%E1%85%A2%E1%86%B8-%E1%84%85%E1%85%A9%E1%86%BC-%E1%84%82%E1%85%B5%E1%84%90%E1%85%B3-%E1%84%8B%E1%85%AF%E1%86%AB%E1%84%91%E1%85%B5%E1%84%89%E1%85%B3-p03500006.html,https://static.zara.net/assets/public/c9e9/5e74/630a41dab43a/f6bff2db7b32/03500006920-p/03500006920-p.jpg?ts=1779809708260,"₩59,900",,,260622,블루,,,,
,false,,ZARA,원피스,오버롤,여성,콤비 볼륨 점프수트,https://www.zara.com/kr/ko/%E1%84%87%E1%85%A9%E1%86%AF%E1%84%85%E1%85%B2%E1%86%B7-%E1%84%8F%E1%85%A9%E1%86%B7%E1%84%87%E1%85%B5-%E1%84%8C%E1%85%A5%E1%86%B7%E1%84%91%E1%85%B3%E1%84%89%E1%85%AE%E1%84%90%E1%85%B3-p04174218.html,https://static.zara.net/assets/public/9dd3/1435/c10a40628533/2469ecc1321a/04174218712-p/04174218712-p.jpg?ts=1774267270141,"₩49,900",,,260622,크림,,,,
,false,,ZARA,원피스,원피스,여성,콤비 미디 원피스,https://www.zara.com/kr/ko/%E1%84%86%E1%85%B5%E1%84%83%E1%85%B5-%E1%84%8F%E1%85%A9%E1%86%B7%E1%84%87%E1%85%B5-%E1%84%8B%E1%85%AF%E1%86%AB%E1%84%91%E1%85%B5%E1%84%89%E1%85%B3-p01223014.html,https://static.zara.net/assets/public/2739/2258/b36f4e21b7a5/eb4965b0afa4/01223014942-p/01223014942-p.jpg?ts=1774267216180,"₩89,900",,,260622,베이지 핑크,,,,
,false,,ZARA,원피스,원피스,여성,스트라이프 벌룬 미디 원피스,https://www.zara.com/kr/ko/%E1%84%89%E1%85%B3%E1%84%90%E1%85%B3%E1%84%85%E1%85%A1%E1%84%8B%E1%85%B5%E1%84%91%E1%85%B3-%E1%84%87%E1%85%A5%E1%86%AF%E1%84%85%E1%85%AE%E1%86%AB-%E1%84%86%E1%85%B5%E1%84%83%E1%85%B5-%E1%84%8B%E1%85%AF%E1%86%AB%E1%84%91%E1%85%B5%E1%84%89%E1%85%B3-p04387034.html,https://static.zara.net/assets/public/2006/f0dd/de1447fd9f4a/c1ccef6fec97/04387034070-1-h1/04387034070-1-h1.jpg?ts=1775750100722,"₩79,900",,,260622,"크림,블랙",,,,
,false,,ZARA,원피스,원피스,여성,ZW 컬렉션 리미티드 에디션 스트럭처 미디 원피스,https://www.zara.com/kr/ko/zw-%E1%84%8F%E1%85%A5%E1%86%AF%E1%84%85%E1%85%A6%E1%86%A8%E1%84%89%E1%85%A7%E1%86%AB-%E1%84%85%E1%85%B5%E1%84%86%E1%85%B5%E1%84%90%E1%85%B5%E1%84%83%E1%85%B3-%E1%84%8B%E1%85%A6%E1%84%83%E1%85%B5%E1%84%89%E1%85%A7%E1%86%AB-%E1%84%89%E1%85%B3%E1%84%90%E1%85%B3%E1%84%85%E1%85%A5%E1%86%A8%E1%84%8E%E1%85%A5-%E1%84%86%E1%85%B5%E1%84%83%E1%85%B5-%E1%84%8B%E1%85%AF%E1%86%AB%E1%84%91%E1%85%B5%E1%84%89%E1%85%B3-p02563143.html,https://static.zara.net/assets/public/417d/a199/2d104699af62/5f581be44d22/02563143701-a3/02563143701-a3.jpg?ts=1776425595559,"₩169,900",,,260622,테라코타,,,,
,false,,ZARA,원피스,원피스,여성,ZW 컬렉션 LIMITED EDITION 루즈 프릴 원피스,https://www.zara.com/kr/ko/zw-%E1%84%8F%E1%85%A5%E1%86%AF%E1%84%85%E1%85%A6%E1%86%A8%E1%84%89%E1%85%A7%E1%86%AB-limited-edition-%E1%84%85%E1%85%AE%E1%84%8C%E1%85%B3%E1%84%91%E1%85%B5%E1%86%BA-%E1%84%91%E1%85%B3%E1%84%85%E1%85%B5%E1%86%AF-%E1%84%8B%E1%85%AF%E1%86%AB%E1%84%91%E1%85%B5%E1%84%89%E1%85%B3-p02417100.html,https://static.zara.net/assets/public/2218/f507/9d8b4a0ebcc2/20c5f17c30fa/02417100300-a2/02417100300-a2.jpg?ts=1776425593510,"₩149,900",,,260622,노랑,,,,
,false,,ZARA,원피스,원피스,여성,대비되는 레이스 새틴 원피스,https://www.zara.com/kr/ko/%E1%84%8F%E1%85%A9%E1%86%AB%E1%84%90%E1%85%B3%E1%84%85%E1%85%A1%E1%84%89%E1%85%B3%E1%84%90%E1%85%B3-%E1%84%85%E1%85%A6%E1%84%8B%E1%85%B5%E1%84%89%E1%85%B3-%E1%84%89%E1%85%A2%E1%84%90%E1%85%B5%E1%86%AB-%E1%84%8B%E1%85%AF%E1%86%AB%E1%84%91%E1%85%B5%E1%84%89%E1%85%B3-p05344107.html,https://static.zara.net/assets/public/daa2/f69a/e4234cb09a09/2742784ec0c1/05344107800-p/05344107800-p.jpg?ts=1772723516094,"₩149,900",,,260622,블랙,,,,
,false,,ZARA,원피스,원피스,여성,패턴 포플린 미디 원피스,https://www.zara.com/kr/ko/%E1%84%91%E1%85%A2%E1%84%90%E1%85%A5%E1%86%AB-%E1%84%91%E1%85%A9%E1%84%91%E1%85%B3%E1%86%AF%E1%84%85%E1%85%B5%E1%86%AB-%E1%84%86%E1%85%B5%E1%84%83%E1%85%B5-%E1%84%8B%E1%85%AF%E1%86%AB%E1%84%91%E1%85%B5%E1%84%89%E1%85%B3-p03293056.html,https://static.zara.net/assets/public/0628/c1e2/b4ec4e288068/e4e20d36ed74/03293056044-a6/03293056044-a6.jpg?ts=1779205304924,"₩89,900",,,260622,"블루 ,화이트",,,,
,false,,ZARA,원피스,원피스,여성,언밸런스 미니 원피스,https://www.zara.com/kr/ko/%E1%84%8B%E1%85%A5%E1%86%AB%E1%84%87%E1%85%A2%E1%86%AF%E1%84%85%E1%85%A5%E1%86%AB%E1%84%89%E1%85%B3-%E1%84%86%E1%85%B5%E1%84%82%E1%85%B5-%E1%84%8B%E1%85%AF%E1%86%AB%E1%84%91%E1%85%B5%E1%84%89%E1%85%B3-p02480184.html,https://static.zara.net/assets/public/dabf/aec8/c7784f66986a/3309612406ad/02480184800-p/02480184800-p.jpg?ts=1771936993275,"₩55,900",,,260622,블랙,,,,
,false,,ZARA,원피스,원피스,여성,러플 홀터넥 원피스,https://www.zara.com/kr/ko/%E1%84%85%E1%85%A5%E1%84%91%E1%85%B3%E1%86%AF-%E1%84%92%E1%85%A9%E1%86%AF%E1%84%90%E1%85%A5%E1%84%82%E1%85%A6%E1%86%A8-%E1%84%8B%E1%85%AF%E1%86%AB%E1%84%91%E1%85%B5%E1%84%89%E1%85%B3-p03152380.html,https://static.zara.net/assets/public/677b/31ea/56794629a51b/720e0e66cd0b/03152380251-p/03152380251-p.jpg?ts=1772011229311,"₩59,900",,,260622,스크래치 화이트,,,,
,false,,ZARA,원피스,원피스,여성,플로럴 드레이프 미니 원피스,https://www.zara.com/kr/ko/%E1%84%91%E1%85%B3%E1%86%AF%E1%84%85%E1%85%A9%E1%84%85%E1%85%A5%E1%86%AF-%E1%84%83%E1%85%B3%E1%84%85%E1%85%A6%E1%84%8B%E1%85%B5%E1%84%91%E1%85%B3-%E1%84%86%E1%85%B5%E1%84%82%E1%85%B5-%E1%84%8B%E1%85%AF%E1%86%AB%E1%84%91%E1%85%B5%E1%84%89%E1%85%B3-p02156208.html,https://static.zara.net/assets/public/8d1d/1f69/c19946218443/dcf376104813/02156208330-h2/02156208330-h2.jpg?ts=1776953748661,"₩79,900",,,260622,멀티컬러,,,,
,false,,ZARA,원피스,원피스,여성,프릴 미니 원피스,https://www.zara.com/kr/ko/%E1%84%91%E1%85%B3%E1%84%85%E1%85%B5%E1%86%AF-%E1%84%86%E1%85%B5%E1%84%82%E1%85%B5-%E1%84%8B%E1%85%AF%E1%86%AB%E1%84%91%E1%85%B5%E1%84%89%E1%85%B3-p02389694.html,https://static.zara.net/assets/public/3793/40d8/f22747a8958f/36f72fe730ef/02389694505-p/02389694505-p.jpg?ts=1772108046640,"₩79,900",,,260622,카키,,,,
,false,,ZARA,원피스,원피스,여성,지오젯 롱 원피스,https://www.zara.com/kr/ko/%E1%84%8C%E1%85%B5%E1%84%8B%E1%85%A9%E1%84%8C%E1%85%A6%E1%86%BA-%E1%84%85%E1%85%A9%E1%86%BC-%E1%84%8B%E1%85%AF%E1%86%AB%E1%84%91%E1%85%B5%E1%84%89%E1%85%B3-p02717109.html,https://static.zara.net/assets/public/b366/255b/543b41b8a239/e63f93404e09/02717109320-p/02717109320-p.jpg?ts=1776952995104,"₩79,900",,,260622,레몬 옐로우,,,,
,false,,ZARA,원피스,원피스,여성,플라워 드레이프 미디 원피스,https://www.zara.com/kr/ko/%E1%84%91%E1%85%B3%E1%86%AF%E1%84%85%E1%85%A1%E1%84%8B%E1%85%AF-%E1%84%83%E1%85%B3%E1%84%85%E1%85%A6%E1%84%8B%E1%85%B5%E1%84%91%E1%85%B3-%E1%84%86%E1%85%B5%E1%84%83%E1%85%B5-%E1%84%8B%E1%85%AF%E1%86%AB%E1%84%91%E1%85%B5%E1%84%89%E1%85%B3-p02720100.html,https://static.zara.net/assets/public/cc58/14b7/9f6f49b5b83e/0341b0ab728c/02720100050-p/02720100050-p.jpg?ts=1776953003648,"₩79,900",,,260622,단색,,,,
,false,,ZARA,원피스,원피스,여성,린넨 홀터넥 미디 원피스,https://www.zara.com/kr/ko/%E1%84%85%E1%85%B5%E1%86%AB%E1%84%82%E1%85%A6%E1%86%AB-%E1%84%92%E1%85%A9%E1%86%AF%E1%84%90%E1%85%A5%E1%84%82%E1%85%A6%E1%86%A8-%E1%84%86%E1%85%B5%E1%84%83%E1%85%B5-%E1%84%8B%E1%85%AF%E1%86%AB%E1%84%91%E1%85%B5%E1%84%89%E1%85%B3-p02578723.html,https://static.zara.net/assets/public/e365/b8fe/50e64c31b735/7331ba51f917/02578723716-p/02578723716-p.jpg?ts=1775552263731,"₩59,900",,,260622,다크 브라운,,,,
,false,,ZARA,원피스,원피스,여성,새틴 미니 원피스,https://www.zara.com/kr/ko/%E1%84%89%E1%85%A2%E1%84%90%E1%85%B5%E1%86%AB-%E1%84%86%E1%85%B5%E1%84%82%E1%85%B5-%E1%84%8B%E1%85%AF%E1%86%AB%E1%84%91%E1%85%B5%E1%84%89%E1%85%B3-p08561399.html,https://static.zara.net/assets/public/d065/cfdd/af4a4c829442/f3c2bc2fc237/02035399681-e1/02035399681-e1.jpg?ts=1770981063894,"₩59,900",,,260622,버건디,,,,
,false,,ZARA,원피스,원피스,여성,홀터넥 롱 원피스,https://www.zara.com/kr/ko/%E1%84%92%E1%85%A9%E1%86%AF%E1%84%90%E1%85%A5%E1%84%82%E1%85%A6%E1%86%A8-%E1%84%85%E1%85%A9%E1%86%BC-%E1%84%8B%E1%85%AF%E1%86%AB%E1%84%91%E1%85%B5%E1%84%89%E1%85%B3-p01758134.html,https://static.zara.net/assets/public/75e6/56ac/f5ee4f90afb3/73ab040eb796/01758134505-p/01758134505-p.jpg?ts=1773739708728,"₩149,900",,,260622,카키,,,,
,false,,ZARA,원피스,원피스,여성,메쉬 레이스 콤비 롱 원피스,https://www.zara.com/kr/ko/%E1%84%86%E1%85%A6%E1%84%89%E1%85%B1-%E1%84%85%E1%85%A6%E1%84%8B%E1%85%B5%E1%84%89%E1%85%B3-%E1%84%8F%E1%85%A9%E1%86%B7%E1%84%87%E1%85%B5-%E1%84%85%E1%85%A9%E1%86%BC-%E1%84%8B%E1%85%AF%E1%86%AB%E1%84%91%E1%85%B5%E1%84%89%E1%85%B3-p05344116.html,https://static.zara.net/assets/public/0694/0521/f122480993a9/729050e531fa/05344116800-p/05344116800-p.jpg?ts=1773739718075,"₩209,900",,,260622,블랙,,,,
,false,,ZARA,원피스,원피스,여성,LIMITED EDITION 비즈 자수 튤 원피스,https://www.zara.com/kr/ko/limited-edition-%E1%84%87%E1%85%B5%E1%84%8C%E1%85%B3-%E1%84%8C%E1%85%A1%E1%84%89%E1%85%AE-%E1%84%90%E1%85%B2%E1%86%AF-%E1%84%8B%E1%85%AF%E1%86%AB%E1%84%91%E1%85%B5%E1%84%89%E1%85%B3-p07521136.html,https://static.zara.net/assets/public/4dc5/f494/fd7445eb8dcc/3d0eb3401205/07521136808-p/07521136808-p.jpg?ts=1779279813773,"₩259,900",,,260622,실버,,,,
,false,,ZARA,원피스,원피스,여성,반두 안감 원피스,https://www.zara.com/kr/ko/%E1%84%87%E1%85%A1%E1%86%AB%E1%84%83%E1%85%AE-%E1%84%8B%E1%85%A1%E1%86%AB%E1%84%80%E1%85%A1%E1%86%B7-%E1%84%8B%E1%85%AF%E1%86%AB%E1%84%91%E1%85%B5%E1%84%89%E1%85%B3-p01223108.html,https://static.zara.net/assets/public/a6a1/b209/eac14f059577/5040a292ecbf/01223108700-p/01223108700-p.jpg?ts=1773059177485,"₩45,900",,,260622,브라운,,,,
,false,,ZARA,원피스,원피스,여성,레이스 니트 미디 원피스,https://www.zara.com/kr/ko/%E1%84%85%E1%85%A6%E1%84%8B%E1%85%B5%E1%84%89%E1%85%B3-%E1%84%82%E1%85%B5%E1%84%90%E1%85%B3-%E1%84%86%E1%85%B5%E1%84%83%E1%85%B5-%E1%84%8B%E1%85%AF%E1%86%AB%E1%84%91%E1%85%B5%E1%84%89%E1%85%B3-p01223141.html,https://static.zara.net/assets/public/a52e/e8ee/6e86448b816c/fcc3342a64cf/01223141500-p/01223141500-p.jpg?ts=1773059182352,"₩109,900",,,260622,초록,,,,
,false,,ZARA,원피스,원피스,여성,ZW 컬렉션 스트라이프 언밸런스 원피스,https://www.zara.com/kr/ko/zw-%E1%84%8F%E1%85%A5%E1%86%AF%E1%84%85%E1%85%A6%E1%86%A8%E1%84%89%E1%85%A7%E1%86%AB-%E1%84%8B%E1%85%A5%E1%86%AB%E1%84%87%E1%85%A2%E1%86%AF%E1%84%85%E1%85%A5%E1%86%AB%E1%84%89%E1%85%B3-%E1%84%89%E1%85%B3%E1%84%90%E1%85%B3%E1%84%85%E1%85%A1%E1%84%8B%E1%85%B5%E1%84%91%E1%85%B3-%E1%84%8B%E1%85%AF%E1%86%AB%E1%84%91%E1%85%B5%E1%84%89%E1%85%B3-p02119066.html,https://static.zara.net/assets/public/6779/33de/45a14cb68bbd/8a0b9d397d66/02119066749-p/02119066749-p.jpg?ts=1776679452866,"₩169,900",,,260622,다크 데님,,,,
,false,,ZARA,원피스,원피스,여성,ZW 컬렉션 린넨 튜닉 원피스,https://www.zara.com/kr/ko/zw-%E1%84%8F%E1%85%A5%E1%86%AF%E1%84%85%E1%85%A6%E1%86%A8%E1%84%89%E1%85%A7%E1%86%AB-%E1%84%85%E1%85%B5%E1%86%AB%E1%84%82%E1%85%A6%E1%86%AB-%E1%84%90%E1%85%B2%E1%84%82%E1%85%B5%E1%86%A8-%E1%84%8B%E1%85%AF%E1%86%AB%E1%84%91%E1%85%B5%E1%84%89%E1%85%B3-p01932919.html,https://static.zara.net/assets/public/8748/740f/67af4e589823/33cad4d6bcd3/01932919756-p/01932919756-p.jpg?ts=1777034966312,"₩129,900",,,260622,미디움 카멜,,,,
,false,,ZARA,원피스,원피스,여성,ZW 컬렉션 레이스 스트랩 원피스,https://www.zara.com/kr/ko/zw-%E1%84%8F%E1%85%A5%E1%86%AF%E1%84%85%E1%85%A6%E1%86%A8%E1%84%89%E1%85%A7%E1%86%AB-%E1%84%85%E1%85%A6%E1%84%8B%E1%85%B5%E1%84%89%E1%85%B3-%E1%84%89%E1%85%B3%E1%84%90%E1%85%B3%E1%84%85%E1%85%A2%E1%86%B8-%E1%84%8B%E1%85%AF%E1%86%AB%E1%84%91%E1%85%B5%E1%84%89%E1%85%B3-p05107088.html,https://static.zara.net/assets/public/e663/64ab/01d041ad9299/7c85571c0407/05107088701-p/05107088701-p.jpg?ts=1778586902263,"₩109,900",,,260622,테라코타,,,,
,false,,ZARA,원피스,원피스,여성,ZW 컬렉션 체크 홀터넥 원피스,https://www.zara.com/kr/ko/zw-%E1%84%8F%E1%85%A5%E1%86%AF%E1%84%85%E1%85%A6%E1%86%A8%E1%84%89%E1%85%A7%E1%86%AB-%E1%84%8E%E1%85%A6%E1%84%8F%E1%85%B3-%E1%84%92%E1%85%A9%E1%86%AF%E1%84%90%E1%85%A5-%E1%84%8B%E1%85%AF%E1%86%AB%E1%84%91%E1%85%B5%E1%84%89%E1%85%B3-p02133907.html,https://static.zara.net/assets/public/c6d4/c960/71bd426fae48/2222224ddb77/02133907043-p/02133907043-p.jpg?ts=1778586803023,"₩129,900",,,260622,"네이비,화이트",,,,
,false,,ZARA,원피스,원피스,여성,ZW 컬렉션 프린트 원피스,https://www.zara.com/kr/ko/zw-%E1%84%8F%E1%85%A5%E1%86%AF%E1%84%85%E1%85%A6%E1%86%A8%E1%84%89%E1%85%A7%E1%86%AB-%E1%84%91%E1%85%B3%E1%84%85%E1%85%B5%E1%86%AB%E1%84%90%E1%85%B3-%E1%84%8B%E1%85%AF%E1%86%AB%E1%84%91%E1%85%B5%E1%84%89%E1%85%B3-p02122074.html,https://static.zara.net/assets/public/6c36/347b/a0554484a05d/ddbc78a0911d/02122074330-p/02122074330-p.jpg?ts=1778063232256,"₩169,900",,,260622,멀티컬러,,,,
,false,,ZARA,원피스,원피스,여성,ZW 컬렉션 프린트 원피스,https://www.zara.com/kr/ko/zw-%E1%84%8F%E1%85%A5%E1%86%AF%E1%84%85%E1%85%A6%E1%86%A8%E1%84%89%E1%85%A7%E1%86%AB-%E1%84%91%E1%85%B3%E1%84%85%E1%85%B5%E1%86%AB%E1%84%90%E1%85%B3-%E1%84%8B%E1%85%AF%E1%86%AB%E1%84%91%E1%85%B5%E1%84%89%E1%85%B3-p02122074.html,https://static.zara.net/assets/public/12cb/03e0/84d74073931b/24551028da69/02122074330-1-p/02122074330-1-p.jpg?ts=1778066669791,"₩169,900",,,260622,멀티컬러,,,,
,false,,ZARA,원피스,원피스,여성,새틴 백리스 원피스,https://www.zara.com/kr/ko/%E1%84%89%E1%85%A2%E1%84%90%E1%85%B5%E1%86%AB-%E1%84%87%E1%85%A2%E1%86%A8%E1%84%85%E1%85%B5%E1%84%89%E1%85%B3-%E1%84%8B%E1%85%AF%E1%86%AB%E1%84%91%E1%85%B5%E1%84%89%E1%85%B3-p05919120.html,https://static.zara.net/assets/public/9475/bbcd/89974897b408/5cb0868c3a5d/05919120959-p/05919120959-p.jpg?ts=1772200406735,"₩169,900",,,260622,크림,,,,
,false,,ZARA,원피스,원피스,여성,비즈 시퀸 자카드 원피스,https://www.zara.com/kr/ko/%E1%84%87%E1%85%B5%E1%84%8C%E1%85%B3-%E1%84%89%E1%85%B5%E1%84%8F%E1%85%B1%E1%86%AB-%E1%84%8C%E1%85%A1%E1%84%8F%E1%85%A1%E1%84%83%E1%85%B3-%E1%84%8B%E1%85%AF%E1%86%AB%E1%84%91%E1%85%B5%E1%84%89%E1%85%B3-p05344126.html,https://static.zara.net/assets/public/c7b9/0867/3ffd41a09091/2fdce3a89101/05344126072-p/05344126072-p.jpg?ts=1772200393198,"₩279,900",,,260622,아이보리-화이트,,,,
,false,,ZARA,원피스,원피스,여성,웨이브 립 니트 원피스,https://www.zara.com/kr/ko/%E1%84%8B%E1%85%B0%E1%84%8B%E1%85%B5%E1%84%87%E1%85%B3-%E1%84%85%E1%85%B5%E1%86%B8-%E1%84%82%E1%85%B5%E1%84%90%E1%85%B3-%E1%84%8B%E1%85%AF%E1%86%AB%E1%84%91%E1%85%B5%E1%84%89%E1%85%B3-p09598039.html,https://static.zara.net/assets/public/7e0e/ccf9/219845a3bccd/11b5d2b91f0a/09598039250-p/09598039250-p.jpg?ts=1772193747669,"₩59,900",,,260622,화이트,,,,
,false,,ZARA,원피스,원피스,여성,프릴 포플린 원피스,https://www.zara.com/kr/ko/%E1%84%91%E1%85%B3%E1%84%85%E1%85%B5%E1%86%AF-%E1%84%91%E1%85%A9%E1%84%91%E1%85%B3%E1%86%AF%E1%84%85%E1%85%B5%E1%86%AB-%E1%84%8B%E1%85%AF%E1%86%AB%E1%84%91%E1%85%B5%E1%84%89%E1%85%B3-p02313200.html,https://static.zara.net/assets/public/f5fd/1352/c0e449f8b7d9/ba6d44f96de2/02313200250-p/02313200250-p.jpg?ts=1772193740818,"₩79,900",,,260622,화이트,,,,
,false,,ZARA,원피스,오버롤,여성,롱 벨트 점프수트,https://www.zara.com/kr/ko/%E1%84%87%E1%85%A6%E1%86%AF%E1%84%90%E1%85%B5%E1%84%83%E1%85%B3-%E1%84%85%E1%85%A9%E1%86%BC-%E1%84%8C%E1%85%A5%E1%86%B7%E1%84%91%E1%85%B3%E1%84%89%E1%85%AE%E1%84%90%E1%85%B3-p03293053.html,https://static.zara.net/assets/public/3982/5e28/5d4d41429907/a81de38689c0/03293053711-p/03293053711-p.jpg?ts=1771593436943,"₩89,900",,,260622,샌드,,,,
,false,,ZARA,원피스,원피스,여성,프릴 미디 원피스,https://www.zara.com/kr/ko/%E1%84%91%E1%85%B3%E1%84%85%E1%85%B5%E1%86%AF-%E1%84%86%E1%85%B5%E1%84%83%E1%85%B5-%E1%84%8B%E1%85%AF%E1%86%AB%E1%84%91%E1%85%B5%E1%84%89%E1%85%B3-p04772314.html,https://static.zara.net/assets/public/5e35/e94c/adeb4fb2aed2/4f5f670b2379/04772314733-p/04772314733-p.jpg?ts=1768896650908,"₩109,900",,,260622,크림,,,,
,false,,ZARA,원피스,원피스,여성,체크 셔츠 원피스,https://www.zara.com/kr/ko/%E1%84%8E%E1%85%A6%E1%84%8F%E1%85%B3-%E1%84%89%E1%85%A7%E1%84%8E%E1%85%B3-%E1%84%8B%E1%85%AF%E1%86%AB%E1%84%91%E1%85%B5%E1%84%89%E1%85%B3-p04772303.html,https://static.zara.net/assets/public/c182/8d04/1e1f474cab61/d1b85a0b9524/04772303049-p/04772303049-p.jpg?ts=1768910424943,"₩89,900",,,260622,브라운-블루,,,,
,false,,ZARA,원피스,원피스,여성,벨트 스트라이프 미디 원피스,https://www.zara.com/kr/ko/%E1%84%87%E1%85%A6%E1%86%AF%E1%84%90%E1%85%B3-%E1%84%89%E1%85%B3%E1%84%90%E1%85%B3%E1%84%85%E1%85%A1%E1%84%8B%E1%85%B5%E1%84%91%E1%85%B3-%E1%84%86%E1%85%B5%E1%84%83%E1%85%B5-%E1%84%8B%E1%85%AF%E1%86%AB%E1%84%91%E1%85%B5%E1%84%89%E1%85%B3-p05029252.html,https://static.zara.net/assets/public/6395/6405/b386489ebf97/41895b644e44/05029252043-p/05029252043-p.jpg?ts=1778849374490,"₩99,900",,,260622,"네이비,화이트",,,,
,false,,ZARA,원피스,원피스,여성,린넨 토글 미니 원피스,https://www.zara.com/kr/ko/%E1%84%85%E1%85%B5%E1%86%AB%E1%84%82%E1%85%A6%E1%86%AB-%E1%84%90%E1%85%A9%E1%84%80%E1%85%B3%E1%86%AF-%E1%84%86%E1%85%B5%E1%84%82%E1%85%B5-%E1%84%8B%E1%85%AF%E1%86%AB%E1%84%91%E1%85%B5%E1%84%89%E1%85%B3-p02762709.html,https://static.zara.net/assets/public/a66b/ef06/3b9741129d36/5046cc7d2571/02762709401-p/02762709401-p.jpg?ts=1778850094709,"₩79,900",,,260622,네이비,,,,
,false,,ZARA,원피스,원피스,여성,미니 시퀸 원피스,https://www.zara.com/kr/ko/%E1%84%89%E1%85%B5%E1%84%8F%E1%85%B1%E1%86%AB-%E1%84%86%E1%85%B5%E1%84%82%E1%85%B5-%E1%84%8B%E1%85%AF%E1%86%AB%E1%84%91%E1%85%B5%E1%84%89%E1%85%B3-p04772358.html,https://static.zara.net/assets/public/fb70/b1d6/93f04053b7ad/e21b97f2dfd1/04772358250-p/04772358250-p.jpg?ts=1773836389182,"₩129,900",,,260622,화이트,,,,
,false,,ZARA,원피스,원피스,여성,메쉬 콤비 원피스,https://www.zara.com/kr/ko/%E1%84%86%E1%85%A6%E1%84%89%E1%85%B1-%E1%84%8F%E1%85%A9%E1%86%B7%E1%84%87%E1%85%B5-%E1%84%8B%E1%85%AF%E1%86%AB%E1%84%91%E1%85%B5%E1%84%89%E1%85%B3-p04772302.html,https://static.zara.net/assets/public/34a8/1426/c6d9436389f2/1b56b7e04bf8/04772302835-p/04772302835-p.jpg?ts=1773858856428,"₩79,900",,,260622,다크 납색,,,,
,false,,ZARA,원피스,원피스,여성,드레이프 새틴 원피스,https://www.zara.com/kr/ko/%E1%84%89%E1%85%A2%E1%84%90%E1%85%B5%E1%86%AB-%E1%84%83%E1%85%B3%E1%84%85%E1%85%A6%E1%84%8B%E1%85%B5%E1%84%91%E1%85%B3-%E1%84%8B%E1%85%AF%E1%86%AB%E1%84%91%E1%85%B5%E1%84%89%E1%85%B3-p05919625.html,https://static.zara.net/assets/public/bd38/b16c/99e9408c847b/8d9306812170/05919625800-p/05919625800-p.jpg?ts=1764066727409,"₩169,900",,,260622,블랙,,,,
,false,,ZARA,원피스,원피스,여성,벨벳 스트랩 원피스,https://www.zara.com/kr/ko/%E1%84%87%E1%85%A6%E1%86%AF%E1%84%87%E1%85%A6%E1%86%BA-%E1%84%89%E1%85%B3%E1%84%90%E1%85%B3%E1%84%85%E1%85%A2%E1%86%B8-%E1%84%8B%E1%85%AF%E1%86%AB%E1%84%91%E1%85%B5%E1%84%89%E1%85%B3-p05344102.html,https://static.zara.net/assets/public/eae0/4d87/cce84c23b48b/4135786c8660/05344102800-p/05344102800-p.jpg?ts=1764066723085,"₩169,900",,,260622,블랙,,,,
,false,,ZARA,원피스,원피스,여성,ZW 컬렉션 숏 셔츠 원피스,https://www.zara.com/kr/ko/zw-%E1%84%8F%E1%85%A5%E1%86%AF%E1%84%85%E1%85%A6%E1%86%A8%E1%84%89%E1%85%A7%E1%86%AB-%E1%84%89%E1%85%AD%E1%86%BA-%E1%84%89%E1%85%A7%E1%84%8E%E1%85%B3-%E1%84%8B%E1%85%AF%E1%86%AB%E1%84%91%E1%85%B5%E1%84%89%E1%85%B3-p08438591.html,https://static.zara.net/assets/public/e732/a28f/eb464a65873c/670b164163fc/08438591401-p/08438591401-p.jpg?ts=1770306358582,"₩109,900",,,260622,네이비,,,,
,false,,ZARA,원피스,원피스,여성,롱 콤비 원피스,https://www.zara.com/kr/ko/%E1%84%8F%E1%85%A9%E1%86%B7%E1%84%87%E1%85%B5-%E1%84%85%E1%85%A9%E1%86%BC-%E1%84%8B%E1%85%AF%E1%86%AB%E1%84%91%E1%85%B5%E1%84%89%E1%85%B3-p02298001.html,https://static.zara.net/assets/public/f56e/c0c3/ef844b688341/28c1ca490f0d/02298001064-p/02298001064-p.jpg?ts=1770306357124,"₩79,900",,,260622,"화이트,블랙",,,,
,false,,ZARA,원피스,원피스,여성,SOSHIOTSUKI X ZARA 새틴 벨트 원피스,https://www.zara.com/kr/ko/%E1%84%89%E1%85%A2%E1%84%90%E1%85%B5%E1%86%AB-%E1%84%87%E1%85%A6%E1%86%AF%E1%84%90%E1%85%B3-%E1%84%8B%E1%85%AF%E1%86%AB%E1%84%91%E1%85%B5%E1%84%89%E1%85%B3-soshiotsuki-x-zara-p09751710.html,https://static.zara.net/assets/public/a1df/e16c/3a514cab9666/6f0a340232b5/09751710620-p/09751710620-p.jpg?ts=1764677904706,"₩279,900",,,260622,로즈핑크,,,,
,false,,ZARA,원피스,원피스,여성,SOSHIOTSUKI X ZARA 새틴 벨트 원피스,https://www.zara.com/kr/ko/%E1%84%89%E1%85%A2%E1%84%90%E1%85%B5%E1%86%AB-%E1%84%87%E1%85%A6%E1%86%AF%E1%84%90%E1%85%B3-%E1%84%8B%E1%85%AF%E1%86%AB%E1%84%91%E1%85%B5%E1%84%89%E1%85%B3-soshiotsuki-x-zara-p09751710.html,https://static.zara.net/assets/public/a1df/e16c/3a514cab9666/6f0a340232b5/09751710620-p/09751710620-p.jpg?ts=1764677904706,"₩279,900",,,260622,로즈핑크,,,,
,false,,ZARA,원피스,원피스,여성,레이스 콤비 미니 원피스,https://www.zara.com/kr/ko/%E1%84%85%E1%85%A6%E1%84%8B%E1%85%B5%E1%84%89%E1%85%B3-%E1%84%8F%E1%85%A9%E1%86%B7%E1%84%87%E1%85%B5-%E1%84%86%E1%85%B5%E1%84%82%E1%85%B5-%E1%84%8B%E1%85%AF%E1%86%AB%E1%84%91%E1%85%B5%E1%84%89%E1%85%B3-p02391399.html,https://static.zara.net/assets/public/f6af/d5c8/39cc4172a5b4/6140afec87fd/02391399401-p/02391399401-p.jpg?ts=1770190761049,"₩79,900",,,260622,네이비,,,,
,false,,ZARA,원피스,원피스,여성,벨트 플리츠 미디 원피스,https://www.zara.com/kr/ko/%E1%84%87%E1%85%A6%E1%86%AF%E1%84%90%E1%85%B3-%E1%84%91%E1%85%B3%E1%86%AF%E1%84%85%E1%85%B5%E1%84%8E%E1%85%B3-%E1%84%86%E1%85%B5%E1%84%83%E1%85%B5-%E1%84%8B%E1%85%AF%E1%86%AB%E1%84%91%E1%85%B5%E1%84%89%E1%85%B3-p05029054.html,https://static.zara.net/assets/public/333d/a885/7a094130b784/79bb6e4cfd77/05029054250-p/05029054250-p.jpg?ts=1770190706120,"₩99,900",,,260622,화이트,,,,
,false,,ZARA,원피스,원피스,여성,메탈릭 얀 오픈워크 니트 미니 원피스,https://www.zara.com/kr/ko/%E1%84%86%E1%85%A6%E1%84%90%E1%85%A1%E1%86%AF%E1%84%85%E1%85%B5%E1%86%A8-%E1%84%8B%E1%85%A3%E1%86%AB-%E1%84%8B%E1%85%A9%E1%84%91%E1%85%B3%E1%86%AB%E1%84%8B%E1%85%AF%E1%84%8F%E1%85%B3-%E1%84%82%E1%85%B5%E1%84%90%E1%85%B3-%E1%84%86%E1%85%B5%E1%84%82%E1%85%B5-%E1%84%8B%E1%85%AF%E1%86%AB%E1%84%91%E1%85%B5%E1%84%89%E1%85%B3-p08146004.html,https://static.zara.net/assets/public/3c28/88c1/670346ac94ad/4ba5b9b6fee1/08146004104-p/08146004104-p.jpg?ts=1781111138486,"₩79,900",,,260622,스트라이프,,,,
,false,,ZARA,원피스,원피스,여성,레이스 콤비 스트랩 탑,https://www.zara.com/kr/ko/%E1%84%85%E1%85%A6%E1%84%8B%E1%85%B5%E1%84%89%E1%85%B3-%E1%84%89%E1%85%B3%E1%84%90%E1%85%B3%E1%84%85%E1%85%A2%E1%86%B8-%E1%84%8F%E1%85%A9%E1%86%B7%E1%84%87%E1%85%B5-%E1%84%90%E1%85%A1%E1%86%B8-p01758126.html,https://static.zara.net/assets/public/3963/c01c/264c4c05be29/35840b9aee5a/01758126800-p/01758126800-p.jpg?ts=1772626776622,"₩89,900",,,260622,블랙,,,,
,false,,ZARA,원피스,원피스,여성,새틴 드레이프 네크라인 원피스,https://www.zara.com/kr/ko/%E1%84%89%E1%85%A2%E1%84%90%E1%85%B5%E1%86%AB-%E1%84%83%E1%85%B3%E1%84%85%E1%85%A6%E1%84%8B%E1%85%B5%E1%84%91%E1%85%B3-%E1%84%82%E1%85%A6%E1%84%8F%E1%85%B3%E1%84%85%E1%85%A1%E1%84%8B%E1%85%B5%E1%86%AB-%E1%84%8B%E1%85%AF%E1%86%AB%E1%84%91%E1%85%B5%E1%84%89%E1%85%B3-p04772103.html,https://static.zara.net/assets/public/5a58/3ec2/696b4f4ab429/c477dd3b89ff/04772103716-p/04772103716-p.jpg?ts=1772626787382,"₩129,900",,,260622,다크 브라운,,,,
,false,,ZARA,원피스,원피스,여성,프릴 롱 원피스,https://www.zara.com/kr/ko/%E1%84%91%E1%85%B3%E1%84%85%E1%85%B5%E1%86%AF-%E1%84%85%E1%85%A9%E1%86%BC-%E1%84%8B%E1%85%AF%E1%86%AB%E1%84%91%E1%85%B5%E1%84%89%E1%85%B3-p05029138.html,https://static.zara.net/assets/public/fae9/67fc/cf5b45489dfc/f4f6b002291f/05029138829-1-p/05029138829-1-p.jpg?ts=1772629559570,"₩99,900",,,260622,코발트,,,,
,false,,ZARA,원피스,원피스,여성,도트 미니 원피스,https://www.zara.com/kr/ko/%E1%84%83%E1%85%A9%E1%84%90%E1%85%B3-%E1%84%86%E1%85%B5%E1%84%82%E1%85%B5-%E1%84%8B%E1%85%AF%E1%86%AB%E1%84%91%E1%85%B5%E1%84%89%E1%85%B3-p03564051.html,https://static.zara.net/assets/public/c39b/ea64/1de64b379022/d187b9c3a189/03564051049-1-p/03564051049-1-p.jpg?ts=1772714968965,"₩59,900",,,260622,브라운-블루,,,,
,false,,ZARA,원피스,원피스,여성,ZW 컬렉션 포플린 플리츠 원피스,https://www.zara.com/kr/ko/zw-%E1%84%8F%E1%85%A5%E1%86%AF%E1%84%85%E1%85%A6%E1%86%A8%E1%84%89%E1%85%A7%E1%86%AB-%E1%84%91%E1%85%A9%E1%84%91%E1%85%B3%E1%86%AF%E1%84%85%E1%85%B5%E1%86%AB-%E1%84%91%E1%85%B3%E1%86%AF%E1%84%85%E1%85%B5%E1%84%8E%E1%85%B3-%E1%84%8B%E1%85%AF%E1%86%AB%E1%84%91%E1%85%B5%E1%84%89%E1%85%B3-p02507042.html,https://static.zara.net/assets/public/96a1/cd12/b8ae482383d6/128d45d3015e/02507042800-015-p/02507042800-015-p.jpg?ts=1777032345251,"₩99,900",,,260622,블랙,,,,
,false,,ZARA,원피스,원피스,여성,레이스 콤비 미니 원피스,https://www.zara.com/kr/ko/%E1%84%85%E1%85%A6%E1%84%8B%E1%85%B5%E1%84%89%E1%85%B3-%E1%84%8F%E1%85%A9%E1%86%B7%E1%84%87%E1%85%B5-%E1%84%86%E1%85%B5%E1%84%82%E1%85%B5-%E1%84%8B%E1%85%AF%E1%86%AB%E1%84%91%E1%85%B5%E1%84%89%E1%85%B3-p05039354.html,https://static.zara.net/assets/public/9327/6506/c5c6402f9a0e/7cd0602ab29a/05039354803-p/05039354803-p.jpg?ts=1771931175646,"₩49,900",,,260622,그레이,,,,
,false,,ZARA,원피스,원피스,여성,레이스 미니 원피스,https://www.zara.com/kr/ko/%E1%84%85%E1%85%A6%E1%84%8B%E1%85%B5%E1%84%89%E1%85%B3-%E1%84%86%E1%85%B5%E1%84%82%E1%85%B5-%E1%84%8B%E1%85%AF%E1%86%AB%E1%84%91%E1%85%B5%E1%84%89%E1%85%B3-p05039366.html,https://static.zara.net/assets/public/c8ec/9c41/a2fb41cb98dc/3eff9acf82da/05039366800-p/05039366800-p.jpg?ts=1771931177267,"₩59,900",,,260622,블랙,,,,
,false,,ZARA,원피스,원피스,여성,레이스 실크 혼방 캐미솔 원피스,https://www.zara.com/kr/ko/%E1%84%89%E1%85%B5%E1%86%AF%E1%84%8F%E1%85%B3-%E1%84%92%E1%85%A9%E1%86%AB%E1%84%87%E1%85%A1%E1%86%BC-%E1%84%85%E1%85%A6%E1%84%8B%E1%85%B5%E1%84%89%E1%85%B3-%E1%84%8F%E1%85%A2%E1%84%86%E1%85%B5%E1%84%89%E1%85%A9%E1%86%AF-%E1%84%8B%E1%85%AF%E1%86%AB%E1%84%91%E1%85%B5%E1%84%89%E1%85%B3-p09457090.html,https://static.zara.net/assets/public/aedc/97a9/3bdd43cca326/f8480c6dd611/09457090736-p/09457090736-p.jpg?ts=1764864058707,"₩149,900",,,260622,라이트 밍크,,,,
,false,,ZARA,원피스,원피스,여성,레이스 미디 원피스,https://www.zara.com/kr/ko/%E1%84%85%E1%85%A6%E1%84%8B%E1%85%B5%E1%84%89%E1%85%B3-%E1%84%86%E1%85%B5%E1%84%83%E1%85%B5-%E1%84%8B%E1%85%AF%E1%86%AB%E1%84%91%E1%85%B5%E1%84%89%E1%85%B3-p01067101.html,https://static.zara.net/assets/public/97bd/5574/b5a84cd5837e/15c1b6e12d88/01067101700-p/01067101700-p.jpg?ts=1764767032451,"₩129,900",,,260622,브라운,,,,
,false,,ZARA,원피스,원피스,여성,ZW 컬렉션 100% 라미 셔츠 원피스,https://www.zara.com/kr/ko/zw-%E1%84%8F%E1%85%A5%E1%86%AF%E1%84%85%E1%85%A6%E1%86%A8%E1%84%89%E1%85%A7%E1%86%AB-100-%E1%84%85%E1%85%A1%E1%84%86%E1%85%B5-%E1%84%89%E1%85%A7%E1%84%8E%E1%85%B3-%E1%84%8B%E1%85%AF%E1%86%AB%E1%84%91%E1%85%B5%E1%84%89%E1%85%B3-p02226003.html,https://static.zara.net/assets/public/1b70/135b/245e4832827e/2df39051be14/02226003330-p/02226003330-p.jpg?ts=1780647461668,"₩169,900",,,260622,멀티컬러,,,,
,false,,ZARA,원피스,원피스,여성,드레이프 도트 미니 원피스,https://www.zara.com/kr/ko/%E1%84%83%E1%85%B3%E1%84%85%E1%85%A6%E1%84%8B%E1%85%B5%E1%84%91%E1%85%B3-%E1%84%83%E1%85%A9%E1%84%90%E1%85%B3-%E1%84%86%E1%85%B5%E1%84%82%E1%85%B5-%E1%84%8B%E1%85%AF%E1%86%AB%E1%84%91%E1%85%B5%E1%84%89%E1%85%B3-p02664244.html,https://static.zara.net/assets/public/bb38/b66d/59384f739411/95a086d9f93d/02664244044-p/02664244044-p.jpg?ts=1777463311826,"₩89,900",,,260622,"블루 ,화이트",,,,
,false,,ZARA,원피스,원피스,여성,홀터넥 미디 원피스,https://www.zara.com/kr/ko/%E1%84%92%E1%85%A9%E1%86%AF%E1%84%90%E1%85%A5%E1%84%82%E1%85%A6%E1%86%A8-%E1%84%86%E1%85%B5%E1%84%83%E1%85%B5-%E1%84%8B%E1%85%AF%E1%86%AB%E1%84%91%E1%85%B5%E1%84%89%E1%85%B3-p02628268.html,https://static.zara.net/assets/public/eafe/b986/c60249f3bc3e/3239eb1d416c/02628268630-p/02628268630-p.jpg?ts=1777463311942,"₩89,900",,,260622,자주색,,,,
,false,,ZARA,원피스,원피스,여성,루즈 도트 원피스,https://www.zara.com/kr/ko/%E1%84%85%E1%85%AE%E1%84%8C%E1%85%B3-%E1%84%83%E1%85%A9%E1%84%90%E1%85%B3-%E1%84%8B%E1%85%AF%E1%86%AB%E1%84%91%E1%85%B5%E1%84%89%E1%85%B3-p05039190.html,https://static.zara.net/assets/public/deea/903e/33c54e4e8af0/04c209d1d87e/05039190300-ult3/05039190300-ult3.jpg?ts=1778761479619,"₩59,900",,,260622,노랑,,,,
,false,,ZARA,상의,니트,여성,태슬 펀칭 니트 원피스,https://www.zara.com/kr/ko/%E1%84%90%E1%85%A2%E1%84%89%E1%85%B3%E1%86%AF-%E1%84%91%E1%85%A5%E1%86%AB%E1%84%8E%E1%85%B5%E1%86%BC-%E1%84%82%E1%85%B5%E1%84%90%E1%85%B3-%E1%84%8B%E1%85%AF%E1%86%AB%E1%84%91%E1%85%B5%E1%84%89%E1%85%B3-p03969001.html,https://static.zara.net/assets/public/5ce3/6e6a/dbdb4164a125/68271e4d0ce2/08372449737-p/08372449737-p.jpg?ts=1778668065753,"₩109,900",,,260622,크림,,,,
,false,,ZARA,원피스,원피스,여성,루즈 롱 원피스,https://www.zara.com/kr/ko/%E1%84%85%E1%85%AE%E1%84%8C%E1%85%B3-%E1%84%85%E1%85%A9%E1%86%BC-%E1%84%8B%E1%85%AF%E1%86%AB%E1%84%91%E1%85%B5%E1%84%89%E1%85%B3-p05644026.html,https://static.zara.net/assets/public/8899/2630/85e94a6fa4a9/07efcca07f13/05644026800-1-p/05644026800-1-p.jpg?ts=1773665737998,"₩59,900",,,260622,블랙,,,,
,false,,ZARA,원피스,원피스,여성,린넨 벨트 미디 원피스,https://www.zara.com/kr/ko/%E1%84%85%E1%85%B5%E1%86%AB%E1%84%82%E1%85%A6%E1%86%AB-%E1%84%87%E1%85%A6%E1%86%AF%E1%84%90%E1%85%B5%E1%84%83%E1%85%B3-%E1%84%86%E1%85%B5%E1%84%83%E1%85%B5-%E1%84%8B%E1%85%AF%E1%86%AB%E1%84%91%E1%85%B5%E1%84%89%E1%85%B3-p04745035.html,https://static.zara.net/assets/public/29a7/7148/4faf47498a48/28eb2a67cdc3/04745035400-p/04745035400-p.jpg?ts=1773412578951,"₩89,900",,,260622,블루,,,,
,false,,ZARA,원피스,원피스,여성,레이스 홀터넥 원피스,https://www.zara.com/kr/ko/%E1%84%85%E1%85%A6%E1%84%8B%E1%85%B5%E1%84%89%E1%85%B3-%E1%84%92%E1%85%A9%E1%86%AF%E1%84%90%E1%85%A5%E1%84%82%E1%85%A6%E1%86%A8-%E1%84%8B%E1%85%AF%E1%86%AB%E1%84%91%E1%85%B5%E1%84%89%E1%85%B3-p03641308.html,https://static.zara.net/assets/public/2e2b/e81b/7dc444e3899c/31f776f096c6/03641308700-p/03641308700-p.jpg?ts=1773253368608,"₩45,900",,,260622,브라운,,,,
,false,,ZARA,원피스,원피스,여성,루즈 홀터넥 원피스,https://www.zara.com/kr/ko/%E1%84%85%E1%85%AE%E1%84%8C%E1%85%B3%E1%84%91%E1%85%B5%E1%86%BA-%E1%84%92%E1%85%A9%E1%86%AF%E1%84%90%E1%85%A5%E1%84%82%E1%85%A6%E1%86%A8-%E1%84%8B%E1%85%AF%E1%86%AB%E1%84%91%E1%85%B5%E1%84%89%E1%85%B3-p05584389.html,https://static.zara.net/assets/public/4252/9951/ede047619362/3a6fb1271f95/05584389401-p/05584389401-p.jpg?ts=1773253377523,"₩49,900",,,260622,네이비,,,,
,false,,ZARA,원피스,오버롤,여성,ZW 컬렉션 오픈 백 점프수트,https://www.zara.com/kr/ko/zw-%E1%84%8F%E1%85%A5%E1%86%AF%E1%84%85%E1%85%A6%E1%86%A8%E1%84%89%E1%85%A7%E1%86%AB-%E1%84%83%E1%85%B1%E1%86%BA%E1%84%86%E1%85%A7%E1%86%AB-%E1%84%90%E1%85%B3%E1%84%8B%E1%85%B5%E1%86%B7-%E1%84%8C%E1%85%A5%E1%86%B7%E1%84%91%E1%85%B3%E1%84%89%E1%85%AE%E1%84%90%E1%85%B3-p02176669.html,https://static.zara.net/assets/public/c366/141f/e8424345a120/702b87bbbd69/02999336708-p/02999336708-p.jpg?ts=1781682146580,"₩149,900",,,260622,베이지,,,,
,false,,ZARA,원피스,원피스,여성,ZW 컬렉션 드레이프 미디 원피스,https://www.zara.com/kr/ko/zw-%E1%84%8F%E1%85%A5%E1%86%AF%E1%84%85%E1%85%A6%E1%86%A8%E1%84%89%E1%85%A7%E1%86%AB-%E1%84%83%E1%85%B3%E1%84%85%E1%85%A6%E1%84%8B%E1%85%B5%E1%84%91%E1%85%B3-%E1%84%86%E1%85%B5%E1%84%83%E1%85%B5-%E1%84%8B%E1%85%AF%E1%86%AB%E1%84%91%E1%85%B5%E1%84%89%E1%85%B3-p02507043.html,https://static.zara.net/assets/public/33ba/869a/c72e4fba9ab0/32c66521cfa2/02142083600-p/02142083600-p.jpg?ts=1781682494686,"₩89,900",,,260622,네이비,,,,
,false,,ZARA,원피스,원피스,여성,드레이프 미디 원피스 ZW 컬렉션,https://www.zara.com/kr/ko/%E1%84%83%E1%85%B3%E1%84%85%E1%85%A6%E1%84%8B%E1%85%B5%E1%84%91%E1%85%B3-%E1%84%86%E1%85%B5%E1%84%83%E1%85%B5-%E1%84%8B%E1%85%AF%E1%86%AB%E1%84%91%E1%85%B5%E1%84%89%E1%85%B3-zw-collection-p02140235.html,https://static.zara.net/assets/public/1849/958e/1bd845638045/fc8303fa975a/02595538600-p/02595538600-p.jpg?ts=1781681516015,"₩149,900",,,260622,블랙,,,,
,false,,ZARA,원피스,원피스,여성,레이스 홀터넥 원피스,https://www.zara.com/kr/ko/%E1%84%85%E1%85%A6%E1%84%8B%E1%85%B5%E1%84%89%E1%85%B3-%E1%84%92%E1%85%A9%E1%86%AF%E1%84%90%E1%85%A5%E1%84%82%E1%85%A6%E1%86%A8-%E1%84%8B%E1%85%AF%E1%86%AB%E1%84%91%E1%85%B5%E1%84%89%E1%85%B3-p03920124.html,https://static.zara.net/assets/public/9735/f3eb/3d9642acb8d3/e3c131fa6825/03920124700-p/03920124700-p.jpg?ts=1771424145576,"₩189,900",,,260622,브라운,,,,
,false,,ZARA,원피스,원피스,여성,새틴 레이스 캐미솔 원피스,https://www.zara.com/kr/ko/%E1%84%89%E1%85%A2%E1%84%90%E1%85%B5%E1%86%AB-%E1%84%85%E1%85%A6%E1%84%8B%E1%85%B5%E1%84%89%E1%85%B3-%E1%84%8F%E1%85%A2%E1%84%86%E1%85%B5%E1%84%89%E1%85%A9%E1%86%AF-%E1%84%8B%E1%85%AF%E1%86%AB%E1%84%91%E1%85%B5%E1%84%89%E1%85%B3-p04786119.html,https://static.zara.net/assets/public/17e1/00de/59754c4eb112/ed6973e43a6d/04786119621-p/04786119621-p.jpg?ts=1774435771489,"₩109,900",,,260622,파스텔 로즈,,,,
,false,,ZARA,원피스,원피스,여성,니트 콤비 원피스,https://www.zara.com/kr/ko/%E1%84%8F%E1%85%A9%E1%86%B7%E1%84%87%E1%85%B5-%E1%84%82%E1%85%B5%E1%84%90%E1%85%B3-%E1%84%8B%E1%85%AF%E1%86%AB%E1%84%91%E1%85%B5%E1%84%89%E1%85%B3-p01223132.html,https://static.zara.net/assets/public/771b/4001/d724438db726/d9ce55bc5e77/01223132712-p/01223132712-p.jpg?ts=1774435752719,"₩109,900",,,260622,크림,,,,
,false,,ZARA,원피스,원피스,여성,드레이프 미니 원피스,https://www.zara.com/kr/ko/%E1%84%83%E1%85%B3%E1%84%85%E1%85%A6%E1%84%8B%E1%85%B5%E1%84%91%E1%85%B3-%E1%84%86%E1%85%B5%E1%84%82%E1%85%B5-%E1%84%8B%E1%85%AF%E1%86%AB%E1%84%91%E1%85%B5%E1%84%89%E1%85%B3-p03666093.html,https://static.zara.net/assets/public/c18f/034a/f8364c60b35b/ef4821748aaf/03666093700-p/03666093700-p.jpg?ts=1774280752346,"₩59,900",,,260622,브라운,,,,
,false,,ZARA,원피스,원피스,여성,린넨 벨트 미니 원피스,https://www.zara.com/kr/ko/%E1%84%85%E1%85%B5%E1%86%AB%E1%84%82%E1%85%A6%E1%86%AB-%E1%84%87%E1%85%A6%E1%86%AF%E1%84%90%E1%85%B3-%E1%84%86%E1%85%B5%E1%84%82%E1%85%B5-%E1%84%8B%E1%85%AF%E1%86%AB%E1%84%91%E1%85%B5%E1%84%89%E1%85%B3-p02598712.html,https://static.zara.net/assets/public/80ec/26e2/4b034fa89c18/a9be638adda5/02598712745-p/02598712745-p.jpg?ts=1778847883982,"₩89,900",,,260622,토피,,,,
,false,,ZARA,원피스,원피스,여성,롱 니트 원피스,https://www.zara.com/kr/ko/%E1%84%85%E1%85%A9%E1%86%BC-%E1%84%82%E1%85%B5%E1%84%90%E1%85%B3-%E1%84%8B%E1%85%AF%E1%86%AB%E1%84%91%E1%85%B5%E1%84%89%E1%85%B3-p02893049.html,https://static.zara.net/assets/public/4c08/f191/d19f4f05ae8c/2e2745dbed31/02893049422-p/02893049422-p.jpg?ts=1779722096914,"₩109,900",,,260622,다크 블루,,,,
,false,,ZARA,원피스,원피스,여성,ZW 컬렉션 언밸런스 프린지 원피스,https://www.zara.com/kr/ko/zw-%E1%84%8F%E1%85%A5%E1%86%AF%E1%84%85%E1%85%A6%E1%86%A8%E1%84%89%E1%85%A7%E1%86%AB-%E1%84%8B%E1%85%A5%E1%86%AB%E1%84%87%E1%85%A2%E1%86%AF%E1%84%85%E1%85%A5%E1%86%AB%E1%84%89%E1%85%B3-%E1%84%91%E1%85%B3%E1%84%85%E1%85%B5%E1%86%AB%E1%84%8C%E1%85%B5-%E1%84%8B%E1%85%AF%E1%86%AB%E1%84%91%E1%85%B5%E1%84%89%E1%85%B3-p01758042.html,https://static.zara.net/assets/public/95cd/0300/bdd04f61ab02/4fef51162194/01758042800-p/01758042800-p.jpg?ts=1779718525600,"₩169,900",,,260622,블랙,,,,
,false,,ZARA,원피스,원피스,여성,시퀸 미디 원피스,https://www.zara.com/kr/ko/%E1%84%86%E1%85%B5%E1%84%83%E1%85%B5-%E1%84%89%E1%85%B5%E1%84%8F%E1%85%B1%E1%86%AB-%E1%84%8B%E1%85%AF%E1%86%AB%E1%84%91%E1%85%B5%E1%84%89%E1%85%B3-p04387040.html,https://static.zara.net/assets/public/8a8c/1046/c0e3411db3fd/5a80b4a1e8a1/04387040712-p/04387040712-p.jpg?ts=1776338802555,"₩89,900",,,260622,크림,,,,
,false,,ZARA,원피스,원피스,여성,컷아웃 스트레치 니트 원피스,https://www.zara.com/kr/ko/%E1%84%8F%E1%85%A5%E1%86%BA%E1%84%8B%E1%85%A1%E1%84%8B%E1%85%AE%E1%86%BA-%E1%84%89%E1%85%B3%E1%84%90%E1%85%B3%E1%84%85%E1%85%A6%E1%84%8E%E1%85%B5-%E1%84%82%E1%85%B5%E1%84%90%E1%85%B3-%E1%84%8B%E1%85%AF%E1%86%AB%E1%84%91%E1%85%B5%E1%84%89%E1%85%B3-p05584356.html,https://static.zara.net/assets/public/8a78/512d/b589469eb6f4/496bda90c482/05584356800-p/05584356800-p.jpg?ts=1772790398803,"₩49,900",,,260622,블랙,,,,
,false,,ZARA,원피스,원피스,여성,ZW 컬렉션 자카드 미디 원피스,https://www.zara.com/kr/ko/zw-%E1%84%8F%E1%85%A5%E1%86%AF%E1%84%85%E1%85%A6%E1%86%A8%E1%84%89%E1%85%A7%E1%86%AB-%E1%84%8C%E1%85%A1%E1%84%8F%E1%85%A1%E1%84%83%E1%85%B3-%E1%84%86%E1%85%B5%E1%84%83%E1%85%B5-%E1%84%8B%E1%85%AF%E1%86%AB%E1%84%91%E1%85%B5%E1%84%89%E1%85%B3-p07521057.html,https://static.zara.net/assets/public/901c/188a/e0c84544b245/c65aaa0abab5/07521057717-p/07521057717-p.jpg?ts=1774621666703,"₩109,900",,,260622,초콜렛,,,,
,false,,ZARA,원피스,원피스,여성,ZW 컬렉션 플리츠 홀터넥 원피스,https://www.zara.com/kr/ko/zw-%E1%84%8F%E1%85%A5%E1%86%AF%E1%84%85%E1%85%A6%E1%86%A8%E1%84%89%E1%85%A7%E1%86%AB-%E1%84%92%E1%85%A9%E1%86%AF%E1%84%90%E1%85%A5-%E1%84%91%E1%85%B3%E1%86%AF%E1%84%85%E1%85%B5%E1%84%8E%E1%85%B3-%E1%84%8B%E1%85%AF%E1%86%AB%E1%84%91%E1%85%B5%E1%84%89%E1%85%B3-p04786044.html,https://static.zara.net/assets/public/eeb9/b4c0/aaa542989c59/9fb286bf5570/04786044727-p/04786044727-p.jpg?ts=1774621666608,"₩109,900",,,260622,바닐라,,,,
,false,,ZARA,원피스,원피스,여성,리본 미니 원피스,https://www.zara.com/kr/ko/%E1%84%85%E1%85%B5%E1%84%87%E1%85%A9%E1%86%AB-%E1%84%86%E1%85%B5%E1%84%82%E1%85%B5-%E1%84%8B%E1%85%AF%E1%86%AB%E1%84%91%E1%85%B5%E1%84%89%E1%85%B3-p02360536.html,https://static.zara.net/assets/public/951a/a92e/59d04c86a7bd/3c0e9f28dbdb/02360536712-p/02360536712-p.jpg?ts=1777463311174,"₩59,900",,,260622,크림,,,,
,false,,ZARA,원피스,원피스,여성,스트라이프 드레이프 홀터넥 원피스,https://www.zara.com/kr/ko/%E1%84%89%E1%85%B3%E1%84%90%E1%85%B3%E1%84%85%E1%85%A1%E1%84%8B%E1%85%B5%E1%84%91%E1%85%B3-%E1%84%83%E1%85%B3%E1%84%85%E1%85%A6%E1%84%8B%E1%85%B5%E1%84%91%E1%85%B3-%E1%84%92%E1%85%A9%E1%86%AF%E1%84%90%E1%85%A5%E1%84%82%E1%85%A6%E1%86%A8-%E1%84%8B%E1%85%AF%E1%86%AB%E1%84%91%E1%85%B5%E1%84%89%E1%85%B3-p02180367.html,https://static.zara.net/assets/public/0cc5/7357/9316424387f9/1471e3d23bb2/02180367114-p/02180367114-p.jpg?ts=1779809698736,"₩59,900",,,260622,레드,,,,
,false,,ZARA,원피스,원피스,여성,새틴 홀터넥 미디 원피스,https://www.zara.com/kr/ko/%E1%84%89%E1%85%A2%E1%84%90%E1%85%B5%E1%86%AB-%E1%84%92%E1%85%A9%E1%86%AF%E1%84%90%E1%85%A5%E1%84%82%E1%85%A6%E1%86%A8-%E1%84%86%E1%85%B5%E1%84%83%E1%85%B5-%E1%84%8B%E1%85%AF%E1%86%AB%E1%84%91%E1%85%B5%E1%84%89%E1%85%B3-p04772386.html,https://static.zara.net/assets/public/5ce7/d194/12794d88baf8/b281f0b4e385/04772386800-015-p/04772386800-015-p.jpg?ts=1779871692530,"₩59,900",,,260622,블랙,,,,
,false,,ZARA,원피스,원피스,여성,린넨 벨티드 미디 원피스,https://www.zara.com/kr/ko/%E1%84%85%E1%85%B5%E1%86%AB%E1%84%82%E1%85%A6%E1%86%AB-%E1%84%87%E1%85%A6%E1%86%AF%E1%84%90%E1%85%B3-%E1%84%86%E1%85%B5%E1%84%83%E1%85%B5-%E1%84%8B%E1%85%AF%E1%86%AB%E1%84%91%E1%85%B5%E1%84%89%E1%85%B3-p00387078.html,https://static.zara.net/assets/public/9cce/bc1d/6af444aea36c/9175fbe8fa84/00387078507-1-a2/00387078507-1-a2.jpg?ts=1780056117234,"₩79,900",,,260622,다크 카키,,,,
,false,,ZARA,원피스,원피스,여성,린넨 크로스 홀터넥 미디 원피스,https://www.zara.com/kr/ko/%E1%84%85%E1%85%B5%E1%86%AB%E1%84%82%E1%85%A6%E1%86%AB-%E1%84%8F%E1%85%B3%E1%84%85%E1%85%A9%E1%84%89%E1%85%B3-%E1%84%92%E1%85%A9%E1%86%AF%E1%84%90%E1%85%A5%E1%84%82%E1%85%A6%E1%86%A8-%E1%84%86%E1%85%B5%E1%84%83%E1%85%B5-%E1%84%8B%E1%85%AF%E1%86%AB%E1%84%91%E1%85%B5%E1%84%89%E1%85%B3-p08741230.html,https://static.zara.net/assets/public/8adb/c525/706043d7bce9/c58ac441cc37/08741230520-1-p/08741230520-1-p.jpg?ts=1780056117292,"₩79,900",,,260622,라임,,,,
,false,,ZARA,원피스,원피스,여성,벌룬 슬리브 린넨 미디 원피스,https://www.zara.com/kr/ko/%E1%84%87%E1%85%A5%E1%86%AF%E1%84%85%E1%85%AE%E1%86%AB-%E1%84%89%E1%85%B3%E1%86%AF%E1%84%85%E1%85%B5%E1%84%87%E1%85%B3-%E1%84%85%E1%85%B5%E1%86%AB%E1%84%82%E1%85%A6%E1%86%AB-%E1%84%86%E1%85%B5%E1%84%83%E1%85%B5-%E1%84%8B%E1%85%AF%E1%86%AB%E1%84%91%E1%85%B5%E1%84%89%E1%85%B3-p02604727.html,https://static.zara.net/assets/public/0921/5b10/55254075b346/6859cb1165ad/02604727052-p/02604727052-p.jpg?ts=1774618099316,"₩89,900",,,260622,라이트 베이지,,,,
,false,,ZARA,원피스,원피스,여성,비즈 장식 슬릿 니트 원피스,https://www.zara.com/kr/ko/%E1%84%80%E1%85%AE%E1%84%89%E1%85%B3%E1%86%AF-%E1%84%90%E1%85%B3%E1%84%8B%E1%85%B5%E1%86%B7-%E1%84%82%E1%85%B5%E1%84%90%E1%85%B3-%E1%84%86%E1%85%B5%E1%84%82%E1%85%B5-%E1%84%8B%E1%85%AF%E1%86%AB%E1%84%91%E1%85%B5%E1%84%89%E1%85%B3-p03921018.html,https://static.zara.net/assets/public/3b69/5754/928a4663b072/364ea5f3a6d4/03921018800-p/03921018800-p.jpg?ts=1775062991144,"₩59,900",,,260622,블랙,,,,
,false,,ZARA,원피스,원피스,여성,드레이프 미니 원피스,https://www.zara.com/kr/ko/%E1%84%83%E1%85%B3%E1%84%85%E1%85%A6%E1%84%8B%E1%85%B5%E1%84%91%E1%85%B3-%E1%84%86%E1%85%B5%E1%84%82%E1%85%B5-%E1%84%8B%E1%85%AF%E1%86%AB%E1%84%91%E1%85%B5%E1%84%89%E1%85%B3-p03666093.html,https://static.zara.net/assets/public/7364/9ff5/dbba4cdd896b/e513555e9edc/03666093700-p/03666093700-p.jpg?ts=1775063532258,"₩59,900",,,260622,브라운,,,,
,false,,ZARA,원피스,원피스,여성,벌룬 슬리브 미니 원피스,https://www.zara.com/kr/ko/%E1%84%87%E1%85%A5%E1%86%AF%E1%84%85%E1%85%AE%E1%86%AB-%E1%84%89%E1%85%B3%E1%86%AF%E1%84%85%E1%85%B5%E1%84%87%E1%85%B3-%E1%84%86%E1%85%B5%E1%84%82%E1%85%B5-%E1%84%8B%E1%85%AF%E1%86%AB%E1%84%91%E1%85%B5%E1%84%89%E1%85%B3-p03897114.html,https://static.zara.net/assets/public/fc15/5de6/21b44648860c/f0ee7f3750d2/02175536712-p/02175536712-p.jpg?ts=1773411722751,"₩89,900",,,260622,크림,,,,
,false,,ZARA,원피스,원피스,여성,컷아웃 레이스 원피스,https://www.zara.com/kr/ko/%E1%84%8F%E1%85%A5%E1%86%BA%E1%84%8B%E1%85%A1%E1%84%8B%E1%85%AE%E1%86%BA-%E1%84%85%E1%85%A6%E1%84%8B%E1%85%B5%E1%84%89%E1%85%B3-%E1%84%8B%E1%85%AF%E1%86%AB%E1%84%91%E1%85%B5%E1%84%89%E1%85%B3-p01067002.html,https://static.zara.net/assets/public/db56/2759/c7134210b104/7f752d9e4390/05030019800-p/05030019800-p.jpg?ts=1774614243295,"₩59,900",,,260622,블랙,,,,
,false,,ZARA,원피스,원피스,여성,레이스 콤비 원피스,https://www.zara.com/kr/ko/%E1%84%85%E1%85%A6%E1%84%8B%E1%85%B5%E1%84%89%E1%85%B3-%E1%84%8F%E1%85%A9%E1%86%B7%E1%84%87%E1%85%B5-%E1%84%8B%E1%85%AF%E1%86%AB%E1%84%91%E1%85%B5%E1%84%89%E1%85%B3-p01067004.html,https://static.zara.net/assets/public/e74e/45b1/f6bf4a4796a2/686ab6a25d53/05039020800-p/05039020800-p.jpg?ts=1774614282344,"₩59,900",,,260622,블랙,,,,
,false,,ZARA,원피스,원피스,여성,코튼 롱 원피스,https://www.zara.com/kr/ko/%E1%84%8F%E1%85%A9%E1%84%90%E1%85%B3%E1%86%AB-%E1%84%85%E1%85%A9%E1%86%BC-%E1%84%8B%E1%85%AF%E1%86%AB%E1%84%91%E1%85%B5%E1%84%89%E1%85%B3-p00858042.html,https://static.zara.net/assets/public/9624/376a/4cb84fe8ac92/4a008d0e7678/00858042712-1-p/00858042712-1-p.jpg?ts=1775657429355,"₩49,900",,,260622,크림,,,,
,false,,ZARA,원피스,원피스,여성,링 스트랩 레이스 원피스,https://www.zara.com/kr/ko/%E1%84%85%E1%85%A6%E1%84%8B%E1%85%B5%E1%84%89%E1%85%B3-%E1%84%85%E1%85%B5%E1%86%BC-%E1%84%89%E1%85%B3%E1%84%90%E1%85%B3%E1%84%85%E1%85%A2%E1%86%B8-%E1%84%8B%E1%85%AF%E1%86%AB%E1%84%91%E1%85%B5%E1%84%89%E1%85%B3-p01758151.html,https://static.zara.net/assets/public/9b10/0aab/9369450da327/38e52f3895db/01758151716-p/01758151716-p.jpg?ts=1778835407088,"₩189,900",,,260622,다크 브라운,,,,
,false,,ZARA,원피스,원피스,여성,루즈 미니 원피스,https://www.zara.com/kr/ko/%E1%84%85%E1%85%AE%E1%84%8C%E1%85%B3%E1%84%91%E1%85%B5%E1%86%BA-%E1%84%86%E1%85%B5%E1%84%82%E1%85%B5-%E1%84%8B%E1%85%AF%E1%86%AB%E1%84%91%E1%85%B5%E1%84%89%E1%85%B3-p05039387.html,https://static.zara.net/assets/public/59a3/be06/aabc48059428/6a512c3ffa4c/05039387716-p/05039387716-p.jpg?ts=1773253891901,"₩55,900",,,260622,다크 브라운,,,,
,false,,ZARA,원피스,원피스,여성,홀터넥 미디 원피스,https://www.zara.com/kr/ko/%E1%84%92%E1%85%A9%E1%86%AF%E1%84%90%E1%85%A5%E1%84%82%E1%85%A6%E1%86%A8-%E1%84%86%E1%85%B5%E1%84%83%E1%85%B5-%E1%84%8B%E1%85%AF%E1%86%AB%E1%84%91%E1%85%B5%E1%84%89%E1%85%B3-p05039389.html,https://static.zara.net/assets/public/e50f/1c9d/3fdd4599ab48/7ca371efd47b/05039389529-p/05039389529-p.jpg?ts=1773253891888,"₩59,900",,,260622,다크 그린,,,,
,false,,ZARA,원피스,원피스,여성,ZW 컬렉션 체크 홀터넥 원피스,https://www.zara.com/kr/ko/zw-%E1%84%8F%E1%85%A5%E1%86%AF%E1%84%85%E1%85%A6%E1%86%A8%E1%84%89%E1%85%A7%E1%86%AB-%E1%84%8E%E1%85%A6%E1%84%8F%E1%85%B3-%E1%84%92%E1%85%A9%E1%86%AF%E1%84%90%E1%85%A5-%E1%84%8B%E1%85%AF%E1%86%AB%E1%84%91%E1%85%B5%E1%84%89%E1%85%B3-p02133907.html,https://static.zara.net/assets/public/c57b/2198/2ff546f7b439/e767162ba9cc/02133907043-p/02133907043-p.jpg?ts=1778602707292,"₩129,900",,,260622,"네이비,화이트",,,,
,false,,ZARA,원피스,원피스,여성,ZW 컬렉션 린넨 홀터넥 원피스,https://www.zara.com/kr/ko/zw-%E1%84%8F%E1%85%A5%E1%86%AF%E1%84%85%E1%85%A6%E1%86%A8%E1%84%89%E1%85%A7%E1%86%AB-%E1%84%85%E1%85%B5%E1%86%AB%E1%84%82%E1%85%A6%E1%86%AB-%E1%84%92%E1%85%A9%E1%86%AF%E1%84%90%E1%85%A5%E1%84%82%E1%85%A6%E1%86%A8-%E1%84%8B%E1%85%AF%E1%86%AB%E1%84%91%E1%85%B5%E1%84%89%E1%85%B3-p02103122.html,https://static.zara.net/assets/public/37ce/6c98/edd84f529b32/be72aec9ea7e/02103122104-h1/02103122104-h1.jpg?ts=1780909801809,"₩99,900",,,260622,스트라이프,,,,
,false,,ZARA,원피스,원피스,여성,ZW 컬렉션 숏 원피스,https://www.zara.com/kr/ko/zw-%E1%84%8F%E1%85%A5%E1%86%AF%E1%84%85%E1%85%A6%E1%86%A8%E1%84%89%E1%85%A7%E1%86%AB-%E1%84%89%E1%85%AD%E1%86%BA-%E1%84%8B%E1%85%AF%E1%86%AB%E1%84%91%E1%85%B5%E1%84%89%E1%85%B3-p04333060.html,https://static.zara.net/assets/public/41d3/445f/846c46c18bfd/a14f3677f3aa/04333060250-p/04333060250-p.jpg?ts=1780909800975,"₩79,900",,,260622,화이트,,,,
,false,,ZARA,원피스,원피스,여성,ZW 컬렉션 린넨 혼방 프릴 언밸런스 원피스,https://www.zara.com/kr/ko/zw-%E1%84%8F%E1%85%A5%E1%86%AF%E1%84%85%E1%85%A6%E1%86%A8%E1%84%89%E1%85%A7%E1%86%AB-%E1%84%85%E1%85%B5%E1%86%AB%E1%84%82%E1%85%A6%E1%86%AB-%E1%84%92%E1%85%A9%E1%86%AB%E1%84%87%E1%85%A1%E1%86%BC-%E1%84%91%E1%85%B3%E1%84%85%E1%85%B5%E1%86%AF-%E1%84%8B%E1%85%A5%E1%86%AB%E1%84%87%E1%85%A2%E1%86%AF%E1%84%85%E1%85%A5%E1%86%AB%E1%84%89%E1%85%B3-%E1%84%8B%E1%85%AF%E1%86%AB%E1%84%91%E1%85%B5%E1%84%89%E1%85%B3-p04786094.html,https://static.zara.net/assets/public/02a6/153b/019e447d9ca4/e81ef621a020/04786094251-a3/04786094251-a3.jpg?ts=1780909799709,"₩109,900",,,260622,스크래치 화이트,,,,
,false,,ZARA,원피스,원피스,여성,체크 튤 원피스,https://www.zara.com/kr/ko/%E1%84%8E%E1%85%A6%E1%84%8F%E1%85%B3-%E1%84%90%E1%85%B2%E1%86%AF-%E1%84%8B%E1%85%AF%E1%86%AB%E1%84%91%E1%85%B5%E1%84%89%E1%85%B3-p05039012.html,https://static.zara.net/assets/public/66ee/acd7/8e4a42e28c1d/c50cfa05aaea/05039012629-e1/05039012629-e1.jpg?ts=1768991747329,"₩55,900",,,260622,라일락,,,,
,false,,ZARA,원피스,원피스,여성,언밸런스 스트랩 원피스,https://www.zara.com/kr/ko/%E1%84%8B%E1%85%A5%E1%86%AB%E1%84%87%E1%85%A2%E1%86%AF%E1%84%85%E1%85%A5%E1%86%AB%E1%84%89%E1%85%B3-%E1%84%89%E1%85%B3%E1%84%90%E1%85%B3%E1%84%85%E1%85%A2%E1%86%B8-%E1%84%8B%E1%85%AF%E1%86%AB%E1%84%91%E1%85%B5%E1%84%89%E1%85%B3-p03641392.html,https://static.zara.net/assets/public/f331/2fe4/5fc7463e8e24/83c073d982b1/03641392700-p/03641392700-p.jpg?ts=1773920697653,"₩45,900",,,260622,브라운,,,,
,false,,ZARA,원피스,원피스,여성,콤비 포플린 미니 원피스,https://www.zara.com/kr/ko/%E1%84%8F%E1%85%A9%E1%86%B7%E1%84%87%E1%85%B5-%E1%84%91%E1%85%A9%E1%84%91%E1%85%B3%E1%86%AF%E1%84%85%E1%85%B5%E1%86%AB-%E1%84%86%E1%85%B5%E1%84%82%E1%85%B5-%E1%84%8B%E1%85%AF%E1%86%AB%E1%84%91%E1%85%B5%E1%84%89%E1%85%B3-p01971170.html,https://static.zara.net/assets/public/e79c/e85b/b79345089257/73c391a3d740/01971170084-p/01971170084-p.jpg?ts=1763723088597,"₩79,900",,,260622,"블랙,화이트",,,,
,false,,ZARA,원피스,원피스,여성,팝플린 콤비 미니 원피스,https://www.zara.com/kr/ko/%E1%84%91%E1%85%A1%E1%86%B8%E1%84%91%E1%85%B3%E1%86%AF%E1%84%85%E1%85%B5%E1%86%AB-%E1%84%8F%E1%85%A9%E1%86%B7%E1%84%87%E1%85%B5-%E1%84%86%E1%85%B5%E1%84%82%E1%85%B5-%E1%84%8B%E1%85%AF%E1%86%AB%E1%84%91%E1%85%B5%E1%84%89%E1%85%B3-p01971053.html,https://static.zara.net/assets/public/b564/26aa/d5a94028b0cc/15d4580f8101/01971053030-p/01971053030-p.jpg?ts=1763723087265,"₩79,900",,,260622,"블루,블랙",,,,
,false,,ZARA,원피스,원피스,여성,플리츠 콤비 미디 원피스,https://www.zara.com/kr/ko/%E1%84%91%E1%85%B3%E1%86%AF%E1%84%85%E1%85%B5%E1%84%8E%E1%85%B3-%E1%84%8F%E1%85%A9%E1%86%B7%E1%84%87%E1%85%B5-%E1%84%86%E1%85%B5%E1%84%83%E1%85%B5-%E1%84%8B%E1%85%AF%E1%86%AB%E1%84%91%E1%85%B5%E1%84%89%E1%85%B3-p05029135.html,https://static.zara.net/assets/public/6e0e/c832/c46b4cd0af50/9a5cb54078bf/05029135250-p/05029135250-p.jpg?ts=1771409149477,"₩99,900",,,260622,화이트,,,,
,false,,ZARA,원피스,원피스,여성,벨트 스트라이프 콤비 미디 원피스,https://www.zara.com/kr/ko/%E1%84%87%E1%85%A6%E1%86%AF%E1%84%90%E1%85%B3-%E1%84%89%E1%85%B3%E1%84%90%E1%85%B3%E1%84%85%E1%85%A1%E1%84%8B%E1%85%B5%E1%84%91%E1%85%B3-%E1%84%8F%E1%85%A9%E1%86%B7%E1%84%87%E1%85%B5-%E1%84%86%E1%85%B5%E1%84%83%E1%85%B5-%E1%84%8B%E1%85%AF%E1%86%AB%E1%84%91%E1%85%B5%E1%84%89%E1%85%B3-p03564084.html,https://static.zara.net/assets/public/36e6/0c40/a6ca4c2685b8/61b4e4261faa/03564084070-p/03564084070-p.jpg?ts=1771409137175,"₩99,900",,,260622,"크림,블랙",,,,
,false,,ZARA,원피스,원피스,여성,지퍼 데님 미니 원피스,https://www.zara.com/kr/ko/%E1%84%8C%E1%85%B5%E1%84%91%E1%85%A5-trf-%E1%84%83%E1%85%A6%E1%84%82%E1%85%B5%E1%86%B7-%E1%84%8B%E1%85%AF%E1%86%AB%E1%84%91%E1%85%B5%E1%84%89%E1%85%B3-p01300080.html,https://static.zara.net/assets/public/8dba/0a4f/d3a74245aec0/275ad06e1a26/01300080407-p/01300080407-p.jpg?ts=1778773465965,"₩59,900",,,260622,블루,,,,
,false,,ZARA,원피스,원피스,여성,매듭 언밸런스 새틴 원피스,https://www.zara.com/kr/ko/%E1%84%86%E1%85%A2%E1%84%83%E1%85%B3%E1%86%B8-%E1%84%8B%E1%85%A5%E1%86%AB%E1%84%87%E1%85%A2%E1%86%AF%E1%84%85%E1%85%A5%E1%86%AB%E1%84%89%E1%85%B3-%E1%84%89%E1%85%A2%E1%84%90%E1%85%B5%E1%86%AB-%E1%84%8B%E1%85%AF%E1%86%AB%E1%84%91%E1%85%B5%E1%84%89%E1%85%B3-p02921476.html,https://static.zara.net/assets/public/6bbe/ba45/b2bb4d93a91d/c1e5669cd2e7/02921476500-p/02921476500-p.jpg?ts=1779895428597,"₩79,900",,,260622,초록,,,,
,false,,ZARA,원피스,원피스,여성,자수 콤비 오프숄더 원피스,https://www.zara.com/kr/ko/%E1%84%8C%E1%85%A1%E1%84%89%E1%85%AE-%E1%84%8F%E1%85%A9%E1%86%B7%E1%84%87%E1%85%B5-%E1%84%8B%E1%85%A9%E1%84%91%E1%85%B3%E1%84%89%E1%85%AD%E1%86%AF%E1%84%83%E1%85%A5-%E1%84%8B%E1%85%AF%E1%86%AB%E1%84%91%E1%85%B5%E1%84%89%E1%85%B3-p07521302.html,https://static.zara.net/assets/public/bdd0/0dfa/c14a4b65b7e8/095c77cace78/07521302251-p/07521302251-p.jpg?ts=1776330942554,"₩79,900",,,260622,스크래치 화이트,,,,
,false,,ZARA,원피스,원피스,여성,도트 스트랩 미디 원피스,https://www.zara.com/kr/ko/%E1%84%83%E1%85%A9%E1%84%90%E1%85%B3-%E1%84%89%E1%85%B3%E1%84%90%E1%85%B3%E1%84%85%E1%85%A2%E1%86%B8-%E1%84%86%E1%85%B5%E1%84%83%E1%85%B5-%E1%84%8B%E1%85%AF%E1%86%AB%E1%84%91%E1%85%B5%E1%84%89%E1%85%B3-p03152359.html,https://static.zara.net/assets/public/08bb/e853/3431448fadb4/6471096f5626/03152359070-p/03152359070-p.jpg?ts=1778853061477,"₩89,900",,,260622,"크림,블랙",,,,
,false,,ZARA,원피스,원피스,여성,도트 쇼트 점프수트 원피스,https://www.zara.com/kr/ko/%E1%84%89%E1%85%AD%E1%86%BA-%E1%84%8C%E1%85%A5%E1%86%B7%E1%84%91%E1%85%B3%E1%84%89%E1%85%AE%E1%84%90%E1%85%B3-%E1%84%8B%E1%85%AF%E1%86%AB%E1%84%91%E1%85%B5%E1%84%89%E1%85%B3-p02533045.html,https://static.zara.net/assets/public/6bf3/befc/9ea241d08c44/d415547386ef/02180320070-p/02180320070-p.jpg?ts=1769783356184,"₩59,900",,,260622,"크림,블랙",,,,
,false,,ZARA,원피스,원피스,여성,미니 점프수트 원피스,https://www.zara.com/kr/ko/%E1%84%89%E1%85%AD%E1%86%BA-%E1%84%8C%E1%85%A5%E1%86%B7%E1%84%91%E1%85%B3%E1%84%89%E1%85%AE%E1%84%90%E1%85%B3-%E1%84%8B%E1%85%AF%E1%86%AB%E1%84%91%E1%85%B5%E1%84%89%E1%85%B3-p02533045.html,https://static.zara.net/assets/public/d1b5/cd37/13d941918038/20b3cfbca539/02533045800-p/02533045800-p.jpg?ts=1771420759728,"₩59,900",,,260622,블랙,,,,
,false,,ZARA,원피스,원피스,여성,과일 미니 원피스,https://www.zara.com/kr/ko/%E1%84%80%E1%85%AA%E1%84%8B%E1%85%B5%E1%86%AF-%E1%84%86%E1%85%B5%E1%84%82%E1%85%B5-%E1%84%8B%E1%85%AF%E1%86%AB%E1%84%91%E1%85%B5%E1%84%89%E1%85%B3-p02807331.html,https://static.zara.net/assets/public/9105/d922/2de34acbb25e/bf7aae7d4a31/02807331050-p/02807331050-p.jpg?ts=1778147025029,"₩59,900",,,260622,단색,,,,
,false,,ZARA,원피스,원피스,여성,새틴 도트 미디 원피스,https://www.zara.com/kr/ko/%E1%84%89%E1%85%A2%E1%84%90%E1%85%B5%E1%86%AB-%E1%84%83%E1%85%A9%E1%84%90%E1%85%B3-%E1%84%86%E1%85%B5%E1%84%83%E1%85%B5-%E1%84%8B%E1%85%AF%E1%86%AB%E1%84%91%E1%85%B5%E1%84%89%E1%85%B3-p03152387.html,https://static.zara.net/assets/public/7d8e/394e/84614b049891/69e41851726c/03152387047-p/03152387047-p.jpg?ts=1777385972495,"₩79,900",,,260622,프린트,,,,
,false,,ZARA,원피스,원피스,여성,새틴 배트윙 슬릿 원피스,https://www.zara.com/kr/ko/%E1%84%89%E1%85%A2%E1%84%90%E1%85%B5%E1%86%AB-%E1%84%87%E1%85%A2%E1%84%90%E1%85%B3%E1%84%8B%E1%85%B1%E1%86%BC-%E1%84%89%E1%85%B3%E1%86%AF%E1%84%85%E1%85%B5%E1%86%BA-%E1%84%8B%E1%85%AF%E1%86%AB%E1%84%91%E1%85%B5%E1%84%89%E1%85%B3-p02678126.html,https://static.zara.net/assets/public/d9a4/7373/04fd46999e5b/bcdfc8bab439/02678126615-p/02678126615-p.jpg?ts=1775058834245,"₩169,900",,,260622,오렌지,,,,
,false,,ZARA,원피스,원피스,여성,인터록 미니 원피스,https://www.zara.com/kr/ko/%E1%84%8B%E1%85%B5%E1%86%AB%E1%84%90%E1%85%A5%E1%84%85%E1%85%A9%E1%86%A8-%E1%84%86%E1%85%B5%E1%84%82%E1%85%B5-%E1%84%8B%E1%85%AF%E1%86%AB%E1%84%91%E1%85%B5%E1%84%89%E1%85%B3-p02335168.html,https://static.zara.net/assets/public/4ecb/d765/59f145ada9d4/d5354fb95260/02335168660-p/02335168660-p.jpg?ts=1769767899152,"₩55,900",,,260622,와인,,,,
,false,,ZARA,원피스,원피스,여성,반두 안감 원피스,https://www.zara.com/kr/ko/%E1%84%87%E1%85%A1%E1%86%AB%E1%84%83%E1%85%AE-%E1%84%8B%E1%85%A1%E1%86%AB%E1%84%80%E1%85%A1%E1%86%B7-%E1%84%8B%E1%85%AF%E1%86%AB%E1%84%91%E1%85%B5%E1%84%89%E1%85%B3-p01223108.html,https://static.zara.net/assets/public/775e/df1c/aa8a41fabda3/c8aef67452e3/01223108800-p/01223108800-p.jpg?ts=1773059176993,"₩45,900",,,260622,블랙,,,,
,false,,ZARA,원피스,원피스,여성,펀칭 자수 미니 원피스,https://www.zara.com/kr/ko/%E1%84%91%E1%85%A5%E1%86%AB%E1%84%8E%E1%85%B5%E1%86%BC-%E1%84%8C%E1%85%A1%E1%84%89%E1%85%AE-%E1%84%86%E1%85%B5%E1%84%82%E1%85%B5-%E1%84%8B%E1%85%AF%E1%86%AB%E1%84%91%E1%85%B5%E1%84%89%E1%85%B3-p02845941.html,https://static.zara.net/assets/public/86d2/1152/48e64d5cb495/d338f1c13b39/02845941049-p/02845941049-p.jpg?ts=1776248687594,"₩89,900",,,260622,브라운-블루,,,,
,false,,ZARA,원피스,원피스,여성,벨트 프릴 콤비 원피스,https://www.zara.com/kr/ko/%E1%84%87%E1%85%A6%E1%86%AF%E1%84%90%E1%85%B3-%E1%84%91%E1%85%B3%E1%84%85%E1%85%B5%E1%86%AF-%E1%84%8F%E1%85%A9%E1%86%B7%E1%84%87%E1%85%B5-%E1%84%8B%E1%85%AF%E1%86%AB%E1%84%91%E1%85%B5%E1%84%89%E1%85%B3-p05029110.html,https://static.zara.net/assets/public/6d38/9e0d/6c504ec58083/0bcb67f47518/05029110170-p/05029110170-p.jpg?ts=1774277247320,"₩99,900",,,260622,"카멜,화이트",,,,
,false,,ZARA,원피스,원피스,여성,ZW 컬렉션 새틴 홀터넥 원피스,https://www.zara.com/kr/ko/zw-%E1%84%8F%E1%85%A5%E1%86%AF%E1%84%85%E1%85%A6%E1%86%A8%E1%84%89%E1%85%A7%E1%86%AB-%E1%84%89%E1%85%A2%E1%84%90%E1%85%B5%E1%86%AB-%E1%84%92%E1%85%A9%E1%86%AF%E1%84%90%E1%85%A5%E1%84%82%E1%85%A6%E1%86%A8-%E1%84%8B%E1%85%AF%E1%86%AB%E1%84%91%E1%85%B5%E1%84%89%E1%85%B3-p02071987.html,https://static.zara.net/assets/public/7061/3632/7a7840dc9211/ee6bc599a0a9/02071987700-000-p/02071987700-000-p.jpg?ts=1778673453626,"₩89,900",,,260622,브라운,,,,
,false,,ZARA,원피스,원피스,여성,ZW 컬렉션 프린지 홀터넥 원피스,https://www.zara.com/kr/ko/zw-%E1%84%8F%E1%85%A5%E1%86%AF%E1%84%85%E1%85%A6%E1%86%A8%E1%84%89%E1%85%A7%E1%86%AB-%E1%84%91%E1%85%B3%E1%84%85%E1%85%B5%E1%86%AB%E1%84%8C%E1%85%B5-%E1%84%92%E1%85%A9%E1%86%AF%E1%84%90%E1%85%A5%E1%84%82%E1%85%A6%E1%86%A8-%E1%84%8B%E1%85%AF%E1%86%AB%E1%84%91%E1%85%B5%E1%84%89%E1%85%B3-p02141376.html,https://static.zara.net/assets/public/b769/1d6e/4c24463b9cc6/daa8e7b626d1/02141376800-1-p/02141376800-1-p.jpg?ts=1778644549778,"₩149,900",,,260622,블랙,,,,
,false,,ZARA,원피스,원피스,여성,뒷면 스트랩 패턴 원피스,https://www.zara.com/kr/ko/%E1%84%89%E1%85%B3%E1%84%90%E1%85%B3%E1%84%85%E1%85%A2%E1%86%B8-%E1%84%91%E1%85%A2%E1%84%90%E1%85%A5%E1%86%AB-%E1%84%8B%E1%85%AF%E1%86%AB%E1%84%91%E1%85%B5%E1%84%89%E1%85%B3-p09028030.html,https://static.zara.net/assets/public/ca1b/5165/840940c1a816/fb746684607a/09028030251-p/09028030251-p.jpg?ts=1778839894562,"₩149,900",,,260622,스크래치 화이트,,,,
,false,,ZARA,원피스,원피스,여성,튜브톱 미니 원피스,https://www.zara.com/kr/ko/%E1%84%86%E1%85%B5%E1%84%82%E1%85%B5-%E1%84%8B%E1%85%A9%E1%84%91%E1%85%B3%E1%84%89%E1%85%AD%E1%86%AF%E1%84%83%E1%85%A5-%E1%84%8B%E1%85%AF%E1%86%AB%E1%84%91%E1%85%B5%E1%84%89%E1%85%B3-p02857113.html,https://static.zara.net/assets/public/9d8b/ffc9/1e094009842d/f1bdb861e0cc/02857113630-1-p/02857113630-1-p.jpg?ts=1778240349818,"₩99,900",,,260622,자주색,,,,
,false,,ZARA,원피스,원피스,여성,ZW 컬렉션 미디 원피스,https://www.zara.com/kr/ko/zw-%E1%84%8F%E1%85%A5%E1%86%AF%E1%84%85%E1%85%A6%E1%86%A8%E1%84%89%E1%85%A7%E1%86%AB-%E1%84%86%E1%85%B5%E1%84%83%E1%85%B5-%E1%84%8B%E1%85%AF%E1%86%AB%E1%84%91%E1%85%B5%E1%84%89%E1%85%B3-p02123021.html,https://static.zara.net/assets/public/f449/1a89/2e2d4e5aa40a/74faaf3654d1/02123021612-p/02123021612-p.jpg?ts=1778684730830,"₩109,900",,,260622,연보라색,,,,
,false,,ZARA,원피스,오버롤,여성,ZW 컬렉션 레이스 숏 점프수트,https://www.zara.com/kr/ko/zw-%E1%84%8F%E1%85%A5%E1%86%AF%E1%84%85%E1%85%A6%E1%86%A8%E1%84%89%E1%85%A7%E1%86%AB-%E1%84%85%E1%85%A6%E1%84%8B%E1%85%B5%E1%84%89%E1%85%B3-%E1%84%89%E1%85%AD%E1%86%BA-%E1%84%8C%E1%85%A5%E1%86%B7%E1%84%91%E1%85%B3%E1%84%89%E1%85%AE%E1%84%90%E1%85%B3-p05107095.html,https://static.zara.net/assets/public/c645/88a5/10b649789163/bc18d1986b77/05107095075-p/05107095075-p.jpg?ts=1778684743059,"₩129,900",,,260622,"크림,베이지",,,,
,false,,ZARA,원피스,원피스,여성,드레이프 미니 원피스,https://www.zara.com/kr/ko/%E1%84%83%E1%85%B3%E1%84%85%E1%85%A6%E1%84%8B%E1%85%B5%E1%84%91%E1%85%B3-%E1%84%86%E1%85%B5%E1%84%82%E1%85%B5-%E1%84%8B%E1%85%AF%E1%86%AB%E1%84%91%E1%85%B5%E1%84%89%E1%85%B3-p04174238.html,https://static.zara.net/assets/public/de64/3bae/c8454bf69b56/468f0aaf342d/04174238507-p/04174238507-p.jpg?ts=1777473449091,"₩45,900",,,260622,다크 카키,,,,
,false,,ZARA,원피스,원피스,여성,언밸런스 롱 원피스,https://www.zara.com/kr/ko/%E1%84%8B%E1%85%A5%E1%86%AB%E1%84%87%E1%85%A2%E1%86%AF%E1%84%85%E1%85%A5%E1%86%AB%E1%84%89%E1%85%B3-%E1%84%85%E1%85%A9%E1%86%BC-%E1%84%8B%E1%85%AF%E1%86%AB%E1%84%91%E1%85%B5%E1%84%89%E1%85%B3-p00264251.html,https://static.zara.net/assets/public/4550/8208/c36046ca84eb/98429fd747a7/00264251701-p/00264251701-p.jpg?ts=1769688893553,"₩59,900",,,260622,테라코타,,,,
,false,,ZARA,원피스,원피스,여성,리본 미니 원피스,https://www.zara.com/kr/ko/%E1%84%85%E1%85%B5%E1%84%87%E1%85%A9%E1%86%AB-%E1%84%86%E1%85%B5%E1%84%82%E1%85%B5-%E1%84%8B%E1%85%AF%E1%86%AB%E1%84%91%E1%85%B5%E1%84%89%E1%85%B3-p03644278.html,https://static.zara.net/assets/public/759a/594f/adba4578bdc3/350dada110b0/03644278600-a2/03644278600-a2.jpg?ts=1779718379921,"₩79,900",,,260622,레드,,,,
,false,,ZARA,원피스,원피스,여성,벌룬 나일론 미니 원피스,https://www.zara.com/kr/ko/%E1%84%82%E1%85%A1%E1%84%8B%E1%85%B5%E1%86%AF%E1%84%85%E1%85%A9%E1%86%AB-%E1%84%87%E1%85%A5%E1%86%AF%E1%84%85%E1%85%AE%E1%86%AB-%E1%84%86%E1%85%B5%E1%84%82%E1%85%B5-%E1%84%8B%E1%85%AF%E1%86%AB%E1%84%91%E1%85%B5%E1%84%89%E1%85%B3-p02598356.html,https://static.zara.net/assets/public/a435/8c91/91df4ae9b0a2/6459ed626392/02598356626-p/02598356626-p.jpg?ts=1774434975908,"₩55,900",,,260622,화이트 로즈핑크,,,,
,false,,ZARA,원피스,원피스,여성,페이크 더블 미니 원피스,https://www.zara.com/kr/ko/%E1%84%91%E1%85%A6%E1%84%8B%E1%85%B5%E1%84%8F%E1%85%B3-%E1%84%8B%E1%85%B5%E1%84%8C%E1%85%AE%E1%86%BC-%E1%84%86%E1%85%B5%E1%84%82%E1%85%B5-%E1%84%8B%E1%85%AF%E1%86%AB%E1%84%91%E1%85%B5%E1%84%89%E1%85%B3-p00264065.html,https://static.zara.net/assets/public/b95b/4ec7/09c24c6e8235/4aace19a0b64/00264075079-e1/00264075079-e1.jpg?ts=1775746597018,"₩45,900",,,260622,"오렌지,노랑",,,,
,false,,ZARA,원피스,원피스,여성,체크 셔츠 원피스,https://www.zara.com/kr/ko/%E1%84%8E%E1%85%A6%E1%84%8F%E1%85%B3-%E1%84%89%E1%85%A7%E1%84%8E%E1%85%B3-%E1%84%8B%E1%85%AF%E1%86%AB%E1%84%91%E1%85%B5%E1%84%89%E1%85%B3-p04772303.html,https://static.zara.net/assets/public/aba5/cf32/cb064bceb25b/cef894bf3eb7/04772303049-a3/04772303049-a3.jpg?ts=1768232122593,"₩89,900",,,260622,브라운-블루,,,,
,false,,ZARA,원피스,원피스,여성,페이크 더블 미니 원피스,https://www.zara.com/kr/ko/%E1%84%91%E1%85%A6%E1%84%8B%E1%85%B5%E1%84%8F%E1%85%B3-%E1%84%8B%E1%85%B5%E1%84%8C%E1%85%AE%E1%86%BC-%E1%84%86%E1%85%B5%E1%84%82%E1%85%B5-%E1%84%8B%E1%85%AF%E1%86%AB%E1%84%91%E1%85%B5%E1%84%89%E1%85%B3-p00264065.html,https://static.zara.net/assets/public/dcc0/6dbc/d3c7454bba2b/9ee94aa6d8d1/T9051449877-p/T9051449877-p.jpg?ts=1775750155898,"₩45,900",,,260622,"오렌지,노랑",,,,
,false,,ZARA,원피스,원피스,여성,언밸런스 미디 원피스,https://www.zara.com/kr/ko/%E1%84%8B%E1%85%A5%E1%86%AB%E1%84%87%E1%85%A2%E1%86%AF%E1%84%85%E1%85%A5%E1%86%AB%E1%84%89%E1%85%B3-%E1%84%86%E1%85%B5%E1%84%83%E1%85%B5-%E1%84%8B%E1%85%AF%E1%86%AB%E1%84%91%E1%85%B5%E1%84%89%E1%85%B3-p02359322.html,https://static.zara.net/assets/public/a552/0847/f1ba4b81902b/0d3d490d6b60/02359322800-p/02359322800-p.jpg?ts=1775046636374,"₩89,900",,,260622,블랙,,,,
,false,,ZARA,원피스,원피스,여성,프릴 미니 원피스,https://www.zara.com/kr/ko/%E1%84%91%E1%85%B3%E1%84%85%E1%85%B5%E1%86%AF-%E1%84%86%E1%85%B5%E1%84%82%E1%85%B5-%E1%84%8B%E1%85%AF%E1%86%AB%E1%84%91%E1%85%B5%E1%84%89%E1%85%B3-p02134842.html,https://static.zara.net/assets/public/af54/d343/052549e0a166/4bea4eee2cde/02134842712-p/02134842712-p.jpg?ts=1775065261161,"₩79,900",,,260622,크림,,,,
,false,,ZARA,원피스,원피스,여성,LIMITED EDITION 레이스 스트랩 원피스,https://www.zara.com/kr/ko/limited-edition-%E1%84%85%E1%85%A6%E1%84%8B%E1%85%B5%E1%84%89%E1%85%B3-%E1%84%89%E1%85%B3%E1%84%90%E1%85%B3%E1%84%85%E1%85%A2%E1%86%B8-%E1%84%8B%E1%85%AF%E1%86%AB%E1%84%91%E1%85%B5%E1%84%89%E1%85%B3-p05107611.html,https://static.zara.net/assets/public/4e33/6717/74b745728e87/5bed4e9e5748/05107611505-p/05107611505-p.jpg?ts=1773312659133,"₩109,900",,,260622,카키,,,,
,false,,ZARA,원피스,원피스,여성,벨트 피케 미디 원피스,https://www.zara.com/kr/ko/%E1%84%87%E1%85%A6%E1%86%AF%E1%84%90%E1%85%B3-%E1%84%91%E1%85%B5%E1%84%8F%E1%85%A6-%E1%84%86%E1%85%B5%E1%84%83%E1%85%B5-%E1%84%8B%E1%85%AF%E1%86%AB%E1%84%91%E1%85%B5%E1%84%89%E1%85%B3-p05067211.html,https://static.zara.net/assets/public/3fd7/5bd3/1435436b8d7d/fc41979cce2c/05067211529-p/05067211529-p.jpg?ts=1772715518671,"₩59,900",,,260622,다크 그린,,,,
,false,,ZARA,원피스,원피스,여성,피케 벨트 미디 원피스,https://www.zara.com/kr/ko/%E1%84%87%E1%85%A6%E1%86%AF%E1%84%90%E1%85%B3-%E1%84%91%E1%85%B5%E1%84%8F%E1%85%A6-%E1%84%86%E1%85%B5%E1%84%83%E1%85%B5-%E1%84%8B%E1%85%AF%E1%86%AB%E1%84%91%E1%85%B5%E1%84%89%E1%85%B3-p05067211.html,https://static.zara.net/assets/public/7fd1/630c/062c41c397e0/8e886ed2cc4e/05067211730-p/05067211730-p.jpg?ts=1770823145943,"₩59,900",,,260622,라이트 브라운,,,,
,false,,ZARA,원피스,원피스,여성,벨트 피케 미디 원피스,https://www.zara.com/kr/ko/%E1%84%87%E1%85%A6%E1%86%AF%E1%84%90%E1%85%B3-%E1%84%91%E1%85%B5%E1%84%8F%E1%85%A6-%E1%84%86%E1%85%B5%E1%84%83%E1%85%B5-%E1%84%8B%E1%85%AF%E1%86%AB%E1%84%91%E1%85%B5%E1%84%89%E1%85%B3-p05067211.html,https://static.zara.net/assets/public/846f/3c2a/d5e94338abce/1f40f0d6ba0b/05067211529-p/05067211529-p.jpg?ts=1770823140771,"₩59,900",,,260622,다크 그린,,,,
,false,,ZARA,원피스,원피스,여성,레이스 캐미솔 원피스,https://www.zara.com/kr/ko/%E1%84%85%E1%85%A6%E1%84%8B%E1%85%B5%E1%84%89%E1%85%B3-%E1%84%8F%E1%85%A2%E1%84%86%E1%85%B5%E1%84%89%E1%85%A9%E1%86%AF-%E1%84%8B%E1%85%AF%E1%86%AB%E1%84%91%E1%85%B5%E1%84%89%E1%85%B3-p04770469.html,https://static.zara.net/assets/public/1ed5/d234/29f440cd8fb9/703a90ce9985/04770469800-p/04770469800-p.jpg?ts=1779952773548,"₩79,900",,,260622,블랙,,,,
,false,,ZARA,원피스,원피스,여성,셔링 미니 원피스,https://www.zara.com/kr/ko/%E1%84%89%E1%85%A7%E1%84%85%E1%85%B5%E1%86%BC-%E1%84%86%E1%85%B5%E1%84%82%E1%85%B5-%E1%84%8B%E1%85%AF%E1%86%AB%E1%84%91%E1%85%B5%E1%84%89%E1%85%B3-p03253319.html,https://static.zara.net/assets/public/bf52/19da/f3d04428b41e/f17e7942af2b/03253319803-001-p/03253319803-001-p.jpg?ts=1771935323577,"₩39,900",,,260622,그레이,,,,
,false,,ZARA,원피스,원피스,여성,스트라이프 러스틱 미디 원피스,https://www.zara.com/kr/ko/%E1%84%89%E1%85%B3%E1%84%90%E1%85%B3%E1%84%85%E1%85%A1%E1%84%8B%E1%85%B5%E1%84%91%E1%85%B3-%E1%84%85%E1%85%A5%E1%84%89%E1%85%B3%E1%84%90%E1%85%B5%E1%86%A8-%E1%84%86%E1%85%B5%E1%84%83%E1%85%B5-%E1%84%8B%E1%85%AF%E1%86%AB%E1%84%91%E1%85%B5%E1%84%89%E1%85%B3-p08779140.html,https://static.zara.net/assets/public/e36b/bceb/095d4450b8de/31ebf0033d88/08779140099-p/08779140099-p.jpg?ts=1776085500278,"₩59,900",,,260622,"블랙,브라운",,,,
,false,,ZARA,원피스,원피스,여성,스트라이프 폴로 칼라 원피스,https://www.zara.com/kr/ko/%E1%84%89%E1%85%B3%E1%84%90%E1%85%B3%E1%84%85%E1%85%A1%E1%84%8B%E1%85%B5%E1%84%91%E1%85%B3-%E1%84%91%E1%85%A9%E1%86%AF%E1%84%85%E1%85%A9%E1%84%82%E1%85%A6%E1%86%A8-%E1%84%8B%E1%85%AF%E1%86%AB%E1%84%91%E1%85%B5%E1%84%89%E1%85%B3-p08779141.html,https://static.zara.net/assets/public/97fb/be4a/952b44b6a564/a387fcb619d1/08779141049-p/08779141049-p.jpg?ts=1776085507196,"₩59,900",,,260622,브라운-블루,,,,
,false,,ZARA,원피스,원피스,여성,홀터넥 플레어 스커트 원피스,https://www.zara.com/kr/ko/%E1%84%92%E1%85%A9%E1%86%AF%E1%84%90%E1%85%A5%E1%84%82%E1%85%A6%E1%86%A8-%E1%84%91%E1%85%B3%E1%86%AF%E1%84%85%E1%85%A6%E1%84%8B%E1%85%A5-%E1%84%89%E1%85%B3%E1%84%8F%E1%85%A5%E1%84%90%E1%85%B3-%E1%84%8B%E1%85%AF%E1%86%AB%E1%84%91%E1%85%B5%E1%84%89%E1%85%B3-p04772385.html,https://static.zara.net/assets/public/027b/6502/838b4c70bf1a/e9ae2f21eea3/04772385250-p/04772385250-p.jpg?ts=1781172033288,"₩59,900",,,260622,화이트,,,,
,false,,ZARA,원피스,원피스,여성,ZW 컬렉션 홀터넥 원피스,https://www.zara.com/kr/ko/zw-%E1%84%8F%E1%85%A5%E1%86%AF%E1%84%85%E1%85%A6%E1%86%A8%E1%84%89%E1%85%A7%E1%86%AB-%E1%84%92%E1%85%A9%E1%86%AF%E1%84%90%E1%85%A5%E1%84%82%E1%85%A6%E1%86%A8-%E1%84%8B%E1%85%AF%E1%86%AB%E1%84%91%E1%85%B5%E1%84%89%E1%85%B3-p02110146.html,https://static.zara.net/assets/public/c1e1/9813/220c4e2aa6de/c5eb1f3352fa/02110146250-h3/02110146250-h3.jpg?ts=1780058354127,"₩109,900",,,260622,화이트,,,,
,false,,ZARA,원피스,원피스,여성,벨트 미디 원피스,https://www.zara.com/kr/ko/%E1%84%87%E1%85%A6%E1%86%AF%E1%84%90%E1%85%B3-%E1%84%86%E1%85%B5%E1%84%83%E1%85%B5-%E1%84%8B%E1%85%AF%E1%86%AB%E1%84%91%E1%85%B5%E1%84%89%E1%85%B3-p03897168.html,https://static.zara.net/assets/public/8fba/35c8/d3a44a859887/1e7a6008f58a/03897168712-p/03897168712-p.jpg?ts=1770991316200,"₩89,900",,,260622,크림,,,,
,false,,ZARA,원피스,원피스,여성,골드 장식 콤비 미디 원피스,https://www.zara.com/kr/ko/%E1%84%80%E1%85%A9%E1%86%AF%E1%84%83%E1%85%B3-%E1%84%8C%E1%85%A1%E1%86%BC%E1%84%89%E1%85%B5%E1%86%A8-%E1%84%86%E1%85%B5%E1%86%A8%E1%84%89%E1%85%B3-%E1%84%86%E1%85%B5%E1%84%83%E1%85%B5-%E1%84%8B%E1%85%AF%E1%86%AB%E1%84%91%E1%85%B5%E1%84%89%E1%85%B3-p03666166.html,https://static.zara.net/assets/public/84b8/0471/b65344d2ac78/e4df18e6e0ca/03666166087-p/03666166087-p.jpg?ts=1772202920972,"₩89,900",,,260622,"브라운,크림",,,,
,false,,ZARA,원피스,원피스,여성,스트라이프 미니 원피스,https://www.zara.com/kr/ko/%E1%84%89%E1%85%B3%E1%84%90%E1%85%B3%E1%84%85%E1%85%A1%E1%84%8B%E1%85%B5%E1%84%91%E1%85%B3-%E1%84%86%E1%85%B5%E1%84%82%E1%85%B5-%E1%84%8B%E1%85%AF%E1%86%AB%E1%84%91%E1%85%B5%E1%84%89%E1%85%B3-p03253382.html,https://static.zara.net/assets/public/1d50/7c9c/9a2c4349a04a/08a6a16cb074/03253382104-p/03253382104-p.jpg?ts=1776412648687,"₩39,900",,,260622,스트라이프,,,,
,false,,ZARA,원피스,원피스,여성,ZW 컬렉션 스트랩 자수 원피스,https://www.zara.com/kr/ko/zw-%E1%84%8F%E1%85%A5%E1%86%AF%E1%84%85%E1%85%A6%E1%86%A8%E1%84%89%E1%85%A7%E1%86%AB-%E1%84%89%E1%85%B3%E1%84%90%E1%85%B3%E1%84%85%E1%85%A2%E1%86%B8-%E1%84%8C%E1%85%A1%E1%84%89%E1%85%AE-%E1%84%8B%E1%85%AF%E1%86%AB%E1%84%91%E1%85%B5%E1%84%89%E1%85%B3-p06895086.html,https://static.zara.net/assets/public/4391/bafd/f7b942758f93/7ed38b9703a5/06895086712-p/06895086712-p.jpg?ts=1777026478980,"₩89,900",,,260622,크림,,,,
,false,,ZARA,원피스,원피스,여성,리본 도트 미니 원피스,https://www.zara.com/kr/ko/%E1%84%85%E1%85%B5%E1%84%87%E1%85%A9%E1%86%AB-%E1%84%86%E1%85%B5%E1%84%82%E1%85%B5-%E1%84%8B%E1%85%AF%E1%86%AB%E1%84%91%E1%85%B5%E1%84%89%E1%85%B3-p02213777.html,https://static.zara.net/assets/public/39bf/f3db/252d46b09e5b/edbafca71868/04661309070-p/04661309070-p.jpg?ts=1769157419190,"₩59,900",,,260622,"크림,블랙",,,,
,false,,ZARA,원피스,원피스,여성,배트윙 슬리브 콤비 미니 원피스,https://www.zara.com/kr/ko/%E1%84%87%E1%85%A2%E1%84%90%E1%85%B3%E1%84%8B%E1%85%B1%E1%86%BC-%E1%84%89%E1%85%B3%E1%86%AF%E1%84%85%E1%85%B5%E1%84%87%E1%85%B3-%E1%84%8F%E1%85%A9%E1%86%B7%E1%84%87%E1%85%B5-%E1%84%86%E1%85%B5%E1%84%82%E1%85%B5-%E1%84%8B%E1%85%AF%E1%86%AB%E1%84%91%E1%85%B5%E1%84%89%E1%85%B3-p04772306.html,https://static.zara.net/assets/public/08ad/d3f4/8c514b538a9a/bbaf3c7eca9b/04772306250-p/04772306250-p.jpg?ts=1769157418636,"₩79,900",,,260622,화이트,,,,
,false,,ZARA,원피스,원피스,여성,글리터 홀터넥 미니 원피스,https://www.zara.com/kr/ko/%E1%84%80%E1%85%B3%E1%86%AF%E1%84%85%E1%85%B5%E1%84%90%E1%85%A5-%E1%84%92%E1%85%A9%E1%86%AF%E1%84%90%E1%85%A5%E1%84%82%E1%85%A6%E1%86%A8-%E1%84%86%E1%85%B5%E1%84%82%E1%85%B5-%E1%84%8B%E1%85%AF%E1%86%AB%E1%84%91%E1%85%B5%E1%84%89%E1%85%B3-p05063313.html,https://static.zara.net/assets/public/c00d/6ee1/ba3a4bd0a9ae/51192973ab3b/05063313922-p/05063313922-p.jpg?ts=1772194457870,"₩79,900",,,260622,다크 그레이,,,,
,false,,ZARA,원피스,원피스,여성,하트 스트레치 원피스,https://www.zara.com/kr/ko/%E1%84%89%E1%85%B3%E1%84%90%E1%85%B3%E1%84%85%E1%85%A6%E1%84%8E%E1%85%B5-%E1%84%92%E1%85%A1%E1%84%90%E1%85%B3-%E1%84%8B%E1%85%AF%E1%86%AB%E1%84%91%E1%85%B5%E1%84%89%E1%85%B3-p05584177.html,https://static.zara.net/assets/public/2e18/0285/31ee49bf8d87/defb4148e627/05584177600-p/05584177600-p.jpg?ts=1769770028443,"₩57,900",,,260622,레드,,,,
,false,,ZARA,원피스,원피스,여성,스트라이프 미니 원피스,https://www.zara.com/kr/ko/%E1%84%89%E1%85%B3%E1%84%90%E1%85%B3%E1%84%85%E1%85%A1%E1%84%8B%E1%85%B5%E1%84%91%E1%85%B3-%E1%84%86%E1%85%B5%E1%84%82%E1%85%B5-%E1%84%8B%E1%85%AF%E1%86%AB%E1%84%91%E1%85%B5%E1%84%89%E1%85%B3-p03644175.html,https://static.zara.net/assets/public/70c8/a3b5/639c4271abe5/073bbec8ee9f/03644175104-a2/03644175104-a2.jpg?ts=1769708930628,"₩49,900",,,260622,스트라이프,,,,
,false,,ZARA,원피스,원피스,여성,ZW 컬렉션 포플린 원피스,https://www.zara.com/kr/ko/zw-%E1%84%8F%E1%85%A5%E1%86%AF%E1%84%85%E1%85%A6%E1%86%A8%E1%84%89%E1%85%A7%E1%86%AB-%E1%84%91%E1%85%A9%E1%84%91%E1%85%B3%E1%86%AF%E1%84%85%E1%85%B5%E1%86%AB-%E1%84%8B%E1%85%AF%E1%86%AB%E1%84%91%E1%85%B5%E1%84%89%E1%85%B3-p02221014.html,https://static.zara.net/assets/public/4d2b/d6e5/96c54b0d9cbf/dd6a8047c283/02221014306-p/02221014306-p.jpg?ts=1780058355410,"₩169,900",,,260622,라이트 옐로우,,,,
,false,,ZARA,원피스,원피스,여성,콤비 미디 원피스,https://www.zara.com/kr/ko/%E1%84%86%E1%85%B5%E1%84%83%E1%85%B5-%E1%84%8F%E1%85%A9%E1%86%B7%E1%84%87%E1%85%B5-%E1%84%8B%E1%85%AF%E1%86%AB%E1%84%91%E1%85%B5%E1%84%89%E1%85%B3-p02493356.html,https://static.zara.net/assets/public/6f44/0a5c/45134c8b8710/05bbed2e95f7/02493356420-p/02493356420-p.jpg?ts=1770240186295,"₩89,900",,,260622,블루,,,,
,false,,ZARA,원피스,원피스,여성,볼륨 텍스처 미니 원피스,https://www.zara.com/kr/ko/%E1%84%87%E1%85%A9%E1%86%AF%E1%84%85%E1%85%B2%E1%86%B7-%E1%84%90%E1%85%A6%E1%86%A8%E1%84%89%E1%85%B3%E1%84%8E%E1%85%A5-%E1%84%86%E1%85%B5%E1%84%82%E1%85%B5-%E1%84%8B%E1%85%AF%E1%86%AB%E1%84%91%E1%85%B5%E1%84%89%E1%85%B3-p05107305.html,https://static.zara.net/assets/public/c7a0/981c/68aa40909c2f/b88bde02b1a2/05107305614-p/05107305614-p.jpg?ts=1776167791503,"₩59,900",,,260622,번 오렌지,,,,
,false,,ZARA,원피스,원피스,여성,볼륨 텍스처 미니 원피스,https://www.zara.com/kr/ko/%E1%84%87%E1%85%A9%E1%86%AF%E1%84%85%E1%85%B2%E1%86%B7-%E1%84%90%E1%85%A6%E1%86%A8%E1%84%89%E1%85%B3%E1%84%8E%E1%85%A5-%E1%84%86%E1%85%B5%E1%84%82%E1%85%B5-%E1%84%8B%E1%85%AF%E1%86%AB%E1%84%91%E1%85%B5%E1%84%89%E1%85%B3-p05107305.html,https://static.zara.net/assets/public/ab2e/9811/a4764cceb499/c96102b73148/05107305904-p/05107305904-p.jpg?ts=1776167790822,"₩59,900",,,260622,초코렛,,,,
,false,,ZARA,원피스,원피스,여성,ZW 컬렉션 레이스 롱 원피스,https://www.zara.com/kr/ko/zw-%E1%84%8F%E1%85%A5%E1%86%AF%E1%84%85%E1%85%A6%E1%86%A8%E1%84%89%E1%85%A7%E1%86%AB-%E1%84%85%E1%85%A6%E1%84%8B%E1%85%B5%E1%84%89%E1%85%B3-%E1%84%85%E1%85%A9%E1%86%BC-%E1%84%8B%E1%85%AF%E1%86%AB%E1%84%91%E1%85%B5%E1%84%89%E1%85%B3-p01067203.html,https://static.zara.net/assets/public/5d3f/b390/3a6342648141/6079da1640f2/01067203084-p/01067203084-p.jpg?ts=1779295008289,"₩109,900",,,260622,"블랙,화이트",,,,
,false,,ZARA,원피스,원피스,여성,ZW 컬렉션 새틴 홀터넥 원피스,https://www.zara.com/kr/ko/zw-%E1%84%8F%E1%85%A5%E1%86%AF%E1%84%85%E1%85%A6%E1%86%A8%E1%84%89%E1%85%A7%E1%86%AB-%E1%84%89%E1%85%A2%E1%84%90%E1%85%B5%E1%86%AB-%E1%84%92%E1%85%A9%E1%86%AF%E1%84%90%E1%85%A5%E1%84%82%E1%85%A6%E1%86%A8-%E1%84%8B%E1%85%AF%E1%86%AB%E1%84%91%E1%85%B5%E1%84%89%E1%85%B3-p02111987.html,https://static.zara.net/assets/public/cebc/55f7/970e42d5903e/6632c809269d/02111987700-1-p/02111987700-1-p.jpg?ts=1773744721725,"₩89,900",,,260622,브라운,,,,
,false,,ZARA,원피스,원피스,여성,컷아웃 스트레치 니트 원피스,https://www.zara.com/kr/ko/%E1%84%8F%E1%85%A5%E1%86%BA%E1%84%8B%E1%85%A1%E1%84%8B%E1%85%AE%E1%86%BA-%E1%84%89%E1%85%B3%E1%84%90%E1%85%B3%E1%84%85%E1%85%A6%E1%84%8E%E1%85%B5-%E1%84%82%E1%85%B5%E1%84%90%E1%85%B3-%E1%84%8B%E1%85%AF%E1%86%AB%E1%84%91%E1%85%B5%E1%84%89%E1%85%B3-p06050315.html,https://static.zara.net/assets/public/71f0/a75c/7d0048979cf2/48fa6ac54551/06050315800-p/06050315800-p.jpg?ts=1772790404087,"₩55,900",,,260622,블랙,,,,
,false,,ZARA,원피스,원피스,여성,컷아웃 스트레치 니트 미디 원피스,https://www.zara.com/kr/ko/%E1%84%8F%E1%85%A5%E1%86%BA%E1%84%8B%E1%85%A1%E1%84%8B%E1%85%AE%E1%86%BA-%E1%84%89%E1%85%B3%E1%84%90%E1%85%B3%E1%84%85%E1%85%A6%E1%84%8E%E1%85%B5-%E1%84%82%E1%85%B5%E1%84%90%E1%85%B3-%E1%84%86%E1%85%B5%E1%84%83%E1%85%B5-%E1%84%8B%E1%85%AF%E1%86%AB%E1%84%91%E1%85%B5%E1%84%89%E1%85%B3-p05584367.html,https://static.zara.net/assets/public/448d/b95b/9d204de595a9/5a164b0ab71c/05584367250-a2/05584367250-a2.jpg?ts=1772790400301,"₩55,900",,,260622,화이트,,,,
,false,,ZARA,원피스,원피스,여성,홀터넥 볼륨 미니 원피스,https://www.zara.com/kr/ko/%E1%84%87%E1%85%A9%E1%86%AF%E1%84%85%E1%85%B2%E1%86%B7-%E1%84%92%E1%85%A9%E1%86%AF%E1%84%90%E1%85%A5%E1%84%82%E1%85%A6%E1%86%A8-%E1%84%86%E1%85%B5%E1%84%82%E1%85%B5-%E1%84%8B%E1%85%AF%E1%86%AB%E1%84%91%E1%85%B5%E1%84%89%E1%85%B3-p04661374.html,https://static.zara.net/assets/public/c70a/615b/725147cbaa00/a2854c083594/04661374800-p/04661374800-p.jpg?ts=1776872665446,"₩59,900",,,260622,블랙,,,,
,false,,ZARA,원피스,원피스,여성,도트 스트랩 미디 원피스,https://www.zara.com/kr/ko/%E1%84%83%E1%85%A9%E1%84%90%E1%85%B3-%E1%84%89%E1%85%B3%E1%84%90%E1%85%B3%E1%84%85%E1%85%A2%E1%86%B8-%E1%84%86%E1%85%B5%E1%84%83%E1%85%B5-%E1%84%8B%E1%85%AF%E1%86%AB%E1%84%91%E1%85%B5%E1%84%89%E1%85%B3-p03152359.html,https://static.zara.net/assets/public/252a/9563/e2f1414a93ab/c9439f947cb9/03152359070-001-p/03152359070-001-p.jpg?ts=1779100899244,"₩89,900",,,260622,"크림,블랙",,,,
,false,,ZARA,원피스,원피스,여성,레이스 프린지 스트랩 원피스,https://www.zara.com/kr/ko/%E1%84%85%E1%85%A6%E1%84%8B%E1%85%B5%E1%84%89%E1%85%B3-%E1%84%91%E1%85%B3%E1%84%85%E1%85%B5%E1%86%AB%E1%84%8C%E1%85%B5-%E1%84%89%E1%85%B3%E1%84%90%E1%85%B3%E1%84%85%E1%85%A2%E1%86%B8-%E1%84%8B%E1%85%AF%E1%86%AB%E1%84%91%E1%85%B5%E1%84%89%E1%85%B3-p01067105.html,https://static.zara.net/assets/public/1c1c/0e15/02614a509569/725df58210fc/01067105700-p/01067105700-p.jpg?ts=1769774031989,"₩189,900",,,260622,브라운,,,,
,false,,ZARA,원피스,원피스,여성,레이스 셔링 미니 원피스,https://www.zara.com/kr/ko/%E1%84%89%E1%85%A7%E1%84%85%E1%85%B5%E1%86%BC-%E1%84%85%E1%85%A6%E1%84%8B%E1%85%B5%E1%84%89%E1%85%B3-%E1%84%86%E1%85%B5%E1%84%82%E1%85%B5-%E1%84%8B%E1%85%AF%E1%86%AB%E1%84%91%E1%85%B5%E1%84%89%E1%85%B3-p04813351.html,https://static.zara.net/assets/public/b375/3ef8/c7254bd89ddc/188e2e58e0c6/04813351737-000-p/04813351737-000-p.jpg?ts=1770988695266,"₩55,900",,,260622,"브라운,토프",,,,
,false,,ZARA,원피스,원피스,여성,트라빌리아 트윌 미디 원피스,https://www.zara.com/kr/ko/%E1%84%80%E1%85%A2%E1%84%87%E1%85%A5%E1%84%83%E1%85%B5%E1%86%AB-%E1%84%90%E1%85%A2%E1%86%B8-%E1%84%86%E1%85%B5%E1%84%83%E1%85%B5-%E1%84%8B%E1%85%AF%E1%86%AB%E1%84%91%E1%85%B5%E1%84%89%E1%85%B3-p04661390.html,https://static.zara.net/assets/public/3987/54dd/b77946419980/be4a2316207e/04661390711-p/04661390711-p.jpg?ts=1770983771187,"₩89,900",,,260622,샌드,,,,
,false,,ZARA,원피스,원피스,여성,ZW 컬렉션 LIMITED EDITION 프릴 원피스,https://www.zara.com/kr/ko/zw-%E1%84%8F%E1%85%A5%E1%86%AF%E1%84%85%E1%85%A6%E1%86%A8%E1%84%89%E1%85%A7%E1%86%AB-limited-edition-%E1%84%91%E1%85%B3%E1%84%85%E1%85%B5%E1%86%AF-%E1%84%8B%E1%85%AF%E1%86%AB%E1%84%91%E1%85%B5%E1%84%89%E1%85%B3-p02412143.html,https://static.zara.net/assets/public/ded2/cf8c/a23645b88ed4/39a5ee017c4c/02412143406-p/02412143406-p.jpg?ts=1775636798961,"₩189,900",,,260622,라이트 블루,,,,
,false,,ZARA,원피스,오버롤,여성,지퍼 쇼트 점프수트,https://www.zara.com/kr/ko/%E1%84%8C%E1%85%B5%E1%84%91%E1%85%A5-%E1%84%86%E1%85%B5%E1%84%82%E1%85%B5-%E1%84%8C%E1%85%A5%E1%86%B7%E1%84%91%E1%85%B3%E1%84%89%E1%85%AE%E1%84%90%E1%85%B3-p05063348.html,https://static.zara.net/assets/public/58c5/047a/b53a47a28793/ac7b1fddca35/05063348507-p/05063348507-p.jpg?ts=1772540837954,"₩59,900",,,260622,다크 카키,,,,
,false,,ZARA,원피스,원피스,여성,ZW 컬렉션 린넨 셔츠 원피스,https://www.zara.com/kr/ko/zw-%E1%84%8F%E1%85%A5%E1%86%AF%E1%84%85%E1%85%A6%E1%86%A8%E1%84%89%E1%85%A7%E1%86%AB-%E1%84%85%E1%85%B5%E1%86%AB%E1%84%82%E1%85%A6%E1%86%AB-%E1%84%89%E1%85%A7%E1%84%8E%E1%85%B3-%E1%84%8B%E1%85%AF%E1%86%AB%E1%84%91%E1%85%B5%E1%84%89%E1%85%B3-p04786065.html,https://static.zara.net/assets/public/825c/c79a/1ba04f03969c/8f0c5bf5cee1/04786065250-p/04786065250-p.jpg?ts=1781169370983,"₩109,900",,,260622,화이트,,,,
,false,,ZARA,원피스,원피스,여성,ZW 컬렉션 자카드 미니 원피스,https://www.zara.com/kr/ko/zw-%E1%84%8F%E1%85%A5%E1%86%AF%E1%84%85%E1%85%A6%E1%86%A8%E1%84%89%E1%85%A7%E1%86%AB-%E1%84%8C%E1%85%A1%E1%84%8F%E1%85%A1%E1%84%83%E1%85%B3-%E1%84%86%E1%85%B5%E1%84%82%E1%85%B5-%E1%84%8B%E1%85%AF%E1%86%AB%E1%84%91%E1%85%B5%E1%84%89%E1%85%B3-p05107073.html,https://static.zara.net/assets/public/2c55/e7bd/1bc249e78f7e/89054870166d/05107073075-p/05107073075-p.jpg?ts=1781169371796,"₩149,900",,,260622,"크림,베이지",,,,
,false,,ZARA,원피스,원피스,여성,언밸런스 레이스 원피스,https://www.zara.com/kr/ko/%E1%84%8B%E1%85%A5%E1%86%AB%E1%84%87%E1%85%A2%E1%86%AF%E1%84%85%E1%85%A5%E1%86%AB%E1%84%89%E1%85%B3-%E1%84%85%E1%85%A6%E1%84%8B%E1%85%B5%E1%84%89%E1%85%B3-%E1%84%8B%E1%85%AF%E1%86%AB%E1%84%91%E1%85%B5%E1%84%89%E1%85%B3-p01058164.html,https://static.zara.net/assets/public/be2c/1773/602447fda01f/695684898f1e/01058164099-1-p/01058164099-1-p.jpg?ts=1774614776850,"₩89,900",,,260622,"블랙,브라운",,,,
,false,,ZARA,원피스,원피스,여성,나일론 벌룬 벨트 원피스,https://www.zara.com/kr/ko/%E1%84%87%E1%85%A6%E1%86%AF%E1%84%90%E1%85%B3-%E1%84%82%E1%85%A1%E1%84%8B%E1%85%B5%E1%86%AF%E1%84%85%E1%85%A9%E1%86%AB-%E1%84%87%E1%85%A5%E1%86%AF%E1%84%85%E1%85%AE%E1%86%AB-%E1%84%8B%E1%85%AF%E1%86%AB%E1%84%91%E1%85%B5%E1%84%89%E1%85%B3-p04764858.html,https://static.zara.net/assets/public/088f/0f3e/4dfb47869c73/884cbe08d373/04764858800-p/04764858800-p.jpg?ts=1770737100462,"₩59,900",,,260622,블랙,,,,
,false,,ZARA,원피스,원피스,여성,크로셰 프린지 미니 원피스,https://www.zara.com/kr/ko/%E1%84%8F%E1%85%B3%E1%84%85%E1%85%A9%E1%84%89%E1%85%A8-%E1%84%91%E1%85%B3%E1%84%85%E1%85%B5%E1%86%AB%E1%84%8C%E1%85%B5-%E1%84%86%E1%85%B5%E1%84%82%E1%85%B5-%E1%84%8B%E1%85%AF%E1%86%AB%E1%84%91%E1%85%B5%E1%84%89%E1%85%B3-p08741035.html,https://static.zara.net/assets/public/dbf7/8bbb/059946918e4c/db5b9735f8ba/08741035052-a1/08741035052-a1.jpg?ts=1775063012117,"₩79,900",,,260622,라이트 베이지,,,,
,false,,ZARA,원피스,원피스,여성,홀터넥 콤비 미디 원피스,https://www.zara.com/kr/ko/%E1%84%92%E1%85%A9%E1%86%AF%E1%84%90%E1%85%A5%E1%84%82%E1%85%A6%E1%86%A8-%E1%84%8F%E1%85%A9%E1%86%B7%E1%84%87%E1%85%B5-%E1%84%86%E1%85%B5%E1%84%83%E1%85%B5-%E1%84%8B%E1%85%AF%E1%86%AB%E1%84%91%E1%85%B5%E1%84%89%E1%85%B3-p02746109.html,https://static.zara.net/assets/public/8c28/a5b9/ccf64feca823/7dcecdb9a68e/02746109402-p/02746109402-p.jpg?ts=1776857452963,"₩79,900",,,260622,터키블루,,,,
,false,,ZARA,원피스,원피스,여성,플리츠 포켓 미니 원피스,https://www.zara.com/kr/ko/%E1%84%91%E1%85%B3%E1%86%AF%E1%84%85%E1%85%B5%E1%84%8E%E1%85%B3-%E1%84%91%E1%85%A9%E1%84%8F%E1%85%A6%E1%86%BA-%E1%84%86%E1%85%B5%E1%84%82%E1%85%B5-%E1%84%8B%E1%85%AF%E1%86%AB%E1%84%91%E1%85%B5%E1%84%89%E1%85%B3-p09747777.html,https://static.zara.net/assets/public/c849/82a4/2e2f403a83be/b033ab121b4d/02203815712-p/02203815712-p.jpg?ts=1770651760416,"₩79,900",,,260622,크림,,,,
,false,,ZARA,원피스,원피스,여성,드레이프 롱 원피스,https://www.zara.com/kr/ko/%E1%84%83%E1%85%B3%E1%84%85%E1%85%A6%E1%84%8B%E1%85%B5%E1%84%91%E1%85%B3-%E1%84%85%E1%85%A9%E1%86%BC-%E1%84%8B%E1%85%AF%E1%86%AB%E1%84%91%E1%85%B5%E1%84%89%E1%85%B3-p01165458.html,https://static.zara.net/assets/public/d6c9/55ca/490747b6828b/30cbfac38076/01165458632-a3/01165458632-a3.jpg?ts=1776850316879,"₩89,900",,,260622,브라이트 레드,,,,
,false,,ZARA,원피스,원피스,여성,도트 벨트 원피스,https://www.zara.com/kr/ko/%E1%84%83%E1%85%A9%E1%84%90%E1%85%B3-%E1%84%87%E1%85%A6%E1%86%AF%E1%84%90%E1%85%B3-%E1%84%8B%E1%85%AF%E1%86%AB%E1%84%91%E1%85%B5%E1%84%89%E1%85%B3-p05039268.html,https://static.zara.net/assets/public/3b2c/48d4/36984958996c/9bbd5ae4d76b/05039268084-p/05039268084-p.jpg?ts=1774006678382,"₩59,900",,,260622,"블랙,화이트",,,,
,false,,ZARA,원피스,원피스,여성,도트 튤 롱 원피스,https://www.zara.com/kr/ko/%E1%84%83%E1%85%A9%E1%84%90%E1%85%B3-%E1%84%90%E1%85%B2%E1%86%AF-%E1%84%85%E1%85%A9%E1%86%BC-%E1%84%8B%E1%85%AF%E1%86%AB%E1%84%91%E1%85%B5%E1%84%89%E1%85%B3-p05039265.html,https://static.zara.net/assets/public/61d2/a477/a03c491e818f/6d8c0e5f6d62/05039265087-p/05039265087-p.jpg?ts=1773930243741,"₩89,900",,,260622,"브라운,크림",,,,
,false,,ZARA,원피스,오버롤,여성,러스틱 셔링 점프수트,https://www.zara.com/kr/ko/%E1%84%85%E1%85%A5%E1%84%89%E1%85%B3%E1%84%90%E1%85%B5%E1%86%A8-%E1%84%89%E1%85%A7%E1%84%85%E1%85%B5%E1%86%BC-%E1%84%8C%E1%85%A5%E1%86%B7%E1%84%91%E1%85%B3%E1%84%89%E1%85%AE%E1%84%90%E1%85%B3-p04661327.html,https://static.zara.net/assets/public/b178/fa1b/33db49e48f87/c5e111c559b4/04661327742-p/04661327742-p.jpg?ts=1775572229182,"₩89,900",,,260622,다크 밍크,,,,
,false,,ZARA,원피스,원피스,여성,백리스 미니 원피스,https://www.zara.com/kr/ko/%E1%84%87%E1%85%A2%E1%86%A8%E1%84%85%E1%85%B5%E1%84%89%E1%85%B3-%E1%84%86%E1%85%B5%E1%84%82%E1%85%B5-%E1%84%8B%E1%85%AF%E1%86%AB%E1%84%91%E1%85%B5%E1%84%89%E1%85%B3-p06929482.html,https://static.zara.net/assets/public/80c0/9856/05564b17bb34/5813c9f5f33f/06929482406-p/06929482406-p.jpg?ts=1776954853570,"₩55,900",,,260622,라이트 블루,,,,
,false,,ZARA,원피스,원피스,여성,컷아웃 언밸런스 플록 튤 원피스,https://www.zara.com/kr/ko/%E1%84%91%E1%85%B3%E1%86%AF%E1%84%85%E1%85%A9%E1%86%A8-%E1%84%90%E1%85%B2%E1%86%AF-%E1%84%8B%E1%85%A5%E1%86%AB%E1%84%87%E1%85%A2%E1%86%AF%E1%84%85%E1%85%A5%E1%86%AB%E1%84%89%E1%85%B3-%E1%84%8F%E1%85%A5%E1%86%BA%E1%84%8B%E1%85%A1%E1%84%8B%E1%85%AE%E1%86%BA-%E1%84%8B%E1%85%AF%E1%86%AB%E1%84%91%E1%85%B5%E1%84%89%E1%85%B3-p01131312.html,https://static.zara.net/assets/public/6409/9abf/c9684ba0a5f7/35e905b7dfcc/01131312684-p/01131312684-p.jpg?ts=1771432726525,"₩59,900",,,260622,다크 버건디,,,,
,false,,ZARA,원피스,원피스,여성,볼 니트 반두 원피스,https://www.zara.com/kr/ko/%E1%84%87%E1%85%A9%E1%86%AF-%E1%84%82%E1%85%B5%E1%84%90%E1%85%B3-%E1%84%87%E1%85%A1%E1%86%AB%E1%84%83%E1%85%AE-%E1%84%8B%E1%85%AF%E1%86%AB%E1%84%91%E1%85%B5%E1%84%89%E1%85%B3-p04938021.html,https://static.zara.net/assets/public/f029/c044/9e0c4bd6adb4/96525b140e9b/04938021500-a1/04938021500-a1.jpg?ts=1781180725319,"₩59,900",,,260622,초록,,,,
,false,,ZARA,원피스,원피스,여성,플라워 콤비 니트 원피스,https://www.zara.com/kr/ko/%E1%84%91%E1%85%B3%E1%86%AF%E1%84%85%E1%85%A1%E1%84%8B%E1%85%AF-%E1%84%8F%E1%85%A9%E1%86%B7%E1%84%87%E1%85%B5-%E1%84%82%E1%85%B5%E1%84%90%E1%85%B3-%E1%84%8B%E1%85%AF%E1%86%AB%E1%84%91%E1%85%B5%E1%84%89%E1%85%B3-p03921061.html,https://static.zara.net/assets/public/924a/6e58/5ce94dd5adbb/7d174de1be81/03921061800-p/03921061800-p.jpg?ts=1779452107497,"₩129,900",,,260622,블랙,,,,
,false,,ZARA,원피스,원피스,여성,언밸런스 패턴 미니 원피스,https://www.zara.com/kr/ko/%E1%84%91%E1%85%A2%E1%84%90%E1%85%A5%E1%86%AB-%E1%84%8B%E1%85%A5%E1%86%AB%E1%84%87%E1%85%A2%E1%86%AF%E1%84%85%E1%85%A5%E1%86%AB%E1%84%89%E1%85%B3-%E1%84%86%E1%85%B5%E1%84%82%E1%85%B5-%E1%84%8B%E1%85%AF%E1%86%AB%E1%84%91%E1%85%B5%E1%84%89%E1%85%B3-p03564117.html,https://static.zara.net/assets/public/092c/0ac1/b51d417e8e90/b8f4c9a61aa7/03564117064-a2/03564117064-a2.jpg?ts=1779287120119,"₩59,900",,,260622,"화이트,블랙",,,,
,false,,ZARA,원피스,원피스,여성,도트 콤비 원피스,https://www.zara.com/kr/ko/%E1%84%8F%E1%85%A9%E1%86%B7%E1%84%87%E1%85%B5-%E1%84%83%E1%85%A9%E1%84%90%E1%85%B3-%E1%84%8B%E1%85%AF%E1%86%AB%E1%84%91%E1%85%B5%E1%84%89%E1%85%B3-p03067307.html,https://static.zara.net/assets/public/455a/2151/d9d5496193f9/244c568c70b2/03067307732-p/03067307732-p.jpg?ts=1772715125928,"₩59,900",,,260622,카라멜,,,,
,false,,ZARA,원피스,원피스,여성,코르셋 미니 원피스,https://www.zara.com/kr/ko/%E1%84%8F%E1%85%A9%E1%84%85%E1%85%B3%E1%84%89%E1%85%A6%E1%86%BA-%E1%84%86%E1%85%B5%E1%84%82%E1%85%B5-%E1%84%8B%E1%85%AF%E1%86%AB%E1%84%91%E1%85%B5%E1%84%89%E1%85%B3-p03152305.html,https://static.zara.net/assets/public/ed0d/8c5a/46da421f8cdb/44d14dda428a/03152305450-p/03152305450-p.jpg?ts=1772804380441,"₩59,900",,,260622,베이지,,,,
,false,,ZARA,원피스,원피스,여성,벨트 프릴 콤비 원피스,https://www.zara.com/kr/ko/%E1%84%87%E1%85%A6%E1%86%AF%E1%84%90%E1%85%B3-%E1%84%91%E1%85%B3%E1%84%85%E1%85%B5%E1%86%AF-%E1%84%8F%E1%85%A9%E1%86%B7%E1%84%87%E1%85%B5-%E1%84%8B%E1%85%AF%E1%86%AB%E1%84%91%E1%85%B5%E1%84%89%E1%85%B3-p05029110.html,https://static.zara.net/assets/public/2f10/467a/a8764bc2ad21/0b50c1118271/05029110170-p/05029110170-p.jpg?ts=1774255425870,"₩99,900",,,260622,"카멜,화이트",,,,
,false,,ZARA,원피스,원피스,여성,ZW 컬렉션 드레이프 미디 원피스,https://www.zara.com/kr/ko/zw-%E1%84%8F%E1%85%A5%E1%86%AF%E1%84%85%E1%85%A6%E1%86%A8%E1%84%89%E1%85%A7%E1%86%AB-%E1%84%83%E1%85%B3%E1%84%85%E1%85%A6%E1%84%8B%E1%85%B5%E1%84%91%E1%85%B3-%E1%84%86%E1%85%B5%E1%84%83%E1%85%B5-%E1%84%8B%E1%85%AF%E1%86%AB%E1%84%91%E1%85%B5%E1%84%89%E1%85%B3-p02507043.html,https://static.zara.net/assets/public/1618/6f97/3c9b49ba9824/9672d4339ecc/02507043401-p/02507043401-p.jpg?ts=1779718537272,"₩89,900",,,260622,네이비,,,,
,false,,ZARA,원피스,원피스,여성,ZW 컬렉션 숏 슬리브 셔츠 원피스,https://www.zara.com/kr/ko/zw-%E1%84%8F%E1%85%A5%E1%86%AF%E1%84%85%E1%85%A6%E1%86%A8%E1%84%89%E1%85%A7%E1%86%AB-%E1%84%89%E1%85%AD%E1%86%BA-%E1%84%89%E1%85%B3%E1%86%AF%E1%84%85%E1%85%B5%E1%84%87%E1%85%B3-%E1%84%89%E1%85%A7%E1%84%8E%E1%85%B3-%E1%84%8B%E1%85%AF%E1%86%AB%E1%84%91%E1%85%B5%E1%84%89%E1%85%B3-p02731052.html,https://static.zara.net/assets/public/88fa/9518/20c845ca97a2/2c3f2185e0cb/02731052500-p/02731052500-p.jpg?ts=1777378107241,"₩89,900",,,260622,초록,,,,
,false,,ZARA,원피스,원피스,여성,ZW 컬렉션 홀터넥 원피스,https://www.zara.com/kr/ko/zw-%E1%84%8F%E1%85%A5%E1%86%AF%E1%84%85%E1%85%A6%E1%86%A8%E1%84%89%E1%85%A7%E1%86%AB-%E1%84%92%E1%85%A9%E1%86%AF%E1%84%90%E1%85%A5%E1%84%82%E1%85%A6%E1%86%A8-%E1%84%8B%E1%85%AF%E1%86%AB%E1%84%91%E1%85%B5%E1%84%89%E1%85%B3-p02110146.html,https://static.zara.net/assets/public/8281/fc39/5c7446e78bf9/8e9d57571d1e/02110146250-p/02110146250-p.jpg?ts=1779788445569,"₩109,900",,,260622,화이트,,,,
,false,,ZARA,원피스,원피스,여성,ZW 컬렉션 루즈핏 홀터넥 원피스,https://www.zara.com/kr/ko/zw-%E1%84%8F%E1%85%A5%E1%86%AF%E1%84%85%E1%85%A6%E1%86%A8%E1%84%89%E1%85%A7%E1%86%AB-%E1%84%85%E1%85%AE%E1%84%8C%E1%85%B3%E1%84%91%E1%85%B5%E1%86%BA-%E1%84%92%E1%85%A9%E1%86%AF%E1%84%90%E1%85%A5%E1%84%82%E1%85%A6%E1%86%A8-%E1%84%8B%E1%85%AF%E1%86%AB%E1%84%91%E1%85%B5%E1%84%89%E1%85%B3-p02075013.html,https://static.zara.net/assets/public/475a/7fe5/5f494ff781ea/a144b23f97f6/02075013251-p/02075013251-p.jpg?ts=1773394846235,"₩169,900",,,260622,스크래치 화이트,,,,
,false,,ZARA,원피스,원피스,여성,반두 안감 원피스,https://www.zara.com/kr/ko/%E1%84%87%E1%85%A1%E1%86%AB%E1%84%83%E1%85%AE-%E1%84%8B%E1%85%A1%E1%86%AB%E1%84%80%E1%85%A1%E1%86%B7-%E1%84%8B%E1%85%AF%E1%86%AB%E1%84%91%E1%85%B5%E1%84%89%E1%85%B3-p01223108.html,https://static.zara.net/assets/public/3c40/c4f6/733a429dabc4/3ca922693462/01223108942-p/01223108942-p.jpg?ts=1773059182960,"₩45,900",,,260622,베이지 핑크,,,,
,false,,ZARA,원피스,원피스,여성,레이스 프릴 스트랩 원피스,https://www.zara.com/kr/ko/%E1%84%85%E1%85%A6%E1%84%8B%E1%85%B5%E1%84%89%E1%85%B3-%E1%84%91%E1%85%B3%E1%84%85%E1%85%B5%E1%86%AF-%E1%84%89%E1%85%B3%E1%84%90%E1%85%B3%E1%84%85%E1%85%A2%E1%86%B8-%E1%84%8B%E1%85%AF%E1%86%AB%E1%84%91%E1%85%B5%E1%84%89%E1%85%B3-p03920101.html,https://static.zara.net/assets/public/0986/4a0d/a23845ffaed3/96558923b28a/03920101800-a2/03920101800-a2.jpg?ts=1770194710339,"₩169,900",,,260622,블랙,,,,
,false,,ZARA,원피스,원피스,여성,벌룬 슬리브 패턴 미디 원피스,https://www.zara.com/kr/ko/%E1%84%87%E1%85%A5%E1%86%AF%E1%84%85%E1%85%AE%E1%86%AB-%E1%84%89%E1%85%B3%E1%86%AF%E1%84%85%E1%85%B5%E1%84%87%E1%85%B3-%E1%84%91%E1%85%A2%E1%84%90%E1%85%A5%E1%86%AB-%E1%84%86%E1%85%B5%E1%84%83%E1%85%B5-%E1%84%8B%E1%85%AF%E1%86%AB%E1%84%91%E1%85%B5%E1%84%89%E1%85%B3-p02656145.html,https://static.zara.net/assets/public/8245/0434/dc8e4654b438/d667db0995a3/02656145330-p/02656145330-p.jpg?ts=1772806162160,"₩89,900",,,260622,멀티컬러,,,,
,false,,ZARA,원피스,원피스,여성,린넨 슬리브리스 미디 원피스,https://www.zara.com/kr/ko/%E1%84%85%E1%85%B5%E1%86%AB%E1%84%82%E1%85%A6%E1%86%AB-%E1%84%89%E1%85%B3%E1%86%AF%E1%84%85%E1%85%B5%E1%84%87%E1%85%B3%E1%84%85%E1%85%B5%E1%84%89%E1%85%B3-%E1%84%86%E1%85%B5%E1%84%83%E1%85%B5-%E1%84%8B%E1%85%AF%E1%86%AB%E1%84%91%E1%85%B5%E1%84%89%E1%85%B3-p02663801.html,https://static.zara.net/assets/public/75a0/7491/c3c14145a16b/cd338ea26495/02663801428-a7/02663801428-a7.jpg?ts=1772806165206,"₩89,900",,,260622,워싱 블루,,,,
,false,,ZARA,원피스,원피스,여성,토글 디테일 미니 원피스,https://www.zara.com/kr/ko/%E1%84%90%E1%85%A9%E1%84%80%E1%85%B3%E1%86%AF-%E1%84%86%E1%85%B5%E1%84%82%E1%85%B5-%E1%84%8B%E1%85%AF%E1%86%AB%E1%84%91%E1%85%B5%E1%84%89%E1%85%B3-p05029274.html,https://static.zara.net/assets/public/360d/1a80/15114b548d8e/3eb75fa43593/05029274712-p/05029274712-p.jpg?ts=1781248319952,"₩59,900",,,260622,크림,,,,
,false,,ZARA,원피스,오버롤,여성,도트 패턴 스트랩리스 점프수트,https://www.zara.com/kr/ko/%E1%84%83%E1%85%A9%E1%84%90%E1%85%B3-%E1%84%91%E1%85%A2%E1%84%90%E1%85%A5%E1%86%AB-%E1%84%89%E1%85%B3%E1%84%90%E1%85%B3%E1%84%85%E1%85%A2%E1%86%B8%E1%84%85%E1%85%B5%E1%84%89%E1%85%B3-%E1%84%8C%E1%85%A5%E1%86%B7%E1%84%91%E1%85%B3%E1%84%89%E1%85%AE%E1%84%90%E1%85%B3-p03584250.html,https://static.zara.net/assets/public/4dfe/f0bc/b7644cf18d44/4b50192074f0/03584250084-p/03584250084-p.jpg?ts=1777463316500,"₩99,900",,,260622,"블랙,화이트",,,,
,false,,ZARA,원피스,오버롤,여성,벨트 비대칭 슬리브 점프수트,https://www.zara.com/kr/ko/%E1%84%87%E1%85%A6%E1%86%AF%E1%84%90%E1%85%B3-%E1%84%87%E1%85%B5%E1%84%83%E1%85%A2%E1%84%8E%E1%85%B5%E1%86%BC-%E1%84%89%E1%85%B3%E1%86%AF%E1%84%85%E1%85%B5%E1%84%87%E1%85%B3-%E1%84%8C%E1%85%A5%E1%86%B7%E1%84%91%E1%85%B3%E1%84%89%E1%85%AE%E1%84%90%E1%85%B3-p00387069.html,https://static.zara.net/assets/public/82cd/91e3/b56c49d0ac31/6db2bb6315dc/00387069515-000-p/00387069515-000-p.jpg?ts=1780657855224,"₩89,900",,,260622,올리브,,,,
,false,,ZARA,원피스,원피스,여성,벨트 포플린 미디 원피스,https://www.zara.com/kr/ko/%E1%84%87%E1%85%A6%E1%86%AF%E1%84%90%E1%85%B3-%E1%84%91%E1%85%A9%E1%84%91%E1%85%B3%E1%86%AF%E1%84%85%E1%85%B5%E1%86%AB-%E1%84%86%E1%85%B5%E1%84%83%E1%85%B5-%E1%84%8B%E1%85%AF%E1%86%AB%E1%84%91%E1%85%B5%E1%84%89%E1%85%B3-p03293059.html,https://static.zara.net/assets/public/870a/a082/e5af41848645/52ba7a60746a/03293059600-p/03293059600-p.jpg?ts=1780659562102,"₩89,900",,,260622,레드,,,,
,false,,ZARA,원피스,원피스,여성,패턴 미디 캐미솔 원피스,https://www.zara.com/kr/ko/%E1%84%91%E1%85%A2%E1%84%90%E1%85%A5%E1%86%AB-%E1%84%86%E1%85%B5%E1%84%83%E1%85%B5-%E1%84%8F%E1%85%A2%E1%84%86%E1%85%B5%E1%84%89%E1%85%A9%E1%86%AF-%E1%84%8B%E1%85%AF%E1%86%AB%E1%84%91%E1%85%B5%E1%84%89%E1%85%B3-p03897116.html,https://static.zara.net/assets/public/5e50/416e/3d1b42179a47/7adf48cf5850/03897116107-a1/03897116107-a1.jpg?ts=1777449804447,"₩89,900",,,260622,107,,,,
,false,,ZARA,원피스,원피스,여성,숄더 패드 언밸런스 미니 원피스,https://www.zara.com/kr/ko/%E1%84%89%E1%85%AD%E1%86%AF%E1%84%83%E1%85%A5-%E1%84%91%E1%85%A2%E1%84%83%E1%85%B3-%E1%84%8B%E1%85%A5%E1%86%AB%E1%84%87%E1%85%A2%E1%86%AF%E1%84%85%E1%85%A5%E1%86%AB%E1%84%89%E1%85%B3-%E1%84%86%E1%85%B5%E1%84%82%E1%85%B5-%E1%84%8B%E1%85%AF%E1%86%AB%E1%84%91%E1%85%B5%E1%84%89%E1%85%B3-p02776864.html,https://static.zara.net/assets/public/40e9/95dc/23b04b87ad7e/d2464e3f64c2/03088933641-p/03088933641-p.jpg?ts=1777566747379,"₩59,900",,,260622,다크 레드,,,,
,false,,ZARA,원피스,원피스,여성,자수 프릴 미니 원피스,https://www.zara.com/kr/ko/%E1%84%91%E1%85%B3%E1%84%85%E1%85%B5%E1%86%AF-%E1%84%8C%E1%85%A1%E1%84%89%E1%85%AE-%E1%84%86%E1%85%B5%E1%84%82%E1%85%B5-%E1%84%8B%E1%85%AF%E1%86%AB%E1%84%91%E1%85%B5%E1%84%89%E1%85%B3-p00881317.html,https://static.zara.net/assets/public/f605/ec65/ad1f4de690ee/dab6283d56d5/00881317306-001-p/00881317306-001-p.jpg?ts=1779100915241,"₩59,900",,,260622,라이트 옐로우,,,,
,false,,ZARA,원피스,원피스,여성,홀터넥 도트 원피스,https://www.zara.com/kr/ko/%E1%84%92%E1%85%A9%E1%86%AF%E1%84%90%E1%85%A5%E1%84%82%E1%85%A6%E1%86%A8-%E1%84%83%E1%85%A9%E1%84%90%E1%85%B3-%E1%84%8B%E1%85%AF%E1%86%AB%E1%84%91%E1%85%B5%E1%84%89%E1%85%B3-p00264475.html,https://static.zara.net/assets/public/4118/fc86/77ab4c7eb082/d4bfeaf9cc07/00264475064-p/00264475064-p.jpg?ts=1780413276890,"₩79,900",,,260622,"화이트,블랙",,,,
,false,,ZARA,원피스,원피스,여성,캐미솔 원피스,https://www.zara.com/kr/ko/%E1%84%8F%E1%85%A2%E1%84%86%E1%85%B5%E1%84%89%E1%85%A9%E1%86%AF-%E1%84%8B%E1%85%AF%E1%86%AB%E1%84%91%E1%85%B5%E1%84%89%E1%85%B3-p01058144.html,https://static.zara.net/assets/public/809b/aaf1/c351493ebefc/c92154203a1a/01058144621-a1/01058144621-a1.jpg?ts=1780411124544,"₩129,900",,,260622,파스텔 로즈,,,,
,false,,ZARA,원피스,원피스,여성,콤비 드레이프 미디 원피스,https://www.zara.com/kr/ko/%E1%84%8F%E1%85%A9%E1%86%B7%E1%84%87%E1%85%B5-%E1%84%83%E1%85%B3%E1%84%85%E1%85%A6%E1%84%8B%E1%85%B5%E1%84%91%E1%85%B3-%E1%84%86%E1%85%B5%E1%84%83%E1%85%B5-%E1%84%8B%E1%85%AF%E1%86%AB%E1%84%91%E1%85%B5%E1%84%89%E1%85%B3-p04661304.html,https://static.zara.net/assets/public/f445/1561/e2634d1ebf63/8a0af1e89ae1/04661304800-p/04661304800-p.jpg?ts=1779978112961,"₩79,900",,,260622,블랙,,,,
,false,,ZARA,원피스,원피스,여성,튤 콤비 미니 원피스,https://www.zara.com/kr/ko/%E1%84%90%E1%85%B2%E1%86%AF-%E1%84%8F%E1%85%A9%E1%86%B7%E1%84%87%E1%85%B5-%E1%84%86%E1%85%B5%E1%84%82%E1%85%B5-%E1%84%8B%E1%85%AF%E1%86%AB%E1%84%91%E1%85%B5%E1%84%89%E1%85%B3-p03152354.html,https://static.zara.net/assets/public/1236/bb2a/b88848b3ab60/d81660601466/03152354251-a5/03152354251-a5.jpg?ts=1780502268276,"₩79,900",,,260622,스크래치 화이트,,,,
,false,,ZARA,원피스,오버롤,여성,벨트 펀칭 자수 점프수트,https://www.zara.com/kr/ko/%E1%84%87%E1%85%A6%E1%86%AF%E1%84%90%E1%85%B3-%E1%84%91%E1%85%A5%E1%86%AB%E1%84%8E%E1%85%B5%E1%86%BC-%E1%84%8C%E1%85%A1%E1%84%89%E1%85%AE-%E1%84%8C%E1%85%A5%E1%86%B7%E1%84%91%E1%85%B3%E1%84%89%E1%85%AE%E1%84%90%E1%85%B3-p02987964.html,https://static.zara.net/assets/public/7509/6c4a/cef34045a7ac/9941e37af85b/02987964087-p/02987964087-p.jpg?ts=1780501004914,"₩109,900",,,260622,"브라운,크림",,,,
,false,,ZARA,원피스,원피스,여성,컷아웃 펀칭 자수 미디 원피스,https://www.zara.com/kr/ko/%E1%84%8F%E1%85%A5%E1%86%BA%E1%84%8B%E1%85%A1%E1%84%8B%E1%85%AE%E1%86%BA-%E1%84%91%E1%85%A5%E1%86%AB%E1%84%8E%E1%85%B5%E1%86%BC-%E1%84%8C%E1%85%A1%E1%84%89%E1%85%AE-%E1%84%86%E1%85%B5%E1%84%83%E1%85%B5-%E1%84%8B%E1%85%AF%E1%86%AB%E1%84%91%E1%85%B5%E1%84%89%E1%85%B3-p02687966.html,https://static.zara.net/assets/public/7992/9ad5/bd8b4bec93d9/52e00485bc22/02687966700-a4/02687966700-a4.jpg?ts=1780566034679,"₩119,900",,,260622,브라운,,,,
,false,,ZARA,원피스,원피스,여성,ZW 컬렉션 비즈 자수 원피스,https://www.zara.com/kr/ko/zw-%E1%84%8F%E1%85%A5%E1%86%AF%E1%84%85%E1%85%A6%E1%86%A8%E1%84%89%E1%85%A7%E1%86%AB-%E1%84%87%E1%85%B5%E1%84%8C%E1%85%B3-%E1%84%8C%E1%85%A1%E1%84%89%E1%85%AE-%E1%84%8B%E1%85%AF%E1%86%AB%E1%84%91%E1%85%B5%E1%84%89%E1%85%B3-p06895072.html,https://static.zara.net/assets/public/8f5f/8482/0f5248c18e93/b6496004c3d7/06895072800-p/06895072800-p.jpg?ts=1778767747972,"₩129,900",,,260622,블랙,,,,
,false,,ZARA,원피스,원피스,여성,코튼 롱 원피스,https://www.zara.com/kr/ko/%E1%84%8F%E1%85%A9%E1%84%90%E1%85%B3%E1%86%AB-%E1%84%85%E1%85%A9%E1%86%BC-%E1%84%8B%E1%85%AF%E1%86%AB%E1%84%91%E1%85%B5%E1%84%89%E1%85%B3-p00858009.html,https://static.zara.net/assets/public/ace7/6794/2cbf40ab9654/9aeb448ed9a7/00858009800-p/00858009800-p.jpg?ts=1770901255111,"₩55,900",,,260622,블랙,,,,
,false,,ZARA,원피스,원피스,여성,미니 벨트 원피스,https://www.zara.com/kr/ko/%E1%84%86%E1%85%B5%E1%84%82%E1%85%B5-%E1%84%87%E1%85%A6%E1%86%AF%E1%84%90%E1%85%B3-%E1%84%8B%E1%85%AF%E1%86%AB%E1%84%91%E1%85%B5%E1%84%89%E1%85%B3-p00387057.html,https://static.zara.net/assets/public/5844/42c7/b4ee4b9582c7/817512dd2391/00387057800-p/00387057800-p.jpg?ts=1775661997365,"₩59,900",,,260622,블랙,,,,
,false,,ZARA,원피스,원피스,여성,컷아웃 미니 원피스,https://www.zara.com/kr/ko/%E1%84%8F%E1%85%A5%E1%86%BA%E1%84%8B%E1%85%A1%E1%84%8B%E1%85%AE%E1%86%BA-%E1%84%86%E1%85%B5%E1%84%82%E1%85%B5-%E1%84%8B%E1%85%AF%E1%86%AB%E1%84%91%E1%85%B5%E1%84%89%E1%85%B3-p03641313.html,https://static.zara.net/assets/public/073d/6b1f/df7c49db81b4/6e98653612e8/03641313251-p/03641313251-p.jpg?ts=1779277757301,"₩35,900",,,260622,스크래치 화이트,,,,
,false,,ZARA,원피스,원피스,여성,컷아웃 미니 원피스,https://www.zara.com/kr/ko/%E1%84%8F%E1%85%A5%E1%86%BA%E1%84%8B%E1%85%A1%E1%84%8B%E1%85%AE%E1%86%BA-%E1%84%86%E1%85%B5%E1%84%82%E1%85%B5-%E1%84%8B%E1%85%AF%E1%86%AB%E1%84%91%E1%85%B5%E1%84%89%E1%85%B3-p03641313.html,https://static.zara.net/assets/public/fd57/8e18/dd92488d81f3/c29a58dfab30/03641313700-p/03641313700-p.jpg?ts=1779286846238,"₩35,900",,,260622,브라운,,,,
,false,,ZARA,원피스,원피스,여성,데보레 캐미솔 원피스,https://www.zara.com/kr/ko/%E1%84%83%E1%85%A6%E1%84%87%E1%85%A9%E1%84%85%E1%85%A6-%E1%84%8F%E1%85%A2%E1%84%86%E1%85%B5%E1%84%89%E1%85%A9%E1%86%AF-%E1%84%8B%E1%85%AF%E1%86%AB%E1%84%91%E1%85%B5%E1%84%89%E1%85%B3-p04344304.html,https://static.zara.net/assets/public/c176/df27/10734e919e54/b4155d3d684c/04344304710-p/04344304710-p.jpg?ts=1776953007251,"₩57,900",,,260622,베이지,,,,
,false,,ZARA,원피스,원피스,여성,프릴 홀터넥 원피스,https://www.zara.com/kr/ko/%E1%84%91%E1%85%B3%E1%84%85%E1%85%B5%E1%86%AF-%E1%84%92%E1%85%A9%E1%86%AF%E1%84%90%E1%85%A5%E1%84%82%E1%85%A6%E1%86%A8-%E1%84%8B%E1%85%AF%E1%86%AB%E1%84%91%E1%85%B5%E1%84%89%E1%85%B3-p04813357.html,https://static.zara.net/assets/public/3077/a727/38d84448876a/f6d0031c9af8/04813357527-p/04813357527-p.jpg?ts=1776953013053,"₩57,900",,,260622,미디움 그린,,,,
,false,,ZARA,원피스,원피스,여성,홀터넥 니트 콤비 원피스,https://www.zara.com/kr/ko/%E1%84%92%E1%85%A9%E1%86%AF%E1%84%90%E1%85%A5%E1%84%82%E1%85%A6%E1%86%A8-%E1%84%82%E1%85%B5%E1%84%90%E1%85%B3-%E1%84%8F%E1%85%A9%E1%86%B7%E1%84%87%E1%85%B5-%E1%84%8B%E1%85%AF%E1%86%AB%E1%84%91%E1%85%B5%E1%84%89%E1%85%B3-p04192070.html,https://static.zara.net/assets/public/712c/acb8/a04a4798aaf9/ff250bb68994/04192070250-p/04192070250-p.jpg?ts=1779208731921,"₩79,900",,,260622,화이트,,,,
,false,,ZARA,원피스,원피스,여성,WILLY CHAVARRIA X ZARA 레이스 캐미솔 원피스,https://www.zara.com/kr/ko/willy-chavarria-x-zara-%E1%84%85%E1%85%A6%E1%84%8B%E1%85%B5%E1%84%89%E1%85%B3-%E1%84%8F%E1%85%A2%E1%84%86%E1%85%B5%E1%84%89%E1%85%A9%E1%86%AF-%E1%84%8B%E1%85%AF%E1%86%AB%E1%84%91%E1%85%B5%E1%84%89%E1%85%B3-p02249137.html,https://static.zara.net/assets/public/4658/2708/a774412cac5a/b8b4fc14f831/02249137926-60-p/02249137926-60-p.jpg?ts=1781534382147,"₩259,900",,,260622,핑크,,,,
,false,,ZARA,원피스,원피스,여성,LIMITED EDITION 라미 플라워 카프탄 원피스,https://www.zara.com/kr/ko/limited-edition-%E1%84%85%E1%85%A1%E1%84%86%E1%85%B5-%E1%84%91%E1%85%B3%E1%86%AF%E1%84%85%E1%85%A1%E1%84%8B%E1%85%AF-%E1%84%8F%E1%85%A1%E1%84%91%E1%85%B3%E1%84%90%E1%85%A1%E1%86%AB-%E1%84%8B%E1%85%AF%E1%86%AB%E1%84%91%E1%85%B5%E1%84%89%E1%85%B3-p02113844.html,https://static.zara.net/assets/public/fc9c/bc0a/b2464b89882a/98adbbea1e6b/02113844020-60-p/02113844020-60-p.jpg?ts=1781534384031,"₩169,900",,,260622,프린트,,,,
,false,,ZARA,원피스,원피스,여성,LIMITED EDITION 플라워 카프탄 원피스,https://www.zara.com/kr/ko/limited-edition-%E1%84%91%E1%85%B3%E1%86%AF%E1%84%85%E1%85%A1%E1%84%8B%E1%85%AF-%E1%84%8F%E1%85%A1%E1%84%91%E1%85%B3%E1%84%90%E1%85%A1%E1%86%AB-%E1%84%8B%E1%85%AF%E1%86%AB%E1%84%91%E1%85%B5%E1%84%89%E1%85%B3-p02114845.html,https://static.zara.net/assets/public/eda4/6548/78b44929b1d2/f565177b5d9b/02114845020-60-p/02114845020-60-p.jpg?ts=1781534383126,"₩149,900",,,260622,프린트,,,,
,false,,ZARA,원피스,원피스,여성,WILLY CHAVARRIA X ZARA 슬리브리스 데님 원피스,https://www.zara.com/kr/ko/willy-chavarria-x-zara-%E1%84%89%E1%85%B3%E1%86%AF%E1%84%85%E1%85%B5%E1%84%87%E1%85%B3%E1%84%85%E1%85%B5%E1%84%89%E1%85%B3-%E1%84%83%E1%85%A6%E1%84%82%E1%85%B5%E1%86%B7-%E1%84%8B%E1%85%AF%E1%86%AB%E1%84%91%E1%85%B5%E1%84%89%E1%85%B3-p06840088.html,https://static.zara.net/assets/public/5a11/3614/799640888fcd/cd25ada2c2b3/06840088800-60-p/06840088800-60-p.jpg?ts=1781535860991,"₩149,900",,,260622,블랙,,,,
,false,,ZARA,원피스,원피스,여성,숄더 패드 린넨 셔츠 원피스 WILLY CHAVARRIA X ZARA,https://www.zara.com/kr/ko/%E1%84%89%E1%85%AD%E1%86%AF%E1%84%83%E1%85%A5-%E1%84%91%E1%85%A2%E1%84%83%E1%85%B3-%E1%84%85%E1%85%B5%E1%86%AB%E1%84%82%E1%85%A6%E1%86%AB-%E1%84%89%E1%85%A7%E1%84%8E%E1%85%B3-%E1%84%8B%E1%85%AF%E1%86%AB%E1%84%91%E1%85%B5%E1%84%89%E1%85%B3-willy-chavarria-x-zara-p02580132.html,https://static.zara.net/assets/public/a0f1/c286/78fc4299a5f3/164a9c4cf46d/02580132712-60-p/02580132712-60-p.jpg?ts=1781534380288,"₩149,900",,,260622,크림,,,,
,false,,ZARA,원피스,원피스,여성,WILLY CHAVARRIA X ZARA 숄더 패드 셔츠 원피스,https://www.zara.com/kr/ko/willy-chavarria-x-zara-%E1%84%89%E1%85%AD%E1%86%AF%E1%84%83%E1%85%A5-%E1%84%91%E1%85%A2%E1%84%83%E1%85%B3-%E1%84%89%E1%85%A7%E1%84%8E%E1%85%B3-%E1%84%8B%E1%85%AF%E1%86%AB%E1%84%91%E1%85%B5%E1%84%89%E1%85%B3-p02580140.html,https://static.zara.net/assets/public/2db2/7cb4/203b4d548ca0/46a5108fb6cb/02580140800-60-p/02580140800-60-p.jpg?ts=1781535599923,"₩149,900",,,260622,블랙,,,,
,false,,ZARA,원피스,원피스,여성,WILLY CHAVARRIA X ZARA 숄더 패드 셔츠 원피스,https://www.zara.com/kr/ko/willy-chavarria-x-zara-%E1%84%89%E1%85%AD%E1%86%AF%E1%84%83%E1%85%A5-%E1%84%91%E1%85%A2%E1%84%83%E1%85%B3-%E1%84%89%E1%85%A7%E1%84%8E%E1%85%B3-%E1%84%8B%E1%85%AF%E1%86%AB%E1%84%91%E1%85%B5%E1%84%89%E1%85%B3-p02580140.html,https://static.zara.net/assets/public/ac1a/1329/26e34dd5a5de/66b6f196bc59/02580140800-61-p/02580140800-61-p.jpg?ts=1781536199784,"₩149,900",,,260622,블랙,,,,
,false,,ZARA,원피스,원피스,여성,패턴 미디 캐미솔 원피스,https://www.zara.com/kr/ko/%E1%84%91%E1%85%A2%E1%84%90%E1%85%A5%E1%86%AB-%E1%84%86%E1%85%B5%E1%84%83%E1%85%B5-%E1%84%8F%E1%85%A2%E1%84%86%E1%85%B5%E1%84%89%E1%85%A9%E1%86%AF-%E1%84%8B%E1%85%AF%E1%86%AB%E1%84%91%E1%85%B5%E1%84%89%E1%85%B3-p03897116.html,https://static.zara.net/assets/public/1f00/27ba/3efc4f5a8f92/179ac5495380/03897116107-p/03897116107-p.jpg?ts=1777564383678,"₩89,900",,,260622,107,,,,
,false,,ZARA,원피스,원피스,여성,벌룬 포플린 홀터넥 미니 원피스,https://www.zara.com/kr/ko/%E1%84%87%E1%85%A5%E1%86%AF%E1%84%85%E1%85%AE%E1%86%AB-%E1%84%91%E1%85%A9%E1%84%91%E1%85%B3%E1%86%AF%E1%84%85%E1%85%B5%E1%86%AB-%E1%84%92%E1%85%A9%E1%86%AF%E1%84%90%E1%85%A5%E1%84%82%E1%85%A6%E1%86%A8-%E1%84%86%E1%85%B5%E1%84%82%E1%85%B5-%E1%84%8B%E1%85%AF%E1%86%AB%E1%84%91%E1%85%B5%E1%84%89%E1%85%B3-p05107302.html,https://static.zara.net/assets/public/6ab0/62b8/dea7438cae6c/38dfe75a3aeb/05107302637-p/05107302637-p.jpg?ts=1772188598283,"₩59,900",,,260622,라이트 로즈,,,,
,false,,ZARA,원피스,원피스,여성,페이크 스웨이드 벨트 미니 원피스,https://www.zara.com/kr/ko/%E1%84%91%E1%85%A6%E1%84%8B%E1%85%B5%E1%84%8F%E1%85%B3-%E1%84%89%E1%85%B3%E1%84%8B%E1%85%B0%E1%84%8B%E1%85%B5%E1%84%83%E1%85%B3-%E1%84%87%E1%85%A6%E1%86%AF%E1%84%90%E1%85%B3-%E1%84%86%E1%85%B5%E1%84%82%E1%85%B5-%E1%84%8B%E1%85%AF%E1%86%AB%E1%84%91%E1%85%B5%E1%84%89%E1%85%B3-p02183545.html,https://static.zara.net/assets/public/f297/5515/0639434d86e9/569d7681d48f/02183545700-p/02183545700-p.jpg?ts=1770628017339,"₩79,900",,,260622,브라운,,,,
,false,,ZARA,원피스,원피스,여성,페이크 스웨이드 미니 원피스,https://www.zara.com/kr/ko/%E1%84%91%E1%85%A6%E1%84%8B%E1%85%B5%E1%84%8F%E1%85%B3-%E1%84%89%E1%85%B3%E1%84%8B%E1%85%B0%E1%84%8B%E1%85%B5%E1%84%83%E1%85%B3-%E1%84%86%E1%85%B5%E1%84%82%E1%85%B5-%E1%84%8B%E1%85%AF%E1%86%AB%E1%84%91%E1%85%B5%E1%84%89%E1%85%B3-p02325545.html,https://static.zara.net/assets/public/257b/50fd/0efe4ac9ba04/5fbf8b462b8d/02325545704-p/02325545704-p.jpg?ts=1770627993575,"₩89,900",,,260622,샌드,,,,
,false,,ZARA,원피스,원피스,여성,ZW 컬렉션 알라마레스 튜닉 원피스,https://www.zara.com/kr/ko/zw-%E1%84%8F%E1%85%A5%E1%86%AF%E1%84%85%E1%85%A6%E1%86%A8%E1%84%89%E1%85%A7%E1%86%AB-%E1%84%8B%E1%85%A1%E1%86%AF%E1%84%85%E1%85%A1%E1%84%86%E1%85%A1%E1%84%85%E1%85%B3-%E1%84%90%E1%85%B2%E1%84%82%E1%85%B5%E1%86%A8-%E1%84%8B%E1%85%AF%E1%86%AB%E1%84%91%E1%85%B5%E1%84%89%E1%85%B3-p02216231.html,https://static.zara.net/assets/public/8ef0/f478/97424951a879/454e44a19cd4/02216231800-p/02216231800-p.jpg?ts=1780043281821,"₩109,900",,,260622,블랙,,,,
,false,,ZARA,원피스,오버롤,여성,ZW 컬렉션 새틴 홀터넥 점프수트,https://www.zara.com/kr/ko/zw-%E1%84%8F%E1%85%A5%E1%86%AF%E1%84%85%E1%85%A6%E1%86%A8%E1%84%89%E1%85%A7%E1%86%AB-%E1%84%89%E1%85%A2%E1%84%90%E1%85%B5%E1%86%AB-%E1%84%92%E1%85%A9%E1%86%AF%E1%84%90%E1%85%A5%E1%84%82%E1%85%A6%E1%86%A8-%E1%84%8C%E1%85%A5%E1%86%B7%E1%84%91%E1%85%B3%E1%84%89%E1%85%AE%E1%84%90%E1%85%B3-p02223098.html,https://static.zara.net/assets/public/0500/fb53/a6234c98b6f5/38b80860bd42/02223098401-p/02223098401-p.jpg?ts=1780043287608,"₩149,900",,,260622,네이비,,,,
,false,,ZARA,원피스,원피스,여성,주얼 비즈 미니 원피스,https://www.zara.com/kr/ko/%E1%84%8C%E1%85%AE%E1%84%8B%E1%85%A5%E1%86%AF%E1%84%85%E1%85%B5-%E1%84%87%E1%85%B5%E1%84%8C%E1%85%B3-%E1%84%86%E1%85%B5%E1%84%82%E1%85%B5-%E1%84%8B%E1%85%AF%E1%86%AB%E1%84%91%E1%85%B5%E1%84%89%E1%85%B3-p03920286.html,https://static.zara.net/assets/public/595a/09d6/d4eb4668968f/14f162d56e51/03920286808-p/03920286808-p.jpg?ts=1779362842094,"₩209,900",,,260622,실버,,,,
,false,,ZARA,원피스,원피스,여성,자수 허니콤 미디 원피스,https://www.zara.com/kr/ko/%E1%84%8C%E1%85%A1%E1%84%89%E1%85%AE-%E1%84%92%E1%85%A5%E1%84%82%E1%85%B5%E1%84%8F%E1%85%A9%E1%86%B7-%E1%84%86%E1%85%B5%E1%84%83%E1%85%B5-%E1%84%8B%E1%85%AF%E1%86%AB%E1%84%91%E1%85%B5%E1%84%89%E1%85%B3-p01008022.html,https://static.zara.net/assets/public/d3e7/9e9c/975543bb8bfc/9d02e613d67f/01008022731-p/01008022731-p.jpg?ts=1774430832276,"₩79,900",,,260622,다크 베이지,,,,
,false,,ZARA,원피스,원피스,여성,벨트 미디 원피스,https://www.zara.com/kr/ko/%E1%84%87%E1%85%A6%E1%86%AF%E1%84%90%E1%85%B3-%E1%84%86%E1%85%B5%E1%84%83%E1%85%B5-%E1%84%8B%E1%85%AF%E1%86%AB%E1%84%91%E1%85%B5%E1%84%89%E1%85%B3-p05029137.html,https://static.zara.net/assets/public/d2cd/d17e/8e28427cb83e/913633ec9d24/05029137505-p/05029137505-p.jpg?ts=1774430894120,"₩89,900",,,260622,카키,,,,
,false,,ZARA,원피스,원피스,여성,홀터넥 레이스 프린지 원피스,https://www.zara.com/kr/ko/%E1%84%85%E1%85%A6%E1%84%8B%E1%85%B5%E1%84%89%E1%85%B3-%E1%84%91%E1%85%B3%E1%84%85%E1%85%B5%E1%86%AB%E1%84%8C%E1%85%B5-%E1%84%92%E1%85%A9%E1%86%AF%E1%84%90%E1%85%A5%E1%84%82%E1%85%A6%E1%86%A8-%E1%84%8B%E1%85%AF%E1%86%AB%E1%84%91%E1%85%B5%E1%84%89%E1%85%B3-p05919117.html,https://static.zara.net/assets/public/63e2/2431/c03744deaa41/48e1e368a72b/05919117606-p/05919117606-p.jpg?ts=1769774059986,"₩209,900",,,260622,버건디,,,,
,false,,ZARA,원피스,원피스,여성,새틴 드레이프 네크라인 원피스,https://www.zara.com/kr/ko/%E1%84%83%E1%85%B3%E1%84%85%E1%85%A6%E1%84%8B%E1%85%B5%E1%84%91%E1%85%B3-%E1%84%82%E1%85%A6%E1%84%8F%E1%85%B3%E1%84%85%E1%85%A1%E1%84%8B%E1%85%B5%E1%86%AB-%E1%84%89%E1%85%A2%E1%84%90%E1%85%B5%E1%86%AB-%E1%84%8B%E1%85%AF%E1%86%AB%E1%84%91%E1%85%B5%E1%84%89%E1%85%B3-p03920146.html,https://static.zara.net/assets/public/16b3/eac7/dbb740579d3a/8b82440f07e1/03920146097-p/03920146097-p.jpg?ts=1769774054789,"₩129,900",,,260622,"버건디,크림",,,,
,false,,ZARA,원피스,원피스,여성,시퀸 드레이프 홀터넥 미니 원피스,https://www.zara.com/kr/ko/%E1%84%89%E1%85%B5%E1%84%8F%E1%85%B1%E1%86%AB-%E1%84%83%E1%85%B3%E1%84%85%E1%85%A6%E1%84%8B%E1%85%B5%E1%84%91%E1%85%B3-%E1%84%92%E1%85%A9%E1%86%AF%E1%84%90%E1%85%A5%E1%84%82%E1%85%A6%E1%86%A8-%E1%84%86%E1%85%B5%E1%84%82%E1%85%B5-%E1%84%8B%E1%85%AF%E1%86%AB%E1%84%91%E1%85%B5%E1%84%89%E1%85%B3-p03210302.html,https://static.zara.net/assets/public/7e7c/8503/44cb4f059037/449b444fbcd9/03210302735-p/03210302735-p.jpg?ts=1780475831652,"₩109,900",,,260622,구리,,,,
,false,,ZARA,원피스,원피스,여성,루즈 크로스 원피스,https://www.zara.com/kr/ko/%E1%84%85%E1%85%AE%E1%84%8C%E1%85%B3-%E1%84%8F%E1%85%B3%E1%84%85%E1%85%A9%E1%84%89%E1%85%B3-%E1%84%8B%E1%85%AF%E1%86%AB%E1%84%91%E1%85%B5%E1%84%89%E1%85%B3-p05039343.html,https://static.zara.net/assets/public/cd2c/d841/f1624e2c8c2a/f57c494aa0bb/05039343500-a2/05039343500-a2.jpg?ts=1776852593884,"₩59,900",,,260622,초록,,,,
,false,,ZARA,원피스,원피스,여성,루즈 크로스 원피스,https://www.zara.com/kr/ko/%E1%84%85%E1%85%AE%E1%84%8C%E1%85%B3-%E1%84%8F%E1%85%B3%E1%84%85%E1%85%A9%E1%84%89%E1%85%B3-%E1%84%8B%E1%85%AF%E1%86%AB%E1%84%91%E1%85%B5%E1%84%89%E1%85%B3-p05039343.html,https://static.zara.net/assets/public/1c0a/5711/b25a41548e72/45031de61b33/05039343671-a4/05039343671-a4.jpg?ts=1776852674934,"₩59,900",,,260622,레드베리,,,,
,false,,ZARA,원피스,원피스,여성,ZW 컬렉션 반소매 셔츠 원피스,https://www.zara.com/kr/ko/zw-%E1%84%8F%E1%85%A5%E1%86%AF%E1%84%85%E1%85%A6%E1%86%A8%E1%84%89%E1%85%A7%E1%86%AB-%E1%84%89%E1%85%AD%E1%86%BA-%E1%84%89%E1%85%B3%E1%86%AF%E1%84%85%E1%85%B5%E1%84%87%E1%85%B3-%E1%84%89%E1%85%A7%E1%84%8E%E1%85%B3-%E1%84%8B%E1%85%AF%E1%86%AB%E1%84%91%E1%85%B5%E1%84%89%E1%85%B3-p02731052.html,https://static.zara.net/assets/public/b0f1/d346/1a8140738296/ff2482695b98/02731052250-a11/02731052250-a11.jpg?ts=1776337762457,"₩89,900",,,260622,화이트,,,,
,false,,ZARA,원피스,원피스,여성,ZW 컬렉션 린넨 미디 원피스,https://www.zara.com/kr/ko/zw-%E1%84%8F%E1%85%A5%E1%86%AF%E1%84%85%E1%85%A6%E1%86%A8%E1%84%89%E1%85%A7%E1%86%AB-%E1%84%85%E1%85%B5%E1%86%AB%E1%84%82%E1%85%A6%E1%86%AB-%E1%84%86%E1%85%B5%E1%84%83%E1%85%B5-%E1%84%8B%E1%85%AF%E1%86%AB%E1%84%91%E1%85%B5%E1%84%89%E1%85%B3-p05289025.html,https://static.zara.net/assets/public/8457/982c/f3ba49419ac6/7010be46fc08/02077336800-p/02077336800-p.jpg?ts=1773401360308,"₩109,900",,,260622,블랙,,,,
,false,,ZARA,원피스,원피스,여성,ZW 컬렉션 새틴 홀터넥 원피스,https://www.zara.com/kr/ko/zw-%E1%84%8F%E1%85%A5%E1%86%AF%E1%84%85%E1%85%A6%E1%86%A8%E1%84%89%E1%85%A7%E1%86%AB-%E1%84%89%E1%85%A2%E1%84%90%E1%85%B5%E1%86%AB-%E1%84%92%E1%85%A9%E1%86%AF%E1%84%90%E1%85%A5%E1%84%82%E1%85%A6%E1%86%A8-%E1%84%8B%E1%85%AF%E1%86%AB%E1%84%91%E1%85%B5%E1%84%89%E1%85%B3-p02067934.html,https://static.zara.net/assets/public/780b/cbe7/2d3e4498995e/6ba7fe8325fd/02067934800-p/02067934800-p.jpg?ts=1773076321628,"₩109,900",,,260622,블랙,,,,
,false,,ZARA,원피스,원피스,여성,숏 셔츠 원피스,https://www.zara.com/kr/ko/%E1%84%86%E1%85%B5%E1%84%82%E1%85%B5-%E1%84%89%E1%85%A7%E1%84%8E%E1%85%B3-%E1%84%8B%E1%85%AF%E1%86%AB%E1%84%91%E1%85%B5%E1%84%89%E1%85%B3-p04764311.html,https://static.zara.net/assets/public/807f/4e6e/0cc04cb989c9/5a8737f2f2d2/04764311738-015-p/04764311738-015-p.jpg?ts=1770211657546,"₩59,900",,,260622,끈,,,,
,false,,ZARA,원피스,원피스,여성,도트 언밸런스 원피스,https://www.zara.com/kr/ko/%E1%84%8B%E1%85%A5%E1%86%AB%E1%84%87%E1%85%A2%E1%86%AF%E1%84%85%E1%85%A5%E1%86%AB%E1%84%89%E1%85%B3-%E1%84%83%E1%85%A9%E1%84%90%E1%85%B3-%E1%84%8B%E1%85%AF%E1%86%AB%E1%84%91%E1%85%B5%E1%84%89%E1%85%B3-p04772315.html,https://static.zara.net/assets/public/2447/57a3/35d2458ca5ac/4fc8a0ea48d2/04772315070-p/04772315070-p.jpg?ts=1770192158038,"₩109,900",,,260622,"크림,블랙",,,,
,false,,ZARA,원피스,원피스,여성,배트윙 슬리브 콤비 미니 원피스,https://www.zara.com/kr/ko/%E1%84%87%E1%85%A2%E1%84%90%E1%85%B3%E1%84%8B%E1%85%B1%E1%86%BC-%E1%84%89%E1%85%B3%E1%86%AF%E1%84%85%E1%85%B5%E1%84%87%E1%85%B3-%E1%84%8F%E1%85%A9%E1%86%B7%E1%84%87%E1%85%B5-%E1%84%86%E1%85%B5%E1%84%82%E1%85%B5-%E1%84%8B%E1%85%AF%E1%86%AB%E1%84%91%E1%85%B5%E1%84%89%E1%85%B3-p04772306.html,https://static.zara.net/assets/public/73c9/2cca/b9f849f8af2a/66613730dba6/04772306250-p/04772306250-p.jpg?ts=1767888734214,"₩79,900",,,260622,화이트,,,,
,false,,ZARA,원피스,원피스,여성,보디 튤 원피스,https://www.zara.com/kr/ko/%E1%84%87%E1%85%A1%E1%84%83%E1%85%B5-%E1%84%90%E1%85%B2%E1%86%AF-%E1%84%8B%E1%85%AF%E1%86%AB%E1%84%91%E1%85%B5%E1%84%89%E1%85%B3-p04770314.html,https://static.zara.net/assets/public/a46a/d8f9/39b6459eb989/a5aefae14334/04770314800-p/04770314800-p.jpg?ts=1778852245204,"₩59,900",,,260622,블랙,,,,
,false,,ZARA,원피스,원피스,여성,콤비 튤 미니 원피스,https://www.zara.com/kr/ko/%E1%84%90%E1%85%B2%E1%86%AF-%E1%84%8F%E1%85%A9%E1%86%B7%E1%84%87%E1%85%B5-%E1%84%86%E1%85%B5%E1%84%82%E1%85%B5-%E1%84%8B%E1%85%AF%E1%86%AB%E1%84%91%E1%85%B5%E1%84%89%E1%85%B3-p05039414.html,https://static.zara.net/assets/public/195d/1cd4/a92e4e18ac44/3b8cd9198407/05039414800-p/05039414800-p.jpg?ts=1778851963024,"₩45,900",,,260622,블랙,,,,
,false,,ZARA,원피스,원피스,여성,벌룬 슬리브 패턴 미디 원피스,https://www.zara.com/kr/ko/%E1%84%87%E1%85%A5%E1%86%AF%E1%84%85%E1%85%AE%E1%86%AB-%E1%84%89%E1%85%B3%E1%86%AF%E1%84%85%E1%85%B5%E1%84%87%E1%85%B3-%E1%84%91%E1%85%A2%E1%84%90%E1%85%A5%E1%86%AB-%E1%84%86%E1%85%B5%E1%84%83%E1%85%B5-%E1%84%8B%E1%85%AF%E1%86%AB%E1%84%91%E1%85%B5%E1%84%89%E1%85%B3-p02656145.html,https://static.zara.net/assets/public/34b5/7f04/bfe44baf87e2/9f2af88591ce/02656145330-1-p/02656145330-1-p.jpg?ts=1772806376009,"₩89,900",,,260622,멀티컬러,,,,
,false,,ZARA,원피스,원피스,여성,매듭 프릴 원피스,https://www.zara.com/kr/ko/%E1%84%86%E1%85%A2%E1%84%83%E1%85%B3%E1%86%B8-%E1%84%91%E1%85%B3%E1%84%85%E1%85%B5%E1%86%AF-%E1%84%8B%E1%85%AF%E1%86%AB%E1%84%91%E1%85%B5%E1%84%89%E1%85%B3-p03666063.html,https://static.zara.net/assets/public/0cf2/57ae/3fa5425aab27/1ef404bcc546/03666063712-p/03666063712-p.jpg?ts=1773132970280,"₩79,900",,,260622,크림,,,,
,false,,ZARA,원피스,원피스,여성,LIMITED EDITION 레이스 프릴 원피스,https://www.zara.com/kr/ko/limited-edition-%E1%84%85%E1%85%A6%E1%84%8B%E1%85%B5%E1%84%89%E1%85%B3-%E1%84%91%E1%85%B3%E1%84%85%E1%85%B5%E1%86%AF-%E1%84%8B%E1%85%AF%E1%86%AB%E1%84%91%E1%85%B5%E1%84%89%E1%85%B3-p02479721.html,https://static.zara.net/assets/public/62ea/e34e/6477412b9c9f/22d37b30428a/02479721526-p/02479721526-p.jpg?ts=1773412245710,"₩279,900",,,260622,라이트 그린,,,,
,false,,ZARA,원피스,원피스,여성,LIMITED EDITION 프린트 패치워크 원피스,https://www.zara.com/kr/ko/limited-edition-%E1%84%91%E1%85%B3%E1%84%85%E1%85%B5%E1%86%AB%E1%84%90%E1%85%B3-%E1%84%91%E1%85%A2%E1%84%8E%E1%85%B5%E1%84%8B%E1%85%AF%E1%84%8F%E1%85%B3-%E1%84%8B%E1%85%AF%E1%86%AB%E1%84%91%E1%85%B5%E1%84%89%E1%85%B3-p02383802.html,https://static.zara.net/assets/public/83f1/6e18/01ed45bf9ed7/5e84bce9af31/02383802020-p/02383802020-p.jpg?ts=1773412232392,"₩209,900",,,260622,프린트,,,,
,false,,ZARA,원피스,원피스,여성,벌룬 미니 원피스,https://www.zara.com/kr/ko/%E1%84%87%E1%85%A5%E1%86%AF%E1%84%85%E1%85%AE%E1%86%AB-%E1%84%86%E1%85%B5%E1%84%82%E1%85%B5-%E1%84%8B%E1%85%AF%E1%86%AB%E1%84%91%E1%85%B5%E1%84%89%E1%85%B3-p05029094.html,https://static.zara.net/assets/public/5299/cb0b/5a974af1b9fc/7b9dcb583b2d/05029094710-p/05029094710-p.jpg?ts=1770811050568,"₩79,900",,,260622,베이지,,,,
,false,,ZARA,원피스,원피스,여성,벨트 미디 원피스,https://www.zara.com/kr/ko/%E1%84%87%E1%85%A6%E1%86%AF%E1%84%90%E1%85%B3-%E1%84%86%E1%85%B5%E1%84%83%E1%85%B5-%E1%84%8B%E1%85%AF%E1%86%AB%E1%84%91%E1%85%B5%E1%84%89%E1%85%B3-p05029101.html,https://static.zara.net/assets/public/012e/ff69/f51c467b986f/fbd551eddf25/05029101710-p/05029101710-p.jpg?ts=1770811054036,"₩89,900",,,260622,베이지,,,,
,false,,ZARA,원피스,원피스,여성,자카드 스트랩 콤비 원피스,https://www.zara.com/kr/ko/%E1%84%8C%E1%85%A1%E1%84%8F%E1%85%A1%E1%84%83%E1%85%B3-%E1%84%89%E1%85%B3%E1%84%90%E1%85%B3%E1%84%85%E1%85%A2%E1%86%B8-%E1%84%8F%E1%85%A9%E1%86%B7%E1%84%87%E1%85%B5-%E1%84%8B%E1%85%AF%E1%86%AB%E1%84%91%E1%85%B5%E1%84%89%E1%85%B3-p06354103.html,https://static.zara.net/assets/public/5ecb/8ac0/f32e4856a111/8638489fe227/04786153712-p/04786153712-p.jpg?ts=1777493862243,"₩149,900",,,260622,크림,,,,
,false,,ZARA,원피스,원피스,여성,자카드 스트랩 콤비 원피스,https://www.zara.com/kr/ko/%E1%84%8C%E1%85%A1%E1%84%8F%E1%85%A1%E1%84%83%E1%85%B3-%E1%84%89%E1%85%B3%E1%84%90%E1%85%B3%E1%84%85%E1%85%A2%E1%86%B8-%E1%84%8F%E1%85%A9%E1%86%B7%E1%84%87%E1%85%B5-%E1%84%8B%E1%85%AF%E1%86%AB%E1%84%91%E1%85%B5%E1%84%89%E1%85%B3-p06354103.html,https://static.zara.net/assets/public/7a72/36b0/07104f628b86/652ce14ee5ed/04786153712-p/04786153712-p.jpg?ts=1777461753237,"₩149,900",,,260622,크림,,,,
,false,,ZARA,원피스,원피스,여성,ZW 컬렉션 프린지 홀터넥 원피스,https://www.zara.com/kr/ko/zw-%E1%84%8F%E1%85%A5%E1%86%AF%E1%84%85%E1%85%A6%E1%86%A8%E1%84%89%E1%85%A7%E1%86%AB-%E1%84%91%E1%85%B3%E1%84%85%E1%85%B5%E1%86%AB%E1%84%8C%E1%85%B5-%E1%84%92%E1%85%A9%E1%86%AF%E1%84%90%E1%85%A5%E1%84%82%E1%85%A6%E1%86%A8-%E1%84%8B%E1%85%AF%E1%86%AB%E1%84%91%E1%85%B5%E1%84%89%E1%85%B3-p02141376.html,https://static.zara.net/assets/public/1a2a/874c/bd3b441b8454/763d179a2a35/02141376800-p/02141376800-p.jpg?ts=1780583381375,"₩149,900",,,260622,블랙,,,,
,false,,ZARA,원피스,원피스,여성,ZW 컬렉션 새틴 레이스 원피스,https://www.zara.com/kr/ko/zw-%E1%84%8F%E1%85%A5%E1%86%AF%E1%84%85%E1%85%A6%E1%86%A8%E1%84%89%E1%85%A7%E1%86%AB-%E1%84%89%E1%85%A2%E1%84%90%E1%85%B5%E1%86%AB-%E1%84%85%E1%85%A6%E1%84%8B%E1%85%B5%E1%84%89%E1%85%B3-%E1%84%8B%E1%85%AF%E1%86%AB%E1%84%91%E1%85%B5%E1%84%89%E1%85%B3-p02678047.html,https://static.zara.net/assets/public/7259/1cee/e0a647c4ac33/04a73429104f/02678047676-p/02678047676-p.jpg?ts=1780583382111,"₩89,900",,,260622,로즈 가루,,,,
,false,,ZARA,원피스,원피스,여성,프릴 홀터넥 거즈 원피스,https://www.zara.com/kr/ko/%E1%84%91%E1%85%B3%E1%84%85%E1%85%B5%E1%86%AF-%E1%84%92%E1%85%A9%E1%86%AF%E1%84%90%E1%85%A5%E1%84%82%E1%85%A6%E1%86%A8-%E1%84%80%E1%85%A5%E1%84%8C%E1%85%B3-%E1%84%8B%E1%85%AF%E1%86%AB%E1%84%91%E1%85%B5%E1%84%89%E1%85%B3-p07521317.html,https://static.zara.net/assets/public/df7f/f137/0faf41b5b0c2/01bf5a6d2404/07521317673-p/07521317673-p.jpg?ts=1776094464521,"₩55,900",,,260622,라이트 자두,,,,
,false,,ZARA,원피스,원피스,여성,드레이프 새시 미니 원피스,https://www.zara.com/kr/ko/%E1%84%83%E1%85%B3%E1%84%85%E1%85%A6%E1%84%8B%E1%85%B5%E1%84%91%E1%85%B3-%E1%84%86%E1%85%B5%E1%84%82%E1%85%B5-%E1%84%8B%E1%85%AF%E1%86%AB%E1%84%91%E1%85%B5%E1%84%89%E1%85%B3-p03152366.html,https://static.zara.net/assets/public/14a1/c83d/db144fc58b10/5982683ee816/03152366811-p/03152366811-p.jpg?ts=1773312232928,"₩59,900",,,260622,라이트 그레이,,,,
,false,,ZARA,원피스,원피스,여성,튤 콤비 홀터넥 원피스,https://www.zara.com/kr/ko/%E1%84%90%E1%85%B2%E1%86%AF-%E1%84%8F%E1%85%A9%E1%86%B7%E1%84%87%E1%85%B5-%E1%84%92%E1%85%A9%E1%86%AF%E1%84%90%E1%85%A5%E1%84%82%E1%85%A6%E1%86%A8-%E1%84%8B%E1%85%AF%E1%86%AB%E1%84%91%E1%85%B5%E1%84%89%E1%85%B3-p04661324.html,https://static.zara.net/assets/public/dd26/3c03/368345a49f11/154d73edfe3e/04661324430-p/04661324430-p.jpg?ts=1773311224097,"₩55,900",,,260622,잉크 블,,,,
,false,,ZARA,원피스,원피스,여성,ZW 컬렉션 레이스 롱 원피스,https://www.zara.com/kr/ko/zw-%E1%84%8F%E1%85%A5%E1%86%AF%E1%84%85%E1%85%A6%E1%86%A8%E1%84%89%E1%85%A7%E1%86%AB-%E1%84%85%E1%85%A9%E1%86%BC-%E1%84%85%E1%85%A6%E1%84%8B%E1%85%B5%E1%84%89%E1%85%B3-%E1%84%8B%E1%85%AF%E1%86%AB%E1%84%91%E1%85%B5%E1%84%89%E1%85%B3-p06895089.html,https://static.zara.net/assets/public/b957/bd86/2cc44b529241/8cdfae199802/06895089251-p/06895089251-p.jpg?ts=1777378144240,"₩129,900",,,260622,스크래치 화이트,,,,
,false,,ZARA,원피스,원피스,여성,ZW 컬렉션 레이스 롱 원피스,https://www.zara.com/kr/ko/zw-%E1%84%8F%E1%85%A5%E1%86%AF%E1%84%85%E1%85%A6%E1%86%A8%E1%84%89%E1%85%A7%E1%86%AB-%E1%84%85%E1%85%A9%E1%86%BC-%E1%84%85%E1%85%A6%E1%84%8B%E1%85%B5%E1%84%89%E1%85%B3-%E1%84%8B%E1%85%AF%E1%86%AB%E1%84%91%E1%85%B5%E1%84%89%E1%85%B3-p06895089.html,https://static.zara.net/assets/public/4427/ff55/6f1f4dd09dfb/1acc2e1c9be5/06895089251-1-p/06895089251-1-p.jpg?ts=1777457765093,"₩129,900",,,260622,스크래치 화이트,,,,
,false,,ZARA,원피스,원피스,여성,새틴 롱 홀터넥 원피스,https://www.zara.com/kr/ko/%E1%84%89%E1%85%A2%E1%84%90%E1%85%B5%E1%86%AB-%E1%84%92%E1%85%A9%E1%86%AF%E1%84%90%E1%85%A5%E1%84%82%E1%85%A6%E1%86%A8-%E1%84%85%E1%85%A9%E1%86%BC-%E1%84%8B%E1%85%AF%E1%86%AB%E1%84%91%E1%85%B5%E1%84%89%E1%85%B3-p02778332.html,https://static.zara.net/assets/public/b139/7e2b/c1ca4c8399f1/8c158b1ad254/02778332800-p/02778332800-p.jpg?ts=1778767969087,"₩79,900",,,260622,블랙,,,,
,false,,ZARA,원피스,원피스,여성,새틴 롱 홀터넥 원피스,https://www.zara.com/kr/ko/%E1%84%89%E1%85%A2%E1%84%90%E1%85%B5%E1%86%AB-%E1%84%92%E1%85%A9%E1%86%AF%E1%84%90%E1%85%A5%E1%84%82%E1%85%A6%E1%86%A8-%E1%84%85%E1%85%A9%E1%86%BC-%E1%84%8B%E1%85%AF%E1%86%AB%E1%84%91%E1%85%B5%E1%84%89%E1%85%B3-p02778332.html,https://static.zara.net/assets/public/dd89/fa84/184d4d238987/8769bdc4b69a/02778332800-a2/02778332800-a2.jpg?ts=1778767968611,"₩79,900",,,260622,블랙,,,,
,false,,ZARA,원피스,원피스,여성,ZW 컬렉션 레이스 프릴 원피스,https://www.zara.com/kr/ko/zw-%E1%84%8F%E1%85%A5%E1%86%AF%E1%84%85%E1%85%A6%E1%86%A8%E1%84%89%E1%85%A7%E1%86%AB-%E1%84%85%E1%85%A6%E1%84%8B%E1%85%B5%E1%84%89%E1%85%B3-%E1%84%91%E1%85%B3%E1%84%85%E1%85%B5%E1%86%AF-%E1%84%8B%E1%85%AF%E1%86%AB%E1%84%91%E1%85%B5%E1%84%89%E1%85%B3-p02892832.html,https://static.zara.net/assets/public/fa57/0480/276e45119674/d554ca0879c8/02892832712-p/02892832712-p.jpg?ts=1770190580432,"₩209,900",,,260622,크림,,,,
,false,,ZARA,원피스,오버롤,여성,Z1975 벌룬 레그 데님 점프수트,https://www.zara.com/kr/ko/z1975-%E1%84%87%E1%85%A5%E1%86%AF%E1%84%85%E1%85%AE%E1%86%AB-%E1%84%85%E1%85%A6%E1%84%80%E1%85%B3-%E1%84%83%E1%85%A6%E1%84%82%E1%85%B5%E1%86%B7-%E1%84%8C%E1%85%A5%E1%86%B7%E1%84%91%E1%85%B3%E1%84%89%E1%85%AE%E1%84%90%E1%85%B3-p00108025.html,https://static.zara.net/assets/public/a357/fa2f/9ba746d7b7ff/8cc84c5748b5/00108025427-p/00108025427-p.jpg?ts=1777032326091,"₩89,900",,,260622,미디움 블루,,,,
,false,,ZARA,원피스,원피스,여성,더블 레이어 스트랩 미디 원피스,https://www.zara.com/kr/ko/%E1%84%83%E1%85%A5%E1%84%87%E1%85%B3%E1%86%AF-%E1%84%85%E1%85%A6%E1%84%8B%E1%85%B5%E1%84%8B%E1%85%A5-%E1%84%89%E1%85%B3%E1%84%90%E1%85%B3%E1%84%85%E1%85%A2%E1%86%B8-%E1%84%86%E1%85%B5%E1%84%83%E1%85%B5-%E1%84%8B%E1%85%AF%E1%86%AB%E1%84%91%E1%85%B5%E1%84%89%E1%85%B3-p02157056.html,https://static.zara.net/assets/public/3605/53ac/cd7642bdaad5/d3c04128a978/02157056737-p/02157056737-p.jpg?ts=1776870907603,"₩59,900",,,260622,"브라운,토프",,,,
,false,,ZARA,원피스,원피스,여성,스트라이프 백리스 미디 원피스,https://www.zara.com/kr/ko/%E1%84%89%E1%85%B3%E1%84%90%E1%85%B3%E1%84%85%E1%85%A1%E1%84%8B%E1%85%B5%E1%84%91%E1%85%B3-%E1%84%87%E1%85%A2%E1%86%A8%E1%84%85%E1%85%B5%E1%84%89%E1%85%B3-%E1%84%86%E1%85%B5%E1%84%83%E1%85%B5-%E1%84%8B%E1%85%AF%E1%86%AB%E1%84%91%E1%85%B5%E1%84%89%E1%85%B3-p02256829.html,https://static.zara.net/assets/public/b41c/3290/b6994b439904/b14574854885/02256829178-p/02256829178-p.jpg?ts=1776870910701,"₩89,900",,,260622,Brown Stripes,,,,
,false,,ZARA,상의,탑,여성,프린지 니트 튜닉,https://www.zara.com/kr/ko/%E1%84%91%E1%85%B3%E1%84%85%E1%85%B5%E1%86%AB%E1%84%8C%E1%85%B5-%E1%84%82%E1%85%B5%E1%84%90%E1%85%B3-%E1%84%90%E1%85%B2%E1%84%82%E1%85%B5%E1%86%A8-p09874022.html,https://static.zara.net/assets/public/101d/d4d9/b9244273b90a/6163ec272179/09874022959-a1/09874022959-a1.jpg?ts=1780043438908,"₩89,900",,,260622,크림,,,,
,false,,ZARA,원피스,원피스,여성,루즈 스트랩 미디 원피스,https://www.zara.com/kr/ko/%E1%84%85%E1%85%AE%E1%84%8C%E1%85%B3-%E1%84%89%E1%85%B3%E1%84%90%E1%85%B3%E1%84%85%E1%85%A2%E1%86%B8-%E1%84%86%E1%85%B5%E1%84%83%E1%85%B5-%E1%84%8B%E1%85%AF%E1%86%AB%E1%84%91%E1%85%B5%E1%84%89%E1%85%B3-p05039380.html,https://static.zara.net/assets/public/4ddc/268e/f9d74ec2a4b8/41b51dbd2033/05039380667-p/05039380667-p.jpg?ts=1773253373407,"₩55,900",,,260622,다크 가지색,,,,
,false,,ZARA,원피스,원피스,여성,컷아웃 루즈 원피스,https://www.zara.com/kr/ko/%E1%84%8F%E1%85%A5%E1%86%BA%E1%84%8B%E1%85%A1%E1%84%8B%E1%85%AE%E1%86%BA-%E1%84%85%E1%85%AE%E1%84%8C%E1%85%B3-%E1%84%8B%E1%85%AF%E1%86%AB%E1%84%91%E1%85%B5%E1%84%89%E1%85%B3-p01131323.html,https://static.zara.net/assets/public/7412/362b/03d741cdb0b5/73b4dcd94dc8/01131323630-p/01131323630-p.jpg?ts=1773390209978,"₩59,900",,,260622,자주색,,,,
,false,,ZARA,원피스,원피스,여성,ZW 컬렉션 린넨 혼방 프릴 언밸런스 원피스,https://www.zara.com/kr/ko/zw-%E1%84%8F%E1%85%A5%E1%86%AF%E1%84%85%E1%85%A6%E1%86%A8%E1%84%89%E1%85%A7%E1%86%AB-%E1%84%85%E1%85%B5%E1%86%AB%E1%84%82%E1%85%A6%E1%86%AB-%E1%84%92%E1%85%A9%E1%86%AB%E1%84%87%E1%85%A1%E1%86%BC-%E1%84%91%E1%85%B3%E1%84%85%E1%85%B5%E1%86%AF-%E1%84%8B%E1%85%A5%E1%86%AB%E1%84%87%E1%85%A2%E1%86%AF%E1%84%85%E1%85%A5%E1%86%AB%E1%84%89%E1%85%B3-%E1%84%8B%E1%85%AF%E1%86%AB%E1%84%91%E1%85%B5%E1%84%89%E1%85%B3-p04786094.html,https://static.zara.net/assets/public/e5b6/b899/efd14181884b/6f7f40c0c420/04786094251-p/04786094251-p.jpg?ts=1776328659516,"₩109,900",,,260622,스크래치 화이트,,,,
,false,,ZARA,원피스,원피스,여성,러스틱 롱 원피스,https://www.zara.com/kr/ko/%E1%84%85%E1%85%A5%E1%84%89%E1%85%B3%E1%84%90%E1%85%B5%E1%86%A8-%E1%84%85%E1%85%A9%E1%86%BC-%E1%84%8B%E1%85%AF%E1%86%AB%E1%84%91%E1%85%B5%E1%84%89%E1%85%B3-p05580010.html,https://static.zara.net/assets/public/3176/2619/d5814c6eb68b/ff5c62c103ff/05580010712-p/05580010712-p.jpg?ts=1776328672263,"₩57,900",,,260622,크림,,,,
,false,,ZARA,원피스,원피스,여성,플리츠 미디 원피스,https://www.zara.com/kr/ko/%E1%84%91%E1%85%B3%E1%86%AF%E1%84%85%E1%85%B5%E1%84%8E%E1%85%B3-%E1%84%92%E1%85%A9%E1%86%AF%E1%84%90%E1%85%A5%E1%84%82%E1%85%A6%E1%86%A8-%E1%84%86%E1%85%B5%E1%84%83%E1%85%B5-%E1%84%8B%E1%85%AF%E1%86%AB%E1%84%91%E1%85%B5%E1%84%89%E1%85%B3-p05029240.html,https://static.zara.net/assets/public/a08e/9c99/bdd04cb29ce3/876b980469fc/05029240520-000-p/05029240520-000-p.jpg?ts=1779703695645,"₩89,900",,,260622,라임,,,,
,false,,ZARA,원피스,원피스,여성,패턴 새틴 홀터넥 미디 원피스,https://www.zara.com/kr/ko/%E1%84%89%E1%85%A2%E1%84%90%E1%85%B5%E1%86%AB-%E1%84%91%E1%85%A2%E1%84%90%E1%85%A5%E1%86%AB-%E1%84%86%E1%85%B5%E1%84%83%E1%85%B5-%E1%84%8B%E1%85%AF%E1%86%AB%E1%84%91%E1%85%B5%E1%84%89%E1%85%B3-p03082344.html,https://static.zara.net/assets/public/f498/dad1/28024026bad5/0bc8be643248/03082344330-p/03082344330-p.jpg?ts=1779452098717,"₩89,900",,,260622,멀티컬러,,,,
,false,,ZARA,원피스,원피스,여성,스트라이프 롱 니트 원피스,https://www.zara.com/kr/ko/%E1%84%89%E1%85%B3%E1%84%90%E1%85%B3%E1%84%85%E1%85%A1%E1%84%8B%E1%85%B5%E1%84%91%E1%85%B3-%E1%84%85%E1%85%A9%E1%86%BC-%E1%84%82%E1%85%B5%E1%84%90%E1%85%B3-%E1%84%8B%E1%85%AF%E1%86%AB%E1%84%91%E1%85%B5%E1%84%89%E1%85%B3-p04192076.html,https://static.zara.net/assets/public/08f4/ec71/8f244837ab25/88162aade98b/04192076330-p/04192076330-p.jpg?ts=1780043415424,"₩59,900",,,260622,멀티컬러,,,,
,false,,ZARA,원피스,원피스,여성,메탈릭 얀 오픈워크 니트 미니 원피스,https://www.zara.com/kr/ko/%E1%84%86%E1%85%A6%E1%84%90%E1%85%A1%E1%86%AF%E1%84%85%E1%85%B5%E1%86%A8-%E1%84%8B%E1%85%A3%E1%86%AB-%E1%84%8B%E1%85%A9%E1%84%91%E1%85%B3%E1%86%AB%E1%84%8B%E1%85%AF%E1%84%8F%E1%85%B3-%E1%84%82%E1%85%B5%E1%84%90%E1%85%B3-%E1%84%86%E1%85%B5%E1%84%82%E1%85%B5-%E1%84%8B%E1%85%AF%E1%86%AB%E1%84%91%E1%85%B5%E1%84%89%E1%85%B3-p08146004.html,https://static.zara.net/assets/public/89d2/4068/45de49a5b85a/0aafd74e2b26/08146004104-a1/08146004104-a1.jpg?ts=1780043437048,"₩79,900",,,260622,스트라이프,,,,
,false,,ZARA,원피스,원피스,여성,인터록 미니 원피스,https://www.zara.com/kr/ko/%E1%84%8B%E1%85%B5%E1%86%AB%E1%84%90%E1%85%A5%E1%84%85%E1%85%A9%E1%86%A8-%E1%84%86%E1%85%B5%E1%84%82%E1%85%B5-%E1%84%8B%E1%85%AF%E1%86%AB%E1%84%91%E1%85%B5%E1%84%89%E1%85%B3-p03641310.html,https://static.zara.net/assets/public/3cf7/acbf/8b97422f80e2/4ae04e07f1fb/03641310600-p/03641310600-p.jpg?ts=1771432730215,"₩39,900",,,260622,레드,,,,
,false,,ZARA,원피스,원피스,여성,인터록 미니 원피스,https://www.zara.com/kr/ko/%E1%84%8B%E1%85%B5%E1%86%AB%E1%84%90%E1%85%A5%E1%84%85%E1%85%A9%E1%86%A8-%E1%84%86%E1%85%B5%E1%84%82%E1%85%B5-%E1%84%8B%E1%85%AF%E1%86%AB%E1%84%91%E1%85%B5%E1%84%89%E1%85%B3-p03641310.html,https://static.zara.net/assets/public/3659/fee1/58aa4e63984d/617e771f20a7/03641310800-p/03641310800-p.jpg?ts=1771432732098,"₩39,900",,,260622,블랙,,,,
,false,,ZARA,원피스,원피스,여성,벌룬 페이크 미니 원피스,https://www.zara.com/kr/ko/%E1%84%87%E1%85%A5%E1%86%AF%E1%84%85%E1%85%AE%E1%86%AB-%E1%84%91%E1%85%A6%E1%84%8B%E1%85%B5%E1%84%8F%E1%85%B3-%E1%84%86%E1%85%B5%E1%84%82%E1%85%B5-%E1%84%8B%E1%85%AF%E1%86%AB%E1%84%91%E1%85%B5%E1%84%89%E1%85%B3-p03644152.html,https://static.zara.net/assets/public/eaf9/d1d2/18504dc683e1/7e08a2ebdf36/03644152800-p/03644152800-p.jpg?ts=1771516837716,"₩59,900",,,260622,블랙,,,,
,false,,ZARA,원피스,원피스,여성,새틴 레이스 원피스,https://www.zara.com/kr/ko/%E1%84%89%E1%85%A2%E1%84%90%E1%85%B5%E1%86%AB-%E1%84%85%E1%85%A6%E1%84%8B%E1%85%B5%E1%84%89%E1%85%B3-%E1%84%8B%E1%85%AF%E1%86%AB%E1%84%91%E1%85%B5%E1%84%89%E1%85%B3-p02654484.html,https://static.zara.net/assets/public/16d2/8342/9c0641d58796/03239c673e2a/02654484431-p/02654484431-p.jpg?ts=1776953753655,"₩79,900",,,260622,"블루, 납",,,,
,false,,ZARA,원피스,원피스,여성,벌룬 콤비 원피스,https://www.zara.com/kr/ko/%E1%84%87%E1%85%A5%E1%86%AF%E1%84%85%E1%85%AE%E1%86%AB-%E1%84%8F%E1%85%A9%E1%86%B7%E1%84%87%E1%85%B5-%E1%84%8B%E1%85%AF%E1%86%AB%E1%84%91%E1%85%B5%E1%84%89%E1%85%B3-p00264311.html,https://static.zara.net/assets/public/6993/f931/2fd84f9b8033/1c37a03e3779/00264311814-p/00264311814-p.jpg?ts=1772620151295,"₩55,900",,,260622,"그레이,베이지",,,,
,false,,ZARA,원피스,원피스,여성,골드 아플리케 드레이프 미디 원피스,https://www.zara.com/kr/ko/%E1%84%80%E1%85%A9%E1%86%AF%E1%84%83%E1%85%B3-%E1%84%8B%E1%85%A1%E1%84%91%E1%85%B3%E1%86%AF%E1%84%85%E1%85%B5%E1%84%8F%E1%85%A6-%E1%84%83%E1%85%B3%E1%84%85%E1%85%A6%E1%84%8B%E1%85%B5%E1%84%91%E1%85%B3-%E1%84%86%E1%85%B5%E1%84%83%E1%85%B5-%E1%84%8B%E1%85%AF%E1%86%AB%E1%84%91%E1%85%B5%E1%84%89%E1%85%B3-p08791568.html,https://static.zara.net/assets/public/371d/4f82/718f486eb4a6/7f2cf5603553/08791568402-p/08791568402-p.jpg?ts=1775063023663,"₩89,900",,,260622,터키블루,,,,
,false,,ZARA,원피스,원피스,여성,미디 셔츠 원피스,https://www.zara.com/kr/ko/%E1%84%86%E1%85%B5%E1%84%83%E1%85%B5-%E1%84%89%E1%85%A7%E1%84%8E%E1%85%B3-%E1%84%8B%E1%85%AF%E1%86%AB%E1%84%91%E1%85%B5%E1%84%89%E1%85%B3-p04764312.html,https://static.zara.net/assets/public/bf06/d2dc/53e84c2884bd/f3334418c33d/04764312705-a3/04764312705-a3.jpg?ts=1772618852137,"₩79,900",,,260622,타바코,,,,
,false,,ZARA,원피스,원피스,여성,자수 뒷면 새틴 홀터넥 원피스,https://www.zara.com/kr/ko/%E1%84%92%E1%85%A9%E1%86%AF%E1%84%90%E1%85%A5%E1%84%82%E1%85%A6%E1%86%A8-%E1%84%89%E1%85%A2%E1%84%90%E1%85%B5%E1%86%AB-%E1%84%8C%E1%85%A1%E1%84%89%E1%85%AE-%E1%84%8B%E1%85%AF%E1%86%AB%E1%84%91%E1%85%B5%E1%84%89%E1%85%B3-p02678104.html,https://static.zara.net/assets/public/aa72/5e8d/9e2f46329071/8c98a2a00e2b/02678104800-p/02678104800-p.jpg?ts=1772626790198,"₩189,900",,,260622,블랙,,,,
,false,,ZARA,원피스,원피스,여성,언밸런스 레이스 새틴 원피스,https://www.zara.com/kr/ko/%E1%84%89%E1%85%A2%E1%84%90%E1%85%B5%E1%86%AB-%E1%84%8B%E1%85%A5%E1%86%AB%E1%84%87%E1%85%A2%E1%86%AF%E1%84%85%E1%85%A5%E1%86%AB%E1%84%89%E1%85%B3-%E1%84%85%E1%85%A6%E1%84%8B%E1%85%B5%E1%84%89%E1%85%B3-%E1%84%8B%E1%85%AF%E1%86%AB%E1%84%91%E1%85%B5%E1%84%89%E1%85%B3-p01758114.html,https://static.zara.net/assets/public/33ce/dcd2/736e47b7a6a5/405bf8214ed6/01758114800-p/01758114800-p.jpg?ts=1772626775819,"₩129,900",,,260622,블랙,,,,
,false,,ZARA,원피스,원피스,여성,크로셰 콤비 미니 원피스,https://www.zara.com/kr/ko/%E1%84%8F%E1%85%B3%E1%84%85%E1%85%A9%E1%84%89%E1%85%A8-%E1%84%8F%E1%85%A9%E1%86%B7%E1%84%87%E1%85%B5-%E1%84%86%E1%85%B5%E1%84%82%E1%85%B5-%E1%84%8B%E1%85%AF%E1%86%AB%E1%84%91%E1%85%B5%E1%84%89%E1%85%B3-p05029245.html,https://static.zara.net/assets/public/a35b/3e78/1d514ec0b723/97fefd0dcc82/05029245715-a5/05029245715-a5.jpg?ts=1778681687647,"₩79,900",,,260622,미디움 크림,,,,
,false,,ZARA,원피스,원피스,여성,튜브톱 텍스처 원피스,https://www.zara.com/kr/ko/%E1%84%90%E1%85%B2%E1%84%87%E1%85%B3%E1%84%90%E1%85%A9%E1%86%B8-%E1%84%90%E1%85%A6%E1%86%A8%E1%84%89%E1%85%B3%E1%84%8E%E1%85%A5-%E1%84%8B%E1%85%AF%E1%86%AB%E1%84%91%E1%85%B5%E1%84%89%E1%85%B3-p05580006.html,https://static.zara.net/assets/public/1f62/a021/c4a649d7a9e6/5b6756a4c0e9/05580006527-1-p/05580006527-1-p.jpg?ts=1772785946966,"₩57,900",,,260622,미디움 그린,,,,
,false,,ZARA,원피스,원피스,여성,드레이프 롱 원피스,https://www.zara.com/kr/ko/%E1%84%83%E1%85%B3%E1%84%85%E1%85%A6%E1%84%8B%E1%85%B5%E1%84%91%E1%85%B3-%E1%84%85%E1%85%A9%E1%86%BC-%E1%84%8B%E1%85%AF%E1%86%AB%E1%84%91%E1%85%B5%E1%84%89%E1%85%B3-p02298010.html,https://static.zara.net/assets/public/03b9/9bdf/768a48f38cc6/69a4000d78b0/02298010500-p/02298010500-p.jpg?ts=1772795583928,"₩59,900",,,260622,초록,,,,
,false,,ZARA,원피스,원피스,여성,비즈 스트랩 미디 원피스,https://www.zara.com/kr/ko/%E1%84%89%E1%85%B3%E1%84%90%E1%85%A9%E1%86%AB-%E1%84%89%E1%85%B3%E1%84%90%E1%85%B3%E1%84%85%E1%85%A2%E1%86%B8-%E1%84%86%E1%85%B5%E1%84%83%E1%85%B5-%E1%84%8B%E1%85%AF%E1%86%AB%E1%84%91%E1%85%B5%E1%84%89%E1%85%B3-p08372130.html,https://static.zara.net/assets/public/0247/aaf0/96e84202b94c/e15520265391/08372130800-p/08372130800-p.jpg?ts=1774459844800,"₩59,900",,,260622,블랙,,,,
,false,,ZARA,원피스,원피스,여성,벌룬 포플린 홀터넥 미니 원피스,https://www.zara.com/kr/ko/%E1%84%87%E1%85%A5%E1%86%AF%E1%84%85%E1%85%AE%E1%86%AB-%E1%84%91%E1%85%A9%E1%84%91%E1%85%B3%E1%86%AF%E1%84%85%E1%85%B5%E1%86%AB-%E1%84%92%E1%85%A9%E1%86%AF%E1%84%90%E1%85%A5%E1%84%82%E1%85%A6%E1%86%A8-%E1%84%86%E1%85%B5%E1%84%82%E1%85%B5-%E1%84%8B%E1%85%AF%E1%86%AB%E1%84%91%E1%85%B5%E1%84%89%E1%85%B3-p05107302.html,https://static.zara.net/assets/public/debc/d478/884c4c4190a5/14a5f602bdd8/05107302637-p/05107302637-p.jpg?ts=1769783376054,"₩59,900",,,260622,라이트 로즈,,,,
,false,,ZARA,원피스,원피스,여성,고데 레이스 미니 원피스,https://www.zara.com/kr/ko/%E1%84%80%E1%85%A9%E1%84%83%E1%85%A6-%E1%84%85%E1%85%A6%E1%84%8B%E1%85%B5%E1%84%89%E1%85%B3-%E1%84%86%E1%85%B5%E1%84%82%E1%85%B5-%E1%84%8B%E1%85%AF%E1%86%AB%E1%84%91%E1%85%B5%E1%84%89%E1%85%B3-p00881303.html,https://static.zara.net/assets/public/77da/34ff/522a4a7a9769/d5bad748a541/00881303712-1-p/00881303712-1-p.jpg?ts=1769784090038,"₩79,900",,,260622,크림,,,,
,false,,ZARA,원피스,원피스,여성,린넨 핀턱 미디 원피스,https://www.zara.com/kr/ko/%E1%84%85%E1%85%B5%E1%86%AB%E1%84%82%E1%85%A6%E1%86%AB-%E1%84%91%E1%85%B5%E1%86%AB%E1%84%90%E1%85%A5%E1%86%A8-%E1%84%86%E1%85%B5%E1%84%83%E1%85%B5-%E1%84%8B%E1%85%AF%E1%86%AB%E1%84%91%E1%85%B5%E1%84%89%E1%85%B3-p02157061.html,https://static.zara.net/assets/public/7a8a/8b1a/c48741bc9b5d/9657663a9546/02157061052-a4/02157061052-a4.jpg?ts=1778668521241,"₩89,900",,,260622,라이트 베이지,,,,
,false,,ZARA,원피스,원피스,여성,새틴 언밸런스 케이프 원피스,https://www.zara.com/kr/ko/%E1%84%89%E1%85%A2%E1%84%90%E1%85%B5%E1%86%AB-%E1%84%8B%E1%85%A5%E1%86%AB%E1%84%87%E1%85%A2%E1%86%AF%E1%84%85%E1%85%A5%E1%86%AB%E1%84%89%E1%85%B3-%E1%84%8F%E1%85%A6%E1%84%8B%E1%85%B5%E1%84%91%E1%85%B3-%E1%84%8B%E1%85%AF%E1%86%AB%E1%84%91%E1%85%B5%E1%84%89%E1%85%B3-p00320101.html,https://static.zara.net/assets/public/e24e/46af/2b424b7fa280/cb5435cfab17/00392101406-h2/00392101406-h2.jpg?ts=1780474138401,"₩149,900",,,260622,라이트 블루,,,,
,false,,ZARA,원피스,원피스,여성,프린지 미니 원피스,https://www.zara.com/kr/ko/%E1%84%91%E1%85%B3%E1%84%85%E1%85%B5%E1%86%AB%E1%84%8C%E1%85%B5-%E1%84%86%E1%85%B5%E1%84%82%E1%85%B5-%E1%84%8B%E1%85%AF%E1%86%AB%E1%84%91%E1%85%B5%E1%84%89%E1%85%B3-p05344138.html,https://static.zara.net/assets/public/15a5/7b16/611f44b4a1e4/5ce3fc65728a/05344138800-p/05344138800-p.jpg?ts=1780474156515,"₩169,900",,,260622,블랙,,,,
,false,,ZARA,원피스,원피스,여성,폴리아미드 바디 셰이프 미니 원피스,https://www.zara.com/kr/ko/%E1%84%91%E1%85%A9%E1%86%AF%E1%84%85%E1%85%B5%E1%84%8B%E1%85%A1%E1%84%86%E1%85%B5%E1%84%83%E1%85%B3-%E1%84%87%E1%85%A1%E1%84%83%E1%85%B5-%E1%84%89%E1%85%A8%E1%84%8B%E1%85%B5%E1%84%91%E1%85%B3-%E1%84%86%E1%85%B5%E1%84%82%E1%85%B5-%E1%84%8B%E1%85%AF%E1%86%AB%E1%84%91%E1%85%B5%E1%84%89%E1%85%B3-p01355113.html,https://static.zara.net/assets/public/0b15/e561/a40048ffae90/d55ea051696f/01355113942-p/01355113942-p.jpg?ts=1780474141350,"₩79,900",,,260622,베이지 핑크,,,,
,false,,ZARA,원피스,원피스,여성,레이스 뒷면 네크라인 롱 원피스,https://www.zara.com/kr/ko/%E1%84%85%E1%85%A6%E1%84%8B%E1%85%B5%E1%84%89%E1%85%B3-%E1%84%83%E1%85%B1%E1%86%BA%E1%84%86%E1%85%A7%E1%86%AB-%E1%84%82%E1%85%A6%E1%84%8F%E1%85%B3%E1%84%85%E1%85%A1%E1%84%8B%E1%85%B5%E1%86%AB-%E1%84%85%E1%85%A9%E1%86%BC-%E1%84%8B%E1%85%AF%E1%86%AB%E1%84%91%E1%85%B5%E1%84%89%E1%85%B3-p01067107.html,https://static.zara.net/assets/public/9200/3bed/fa2941049a0d/6c28a7be7a3a/01067107800-p/01067107800-p.jpg?ts=1771585996803,"₩149,900",,,260622,블랙,,,,
,false,,ZARA,원피스,원피스,여성,린넨 롱 캐미솔 탑,https://www.zara.com/kr/ko/%E1%84%85%E1%85%B5%E1%86%AB%E1%84%82%E1%85%A6%E1%86%AB-%E1%84%85%E1%85%A9%E1%86%BC-%E1%84%8F%E1%85%A2%E1%84%86%E1%85%B5%E1%84%89%E1%85%A9%E1%86%AF-%E1%84%90%E1%85%A1%E1%86%B8-p03666097.html,https://static.zara.net/assets/public/8329/b181/3f574af0b769/438c2cd0b1ec/03666097807-a5/03666097807-a5.jpg?ts=1781110550555,"₩57,900",,,260622,콜 그레이,,,,
,false,,ZARA,원피스,원피스,여성,자수 캐미솔 원피스,https://www.zara.com/kr/ko/%E1%84%8C%E1%85%A1%E1%84%89%E1%85%AE-%E1%84%8F%E1%85%A2%E1%84%86%E1%85%B5%E1%84%89%E1%85%A9%E1%86%AF-%E1%84%8B%E1%85%AF%E1%86%AB%E1%84%91%E1%85%B5%E1%84%89%E1%85%B3-p03666123.html,https://static.zara.net/assets/public/410d/d052/8a174c5482b6/247ff0f8b9e5/03666123712-a2/03666123712-a2.jpg?ts=1781110661958,"₩89,900",,,260622,크림,,,,
,false,,ZARA,원피스,원피스,여성,ZW 컬렉션 새틴 미디 원피스,https://www.zara.com/kr/ko/zw-%E1%84%8F%E1%85%A5%E1%86%AF%E1%84%85%E1%85%A6%E1%86%A8%E1%84%89%E1%85%A7%E1%86%AB-%E1%84%89%E1%85%A2%E1%84%90%E1%85%B5%E1%86%AB-%E1%84%86%E1%85%B5%E1%84%83%E1%85%B5-%E1%84%8B%E1%85%AF%E1%86%AB%E1%84%91%E1%85%B5%E1%84%89%E1%85%B3-p02107100.html,https://static.zara.net/assets/public/2166/a9df/b2c44d94b2b1/8954c39d0dcd/02107100606-1-p/02107100606-1-p.jpg?ts=1778066666906,"₩109,900",,,260622,버건디,,,,
,false,,ZARA,원피스,원피스,여성,ZW 컬렉션 새틴 미디 원피스,https://www.zara.com/kr/ko/zw-%E1%84%8F%E1%85%A5%E1%86%AF%E1%84%85%E1%85%A6%E1%86%A8%E1%84%89%E1%85%A7%E1%86%AB-%E1%84%89%E1%85%A2%E1%84%90%E1%85%B5%E1%86%AB-%E1%84%86%E1%85%B5%E1%84%83%E1%85%B5-%E1%84%8B%E1%85%AF%E1%86%AB%E1%84%91%E1%85%B5%E1%84%89%E1%85%B3-p02107100.html,https://static.zara.net/assets/public/796d/f1cb/25f44bd58069/61f60017fc0f/02107100606-p/02107100606-p.jpg?ts=1778063223513,"₩109,900",,,260622,버건디,,,,
,false,,ZARA,원피스,원피스,여성,코르셋 미니 원피스,https://www.zara.com/kr/ko/%E1%84%8F%E1%85%A9%E1%84%85%E1%85%B3%E1%84%89%E1%85%A6%E1%86%BA-%E1%84%86%E1%85%B5%E1%84%82%E1%85%B5-%E1%84%8B%E1%85%AF%E1%86%AB%E1%84%91%E1%85%B5%E1%84%89%E1%85%B3-p02312800.html,https://static.zara.net/assets/public/ca50/68ed/f8374f79abd7/cd97f4a94ae0/02312800710-p/02312800710-p.jpg?ts=1771413674613,"₩89,900",,,260622,베이지,,,,
,false,,ZARA,원피스,원피스,여성,레이스 스트라이프 홀터 원피스,https://www.zara.com/kr/ko/%E1%84%85%E1%85%A6%E1%84%8B%E1%85%B5%E1%84%89%E1%85%B3-%E1%84%89%E1%85%B3%E1%84%90%E1%85%B3%E1%84%85%E1%85%A1%E1%84%8B%E1%85%B5%E1%84%91%E1%85%B3-%E1%84%92%E1%85%A9%E1%86%AF%E1%84%90%E1%85%A5%E1%84%82%E1%85%A6%E1%86%A8-%E1%84%8B%E1%85%AF%E1%86%AB%E1%84%91%E1%85%B5%E1%84%89%E1%85%B3-p05344125.html,https://static.zara.net/assets/public/c768/4fa5/1cad4d369f50/101dcdfdcca0/05344125075-p/05344125075-p.jpg?ts=1777477578826,"₩189,900",,,260622,"크림,베이지",,,,
,false,,ZARA,원피스,원피스,여성,미디 자수 리본 원피스,https://www.zara.com/kr/ko/%E1%84%86%E1%85%B5%E1%84%83%E1%85%B5-%E1%84%8C%E1%85%A1%E1%84%89%E1%85%AE-%E1%84%85%E1%85%B5%E1%84%87%E1%85%A9%E1%86%AB-%E1%84%8B%E1%85%AF%E1%86%AB%E1%84%91%E1%85%B5%E1%84%89%E1%85%B3-p01377113.html,https://static.zara.net/assets/public/069a/5881/ab544a7da703/a9ac73a6329e/01377113926-p/01377113926-p.jpg?ts=1778835406457,"₩109,900",,,260622,핑크,,,,
,false,,ZARA,원피스,원피스,여성,뒷면 스트랩 패턴 원피스,https://www.zara.com/kr/ko/%E1%84%89%E1%85%B3%E1%84%90%E1%85%B3%E1%84%85%E1%85%A2%E1%86%B8-%E1%84%91%E1%85%A2%E1%84%90%E1%85%A5%E1%86%AB-%E1%84%8B%E1%85%AF%E1%86%AB%E1%84%91%E1%85%B5%E1%84%89%E1%85%B3-p09028030.html,https://static.zara.net/assets/public/fc42/2720/6df64b9cb3c8/54205ce6c4c3/09028030251-p/09028030251-p.jpg?ts=1776766860784,"₩149,900",,,260622,스크래치 화이트,,,,
,false,,ZARA,원피스,원피스,여성,프린지 미니 원피스,https://www.zara.com/kr/ko/%E1%84%91%E1%85%B3%E1%84%85%E1%85%B5%E1%86%AB%E1%84%8C%E1%85%B5-%E1%84%86%E1%85%B5%E1%84%82%E1%85%B5-%E1%84%8B%E1%85%AF%E1%86%AB%E1%84%91%E1%85%B5%E1%84%89%E1%85%B3-p05584294.html,https://static.zara.net/assets/public/f94b/e00c/697f491abb6e/2cbdfa1a7a31/05584294800-p/05584294800-p.jpg?ts=1777566771758,"₩79,900",,,260622,블랙,,,,
,false,,ZARA,원피스,원피스,여성,벌룬 페이크 레더 점프수트 원피스,https://www.zara.com/kr/ko/%E1%84%91%E1%85%A6%E1%84%8B%E1%85%B5%E1%84%8F%E1%85%B3-%E1%84%85%E1%85%A6%E1%84%83%E1%85%A5-%E1%84%87%E1%85%A5%E1%86%AF%E1%84%85%E1%85%AE%E1%86%AB-%E1%84%8C%E1%85%A5%E1%86%B7%E1%84%91%E1%85%B3%E1%84%89%E1%85%AE%E1%84%90%E1%85%B3-%E1%84%8B%E1%85%AF%E1%86%AB%E1%84%91%E1%85%B5%E1%84%89%E1%85%B3-p04772309.html,https://static.zara.net/assets/public/80c1/ff38/32c44c06ab4a/77d64c1a4999/04772309716-p/04772309716-p.jpg?ts=1767888737508,"₩79,900",,,260622,다크 브라운,,,,
,false,,ZARA,원피스,원피스,여성,러플 홀터넥 원피스,https://www.zara.com/kr/ko/%E1%84%85%E1%85%A5%E1%84%91%E1%85%B3%E1%86%AF-%E1%84%92%E1%85%A9%E1%86%AF%E1%84%90%E1%85%A5%E1%84%82%E1%85%A6%E1%86%A8-%E1%84%8B%E1%85%AF%E1%86%AB%E1%84%91%E1%85%B5%E1%84%89%E1%85%B3-p02739111.html,https://static.zara.net/assets/public/9e53/ef30/d2ca4701860f/7557b61b503b/02739111300-p/02739111300-p.jpg?ts=1775064960653,"₩59,900",,,260622,노랑,,,,
,false,,ZARA,원피스,원피스,여성,러플 홀터넥 원피스,https://www.zara.com/kr/ko/%E1%84%85%E1%85%A5%E1%84%91%E1%85%B3%E1%86%AF-%E1%84%92%E1%85%A9%E1%86%AF%E1%84%90%E1%85%A5%E1%84%82%E1%85%A6%E1%86%A8-%E1%84%8B%E1%85%AF%E1%86%AB%E1%84%91%E1%85%B5%E1%84%89%E1%85%B3-p03152380.html,https://static.zara.net/assets/public/e701/7e09/f6fd4ed79daf/f2d45bb69357/03152380251-p/03152380251-p.jpg?ts=1775052502188,"₩59,900",,,260622,스크래치 화이트,,,,
,false,,ZARA,원피스,원피스,여성,시퀸 콤비 미니 원피스,https://www.zara.com/kr/ko/%E1%84%8F%E1%85%A9%E1%86%B7%E1%84%87%E1%85%B5-%E1%84%89%E1%85%B5%E1%84%8F%E1%85%B1%E1%86%AB-%E1%84%86%E1%85%B5%E1%84%82%E1%85%B5-%E1%84%8B%E1%85%AF%E1%86%AB%E1%84%91%E1%85%B5%E1%84%89%E1%85%B3-p02157023.html,https://static.zara.net/assets/public/01b4/e322/2e7d4bc799b0/43ea37973f0c/02157023700-p/02157023700-p.jpg?ts=1778700741381,"₩89,900",,,260622,브라운,,,,
,false,,ZARA,원피스,원피스,여성,하이넥 패턴 미디 원피스,https://www.zara.com/kr/ko/-p09018020.html,https://static.zara.net/assets/public/9ab2/878d/65d44640a2a5/52842de705a0/09018020330-p/09018020330-p.jpg?ts=1776263206520,"₩149,900",,,260622,멀티컬러,,,,
,false,,ZARA,원피스,원피스,여성,도트 홀터넥 반다나 원피스,https://www.zara.com/kr/ko/%E1%84%83%E1%85%A9%E1%84%90%E1%85%B3-%E1%84%91%E1%85%A2%E1%84%90%E1%85%A5%E1%86%AB-%E1%84%92%E1%85%A9%E1%86%AF%E1%84%90%E1%85%A5%E1%84%82%E1%85%A6%E1%86%A8-%E1%84%8B%E1%85%AF%E1%86%AB%E1%84%91%E1%85%B5%E1%84%89%E1%85%B3-p01165467.html,https://static.zara.net/assets/public/268f/3563/b37549b8839b/3576b7fd1ddd/01165467250-p/01165467250-p.jpg?ts=1774006678646,"₩59,900",,,260622,화이트,,,,
,false,,ZARA,원피스,원피스,여성,도트 튤 롱 원피스,https://www.zara.com/kr/ko/%E1%84%83%E1%85%A9%E1%84%90%E1%85%B3-%E1%84%90%E1%85%B2%E1%86%AF-%E1%84%85%E1%85%A9%E1%86%BC-%E1%84%8B%E1%85%AF%E1%86%AB%E1%84%91%E1%85%B5%E1%84%89%E1%85%B3-p05039265.html,https://static.zara.net/assets/public/5dce/6e0f/769b4bad9bce/ca4945a2af97/05039265087-p/05039265087-p.jpg?ts=1774006678988,"₩89,900",,,260622,"브라운,크림",,,,
,false,,ZARA,원피스,원피스,여성,ZW 컬렉션 볼륨 드레이프 원피스,https://www.zara.com/kr/ko/zw-%E1%84%8F%E1%85%A5%E1%86%AF%E1%84%85%E1%85%A6%E1%86%A8%E1%84%89%E1%85%A7%E1%86%AB-%E1%84%87%E1%85%A9%E1%86%AF%E1%84%85%E1%85%B2%E1%86%B7-%E1%84%83%E1%85%B3%E1%84%85%E1%85%A6%E1%84%8B%E1%85%B5%E1%84%91%E1%85%B3-%E1%84%8B%E1%85%AF%E1%86%AB%E1%84%91%E1%85%B5%E1%84%89%E1%85%B3-p04786055.html,https://static.zara.net/assets/public/69ae/d78e/9a7a4a3bb5f1/696625c5b2b7/04786055700-p/04786055700-p.jpg?ts=1775657510394,"₩89,900",,,260622,브라운,,,,
,false,,ZARA,원피스,원피스,여성,ZW 컬렉션 숏 자수 원피스,https://www.zara.com/kr/ko/zw-%E1%84%8F%E1%85%A5%E1%86%AF%E1%84%85%E1%85%A6%E1%86%A8%E1%84%89%E1%85%A7%E1%86%AB-%E1%84%89%E1%85%AD%E1%86%BA-%E1%84%8C%E1%85%A1%E1%84%89%E1%85%AE-%E1%84%8B%E1%85%AF%E1%86%AB%E1%84%91%E1%85%B5%E1%84%89%E1%85%B3-p01377202.html,https://static.zara.net/assets/public/63b4/7938/e2c24ce283d5/95295ad9a732/01377202715-p/01377202715-p.jpg?ts=1780646266826,"₩89,900",,,260622,미디움 크림,,,,
,false,,ZARA,원피스,원피스,여성,벌룬 자카드 미니 원피스,https://www.zara.com/kr/ko/%E1%84%87%E1%85%A5%E1%86%AF%E1%84%85%E1%85%AE%E1%86%AB-%E1%84%8C%E1%85%A1%E1%84%8F%E1%85%A1%E1%84%83%E1%85%B3-%E1%84%86%E1%85%B5%E1%84%82%E1%85%B5-%E1%84%8B%E1%85%AF%E1%86%AB%E1%84%91%E1%85%B5%E1%84%89%E1%85%B3-p01165074.html,https://static.zara.net/assets/public/c47c/b5a1/eb9643af9e04/8456f319b634/01165074712-p/01165074712-p.jpg?ts=1771520181340,"₩89,900",,,260622,크림,,,,
,false,,ZARA,원피스,원피스,여성,튤 콤비 롱 원피스,https://www.zara.com/kr/ko/%E1%84%90%E1%85%B2%E1%86%AF-%E1%84%8F%E1%85%A9%E1%86%B7%E1%84%87%E1%85%B5-%E1%84%85%E1%85%A9%E1%86%BC-%E1%84%8B%E1%85%AF%E1%86%AB%E1%84%91%E1%85%B5%E1%84%89%E1%85%B3-p05584354.html,https://static.zara.net/assets/public/7990/2068/cdf240b4962f/2c669effe324/05584354716-p/05584354716-p.jpg?ts=1771432735124,"₩59,900",,,260622,다크 브라운,,,,
,false,,ZARA,원피스,원피스,여성,프릴 홀터넥 포플린 원피스,https://www.zara.com/kr/ko/%E1%84%91%E1%85%B3%E1%84%85%E1%85%B5%E1%86%AF-%E1%84%91%E1%85%A9%E1%84%91%E1%85%B3%E1%86%AF%E1%84%85%E1%85%B5%E1%86%AB-%E1%84%92%E1%85%A9%E1%86%AF%E1%84%90%E1%85%A5%E1%84%82%E1%85%A6%E1%86%A8-%E1%84%8B%E1%85%AF%E1%86%AB%E1%84%91%E1%85%B5%E1%84%89%E1%85%B3-p03067316.html,https://static.zara.net/assets/public/8484/7700/e1f54a048f82/5ce682318481/03067316940-p/03067316940-p.jpg?ts=1776422299998,"₩59,900",,,260622,다크 자수색,,,,
,false,,ZARA,원피스,원피스,여성,새틴 콤비 롱 원피스,https://www.zara.com/kr/ko/%E1%84%89%E1%85%A2%E1%84%90%E1%85%B5%E1%86%AB-%E1%84%8F%E1%85%A9%E1%86%B7%E1%84%87%E1%85%B5-%E1%84%85%E1%85%A9%E1%86%BC-%E1%84%8B%E1%85%AF%E1%86%AB%E1%84%91%E1%85%B5%E1%84%89%E1%85%B3-p04772105.html,https://static.zara.net/assets/public/7ffc/bc67/bff44ecea70a/170d00409365/04772105959-p/04772105959-p.jpg?ts=1777458041830,"₩169,900",,,260622,크림,,,,
,false,,ZARA,원피스,원피스,여성,벨트 미디 원피스,https://www.zara.com/kr/ko/%E1%84%87%E1%85%A6%E1%86%AF%E1%84%90%E1%85%B3-%E1%84%86%E1%85%B5%E1%84%83%E1%85%B5-%E1%84%8B%E1%85%AF%E1%86%AB%E1%84%91%E1%85%B5%E1%84%89%E1%85%B3-p02756144.html,https://static.zara.net/assets/public/05b5/394c/12fc45b8a116/1168b7fd75d5/11028610800-016-p/11028610800-016-p.jpg?ts=1761727563135,"₩89,900",,,260622,라이트 브라운,,,,
,false,,ZARA,원피스,원피스,여성,ZW 컬렉션 드레이프 미니 원피스,https://www.zara.com/kr/ko/zw-%E1%84%8F%E1%85%A5%E1%86%AF%E1%84%85%E1%85%A6%E1%86%A8%E1%84%89%E1%85%A7%E1%86%AB-%E1%84%83%E1%85%B3%E1%84%85%E1%85%A6%E1%84%8B%E1%85%B5%E1%84%91%E1%85%B3-%E1%84%86%E1%85%B5%E1%84%82%E1%85%B5-%E1%84%8B%E1%85%AF%E1%86%AB%E1%84%91%E1%85%B5%E1%84%89%E1%85%B3-p02129219.html,https://static.zara.net/assets/public/9620/6a95/08d947948b67/111ac1c4fbc7/02129219800-p/02129219800-p.jpg?ts=1777558869304,"₩189,900",,,260622,블랙,,,,
,false,,ZARA,원피스,원피스,여성,ZW 컬렉션 새틴 언밸런스 원피스,https://www.zara.com/kr/ko/zw-%E1%84%8F%E1%85%A5%E1%86%AF%E1%84%85%E1%85%A6%E1%86%A8%E1%84%89%E1%85%A7%E1%86%AB-%E1%84%89%E1%85%A2%E1%84%90%E1%85%B5%E1%86%AB-%E1%84%8B%E1%85%A5%E1%86%AB%E1%84%87%E1%85%A2%E1%86%AF%E1%84%85%E1%85%A5%E1%86%AB%E1%84%89%E1%85%B3-%E1%84%8B%E1%85%AF%E1%86%AB%E1%84%91%E1%85%B5%E1%84%89%E1%85%B3-p02126042.html,https://static.zara.net/assets/public/56b1/a5cb/40a64fb7a639/949bdff5d48e/02126042922-p/02126042922-p.jpg?ts=1777558866612,"₩109,900",,,260622,다크 그레이,,,,
,false,,ZARA,원피스,원피스,여성,ZW 컬렉션 드레이프 미디 원피스,https://www.zara.com/kr/ko/zw-%E1%84%8F%E1%85%A5%E1%86%AF%E1%84%85%E1%85%A6%E1%86%A8%E1%84%89%E1%85%A7%E1%86%AB-%E1%84%83%E1%85%B3%E1%84%85%E1%85%A6%E1%84%8B%E1%85%B5%E1%84%91%E1%85%B3-%E1%84%86%E1%85%B5%E1%84%83%E1%85%B5-%E1%84%8B%E1%85%AF%E1%86%AB%E1%84%91%E1%85%B5%E1%84%89%E1%85%B3-p02507043.html,https://static.zara.net/assets/public/34ea/57cd/87454feda90a/1903f13d172c/02507043919-p/02507043919-p.jpg?ts=1778168153223,"₩89,900",,,260622,레드 코랄,,,,
,false,,ZARA,원피스,원피스,여성,레이스 캐미솔 원피스,https://www.zara.com/kr/ko/%E1%84%85%E1%85%A6%E1%84%8B%E1%85%B5%E1%84%89%E1%85%B3-%E1%84%8F%E1%85%A2%E1%84%86%E1%85%B5%E1%84%89%E1%85%A9%E1%86%AF-%E1%84%8B%E1%85%AF%E1%86%AB%E1%84%91%E1%85%B5%E1%84%89%E1%85%B3-p04770469.html,https://static.zara.net/assets/public/3f24/7e00/1bf648ef9502/a431f5b800bd/04770469800-h1/04770469800-h1.jpg?ts=1780330272108,"₩79,900",,,260622,블랙,,,,
,false,,ZARA,원피스,원피스,여성,루즈 크로스 원피스,https://www.zara.com/kr/ko/%E1%84%85%E1%85%AE%E1%84%8C%E1%85%B3-%E1%84%8F%E1%85%B3%E1%84%85%E1%85%A9%E1%84%89%E1%85%B3-%E1%84%8B%E1%85%AF%E1%86%AB%E1%84%91%E1%85%B5%E1%84%89%E1%85%B3-p05039343.html,https://static.zara.net/assets/public/4c56/682f/335647ee804d/3362d2c01df8/05039343500-p/05039343500-p.jpg?ts=1754646293070,"₩59,900",,,260622,초록,,,,
,false,,ZARA,원피스,원피스,여성,루즈 크로스 원피스,https://www.zara.com/kr/ko/%E1%84%85%E1%85%AE%E1%84%8C%E1%85%B3-%E1%84%8F%E1%85%B3%E1%84%85%E1%85%A9%E1%84%89%E1%85%B3-%E1%84%8B%E1%85%AF%E1%86%AB%E1%84%91%E1%85%B5%E1%84%89%E1%85%B3-p05039343.html,https://static.zara.net/assets/public/66d7/40f4/7e8f4b17981f/5f77565ee9ac/05039343671-p/05039343671-p.jpg?ts=1754646292127,"₩59,900",,,260622,레드베리,,,,
,false,,ZARA,원피스,원피스,여성,튜브톱 텍스처 원피스,https://www.zara.com/kr/ko/%E1%84%90%E1%85%B2%E1%84%87%E1%85%B3%E1%84%90%E1%85%A9%E1%86%B8-%E1%84%90%E1%85%A6%E1%86%A8%E1%84%89%E1%85%B3%E1%84%8E%E1%85%A5-%E1%84%8B%E1%85%AF%E1%86%AB%E1%84%91%E1%85%B5%E1%84%89%E1%85%B3-p05580006.html,https://static.zara.net/assets/public/34de/30ff/64f9417b9f6e/c8fed5ba724e/05580006527-p/05580006527-p.jpg?ts=1772726927886,"₩57,900",,,260622,미디움 그린,,,,
,false,,ZARA,원피스,원피스,여성,리본 언밸런스 미니 원피스,https://www.zara.com/kr/ko/%E1%84%85%E1%85%B5%E1%84%87%E1%85%A9%E1%86%AB-%E1%84%8B%E1%85%A5%E1%86%AB%E1%84%87%E1%85%A2%E1%86%AF%E1%84%85%E1%85%A5%E1%86%AB%E1%84%89%E1%85%B3-%E1%84%86%E1%85%B5%E1%84%82%E1%85%B5-%E1%84%8B%E1%85%AF%E1%86%AB%E1%84%91%E1%85%B5%E1%84%89%E1%85%B3-p02202399.html,https://static.zara.net/assets/public/e813/0442/e40248eeb835/f57faed2e957/02345521700-p/02345521700-p.jpg?ts=1771595616793,"₩89,900",,,260622,브라운,,,,
,false,,ZARA,원피스,원피스,여성,언밸런스 미디 원피스,https://www.zara.com/kr/ko/%E1%84%8B%E1%85%A5%E1%86%AB%E1%84%87%E1%85%A2%E1%86%AF%E1%84%85%E1%85%A5%E1%86%AB%E1%84%89%E1%85%B3-%E1%84%86%E1%85%B5%E1%84%83%E1%85%B5-%E1%84%8B%E1%85%AF%E1%86%AB%E1%84%91%E1%85%B5%E1%84%89%E1%85%B3-p05039014.html,https://static.zara.net/assets/public/987a/0c6c/e17b4518b500/480263084cfe/05039014911-p/05039014911-p.jpg?ts=1770990216984,"₩55,900",,,260622,올리브,,,,
,false,,ZARA,원피스,오버롤,여성,벨트 롱 점프수트,https://www.zara.com/kr/ko/%E1%84%87%E1%85%A6%E1%86%AF%E1%84%90%E1%85%B3-%E1%84%85%E1%85%A9%E1%86%BC-%E1%84%8C%E1%85%A5%E1%86%B7%E1%84%91%E1%85%B3%E1%84%89%E1%85%AE%E1%84%90%E1%85%B3-p02685769.html,https://static.zara.net/assets/public/ebba/cf71/8e39433f864f/13d529926e99/02685769506-p/02685769506-p.jpg?ts=1779878710169,"₩89,900",,,260622,라이트 카키,,,,
,false,,ZARA,원피스,원피스,여성,홀터넥 러스틱 미니 원피스,https://www.zara.com/kr/ko/%E1%84%85%E1%85%A5%E1%84%89%E1%85%B3%E1%84%90%E1%85%B5%E1%86%A8-%E1%84%92%E1%85%A9%E1%86%AF%E1%84%90%E1%85%A5%E1%84%82%E1%85%A6%E1%86%A8-%E1%84%86%E1%85%B5%E1%84%82%E1%85%B5-%E1%84%8B%E1%85%AF%E1%86%AB%E1%84%91%E1%85%B5%E1%84%89%E1%85%B3-p05029261.html,https://static.zara.net/assets/public/03e6/c7b2/04534f61a60e/8bbbfd9d4eec/05029261715-p/05029261715-p.jpg?ts=1779793879978,"₩59,900",,,260622,미디움 크림,,,,
,false,,ZARA,원피스,원피스,여성,ZW 컬렉션 포플린 원피스,https://www.zara.com/kr/ko/zw-%E1%84%8F%E1%85%A5%E1%86%AF%E1%84%85%E1%85%A6%E1%86%A8%E1%84%89%E1%85%A7%E1%86%AB-%E1%84%91%E1%85%A9%E1%84%91%E1%85%B3%E1%86%AF%E1%84%85%E1%85%B5%E1%86%AB-%E1%84%8B%E1%85%AF%E1%86%AB%E1%84%91%E1%85%B5%E1%84%89%E1%85%B3-p02221014.html,https://static.zara.net/assets/public/ccd5/ed00/593c4d3baa7f/fe4667f44a51/02221104306-a5/02221104306-a5.jpg?ts=1780048083570,"₩169,900",,,260622,라이트 옐로우,,,,
,false,,ZARA,원피스,원피스,여성,숄더 패드 언밸런스 미니 원피스,https://www.zara.com/kr/ko/%E1%84%89%E1%85%AD%E1%86%AF%E1%84%83%E1%85%A5-%E1%84%91%E1%85%A2%E1%84%83%E1%85%B3-%E1%84%8B%E1%85%A5%E1%86%AB%E1%84%87%E1%85%A2%E1%86%AF%E1%84%85%E1%85%A5%E1%86%AB%E1%84%89%E1%85%B3-%E1%84%86%E1%85%B5%E1%84%82%E1%85%B5-%E1%84%8B%E1%85%AF%E1%86%AB%E1%84%91%E1%85%B5%E1%84%89%E1%85%B3-p02776864.html,https://static.zara.net/assets/public/856f/4ae8/39654b128253/ac27c982d4d4/03088933641-1-p/03088933641-1-p.jpg?ts=1778244501463,"₩59,900",,,260622,다크 레드,,,,
,false,,ZARA,원피스,원피스,여성,케이프 스커트 미디 원피스,https://www.zara.com/kr/ko/%E1%84%8F%E1%85%A6%E1%84%8B%E1%85%B5%E1%84%91%E1%85%B3-%E1%84%89%E1%85%B3%E1%84%8F%E1%85%A5%E1%84%90%E1%85%B3-%E1%84%86%E1%85%B5%E1%84%83%E1%85%B5-%E1%84%8B%E1%85%AF%E1%86%AB%E1%84%91%E1%85%B5%E1%84%89%E1%85%B3-p02723776.html,https://static.zara.net/assets/public/a146/2768/170e480ea9af/ab94c83d15a8/02723776400-p/02723776400-p.jpg?ts=1778244505486,"₩79,900",,,260622,블루,,,,
,false,,ZARA,원피스,원피스,여성,ZW 컬렉션 레이스 미디 원피스,https://www.zara.com/kr/ko/zw-%E1%84%8F%E1%85%A5%E1%86%AF%E1%84%85%E1%85%A6%E1%86%A8%E1%84%89%E1%85%A7%E1%86%AB-%E1%84%85%E1%85%A6%E1%84%8B%E1%85%B5%E1%84%89%E1%85%B3-%E1%84%86%E1%85%B5%E1%84%83%E1%85%B5-%E1%84%8B%E1%85%AF%E1%86%AB%E1%84%91%E1%85%B5%E1%84%89%E1%85%B3-p06895043.html,https://static.zara.net/assets/public/1319/3c71/738344238a38/99e3cd175a17/06895043712-p/06895043712-p.jpg?ts=1780909798726,"₩129,900",,,260622,크림,,,,
,false,,ZARA,원피스,원피스,여성,언밸런스 니트 원피스,https://www.zara.com/kr/ko/%E1%84%8B%E1%85%A5%E1%86%AB%E1%84%87%E1%85%A2%E1%86%AF%E1%84%85%E1%85%A5%E1%86%AB%E1%84%89%E1%85%B3-%E1%84%82%E1%85%B5%E1%84%90%E1%85%B3-%E1%84%8B%E1%85%AF%E1%86%AB%E1%84%91%E1%85%B5%E1%84%89%E1%85%B3-p03456012.html,https://static.zara.net/assets/public/1933/3e56/704748faa44c/61dddf85bb67/03456012600-016-a2/03456012600-016-a2.jpg?ts=1781078816451,"₩59,900",,,260622,레드,,,,
,false,,ZARA,원피스,원피스,여성,홀터넥 볼륨 콤비 원피스,https://www.zara.com/kr/ko/%E1%84%92%E1%85%A9%E1%86%AF%E1%84%90%E1%85%A5%E1%84%82%E1%85%A6%E1%86%A8-%E1%84%87%E1%85%A9%E1%86%AF%E1%84%85%E1%85%B2%E1%86%B7-%E1%84%8F%E1%85%A9%E1%86%B7%E1%84%87%E1%85%B5-%E1%84%8B%E1%85%AF%E1%86%AB%E1%84%91%E1%85%B5%E1%84%89%E1%85%B3-p02718109.html,https://static.zara.net/assets/public/9950/9182/a8ba4d3ebbae/fe5771ebf77b/02718109632-p/02718109632-p.jpg?ts=1777021951863,"₩109,900",,,260622,브라이트 레드,,,,
,false,,ZARA,원피스,원피스,여성,드레이프 조젯 원피스,https://www.zara.com/kr/ko/%E1%84%8C%E1%85%A9%E1%84%8C%E1%85%A6%E1%86%BA-%E1%84%83%E1%85%B3%E1%84%85%E1%85%A6%E1%84%8B%E1%85%B5%E1%84%91%E1%85%B3-%E1%84%8B%E1%85%AF%E1%86%AB%E1%84%91%E1%85%B5%E1%84%89%E1%85%B3-p02719109.html,https://static.zara.net/assets/public/e4e7/9e2e/64714d48b5ed/dff2a1105418/02719109732-p/02719109732-p.jpg?ts=1776953000743,"₩109,900",,,260622,카라멜,,,,
,false,,ZARA,원피스,오버롤,여성,나일론 플리츠 점프수트,https://www.zara.com/kr/ko/%E1%84%82%E1%85%A1%E1%84%8B%E1%85%B5%E1%86%AF%E1%84%85%E1%85%A9%E1%86%AB-%E1%84%91%E1%85%B3%E1%86%AF%E1%84%85%E1%85%B5%E1%84%8E%E1%85%B3-%E1%84%8C%E1%85%A5%E1%86%B7%E1%84%91%E1%85%B3%E1%84%89%E1%85%AE%E1%84%90%E1%85%B3-p03067327.html,https://static.zara.net/assets/public/0a8f/36e6/6e644e37a3d3/dcb4404bb6a0/03067327507-p/03067327507-p.jpg?ts=1772201850627,"₩89,900",,,260622,다크 카키,,,,
,false,,ZARA,원피스,원피스,여성,프릴 미니 원피스,https://www.zara.com/kr/ko/%E1%84%91%E1%85%B3%E1%84%85%E1%85%B5%E1%86%AF-%E1%84%86%E1%85%B5%E1%84%82%E1%85%B5-%E1%84%8B%E1%85%AF%E1%86%AB%E1%84%91%E1%85%B5%E1%84%89%E1%85%B3-p00881307.html,https://static.zara.net/assets/public/a6d4/9974/f18d4f6ba24b/599a2a2fd2ed/00881307904-p/00881307904-p.jpg?ts=1772186711837,"₩59,900",,,260622,초코렛,,,,
,false,,ZARA,원피스,원피스,여성,100% 실크 드레이프 원피스,https://www.zara.com/kr/ko/100-%E1%84%89%E1%85%B5%E1%86%AF%E1%84%8F%E1%85%B3-%E1%84%83%E1%85%B3%E1%84%85%E1%85%A6%E1%84%8B%E1%85%B5%E1%84%91%E1%85%B3-%E1%84%8B%E1%85%AF%E1%86%AB%E1%84%91%E1%85%B5%E1%84%89%E1%85%B3-p05919116.html,https://static.zara.net/assets/public/66d2/2162/00a144aeb455/71e20141cf10/05919116251-p/05919116251-p.jpg?ts=1772200395932,"₩349,900",,,260622,스크래치 화이트,,,,
,false,,ZARA,원피스,원피스,여성,레이스 벌룬 미니 원피스,https://www.zara.com/kr/ko/%E1%84%85%E1%85%A6%E1%84%8B%E1%85%B5%E1%84%89%E1%85%B3-%E1%84%87%E1%85%A5%E1%86%AF%E1%84%85%E1%85%AE%E1%86%AB-%E1%84%86%E1%85%B5%E1%84%82%E1%85%B5-%E1%84%8B%E1%85%AF%E1%86%AB%E1%84%91%E1%85%B5%E1%84%89%E1%85%B3-p00881350.html,https://static.zara.net/assets/public/8289/6084/52564345b967/68fcd5937ceb/00881350656-p/00881350656-p.jpg?ts=1779440404411,"₩79,900",,,260622,라이트  라일락,,,,
,false,,ZARA,원피스,원피스,여성,자수 프릴 미니 원피스,https://www.zara.com/kr/ko/%E1%84%91%E1%85%B3%E1%84%85%E1%85%B5%E1%86%AF-%E1%84%8C%E1%85%A1%E1%84%89%E1%85%AE-%E1%84%86%E1%85%B5%E1%84%82%E1%85%B5-%E1%84%8B%E1%85%AF%E1%86%AB%E1%84%91%E1%85%B5%E1%84%89%E1%85%B3-p00881317.html,https://static.zara.net/assets/public/a5ca/d389/78da4059a2ae/37060dd58e1c/00881317306-p/00881317306-p.jpg?ts=1778832844600,"₩59,900",,,260622,라이트 옐로우,,,,
,false,,ZARA,원피스,원피스,여성,링클 이펙트 거즈 미디 원피스,https://www.zara.com/kr/ko/%E1%84%85%E1%85%B5%E1%86%BC%E1%84%8F%E1%85%B3%E1%86%AF-%E1%84%8B%E1%85%B5%E1%84%91%E1%85%A6%E1%86%A8%E1%84%90%E1%85%B3-%E1%84%80%E1%85%A5%E1%84%8C%E1%85%B3-%E1%84%86%E1%85%B5%E1%84%83%E1%85%B5-%E1%84%8B%E1%85%AF%E1%86%AB%E1%84%91%E1%85%B5%E1%84%89%E1%85%B3-p07521305.html,https://static.zara.net/assets/public/a70b/9dd2/87484a97983b/a653a988c04b/07521305821-p/07521305821-p.jpg?ts=1778832861067,"₩79,900",,,260622,재색,,,,
,false,,ZARA,원피스,원피스,여성,린넨 벨트 미디 원피스 ZW 컬렉션,https://www.zara.com/kr/ko/%E1%84%85%E1%85%B5%E1%86%AB%E1%84%82%E1%85%A6%E1%86%AB-%E1%84%87%E1%85%A6%E1%86%AF%E1%84%90%E1%85%B3-%E1%84%86%E1%85%B5%E1%84%83%E1%85%B5-%E1%84%8B%E1%85%AF%E1%86%AB%E1%84%91%E1%85%B5%E1%84%89%E1%85%B3-zw-%E1%84%8F%E1%85%A5%E1%86%AF%E1%84%85%E1%85%A6%E1%86%A8%E1%84%89%E1%85%A7%E1%86%AB-p02136844.html,https://static.zara.net/assets/public/41fb/f282/d0f34d4788b3/9e848a84e5e2/02136844400-000-a5/02136844400-000-a5.jpg?ts=1778139280925,"₩129,900",,,260622,블루,,,,
,false,,ZARA,원피스,원피스,여성,ZW 컬렉션 슬리브리스 원피스,https://www.zara.com/kr/ko/zw-%E1%84%8F%E1%85%A5%E1%86%AF%E1%84%85%E1%85%A6%E1%86%A8%E1%84%89%E1%85%A7%E1%86%AB-%E1%84%89%E1%85%B3%E1%86%AF%E1%84%85%E1%85%B5%E1%84%87%E1%85%B3%E1%84%85%E1%85%B5%E1%84%89%E1%85%B3-%E1%84%8B%E1%85%AF%E1%86%AB%E1%84%91%E1%85%B5%E1%84%89%E1%85%B3-p02123475.html,https://static.zara.net/assets/public/5e96/b24c/a6ff44a8a9f5/d97d316c90ec/02123475800-p/02123475800-p.jpg?ts=1778066672308,"₩129,900",,,260622,블랙,,,,
,false,,ZARA,원피스,원피스,여성,레이스 미디 원피스,https://www.zara.com/kr/ko/%E1%84%85%E1%85%A6%E1%84%8B%E1%85%B5%E1%84%89%E1%85%B3-%E1%84%86%E1%85%B5%E1%84%83%E1%85%B5-%E1%84%8B%E1%85%AF%E1%86%AB%E1%84%91%E1%85%B5%E1%84%89%E1%85%B3-p02949022.html,https://static.zara.net/assets/public/32bb/be71/794e4c16842e/b1760ab87d3e/02949022400-p/02949022400-p.jpg?ts=1774009902550,"₩79,900",,,260622,블루,,,,
,false,,ZARA,원피스,원피스,여성,스트레이트넥 콤비 원피스,https://www.zara.com/kr/ko/%E1%84%89%E1%85%B3%E1%84%90%E1%85%B3%E1%84%85%E1%85%A6%E1%84%8B%E1%85%B5%E1%84%90%E1%85%B3%E1%84%82%E1%85%A6%E1%86%A8-%E1%84%8F%E1%85%A9%E1%86%B7%E1%84%87%E1%85%B5-%E1%84%8B%E1%85%AF%E1%86%AB%E1%84%91%E1%85%B5%E1%84%89%E1%85%B3-p04387044.html,https://static.zara.net/assets/public/acec/dea1/51ed4bbbb4ca/0b685f2a1bc2/04387044715-p/04387044715-p.jpg?ts=1774009912501,"₩59,900",,,260622,미디움 크림,,,,
,false,,ZARA,원피스,원피스,여성,레이스 콤비 숏 원피스,https://www.zara.com/kr/ko/%E1%84%85%E1%85%A6%E1%84%8B%E1%85%B5%E1%84%89%E1%85%B3-%E1%84%8F%E1%85%A9%E1%86%B7%E1%84%87%E1%85%B5-%E1%84%89%E1%85%AD%E1%86%BA-%E1%84%8B%E1%85%AF%E1%86%AB%E1%84%91%E1%85%B5%E1%84%89%E1%85%B3-p07200315.html,https://static.zara.net/assets/public/01f5/a514/071d459591eb/fc3f9ccc67dc/07200315054-p/07200315054-p.jpg?ts=1768996363198,"₩79,900",,,260622,"브라운,그린",,,,
,false,,ZARA,원피스,원피스,여성,ZW 컬렉션 언밸런스 미디 원피스,https://www.zara.com/kr/ko/zw-%E1%84%8F%E1%85%A5%E1%86%AF%E1%84%85%E1%85%A6%E1%86%A8%E1%84%89%E1%85%A7%E1%86%AB-%E1%84%8B%E1%85%A5%E1%86%AB%E1%84%87%E1%85%A2%E1%86%AF%E1%84%85%E1%85%A5%E1%86%AB%E1%84%89%E1%85%B3-%E1%84%8B%E1%85%AF%E1%86%AB%E1%84%91%E1%85%B5%E1%84%89%E1%85%B3-p02102098.html,https://static.zara.net/assets/public/0e45/82ee/a04142efb6b5/e5a1bbc56a9c/02102099632-p/02102099632-p.jpg?ts=1774611548066,"₩109,900",,,260622,브라이트 레드,,,,
,false,,ZARA,원피스,원피스,여성,ZW 컬렉션 프린트 리본 원피스,https://www.zara.com/kr/ko/zw-%E1%84%8F%E1%85%A5%E1%86%AF%E1%84%85%E1%85%A6%E1%86%A8%E1%84%89%E1%85%A7%E1%86%AB-%E1%84%85%E1%85%B5%E1%84%87%E1%85%A9%E1%86%AB-%E1%84%91%E1%85%B3%E1%84%85%E1%85%B5%E1%86%AB%E1%84%90%E1%85%B3-%E1%84%8B%E1%85%AF%E1%86%AB%E1%84%91%E1%85%B5%E1%84%89%E1%85%B3-p02109098.html,https://static.zara.net/assets/public/4ac4/1ecc/4aed413a9acd/cd48341b0b71/02109098300-p/02109098300-p.jpg?ts=1774611541228,"₩149,900",,,260622,노랑,,,,
,false,,ZARA,원피스,원피스,여성,홀터넥 니트 미디 원피스,https://www.zara.com/kr/ko/%E1%84%92%E1%85%A9%E1%86%AF%E1%84%90%E1%85%A5%E1%84%82%E1%85%A6%E1%86%A8-%E1%84%82%E1%85%B5%E1%84%90%E1%85%B3-%E1%84%86%E1%85%B5%E1%84%83%E1%85%B5-%E1%84%8B%E1%85%AF%E1%86%AB%E1%84%91%E1%85%B5%E1%84%89%E1%85%B3-p02142142.html,https://static.zara.net/assets/public/ad39/3640/626c42deb048/4abcf2a6d962/02142142505-p/02142142505-p.jpg?ts=1775657512566,"₩79,900",,,260622,카키,,,,
,false,,ZARA,원피스,원피스,여성,ZW 컬렉션 새틴 레이스 원피스,https://www.zara.com/kr/ko/zw-%E1%84%8F%E1%85%A5%E1%86%AF%E1%84%85%E1%85%A6%E1%86%A8%E1%84%89%E1%85%A7%E1%86%AB-%E1%84%89%E1%85%A2%E1%84%90%E1%85%B5%E1%86%AB-%E1%84%85%E1%85%A6%E1%84%8B%E1%85%B5%E1%84%89%E1%85%B3-%E1%84%8B%E1%85%AF%E1%86%AB%E1%84%91%E1%85%B5%E1%84%89%E1%85%B3-p02678047.html,https://static.zara.net/assets/public/30f3/2d1b/0dd943afb97b/62400f22b8dc/02678047676-p/02678047676-p.jpg?ts=1775645455998,"₩89,900",,,260622,로즈 가루,,,,
,false,,ZARA,원피스,원피스,여성,ZW 컬렉션 새틴 홀터넥 원피스,https://www.zara.com/kr/ko/zw-%E1%84%8F%E1%85%A5%E1%86%AF%E1%84%85%E1%85%A6%E1%86%A8%E1%84%89%E1%85%A7%E1%86%AB-%E1%84%89%E1%85%A2%E1%84%90%E1%85%B5%E1%86%AB-%E1%84%92%E1%85%A9%E1%86%AF%E1%84%90%E1%85%A5%E1%84%82%E1%85%A6%E1%86%A8-%E1%84%8B%E1%85%AF%E1%86%AB%E1%84%91%E1%85%B5%E1%84%89%E1%85%B3-p02111987.html,https://static.zara.net/assets/public/0ddb/fa04/8f8a4c4c80a6/96bce11e58e1/02111987700-p/02111987700-p.jpg?ts=1773743089610,"₩89,900",,,260622,브라운,,,,
,false,,ZARA,원피스,원피스,여성,ZW 컬렉션 새틴 레이스 원피스,https://www.zara.com/kr/ko/zw-%E1%84%8F%E1%85%A5%E1%86%AF%E1%84%85%E1%85%A6%E1%86%A8%E1%84%89%E1%85%A7%E1%86%AB-%E1%84%89%E1%85%A2%E1%84%90%E1%85%B5%E1%86%AB-%E1%84%85%E1%85%A6%E1%84%8B%E1%85%B5%E1%84%89%E1%85%B3-%E1%84%8B%E1%85%AF%E1%86%AB%E1%84%91%E1%85%B5%E1%84%89%E1%85%B3-p02731050.html,https://static.zara.net/assets/public/54d3/6144/254744d1af0f/783bc6175a6e/02731050800-p/02731050800-p.jpg?ts=1773827670799,"₩109,900",,,260622,블랙,,,,
,false,,ZARA,원피스,원피스,여성,비즈 펀칭 니트 원피스,https://www.zara.com/kr/ko/%E1%84%87%E1%85%B5%E1%84%8C%E1%85%B3-%E1%84%8F%E1%85%A5%E1%86%BA%E1%84%8B%E1%85%A1%E1%84%8B%E1%85%AE%E1%86%BA-%E1%84%82%E1%85%B5%E1%84%90%E1%85%B3-%E1%84%8B%E1%85%AF%E1%86%AB%E1%84%91%E1%85%B5%E1%84%89%E1%85%B3-p03921063.html,https://static.zara.net/assets/public/f1a4/f136/2d2e43b0a6e8/e4ec016df839/03921063712-p/03921063712-p.jpg?ts=1779371863096,"₩169,900",,,260622,크림,,,,
,false,,ZARA,원피스,원피스,여성,오프숄더 도트 원피스,https://www.zara.com/kr/ko/%E1%84%8B%E1%85%A9%E1%84%91%E1%85%B3%E1%84%89%E1%85%AD%E1%86%AF%E1%84%83%E1%85%A5-%E1%84%83%E1%85%A9%E1%84%90%E1%85%B3-%E1%84%8B%E1%85%AF%E1%86%AB%E1%84%91%E1%85%B5%E1%84%89%E1%85%B3-p02482423.html,https://static.zara.net/assets/public/addb/2b91/ee8447ecb23f/fd112ce4d5e6/02482423067-p/02482423067-p.jpg?ts=1772618853446,"₩59,900",,,260622,"크림,레드",,,,
,false,,ZARA,원피스,원피스,여성,스트랩 러스틱 원피스,https://www.zara.com/kr/ko/%E1%84%85%E1%85%A5%E1%84%89%E1%85%B3%E1%84%90%E1%85%B5%E1%86%A8-%E1%84%89%E1%85%B3%E1%84%90%E1%85%B3%E1%84%85%E1%85%A2%E1%86%B8-%E1%84%8B%E1%85%AF%E1%86%AB%E1%84%91%E1%85%B5%E1%84%89%E1%85%B3-p04174231.html,https://static.zara.net/assets/public/e22d/dd0c/ccf545d1b32d/b95c1a1ee320/04174231505-p/04174231505-p.jpg?ts=1777378114837,"₩45,900",,,260622,카키,,,,
,false,,ZARA,원피스,원피스,여성,홀터넥 롱 원피스,https://www.zara.com/kr/ko/%E1%84%92%E1%85%A9%E1%86%AF%E1%84%90%E1%85%A5%E1%84%82%E1%85%A6%E1%86%A8-%E1%84%85%E1%85%A9%E1%86%BC-%E1%84%8B%E1%85%AF%E1%86%AB%E1%84%91%E1%85%B5%E1%84%89%E1%85%B3-p01165015.html,https://static.zara.net/assets/public/daed/414b/7d804bbc9d0e/2a2c3629dbd9/01165015401-p/01165015401-p.jpg?ts=1777378066214,"₩59,900",,,260622,네이비,,,,
,false,,ZARA,원피스,원피스,여성,ZW 컬렉션 링클 페이크 미디 원피스,https://www.zara.com/kr/ko/zw-%E1%84%8F%E1%85%A5%E1%86%AF%E1%84%85%E1%85%A6%E1%86%A8%E1%84%89%E1%85%A7%E1%86%AB-%E1%84%85%E1%85%B5%E1%86%BC%E1%84%8F%E1%85%B3%E1%86%AF-%E1%84%8B%E1%85%B5%E1%84%91%E1%85%A6%E1%86%A8%E1%84%90%E1%85%B3-%E1%84%86%E1%85%B5%E1%84%83%E1%85%B5-%E1%84%8B%E1%85%AF%E1%86%AB%E1%84%91%E1%85%B5%E1%84%89%E1%85%B3-p04333050.html,https://static.zara.net/assets/public/8287/2617/b743463b9d57/2b2cb551e5c5/04333050674-p/04333050674-p.jpg?ts=1778767718760,"₩149,900",,,260622,살몬핑크,,,,
,false,,ZARA,원피스,원피스,여성,컷아웃 스트랩 미디 원피스,https://www.zara.com/kr/ko/%E1%84%8F%E1%85%A5%E1%86%BA%E1%84%8B%E1%85%A1%E1%84%8B%E1%85%AE%E1%86%BA-%E1%84%89%E1%85%B3%E1%84%90%E1%85%B3%E1%84%85%E1%85%A2%E1%86%B8-%E1%84%86%E1%85%B5%E1%84%83%E1%85%B5-%E1%84%8B%E1%85%AF%E1%86%AB%E1%84%91%E1%85%B5%E1%84%89%E1%85%B3-p02611769.html,https://static.zara.net/assets/public/69e1/ac21/6e3743539e5b/de5c52591d82/02611769430-p/02611769430-p.jpg?ts=1777283441145,"₩89,900",,,260622,잉크 블,,,,
,false,,ZARA,원피스,원피스,여성,언밸런스 패턴 미니 원피스,https://www.zara.com/kr/ko/%E1%84%91%E1%85%A2%E1%84%90%E1%85%A5%E1%86%AB-%E1%84%8B%E1%85%A5%E1%86%AB%E1%84%87%E1%85%A2%E1%86%AF%E1%84%85%E1%85%A5%E1%86%AB%E1%84%89%E1%85%B3-%E1%84%86%E1%85%B5%E1%84%82%E1%85%B5-%E1%84%8B%E1%85%AF%E1%86%AB%E1%84%91%E1%85%B5%E1%84%89%E1%85%B3-p03564117.html,https://static.zara.net/assets/public/f880/f82f/87544c44a63b/5e3aee105c5e/03564117064-a6/03564117064-a6.jpg?ts=1779293336285,"₩59,900",,,260622,"화이트,블랙",,,,
,false,,ZARA,원피스,원피스,여성,애니멀 프린트 란제리 미디 원피스,https://www.zara.com/kr/ko/%E1%84%8B%E1%85%A2%E1%84%82%E1%85%B5%E1%84%86%E1%85%A5%E1%86%AF-%E1%84%91%E1%85%B3%E1%84%85%E1%85%B5%E1%86%AB%E1%84%90%E1%85%B3-%E1%84%85%E1%85%A1%E1%86%AB%E1%84%8C%E1%85%A6%E1%84%85%E1%85%B5-%E1%84%86%E1%85%B5%E1%84%83%E1%85%B5-%E1%84%8B%E1%85%AF%E1%86%AB%E1%84%91%E1%85%B5%E1%84%89%E1%85%B3-p03666117.html,https://static.zara.net/assets/public/a19b/2dce/c9a645428c58/f5d64e72528a/03666117330-p/03666117330-p.jpg?ts=1779290673111,"₩59,900",,,260622,멀티컬러,,,,
,false,,ZARA,원피스,원피스,여성,인터록 콤비 원피스,https://www.zara.com/kr/ko/%E1%84%8B%E1%85%B5%E1%86%AB%E1%84%90%E1%85%A5%E1%84%85%E1%85%A9%E1%86%A8-%E1%84%8F%E1%85%A9%E1%86%B7%E1%84%87%E1%85%B5-%E1%84%8B%E1%85%AF%E1%86%AB%E1%84%91%E1%85%B5%E1%84%89%E1%85%B3-p02335161.html,https://static.zara.net/assets/public/1708/6aff/3ca545e3b06c/ea3d32202468/02335161717-p/02335161717-p.jpg?ts=1769767892351,"₩59,900",,,260622,초콜렛,,,,
,false,,ZARA,원피스,원피스,여성,ZW 컬렉션 자카드 미니 원피스,https://www.zara.com/kr/ko/zw-%E1%84%8F%E1%85%A5%E1%86%AF%E1%84%85%E1%85%A6%E1%86%A8%E1%84%89%E1%85%A7%E1%86%AB-%E1%84%8C%E1%85%A1%E1%84%8F%E1%85%A1%E1%84%83%E1%85%B3-%E1%84%86%E1%85%B5%E1%84%82%E1%85%B5-%E1%84%8B%E1%85%AF%E1%86%AB%E1%84%91%E1%85%B5%E1%84%89%E1%85%B3-p05107073.html,https://static.zara.net/assets/public/82bb/1319/756a45d48184/44a8173748cb/05107073075-p/05107073075-p.jpg?ts=1776076184647,"₩149,900",,,260622,"크림,베이지",,,,
,false,,ZARA,원피스,원피스,여성,스트라이프 벌룬 미디 원피스,https://www.zara.com/kr/ko/%E1%84%89%E1%85%B3%E1%84%90%E1%85%B3%E1%84%85%E1%85%A1%E1%84%8B%E1%85%B5%E1%84%91%E1%85%B3-%E1%84%87%E1%85%A5%E1%86%AF%E1%84%85%E1%85%AE%E1%86%AB-%E1%84%86%E1%85%B5%E1%84%83%E1%85%B5-%E1%84%8B%E1%85%AF%E1%86%AB%E1%84%91%E1%85%B5%E1%84%89%E1%85%B3-p04387034.html,https://static.zara.net/assets/public/41b4/0395/54ec4e15bed3/e0a30b4b8c06/04387034070-p/04387034070-p.jpg?ts=1775748362264,"₩79,900",,,260622,"크림,블랙",,,,
,false,,ZARA,원피스,원피스,여성,벨트 언밸런스 미니 원피스,https://www.zara.com/kr/ko/%E1%84%87%E1%85%A6%E1%86%AF%E1%84%90%E1%85%B3-%E1%84%8B%E1%85%A5%E1%86%AB%E1%84%87%E1%85%A2%E1%86%AF%E1%84%85%E1%85%A5%E1%86%AB%E1%84%89%E1%85%B3-%E1%84%86%E1%85%B5%E1%84%82%E1%85%B5-%E1%84%8B%E1%85%AF%E1%86%AB%E1%84%91%E1%85%B5%E1%84%89%E1%85%B3-p03564058.html,https://static.zara.net/assets/public/d56f/2df3/70fc469cb3e4/09165a23be3b/03564058700-p/03564058700-p.jpg?ts=1769164204305,"₩79,900",,,260622,브라운,,,,
,false,,ZARA,원피스,원피스,여성,ZW 컬렉션 프린지 홀터넥 원피스,https://www.zara.com/kr/ko/zw-%E1%84%8F%E1%85%A5%E1%86%AF%E1%84%85%E1%85%A6%E1%86%A8%E1%84%89%E1%85%A7%E1%86%AB-%E1%84%91%E1%85%B3%E1%84%85%E1%85%B5%E1%86%AB%E1%84%8C%E1%85%B5-%E1%84%92%E1%85%A9%E1%86%AF%E1%84%90%E1%85%A5%E1%84%82%E1%85%A6%E1%86%A8-%E1%84%8B%E1%85%AF%E1%86%AB%E1%84%91%E1%85%B5%E1%84%89%E1%85%B3-p02141376.html,https://static.zara.net/assets/public/b384/06df/19ca490a9062/092a0e20bc1a/02141376800-000-p/02141376800-000-p.jpg?ts=1778687331876,"₩149,900",,,260622,블랙,,,,
,false,,ZARA,원피스,원피스,여성,ZW 컬렉션 새틴 홀터넥 원피스,https://www.zara.com/kr/ko/zw-%E1%84%8F%E1%85%A5%E1%86%AF%E1%84%85%E1%85%A6%E1%86%A8%E1%84%89%E1%85%A7%E1%86%AB-%E1%84%89%E1%85%A2%E1%84%90%E1%85%B5%E1%86%AB-%E1%84%92%E1%85%A9%E1%86%AF%E1%84%90%E1%85%A5%E1%84%82%E1%85%A6%E1%86%A8-%E1%84%8B%E1%85%AF%E1%86%AB%E1%84%91%E1%85%B5%E1%84%89%E1%85%B3-p02071987.html,https://static.zara.net/assets/public/65e7/4090/74304f4ebd32/2f4506b59012/02071987700-p/02071987700-p.jpg?ts=1778586798912,"₩89,900",,,260622,브라운,,,,
,false,,ZARA,원피스,원피스,여성,스케이터 스트럭처 원피스,https://www.zara.com/kr/ko/%E1%84%89%E1%85%B3%E1%84%8F%E1%85%A6%E1%84%8B%E1%85%B5%E1%84%90%E1%85%A5-%E1%84%89%E1%85%B3%E1%84%90%E1%85%B3%E1%84%85%E1%85%A5%E1%86%A8%E1%84%8E%E1%85%A5-%E1%84%8B%E1%85%AF%E1%86%AB%E1%84%91%E1%85%B5%E1%84%89%E1%85%B3-p05039180.html,https://static.zara.net/assets/public/6fdd/e571/bcb6417582d6/976da1537070/05039180084-p/05039180084-p.jpg?ts=1769086116462,"₩57,900",,,260622,"블랙,화이트",,,,
,false,,ZARA,원피스,원피스,여성,ZW 컬렉션 리미티드 에디션 스트럭처 미디 원피스,https://www.zara.com/kr/ko/zw-%E1%84%8F%E1%85%A5%E1%86%AF%E1%84%85%E1%85%A6%E1%86%A8%E1%84%89%E1%85%A7%E1%86%AB-%E1%84%85%E1%85%B5%E1%84%86%E1%85%B5%E1%84%90%E1%85%B5%E1%84%83%E1%85%B3-%E1%84%8B%E1%85%A6%E1%84%83%E1%85%B5%E1%84%89%E1%85%A7%E1%86%AB-%E1%84%89%E1%85%B3%E1%84%90%E1%85%B3%E1%84%85%E1%85%A5%E1%86%A8%E1%84%8E%E1%85%A5-%E1%84%86%E1%85%B5%E1%84%83%E1%85%B5-%E1%84%8B%E1%85%AF%E1%86%AB%E1%84%91%E1%85%B5%E1%84%89%E1%85%B3-p02563143.html,https://static.zara.net/assets/public/8a2b/ef4a/dab14697b11a/3ee5e9ac2d1a/02563143701-p/02563143701-p.jpg?ts=1776070085797,"₩169,900",,,260622,테라코타,,,,
,false,,ZARA,원피스,원피스,여성,ZW 컬렉션 LIMITED EDITION 루즈 프릴 원피스,https://www.zara.com/kr/ko/zw-%E1%84%8F%E1%85%A5%E1%86%AF%E1%84%85%E1%85%A6%E1%86%A8%E1%84%89%E1%85%A7%E1%86%AB-limited-edition-%E1%84%85%E1%85%AE%E1%84%8C%E1%85%B3%E1%84%91%E1%85%B5%E1%86%BA-%E1%84%91%E1%85%B3%E1%84%85%E1%85%B5%E1%86%AF-%E1%84%8B%E1%85%AF%E1%86%AB%E1%84%91%E1%85%B5%E1%84%89%E1%85%B3-p02417100.html,https://static.zara.net/assets/public/29ef/1c90/24c34e839e20/f9ce6adab6f8/02417100300-a11/02417100300-a11.jpg?ts=1776337559233,"₩149,900",,,260622,노랑,,,,
,false,,ZARA,원피스,원피스,여성,플로럴 패턴 벨트 원피스,https://www.zara.com/kr/ko/%E1%84%91%E1%85%B3%E1%86%AF%E1%84%85%E1%85%A9%E1%84%85%E1%85%A5%E1%86%AF-%E1%84%91%E1%85%A2%E1%84%90%E1%85%A5%E1%86%AB-%E1%84%87%E1%85%A6%E1%86%AF%E1%84%90%E1%85%B3-%E1%84%8B%E1%85%AF%E1%86%AB%E1%84%91%E1%85%B5%E1%84%89%E1%85%B3-p02298057.html,https://static.zara.net/assets/public/6729/6800/1eac41679b91/4dbd09ba7435/02298057330-p/02298057330-p.jpg?ts=1772190239583,"₩99,900",,,260622,멀티컬러,,,,
,false,,ZARA,원피스,원피스,여성,플리츠 미디 원피스,https://www.zara.com/kr/ko/%E1%84%91%E1%85%B3%E1%86%AF%E1%84%85%E1%85%B5%E1%84%8E%E1%85%B3-%E1%84%86%E1%85%B5%E1%84%83%E1%85%B5-%E1%84%8B%E1%85%AF%E1%86%AB%E1%84%91%E1%85%B5%E1%84%89%E1%85%B3-p00387053.html,https://static.zara.net/assets/public/72f7/27f3/d4fd40e289d0/d17c3ab07c01/00387053940-000-a2/00387053940-000-a2.jpg?ts=1772452398689,"₩79,900",,,260622,다크 자수색,,,,
,false,,ZARA,원피스,원피스,여성,페이크 레더 벨트 미니 원피스,https://www.zara.com/kr/ko/%E1%84%91%E1%85%A6%E1%84%8B%E1%85%B5%E1%84%8F%E1%85%B3-%E1%84%85%E1%85%A6%E1%84%83%E1%85%A5-%E1%84%87%E1%85%A6%E1%86%AF%E1%84%90%E1%85%B3-%E1%84%86%E1%85%B5%E1%84%82%E1%85%B5-%E1%84%8B%E1%85%AF%E1%86%AB%E1%84%91%E1%85%B5%E1%84%89%E1%85%B3-p02449732.html,https://static.zara.net/assets/public/8857/bcba/2952424698ce/28ab1d9bcfce/02449732400-p/02449732400-p.jpg?ts=1772191815774,"₩89,900",,,260622,블루,,,,
,false,,ZARA,원피스,원피스,여성,ZW 컬렉션 100% 라미 셔츠 원피스,https://www.zara.com/kr/ko/zw-%E1%84%8F%E1%85%A5%E1%86%AF%E1%84%85%E1%85%A6%E1%86%A8%E1%84%89%E1%85%A7%E1%86%AB-100-%E1%84%85%E1%85%A1%E1%84%86%E1%85%B5-%E1%84%89%E1%85%A7%E1%84%8E%E1%85%B3-%E1%84%8B%E1%85%AF%E1%86%AB%E1%84%91%E1%85%B5%E1%84%89%E1%85%B3-p02226003.html,https://static.zara.net/assets/public/4642/a239/04964b298473/0f422b8c0c79/02226003330-p/02226003330-p.jpg?ts=1780043290173,"₩169,900",,,260622,멀티컬러,,,,
,false,,ZARA,원피스,원피스,여성,ZW 컬렉션 데님 원피스,https://www.zara.com/kr/ko/zw-%E1%84%8F%E1%85%A5%E1%86%AF%E1%84%85%E1%85%A6%E1%86%A8%E1%84%89%E1%85%A7%E1%86%AB-%E1%84%83%E1%85%A6%E1%84%82%E1%85%B5%E1%86%B7-%E1%84%8B%E1%85%AF%E1%86%AB%E1%84%91%E1%85%B5%E1%84%89%E1%85%B3-p02183051.html,https://static.zara.net/assets/public/3f78/7c85/30054a569aaf/1c06819e6572/02183051407-a3/02183051407-a3.jpg?ts=1780043384453,"₩99,900",,,260622,블루,,,,
,false,,ZARA,원피스,원피스,여성,콘트라스트 파이핑 미니 원피스,https://www.zara.com/kr/ko/%E1%84%8F%E1%85%A9%E1%86%AB%E1%84%90%E1%85%B3%E1%84%85%E1%85%A1%E1%84%89%E1%85%B3%E1%84%90%E1%85%B3-%E1%84%91%E1%85%A1%E1%84%8B%E1%85%B5%E1%84%91%E1%85%B5%E1%86%BC-%E1%84%86%E1%85%B5%E1%84%82%E1%85%B5-%E1%84%8B%E1%85%AF%E1%86%AB%E1%84%91%E1%85%B5%E1%84%89%E1%85%B3-p02740111.html,https://static.zara.net/assets/public/5de6/de36/fe3443d49711/3034f5794f81/02740111251-p/02740111251-p.jpg?ts=1774609736427,"₩59,900",,,260622,스크래치 화이트,,,,
,false,,ZARA,원피스,원피스,여성,새틴 미니 스트랩 원피스,https://www.zara.com/kr/ko/%E1%84%89%E1%85%B3%E1%84%90%E1%85%B3%E1%84%85%E1%85%A2%E1%86%B8-%E1%84%86%E1%85%B5%E1%84%82%E1%85%B5-%E1%84%89%E1%85%A2%E1%84%90%E1%85%B5%E1%86%AB-%E1%84%8B%E1%85%AF%E1%86%AB%E1%84%91%E1%85%B5%E1%84%89%E1%85%B3-p02744332.html,https://static.zara.net/assets/public/3f60/52bc/9eca4e2bafb6/88814bcf3e1a/02744332800-p/02744332800-p.jpg?ts=1774609741237,"₩55,900",,,260622,블랙,,,,
,false,,ZARA,원피스,원피스,여성,ZW 컬렉션 홀터넥 원피스,https://www.zara.com/kr/ko/zw-%E1%84%8F%E1%85%A5%E1%86%AF%E1%84%85%E1%85%A6%E1%86%A8%E1%84%89%E1%85%A7%E1%86%AB-%E1%84%92%E1%85%A9%E1%86%AF%E1%84%90%E1%85%A5%E1%84%82%E1%85%A6%E1%86%A8-%E1%84%8B%E1%85%AF%E1%86%AB%E1%84%91%E1%85%B5%E1%84%89%E1%85%B3-p02206661.html,https://static.zara.net/assets/public/06ec/3217/5db64fcf9d67/5ea2b44e237d/02206661661-000-a2/02206661661-000-a2.jpg?ts=1780482293250,"₩89,900",,,260622,그레이 레드,,,,
,false,,ZARA,원피스,원피스,여성,ZW 컬렉션 토글 새틴 원피스,https://www.zara.com/kr/ko/zw-%E1%84%8F%E1%85%A5%E1%86%AF%E1%84%85%E1%85%A6%E1%86%A8%E1%84%89%E1%85%A7%E1%86%AB-%E1%84%90%E1%85%A9%E1%84%80%E1%85%B3%E1%86%AF-%E1%84%89%E1%85%A2%E1%84%90%E1%85%B5%E1%86%AB-%E1%84%8B%E1%85%AF%E1%86%AB%E1%84%91%E1%85%B5%E1%84%89%E1%85%B3-p02233110.html,https://static.zara.net/assets/public/78ef/1c7c/425e42f5ab07/d4f1a7a1b4ad/02233110982-a1/02233110982-a1.jpg?ts=1780387913215,"₩109,900",,,260622,워터 그린,,,,
,false,,ZARA,원피스,원피스,여성,스트라이프 홀터넥 원피스,https://www.zara.com/kr/ko/%E1%84%89%E1%85%B3%E1%84%90%E1%85%B3%E1%84%85%E1%85%A1%E1%84%8B%E1%85%B5%E1%84%91%E1%85%B3-%E1%84%92%E1%85%A9%E1%86%AF%E1%84%90%E1%85%A5%E1%84%82%E1%85%A6%E1%86%A8-%E1%84%8B%E1%85%AF%E1%86%AB%E1%84%91%E1%85%B5%E1%84%89%E1%85%B3-p03641385.html,https://static.zara.net/assets/public/1a85/837f/43394a688f39/91c2bbc1d4da/03641385104-p/03641385104-p.jpg?ts=1775068715767,"₩49,900",,,260622,스트라이프,,,,
,false,,ZARA,원피스,원피스,여성,나일론 스토퍼 미니 원피스,https://www.zara.com/kr/ko/%E1%84%82%E1%85%A1%E1%84%8B%E1%85%B5%E1%86%AF%E1%84%85%E1%85%A9%E1%86%AB-%E1%84%89%E1%85%B3%E1%84%90%E1%85%A9%E1%84%91%E1%85%A5-%E1%84%86%E1%85%B5%E1%84%82%E1%85%B5-%E1%84%8B%E1%85%AF%E1%86%AB%E1%84%91%E1%85%B5%E1%84%89%E1%85%B3-p02694157.html,https://static.zara.net/assets/public/f87d/a502/b0624c97a138/05e9d4036c4d/02694157460-p/02694157460-p.jpg?ts=1776080341134,"₩55,900",,,260622,네온 로즈핑크,,,,
,false,,ZARA,원피스,원피스,여성,언밸런스 스트랩 원피스,https://www.zara.com/kr/ko/%E1%84%8B%E1%85%A5%E1%86%AB%E1%84%87%E1%85%A2%E1%86%AF%E1%84%85%E1%85%A5%E1%86%AB%E1%84%89%E1%85%B3-%E1%84%89%E1%85%B3%E1%84%90%E1%85%B3%E1%84%85%E1%85%A2%E1%86%B8-%E1%84%8B%E1%85%AF%E1%86%AB%E1%84%91%E1%85%B5%E1%84%89%E1%85%B3-p03641392.html,https://static.zara.net/assets/public/5342/6c0e/8b2845328c06/a3b561beb7e5/03641392300-p/03641392300-p.jpg?ts=1773920696005,"₩45,900",,,260622,노랑,,,,
,false,,ZARA,원피스,원피스,여성,루즈핏 홀터넥 원피스,https://www.zara.com/kr/ko/%E1%84%92%E1%85%A9%E1%86%AF%E1%84%90%E1%85%A5%E1%84%82%E1%85%A6%E1%86%A8-%E1%84%85%E1%85%AE%E1%84%8C%E1%85%B3-%E1%84%8B%E1%85%AF%E1%86%AB%E1%84%91%E1%85%B5%E1%84%89%E1%85%B3-p06929089.html,https://static.zara.net/assets/public/a338/b2bb/caaa4bf7a2a5/4957a41eb370/06929089406-p/06929089406-p.jpg?ts=1773402444465,"₩59,900",,,260622,라이트 블루,,,,
,false,,ZARA,원피스,원피스,여성,지오젯 프릴 롱 원피스,https://www.zara.com/kr/ko/%E1%84%8C%E1%85%B5%E1%84%8B%E1%85%A9%E1%84%8C%E1%85%A6%E1%86%BA-%E1%84%91%E1%85%B3%E1%84%85%E1%85%B5%E1%86%AF-%E1%84%85%E1%85%A9%E1%86%BC-%E1%84%8B%E1%85%AF%E1%86%AB%E1%84%91%E1%85%B5%E1%84%89%E1%85%B3-p02488112.html,https://static.zara.net/assets/public/3903/2f9b/3c624fa6a3c7/fad3a5a1d819/02488112712-a3/02488112712-a3.jpg?ts=1778660889771,"₩129,900",,,260622,크림,,,,
,false,,ZARA,원피스,원피스,여성,100% 비스코스 비즈 자수 원피스,https://www.zara.com/kr/ko/%E1%84%87%E1%85%B5%E1%84%8C%E1%85%B3-%E1%84%8C%E1%85%A1%E1%84%89%E1%85%AE-100-%E1%84%87%E1%85%B5%E1%84%89%E1%85%B3%E1%84%8F%E1%85%A9%E1%84%89%E1%85%B3-%E1%84%8B%E1%85%AF%E1%86%AB%E1%84%91%E1%85%B5%E1%84%89%E1%85%B3-p05358101.html,https://static.zara.net/assets/public/efe6/38b2/5ff446438d30/404d7b2fb449/05358101700-p/05358101700-p.jpg?ts=1775731438711,"₩189,900",,,260622,브라운,,,,
,false,,ZARA,원피스,원피스,여성,자수 비즈 튤 콤비 원피스,https://www.zara.com/kr/ko/%E1%84%87%E1%85%B5%E1%84%8C%E1%85%B3-%E1%84%8C%E1%85%A1%E1%84%89%E1%85%AE-%E1%84%90%E1%85%B2%E1%86%AF-%E1%84%8F%E1%85%A9%E1%86%B7%E1%84%87%E1%85%B5-%E1%84%8B%E1%85%AF%E1%86%AB%E1%84%91%E1%85%B5%E1%84%89%E1%85%B3-p07521126.html,https://static.zara.net/assets/public/35cc/8213/5104425eab38/59304f0af0c7/07521126712-a2/07521126712-a2.jpg?ts=1775731449091,"₩169,900",,,260622,크림,,,,
,false,,ZARA,원피스,원피스,여성,레이스 미니 원피스,https://www.zara.com/kr/ko/%E1%84%85%E1%85%A6%E1%84%8B%E1%85%B5%E1%84%89%E1%85%B3-%E1%84%86%E1%85%B5%E1%84%82%E1%85%B5-%E1%84%8B%E1%85%AF%E1%86%AB%E1%84%91%E1%85%B5%E1%84%89%E1%85%B3-p01223718.html,https://static.zara.net/assets/public/c914/b47d/2e0d46b38317/50e61350b0e2/01223718400-p/01223718400-p.jpg?ts=1779444595269,"₩89,900",,,260622,블루,,,,
,false,,ZARA,원피스,원피스,여성,ZW 컬렉션 언밸런스 미디 원피스,https://www.zara.com/kr/ko/zw-%E1%84%8F%E1%85%A5%E1%86%AF%E1%84%85%E1%85%A6%E1%86%A8%E1%84%89%E1%85%A7%E1%86%AB-%E1%84%8B%E1%85%A5%E1%86%AB%E1%84%87%E1%85%A2%E1%86%AF%E1%84%85%E1%85%A5%E1%86%AB%E1%84%89%E1%85%B3-%E1%84%86%E1%85%B5%E1%84%83%E1%85%B5-%E1%84%8B%E1%85%AF%E1%86%AB%E1%84%91%E1%85%B5%E1%84%89%E1%85%B3-p02070531.html,https://static.zara.net/assets/public/8129/ac51/260e45cb9594/2f05e521c17a/02070531800-p/02070531800-p.jpg?ts=1772191098483,"₩109,900",,,260622,블랙,,,,
,false,,ZARA,원피스,원피스,여성,ZW 컬렉션 컷아웃 원피스,https://www.zara.com/kr/ko/zw-%E1%84%8F%E1%85%A5%E1%86%AF%E1%84%85%E1%85%A6%E1%86%A8%E1%84%89%E1%85%A7%E1%86%AB-%E1%84%8F%E1%85%A5%E1%86%BA%E1%84%8B%E1%85%A1%E1%84%8B%E1%85%AE%E1%86%BA-%E1%84%8B%E1%85%AF%E1%86%AB%E1%84%91%E1%85%B5%E1%84%89%E1%85%B3-p02078123.html,https://static.zara.net/assets/public/4a95/22bd/4b874d2d9ea0/447b79db47dc/02078123800-p/02078123800-p.jpg?ts=1772191225054,"₩89,900",,,260622,블랙,,,,
,false,,ZARA,원피스,원피스,여성,크로스 미니 원피스,https://www.zara.com/kr/ko/%E1%84%8F%E1%85%B3%E1%84%85%E1%85%A9%E1%84%89%E1%85%B3-%E1%84%86%E1%85%B5%E1%84%82%E1%85%B5-%E1%84%8B%E1%85%AF%E1%86%AB%E1%84%91%E1%85%B5%E1%84%89%E1%85%B3-p02426568.html,https://static.zara.net/assets/public/3b03/7774/4a034a83affa/ce8f8e25fea9/02426568700-1-a3/02426568700-1-a3.jpg?ts=1770219745583,"₩89,900",,,260622,브라운,,,,
,false,,ZARA,원피스,원피스,여성,100% 스웨이드 레더 미니 원피스,https://www.zara.com/kr/ko/100-%E1%84%89%E1%85%B3%E1%84%8B%E1%85%B0%E1%84%8B%E1%85%B5%E1%84%83%E1%85%B3-%E1%84%85%E1%85%A6%E1%84%83%E1%85%A5-%E1%84%86%E1%85%B5%E1%84%82%E1%85%B5-%E1%84%8B%E1%85%AF%E1%86%AB%E1%84%91%E1%85%B5%E1%84%89%E1%85%B3-p03046092.html,https://static.zara.net/assets/public/caa1/41e2/13e94c85b87b/8a02d2c12948/03046092681-p/03046092681-p.jpg?ts=1770241696554,"₩209,900",,,260622,버건디,,,,
,false,,ZARA,원피스,원피스,여성,코르셋 볼륨 원피스,https://www.zara.com/kr/ko/%E1%84%87%E1%85%A9%E1%86%AF%E1%84%85%E1%85%B2%E1%86%B7-%E1%84%8F%E1%85%A9%E1%84%85%E1%85%B3%E1%84%89%E1%85%A6%E1%86%BA-%E1%84%8B%E1%85%AF%E1%86%AB%E1%84%91%E1%85%B5%E1%84%89%E1%85%B3-p01131324.html,https://static.zara.net/assets/public/a181/be64/cc914f579b95/2639a32c0d6b/01131324510-p/01131324510-p.jpg?ts=1776850277420,"₩89,900",,,260622,라임 그린,,,,
,false,,ZARA,원피스,원피스,여성,콤비 도트 미니 원피스,https://www.zara.com/kr/ko/%E1%84%8F%E1%85%A9%E1%86%B7%E1%84%87%E1%85%B5-%E1%84%83%E1%85%A9%E1%84%90%E1%85%B3-%E1%84%86%E1%85%B5%E1%84%82%E1%85%B5-%E1%84%8B%E1%85%AF%E1%86%AB%E1%84%91%E1%85%B5%E1%84%89%E1%85%B3-p03152379.html,https://static.zara.net/assets/public/fd05/bfb7/b10444728907/391ea51e3b82/03152379084-p/03152379084-p.jpg?ts=1776064885323,"₩55,900",,,260622,"블랙,화이트",,,,
,false,,ZARA,원피스,원피스,여성,인터록 미니 원피스,https://www.zara.com/kr/ko/%E1%84%8B%E1%85%B5%E1%86%AB%E1%84%90%E1%85%A5%E1%84%85%E1%85%A9%E1%86%A8-%E1%84%86%E1%85%B5%E1%84%82%E1%85%B5-%E1%84%8B%E1%85%AF%E1%86%AB%E1%84%91%E1%85%B5%E1%84%89%E1%85%B3-p02335162.html,https://static.zara.net/assets/public/42aa/7de4/4a394764a154/c7fac0fb90d3/02335162717-p/02335162717-p.jpg?ts=1769767891927,"₩49,900",,,260622,초콜렛,,,,
,false,,ZARA,원피스,원피스,여성,린넨 홀터넥 미디 원피스,https://www.zara.com/kr/ko/%E1%84%85%E1%85%B5%E1%86%AB%E1%84%82%E1%85%A6%E1%86%AB-%E1%84%92%E1%85%A9%E1%86%AF%E1%84%90%E1%85%A5%E1%84%82%E1%85%A6%E1%86%A8-%E1%84%86%E1%85%B5%E1%84%83%E1%85%B5-%E1%84%8B%E1%85%AF%E1%86%AB%E1%84%91%E1%85%B5%E1%84%89%E1%85%B3-p02351712.html,https://static.zara.net/assets/public/2df0/42e7/08944a71bc61/7ce8b8cd0058/02351712600-p/02351712600-p.jpg?ts=1776167571893,"₩89,900",,,260622,레드,,,,
,false,,ZARA,원피스,원피스,여성,ZW 컬렉션 프린트 숏 원피스,https://www.zara.com/kr/ko/zw-%E1%84%8F%E1%85%A5%E1%86%AF%E1%84%85%E1%85%A6%E1%86%A8%E1%84%89%E1%85%A7%E1%86%AB-%E1%84%91%E1%85%B3%E1%84%85%E1%85%B5%E1%86%AB%E1%84%90%E1%85%B3-%E1%84%89%E1%85%AD%E1%86%BA-%E1%84%8B%E1%85%AF%E1%86%AB%E1%84%91%E1%85%B5%E1%84%89%E1%85%B3-p02104088.html,https://static.zara.net/assets/public/5685/21be/0bec483f80ba/db690fc21afe/02104088330-p/02104088330-p.jpg?ts=1774279815856,"₩109,900",,,260622,멀티컬러,,,,
,false,,ZARA,원피스,원피스,여성,벌룬 슬리브 립 니트 미니 원피스,https://www.zara.com/kr/ko/%E1%84%87%E1%85%A5%E1%86%AF%E1%84%85%E1%85%AE%E1%86%AB-%E1%84%89%E1%85%B3%E1%86%AF%E1%84%85%E1%85%B5%E1%84%87%E1%85%B3-%E1%84%85%E1%85%B5%E1%86%B8-%E1%84%82%E1%85%B5%E1%84%90%E1%85%B3-%E1%84%86%E1%85%B5%E1%84%82%E1%85%B5-%E1%84%8B%E1%85%AF%E1%86%AB%E1%84%91%E1%85%B5%E1%84%89%E1%85%B3-p00014002.html,https://static.zara.net/assets/public/b0a5/6f76/2b6a4b9bb661/7978042be56b/00014002712-p/00014002712-p.jpg?ts=1770803354836,"₩59,900",,,260622,크림,,,,
,false,,ZARA,원피스,원피스,여성,글리터 레이스 홀터넥 원피스,https://www.zara.com/kr/ko/%E1%84%80%E1%85%B3%E1%86%AF%E1%84%85%E1%85%B5%E1%84%90%E1%85%A5-%E1%84%85%E1%85%A6%E1%84%8B%E1%85%B5%E1%84%89%E1%85%B3-%E1%84%92%E1%85%A9%E1%86%AF%E1%84%90%E1%85%A5%E1%84%82%E1%85%A6%E1%86%A8-%E1%84%8B%E1%85%AF%E1%86%AB%E1%84%91%E1%85%B5%E1%84%89%E1%85%B3-p04813300.html,https://static.zara.net/assets/public/6a90/e469/90ec41a1a93c/bc3ffa9697fa/04813300717-p/04813300717-p.jpg?ts=1769621211909,"₩59,900",,,260622,초콜렛,,,,
,false,,ZARA,원피스,원피스,여성,새틴 레이스 콤비 미니 원피스,https://www.zara.com/kr/ko/%E1%84%89%E1%85%A2%E1%84%90%E1%85%B5%E1%86%AB-%E1%84%85%E1%85%A6%E1%84%8B%E1%85%B5%E1%84%89%E1%85%B3-%E1%84%8F%E1%85%A9%E1%86%B7%E1%84%87%E1%85%B5-%E1%84%86%E1%85%B5%E1%84%82%E1%85%B5-%E1%84%8B%E1%85%AF%E1%86%AB%E1%84%91%E1%85%B5%E1%84%89%E1%85%B3-p05029052.html,https://static.zara.net/assets/public/5ec4/f5e5/b97b49388bea/1f7f2eb1b6af/05029052401-1-p/05029052401-1-p.jpg?ts=1764866899399,"₩79,900",,,260622,네이비,,,,
,false,,ZARA,원피스,원피스,여성,새틴 레이스 콤비 미니 원피스,https://www.zara.com/kr/ko/%E1%84%89%E1%85%A2%E1%84%90%E1%85%B5%E1%86%AB-%E1%84%85%E1%85%A6%E1%84%8B%E1%85%B5%E1%84%89%E1%85%B3-%E1%84%8F%E1%85%A9%E1%86%B7%E1%84%87%E1%85%B5-%E1%84%86%E1%85%B5%E1%84%82%E1%85%B5-%E1%84%8B%E1%85%AF%E1%86%AB%E1%84%91%E1%85%B5%E1%84%89%E1%85%B3-p05029052.html,https://static.zara.net/assets/public/057f/e929/fdf04e66bb8b/4ff6a50bb9d0/05029052401-p/05029052401-p.jpg?ts=1764689505048,"₩79,900",,,260622,네이비,,,,
,false,,ZARA,원피스,원피스,여성,ZW 컬렉션 롱 자수 원피스,https://www.zara.com/kr/ko/zw-%E1%84%8F%E1%85%A5%E1%86%AF%E1%84%85%E1%85%A6%E1%86%A8%E1%84%89%E1%85%A7%E1%86%AB-%E1%84%85%E1%85%A9%E1%86%BC-%E1%84%8C%E1%85%A1%E1%84%89%E1%85%AE-%E1%84%8B%E1%85%AF%E1%86%AB%E1%84%91%E1%85%B5%E1%84%89%E1%85%B3-p02903044.html,https://static.zara.net/assets/public/de67/5180/69b64befb104/f93bd2976d56/02903044807-a6/02903044807-a6.jpg?ts=1773334349871,"₩149,900",,,260622,콜 그레이,,,,
,false,,ZARA,원피스,원피스,여성,ZW 컬렉션 새틴 홀터넥 원피스,https://www.zara.com/kr/ko/zw-%E1%84%8F%E1%85%A5%E1%86%AF%E1%84%85%E1%85%A6%E1%86%A8%E1%84%89%E1%85%A7%E1%86%AB-%E1%84%89%E1%85%A2%E1%84%90%E1%85%B5%E1%86%AB-%E1%84%92%E1%85%A9%E1%86%AF%E1%84%90%E1%85%A5%E1%84%82%E1%85%A6%E1%86%A8-%E1%84%8B%E1%85%AF%E1%86%AB%E1%84%91%E1%85%B5%E1%84%89%E1%85%B3-p02067934.html,https://static.zara.net/assets/public/a23d/c498/04964d1c8473/46f03c4ef4bf/02067934800-p/02067934800-p.jpg?ts=1773392135204,"₩109,900",,,260622,블랙,,,,
,false,,ZARA,원피스,원피스,여성,스트링 미디 원피스,https://www.zara.com/kr/ko/%E1%84%89%E1%85%B3%E1%84%90%E1%85%B3%E1%84%85%E1%85%B5%E1%86%BC-%E1%84%86%E1%85%B5%E1%84%83%E1%85%B5-%E1%84%8B%E1%85%AF%E1%86%AB%E1%84%91%E1%85%B5%E1%84%89%E1%85%B3-p02901184.html,https://static.zara.net/assets/public/4568/d88b/26e24beebf29/24db1314683d/02901184629-p/02901184629-p.jpg?ts=1778853298261,"₩79,900",,,260622,라일락,,,,
,false,,ZARA,원피스,원피스,여성,자수 거즈 미니 원피스,https://www.zara.com/kr/ko/%E1%84%8C%E1%85%A1%E1%84%89%E1%85%AE-%E1%84%80%E1%85%A5%E1%84%8C%E1%85%B3-%E1%84%86%E1%85%B5%E1%84%82%E1%85%B5-%E1%84%8B%E1%85%AF%E1%86%AB%E1%84%91%E1%85%B5%E1%84%89%E1%85%B3-p00881316.html,https://static.zara.net/assets/public/7407/faef/2fa3419fa164/df1001207147/00881316250-p/00881316250-p.jpg?ts=1776094451652,"₩79,900",,,260622,화이트,,,,
,false,,ZARA,원피스,원피스,여성,퀼 레이스 미니 원피스,https://www.zara.com/kr/ko/%E1%84%8F%E1%85%B1%E1%86%AF-%E1%84%85%E1%85%A6%E1%84%8B%E1%85%B5%E1%84%89%E1%85%B3-%E1%84%86%E1%85%B5%E1%84%82%E1%85%B5-%E1%84%8B%E1%85%AF%E1%86%AB%E1%84%91%E1%85%B5%E1%84%89%E1%85%B3-p00881310.html,https://static.zara.net/assets/public/d184/0038/e9f6462dacf2/b7e181abd99f/00881310251-p/00881310251-p.jpg?ts=1776181904776,"₩79,900",,,260622,스크래치 화이트,,,,
,false,,ZARA,원피스,원피스,여성,언밸런스 미니 원피스,https://www.zara.com/kr/ko/%E1%84%8B%E1%85%A5%E1%86%AB%E1%84%87%E1%85%A2%E1%86%AF%E1%84%85%E1%85%A5%E1%86%AB%E1%84%89%E1%85%B3-%E1%84%86%E1%85%B5%E1%84%82%E1%85%B5-%E1%84%8B%E1%85%AF%E1%86%AB%E1%84%91%E1%85%B5%E1%84%89%E1%85%B3-p05580003.html,https://static.zara.net/assets/public/eaaf/c803/75834354b306/2a5d70d24852/05580003898-p/05580003898-p.jpg?ts=1770227622580,"₩55,900",,,260622,다크 앤트러사이트 그레이,,,,
,false,,ZARA,원피스,원피스,여성,반소매 롱 원피스,https://www.zara.com/kr/ko/%E1%84%87%E1%85%A1%E1%86%AB%E1%84%89%E1%85%A9%E1%84%86%E1%85%A2-%E1%84%85%E1%85%A9%E1%86%BC-%E1%84%8B%E1%85%AF%E1%86%AB%E1%84%91%E1%85%B5%E1%84%89%E1%85%B3-p01198013.html,https://static.zara.net/assets/public/b136/5c2c/94cb43bd8aed/f58656deb932/01198013700-p/01198013700-p.jpg?ts=1772715196325,"₩45,900",,,260622,브라운,,,,
,false,,ZARA,원피스,원피스,여성,반소매 롱 원피스,https://www.zara.com/kr/ko/%E1%84%87%E1%85%A1%E1%86%AB%E1%84%89%E1%85%A9%E1%84%86%E1%85%A2-%E1%84%85%E1%85%A9%E1%86%BC-%E1%84%8B%E1%85%AF%E1%86%AB%E1%84%91%E1%85%B5%E1%84%89%E1%85%B3-p01198013.html,https://static.zara.net/assets/public/5f1f/850c/39d9472bb369/4bd474f75778/01198013615-p/01198013615-p.jpg?ts=1772715179237,"₩45,900",,,260622,오렌지,,,,
,false,,ZARA,원피스,원피스,여성,ZW 컬렉션 LIMITED EDITION 루즈 프릴 원피스,https://www.zara.com/kr/ko/zw-%E1%84%8F%E1%85%A5%E1%86%AF%E1%84%85%E1%85%A6%E1%86%A8%E1%84%89%E1%85%A7%E1%86%AB-limited-edition-%E1%84%85%E1%85%AE%E1%84%8C%E1%85%B3%E1%84%91%E1%85%B5%E1%86%BA-%E1%84%91%E1%85%B3%E1%84%85%E1%85%B5%E1%86%AF-%E1%84%8B%E1%85%AF%E1%86%AB%E1%84%91%E1%85%B5%E1%84%89%E1%85%B3-p02417100.html,https://static.zara.net/assets/public/809a/3d48/a7fe44108c16/d8876abfd093/02417100300-p/02417100300-p.jpg?ts=1778767969320,"₩149,900",,,260622,노랑,,,,
,false,,ZARA,원피스,원피스,여성,새틴 미니 원피스,https://www.zara.com/kr/ko/%E1%84%89%E1%85%A2%E1%84%90%E1%85%B5%E1%86%AB-%E1%84%86%E1%85%B5%E1%84%82%E1%85%B5-%E1%84%8B%E1%85%AF%E1%86%AB%E1%84%91%E1%85%B5%E1%84%89%E1%85%B3-p03897152.html,https://static.zara.net/assets/public/5e42/1712/e7f9471c8585/3e39f9119362/03897152800-a2/03897152800-a2.jpg?ts=1780476022130,"₩59,900",,,260622,블랙,,,,
,false,,ZARA,원피스,원피스,여성,새틴 레이스 미니 원피스,https://www.zara.com/kr/ko/%E1%84%89%E1%85%A2%E1%84%90%E1%85%B5%E1%86%AB-%E1%84%85%E1%85%A6%E1%84%8B%E1%85%B5%E1%84%89%E1%85%B3-%E1%84%86%E1%85%B5%E1%84%82%E1%85%B5-%E1%84%8B%E1%85%AF%E1%86%AB%E1%84%91%E1%85%B5%E1%84%89%E1%85%B3-p05919123.html,https://static.zara.net/assets/public/97bb/ac5f/089645cfbf14/a2e1e1c00441/05919123832-p/05919123832-p.jpg?ts=1774003342069,"₩109,900",,,260622,토프 그레이,,,,
,false,,ZARA,원피스,원피스,여성,100% 비스코스 레이스 롱 원피스,https://www.zara.com/kr/ko/100-%E1%84%87%E1%85%B5%E1%84%89%E1%85%B3%E1%84%8F%E1%85%A9%E1%84%89%E1%85%B3-%E1%84%85%E1%85%A6%E1%84%8B%E1%85%B5%E1%84%89%E1%85%B3-%E1%84%85%E1%85%A9%E1%86%BC-%E1%84%8B%E1%85%AF%E1%86%AB%E1%84%91%E1%85%B5%E1%84%89%E1%85%B3-p05344117.html,https://static.zara.net/assets/public/c162/e0ce/13474956a462/c9402d406309/05344117802-p/05344117802-p.jpg?ts=1774003337885,"₩169,900",,,260622,그레이,,,,
,false,,ZARA,원피스,원피스,여성,케이프 스커트 미디 원피스,https://www.zara.com/kr/ko/%E1%84%8F%E1%85%A6%E1%84%8B%E1%85%B5%E1%84%91%E1%85%B3-%E1%84%89%E1%85%B3%E1%84%8F%E1%85%A5%E1%84%90%E1%85%B3-%E1%84%86%E1%85%B5%E1%84%83%E1%85%B5-%E1%84%8B%E1%85%AF%E1%86%AB%E1%84%91%E1%85%B5%E1%84%89%E1%85%B3-p02723776.html,https://static.zara.net/assets/public/5c9e/722e/60b44cb58da7/f42b3aca52e9/02723776400-p/02723776400-p.jpg?ts=1777478780297,"₩79,900",,,260622,블루,,,,
,false,,ZARA,원피스,원피스,여성,ZW 컬렉션 시퀸 숏 원피스,https://www.zara.com/kr/ko/zw-%E1%84%8F%E1%85%A5%E1%86%AF%E1%84%85%E1%85%A6%E1%86%A8%E1%84%89%E1%85%A7%E1%86%AB-%E1%84%89%E1%85%B5%E1%84%8F%E1%85%B1%E1%86%AB-%E1%84%89%E1%85%AD%E1%86%BA-%E1%84%8B%E1%85%AF%E1%86%AB%E1%84%91%E1%85%B5%E1%84%89%E1%85%B3-p01067202.html,https://static.zara.net/assets/public/5241/5caf/b26445a99812/4c91e0cd40a0/01067202303-a3/01067202303-a3.jpg?ts=1780387836725,"₩89,900",,,260622,골드,,,,
,false,,ZARA,원피스,원피스,여성,ZW 컬렉션 LIMITED EDITION 프린지 롱 원피스,https://www.zara.com/kr/ko/zw-%E1%84%8F%E1%85%A5%E1%86%AF%E1%84%85%E1%85%A6%E1%86%A8%E1%84%89%E1%85%A7%E1%86%AB-limited-edition-%E1%84%91%E1%85%B3%E1%84%85%E1%85%B5%E1%86%AB%E1%84%8C%E1%85%B5-%E1%84%85%E1%85%A9%E1%86%BC-%E1%84%8B%E1%85%AF%E1%86%AB%E1%84%91%E1%85%B5%E1%84%89%E1%85%B3-p05919240.html,https://static.zara.net/assets/public/c9cb/4f10/03c246f98c92/138bd33b5b47/05919240800-a4/05919240800-a4.jpg?ts=1780646279099,"₩209,900",,,260622,블랙,,,,
,false,,ZARA,원피스,원피스,여성,새틴 셔링 미니 원피스,https://www.zara.com/kr/ko/%E1%84%89%E1%85%A2%E1%84%90%E1%85%B5%E1%86%AB-%E1%84%89%E1%85%A7%E1%84%85%E1%85%B5%E1%86%BC-%E1%84%86%E1%85%B5%E1%84%82%E1%85%B5-%E1%84%8B%E1%85%AF%E1%86%AB%E1%84%91%E1%85%B5%E1%84%89%E1%85%B3-p02772341.html,https://static.zara.net/assets/public/e1d9/2bbb/7d154377824a/b132a52bb6d1/02772341251-p/02772341251-p.jpg?ts=1777562157830,"₩55,900",,,260622,스크래치 화이트,,,,
,false,,ZARA,원피스,원피스,여성,새틴 토글 미니 원피스,https://www.zara.com/kr/ko/%E1%84%90%E1%85%A9%E1%84%80%E1%85%B3%E1%86%AF-%E1%84%89%E1%85%A2%E1%84%90%E1%85%B5%E1%86%AB-%E1%84%86%E1%85%B5%E1%84%82%E1%85%B5-%E1%84%8B%E1%85%AF%E1%86%AB%E1%84%91%E1%85%B5%E1%84%89%E1%85%B3-p02767301.html,https://static.zara.net/assets/public/abe9/e451/16ae460d9751/34c2aa6832af/02767301251-p/02767301251-p.jpg?ts=1777544238048,"₩79,900",,,260622,스크래치 화이트,,,,
,false,,ZARA,원피스,원피스,여성,스트럭처 미니 원피스,https://www.zara.com/kr/ko/%E1%84%89%E1%85%B3%E1%84%90%E1%85%B3%E1%84%85%E1%85%A5%E1%86%A8%E1%84%8E%E1%85%A5-%E1%84%86%E1%85%B5%E1%84%82%E1%85%B5-%E1%84%8B%E1%85%AF%E1%86%AB%E1%84%91%E1%85%B5%E1%84%89%E1%85%B3-p03897128.html,https://static.zara.net/assets/public/5f61/428b/07204cf3a1bb/216c94ef7e1f/03897128252-h3/03897128252-h3.jpg?ts=1780476020669,"₩79,900",,,260622,"화이트,로즈핑크",,,,
,false,,ZARA,원피스,원피스,여성,도트 홀터넥 미디 원피스,https://www.zara.com/kr/ko/%E1%84%83%E1%85%A9%E1%84%90%E1%85%B3-%E1%84%92%E1%85%A9%E1%86%AF%E1%84%90%E1%85%A5%E1%84%82%E1%85%A6%E1%86%A8-%E1%84%86%E1%85%B5%E1%84%83%E1%85%B5-%E1%84%8B%E1%85%AF%E1%86%AB%E1%84%91%E1%85%B5%E1%84%89%E1%85%B3-p05029263.html,https://static.zara.net/assets/public/714f/bfbd/14904c38906a/64fe6cb7eaf1/05029263061-a6/05029263061-a6.jpg?ts=1780476104645,"₩89,900",,,260622,"화이트,레드",,,,
,false,,ZARA,원피스,원피스,여성,비즈 장식 새틴 미디 원피스,https://www.zara.com/kr/ko/%E1%84%87%E1%85%B5%E1%84%8C%E1%85%B3-%E1%84%8C%E1%85%A1%E1%86%BC%E1%84%89%E1%85%B5%E1%86%A8-%E1%84%89%E1%85%A2%E1%84%90%E1%85%B5%E1%86%AB-%E1%84%86%E1%85%B5%E1%84%83%E1%85%B5-%E1%84%8B%E1%85%AF%E1%86%AB%E1%84%91%E1%85%B5%E1%84%89%E1%85%B3-p03293061.html,https://static.zara.net/assets/public/cae9/a517/c97b4b74ac3d/64915862501b/03293061624-a5/03293061624-a5.jpg?ts=1780476093316,"₩59,900",,,260622,스트로베리,,,,
,false,,ZARA,원피스,원피스,여성,ZW 컬렉션 드레이프 미디 원피스,https://www.zara.com/kr/ko/zw-%E1%84%8F%E1%85%A5%E1%86%AF%E1%84%85%E1%85%A6%E1%86%A8%E1%84%89%E1%85%A7%E1%86%AB-%E1%84%83%E1%85%B3%E1%84%85%E1%85%A6%E1%84%8B%E1%85%B5%E1%84%91%E1%85%B3-%E1%84%86%E1%85%B5%E1%84%83%E1%85%B5-%E1%84%8B%E1%85%AF%E1%86%AB%E1%84%91%E1%85%B5%E1%84%89%E1%85%B3-p02100828.html,https://static.zara.net/assets/public/4244/c110/44354cb09e49/197aa742b442/02100828715-a3/02100828715-a3.jpg?ts=1772470725040,"₩89,900",,,260622,미디움 크림,,,,
,false,,ZARA,원피스,원피스,여성,폴리아미드 지퍼 미니 원피스,https://www.zara.com/kr/ko/%E1%84%91%E1%85%A9%E1%86%AF%E1%84%85%E1%85%B5%E1%84%8B%E1%85%A1%E1%84%86%E1%85%B5%E1%84%83%E1%85%B3-%E1%84%8C%E1%85%B5%E1%84%91%E1%85%A5-%E1%84%86%E1%85%B5%E1%84%82%E1%85%B5-%E1%84%8B%E1%85%AF%E1%86%AB%E1%84%91%E1%85%B5%E1%84%89%E1%85%B3-p01355119.html,https://static.zara.net/assets/public/62c7/8464/2fc349e8ad09/eb07b5a03663/01355119800-p/01355119800-p.jpg?ts=1770381426254,"₩59,900",,,260622,블랙,,,,
,false,,ZARA,원피스,원피스,여성,TRF 숏 데님 원피스,https://www.zara.com/kr/ko/trf-%E1%84%83%E1%85%A6%E1%84%82%E1%85%B5%E1%86%B7-%E1%84%86%E1%85%B5%E1%84%82%E1%85%B5-%E1%84%8B%E1%85%AF%E1%86%AB%E1%84%91%E1%85%B5%E1%84%89%E1%85%B3-p06929086.html,https://static.zara.net/assets/public/54f1/7157/47a646e1aa5a/ee48021ab467/06929086443-p/06929086443-p.jpg?ts=1769708181149,"₩55,900",,,260622,다크 인디고,,,,
,false,,ZARA,원피스,원피스,여성,포켓 트렌치 원피스,https://www.zara.com/kr/ko/%E1%84%91%E1%85%A9%E1%84%8F%E1%85%A6%E1%86%BA-%E1%84%90%E1%85%B3%E1%84%85%E1%85%A6%E1%86%AB%E1%84%8E%E1%85%B5-%E1%84%8B%E1%85%AF%E1%86%AB%E1%84%91%E1%85%B5%E1%84%89%E1%85%B3-p03067321.html,https://static.zara.net/assets/public/eeef/0ab6/3b734993b530/04c78d0524bd/03067321507-p/03067321507-p.jpg?ts=1769708157347,"₩59,900",,,260622,다크 카키,,,,
,false,,ZARA,원피스,원피스,여성,시퀸 콤비 미니 원피스,https://www.zara.com/kr/ko/%E1%84%8F%E1%85%A9%E1%86%B7%E1%84%87%E1%85%B5-%E1%84%89%E1%85%B5%E1%84%8F%E1%85%B1%E1%86%AB-%E1%84%86%E1%85%B5%E1%84%82%E1%85%B5-%E1%84%8B%E1%85%AF%E1%86%AB%E1%84%91%E1%85%B5%E1%84%89%E1%85%B3-p02157023.html,https://static.zara.net/assets/public/9887/8295/b38a4e2796c6/6c4f6ba6e971/02157023700-a3/02157023700-a3.jpg?ts=1778581330883,"₩89,900",,,260622,브라운,,,,
,false,,ZARA,원피스,오버롤,여성,와이드 슬리브 트리밍 미니 점프수트,https://www.zara.com/kr/ko/%E1%84%8B%E1%85%AA%E1%84%8B%E1%85%B5%E1%84%83%E1%85%B3-%E1%84%89%E1%85%B3%E1%86%AF%E1%84%85%E1%85%B5%E1%84%87%E1%85%B3-%E1%84%90%E1%85%B3%E1%84%85%E1%85%B5%E1%84%86%E1%85%B5%E1%86%BC-%E1%84%86%E1%85%B5%E1%84%82%E1%85%B5-%E1%84%8C%E1%85%A5%E1%86%B7%E1%84%91%E1%85%B3%E1%84%89%E1%85%AE%E1%84%90%E1%85%B3-p03897126.html,https://static.zara.net/assets/public/7e94/1308/94d24a4ea052/91621ffc56e9/03897126940-p/03897126940-p.jpg?ts=1779452144741,"₩79,900",,,260622,다크 자수색,,,,
,false,,ZARA,원피스,오버롤,여성,비대칭 새틴 점프수트,https://www.zara.com/kr/ko/%E1%84%89%E1%85%A2%E1%84%90%E1%85%B5%E1%86%AB-%E1%84%87%E1%85%B5%E1%84%83%E1%85%A2%E1%84%8E%E1%85%B5%E1%86%BC-%E1%84%8C%E1%85%A5%E1%86%B7%E1%84%91%E1%85%B3%E1%84%89%E1%85%AE%E1%84%90%E1%85%B3-p03078399.html,https://static.zara.net/assets/public/c375/f473/48204a9f9e6c/4e28cb399b11/03078399630-p/03078399630-p.jpg?ts=1779452098606,"₩99,900",,,260622,자주색,,,,
,false,,ZARA,원피스,원피스,여성,사이드 새시 원피스,https://www.zara.com/kr/ko/%E1%84%89%E1%85%A1%E1%84%8B%E1%85%B5%E1%84%83%E1%85%B3-%E1%84%89%E1%85%A2%E1%84%89%E1%85%B5-%E1%84%8B%E1%85%AF%E1%86%AB%E1%84%91%E1%85%B5%E1%84%89%E1%85%B3-p05039242.html,https://static.zara.net/assets/public/8058/f414/2244428db9af/dfc814f1b5e2/05039242510-p/05039242510-p.jpg?ts=1771581392248,"₩89,900",,,260622,라임 그린,,,,
,false,,ZARA,원피스,원피스,여성,벌룬 홀터넥 원피스,https://www.zara.com/kr/ko/%E1%84%87%E1%85%A5%E1%86%AF%E1%84%85%E1%85%AE%E1%86%AB-%E1%84%92%E1%85%A9%E1%86%AF%E1%84%90%E1%85%A5%E1%84%82%E1%85%A6%E1%86%A8-%E1%84%8B%E1%85%AF%E1%86%AB%E1%84%91%E1%85%B5%E1%84%89%E1%85%B3-p05039244.html,https://static.zara.net/assets/public/6984/7b1b/73e040bfab34/9d50e4eab4ab/05039244700-p/05039244700-p.jpg?ts=1771581399156,"₩89,900",,,260622,브라운,,,,
,false,,ZARA,원피스,원피스,여성,플라워 드레이프 미디 원피스,https://www.zara.com/kr/ko/%E1%84%91%E1%85%B3%E1%86%AF%E1%84%85%E1%85%A1%E1%84%8B%E1%85%AF-%E1%84%83%E1%85%B3%E1%84%85%E1%85%A6%E1%84%8B%E1%85%B5%E1%84%91%E1%85%B3-%E1%84%86%E1%85%B5%E1%84%83%E1%85%B5-%E1%84%8B%E1%85%AF%E1%86%AB%E1%84%91%E1%85%B5%E1%84%89%E1%85%B3-p02720100.html,https://static.zara.net/assets/public/b5aa/20ea/871b4dfaafc2/84387aff463c/02720100050-p/02720100050-p.jpg?ts=1778767969398,"₩79,900",,,260622,단색,,,,
,false,,ZARA,원피스,원피스,여성,셔링 새틴 롱 원피스,https://www.zara.com/kr/ko/%E1%84%89%E1%85%A7%E1%84%85%E1%85%B5%E1%86%BC-%E1%84%89%E1%85%A2%E1%84%90%E1%85%B5%E1%86%AB-%E1%84%85%E1%85%A9%E1%86%BC-%E1%84%8B%E1%85%AF%E1%86%AB%E1%84%91%E1%85%B5%E1%84%89%E1%85%B3-p04772335.html,https://static.zara.net/assets/public/a36f/59c0/3ea5431abe98/7cba24a099f6/03067380800-p/03067380800-p.jpg?ts=1781622782498,"₩59,900",,,260622,블랙,,,,
,false,,ZARA,원피스,원피스,여성,루즈 홀터넥 원피스,https://www.zara.com/kr/ko/%E1%84%85%E1%85%AE%E1%84%8C%E1%85%B3-%E1%84%92%E1%85%A9%E1%86%AF%E1%84%90%E1%85%A5%E1%84%82%E1%85%A6%E1%86%A8-%E1%84%8B%E1%85%AF%E1%86%AB%E1%84%91%E1%85%B5%E1%84%89%E1%85%B3-p02935210.html,https://static.zara.net/assets/public/110c/0c2d/9d2f4468a745/8ba52013c265/02935210800-p/02935210800-p.jpg?ts=1781622786369,"₩59,900",,,260622,블랙,,,,
,false,,ZARA,원피스,원피스,여성,롱 니트 콤비 원피스,https://www.zara.com/kr/ko/%E1%84%85%E1%85%A9%E1%86%BC-%E1%84%82%E1%85%B5%E1%84%90%E1%85%B3-%E1%84%8F%E1%85%A9%E1%86%B7%E1%84%87%E1%85%B5-%E1%84%8B%E1%85%AF%E1%86%AB%E1%84%91%E1%85%B5%E1%84%89%E1%85%B3-p02142138.html,https://static.zara.net/assets/public/fc6f/51ab/331c4fc5873c/08605a29702d/02142138401-p/02142138401-p.jpg?ts=1773933790114,"₩89,900",,,260622,네이비,,,,
,false,,ZARA,원피스,원피스,여성,홀터넥 미니 원피스,https://www.zara.com/kr/ko/%E1%84%92%E1%85%A9%E1%86%AF%E1%84%90%E1%85%A5%E1%84%82%E1%85%A6%E1%86%A8-%E1%84%86%E1%85%B5%E1%84%82%E1%85%B5-%E1%84%8B%E1%85%AF%E1%86%AB%E1%84%91%E1%85%B5%E1%84%89%E1%85%B3-p06929188.html,https://static.zara.net/assets/public/0670/511a/13ba4521a24a/78c7877c7273/06929188407-e1/06929188407-e1.jpg?ts=1778230210674,"₩55,900",,,260622,블루,,,,
,false,,ZARA,원피스,원피스,여성,100% 실크 레이스 캐미솔 원피스,https://www.zara.com/kr/ko/100-%E1%84%89%E1%85%B5%E1%86%AF%E1%84%8F%E1%85%B3-%E1%84%85%E1%85%A6%E1%84%8B%E1%85%B5%E1%84%89%E1%85%B3-%E1%84%8F%E1%85%A2%E1%84%86%E1%85%B5%E1%84%89%E1%85%A9%E1%86%AF-%E1%84%8B%E1%85%AF%E1%86%AB%E1%84%91%E1%85%B5%E1%84%89%E1%85%B3-p05344129.html,https://static.zara.net/assets/public/57d1/6c4a/054e430c83b5/0e11ff3e0ae5/05344129419-p/05344129419-p.jpg?ts=1774950509222,"₩149,900",,,260622,그레이 라이트 블루,,,,
,false,,ZARA,원피스,원피스,여성,다이아몬드 100% 실크 자카드 원피스,https://www.zara.com/kr/ko/100-%E1%84%89%E1%85%B5%E1%86%AF%E1%84%8F%E1%85%B3-%E1%84%8C%E1%85%A1%E1%84%8F%E1%85%A1%E1%84%83%E1%85%B3-%E1%84%86%E1%85%A1%E1%84%85%E1%85%B3%E1%86%B7%E1%84%86%E1%85%A9-%E1%84%8B%E1%85%AF%E1%86%AB%E1%84%91%E1%85%B5%E1%84%89%E1%85%B3-p05344132.html,https://static.zara.net/assets/public/9a7d/c212/03784100b892/130586306411/05344132407-p/05344132407-p.jpg?ts=1774354589738,"₩329,900",,,260622,블루,,,,
,false,,ZARA,원피스,원피스,여성,숄더 패드 콤비 미디 원피스,https://www.zara.com/kr/ko/%E1%84%89%E1%85%AD%E1%86%AF%E1%84%83%E1%85%A5-%E1%84%91%E1%85%A2%E1%84%83%E1%85%B3-%E1%84%8F%E1%85%A9%E1%86%B7%E1%84%87%E1%85%B5-%E1%84%86%E1%85%B5%E1%84%83%E1%85%B5-%E1%84%8B%E1%85%AF%E1%86%AB%E1%84%91%E1%85%B5%E1%84%89%E1%85%B3-p03897084.html,https://static.zara.net/assets/public/962a/3f95/ade84eff948f/1705fcbaeae9/03897084084-p/03897084084-p.jpg?ts=1776846122679,"₩89,900",,,260622,"블랙,화이트",,,,
,false,,ZARA,원피스,원피스,여성,숄더 패드 언밸런스 미니 원피스,https://www.zara.com/kr/ko/%E1%84%89%E1%85%AD%E1%86%AF%E1%84%83%E1%85%A5-%E1%84%91%E1%85%A2%E1%84%83%E1%85%B3-%E1%84%8B%E1%85%A5%E1%86%AB%E1%84%87%E1%85%A2%E1%86%AF%E1%84%85%E1%85%A5%E1%86%AB%E1%84%89%E1%85%B3-%E1%84%86%E1%85%B5%E1%84%82%E1%85%B5-%E1%84%8B%E1%85%AF%E1%86%AB%E1%84%91%E1%85%B5%E1%84%89%E1%85%B3-p02776864.html,https://static.zara.net/assets/public/a14b/1167/c9c54c4ca60e/ad020e670802/02776864800-1-p/02776864800-1-p.jpg?ts=1776846122875,"₩59,900",,,260622,블랙,,,,
,false,,ZARA,원피스,원피스,여성,스트라이프 롱 원피스,https://www.zara.com/kr/ko/%E1%84%89%E1%85%B3%E1%84%90%E1%85%B3%E1%84%85%E1%85%A1%E1%84%8B%E1%85%B5%E1%84%91%E1%85%B3-%E1%84%85%E1%85%A9%E1%86%BC-%E1%84%8B%E1%85%AF%E1%86%AB%E1%84%91%E1%85%B5%E1%84%89%E1%85%B3-p03253022.html,https://static.zara.net/assets/public/07e2/2d0b/ed43460a9dc1/d42cd45ec4c0/03253022021-p/03253022021-p.jpg?ts=1777026404562,"₩55,900",,,260622,프린트,,,,
,false,,ZARA,원피스,원피스,여성,코튼 미디 원피스,https://www.zara.com/kr/ko/%E1%84%8F%E1%85%A9%E1%84%90%E1%85%B3%E1%86%AB-%E1%84%86%E1%85%B5%E1%84%83%E1%85%B5-%E1%84%8B%E1%85%AF%E1%86%AB%E1%84%91%E1%85%B5%E1%84%89%E1%85%B3-p02335178.html,https://static.zara.net/assets/public/2eee/d842/245e4d1e9b15/a87eab925241/02335178756-p/02335178756-p.jpg?ts=1777034332229,"₩49,900",,,260622,미디움 카멜,,,,
,false,,ZARA,원피스,원피스,여성,ZW 컬렉션 린넨 튜닉 원피스,https://www.zara.com/kr/ko/zw-%E1%84%8F%E1%85%A5%E1%86%AF%E1%84%85%E1%85%A6%E1%86%A8%E1%84%89%E1%85%A7%E1%86%AB-%E1%84%85%E1%85%B5%E1%86%AB%E1%84%82%E1%85%A6%E1%86%AB-%E1%84%90%E1%85%B2%E1%84%82%E1%85%B5%E1%86%A8-%E1%84%8B%E1%85%AF%E1%86%AB%E1%84%91%E1%85%B5%E1%84%89%E1%85%B3-p01932919.html,https://static.zara.net/assets/public/64ef/4619/44d24282a859/28446061d728/01932919756-a1/01932919756-a1.jpg?ts=1777034753289,"₩129,900",,,260622,미디움 카멜,,,,
,false,,ZARA,원피스,원피스,여성,ZW 컬렉션 스트라이프 언밸런스 원피스,https://www.zara.com/kr/ko/zw-%E1%84%8F%E1%85%A5%E1%86%AF%E1%84%85%E1%85%A6%E1%86%A8%E1%84%89%E1%85%A7%E1%86%AB-%E1%84%8B%E1%85%A5%E1%86%AB%E1%84%87%E1%85%A2%E1%86%AF%E1%84%85%E1%85%A5%E1%86%AB%E1%84%89%E1%85%B3-%E1%84%89%E1%85%B3%E1%84%90%E1%85%B3%E1%84%85%E1%85%A1%E1%84%8B%E1%85%B5%E1%84%91%E1%85%B3-%E1%84%8B%E1%85%AF%E1%86%AB%E1%84%91%E1%85%B5%E1%84%89%E1%85%B3-p02119066.html,https://static.zara.net/assets/public/e9a1/ae8c/e71248e58c56/4d51eec1b24b/02119066749-p/02119066749-p.jpg?ts=1777028769213,"₩169,900",,,260622,다크 데님,,,,
,false,,ZARA,원피스,원피스,여성,리브드 롱 원피스,https://www.zara.com/kr/ko/%E1%84%85%E1%85%B5%E1%84%87%E1%85%B3%E1%84%83%E1%85%B3-%E1%84%85%E1%85%A9%E1%86%BC-%E1%84%8B%E1%85%AF%E1%86%AB%E1%84%91%E1%85%B5%E1%84%89%E1%85%B3-p04174038.html,https://static.zara.net/assets/public/9de0/28b4/c03745fcb621/d230c6c5fbe7/04174038700-p/04174038700-p.jpg?ts=1769780520011,"₩55,900",,,260622,브라운,,,,
,false,,ZARA,원피스,원피스,여성,리브드 롱 원피스,https://www.zara.com/kr/ko/%E1%84%85%E1%85%B5%E1%84%87%E1%85%B3%E1%84%83%E1%85%B3-%E1%84%85%E1%85%A9%E1%86%BC-%E1%84%8B%E1%85%AF%E1%86%AB%E1%84%91%E1%85%B5%E1%84%89%E1%85%B3-p04174038.html,https://static.zara.net/assets/public/ae11/4639/1efe433bbc01/8f231f193c99/04174038528-p/04174038528-p.jpg?ts=1769780515504,"₩55,900",,,260622,다크 올리브,,,,
,false,,ZARA,원피스,원피스,여성,100% 비스코스 프린트 원피스,https://www.zara.com/kr/ko/%E1%84%87%E1%85%B5%E1%84%89%E1%85%B3%E1%84%8F%E1%85%A9%E1%84%89%E1%85%B3-100-%E1%84%91%E1%85%B3%E1%84%85%E1%85%B5%E1%86%AB%E1%84%90%E1%85%B3-%E1%84%8B%E1%85%AF%E1%86%AB%E1%84%91%E1%85%B5%E1%84%89%E1%85%B3-p09012015.html,https://static.zara.net/assets/public/aee1/a872/ebbb44bb9936/517b20b82e82/09012015330-p/09012015330-p.jpg?ts=1775646750615,"₩169,900",,,260622,멀티컬러,,,,
,false,,ZARA,원피스,원피스,여성,비즈 자수 캐미솔 원피스,https://www.zara.com/kr/ko/%E1%84%87%E1%85%B5%E1%84%8C%E1%85%B3-%E1%84%8C%E1%85%A1%E1%84%89%E1%85%AE-%E1%84%8F%E1%85%A2%E1%84%86%E1%85%B5%E1%84%89%E1%85%A9%E1%86%AF-%E1%84%8B%E1%85%AF%E1%86%AB%E1%84%91%E1%85%B5%E1%84%89%E1%85%B3-p07521107.html,https://static.zara.net/assets/public/4d07/a478/11da404fb319/94fb4da6f07d/07521107514-p/07521107514-p.jpg?ts=1775646728729,"₩149,900",,,260622,그린,,,,
,false,,ZARA,원피스,원피스,여성,Z1975 벨트 데님 미니 원피스,https://www.zara.com/kr/ko/z1975-%E1%84%87%E1%85%A6%E1%86%AF%E1%84%90%E1%85%B5%E1%84%83%E1%85%B3-%E1%84%83%E1%85%A6%E1%84%82%E1%85%B5%E1%86%B7-%E1%84%86%E1%85%B5%E1%84%82%E1%85%B5-%E1%84%8B%E1%85%AF%E1%86%AB%E1%84%91%E1%85%B5%E1%84%89%E1%85%B3-p02511576.html,https://static.zara.net/assets/public/569c/71fd/00d8410eb164/1b44c38bbdad/02511576400-p/02511576400-p.jpg?ts=1772015080247,"₩79,900",,,260622,블루,,,,
,false,,ZARA,원피스,원피스,여성,크로셰 니트 원피스,https://www.zara.com/kr/ko/%E1%84%8F%E1%85%B3%E1%84%85%E1%85%A9%E1%84%89%E1%85%A8-%E1%84%82%E1%85%B5%E1%84%90%E1%85%B3-%E1%84%8B%E1%85%AF%E1%86%AB%E1%84%91%E1%85%B5%E1%84%89%E1%85%B3-p03653019.html,https://static.zara.net/assets/public/9ec8/d0c5/0a4942299ab0/37856b116bae/03653019330-p/03653019330-p.jpg?ts=1780500928086,"₩89,900",,,260622,멀티컬러,,,,
,false,,ZARA,원피스,원피스,여성,컷아웃 니트 콤비 원피스,https://www.zara.com/kr/ko/%E1%84%8F%E1%85%A5%E1%86%BA%E1%84%8B%E1%85%A1%E1%84%8B%E1%85%AE%E1%86%BA-%E1%84%82%E1%85%B5%E1%84%90%E1%85%B3-%E1%84%8F%E1%85%A9%E1%86%B7%E1%84%87%E1%85%B5-%E1%84%8B%E1%85%AF%E1%86%AB%E1%84%91%E1%85%B5%E1%84%89%E1%85%B3-p04192069.html,https://static.zara.net/assets/public/4d11/5239/58514946ae77/7752cc8e2157/04192069700-a3/04192069700-a3.jpg?ts=1780500928479,"₩89,900",,,260622,브라운,,,,
,false,,ZARA,원피스,원피스,여성,스케이터 미니 원피스,https://www.zara.com/kr/ko/%E1%84%89%E1%85%B3%E1%84%8F%E1%85%A6%E1%84%8B%E1%85%B5%E1%84%90%E1%85%A5-%E1%84%86%E1%85%B5%E1%84%82%E1%85%B5-%E1%84%8B%E1%85%AF%E1%86%AB%E1%84%91%E1%85%B5%E1%84%89%E1%85%B3-p05584291.html,https://static.zara.net/assets/public/445c/1786/2e764677a372/3ae22db91e69/05584291300-p/05584291300-p.jpg?ts=1778059491435,"₩49,900",,,260622,노랑,,,,
,false,,ZARA,원피스,원피스,여성,스케이터 미니 원피스,https://www.zara.com/kr/ko/%E1%84%89%E1%85%B3%E1%84%8F%E1%85%A6%E1%84%8B%E1%85%B5%E1%84%90%E1%85%A5-%E1%84%86%E1%85%B5%E1%84%82%E1%85%B5-%E1%84%8B%E1%85%AF%E1%86%AB%E1%84%91%E1%85%B5%E1%84%89%E1%85%B3-p05584291.html,https://static.zara.net/assets/public/436d/2d08/38a34cdbac11/112d6c995016/05584291084-a3/05584291084-a3.jpg?ts=1778059480907,"₩49,900",,,260622,"블랙,화이트",,,,
,false,,ZARA,원피스,원피스,여성,스케이터 미니 원피스,https://www.zara.com/kr/ko/%E1%84%89%E1%85%B3%E1%84%8F%E1%85%A6%E1%84%8B%E1%85%B5%E1%84%90%E1%85%A5-%E1%84%86%E1%85%B5%E1%84%82%E1%85%B5-%E1%84%8B%E1%85%AF%E1%86%AB%E1%84%91%E1%85%B5%E1%84%89%E1%85%B3-p05584291.html,https://static.zara.net/assets/public/afef/a1a9/8bfa453cba74/9308fe53ce43/05584291251-p/05584291251-p.jpg?ts=1778059486579,"₩49,900",,,260622,스크래치 화이트,,,,
,false,,ZARA,원피스,원피스,여성,벌룬 콤비 원피스,https://www.zara.com/kr/ko/%E1%84%87%E1%85%A5%E1%86%AF%E1%84%85%E1%85%AE%E1%86%AB-%E1%84%8F%E1%85%A9%E1%86%B7%E1%84%87%E1%85%B5-%E1%84%8B%E1%85%AF%E1%86%AB%E1%84%91%E1%85%B5%E1%84%89%E1%85%B3-p03641020.html,https://static.zara.net/assets/public/f208/c036/8c2e4ba2ae91/57596b94b922/03641020803-p/03641020803-p.jpg?ts=1776412650850,"₩45,900",,,260622,그레이,,,,
,false,,ZARA,원피스,원피스,여성,벌룬 콤비 원피스,https://www.zara.com/kr/ko/%E1%84%87%E1%85%A5%E1%86%AF%E1%84%85%E1%85%AE%E1%86%AB-%E1%84%8F%E1%85%A9%E1%86%B7%E1%84%87%E1%85%B5-%E1%84%8B%E1%85%AF%E1%86%AB%E1%84%91%E1%85%B5%E1%84%89%E1%85%B3-p00264311.html,https://static.zara.net/assets/public/ffc7/8254/b3fc4b9a99fb/8734b00048fd/00264311814-p/00264311814-p.jpg?ts=1776413439804,"₩55,900",,,260622,"그레이,베이지",,,,
,false,,ZARA,원피스,원피스,여성,새틴 레이스 캐미솔 원피스,https://www.zara.com/kr/ko/%E1%84%89%E1%85%A2%E1%84%90%E1%85%B5%E1%86%AB-%E1%84%85%E1%85%A6%E1%84%8B%E1%85%B5%E1%84%89%E1%85%B3-%E1%84%8F%E1%85%A2%E1%84%86%E1%85%B5%E1%84%89%E1%85%A9%E1%86%AF-%E1%84%8B%E1%85%AF%E1%86%AB%E1%84%91%E1%85%B5%E1%84%89%E1%85%B3-p00881313.html,https://static.zara.net/assets/public/44dd/a06c/9a234f08bb9c/8e5581fa821a/00881313621-a2/00881313621-a2.jpg?ts=1775572209394,"₩79,900",,,260622,파스텔 로즈,,,,
,false,,ZARA,원피스,원피스,여성,스카프 시퀸 숏 원피스,https://www.zara.com/kr/ko/%E1%84%89%E1%85%B5%E1%84%8F%E1%85%B1%E1%86%AB-%E1%84%89%E1%85%B3%E1%84%8F%E1%85%A1%E1%84%91%E1%85%B3-%E1%84%86%E1%85%B5%E1%84%82%E1%85%B5-%E1%84%8B%E1%85%AF%E1%86%AB%E1%84%91%E1%85%B5%E1%84%89%E1%85%B3-p00881213.html,https://static.zara.net/assets/public/1695/a7f2/3046478689a4/3c0137de9506/00881213834-p/00881213834-p.jpg?ts=1775572209075,"₩109,900",,,260622,스톤,,,,
,false,,ZARA,원피스,원피스,여성,자카드 미니 원피스,https://www.zara.com/kr/ko/%E1%84%8C%E1%85%A1%E1%84%8F%E1%85%A1%E1%84%83%E1%85%B3-%E1%84%86%E1%85%B5%E1%84%82%E1%85%B5-%E1%84%8B%E1%85%AF%E1%86%AB%E1%84%91%E1%85%B5%E1%84%89%E1%85%B3-p02630538.html,https://static.zara.net/assets/public/fa17/6cb6/1cf749d2a64e/d556ab6f88dc/02630538250-p/02630538250-p.jpg?ts=1774276419548,"₩79,900",,,260622,화이트,,,,
,false,,ZARA,원피스,오버롤,여성,Z1975 홀터 데님 벨트 점프수트,https://www.zara.com/kr/ko/z1975-%E1%84%92%E1%85%A9%E1%86%AF%E1%84%90%E1%85%A5-%E1%84%83%E1%85%A6%E1%84%82%E1%85%B5%E1%86%B7-%E1%84%87%E1%85%A6%E1%86%AF%E1%84%90%E1%85%B5%E1%84%83%E1%85%B3-%E1%84%8C%E1%85%A5%E1%86%B7%E1%84%91%E1%85%B3%E1%84%89%E1%85%AE%E1%84%90%E1%85%B3-p07147030.html,https://static.zara.net/assets/public/24c9/5700/29614736aec9/62163034b527/07147030400-p/07147030400-p.jpg?ts=1774281981477,"₩89,900",,,260622,블루,,,,
,false,,ZARA,원피스,원피스,여성,폴리아미드 컷아웃 미디 원피스,https://www.zara.com/kr/ko/%E1%84%91%E1%85%A9%E1%86%AF%E1%84%85%E1%85%B5%E1%84%8B%E1%85%A1%E1%84%86%E1%85%B5%E1%84%83%E1%85%B3-%E1%84%8F%E1%85%A5%E1%86%BA%E1%84%8B%E1%85%A1%E1%84%8B%E1%85%AE%E1%86%BA-%E1%84%86%E1%85%B5%E1%84%83%E1%85%B5-%E1%84%8B%E1%85%AF%E1%86%AB%E1%84%91%E1%85%B5%E1%84%89%E1%85%B3-p01026290.html,https://static.zara.net/assets/public/abb1/4854/f9aa48cabe4e/9467c32d906f/01026290401-p/01026290401-p.jpg?ts=1776081556419,"₩59,900",,,260622,네이비,,,,
,false,,ZARA,원피스,원피스,여성,아라망 미니 원피스,https://www.zara.com/kr/ko/%E1%84%90%E1%85%A9%E1%84%80%E1%85%B3%E1%86%AF-%E1%84%87%E1%85%A5%E1%84%90%E1%85%B3%E1%86%AB-%E1%84%86%E1%85%B5%E1%84%82%E1%85%B5-%E1%84%8B%E1%85%AF%E1%86%AB%E1%84%91%E1%85%B5%E1%84%89%E1%85%B3-p03666152.html,https://static.zara.net/assets/public/cebe/a972/c03b4f96b620/a4c4708bdad3/03666152800-000-a1/03666152800-000-a1.jpg?ts=1781258427558,"₩89,900",,,260622,블랙,,,,
,false,,ZARA,원피스,오버롤,여성,ZW 컬렉션 오픈 백 점프수트,https://www.zara.com/kr/ko/zw-%E1%84%8F%E1%85%A5%E1%86%AF%E1%84%85%E1%85%A6%E1%86%A8%E1%84%89%E1%85%A7%E1%86%AB-%E1%84%83%E1%85%B1%E1%86%BA%E1%84%86%E1%85%A7%E1%86%AB-%E1%84%90%E1%85%B3%E1%84%8B%E1%85%B5%E1%86%B7-%E1%84%8C%E1%85%A5%E1%86%B7%E1%84%91%E1%85%B3%E1%84%89%E1%85%AE%E1%84%90%E1%85%B3-p02176669.html,https://static.zara.net/assets/public/73b5/2e7f/98a1483a8359/86e9c59ba901/02176669450-p/02176669450-p.jpg?ts=1779371856762,"₩149,900",,,260622,베이지,,,,
,false,,ZARA,원피스,원피스,여성,비즈 펀칭 니트 원피스,https://www.zara.com/kr/ko/%E1%84%87%E1%85%B5%E1%84%8C%E1%85%B3-%E1%84%8F%E1%85%A5%E1%86%BA%E1%84%8B%E1%85%A1%E1%84%8B%E1%85%AE%E1%86%BA-%E1%84%82%E1%85%B5%E1%84%90%E1%85%B3-%E1%84%8B%E1%85%AF%E1%86%AB%E1%84%91%E1%85%B5%E1%84%89%E1%85%B3-p03921063.html,https://static.zara.net/assets/public/f411/b7a1/79b5471da8a2/97cfcc9dafff/03921063712-1-p/03921063712-1-p.jpg?ts=1779373988139,"₩169,900",,,260622,크림,,,,
,false,,ZARA,원피스,원피스,여성,오픈 백 루즈 미디 원피스,https://www.zara.com/kr/ko/%E1%84%87%E1%85%A2%E1%86%A8%E1%84%85%E1%85%B5%E1%84%89%E1%85%B3-%E1%84%91%E1%85%B3%E1%86%AF%E1%84%85%E1%85%AE%E1%84%8B%E1%85%B5%E1%84%83%E1%85%B3-%E1%84%86%E1%85%B5%E1%84%83%E1%85%B5-%E1%84%8B%E1%85%AF%E1%86%AB%E1%84%91%E1%85%B5%E1%84%89%E1%85%B3-p04772357.html,https://static.zara.net/assets/public/0da0/240b/a4084535ba17/ab43b2f8acb9/04772357714-p/04772357714-p.jpg?ts=1778500393606,"₩59,900",,,260622,"베이지,그린",,,,
,false,,ZARA,원피스,원피스,여성,레이스 새틴 미디 원피스,https://www.zara.com/kr/ko/%E1%84%85%E1%85%A6%E1%84%8B%E1%85%B5%E1%84%89%E1%85%B3-%E1%84%89%E1%85%A2%E1%84%90%E1%85%B5%E1%86%AB-%E1%84%86%E1%85%B5%E1%84%83%E1%85%B5-%E1%84%8B%E1%85%AF%E1%86%AB%E1%84%91%E1%85%B5%E1%84%89%E1%85%B3-p02488105.html,https://static.zara.net/assets/public/22dc/3610/a9de45118ed8/592752967deb/02488105700-p/02488105700-p.jpg?ts=1769688507527,"₩129,900",,,260622,브라운,,,,
,false,,ZARA,원피스,원피스,여성,패턴 스트랩 미디 원피스,https://www.zara.com/kr/ko/%E1%84%91%E1%85%A2%E1%84%90%E1%85%A5%E1%86%AB-%E1%84%89%E1%85%B3%E1%84%90%E1%85%B3%E1%84%85%E1%85%A2%E1%86%B8-%E1%84%86%E1%85%B5%E1%84%83%E1%85%B5-%E1%84%8B%E1%85%AF%E1%86%AB%E1%84%91%E1%85%B5%E1%84%89%E1%85%B3-p03067345.html,https://static.zara.net/assets/public/7367/17e8/545a4ab090f9/6bb1ae277440/03067345078-p/03067345078-p.jpg?ts=1777285636192,"₩79,900",,,260622,오렌지-그린,,,,
,false,,ZARA,원피스,원피스,여성,드레이프 프린트 미디 원피스,https://www.zara.com/kr/ko/%E1%84%83%E1%85%B3%E1%84%85%E1%85%A6%E1%84%8B%E1%85%B5%E1%84%91%E1%85%B3-%E1%84%91%E1%85%B3%E1%84%85%E1%85%B5%E1%86%AB%E1%84%90%E1%85%B3-%E1%84%86%E1%85%B5%E1%84%83%E1%85%B5-%E1%84%8B%E1%85%AF%E1%86%AB%E1%84%91%E1%85%B5%E1%84%89%E1%85%B3-p03067330.html,https://static.zara.net/assets/public/9055/1c2a/81b74cc48be1/24600cdb9ca6/03067330112-p/03067330112-p.jpg?ts=1777285632082,"₩79,900",,,260622,블루,,,,
,false,,ZARA,원피스,원피스,여성,프릴 TRF 데님 원피스,https://www.zara.com/kr/ko/trf-%E1%84%91%E1%85%B3%E1%84%85%E1%85%B5%E1%86%AF-%E1%84%83%E1%85%A6%E1%84%82%E1%85%B5%E1%86%B7-%E1%84%8B%E1%85%AF%E1%86%AB%E1%84%91%E1%85%B5%E1%84%89%E1%85%B3-p06929385.html,https://static.zara.net/assets/public/846b/ce74/5255402bb9ce/0204907c9bb5/06929385443-p/06929385443-p.jpg?ts=1772715146426,"₩55,900",,,260622,다크 인디고,,,,
,false,,ZARA,원피스,원피스,여성,새틴 홀터넥 미니 원피스,https://www.zara.com/kr/ko/%E1%84%89%E1%85%A2%E1%84%90%E1%85%B5%E1%86%AB-%E1%84%92%E1%85%A9%E1%86%AF%E1%84%90%E1%85%A5%E1%84%82%E1%85%A6%E1%86%A8-%E1%84%86%E1%85%B5%E1%84%82%E1%85%B5-%E1%84%8B%E1%85%AF%E1%86%AB%E1%84%91%E1%85%B5%E1%84%89%E1%85%B3-p02745533.html,https://static.zara.net/assets/public/2d41/4acf/a4494f54b602/43ddc0491899/07778331250-p/07778331250-p.jpg?ts=1779440320035,"₩55,900",,,260622,화이트,,,,
,false,,ZARA,원피스,원피스,여성,언밸런스 벨트 미니 원피스,https://www.zara.com/kr/ko/%E1%84%87%E1%85%A6%E1%86%AF%E1%84%90%E1%85%B3-%E1%84%8B%E1%85%A5%E1%86%AB%E1%84%87%E1%85%A2%E1%86%AF%E1%84%85%E1%85%A5%E1%86%AB%E1%84%89%E1%85%B3-%E1%84%86%E1%85%B5%E1%84%82%E1%85%B5-%E1%84%8B%E1%85%AF%E1%86%AB%E1%84%91%E1%85%B5%E1%84%89%E1%85%B3-p02693645.html,https://static.zara.net/assets/public/7e2d/c1f3/73724e688d5b/af9d58d38015/02693645749-p/02693645749-p.jpg?ts=1776338796875,"₩89,900",,,260622,다크 데님,,,,
,false,,ZARA,원피스,원피스,여성,ZW 컬렉션 숏 슬리브 셔츠 원피스,https://www.zara.com/kr/ko/zw-%E1%84%8F%E1%85%A5%E1%86%AF%E1%84%85%E1%85%A6%E1%86%A8%E1%84%89%E1%85%A7%E1%86%AB-%E1%84%89%E1%85%AD%E1%86%BA-%E1%84%89%E1%85%B3%E1%86%AF%E1%84%85%E1%85%B5%E1%84%87%E1%85%B3-%E1%84%89%E1%85%A7%E1%84%8E%E1%85%B3-%E1%84%8B%E1%85%AF%E1%86%AB%E1%84%91%E1%85%B5%E1%84%89%E1%85%B3-p02731052.html,https://static.zara.net/assets/public/4206/7ff9/01464d739609/e2b9b402b315/02731052500-001-p/02731052500-001-p.jpg?ts=1779797811396,"₩89,900",,,260622,초록,,,,
,false,,ZARA,원피스,원피스,여성,ZW 컬렉션 언밸런스 프린지 원피스,https://www.zara.com/kr/ko/zw-%E1%84%8F%E1%85%A5%E1%86%AF%E1%84%85%E1%85%A6%E1%86%A8%E1%84%89%E1%85%A7%E1%86%AB-%E1%84%8B%E1%85%A5%E1%86%AB%E1%84%87%E1%85%A2%E1%86%AF%E1%84%85%E1%85%A5%E1%86%AB%E1%84%89%E1%85%B3-%E1%84%91%E1%85%B3%E1%84%85%E1%85%B5%E1%86%AB%E1%84%8C%E1%85%B5-%E1%84%8B%E1%85%AF%E1%86%AB%E1%84%91%E1%85%B5%E1%84%89%E1%85%B3-p01758042.html,https://static.zara.net/assets/public/e023/2570/820b46ceb72a/ec6e35a43ce0/01758042800-a3/01758042800-a3.jpg?ts=1779790132662,"₩169,900",,,260622,블랙,,,,
,false,,ZARA,원피스,원피스,여성,TRF 언밸런스 데님 원피스,https://www.zara.com/kr/ko/trf-%E1%84%8B%E1%85%A5%E1%86%AB%E1%84%87%E1%85%A2%E1%86%AF%E1%84%85%E1%85%A5%E1%86%AB%E1%84%89%E1%85%B3-%E1%84%83%E1%85%A6%E1%84%82%E1%85%B5%E1%86%B7-%E1%84%8B%E1%85%AF%E1%86%AB%E1%84%91%E1%85%B5%E1%84%89%E1%85%B3-p02569080.html,https://static.zara.net/assets/public/a30b/c3ab/df8145f3a31b/7525c6931d33/02569080407-p/02569080407-p.jpg?ts=1773258689757,"₩59,900",,,260622,블루,,,,
,false,,ZARA,원피스,원피스,여성,롱 콤비 원피스,https://www.zara.com/kr/ko/%E1%84%8F%E1%85%A9%E1%86%B7%E1%84%87%E1%85%B5-%E1%84%85%E1%85%A9%E1%86%BC-%E1%84%8B%E1%85%AF%E1%86%AB%E1%84%91%E1%85%B5%E1%84%89%E1%85%B3-p02298001.html,https://static.zara.net/assets/public/2792/6069/2506472495ed/f39ca5f21d5c/02298001064-p/02298001064-p.jpg?ts=1769095054479,"₩79,900",,,260622,"화이트,블랙",,,,
,false,,ZARA,원피스,원피스,여성,백리스 원피스,https://www.zara.com/kr/ko/%E1%84%87%E1%85%A2%E1%86%A8%E1%84%85%E1%85%B5%E1%84%89%E1%85%B3-%E1%84%8B%E1%85%AF%E1%86%AB%E1%84%91%E1%85%B5%E1%84%89%E1%85%B3-p05584010.html,https://static.zara.net/assets/public/7e0b/3695/fd594992bc12/e33ef23d84cd/05584010800-p/05584010800-p.jpg?ts=1769095090565,"₩59,900",,,260622,블랙,,,,
,false,,ZARA,원피스,원피스,여성,레이스 콤비 미니 원피스,https://www.zara.com/kr/ko/%E1%84%85%E1%85%A6%E1%84%8B%E1%85%B5%E1%84%89%E1%85%B3-%E1%84%8F%E1%85%A9%E1%86%B7%E1%84%87%E1%85%B5-%E1%84%86%E1%85%B5%E1%84%82%E1%85%B5-%E1%84%8B%E1%85%AF%E1%86%AB%E1%84%91%E1%85%B5%E1%84%89%E1%85%B3-p01355131.html,https://static.zara.net/assets/public/89a9/9c8a/89644c4aafec/26c7ca9a6249/01355131684-p/01355131684-p.jpg?ts=1769774044467,"₩89,900",,,260622,다크 버건디,,,,
,false,,ZARA,원피스,원피스,여성,프린지 레이스 미니 원피스,https://www.zara.com/kr/ko/%E1%84%89%E1%85%AD%E1%84%90%E1%85%B3-%E1%84%85%E1%85%A6%E1%84%8B%E1%85%B5%E1%84%89%E1%85%B3-%E1%84%91%E1%85%B3%E1%84%85%E1%85%B5%E1%86%AB%E1%84%8C%E1%85%B5-%E1%84%8B%E1%85%AF%E1%86%AB%E1%84%91%E1%85%B5%E1%84%89%E1%85%B3-p05919122.html,https://static.zara.net/assets/public/d473/c7e8/7ec0402bb3d3/45ed26e04242/05919122601-p/05919122601-p.jpg?ts=1769774064541,"₩169,900",,,260622,브라이트 레드,,,,
,false,,ZARA,원피스,원피스,여성,레이스 홀터넥 원피스,https://www.zara.com/kr/ko/%E1%84%85%E1%85%A6%E1%84%8B%E1%85%B5%E1%84%89%E1%85%B3-%E1%84%92%E1%85%A9%E1%86%AF%E1%84%90%E1%85%A5%E1%84%82%E1%85%A6%E1%86%A8-%E1%84%8B%E1%85%AF%E1%86%AB%E1%84%91%E1%85%B5%E1%84%89%E1%85%B3-p03641308.html,https://static.zara.net/assets/public/a49d/713b/d1d1410d90e4/ed9084e43965/03641308800-p/03641308800-p.jpg?ts=1773253887715,"₩45,900",,,260622,블랙,,,,
,false,,ZARA,원피스,원피스,여성,지오젯 레이스 원피스,https://www.zara.com/kr/ko/%E1%84%8C%E1%85%B5%E1%84%8B%E1%85%A9%E1%84%8C%E1%85%A6%E1%86%BA-%E1%84%85%E1%85%A6%E1%84%8B%E1%85%B5%E1%84%89%E1%85%B3-%E1%84%8B%E1%85%AF%E1%86%AB%E1%84%91%E1%85%B5%E1%84%89%E1%85%B3-p07521132.html,https://static.zara.net/assets/public/f39e/b504/36e940519dec/a12573447d28/07521132306-p/07521132306-p.jpg?ts=1776348519932,"₩149,900",,,260622,라이트 옐로우,,,,
,false,,ZARA,원피스,원피스,여성,프린지 니트 미니 원피스,https://www.zara.com/kr/ko/%E1%84%91%E1%85%B3%E1%84%85%E1%85%B5%E1%86%AB%E1%84%8C%E1%85%B5-%E1%84%82%E1%85%B5%E1%84%90%E1%85%B3-%E1%84%86%E1%85%B5%E1%84%82%E1%85%B5-%E1%84%8B%E1%85%AF%E1%86%AB%E1%84%91%E1%85%B5%E1%84%89%E1%85%B3-p03921095.html,https://static.zara.net/assets/public/70ef/ad69/b6fd46139e99/2e9e02b54627/03921095712-p/03921095712-p.jpg?ts=1774344755876,"₩59,900",,,260622,크림,,,,
,false,,ZARA,원피스,원피스,여성,지오젯 자수 미디 원피스,https://www.zara.com/kr/ko/%E1%84%8C%E1%85%A1%E1%84%89%E1%85%AE-%E1%84%8C%E1%85%B5%E1%84%8B%E1%85%A9%E1%84%8C%E1%85%A6%E1%86%BA-%E1%84%86%E1%85%B5%E1%84%83%E1%85%B5-%E1%84%8B%E1%85%AF%E1%86%AB%E1%84%91%E1%85%B5%E1%84%89%E1%85%B3-p02488110.html,https://static.zara.net/assets/public/872c/546f/75a941d49780/ad2c2ad9c2f3/02488110800-p/02488110800-p.jpg?ts=1774887079102,"₩129,900",,,260622,블랙,,,,
,false,,ZARA,원피스,원피스,여성,ZW 컬렉션 프린트 리본 원피스,https://www.zara.com/kr/ko/zw-%E1%84%8F%E1%85%A5%E1%86%AF%E1%84%85%E1%85%A6%E1%86%A8%E1%84%89%E1%85%A7%E1%86%AB-%E1%84%85%E1%85%B5%E1%84%87%E1%85%A9%E1%86%AB-%E1%84%91%E1%85%B3%E1%84%85%E1%85%B5%E1%86%AB%E1%84%90%E1%85%B3-%E1%84%8B%E1%85%AF%E1%86%AB%E1%84%91%E1%85%B5%E1%84%89%E1%85%B3-p02109098.html,https://static.zara.net/assets/public/0a23/3fde/dac2450a9ca0/83d9ad2b972e/02109098300-p/02109098300-p.jpg?ts=1780909797810,"₩149,900",,,260622,노랑,,,,
,false,,ZARA,원피스,원피스,여성,ZW 컬렉션 100% 린넨 프린지 원피스,https://www.zara.com/kr/ko/zw-%E1%84%8F%E1%85%A5%E1%86%AF%E1%84%85%E1%85%A6%E1%86%A8%E1%84%89%E1%85%A7%E1%86%AB-100-%E1%84%85%E1%85%B5%E1%86%AB%E1%84%82%E1%85%A6%E1%86%AB-%E1%84%91%E1%85%B3%E1%84%85%E1%85%B5%E1%86%AB%E1%84%8C%E1%85%B5-%E1%84%8B%E1%85%AF%E1%86%AB%E1%84%91%E1%85%B5%E1%84%89%E1%85%B3-p02128909.html,https://static.zara.net/assets/public/a8ea/0910/684e4941883e/1ff613c3b6d1/02128909052-p/02128909052-p.jpg?ts=1780909792770,"₩129,900",,,260622,라이트 베이지,,,,
,false,,ZARA,원피스,원피스,여성,ZW 컬렉션 스트랩 자수 원피스,https://www.zara.com/kr/ko/zw-%E1%84%8F%E1%85%A5%E1%86%AF%E1%84%85%E1%85%A6%E1%86%A8%E1%84%89%E1%85%A7%E1%86%AB-%E1%84%89%E1%85%B3%E1%84%90%E1%85%B3%E1%84%85%E1%85%A2%E1%86%B8-%E1%84%8C%E1%85%A1%E1%84%89%E1%85%AE-%E1%84%8B%E1%85%AF%E1%86%AB%E1%84%91%E1%85%B5%E1%84%89%E1%85%B3-p06895086.html,https://static.zara.net/assets/public/b74a/eb86/2309408f8a85/18bb97f597a5/06895086712-p/06895086712-p.jpg?ts=1780909793729,"₩89,900",,,260622,크림,,,,
,false,,ZARA,원피스,원피스,여성,Z1975 홀터넥 미니 원피스,https://www.zara.com/kr/ko/z1975-%E1%84%92%E1%85%A9%E1%86%AF%E1%84%90%E1%85%A5%E1%84%82%E1%85%A6%E1%86%A8-%E1%84%86%E1%85%B5%E1%84%82%E1%85%B5-%E1%84%8B%E1%85%AF%E1%86%AB%E1%84%91%E1%85%B5%E1%84%89%E1%85%B3-p09306026.html,https://static.zara.net/assets/public/92f4/ad01/5dd442d29bb2/bc91234cc83d/09306026427-a2/09306026427-a2.jpg?ts=1781091955959,"₩59,900",,,260622,미디움 블루,,,,
,false,,ZARA,원피스,원피스,여성,토글 버튼 린넨 미니 원피스,https://www.zara.com/kr/ko/%E1%84%85%E1%85%B5%E1%86%AB%E1%84%82%E1%85%A6%E1%86%AB-%E1%84%90%E1%85%A9%E1%84%80%E1%85%B3%E1%86%AF-%E1%84%86%E1%85%B5%E1%84%82%E1%85%B5-%E1%84%8B%E1%85%AF%E1%86%AB%E1%84%91%E1%85%B5%E1%84%89%E1%85%B3-p07767826.html,https://static.zara.net/assets/public/05de/adca/b4674d7cbccd/f4a792883a20/07767826405-p/07767826405-p.jpg?ts=1781092369393,"₩59,900",,,260622,인디고,,,,
,false,,ZARA,원피스,원피스,여성,스트라이프 스트랩 미디 원피스,https://www.zara.com/kr/ko/%E1%84%89%E1%85%B3%E1%84%90%E1%85%B3%E1%84%85%E1%85%A1%E1%84%8B%E1%85%B5%E1%84%91%E1%85%B3-%E1%84%89%E1%85%B3%E1%84%90%E1%85%B3%E1%84%85%E1%85%A2%E1%86%B8-%E1%84%86%E1%85%B5%E1%84%83%E1%85%B5-%E1%84%8B%E1%85%AF%E1%86%AB%E1%84%91%E1%85%B5%E1%84%89%E1%85%B3-p03666115.html,https://static.zara.net/assets/public/fe20/2ff4/117e4483b5e0/aa4b29b4ceb4/03666115021-p/03666115021-p.jpg?ts=1781092371590,"₩79,900",,,260622,프린트,,,,
,false,,ZARA,원피스,원피스,여성,트임 패턴 미디 원피스,https://www.zara.com/kr/ko/%E1%84%90%E1%85%B3%E1%84%8B%E1%85%B5%E1%86%B7-%E1%84%91%E1%85%A2%E1%84%90%E1%85%A5%E1%86%AB-%E1%84%86%E1%85%B5%E1%84%83%E1%85%B5-%E1%84%8B%E1%85%AF%E1%86%AB%E1%84%91%E1%85%B5%E1%84%89%E1%85%B3-p02862349.html,https://static.zara.net/assets/public/c559/49eb/21dc489e9cf2/d4cb31bb7cf1/02862349044-p/02862349044-p.jpg?ts=1779440413701,"₩89,900",,,260622,"블루 ,화이트",,,,
,false,,ZARA,원피스,원피스,여성,워싱 포플린 원피스,https://www.zara.com/kr/ko/%E1%84%8B%E1%85%AF%E1%84%89%E1%85%B5%E1%86%BC-%E1%84%91%E1%85%A9%E1%84%91%E1%85%B3%E1%86%AF%E1%84%85%E1%85%B5%E1%86%AB-%E1%84%8B%E1%85%AF%E1%86%AB%E1%84%91%E1%85%B5%E1%84%89%E1%85%B3-p05854318.html,https://static.zara.net/assets/public/6878/a1cc/d0dd4de88f8f/8229808db1c5/05854318507-p/05854318507-p.jpg?ts=1774015569382,"₩55,900",,,260622,다크 카키,,,,
,false,,ZARA,원피스,원피스,여성,프릴 플라워 원피스,https://www.zara.com/kr/ko/%E1%84%91%E1%85%B3%E1%84%85%E1%85%B5%E1%86%AF-%E1%84%91%E1%85%B3%E1%86%AF%E1%84%85%E1%85%A1%E1%84%8B%E1%85%AF-%E1%84%8B%E1%85%AF%E1%86%AB%E1%84%91%E1%85%B5%E1%84%89%E1%85%B3-p02596466.html,https://static.zara.net/assets/public/c63f/3828/5cfa42c899e6/89deef8ac725/02596466071-p/02596466071-p.jpg?ts=1774015564184,"₩79,900",,,260622,"크림,카키",,,,
,false,,ZARA,원피스,원피스,여성,과일 패턴 홀터넥 포플린 미디 원피스,https://www.zara.com/kr/ko/%E1%84%80%E1%85%AA%E1%84%8B%E1%85%B5%E1%86%AF-%E1%84%91%E1%85%A2%E1%84%90%E1%85%A5%E1%86%AB-%E1%84%92%E1%85%A9%E1%86%AF%E1%84%90%E1%85%A5%E1%84%82%E1%85%A6%E1%86%A8-%E1%84%91%E1%85%A9%E1%84%91%E1%85%B3%E1%86%AF%E1%84%85%E1%85%B5%E1%86%AB-%E1%84%86%E1%85%B5%E1%84%83%E1%85%B5-%E1%84%8B%E1%85%AF%E1%86%AB%E1%84%91%E1%85%B5%E1%84%89%E1%85%B3-p02806336.html,https://static.zara.net/assets/public/3471/5e67/b29d4f1285c9/4b784c3bda20/02806336100-p/02806336100-p.jpg?ts=1778147015773,"₩79,900",,,260622,"크림,옐로우",,,,
,false,,ZARA,원피스,원피스,여성,체크 미니 원피스,https://www.zara.com/kr/ko/%E1%84%8E%E1%85%A6%E1%84%8F%E1%85%B3-%E1%84%86%E1%85%B5%E1%84%82%E1%85%B5-%E1%84%8B%E1%85%AF%E1%86%AB%E1%84%91%E1%85%B5%E1%84%89%E1%85%B3-p04764302.html,https://static.zara.net/assets/public/7e1f/e688/1ea74654a1a1/ffacdad5eee4/04764302075-p/04764302075-p.jpg?ts=1767009836446,"₩79,900",,,260622,"크림,베이지",,,,
,false,,ZARA,원피스,오버롤,여성,리오셀 미니 점프수트,https://www.zara.com/kr/ko/%E1%84%85%E1%85%B5%E1%84%8B%E1%85%A9%E1%84%89%E1%85%A6%E1%86%AF-%E1%84%86%E1%85%B5%E1%84%82%E1%85%B5-%E1%84%8C%E1%85%A5%E1%86%B7%E1%84%91%E1%85%B3%E1%84%89%E1%85%AE%E1%84%90%E1%85%B3-p06929485.html,https://static.zara.net/assets/public/594a/cab4/14d440c1b825/c4663a5c17fb/06929485800-a4/06929485800-a4.jpg?ts=1777979487402,"₩59,900",,,260622,블랙,,,,
,false,,ZARA,원피스,원피스,여성,도트 벨트 원피스,https://www.zara.com/kr/ko/%E1%84%83%E1%85%A9%E1%84%90%E1%85%B3-%E1%84%87%E1%85%A6%E1%86%AF%E1%84%90%E1%85%B3-%E1%84%8B%E1%85%AF%E1%86%AB%E1%84%91%E1%85%B5%E1%84%89%E1%85%B3-p05039268.html,https://static.zara.net/assets/public/2c5e/5221/36284c4b9500/4fa5fbb61f3e/05039268084-p/05039268084-p.jpg?ts=1773930248444,"₩59,900",,,260622,"블랙,화이트",,,,
,false,,ZARA,원피스,원피스,여성,도트 콤비 원피스,https://www.zara.com/kr/ko/%E1%84%8F%E1%85%A9%E1%86%B7%E1%84%87%E1%85%B5-%E1%84%83%E1%85%A9%E1%84%90%E1%85%B3-%E1%84%8B%E1%85%AF%E1%86%AB%E1%84%91%E1%85%B5%E1%84%89%E1%85%B3-p01165468.html,https://static.zara.net/assets/public/08ee/cbec/1b6242649ab6/e8623c8ebe48/01165468700-p/01165468700-p.jpg?ts=1773930233390,"₩79,900",,,260622,브라운,,,,
,false,,ZARA,원피스,원피스,여성,레이스 미디 원피스,https://www.zara.com/kr/ko/%E1%84%85%E1%85%A6%E1%84%8B%E1%85%B5%E1%84%89%E1%85%B3-%E1%84%86%E1%85%B5%E1%84%83%E1%85%B5-%E1%84%8B%E1%85%AF%E1%86%AB%E1%84%91%E1%85%B5%E1%84%89%E1%85%B3-p01165470.html,https://static.zara.net/assets/public/b2e5/5346/aae44bc3b898/8f80ac8e3749/01165470800-p/01165470800-p.jpg?ts=1778063195182,"₩79,900",,,260622,블랙,,,,
,false,,ZARA,원피스,원피스,여성,레이스 미디 원피스,https://www.zara.com/kr/ko/%E1%84%85%E1%85%A6%E1%84%8B%E1%85%B5%E1%84%89%E1%85%B3-%E1%84%86%E1%85%B5%E1%84%83%E1%85%B5-%E1%84%8B%E1%85%AF%E1%86%AB%E1%84%91%E1%85%B5%E1%84%89%E1%85%B3-p01165470.html,https://static.zara.net/assets/public/40b3/f8a8/298a4c44a535/fe7434942073/01165470712-p/01165470712-p.jpg?ts=1778063195360,"₩79,900",,,260622,크림,,,,
,false,,ZARA,원피스,원피스,여성,하이넥 미니 원피스,https://www.zara.com/kr/ko/%E1%84%92%E1%85%A1%E1%84%8B%E1%85%B5%E1%84%82%E1%85%A6%E1%86%A8-%E1%84%86%E1%85%B5%E1%84%82%E1%85%B5-%E1%84%8B%E1%85%AF%E1%86%AB%E1%84%91%E1%85%B5%E1%84%89%E1%85%B3-p00858028.html,https://static.zara.net/assets/public/29d9/b0c6/d923431cbb6e/c829e4feef3e/00858028717-p/00858028717-p.jpg?ts=1768320814281,"₩45,900",,,260622,초콜렛,,,,
,false,,ZARA,원피스,원피스,여성,셔링 미니 원피스,https://www.zara.com/kr/ko/%E1%84%89%E1%85%A7%E1%84%85%E1%85%B5%E1%86%BC-%E1%84%86%E1%85%B5%E1%84%82%E1%85%B5-%E1%84%8B%E1%85%AF%E1%86%AB%E1%84%91%E1%85%B5%E1%84%89%E1%85%B3-p03253319.html,https://static.zara.net/assets/public/65d2/ce83/1b3c41c6a70b/8941d145bb5f/03253319800-p/03253319800-p.jpg?ts=1771597824224,"₩39,900",,,260622,블랙,,,,
,false,,ZARA,원피스,원피스,여성,오프숄더 도트 원피스,https://www.zara.com/kr/ko/%E1%84%8B%E1%85%A9%E1%84%91%E1%85%B3%E1%84%89%E1%85%AD%E1%86%AF%E1%84%83%E1%85%A5-%E1%84%83%E1%85%A9%E1%84%90%E1%85%B3-%E1%84%8B%E1%85%AF%E1%86%AB%E1%84%91%E1%85%B5%E1%84%89%E1%85%B3-p02482423.html,https://static.zara.net/assets/public/9c96/078c/fbca4d0a9b49/ccc846b3ac30/02482423067-p/02482423067-p.jpg?ts=1772540817636,"₩59,900",,,260622,"크림,레드",,,,
,false,,ZARA,원피스,원피스,여성,도트 미니 원피스,https://www.zara.com/kr/ko/%E1%84%83%E1%85%A9%E1%84%90%E1%85%B3-%E1%84%86%E1%85%B5%E1%84%82%E1%85%B5-%E1%84%8B%E1%85%AF%E1%86%AB%E1%84%91%E1%85%B5%E1%84%89%E1%85%B3-p02180306.html,https://static.zara.net/assets/public/5a77/f55f/02f64839834f/6461d4e0dfb3/02180306094-p/02180306094-p.jpg?ts=1772540817130,"₩59,900",,,260622,"레드,화이트",,,,
,false,,ZARA,원피스,원피스,여성,ZW 컬렉션 반소매 셔츠 원피스,https://www.zara.com/kr/ko/zw-%E1%84%8F%E1%85%A5%E1%86%AF%E1%84%85%E1%85%A6%E1%86%A8%E1%84%89%E1%85%A7%E1%86%AB-%E1%84%89%E1%85%AD%E1%86%BA-%E1%84%89%E1%85%B3%E1%86%AF%E1%84%85%E1%85%B5%E1%84%87%E1%85%B3-%E1%84%89%E1%85%A7%E1%84%8E%E1%85%B3-%E1%84%8B%E1%85%AF%E1%86%AB%E1%84%91%E1%85%B5%E1%84%89%E1%85%B3-p02731052.html,https://static.zara.net/assets/public/9ebc/f845/c8af477281e0/273d09fd197c/02731052250-1-p/02731052250-1-p.jpg?ts=1775744676306,"₩89,900",,,260622,화이트,,,,
,false,,ZARA,원피스,원피스,여성,콤비 도트 원피스,https://www.zara.com/kr/ko/%E1%84%8F%E1%85%A9%E1%86%B7%E1%84%87%E1%85%B5-%E1%84%83%E1%85%A9%E1%84%90%E1%85%B3-%E1%84%8B%E1%85%AF%E1%86%AB%E1%84%91%E1%85%B5%E1%84%89%E1%85%B3-p01165466.html,https://static.zara.net/assets/public/516e/4d3c/51784e32915c/1954791d1c26/01165466800-p/01165466800-p.jpg?ts=1773930228918,"₩59,900",,,260622,블랙,,,,
,false,,ZARA,원피스,원피스,여성,도트 홀터넥 반다나 원피스,https://www.zara.com/kr/ko/%E1%84%83%E1%85%A9%E1%84%90%E1%85%B3-%E1%84%91%E1%85%A2%E1%84%90%E1%85%A5%E1%86%AB-%E1%84%92%E1%85%A9%E1%86%AF%E1%84%90%E1%85%A5%E1%84%82%E1%85%A6%E1%86%A8-%E1%84%8B%E1%85%AF%E1%86%AB%E1%84%91%E1%85%B5%E1%84%89%E1%85%B3-p01165467.html,https://static.zara.net/assets/public/080b/5674/aa9c45cf9644/e54478943077/01165467250-p/01165467250-p.jpg?ts=1773930232142,"₩59,900",,,260622,화이트,,,,
,false,,ZARA,원피스,원피스,여성,벨트 텍스처 미디 원피스,https://www.zara.com/kr/ko/%E1%84%87%E1%85%A6%E1%86%AF%E1%84%90%E1%85%B3-%E1%84%90%E1%85%A6%E1%86%A8%E1%84%89%E1%85%B3%E1%84%8E%E1%85%A5-%E1%84%86%E1%85%B5%E1%84%83%E1%85%B5-%E1%84%8B%E1%85%AF%E1%86%AB%E1%84%91%E1%85%B5%E1%84%89%E1%85%B3-p05067210.html,https://static.zara.net/assets/public/c814/8693/8c1d409fb68c/bf27f12fbc3c/05067210087-p/05067210087-p.jpg?ts=1772039965684,"₩59,900",,,260622,"브라운,크림",,,,
,false,,ZARA,원피스,원피스,여성,벨트 텍스처 미디 원피스,https://www.zara.com/kr/ko/%E1%84%87%E1%85%A6%E1%86%AF%E1%84%90%E1%85%B3-%E1%84%90%E1%85%A6%E1%86%A8%E1%84%89%E1%85%B3%E1%84%8E%E1%85%A5-%E1%84%86%E1%85%B5%E1%84%83%E1%85%B5-%E1%84%8B%E1%85%AF%E1%86%AB%E1%84%91%E1%85%B5%E1%84%89%E1%85%B3-p05067210.html,https://static.zara.net/assets/public/7b6e/c4da/d1604d6d9811/e95aa890158e/05067210075-p/05067210075-p.jpg?ts=1772039963352,"₩59,900",,,260622,"크림,베이지",,,,
,false,,ZARA,원피스,원피스,여성,스터드 미니 원피스,https://www.zara.com/kr/ko/%E1%84%89%E1%85%B3%E1%84%90%E1%85%A5%E1%84%83%E1%85%B3-%E1%84%86%E1%85%B5%E1%84%82%E1%85%B5-%E1%84%8B%E1%85%AF%E1%86%AB%E1%84%91%E1%85%B5%E1%84%89%E1%85%B3-p04813333.html,https://static.zara.net/assets/public/9bf0/f771/53af4b65840d/83673becf8af/04813333800-p/04813333800-p.jpg?ts=1774966562668,"₩45,900",,,260622,블랙,,,,
,false,,ZARA,원피스,원피스,여성,벨트 프릴 체크 미니 원피스,https://www.zara.com/kr/ko/%E1%84%87%E1%85%A6%E1%86%AF%E1%84%90%E1%85%B3-%E1%84%91%E1%85%B3%E1%84%85%E1%85%B5%E1%86%AF-%E1%84%8E%E1%85%A6%E1%84%8F%E1%85%B3-%E1%84%86%E1%85%B5%E1%84%82%E1%85%B5-%E1%84%8B%E1%85%AF%E1%86%AB%E1%84%91%E1%85%B5%E1%84%89%E1%85%B3-p02200533.html,https://static.zara.net/assets/public/09a2/956b/55ec489487a5/0ddbecef4752/02200533049-p/02200533049-p.jpg?ts=1768841107821,"₩79,900",,,260622,브라운-블루,,,,
,false,,ZARA,원피스,원피스,여성,Z1975 숏 데님 원피스,https://www.zara.com/kr/ko/z1975-%E1%84%89%E1%85%AD%E1%86%BA-%E1%84%83%E1%85%A6%E1%84%82%E1%85%B5%E1%86%B7-%E1%84%8B%E1%85%AF%E1%86%AB%E1%84%91%E1%85%B5%E1%84%89%E1%85%B3-p00108023.html,https://static.zara.net/assets/public/62a7/2075/127444f38315/7ed2b3c7034d/0108023427-p/0108023427-p.jpg?ts=1768899249866,"₩59,900",,,260622,미디움 블루,,,,
,false,,ZARA,원피스,원피스,여성,드레이프 미디 원피스 ZW 컬렉션,https://www.zara.com/kr/ko/%E1%84%83%E1%85%B3%E1%84%85%E1%85%A6%E1%84%8B%E1%85%B5%E1%84%91%E1%85%B3-%E1%84%86%E1%85%B5%E1%84%83%E1%85%B5-%E1%84%8B%E1%85%AF%E1%86%AB%E1%84%91%E1%85%B5%E1%84%89%E1%85%B3-zw-collection-p02140235.html,https://static.zara.net/assets/public/74d8/531a/a13c47b39f08/5d7c14658f18/02140235800-p/02140235800-p.jpg?ts=1779377105967,"₩149,900",,,260622,블랙,,,,
,false,,ZARA,원피스,원피스,여성,ZW 컬렉션 프린트 원피스,https://www.zara.com/kr/ko/zw-%E1%84%8F%E1%85%A5%E1%86%AF%E1%84%85%E1%85%A6%E1%86%A8%E1%84%89%E1%85%A7%E1%86%AB-%E1%84%91%E1%85%B3%E1%84%85%E1%85%B5%E1%86%AB%E1%84%90%E1%85%B3-%E1%84%8B%E1%85%AF%E1%86%AB%E1%84%91%E1%85%B5%E1%84%89%E1%85%B3-p06895091.html,https://static.zara.net/assets/public/3b2c/811c/6fb64ed783a1/c9a46b7c5974/06895091067-p/06895091067-p.jpg?ts=1779377119518,"₩109,900",,,260622,"크림,레드",,,,
,false,,ZARA,원피스,원피스,여성,린넨 벨트 미디 원피스,https://www.zara.com/kr/ko/%E1%84%87%E1%85%A6%E1%86%AF%E1%84%90%E1%85%B3-%E1%84%86%E1%85%B5%E1%84%83%E1%85%B5-%E1%84%8B%E1%85%AF%E1%86%AB%E1%84%91%E1%85%B5%E1%84%89%E1%85%B3-p04745031.html,https://static.zara.net/assets/public/a0b1/5ed3/094b4bd8a5c1/eff617431ec8/04745037052-p/04745037052-p.jpg?ts=1776248707216,"₩89,900",,,260622,라이트 베이지,,,,
,false,,ZARA,원피스,원피스,여성,100% 비스코스 비대칭 프린트 원피스,https://www.zara.com/kr/ko/%E1%84%87%E1%85%B5%E1%84%89%E1%85%B3%E1%84%8F%E1%85%A9%E1%84%89%E1%85%B3-100-%E1%84%87%E1%85%B5%E1%84%83%E1%85%A2%E1%84%8E%E1%85%B5%E1%86%BC-%E1%84%91%E1%85%B3%E1%84%85%E1%85%B5%E1%86%AB%E1%84%90%E1%85%B3-%E1%84%8B%E1%85%AF%E1%86%AB%E1%84%91%E1%85%B5%E1%84%89%E1%85%B3-p09003805.html,https://static.zara.net/assets/public/72f2/bdb1/0fdb41f88427/ab705b134cf2/09003805330-p/09003805330-p.jpg?ts=1770816156960,"₩109,900",,,260622,멀티컬러,,,,
,false,,ZARA,원피스,원피스,여성,플리츠 레이스 콤비 원피스,https://www.zara.com/kr/ko/%E1%84%91%E1%85%B3%E1%86%AF%E1%84%85%E1%85%B5%E1%84%8E%E1%85%B3-%E1%84%85%E1%85%A6%E1%84%8B%E1%85%B5%E1%84%89%E1%85%B3-%E1%84%8F%E1%85%A9%E1%86%B7%E1%84%87%E1%85%B5-%E1%84%8B%E1%85%AF%E1%86%AB%E1%84%91%E1%85%B5%E1%84%89%E1%85%B3-p01758644.html,https://static.zara.net/assets/public/8611/3d84/a1754cda9327/6b0e335ba106/01758644605-a4/01758644605-a4.jpg?ts=1770816132958,"₩189,900",,,260622,석류,,,,
,false,,ZARA,원피스,원피스,여성,벌룬 슬리브 부클레 원피스,https://www.zara.com/kr/ko/%E1%84%87%E1%85%A5%E1%86%AF%E1%84%85%E1%85%AE%E1%86%AB-%E1%84%89%E1%85%B3%E1%86%AF%E1%84%85%E1%85%B5%E1%84%87%E1%85%B3-%E1%84%87%E1%85%AE%E1%84%8F%E1%85%B3%E1%86%AF%E1%84%85%E1%85%A6-%E1%84%8B%E1%85%AF%E1%86%AB%E1%84%91%E1%85%B5%E1%84%89%E1%85%B3-p02298461.html,https://static.zara.net/assets/public/f58d/a9b7/671849258a1c/9466d4a7d23d/02298461625-e1/02298461625-e1.jpg?ts=1781247894499,"₩55,900",,,260622,그레이 로즈,,,,
,false,,ZARA,원피스,원피스,여성,새틴 롱 홀터넥 원피스,https://www.zara.com/kr/ko/%E1%84%89%E1%85%A2%E1%84%90%E1%85%B5%E1%86%AB-%E1%84%92%E1%85%A9%E1%86%AF%E1%84%90%E1%85%A5%E1%84%82%E1%85%A6%E1%86%A8-%E1%84%85%E1%85%A9%E1%86%BC-%E1%84%8B%E1%85%AF%E1%86%AB%E1%84%91%E1%85%B5%E1%84%89%E1%85%B3-p02778332.html,https://static.zara.net/assets/public/7208/87bc/49ca48478a7c/bdc7eff905ed/04772386800-000-p/04772386800-000-p.jpg?ts=1779871765793,"₩79,900",,,260622,블랙,,,,
,false,,ZARA,원피스,원피스,여성,ZW 컬렉션 LIMITED EDITION 벌룬 원피스,https://www.zara.com/kr/ko/zw-%E1%84%8F%E1%85%A5%E1%86%AF%E1%84%85%E1%85%A6%E1%86%A8%E1%84%89%E1%85%A7%E1%86%AB-limited-edition-%E1%84%87%E1%85%A5%E1%86%AF%E1%84%85%E1%85%AE%E1%86%AB-%E1%84%8B%E1%85%AF%E1%86%AB%E1%84%91%E1%85%B5%E1%84%89%E1%85%B3-p02424143.html,https://static.zara.net/assets/public/cf08/c979/9fe8407388a2/43663feffc3d/02424143802-p/02424143802-p.jpg?ts=1775636798843,"₩129,900",,,260622,그레이,,,,
,false,,ZARA,원피스,원피스,여성,ZW 컬렉션 LIMITED EDITION 프릴 원피스,https://www.zara.com/kr/ko/zw-%E1%84%8F%E1%85%A5%E1%86%AF%E1%84%85%E1%85%A6%E1%86%A8%E1%84%89%E1%85%A7%E1%86%AB-limited-edition-%E1%84%91%E1%85%B3%E1%84%85%E1%85%B5%E1%86%AF-%E1%84%8B%E1%85%AF%E1%86%AB%E1%84%91%E1%85%B5%E1%84%89%E1%85%B3-p02412143.html,https://static.zara.net/assets/public/515e/fe70/5fd94940a293/28275cd15e69/02412143406-1-p/02412143406-1-p.jpg?ts=1775729530172,"₩189,900",,,260622,라이트 블루,,,,
,false,,ZARA,원피스,원피스,여성,소프트 버튼 숏 원피스,https://www.zara.com/kr/ko/%E1%84%89%E1%85%A9%E1%84%91%E1%85%B3%E1%84%90%E1%85%B3-%E1%84%87%E1%85%A5%E1%84%90%E1%85%B3%E1%86%AB-%E1%84%89%E1%85%AD%E1%86%BA-%E1%84%8B%E1%85%AF%E1%86%AB%E1%84%91%E1%85%B5%E1%84%89%E1%85%B3-p05039353.html,https://static.zara.net/assets/public/b640/d64e/a5c74a489e1d/cd6736d20c52/05039353807-p/05039353807-p.jpg?ts=1771254693050,"₩55,900",,,260622,콜 그레이,,,,
,false,,ZARA,상의,셔츠/블라우스,여성,ZW 컬렉션 언밸런스 숏 원피스,https://www.zara.com/kr/ko/zw-%E1%84%8F%E1%85%A5%E1%86%AF%E1%84%85%E1%85%A6%E1%86%A8%E1%84%89%E1%85%A7%E1%86%AB-%E1%84%8B%E1%85%A5%E1%86%AB%E1%84%87%E1%85%A2%E1%86%AF%E1%84%85%E1%85%A5%E1%86%AB%E1%84%89%E1%85%B3-%E1%84%89%E1%85%AD%E1%86%BA-%E1%84%8B%E1%85%AF%E1%86%AB%E1%84%91%E1%85%B5%E1%84%89%E1%85%B3-p04786323.html,https://static.zara.net/assets/public/516d/cee6/d6dc4c8181a7/be223dfca887/04786323800-001-p/04786323800-001-p.jpg?ts=1769786339798,"₩89,900",,,260622,블랙,,,,
,false,,ZARA,원피스,원피스,여성,벨트 미디 원피스,https://www.zara.com/kr/ko/%E1%84%87%E1%85%A6%E1%86%AF%E1%84%90%E1%85%B3-%E1%84%86%E1%85%B5%E1%84%83%E1%85%B5-%E1%84%8B%E1%85%AF%E1%86%AB%E1%84%91%E1%85%B5%E1%84%89%E1%85%B3-p02343572.html,https://static.zara.net/assets/public/78f7/a845/4f31467a81ce/1af94df76f5e/02343572700-p/02343572700-p.jpg?ts=1769615292799,"₩89,900",,,260622,브라운,,,,
,false,,ZARA,원피스,원피스,여성,과일 패턴 프릴 미니 원피스,https://www.zara.com/kr/ko/%E1%84%91%E1%85%B3%E1%84%85%E1%85%AE%E1%84%8E%E1%85%B3-%E1%84%91%E1%85%B3%E1%84%85%E1%85%B5%E1%86%AB%E1%84%90%E1%85%B3-%E1%84%91%E1%85%B3%E1%84%85%E1%85%B5%E1%86%AF-%E1%84%86%E1%85%B5%E1%84%82%E1%85%B5-%E1%84%8B%E1%85%AF%E1%86%AB%E1%84%91%E1%85%B5%E1%84%89%E1%85%B3-p03152393.html,https://static.zara.net/assets/public/5a04/dafc/b94a4df7bcf5/6073343e4749/03152393115-000-p/03152393115-000-p.jpg?ts=1779103344275,"₩59,900",,,260622,오렌지,,,,
,false,,ZARA,원피스,원피스,여성,패턴 튤 미디 원피스,https://www.zara.com/kr/ko/%E1%84%91%E1%85%A2%E1%84%90%E1%85%A5%E1%86%AB-%E1%84%90%E1%85%B2%E1%86%AF-%E1%84%86%E1%85%B5%E1%84%83%E1%85%B5-%E1%84%8B%E1%85%AF%E1%86%AB%E1%84%91%E1%85%B5%E1%84%89%E1%85%B3-p04661373.html,https://static.zara.net/assets/public/e7b6/53f3/ce514eb48869/99b638d6d3cd/04661373050-p/04661373050-p.jpg?ts=1778500384733,"₩59,900",,,260622,단색,,,,
,false,,ZARA,원피스,원피스,여성,메탈릭 얀 오픈워크 니트 미니 원피스,https://www.zara.com/kr/ko/%E1%84%86%E1%85%A6%E1%84%90%E1%85%A1%E1%86%AF%E1%84%85%E1%85%B5%E1%86%A8-%E1%84%8B%E1%85%A3%E1%86%AB-%E1%84%8B%E1%85%A9%E1%84%91%E1%85%B3%E1%86%AB%E1%84%8B%E1%85%AF%E1%84%8F%E1%85%B3-%E1%84%82%E1%85%B5%E1%84%90%E1%85%B3-%E1%84%86%E1%85%B5%E1%84%82%E1%85%B5-%E1%84%8B%E1%85%AF%E1%86%AB%E1%84%91%E1%85%B5%E1%84%89%E1%85%B3-p08146004.html,https://static.zara.net/assets/public/b7db/7e16/8d564c688fae/c911e8da62fc/08146004104-a5/08146004104-a5.jpg?ts=1781860769418,"₩79,900",,,260622,스트라이프,,,,
,false,,ZARA,원피스,원피스,여성,스트라이프 러스틱 원피스,https://www.zara.com/kr/ko/%E1%84%89%E1%85%B3%E1%84%90%E1%85%B3%E1%84%85%E1%85%A1%E1%84%8B%E1%85%B5%E1%84%91%E1%85%B3-%E1%84%85%E1%85%A5%E1%84%89%E1%85%B3%E1%84%90%E1%85%B5%E1%86%A8-%E1%84%8B%E1%85%AF%E1%86%AB%E1%84%91%E1%85%B5%E1%84%89%E1%85%B3-p06462007.html,https://static.zara.net/assets/public/4058/560a/12b741cd9e4c/047f933a35d7/06462007104-p/06462007104-p.jpg?ts=1778767747113,"₩57,900",,,260622,스트라이프,,,,
,false,,ZARA,원피스,원피스,여성,트라빌리아 트윌 미디 원피스,https://www.zara.com/kr/ko/%E1%84%80%E1%85%A2%E1%84%87%E1%85%A5%E1%84%83%E1%85%B5%E1%86%AB-%E1%84%90%E1%85%A2%E1%86%B8-%E1%84%86%E1%85%B5%E1%84%83%E1%85%B5-%E1%84%8B%E1%85%AF%E1%86%AB%E1%84%91%E1%85%B5%E1%84%89%E1%85%B3-p04661390.html,https://static.zara.net/assets/public/81ec/4a9b/57954672ab1c/bc39bac27d9d/04661390711-p/04661390711-p.jpg?ts=1769788025167,"₩89,900",,,260622,샌드,,,,
,false,,ZARA,원피스,원피스,여성,스트라이프 콤비 원피스,https://www.zara.com/kr/ko/%E1%84%89%E1%85%B3%E1%84%90%E1%85%B3%E1%84%85%E1%85%A1%E1%84%8B%E1%85%B5%E1%84%91%E1%85%B3-%E1%84%8F%E1%85%A9%E1%86%B7%E1%84%87%E1%85%B5-%E1%84%8B%E1%85%AF%E1%86%AB%E1%84%91%E1%85%B5%E1%84%89%E1%85%B3-p01165050.html,https://static.zara.net/assets/public/0292/6bb7/817f4bdc91ad/07aefb067e9c/01165050800-p/01165050800-p.jpg?ts=1769783278249,"₩59,900",,,260622,블랙,,,,
,false,,ZARA,원피스,원피스,여성,ZW 컬렉션 숏 셔츠 원피스,https://www.zara.com/kr/ko/zw-%E1%84%8F%E1%85%A5%E1%86%AF%E1%84%85%E1%85%A6%E1%86%A8%E1%84%89%E1%85%A7%E1%86%AB-%E1%84%89%E1%85%AD%E1%86%BA-%E1%84%89%E1%85%A7%E1%84%8E%E1%85%B3-%E1%84%8B%E1%85%AF%E1%86%AB%E1%84%91%E1%85%B5%E1%84%89%E1%85%B3-p08438591.html,https://static.zara.net/assets/public/aca5/494e/68974ce0be18/94799cc67126/08438591401-p/08438591401-p.jpg?ts=1768304709157,"₩109,900",,,260622,네이비,,,,
,false,,ZARA,원피스,원피스,여성,스트라이프 벨트 미디 원피스,https://www.zara.com/kr/ko/%E1%84%87%E1%85%A6%E1%86%AF%E1%84%90%E1%85%B3-%E1%84%89%E1%85%B3%E1%84%90%E1%85%B3%E1%84%85%E1%85%A1%E1%84%8B%E1%85%B5%E1%84%91%E1%85%B3-%E1%84%86%E1%85%B5%E1%84%83%E1%85%B5-%E1%84%8B%E1%85%AF%E1%86%AB%E1%84%91%E1%85%B5%E1%84%89%E1%85%B3-p03293054.html,https://static.zara.net/assets/public/3ce7/f9bf/3e6340d7bbad/dab71e0bbba4/03293054047-p/03293054047-p.jpg?ts=1774009907867,"₩89,900",,,260622,프린트,,,,
,false,,ZARA,원피스,원피스,여성,스트라이프 미니 원피스,https://www.zara.com/kr/ko/%E1%84%89%E1%85%B3%E1%84%90%E1%85%B3%E1%84%85%E1%85%A1%E1%84%8B%E1%85%B5%E1%84%91%E1%85%B3-%E1%84%86%E1%85%B5%E1%84%82%E1%85%B5-%E1%84%8B%E1%85%AF%E1%86%AB%E1%84%91%E1%85%B5%E1%84%89%E1%85%B3-p03293055.html,https://static.zara.net/assets/public/b00f/49f1/51d54d388ed2/5fbc1b3830fe/03293055061-p/03293055061-p.jpg?ts=1774009910999,"₩59,900",,,260622,"화이트,레드",,,,
,false,,ZARA,원피스,원피스,여성,언밸런스 버클 원피스,https://www.zara.com/kr/ko/%E1%84%8B%E1%85%A5%E1%86%AB%E1%84%87%E1%85%A2%E1%86%AF%E1%84%85%E1%85%A5%E1%86%AB%E1%84%89%E1%85%B3-%E1%84%87%E1%85%A5%E1%84%8F%E1%85%B3%E1%86%AF-%E1%84%8B%E1%85%AF%E1%86%AB%E1%84%91%E1%85%B5%E1%84%89%E1%85%B3-p05029237.html,https://static.zara.net/assets/public/5338/79ef/d0854fc28ed3/0ac0520ab215/05029237309-p/05029237309-p.jpg?ts=1777566763328,"₩79,900",,,260622,카레,,,,
,false,,ZARA,원피스,원피스,여성,새틴 케이프 미디 원피스,https://www.zara.com/kr/ko/%E1%84%8F%E1%85%A6%E1%84%8B%E1%85%B5%E1%84%91%E1%85%B3-%E1%84%89%E1%85%A2%E1%84%90%E1%85%B5%E1%86%AB-%E1%84%86%E1%85%B5%E1%84%83%E1%85%B5-%E1%84%8B%E1%85%AF%E1%86%AB%E1%84%91%E1%85%B5%E1%84%89%E1%85%B3-p02321625.html,https://static.zara.net/assets/public/f254/43e6/12804e18b6f4/2a1a993f09c9/02321625732-p/02321625732-p.jpg?ts=1777566710698,"₩89,900",,,260622,카라멜,,,,
,false,,ZARA,원피스,원피스,여성,고데트 콤비 원피스,https://www.zara.com/kr/ko/%E1%84%80%E1%85%A9%E1%84%83%E1%85%A6%E1%84%90%E1%85%B3-%E1%84%8F%E1%85%A9%E1%86%B7%E1%84%87%E1%85%B5-%E1%84%8B%E1%85%AF%E1%86%AB%E1%84%91%E1%85%B5%E1%84%89%E1%85%B3-p04770466.html,https://static.zara.net/assets/public/6c3b/e469/dbf64755bc30/a11f9ceb0a9f/04770466250-p/04770466250-p.jpg?ts=1772202586262,"₩45,900",,,260622,화이트,,,,
,false,,ZARA,원피스,원피스,여성,더블 레이스 콤비 원피스,https://www.zara.com/kr/ko/%E1%84%83%E1%85%A5%E1%84%87%E1%85%B3%E1%86%AF-%E1%84%85%E1%85%A6%E1%84%8B%E1%85%B5%E1%84%89%E1%85%B3-%E1%84%8F%E1%85%A9%E1%86%B7%E1%84%87%E1%85%B5-%E1%84%8B%E1%85%AF%E1%86%AB%E1%84%91%E1%85%B5%E1%84%89%E1%85%B3-p05919132.html,https://static.zara.net/assets/public/8a85/9ce5/0ab649d492a4/d0104cdd9195/05919132622-a2/05919132622-a2.jpg?ts=1778660912597,"₩129,900",,,260622,페일 로즈,,,,
,false,,ZARA,원피스,원피스,여성,벨트 미니 원피스,https://www.zara.com/kr/ko/%E1%84%87%E1%85%A6%E1%86%AF%E1%84%90%E1%85%B3-%E1%84%86%E1%85%B5%E1%84%82%E1%85%B5-%E1%84%8B%E1%85%AF%E1%86%AB%E1%84%91%E1%85%B5%E1%84%89%E1%85%B3-p02354709.html,https://static.zara.net/assets/public/2f3b/5a6d/c05d4eae9b9a/8ac914695bd4/02354709250-a2/02354709250-a2.jpg?ts=1778849862574,"₩89,900",,,260622,화이트,,,,
,false,,ZARA,원피스,원피스,여성,TRF 오프숄더 데님 미디 원피스,https://www.zara.com/kr/ko/trf-%E1%84%8B%E1%85%A9%E1%84%91%E1%85%B3%E1%84%89%E1%85%AD%E1%86%AF%E1%84%83%E1%85%A5-%E1%84%83%E1%85%A6%E1%84%82%E1%85%B5%E1%86%B7-%E1%84%86%E1%85%B5%E1%84%83%E1%85%B5-%E1%84%8B%E1%85%AF%E1%86%AB%E1%84%91%E1%85%B5%E1%84%89%E1%85%B3-p06929387.html,https://static.zara.net/assets/public/8d9d/6605/b13a4c6a9424/61152d31d208/06929387800-p/06929387800-p.jpg?ts=1760022023110,"₩79,900",,,260622,블랙,,,,
,false,,ZARA,원피스,원피스,여성,ZW 컬렉션 볼륨 드레이프 원피스,https://www.zara.com/kr/ko/zw-%E1%84%8F%E1%85%A5%E1%86%AF%E1%84%85%E1%85%A6%E1%86%A8%E1%84%89%E1%85%A7%E1%86%AB-%E1%84%87%E1%85%A9%E1%86%AF%E1%84%85%E1%85%B2%E1%86%B7-%E1%84%83%E1%85%B3%E1%84%85%E1%85%A6%E1%84%8B%E1%85%B5%E1%84%91%E1%85%B3-%E1%84%8B%E1%85%AF%E1%86%AB%E1%84%91%E1%85%B5%E1%84%89%E1%85%B3-p04786055.html,https://static.zara.net/assets/public/252a/0ac0/6f7b4cbcaf2a/ebcb4ca6777c/04786055700-p/04786055700-p.jpg?ts=1774619603494,"₩89,900",,,260622,브라운,,,,
,false,,ZARA,원피스,원피스,여성,ZW 컬렉션 레이스 미디 원피스,https://www.zara.com/kr/ko/zw-%E1%84%8F%E1%85%A5%E1%86%AF%E1%84%85%E1%85%A6%E1%86%A8%E1%84%89%E1%85%A7%E1%86%AB-%E1%84%85%E1%85%A6%E1%84%8B%E1%85%B5%E1%84%89%E1%85%B3-%E1%84%86%E1%85%B5%E1%84%83%E1%85%B5-%E1%84%8B%E1%85%AF%E1%86%AB%E1%84%91%E1%85%B5%E1%84%89%E1%85%B3-p06895043.html,https://static.zara.net/assets/public/74c5/662f/cf3d4976b8cb/23288163c078/06895043712-p/06895043712-p.jpg?ts=1774619611440,"₩129,900",,,260622,크림,,,,
,false,,ZARA,원피스,원피스,여성,하이넥 레이스 원피스,https://www.zara.com/kr/ko/%E1%84%92%E1%85%A1%E1%84%8B%E1%85%B5%E1%84%82%E1%85%A6%E1%86%A8-%E1%84%85%E1%85%A6%E1%84%8B%E1%85%B5%E1%84%89%E1%85%B3-%E1%84%8B%E1%85%AF%E1%86%AB%E1%84%91%E1%85%B5%E1%84%89%E1%85%B3-p01223719.html,https://static.zara.net/assets/public/6f7b/ce02/d6a24b69b50f/b559c8d397d9/01223719700-h1/01223719700-h1.jpg?ts=1781098791351,"₩109,900",,,260622,브라운,,,,
,false,,ZARA,원피스,원피스,여성,스트랩 미니 원피스,https://www.zara.com/kr/ko/%E1%84%89%E1%85%B3%E1%84%90%E1%85%B3%E1%84%85%E1%85%A2%E1%86%B8-%E1%84%86%E1%85%B5%E1%84%82%E1%85%B5-%E1%84%8B%E1%85%AF%E1%86%AB%E1%84%91%E1%85%B5%E1%84%89%E1%85%B3-p01355022.html,https://static.zara.net/assets/public/432d/b683/60ed495eb243/3b2e44abb05c/01355022311-p/01355022311-p.jpg?ts=1773398869156,"₩57,900",,,260622,다크 엘로우,,,,
,false,,ZARA,원피스,원피스,여성,스트랩 미니 원피스,https://www.zara.com/kr/ko/%E1%84%89%E1%85%B3%E1%84%90%E1%85%B3%E1%84%85%E1%85%A2%E1%86%B8-%E1%84%86%E1%85%B5%E1%84%82%E1%85%B5-%E1%84%8B%E1%85%AF%E1%86%AB%E1%84%91%E1%85%B5%E1%84%89%E1%85%B3-p01355022.html,https://static.zara.net/assets/public/fccf/f28d/a9954856b874/a07f32c50b54/01355022800-p/01355022800-p.jpg?ts=1773398809787,"₩57,900",,,260622,블랙,,,,
,false,,ZARA,원피스,원피스,여성,언밸런스 롱 원피스,https://www.zara.com/kr/ko/%E1%84%8B%E1%85%A5%E1%86%AB%E1%84%87%E1%85%A2%E1%86%AF%E1%84%85%E1%85%A5%E1%86%AB%E1%84%89%E1%85%B3-%E1%84%85%E1%85%A9%E1%86%BC-%E1%84%8B%E1%85%AF%E1%86%AB%E1%84%91%E1%85%B5%E1%84%89%E1%85%B3-p04174233.html,https://static.zara.net/assets/public/2830/4e2e/e0204e07915d/dd02f4ba6295/04174233727-a3/04174233727-a3.jpg?ts=1777473432605,"₩49,900",,,260622,바닐라,,,,
,false,,ZARA,원피스,원피스,여성,ZW 컬렉션 레이스 미디 원피스,https://www.zara.com/kr/ko/%E1%84%85%E1%85%A6%E1%84%8B%E1%85%B5%E1%84%89%E1%85%B3-%E1%84%86%E1%85%B5%E1%84%83%E1%85%B5-%E1%84%8B%E1%85%AF%E1%86%AB%E1%84%91%E1%85%B5%E1%84%89%E1%85%B3-zw-%E1%84%8F%E1%85%A5%E1%86%AF%E1%84%85%E1%85%A6%E1%86%A8%E1%84%89%E1%85%A7%E1%86%AB-p06895046.html,https://static.zara.net/assets/public/0e21/0135/0e264847aa2c/68da768d89b8/06895046800-p/06895046800-p.jpg?ts=1772038239399,"₩129,900",,,260622,블랙,,,,
,false,,ZARA,원피스,원피스,여성,ZW 컬렉션 숏 원피스,https://www.zara.com/kr/ko/zw-%E1%84%8F%E1%85%A5%E1%86%AF%E1%84%85%E1%85%A6%E1%86%A8%E1%84%89%E1%85%A7%E1%86%AB-%E1%84%89%E1%85%AD%E1%86%BA-%E1%84%8B%E1%85%AF%E1%86%AB%E1%84%91%E1%85%B5%E1%84%89%E1%85%B3-p02893459.html,https://static.zara.net/assets/public/e619/8e23/debb44288c98/a9dd987ec65d/02893459800-p/02893459800-p.jpg?ts=1771502969198,"₩59,900",,,260622,블랙,,,,
,false,,ZARA,원피스,원피스,여성,콤비 숏 원피스,https://www.zara.com/kr/ko/%E1%84%8F%E1%85%A9%E1%86%B7%E1%84%87%E1%85%B5-%E1%84%89%E1%85%AD%E1%86%BA-%E1%84%8B%E1%85%AF%E1%86%AB%E1%84%91%E1%85%B5%E1%84%89%E1%85%B3-p01355028.html,https://static.zara.net/assets/public/8028/516a/e268413fadb8/1b5bce7401b1/01355028800-p/01355028800-p.jpg?ts=1778674015723,"₩59,900",,,260622,블랙,,,,
,false,,ZARA,원피스,원피스,여성,벨트 미디 원피스,https://www.zara.com/kr/ko/%E1%84%87%E1%85%A6%E1%86%AF%E1%84%90%E1%85%B5%E1%84%83%E1%85%B3-%E1%84%86%E1%85%B5%E1%84%83%E1%85%B5-%E1%84%8B%E1%85%AF%E1%86%AB%E1%84%91%E1%85%B5%E1%84%89%E1%85%B3-p04387259.html,https://static.zara.net/assets/public/5dba/8dac/c1154bceaa4c/3360436e141d/04387259600-p/04387259600-p.jpg?ts=1770987301998,"₩89,900",,,260622,레드,,,,
,false,,ZARA,원피스,원피스,여성,도트 미니 스트랩 원피스,https://www.zara.com/kr/ko/%E1%84%89%E1%85%B3%E1%84%90%E1%85%B3%E1%84%85%E1%85%A2%E1%86%B8-%E1%84%86%E1%85%B5%E1%84%82%E1%85%B5-%E1%84%8B%E1%85%AF%E1%86%AB%E1%84%91%E1%85%B5%E1%84%89%E1%85%B3-p02637111.html,https://static.zara.net/assets/public/1478/f148/98894c029445/933556978013/04661335084-p/04661335084-p.jpg?ts=1773920705609,"₩59,900","₩35,900",40,260622,"블랙,화이트",,,,
,false,,ZARA,원피스,원피스,여성,드레이프 홀터넥 미니 원피스,https://www.zara.com/kr/ko/%E1%84%83%E1%85%B3%E1%84%85%E1%85%A6%E1%84%8B%E1%85%B5%E1%84%91%E1%85%B3-%E1%84%92%E1%85%A9%E1%86%AF%E1%84%90%E1%85%A5%E1%84%82%E1%85%A6%E1%86%A8-%E1%84%86%E1%85%B5%E1%84%82%E1%85%B5-%E1%84%8B%E1%85%AF%E1%86%AB%E1%84%91%E1%85%B5%E1%84%89%E1%85%B3-p03152323.html,https://static.zara.net/assets/public/94e8/bca6/d4db4dfa92c4/8672b4f01ab5/03152323645-p/03152323645-p.jpg?ts=1773310759181,"₩55,900",,,260622,미디움 로즈,,,,
,false,,ZARA,원피스,원피스,여성,루즈 롱 원피스,https://www.zara.com/kr/ko/%E1%84%85%E1%85%AE%E1%84%8C%E1%85%B3-%E1%84%85%E1%85%A9%E1%86%BC-%E1%84%8B%E1%85%AF%E1%86%AB%E1%84%91%E1%85%B5%E1%84%89%E1%85%B3-p04772370.html,https://static.zara.net/assets/public/fa34/96fc/635a4d388c84/639977179d2e/02885210800-p/02885210800-p.jpg?ts=1775065420464,"₩79,900",,,260622,블랙,,,,
,false,,ZARA,원피스,원피스,여성,미니 스트랩 자수 원피스,https://www.zara.com/kr/ko/%E1%84%86%E1%85%B5%E1%84%82%E1%85%B5-%E1%84%89%E1%85%B3%E1%84%90%E1%85%B3%E1%84%85%E1%85%A2%E1%86%B8-%E1%84%8C%E1%85%A1%E1%84%89%E1%85%AE-%E1%84%8B%E1%85%AF%E1%86%AB%E1%84%91%E1%85%B5%E1%84%89%E1%85%B3-p07521300.html,https://static.zara.net/assets/public/a3f9/853f/6e244b4f8391/27c93392e73a/07521300800-p/07521300800-p.jpg?ts=1775065424887,"₩59,900","₩35,900",40,260622,블랙,,,,
,false,,ZARA,원피스,원피스,여성,미니 스트랩 원피스,https://www.zara.com/kr/ko/%E1%84%89%E1%85%B3%E1%84%90%E1%85%B3%E1%84%85%E1%85%A2%E1%86%B8-%E1%84%86%E1%85%B5%E1%84%82%E1%85%B5-%E1%84%8B%E1%85%AF%E1%86%AB%E1%84%91%E1%85%B5%E1%84%89%E1%85%B3-p02637111.html,https://static.zara.net/assets/public/e710/3c72/a0f74af0927b/146dbc46c113/02637111250-p/02637111250-p.jpg?ts=1773258719991,"₩59,900","₩35,900",40,260622,화이트,,,,
,false,,ZARA,원피스,원피스,여성,스트라이프 미니 원피스,https://www.zara.com/kr/ko/%E1%84%89%E1%85%B3%E1%84%90%E1%85%B3%E1%84%85%E1%85%A1%E1%84%8B%E1%85%B5%E1%84%91%E1%85%B3-%E1%84%86%E1%85%B5%E1%84%82%E1%85%B5-%E1%84%8B%E1%85%AF%E1%86%AB%E1%84%91%E1%85%B5%E1%84%89%E1%85%B3-p02669500.html,https://static.zara.net/assets/public/5906/5ba4/162a4b8b9e9c/314b52fbe326/02669500100-p/02669500100-p.jpg?ts=1773662018605,"₩59,900",,,260622,"크림,옐로우",,,,
,false,,ZARA,원피스,원피스,여성,자수 스트랩 미니 원피스,https://www.zara.com/kr/ko/%E1%84%86%E1%85%B5%E1%84%82%E1%85%B5-%E1%84%89%E1%85%B3%E1%84%90%E1%85%B3%E1%84%85%E1%85%A2%E1%86%B8-%E1%84%8C%E1%85%A1%E1%84%89%E1%85%AE-%E1%84%8B%E1%85%AF%E1%86%AB%E1%84%91%E1%85%B5%E1%84%89%E1%85%B3-p07521300.html,https://static.zara.net/assets/public/5840/5b7e/424a445bb4ed/e376af2391e9/07521300250-a2/07521300250-a2.jpg?ts=1775052080873,"₩59,900","₩35,900",40,260622,화이트,,,,
,false,,ZARA,원피스,원피스,여성,미니 스트랩 자수 원피스,https://www.zara.com/kr/ko/%E1%84%86%E1%85%B5%E1%84%82%E1%85%B5-%E1%84%89%E1%85%B3%E1%84%90%E1%85%B3%E1%84%85%E1%85%A2%E1%86%B8-%E1%84%8C%E1%85%A1%E1%84%89%E1%85%AE-%E1%84%8B%E1%85%AF%E1%86%AB%E1%84%91%E1%85%B5%E1%84%89%E1%85%B3-p07521300.html,https://static.zara.net/assets/public/7291/efe8/4126459a904f/298126a9c6f7/07521300800-p/07521300800-p.jpg?ts=1775065323513,"₩59,900","₩35,900",40,260622,블랙,,,,
,false,,ZARA,원피스,원피스,여성,백 리본 도트 미니 원피스,https://www.zara.com/kr/ko/%E1%84%87%E1%85%A2%E1%86%A8-%E1%84%85%E1%85%B5%E1%84%87%E1%85%A9%E1%86%AB-%E1%84%86%E1%85%B5%E1%84%82%E1%85%B5-%E1%84%8B%E1%85%AF%E1%86%AB%E1%84%91%E1%85%B5%E1%84%89%E1%85%B3-p04661350.html,https://static.zara.net/assets/public/a309/5b0d/eeb247dda0df/990fb1a4cdde/04661350086-p/04661350086-p.jpg?ts=1778686700629,"₩59,900","₩39,900",33,260622,"크림,브라운",,,,
,false,,ZARA,원피스,원피스,여성,거셋 시폰 미디 원피스,https://www.zara.com/kr/ko/%E1%84%80%E1%85%A5%E1%84%89%E1%85%A6%E1%86%BA-%E1%84%89%E1%85%B5%E1%84%91%E1%85%A9%E1%86%AB-%E1%84%86%E1%85%B5%E1%84%83%E1%85%B5-%E1%84%8B%E1%85%AF%E1%86%AB%E1%84%91%E1%85%B5%E1%84%89%E1%85%B3-p00881344.html,https://static.zara.net/assets/public/d3db/b7f8/3cdb4fdf8c26/8b9b766ac976/00881344250-000-p/00881344250-000-p.jpg?ts=1773307857456,"₩89,900","₩49,900",44,260622,화이트,,,,
,false,,ZARA,원피스,원피스,여성,루즈 롱 원피스,https://www.zara.com/kr/ko/%E1%84%85%E1%85%AE%E1%84%8C%E1%85%B3-%E1%84%85%E1%85%A9%E1%86%BC-%E1%84%8B%E1%85%AF%E1%86%AB%E1%84%91%E1%85%B5%E1%84%89%E1%85%B3-p04772370.html,https://static.zara.net/assets/public/9f11/3f1a/773c4633833d/93c27933f072/04772375677-p/04772375677-p.jpg?ts=1773231242569,"₩79,900","₩49,900",38,260622,접시꽃 가루,,,,
,false,,ZARA,원피스,원피스,여성,거셋 거즈 미디 원피스,https://www.zara.com/kr/ko/%E1%84%80%E1%85%A5%E1%84%89%E1%85%A6%E1%86%BA-%E1%84%89%E1%85%B5%E1%84%91%E1%85%A9%E1%86%AB-%E1%84%86%E1%85%B5%E1%84%83%E1%85%B5-%E1%84%8B%E1%85%AF%E1%86%AB%E1%84%91%E1%85%B5%E1%84%89%E1%85%B3-p00881344.html,https://static.zara.net/assets/public/42ab/e8f1/146d425eb545/dcc400d1a2d5/00881344700-p/00881344700-p.jpg?ts=1773231917812,"₩89,900","₩49,900",44,260622,브라운,,,,
,false,,ZARA,원피스,원피스,여성,새틴 레이스 원피스,https://www.zara.com/kr/ko/%E1%84%89%E1%85%A2%E1%84%90%E1%85%B5%E1%86%AB-%E1%84%85%E1%85%A6%E1%84%8B%E1%85%B5%E1%84%89%E1%85%B3-%E1%84%8B%E1%85%AF%E1%86%AB%E1%84%91%E1%85%B5%E1%84%89%E1%85%B3-p09577341.html,https://static.zara.net/assets/public/e687/c7ad/65954859b808/7644fc780bcf/09576331742-p/09576331742-p.jpg?ts=1774017214941,"₩79,900","₩45,900",43,260622,다크 밍크,,,,
,false,,ZARA,원피스,원피스,여성,새틴 레이스 원피스,https://www.zara.com/kr/ko/%E1%84%89%E1%85%A2%E1%84%90%E1%85%B5%E1%86%AB-%E1%84%85%E1%85%A6%E1%84%8B%E1%85%B5%E1%84%89%E1%85%B3-%E1%84%8B%E1%85%AF%E1%86%AB%E1%84%91%E1%85%B5%E1%84%89%E1%85%B3-p09577341.html,https://static.zara.net/assets/public/3c8e/8653/369240e384c1/5543bc0c6b7b/09577341800-p/09577341800-p.jpg?ts=1774017218718,"₩79,900","₩45,900",43,260622,블랙,,,,
,false,,ZARA,원피스,원피스,여성,깅엄 체크 볼륨 미니 원피스,https://www.zara.com/kr/ko/%E1%84%87%E1%85%A9%E1%86%AF%E1%84%85%E1%85%B2%E1%86%B7-%E1%84%80%E1%85%B5%E1%86%BC%E1%84%8B%E1%85%A5%E1%86%B7-%E1%84%8E%E1%85%A6%E1%84%8F%E1%85%B3-%E1%84%86%E1%85%B5%E1%84%82%E1%85%B5-%E1%84%8B%E1%85%AF%E1%86%AB%E1%84%91%E1%85%B5%E1%84%89%E1%85%B3-p03152395.html,https://static.zara.net/assets/public/33f4/01d2/186c447cad03/b548224f5894/03152395615-a4/03152395615-a4.jpg?ts=1779359052221,"₩59,900","₩39,900",33,260622,오렌지,,,,
,false,,ZARA,원피스,원피스,여성,뒷면 리본 미니 원피스,https://www.zara.com/kr/ko/%E1%84%87%E1%85%A2%E1%86%A8-%E1%84%85%E1%85%B5%E1%84%87%E1%85%A9%E1%86%AB-%E1%84%86%E1%85%B5%E1%84%82%E1%85%B5-%E1%84%8B%E1%85%AF%E1%86%AB%E1%84%91%E1%85%B5%E1%84%89%E1%85%B3-p04661350.html,https://static.zara.net/assets/public/16e5/e127/8f1b47e08a2d/7f2a3008baeb/04661350637-p/04661350637-p.jpg?ts=1778686736601,"₩59,900","₩39,900",33,260622,라이트 로즈,,,,
,false,,ZARA,원피스,원피스,여성,새틴 슬릿 원피스,https://www.zara.com/kr/ko/%E1%84%89%E1%85%B3%E1%86%AF%E1%84%85%E1%85%B5%E1%86%BA-%E1%84%89%E1%85%A2%E1%84%90%E1%85%B5%E1%86%AB-%E1%84%8B%E1%85%AF%E1%86%AB%E1%84%91%E1%85%B5%E1%84%89%E1%85%B3-p02801331.html,https://static.zara.net/assets/public/1c8b/9123/af5c4556a80c/687e368cc9d9/02801331250-p/02801331250-p.jpg?ts=1776871887456,"₩55,900","₩35,900",36,260622,화이트,,,,
,false,,ZARA,원피스,원피스,여성,소프트 니트 미니 원피스,https://www.zara.com/kr/ko/%E1%84%89%E1%85%A9%E1%84%91%E1%85%B3%E1%84%90%E1%85%B3-%E1%84%82%E1%85%B5%E1%84%90%E1%85%B3-%E1%84%86%E1%85%B5%E1%84%82%E1%85%B5-%E1%84%8B%E1%85%AF%E1%86%AB%E1%84%91%E1%85%B5%E1%84%89%E1%85%B3-p05536158.html,https://static.zara.net/assets/public/598f/ea43/8af3420a8bad/d12bbb60cf9e/05536158700-p/05536158700-p.jpg?ts=1765539499459,"₩59,900","₩39,900",33,260622,브라운,,,,
,false,,ZARA,원피스,원피스,여성,소프트 니트 미니 원피스,https://www.zara.com/kr/ko/%E1%84%89%E1%85%A9%E1%84%91%E1%85%B3%E1%84%90%E1%85%B3-%E1%84%82%E1%85%B5%E1%84%90%E1%85%B3-%E1%84%86%E1%85%B5%E1%84%82%E1%85%B5-%E1%84%8B%E1%85%AF%E1%86%AB%E1%84%91%E1%85%B5%E1%84%89%E1%85%B3-p05536158.html,https://static.zara.net/assets/public/c336/8f46/8d4d46118506/be5f54675b19/05536158700-p/05536158700-p.jpg?ts=1761834680341,"₩59,900","₩39,900",33,260622,브라운,,,,
,false,,ZARA,원피스,원피스,여성,드레이프 홀터넥 원피스,https://www.zara.com/kr/ko/%E1%84%83%E1%85%B3%E1%84%85%E1%85%A6%E1%84%8B%E1%85%B5%E1%84%91%E1%85%B3-%E1%84%92%E1%85%A9%E1%86%AF%E1%84%90%E1%85%A5%E1%84%82%E1%85%A6%E1%86%A8-%E1%84%8B%E1%85%AF%E1%86%AB%E1%84%91%E1%85%B5%E1%84%89%E1%85%B3-p01026252.html,https://static.zara.net/assets/public/07b0/5d22/067e46a0b947/a53f052cbd98/01026252251-p/01026252251-p.jpg?ts=1773681867983,"₩55,900","₩35,900",36,260622,스크래치 화이트,,,,
,false,,ZARA,원피스,원피스,여성,드레이프 홀터넥 원피스,https://www.zara.com/kr/ko/%E1%84%83%E1%85%B3%E1%84%85%E1%85%A6%E1%84%8B%E1%85%B5%E1%84%91%E1%85%B3-%E1%84%92%E1%85%A9%E1%86%AF%E1%84%90%E1%85%A5%E1%84%82%E1%85%A6%E1%86%A8-%E1%84%8B%E1%85%AF%E1%86%AB%E1%84%91%E1%85%B5%E1%84%89%E1%85%B3-p01026252.html,https://static.zara.net/assets/public/115a/3e73/eb9d44559854/e14c52f472aa/01026252700-p/01026252700-p.jpg?ts=1773681868096,"₩55,900","₩35,900",36,260622,브라운,,,,
,false,,ZARA,원피스,원피스,여성,미니 니트 원피스,https://www.zara.com/kr/ko/%E1%84%86%E1%85%B5%E1%84%82%E1%85%B5-%E1%84%82%E1%85%B5%E1%84%90%E1%85%B3-%E1%84%8B%E1%85%AF%E1%86%AB%E1%84%91%E1%85%B5%E1%84%89%E1%85%B3-p02142026.html,https://static.zara.net/assets/public/383e/7618/dae6432da6fd/68ba52f88448/02142026737-p/02142026737-p.jpg?ts=1766414790040,"₩59,900","₩39,900",33,260622,"브라운,토프",,,,
,false,,ZARA,원피스,원피스,여성,도트 패턴 새틴 홀터넥 원피스,https://www.zara.com/kr/ko/%E1%84%89%E1%85%A2%E1%84%90%E1%85%B5%E1%86%AB-%E1%84%83%E1%85%A9%E1%84%90%E1%85%B3-%E1%84%92%E1%85%A9%E1%86%AF%E1%84%90%E1%85%A5%E1%84%82%E1%85%A6%E1%86%A8-%E1%84%8B%E1%85%AF%E1%86%AB%E1%84%91%E1%85%B5%E1%84%89%E1%85%B3-p02802332.html,https://static.zara.net/assets/public/0bcb/0d93/69034a3f967b/aa8d656489a2/03067382070-a1/03067382070-a1.jpg?ts=1778170545430,"₩59,900","₩39,900",33,260622,"크림,블랙",,,,
,false,,ZARA,원피스,원피스,여성,새틴 홀터넥 원피스,https://www.zara.com/kr/ko/%E1%84%89%E1%85%A2%E1%84%90%E1%85%B5%E1%86%AB-%E1%84%83%E1%85%A9%E1%84%90%E1%85%B3-%E1%84%92%E1%85%A9%E1%86%AF%E1%84%90%E1%85%A5%E1%84%82%E1%85%A6%E1%86%A8-%E1%84%8B%E1%85%AF%E1%86%AB%E1%84%91%E1%85%B5%E1%84%89%E1%85%B3-p02802332.html,https://static.zara.net/assets/public/7ca5/78e7/00fe42edadb2/41750c97ec2e/02802332800-p/02802332800-p.jpg?ts=1778170545347,"₩59,900","₩39,900",33,260622,블랙,,,,
,false,,ZARA,원피스,원피스,여성,소프트 니트 미니 원피스,https://www.zara.com/kr/ko/%E1%84%89%E1%85%A9%E1%84%91%E1%85%B3%E1%84%90%E1%85%B3-%E1%84%82%E1%85%B5%E1%84%90%E1%85%B3-%E1%84%86%E1%85%B5%E1%84%82%E1%85%B5-%E1%84%8B%E1%85%AF%E1%86%AB%E1%84%91%E1%85%B5%E1%84%89%E1%85%B3-p05536158.html,https://static.zara.net/assets/public/3199/0902/2d6f462da5ca/6b6fa7153460/05536158800-p/05536158800-p.jpg?ts=1767871785510,"₩59,900","₩39,900",33,260622,블랙,,,,
