platform,is_ranking,rank,brand,brand_likes,main_category,category,gender,product_detail_url,product_name,color,color_chip,thumbnail,likes,views,details,material,current_price,regular_price,discount_rate,rating,reviews,sales,manufacture_date,crawled_at,reorder
petrichoor.com,false,,페트리코어,,,,,https://petrichoor.com/product/detail.html?product_no=5789,[🌴썸머/단독] 로웰 스퀘어넥 퍼프 반팔 블라우스 (셔링블라우스/버튼포인트/오프숄더),,,https://petrichoor.com/web/product/medium/202606/a2339105a752be649bd435f46e0bffb7.gif,,,,,"₩53,900","₩53,900",,,,,,260622,
petrichoor.com,false,,페트리코어,,,,,https://petrichoor.com/product/detail.html?product_no=5788,엘르 슬링백 스트랩 스텔레토 힐 (3color),,,https://petrichoor.com/web/product/medium/202606/d954dbc39abcbf308aaa764c69b62810.gif,,,,,"₩53,900","₩53,900",,,,,,260622,
petrichoor.com,false,,페트리코어,,,,,https://petrichoor.com/product/detail.html?product_no=5787,[💌하객룩/단독] 세디안 스트라이프 타이 블라우스 (여름블라우스/스트라이프/출근룩),,,https://petrichoor.com/web/product/medium/202606/c7295e401da5192c9b187adf6dfe8124.gif,,,,,"₩39,000","₩39,000",,,,,,260622,
petrichoor.com,false,,페트리코어,,,,,https://petrichoor.com/product/detail.html?product_no=5786,[🧊여름바지/단독] 페블 스트라이프 밴딩 팬츠 (바캉스룩/체형커버/10부팬츠/편한바지),,,https://petrichoor.com/web/product/medium/202606/ba65c84b99f8d6ae21b324897edf40bb.gif,,,,,"₩39,000","₩39,000",,,,,,260622,
petrichoor.com,false,,페트리코어,,,,,https://petrichoor.com/product/detail.html?product_no=5785,[🍉썸머/단독] 센느 라운드넥 프릴 캡소매 블라우스 (안감o/체형커버/퍼프소매),,,https://petrichoor.com/web/product/medium/202606/708bf4dfc54bbf70a84384b02e94b513.gif,,,,,"₩35,000","₩35,000",,,,,,260622,
petrichoor.com,false,,페트리코어,,,,,https://petrichoor.com/product/detail.html?product_no=5784,모먼 클래식 포켓 버뮤다 5부 팬츠 (2color),,,https://petrichoor.com/web/product/medium/202606/936fecbb172c5ffa03828b5d8fc56da8.gif,,,,,"₩56,000","₩56,000",,,,,,260622,
petrichoor.com,false,,페트리코어,,,,,https://petrichoor.com/product/detail.html?product_no=5780,[🩴썸머/단독] 아로 젤리 슈즈 (여름신발/플랫슈즈/휴가룩),,,https://petrichoor.com/web/product/medium/202606/e7e6d8fb4d2f53946ece5420840f8ea2.gif,,,,,"₩56,000","₩56,000",,,,,,260622,
petrichoor.com,false,,페트리코어,,,,,https://petrichoor.com/product/detail.html?product_no=5779,룸디 도트 반다나 스카프 (2color),,,https://petrichoor.com/web/product/medium/202606/2e3a8d7e903fe8d04f088d983e6ba755.gif,,,,,"₩22,000","₩22,000",,,,,,260622,
petrichoor.com,false,,페트리코어,,,,,https://petrichoor.com/product/detail.html?product_no=5778,커먼 플라워 스트링 롱 스커트 (2color),,,https://petrichoor.com/web/product/medium/202606/6289d85559a320ff5370fe5bd128e06d.gif,,,,,"₩60,500","₩60,500",,,,,,260622,
petrichoor.com,false,,페트리코어,,,,,https://petrichoor.com/product/detail.html?product_no=5777,타올 퍼피 프린팅 반팔 티셔츠 (2color),,,https://petrichoor.com/web/product/medium/202606/4e59425a97af66be9ac7f3afc3b81dd3.gif,,,,,"₩39,000","₩39,000",,,,,,260622,
petrichoor.com,false,,페트리코어,,,,,https://petrichoor.com/product/detail.html?product_no=5776,루코 홀터넥 플라워 체크 뷔스티에 나시 탑 (navy),,,https://petrichoor.com/web/product/medium/202606/ad7d5444450044caa057cb460a97b206.gif,,,,,"₩39,000","₩39,000",,,,,,260622,
petrichoor.com,false,,페트리코어,,,,,https://petrichoor.com/product/detail.html?product_no=5775,마망 니트 두건 헤어 커치프 (beige),,,https://petrichoor.com/web/product/medium/202606/0c9c4fb0572348cb93325fac23eca383.gif,,,,,"₩28,000","₩28,000",,,,,,260622,
petrichoor.com,false,,페트리코어,,,,,https://petrichoor.com/product/detail.html?product_no=5773,[🤍여름블라우스/단독] 데이아 셔링 브이넥 반팔 블라우스 (하객룩/출근룩/팔뚝커버),,,https://petrichoor.com/web/product/medium/202606/0194dc584a693991bd39c69a64cd7014.gif,,,,,"₩44,000","₩44,000",,,,,,260622,
petrichoor.com,false,,페트리코어,,,,,https://petrichoor.com/product/detail.html?product_no=5772,[💌하객룩/단독] 모엣 허리끈 프릴 반팔 블라우스 (여름블라우스/라운드넥/루즈핏),,,https://petrichoor.com/web/product/medium/202606/7d850e2fc7b3105774c56fff20743fb2.gif,,,,,"₩37,000","₩37,000",,,,,,260622,
petrichoor.com,false,,페트리코어,,,,,https://petrichoor.com/product/detail.html?product_no=5771,[🤍썸머/단독] 소아 퓨어 린넨 반팔 블라우스 (리본스트랩/핀턱디테일/여름블라우스),,,https://petrichoor.com/web/product/medium/202606/8247a147665430a7a98859d52aa691c4.gif,,,,,"₩35,000","₩35,000",,,,,,260622,
petrichoor.com,false,,페트리코어,,,,,https://petrichoor.com/product/detail.html?product_no=5770,[☘여름신상/단독] 하랑 레이어드 핀턱 캡소매 블라우스 (라운드넥/안감o/쿨소재),,,https://petrichoor.com/web/product/medium/202606/666526568b20f9ee48ff60dc7a9035dd.gif,,,,,"₩44,000","₩44,000",,,,,,260622,
petrichoor.com,false,,페트리코어,,,,,https://petrichoor.com/product/detail.html?product_no=5765,[썸머/단독] 포그 벌룬 와이드 밴딩 팬츠 (체형커버/데일리룩/절개포인트),,,https://petrichoor.com/web/product/medium/202606/0400c729ca7570d4cde4dd0a466a81ec.gif,,,,,"₩56,000","₩56,000",,,,,,260622,
petrichoor.com,false,,페트리코어,,,,,https://petrichoor.com/product/detail.html?product_no=5764,[🎙️라방템/단독] 빈즈 벨트 랩스커트 밴딩 팬츠 (와이드핏/체형커버/하객룩/출근룩),,,https://petrichoor.com/web/product/medium/202606/b7d1d4cae5591e6b7463979a3d80afc4.gif,,,,,"₩56,000","₩56,000",,,,,,260622,
petrichoor.com,false,,페트리코어,,,,,https://petrichoor.com/product/detail.html?product_no=5763,[🤍여름신상/단독] 로나 홀터넥 나시 일체형 캡소매 티셔츠 (레이어드/하객룩/시스루),,,https://petrichoor.com/web/product/medium/202606/19ac60275ebdfcb0906a5f88f4558cd3.gif,,,,,"₩39,000","₩39,000",,,,,,260622,
petrichoor.com,false,,페트리코어,,,,,https://petrichoor.com/product/detail.html?product_no=5762,엔젤 레이스 슬리브리스 나시 (3color),,,https://petrichoor.com/web/product/medium/202606/e4f07ae0144da00dde0286b8f7d15253.gif,,,,,"₩30,000","₩30,000",,,,,,260622,
petrichoor.com,false,,페트리코어,,,,,https://petrichoor.com/product/detail.html?product_no=5761,로지 프릴 레이어드 나시 원피스 (2color),,,https://petrichoor.com/web/product/medium/202606/0a8798310cf2e8d63632e337c20851c0.gif,,,,,"₩58,500","₩58,500",,,,,,260622,
petrichoor.com,false,,페트리코어,,,,,https://petrichoor.com/product/detail.html?product_no=5751,[🎙️라방템/단독] 노이 스트라이프 캡소매 블라우스 (오프숄더/원숄더/나시블라우스),,,https://petrichoor.com/web/product/medium/202606/6c24df8ec55424b2769c792e3e022689.gif,,,,,"₩37,000","₩37,000",,,,,,260622,
petrichoor.com,false,,페트리코어,,,,,https://petrichoor.com/product/detail.html?product_no=5750,[🍉여름필수템/단독] 모스 캡내장 나시 슬리브리스 (이너나시/레이어드/무지•플라워/부유방커버),,,https://petrichoor.com/web/product/medium/202606/a934fe13f8ca199755d733dec91dfbdc.gif,,,,,"₩33,000","₩33,000",,,,,,260622,
petrichoor.com,false,,페트리코어,,,,,https://petrichoor.com/product/detail.html?product_no=5749,[🍉썸머/단독] 세아 자수 레이스 민소매 블라우스 (스퀘어넥/허리스트링/핀턱),,,https://petrichoor.com/web/product/medium/202606/05c90dcb0188b9cea10e7dda2f4df588.gif,,,,,"₩51,500","₩51,500",,,,,,260622,
petrichoor.com,false,,페트리코어,,,,,https://petrichoor.com/product/detail.html?product_no=5748,[🎙️라방템/단독] 미루 체크 브이넥 캡소매 블라우스 (가슴밴딩/셔링/레이스),,,https://petrichoor.com/web/product/medium/202606/50034fabc7a1d5c6a56aadeba753b01f.gif,,,,,"₩37,000","₩37,000",,,,,,260622,
petrichoor.com,false,,페트리코어,,,,,https://petrichoor.com/product/detail.html?product_no=5622,[🧊여름바지/단독] 노트 투웨이 밴딩 팬츠 (체형커버/와이드핏•조거핏/키작녀),,,https://petrichoor.com/web/product/medium/202605/0d91dfe3473ff7b0e1b0f701f8e6ab6d.gif,,,,,"₩56,000","₩56,000",,,,,,260622,
petrichoor.com,false,,페트리코어,,,,,https://petrichoor.com/product/detail.html?product_no=5739,[🎙️라방템/단독] 로하 밴딩 미니 치마바지 (스커트/a라인/쿨소재),,,https://petrichoor.com/web/product/medium/202606/e7a6491c3cb74d899d07f1a3b40cc525.gif,,,,,"₩41,000","₩41,000",,,,,,260622,
petrichoor.com,false,,페트리코어,,,,,https://petrichoor.com/product/detail.html?product_no=5738,[🎙️라방템/단독] 아라 러플 핀턱 레이스 반팔 블라우스 (체형커버/안감o/퍼프소매),,,https://petrichoor.com/web/product/medium/202606/d6b8c5b9dc0de1e157d0cef4ecc9187c.gif,,,,,"₩41,000","₩41,000",,,,,,260622,
petrichoor.com,false,,페트리코어,,,,,https://petrichoor.com/product/detail.html?product_no=2576,[자체제작/당일] 5000장돌파🏅 코튼 롱 와이드팬츠 (코튼팬츠/와이드팬츠/후기극찬/봄•가을),,,https://petrichoor.com/web/product/medium/202602/f45d468b775283a7db467760c76dc822.gif,,,,,"₩49,900","₩49,900",,,,,,260622,
petrichoor.com,false,,페트리코어,,,,,https://petrichoor.com/product/detail.html?product_no=5727,이안 크로스 랩 골지 브이넥 나시 (4color),,,https://petrichoor.com/web/product/medium/202606/53907dcd25c6848aa44de7cd22cc0dd7.gif,,,,,"₩25,000","₩25,000",,,,,,260622,
petrichoor.com,false,,페트리코어,,,,,https://petrichoor.com/product/detail.html?product_no=5726,소미 골지 슬림 프릴 반팔 티셔츠 (6color),,,https://petrichoor.com/web/product/medium/202606/e9a043993e0ddf4f0a7bf0b491fecc61.gif,,,,,"₩30,000","₩30,000",,,,,,260622,
petrichoor.com,false,,페트리코어,,,,,https://petrichoor.com/product/detail.html?product_no=5725,[💚여름신상/단독] 나린 스트라이프 리본 반팔 블라우스 (퍼프소매/자수디테일/소매밴딩),,,https://petrichoor.com/web/product/medium/202606/d35eeaa0da68f83dce889b42405738f0.gif,,,,,"₩41,000","₩41,000",,,,,,260622,
petrichoor.com,false,,페트리코어,,,,,https://petrichoor.com/product/detail.html?product_no=5724,[🎙️라방템/단독] 핀드 허리끈 반팔 블라우스 (💌하객룩/핏조절/루즈핏),,,https://petrichoor.com/web/product/medium/202606/5bf6d6f73180fa2cbd8964194b29e88a.gif,,,,,"₩45,000","₩45,000",,,,,,260622,
petrichoor.com,false,,페트리코어,,,,,https://petrichoor.com/product/detail.html?product_no=4504,"[🎐컬러추가] [체형커버/단독] 블룸 레글런 퍼프 블라우스(하객룩,빅사이즈,77이상가능)",,,https://petrichoor.com/web/product/medium/202508/53b4c402681989b68b9f10c9c13b5989.gif,,,,,"₩46,000","₩46,000",,,,,,260622,
petrichoor.com,false,,페트리코어,,,,,https://petrichoor.com/product/detail.html?product_no=5723,[S-2XL] 지젤 사이드핀턱 5부 버뮤다 데님 팬츠 (3color),,,https://petrichoor.com/web/product/medium/202606/b3a85aec8a4f0b932fdc8ceca17b9a13.gif,,,,,"₩49,900","₩49,900",,,,,,260622,
petrichoor.com,false,,페트리코어,,,,,https://petrichoor.com/product/detail.html?product_no=5722,[🍉살안타템] 썸머 골지 긴팔 가디건 (6color),,,https://petrichoor.com/web/product/medium/202606/44c0e73d5a4658e7b267dc004879715e.gif,,,,,"₩44,000","₩44,000",,,,,,260622,
petrichoor.com,false,,페트리코어,,,,,https://petrichoor.com/product/detail.html?product_no=5708,[💛썸머/단독] 윤슬 더블 리본 프릴 반팔 블라우스 (플라워자수/체형커버/퍼프소매),,,https://petrichoor.com/web/product/medium/202606/5f855a152da8f53d29e724e25fd4ba1c.gif,,,,,"₩44,000","₩44,000",,,,,,260622,
petrichoor.com,false,,페트리코어,,,,,https://petrichoor.com/product/detail.html?product_no=5707,[🍉여름블라우스/단독] 해온 리본 자수 프릴 나시 블라우스 (버튼디테일/핏조절o/레이스),,,https://petrichoor.com/web/product/medium/202606/ab6c0b9612bc808d3ad95e0dd7b440ba.gif,,,,,"₩39,000","₩39,000",,,,,,260622,
petrichoor.com,false,,페트리코어,,,,,https://petrichoor.com/product/detail.html?product_no=5706,[🎙️라방템/단독] 유아 체크 언발 롱 스커트 (안감o/허리밴딩/하체커버),,,https://petrichoor.com/web/product/medium/202606/b218904f9a7ece68739c21d1c8a16967.gif,,,,,"₩46,000","₩46,000",,,,,,260622,
petrichoor.com,false,,페트리코어,,,,,https://petrichoor.com/product/detail.html?product_no=5704,쥬디 코튼 슬리브리스 끈나시 (4color),,,https://petrichoor.com/web/product/medium/202606/285766ef0863e6cba70141a5f479f357.gif,,,,,"₩30,000","₩30,000",,,,,,260622,
petrichoor.com,false,,페트리코어,,,,,https://petrichoor.com/product/detail.html?product_no=5695,[🎙️라방템/단독] 콤비 스트랩 밴딩 플레어 버뮤다 팬츠 (체형커버/코튼소재/반바지),,,https://petrichoor.com/web/product/medium/202606/a2ec8b58ded05570e0e19b3d36b65706.gif,,,,,"₩51,500","₩51,500",,,,,,260622,
petrichoor.com,false,,페트리코어,,,,,https://petrichoor.com/product/detail.html?product_no=5693,[🎙️라방템/단독] 소담 린넨 와이드 롱 팬츠 (허리밴딩/체형커버/얇은바지),,,https://petrichoor.com/web/product/medium/202606/28c61f27d05323300c13ec8fdbbdeddb.gif,,,,,"₩51,500","₩51,500",,,,,,260622,
petrichoor.com,false,,페트리코어,,,,,https://petrichoor.com/product/detail.html?product_no=5692,[🎙️라방템/단독] 로젤 프릴 레이스 뷔스티에 블라우스 (끈나시/레이어드/끈조절o/핀턱),,,https://petrichoor.com/web/product/medium/202606/887f689e750a547622ef3471fff1dcec.gif,,,,,"₩39,000","₩39,000",,,,,,260622,
petrichoor.com,false,,페트리코어,,,,,https://petrichoor.com/product/detail.html?product_no=5691,맥날 나염 피그먼트 반팔 티셔츠 (3color),,,https://petrichoor.com/web/product/medium/202606/db29b691633e1d608d3289795ab435f6.gif,,,,,"₩48,000","₩48,000",,,,,,260622,
petrichoor.com,false,,페트리코어,,,,,https://petrichoor.com/product/detail.html?product_no=5690,[🎙️라방템/단독] 하늘 시스루 린넨 긴팔 가디건 (🌞살안타템/브이넥/니트가디건),,,https://petrichoor.com/web/product/medium/202606/4001b66275b2aca75021ee40248940ca.gif,,,,,"₩44,000","₩44,000",,,,,,260622,
petrichoor.com,false,,페트리코어,,,,,https://petrichoor.com/product/detail.html?product_no=5545,[안감o] 러브 쉬폰 뒷밴딩 미디 스커트 (2color),,,https://petrichoor.com/web/product/medium/202606/d5135ee092740f40056ebcda9aca776b.gif,,,,,"₩49,900","₩49,900",,,,,,260622,
petrichoor.com,false,,페트리코어,,,,,https://petrichoor.com/product/detail.html?product_no=4373,[🍀재구매템/단독] 절개 스트링 와이드 밴딩 팬츠 (체형커버/빅사이즈/여름팬츠/교복템),,,https://petrichoor.com/web/product/medium/202606/a34f1ea332028928923e97bc32af7740.gif,,,,,"₩51,000","₩51,000",,,,,,260622,
petrichoor.com,false,,페트리코어,,,,,https://petrichoor.com/product/detail.html?product_no=5681,뉴트 베이직 골지 슬리브리스 나시 (5color),,,https://petrichoor.com/web/product/medium/202606/b5665f21721d9e7821562a6be143c353.gif,,,,,"₩27,000","₩27,000",,,,,,260622,
petrichoor.com,false,,페트리코어,,,,,https://petrichoor.com/product/detail.html?product_no=5680,[🤍여름신상/단독] 도브 브이넥 프릴 나시 블라우스 (끈조절o/레이스/뷔스티에),,,https://petrichoor.com/web/product/medium/202606/e739660dc114c7b3e6a96b521a4de99b.gif,,,,,"₩41,000","₩41,000",,,,,,260622,
petrichoor.com,false,,페트리코어,,,,,https://petrichoor.com/product/detail.html?product_no=4545,[단독] [안감o] 베이글 스모크밴딩 체크 롱 스커트 (여름/코튼스커트/플레어/밴딩치마),,,https://petrichoor.com/web/product/medium/202606/a23a4f601ab37ac80fd5a81b229dbc60.gif,,,,,"₩43,000","₩43,000",,,,,,260622,
petrichoor.com,false,,페트리코어,,,,,https://petrichoor.com/product/detail.html?product_no=5675,[🍨레이어드/단독] 루에 시스루 레이스 민소매 블라우스 (여름블라우스/뷔스티에/프릴/여행룩),,,https://petrichoor.com/web/product/medium/202606/01368fa7e3a694a4dab5a05b8cf198fb.gif,,,,,"₩39,000","₩39,000",,,,,,260622,
petrichoor.com,false,,페트리코어,,,,,https://petrichoor.com/product/detail.html?product_no=5674,큐피드 프린팅 오버핏 반팔 티셔츠 (3color),,,https://petrichoor.com/web/product/medium/202606/df004ecc80e555c3394e97522b846be9.gif,,,,,"₩48,000","₩48,000",,,,,,260622,
petrichoor.com,false,,페트리코어,,,,,https://petrichoor.com/product/detail.html?product_no=5673,[🩵랩스커트set/단독] 민티 스트라이프 밴딩 와이드 팬츠 (여행룩/레이어드/여름바지),,,https://petrichoor.com/web/product/medium/202606/4f006faadb52ff85cecbb2fd39b2513e.gif,,,,,"₩49,900","₩49,900",,,,,,260622,
petrichoor.com,false,,페트리코어,,,,,https://petrichoor.com/product/detail.html?product_no=4617,스웨이드 버클 미들 부츠 (3color),,,https://petrichoor.com/web/product/medium/202606/b001a9ce8a4074bfd5ebfe1410c556e9.gif,,,,,"₩86,900","₩86,900",,,,,,260622,
petrichoor.com,false,,페트리코어,,,,,https://petrichoor.com/product/detail.html?product_no=5414,[단독] 하퍼 카고 밴딩 벌룬 롱 스커트 (스트링/펌킨치마/a라인),,,https://petrichoor.com/web/product/medium/202606/300c61775c86cfbed03d3d577fadd371.gif,,,,,"₩43,000","₩43,000",,,,,,260622,
petrichoor.com,false,,페트리코어,,,,,https://petrichoor.com/product/detail.html?product_no=5664,플로시 플라워 시스루 밴딩 미디 스커트 (2color),,,https://petrichoor.com/web/product/medium/202606/1377be6c93158145542bfc7aeb5383b0.gif,,,,,"₩62,500","₩62,500",,,,,,260622,
petrichoor.com,false,,페트리코어,,,,,https://petrichoor.com/product/detail.html?product_no=5663,[🤍포인트템/도트•레이스] 로이 롱 스카프 머플러 (6color),,,https://petrichoor.com/web/product/medium/202606/637221829dc4651e98a6de4da5f2c0ce.gif,,,,,"₩22,000","₩22,000",,,,,,260622,
petrichoor.com,false,,페트리코어,,,,,https://petrichoor.com/product/detail.html?product_no=5609,[여름신상🌼/단독] 민들레 리본 블라우스 (셔링/밴딩/안감o),,,https://petrichoor.com/web/product/medium/202605/3921a4077bd07d9597ef8901752e9f74.gif,,,,,"₩51,500","₩51,500",,,,,,260622,
petrichoor.com,false,,페트리코어,,,,,https://petrichoor.com/product/detail.html?product_no=5629,[기장선택/S-2XL] 앤디아 코튼 슬릿 카프리 팬츠 (골반패드/힙딥커버/스판면바지),,,https://petrichoor.com/web/product/medium/202606/01ebda8e7698bb0eb3a7784f31179204.gif,,,,,"₩37,000","₩37,000",,,,,,260622,
petrichoor.com,false,,페트리코어,,,,,https://petrichoor.com/product/detail.html?product_no=5283,[핏보장] 비서커 세미 와이드 데님 팬츠 (1color),,,https://petrichoor.com/web/product/medium/202606/a4b99c3f9fd5bd7d66a878fc9493983b.gif,,,,,"₩56,000","₩56,000",,,,,,260622,
petrichoor.com,false,,페트리코어,,,,,https://petrichoor.com/product/detail.html?product_no=5549,[🎐컬러추가/단독] 헤일 리본 프릴 블라우스 (여름블라우스/레이스/브이넥),,,https://petrichoor.com/web/product/medium/202606/bcb89e4e8f6bca74c939d8d4ba1d035c.gif,,,,,"₩41,000","₩41,000",,,,,,260622,
petrichoor.com,false,,페트리코어,,,,,https://petrichoor.com/product/detail.html?product_no=5662,[여름신상/단독] 하론 프릴 쉬폰 언발 롱 스커트 (안감o/허리밴딩/시스루),,,https://petrichoor.com/web/product/medium/202606/e95b7b179708fbc76eef22e20f64aaec.gif,,,,,"₩51,500","₩51,500",,,,,,260622,
petrichoor.com,false,,페트리코어,,,,,https://petrichoor.com/product/detail.html?product_no=5661,[🌞여름신상/단독] 몽드 밴딩 펌킨 미디 스커트 (안감o/데이트룩/벌룬핏),,,https://petrichoor.com/web/product/medium/202606/37abff690f382ae857f6e481aa7075f3.gif,,,,,"₩44,000","₩44,000",,,,,,260622,
petrichoor.com,false,,페트리코어,,,,,https://petrichoor.com/product/detail.html?product_no=5660,[🍨레이어드/단독] 핑카 린넨 민소매 블라우스 (여름블라우스/리본포인트/루즈핏),,,https://petrichoor.com/web/product/medium/202606/8db35927b38705c7e217122541710599.gif,,,,,"₩41,000","₩41,000",,,,,,260622,
petrichoor.com,false,,페트리코어,,,,,https://petrichoor.com/product/detail.html?product_no=5659,[벨트set/단독] 엔타 핀턱 뒷밴딩 버뮤다 팬츠 (체형커버/여름바지/코튼소재),,,https://petrichoor.com/web/product/medium/202606/c525ffc377b0d10c96182b973d38e45d.gif,,,,,"₩56,000","₩56,000",,,,,,260622,
petrichoor.com,false,,페트리코어,,,,,https://petrichoor.com/product/detail.html?product_no=5655,[🖤여름신상/단독] 누아 밴딩 체크 미디 스커트 (속바지o/데이트룩/절개디테일),,,https://petrichoor.com/web/product/medium/202605/6cb6265f3866831c62e7029234e9e66f.gif,,,,,"₩41,000","₩41,000",,,,,,260622,
petrichoor.com,false,,페트리코어,,,,,https://petrichoor.com/product/detail.html?product_no=5654,[🍉여름신상/단독] 로민 테슬 펀칭 레이스 긴팔 블라우스 (안감o/프릴/루즈핏),,,https://petrichoor.com/web/product/medium/202605/d6ca29dd74684d1341994c10591131be.gif,,,,,"₩46,000","₩46,000",,,,,,260622,
petrichoor.com,false,,페트리코어,,,,,https://petrichoor.com/product/detail.html?product_no=5653,[🧊쿨팬츠/단독] 플린트 나일론 밴딩 커브드 와이드 팬츠 (허리스트랩/여름교복템/체형커버),,,https://petrichoor.com/web/product/medium/202605/62c058d9662c58649fa3323133cf858f.gif,,,,,"₩53,900","₩53,900",,,,,,260622,
petrichoor.com,false,,페트리코어,,,,,https://petrichoor.com/product/detail.html?product_no=5652,[🍏여름블라우스/단독] 소이 핀턱 플레어 나시 블라우스 (여행룩/루즈핏/민소매블라우스),,,https://petrichoor.com/web/product/medium/202605/11ab24b3a06ed6c804dec8d0595ff79d.gif,,,,,"₩39,000","₩39,000",,,,,,260622,
petrichoor.com,false,,페트리코어,,,,,https://petrichoor.com/product/detail.html?product_no=5649,[🤍여름신상/단독] 온드 핀턱 프릴 반팔 블라우스 (데이트룩/라운드넥/플레어),,,https://petrichoor.com/web/product/medium/202605/6f9bc295f1a4c8137f35a9d7c9273bb8.gif,,,,,"₩41,000","₩41,000",,,,,,260622,
petrichoor.com,false,,페트리코어,,,,,https://petrichoor.com/product/detail.html?product_no=5645,[🎀여름블라우스/단독] 티하 리본 스트랩 펀칭 블라우스 (콩단추/데이트룩/루즈핏/반팔),,,https://petrichoor.com/web/product/medium/202605/f00080f263e5fe35a195f0ac0ef8a49e.gif,,,,,"₩51,500","₩51,500",,,,,,260622,
petrichoor.com,false,,페트리코어,,,,,https://petrichoor.com/product/detail.html?product_no=5644,[🎐여름블라우스/단독] 피넛 헨리넥 반팔 블라우스 (퍼프소매/출근룩/핀턱포인트),,,https://petrichoor.com/web/product/medium/202605/b3052bd7a3fae8dbe15ad74fb735c66c.gif,,,,,"₩39,000","₩39,000",,,,,,260622,
petrichoor.com,false,,페트리코어,,,,,https://petrichoor.com/product/detail.html?product_no=5643,노바 텐셀 밴딩 숏 팬츠 (5color),,,https://petrichoor.com/web/product/medium/202605/c115edcd80b4f5ff34a84ac02707c093.gif,,,,,"₩49,900","₩49,900",,,,,,260622,
petrichoor.com,false,,페트리코어,,,,,https://petrichoor.com/product/detail.html?product_no=5642,[단독] 히덜 스트라이프 언발 미디 스커트 (밴딩치마/여름스커트/절개디테일),,,https://petrichoor.com/web/product/medium/202605/dcab1b86203ae9e0b03d387a29f90651.gif,,,,,"₩41,000","₩41,000",,,,,,260622,
petrichoor.com,false,,페트리코어,,,,,https://petrichoor.com/product/detail.html?product_no=5641,[🌻여름신상/단독] 라디아 셔링 나시 미니 원피스 (루즈핏/레이어드/끈조절o),,,https://petrichoor.com/web/product/medium/202605/961fff388ee4e13df64f357b98d1d295.gif,,,,,"₩44,000","₩44,000",,,,,,260622,
petrichoor.com,false,,페트리코어,,,,,https://petrichoor.com/product/detail.html?product_no=5640,[💙여름신상/단독] 레브 체크 일체형 캡소매 블라우스 (레이어드/데이트룩/리본),,,https://petrichoor.com/web/product/medium/202605/4883e4a66fb8505f34be0407ef0f95af.gif,,,,,"₩44,000","₩44,000",,,,,,260622,
petrichoor.com,false,,페트리코어,,,,,https://petrichoor.com/product/detail.html?product_no=5639,에르 반달 포켓 숄더 백 (4color),,,https://petrichoor.com/web/product/medium/202605/1801706b02e0ac01fd46706496f98d22.gif,,,,,"₩33,000","₩33,000",,,,,,260622,
petrichoor.com,false,,페트리코어,,,,,https://petrichoor.com/product/detail.html?product_no=5630,[크로스백set/단독] 릴키 나시 롱 원피스 (휴가룩/여행룩/여름원피스),,,https://petrichoor.com/web/product/medium/202605/6d0576615bd8b25b6613c66925e77056.gif,,,,,"₩62,500","₩62,500",,,,,,260622,
petrichoor.com,false,,페트리코어,,,,,https://petrichoor.com/product/detail.html?product_no=5628,[🎐여름블라우스/단독] 머키 브이 오픈넥 민소매 카라 블라우스 (하객룩/모시소재/루즈핏),,,https://petrichoor.com/web/product/medium/202605/de902359da19b48bbf58ef591ca768d9.gif,,,,,"₩51,500","₩51,500",,,,,,260622,
petrichoor.com,false,,페트리코어,,,,,https://petrichoor.com/product/detail.html?product_no=5626,[☘여름신상/단독] 리유 프릴 레이어드 블라우스 (데이트룩/여리핏/여름블라우스),,,https://petrichoor.com/web/product/medium/202605/cb8803a2bcc54bcb248a940362599e57.gif,,,,,"₩41,000","₩41,000",,,,,,260622,
petrichoor.com,false,,페트리코어,,,,,https://petrichoor.com/product/detail.html?product_no=5625,[🍀여름신상/단독] 리린 레이스 타이 나시 원피스 (레이어드/플레어핏/끈조절o),,,https://petrichoor.com/web/product/medium/202605/9829cebb53eb2d9102d9373732da2bd2.gif,,,,,"₩46,000","₩46,000",,,,,,260622,
petrichoor.com,false,,페트리코어,,,,,https://petrichoor.com/product/detail.html?product_no=5624,[🌱여름신상/단독] 헤르 프릴 레이어드 민소매 블라우스 (플레어핏/리본스트링/라운드넥),,,https://petrichoor.com/web/product/medium/202605/3b8a8017b08f88b0995bad04c7f588e7.gif,,,,,"₩44,000","₩44,000",,,,,,260622,
petrichoor.com,false,,페트리코어,,,,,https://petrichoor.com/product/detail.html?product_no=5623,[💌레이어드/단독] 에포 프릴 체크 반팔 블라우스 (나시set/여름블라우스/퍼프소매),,,https://petrichoor.com/web/product/medium/202605/c46a2a2056390ce86b5cde8110093961.gif,,,,,"₩53,900","₩53,900",,,,,,260622,
petrichoor.com,false,,페트리코어,,,,,https://petrichoor.com/product/detail.html?product_no=5621,[단독] 테니 루즈핏 링클 체크 긴팔 셔츠 (살안타템/여름남방/간절기셔츠),,,https://petrichoor.com/web/product/medium/202605/5edcea6991969472d97351d6c74dc60c.gif,,,,,"₩51,500","₩51,500",,,,,,260622,
petrichoor.com,false,,페트리코어,,,,,https://petrichoor.com/product/detail.html?product_no=5620,킨다 텐셀 레이어드 크롭 반팔 티셔츠 (9color),,,https://petrichoor.com/web/product/medium/202605/bf8cee548b0b686d5d1ed6d5a34961f0.gif,,,,,"₩23,000","₩23,000",,,,,,260622,
petrichoor.com,false,,페트리코어,,,,,https://petrichoor.com/product/detail.html?product_no=5619,[여름신상/단독] 리온 밴딩 투피스 셋업 (안감o/데이트룩/절개디테일),,,https://petrichoor.com/web/product/medium/202605/fd0910a284e1035d29e5666972791e28.gif,,,,,"₩66,200","₩66,200",,,,,,260622,
petrichoor.com,false,,페트리코어,,,,,https://petrichoor.com/product/detail.html?product_no=5618,[여름신상/단독] 세르 데일리 와이드 롱 팬츠 (밴딩/하체커버/여름바지),,,https://petrichoor.com/web/product/medium/202606/4da81da7724132b7f30af97ec6f36439.gif,,,,,"₩39,000","₩39,000",,,,,,260622,
petrichoor.com,false,,페트리코어,,,,,https://petrichoor.com/product/detail.html?product_no=5615,카프리아 라피아 햇 (1color),,,https://petrichoor.com/web/product/medium/202605/9d42e5aa825b86fa8d47925f6a1f3467.gif,,,,,"₩51,500","₩51,500",,,,,,260622,
petrichoor.com,false,,페트리코어,,,,,https://petrichoor.com/product/detail.html?product_no=5614,[🤍레이어드/단독] 클로버 일체형 체크 블라우스 (퍼프소매/여름블라우스/프릴•레이스),,,https://petrichoor.com/web/product/medium/202605/9a7257dc6f22d6754210a5f7793f4c89.gif,,,,,"₩41,000","₩41,000",,,,,,260622,
petrichoor.com,false,,페트리코어,,,,,https://petrichoor.com/product/detail.html?product_no=5613,롤라 버클 미니 레더백 (5color),,,https://petrichoor.com/web/product/medium/202605/e6795cddd842b1546514bb79e5336476.gif,,,,,"₩39,000","₩39,000",,,,,,260622,
petrichoor.com,false,,페트리코어,,,,,https://petrichoor.com/product/detail.html?product_no=5612,[여름신상🌱/단독] 센트 벌룬핏 10부 밴딩 와이드 팬츠 (체형커버/편한바지/절개포인트),,,https://petrichoor.com/web/product/medium/202605/5b7e2917b7444d8be37e73d20dd7c6a9.gif,,,,,"₩55,000","₩55,000",,,,,,260622,
petrichoor.com,false,,페트리코어,,,,,https://petrichoor.com/product/detail.html?product_no=5611,[만능코디/단독] 마리나 네트 슈즈 (여름신발/메리제인/휴가룩),,,https://petrichoor.com/web/product/medium/202605/0e76bdb95217396ad48c572da71c8bd8.gif,,,,,"₩74,500","₩74,500",,,,,,260622,
petrichoor.com,false,,페트리코어,,,,,https://petrichoor.com/product/detail.html?product_no=5610,[🍉여름신상/단독] 모츠 일체형 레이어드 나시 티셔츠 (린넨/밴딩나시/휴가룩/벌룬핏),,,https://petrichoor.com/web/product/medium/202605/67bfb6f1075cfed0ae6714f03ec4cd99.gif,,,,,"₩51,500","₩51,500",,,,,,260622,
petrichoor.com,false,,페트리코어,,,,,https://petrichoor.com/product/detail.html?product_no=5608,[🧊여름바지/단독] 라일라 프릴 레이어드 밴딩 와이드 팬츠 (핏보장/얇은바지/바스락),,,https://petrichoor.com/web/product/medium/202605/0fa27f3fd25833b5c6b0a5d1575df872.gif,,,,,"₩62,500","₩62,500",,,,,,260622,
petrichoor.com,false,,페트리코어,,,,,https://petrichoor.com/product/detail.html?product_no=5607,[단독] 하임 캉캉 셔링 민소매 블라우스 (나시/라운드넥/뱃살커버),,,https://petrichoor.com/web/product/medium/202605/4415178f3cee0d15304fdff16815912d.gif,,,,,"₩48,000","₩48,000",,,,,,260622,
petrichoor.com,false,,페트리코어,,,,,https://petrichoor.com/product/detail.html?product_no=5606,리프 숏 와플 반바지 (3color),,,https://petrichoor.com/web/product/medium/202605/b12ae38b9ba8af9d1fe5477d5dd7a2b7.gif,,,,,"₩35,000","₩35,000",,,,,,260622,
petrichoor.com,false,,페트리코어,,,,,https://petrichoor.com/product/detail.html?product_no=5605,미뇽 도트 땡땡이 뷔스티에 나시 블라우스 (2color),,,https://petrichoor.com/web/product/medium/202605/bbce6ded270c9d11abf78bd3fd1c603d.gif,,,,,"₩44,000","₩44,000",,,,,,260622,
petrichoor.com,false,,페트리코어,,,,,https://petrichoor.com/product/detail.html?product_no=5604,[단독] 파니 스트라이프 롤업 반팔 셔츠 (루즈핏/여름셔츠/드롭숄더),,,https://petrichoor.com/web/product/medium/202605/898189f9099eda60dedad3f60ace3fcf.gif,,,,,"₩37,000","₩37,000",,,,,,260622,
petrichoor.com,false,,페트리코어,,,,,https://petrichoor.com/product/detail.html?product_no=5603,[여름시즌☘/단독] 여린 데일리 레이스 나시 (린넨/레이어드/슬리브리스),,,https://petrichoor.com/web/product/medium/202605/069685053f0e9a34d96db2a281cce4b1.gif,,,,,"₩28,000","₩28,000",,,,,,260622,
petrichoor.com,false,,페트리코어,,,,,https://petrichoor.com/product/detail.html?product_no=4343,[🎙️라방템/🍀컬러추가 | 단독] 에어 밴딩 조거 팬츠 (🧊여름바지/장마/벌룬핏/하비바지/쿨링팬츠),,,https://petrichoor.com/web/product/medium/202606/4a3d97118c84a8449552d3a6d256551d.gif,,,,,"₩49,900","₩49,900",,,,,,260622,
petrichoor.com,false,,페트리코어,,,,,https://petrichoor.com/product/detail.html?product_no=5602,[단독] 마농 레이스 퍼프 반팔 블라우스 (여름블라우스/스트랩포인트/안감o),,,https://petrichoor.com/web/product/medium/202605/aeb210330790d2caa64daf5f8c87c206.gif,,,,,"₩39,000","₩39,000",,,,,,260622,
petrichoor.com,false,,페트리코어,,,,,https://petrichoor.com/product/detail.html?product_no=5601,[안감o] 파르페 도트 밴딩 미디 플리츠 스커트 (2color),,,https://petrichoor.com/web/product/medium/202605/ff551ad88359d309db7d2b6520f07242.gif,,,,,"₩39,000","₩39,000",,,,,,260622,
petrichoor.com,false,,페트리코어,,,,,https://petrichoor.com/product/detail.html?product_no=5600,소르베 비스코스 슬리브리스 나시 (5color),,,https://petrichoor.com/web/product/medium/202605/6b1fd96f0da691292f95bd7dd20f6b9f.gif,,,,,"₩27,000","₩27,000",,,,,,260622,
petrichoor.com,false,,페트리코어,,,,,https://petrichoor.com/product/detail.html?product_no=5599,아카이 토이 오버핏 반팔 티셔츠 (3color),,,https://petrichoor.com/web/product/medium/202605/496966e91a09072ce6f022cec01a0854.gif,,,,,"₩49,900","₩49,900",,,,,,260622,
petrichoor.com,false,,페트리코어,,,,,https://petrichoor.com/product/detail.html?product_no=5598,[여름시즌☘/단독] 몬드 스트링 벌룬 숏팬츠 (버블/스트릿/여름바지),,,https://petrichoor.com/web/product/medium/202605/4b9be31f98f2102d6c968046d67cfd12.gif,,,,,"₩37,000","₩37,000",,,,,,260622,
petrichoor.com,false,,페트리코어,,,,,https://petrichoor.com/product/detail.html?product_no=5596,[🌻여름신상/단독] 디어먼 캉캉 체크 미디 스커트 (밴딩치마/a라인/군살커버),,,https://petrichoor.com/web/product/medium/202605/33de7405bf354f9f4db501c796451329.gif,,,,,"₩46,000","₩46,000",,,,,,260622,
petrichoor.com,false,,페트리코어,,,,,https://petrichoor.com/product/detail.html?product_no=5595,[안감o/단독] 샤니 스트라이프 사이드포켓 밴딩 스커트 (롱스커트/체형커버/코튼치마),,,https://petrichoor.com/web/product/medium/202605/c6128a48df9cadf049ebf4a3d59ddb9e.gif,,,,,"₩46,000","₩46,000",,,,,,260622,
petrichoor.com,false,,페트리코어,,,,,https://petrichoor.com/product/detail.html?product_no=5594,[🍉스크런치set/단독] 포렌 레이어드 나시 블라우스 (여름블라우스/시스루/휴가룩),,,https://petrichoor.com/web/product/medium/202605/8a8f2fabdc8c0736375622ddc56cbedf.gif,,,,,"₩39,000","₩39,000",,,,,,260622,
petrichoor.com,false,,페트리코어,,,,,https://petrichoor.com/product/detail.html?product_no=5592,[여름신상🌞/단독] 무무 프릴 반팔 블라우스 (셔링/데이트룩/스트랩),,,https://petrichoor.com/web/product/medium/202605/035f78da3632a16cfed162fa1e9cc02e.gif,,,,,"₩44,000","₩44,000",,,,,,260622,
petrichoor.com,false,,페트리코어,,,,,https://petrichoor.com/product/detail.html?product_no=5591,[🌴여름신상/단독] 로세 오버핏 긴팔 셔츠 (봄여름셔츠/루즈핏/살안타템),,,https://petrichoor.com/web/product/medium/202605/2414c13dcdef31efa09033307a770888.gif,,,,,"₩46,000","₩46,000",,,,,,260622,
petrichoor.com,false,,페트리코어,,,,,https://petrichoor.com/product/detail.html?product_no=5590,론티 심플 슬릿 7부 카프리팬츠 (2color),,,https://petrichoor.com/web/product/medium/202605/ccf1b21d784cd678401f2527213a76dd.gif,,,,,"₩51,500","₩51,500",,,,,,260622,
petrichoor.com,false,,페트리코어,,,,,https://petrichoor.com/product/detail.html?product_no=5589,세온 미니 도트 슬림 셔링 나시 (3color),,,https://petrichoor.com/web/product/medium/202605/cb28117c04a769e40f950246ef608ebb.gif,,,,,"₩31,500","₩31,500",,,,,,260622,
petrichoor.com,false,,페트리코어,,,,,https://petrichoor.com/product/detail.html?product_no=5588,사론 캡내장 단추 골지 나시 (4color),,,https://petrichoor.com/web/product/medium/202605/c5a5d2a228a6aaf75ce9257c448e508e.gif,,,,,"₩27,000","₩27,000",,,,,,260622,
petrichoor.com,false,,페트리코어,,,,,https://petrichoor.com/product/detail.html?product_no=5587,라모네 중청 워싱 와이드 데님 팬츠 (medium blue),,,https://petrichoor.com/web/product/medium/202605/05eb48efc1101adae1365838d348ecfb.gif,,,,,"₩62,500","₩62,500",,,,,,260622,
petrichoor.com,false,,페트리코어,,,,,https://petrichoor.com/product/detail.html?product_no=5584,마티네 린넨 투턱 밴딩 와이드 팬츠 (4color),,,https://petrichoor.com/web/product/medium/202605/bcfceb30c7ad8489068168ad262160e9.gif,,,,,"₩46,000","₩46,000",,,,,,260622,
petrichoor.com,false,,페트리코어,,,,,https://petrichoor.com/product/detail.html?product_no=5580,[🌻여름신상/단독] 메린 브이넥 펀칭 자수 반팔 블라우스 (루즈핏/플레어/하객룩),,,https://petrichoor.com/web/product/medium/202605/7629e6c10e4f0a53ff43cba51f3b7aed.gif,,,,,"₩44,000","₩44,000",,,,,,260622,
petrichoor.com,false,,페트리코어,,,,,https://petrichoor.com/product/detail.html?product_no=5579,[🩵여름신상/단독] 캐럿 프릴 레이어드 나시 블라우스 (레이스포인트/일체형/시스루),,,https://petrichoor.com/web/product/medium/202605/8d35e576d2f6d681bd62f1c0f9a86c30.gif,,,,,"₩44,000","₩44,000",,,,,,260622,
petrichoor.com,false,,페트리코어,,,,,https://petrichoor.com/product/detail.html?product_no=5578,시즈 웨이브 스트라이프 긴팔 티셔츠 (2color),,,https://petrichoor.com/web/product/medium/202605/7c151f3eaaadaa607431ad6614cc31ab.gif,,,,,"₩35,000","₩35,000",,,,,,260622,
petrichoor.com,false,,페트리코어,,,,,https://petrichoor.com/product/detail.html?product_no=5577,[여름시즌🌷/단독] 루밍 캉캉 미니멀 블라우스 (체형커버/a라인/라운드넥),,,https://petrichoor.com/web/product/medium/202605/c9f9d4f474a28aaeaf5e2265489f64b2.gif,,,,,"₩44,000","₩44,000",,,,,,260622,
petrichoor.com,false,,페트리코어,,,,,https://petrichoor.com/product/detail.html?product_no=5576,포유 레이어드 프릴 니트 가디건 (3color),,,https://petrichoor.com/web/product/medium/202605/8396f5e345c091a5a1ceae0ee5a9d32b.gif,,,,,"₩33,000","₩33,000",,,,,,260622,
petrichoor.com,false,,페트리코어,,,,,https://petrichoor.com/product/detail.html?product_no=5575,제트 무지 크롭 반팔 티셔츠 (7color),,,https://petrichoor.com/web/product/medium/202605/0b164389589d652e5a902218a8cb7b59.gif,,,,,"₩31,500","₩31,500",,,,,,260622,
petrichoor.com,false,,페트리코어,,,,,https://petrichoor.com/product/detail.html?product_no=5574,베나드 연청 와이드 데님 팬츠 (light blue),,,https://petrichoor.com/web/product/medium/202605/3f0b015f783e83be160e8d0d5fa2f9b0.gif,,,,,"₩60,500","₩60,500",,,,,,260622,
petrichoor.com,false,,페트리코어,,,,,https://petrichoor.com/product/detail.html?product_no=5573,라잇 플라워 자수 밴딩 스커트 (2color),,,https://petrichoor.com/web/product/medium/202605/e30aa9dcf4e56818c823d9b42ca64a5d.gif,,,,,"₩56,000","₩56,000",,,,,,260622,
petrichoor.com,false,,페트리코어,,,,,https://petrichoor.com/product/detail.html?product_no=5572,베르시 실키 새틴 롱 스카프 (2color),,,https://petrichoor.com/web/product/medium/202605/e4545747039e06eeae473206c6ace119.gif,,,,,"₩31,500","₩31,500",,,,,,260622,
petrichoor.com,false,,페트리코어,,,,,https://petrichoor.com/product/detail.html?product_no=5571,[🍀여름신상/단독] 안셀 맥시 롱 나시 원피스 (허리스트랩/체형커버/휴가룩),,,https://petrichoor.com/web/product/medium/202605/01a4d145f2ca2b5fd886c1aad3561dea.gif,,,,,"₩66,200","₩66,200",,,,,,260622,
petrichoor.com,false,,페트리코어,,,,,https://petrichoor.com/product/detail.html?product_no=5570,아일 베이직 라운드 7부 티셔츠 (8color),,,https://petrichoor.com/web/product/medium/202605/a1867d6ce5b3cdf0b06c1a0d2fc584cd.gif,,,,,"₩27,000","₩27,000",,,,,,260622,
petrichoor.com,false,,페트리코어,,,,,https://petrichoor.com/product/detail.html?product_no=5569,유로 텐셀 시스루 라운드 반팔 티셔츠 (6color),,,https://petrichoor.com/web/product/medium/202605/2519009707e12f24f7ca00851bfa6218.gif,,,,,"₩27,000","₩27,000",,,,,,260622,
petrichoor.com,false,,페트리코어,,,,,https://petrichoor.com/product/detail.html?product_no=5568,시온 미니 도트 골지 브이넥 나시 (3color),,,https://petrichoor.com/web/product/medium/202605/59715f02092dc03dc0ae319fd7706573.gif,,,,,"₩33,000","₩33,000",,,,,,260622,
petrichoor.com,false,,페트리코어,,,,,https://petrichoor.com/product/detail.html?product_no=5567,샤라 큐피트 박시 반팔 티셔츠 (3color),,,https://petrichoor.com/web/product/medium/202605/89f52e2780e9c243afb4200767f2dc98.gif,,,,,"₩37,000","₩37,000",,,,,,260622,
petrichoor.com,false,,페트리코어,,,,,https://petrichoor.com/product/detail.html?product_no=5566,글린 워싱 와이드 데님 팬츠 (4color),,,https://petrichoor.com/web/product/medium/202605/ee45f21f46bdf64526a68e737b902266.gif,,,,,"₩58,500","₩58,500",,,,,,260622,
petrichoor.com,false,,페트리코어,,,,,https://petrichoor.com/product/detail.html?product_no=5560,[🧊여름소재] 레이어 브이넥 맨투맨 블라우스 (2color),,,https://petrichoor.com/web/product/medium/202605/a10d7788783d8601ea91b495297ed6c5.gif,,,,,"₩53,900","₩53,900",,,,,,260622,
petrichoor.com,false,,페트리코어,,,,,https://petrichoor.com/product/detail.html?product_no=5559,[☀️살안타템] 베른 라이트 오버핏 거즈 셔츠 남방 (3color),,,https://petrichoor.com/web/product/medium/202605/1216ee54413d4a274d3215ac0873e741.gif,,,,,"₩41,000","₩41,000",,,,,,260622,
petrichoor.com,false,,페트리코어,,,,,https://petrichoor.com/product/detail.html?product_no=5558,르온 심플 슬림핏 레이어드 반팔 티셔츠 (4color),,,https://petrichoor.com/web/product/medium/202605/0461a9b015fae1a6f294b8d17eaa4c1c.gif,,,,,"₩23,000","₩23,000",,,,,,260622,
petrichoor.com,false,,페트리코어,,,,,https://petrichoor.com/product/detail.html?product_no=5554,플로 심플 라운드 레이어드 나시 (4color),,,https://petrichoor.com/web/product/medium/202605/6656ccf2bf54568e679e4a3fbe8ba0f2.gif,,,,,"₩33,000","₩33,000",,,,,,260622,
petrichoor.com,false,,페트리코어,,,,,https://petrichoor.com/product/detail.html?product_no=5553,린아 스트랩 프릴 플레어 미디 스커트 (3color),,,https://petrichoor.com/web/product/medium/202605/45bfc1419e9f1f1f11a7d17e991a6da5.gif,,,,,"₩46,000","₩46,000",,,,,,260622,
petrichoor.com,false,,페트리코어,,,,,https://petrichoor.com/product/detail.html?product_no=5551,루아 베이직 와이드 버뮤다 팬츠 (2color),,,https://petrichoor.com/web/product/medium/202605/7a027849d23e1583ce9cb20fd4705cfc.gif,,,,,"₩44,000","₩44,000",,,,,,260622,
petrichoor.com,false,,페트리코어,,,,,https://petrichoor.com/product/detail.html?product_no=5550,티오 스트라이프 맥시 롱 스커트 (2color),,,https://petrichoor.com/web/product/medium/202605/90eecf1c54754b1d678fb31ec1c61bff.gif,,,,,"₩39,000","₩39,000",,,,,,260622,
petrichoor.com,false,,페트리코어,,,,,https://petrichoor.com/product/detail.html?product_no=5548,리나 와플 단작 레글런 긴팔 티셔츠 (3color),,,https://petrichoor.com/web/product/medium/202605/10ba3923f4f4154a410d1ba05a4d3bd9.gif,,,,,"₩46,000","₩46,000",,,,,,260622,
petrichoor.com,false,,페트리코어,,,,,https://petrichoor.com/product/detail.html?product_no=5547,롬롬 핀턱 나시 블라우스 (ivory),,,https://petrichoor.com/web/product/medium/202605/422eafe8e61c8bf6ed278b4ea7de5b46.gif,,,,,"₩51,500","₩51,500",,,,,,260622,
petrichoor.com,false,,페트리코어,,,,,https://petrichoor.com/product/detail.html?product_no=5544,두아 루즈 오프숄더 니트 (4color),,,https://petrichoor.com/web/product/medium/202605/58168e887e47ff1ac4cc81f359b70ef9.gif,,,,,"₩58,500","₩58,500",,,,,,260622,
petrichoor.com,false,,페트리코어,,,,,https://petrichoor.com/product/detail.html?product_no=5543,메이트 레터링 빅 에코백 (2color),,,https://petrichoor.com/web/product/medium/202605/68a36fc0888f100f3a28d8363de7cb65.gif,,,,,"₩30,000","₩30,000",,,,,,260622,
petrichoor.com,false,,페트리코어,,,,,https://petrichoor.com/product/detail.html?product_no=5542,니오 미니멀 나일론 심플 백팩 (3color),,,https://petrichoor.com/web/product/medium/202605/2a6a6f53894452d3dc9e0759f98e0daf.gif,,,,,"₩48,000","₩48,000",,,,,,260622,
petrichoor.com,false,,페트리코어,,,,,https://petrichoor.com/product/detail.html?product_no=5541,[💌레이어드/단독] 티티 도트 엠보 밴딩 롱 스커트 (랩스커트/안감o/여행룩),,,https://petrichoor.com/web/product/medium/202605/a256a2a9e0a2f5fee81b214037dbb7c1.gif,,,,,"₩51,500","₩51,500",,,,,,260622,
petrichoor.com,false,,페트리코어,,,,,https://petrichoor.com/product/detail.html?product_no=5540,[🎐여름신상/단독] 라플 플라워 레이스 뷔스티에 블라우스 (레이어드템/끈조절o/나시블라우스),,,https://petrichoor.com/web/product/medium/202605/cd8341d29ff5b3bc0cf03c560fc0e164.gif,,,,,"₩56,000","₩56,000",,,,,,260622,
petrichoor.com,false,,페트리코어,,,,,https://petrichoor.com/product/detail.html?product_no=5539,줄리엣 핀턱 퍼프 반팔 블라우스 (2color),,,https://petrichoor.com/web/product/medium/202605/153ef2eb95e8fb65d91e72736ea6acd4.gif,,,,,"₩62,500","₩62,500",,,,,,260622,
petrichoor.com,false,,페트리코어,,,,,https://petrichoor.com/product/detail.html?product_no=5538,[여름신상🤍/단독] 하린 퓨어 셔링 블라우스 (프릴/데이트룩/여리핏),,,https://petrichoor.com/web/product/medium/202605/f9191e90822b914307229bbd327dbc96.gif,,,,,"₩35,000","₩35,000",,,,,,260622,
petrichoor.com,false,,페트리코어,,,,,https://petrichoor.com/product/detail.html?product_no=5537,밀키 오버핏 체크 셔츠 (2color),,,https://petrichoor.com/web/product/medium/202605/7cd6243edc234ccf719b549a6109f33b.gif,,,,,"₩62,500","₩62,500",,,,,,260622,
petrichoor.com,false,,페트리코어,,,,,https://petrichoor.com/product/detail.html?product_no=5536,[여름신상🍨/단독] 다온 플라워 도트 프릴 나시 (레이어드/봄여름/브이넥),,,https://petrichoor.com/web/product/medium/202605/24713a3c44a547b70a85564d9446c9e2.gif,,,,,"₩35,000","₩35,000",,,,,,260622,
petrichoor.com,false,,페트리코어,,,,,https://petrichoor.com/product/detail.html?product_no=5535,아온 플라워 펀칭 뜨개 비니 (3color),,,https://petrichoor.com/web/product/medium/202605/7b64b540c1bbce03a09fc03aeb50daa5.gif,,,,,"₩27,000","₩27,000",,,,,,260622,
petrichoor.com,false,,페트리코어,,,,,https://petrichoor.com/product/detail.html?product_no=4567,[🌸봄블라우스/단독] 이브 레글런 스트랩 롱 블라우스 (봄하객룩/레이어드/러플블라우스/체형커버),,,https://petrichoor.com/web/product/medium/202605/9e8a886b9867b5cf1c077a2ffe1af157.gif,,,,,"₩39,000","₩39,000",,,,,,260622,
petrichoor.com,false,,페트리코어,,,,,https://petrichoor.com/product/detail.html?product_no=4534,[단독] 포에브 브이넥 핀턱 긴팔 롱 블라우스(봄•가을/군살커버/레글런블라우스),,,https://petrichoor.com/web/product/medium/202605/1ec7d0fc0ae16c888abcc9f3250d2688.gif,,,,,"₩46,000","₩46,000",,,,,,260622,
petrichoor.com,false,,페트리코어,,,,,https://petrichoor.com/product/detail.html?product_no=5524,시오 세미 와이드 워싱 데님 팬츠 (3color),,,https://petrichoor.com/web/product/medium/202605/cb130802891666048dc64d86c9db9abe.gif,,,,,"₩70,000","₩70,000",,,,,,260622,
petrichoor.com,false,,페트리코어,,,,,https://petrichoor.com/product/detail.html?product_no=5317,[시즌리스/단독] [안감o] 너스 브이넥 핀턱 나시 원피스 (끈조절o/레이어드/뷔스티에원피스),,,https://petrichoor.com/web/product/medium/202605/1b808aa9b9c6ea9a95af4769697e922a.gif,,,,,"₩44,000","₩44,000",,,,,,260622,
petrichoor.com,false,,페트리코어,,,,,https://petrichoor.com/product/detail.html?product_no=5523,[🌴살안타템] 루즈핏 헨리넥 시스루 긴팔 니트 (3color),,,https://petrichoor.com/web/product/medium/202605/f4d4e5a2eee0608d8ce110e1bbb1a204.gif,,,,,"₩48,000","₩48,000",,,,,,260622,
petrichoor.com,false,,페트리코어,,,,,https://petrichoor.com/product/detail.html?product_no=5521,허브 프릴 브이넥 펀칭 물결 나시 (3color),,,https://petrichoor.com/web/product/medium/202605/30b98e95b02a033f59a6ac5b323fbda0.gif,,,,,"₩35,000","₩35,000",,,,,,260622,
petrichoor.com,false,,페트리코어,,,,,https://petrichoor.com/product/detail.html?product_no=5520,[💌하객룩] 카린 핀턱 반바지 하프 슬랙스 숏팬츠 (2color),,,https://petrichoor.com/web/product/medium/202605/fc4bce90535fdae9926f6ac4e612f551.gif,,,,,"₩49,900","₩49,900",,,,,,260622,
petrichoor.com,false,,페트리코어,,,,,https://petrichoor.com/product/detail.html?product_no=5519,노아 홀터넥 데일리 레이어드 나시 (4color),,,https://petrichoor.com/web/product/medium/202605/9ef7c62b8ea20d60b088f6e55daaa6a6.gif,,,,,"₩44,000","₩44,000",,,,,,260622,
petrichoor.com,false,,페트리코어,,,,,https://petrichoor.com/product/detail.html?product_no=5518,[단독] 베레나 러플 브이넥 블라우스 (시스루/루즈핏/하객룩),,,https://petrichoor.com/web/product/medium/202605/eebafbb394bc1fe3fa5791af6ae44347.gif,,,,,"₩58,500","₩58,500",,,,,,260622,
petrichoor.com,false,,페트리코어,,,,,https://petrichoor.com/product/detail.html?product_no=5516,[🎀레이어드/단독] 르소나 레이스 뷔스티에 원피스 (시즌리스/끈조절/미니원피스),,,https://petrichoor.com/web/product/medium/202605/fba51d9e2899df1b60229596a56c4c6c.gif,,,,,"₩30,000","₩30,000",,,,,,260622,
petrichoor.com,false,,페트리코어,,,,,https://petrichoor.com/product/detail.html?product_no=5515,[🩵여름신상/단독] 뉴에트 러플 언발 나시 원피스 (레이어드템/끈조절/안감o/뷔스티에),,,https://petrichoor.com/web/product/medium/202605/4a7f5be33c394b88cb2e78d178a427ff.gif,,,,,"₩44,000","₩44,000",,,,,,260622,
petrichoor.com,false,,페트리코어,,,,,https://petrichoor.com/product/detail.html?product_no=5514,[🎐여름신상/단독] 엘포 사이드 스트링 뒷밴딩 미디 스커트 (코튼스커트/여름치마/안감o),,,https://petrichoor.com/web/product/medium/202605/4fbe14f9d9f37a8cf55140f6d786e289.gif,,,,,"₩39,000","₩39,000",,,,,,260622,
petrichoor.com,false,,페트리코어,,,,,https://petrichoor.com/product/detail.html?product_no=5513,[🎐여름까지/단독] 닉스 루즈핏 스트라이프 시스루 셔츠 (긴팔/여름셔츠/데일리룩),,,https://petrichoor.com/web/product/medium/202605/c4aa46ca227d02af437d94be4b25e9ba.gif,,,,,"₩49,900","₩49,900",,,,,,260622,
petrichoor.com,false,,페트리코어,,,,,https://petrichoor.com/product/detail.html?product_no=5512,[🌷여름신상/단독] 라온 레이스 나시 블라우스 (프릴/자수포인트/스퀘어),,,https://petrichoor.com/web/product/medium/202605/0eef648a79474fa4cf3ad66acac692ac.gif,,,,,"₩44,000","₩44,000",,,,,,260622,
petrichoor.com,false,,페트리코어,,,,,https://petrichoor.com/product/detail.html?product_no=5511,[🌻여름신상/단독] 레이안 핀턱 나시 롱 원피스 (안감o/레이어드/민소매),,,https://petrichoor.com/web/product/medium/202605/bf4ed1efeb79472084c53be0d964d50b.gif,,,,,"₩70,000","₩70,000",,,,,,260622,
petrichoor.com,false,,페트리코어,,,,,https://petrichoor.com/product/detail.html?product_no=5510,[🌻여름신상/단독] 엔뉴 스트라이프 스트링 나시 블라우스 (라운드넥/플레어/민소매),,,https://petrichoor.com/web/product/medium/202605/3e468c3be8cb52ba4aa10c0fc2b99768.gif,,,,,"₩51,500","₩51,500",,,,,,260622,
petrichoor.com,false,,페트리코어,,,,,https://petrichoor.com/product/detail.html?product_no=5508,[🎐여름신상/단독] 데이시 도트 캉캉 밴딩 스커트 (미디스커트/여름치마/시스루/안감o),,,https://petrichoor.com/web/product/medium/202605/264e3d9dbb7ce529d1626bf8b73d8bd0.gif,,,,,"₩33,000","₩33,000",,,,,,260622,
petrichoor.com,false,,페트리코어,,,,,https://petrichoor.com/product/detail.html?product_no=5506,[🎐여름까지/단독] 듀이 프릴 레글런 블라우스 (시스루/여름블라우스/퍼프소매),,,https://petrichoor.com/web/product/medium/202605/36cace0992b550b77edcbfdc2d61100b.gif,,,,,"₩51,500","₩51,500",,,,,,260622,
petrichoor.com,false,,페트리코어,,,,,https://petrichoor.com/product/detail.html?product_no=5505,[🩵여름신상/단독] 헤이 밴딩 미디 스커트 (프릴/여리핏/봄여름),,,https://petrichoor.com/web/product/medium/202605/b35de399c304ff07bf101641fe3d3c8b.gif,,,,,"₩62,500","₩62,500",,,,,,260622,
petrichoor.com,false,,페트리코어,,,,,https://petrichoor.com/product/detail.html?product_no=5504,[🍨여름신상/단독] 리릿 브이넥 레이스 나시 원피스 (끈조절o/레이어드/뷔스티에),,,https://petrichoor.com/web/product/medium/202605/2f4c4b189fe16b73b1b7ca326daca405.gif,,,,,"₩58,500","₩58,500",,,,,,260622,
petrichoor.com,false,,페트리코어,,,,,https://petrichoor.com/product/detail.html?product_no=5503,[🍨여름신상/단독] 리오네 펀칭 레이스 핀턱 나시 블라우스 (크롭/플레어/리본스트링),,,https://petrichoor.com/web/product/medium/202605/cec983b533225b83630bc1f9bac236f7.gif,,,,,"₩46,000","₩46,000",,,,,,260622,
petrichoor.com,false,,페트리코어,,,,,https://petrichoor.com/product/detail.html?product_no=5502,[🌻여름신상/단독] 로하츠 러플 핀턱 반팔 블라우스 (둥근카라넥/크롭/캡소매),,,https://petrichoor.com/web/product/medium/202605/3fd887a2666800b0986ebf88d67411a6.gif,,,,,"₩46,000","₩46,000",,,,,,260622,
petrichoor.com,false,,페트리코어,,,,,https://petrichoor.com/product/detail.html?product_no=5501,[🌻여름신상/단독] 뉴엣 레이스 캉캉 언발 롱 원피스 (나시/슬리브리스/레이어드),,,https://petrichoor.com/web/product/medium/202604/8c9f697c6b16f21ae93628267e076a62.gif,,,,,"₩64,400","₩64,400",,,,,,260622,
petrichoor.com,false,,페트리코어,,,,,https://petrichoor.com/product/detail.html?product_no=5500,[단독] 포엘 카라 체크 코튼 긴팔 셔츠 (루즈핏/봄가을/체크남방),,,https://petrichoor.com/web/product/medium/202604/9db1d6e4bdb4dff12c409cee11ddba0c.gif,,,,,"₩51,500","₩51,500",,,,,,260622,
petrichoor.com,false,,페트리코어,,,,,https://petrichoor.com/product/detail.html?product_no=5499,[단독] 셀레네 리본 레이어드 랩 스커트 (미니기장/코튼치마/사계절),,,https://petrichoor.com/web/product/medium/202604/a037287961e8f63f3aebe60420cd9d37.gif,,,,,"₩39,000","₩39,000",,,,,,260622,
petrichoor.com,false,,페트리코어,,,,,https://petrichoor.com/product/detail.html?product_no=5491,[🍨여름신상/단독] 얼스 시스루 콩단추 나시 롱 원피스 (레이어드템/시스루레이어드/쉬폰),,,https://petrichoor.com/web/product/medium/202604/50b38e7461dd58f76504187dfd268691.gif,,,,,"₩56,000","₩56,000",,,,,,260622,
petrichoor.com,false,,페트리코어,,,,,https://petrichoor.com/product/detail.html?product_no=4300,당일출고🚀 300g 라이트 핀턱 코튼 투웨이 밴딩 팬츠(5color),,,https://petrichoor.com/web/product/medium/202605/d50a10a6ae82427c1c9097ab137acb9b.gif,,,,,"₩39,000","₩39,000",,,,,,260622,
petrichoor.com,false,,페트리코어,,,,,https://petrichoor.com/product/detail.html?product_no=5490,[🍨여름신상/단독] 포티 코튼 밴딩 롱 스커트 (절개디테일/여름치마/a라인/안감o),,,https://petrichoor.com/web/product/medium/202604/f1da5aa646894bcf35086ad935a6de6a.gif,,,,,"₩51,500","₩51,500",,,,,,260622,
petrichoor.com,false,,페트리코어,,,,,https://petrichoor.com/product/detail.html?product_no=5489,[🍨여름까지/단독] 바질 레이스 7부 블라우스 (스트랩/오픈넥/데이트룩),,,https://petrichoor.com/web/product/medium/202604/aa1d8025dfe8f68f77e0f8789d752294.gif,,,,,"₩46,000","₩46,000",,,,,,260622,
petrichoor.com,false,,페트리코어,,,,,https://petrichoor.com/product/detail.html?product_no=5344,[여름까지/단독] [안감o] 트리밍 밑단 레이스 캉캉 롱 스커트 (밴딩/a라인/봄•여름),,,https://petrichoor.com/web/product/medium/202604/d6c6a1c74368111ad2b2468efb35ead0.gif,,,,,"₩30,000","₩30,000",,,,,,260622,
petrichoor.com,false,,페트리코어,,,,,https://petrichoor.com/product/detail.html?product_no=5488,후니 트레이닝 절개 밴딩 숏 반바지 (4color),,,https://petrichoor.com/web/product/medium/202604/c74294f6175e286ba944a5ad2610be86.gif,,,,,"₩30,000","₩30,000",,,,,,260622,
petrichoor.com,false,,페트리코어,,,,,https://petrichoor.com/product/detail.html?product_no=5487,하객룩🌹보트 7부 스트링 셔링 블라우스 (2color),,,https://petrichoor.com/web/product/medium/202604/9ba76a3c3f1086f5574748fb5f4b4ae1.gif,,,,,"₩41,000","₩41,000",,,,,,260622,
petrichoor.com,false,,페트리코어,,,,,https://petrichoor.com/product/detail.html?product_no=5482,[🩵여름신상/단독] 드로우 쉬폰 뷔스티에 롱 원피스 (레이어드/사계절템/휴양지원피스),,,https://petrichoor.com/web/product/medium/202604/b4ac002f9cc286eb656b8b8a4d18caaa.gif,,,,,"₩39,000","₩39,000",,,,,,260622,
petrichoor.com,false,,페트리코어,,,,,https://petrichoor.com/product/detail.html?product_no=5480,[💗레이어드/단독] 포스티 코튼 가디건 & 나시 세트 (쫀쫀/만능코디/분리형),,,https://petrichoor.com/web/product/medium/202604/3d06cbe38392eaf29c8e4982d64da02a.gif,,,,,"₩53,900","₩53,900",,,,,,260622,
petrichoor.com,false,,페트리코어,,,,,https://petrichoor.com/product/detail.html?product_no=5479,[단독] 라비 썸머 루즈핏 체크 셔츠 (여름셔츠/살안타템/간절기셔츠),,,https://petrichoor.com/web/product/medium/202604/7c5692787e5e1bc975990076415e63c9.gif,,,,,"₩39,000","₩39,000",,,,,,260622,
petrichoor.com,false,,페트리코어,,,,,https://petrichoor.com/product/detail.html?product_no=5478,[🩵여름신상/단독] 페브 펌킨 뒷밴딩 미디 스커트 (면치마/벌룬치마/키작녀),,,https://petrichoor.com/web/product/medium/202604/e6fb73beef1d35fc8c8a175d05b66b45.gif,,,,,"₩44,000","₩44,000",,,,,,260622,
petrichoor.com,false,,페트리코어,,,,,https://petrichoor.com/product/detail.html?product_no=5477,[단독] 라네 헨리넥 셔링 플레어 블라우스 (루즈핏/하객룩/출근룩),,,https://petrichoor.com/web/product/medium/202604/23f3309a0466e07d10eb6564b922e014.gif,,,,,"₩41,000","₩41,000",,,,,,260622,
petrichoor.com,false,,페트리코어,,,,,https://petrichoor.com/product/detail.html?product_no=5476,리포니 슬릿 바이커 카프리 팬츠 (black),,,https://petrichoor.com/web/product/medium/202604/47d87ca696efa29d44d60ee4041f3622.gif,,,,,"₩60,500","₩60,500",,,,,,260622,
petrichoor.com,false,,페트리코어,,,,,https://petrichoor.com/product/detail.html?product_no=5475,[1+1] 웨이브 텐셀 니삭스 롱 양말 (9color),,,https://petrichoor.com/web/product/medium/202604/3820550460649a3191ca8bec0418f8f8.gif,,,,,"₩30,000","₩30,000",,,,,,260622,
petrichoor.com,false,,페트리코어,,,,,https://petrichoor.com/product/detail.html?product_no=5474,[🌷레이어드/단독] 아이프 그물 니트 나시 원피스 (커버업/시즌리스/핏조절),,,https://petrichoor.com/web/product/medium/202604/ad4a30e48a26cec4f42dbcfa9a41cb65.gif,,,,,"₩46,000","₩46,000",,,,,,260622,
petrichoor.com,false,,페트리코어,,,,,https://petrichoor.com/product/detail.html?product_no=5473,비스코스 파스텔 골지 나시 (7color),,,https://petrichoor.com/web/product/medium/202604/9cf7a00d64cc81ce4814e25c09bb051e.gif,,,,,"₩30,000","₩30,000",,,,,,260622,
petrichoor.com,false,,페트리코어,,,,,https://petrichoor.com/product/detail.html?product_no=5471,[💌하객룩/단독] 렌디 브이넥 셔링 타이 블라우스 (출근룩/데이트룩/퍼프블라우스),,,https://petrichoor.com/web/product/medium/202604/ef71ef4afa1e80fd0d26d5c629712e37.gif,,,,,"₩37,000","₩37,000",,,,,,260622,
petrichoor.com,false,,페트리코어,,,,,https://petrichoor.com/product/detail.html?product_no=5465,[💕여름신상/단독] 엔딜 도트 프릴 뒷밴딩 미디 스커트 (안감o/하객룩/린넨치마),,,https://petrichoor.com/web/product/medium/202604/a3f4dc2360f21f192aa4ca1c7ac2f736.gif,,,,,"₩41,000","₩41,000",,,,,,260622,
petrichoor.com,false,,페트리코어,,,,,https://petrichoor.com/product/detail.html?product_no=5464,[💕여름신상/단독] 버티 도트 쉬폰 레이어드 원피스 (시즌리스/끈조절/뷔스티에원피스),,,https://petrichoor.com/web/product/medium/202604/a270c7d206e42bdee6c1142cf76186a8.gif,,,,,"₩51,500","₩51,500",,,,,,260622,
petrichoor.com,false,,페트리코어,,,,,https://petrichoor.com/product/detail.html?product_no=5463,버블 크롭 반팔 티셔츠 (5color),,,https://petrichoor.com/web/product/medium/202604/dfad69c28402079d3d004df314ee709c.gif,,,,,"₩33,000","₩33,000",,,,,,260622,
petrichoor.com,false,,페트리코어,,,,,https://petrichoor.com/product/detail.html?product_no=5462,[살안타템] 리버 브이넥 썸머 가디건 (3color),,,https://petrichoor.com/web/product/medium/202604/ed8672587f723a7f1cc9403228ff66b3.gif,,,,,"₩58,500","₩58,500",,,,,,260622,
petrichoor.com,false,,페트리코어,,,,,https://petrichoor.com/product/detail.html?product_no=5461,[🎐여름신상/단독] 마임 밴딩 와이드 팬츠 (찰랑/쿨소재/체형커버),,,https://petrichoor.com/web/product/medium/202604/fed00ebdb27db270a5c3e78af7bc418d.gif,,,,,"₩53,900","₩53,900",,,,,,260622,
petrichoor.com,false,,페트리코어,,,,,https://petrichoor.com/product/detail.html?product_no=5415,[🎐여름까지/단독] 제리 브이넥 무지 스트라이프 가디건 (레이어드/여리핏/시스루),,,https://petrichoor.com/web/product/medium/202604/58e190c6dd0d8f62880adf42e0e6c0d2.gif,,,,,"₩48,000","₩48,000",,,,,,260622,
petrichoor.com,false,,페트리코어,,,,,https://petrichoor.com/product/detail.html?product_no=5460,[💌하객룩/단독] 뮤즈 브이넥 타이 블라우스 (피크닉룩/출근룩/여리핏),,,https://petrichoor.com/web/product/medium/202604/2e379e9a415d21dd96f2e7612ac6977b.gif,,,,,"₩37,000","₩37,000",,,,,,260622,
petrichoor.com,false,,페트리코어,,,,,https://petrichoor.com/product/detail.html?product_no=5458,[단독] 웨스턴 밑단 비조 뒷밴딩 와이드 팬츠 (절개디테일/키작녀/하객룩),,,https://petrichoor.com/web/product/medium/202604/e562ef4f75e964efc53cbbb447a937e7.gif,,,,,"₩51,500","₩51,500",,,,,,260622,
petrichoor.com,false,,페트리코어,,,,,https://petrichoor.com/product/detail.html?product_no=5352,[단독] 로벤 프릴 스트링 롱 원피스 (오버핏/체형보완/긴팔/봄원피스),,,https://petrichoor.com/web/product/medium/202604/0f6e5041778dd1d9285a4732185dbeff.gif,,,,,"₩49,900","₩49,900",,,,,,260622,
petrichoor.com,false,,페트리코어,,,,,https://petrichoor.com/product/detail.html?product_no=5454,[💙여름신상/단독] 파운드 뒷밴딩 버뮤다 팬츠 (체형커버/7부/만능코디),,,https://petrichoor.com/web/product/medium/202604/927dfdad71a0f19ab2f594ec2e5fafad.gif,,,,,"₩48,000","₩48,000",,,,,,260622,
petrichoor.com,false,,페트리코어,,,,,https://petrichoor.com/product/detail.html?product_no=5453,아이콘 코튼 스판 홀터넥 나시 (7color),,,https://petrichoor.com/web/product/medium/202604/9953ed58c12b2ad34c00d6542e0e7870.gif,,,,,"₩25,000","₩25,000",,,,,,260622,
petrichoor.com,false,,페트리코어,,,,,https://petrichoor.com/product/detail.html?product_no=5452,[🍀여름까지/단독] 듀얼 코튼 와이드 슬랙스 (핏보장/하객룩/뒷밴딩/레이어드),,,https://petrichoor.com/web/product/medium/202604/97fd1957b705d34e453e9df6e059805b.gif,,,,,"₩56,000","₩56,000",,,,,,260622,
petrichoor.com,false,,페트리코어,,,,,https://petrichoor.com/product/detail.html?product_no=5451,[단독] 네드 루즈핏 스트링 블라우스 (체형커버/봄가을블라우스/하객룩),,,https://petrichoor.com/web/product/medium/202604/2fafb4199b467d6edbac621eb9e87e34.gif,,,,,"₩58,500","₩58,500",,,,,,260622,
petrichoor.com,false,,페트리코어,,,,,https://petrichoor.com/product/detail.html?product_no=5450,[🎐봄•여름/단독] 로안느 스트랩 반팔 블라우스 (하객룩/루즈핏/체형커버),,,https://petrichoor.com/web/product/medium/202604/473d0c1dd1cde85430fae70155e60c35.gif,,,,,"₩39,000","₩39,000",,,,,,260622,
petrichoor.com,false,,페트리코어,,,,,https://petrichoor.com/product/detail.html?product_no=5449,[🎐봄•여름/단독] 위니 시스루 루즈핏 셔츠 (여름셔츠/시스루/살안타템),,,https://petrichoor.com/web/product/medium/202604/2db55b095dfa145745719fdfa5d90430.gif,,,,,"₩44,000","₩44,000",,,,,,260622,
petrichoor.com,false,,페트리코어,,,,,https://petrichoor.com/product/detail.html?product_no=5448,[🎐여름신상/단독] 진저 트임 랩 니트 (하객룩/여리핏/반팔니트),,,https://petrichoor.com/web/product/medium/202604/7accd9f58e519571648394bc4b64084d.gif,,,,,"₩46,000","₩46,000",,,,,,260622,
petrichoor.com,false,,페트리코어,,,,,https://petrichoor.com/product/detail.html?product_no=5447,투어 피그먼트 오버핏 후드집업 (2color),,,https://petrichoor.com/web/product/medium/202604/e09534d882a46e531eaa33cbdc4ce44f.gif,,,,,"₩88,900","₩88,900",,,,,,260622,
petrichoor.com,false,,페트리코어,,,,,https://petrichoor.com/product/detail.html?product_no=5446,[단독] 아카나 쉬폰 캉캉 미디 스커트 (안감o/밴딩치마/시스루/봄•여름),,,https://petrichoor.com/web/product/medium/202604/c04edca41d8b6f8a559561658383145d.gif,,,,,"₩51,500","₩51,500",,,,,,260622,
petrichoor.com,false,,페트리코어,,,,,https://petrichoor.com/product/detail.html?product_no=5445,아이콘 슬림핏 코튼 반팔 티셔츠 (7color),,,https://petrichoor.com/web/product/medium/202604/61e92032caafbd6ba6b8ff74b33430e9.gif,,,,,"₩27,000","₩27,000",,,,,,260622,
petrichoor.com,false,,페트리코어,,,,,https://petrichoor.com/product/detail.html?product_no=5444,크론 오버핏 배색 야상 자켓 (2color),,,https://petrichoor.com/web/product/medium/202604/45635f10dd59ed861d97dcdb46055628.gif,,,,,"₩110,000","₩110,000",,,,,,260622,
petrichoor.com,false,,페트리코어,,,,,https://petrichoor.com/product/detail.html?product_no=5441,[👍핏보장/단독] 리디 투웨이 뒷밴딩 카고 팬츠 (체형커버/핏조절/코튼팬츠/절개포인트),,,https://petrichoor.com/web/product/medium/202605/91c7439d00a30ba3b1c8494704bacb94.gif,,,,,"₩51,500","₩51,500",,,,,,260622,
petrichoor.com,false,,페트리코어,,,,,https://petrichoor.com/product/detail.html?product_no=5440,[여름블라우스/단독] 메리덴 프릴 나시 뷔스티에 블라우스 (리본스트랩/끈조절/레이어드),,,https://petrichoor.com/web/product/medium/202604/74b3309a2ad4467da9129ec9405561bb.gif,,,,,"₩39,000","₩39,000",,,,,,260622,
petrichoor.com,false,,페트리코어,,,,,https://petrichoor.com/product/detail.html?product_no=5438,[🌷봄필수템/단독] 포인 스트랩 블라우스 (루즈핏/체형커버/퍼프블라우스),,,https://petrichoor.com/web/product/medium/202604/43b1a223cbf096f92f04d530bde1d37a.gif,,,,,"₩39,000","₩39,000",,,,,,260622,
petrichoor.com,false,,페트리코어,,,,,https://petrichoor.com/product/detail.html?product_no=5437,[🌹레이어드/단독] 엔초 레이스 나시 원피스 (끈조절/미니원피스/시즌리스),,,https://petrichoor.com/web/product/medium/202604/109a1b0008d3be3de25bf69d594e3fd0.gif,,,,,"₩51,500","₩51,500",,,,,,260622,
petrichoor.com,false,,페트리코어,,,,,https://petrichoor.com/product/detail.html?product_no=5436,아란 미니 토트백 (2color),,,https://petrichoor.com/web/product/medium/202604/ea008dfaecb67e34063c78f5e3d1feae.gif,,,,,"₩44,000","₩44,000",,,,,,260622,
petrichoor.com,false,,페트리코어,,,,,https://petrichoor.com/product/detail.html?product_no=5432,[단독] 벨리아 펀칭 레이스 캡소매 반팔 블라우스 (허리스트랩/자수/퍼프소매),,,https://petrichoor.com/web/product/medium/202604/8dcea0de47c2a97af466dfb9d2c18520.gif,,,,,"₩46,000","₩46,000",,,,,,260622,
petrichoor.com,false,,페트리코어,,,,,https://petrichoor.com/product/detail.html?product_no=5430,[🌷봄블라우스/단독] 세레니 핀턱 퍼프 블라우스 (출근룩/데이트룩/라운드넥/레이어드),,,https://petrichoor.com/web/product/medium/202604/af03d04b4fcbe8d486edfbd4517f87f7.gif,,,,,"₩36,000","₩36,000",,,,,,260622,
petrichoor.com,false,,페트리코어,,,,,https://petrichoor.com/product/detail.html?product_no=5429,[🍀봄필수템/단독] 로키 루즈핏 셔츠 (출근룩/레이어드/스트라이프셔츠),,,https://petrichoor.com/web/product/medium/202605/40369ad973401f1d6ccd813a85e6f700.gif,,,,,"₩51,500","₩51,500",,,,,,260622,
petrichoor.com,false,,페트리코어,,,,,https://petrichoor.com/product/detail.html?product_no=4169,[🌸봄아우터] [고퀄리티] 하이넥 투웨이 숏 트렌치자켓 (하프/아우터/하객룩/트렌치),,,https://petrichoor.com/web/product/medium/202604/b8dba14ae7340eda9eefa250545784ab.gif,,,,,"₩74,000","₩74,000",,,,,,260622,
petrichoor.com,false,,페트리코어,,,,,https://petrichoor.com/product/detail.html?product_no=5428,[단독] 프롬 카고 핀턱 밴딩 메가 와이드 팬츠 (핏보장/군살커버/만능코디/면바지),,,https://petrichoor.com/web/product/medium/202604/2d758a6f982ab9533169e6e6ed90295b.gif,,,,,"₩68,000","₩68,000",,,,,,260622,
petrichoor.com,false,,페트리코어,,,,,https://petrichoor.com/product/detail.html?product_no=5427,[단독] 헤이디 레이스 레이어드 나시 미니 원피스 (스퀘어넥/뷔스티에/슬리브리스),,,https://petrichoor.com/web/product/medium/202604/1d5af9f75cf33590e91b29f704cc62b9.gif,,,,,"₩39,000","₩39,000",,,,,,260622,
petrichoor.com,false,,페트리코어,,,,,https://petrichoor.com/product/detail.html?product_no=5424,[단독] 로버드 캉캉 셔링 밴딩 롱 스커트 (플레어치마/a라인/속치마o),,,https://petrichoor.com/web/product/medium/202604/3dcacaf21efbf90bb28d4279bc7937d6.gif,,,,,"₩35,000","₩35,000",,,,,,260622,
petrichoor.com,false,,페트리코어,,,,,https://petrichoor.com/product/detail.html?product_no=5423,[단독] 로랑 언발 레이스 롱 나시 원피스 (레이어드/뷔스티에/여리핏),,,https://petrichoor.com/web/product/medium/202604/69c8551cfe51c94615ea6df527a2b9bb.gif,,,,,"₩39,900","₩39,900",,,,,,260622,
petrichoor.com,false,,페트리코어,,,,,https://petrichoor.com/product/detail.html?product_no=5422,[🍀셋업/단독] 그물 니트 & 깅엄체크 밴딩 스커트 (여름니트/플레어스커트/레이어드/원숄더),,,https://petrichoor.com/web/product/medium/202604/4af962d8b65145f6e3ce84c679fd05dd.gif,,,,,"₩62,500","₩62,500",,,,,,260622,
petrichoor.com,false,,페트리코어,,,,,https://petrichoor.com/product/detail.html?product_no=5421,[🤍여름까지/단독] 리슨 펌킨 나시 미니 원피스 (스크런치세트/봄•여름/레이어드/벌룬핏),,,https://petrichoor.com/web/product/medium/202604/8421d6883b7ae3e0f7d4ad968618b8df.gif,,,,,"₩39,000","₩39,000",,,,,,260622,
petrichoor.com,false,,페트리코어,,,,,https://petrichoor.com/product/detail.html?product_no=5418,[단독] 모어스 레이스 끈나시 미니 원피스 (이중레이어드/슬리브리스/끈조절),,,https://petrichoor.com/web/product/medium/202604/9a4c4d012c20aecd00a9d6c27bd48bf5.gif,,,,,"₩60,500","₩60,500",,,,,,260622,
petrichoor.com,false,,페트리코어,,,,,https://petrichoor.com/product/detail.html?product_no=5417,[단독] 루네 일체형 프릴 긴팔 블라우스 (봄가을/레이어드/여리핏),,,https://petrichoor.com/web/product/medium/202604/b8bb40c3cb6e95c675f7cc89c79ad356.gif,,,,,"₩53,500","₩53,500",,,,,,260622,
petrichoor.com,false,,페트리코어,,,,,https://petrichoor.com/product/detail.html?product_no=5413,[💗레이어드/단독] 리브 레이스 끈나시 미니 원피스 (안감o/시즌리스/끈조절),,,https://petrichoor.com/web/product/medium/202604/e348315a5700fd3c45ba19000734d651.gif,,,,,"₩41,000","₩41,000",,,,,,260622,
petrichoor.com,false,,페트리코어,,,,,https://petrichoor.com/product/detail.html?product_no=5412,[봄아우터/단독] 리누아 하이넥 린넨 하프 자켓 (여름까지/허리스트링/하객룩),,,https://petrichoor.com/web/product/medium/202604/3a39b0e25e4fd5773be712baebf77a12.gif,,,,,"₩103,000","₩103,000",,,,,,260622,
petrichoor.com,false,,페트리코어,,,,,https://petrichoor.com/product/detail.html?product_no=5410,크레시 프릴 밴딩 미디 스커트 (안감o/스트링포인트/a라인),,,https://petrichoor.com/web/product/medium/202604/8966d9acd814c75c0260eea8eb34eea1.gif,,,,,"₩68,000","₩68,000",,,,,,260622,
petrichoor.com,false,,페트리코어,,,,,https://petrichoor.com/product/detail.html?product_no=5409,[🌷레이어드/단독] 셰리 시스루 레이스 나시 원피스 (뷔스티에원피스/봄원피스/핏조절/레이스포인트),,,https://petrichoor.com/web/product/medium/202604/37f962e49d841104b5fb44184ea74888.gif,,,,,"₩46,000","₩46,000",,,,,,260622,
petrichoor.com,false,,페트리코어,,,,,https://petrichoor.com/product/detail.html?product_no=5403,[단독] 셀라 프릴 캉캉 미디 스커트 (안감o/밴딩치마/플레어),,,https://petrichoor.com/web/product/medium/202604/b69d9ab82d9cdcc7c383c7b25b82dbed.gif,,,,,"₩30,000","₩30,000",,,,,,260622,
petrichoor.com,false,,페트리코어,,,,,https://petrichoor.com/product/detail.html?product_no=5402,[단독] 멜덴 레이어드 뷔스티에 나시 원피스 (스퀘어넥/슬리브리스/미니원피스),,,https://petrichoor.com/web/product/medium/202604/a8bcec20eb7d898c98a2cf2737a771de.gif,,,,,"₩46,000","₩46,000",,,,,,260622,
petrichoor.com,false,,페트리코어,,,,,https://petrichoor.com/product/detail.html?product_no=5401,[단독] 웬즈 도트 밴딩 미디 스커트 (땡땡이치마/벚꽃룩/펌킨스커트),,,https://petrichoor.com/web/product/medium/202604/24f424367c84dfe043bd2f36f4ac6c30.gif,,,,,"₩30,000","₩30,000",,,,,,260622,
petrichoor.com,false,,페트리코어,,,,,https://petrichoor.com/product/detail.html?product_no=5400,[🌷레이어드/단독] 솔튼 레이스 스트랩 뷔스티에 (나시블라우스/벚꽃룩/리본포인트),,,https://petrichoor.com/web/product/medium/202604/a547f675addcd811be1e7ca3daa13591.gif,,,,,"₩35,000","₩35,000",,,,,,260622,
petrichoor.com,false,,페트리코어,,,,,https://petrichoor.com/product/detail.html?product_no=5397,[🌸봄아우터] 포커스 코튼 배색 오버핏 점퍼 (2color),,,https://petrichoor.com/web/product/medium/202604/f09eba435bfb7213a048d84dbcc3e12e.gif,,,,,"₩91,000","₩91,000",,,,,,260622,
petrichoor.com,false,,페트리코어,,,,,https://petrichoor.com/product/detail.html?product_no=5396,[단독] 오우드 스트라이프 데님 셔츠 원피스 (롱원피스/체형커버/오버핏),,,https://petrichoor.com/web/product/medium/202604/81496c54c299bd40abf9c478d0f7d9b1.gif,,,,,"₩51,500","₩51,500",,,,,,260622,
petrichoor.com,false,,페트리코어,,,,,https://petrichoor.com/product/detail.html?product_no=5394,[🌸봄블라우스/단독] 벨라 루즈핏 프릴 스트링 블라우스 (봄하객룩/체형커버/리본블라우스/체형커버),,,https://petrichoor.com/web/product/medium/202604/0470d7a704f2dc7dd06ff47b3191c001.gif,,,,,"₩35,500","₩35,500",,,,,,260622,
petrichoor.com,false,,페트리코어,,,,,https://petrichoor.com/product/detail.html?product_no=5393,[단독] 체티 스트라이프 미디 스커트 (안감o/뒷밴딩치마/벚꽃룩),,,https://petrichoor.com/web/product/medium/202604/5e402bc286babc31ef6c9d75f330377e.gif,,,,,"₩49,000","₩49,000",,,,,,260622,
petrichoor.com,false,,페트리코어,,,,,https://petrichoor.com/product/detail.html?product_no=5392,[단독] 디토 핀턱 뒷밴딩 와이드 코튼 슬랙스 (와이드팬츠/체형커버/출근룩/만능코디),,,https://petrichoor.com/web/product/medium/202604/2fd10b986b26e1e420575d5f4cd7de12.gif,,,,,"₩50,000","₩50,000",,,,,,260622,
petrichoor.com,false,,페트리코어,,,,,https://petrichoor.com/product/detail.html?product_no=5391,[단독] 샤인 자개 스트랩 퍼프 블라우스 (봄블라우스/레글런/레이스),,,https://petrichoor.com/web/product/medium/202604/5d86f2bf09a3550e2d28110408248fbd.gif,,,,,"₩33,000","₩33,000",,,,,,260622,
petrichoor.com,false,,페트리코어,,,,,https://petrichoor.com/product/detail.html?product_no=5390,라츠 원 오프숄더 긴팔 티셔츠 & 랩 미니 스커트 (3color),,,https://petrichoor.com/web/product/medium/202603/5b0dff059c692f2e1f019cee637d8c83.gif,,,,,"₩35,000","₩35,000",,,,,,260622,
petrichoor.com,false,,페트리코어,,,,,https://petrichoor.com/product/detail.html?product_no=5388,투포켓 투웨이 후드 바람막이 (6color),,,https://petrichoor.com/web/product/medium/202603/207c6e04a8292c1ddaf3e310e4aff259.gif,,,,,"₩49,900","₩49,900",,,,,,260622,
petrichoor.com,false,,페트리코어,,,,,https://petrichoor.com/product/detail.html?product_no=5387,나인 스트라이프 브이넥 맨투맨 (2color),,,https://petrichoor.com/web/product/medium/202603/ceddee7527d103debe761040fd730e85.gif,,,,,"₩58,500","₩58,500",,,,,,260622,
petrichoor.com,false,,페트리코어,,,,,https://petrichoor.com/product/detail.html?product_no=5383,모엔 화이트 라벨 세미와이드 데님 팬츠 (blue),,,https://petrichoor.com/web/product/medium/202603/22ebd1cca1fff3d7f024dc8663106a1d.gif,,,,,"₩56,000","₩56,000",,,,,,260622,
petrichoor.com,false,,페트리코어,,,,,https://petrichoor.com/product/detail.html?product_no=5379,젤라토 스트링 바람막이 점퍼 (2color),,,https://petrichoor.com/web/product/medium/202603/19bacc90d86089dfb9255723e10b9a76.gif,,,,,"₩100,000","₩100,000",,,,,,260622,
petrichoor.com,false,,페트리코어,,,,,https://petrichoor.com/product/detail.html?product_no=5378,[기장선택/S-2XL] 레티 로우라이즈 부츠컷 데님 팬츠 (골반패드/힙딥커버/스판청바지),,,https://petrichoor.com/web/product/medium/202603/8e4b43d1235a8e100f100fbac15fb60f.gif,,,,,"₩46,000","₩46,000",,,,,,260622,
petrichoor.com,false,,페트리코어,,,,,https://petrichoor.com/product/detail.html?product_no=5377,베이스 텐셀 오버핏 셔츠 (5color),,,https://petrichoor.com/web/product/medium/202603/8f77ebf56adfeda2e9ff00d8434d7362.gif,,,,,"₩36,000","₩36,000",,,,,,260622,
petrichoor.com,false,,페트리코어,,,,,https://petrichoor.com/product/detail.html?product_no=5374,헤이즈 프릴 레이어드 나시 (3color),,,https://petrichoor.com/web/product/medium/202603/ccd4ec98b8a86cc7acb80e04dcbc4979.gif,,,,,"₩41,000","₩41,000",,,,,,260622,
petrichoor.com,false,,페트리코어,,,,,https://petrichoor.com/product/detail.html?product_no=5373,소피아 펀칭 나시 세트 가디건 (4color),,,https://petrichoor.com/web/product/medium/202603/e9404c36e4aa2ac048ce24999fae91fd.gif,,,,,"₩56,000","₩56,000",,,,,,260622,
petrichoor.com,false,,페트리코어,,,,,https://petrichoor.com/product/detail.html?product_no=5372,제이 프릴 롱 슬리브 가디건 (4color),,,https://petrichoor.com/web/product/medium/202603/ea565fd72d823e2e21b922bd3fdd071e.gif,,,,,"₩48,000","₩48,000",,,,,,260622,
petrichoor.com,false,,페트리코어,,,,,https://petrichoor.com/product/detail.html?product_no=5371,테드 로우라이즈 와이드 부츠컷 데님 팬츠 (black),,,https://petrichoor.com/web/product/medium/202603/99affd09416dbb3c9319ebd50b978ff0.gif,,,,,"₩74,500","₩74,500",,,,,,260622,
petrichoor.com,false,,페트리코어,,,,,https://petrichoor.com/product/detail.html?product_no=5370,폰드 셔링 캉캉 미디 스커트 (3color),,,https://petrichoor.com/web/product/medium/202603/fb015d11d3d3c144c67f46a03af0bad0.gif,,,,,"₩33,000","₩33,000",,,,,,260622,
petrichoor.com,false,,페트리코어,,,,,https://petrichoor.com/product/detail.html?product_no=5369,라이프 세미크롭 브이넥 니트 가디건 (6color),,,https://petrichoor.com/web/product/medium/202603/5060f59586cf2e858688380ff616f978.gif,,,,,"₩35,000","₩35,000",,,,,,260622,
petrichoor.com,false,,페트리코어,,,,,https://petrichoor.com/product/detail.html?product_no=5368,샤벳 셔링 쉬폰 물결 뷔스티에 나시 (2color),,,https://petrichoor.com/web/product/medium/202603/00d5846bd946d6cbc62fbbd4278a3e31.gif,,,,,"₩39,000","₩39,000",,,,,,260622,
petrichoor.com,false,,페트리코어,,,,,https://petrichoor.com/product/detail.html?product_no=5364,오드 체크 프릴 블라우스 (2color),,,https://petrichoor.com/web/product/medium/202603/1663dc873bfb1eab0cae92c9700af176.gif,,,,,"₩62,500","₩62,500",,,,,,260622,
petrichoor.com,false,,페트리코어,,,,,https://petrichoor.com/product/detail.html?product_no=5363,[2size] 플랜 H라인 트레이닝 롱 스커트 (4color),,,https://petrichoor.com/web/product/medium/202603/6fecfa9c706bcbb2cb673e5bfad628a6.gif,,,,,"₩37,000","₩37,000",,,,,,260622,
petrichoor.com,false,,페트리코어,,,,,https://petrichoor.com/product/detail.html?product_no=4047,아렌 베이직 라운드 가디건 (레이어드/하객룩/출근룩),,,https://petrichoor.com/web/product/medium/202603/640f13f3f28616c8476f699793e60d82.gif,,,,,"₩30,000","₩30,000",,,,,,260622,
petrichoor.com,false,,페트리코어,,,,,https://petrichoor.com/product/detail.html?product_no=5358,보들 옆단추 트임 골지 니트 긴팔 티셔츠 (5color),,,https://petrichoor.com/web/product/medium/202603/9f9592d0e4cf71d01dfda088fe2b9ae0.gif,,,,,"₩37,000","₩37,000",,,,,,260622,
petrichoor.com,false,,페트리코어,,,,,https://petrichoor.com/product/detail.html?product_no=5357,글렌 맥시 도트 프릴 쉬폰 롱 스커트 (2color),,,https://petrichoor.com/web/product/medium/202603/6b8421a4a03886bca685e6f84d8d1df6.gif,,,,,"₩53,900","₩53,900",,,,,,260622,
petrichoor.com,false,,페트리코어,,,,,https://petrichoor.com/product/detail.html?product_no=5355,퓨어 뜨개 니트 조끼 베스트 (2color),,,https://petrichoor.com/web/product/medium/202603/e813492d0850fb687a986b86d6d19423.gif,,,,,"₩37,000","₩37,000",,,,,,260622,
petrichoor.com,false,,페트리코어,,,,,https://petrichoor.com/product/detail.html?product_no=5354,[기본티] 키트 모달 라운드 긴팔 티셔츠 (5color),,,https://petrichoor.com/web/product/medium/202603/87d7db04448edbb69bc61ff61c69eb8b.gif,,,,,"₩27,000","₩27,000",,,,,,260622,
petrichoor.com,false,,페트리코어,,,,,https://petrichoor.com/product/detail.html?product_no=5353,데일리 세미크롭 레더 자켓 (3color),,,https://petrichoor.com/web/product/medium/202603/dbf6f670401775349dc0dce48465e6f8.gif,,,,,"₩64,400","₩64,400",,,,,,260622,
petrichoor.com,false,,페트리코어,,,,,https://petrichoor.com/product/detail.html?product_no=5351,머쉬룸 시스루 체크 미디 스커트 (2color),,,https://petrichoor.com/web/product/medium/202603/576bf228e4c83b6d5a9fadf39bc2b10e.gif,,,,,"₩41,000","₩41,000",,,,,,260622,
petrichoor.com,false,,페트리코어,,,,,https://petrichoor.com/product/detail.html?product_no=5348,세인트 벨티드 하이넥 절개 레더 자켓 (black),,,https://petrichoor.com/web/product/medium/202603/69629bd846e925fb5c59ff1a163013eb.gif,,,,,"₩142,000","₩142,000",,,,,,260622,
petrichoor.com,false,,페트리코어,,,,,https://petrichoor.com/product/detail.html?product_no=5347,베이스 골지 라운드 긴팔 티셔츠 (5color),,,https://petrichoor.com/web/product/medium/202603/59e5950a6498121c00140b152787e105.gif,,,,,"₩30,000","₩30,000",,,,,,260622,
petrichoor.com,false,,페트리코어,,,,,https://petrichoor.com/product/detail.html?product_no=5346,[여름까지/단독] 마론 레이스 캉캉 롱 스커트 (플레어치마/밴딩스커트/a라인),,,https://petrichoor.com/web/product/medium/202603/24155e3d71d8288836dab12afe4debab.gif,,,,,"₩30,000","₩30,000",,,,,,260622,
petrichoor.com,false,,페트리코어,,,,,https://petrichoor.com/product/detail.html?product_no=5343,코튼캔디 스트라이프 루즈핏 셔츠 (2color),,,https://petrichoor.com/web/product/medium/202603/ea78d80ef967c07c3f3055183bfb3e7e.gif,,,,,"₩49,900","₩49,900",,,,,,260622,
petrichoor.com,false,,페트리코어,,,,,https://petrichoor.com/product/detail.html?product_no=5342,네프 린넨 브이넥 루즈핏 니트 (7color),,,https://petrichoor.com/web/product/medium/202604/76c4772a3155e97aa61d77a186ea8fc4.gif,,,,,"₩37,000","₩37,000",,,,,,260622,
petrichoor.com,false,,페트리코어,,,,,https://petrichoor.com/product/detail.html?product_no=5340,포코 루즈핏 딥브이넥 단작 니트 (3color),,,https://petrichoor.com/web/product/medium/202603/c0ace3eec4c605a656d203b7d084c633.gif,,,,,"₩49,900","₩49,900",,,,,,260622,
petrichoor.com,false,,페트리코어,,,,,https://petrichoor.com/product/detail.html?product_no=5339,하츠 도톰 골지 홀터넥 나시 (4color),,,https://petrichoor.com/web/product/medium/202603/c84633bfc2f766c836407b790bce5f85.gif,,,,,"₩25,000","₩25,000",,,,,,260622,
petrichoor.com,false,,페트리코어,,,,,https://petrichoor.com/product/detail.html?product_no=5336,[여리핏💕] 포키 딥 유넥 골지 긴팔 티셔츠 (6color),,,https://petrichoor.com/web/product/medium/202603/0ad306b70ac239e49900e13312e7352f.gif,,,,,"₩33,000","₩33,000",,,,,,260622,
petrichoor.com,false,,페트리코어,,,,,https://petrichoor.com/product/detail.html?product_no=5335,하트 홀터넥 골지 레이스 슬리브리스 나시티 (2color),,,https://petrichoor.com/web/product/medium/202603/567f1883b5b509226f8aced999903f86.gif,,,,,"₩35,000","₩35,000",,,,,,260622,
petrichoor.com,false,,페트리코어,,,,,https://petrichoor.com/product/detail.html?product_no=5334,시그널 절개 세미와이드 데님 팬츠 (light blue),,,https://petrichoor.com/web/product/medium/202603/a06f95a37df0b43abafb5e6e4bcbde13.gif,,,,,"₩80,500","₩80,500",,,,,,260622,
petrichoor.com,false,,페트리코어,,,,,https://petrichoor.com/product/detail.html?product_no=5330,키브 레이스 캡소매 레이어드 반팔 티셔츠 (3color),,,https://petrichoor.com/web/product/medium/202603/15579bc853943d78fdcda23ec7083495.gif,,,,,"₩35,000","₩35,000",,,,,,260622,
petrichoor.com,false,,페트리코어,,,,,https://petrichoor.com/product/detail.html?product_no=5327,[단독] 클로 이지 코튼 조거 밴딩 팬츠 (면바지/만능코디/군살커버),,,https://petrichoor.com/web/product/medium/202603/e627a44212435a177a97fdf02a28f7b8.gif,,,,,"₩46,000","₩46,000",,,,,,260622,
petrichoor.com,false,,페트리코어,,,,,https://petrichoor.com/product/detail.html?product_no=5325,[🌸봄셋업] 르노 펀칭 브이넥 블라우스 & 캉캉 미니 스커트 세트 (2color),,,https://petrichoor.com/web/product/medium/202603/dd194520ffd1e33ba9346bb0f0698253.gif,,,,,"₩62,500","₩62,500",,,,,,260622,
petrichoor.com,false,,페트리코어,,,,,https://petrichoor.com/product/detail.html?product_no=5323,플로우 쉬폰 뒷밴딩 미디 스커트 (3color),,,https://petrichoor.com/web/product/medium/202603/2f71fdc980a81f912e08c712c3308229.gif,,,,,"₩46,000","₩46,000",,,,,,260622,
petrichoor.com,false,,페트리코어,,,,,https://petrichoor.com/product/detail.html?product_no=5319,제니 치노 핀턱 와이드 코튼 팬츠 (4color),,,https://petrichoor.com/web/product/medium/202603/1e95c3cd8103a816f5e422eb8c06d06a.gif,,,,,"₩52,500","₩52,500",,,,,,260622,
petrichoor.com,false,,페트리코어,,,,,https://petrichoor.com/product/detail.html?product_no=5316,[🎀봄가디건] 포포 베이직 모헤어 레글런 가디건 (6color),,,https://petrichoor.com/web/product/medium/202603/02b59052ba6586836a3a813f5beb1127.gif,,,,,"₩41,000","₩41,000",,,,,,260622,
petrichoor.com,false,,페트리코어,,,,,https://petrichoor.com/product/detail.html?product_no=5314,[시즌리스/단독] 그랑 나시 블라우스 미니 원피스 (뷔스티에/레이어드/슬리브리스),,,https://petrichoor.com/web/product/medium/202604/96a04018645a786f8798403ee0566a2a.gif,,,,,"₩30,000","₩30,000",,,,,,260622,
petrichoor.com,false,,페트리코어,,,,,https://petrichoor.com/product/detail.html?product_no=5312,[🌸봄신상/단독] 에인트 하프 트렌치 코트 (간절기아우터/봄점퍼/하이넥트렌치),,,https://petrichoor.com/web/product/medium/202603/475e8ee91c8d3f379e3a0b7f3a5a66fd.gif,,,,,"₩91,000","₩91,000",,,,,,260622,
petrichoor.com,false,,페트리코어,,,,,https://petrichoor.com/product/detail.html?product_no=5311,컨투어 커브드 절개 데님 팬츠 (light blue),,,https://petrichoor.com/web/product/medium/202603/5105b60050594f1d232ae8ba878a2d92.gif,,,,,"₩62,500","₩62,500",,,,,,260622,
petrichoor.com,false,,페트리코어,,,,,https://petrichoor.com/product/detail.html?product_no=5310,레이크 포켓 스트라이프 셔츠 블라우스 (3color),,,https://petrichoor.com/web/product/medium/202603/137edc51e689eb9e3728000a1f0a37cf.gif,,,,,"₩60,500","₩60,500",,,,,,260622,
petrichoor.com,false,,페트리코어,,,,,https://petrichoor.com/product/detail.html?product_no=3601,[후기최고🎖️~XL까지] 어텀 웨어 핀턱 와이드 슬랙스 팬츠 (빅사이즈/하객룩/롱/봄•가을),,,https://petrichoor.com/web/product/medium/202603/9a72664567de3fbeee0a9d56b9eae61f.gif,,,,,"₩38,500","₩38,500",,,,,,260622,
petrichoor.com,false,,페트리코어,,,,,https://petrichoor.com/product/detail.html?product_no=4160,고퀄리티🍫봄아우터 뮤어 레더 오버핏 가죽 점퍼(2color),,,https://petrichoor.com/web/product/medium/202603/0edee5a0e9885a8a58edf8afae537c12.gif,,,,,"₩100,000","₩100,000",,,,,,260622,
petrichoor.com,false,,페트리코어,,,,,https://petrichoor.com/product/detail.html?product_no=5308,제로 시스루 슬림 텐셀 긴팔 티셔츠 (6color),,,https://petrichoor.com/web/product/medium/202603/a74615c982dd1e72ab2389c6c564bfde.gif,,,,,"₩31,500","₩31,500",,,,,,260622,
petrichoor.com,false,,페트리코어,,,,,https://petrichoor.com/product/detail.html?product_no=5306,[안감o] 니보 셔링 레이스 미디 스커트 (2color),,,https://petrichoor.com/web/product/medium/202603/d06f1ac67f3e22289fce27db271d71fc.gif,,,,,"₩62,500","₩62,500",,,,,,260622,
petrichoor.com,false,,페트리코어,,,,,https://petrichoor.com/product/detail.html?product_no=5304,[🌸레이어드] 바넷 요루 나시 원피스 (2color),,,https://petrichoor.com/web/product/medium/202603/600229fa8688ef6ea9ceb10203affa21.gif,,,,,"₩53,900","₩53,900",,,,,,260622,
petrichoor.com,false,,페트리코어,,,,,https://petrichoor.com/product/detail.html?product_no=5303,오브 프릴 벌룬 롱 스커트 (3color),,,https://petrichoor.com/web/product/medium/202603/676743c22fe6d386a569ceb1a182b0d3.gif,,,,,"₩58,500","₩58,500",,,,,,260622,
petrichoor.com,false,,페트리코어,,,,,https://petrichoor.com/product/detail.html?product_no=5302,스칼럽 레이스 나시 미니 원피스 (Ivory),,,https://petrichoor.com/web/product/medium/202603/e9300e5c617fd0bc8462efc9e943e097.gif,,,,,"₩46,000","₩46,000",,,,,,260622,
petrichoor.com,false,,페트리코어,,,,,https://petrichoor.com/product/detail.html?product_no=5300,키치 딥 브이 루즈핏 니트 (5color),,,https://petrichoor.com/web/product/medium/202603/0225d95fb31903fde12ca77c76999694.gif,,,,,"₩58,500","₩58,500",,,,,,260622,
petrichoor.com,false,,페트리코어,,,,,https://petrichoor.com/product/detail.html?product_no=3941,봄자켓🌼루즈핏 스트링 숏 야상 점퍼(4color),,,https://petrichoor.com/web/product/medium/202501/28a214a1afe1625d9f184b3975c434d1.gif,,,,,"₩92,000","₩92,000",,,,,,260622,
petrichoor.com,false,,페트리코어,,,,,https://petrichoor.com/product/detail.html?product_no=4998,모브 밑단 버튼 와이드 코튼 팬츠 (4color),,,https://petrichoor.com/web/product/medium/202603/35d95464f08b87d6532e948a0792497e.gif,,,,,"₩46,000","₩46,000",,,,,,260622,
petrichoor.com,false,,페트리코어,,,,,https://petrichoor.com/product/detail.html?product_no=5299,시엔느 울 브이넥 긴팔 니트 (8color),,,https://petrichoor.com/web/product/medium/202603/bae09b093817060cde71b1509cdef824.gif,,,,,"₩56,000","₩56,000",,,,,,260622,
petrichoor.com,false,,페트리코어,,,,,https://petrichoor.com/product/detail.html?product_no=5295,로디 카라 루즈핏 레이스 긴팔 셔츠 (2color),,,https://petrichoor.com/web/product/medium/202603/7d771eb6298827496b0d22d754941f41.gif,,,,,"₩53,900","₩53,900",,,,,,260622,
petrichoor.com,false,,페트리코어,,,,,https://petrichoor.com/product/detail.html?product_no=5291,모리 시스루 실키 블라우스 원피스 (2color),,,https://petrichoor.com/web/product/medium/202603/d0978735e92eba29be26d6de10c9952b.gif,,,,,"₩49,900","₩49,900",,,,,,260622,
petrichoor.com,false,,페트리코어,,,,,https://petrichoor.com/product/detail.html?product_no=5289,도또 루즈핏 후드 긴팔 티셔츠 (3color),,,https://petrichoor.com/web/product/medium/202603/4124e4d2e4b00e0ab3055a3d854e2787.gif,,,,,"₩31,500","₩31,500",,,,,,260622,
petrichoor.com,false,,페트리코어,,,,,https://petrichoor.com/product/detail.html?product_no=5285,벤더 루즈핏 오프숄더 후드 긴팔 맨투맨 (2color),,,https://petrichoor.com/web/product/medium/202602/95defda3f586b984a6d304c5c7917ffa.gif,,,,,"₩35,000","₩35,000",,,,,,260622,
petrichoor.com,false,,페트리코어,,,,,https://petrichoor.com/product/detail.html?product_no=5282,써클 레이어드 퍼프 롱 블라우스 (ivory),,,https://petrichoor.com/web/product/medium/202602/16bc91da16c47f8e3401d51feb1653fe.gif,,,,,"₩49,900","₩49,900",,,,,,260622,
petrichoor.com,false,,페트리코어,,,,,https://petrichoor.com/product/detail.html?product_no=5279,[🌸봄아우터] 톰 오버핏 레더 자켓 (3color),,,https://petrichoor.com/web/product/medium/202602/05950f5ad7f1f03478e9afb45aba0fd1.gif,,,,,"₩88,900","₩88,900",,,,,,260622,
petrichoor.com,false,,페트리코어,,,,,https://petrichoor.com/product/detail.html?product_no=5278,시아나 루즈핏 퍼프 긴팔 블라우스 (white),,,https://petrichoor.com/web/product/medium/202602/cb79c61c71a316a0a65b13fc1c5bfc24.gif,,,,,"₩68,000","₩68,000",,,,,,260622,
petrichoor.com,false,,페트리코어,,,,,https://petrichoor.com/product/detail.html?product_no=5277,[안감o] 시애틀 새틴 레이스 미디 스커트 (2color),,,https://petrichoor.com/web/product/medium/202602/42df97601e524fd5be576e779e9c0fd0.gif,,,,,"₩53,900","₩53,900",,,,,,260622,
petrichoor.com,false,,페트리코어,,,,,https://petrichoor.com/product/detail.html?product_no=5276,어게인 캉캉 플레어 미디 스커트 (2color),,,https://petrichoor.com/web/product/medium/202602/7a7cc9457d096d6005495eb4752cd164.gif,,,,,"₩51,500","₩51,500",,,,,,260622,
petrichoor.com,false,,페트리코어,,,,,https://petrichoor.com/product/detail.html?product_no=5275,지오 사이드 핀턱 와이드 데님 팬츠 (2color),,,https://petrichoor.com/web/product/medium/202602/d6b44f153f014eebb2d3050eea792f41.gif,,,,,"₩51,500","₩51,500",,,,,,260622,
petrichoor.com,false,,페트리코어,,,,,https://petrichoor.com/product/detail.html?product_no=5274,럭스 홀터 드레이프 레이어드 긴팔 티셔츠 (4color),,,https://petrichoor.com/web/product/medium/202602/75d7ce8cd2fb92e8bccb8df91bd17890.gif,,,,,"₩30,000","₩30,000",,,,,,260622,
petrichoor.com,false,,페트리코어,,,,,https://petrichoor.com/product/detail.html?product_no=5273,탱글 베이직 세미크롭 반팔 티셔츠 (5color),,,https://petrichoor.com/web/product/medium/202602/a92d7564a4c6cba6cebd5eb2c6a75a12.gif,,,,,"₩33,000","₩33,000",,,,,,260622,
petrichoor.com,false,,페트리코어,,,,,https://petrichoor.com/product/detail.html?product_no=5271,헌터 스트랩 미니 원피스 (3color),,,https://petrichoor.com/web/product/medium/202602/acd683af86f0dcdebf4d76d77be61cb5.gif,,,,,"₩80,500","₩80,500",,,,,,260622,
petrichoor.com,false,,페트리코어,,,,,https://petrichoor.com/product/detail.html?product_no=5270,[속바지안감] 헤리즈 핀턱 프릴 밴딩 미니 스커트 (white),,,https://petrichoor.com/web/product/medium/202602/96f484ba21892796e74e963e57935de5.gif,,,,,"₩39,000","₩39,000",,,,,,260622,
petrichoor.com,false,,페트리코어,,,,,https://petrichoor.com/product/detail.html?product_no=4676,[🌸컬러추가] 에프터 루즈핏 니트 가디건 (10color),,,https://petrichoor.com/web/product/medium/202602/aa54df58179f28b8c17b1b267ead0a20.gif,,,,,"₩62,500","₩62,500",,,,,,260622,
petrichoor.com,false,,페트리코어,,,,,https://petrichoor.com/product/detail.html?product_no=5267,루리 플레어 절개 롱 스커트 (2color),,,https://petrichoor.com/web/product/medium/202602/eb2a1b1696fcbcbf138e7569a1bd4292.gif,,,,,"₩37,000","₩37,000",,,,,,260622,
petrichoor.com,false,,페트리코어,,,,,https://petrichoor.com/product/detail.html?product_no=5266,[셋업가능] 머스트 후드집업 & 트레이닝 숏팬츠 (3color),,,https://petrichoor.com/web/product/medium/202602/bd22d53907ec034432fb59abd00cc80b.gif,,,,,"₩37,000","₩37,000",,,,,,260622,
petrichoor.com,false,,페트리코어,,,,,https://petrichoor.com/product/detail.html?product_no=5265,리틀 루즈핏 랩 셔츠 블라우스 (3color),,,https://petrichoor.com/web/product/medium/202602/4c600fbde384748b42f4a78e413064b5.gif,,,,,"₩58,500","₩58,500",,,,,,260622,
petrichoor.com,false,,페트리코어,,,,,https://petrichoor.com/product/detail.html?product_no=5264,레미 박시 카라 배색 스트라이프 긴팔 티셔츠 (2color),,,https://petrichoor.com/web/product/medium/202602/29bb09d0af32eb5847cdc91898572e33.gif,,,,,"₩53,900","₩53,900",,,,,,260622,
petrichoor.com,false,,페트리코어,,,,,https://petrichoor.com/product/detail.html?product_no=4550,[단독] 릴렉스 투핀턱 와이드 코튼 슬랙스 (봄•가을/체형커버/출근룩/만능코디),,,https://petrichoor.com/web/product/medium/202603/e53f254e9b3210f17e8c97fd394fdec1.gif,,,,,"₩55,000","₩55,000",,,,,,260622,
petrichoor.com,false,,페트리코어,,,,,https://petrichoor.com/product/detail.html?product_no=5254,샤샤 밴딩 맥시 니트 롱 스커트 (2color),,,https://petrichoor.com/web/product/medium/202602/a242f502b3309148fb6b247ce29cfc36.gif,,,,,"₩49,900","₩49,900",,,,,,260622,
petrichoor.com,false,,페트리코어,,,,,https://petrichoor.com/product/detail.html?product_no=5253,파인 베이직 스트라이프 긴팔 티셔츠 (6color),,,https://petrichoor.com/web/product/medium/202602/a59996f96a91c14132aaccd0ce0e7af1.gif,,,,,"₩46,000","₩46,000",,,,,,260622,
petrichoor.com,false,,페트리코어,,,,,https://petrichoor.com/product/detail.html?product_no=5252,바비 셔링 핀턱 러플 블라우스 (2color),,,https://petrichoor.com/web/product/medium/202602/ae9cf4bbc6fd47c00e522a459ab42bb1.gif,,,,,"₩53,900","₩53,900",,,,,,260622,
petrichoor.com,false,,페트리코어,,,,,https://petrichoor.com/product/detail.html?product_no=5251,퍼스널 끈나시 레이어드 롱 원피스 (2color),,,https://petrichoor.com/web/product/medium/202602/f5f9ec31e4ffc8686efdbb9f205bf712.gif,,,,,"₩53,900","₩53,900",,,,,,260622,
petrichoor.com,false,,페트리코어,,,,,https://petrichoor.com/product/detail.html?product_no=5250,올디 베이직 와이드 데님 팬츠 (blue),,,https://petrichoor.com/web/product/medium/202602/e86cbc76a7a29fa12494815faacaa219.gif,,,,,"₩60,500","₩60,500",,,,,,260622,
petrichoor.com,false,,페트리코어,,,,,https://petrichoor.com/product/detail.html?product_no=4087,[🌸봄아우터] 리턴 오버핏 포켓 스트링 나일론 바람막이 (5color),,,https://petrichoor.com/web/product/medium/202602/59322eee2ec16181f0fbef5ffd36cbe4.gif,,,,,"₩58,500","₩58,500",,,,,,260622,
petrichoor.com,false,,페트리코어,,,,,https://petrichoor.com/product/detail.html?product_no=3948,피쉬테일 롱 야상 점퍼(4color),,,https://petrichoor.com/web/product/medium/202501/c2f26848c2d03731b81a017ecc35f0eb.gif,,,,,"₩98,000","₩98,000",,,,,,260622,
petrichoor.com,false,,페트리코어,,,,,https://petrichoor.com/product/detail.html?product_no=5249,[레이어드/이너티] 말랑 소프트 라운드 긴팔 티셔츠 (4color),,,https://petrichoor.com/web/product/medium/202602/66f538d47d7b5051f8413e83693f9c1b.gif,,,,,"₩28,000","₩28,000",,,,,,260622,
petrichoor.com,false,,페트리코어,,,,,https://petrichoor.com/product/detail.html?product_no=5247,빌레트 캉캉 밴딩 맥시 롱 스커트 (2color),,,https://petrichoor.com/web/product/medium/202602/4dd804caad0dc8c94a37535bed471c77.gif,,,,,"₩53,900","₩53,900",,,,,,260622,
petrichoor.com,false,,페트리코어,,,,,https://petrichoor.com/product/detail.html?product_no=5246,[레이어드/이너티] 캐츠 모달 프릴 긴팔 티셔츠 (4color),,,https://petrichoor.com/web/product/medium/202602/6b24a60a742ea9bfb96bf356b3d24e33.gif,,,,,"₩39,000","₩39,000",,,,,,260622,
petrichoor.com,false,,페트리코어,,,,,https://petrichoor.com/product/detail.html?product_no=5245,레이크 체크 프릴 미디 스커트 (2color),,,https://petrichoor.com/web/product/medium/202602/d181118fb2b59311d26ce1013ceb8ca5.gif,,,,,"₩41,000","₩41,000",,,,,,260622,
petrichoor.com,false,,페트리코어,,,,,https://petrichoor.com/product/detail.html?product_no=5244,[🌸봄자켓/후드일체형] 메이트 하이넥 숏 야상 점퍼 (cream),,,https://petrichoor.com/web/product/medium/202602/fef86230830820c8a311a7b32085facb.gif,,,,,"₩70,000","₩70,000",,,,,,260622,
petrichoor.com,false,,페트리코어,,,,,https://petrichoor.com/product/detail.html?product_no=5243,로바 빈티지 체크 셔링 롱 스커트 (navy),,,https://petrichoor.com/web/product/medium/202602/410943f61599db1400d4b49b8cc2e947.gif,,,,,"₩64,400","₩64,400",,,,,,260622,
petrichoor.com,false,,페트리코어,,,,,https://petrichoor.com/product/detail.html?product_no=5242,[레이어드/이너티] 쿨텍스 라운드 긴팔 티셔츠 (5color),,,https://petrichoor.com/web/product/medium/202602/b04832cdea2758c389200de82358a680.gif,,,,,"₩39,000","₩39,000",,,,,,260622,
petrichoor.com,false,,페트리코어,,,,,https://petrichoor.com/product/detail.html?product_no=5241,에브리 데이 루즈핏 라운드 맨투맨 (2color),,,https://petrichoor.com/web/product/medium/202602/030be8b3520714df59abc78ba62cd690.gif,,,,,"₩68,000","₩68,000",,,,,,260622,
petrichoor.com,false,,페트리코어,,,,,https://petrichoor.com/product/detail.html?product_no=5240,[🌸봄아우터] 로코 스트링 야상 코튼 점퍼 (3color),,,https://petrichoor.com/web/product/medium/202602/d6e9f82a5463fd657e92954e1708edb5.gif,,,,,"₩70,000","₩70,000",,,,,,260622,
petrichoor.com,false,,페트리코어,,,,,https://petrichoor.com/product/detail.html?product_no=5239,라일락 오버핏 반팔 티셔츠 (2color),,,https://petrichoor.com/web/product/medium/202602/0c4423fdcb5c7ccb371c74a368c847ae.gif,,,,,"₩37,000","₩37,000",,,,,,260622,
petrichoor.com,false,,페트리코어,,,,,https://petrichoor.com/product/detail.html?product_no=5238,스티치 아일렛 논페이드 벌룬핏 데님 팬츠 (2color),,,https://petrichoor.com/web/product/medium/202602/11871b31ed17c5793a0b795f239bdfa4.gif,,,,,"₩49,900","₩49,900",,,,,,260622,
petrichoor.com,false,,페트리코어,,,,,https://petrichoor.com/product/detail.html?product_no=5233,유즈 투핀턱 플레어 셔링 미니 스커트 (2color),,,https://petrichoor.com/web/product/medium/202602/9212d236beae71acb0c8b7eedf56597a.gif,,,,,"₩44,000","₩44,000",,,,,,260622,
petrichoor.com,false,,페트리코어,,,,,https://petrichoor.com/product/detail.html?product_no=5232,[🌸얼리스프링] 데즐 자수 핀턱 미니 원피스 (2color),,,https://petrichoor.com/web/product/medium/202602/a85a5f305151398cc90617bc54b804c8.gif,,,,,"₩72,500","₩72,500",,,,,,260622,
petrichoor.com,false,,페트리코어,,,,,https://petrichoor.com/product/detail.html?product_no=5231,제이 스트라이프 오버핏 긴팔 티셔츠 (2color),,,https://petrichoor.com/web/product/medium/202602/1026e2357e93a87c81c47f447b13dcca.gif,,,,,"₩41,000","₩41,000",,,,,,260622,
petrichoor.com,false,,페트리코어,,,,,https://petrichoor.com/product/detail.html?product_no=5230,[레이어드/이너티] 보트넥 텐셀 긴팔 티셔츠 (4color),,,https://petrichoor.com/web/product/medium/202602/2bd8c967c1a29042173c8fd6202fb87c.gif,,,,,"₩37,000","₩37,000",,,,,,260622,
petrichoor.com,false,,페트리코어,,,,,https://petrichoor.com/product/detail.html?product_no=5229,리퓨즈 오버핏 쭈리 맨투맨 (2color),,,https://petrichoor.com/web/product/medium/202602/e52972079df5c862498dbb9afaee0783.gif,,,,,"₩68,000","₩68,000",,,,,,260622,
petrichoor.com,false,,페트리코어,,,,,https://petrichoor.com/product/detail.html?product_no=5228,[안감o] 스테아 프릴 밴딩 미디 스커트 (2color),,,https://petrichoor.com/web/product/medium/202602/b3b56a7e4cdaf332132df574a9348e4d.gif,,,,,"₩46,000","₩46,000",,,,,,260622,
petrichoor.com,false,,페트리코어,,,,,https://petrichoor.com/product/detail.html?product_no=5227,밀로 레더 카라 다잉 워크 야상 자켓 (3color),,,https://petrichoor.com/web/product/medium/202602/9bd952bcd36e4f08bcea54e6cfcaf14f.gif,,,,,"₩94,000","₩94,000",,,,,,260622,
petrichoor.com,false,,페트리코어,,,,,https://petrichoor.com/product/detail.html?product_no=5226,페퍼 밴딩 베이직 롱 스커트 (3color),,,https://petrichoor.com/web/product/medium/202602/49bffd8840a2075e25e006f60faa49d9.gif,,,,,"₩33,000","₩33,000",,,,,,260622,
petrichoor.com,false,,페트리코어,,,,,https://petrichoor.com/product/detail.html?product_no=5225,[🌸얼리스프링] 보미 핀턱 셔링 미니 원피스 (2color),,,https://petrichoor.com/web/product/medium/202602/bfd84408d1502282ce84caac3e570708.gif,,,,,"₩39,000","₩39,000",,,,,,260622,
petrichoor.com,false,,페트리코어,,,,,https://petrichoor.com/product/detail.html?product_no=5172,베이 파스텔 베이직 라운드 가디건 (4color),,,https://petrichoor.com/web/product/medium/202602/aaea38cc6b5da790ec330adb92d24ebc.gif,,,,,"₩39,000","₩39,000",,,,,,260622,
petrichoor.com,false,,페트리코어,,,,,https://petrichoor.com/product/detail.html?product_no=5171,보니 랩 뷔스티에 레이어드 나시 탑 (3color),,,https://petrichoor.com/web/product/medium/202602/009288f3628b2dc4f09df716a436c842.gif,,,,,"₩37,000","₩37,000",,,,,,260622,
petrichoor.com,false,,페트리코어,,,,,https://petrichoor.com/product/detail.html?product_no=5170,[👍핏보장/S-L] 티코 로우 맥시 와이드 데님 팬츠 (4color),,,https://petrichoor.com/web/product/medium/202602/46ba2d2f2a4bb9dcead8758551cb70bb.gif,,,,,"₩58,500","₩58,500",,,,,,260622,
petrichoor.com,false,,페트리코어,,,,,https://petrichoor.com/product/detail.html?product_no=5169,엔나 스트라이프 긴팔 티셔츠 (4color),,,https://petrichoor.com/web/product/medium/202602/eb9cf8406d9c1178c6e74ed59605f85d.gif,,,,,"₩37,000","₩37,000",,,,,,260622,
petrichoor.com,false,,페트리코어,,,,,https://petrichoor.com/product/detail.html?product_no=5168,머프 헤링본 세미 벌룬핏 코튼 팬츠 (3color),,,https://petrichoor.com/web/product/medium/202602/7ba5765ac6663204715f257550f24dcb.gif,,,,,"₩44,000","₩44,000",,,,,,260622,
petrichoor.com,false,,페트리코어,,,,,https://petrichoor.com/product/detail.html?product_no=5167,[🌸얼리스프링/레이어드] 실리 타이 스트링 롱 블라우스 (2color),,,https://petrichoor.com/web/product/medium/202602/adc6ac341fae5821e34cdb9bcccee4a9.gif,,,,,"₩44,000","₩44,000",,,,,,260622,
petrichoor.com,false,,페트리코어,,,,,https://petrichoor.com/product/detail.html?product_no=5165,[출근템] 레인 스트라이프 루즈핏 셔츠 (2color),,,https://petrichoor.com/web/product/medium/202602/27f5a845e8dabc18dc1d4ea2a25c8c62.gif,,,,,"₩53,900","₩53,900",,,,,,260622,
petrichoor.com,false,,페트리코어,,,,,https://petrichoor.com/product/detail.html?product_no=5164,그릭 브이넥 오버핏 울 니트 (5color),,,https://petrichoor.com/web/product/medium/202602/6f8aa28f3afc6f20e2fe98239d8899f2.gif,,,,,"₩49,900","₩49,900",,,,,,260622,
petrichoor.com,false,,페트리코어,,,,,https://petrichoor.com/product/detail.html?product_no=5163,라임 사이드핀턱 밴딩 와이드 팬츠 (3color),,,https://petrichoor.com/web/product/medium/202602/378f84daee4d991cdb8485d1f4bb4e46.gif,,,,,"₩39,000","₩39,000",,,,,,260622,
petrichoor.com,false,,페트리코어,,,,,https://petrichoor.com/product/detail.html?product_no=5156,로시 루즈핏 프릴 롱 슬리브 블라우스 (2color),,,https://petrichoor.com/web/product/medium/202602/e15024f17da0d3fd12cd41b67dfc9baf.gif,,,,,"₩48,000","₩48,000",,,,,,260622,
petrichoor.com,false,,페트리코어,,,,,https://petrichoor.com/product/detail.html?product_no=5155,케일 세미 와이드 벌룬핏 코튼 팬츠 (4color),,,https://petrichoor.com/web/product/medium/202602/0ced3fb90d26c6afe63d75cc2e403ac4.gif,,,,,"₩41,000","₩41,000",,,,,,260622,
petrichoor.com,false,,페트리코어,,,,,https://petrichoor.com/product/detail.html?product_no=5148,딥 브이넥 오버핏 울 니트 (3color),,,https://petrichoor.com/web/product/medium/202602/d3421b1b51ccb0de45a17d7d80ae90f8.gif,,,,,"₩46,000","₩46,000",,,,,,260622,
petrichoor.com,false,,페트리코어,,,,,https://petrichoor.com/product/detail.html?product_no=5147,[S-M] 샌딩 울 스트랩 롱 스커트 (2color),,,https://petrichoor.com/web/product/medium/202602/aedcc5330e2b9dab08ff4eb7933f017d.gif,,,,,"₩76,500","₩76,500",,,,,,260622,
petrichoor.com,false,,페트리코어,,,,,https://petrichoor.com/product/detail.html?product_no=5146,[안감o/레이어드] 로샤 레이스 뷔스티에 롱 원피스 (2color),,,https://petrichoor.com/web/product/medium/202602/1935b292266d93800f1e04871fb2bd4c.gif,,,,,"₩49,900","₩49,900",,,,,,260622,
petrichoor.com,false,,페트리코어,,,,,https://petrichoor.com/product/detail.html?product_no=5135,[🌸얼리스프링] 미네트 레글런 스트링 블라우스 (ivory),,,https://petrichoor.com/web/product/medium/202602/080579bef457dac8a2065a7a2dc49187.gif,,,,,"₩49,900","₩49,900",,,,,,260622,
petrichoor.com,false,,페트리코어,,,,,https://petrichoor.com/product/detail.html?product_no=5012,미유 단가라 브이넥 쭈리 맨투맨 (2color),,,https://petrichoor.com/web/product/medium/202602/a9ad42b71de8255bafaab5a4290ca2b9.gif,,,,,"₩41,000","₩41,000",,,,,,260622,
petrichoor.com,false,,페트리코어,,,,,https://petrichoor.com/product/detail.html?product_no=5009,스타 배색 스트라이프 브이넥 맨투맨 (3color),,,https://petrichoor.com/web/product/medium/202602/87d9d5b5a304fa339f943c9d30f6ac13.gif,,,,,"₩41,000","₩41,000",,,,,,260622,
petrichoor.com,false,,페트리코어,,,,,https://petrichoor.com/product/detail.html?product_no=5008,리브 팬던트 스커트 밴딩 와이드 스웻 팬츠 (3color),,,https://petrichoor.com/web/product/medium/202604/fa3d87ef112ba5e16d4e464ce7d7364f.gif,,,,,"₩44,000","₩44,000",,,,,,260622,
petrichoor.com,false,,페트리코어,,,,,https://petrichoor.com/product/detail.html?product_no=5007,보일 루즈 부츠컷 코튼 팬츠 (4color),,,https://petrichoor.com/web/product/medium/202602/2ed4156ce1cd7963c3a303ea3318674e.gif,,,,,"₩41,000","₩41,000",,,,,,260622,
petrichoor.com,false,,페트리코어,,,,,https://petrichoor.com/product/detail.html?product_no=5005,피치 펌킨 핀턱 뒷밴딩 숏팬츠 (2color),,,https://petrichoor.com/web/product/medium/202602/578ef639edba0201ef49a675cad8835f.gif,,,,,"₩62,500","₩62,500",,,,,,260622,
petrichoor.com,false,,페트리코어,,,,,https://petrichoor.com/product/detail.html?product_no=5004,마롱 스트라이프 오픈카라 니트 (3color),,,https://petrichoor.com/web/product/medium/202602/fd81e4c666f9f5e2c036e16958eb9fd7.gif,,,,,"₩46,000","₩46,000",,,,,,260622,
petrichoor.com,false,,페트리코어,,,,,https://petrichoor.com/product/detail.html?product_no=5003,세인 울 라운드 롱 슬리브 가디건 (4color),,,https://petrichoor.com/web/product/medium/202602/773dca556e0119ae44d086da754b0872.gif,,,,,"₩46,000","₩46,000",,,,,,260622,
petrichoor.com,false,,페트리코어,,,,,https://petrichoor.com/product/detail.html?product_no=5002,토이 스트라이프 캐시미어 울 긴팔 니트 (4color),,,https://petrichoor.com/web/product/medium/202602/0d2a7ffe7df6bada70f525d207202244.gif,,,,,"₩66,200","₩66,200",,,,,,260622,
petrichoor.com,false,,페트리코어,,,,,https://petrichoor.com/product/detail.html?product_no=5001,[레이어드템] 에이블 시스루 나시 미니 원피스 (2color),,,https://petrichoor.com/web/product/medium/202602/3f04f667322189783a93a197466a6d8a.gif,,,,,"₩44,000","₩44,000",,,,,,260622,
petrichoor.com,false,,페트리코어,,,,,https://petrichoor.com/product/detail.html?product_no=5000,모모 하이넥 레글런 포켓 가디건 (5color),,,https://petrichoor.com/web/product/medium/202602/8d6e60cc58ce1a9b372d7550b70398d1.gif,,,,,"₩44,000","₩44,000",,,,,,260622,
petrichoor.com,false,,페트리코어,,,,,https://petrichoor.com/product/detail.html?product_no=4997,[레이어드템] 에이블 시스루 롱 원피스 (2color),,,https://petrichoor.com/web/product/medium/202601/c60a9b71f4da4ba49fd3b2341dd4ae30.gif,,,,,"₩60,500","₩60,500",,,,,,260622,
petrichoor.com,false,,페트리코어,,,,,https://petrichoor.com/product/detail.html?product_no=4996,[기모안감] 에임 와이드 부츠컷 팬츠 (2color),,,https://petrichoor.com/web/product/medium/202601/219876ca2ac007adac5e6922ec6d2a67.gif,,,,,"₩60,500","₩60,500",,,,,,260622,
petrichoor.com,false,,페트리코어,,,,,https://petrichoor.com/product/detail.html?product_no=4919,뮤어 소프트 퍼 방한 헤어 밴드 (2color),,,https://petrichoor.com/web/product/medium/202601/d33f60b2d1eadad92a84407d6c792359.gif,,,,,"₩41,000","₩41,000",,,,,,260622,
petrichoor.com,false,,페트리코어,,,,,https://petrichoor.com/product/detail.html?product_no=4995,유니 와이드 롱 데님 팬츠 (2color),,,https://petrichoor.com/web/product/medium/202601/8892f06c9fe2f2cd8f9f9cdc4d49bfb0.gif,,,,,"₩39,000","₩39,000",,,,,,260622,
petrichoor.com,false,,페트리코어,,,,,https://petrichoor.com/product/detail.html?product_no=4994,홀이글 루즈핏 박시 무지 트임 긴팔 티셔츠 (2color),,,https://petrichoor.com/web/product/medium/202601/79acde8254239919a1ff17ecbec3bfe0.gif,,,,,"₩46,000","₩46,000",,,,,,260622,
petrichoor.com,false,,페트리코어,,,,,https://petrichoor.com/product/detail.html?product_no=4993,비비드 세미크롭 기모 반팔 티셔츠 (4color),,,https://petrichoor.com/web/product/medium/202601/46bde8364f51b7d75b67a3ecfc0aef97.gif,,,,,"₩35,000","₩35,000",,,,,,260622,
petrichoor.com,false,,페트리코어,,,,,https://petrichoor.com/product/detail.html?product_no=4992,[🌸레이어드티] 웨이브 울 텐셀 긴팔 티셔츠 (6color),,,https://petrichoor.com/web/product/medium/202601/3aec317cc9f4338fd2a4fcbf3037196c.gif,,,,,"₩33,000","₩33,000",,,,,,260622,
petrichoor.com,false,,페트리코어,,,,,https://petrichoor.com/product/detail.html?product_no=4991,아르코 언발 레이어드 롱 플레어 스커트 (2color),,,https://petrichoor.com/web/product/medium/202601/d1003a346981944fe7f6f8cb44593479.gif,,,,,"₩49,900","₩49,900",,,,,,260622,
petrichoor.com,false,,페트리코어,,,,,https://petrichoor.com/product/detail.html?product_no=4990,제나 백크로스 와이드 코튼 팬츠 (4color),,,https://petrichoor.com/web/product/medium/202601/4073597555971c9ad6e624f40c8fa28c.gif,,,,,"₩41,000","₩41,000",,,,,,260622,
petrichoor.com,false,,페트리코어,,,,,https://petrichoor.com/product/detail.html?product_no=4988,벤티 브러쉬 워싱 와이드 데님 팬츠 (3color),,,https://petrichoor.com/web/product/medium/202601/63f43baf1c9ef8619b03436ce5764712.gif,,,,,"₩41,000","₩41,000",,,,,,260622,
petrichoor.com,false,,페트리코어,,,,,https://petrichoor.com/product/detail.html?product_no=4986,테디 베어 양기모 트레이닝 조거 팬츠 (6color),,,https://petrichoor.com/web/product/medium/202601/a6a10134f256a1fc4354e701ba067fa0.gif,,,,,"₩49,900","₩49,900",,,,,,260622,
petrichoor.com,false,,페트리코어,,,,,https://petrichoor.com/product/detail.html?product_no=4979,리호 럭비 자수 오버핏 양기모 맨투맨 (2color),,,https://petrichoor.com/web/product/medium/202601/86de35c285cb8338c948f21d0a6d6322.gif,,,,,"₩49,900","₩49,900",,,,,,260622,
petrichoor.com,false,,페트리코어,,,,,https://petrichoor.com/product/detail.html?product_no=4978,퍼지 루즈핏 울 니트 가디건 (3color),,,https://petrichoor.com/web/product/medium/202601/387ba67f214f61df4b802bfde7684ebb.gif,,,,,"₩53,900","₩53,900",,,,,,260622,
petrichoor.com,false,,페트리코어,,,,,https://petrichoor.com/product/detail.html?product_no=4977,스펜 레이어드 나시 세트 보트넥 긴팔 티셔츠 (4color),,,https://petrichoor.com/web/product/medium/202601/09c581d88db4e993483bdedec736be9a.gif,,,,,"₩33,000","₩33,000",,,,,,260622,
petrichoor.com,false,,페트리코어,,,,,https://petrichoor.com/product/detail.html?product_no=4976,[울50] 알파카 꽈배기 울 니트 (3color),,,https://petrichoor.com/web/product/medium/202601/12f3f53562d60144569002bb78b14cbc.gif,,,,,"₩62,500","₩62,500",,,,,,260622,
petrichoor.com,false,,페트리코어,,,,,https://petrichoor.com/product/detail.html?product_no=4975,카일 포켓 코튼 와이드 팬츠 (3color),,,https://petrichoor.com/web/product/medium/202601/b5d913d00b5f3f1c965add8c904adfb0.gif,,,,,"₩48,000","₩48,000",,,,,,260622,
petrichoor.com,false,,페트리코어,,,,,https://petrichoor.com/product/detail.html?product_no=4973,투썸 플레어 단추 미디 스커트 (2color),,,https://petrichoor.com/web/product/medium/202601/8fcced41e5711bd71817ea6af1b12e6b.gif,,,,,"₩33,000","₩33,000",,,,,,260622,
petrichoor.com,false,,페트리코어,,,,,https://petrichoor.com/product/detail.html?product_no=4972,코위찬 울 니트 노르닉 방울 비니 (2color),,,https://petrichoor.com/web/product/medium/202601/d30b886e6820bfda519d5260dd919bfe.gif,,,,,"₩33,000","₩33,000",,,,,,260622,
petrichoor.com,false,,페트리코어,,,,,https://petrichoor.com/product/detail.html?product_no=4970,메이슨 후리스 아노락 반집업 맨투맨 (3color),,,https://petrichoor.com/web/product/medium/202601/b9ce32b5db94b80b555e8d04a9c78ed9.gif,,,,,"₩56,000","₩56,000",,,,,,260622,
petrichoor.com,false,,페트리코어,,,,,https://petrichoor.com/product/detail.html?product_no=4969,[기본티/이너템] 슬림 긴팔 워머 티셔츠 (4color),,,https://petrichoor.com/web/product/medium/202601/202d45e148adae8067bd08197ba6bd3e.gif,,,,,"₩25,000","₩25,000",,,,,,260622,
petrichoor.com,false,,페트리코어,,,,,https://petrichoor.com/product/detail.html?product_no=4968,로라 코듀로이 와이드 팬츠 (3color),,,https://petrichoor.com/web/product/medium/202601/baad6e46f961106c4e9b6cf155ca8421.gif,,,,,"₩70,000","₩70,000",,,,,,260622,
petrichoor.com,false,,페트리코어,,,,,https://petrichoor.com/product/detail.html?product_no=4967,머랭 꽈배기 카라 가디건 (2color),,,https://petrichoor.com/web/product/medium/202601/843cdd48b528ae74f4f273fc2e139903.gif,,,,,"₩64,400","₩64,400",,,,,,260622,
petrichoor.com,false,,페트리코어,,,,,https://petrichoor.com/product/detail.html?product_no=4966,케이블 토글 떡볶이 가디건 (3color),,,https://petrichoor.com/web/product/medium/202601/3fe1aa2f280c20a7725dfc94477729a7.gif,,,,,"₩70,000","₩70,000",,,,,,260622,
petrichoor.com,false,,페트리코어,,,,,https://petrichoor.com/product/detail.html?product_no=4965,시아 레이스 슬릿 레이어드 롱 스커트 (3color),,,https://petrichoor.com/web/product/medium/202601/6059d5650178f537f10752915f630b49.gif,,,,,"₩44,000","₩44,000",,,,,,260622,
petrichoor.com,false,,페트리코어,,,,,https://petrichoor.com/product/detail.html?product_no=4964,포이 피치 겉기모 레이어드 미니 원피스 (ivory),,,https://petrichoor.com/web/product/medium/202601/ffa043621c931e23a7227bb2abf2e9a2.gif,,,,,"₩49,900","₩49,900",,,,,,260622,
petrichoor.com,false,,페트리코어,,,,,https://petrichoor.com/product/detail.html?product_no=4962,[레이어드] 루나 일체형 투톤 긴팔 티셔츠 (3color),,,https://petrichoor.com/web/product/medium/202601/d13b385cd4b390c3effc7b6e7b0de8dd.gif,,,,,"₩31,500","₩31,500",,,,,,260622,
petrichoor.com,false,,페트리코어,,,,,https://petrichoor.com/product/detail.html?product_no=4961,라디 롤업 와이드 데님 팬츠 (deep blue),,,https://petrichoor.com/web/product/medium/202601/be956a25e7b078e9c02634de292847db.gif,,,,,"₩68,000","₩68,000",,,,,,260622,
petrichoor.com,false,,페트리코어,,,,,https://petrichoor.com/product/detail.html?product_no=4960,라이 스트라이프 텐셀 폴라 긴팔 티셔츠 (3color),,,https://petrichoor.com/web/product/medium/202601/70584ab8d3edcd4a06d420ee87890942.gif,,,,,"₩46,000","₩46,000",,,,,,260622,
petrichoor.com,false,,페트리코어,,,,,https://petrichoor.com/product/detail.html?product_no=4958,토니 스트라이프 플리스 후드 티셔츠 (2color),,,https://petrichoor.com/web/product/medium/202601/bd2a24ba728264859986b52af3d9ccfa.gif,,,,,"₩70,000","₩70,000",,,,,,260622,
petrichoor.com,false,,페트리코어,,,,,https://petrichoor.com/product/detail.html?product_no=4947,[🔥기모안감/단독] 스트라이프 후드집업 & 투웨이 트레이닝 팬츠 셋업 (기모추리닝/겨울셋업/트레이닝세트),,,https://petrichoor.com/web/product/medium/202601/762242c98287997e3bab95fc291a1b90.gif,,,,,"₩119,000","₩119,000",,,,,,260622,
petrichoor.com,false,,페트리코어,,,,,https://petrichoor.com/product/detail.html?product_no=4944,포그니 슬림 라운드넥 긴팔 티셔츠 (6color),,,https://petrichoor.com/web/product/medium/202601/26be1bba14a9c1ecdd2718444d0ddc8b.gif,,,,,"₩25,000","₩25,000",,,,,,260622,
petrichoor.com,false,,페트리코어,,,,,https://petrichoor.com/product/detail.html?product_no=4941,보스턴 기모 스트라이프 프릴 롱 스커트 (2color),,,https://petrichoor.com/web/product/medium/202601/d0845bb6a59efaf1e16c84dbe8ecffc9.gif,,,,,"₩49,900","₩49,900",,,,,,260622,
petrichoor.com,false,,페트리코어,,,,,https://petrichoor.com/product/detail.html?product_no=4939,포피 울 단가라 니트 머플러 (3color),,,https://petrichoor.com/web/product/medium/202601/9c89d6d15e46c4b11c8916b25ade02c8.gif,,,,,"₩30,000","₩30,000",,,,,,260622,
petrichoor.com,false,,페트리코어,,,,,https://petrichoor.com/product/detail.html?product_no=4937,[🔥융기모안감/단독] 이븐 투웨이 트레이닝 팬츠 (겨울바지/교복템/만능코디),,,https://petrichoor.com/web/product/medium/202601/0cf1d20c409dfe4885c9b5beba23caba.gif,,,,,"₩41,000","₩41,000",,,,,,260622,
petrichoor.com,false,,페트리코어,,,,,https://petrichoor.com/product/detail.html?product_no=4936,뽀글이 퍼 하프 부츠 (3color),,,https://petrichoor.com/web/product/medium/202601/c8018fe1a17de7a4ea383ec799c90ae1.gif,,,,,"₩78,500","₩78,500",,,,,,260622,
petrichoor.com,false,,페트리코어,,,,,https://petrichoor.com/product/detail.html?product_no=4933,[단독/🧤겨울신상] 보카시 롱 니트 장갑 (겨울장갑/긴장갑/빨강장갑),,,https://petrichoor.com/web/product/medium/202601/93849b7a49df511fe2532bdda3e63ea5.gif,,,,,"₩27,000","₩27,000",,,,,,260622,
petrichoor.com,false,,페트리코어,,,,,https://petrichoor.com/product/detail.html?product_no=4932,루돌프 프린팅 오버핏 기모 맨투맨 (3color),,,https://petrichoor.com/web/product/medium/202601/122640f6313cd3e44caea5161a5467df.gif,,,,,"₩66,200","₩66,200",,,,,,260622,
petrichoor.com,false,,페트리코어,,,,,https://petrichoor.com/product/detail.html?product_no=4929,[단독/속바지내장] 헤이리 캉캉 미니 스커트 (프릴스커트/밴딩치마/플레어스커트),,,https://petrichoor.com/web/product/medium/202601/a10a3c151e7d133bc6554a4f1c547ccf.gif,,,,,"₩28,000","₩28,000",,,,,,260622,
petrichoor.com,false,,페트리코어,,,,,https://petrichoor.com/product/detail.html?product_no=4927,[🔥후리스/단독] 제티 도톰 후리스 투웨이 밴딩 팬츠 (핏조절o/겨울트레이닝팬츠/밴딩바지),,,https://petrichoor.com/web/product/medium/202601/8e3b6ef8dfa38e70ce85e61572627a68.gif,,,,,"₩46,000","₩46,000",,,,,,260622,
petrichoor.com,false,,페트리코어,,,,,https://petrichoor.com/product/detail.html?product_no=4926,래빗 노르딕 레글런 알파카 니트 가디건 (2color),,,https://petrichoor.com/web/product/medium/202601/0e2ad29c2c64b784e2081a2f78a4ea7e.gif,,,,,"₩70,000","₩70,000",,,,,,260622,
petrichoor.com,false,,페트리코어,,,,,https://petrichoor.com/product/detail.html?product_no=4915,캐롯 플리스 투웨이 밴딩 팬츠 (3color),,,https://petrichoor.com/web/product/medium/202601/15f6eb8f045e632a2f62f786cfaf58e2.gif,,,,,"₩62,500","₩62,500",,,,,,260622,
petrichoor.com,false,,페트리코어,,,,,https://petrichoor.com/product/detail.html?product_no=4912,[단독/겨울신상] 루이 카라 퍼 자켓 (퍼코트/겨울아우터/오버핏자켓),,,https://petrichoor.com/web/product/medium/202601/5ea3f64b9ec2dbcc7b81672c12f1f19d.gif,,,,,"₩103,000","₩103,000",,,,,,260622,
petrichoor.com,false,,페트리코어,,,,,https://petrichoor.com/product/detail.html?product_no=4908,라일 슬림핏 셔링 폴라 반팔 티셔츠 (4color),,,https://petrichoor.com/web/product/medium/202601/1cde9de087a63bf1e7c6122c6d35613c.gif,,,,,"₩33,000","₩33,000",,,,,,260622,
petrichoor.com,false,,페트리코어,,,,,https://petrichoor.com/product/detail.html?product_no=4907,[단독/겨울신상❤️] 레드 눈송이 오버핏 가디건 (도톰니트/레글런/겨울가디건),,,https://petrichoor.com/web/product/medium/202601/2f0684a3d001a77094f496fdfd4aa331.gif,,,,,"₩48,000","₩48,000",,,,,,260622,
petrichoor.com,false,,페트리코어,,,,,https://petrichoor.com/product/detail.html?product_no=4901,[단독/겨울신상🤎] 아르 플리츠 미니 스커트 (a라인스커트/속바지o),,,https://petrichoor.com/web/product/medium/202512/d03f870555fa2ada6e5ac448ca6d791f.gif,,,,,"₩28,000","₩28,000",,,,,,260622,
petrichoor.com,false,,페트리코어,,,,,https://petrichoor.com/product/detail.html?product_no=4897,[단독/겨울신상] 로엔 일체형 니트 배색 레이어드 가디건 (겨울니트/라운드넥/오버핏가디건),,,https://petrichoor.com/web/product/medium/202512/e3e6264e9f5b2eb54db8af22c20151ac.gif,,,,,"₩44,000","₩44,000",,,,,,260622,
petrichoor.com,false,,페트리코어,,,,,https://petrichoor.com/product/detail.html?product_no=4895,[단독/겨울신상] 스웨이드 무스탕 자켓 (덤블자켓/겨울아우터/연말룩),,,https://petrichoor.com/web/product/medium/202512/848979dfc924eb7d639877fff49b8418.gif,,,,,"₩84,900","₩84,900",,,,,,260622,
petrichoor.com,false,,페트리코어,,,,,https://petrichoor.com/product/detail.html?product_no=4894,보카시 단추 귀도리 비니 (4color),,,https://petrichoor.com/web/product/medium/202601/3d0ad323964690da4df87422b41cbf33.gif,,,,,"₩31,500","₩31,500",,,,,,260622,
petrichoor.com,false,,페트리코어,,,,,https://petrichoor.com/product/detail.html?product_no=4880,[🧣겨울치마/단독] 티슈 코듀로이 밴딩 롱 스커트 (안감o/골덴치마/a라인롱스커트),,,https://petrichoor.com/web/product/medium/202512/98b49857c7720e40fa544650f1f7530c.gif,,,,,"₩51,500","₩51,500",,,,,,260622,
petrichoor.com,false,,페트리코어,,,,,https://petrichoor.com/product/detail.html?product_no=4879,스트링 퍼 패딩 부츠 (3color),,,https://petrichoor.com/web/product/medium/202512/b45b9621cdbe261d50c3dac0b0fef4f7.gif,,,,,"₩88,900","₩88,900",,,,,,260622,
petrichoor.com,false,,페트리코어,,,,,https://petrichoor.com/product/detail.html?product_no=4877,[단독/겨울치마] 셀로나 도트 밴딩 플레어 미디 스커트 (겉기모/모직스커트/a라인),,,https://petrichoor.com/web/product/medium/202512/7107c2dd729d8a6e7444d2601b3581ac.gif,,,,,"₩33,000","₩33,000",,,,,,260622,
petrichoor.com,false,,페트리코어,,,,,https://petrichoor.com/product/detail.html?product_no=4874,아린 모달 골지 긴팔 티셔츠 (6color),,,https://petrichoor.com/web/product/medium/202512/dd0188db8068d8e2b9cf30c8c935bcb2.gif,,,,,"₩31,500","₩31,500",,,,,,260622,
petrichoor.com,false,,페트리코어,,,,,https://petrichoor.com/product/detail.html?product_no=4872,[🤍봄•가을/레이어드템] 시스루 랩 스커트 (3color),,,https://petrichoor.com/web/product/medium/202512/9e2f6183d5874eed8237cee0279d9381.gif,,,,,"₩35,000","₩35,000",,,,,,260622,
petrichoor.com,false,,페트리코어,,,,,https://petrichoor.com/product/detail.html?product_no=4869,모이 벌룬핏 와이드 코듀로이 팬츠 (4color),,,https://petrichoor.com/web/product/medium/202512/ad051294f711c8c6de1353fce81a31f1.gif,,,,,"₩60,500","₩60,500",,,,,,260622,
petrichoor.com,false,,페트리코어,,,,,https://petrichoor.com/product/detail.html?product_no=4867,뽀글이 퍼 벨트 플랫 메리제인 (beige),,,https://petrichoor.com/web/product/medium/202512/dbc7e6079e18f6f365e54d2f8b1e8be9.gif,,,,,"₩70,000","₩70,000",,,,,,260622,
petrichoor.com,false,,페트리코어,,,,,https://petrichoor.com/product/detail.html?product_no=4863,토피넛 울 니트 귀마개 귀도리 (6color),,,https://petrichoor.com/web/product/medium/202512/ff233843af6b38426ddea04e2eac848c.gif,,,,,"₩28,000","₩28,000",,,,,,260622,
petrichoor.com,false,,페트리코어,,,,,https://petrichoor.com/product/detail.html?product_no=4862,[🔥패딩안감/단독] 로아 오버핏 퍼 자켓 (퍼코트/퍼패딩/겨울아우터),,,https://petrichoor.com/web/product/medium/202512/2eebd7f8eaa9310090b6f5baefb96369.gif,,,,,"₩135,000","₩135,000",,,,,,260622,
petrichoor.com,false,,페트리코어,,,,,https://petrichoor.com/product/detail.html?product_no=4861,[레이어드] 허그 기모 스트라이프 반폴라 티셔츠 (3color),,,https://petrichoor.com/web/product/medium/202512/b7c70afb45a61dd9e8b2cd5af398b897.gif,,,,,"₩37,000","₩37,000",,,,,,260622,
petrichoor.com,false,,페트리코어,,,,,https://petrichoor.com/product/detail.html?product_no=4858,버프 코듀로이 세미와이드 팬츠 (4color),,,https://petrichoor.com/web/product/medium/202512/edb4e19d68dc52b8e59da932e94141bf.gif,,,,,"₩60,500","₩60,500",,,,,,260622,
petrichoor.com,false,,페트리코어,,,,,https://petrichoor.com/product/detail.html?product_no=4851,[🍷연말룩/2size] 메이즈 핀턱 미니 원피스 (2color),,,https://petrichoor.com/web/product/medium/202512/33b53d1663ab2a9dcfe5083774c57b4c.gif,,,,,"₩70,000","₩70,000",,,,,,260622,
petrichoor.com,false,,페트리코어,,,,,https://petrichoor.com/product/detail.html?product_no=4850,[🔥겨울치마/단독] 사각 누빔 밴딩 플레어 롱 스커트 (안감o/연말룩/패딩스커트/플레어치마),,,https://petrichoor.com/web/product/medium/202512/95da53a86b474255ae663575c84358ac.gif,,,,,"₩43,000","₩43,000",,,,,,260622,
petrichoor.com,false,,페트리코어,,,,,https://petrichoor.com/product/detail.html?product_no=4849,[단독/M-L] 키링세트 모직 와이드 슬랙스 (키작녀바지/겨울슬랙스/울슬랙스),,,https://petrichoor.com/web/product/medium/202512/99d97d92b8ee043612d788f79e9588a5.gif,,,,,"₩58,000","₩58,000",,,,,,260622,
petrichoor.com,false,,페트리코어,,,,,https://petrichoor.com/product/detail.html?product_no=4848,러브 피치기모 반팔 티셔츠 (6color),,,https://petrichoor.com/web/product/medium/202512/63479a467d7163aeca6c1dc4ba7308d0.gif,,,,,"₩37,000","₩37,000",,,,,,260622,
petrichoor.com,false,,페트리코어,,,,,https://petrichoor.com/product/detail.html?product_no=4846,뽀글이 플랫 메리제인 (2color),,,https://petrichoor.com/web/product/medium/202512/130abc23cc51dd9dca772dabb6d15f56.gif,,,,,"₩66,200","₩66,200",,,,,,260622,
petrichoor.com,false,,페트리코어,,,,,https://petrichoor.com/product/detail.html?product_no=4844,[☁만능코디/단독] 뽀글이 토트백 (퍼가방/덤블가방/미니백),,,https://petrichoor.com/web/product/medium/202512/22a59565759210d669a0732733ab5fda.gif,,,,,"₩33,500","₩33,500",,,,,,260622,
petrichoor.com,false,,페트리코어,,,,,https://petrichoor.com/product/detail.html?product_no=4843,[🔥기모안감] 페이퍼 오버핏 기모 맨투맨 (3color),,,https://petrichoor.com/web/product/medium/202512/76dffe4180ce15dd770c83c21ba37787.gif,,,,,"₩64,400","₩64,400",,,,,,260622,
petrichoor.com,false,,페트리코어,,,,,https://petrichoor.com/product/detail.html?product_no=4842,토스티 연청 와이드 데님 팬츠 (light blue),,,https://petrichoor.com/web/product/medium/202512/3d6da59a1c11cb1c148c2b3857844bb6.gif,,,,,"₩62,500","₩62,500",,,,,,260622,
petrichoor.com,false,,페트리코어,,,,,https://petrichoor.com/product/detail.html?product_no=4839,올데이 벌룬핏 절개 코튼 팬츠 (2color),,,https://petrichoor.com/web/product/medium/202512/3cb646515417ca3e04fd7b537a052d1d.gif,,,,,"₩68,000","₩68,000",,,,,,260622,
petrichoor.com,false,,페트리코어,,,,,https://petrichoor.com/product/detail.html?product_no=4837,윈터웨어 기모 밴딩 숏 팬츠 (2color),,,https://petrichoor.com/web/product/medium/202512/d256963136bdddcbcec6bd93bfb1bb2e.gif,,,,,"₩39,000","₩39,000",,,,,,260622,
petrichoor.com,false,,페트리코어,,,,,https://petrichoor.com/product/detail.html?product_no=4833,버디 울 체크 롱 머플러 (4color),,,https://petrichoor.com/web/product/medium/202512/aad0055744de0caf5ec4951c70316661.gif,,,,,"₩30,000","₩30,000",,,,,,260622,
petrichoor.com,false,,페트리코어,,,,,https://petrichoor.com/product/detail.html?product_no=4832,[🔥한파대비/단독] 테일러 퍼 야상 패딩 점퍼 (오리털100/하프패딩/패딩코트/겨울아우터),,,https://petrichoor.com/web/product/medium/202512/c172e7a8d8974144c782838ccb68e202.gif,,,,,"₩131,000","₩131,000",,,,,,260622,
petrichoor.com,false,,페트리코어,,,,,https://petrichoor.com/product/detail.html?product_no=4830,[끈조절o] 르메 스웨이드 숄더백 (2color),,,https://petrichoor.com/web/product/medium/202512/38d9140f1ba544a2b77867c1315bc39c.gif,,,,,"₩53,900","₩53,900",,,,,,260622,
petrichoor.com,false,,페트리코어,,,,,https://petrichoor.com/product/detail.html?product_no=4818,[🔥기모안감] 올데이 투턱 밴딩 와이드 트레이닝 팬츠 (7color),,,https://petrichoor.com/web/product/medium/202512/43c0e3789722d360e46414d6bed35832.gif,,,,,"₩37,000","₩37,000",,,,,,260622,
petrichoor.com,false,,페트리코어,,,,,https://petrichoor.com/product/detail.html?product_no=4813,무브 논페이드 와이드 데님팬츠,,,https://petrichoor.com/web/product/medium/202512/33947f50f12b1a3bec867a7a9331459b.gif,,,,,"₩58,000","₩58,000",,,,,,260622,
petrichoor.com,false,,페트리코어,,,,,https://petrichoor.com/product/detail.html?product_no=4809,[🔥융기모안감/한파템] 주프 테리 밍크 투웨이 밴딩 팬츠 (2color),,,https://petrichoor.com/web/product/medium/202512/d01b52e442229deb7e9dab0e9d7272be.gif,,,,,"₩44,000","₩44,000",,,,,,260622,
petrichoor.com,false,,페트리코어,,,,,https://petrichoor.com/product/detail.html?product_no=4808,오스틴 루즈핏 체크 셔츠 (3color),,,https://petrichoor.com/web/product/medium/202512/1b625a00d2defee46e78824fe31f0a38.gif,,,,,"₩49,900","₩49,900",,,,,,260622,
petrichoor.com,false,,페트리코어,,,,,https://petrichoor.com/product/detail.html?product_no=4802,[단독/🧤겨울신상] 패치 핑거홀 롱 니트 장갑 (겨울장갑/터치장갑/스마트장갑/레드장갑),,,https://petrichoor.com/web/product/medium/202512/4c3f22b240d11decb72fef9ba6c2a5ca.gif,,,,,"₩27,000","₩27,000",,,,,,260622,
petrichoor.com,false,,페트리코어,,,,,https://petrichoor.com/product/detail.html?product_no=4797,[🔥뽀글이안감] 뽀글 퍼 버클 숏 부츠 (black),,,https://petrichoor.com/web/product/medium/202512/b81a0fe71bd85c73d298a45014f5c40a.gif,,,,,"₩84,900","₩84,900",,,,,,260622,
petrichoor.com,false,,페트리코어,,,,,https://petrichoor.com/product/detail.html?product_no=4794,[🌸봄니트/단독] 폭닥 브이넥 퍼프 울 니트 (루즈핏/여리니트/퍼플니트),,,https://petrichoor.com/web/product/medium/202512/9b5a47ace21dca47d92dc7672d273be1.gif,,,,,"₩37,000","₩37,000",,,,,,260622,
petrichoor.com,false,,페트리코어,,,,,https://petrichoor.com/product/detail.html?product_no=4792,버튼플라이 논페이드 와이드 데님 팬츠 (2color),,,https://petrichoor.com/web/product/medium/202512/0cf075a147241504ce30ecb9fe9714df.gif,,,,,"₩53,900","₩53,900",,,,,,260622,
petrichoor.com,false,,페트리코어,,,,,https://petrichoor.com/product/detail.html?product_no=4786,[단독/겨울신상] 코하 루즈핏 브이넥 꽈배기 니트 (여리핏/연말룩/케이블니트/오버핏),,,https://petrichoor.com/web/product/medium/202511/82873affc22343f3a22971d136c2b48a.gif,,,,,"₩46,000","₩46,000",,,,,,260622,
petrichoor.com,false,,페트리코어,,,,,https://petrichoor.com/product/detail.html?product_no=4784,쿼티 코듀로이 골덴 와이드 팬츠 (7color),,,https://petrichoor.com/web/product/medium/202511/976aa2db1cfbace2f32c1114b52deced.gif,,,,,"₩51,500","₩51,500",,,,,,260622,
petrichoor.com,false,,페트리코어,,,,,https://petrichoor.com/product/detail.html?product_no=4783,[단독/겨울신상] 트리 라운드 오버핏 꽈배기 니트 (도톰니트/라운드니트/연말룩/케이블니트),,,https://petrichoor.com/web/product/medium/202511/fbf9167a0011ad67b6b05fde42c9444f.gif,,,,,"₩48,000","₩48,000",,,,,,260622,
petrichoor.com,false,,페트리코어,,,,,https://petrichoor.com/product/detail.html?product_no=2174,골지 니트 손가락 장갑 (10color),,,https://petrichoor.com/web/product/medium/202211/5ae114f686b2e3d45aa47982c6f30aeb.gif,,,,,"₩25,000","₩25,000",,,,,,260622,
petrichoor.com,false,,페트리코어,,,,,https://petrichoor.com/product/detail.html?product_no=4780,[🤍봄•가을] [안감o] 보네 벨벳 캉캉 밴딩 미니 스커트 (2color),,,https://petrichoor.com/web/product/medium/202512/836a01bb7f3171039949c97d182a2c8f.gif,,,,,"₩44,000","₩44,000",,,,,,260622,
petrichoor.com,false,,페트리코어,,,,,https://petrichoor.com/product/detail.html?product_no=4775,논페이드 버클 속기모 와이드 데님 팬츠 (2color),,,https://petrichoor.com/web/product/medium/202511/26d8572240ee75c474fe9cd95b0cbf92.gif,,,,,"₩58,500","₩58,500",,,,,,260622,
petrichoor.com,false,,페트리코어,,,,,https://petrichoor.com/product/detail.html?product_no=4774,[단독/🧣겨울신상] 밑단 스트링 하이넥 부클 자켓 (누빔자켓/숏코트/겨울아우터/뽀글이자켓),,,https://petrichoor.com/web/product/medium/202511/a4d8af0373afb2895002ba367676fa39.gif,,,,,"₩78,500","₩78,500",,,,,,260622,
petrichoor.com,false,,페트리코어,,,,,https://petrichoor.com/product/detail.html?product_no=4773,[단독] 눈송이 노르딕 오버핏 집업 니트 (도톰니트/카라니트/봄가디건),,,https://petrichoor.com/web/product/medium/202511/dc6ce2288f8fab0fba3643dccab6b28b.gif,,,,,"₩49,900","₩49,900",,,,,,260622,
petrichoor.com,false,,페트리코어,,,,,https://petrichoor.com/product/detail.html?product_no=4772,멜팅 크롭 앙고라 퍼 가디건 (3color),,,https://petrichoor.com/web/product/medium/202511/7b69115790acd964f4a7e76f7459b01e.gif,,,,,"₩66,200","₩66,200",,,,,,260622,
petrichoor.com,false,,페트리코어,,,,,https://petrichoor.com/product/detail.html?product_no=4770,그로우 스웨이드 스니커즈 로퍼 (3color),,,https://petrichoor.com/web/product/medium/202511/d8a1858641c4aee54b1a5e4dcad34433.gif,,,,,"₩68,000","₩68,000",,,,,,260622,
petrichoor.com,false,,페트리코어,,,,,https://petrichoor.com/product/detail.html?product_no=4769,페이 루즈핏 체크 기모 셔츠 (2color),,,https://petrichoor.com/web/product/medium/202511/901dc2592b98f8d1f9cb0803817380a9.gif,,,,,"₩49,900","₩49,900",,,,,,260622,
petrichoor.com,false,,페트리코어,,,,,https://petrichoor.com/product/detail.html?product_no=4768,[울100] 세인트 스트라이프 니트 머플러 (8color),,,https://petrichoor.com/web/product/medium/202511/717f09e76b328b8fd5897a6f94f3fcae.gif,,,,,"₩41,000","₩41,000",,,,,,260622,
petrichoor.com,false,,페트리코어,,,,,https://petrichoor.com/product/detail.html?product_no=4767,초코 스웨이드 투웨이 끈조절 숄더백 (3color),,,https://petrichoor.com/web/product/medium/202511/3c114fdc745393c7b721ed6ffb0a1b34.gif,,,,,"₩48,000","₩48,000",,,,,,260622,
petrichoor.com,false,,페트리코어,,,,,https://petrichoor.com/product/detail.html?product_no=4765,포근 스트라이프 울 니트 머플러 (2color),,,https://petrichoor.com/web/product/medium/202511/15877ed320c60e5e5330d2fa64da4add.gif,,,,,"₩30,000","₩30,000",,,,,,260622,
petrichoor.com,false,,페트리코어,,,,,https://petrichoor.com/product/detail.html?product_no=4763,[단독/겨울신상] 그레인 롤드넥 오버핏 울 니트 (돌돌이니트/라운드니트/겨울니트),,,https://petrichoor.com/web/product/medium/202511/3a5bdf589d5044430da769c77543a9da.gif,,,,,"₩39,000","₩39,000",,,,,,260622,
petrichoor.com,false,,페트리코어,,,,,https://petrichoor.com/product/detail.html?product_no=4745,[단독/❄겨울신상] 페퍼 핸드메이드 후드 집업 숏 코트 (하이넥/울코트/핸드메이드숏코트/겨울아우터),,,https://petrichoor.com/web/product/medium/202511/d6d04068c3d494ec273daed7fee6c8fc.gif,,,,,"₩102,000","₩102,000",,,,,,260622,
petrichoor.com,false,,페트리코어,,,,,https://petrichoor.com/product/detail.html?product_no=4741,[안감o] 베키 코듀로이 플리츠 미니 스커트 (3color),,,https://petrichoor.com/web/product/medium/202511/b629eaffc5bea804b5e3ea6833867ee5.gif,,,,,"₩33,000","₩33,000",,,,,,260622,
petrichoor.com,false,,페트리코어,,,,,https://petrichoor.com/product/detail.html?product_no=4739,[단독/주문폭주🔥] 베리어 패딩 롱 스커트 (a라인스커트/겨울치마/안감o),,,https://petrichoor.com/web/product/medium/202511/e2b4f2e8c47fe259170357ad81cc41cf.gif,,,,,"₩39,000","₩39,000",,,,,,260622,
petrichoor.com,false,,페트리코어,,,,,https://petrichoor.com/product/detail.html?product_no=4735,[단독/🔥겨울신상] 모프 하프 양털 뽀글이 자켓 (덤블무스탕/뽀글이무스탕/겨울아우터/연말룩),,,https://petrichoor.com/web/product/medium/202511/d9e26123275e96c514331b607d62ce56.gif,,,,,"₩106,000","₩106,000",,,,,,260622,
petrichoor.com,false,,페트리코어,,,,,https://petrichoor.com/product/detail.html?product_no=4734,알파 스웨이드 털 슬리퍼 (스웨이드블로퍼/통굽블로퍼/퍼슬리퍼),,,https://petrichoor.com/web/product/medium/202511/0e086729a3d02f8b2adc6aa7114b3fdb.gif,,,,,"₩60,500","₩60,500",,,,,,260622,
petrichoor.com,false,,페트리코어,,,,,https://petrichoor.com/product/detail.html?product_no=4733,[단독] 버클 스웨이드 숄더백 (4color),,,https://petrichoor.com/web/product/medium/202511/5fe4a95e4feb067a18cebb77b7a06056.gif,,,,,"₩39,000","₩39,000",,,,,,260622,
petrichoor.com,false,,페트리코어,,,,,https://petrichoor.com/product/detail.html?product_no=4728,폭신 배색 스트링 버튼 반집업 울 니트 (5color),,,https://petrichoor.com/web/product/medium/202511/fa5cf2b18562fa0af360973d1aa72d2f.gif,,,,,"₩76,500","₩76,500",,,,,,260622,
petrichoor.com,false,,페트리코어,,,,,https://petrichoor.com/product/detail.html?product_no=4724,[단독/겨울신상] 포이즈 도톰 뒷밴딩 와이드 슬랙스 (겨울슬랙스/하객룩/출근룩/하체커버),,,https://petrichoor.com/web/product/medium/202511/a449ac6846e868be7c87932a5fd7120f.gif,,,,,"₩43,000","₩43,000",,,,,,260622,
petrichoor.com,false,,페트리코어,,,,,https://petrichoor.com/product/detail.html?product_no=4720,올리브 스웨이드 플랫슈즈 말랑 로퍼 (3color),,,https://petrichoor.com/web/product/medium/202511/9f4d0a5da0b4177ff4cae262939aad82.gif,,,,,"₩64,400","₩64,400",,,,,,260622,
petrichoor.com,false,,페트리코어,,,,,https://petrichoor.com/product/detail.html?product_no=3757,[당일출고🚀] 기모 안감🔥 골덴 카고 밴딩 와이드팬츠 (빅사이즈/남녀공용/한파템],,,https://petrichoor.com/web/product/medium/202411/1ea1715d0a7cf85d25ac27e1fddb9e04.gif,,,,,"₩28,000","₩28,000",,,,,,260622,
petrichoor.com,false,,페트리코어,,,,,https://petrichoor.com/product/detail.html?product_no=4709,피치 겉기모 뷔스티에 레이어드 끈 원피스 (2color),,,https://petrichoor.com/web/product/medium/202510/9247efc500ba7676f090b275f525b1e3.gif,,,,,"₩49,900","₩49,900",,,,,,260622,
petrichoor.com,false,,페트리코어,,,,,https://petrichoor.com/product/detail.html?product_no=4708,쥬얼 앙고라 소프트 퍼 가디건 (4color),,,https://petrichoor.com/web/product/medium/202510/17788bd5fa57cc1192c3514a00286c80.gif,,,,,"₩78,500","₩78,500",,,,,,260622,
petrichoor.com,false,,페트리코어,,,,,https://petrichoor.com/product/detail.html?product_no=4704,[단독/겨울신상] 테디 코듀로이 컬러 밴딩 와이드 팬츠 (핏보장/편한바지/만능코디/겨울교복템),,,https://petrichoor.com/web/product/medium/202602/2266bfe0ec8d154dcc56092abe22c5fa.gif,,,,,"₩48,000","₩48,000",,,,,,260622,
petrichoor.com,false,,페트리코어,,,,,https://petrichoor.com/product/detail.html?product_no=4696,콜드 롤업 논페이드 생지 와이드 데님 팬츠 (2color),,,https://petrichoor.com/web/product/medium/202510/f6dedcab931e61b7a1c2e4c31f1e4e38.gif,,,,,"₩44,000","₩44,000",,,,,,260622,
petrichoor.com,false,,페트리코어,,,,,https://petrichoor.com/product/detail.html?product_no=4695,쿄 카라 꽈배기 니트 가디건 (ivory),,,https://petrichoor.com/web/product/medium/202510/7321e7edea5491289e8e28c02a283c7e.gif,,,,,"₩70,000","₩70,000",,,,,,260622,
petrichoor.com,false,,페트리코어,,,,,https://petrichoor.com/product/detail.html?product_no=4694,블러쉬 루즈핏 오프숄더 니트 (연말룩/도톰니트/보카시니트),,,https://petrichoor.com/web/product/medium/202510/0cea68973cde828692d72845b207e745.gif,,,,,"₩39,000","₩39,000",,,,,,260622,
petrichoor.com,false,,페트리코어,,,,,https://petrichoor.com/product/detail.html?product_no=4692,[단독] 컬러 루즈핏 덕다운 후드 경량 패딩 (여성경량패딩/얇은패딩/하이넥),,,https://petrichoor.com/web/product/medium/202510/644d4d47e594f58f2d78e6c6877128d6.gif,,,,,"₩121,000","₩121,000",,,,,,260622,
petrichoor.com,false,,페트리코어,,,,,https://petrichoor.com/product/detail.html?product_no=2639,스무디 크롭 하이넥 후드 패딩 (4color),,,https://petrichoor.com/web/product/medium/202311/57af8bd670f0b3726962a3c2a0794542.gif,,,,,"₩120,000","₩120,000",,,,,,260622,
petrichoor.com,false,,페트리코어,,,,,https://petrichoor.com/product/detail.html?product_no=4689,미트볼 라운드 크롭 니트 가디건 (10color),,,https://petrichoor.com/web/product/medium/202510/bc85a6ba7e8f734dfd4ed055a13f6927.gif,,,,,"₩37,000","₩37,000",,,,,,260622,
petrichoor.com,false,,페트리코어,,,,,https://petrichoor.com/product/detail.html?product_no=4685,꽈배기 워머 스트라이프 후드 니트 (5color),,,https://petrichoor.com/web/product/medium/202510/e3a9c9bc41a05e67559de877418eb8fa.gif,,,,,"₩56,000","₩56,000",,,,,,260622,
petrichoor.com,false,,페트리코어,,,,,https://petrichoor.com/product/detail.html?product_no=4684,커리 알파카 울 브이넥 니트 (8color),,,https://petrichoor.com/web/product/medium/202510/829ffe9e48a80db771c3a453162c9c58.gif,,,,,"₩46,000","₩46,000",,,,,,260622,
petrichoor.com,false,,페트리코어,,,,,https://petrichoor.com/product/detail.html?product_no=4668,스완 캐시미어 라운드 크롭 가디건 (9color),,,https://petrichoor.com/web/product/medium/202510/eb1d4fd50130d0b154e964a3cdd491b9.gif,,,,,"₩44,000","₩44,000",,,,,,260622,
petrichoor.com,false,,페트리코어,,,,,https://petrichoor.com/product/detail.html?product_no=4663,[🤍컬러추가!] 아워 딥브이넥 루즈핏 울 니트 (6color),,,https://petrichoor.com/web/product/medium/202602/d24148a2b5654e596ab9ea96a62fcf44.gif,,,,,"₩46,000","₩46,000",,,,,,260622,
petrichoor.com,false,,페트리코어,,,,,https://petrichoor.com/product/detail.html?product_no=4661,글로시 와샤 스트링 숄더백 (3color),,,https://petrichoor.com/web/product/medium/202510/e8b6f2f113ae3c43a48004ddabd358ec.gif,,,,,"₩62,500","₩62,500",,,,,,260622,
petrichoor.com,false,,페트리코어,,,,,https://petrichoor.com/product/detail.html?product_no=4660,스웨디 슬릿 밴딩 스판 롱 스커트 (2color),,,https://petrichoor.com/web/product/medium/202510/84cd3a44ae25b817b1167e092bf54b19.gif,,,,,"₩35,000","₩35,000",,,,,,260622,
petrichoor.com,false,,페트리코어,,,,,https://petrichoor.com/product/detail.html?product_no=4659,[고퀄리티] 벨트 스웨이드 웨스턴 하프 부츠 (3color),,,https://petrichoor.com/web/product/medium/202510/601dca274af0d0ce5b85f42c83c5bb56.gif,,,,,"₩87,000","₩87,000",,,,,,260622,
petrichoor.com,false,,페트리코어,,,,,https://petrichoor.com/product/detail.html?product_no=4651,스트링 사틴 롱 스커트 블랙 (하객룩/빅사이즈/임부복/임부스커트),,,https://petrichoor.com/web/product/medium/202510/4982f2e7ea32fc90f6da2b38c1c37847.gif,,,,,"₩56,000","₩56,000",,,,,,260622,
petrichoor.com,false,,페트리코어,,,,,https://petrichoor.com/product/detail.html?product_no=4647,[S-L/단독] 도톰 뒷밴딩 윈터 와이드 슬랙스 (체형커버/모직팬츠/겨울슬랙스/만능코디),,,https://petrichoor.com/web/product/medium/202510/dadbe470015477b189ca693805d329ee.gif,,,,,"₩51,900","₩51,900",,,,,,260622,
petrichoor.com,false,,페트리코어,,,,,https://petrichoor.com/product/detail.html?product_no=4645,[안감o] 위트 실크 새틴 미디 밴딩 스커트 (3color),,,https://petrichoor.com/web/product/medium/202510/b0a0598f8faa9aaad287f811dd1b0335.gif,,,,,"₩37,000","₩37,000",,,,,,260622,
petrichoor.com,false,,페트리코어,,,,,https://petrichoor.com/product/detail.html?product_no=4642,[가을신상/단독] 더블 레이어드 투웨이 셔츠 (가을하객룩/랩셔츠/블라우스),,,https://petrichoor.com/web/product/medium/202510/a468ebe3db1f25649cc52a66dadfff97.gif,,,,,"₩48,000","₩48,000",,,,,,260622,
petrichoor.com,false,,페트리코어,,,,,https://petrichoor.com/product/detail.html?product_no=4641,버클포인트 비죠 골덴 코듀로이 숏팬츠 (2color),,,https://petrichoor.com/web/product/medium/202510/2a50b2d778282d508559fb326d39565f.gif,,,,,"₩64,400","₩64,400",,,,,,260622,
petrichoor.com,false,,페트리코어,,,,,https://petrichoor.com/product/detail.html?product_no=4637,베버 핀턱 미니 원피스 (77가능/체형커버/빅사이즈),,,https://petrichoor.com/web/product/medium/202510/821eb6c5b27465aaba30ad3417ffbba0.gif,,,,,"₩46,000","₩46,000",,,,,,260622,
petrichoor.com,false,,페트리코어,,,,,https://petrichoor.com/product/detail.html?product_no=4629,[안감o] 가넷 캉캉 밴딩 미디 스커트(2color),,,https://petrichoor.com/web/product/medium/202509/4552e70c5fd0f4adf68734f7d819de65.gif,,,,,"₩48,000","₩48,000",,,,,,260622,
petrichoor.com,false,,페트리코어,,,,,https://petrichoor.com/product/detail.html?product_no=4628,[가을신상/단독] 어반 워싱 코튼 배색 카라 자켓 (간절기아우터/헌팅재킷/워크자켓),,,https://petrichoor.com/web/product/medium/202509/de3333019d8dd99c3db06d9c5b277af5.gif,,,,,"₩78,500","₩78,500",,,,,,260622,
petrichoor.com,false,,페트리코어,,,,,https://petrichoor.com/product/detail.html?product_no=4626,라운딩 레오파드 스웨이드 숄더백(3color),,,https://petrichoor.com/web/product/medium/202509/b5e2f4b7e2bd16374d0ba9cc6f463d43.gif,,,,,"₩35,000","₩35,000",,,,,,260622,
petrichoor.com,false,,페트리코어,,,,,https://petrichoor.com/product/detail.html?product_no=4624,니어 홀가먼트 브이넥 울 가디건(4color),,,https://petrichoor.com/web/product/medium/202509/c62145f683f66dfcf5996a90c32ea911.gif,,,,,"₩49,900","₩49,900",,,,,,260622,
petrichoor.com,false,,페트리코어,,,,,https://petrichoor.com/product/detail.html?product_no=4623,[✨레이어드/단독] 에펠 프릴 버튼 나시 슬리브리스 (만능코디/사계절/끈조절),,,https://petrichoor.com/web/product/medium/202509/a94ccc5a8a5b24f932193179f0547ad9.gif,,,,,"₩37,000","₩37,000",,,,,,260622,
petrichoor.com,false,,페트리코어,,,,,https://petrichoor.com/product/detail.html?product_no=4621,조이 스트라이프 루즈핏 브이넥 울 니트(3color),,,https://petrichoor.com/web/product/medium/202509/72a3dd81cd2d789e64bebd2d82f53b03.gif,,,,,"₩62,500","₩62,500",,,,,,260622,
petrichoor.com,false,,페트리코어,,,,,https://petrichoor.com/product/detail.html?product_no=4612,[1+1] 리비드 니삭스 데일리 롱 양말(5color),,,https://petrichoor.com/web/product/medium/202509/129e4476fbe8ddfbb25ad907f7a63e08.gif,,,,,"₩27,000","₩27,000",,,,,,260622,
petrichoor.com,false,,페트리코어,,,,,https://petrichoor.com/product/detail.html?product_no=4605,[보부상추천!] 빈티지 버클 포켓 백팩 (여행가방/데일리백),,,https://petrichoor.com/web/product/medium/202509/8533eb2c472b4726cf847dbcbba4b352.gif,,,,,"₩46,000","₩46,000",,,,,,260622,
petrichoor.com,false,,페트리코어,,,,,https://petrichoor.com/product/detail.html?product_no=4589,[가방세트/단독] 제이 플라워 바람막이 점퍼 (가을아우터/플라워/간절기),,,https://petrichoor.com/web/product/medium/202509/77cb21d0e80f4022f18a56d53903db27.gif,,,,,"₩62,500","₩62,500",,,,,,260622,
petrichoor.com,false,,페트리코어,,,,,https://petrichoor.com/product/detail.html?product_no=4585,[🩰발레코어/끈조절] 스웨이드 레이스업 메리제인 플랫슈즈(3color),,,https://petrichoor.com/web/product/medium/202509/7f3ec6e41e9d3b287bfc87ed0655f6c9.gif,,,,,"₩70,000","₩70,000",,,,,,260622,
petrichoor.com,false,,페트리코어,,,,,https://petrichoor.com/product/detail.html?product_no=4578,[고퀄리티/만능코디!] 말랑 플랫 라운딩 로퍼 (black),,,https://petrichoor.com/web/product/medium/202509/cfee69063f3ea9d789b8a7fdc8ec7762.gif,,,,,"₩68,000","₩68,000",,,,,,260622,
petrichoor.com,false,,페트리코어,,,,,https://petrichoor.com/product/detail.html?product_no=4572,펠스 스웨이드 헌팅캡(2color),,,https://petrichoor.com/web/product/medium/202509/5da5ddd42e51be9fd4da016157441f65.gif,,,,,"₩31,500","₩31,500",,,,,,260622,
petrichoor.com,false,,페트리코어,,,,,https://petrichoor.com/product/detail.html?product_no=4552,[보부상추천!] 레오파드 스웨이드 숄더백 (2color),,,https://petrichoor.com/web/product/medium/202509/9c4428d7bcb8cf6bed9bb6cb88d65401.gif,,,,,"₩39,000","₩39,000",,,,,,260622,
petrichoor.com,false,,페트리코어,,,,,https://petrichoor.com/product/detail.html?product_no=4551,[👍핏보장/단독] [컬러추가!] 베이 코튼 절개 와이드 팬츠 (봄•가을/출근룩/만능코디/코튼슬랙스),,,https://petrichoor.com/web/product/medium/202605/9e9dd49f12356f957a5ce37388600c16.gif,,,,,"₩53,900","₩53,900",,,,,,260622,
petrichoor.com,false,,페트리코어,,,,,https://petrichoor.com/product/detail.html?product_no=4548,[단독] 리엘 프릴 레이스 긴팔 블라우스 (봄블라우스/하객룩/일체형/레이어드),,,https://petrichoor.com/web/product/medium/202509/740282d781372a6e2a68db206ec3f810.gif,,,,,"₩51,000","₩51,000",,,,,,260622,
petrichoor.com,false,,페트리코어,,,,,https://petrichoor.com/product/detail.html?product_no=4539,[💕컬러추가/단독] 파이 라운드 퍼프 셔링 긴팔 블라우스 (출근룩/플레어블라우스/라운드넥/코튼블라우스),,,https://petrichoor.com/web/product/medium/202509/64afc468c50fa03f7c98602fa5374442.gif,,,,,"₩48,500","₩48,500",,,,,,260622,
petrichoor.com,false,,페트리코어,,,,,https://petrichoor.com/product/detail.html?product_no=4530,[기장선택/S-2XL] 멀티 카고 커브드 코튼 팬츠(4color),,,https://petrichoor.com/web/product/medium/202508/244fe787a14d829a46d489ea314e50f0.gif,,,,,"₩46,000","₩46,000",,,,,,260622,
petrichoor.com,false,,페트리코어,,,,,https://petrichoor.com/product/detail.html?product_no=4529,헤이 데님 훌스커트 치마바지(2color),,,https://petrichoor.com/web/product/medium/202508/30bdd06cc62184c587660f6efe870b77.gif,,,,,"₩70,000","₩70,000",,,,,,260622,
petrichoor.com,false,,페트리코어,,,,,https://petrichoor.com/product/detail.html?product_no=4528,에든버러 프린팅 오버핏 맨투맨(3color),,,https://petrichoor.com/web/product/medium/202508/cc66e8d17cc1a1f812b40247f34765ab.gif,,,,,"₩62,500","₩62,500",,,,,,260622,
petrichoor.com,false,,페트리코어,,,,,https://petrichoor.com/product/detail.html?product_no=4527,캐피톨 프린팅 쭈리 맨투맨(2color),,,https://petrichoor.com/web/product/medium/202508/be375ed25eb68d408a37e16c54ca569b.gif,,,,,"₩60,500","₩60,500",,,,,,260622,
petrichoor.com,false,,페트리코어,,,,,https://petrichoor.com/product/detail.html?product_no=4525,로렌 타이 단추 블라우스(3color),,,https://petrichoor.com/web/product/medium/202508/dd1fefbd42e324d68809b60ab0026fd7.gif,,,,,"₩49,900","₩49,900",,,,,,260622,
petrichoor.com,false,,페트리코어,,,,,https://petrichoor.com/product/detail.html?product_no=4515,[MADE/당일출고🚀] 펜서 벌룬 와이드 데님 팬츠(light blue),,,https://petrichoor.com/web/product/medium/202603/1b4fc6da22a5c79ebc2616cc10b416ed.gif,,,,,"₩49,900","₩49,900",,,,,,260622,
petrichoor.com,false,,페트리코어,,,,,https://petrichoor.com/product/detail.html?product_no=4510,[기장선택/S-2XL] 빈티지 세미 부츠컷 데님 팬츠 (체형보정/플레어진/사계절데님),,,https://petrichoor.com/web/product/medium/202508/beb73b8d783c15d25dc320749d84c3d1.gif,,,,,"₩39,000","₩39,000",,,,,,260622,
petrichoor.com,false,,페트리코어,,,,,https://petrichoor.com/product/detail.html?product_no=4509,실키 옆트임 반팔 티셔츠 (3color),,,https://petrichoor.com/web/product/medium/202508/1c142736dcaffe9f7a83be2c297f24b4.gif,,,,,"₩21,500","₩21,500",,,,,,260622,
petrichoor.com,false,,페트리코어,,,,,https://petrichoor.com/product/detail.html?product_no=4506,[디즈니정품] 러브 미키 파자마 세트(ivory),,,https://petrichoor.com/web/product/medium/202508/42120f7dcb104c208ed33794ec40951f.gif,,,,,"₩64,400","₩64,400",,,,,,260622,
petrichoor.com,false,,페트리코어,,,,,https://petrichoor.com/product/detail.html?product_no=4500,러플 스트링 프릴 레이스 반팔 블라우스(3color),,,https://petrichoor.com/web/product/medium/202508/36d022d7fe5f4f0c52bf07c89bb28b38.gif,,,,,"₩60,500","₩60,500",,,,,,260622,
petrichoor.com,false,,페트리코어,,,,,https://petrichoor.com/product/detail.html?product_no=4499,[핏보장/기장선택] 에드 포켓 스트라이프 와이드 데님(3color),,,https://petrichoor.com/web/product/medium/202508/53868ed9b8c399a3063e281eb84f9a06.gif,,,,,"₩44,000","₩44,000",,,,,,260622,
petrichoor.com,false,,페트리코어,,,,,https://petrichoor.com/product/detail.html?product_no=4486,비치 나일론 빅 숄더백(4color),,,https://petrichoor.com/web/product/medium/202507/8a8007df162171dfaaeacf21eed33b71.gif,,,,,"₩49,900","₩49,900",,,,,,260622,
petrichoor.com,false,,페트리코어,,,,,https://petrichoor.com/product/detail.html?product_no=4482,모어 도트 셔링 베스트 레이어드 나시(3color),,,https://petrichoor.com/web/product/medium/202507/f344770555eed8275847851ee4acb7b9.gif,,,,,"₩44,000","₩44,000",,,,,,260622,
petrichoor.com,false,,페트리코어,,,,,https://petrichoor.com/product/detail.html?product_no=4479,[unisex] 선라이즈 프린팅 반팔 티셔츠(3color),,,https://petrichoor.com/web/product/medium/202507/3ee0d52b437460bbc14b94b273adb2a2.gif,,,,,"₩46,000","₩46,000",,,,,,260622,
petrichoor.com,false,,페트리코어,,,,,https://petrichoor.com/product/detail.html?product_no=4477,[여름교복템] 버튼 나일론 밴딩 프릴 와이드 팬츠 (여름슬랙스/쿨링소재/찰랑바지/레이온팬츠),,,https://petrichoor.com/web/product/medium/202507/426e28123a69fe4aeca9e413a14c8585.gif,,,,,"₩49,900","₩49,900",,,,,,260622,
petrichoor.com,false,,페트리코어,,,,,https://petrichoor.com/product/detail.html?product_no=4464,슬럽 골지 라운드 모달 나시 (레이어드/쫀득스판/부유방커버/슬리브리스),,,https://petrichoor.com/web/product/medium/202507/1d19daa6a87bbf06edf6f5c60136b144.gif,,,,,"₩27,000","₩27,000",,,,,,260622,
petrichoor.com,false,,페트리코어,,,,,https://petrichoor.com/product/detail.html?product_no=4463,플리 크롭 반팔 티셔츠(4color),,,https://petrichoor.com/web/product/medium/202507/0e1e13efca98bc7a9e324dc947014679.gif,,,,,"₩25,000","₩25,000",,,,,,260622,
petrichoor.com,false,,페트리코어,,,,,https://petrichoor.com/product/detail.html?product_no=4462,[단독] 글로우 텐셀 시스루 레이어드 롱 원피스(2color),,,https://petrichoor.com/web/product/medium/202507/7313589a7020344cbe32f4449581a753.gif,,,,,"₩41,000","₩41,000",,,,,,260622,
petrichoor.com,false,,페트리코어,,,,,https://petrichoor.com/product/detail.html?product_no=4458,포키 밴딩 카고 버뮤다 팬츠(4color),,,https://petrichoor.com/web/product/medium/202507/8546264d197ea7d60d8b77e0ac7156c5.gif,,,,,"₩39,000","₩39,000",,,,,,260622,
petrichoor.com,false,,페트리코어,,,,,https://petrichoor.com/product/detail.html?product_no=4454,샤틴 레이스 트랙 숏팬츠 (3color),,,https://petrichoor.com/web/product/medium/202507/8f8a76d1673389deef15a8a4139ee417.gif,,,,,"₩46,000","₩46,000",,,,,,260622,
petrichoor.com,false,,페트리코어,,,,,https://petrichoor.com/product/detail.html?product_no=4447,시티 루즈핏 반팔 티셔츠 (3color),,,https://petrichoor.com/web/product/medium/202507/b2630b58c693df4fbc214f64354a1899.gif,,,,,"₩48,000","₩48,000",,,,,,260622,
petrichoor.com,false,,페트리코어,,,,,https://petrichoor.com/product/detail.html?product_no=4440,헤브 레터링 오버핏 반팔티셔츠(3color),,,https://petrichoor.com/web/product/medium/202507/dfc625970622ac8879dfab677b84b6e4.gif,,,,,"₩25,000","₩25,000",,,,,,260622,
petrichoor.com,false,,페트리코어,,,,,https://petrichoor.com/product/detail.html?product_no=4439,크로셰 레이어드 니트 조끼(2color),,,https://petrichoor.com/web/product/medium/202507/1ade62b8e1a9055ecc69a049e57815e9.gif,,,,,"₩46,000","₩46,000",,,,,,260622,
petrichoor.com,false,,페트리코어,,,,,https://petrichoor.com/product/detail.html?product_no=4436,[🌊여름셔츠/단독] 워닛 체크 반팔 셔츠 (쿨소재/만능코디/체크남방/출근룩/휴가룩),,,https://petrichoor.com/web/product/medium/202507/b31b1d34779ba48fcaa61ad1c76804e1.gif,,,,,"₩37,000","₩37,000",,,,,,260622,
petrichoor.com,false,,페트리코어,,,,,https://petrichoor.com/product/detail.html?product_no=4432,[💙살안타템] 썸머 루즈핏 긴팔 요루 셔츠 (장마룩/페스티벌룩/린넨셔츠/여름셔츠),,,https://petrichoor.com/web/product/medium/202507/ed0431c8226c4fe8b9e0b63c5bdb1f88.gif,,,,,"₩46,000","₩46,000",,,,,,260622,
petrichoor.com,false,,페트리코어,,,,,https://petrichoor.com/product/detail.html?product_no=4428,핀터 오버롤 데님 미니 원피스 (멜빵원피스/멜빵치마/끈조절/휴가룩),,,https://petrichoor.com/web/product/medium/202507/e55f56e5359a7cff774a29c6857abef1.gif,,,,,"₩84,500","₩84,500",,,,,,260622,
petrichoor.com,false,,페트리코어,,,,,https://petrichoor.com/product/detail.html?product_no=4427,[🌴살안타템] 실키 텐셀 시스루 트임 오버핏 셔츠 (장마룩/여름셔츠/얇은셔츠/허리스트랩),,,https://petrichoor.com/web/product/medium/202506/656391f738af830aef7d72bc2933e15c.gif,,,,,"₩56,000","₩56,000",,,,,,260622,
petrichoor.com,false,,페트리코어,,,,,https://petrichoor.com/product/detail.html?product_no=4424,캔디 스트라이프 시어서커 숏팬츠 (장마룩/페스티벌룩/이지웨어/밴딩팬츠),,,https://petrichoor.com/web/product/medium/202506/1f6831d2308fe62cab98202554c9c2f3.gif,,,,,"₩48,000","₩48,000",,,,,,260622,
petrichoor.com,false,,페트리코어,,,,,https://petrichoor.com/product/detail.html?product_no=4409,[이염x/긴팔추가!] 더블진 리본 블라우스 (반팔•긴팔/일체형/레이어드/봄블라우스),,,https://petrichoor.com/web/product/medium/202509/24fe945f820a9980b54d45180ce2787d.gif,,,,,"₩45,000","₩45,000",,,,,,260622,
petrichoor.com,false,,페트리코어,,,,,https://petrichoor.com/product/detail.html?product_no=4391,[S-2XL] 플랩 버클 워싱 와이드 데님 팬츠 (허리조절/밑단스냅/여름청바지/사이드핀턱),,,https://petrichoor.com/web/product/medium/202506/4aa00ab4f44389c856c9584f50b754a9.gif,,,,,"₩44,500","₩44,500",,,,,,260622,
petrichoor.com,false,,페트리코어,,,,,https://petrichoor.com/product/detail.html?product_no=4390,코어 데님 버뮤다 하프 팬츠(2color),,,https://petrichoor.com/web/product/medium/202506/301230f2ce6dd43ca12334cd2697296f.gif,,,,,"₩44,000","₩44,000",,,,,,260622,
petrichoor.com,false,,페트리코어,,,,,https://petrichoor.com/product/detail.html?product_no=4387,[S-XL/속바지o] 우디 카고 미니 스커트(4color),,,https://petrichoor.com/web/product/medium/202506/754df826ca5788a0fe00ec66cdd38a92.gif,,,,,"₩39,000","₩39,000",,,,,,260622,
petrichoor.com,false,,페트리코어,,,,,https://petrichoor.com/product/detail.html?product_no=4376,[단독] 스트라이프 블라우스 캡소매 반팔 셔츠 (출근룩/여름셔츠/반팔셔츠),,,https://petrichoor.com/web/product/medium/202507/3c9d7c553c4c245af30b0e1f21821b52.gif,,,,,"₩39,000","₩39,000",,,,,,260622,
petrichoor.com,false,,페트리코어,,,,,https://petrichoor.com/product/detail.html?product_no=4358,커브드 코튼 절개 와이드 팬츠(3color),,,https://petrichoor.com/web/product/medium/202506/254648468da604d46db7cf4877851385.gif,,,,,"₩49,900","₩49,900",,,,,,260622,
petrichoor.com,false,,페트리코어,,,,,https://petrichoor.com/product/detail.html?product_no=4356,[여름셋업/세트구매o] 허쉬 반팔 자켓 & 뒷밴딩 숏팬츠(2color),,,https://petrichoor.com/web/product/medium/202506/314d8a0ad6e9db3d0fdda6c0933edb91.gif,,,,,"₩31,500","₩31,500",,,,,,260622,
petrichoor.com,false,,페트리코어,,,,,https://petrichoor.com/product/detail.html?product_no=4353,[🍀여름셔츠/단독/스크런치세트] 코튼 롤업 허리끈 반팔 셔츠 (랩셔츠/체형커버/출근룩/허리잘록),,,https://petrichoor.com/web/product/medium/202507/04b9aa240fafaf0cb7ba6b9a7dd51595.gif,,,,,"₩37,000","₩37,000",,,,,,260622,
petrichoor.com,false,,페트리코어,,,,,https://petrichoor.com/product/detail.html?product_no=4352,[💙여름/단독] 핀턱 밴딩 와이드 팬츠 (여름팬츠/찰랑/편한바지/밴딩슬랙스/체형커버),,,https://petrichoor.com/web/product/medium/202506/5b233841a775b8f5b030d60b916c2ed4.gif,,,,,"₩41,000","₩41,000",,,,,,260622,
petrichoor.com,false,,페트리코어,,,,,https://petrichoor.com/product/detail.html?product_no=4351,[💌하객룩/단독] 트임 랩 니트 티셔츠 (반팔•긴팔/여리핏/언발/트임니트),,,https://petrichoor.com/web/product/medium/202605/2ff9a477235f1bc87b1fa781b8748160.gif,,,,,"₩39,000","₩39,000",,,,,,260622,
petrichoor.com,false,,페트리코어,,,,,https://petrichoor.com/product/detail.html?product_no=4342,[고퀄리티] 스웨이드 버클 폴딩 쪼리 부츠(2color),,,https://petrichoor.com/web/product/medium/202505/df0b2010f8d6512c3e7defbe3d4c9300.gif,,,,,"₩80,500","₩80,500",,,,,,260622,
petrichoor.com,false,,페트리코어,,,,,https://petrichoor.com/product/detail.html?product_no=4341,투톤 라운드 플립플랍 쪼리 슬리퍼(3color),,,https://petrichoor.com/web/product/medium/202505/d3030c2585c25ba8fa14ec9bc0e72340.gif,,,,,"₩44,000","₩44,000",,,,,,260622,
petrichoor.com,false,,페트리코어,,,,,https://petrichoor.com/product/detail.html?product_no=4338,체크 투웨이 밴딩 팬츠(2color),,,https://petrichoor.com/web/product/medium/202505/a304af04e8644e3012e1529a48e7bb94.gif,,,,,"₩37,000","₩37,000",,,,,,260622,
petrichoor.com,false,,페트리코어,,,,,https://petrichoor.com/product/detail.html?product_no=4337,[💙3만장돌파/단독] 프릴 스트라이프 블라우스 (일체형/레이어드/반팔•긴팔/루즈핏),,,https://petrichoor.com/web/product/medium/202604/b786111baa9ee456a0ab9a813ab02352.gif,,,,,"₩46,000","₩46,000",,,,,,260622,
petrichoor.com,false,,페트리코어,,,,,https://petrichoor.com/product/detail.html?product_no=4333,[단독/최다코디!] 나일론 고프코어 경량 백팩(6color),,,https://petrichoor.com/web/product/medium/202505/d0ad2ae1292aa58edbbc092236650506.gif,,,,,"₩31,500","₩31,500",,,,,,260622,
petrichoor.com,false,,페트리코어,,,,,https://petrichoor.com/product/detail.html?product_no=4330,여름🌴 프레쉬 와이드 벌룬 생지 데님 팬츠(2color),,,https://petrichoor.com/web/product/medium/202505/eda460c63e5687aff11e3a49ee4810ce.gif,,,,,"₩46,000","₩46,000",,,,,,260622,
petrichoor.com,false,,페트리코어,,,,,https://petrichoor.com/product/detail.html?product_no=4316,밀리 세미크롭 코튼 반팔티셔츠(6color),,,https://petrichoor.com/web/product/medium/202505/ee2c7439392f91797df2c10c79fc20c1.gif,,,,,"₩27,000","₩27,000",,,,,,260622,
petrichoor.com,false,,페트리코어,,,,,https://petrichoor.com/product/detail.html?product_no=4315,퓨어 스트링 스판 롱스커트(3color),,,https://petrichoor.com/web/product/medium/202505/0434e5871b05a174f0d99b29224e068c.gif,,,,,"₩37,000","₩37,000",,,,,,260622,
petrichoor.com,false,,페트리코어,,,,,https://petrichoor.com/product/detail.html?product_no=4314,[여름기본티/쫀득스판!] 스탠다드 모달 반팔티셔츠(5color),,,https://petrichoor.com/web/product/medium/202505/8f733e07e5f59ac387de05b3004be7c7.gif,,,,,"₩27,000","₩27,000",,,,,,260622,
petrichoor.com,false,,페트리코어,,,,,https://petrichoor.com/product/detail.html?product_no=4309,1972 그래픽 링거 반팔티셔츠(3color),,,https://petrichoor.com/web/product/medium/202505/9cc2d6e27dfc206942b2e1c3c9ecf707.gif,,,,,"₩33,000","₩33,000",,,,,,260622,
petrichoor.com,false,,페트리코어,,,,,https://petrichoor.com/product/detail.html?product_no=4308,[🎨10컬러/여름니트] 미슈 린넨 브이넥 니트(10color),,,https://petrichoor.com/web/product/medium/202505/c964a21d5fa5e46001d2a6a736ede037.gif,,,,,"₩39,000","₩39,000",,,,,,260622,
petrichoor.com,false,,페트리코어,,,,,https://petrichoor.com/product/detail.html?product_no=4306,[단독] 핀치 펌킨 밴딩 롱스커트(3color),,,https://petrichoor.com/web/product/medium/202505/05159de4b29de87dde26ef34eead8af4.gif,,,,,"₩38,000","₩38,000",,,,,,260622,
petrichoor.com,false,,페트리코어,,,,,https://petrichoor.com/product/detail.html?product_no=4288,[🌴여름셔츠/살안타템] 린넨 오버핏 체크 남방(2color),,,https://petrichoor.com/web/product/medium/202505/59f69aca5b21680704a06141abb09409.gif,,,,,"₩30,000","₩30,000",,,,,,260622,
petrichoor.com,false,,페트리코어,,,,,https://petrichoor.com/product/detail.html?product_no=4283,🌴[아방핏/속바지내장] 펌킨 벌룬핏 데님스커트 (2color),,,https://petrichoor.com/web/product/medium/202505/dce70021808d1e5faf681dfa083d0972.gif,,,,,"₩37,900","₩37,900",,,,,,260622,
petrichoor.com,false,,페트리코어,,,,,https://petrichoor.com/product/detail.html?product_no=4282,[🍉여름가디건] 그릭 린넨 크롭 가디건(살안타템/햇빛차단/여름니트),,,https://petrichoor.com/web/product/medium/202505/fb7e6046f4f491f2c2b0c53014da1969.gif,,,,,"₩39,000","₩39,000",,,,,,260622,
petrichoor.com,false,,페트리코어,,,,,https://petrichoor.com/product/detail.html?product_no=4278,[여리핏🌹] 델리 허리끈 레글런 반팔티셔츠(4color),,,https://petrichoor.com/web/product/medium/202504/ff17fc837aad6721b36743d0c83b5dc7.gif,,,,,"₩39,000","₩39,000",,,,,,260622,
petrichoor.com,false,,페트리코어,,,,,https://petrichoor.com/product/detail.html?product_no=4276,[핏👍/만능코디] 워싱 데님 와이드 버뮤다팬츠(3color),,,https://petrichoor.com/web/product/medium/202504/928a5efe7862c5bb298a02b4db6b5333.gif,,,,,"₩41,000","₩41,000",,,,,,260622,
petrichoor.com,false,,페트리코어,,,,,https://petrichoor.com/product/detail.html?product_no=4275,[간절기/살안타템🌞] 덤보 시스루 바람막이 집업 점퍼(4color),,,https://petrichoor.com/web/product/medium/202504/bce80a9167010200b72b4aa7e3020484.gif,,,,,"₩37,000","₩37,000",,,,,,260622,
petrichoor.com,false,,페트리코어,,,,,https://petrichoor.com/product/detail.html?product_no=4273,후다 여름 빅메가 커브드 코튼 와이드 팬츠(2color),,,https://petrichoor.com/web/product/medium/202505/cb985944670da8118c49cba682d63432.gif,,,,,"₩46,000","₩46,000",,,,,,260622,
petrichoor.com,false,,페트리코어,,,,,https://petrichoor.com/product/detail.html?product_no=4271,워싱 롱 와이드 연청 데님팬츠,,,https://petrichoor.com/web/product/medium/202504/e7227901a336c9bf0c36ba643457683c.jpg,,,,,"₩60,500","₩60,500",,,,,,260622,
petrichoor.com,false,,페트리코어,,,,,https://petrichoor.com/product/detail.html?product_no=4270,스퀘어 셔링 뷔스티에 블라우스 (2color),,,https://petrichoor.com/web/product/medium/202504/b89a6bca30ddbce43240eb942328b52f.gif,,,,,"₩49,900","₩49,900",,,,,,260622,
petrichoor.com,false,,페트리코어,,,,,https://petrichoor.com/product/detail.html?product_no=4264,[속바지o] 레이스 코튼 밴딩 미니 스커트(2color),,,https://petrichoor.com/web/product/medium/202504/90dd8eb69e53b3967f27e14bfd34033e.gif,,,,,"₩49,900","₩49,900",,,,,,260622,
petrichoor.com,false,,페트리코어,,,,,https://petrichoor.com/product/detail.html?product_no=4253,[단독/여름니트🌴] 쇼어 단가라 반팔 니트 (시원한소재/세미크롭니트/반팔니트/스트라이프카라니트/얇은니트),,,https://petrichoor.com/web/product/medium/202505/7ee8a1e7c4560aa9c505f276268a7c46.gif,,,,,"₩31,500","₩31,500",,,,,,260622,
petrichoor.com,false,,페트리코어,,,,,https://petrichoor.com/product/detail.html?product_no=4252,오버핏 테니스 프린팅 반팔티셔츠(2color),,,https://petrichoor.com/web/product/medium/202504/60bc76df679e47bf703ff98c75418519.gif,,,,,"₩44,000","₩44,000",,,,,,260622,
petrichoor.com,false,,페트리코어,,,,,https://petrichoor.com/product/detail.html?product_no=4248,연시 라벨 브이넥 니트 가디건(7color),,,https://petrichoor.com/web/product/medium/202504/bd18096bad62e6c3a81650081bba82e0.gif,,,,,"₩33,000","₩33,000",,,,,,260622,
petrichoor.com,false,,페트리코어,,,,,https://petrichoor.com/product/detail.html?product_no=4244,[속바지o] 르보 셔링 뒷밴딩 미니 스커트(5color),,,https://petrichoor.com/web/product/medium/202504/b37e2fe6f6864d81189dab0e64c6d7e3.gif,,,,,"₩46,000","₩46,000",,,,,,260622,
petrichoor.com,false,,페트리코어,,,,,https://petrichoor.com/product/detail.html?product_no=4241,오버핏 딜라이트 레터링 반팔티셔츠(3color),,,https://petrichoor.com/web/product/medium/202504/e42f6a854f8f61f502b64ef162510976.gif,,,,,"₩37,500","₩37,500",,,,,,260622,
petrichoor.com,false,,페트리코어,,,,,https://petrichoor.com/product/detail.html?product_no=4240,MD추천! 여름화이트팬츠🤍 리버 코튼 절개라인 와이드 팬츠,,,https://petrichoor.com/web/product/medium/202504/6c7677b869c44b6f9a570cf180913faa.gif,,,,,"₩56,000","₩56,000",,,,,,260622,
petrichoor.com,false,,페트리코어,,,,,https://petrichoor.com/product/detail.html?product_no=4239,보부상백! 체크 숄더 크로스백(3color),,,https://petrichoor.com/web/product/medium/202505/08133134beba70b3a005e19d26fe4f1d.gif,,,,,"₩31,000","₩31,000",,,,,,260622,
petrichoor.com,false,,페트리코어,,,,,https://petrichoor.com/product/detail.html?product_no=4210,코코 단가라 오버핏 맨투맨 티셔츠(2color),,,https://petrichoor.com/web/product/medium/202504/8e9cb7a2b2be5f4a7ca47034d1e87b5c.gif,,,,,"₩53,900","₩53,900",,,,,,260622,
petrichoor.com,false,,페트리코어,,,,,https://petrichoor.com/product/detail.html?product_no=4208,홀터 뷔스티에 레이어드 골지 나시(3color),,,https://petrichoor.com/web/product/medium/202504/8d598c9e376d7afdf905fdc187c992a2.gif,,,,,"₩30,000","₩30,000",,,,,,260622,
petrichoor.com,false,,페트리코어,,,,,https://petrichoor.com/product/detail.html?product_no=4204,도트 땡땡이 뒷밴딩 쉬폰 미디 스커트(2color),,,https://petrichoor.com/web/product/medium/202602/d526fba841c76d1e6c7d1774361a7ef7.gif,,,,,"₩46,000","₩46,000",,,,,,260622,
petrichoor.com,false,,페트리코어,,,,,https://petrichoor.com/product/detail.html?product_no=4202,오버핏 히든 스트라이프 긴팔티셔츠(2color),,,https://petrichoor.com/web/product/medium/202504/c7954967395eff29dbeff862fdebcb20.gif,,,,,"₩46,000","₩46,000",,,,,,260622,
petrichoor.com,false,,페트리코어,,,,,https://petrichoor.com/product/detail.html?product_no=4201,미트 핀턱 코튼 반바지 하프 숏팬츠(3color),,,https://petrichoor.com/web/product/medium/202504/fb5d7298b67490cd196b2ac045e0c7a1.gif,,,,,"₩58,500","₩58,500",,,,,,260622,
petrichoor.com,false,,페트리코어,,,,,https://petrichoor.com/product/detail.html?product_no=4198,봄신상🌸 미카 포켓 데님 셔츠(4color),,,https://petrichoor.com/web/product/medium/202504/0dfcdd0e8ceb9586520aeda829369f82.gif,,,,,"₩36,000","₩36,000",,,,,,260622,
petrichoor.com,false,,페트리코어,,,,,https://petrichoor.com/product/detail.html?product_no=4196,남녀공용! 로스 단가라 긴팔티셔츠(5color),,,https://petrichoor.com/web/product/medium/202504/ad794d59057561d6c24fab1ef4971aee.gif,,,,,"₩56,000","₩56,000",,,,,,260622,
petrichoor.com,false,,페트리코어,,,,,https://petrichoor.com/product/detail.html?product_no=4193,남녀공용! 아워 나일론 바람막이 집업 점퍼(4color),,,https://petrichoor.com/web/product/medium/202504/b821cd848ae74bee25d48c62ce65be72.gif,,,,,"₩128,000","₩128,000",,,,,,260622,
petrichoor.com,false,,페트리코어,,,,,https://petrichoor.com/product/detail.html?product_no=4188,에센셜 크롭 모달 라운드넥 반팔티셔츠(5color),,,https://petrichoor.com/web/product/medium/202504/51d1bdca0591f51a65b6ffa61398a83b.gif,,,,,"₩33,000","₩33,000",,,,,,260622,
petrichoor.com,false,,페트리코어,,,,,https://petrichoor.com/product/detail.html?product_no=4185,[S-XL] 라운지 코튼 와이드 롱 팬츠(4color),,,https://petrichoor.com/web/product/medium/202503/1db6a61cd85f162a09c1f6f7ab162a05.gif,,,,,"₩44,000","₩44,000",,,,,,260622,
petrichoor.com,false,,페트리코어,,,,,https://petrichoor.com/product/detail.html?product_no=4184,다이아 펀칭 브이넥 린넨 니트(2color),,,https://petrichoor.com/web/product/medium/202503/06124cde6543af17d1719c09fedddd6b.gif,,,,,"₩70,000","₩70,000",,,,,,260622,
petrichoor.com,false,,페트리코어,,,,,https://petrichoor.com/product/detail.html?product_no=4183,오레오 코튼 와이드 팬츠(2color),,,https://petrichoor.com/web/product/medium/202503/e8541277d4bf43183e5771c290b9d346.gif,,,,,"₩37,500","₩37,500",,,,,,260622,
petrichoor.com,false,,페트리코어,,,,,https://petrichoor.com/product/detail.html?product_no=4181,라엘 브이넥 롱 오버핏 니트(4color),,,https://petrichoor.com/web/product/medium/202503/1a33c2777a1f3c6c1ecd9354d93bc709.gif,,,,,"₩44,000","₩44,000",,,,,,260622,
petrichoor.com,false,,페트리코어,,,,,https://petrichoor.com/product/detail.html?product_no=4180,보부상추천🍂 모카무스 데일리 스웨이드 빅 숄더백 (하객룩/빅사이즈/가을),,,https://petrichoor.com/web/product/medium/202503/34fa7b429850f4ca5f7e6bc6e0a0a6bc.gif,,,,,"₩35,500","₩35,500",,,,,,260622,
petrichoor.com,false,,페트리코어,,,,,https://petrichoor.com/product/detail.html?product_no=4177,여리핏💖 골지 스퀘어넥 크롭 반팔티셔츠(4color),,,https://petrichoor.com/web/product/medium/202503/8131549862432b7d481ae28861dbd3a5.gif,,,,,"₩23,000","₩23,000",,,,,,260622,
petrichoor.com,false,,페트리코어,,,,,https://petrichoor.com/product/detail.html?product_no=4173,도트 프릴 바람막이 점퍼 (2color),,,https://petrichoor.com/web/product/medium/202602/3d25f12d4b2b8e513f5878a7a2464ee0.gif,,,,,"₩83,500","₩83,500",,,,,,260622,
petrichoor.com,false,,페트리코어,,,,,https://petrichoor.com/product/detail.html?product_no=4168,일체형 단가라 레이어드 코튼 가디건(2color),,,https://petrichoor.com/web/product/medium/202503/df56ba3ebf3fb1a16940b6b8627738f6.gif,,,,,"₩35,500","₩35,500",,,,,,260622,
petrichoor.com,false,,페트리코어,,,,,https://petrichoor.com/product/detail.html?product_no=4167,모아 로고참 투웨이 크로스백(black),,,https://petrichoor.com/web/product/medium/202503/e79a95e119a51f2b6ee34706bdf1d78d.gif,,,,,"₩37,500","₩37,500",,,,,,260622,
petrichoor.com,false,,페트리코어,,,,,https://petrichoor.com/product/detail.html?product_no=4166,오버핏 스트라이프 레이어드 롱슬리브(3color),,,https://petrichoor.com/web/product/medium/202503/412fedbd3c31de7e1aed465d1e95ef86.gif,,,,,"₩44,000","₩44,000",,,,,,260622,
petrichoor.com,false,,페트리코어,,,,,https://petrichoor.com/product/detail.html?product_no=4165,간절기아우터✨ 투웨이 글로시 후드 바람막이 점퍼(4color),,,https://petrichoor.com/web/product/medium/202503/cc0e4c74e34c7aa63a0f368049a97627.gif,,,,,"₩60,500","₩60,500",,,,,,260622,
petrichoor.com,false,,페트리코어,,,,,https://petrichoor.com/product/detail.html?product_no=4155,[숏&기본&롱/S-2XL] 플러피 투핀턱 비조 와이드 슬랙스(4color),,,https://petrichoor.com/web/product/medium/202503/5ad7a6d4947f163cf054c2b92179e947.gif,,,,,"₩41,000","₩41,000",,,,,,260622,
petrichoor.com,false,,페트리코어,,,,,https://petrichoor.com/product/detail.html?product_no=4149,[SET] 플랫 루즈핏 브이넥 합포 맨투맨 + 토퍼 투웨이 카고팬츠,,,https://petrichoor.com/web/product/medium/202503/38ffcf88c0074e6ba2764b35b43b8464.jpg,,,,,"₩69,000","₩69,000",,,,,,260622,
petrichoor.com,false,,페트리코어,,,,,https://petrichoor.com/product/detail.html?product_no=4147,[SET] 또띠아 후드 야상 점퍼 + 프렌즈 뒷밴딩 플리츠 미디스커트,,,https://petrichoor.com/web/product/medium/202503/271478d4ae7724788f7b50ca156e56cf.jpg,,,,,"₩81,380","₩81,380",,,,,,260622,
petrichoor.com,false,,페트리코어,,,,,https://petrichoor.com/product/detail.html?product_no=4142,[SET] 모달 크롭 반팔티 + 워크 코튼 밴딩 와이드팬츠,,,https://petrichoor.com/web/product/medium/202503/1bb680826b219a97665abb45d09da245.jpg,,,,,"₩48,750","₩48,750",,,,,,260622,
petrichoor.com,false,,페트리코어,,,,,https://petrichoor.com/product/detail.html?product_no=4141,[SET] 모달 크롭 반팔티 + 브러쉬 워싱 카고 와이드 데님,,,https://petrichoor.com/web/product/medium/202503/6d4b5f7cab4341cf33cfe83345d9dd03.jpg,,,,,"₩47,930","₩47,930",,,,,,260622,
petrichoor.com,false,,페트리코어,,,,,https://petrichoor.com/product/detail.html?product_no=3904,[주문폭주/당일출고] 엘가 라운드 세미크롭 니트 가디건 (라운드/간절기/보라색가디건/봄•가을),,,https://petrichoor.com/web/product/medium/202502/d2fb735bed9109362edf5f3e3fc2a21f.gif,,,,,"₩39,000","₩39,000",,,,,,260622,
petrichoor.com,false,,페트리코어,,,,,https://petrichoor.com/product/detail.html?product_no=3890,데어갓 레터링 모헤어 오버 니트(5color),,,https://petrichoor.com/web/product/medium/202501/7e5ac19f3b758c16f62c35eb1d047d5f.gif,,,,,"₩60,500","₩60,500",,,,,,260622,
petrichoor.com,false,,페트리코어,,,,,https://petrichoor.com/product/detail.html?product_no=3873,기모선택! 코듀로이 워크 투턱 밴딩 와이드팬츠(3color),,,https://petrichoor.com/web/product/medium/202501/c7c457fe855f0b3c1d60eb22f72a68d2.gif,,,,,"₩41,000","₩41,000",,,,,,260622,
petrichoor.com,false,,페트리코어,,,,,https://petrichoor.com/product/detail.html?product_no=3869,루즈핏 기모 체크 셔츠 남방 (10color),,,https://petrichoor.com/web/product/medium/202501/e7ad65b33ea1f71c97e6045d796acb64.gif,,,,,"₩37,000","₩37,000",,,,,,260622,
petrichoor.com,false,,페트리코어,,,,,https://petrichoor.com/product/detail.html?product_no=3802,데일리 기모 후드& 밴딩 조거팬츠 셋업 (6color),,,https://petrichoor.com/web/product/medium/202412/66d0aa1484d4db2f155e6c2f502ff48f.gif,,,,,"₩51,500","₩51,500",,,,,,260622,
petrichoor.com,false,,페트리코어,,,,,https://petrichoor.com/product/detail.html?product_no=3751,당일발송🚀 오리털100 후드 경량 패딩 (남녀공용/파우치세트/덕다운),,,https://petrichoor.com/web/product/medium/202510/b2339f30909d5496d4bd0203926d7a35.gif,,,,,"₩44,000","₩44,000",,,,,,260622,
petrichoor.com,false,,페트리코어,,,,,https://petrichoor.com/product/detail.html?product_no=3720,[당일출고🚀] 기모 골덴 후드&투웨이 밴딩 팬츠 셋업 (3color),,,https://petrichoor.com/web/product/medium/202601/4030448405d6e25f7170bc98a168f15a.gif,,,,,"₩51,500","₩51,500",,,,,,260622,
petrichoor.com,false,,페트리코어,,,,,https://petrichoor.com/product/detail.html?product_no=3608,심플 레터링 핀턱 조거 팬츠(3color),,,https://petrichoor.com/web/product/medium/202412/ae4bf38983a278b3b64af1c2dc88e3cc.gif,,,,,"₩44,000","₩44,000",,,,,,260622,
petrichoor.com,false,,페트리코어,,,,,https://petrichoor.com/product/detail.html?product_no=3607,오버핏 심플 레터링 후드티셔츠(3color),,,https://petrichoor.com/web/product/medium/202412/1271757aa5b6a0c2c9a767428d64c077.gif,,,,,"₩44,000","₩44,000",,,,,,260622,
petrichoor.com,false,,페트리코어,,,,,https://petrichoor.com/product/detail.html?product_no=3599,사이드턱 스트링 투웨이 밴딩 팬츠(6color),,,https://petrichoor.com/web/product/medium/202409/8dacb766716e46067ba1d439b231026e.gif,,,,,"₩49,900","₩49,900",,,,,,260622,
petrichoor.com,false,,페트리코어,,,,,https://petrichoor.com/product/detail.html?product_no=3555,[🌸봄블라우스] [단독/극찬후기🥇] 스트라이프 브이넥 타이 블라우스 (하객룩블라우스/하객룩/체형커버),,,https://petrichoor.com/web/product/medium/202410/de2b37e1c25613389ef5157134b75c20.gif,,,,,"₩40,000","₩40,000",,,,,,260622,
petrichoor.com,false,,페트리코어,,,,,https://petrichoor.com/product/detail.html?product_no=3550,스웨이드 밴딩 숏팬츠(2color),,,https://petrichoor.com/web/product/medium/202409/3d410360ff82621bed9dcee1062e91b4.gif,,,,,"₩35,500","₩35,500",,,,,,260622,
petrichoor.com,false,,페트리코어,,,,,https://petrichoor.com/product/detail.html?product_no=3546,트윌 카라 크롭 블루종 점퍼 (3color),,,https://petrichoor.com/web/product/medium/202410/2f0359a6463e31fe6a7aa93af40118ec.gif,,,,,"₩89,000","₩89,000",,,,,,260622,
petrichoor.com,false,,페트리코어,,,,,https://petrichoor.com/product/detail.html?product_no=3529,[당일출고] 레글런 돌돌이 울 라운드 니트 옐로우,,,https://petrichoor.com/web/product/medium/202409/70382da5fcb8b95417d7b64fb7543231.gif,,,,,"₩37,000","₩37,000",,,,,,260622,
petrichoor.com,false,,페트리코어,,,,,https://petrichoor.com/product/detail.html?product_no=3145,언노운 블록 피그먼트 오버핏 반팔 티셔츠 (2color),,,https://petrichoor.com/web/product/medium/202406/6e9c24e581c05a9547f8eae857baf5b8.gif,,,,,"₩31,000","₩31,000",,,,,,260622,
petrichoor.com,false,,페트리코어,,,,,https://petrichoor.com/product/detail.html?product_no=3092,카고 7부 밴딩 리얼 버뮤다팬츠 (6color),,,https://petrichoor.com/web/product/medium/202405/215f7b5d866439cd92cc17cb600377f0.gif,,,,,"₩46,000","₩46,000",,,,,,260622,
petrichoor.com,false,,페트리코어,,,,,https://petrichoor.com/product/detail.html?product_no=3062,보부상백 빈티지 버클 투웨이 숄더백 (khaki),,,https://petrichoor.com/web/product/medium/202509/37658b1c443e0f2fd3e903bc17f00cbd.gif,,,,,"₩44,000","₩44,000",,,,,,260622,
petrichoor.com,false,,페트리코어,,,,,https://petrichoor.com/product/detail.html?product_no=3054,[1+1 추가할인] 당일출고! 데님 원턱 버뮤다 팬츠 (3color),,,https://petrichoor.com/web/product/medium/202505/726dab1e2d1edd2959a30e37ca281084.gif,,,,,"₩31,500","₩31,500",,,,,,260622,
petrichoor.com,false,,페트리코어,,,,,https://petrichoor.com/product/detail.html?product_no=2919,지니 카고 스트링 트레이닝 팬츠 (8color),,,https://petrichoor.com/web/product/medium/202404/ca674f3c2e6083a537c3a5043de40fb0.gif,,,,,"₩46,000","₩46,000",,,,,,260622,
petrichoor.com,false,,페트리코어,,,,,https://petrichoor.com/product/detail.html?product_no=2853,뒷모습포인트💖 백슬릿 크롭 반팔티셔츠 (4color),,,https://petrichoor.com/web/product/medium/202407/78a09c35e3d47a41bd6466b361d5245e.gif,,,,,"₩25,000","₩25,000",,,,,,260622,
petrichoor.com,false,,페트리코어,,,,,https://petrichoor.com/product/detail.html?product_no=2845,하이웨스트 3부 데님 반바지,,,https://petrichoor.com/web/product/medium/202403/9570bd4490bc5a7f6221518f7f8bc2d7.gif,,,,,"₩44,000","₩44,000",,,,,,260622,
petrichoor.com,false,,페트리코어,,,,,https://petrichoor.com/product/detail.html?product_no=2764,로우 밴딩 메리제인 플랫 (4color),,,https://petrichoor.com/web/product/medium/202402/7cf05c0508d6d4bda982d221a0f345a4.gif,,,,,"₩59,900","₩59,900",,,,,,260622,
petrichoor.com,false,,페트리코어,,,,,https://petrichoor.com/product/detail.html?product_no=2380,누적2000장🏅코튼 밴딩 3부 반바지 - 8color [탄탄한소재/여름/여유있는사이즈],,,https://petrichoor.com/web/product/medium/202406/adbd8cd6bcf05b97ff09fb10a7e3af81.gif,,,,,"₩27,000","₩27,000",,,,,,260622,
petrichoor.com,false,,페트리코어,,,,,https://petrichoor.com/product/detail.html?product_no=2373,스톤 밴딩 카고 와이드팬츠 (7color),,,https://petrichoor.com/web/product/medium/202503/f57d853c20636a723a31d70a8b15fbf2.gif,,,,,"₩44,000","₩44,000",,,,,,260622,
petrichoor.com,false,,페트리코어,,,,,https://petrichoor.com/product/detail.html?product_no=2169,[추가할인✨] 양털 박시 깔깔이 점퍼 (후리스/얼리윈터/빅사이즈/임부복),,,https://petrichoor.com/web/product/medium/202411/5b6201f6ade66f7314a9d75f2efc523a.gif,,,,,"₩43,000","₩43,000",,,,,,260622,
petrichoor.com,false,,페트리코어,,,,,https://petrichoor.com/product/detail.html?product_no=4152,[SET] 레누아 레글런 니트 + 텐더 사이드포켓 올밴딩 슬랙스,,,https://petrichoor.com/web/product/medium/202503/37dc701cf2e6e1764df25fe7c447540e.jpg,,,,,"₩68,630","₩68,630",,,,,,260622,
petrichoor.com,false,,페트리코어,,,,,https://petrichoor.com/product/detail.html?product_no=3414,오버핏 데일리 무지 반팔 티셔츠(8color),,,https://petrichoor.com/web/product/medium/202408/9545fdb85fe156c77f6c9fb6add13652.gif,,,,,"₩23,000","₩23,000",,,,,,260622,
petrichoor.com,false,,페트리코어,,,,,https://petrichoor.com/product/detail.html?product_no=3353,논페이드 린넨 데님 뒷트임 나시 (3color),,,https://petrichoor.com/web/product/medium/202407/49efc81e8606f1ccc7fa8ba9bdf26864.gif,,,,,"₩33,000","₩33,000",,,,,,260622,
petrichoor.com,false,,페트리코어,,,,,https://petrichoor.com/product/detail.html?product_no=3184,아크로 레터링 오버핏 반팔 티셔츠 (4color),,,https://petrichoor.com/web/product/medium/202406/2cb42d51db06dfd719ac459241c50df8.gif,,,,,"₩25,000","₩25,000",,,,,,260622,
petrichoor.com,false,,페트리코어,,,,,https://petrichoor.com/product/detail.html?product_no=4882,헤비 울 니트 투웨이 후드 집업 가디건 (2color),,,https://petrichoor.com/web/product/medium/202512/df143ccdf389a363a57eb7d3abccc570.gif,,,,,"₩58,500","₩58,500",,,,,,260622,
petrichoor.com,false,,페트리코어,,,,,https://petrichoor.com/product/detail.html?product_no=4662,[단독] 리안 뒷밴딩 체크 미디 스커트 (안감o/플리츠스커트/체형커버),,,https://petrichoor.com/web/product/medium/202510/dd4b6211c24eb72502299255c58a313c.gif,,,,,"₩50,000","₩50,000",,,,,,260622,
