platform,is_ranking,rank,brand,brand_likes,main_category,category,gender,product_detail_url,product_name,color,color_chip,thumbnail,likes,views,details,material,current_price,regular_price,discount_rate,rating,reviews,sales,manufacture_date,crawled_at,reorder
,false,,망고매니플리즈,,,전체,,https://mangomanyplease.com/product/detail.html?product_no=4957,NEFF GLITTER CROP KNIT_CHAMPAGNE,,,https://mangomanyplease.com/web/product/medium/202605/47b5e051597d4d998511ac21b93bdf84.jpg,,,,,,"₩125,000",,,,,,260626,
,false,,망고매니플리즈,,,전체,,https://mangomanyplease.com/product/detail.html?product_no=4956,NEFF GLITTER SKIRT_CHAMPAGNE,,,https://mangomanyplease.com/web/product/medium/202605/acdfff1de347dfb172aaafded4ad03c7.jpg,,,,,,"₩149,000",,,,,,260626,
,false,,망고매니플리즈,,,전체,,https://mangomanyplease.com/product/detail.html?product_no=4962,BAMBI FLORAL BLOUSE_BLACK,,,https://mangomanyplease.com/web/product/medium/202605/08d50929524afb3add3400ef88ecb16b.jpg,,,,,,"₩99,000",,,,,,260626,
,false,,망고매니플리즈,,,전체,,https://mangomanyplease.com/product/detail.html?product_no=4961,BAMBI FLORAL SKIRT_BLACK,,,https://mangomanyplease.com/web/product/medium/202605/415331745a17f32d29928f9e4be0425b.jpg,,,,,,"₩119,000",,,,,,260626,
,false,,망고매니플리즈,,,전체,,https://mangomanyplease.com/product/detail.html?product_no=4948,DASHA FRILL SLEEVELESS_IVORY,,,https://mangomanyplease.com/web/product/medium/202605/18671eeebffebc8de55ca51084f40152.jpg,,,,,,"₩119,000",,,,,,260626,
,false,,망고매니플리즈,,,전체,,https://mangomanyplease.com/product/detail.html?product_no=4947,DASHA FRILL SLEEVELESS_CREAMY YELLOW,,,https://mangomanyplease.com/web/product/medium/202605/948ea76552bdb828da62312f69768e47.jpg,,,,,,"₩119,000",,,,,,260626,
,false,,망고매니플리즈,,,전체,,https://mangomanyplease.com/product/detail.html?product_no=4960,SAHARA KNIT BUSTIER_IVORY,,,https://mangomanyplease.com/web/product/medium/202605/e8ed036003fd57879ee9f3492bb19cbd.jpg,,,,,,"₩89,000",,,,,,260626,
,false,,망고매니플리즈,,,전체,,https://mangomanyplease.com/product/detail.html?product_no=4959,SAHARA KNIT BUSTIER_NATURAL,,,https://mangomanyplease.com/web/product/medium/202605/825f272e8c6131588d0450a1d9bc01ad.jpg,,,,,,"₩89,000",,,,,,260626,
,false,,망고매니플리즈,,,전체,,https://mangomanyplease.com/product/detail.html?product_no=4958,SAHARA KNIT BUSTIER_CHARCOAL,,,https://mangomanyplease.com/web/product/medium/202605/347376d4d108d0014b6dc260cb78f815.jpg,,,,,,"₩89,000",,,,,,260626,
,false,,망고매니플리즈,,,전체,,https://mangomanyplease.com/product/detail.html?product_no=4950,SHERRY SHIRRING ONE PIECE_IVORY STRIPE,,,https://mangomanyplease.com/web/product/medium/202605/a59752835b6d484d88a1bfa1207af55a.jpg,,,,,,"₩189,000",,,,,,260626,
,false,,망고매니플리즈,,,전체,,https://mangomanyplease.com/product/detail.html?product_no=4949,SHERRY SHIRRING ONE PIECE_BLACK,,,https://mangomanyplease.com/web/product/medium/202605/af8dada399d323e8f4c5469dbc18bfdd.jpg,,,,,,"₩189,000",,,,,,260626,
,false,,망고매니플리즈,,,전체,,https://mangomanyplease.com/product/detail.html?product_no=4964,BRIDGE COTTON ONE PIECE_PURE IVORY,,,https://mangomanyplease.com/web/product/medium/202605/3c4fce04da97db778acd14287a71bc00.jpg,,,,,,"₩199,000",,,,,,260626,
,false,,망고매니플리즈,,,전체,,https://mangomanyplease.com/product/detail.html?product_no=4963,BRIDGE COTTON ONE PIECE_BLACK,,,https://mangomanyplease.com/web/product/medium/202605/74273322014a41223fb8151029c721ac.jpg,,,,,,"₩199,000",,,,,,260626,
,false,,망고매니플리즈,,,전체,,https://mangomanyplease.com/product/detail.html?product_no=4967,SORBI BANDING SHORTS_WHITE,,,https://mangomanyplease.com/web/product/medium/202605/eb68faf310a56a95f8aadccd8be30df6.jpg,,,,,,"₩109,000",,,,,,260626,
,false,,망고매니플리즈,,,전체,,https://mangomanyplease.com/product/detail.html?product_no=4966,SORBI BANDING SHORTS_LIGHT PINK,,,https://mangomanyplease.com/web/product/medium/202605/b9338bc95d8343d80012b32864722802.jpg,,,,,,"₩109,000",,,,,,260626,
,false,,망고매니플리즈,,,전체,,https://mangomanyplease.com/product/detail.html?product_no=4965,SORBI BANDING SHORTS_BLACK,,,https://mangomanyplease.com/web/product/medium/202605/72c023302b0be58b1e0a988351032288.jpg,,,,,,"₩109,000",,,,,,260626,
,false,,망고매니플리즈,,,전체,,https://mangomanyplease.com/product/detail.html?product_no=4953,OASIS KNIT SHORTS_CREAM,,,https://mangomanyplease.com/web/product/medium/202605/53ca1c4c63950c9979a8870261148782.jpg,,,,,,"₩99,000",,,,,,260626,
,false,,망고매니플리즈,,,전체,,https://mangomanyplease.com/product/detail.html?product_no=4952,OASIS KNIT SHORTS_RED,,,https://mangomanyplease.com/web/product/medium/202605/ffcddc7bd4ceec3439e37b06fa927076.jpg,,,,,,"₩99,000",,,,,,260626,
,false,,망고매니플리즈,,,전체,,https://mangomanyplease.com/product/detail.html?product_no=4951,OASIS KNIT SHORTS_BLACK,,,https://mangomanyplease.com/web/product/medium/202605/eb8e6d4b80b2768200f3e7cde1ad3b3e.jpg,,,,,,"₩99,000",,,,,,260626,
,false,,망고매니플리즈,,,전체,,https://mangomanyplease.com/product/detail.html?product_no=4955,KASIS CROCHET SWIMSUIT_NATURAL,,,https://mangomanyplease.com/web/product/medium/202605/6aaadc69e4cd8a110ffee59066573de5.jpg,,,,,,"₩149,000",,,,,,260626,
,false,,망고매니플리즈,,,전체,,https://mangomanyplease.com/product/detail.html?product_no=4954,KASIS CROCHET SWIMSUIT_BLACK,,,https://mangomanyplease.com/web/product/medium/202605/292f0f7787a5d5c58dffb5bb6fde8807.jpg,,,,,,"₩149,000",,,,,,260626,
,false,,망고매니플리즈,,,전체,,https://mangomanyplease.com/product/detail.html?product_no=4972,JELLY CLAW CLIP_LIME,,,https://mangomanyplease.com/web/product/medium/202605/8261add04a5f32978f373e6776327ef7.jpg,,,,,,"₩39,000",,,,,,260626,
,false,,망고매니플리즈,,,전체,,https://mangomanyplease.com/product/detail.html?product_no=4970,JELLY CLAW CLIP_OPAL WHITE,,,https://mangomanyplease.com/web/product/medium/202605/dc6e41ce058036f72336ead995f27613.jpg,,,,,,"₩39,000",,,,,,260626,
,false,,망고매니플리즈,,,전체,,https://mangomanyplease.com/product/detail.html?product_no=4971,JELLY CLAW CLIP_POWDER BLUE,,,https://mangomanyplease.com/web/product/medium/202605/20ae8268f4e90d4701fa940259802c18.jpg,,,,,,"₩39,000",,,,,,260626,
,false,,망고매니플리즈,,,전체,,https://mangomanyplease.com/product/detail.html?product_no=4969,CRINKLE SCRUNCHIE_PEARL WHITE,,,https://mangomanyplease.com/web/product/medium/202605/e3174498c0d6cd84a81722f3aa2e26a9.jpg,,,,,,"₩25,000",,,,,,260626,
,false,,망고매니플리즈,,,전체,,https://mangomanyplease.com/product/detail.html?product_no=4968,CRINKLE SCRUNCHIE_PEARL OLIVE,,,https://mangomanyplease.com/web/product/medium/202605/fe591791d41259bfaed01fd93443f4e4.jpg,,,,,,"₩25,000",,,,,,260626,
,false,,망고매니플리즈,,,전체,,https://mangomanyplease.com/product/detail.html?product_no=4980,[ROUTINE] CAMPA SLEEVELESS_IVORY,,,https://mangomanyplease.com/web/product/medium/202605/4bb35c64aea182f8bc146a0029755836.jpg,,,,,,"₩39,000",,,,,,260626,
,false,,망고매니플리즈,,,전체,,https://mangomanyplease.com/product/detail.html?product_no=4979,[ROUTINE] CAMPA SLEEVELESS_MELANGE GREY,,,https://mangomanyplease.com/web/product/medium/202605/33e7f228ba88740a5530275ba25ca4ee.jpg,,,,,,"₩39,000",,,,,,260626,
,false,,망고매니플리즈,,,전체,,https://mangomanyplease.com/product/detail.html?product_no=4978,[ROUTINE] CAMPA SLEEVELESS_CREAMY LEMON,,,https://mangomanyplease.com/web/product/medium/202605/52a7e2a6824217fec329492867a95de6.jpg,,,,,,"₩39,000",,,,,,260626,
,false,,망고매니플리즈,,,전체,,https://mangomanyplease.com/product/detail.html?product_no=4977,[ROUTINE] CAMPA SLEEVELESS_LIGHT GREEN,,,https://mangomanyplease.com/web/product/medium/202605/4be51d617d8eb7884739fcbd90d97e60.jpg,,,,,,"₩39,000",,,,,,260626,
,false,,망고매니플리즈,,,전체,,https://mangomanyplease.com/product/detail.html?product_no=4976,[ROUTINE] CAMPA SLEEVELESS_SEA BLUE,,,https://mangomanyplease.com/web/product/medium/202605/7e3b1f3092dbe71739efcb81698e5656.jpg,,,,,,"₩39,000",,,,,,260626,
,false,,망고매니플리즈,,,전체,,https://mangomanyplease.com/product/detail.html?product_no=4975,[ROUTINE] CAMPA SLEEVELESS_PLUM,,,https://mangomanyplease.com/web/product/medium/202605/dd0b9eb77340c05c337381f81cc98398.jpg,,,,,,"₩39,000",,,,,,260626,
,false,,망고매니플리즈,,,전체,,https://mangomanyplease.com/product/detail.html?product_no=4974,[ROUTINE] CAMPA SLEEVELESS_RED,,,https://mangomanyplease.com/web/product/medium/202605/4b363bba2886f3f3e7593fd9cda452cb.jpg,,,,,,"₩39,000",,,,,,260626,
,false,,망고매니플리즈,,,전체,,https://mangomanyplease.com/product/detail.html?product_no=4973,[ROUTINE] CAMPA SLEEVELESS_BLACK,,,https://mangomanyplease.com/web/product/medium/202605/4f102dceb502c8df8be6387cf23d56f1.jpg,,,,,,"₩39,000",,,,,,260626,
,false,,망고매니플리즈,,,전체,,https://mangomanyplease.com/product/detail.html?product_no=4981,[ROUTINE] CAMPA SLEEVELESS_3PACK,,,https://mangomanyplease.com/web/product/medium/202605/c1580b2b471107d9500e0cb308fec796.jpg,,,,,,"₩117,000",,,,,,260626,
,false,,망고매니플리즈,,,전체,,https://mangomanyplease.com/product/detail.html?product_no=4945,NEFF KNIT SLEEVELESS_IVORY,,,https://mangomanyplease.com/web/product/medium/202605/04297f8997c490e7e21de2a4c885f5fa.jpg,,,,,,"₩95,000",,,,,,260626,
,false,,망고매니플리즈,,,전체,,https://mangomanyplease.com/product/detail.html?product_no=4944,NEFF KNIT SLEEVELESS_VANILLA,,,https://mangomanyplease.com/web/product/medium/202605/894839f24616dbfac93a1630f7c6deb7.jpg,,,,,,"₩95,000",,,,,,260626,
,false,,망고매니플리즈,,,전체,,https://mangomanyplease.com/product/detail.html?product_no=4943,NEFF KNIT SLEEVELESS_CHARCOAL,,,https://mangomanyplease.com/web/product/medium/202605/256be849db84ae76a278985259f673c5.jpg,,,,,,"₩95,000",,,,,,260626,
,false,,망고매니플리즈,,,전체,,https://mangomanyplease.com/product/detail.html?product_no=4924,WISH PUNCHING BLOUSE_WHITE,,,https://mangomanyplease.com/web/product/medium/202605/a29e86a749dffe25fa73ee66e7c55a3d.jpg,,,,,,"₩119,000",,,,,,260626,
,false,,망고매니플리즈,,,전체,,https://mangomanyplease.com/product/detail.html?product_no=4263,WISH PUNCHING SKIRT_WHITE,,,https://mangomanyplease.com/web/product/medium/202605/aa22d61251a7c220a990c89de8d74e24.jpg,,,,,,"₩139,000",,,,,,260626,
,false,,망고매니플리즈,,,전체,,https://mangomanyplease.com/product/detail.html?product_no=4928,DUO TUCK SLEEVELESS_IVORY,,,https://mangomanyplease.com/web/product/medium/202605/ed73fdf8a59b4cf3c13d89affe98b032.jpg,,,,,,"₩99,000",,,,,,260626,
,false,,망고매니플리즈,,,전체,,https://mangomanyplease.com/product/detail.html?product_no=4927,DUO TUCK SLEEVELESS_BLUE STRIPE,,,https://mangomanyplease.com/web/product/medium/202605/a31ee6b9764b7132a3ce1691ddd09a4b.jpg,,,,,,"₩99,000",,,,,,260626,
,false,,망고매니플리즈,,,전체,,https://mangomanyplease.com/product/detail.html?product_no=4903,GINGER CROCHET CARDIGAN_BROWN,,,https://mangomanyplease.com/web/product/medium/202605/cdec69e47390e8187194ff0dde845171.jpg,,,,,,"₩109,000",,,,,,260626,
,false,,망고매니플리즈,,,전체,,https://mangomanyplease.com/product/detail.html?product_no=4901,PIA CROCHET KNIT SLEEVELESS_BEIGE,,,https://mangomanyplease.com/web/product/medium/202605/e3fcce652a3dca52fdf9c0adf18d48da.jpg,,,,,,"₩109,000",,,,,,260626,
,false,,망고매니플리즈,,,전체,,https://mangomanyplease.com/product/detail.html?product_no=4932,MOCO LINEN JUMPSUIT_IVORY,,,https://mangomanyplease.com/web/product/medium/202605/9d4b3907bc629e326cb544d281f3295c.jpg,,,,,,"₩199,000",,,,,,260626,
,false,,망고매니플리즈,,,전체,,https://mangomanyplease.com/product/detail.html?product_no=4931,MOCO LINEN JUMPSUIT_CHARCOAL,,,https://mangomanyplease.com/web/product/medium/202605/ef716255603d3680d8d13c0afdb9ee15.jpg,,,,,,"₩199,000",,,,,,260626,
,false,,망고매니플리즈,,,전체,,https://mangomanyplease.com/product/detail.html?product_no=4940,TIAMO FLARE ONE PIECE_BLUE,,,https://mangomanyplease.com/web/product/medium/202605/eb9d153f8e2167cd1a901f209c177182.jpg,,,,,,"₩179,000",,,,,,260626,
,false,,망고매니플리즈,,,전체,,https://mangomanyplease.com/product/detail.html?product_no=4939,TIAMO FLARE ONE PIECE_NATURAL,,,https://mangomanyplease.com/web/product/medium/202605/09054ea994e084bee313b0208e883552.jpg,,,,,,"₩179,000",,,,,,260626,
,false,,망고매니플리즈,,,전체,,https://mangomanyplease.com/product/detail.html?product_no=4930,JEJE LAYERED ONE PIECE_IVORY,,,https://mangomanyplease.com/web/product/medium/202605/d1c50b60ddf4403d2c35a919addfcfd9.jpg,,,,,,"₩159,000",,,,,,260626,
,false,,망고매니플리즈,,,전체,,https://mangomanyplease.com/product/detail.html?product_no=4929,JEJE LAYERED ONE PIECE_NAVY CHECK,,,https://mangomanyplease.com/web/product/medium/202605/36eb105258c9d60e6b5c70684b3a12e6.jpg,,,,,,"₩159,000",,,,,,260626,
,false,,망고매니플리즈,,,전체,,https://mangomanyplease.com/product/detail.html?product_no=4913,AMELIA U NECK TEE_GREEN,,,https://mangomanyplease.com/web/product/medium/202605/3f496b08e5598a434c941ba151c43ea8.jpg,,,,,,"₩45,000",,,,,,260626,
,false,,망고매니플리즈,,,전체,,https://mangomanyplease.com/product/detail.html?product_no=4912,AMELIA U NECK TEE_BLUE,,,https://mangomanyplease.com/web/product/medium/202605/b98870fad4a6faa7560b77d7cff0d031.jpg,,,,,,"₩45,000",,,,,,260626,
,false,,망고매니플리즈,,,전체,,https://mangomanyplease.com/product/detail.html?product_no=4911,AMELIA U NECK TEE_MELANGE GREY,,,https://mangomanyplease.com/web/product/medium/202605/f4c3e43ef467598400e9c59b8aba3fb3.jpg,,,,,,"₩45,000",,,,,,260626,
,false,,망고매니플리즈,,,전체,,https://mangomanyplease.com/product/detail.html?product_no=4910,AMELIA U NECK TEE_BLACK,,,https://mangomanyplease.com/web/product/medium/202605/9e28aeff55107d9dd29df306ac7b22b1.jpg,,,,,,"₩45,000",,,,,,260626,
,false,,망고매니플리즈,,,전체,,https://mangomanyplease.com/product/detail.html?product_no=4917,UNDER LINEN SLEEVELESS_IVORY,,,https://mangomanyplease.com/web/product/medium/202605/a740ba0c8ec84abf72957929c04358d4.jpg,,,,,,"₩49,000",,,,,,260626,
,false,,망고매니플리즈,,,전체,,https://mangomanyplease.com/product/detail.html?product_no=4916,UNDER LINEN SLEEVELESS_LIGHT BEIGE,,,https://mangomanyplease.com/web/product/medium/202605/381da8ac9962c3e31ca81f79098e1ef0.jpg,,,,,,"₩49,000",,,,,,260626,
,false,,망고매니플리즈,,,전체,,https://mangomanyplease.com/product/detail.html?product_no=4915,UNDER LINEN SLEEVELESS_CHARCOAL,,,https://mangomanyplease.com/web/product/medium/202605/8018c5d8f2848cd590d07039496ed4ae.jpg,,,,,,"₩49,000",,,,,,260626,
,false,,망고매니플리즈,,,전체,,https://mangomanyplease.com/product/detail.html?product_no=4914,UNDER LINEN SLEEVELESS_BLACK,,,https://mangomanyplease.com/web/product/medium/202605/42aa1bb591b838edb1dd6f616922825e.jpg,,,,,,"₩49,000",,,,,,260626,
,false,,망고매니플리즈,,,전체,,https://mangomanyplease.com/product/detail.html?product_no=4936,CHICOR LACE SKIRT_IVORY,,,https://mangomanyplease.com/web/product/medium/202605/7898213976004baf8a2983c439854fee.jpg,,,,,,"₩129,000",,,,,,260626,
,false,,망고매니플리즈,,,전체,,https://mangomanyplease.com/product/detail.html?product_no=4935,CHICOR LACE SKIRT_BLUE MINT,,,https://mangomanyplease.com/web/product/medium/202605/d2efb53c62a9f37b1aedd4a1fabbf994.jpg,,,,,,"₩129,000",,,,,,260626,
,false,,망고매니플리즈,,,전체,,https://mangomanyplease.com/product/detail.html?product_no=4934,CONTI LACE SHORTS_IVORY,,,https://mangomanyplease.com/web/product/medium/202605/c72a9a2a08b5e23ffd1179d77f18eea1.jpg,,,,,,"₩129,000",,,,,,260626,
,false,,망고매니플리즈,,,전체,,https://mangomanyplease.com/product/detail.html?product_no=4938,SOFIA RUFFLE BLOUSE_WHITE,,,https://mangomanyplease.com/web/product/medium/202605/187966ae8cedb5074842a6cc75687bb6.jpg,,,,,,"₩109,000",,,,,,260626,
,false,,망고매니플리즈,,,전체,,https://mangomanyplease.com/product/detail.html?product_no=4937,SOFIA RUFFLE BLOUSE_BLACK,,,https://mangomanyplease.com/web/product/medium/202605/0182cf9cd0a5815376f7e7b065cc5ebc.jpg,,,,,,"₩109,000",,,,,,260626,
,false,,망고매니플리즈,,,전체,,https://mangomanyplease.com/product/detail.html?product_no=4919,MONACO BANDING PANTS_IVORY,,,https://mangomanyplease.com/web/product/medium/202605/87cda409aeb1c0b32124791611d309fa.jpg,,,,,,"₩109,000",,,,,,260626,
,false,,망고매니플리즈,,,전체,,https://mangomanyplease.com/product/detail.html?product_no=4918,MONACO BANDING PANTS_BLUE,,,https://mangomanyplease.com/web/product/medium/202605/c2ddf7c9aa3edd33c0eac8891aba4a09.jpg,,,,,,"₩109,000",,,,,,260626,
,false,,망고매니플리즈,,,전체,,https://mangomanyplease.com/product/detail.html?product_no=4909,DUST CROP TEE_IVORY,,,https://mangomanyplease.com/web/product/medium/202605/a1f7b44834be8a31612559805fa4c330.jpg,,,,,,"₩45,000",,,,,,260626,
,false,,망고매니플리즈,,,전체,,https://mangomanyplease.com/product/detail.html?product_no=4908,DUST CROP TEE_NATURAL,,,https://mangomanyplease.com/web/product/medium/202605/edf7b57b21c8d12ae2d5f7ba897ae41a.jpg,,,,,,"₩45,000",,,,,,260626,
,false,,망고매니플리즈,,,전체,,https://mangomanyplease.com/product/detail.html?product_no=4907,DUST CROP TEE_MELANGE GREY,,,https://mangomanyplease.com/web/product/medium/202605/7475f011142bf66f07969d767881d8b9.jpg,,,,,,"₩45,000",,,,,,260626,
,false,,망고매니플리즈,,,전체,,https://mangomanyplease.com/product/detail.html?product_no=4906,DUST CROP TEE_BLACK,,,https://mangomanyplease.com/web/product/medium/202605/7605cbf5465a1dae9fbf8ed8ef5c21d0.jpg,,,,,,"₩45,000",,,,,,260626,
,false,,망고매니플리즈,,,전체,,https://mangomanyplease.com/product/detail.html?product_no=4933,HYLLI VINTAGE SLEEVELESS_IVORY,,,https://mangomanyplease.com/web/product/medium/202605/19756ba81ce9b78bb565916121d8f6d7.jpg,,,,,,"₩109,000",,,,,,260626,
,false,,망고매니플리즈,,,전체,,https://mangomanyplease.com/product/detail.html?product_no=4942,MUA FLARE ONE PIECE_IVORY,,,https://mangomanyplease.com/web/product/medium/202605/5ad6e386861b8035e0fe4ec648aea9b6.jpg,,,,,,"₩165,000",,,,,,260626,
,false,,망고매니플리즈,,,전체,,https://mangomanyplease.com/product/detail.html?product_no=4941,MUA FLARE ONE PIECE_BLACK,,,https://mangomanyplease.com/web/product/medium/202605/cca51b788a0fed014471de358ff3f234.jpg,,,,,,"₩165,000",,,,,,260626,
,false,,망고매니플리즈,,,전체,,https://mangomanyplease.com/product/detail.html?product_no=4923,SEEN PLEATS BLOUSE_WHITE,,,https://mangomanyplease.com/web/product/medium/202605/0de148690d4621308254777683d976a6.jpg,,,,,,"₩99,000",,,,,,260626,
,false,,망고매니플리즈,,,전체,,https://mangomanyplease.com/product/detail.html?product_no=4922,SEEN PLEATS BLOUSE_BLACK,,,https://mangomanyplease.com/web/product/medium/202605/738cb67b75ebf18aeb7772cb8b90aa4e.jpg,,,,,,"₩99,000",,,,,,260626,
,false,,망고매니플리즈,,,전체,,https://mangomanyplease.com/product/detail.html?product_no=4905,GINGER CROCHET CARDIGAN_IVORY,,,https://mangomanyplease.com/web/product/medium/202605/65315890ed1651902e3eab0e8a4475ff.jpg,,,,,,"₩109,000",,,,,,260626,
,false,,망고매니플리즈,,,전체,,https://mangomanyplease.com/product/detail.html?product_no=4904,GINGER CROCHET CARDIGAN_MIST GREY,,,https://mangomanyplease.com/web/product/medium/202605/618366c99aaf1d8cba7d0e5065cc1823.jpg,,,,,,"₩109,000",,,,,,260626,
,false,,망고매니플리즈,,,전체,,https://mangomanyplease.com/product/detail.html?product_no=4902,PIA CROCHET KNIT SLEEVELESS_IVORY,,,https://mangomanyplease.com/web/product/medium/202605/d4121d5d459515fd6e7054f873d588f4.jpg,,,,,,"₩109,000",,,,,,260626,
,false,,망고매니플리즈,,,전체,,https://mangomanyplease.com/product/detail.html?product_no=4900,PIA CROCHET KNIT SLEEVELESS_CHARCOAL,,,https://mangomanyplease.com/web/product/medium/202605/14354e53ddcf7b194b5d5972d4e167bc.jpg,,,,,,"₩109,000",,,,,,260626,
,false,,망고매니플리즈,,,전체,,https://mangomanyplease.com/product/detail.html?product_no=4899,KIST DENIM SHORTS_ASH PURPLE,,,https://mangomanyplease.com/web/product/medium/202605/bd2a65882f40e44bd4e4bd0f442e1753.jpg,,,,,,"₩99,000",,,,,,260626,
,false,,망고매니플리즈,,,전체,,https://mangomanyplease.com/product/detail.html?product_no=4898,KIST DENIM SHORTS_BLACK,,,https://mangomanyplease.com/web/product/medium/202605/84ee96bb164184c0e868cf1464b9306c.jpg,,,,,,"₩99,000",,,,,,260626,
,false,,망고매니플리즈,,,전체,,https://mangomanyplease.com/product/detail.html?product_no=4926,POUND COTTON SKIRT_IVORY,,,https://mangomanyplease.com/web/product/medium/202605/898e09507487bc7269510ad1eaf8f0d8.jpg,,,,,,"₩129,000",,,,,,260626,
,false,,망고매니플리즈,,,전체,,https://mangomanyplease.com/product/detail.html?product_no=4925,POUND COTTON SKIRT_NAVY,,,https://mangomanyplease.com/web/product/medium/202605/fa9484282fc632d47ee324851841af20.jpg,,,,,,"₩129,000",,,,,,260626,
,false,,망고매니플리즈,,,전체,,https://mangomanyplease.com/product/detail.html?product_no=4921,FLUTT FLARE SKIRT_WHITE,,,https://mangomanyplease.com/web/product/medium/202605/0a4240d5f999b1fbe77cbaeea68899c3.jpg,,,,,,"₩139,000",,,,,,260626,
,false,,망고매니플리즈,,,전체,,https://mangomanyplease.com/product/detail.html?product_no=4920,FLUTT FLARE SKIRT_VANILLA,,,https://mangomanyplease.com/web/product/medium/202605/f78cfe6d6ed1fc316862657c91cea0fc.jpg,,,,,,"₩139,000",,,,,,260626,
,false,,망고매니플리즈,,,전체,,https://mangomanyplease.com/product/detail.html?product_no=4897,ROUTINE COTTON BAG_6COLORS,,,https://mangomanyplease.com/web/product/medium/202605/ccacf53845b4e68d762d418c7cefd3a9.jpg,,,,,,"₩49,000",,,,,,260626,
,false,,망고매니플리즈,,,전체,,https://mangomanyplease.com/product/detail.html?product_no=4891,POIN STRAP SANDLE_BLACK,,,https://mangomanyplease.com/web/product/medium/202605/0d9c121cfb0a39a0e5d7ddab946605bf.jpg,,,,,,"₩149,000",,,,,,260626,
,false,,망고매니플리즈,,,전체,,https://mangomanyplease.com/product/detail.html?product_no=4890,POIN STRAP SANDLE_CREAM EGG,,,https://mangomanyplease.com/web/product/medium/202605/da64dc088263db36ef3e4895d84582dd.jpg,,,,,,"₩149,000",,,,,,260626,
,false,,망고매니플리즈,,,전체,,https://mangomanyplease.com/product/detail.html?product_no=4889,POIN STRAP SANDLE_MUSTARD,,,https://mangomanyplease.com/web/product/medium/202605/94c032f13b1b5b6e5931c29afe32dc08.jpg,,,,,,"₩149,000",,,,,,260626,
,false,,망고매니플리즈,,,전체,,https://mangomanyplease.com/product/detail.html?product_no=4285,NINI BLOUSE_WHITE,,,https://mangomanyplease.com/web/product/medium/202605/01e867498e1d049ad8c0523278b4fa1a.jpg,,,,,,"₩85,000",,,,,,260626,
,false,,망고매니플리즈,,,전체,,https://mangomanyplease.com/product/detail.html?product_no=4286,NINI BLOUSE_BLACK,,,https://mangomanyplease.com/web/product/medium/202605/2bb4aeb41da69ccc6a88461fa8b9e230.jpg,,,,,,"₩85,000",,,,,,260626,
,false,,망고매니플리즈,,,전체,,https://mangomanyplease.com/product/detail.html?product_no=4051,CARI SHEER CARDIGAN_WHITE,,,https://mangomanyplease.com/web/product/medium/202605/f05171413a981068ec24aa0929ccdf42.jpg,,,,,,"₩89,000",,,,,,260626,
,false,,망고매니플리즈,,,전체,,https://mangomanyplease.com/product/detail.html?product_no=4052,CARI SHEER CARDIGAN_NATURAL,,,https://mangomanyplease.com/web/product/medium/202605/d2c0ae1ea9435080fac97e027603738c.jpg,,,,,,"₩89,000",,,,,,260626,
,false,,망고매니플리즈,,,전체,,https://mangomanyplease.com/product/detail.html?product_no=4053,CARI SHEER CARDIGAN_BLACK,,,https://mangomanyplease.com/web/product/medium/202605/499edc0f858831fc43ac2952a2036bd4.jpg,,,,,,"₩89,000",,,,,,260626,
,false,,망고매니플리즈,,,전체,,https://mangomanyplease.com/product/detail.html?product_no=4283,HEIDY SUMMER ONE PIECE_WHITE,,,https://mangomanyplease.com/web/product/medium/202605/962297107f1e396fe21c715a616a63f6.jpg,,,,,,"₩135,000",,,,,,260626,
,false,,망고매니플리즈,,,전체,,https://mangomanyplease.com/product/detail.html?product_no=4284,HEIDY SUMMER ONE PIECE_BLACK,,,https://mangomanyplease.com/web/product/medium/202605/a37697a9f2931e395c6adc3923d34194.jpg,,,,,,"₩135,000",,,,,,260626,
,false,,망고매니플리즈,,,전체,,https://mangomanyplease.com/product/detail.html?product_no=4273,KATE TIE ONE PIECE_WHITE,,,https://mangomanyplease.com/web/product/medium/202605/4dc30a1856fd9024776a2f4637bda9f7.jpg,,,,,,"₩149,000",,,,,,260626,
,false,,망고매니플리즈,,,전체,,https://mangomanyplease.com/product/detail.html?product_no=4274,KATE TIE ONE PIECE_CREAM,,,https://mangomanyplease.com/web/product/medium/202605/399a05521eeff7cbac6c12153f76284a.jpg,,,,,,"₩149,000",,,,,,260626,
,false,,망고매니플리즈,,,전체,,https://mangomanyplease.com/product/detail.html?product_no=4177,BLOSSOM SHIRRING ONE PIECE_WHITE,,,https://mangomanyplease.com/web/product/medium/202605/768ce4111763ca53abe4530fdff76e28.jpg,,,,,,"₩185,000",,,,,,260626,
,false,,망고매니플리즈,,,전체,,https://mangomanyplease.com/product/detail.html?product_no=4178,BLOSSOM SHIRRING ONE PIECE_CREAM,,,https://mangomanyplease.com/web/product/medium/202605/5c3a5695b5eb0d62a97b0b4457cb3852.jpg,,,,,,"₩185,000",,,,,,260626,
,false,,망고매니플리즈,,,전체,,https://mangomanyplease.com/product/detail.html?product_no=4185,SIA PUFF BLOUSE_WHITE,,,https://mangomanyplease.com/web/product/medium/202605/095913924ba45a9559f33fb677fdac06.jpg,,,,,,"₩88,000",,,,,,260626,
,false,,망고매니플리즈,,,전체,,https://mangomanyplease.com/product/detail.html?product_no=4186,SIA PUFF BLOUSE_LIGHT PINK,,,https://mangomanyplease.com/web/product/medium/202605/b43b269b84fe7e00b4fea70113eeee59.jpg,,,,,,"₩88,000",,,,,,260626,
,false,,망고매니플리즈,,,전체,,https://mangomanyplease.com/product/detail.html?product_no=3598,BUNNY SHIRRING SLEEVELESS,,,https://mangomanyplease.com/web/product/medium/202605/e3497f825f9b016de8292f86d534c2c1.jpg,,,,,,"₩81,000",,,,,,260626,
,false,,망고매니플리즈,,,전체,,https://mangomanyplease.com/product/detail.html?product_no=4245,SILLY RUFFLE TEE_IVORY,,,https://mangomanyplease.com/web/product/medium/202605/571062f1eb000d09a356ff283bd5b192.jpg,,,,,,"₩45,000",,,,,,260626,
,false,,망고매니플리즈,,,전체,,https://mangomanyplease.com/product/detail.html?product_no=4246,SILLY RUFFLE TEE_YELLOW,,,https://mangomanyplease.com/web/product/medium/202605/e3e027e17dd86fabb1b18ee30556a460.jpg,,,,,,"₩45,000",,,,,,260626,
,false,,망고매니플리즈,,,전체,,https://mangomanyplease.com/product/detail.html?product_no=4247,SILLY RUFFLE TEE_MELANGE GREY,,,https://mangomanyplease.com/web/product/medium/202605/db157883af1e2a758dd02407d8362d70.jpg,,,,,,"₩45,000",,,,,,260626,
,false,,망고매니플리즈,,,전체,,https://mangomanyplease.com/product/detail.html?product_no=4248,SILLY RUFFLE TEE_BLACK,,,https://mangomanyplease.com/web/product/medium/202605/bcef49f7edf19a3b9094c75e5734ef82.jpg,,,,,,"₩45,000",,,,,,260626,
,false,,망고매니플리즈,,,전체,,https://mangomanyplease.com/product/detail.html?product_no=4235,VONNY EDGE SLEEVELESS_CREAM YELLOW,,,https://mangomanyplease.com/web/product/medium/202605/2e0f7b7e229bed75b6efddccfa1d1608.jpg,,,,,,"₩39,000",,,,,,260626,
,false,,망고매니플리즈,,,전체,,https://mangomanyplease.com/product/detail.html?product_no=4236,VONNY EDGE SLEEVELESS_MINT,,,https://mangomanyplease.com/web/product/medium/202605/71edcf386f88b86f1bc68f7691a37a90.jpg,,,,,,"₩39,000",,,,,,260626,
,false,,망고매니플리즈,,,전체,,https://mangomanyplease.com/product/detail.html?product_no=4237,VONNY EDGE SLEEVELESS_MELANGE GREY,,,https://mangomanyplease.com/web/product/medium/202605/b757340012bd0bdbe8189d2fe12569d8.jpg,,,,,,"₩39,000",,,,,,260626,
,false,,망고매니플리즈,,,전체,,https://mangomanyplease.com/product/detail.html?product_no=4238,VONNY EDGE SLEEVELESS_NAVY,,,https://mangomanyplease.com/web/product/medium/202605/f87f6634e494f4be4cc46a1221b06f5b.jpg,,,,,,"₩39,000",,,,,,260626,
,false,,망고매니플리즈,,,전체,,https://mangomanyplease.com/product/detail.html?product_no=3586,PERU STRIPE PANTS,,,https://mangomanyplease.com/web/product/medium/202605/50a354c82c9b57663c69851cfe3b0f84.jpg,,,,,,"₩93,000",,,,,,260626,
,false,,망고매니플리즈,,,전체,,https://mangomanyplease.com/product/detail.html?product_no=2934,MALIVU STRIPE PANTS,,,https://mangomanyplease.com/web/product/medium/202605/07f2a7e99f6b4a947626073d2d30ca81.jpg,,,,,,"₩94,000",,,,,,260626,
,false,,망고매니플리즈,,,전체,,https://mangomanyplease.com/product/detail.html?product_no=4239,SOTIE TERRY SHORTS_NATURAL,,,https://mangomanyplease.com/web/product/medium/202605/1790a77dd55c88e4598543d8a43c36d4.jpg,,,,,,"₩75,000",,,,,,260626,
,false,,망고매니플리즈,,,전체,,https://mangomanyplease.com/product/detail.html?product_no=4240,SOTIE TERRY SHORTS_BLUE,,,https://mangomanyplease.com/web/product/medium/202605/2db5900550bb3b9d592cde44e3f44960.jpg,,,,,,"₩75,000",,,,,,260626,
,false,,망고매니플리즈,,,전체,,https://mangomanyplease.com/product/detail.html?product_no=2565,URTH SATIN ONE PIECE,,,https://mangomanyplease.com/web/product/medium/202605/08e6a9cca16bbbe0a247e8934db4a39c.jpg,,,,,,"₩128,000",,,,,,260626,
,false,,망고매니플리즈,,,전체,,https://mangomanyplease.com/product/detail.html?product_no=4241,LAV COTTON SLEEVELESS_IVORY,,,https://mangomanyplease.com/web/product/medium/202605/07f9d21f5350aa72c8efe4d75cd68d12.jpg,,,,,,"₩39,000",,,,,,260626,
,false,,망고매니플리즈,,,전체,,https://mangomanyplease.com/product/detail.html?product_no=4243,LAV COTTON SLEEVELESS_BROWN,,,https://mangomanyplease.com/web/product/medium/202605/48746fb10fffd415029bb0d571dd8086.jpg,,,,,,"₩39,000",,,,,,260626,
,false,,망고매니플리즈,,,전체,,https://mangomanyplease.com/product/detail.html?product_no=4242,LAV COTTON SLEEVELESS_MELANGE GREY,,,https://mangomanyplease.com/web/product/medium/202605/fa9b1ed8b3cebf507d19c672df3c46ac.jpg,,,,,,"₩39,000",,,,,,260626,
,false,,망고매니플리즈,,,전체,,https://mangomanyplease.com/product/detail.html?product_no=4244,LAV COTTON SLEEVELESS_BLACK,,,https://mangomanyplease.com/web/product/medium/202605/5e0156e23ec73294ceb5e255221511f9.jpg,,,,,,"₩39,000",,,,,,260626,
,false,,망고매니플리즈,,,전체,,https://mangomanyplease.com/product/detail.html?product_no=3576,CCOMO LACE SLEEVELESS,,,https://mangomanyplease.com/web/product/medium/202605/bbc468d8bb0f4ae315369caf85ad131f.jpg,,,,,,"₩39,000",,,,,,260626,
,false,,망고매니플리즈,,,전체,,https://mangomanyplease.com/product/detail.html?product_no=2508,SUMMER SLEEVELESS,,,https://mangomanyplease.com/web/product/medium/202605/1921f7800a9f871fee4bf6a5d19b9d2b.jpg,,,,,,"₩32,000",,,,,,260626,
,false,,망고매니플리즈,,,전체,,https://mangomanyplease.com/product/detail.html?product_no=4167,COY PINTUCK SHORTS_IVORY,,,https://mangomanyplease.com/web/product/medium/202605/7b2b5153aaa4e8bb3ca771f915c8298b.jpg,,,,,,"₩86,000",,,,,,260626,
,false,,망고매니플리즈,,,전체,,https://mangomanyplease.com/product/detail.html?product_no=4168,COY PINTUCK SHORTS_BEIGE,,,https://mangomanyplease.com/web/product/medium/202605/8ae046bbd9802170070e930be67e07a3.jpg,,,,,,"₩86,000",,,,,,260626,
,false,,망고매니플리즈,,,전체,,https://mangomanyplease.com/product/detail.html?product_no=1465,MID BLUE DENIM SHORTS,,,https://mangomanyplease.com/web/product/medium/202605/a00c95f6c580a6ab65a99f6a399f5fc6.jpg,,,,,,"₩88,000",,,,,,260626,
,false,,망고매니플리즈,,,전체,,https://mangomanyplease.com/product/detail.html?product_no=2047,NUETT KNIT SHORTS,,,https://mangomanyplease.com/web/product/medium/202605/aa685af8e968b770a40ccbc76438f52b.jpg,,,,,,"₩89,000",,,,,,260626,
,false,,망고매니플리즈,,,전체,,https://mangomanyplease.com/product/detail.html?product_no=4885,[ROUTINE] CAMPA TEE_3PACK,,,https://mangomanyplease.com/web/product/medium/202606/6d69804223175a5703d8af30927720c7.jpg,,,,,,"₩135,000",,,,,,260626,
,false,,망고매니플리즈,,,전체,,https://mangomanyplease.com/product/detail.html?product_no=4887,[ROUTINE] POWDER TEE_3PACK,,,https://mangomanyplease.com/web/product/medium/202606/f38becc54bc33bd1d9daa263d8b41641.jpg,,,,,,"₩147,000",,,,,,260626,
,false,,망고매니플리즈,,,전체,,https://mangomanyplease.com/product/detail.html?product_no=4886,[ROUTINE] ORIGIN TEE_3PACK,,,https://mangomanyplease.com/web/product/medium/202606/836c27d9a54fe5012360178da14d7b17.jpg,,,,,,"₩135,000",,,,,,260626,
,false,,망고매니플리즈,,,전체,,https://mangomanyplease.com/product/detail.html?product_no=3477,[ROUTINE] CAMPA TEE,,,https://mangomanyplease.com/web/product/medium/202605/51fc2eb4669a15bb2479515463b1b0b4.jpg,,,,,,"₩45,000",,,,,,260626,
,false,,망고매니플리즈,,,전체,,https://mangomanyplease.com/product/detail.html?product_no=4840,[ROUTINE] POWDER TEE_MUTE CREAM,,,https://mangomanyplease.com/web/product/medium/202605/2eef24f5714008f05ffd89fee89ec339.jpg,,,,,,"₩49,000",,,,,,260626,
,false,,망고매니플리즈,,,전체,,https://mangomanyplease.com/product/detail.html?product_no=4839,[ROUTINE] POWDER TEE_CREAM YELLOW,,,https://mangomanyplease.com/web/product/medium/202605/9f505c36b0fad21e7292a05d746d3838.jpg,,,,,,"₩49,000",,,,,,260626,
,false,,망고매니플리즈,,,전체,,https://mangomanyplease.com/product/detail.html?product_no=4838,[ROUTINE] POWDER TEE_ASH BLUE,,,https://mangomanyplease.com/web/product/medium/202605/eaabd80a81f069ba8a78a3b0c004b542.jpg,,,,,,"₩49,000",,,,,,260626,
,false,,망고매니플리즈,,,전체,,https://mangomanyplease.com/product/detail.html?product_no=4836,[ROUTINE] POWDER TEE_MELANGE GREY,,,https://mangomanyplease.com/web/product/medium/202605/9d12f217f3f6c3669e470f401ecd94ca.jpg,,,,,,"₩49,000",,,,,,260626,
,false,,망고매니플리즈,,,전체,,https://mangomanyplease.com/product/detail.html?product_no=4837,[ROUTINE] POWDER TEE_CHARCOAL,,,https://mangomanyplease.com/web/product/medium/202605/db2f1c26fc55e7d89d837c595107821a.jpg,,,,,,"₩49,000",,,,,,260626,
,false,,망고매니플리즈,,,전체,,https://mangomanyplease.com/product/detail.html?product_no=4835,[ROUTINE] POWDER TEE_BLACK,,,https://mangomanyplease.com/web/product/medium/202605/f3982ba5088d5eaaf23155e18982c939.jpg,,,,,,"₩49,000",,,,,,260626,
,false,,망고매니플리즈,,,전체,,https://mangomanyplease.com/product/detail.html?product_no=4826,[ROUTINE] ORIGIN TEE_IVORY,,,https://mangomanyplease.com/web/product/medium/202605/71565c09d60fbefce26febb774c701e8.jpg,,,,,,"₩45,000",,,,,,260626,
,false,,망고매니플리즈,,,전체,,https://mangomanyplease.com/product/detail.html?product_no=4825,[ROUTINE] ORIGIN TEE_LIGHT BLUE,,,https://mangomanyplease.com/web/product/medium/202605/b81efd840efc94d4270801cb3a645ce9.jpg,,,,,,"₩45,000",,,,,,260626,
,false,,망고매니플리즈,,,전체,,https://mangomanyplease.com/product/detail.html?product_no=4824,[ROUTINE] ORIGIN TEE_BLACK,,,https://mangomanyplease.com/web/product/medium/202605/630c63eb9d1edbb9bb5b1f3bd9baca91.jpg,,,,,,"₩45,000",,,,,,260626,
,false,,망고매니플리즈,,,전체,,https://mangomanyplease.com/product/detail.html?product_no=4822,[ROUTINE] ORIGIN TEE_GREY STRIPE,,,https://mangomanyplease.com/web/product/medium/202605/850c1c41e156e59431d79a1aa19bc3bd.jpg,,,,,,"₩45,000",,,,,,260626,
,false,,망고매니플리즈,,,전체,,https://mangomanyplease.com/product/detail.html?product_no=4823,[ROUTINE] ORIGIN TEE_BROWN STRIPE,,,https://mangomanyplease.com/web/product/medium/202605/69329bf75307455cd0d1097c980359a0.jpg,,,,,,"₩45,000",,,,,,260626,
,false,,망고매니플리즈,,,전체,,https://mangomanyplease.com/product/detail.html?product_no=4831,[ROUTINE] UNIT SLEEVELESS_MELANGE GREY,,,https://mangomanyplease.com/web/product/medium/202605/60e225ddd4711820851442d3c222d863.jpg,,,,,,"₩39,000",,,,,,260626,
,false,,망고매니플리즈,,,전체,,https://mangomanyplease.com/product/detail.html?product_no=4830,[ROUTINE] UNIT SLEEVELESS_BLACK,,,https://mangomanyplease.com/web/product/medium/202605/1e3aebbc8a4fa0452efc4fa55be0a896.jpg,,,,,,"₩39,000",,,,,,260626,
,false,,망고매니플리즈,,,전체,,https://mangomanyplease.com/product/detail.html?product_no=4829,[ROUTINE] UNIT SLEEVELESS_SKY STRIPE,,,https://mangomanyplease.com/web/product/medium/202605/c83be6c51d7e3c7db520beb87b9f3ff2.jpg,,,,,,"₩39,000",,,,,,260626,
,false,,망고매니플리즈,,,전체,,https://mangomanyplease.com/product/detail.html?product_no=4828,[ROUTINE] UNIT SLEEVELESS_BROWN STRIPE,,,https://mangomanyplease.com/web/product/medium/202605/a2775877e7869a5d8c05f4f652aa198c.jpg,,,,,,"₩39,000",,,,,,260626,
,false,,망고매니플리즈,,,전체,,https://mangomanyplease.com/product/detail.html?product_no=4827,[ROUTINE] UNIT SLEEVELESS_NAVY STRIPE,,,https://mangomanyplease.com/web/product/medium/202605/ed37ea4995e6f1d5b99d6c864e20cd7e.jpg,,,,,,"₩39,000",,,,,,260626,
,false,,망고매니플리즈,,,전체,,https://mangomanyplease.com/product/detail.html?product_no=4834,[ROUTINE] YEVA SWEATSHIRT_MELANGE GREY,,,https://mangomanyplease.com/web/product/medium/202605/d823dfee8f80dca29d5190093bdd4bef.jpg,,,,,,"₩79,000",,,,,,260626,
,false,,망고매니플리즈,,,전체,,https://mangomanyplease.com/product/detail.html?product_no=4833,[ROUTINE] YEVA SWEATSHIRT_GREY STRIPE,,,https://mangomanyplease.com/web/product/medium/202605/f5f8440d58b87f19efd413a8445c3077.jpg,,,,,,"₩79,000",,,,,,260626,
,false,,망고매니플리즈,,,전체,,https://mangomanyplease.com/product/detail.html?product_no=4832,[ROUTINE] YEVA SWEATSHIRT_NAVY STRIPE,,,https://mangomanyplease.com/web/product/medium/202605/2965b05200d6d2d21ad73fa568e1b3fe.jpg,,,,,,"₩79,000",,,,,,260626,
,false,,망고매니플리즈,,,전체,,https://mangomanyplease.com/product/detail.html?product_no=4821,[ROUTINE] YORK WRAP TEE_MILK BEIGE,,,https://mangomanyplease.com/web/product/medium/202605/a4487b51945a29d40ee37bbdb7a22dd1.jpg,,,,,,"₩59,000",,,,,,260626,
,false,,망고매니플리즈,,,전체,,https://mangomanyplease.com/product/detail.html?product_no=4819,[ROUTINE] YORK WRAP TEE_LIGHT BLUE,,,https://mangomanyplease.com/web/product/medium/202605/c5cd13e4822d453c3c5eea0e083c2bbd.jpg,,,,,,"₩59,000",,,,,,260626,
,false,,망고매니플리즈,,,전체,,https://mangomanyplease.com/product/detail.html?product_no=4820,[ROUTINE] YORK WRAP TEE_CHARCOAL,,,https://mangomanyplease.com/web/product/medium/202605/02eea9a25a3db72ea8f2808ab77fa6f1.jpg,,,,,,"₩59,000",,,,,,260626,
,false,,망고매니플리즈,,,전체,,https://mangomanyplease.com/product/detail.html?product_no=4818,[ROUTINE] YORK BANDING SKIRT_MILK BEIGE,,,https://mangomanyplease.com/web/product/medium/202605/9e517e743794bbb22ce0be3b1a2fa39c.jpg,,,,,,"₩69,000",,,,,,260626,
,false,,망고매니플리즈,,,전체,,https://mangomanyplease.com/product/detail.html?product_no=4816,[ROUTINE] YORK BANDING SKIRT_LIGHT BLUE,,,https://mangomanyplease.com/web/product/medium/202605/3277caea45fc3a4332b503f4f03d275c.jpg,,,,,,"₩69,000",,,,,,260626,
,false,,망고매니플리즈,,,전체,,https://mangomanyplease.com/product/detail.html?product_no=4817,[ROUTINE] YORK BANDING SKIRT_CHARCOAL,,,https://mangomanyplease.com/web/product/medium/202605/76f3ccd8a461362d23d1ed76679a3d39.jpg,,,,,,"₩69,000",,,,,,260626,
,false,,망고매니플리즈,,,전체,,https://mangomanyplease.com/product/detail.html?product_no=4815,[ROUTINE] KIMO POUCH(S)_3COLORS,,,https://mangomanyplease.com/web/product/medium/202605/abaa51f93974e8f1dcb165318ed76a27.jpg,,,,,,"₩29,000",,,,,,260626,
,false,,망고매니플리즈,,,전체,,https://mangomanyplease.com/product/detail.html?product_no=4814,[ROUTINE] KIMO POUCH(M)_3COLORS,,,https://mangomanyplease.com/web/product/medium/202605/fe554618123fbff92e0cdcfb7883cda2.jpg,,,,,,"₩35,000",,,,,,260626,
,false,,망고매니플리즈,,,전체,,https://mangomanyplease.com/product/detail.html?product_no=2961,NEFF LINEN KNIT,,,https://mangomanyplease.com/web/product/medium/202605/35c080a9e98ab2f7acd4e315fc9a2bf7.jpg,,,,,,"₩98,000",,,,,,260626,
,false,,망고매니플리즈,,,전체,,https://mangomanyplease.com/product/detail.html?product_no=4813,NEFF LINEN CROP KNIT_MILKY GREY,,,https://mangomanyplease.com/web/product/medium/202605/48084a786222db6d053d74c1daf9e8bf.jpg,,,,,,"₩95,000",,,,,,260626,
,false,,망고매니플리즈,,,전체,,https://mangomanyplease.com/product/detail.html?product_no=4812,NEFF LINEN CROP KNIT_BROWN,,,https://mangomanyplease.com/web/product/medium/202605/6a9bd65d7d24cdb52f31fa4e40fffcb7.jpg,,,,,,"₩95,000",,,,,,260626,
,false,,망고매니플리즈,,,전체,,https://mangomanyplease.com/product/detail.html?product_no=4059,NEFF LINEN CROP KNIT_NATURAL,,,https://mangomanyplease.com/web/product/medium/202605/29199ef21bb4ae35e35995c30f3abf8d.jpg,,,,,,"₩95,000",,,,,,260626,
,false,,망고매니플리즈,,,전체,,https://mangomanyplease.com/product/detail.html?product_no=4058,NEFF LINEN CROP KNIT_PURE IVORY,,,https://mangomanyplease.com/web/product/medium/202605/c555dc10ea56c163d338eabaa466506c.jpg,,,,,,"₩95,000",,,,,,260626,
,false,,망고매니플리즈,,,전체,,https://mangomanyplease.com/product/detail.html?product_no=4060,NEFF LINEN CROP KNIT_CHARCOAL,,,https://mangomanyplease.com/web/product/medium/202605/9ef457e6940e60f098544dc26b0ef2af.jpg,,,,,,"₩95,000",,,,,,260626,
,false,,망고매니플리즈,,,전체,,https://mangomanyplease.com/product/detail.html?product_no=4872,MOOR SUMMER SHIRT_BLUE STRIPE,,,https://mangomanyplease.com/web/product/medium/202605/529f6bf889dc7c6d9be521d808956389.jpg,,,,,,"₩119,000",,,,,,260626,
,false,,망고매니플리즈,,,전체,,https://mangomanyplease.com/product/detail.html?product_no=4871,MOOR SUMMER SHIRT_PINK STRIPE,,,https://mangomanyplease.com/web/product/medium/202605/61799c81963ec323aa8e3b6a44c22d4e.jpg,,,,,,"₩119,000",,,,,,260626,
,false,,망고매니플리즈,,,전체,,https://mangomanyplease.com/product/detail.html?product_no=4870,MOOR SUMMER SHIRT_IVORY,,,https://mangomanyplease.com/web/product/medium/202605/82b1bf4649f6cafec1aaebd9eee6af9b.jpg,,,,,,"₩119,000",,,,,,260626,
,false,,망고매니플리즈,,,전체,,https://mangomanyplease.com/product/detail.html?product_no=4876,CHELLO COTTON BLOUSE_IVORY,,,https://mangomanyplease.com/web/product/medium/202605/b3f48ebdf33e255bff3fdda4222c0f1f.jpg,,,,,,"₩119,000",,,,,,260626,
,false,,망고매니플리즈,,,전체,,https://mangomanyplease.com/product/detail.html?product_no=4875,CHELLO COTTON BLOUSE_LIME,,,https://mangomanyplease.com/web/product/medium/202605/28cf040bfa2dd3d93a21c5dea5043886.jpg,,,,,,"₩119,000",,,,,,260626,
,false,,망고매니플리즈,,,전체,,https://mangomanyplease.com/product/detail.html?product_no=4874,CHELLO COTTON BLOUSE_BLACK,,,https://mangomanyplease.com/web/product/medium/202605/92c6e4fd9cf25ae6826df37f3a2cc3ec.jpg,,,,,,"₩119,000",,,,,,260626,
,false,,망고매니플리즈,,,전체,,https://mangomanyplease.com/product/detail.html?product_no=4879,CAKE LACE SKIRT_IVORY,,,https://mangomanyplease.com/web/product/medium/202605/78f61a9512b39375be7c9a3a964eac02.jpg,,,,,,"₩159,000",,,,,,260626,
,false,,망고매니플리즈,,,전체,,https://mangomanyplease.com/product/detail.html?product_no=4878,CAKE LACE SKIRT_LIGHT BLUE,,,https://mangomanyplease.com/web/product/medium/202605/f71b6b9e4d817b030ba10d453ce28c14.jpg,,,,,,"₩159,000",,,,,,260626,
,false,,망고매니플리즈,,,전체,,https://mangomanyplease.com/product/detail.html?product_no=4877,CAKE LACE SKIRT_BLACK,,,https://mangomanyplease.com/web/product/medium/202605/9a4f4a7737d6953362d301caca08508d.jpg,,,,,,"₩159,000",,,,,,260626,
,false,,망고매니플리즈,,,전체,,https://mangomanyplease.com/product/detail.html?product_no=4865,ELMO KNIT VEST_NATURAL,,,https://mangomanyplease.com/web/product/medium/202605/b3bb2686db99b82fc7ad0f87b3de74cb.jpg,,,,,,"₩105,000",,,,,,260626,
,false,,망고매니플리즈,,,전체,,https://mangomanyplease.com/product/detail.html?product_no=4864,ELMO KNIT VEST_GREIGE,,,https://mangomanyplease.com/web/product/medium/202605/805b949dd25c107d3361ba2f5689f980.jpg,,,,,,"₩105,000",,,,,,260626,
,false,,망고매니플리즈,,,전체,,https://mangomanyplease.com/product/detail.html?product_no=4863,ELMO KNIT VEST_BROWN,,,https://mangomanyplease.com/web/product/medium/202605/065c3960d013ab386bc2266ef88d0c9f.jpg,,,,,,"₩105,000",,,,,,260626,
,false,,망고매니플리즈,,,전체,,https://mangomanyplease.com/product/detail.html?product_no=4883,ROY SUMMER JACKET_PURE IVORY,,,https://mangomanyplease.com/web/product/medium/202605/bd7c10feab2e0452b2aeb9cc369e8f23.jpg,,,,,,"₩195,000",,,,,,260626,
,false,,망고매니플리즈,,,전체,,https://mangomanyplease.com/product/detail.html?product_no=4882,HERRIT RAGLAN KNIT_BLUE,,,https://mangomanyplease.com/web/product/medium/202605/29be5bf22fefa8c5913441b6840e34ee.jpg,,,,,,"₩109,000",,,,,,260626,
,false,,망고매니플리즈,,,전체,,https://mangomanyplease.com/product/detail.html?product_no=4881,HERRIT RAGLAN KNIT_YELLOW,,,https://mangomanyplease.com/web/product/medium/202605/de2baa5a04711bf714508b36c0729954.jpg,,,,,,"₩109,000",,,,,,260626,
,false,,망고매니플리즈,,,전체,,https://mangomanyplease.com/product/detail.html?product_no=4859,MAJO COTTON KNIT_IVORY,,,https://mangomanyplease.com/web/product/medium/202605/dfa173090064629ef665f7fb632cf5e2.jpg,,,,,,"₩119,000",,,,,,260626,
,false,,망고매니플리즈,,,전체,,https://mangomanyplease.com/product/detail.html?product_no=4858,MAJO COTTON KNIT_NATURAL,,,https://mangomanyplease.com/web/product/medium/202605/1384122082d2e1edfd77bbb309556b13.jpg,,,,,,"₩119,000",,,,,,260626,
,false,,망고매니플리즈,,,전체,,https://mangomanyplease.com/product/detail.html?product_no=4857,MAJO COTTON KNIT_CHARCOAL,,,https://mangomanyplease.com/web/product/medium/202605/a424d94f2a0fd6fdcde028d6eeba1d5c.jpg,,,,,,"₩119,000",,,,,,260626,
,false,,망고매니플리즈,,,전체,,https://mangomanyplease.com/product/detail.html?product_no=4862,SARUBI LINEN CARDIGAN_IVORY,,,https://mangomanyplease.com/web/product/medium/202605/e7b557abd29df740325b3e0fc10a7683.jpg,,,,,,"₩125,000",,,,,,260626,
,false,,망고매니플리즈,,,전체,,https://mangomanyplease.com/product/detail.html?product_no=4861,SARUBI LINEN CARDIGAN_LIGHT GREEN,,,https://mangomanyplease.com/web/product/medium/202605/f61f97aa9308b509d01328c33b43a9d9.jpg,,,,,,"₩125,000",,,,,,260626,
,false,,망고매니플리즈,,,전체,,https://mangomanyplease.com/product/detail.html?product_no=4860,SARUBI LINEN CARDIGAN_CHARCOAL,,,https://mangomanyplease.com/web/product/medium/202605/92f3d33e5abe897087152e7eb6fc6d15.jpg,,,,,,"₩125,000",,,,,,260626,
,false,,망고매니플리즈,,,전체,,https://mangomanyplease.com/product/detail.html?product_no=4811,ROZ SLIM CARDIGAN_PURE IVORY,,,https://mangomanyplease.com/web/product/medium/202605/a77b8ade43fde6add0e034563cd5d8ad.jpg,,,,,,"₩99,000",,,,,,260626,
,false,,망고매니플리즈,,,전체,,https://mangomanyplease.com/product/detail.html?product_no=4004,ROZ SLIM CARDIGAN_CREAM,,,https://mangomanyplease.com/web/product/medium/202605/17e4058d170452d8002e059684e27765.jpg,,,,,,"₩99,000",,,,,,260626,
,false,,망고매니플리즈,,,전체,,https://mangomanyplease.com/product/detail.html?product_no=4005,ROZ SLIM CARDIGAN_LIGHT GREY,,,https://mangomanyplease.com/web/product/medium/202605/53847fac081cb6541bcdcd6704996e9a.jpg,,,,,,"₩99,000",,,,,,260626,
,false,,망고매니플리즈,,,전체,,https://mangomanyplease.com/product/detail.html?product_no=4006,ROZ SLIM CARDIGAN_BLACK,,,https://mangomanyplease.com/web/product/medium/202605/d8c3eb516eff8dfdb516946515237390.jpg,,,,,,"₩99,000",,,,,,260626,
,false,,망고매니플리즈,,,전체,,https://mangomanyplease.com/product/detail.html?product_no=4880,TOMO PUNCHING ONE PIECE_IVORY,,,https://mangomanyplease.com/web/product/medium/202605/e99aa6420d4c9041fb996e2c362cd19a.jpg,,,,,,"₩159,000",,,,,,260626,
,false,,망고매니플리즈,,,전체,,https://mangomanyplease.com/product/detail.html?product_no=4867,NOON HALTER TEE_CREAMY GREY,,,https://mangomanyplease.com/web/product/medium/202605/907632748d4a90c44dedd7ae10b53c17.jpg,,,,,,"₩65,000",,,,,,260626,
,false,,망고매니플리즈,,,전체,,https://mangomanyplease.com/product/detail.html?product_no=4866,NOON HALTER TEE_MELANGE GREY,,,https://mangomanyplease.com/web/product/medium/202605/1c9bf2ea0ad69e982dfe702ca714a615.jpg,,,,,,"₩65,000",,,,,,260626,
,false,,망고매니플리즈,,,전체,,https://mangomanyplease.com/product/detail.html?product_no=4873,SHAM LACE SKIRT_IVORY,,,https://mangomanyplease.com/web/product/medium/202605/af0259f745e2db9578ac021211a98cc2.jpg,,,,,,"₩85,000",,,,,,260626,
,false,,망고매니플리즈,,,전체,,https://mangomanyplease.com/product/detail.html?product_no=4856,OUR WASHED JEANS_BLUE,,,https://mangomanyplease.com/web/product/medium/202605/e72186b6d8ac6d454fd9169a7b2afa93.jpg,,,,,,"₩129,000",,,,,,260626,
,false,,망고매니플리즈,,,전체,,https://mangomanyplease.com/product/detail.html?product_no=4855,SAIL STRIPE JEANS_BLUE,,,https://mangomanyplease.com/web/product/medium/202605/c3c920d08eb916e5009237f1e4acd07c.jpg,,,,,,"₩149,000",,,,,,260626,
,false,,망고매니플리즈,,,전체,,https://mangomanyplease.com/product/detail.html?product_no=4869,SALT BANDING PANTS_WHITE,,,https://mangomanyplease.com/web/product/medium/202605/fd23c48d0d198c23deed3753b9919534.jpg,,,,,,"₩125,000",,,,,,260626,
,false,,망고매니플리즈,,,전체,,https://mangomanyplease.com/product/detail.html?product_no=4868,SALT BANDING PANTS_MINT,,,https://mangomanyplease.com/web/product/medium/202605/30d906b3e2aca8f422b65f43ec224cd9.jpg,,,,,,"₩125,000",,,,,,260626,
,false,,망고매니플리즈,,,전체,,https://mangomanyplease.com/product/detail.html?product_no=4846,BAIA LINEN SCARF_WHITE,,,https://mangomanyplease.com/web/product/medium/202605/88670c0312861aec297a6dab20b1701b.jpg,,,,,,"₩49,000",,,,,,260626,
,false,,망고매니플리즈,,,전체,,https://mangomanyplease.com/product/detail.html?product_no=4845,BAIA LINEN SCARF_CREAM,,,https://mangomanyplease.com/web/product/medium/202605/9be9ca5ea2122d6d924a32b05e225def.jpg,,,,,,"₩49,000",,,,,,260626,
,false,,망고매니플리즈,,,전체,,https://mangomanyplease.com/product/detail.html?product_no=4844,BAIA LINEN SCARF_LIGHT GREEN,,,https://mangomanyplease.com/web/product/medium/202605/b50f0619fb19879f3ce08ef1b82b96c7.jpg,,,,,,"₩49,000",,,,,,260626,
,false,,망고매니플리즈,,,전체,,https://mangomanyplease.com/product/detail.html?product_no=4843,BAIA LINEN SCARF_BABY BLUE,,,https://mangomanyplease.com/web/product/medium/202605/11de3f64443a0a4f9d7f3caa93e9b1da.jpg,,,,,,"₩49,000",,,,,,260626,
,false,,망고매니플리즈,,,전체,,https://mangomanyplease.com/product/detail.html?product_no=4854,BEAM CANVAS BAG_NATURAL,,,https://mangomanyplease.com/web/product/medium/202605/8b2a064bd4fc36da0b01d2968f7d53b2.jpg,,,,,,"₩79,000",,,,,,260626,
,false,,망고매니플리즈,,,전체,,https://mangomanyplease.com/product/detail.html?product_no=4853,BEAM CANVAS BAG_BLACK,,,https://mangomanyplease.com/web/product/medium/202605/34fba5534e1ae0397f40e34c5fffa9b3.jpg,,,,,,"₩79,000",,,,,,260626,
,false,,망고매니플리즈,,,전체,,https://mangomanyplease.com/product/detail.html?product_no=4852,LEU FLIP FLOPS_BLACK,,,https://mangomanyplease.com/web/product/medium/202605/90d8b3b713596fe873604564e23001c4.jpg,,,,,,"₩149,000",,,,,,260626,
,false,,망고매니플리즈,,,전체,,https://mangomanyplease.com/product/detail.html?product_no=4851,LEU FLIP FLOPS_DEEP BROWN,,,https://mangomanyplease.com/web/product/medium/202605/01866105aa1ada1dd4ae720511979635.jpg,,,,,,"₩149,000",,,,,,260626,
,false,,망고매니플리즈,,,전체,,https://mangomanyplease.com/product/detail.html?product_no=4850,CITY MIRROR WALLET_BLACK,,,https://mangomanyplease.com/web/product/medium/202605/04ac005eb2fc88fd531379e6a99b46bb.jpg,,,,,,"₩109,000",,,,,,260626,
,false,,망고매니플리즈,,,전체,,https://mangomanyplease.com/product/detail.html?product_no=4849,CITY MIRROR WALLET_CARAMEL,,,https://mangomanyplease.com/web/product/medium/202605/3d9ae5f3120ad4a4c81fc9ea863354a3.jpg,,,,,,"₩109,000",,,,,,260626,
,false,,망고매니플리즈,,,전체,,https://mangomanyplease.com/product/detail.html?product_no=4848,M WASHED CAP_BEIGE,,,https://mangomanyplease.com/web/product/medium/202605/b27d5efae6c6a907297bbdfb63ec5886.jpg,,,,,,"₩49,000",,,,,,260626,
,false,,망고매니플리즈,,,전체,,https://mangomanyplease.com/product/detail.html?product_no=4847,M WASHED CAP_CHARCOAL,,,https://mangomanyplease.com/web/product/medium/202605/69a6a110a39099fe31a754d4c54df6c2.jpg,,,,,,"₩49,000",,,,,,260626,
,false,,망고매니플리즈,,,전체,,https://mangomanyplease.com/product/detail.html?product_no=4842,SHEER SUMMER SOCKS_4COLORS,,,https://mangomanyplease.com/web/product/medium/202605/b834b9b32dc320ff8cb7ab8d8abd356c.jpg,,,,,,"₩12,000",,,,,,260626,
,false,,망고매니플리즈,,,전체,,https://mangomanyplease.com/product/detail.html?product_no=4841,SHEER SUMMER SOCKS_4COLORS SET,,,https://mangomanyplease.com/web/product/medium/202605/ebdca64b351b0db4bbbe60ddf6ad4cbe.jpg,,,,,,"₩32,000",,,,,,260626,
,false,,망고매니플리즈,,,전체,,https://mangomanyplease.com/product/detail.html?product_no=4722,PEANUT WASHED JACKET_MILK BEIGE,,,https://mangomanyplease.com/web/product/medium/202605/56b5a0a077f34285c3aa2a7948606d4a.jpg,,,,,,"₩239,000",,,,,,260626,
,false,,망고매니플리즈,,,전체,,https://mangomanyplease.com/product/detail.html?product_no=4723,PEANUT WASHED JACKET_COBALT BLUE,,,https://mangomanyplease.com/web/product/medium/202605/cf8254fc229f5bd4161bb8889dcedcb1.jpg,,,,,,"₩239,000",,,,,,260626,
,false,,망고매니플리즈,,,전체,,https://mangomanyplease.com/product/detail.html?product_no=4714,MOLLI ROUND CARDIGAN_VANILLA,,,https://mangomanyplease.com/web/product/medium/202605/3e277ae23061fea7fdc4a111969936e7.jpg,,,,,,"₩99,000",,,,,,260626,
,false,,망고매니플리즈,,,전체,,https://mangomanyplease.com/product/detail.html?product_no=4715,MOLLI ROUND CARDIGAN_MINT,,,https://mangomanyplease.com/web/product/medium/202605/c45cde159d08a0274a3fa62aa38f1acb.jpg,,,,,,"₩99,000",,,,,,260626,
,false,,망고매니플리즈,,,전체,,https://mangomanyplease.com/product/detail.html?product_no=4716,MOLLI ROUND CARDIGAN_LAVENDER,,,https://mangomanyplease.com/web/product/medium/202605/8a4c1c3ec2bf88a9f8e02e53178f1f05.jpg,,,,,,"₩99,000",,,,,,260626,
,false,,망고매니플리즈,,,전체,,https://mangomanyplease.com/product/detail.html?product_no=4717,MOLLI ROUND CARDIGAN_BLUE,,,https://mangomanyplease.com/web/product/medium/202605/56c39185b1a602964757be882f83e277.jpg,,,,,,"₩99,000",,,,,,260626,
,false,,망고매니플리즈,,,전체,,https://mangomanyplease.com/product/detail.html?product_no=4724,MOLLI ROUND CARDIGAN_GREY,,,https://mangomanyplease.com/web/product/medium/202605/3f8846d49f0a6975a931977b3ab72774.jpg,,,,,,"₩99,000",,,,,,260626,
,false,,망고매니플리즈,,,전체,,https://mangomanyplease.com/product/detail.html?product_no=4730,MOLLI ROUND CARDIGAN_LIME STRIPE,,,https://mangomanyplease.com/web/product/medium/202605/21e9e7274e7b6e4b4c5f41b8c614a75e.jpg,,,,,,"₩99,000",,,,,,260626,
,false,,망고매니플리즈,,,전체,,https://mangomanyplease.com/product/detail.html?product_no=4634,AILE SATIN LACE SKIRT_LIGHT BLUE,,,https://mangomanyplease.com/web/product/medium/202605/cf2802ccdd22db7617def07a6e9e6832.jpg,,,,,,"₩99,000",,,,,,260626,
,false,,망고매니플리즈,,,전체,,https://mangomanyplease.com/product/detail.html?product_no=4396,AILE SATIN LACE SKIRT_CREAM BEIGE,,,https://mangomanyplease.com/web/product/medium/202605/99ebc859cf9c99cbac4905ff671cbc69.jpg,,,,,,"₩99,000",,,,,,260626,
,false,,망고매니플리즈,,,전체,,https://mangomanyplease.com/product/detail.html?product_no=4397,AILE SATIN LACE SKIRT_NAVY,,,https://mangomanyplease.com/web/product/medium/202605/6f2eac7cf7e0d8a38d074b37f76d9e17.jpg,,,,,,"₩99,000",,,,,,260626,
,false,,망고매니플리즈,,,전체,,https://mangomanyplease.com/product/detail.html?product_no=4720,NEER CHECK SHIRT_PINK,,,https://mangomanyplease.com/web/product/medium/202605/3088793f83a8a8d459069c7764908010.jpg,,,,,,"₩105,000",,,,,,260626,
,false,,망고매니플리즈,,,전체,,https://mangomanyplease.com/product/detail.html?product_no=4721,NEER CHECK SHIRT_GREY,,,https://mangomanyplease.com/web/product/medium/202605/4bd584b1b6dd12a255657835c3ef75f6.jpg,,,,,,"₩105,000",,,,,,260626,
,false,,망고매니플리즈,,,전체,,https://mangomanyplease.com/product/detail.html?product_no=4695,ONCE FRILL BLOUSE_WHITE,,,https://mangomanyplease.com/web/product/medium/202605/83bc88ec45f479df24172540ac220b32.jpg,,,,,,"₩109,000",,,,,,260626,
,false,,망고매니플리즈,,,전체,,https://mangomanyplease.com/product/detail.html?product_no=4696,ONCE FRILL BLOUSE_BLACK,,,https://mangomanyplease.com/web/product/medium/202605/ad9c1bef1a27537009de94cdd64dd04c.jpg,,,,,,"₩109,000",,,,,,260626,
,false,,망고매니플리즈,,,전체,,https://mangomanyplease.com/product/detail.html?product_no=4712,JETA PINTUCK JEANS_LIGHT BEIGE,,,https://mangomanyplease.com/web/product/medium/202605/385023901eb8c0286f69aee277858f8b.jpg,,,,,,"₩107,000",,,,,,260626,
,false,,망고매니플리즈,,,전체,,https://mangomanyplease.com/product/detail.html?product_no=4713,JETA PINTUCK JEANS_BLUE,,,https://mangomanyplease.com/web/product/medium/202605/10b9a2d7bd7176d186636f1e4c872443.jpg,,,,,,"₩107,000",,,,,,260626,
,false,,망고매니플리즈,,,전체,,https://mangomanyplease.com/product/detail.html?product_no=4707,PIORA SHIRRING BLOUSON_CREAM,,,https://mangomanyplease.com/web/product/medium/202605/e53a21c5e246991321bb06a5cfd5cce7.jpg,,,,,,"₩199,000",,,,,,260626,
,false,,망고매니플리즈,,,전체,,https://mangomanyplease.com/product/detail.html?product_no=4708,PIORA SHIRRING BLOUSON_LIME,,,https://mangomanyplease.com/web/product/medium/202605/0632c8ba4d67f39f0576d14f79909a03.jpg,,,,,,"₩199,000",,,,,,260626,
,false,,망고매니플리즈,,,전체,,https://mangomanyplease.com/product/detail.html?product_no=4688,MAHO RAGLAN TEE_CREAM KHAKI,,,https://mangomanyplease.com/web/product/medium/202605/fe281c6b3c1372a50da124de02d03fea.jpg,,,,,,"₩69,000",,,,,,260626,
,false,,망고매니플리즈,,,전체,,https://mangomanyplease.com/product/detail.html?product_no=4689,MAHO RAGLAN TEE_MIST NAVY,,,https://mangomanyplease.com/web/product/medium/202605/b6591a2556509741ef721577e9e1ec28.jpg,,,,,,"₩69,000",,,,,,260626,
,false,,망고매니플리즈,,,전체,,https://mangomanyplease.com/product/detail.html?product_no=4690,MAHO RAGLAN TEE_GREY CHARCOAL,,,https://mangomanyplease.com/web/product/medium/202605/8a5f3350cca5fc11759b887d4941154f.jpg,,,,,,"₩69,000",,,,,,260626,
,false,,망고매니플리즈,,,전체,,https://mangomanyplease.com/product/detail.html?product_no=4686,TETTA WASHED PANTS_MIST,,,https://mangomanyplease.com/web/product/medium/202605/76c9c7bf44f52f31ae0c18e5f7a205c2.jpg,,,,,,"₩139,000",,,,,,260626,
,false,,망고매니플리즈,,,전체,,https://mangomanyplease.com/product/detail.html?product_no=4687,TETTA WASHED PANTS_BEIGE,,,https://mangomanyplease.com/web/product/medium/202605/6256ea1fbb7b1bea9bc039faa2e700f8.jpg,,,,,,"₩139,000",,,,,,260626,
,false,,망고매니플리즈,,,전체,,https://mangomanyplease.com/product/detail.html?product_no=4679,WEZZY CARDIGAN_CREAM,,,https://mangomanyplease.com/web/product/medium/202605/f6723f9127dd72caa1a72ac3713e0c5e.jpg,,,,,,"₩135,000",,,,,,260626,
,false,,망고매니플리즈,,,전체,,https://mangomanyplease.com/product/detail.html?product_no=4680,WEZZY CARDIGAN_LIGHT GREEN,,,https://mangomanyplease.com/web/product/medium/202605/c5220def48bb5f8b97643eaa920b291f.jpg,,,,,,"₩135,000",,,,,,260626,
,false,,망고매니플리즈,,,전체,,https://mangomanyplease.com/product/detail.html?product_no=4681,WEZZY CARDIGAN_LIGHT BLUE,,,https://mangomanyplease.com/web/product/medium/202605/0b17918ae7ecd0d26ec20b62dfdf8d1b.jpg,,,,,,"₩135,000",,,,,,260626,
,false,,망고매니플리즈,,,전체,,https://mangomanyplease.com/product/detail.html?product_no=4745,TITTY SHIRRING ONE PIECE_IVORY,,,https://mangomanyplease.com/web/product/medium/202605/779b553d05d30e10592647b1c8ec1c09.jpg,,,,,,"₩169,000",,,,,,260626,
,false,,망고매니플리즈,,,전체,,https://mangomanyplease.com/product/detail.html?product_no=4746,TITTY SHIRRING ONE PIECE_BLACK,,,https://mangomanyplease.com/web/product/medium/202605/69f04e2ca31683f579c2cf1d0c041476.jpg,,,,,,"₩169,000",,,,,,260626,
,false,,망고매니플리즈,,,전체,,https://mangomanyplease.com/product/detail.html?product_no=4735,YURI CARDIGAN SET_IVORY,,,https://mangomanyplease.com/web/product/medium/202605/c8c660c6ade0682a1f18fadd009ae8f3.jpg,,,,,,"₩165,000",,,,,,260626,
,false,,망고매니플리즈,,,전체,,https://mangomanyplease.com/product/detail.html?product_no=4736,YURI CARDIGAN SET_VANILLA,,,https://mangomanyplease.com/web/product/medium/202605/45d2f70337285bfb590b8def090cb998.jpg,,,,,,"₩165,000",,,,,,260626,
,false,,망고매니플리즈,,,전체,,https://mangomanyplease.com/product/detail.html?product_no=4737,YURI CARDIGAN SET_NAVY,,,https://mangomanyplease.com/web/product/medium/202605/5f5d8850206f89414428c6320f5d395e.jpg,,,,,,"₩165,000",,,,,,260626,
,false,,망고매니플리즈,,,전체,,https://mangomanyplease.com/product/detail.html?product_no=4691,TINDER HOODIE SHIRT_WHITE,,,https://mangomanyplease.com/web/product/medium/202605/8f1feb5ed40ee3ade2e5afdf9fe669b9.jpg,,,,,,"₩135,000",,,,,,260626,
,false,,망고매니플리즈,,,전체,,https://mangomanyplease.com/product/detail.html?product_no=4692,TINDER HOODIE SHIRT_BLUE CHECK,,,https://mangomanyplease.com/web/product/medium/202605/1f44ddd99e9f02171e3d135559426200.jpg,,,,,,"₩135,000",,,,,,260626,
,false,,망고매니플리즈,,,전체,,https://mangomanyplease.com/product/detail.html?product_no=4693,NAIKO SHIRRING SKIRT_IVORY,,,https://mangomanyplease.com/web/product/medium/202605/0404e817cd7f147ea5d38dd02432e483.jpg,,,,,,"₩139,000",,,,,,260626,
,false,,망고매니플리즈,,,전체,,https://mangomanyplease.com/product/detail.html?product_no=4694,NAIKO SHIRRING SKIRT_BLUE CHECK,,,https://mangomanyplease.com/web/product/medium/202605/5f1038a936bdd2189e6cca1701a9341e.jpg,,,,,,"₩139,000",,,,,,260626,
,false,,망고매니플리즈,,,전체,,https://mangomanyplease.com/product/detail.html?product_no=4684,WEET MINI SKIRT_MINT,,,https://mangomanyplease.com/web/product/medium/202605/b880fef3922c338dc5f0f7d31a873a4a.jpg,,,,,,"₩105,000",,,,,,260626,
,false,,망고매니플리즈,,,전체,,https://mangomanyplease.com/product/detail.html?product_no=4685,WEET MINI SKIRT_PURPLE,,,https://mangomanyplease.com/web/product/medium/202605/6f1469a4f5a6dc57291c3589e606f5d4.jpg,,,,,,"₩105,000",,,,,,260626,
,false,,망고매니플리즈,,,전체,,https://mangomanyplease.com/product/detail.html?product_no=4718,SHOWY LACE TOP_CREAM,,,https://mangomanyplease.com/web/product/medium/202605/f4e44a6260357367f7c96bb0ff0aa902.jpg,,,,,,"₩139,000",,,,,,260626,
,false,,망고매니플리즈,,,전체,,https://mangomanyplease.com/product/detail.html?product_no=4719,SHOWY LACE TOP_NAVY,,,https://mangomanyplease.com/web/product/medium/202605/ab469da578226199c2d15e405532e300.jpg,,,,,,"₩139,000",,,,,,260626,
,false,,망고매니플리즈,,,전체,,https://mangomanyplease.com/product/detail.html?product_no=4697,PEPE WRAP SHIRT_WHITE,,,https://mangomanyplease.com/web/product/medium/202605/2ba1bdf497147a11f9106493eebf8689.jpg,,,,,,"₩129,000",,,,,,260626,
,false,,망고매니플리즈,,,전체,,https://mangomanyplease.com/product/detail.html?product_no=4698,PEPE WRAP SHIRT_LIGHT PINK,,,https://mangomanyplease.com/web/product/medium/202605/de6a2910887393ab3113e8afac424227.jpg,,,,,,"₩129,000",,,,,,260626,
,false,,망고매니플리즈,,,전체,,https://mangomanyplease.com/product/detail.html?product_no=4699,PEPE WRAP SHIRT_PURE BLUE,,,https://mangomanyplease.com/web/product/medium/202605/80cdc6f7fa0876031d20aa515ad41584.jpg,,,,,,"₩129,000",,,,,,260626,
,false,,망고매니플리즈,,,전체,,https://mangomanyplease.com/product/detail.html?product_no=4744,BLUMI LACE SKIRT_NATURAL,,,https://mangomanyplease.com/web/product/medium/202605/23decde92b312fde8ddffd6945ee2459.jpg,,,,,,"₩159,000",,,,,,260626,
,false,,망고매니플리즈,,,전체,,https://mangomanyplease.com/product/detail.html?product_no=4710,HEM WASHED SKIRT_IVORY,,,https://mangomanyplease.com/web/product/medium/202605/1fb2b8889fe948f85e73116047ca7603.jpg,,,,,,"₩135,000",,,,,,260626,
,false,,망고매니플리즈,,,전체,,https://mangomanyplease.com/product/detail.html?product_no=4711,HEM WASHED SKIRT_KHAKI,,,https://mangomanyplease.com/web/product/medium/202605/f7cf74f24c321fc912a0cb2e32594be7.jpg,,,,,,"₩135,000",,,,,,260626,
,false,,망고매니플리즈,,,전체,,https://mangomanyplease.com/product/detail.html?product_no=4682,LILAC SLIP ONE PIECE_CREAM,,,https://mangomanyplease.com/web/product/medium/202605/22656b162442c11e42c460a7985ec1ff.jpg,,,,,,"₩139,000",,,,,,260626,
,false,,망고매니플리즈,,,전체,,https://mangomanyplease.com/product/detail.html?product_no=4683,LILAC SLIP ONE PIECE_BLACK,,,https://mangomanyplease.com/web/product/medium/202605/0cedf8ede0761e868106e3a3d4e71d77.jpg,,,,,,"₩139,000",,,,,,260626,
,false,,망고매니플리즈,,,전체,,https://mangomanyplease.com/product/detail.html?product_no=4703,CROFFLE SLIM TEE_CREAMY LEMON,,,https://mangomanyplease.com/web/product/medium/202605/ec01f5545cb46f7d8ec5212b61c9ac45.jpg,,,,,,"₩65,000",,,,,,260626,
,false,,망고매니플리즈,,,전체,,https://mangomanyplease.com/product/detail.html?product_no=4702,CROFFLE SLIM TEE_LIGHT GREY,,,https://mangomanyplease.com/web/product/medium/202605/5f9a40dc22dca3f341b7bb60717a1d3d.jpg,,,,,,"₩65,000",,,,,,260626,
,false,,망고매니플리즈,,,전체,,https://mangomanyplease.com/product/detail.html?product_no=4704,CROFFLE SLIM TEE_NAVY,,,https://mangomanyplease.com/web/product/medium/202605/b9f4ca56c4a9e65299051215fb55ea74.jpg,,,,,,"₩65,000",,,,,,260626,
,false,,망고매니플리즈,,,전체,,https://mangomanyplease.com/product/detail.html?product_no=4705,CROFFLE OVER FIT TEE_CREAMY LEMON,,,https://mangomanyplease.com/web/product/medium/202605/b1c154ac9d012f3050d90a6899c76c32.jpg,,,,,,"₩79,000",,,,,,260626,
,false,,망고매니플리즈,,,전체,,https://mangomanyplease.com/product/detail.html?product_no=4706,CROFFLE OVER FIT TEE_MELANGE GREY,,,https://mangomanyplease.com/web/product/medium/202605/80be4f044345876dbe115a4bdb20a62c.jpg,,,,,,"₩79,000",,,,,,260626,
,false,,망고매니플리즈,,,전체,,https://mangomanyplease.com/product/detail.html?product_no=4727,KONNI HALTER KNIT VEST_PURE IVORY,,,https://mangomanyplease.com/web/product/medium/202605/784632c064bfe873edce8481db6a77cd.jpg,,,,,,"₩85,000",,,,,,260626,
,false,,망고매니플리즈,,,전체,,https://mangomanyplease.com/product/detail.html?product_no=4729,KONNI HALTER KNIT VEST_MIST GREY,,,https://mangomanyplease.com/web/product/medium/202605/92890ecdeb3fb6e9165a4fd267ef40c5.jpg,,,,,,"₩85,000",,,,,,260626,
,false,,망고매니플리즈,,,전체,,https://mangomanyplease.com/product/detail.html?product_no=4728,KONNI HALTER KNIT VEST_CHARCOAL,,,https://mangomanyplease.com/web/product/medium/202605/54f99f78df8ab6ecb43b90b3a5cb9354.jpg,,,,,,"₩85,000",,,,,,260626,
,false,,망고매니플리즈,,,전체,,https://mangomanyplease.com/product/detail.html?product_no=4700,BONE COTTON PANTS_BUTTER CREAM,,,https://mangomanyplease.com/web/product/medium/202605/a354335217e334b8f8f0131d3b676313.jpg,,,,,,"₩135,000",,,,,,260626,
,false,,망고매니플리즈,,,전체,,https://mangomanyplease.com/product/detail.html?product_no=4701,BONE COTTON PANTS_BLACK,,,https://mangomanyplease.com/web/product/medium/202605/baaf20f139d8346f73b8a9a005f21f37.jpg,,,,,,"₩135,000",,,,,,260626,
,false,,망고매니플리즈,,,전체,,https://mangomanyplease.com/product/detail.html?product_no=4709,JETA SHORTS_NATURAL BEIGE,,,https://mangomanyplease.com/web/product/medium/202605/de49d265010449624456b2467b573ef5.jpg,,,,,,"₩99,000",,,,,,260626,
,false,,망고매니플리즈,,,전체,,https://mangomanyplease.com/product/detail.html?product_no=4738,FLAT SQUARE BAG_IVORY,,,https://mangomanyplease.com/web/product/medium/202605/f70bd8954b2b0ff54637b1fd43a77a4f.jpg,,,,,,"₩319,000",,,,,,260626,
,false,,망고매니플리즈,,,전체,,https://mangomanyplease.com/product/detail.html?product_no=4739,FLAT SQUARE BAG_BLACK,,,https://mangomanyplease.com/web/product/medium/202605/9609d89d3034735dd3fc10984b2a17e3.jpg,,,,,,"₩319,000",,,,,,260626,
,false,,망고매니플리즈,,,전체,,https://mangomanyplease.com/product/detail.html?product_no=4740,TINNY BUCKET BAG_BLACK,,,https://mangomanyplease.com/web/product/medium/202605/3c6fb13408b33ceefd72a585840d9f57.jpg,,,,,,"₩139,000",,,,,,260626,
,false,,망고매니플리즈,,,전체,,https://mangomanyplease.com/product/detail.html?product_no=4731,ORKNEY LOAFER_IVORY,,,https://mangomanyplease.com/web/product/medium/202605/5802c834bf2e6204f0c6a3433b7d22a2.jpg,,,,,,"₩179,000",,,,,,260626,
,false,,망고매니플리즈,,,전체,,https://mangomanyplease.com/product/detail.html?product_no=4732,ORKNEY LOAFER_BLACK,,,https://mangomanyplease.com/web/product/medium/202605/2eb41c1f5310eac1973a2500b6b79716.jpg,,,,,,"₩179,000",,,,,,260626,
,false,,망고매니플리즈,,,전체,,https://mangomanyplease.com/product/detail.html?product_no=4733,NONNI SQAURE MULE_LEMON CREAM,,,https://mangomanyplease.com/web/product/medium/202605/5768f7fabb816fac4ab979bf7264543c.jpg,,,,,,"₩149,000",,,,,,260626,
,false,,망고매니플리즈,,,전체,,https://mangomanyplease.com/product/detail.html?product_no=4734,NONNI SQAURE MULE_PISTACHIO,,,https://mangomanyplease.com/web/product/medium/202605/981b7fd141016949c7977ad6a895a6b7.jpg,,,,,,"₩149,000",,,,,,260626,
,false,,망고매니플리즈,,,전체,,https://mangomanyplease.com/product/detail.html?product_no=3667,BORN SHIRRING FLAT SHOES_5COLORS,,,https://mangomanyplease.com/web/product/medium/202605/f5c0f3bc635d4ef3d153a96771424d36.jpg,,,,,,"₩159,000",,,,,,260626,
,false,,망고매니플리즈,,,전체,,https://mangomanyplease.com/product/detail.html?product_no=4741,PEPE SCRUNCHIE_WHITE,,,https://mangomanyplease.com/web/product/medium/202605/dfa11b0bad5593eccd9e43bcc29a71c7.jpg,,,,,,"₩25,000",,,,,,260626,
,false,,망고매니플리즈,,,전체,,https://mangomanyplease.com/product/detail.html?product_no=4743,PEPE SCRUNCHIE_LIGHT PINK,,,https://mangomanyplease.com/web/product/medium/202605/a8f258dbecad8e1f95eb3bd713ad062f.jpg,,,,,,"₩25,000",,,,,,260626,
,false,,망고매니플리즈,,,전체,,https://mangomanyplease.com/product/detail.html?product_no=4742,PEPE SCRUNCHIE_PURE BLUE,,,https://mangomanyplease.com/web/product/medium/202605/14cba4dcfc07202339ee795e12ada476.jpg,,,,,,"₩25,000",,,,,,260626,
,false,,망고매니플리즈,,,전체,,https://mangomanyplease.com/product/detail.html?product_no=4150,CLICHE STRING BLOUSE_WHITE,,,https://mangomanyplease.com/web/product/medium/202605/9471b62fa26d6279e7a07a1100dfbd2f.jpg,,,,,,"₩89,000",,,,,,260626,
,false,,망고매니플리즈,,,전체,,https://mangomanyplease.com/product/detail.html?product_no=4151,CLICHE STRING BLOUSE_BLACK,,,https://mangomanyplease.com/web/product/medium/202605/95735f9cec66d283a212c8e3c859ea00.jpg,,,,,,"₩89,000",,,,,,260626,
,false,,망고매니플리즈,,,전체,,https://mangomanyplease.com/product/detail.html?product_no=2548,NET SUMMER CARDIGAN,,,https://mangomanyplease.com/web/product/medium/202605/d1b9d2ef04eae94a21d194061f32c82a.jpg,,,,,,"₩139,000",,,,,,260626,
,false,,망고매니플리즈,,,전체,,https://mangomanyplease.com/product/detail.html?product_no=3556,CROKI CARDIGAN,,,https://mangomanyplease.com/web/product/medium/202605/d367db40aa38121b1202057004ff4b8e.jpg,,,,,,"₩116,000",,,,,,260626,
,false,,망고매니플리즈,,,전체,,https://mangomanyplease.com/product/detail.html?product_no=4264,SORR BANDING PANTS_NATURAL BEIGE,,,https://mangomanyplease.com/web/product/medium/202605/bd0856d7359dadada243e2f685b25605.jpg,,,,,,"₩109,000",,,,,,260626,
,false,,망고매니플리즈,,,전체,,https://mangomanyplease.com/product/detail.html?product_no=4265,SORR BANDING PANTS_BLACK,,,https://mangomanyplease.com/web/product/medium/202605/46060f8302e982d4fd52abf0fcee9756.jpg,,,,,,"₩109,000",,,,,,260626,
,false,,망고매니플리즈,,,전체,,https://mangomanyplease.com/product/detail.html?product_no=1452,TOUCH BANDING PANTS,,,https://mangomanyplease.com/web/product/medium/202605/8d8b3885370fad01153b85ff0def84bf.jpg,,,,,,"₩89,000",,,,,,260626,
,false,,망고매니플리즈,,,전체,,https://mangomanyplease.com/product/detail.html?product_no=2563,MELLAN STRIPE SHIRT,,,https://mangomanyplease.com/web/product/medium/202605/802b097ac16f8cc65329f81b424a4b1a.jpg,,,,,,"₩89,000",,,,,,260626,
,false,,망고매니플리즈,,,전체,,https://mangomanyplease.com/product/detail.html?product_no=2020,INES SHIRRING BLOUSE,,,https://mangomanyplease.com/web/product/medium/202605/dbd0f9f7bf9bb51ef1ad11f5a74a8026.jpg,,,,,,"₩89,000",,,,,,260626,
,false,,망고매니플리즈,,,전체,,https://mangomanyplease.com/product/detail.html?product_no=3540,OLGA CROP TEE,,,https://mangomanyplease.com/web/product/medium/202606/9b26d48606d74a1a96623ddc66187aec.jpg,,,,,,"₩39,000",,,,,,260626,
,false,,망고매니플리즈,,,전체,,https://mangomanyplease.com/product/detail.html?product_no=3587,DAISY TEE,,,https://mangomanyplease.com/web/product/medium/202605/83ac62822eb026041941a1c369077fb7.jpg,,,,,,"₩43,000",,,,,,260626,
,false,,망고매니플리즈,,,전체,,https://mangomanyplease.com/product/detail.html?product_no=4174,DEW PINTUCK JEANS_LIGHT BLUE,,,https://mangomanyplease.com/web/product/medium/202605/eea39796d1102e9385cf2fbe16ebe690.jpg,,,,,,"₩109,000",,,,,,260626,
,false,,망고매니플리즈,,,전체,,https://mangomanyplease.com/product/detail.html?product_no=2980,LIBET BIKER SHORTS,,,https://mangomanyplease.com/web/product/medium/202605/c750d56aedfc2b98b7ba132801779fb2.jpg,,,,,,"₩83,000",,,,,,260626,
,false,,망고매니플리즈,,,전체,,https://mangomanyplease.com/product/detail.html?product_no=4268,MONICA PUNCHING PANTS_WHITE,,,https://mangomanyplease.com/web/product/medium/202605/7c4c6d6e86cc4c3e04ddac976dea8066.jpg,,,,,,"₩149,000",,,,,,260626,
,false,,망고매니플리즈,,,전체,,https://mangomanyplease.com/product/detail.html?product_no=4156,MADLEN SWEATSHIRT_LIGHT GREY,,,https://mangomanyplease.com/web/product/medium/202605/fd4a5711a13c0bbb2d3cf47031934206.jpg,,,,,,"₩79,000",,,,,,260626,
,false,,망고매니플리즈,,,전체,,https://mangomanyplease.com/product/detail.html?product_no=4157,MADLEN SWEATSHIRT_OATMEAL,,,https://mangomanyplease.com/web/product/medium/202605/c402bcdd603dbaa1655e68fffd727e0c.jpg,,,,,,"₩79,000",,,,,,260626,
,false,,망고매니플리즈,,,전체,,https://mangomanyplease.com/product/detail.html?product_no=4158,MADLEN BANDING SHORTS_LIGHT GREY,,,https://mangomanyplease.com/web/product/medium/202605/58c78dbb39d852e8dc69cbd910ae0dea.jpg,,,,,,"₩63,000",,,,,,260626,
,false,,망고매니플리즈,,,전체,,https://mangomanyplease.com/product/detail.html?product_no=4159,MADLEN BANDING SHORTS_OATMEAL,,,https://mangomanyplease.com/web/product/medium/202605/3fb49960077a976fb8cf56f990844d55.jpg,,,,,,"₩63,000",,,,,,260626,
,false,,망고매니플리즈,,,전체,,https://mangomanyplease.com/product/detail.html?product_no=1506,NEUTRAL SWEATSHIRT,,,https://mangomanyplease.com/web/product/medium/202605/dbdb90dd3b6549b1f0d32055b9d87505.jpg,,,,,,"₩63,000",,,,,,260626,
,false,,망고매니플리즈,,,전체,,https://mangomanyplease.com/product/detail.html?product_no=4182,BILL H SKIRT_BLACK,,,https://mangomanyplease.com/web/product/medium/202605/8c10ed28bb4f3f89718cf8f9e4264eb9.jpg,,,,,,"₩99,000",,,,,,260626,
,false,,망고매니플리즈,,,전체,,https://mangomanyplease.com/product/detail.html?product_no=4181,BILL H SKIRT_KHAKI BEIGE,,,https://mangomanyplease.com/web/product/medium/202605/618e5a1f4f756d2e141661f1ce614adb.jpg,,,,,,"₩99,000",,,,,,260626,
,false,,망고매니플리즈,,,전체,,https://mangomanyplease.com/product/detail.html?product_no=4214,RAVE PUNCHING CARDIGAN_IVORY,,,https://mangomanyplease.com/web/product/medium/202605/903241031c295eb45ecd2ed67f3f4da6.jpg,,,,,,"₩109,000",,,,,,260626,
,false,,망고매니플리즈,,,전체,,https://mangomanyplease.com/product/detail.html?product_no=4215,RAVE PUNCHING CARDIGAN_NATURAL BEIGE,,,https://mangomanyplease.com/web/product/medium/202605/2c1182a7e3fa671d52c0d5f1a7ad77f6.jpg,,,,,,"₩109,000",,,,,,260626,
,false,,망고매니플리즈,,,전체,,https://mangomanyplease.com/product/detail.html?product_no=4216,RAVE PUNCHING CARDIGAN_BLACK,,,https://mangomanyplease.com/web/product/medium/202605/2753334ffed5a5344400a4bd3649aeff.jpg,,,,,,"₩109,000",,,,,,260626,
,false,,망고매니플리즈,,,전체,,https://mangomanyplease.com/product/detail.html?product_no=4222,POYNI TIE CARDIGAN_PURE IVORY,,,https://mangomanyplease.com/web/product/medium/202605/e3c5e6f065fcf6ecc54015eb82ba627a.jpg,,,,,,"₩115,000",,,,,,260626,
,false,,망고매니플리즈,,,전체,,https://mangomanyplease.com/product/detail.html?product_no=4224,POYNI TIE CARDIGAN_CHARCOAL,,,https://mangomanyplease.com/web/product/medium/202605/7148bda20cf66a8308faf5c7470887f6.jpg,,,,,,"₩115,000",,,,,,260626,
,false,,망고매니플리즈,,,전체,,https://mangomanyplease.com/product/detail.html?product_no=4153,REGA STRIPE KNIT_NATURAL,,,https://mangomanyplease.com/web/product/medium/202605/6a1988d35eef2db901c909baa76c3358.jpg,,,,,,"₩85,000",,,,,,260626,
,false,,망고매니플리즈,,,전체,,https://mangomanyplease.com/product/detail.html?product_no=4154,REGA STRIPE KNIT_NAVY,,,https://mangomanyplease.com/web/product/medium/202605/69f7622c116d6eb5931b0d830ea321b9.jpg,,,,,,"₩85,000",,,,,,260626,
,false,,망고매니플리즈,,,전체,,https://mangomanyplease.com/product/detail.html?product_no=4217,SEN STRIPE KNIT SLEEVELESS_LIGHT BLUE,,,https://mangomanyplease.com/web/product/medium/202605/aa6147b0f8cc6b1c7439fdf8fa8f3b32.jpg,,,,,,"₩89,000",,,,,,260626,
,false,,망고매니플리즈,,,전체,,https://mangomanyplease.com/product/detail.html?product_no=4218,SEN STRIPE KNIT SLEEVELESS_BLACK,,,https://mangomanyplease.com/web/product/medium/202605/aabc02d43ef47519cc139bc447b51857.jpg,,,,,,"₩89,000",,,,,,260626,
,false,,망고매니플리즈,,,전체,,https://mangomanyplease.com/product/detail.html?product_no=4225,TANI KNIT SLEEVELESS_NATURAL,,,https://mangomanyplease.com/web/product/medium/202605/c0bed8725bdbc92b50468d84539f761f.jpg,,,,,,"₩79,000",,,,,,260626,
,false,,망고매니플리즈,,,전체,,https://mangomanyplease.com/product/detail.html?product_no=4227,TANI KNIT SLEEVELESS_NAVY,,,https://mangomanyplease.com/web/product/medium/202605/d3f8b4d572ae4c3fefd9f5481f15317e.jpg,,,,,,"₩79,000",,,,,,260626,
,false,,망고매니플리즈,,,전체,,https://mangomanyplease.com/product/detail.html?product_no=4259,YONY SLEEVELESS BLOUSE_PURE IVORY,,,https://mangomanyplease.com/web/product/medium/202605/b4265b0d2f99a691215f65d8fbf0a09c.jpg,,,,,,"₩109,000",,,,,,260626,
,false,,망고매니플리즈,,,전체,,https://mangomanyplease.com/product/detail.html?product_no=4260,YONY SLEEVELESS BLOUSE_BLACK,,,https://mangomanyplease.com/web/product/medium/202605/d12048051871e0fb3b9bd41b7d412987.jpg,,,,,,"₩109,000",,,,,,260626,
,false,,망고매니플리즈,,,전체,,https://mangomanyplease.com/product/detail.html?product_no=4278,RIAN STRIPE SLEEVELESS_BEIGE,,,https://mangomanyplease.com/web/product/medium/202605/8e5766c5067e62f54110c8fefd75152e.jpg,,,,,,"₩89,000",,,,,,260626,
,false,,망고매니플리즈,,,전체,,https://mangomanyplease.com/product/detail.html?product_no=4290,MELLO SLEEVELESS BLOUSE_IVORY,,,https://mangomanyplease.com/web/product/medium/202605/2df173c1b505e71e8fb5991e3f2e5458.jpg,,,,,,"₩89,000",,,,,,260626,
,false,,망고매니플리즈,,,전체,,https://mangomanyplease.com/product/detail.html?product_no=4291,MELLO SLEEVELESS BLOUSE_BLACK,,,https://mangomanyplease.com/web/product/medium/202605/7ae9b98234f35801422a793d21d02f76.jpg,,,,,,"₩89,000",,,,,,260626,
,false,,망고매니플리즈,,,전체,,https://mangomanyplease.com/product/detail.html?product_no=4279,DONA BUTTON SLEEVELESS_IVORY,,,https://mangomanyplease.com/web/product/medium/202605/b18f7163d8fc5f7ff3dc7280829ec6e7.jpg,,,,,,"₩99,000",,,,,,260626,
,false,,망고매니플리즈,,,전체,,https://mangomanyplease.com/product/detail.html?product_no=4281,DONA SKIRT_IVORY,,,https://mangomanyplease.com/web/product/medium/202605/4f10ed1d083787209a79548795b3f0e8.jpg,,,,,,"₩95,000",,,,,,260626,
,false,,망고매니플리즈,,,전체,,https://mangomanyplease.com/product/detail.html?product_no=4282,DONA SKIRT_BLACK,,,https://mangomanyplease.com/web/product/medium/202605/8496b3c624a29ac4f878df5d2a2e92a2.jpg,,,,,,"₩95,000",,,,,,260626,
,false,,망고매니플리즈,,,전체,,https://mangomanyplease.com/product/detail.html?product_no=4292,ODE DOT FLARE SKIRT_CREAM,,,https://mangomanyplease.com/web/product/medium/202605/b912e1890595db1a334de136d757e8f8.jpg,,,,,,"₩119,000",,,,,,260626,
,false,,망고매니플리즈,,,전체,,https://mangomanyplease.com/product/detail.html?product_no=4200,SEAL STRIPE DENIM SHORTS_STRIPE,,,https://mangomanyplease.com/web/product/medium/202605/f2f51fdd5c1ef74d43e7ca1848210fef.jpg,,,,,,"₩99,000",,,,,,260626,
,false,,망고매니플리즈,,,전체,,https://mangomanyplease.com/product/detail.html?product_no=4213,HEDER DENIM SHORTS_BLUE,,,https://mangomanyplease.com/web/product/medium/202605/ccf234dc6b961c46ed928d247a7db004.jpg,,,,,,"₩99,000",,,,,,260626,
,false,,망고매니플리즈,,,전체,,https://mangomanyplease.com/product/detail.html?product_no=4228,TITO KNIT SHORTS_PURE IVORY,,,https://mangomanyplease.com/web/product/medium/202605/6c79ee22ae245f474281dd1e0e5dd389.jpg,,,,,,"₩99,000",,,,,,260626,
,false,,망고매니플리즈,,,전체,,https://mangomanyplease.com/product/detail.html?product_no=4233,TITO KNIT SHORTS_NATURAL,,,https://mangomanyplease.com/web/product/medium/202605/5d58fba9d384ba76b127c5b8c25947ac.jpg,,,,,,"₩99,000",,,,,,260626,
,false,,망고매니플리즈,,,전체,,https://mangomanyplease.com/product/detail.html?product_no=4234,TITO KNIT SHORTS_BLACK,,,https://mangomanyplease.com/web/product/medium/202605/0f470f23bb320056f45140852974e03b.jpg,,,,,,"₩99,000",,,,,,260626,
,false,,망고매니플리즈,,,전체,,https://mangomanyplease.com/product/detail.html?product_no=4261,MELLO BANDING SHORTS_IVORY,,,https://mangomanyplease.com/web/product/medium/202605/4926c9a1811fc4241ab209c074ffbfd4.jpg,,,,,,"₩85,000",,,,,,260626,
,false,,망고매니플리즈,,,전체,,https://mangomanyplease.com/product/detail.html?product_no=4271,NOA CULOTTES SHORTS_BEIGE,,,https://mangomanyplease.com/web/product/medium/202605/baedac3c5c305be1534d573a0de58241.jpg,,,,,,"₩105,000",,,,,,260626,
,false,,망고매니플리즈,,,전체,,https://mangomanyplease.com/product/detail.html?product_no=4272,NOA CULOTTES SHORTS_WHITE,,,https://mangomanyplease.com/web/product/medium/202605/5cf6fb5c52bf9810d83909fe75c726be.jpg,,,,,,"₩105,000",,,,,,260626,
,false,,망고매니플리즈,,,전체,,https://mangomanyplease.com/product/detail.html?product_no=4275,MELBUN TURN UP SHORTS_KHAKI,,,https://mangomanyplease.com/web/product/medium/202605/7705582c6731b2e7888925fa5581d7d2.jpg,,,,,,"₩99,000",,,,,,260626,
,false,,망고매니플리즈,,,전체,,https://mangomanyplease.com/product/detail.html?product_no=4276,MELBUN TURN UP SHORTS_NAVY,,,https://mangomanyplease.com/web/product/medium/202605/61339ee40c3104e5c0d3b782b30a3685.jpg,,,,,,"₩99,000",,,,,,260626,
,false,,망고매니플리즈,,,전체,,https://mangomanyplease.com/product/detail.html?product_no=4269,PURE LAYERED ONE PIECE_WHITE,,,https://mangomanyplease.com/web/product/medium/202605/b3e92e288926cc9b92657b2129e8af88.jpg,,,,,,"₩125,000",,,,,,260626,
,false,,망고매니플리즈,,,전체,,https://mangomanyplease.com/product/detail.html?product_no=4270,SANDI SHIRT ONE PIECE_PURE IVORY,,,https://mangomanyplease.com/web/product/medium/202605/cebec34acd467923b0c5d5b9090eea7b.jpg,,,,,,"₩119,000",,,,,,260626,
,false,,망고매니플리즈,,,전체,,https://mangomanyplease.com/product/detail.html?product_no=4287,LOHA STRING ONE PIECE_CREAM,,,https://mangomanyplease.com/web/product/medium/202605/2c4724e24304ad51f24085cf761c4d97.jpg,,,,,,"₩159,000",,,,,,260626,
,false,,망고매니플리즈,,,전체,,https://mangomanyplease.com/product/detail.html?product_no=4288,LOHA STRING ONE PIECE_BLACK,,,https://mangomanyplease.com/web/product/medium/202605/60d20b918192b26b64d685b8937c0bee.jpg,,,,,,"₩159,000",,,,,,260626,
,false,,망고매니플리즈,,,전체,,https://mangomanyplease.com/product/detail.html?product_no=4294,LUANA CUT OUT ONE PIECE_IVORY,,,https://mangomanyplease.com/web/product/medium/202605/d30746f6f20a96b17839637b95254fc8.jpg,,,,,,"₩159,000",,,,,,260626,
,false,,망고매니플리즈,,,전체,,https://mangomanyplease.com/product/detail.html?product_no=4295,LUANA CUT OUT ONE PIECE_BLACK,,,https://mangomanyplease.com/web/product/medium/202605/c668de1847e3e325d8f654565311e497.jpg,,,,,,"₩159,000",,,,,,260626,
,false,,망고매니플리즈,,,전체,,https://mangomanyplease.com/product/detail.html?product_no=4289,KYLA FLORAL ONE PIECE_BLACK,,,https://mangomanyplease.com/web/product/medium/202605/f51d2dc490859191dbc34a4c7765c42e.jpg,,,,,,"₩149,000",,,,,,260626,
,false,,망고매니플리즈,,,전체,,https://mangomanyplease.com/product/detail.html?product_no=4252,RILEY PASTEL SCRUNCHIE_MINT,,,https://mangomanyplease.com/web/product/medium/202605/26685b0600edcf4022965969b8d7fefd.jpg,,,,,,"₩21,000",,,,,,260626,
,false,,망고매니플리즈,,,전체,,https://mangomanyplease.com/product/detail.html?product_no=4258,CHABBY SANDALS_BROWN,,,https://mangomanyplease.com/web/product/medium/202605/1d0b41aff660615ead4c2caaad2474cb.jpg,,,,,,"₩149,000",,,,,,260626,
,false,,망고매니플리즈,,,전체,,https://mangomanyplease.com/product/detail.html?product_no=4257,CHABBY SANDALS_BLACK,,,https://mangomanyplease.com/web/product/medium/202605/4018c899265c72e2866b8c15cd665699.jpg,,,,,,"₩149,000",,,,,,260626,
,false,,망고매니플리즈,,,전체,,https://mangomanyplease.com/product/detail.html?product_no=2610,SHELL SATIN SKIRT,,,https://mangomanyplease.com/web/product/medium/202605/c0e056cacc921420418aa6be65179569.jpg,,,,,,"₩109,000",,,,,,260626,
,false,,망고매니플리즈,,,전체,,https://mangomanyplease.com/product/detail.html?product_no=3646,WREN SHIRRING SKIRT,,,https://mangomanyplease.com/web/product/medium/202605/c3596f36ad17a28b4267dbb3dd9ac291.jpg,,,,,,"₩135,000",,,,,,260626,
,false,,망고매니플리즈,,,전체,,https://mangomanyplease.com/product/detail.html?product_no=3042,NU LEATHER JACKET,,,https://mangomanyplease.com/web/product/medium/202605/bf8e420590446855f8a195a3680eeaab.jpg,,,,,,"₩289,000",,,,,,260626,
,false,,망고매니플리즈,,,전체,,https://mangomanyplease.com/product/detail.html?product_no=4372,ETTA LEATHER JUMPER_BLACK,,,https://mangomanyplease.com/web/product/medium/202605/ca0a79ea142fd515bffd4b17547d3f46.jpg,,,,,,"₩289,000",,,,,,260626,
,false,,망고매니플리즈,,,전체,,https://mangomanyplease.com/product/detail.html?product_no=3640,VICTO LEATHER JUMPER,,,https://mangomanyplease.com/web/product/medium/202605/f728e815b79cd6d2d04686dd02e4c3e1.jpg,,,,,,"₩279,000",,,,,,260626,
,false,,망고매니플리즈,,,전체,,https://mangomanyplease.com/product/detail.html?product_no=2865,MARIA TWEED JACKET,,,https://mangomanyplease.com/web/product/medium/202605/3c20397d6953043d9646c71b83eae812.jpg,,,,,,"₩199,000",,,,,,260626,
,false,,망고매니플리즈,,,전체,,https://mangomanyplease.com/product/detail.html?product_no=3639,LEP LEATHER COAT,,,https://mangomanyplease.com/web/product/medium/202605/400dfd4a8fc2da5c152ad95e7fed8aca.jpg,,,,,,"₩339,000",,,,,,260626,
,false,,망고매니플리즈,,,전체,,https://mangomanyplease.com/product/detail.html?product_no=3985,OLI STRIPE SHIRT_LIGHT PINK,,,https://mangomanyplease.com/web/product/medium/202605/e398561e7455543aa55203a744dcedc0.jpg,,,,,,"₩105,000",,,,,,260626,
,false,,망고매니플리즈,,,전체,,https://mangomanyplease.com/product/detail.html?product_no=3986,OLI STRIPE SHIRT_NATURAL BEIGE,,,https://mangomanyplease.com/web/product/medium/202605/d6ee044a5d8e55c77aa46bb607cab0f6.jpg,,,,,,"₩105,000",,,,,,260626,
,false,,망고매니플리즈,,,전체,,https://mangomanyplease.com/product/detail.html?product_no=4016,ROSY LACE SKIRT_IVORY,,,https://mangomanyplease.com/web/product/medium/202605/3634f25e21bb552da83417468ee27bd8.jpg,,,,,,"₩115,000",,,,,,260626,
,false,,망고매니플리즈,,,전체,,https://mangomanyplease.com/product/detail.html?product_no=4017,ROSY LACE SKIRT_NATURAL,,,https://mangomanyplease.com/web/product/medium/202605/89bcc183136b3928726b0d498a735b8d.jpg,,,,,,"₩115,000",,,,,,260626,
,false,,망고매니플리즈,,,전체,,https://mangomanyplease.com/product/detail.html?product_no=4359,SELK DENIM JACKET_DENIM,,,https://mangomanyplease.com/web/product/medium/202605/bdc3a92e9cd8a82a8d4fb7fbea1250d0.jpg,,,,,,"₩209,000",,,,,,260626,
,false,,망고매니플리즈,,,전체,,https://mangomanyplease.com/product/detail.html?product_no=4358,SELK DENIM JACKET_CAMEL,,,https://mangomanyplease.com/web/product/medium/202605/c2b619dee753ed7ebb85f5f16811ef05.jpg,,,,,,"₩209,000",,,,,,260626,
,false,,망고매니플리즈,,,전체,,https://mangomanyplease.com/product/detail.html?product_no=4054,FLO PUNCHING CARDIGAN_IVORY,,,https://mangomanyplease.com/web/product/medium/202605/1e2ab4602447ea37e9ec7dd94c734c29.jpg,,,,,,"₩99,000",,,,,,260626,
,false,,망고매니플리즈,,,전체,,https://mangomanyplease.com/product/detail.html?product_no=4056,FLO PUNCHING CARDIGAN_NATURAL,,,https://mangomanyplease.com/web/product/medium/202605/129e184d87232b38c6e2076bc685829b.jpg,,,,,,"₩99,000",,,,,,260626,
,false,,망고매니플리즈,,,전체,,https://mangomanyplease.com/product/detail.html?product_no=4055,FLO PUNCHING CARDIGAN_LIGHT BLUE,,,https://mangomanyplease.com/web/product/medium/202605/9e9b36a245b07e3ff13b71f21b8df2f3.jpg,,,,,,"₩99,000",,,,,,260626,
,false,,망고매니플리즈,,,전체,,https://mangomanyplease.com/product/detail.html?product_no=4057,FLO PUNCHING CARDIGAN_NAVY,,,https://mangomanyplease.com/web/product/medium/202605/2f8451f46a98d07fa6ea2e872be9a799.jpg,,,,,,"₩99,000",,,,,,260626,
,false,,망고매니플리즈,,,전체,,https://mangomanyplease.com/product/detail.html?product_no=2011,MAY SHIRRING SKIRT,,,https://mangomanyplease.com/web/product/medium/202605/95491cfb6f6260e5ddf12bf6357fbad1.jpg,,,,,,"₩99,000",,,,,,260626,
,false,,망고매니플리즈,,,전체,,https://mangomanyplease.com/product/detail.html?product_no=4018,RYLE SHIRRING SKIRT_WHITE,,,https://mangomanyplease.com/web/product/medium/202605/eab406c90a601bcfdc809c197bf4a77c.jpg,,,,,,"₩99,000",,,,,,260626,
,false,,망고매니플리즈,,,전체,,https://mangomanyplease.com/product/detail.html?product_no=3977,HEN BUSTIER KNIT_GREY,,,https://mangomanyplease.com/web/product/medium/202605/c9d2d5b6df99443a4dd68ca3130e1bea.jpg,,,,,,"₩79,000",,,,,,260626,
,false,,망고매니플리즈,,,전체,,https://mangomanyplease.com/product/detail.html?product_no=3978,HEN BUSTIER KNIT_NAVY,,,https://mangomanyplease.com/web/product/medium/202605/0aa43521167d5ce16671b458884bb8ec.jpg,,,,,,"₩79,000",,,,,,260626,
,false,,망고매니플리즈,,,전체,,https://mangomanyplease.com/product/detail.html?product_no=4012,SOPIA SHIRRING ONE PIECE_CREAM,,,https://mangomanyplease.com/web/product/medium/202605/7b776f0ad2baaae81ef35789c379fc74.jpg,,,,,,"₩139,000",,,,,,260626,
,false,,망고매니플리즈,,,전체,,https://mangomanyplease.com/product/detail.html?product_no=4013,SOPIA SHIRRING ONE PIECE_BLACK,,,https://mangomanyplease.com/web/product/medium/202605/b9d05f22d64d9c895e3a6be9448bbd1c.jpg,,,,,,"₩139,000",,,,,,260626,
,false,,망고매니플리즈,,,전체,,https://mangomanyplease.com/product/detail.html?product_no=4014,FAY BUSTIER ONE PIECE_BEIGE,,,https://mangomanyplease.com/web/product/medium/202605/9410b193592c1c763b89c9b20c175f41.jpg,,,,,,"₩129,000",,,,,,260626,
,false,,망고매니플리즈,,,전체,,https://mangomanyplease.com/product/detail.html?product_no=4015,FAY BUSTIER ONE PIECE_BLACK,,,https://mangomanyplease.com/web/product/medium/202605/da90da51877a828ad19c070e2ed27da6.jpg,,,,,,"₩129,000",,,,,,260626,
,false,,망고매니플리즈,,,전체,,https://mangomanyplease.com/product/detail.html?product_no=4345,RAY SHIRRING ONE PIECE_IVORY,,,https://mangomanyplease.com/web/product/medium/202605/48debf181667af37b9eeb73db01a6526.jpg,,,,,,"₩159,000",,,,,,260626,
,false,,망고매니플리즈,,,전체,,https://mangomanyplease.com/product/detail.html?product_no=4346,RAY SHIRRING ONE PIECE_BLACK,,,https://mangomanyplease.com/web/product/medium/202605/b13a48ec36e33ac6d75770207c987759.jpg,,,,,,"₩159,000",,,,,,260626,
,false,,망고매니플리즈,,,전체,,https://mangomanyplease.com/product/detail.html?product_no=4000,ERIN BOUCLE CARDIGAN_SKY BLUE,,,https://mangomanyplease.com/web/product/medium/202605/b28fe628a69960cffb074402044fcff8.jpg,,,,,,"₩139,000",,,,,,260626,
,false,,망고매니플리즈,,,전체,,https://mangomanyplease.com/product/detail.html?product_no=4001,ERIN BOUCLE CARDIGAN_STRIPE,,,https://mangomanyplease.com/web/product/medium/202605/e37d269e1295ed52e0ab7b00bdb4b7d2.jpg,,,,,,"₩139,000",,,,,,260626,
,false,,망고매니플리즈,,,전체,,https://mangomanyplease.com/product/detail.html?product_no=4355,OLLO LIGHT JEANS_LIGHT BLUE,,,https://mangomanyplease.com/web/product/medium/202605/6ff1e08e596d679d91741c5eeba5cca5.jpg,,,,,,"₩119,000",,,,,,260626,
,false,,망고매니플리즈,,,전체,,https://mangomanyplease.com/product/detail.html?product_no=4354,OLLO SELVAGE JEANS_DARK BLUE,,,https://mangomanyplease.com/web/product/medium/202605/e7eae38604b19dd51984d312c127747c.jpg,,,,,,"₩119,000",,,,,,260626,
,false,,망고매니플리즈,,,전체,,https://mangomanyplease.com/product/detail.html?product_no=4023,RUBY JEANS_LIGHT BLUE,,,https://mangomanyplease.com/web/product/medium/202605/316a4faff97621f7ab07615f663240ac.jpg,,,,,,"₩98,000",,,,,,260626,
,false,,망고매니플리즈,,,전체,,https://mangomanyplease.com/product/detail.html?product_no=4356,ZEN FATIGUE JEANS_LIGHT PINK,,,https://mangomanyplease.com/web/product/medium/202605/bc0aaab52703f29f674011c0574ff5f3.jpg,,,,,,"₩109,000",,,,,,260626,
,false,,망고매니플리즈,,,전체,,https://mangomanyplease.com/product/detail.html?product_no=4010,FELIN COTTON SHIRT_IVORY,,,https://mangomanyplease.com/web/product/medium/202605/6c73f26a5e25eb7e7eebed0dadb2c72f.jpg,,,,,,"₩95,000",,,,,,260626,
,false,,망고매니플리즈,,,전체,,https://mangomanyplease.com/product/detail.html?product_no=4011,FELIN COTTON SHIRT_MIST BLUE,,,https://mangomanyplease.com/web/product/medium/202605/5481f4cf80b0a5c34418b887b0a1977d.jpg,,,,,,"₩95,000",,,,,,260626,
,false,,망고매니플리즈,,,전체,,https://mangomanyplease.com/product/detail.html?product_no=3987,TALIA SHIRRING BLOUSE_WHITE,,,https://mangomanyplease.com/web/product/medium/202605/384306a96c6372c3170fab13785fda08.jpg,,,,,,"₩99,000",,,,,,260626,
,false,,망고매니플리즈,,,전체,,https://mangomanyplease.com/product/detail.html?product_no=4022,JETA PINTUCK JEANS_IVORY,,,https://mangomanyplease.com/web/product/medium/202605/93f0f420602271888da9cb6aab9ab338.jpg,,,,,,"₩107,000",,,,,,260626,
,false,,망고매니플리즈,,,전체,,https://mangomanyplease.com/product/detail.html?product_no=3981,RITO PUNCHING TEE_IVORY,,,https://mangomanyplease.com/web/product/medium/202605/43c8e98db23aee3a4a98fb3c3b251dd4.jpg,,,,,,"₩45,000",,,,,,260626,
,false,,망고매니플리즈,,,전체,,https://mangomanyplease.com/product/detail.html?product_no=3982,RITO PUNCHING TEE_SKY BLUE,,,https://mangomanyplease.com/web/product/medium/202605/57c10b42c16f3b35f4ca49e18a59acbe.jpg,,,,,,"₩45,000",,,,,,260626,
,false,,망고매니플리즈,,,전체,,https://mangomanyplease.com/product/detail.html?product_no=3983,RITO PUNCHING TEE_MELANGE GREY,,,https://mangomanyplease.com/web/product/medium/202605/5671656b448751136b3c7017ab930f4e.jpg,,,,,,"₩45,000",,,,,,260626,
,false,,망고매니플리즈,,,전체,,https://mangomanyplease.com/product/detail.html?product_no=3984,RITO PUNCHING TEE_NAVY,,,https://mangomanyplease.com/web/product/medium/202605/f57a191fe3eb9d5e63c8d4dfde1ab485.jpg,,,,,,"₩45,000",,,,,,260626,
,false,,망고매니플리즈,,,전체,,https://mangomanyplease.com/product/detail.html?product_no=3973,KIKO FLARE MINI SKIRT_BEIGE,,,https://mangomanyplease.com/web/product/medium/202605/65f7282686c6e44dce29686422090c51.jpg,,,,,,"₩92,000",,,,,,260626,
,false,,망고매니플리즈,,,전체,,https://mangomanyplease.com/product/detail.html?product_no=1942,KIKO FLARE SKIRT,,,https://mangomanyplease.com/web/product/medium/202605/e735a39da4a0bdc17ffd82b5ed3a46f6.jpg,,,,,,"₩119,000",,,,,,260626,
,false,,망고매니플리즈,,,전체,,https://mangomanyplease.com/product/detail.html?product_no=3979,PLAP COTTON PANTS_IVORY,,,https://mangomanyplease.com/web/product/medium/202605/c6fb5fc801400c2d104466b54bd3f1dd.jpg,,,,,,"₩115,000",,,,,,260626,
,false,,망고매니플리즈,,,전체,,https://mangomanyplease.com/product/detail.html?product_no=3980,PLAP COTTON PANTS_GREIGE,,,https://mangomanyplease.com/web/product/medium/202605/efb90c08205c1f6cc870d580f4537d71.jpg,,,,,,"₩115,000",,,,,,260626,
,false,,망고매니플리즈,,,전체,,https://mangomanyplease.com/product/detail.html?product_no=1509,TULIP SATIN SKIRT,,,https://mangomanyplease.com/web/product/medium/202605/fa9d40792dac44e2eb8c0ba0631e8f97.jpg,,,,,,"₩73,000",,,,,,260626,
,false,,망고매니플리즈,,,전체,,https://mangomanyplease.com/product/detail.html?product_no=3489,MARSHA SKIRT,,,https://mangomanyplease.com/web/product/medium/202605/cf3042ed8961831d38149e93b88a2cee.jpg,,,,,,"₩95,000",,,,,,260626,
,false,,망고매니플리즈,,,전체,,https://mangomanyplease.com/product/detail.html?product_no=4280,DONA BUTTON SLEEVELESS_BLACK,,,https://mangomanyplease.com/web/product/medium/202605/2fb6fdf4ac2564f17ca7f37f407e4b45.jpg,,,,,,"₩99,000",,,,,,260626,
,false,,망고매니플리즈,,,전체,,https://mangomanyplease.com/product/detail.html?product_no=3993,NILAH LAYERED TEE_IVORY,,,https://mangomanyplease.com/web/product/medium/202605/e8337a4ac11d35a966061b7c91a3edb9.jpg,,,,,,"₩49,000",,,,,,260626,
,false,,망고매니플리즈,,,전체,,https://mangomanyplease.com/product/detail.html?product_no=3995,NILAH LAYERED TEE_MUTE CREAM,,,https://mangomanyplease.com/web/product/medium/202605/35b5a6a5bb0c88cf246e966d026911ec.jpg,,,,,,"₩49,000",,,,,,260626,
,false,,망고매니플리즈,,,전체,,https://mangomanyplease.com/product/detail.html?product_no=3994,NILAH LAYERED TEE_PALE PINK,,,https://mangomanyplease.com/web/product/medium/202605/cd6c8d23bc269fc90f8df7c37f36c8ad.jpg,,,,,,"₩49,000",,,,,,260626,
,false,,망고매니플리즈,,,전체,,https://mangomanyplease.com/product/detail.html?product_no=3996,NILAH LAYERED TEE_CHARCOAL,,,https://mangomanyplease.com/web/product/medium/202605/033a6c3227d2f99de9f9223fdd80ad87.jpg,,,,,,"₩49,000",,,,,,260626,
,false,,망고매니플리즈,,,전체,,https://mangomanyplease.com/product/detail.html?product_no=3624,ARI BOAT NECK TEE,,,https://mangomanyplease.com/web/product/medium/202605/020bdfef31938c13771352ff6081e3c4.jpg,,,,,,"₩55,000",,,,,,260626,
,false,,망고매니플리즈,,,전체,,https://mangomanyplease.com/product/detail.html?product_no=4349,NOTIE JOGGER PANTS_OATMEAL,,,https://mangomanyplease.com/web/product/medium/202605/157c9b7a40d3e7b90b679d460303a222.jpg,,,,,,"₩85,000",,,,,,260626,
,false,,망고매니플리즈,,,전체,,https://mangomanyplease.com/product/detail.html?product_no=4350,NOTIE JOGGER PANTS_MELANGE GREY,,,https://mangomanyplease.com/web/product/medium/202605/e9a7413786e7215ef1a01cbc322e8b8b.jpg,,,,,,"₩85,000",,,,,,260626,
,false,,망고매니플리즈,,,전체,,https://mangomanyplease.com/product/detail.html?product_no=3975,HEIDY COTTON ONE PIECE_BLACK,,,https://mangomanyplease.com/web/product/medium/202605/246858f2869f63e5597c2cf64d7612b0.jpg,,,,,,"₩135,000",,,,,,260626,
,false,,망고매니플리즈,,,전체,,https://mangomanyplease.com/product/detail.html?product_no=3974,HEIDY COTTON ONE PIECE_WHITE,,,https://mangomanyplease.com/web/product/medium/202605/58dd874dc0e51ddd59f8a7b99c5e9fe3.jpg,,,,,,"₩135,000",,,,,,260626,
,false,,망고매니플리즈,,,전체,,https://mangomanyplease.com/product/detail.html?product_no=3497,MARINA DENIM SHIRT,,,https://mangomanyplease.com/web/product/medium/202605/1f6ffd7aaa5de18c08b915ef654ad7ad.jpg,,,,,,"₩129,000",,,,,,260626,
,false,,망고매니플리즈,,,전체,,https://mangomanyplease.com/product/detail.html?product_no=3553,MONO JEANS_FRENCH BLUE,,,https://mangomanyplease.com/web/product/medium/202605/07bda0d89e78005d85c61ca429ed2ae1.jpg,,,,,,"₩115,000",,,,,,260626,
,false,,망고매니플리즈,,,전체,,https://mangomanyplease.com/product/detail.html?product_no=1371,MONO JEANS_LIGHT BLUE,,,https://mangomanyplease.com/web/product/medium/202605/798482bec3230180b5a4a8bfefc12f9b.jpg,,,,,,"₩115,000",,,,,,260626,
,false,,망고매니플리즈,,,전체,,https://mangomanyplease.com/product/detail.html?product_no=3544,MONO JEANS_MID BLUE,,,https://mangomanyplease.com/web/product/medium/202605/c8d59037da7d8d100fd47fa88ae3ec99.jpg,,,,,,"₩115,000",,,,,,260626,
,false,,망고매니플리즈,,,전체,,https://mangomanyplease.com/product/detail.html?product_no=3545,MONO JEANS_WHITE,,,https://mangomanyplease.com/web/product/medium/202605/d5480fd2fc040f2fb3a53f94c71d34ad.jpg,,,,,,"₩115,000",,,,,,260626,
,false,,망고매니플리즈,,,전체,,https://mangomanyplease.com/product/detail.html?product_no=3972,COLET BANDING FLAT SHOES_2COLORS,,,https://mangomanyplease.com/web/product/medium/202605/70ecadeb650e3fc51d6e79e60fd644c7.jpg,,,,,,"₩138,000",,,,,,260626,
,false,,망고매니플리즈,,,전체,,https://mangomanyplease.com/product/detail.html?product_no=4075,TOSSO BAG_STRIPE,,,https://mangomanyplease.com/web/product/medium/202605/1353ed98a1b608078b80ffa8cdd67f5c.jpg,,,,,,"₩189,000",,,,,,260626,
,false,,망고매니플리즈,,,전체,,https://mangomanyplease.com/product/detail.html?product_no=4027,TOSSO BAG_BLACK,,,https://mangomanyplease.com/web/product/medium/202605/405e4bec79b5be1fb7fae506feb7f9a2.jpg,,,,,,"₩179,000",,,,,,260626,
,false,,망고매니플리즈,,,전체,,https://mangomanyplease.com/product/detail.html?product_no=4002,CORY PUNCHING CARDIGAN_CREAM,,,https://mangomanyplease.com/web/product/medium/202605/723fc0cf12f571472b4842daa92b969d.jpg,,,,,,"₩113,000",,,,,,260626,
,false,,망고매니플리즈,,,전체,,https://mangomanyplease.com/product/detail.html?product_no=4003,CORY PUNCHING CARDIGAN_NAVY,,,https://mangomanyplease.com/web/product/medium/202605/a0c795d8eef67942d1c9f2459303acbf.jpg,,,,,,"₩113,000",,,,,,260626,
,false,,망고매니플리즈,,,전체,,https://mangomanyplease.com/product/detail.html?product_no=4007,MARY V NECK KNIT_OATMEAL,,,https://mangomanyplease.com/web/product/medium/202605/20ecb9b39de98bc3b26662f00fe4de49.jpg,,,,,,"₩104,000",,,,,,260626,
,false,,망고매니플리즈,,,전체,,https://mangomanyplease.com/product/detail.html?product_no=4008,MARY V NECK KNIT_GREY,,,https://mangomanyplease.com/web/product/medium/202605/1d98f4fd443b0bdb2d3bb50a83809ce5.jpg,,,,,,"₩104,000",,,,,,260626,
,false,,망고매니플리즈,,,전체,,https://mangomanyplease.com/product/detail.html?product_no=4009,MARY V NECK KNIT_MINT,,,https://mangomanyplease.com/web/product/medium/202605/27e9c2927a22ada7f2ac7813b2485aea.jpg,,,,,,"₩104,000",,,,,,260626,
,false,,망고매니플리즈,,,전체,,https://mangomanyplease.com/product/detail.html?product_no=3997,MOI TWEED JACKET_PINK,,,https://mangomanyplease.com/web/product/medium/202605/e39a7236f9b6e9d96cc59cac2d8b13b6.jpg,,,,,,"₩199,000",,,,,,260626,
,false,,망고매니플리즈,,,전체,,https://mangomanyplease.com/product/detail.html?product_no=3998,MOI TWEED JACKET_BLACK,,,https://mangomanyplease.com/web/product/medium/202605/b28a3dead644f43bc0c8051de9b53b23.jpg,,,,,,"₩199,000",,,,,,260626,
,false,,망고매니플리즈,,,전체,,https://mangomanyplease.com/product/detail.html?product_no=3992,MOMO SHIRRING BLOUSE_BLACK,,,https://mangomanyplease.com/web/product/medium/202605/b1e9bde9926ab48a162db4455514f4a8.jpg,,,,,,"₩89,000",,,,,,260626,
,false,,망고매니플리즈,,,전체,,https://mangomanyplease.com/product/detail.html?product_no=4020,ROEN SATIN WRAP SKIRT_BEIGE,,,https://mangomanyplease.com/web/product/medium/202605/703d0d1b5f96f65d6adc18404c02020f.jpg,,,,,,"₩95,000",,,,,,260626,
,false,,망고매니플리즈,,,전체,,https://mangomanyplease.com/product/detail.html?product_no=4024,SQUARE HAIR PIN_3COLORS,,,https://mangomanyplease.com/web/product/medium/202605/a2bb8ddadf5fc6be4ca12f75db2d805f.jpg,,,,,,"₩39,000",,,,,,260626,
,false,,망고매니플리즈,,,전체,,https://mangomanyplease.com/product/detail.html?product_no=4025,RORY LEOPARD SCRUNCHIE_2COLORS,,,https://mangomanyplease.com/web/product/medium/202606/f4735f6f5d0aa528d15bdc2846ad0197.jpg,,,,,,"₩21,000",,,,,,260626,
,false,,망고매니플리즈,,,전체,,https://mangomanyplease.com/product/detail.html?product_no=4026,TULIP BUCKET HAT_3COLORS,,,https://mangomanyplease.com/web/product/medium/202605/fcb17fca6872eb8797ed2c99b57fb7fb.jpg,,,,,,"₩56,000",,,,,,260626,
,false,,망고매니플리즈,,,전체,,https://mangomanyplease.com/product/detail.html?product_no=4028,KAI RIBBED SOCKS_3COLORS,,,https://mangomanyplease.com/web/product/medium/202605/47a5ac12a9f947fbdf988dc50c068131.jpg,,,,,,"₩12,000",,,,,,260626,
,false,,망고매니플리즈,,,전체,,https://mangomanyplease.com/product/detail.html?product_no=4202,KAI RIBBED SOCKS_3COLORS SET,,,https://mangomanyplease.com/web/product/medium/202605/97b5544a37b4fc2041d5ffd83fa38e52.jpg,,,,,,"₩32,000",,,,,,260626,
,false,,망고매니플리즈,,,전체,,https://mangomanyplease.com/product/detail.html?product_no=4029,PUNCHING EYELET SOCKS_3COLORS,,,https://mangomanyplease.com/web/product/medium/202605/1a9aeac171089fea87d67315ab3a1033.jpg,,,,,,"₩13,000",,,,,,260626,
,false,,망고매니플리즈,,,전체,,https://mangomanyplease.com/product/detail.html?product_no=4204,PUNCHING EYELET SOCKS_3COLORS SET,,,https://mangomanyplease.com/web/product/medium/202605/ebd0381b7b5eee5117b71c257c3e1162.jpg,,,,,,"₩35,000",,,,,,260626,
,false,,망고매니플리즈,,,전체,,https://mangomanyplease.com/product/detail.html?product_no=3483,ARON WRAP CARDIGAN,,,https://mangomanyplease.com/web/product/medium/202605/93c1d1bf12b00870e440a7aa3a4dc847.jpg,,,,,,"₩103,000",,,,,,260626,
,false,,망고매니플리즈,,,전체,,https://mangomanyplease.com/product/detail.html?product_no=3530,AMY BUTTON CARDIGAN,,,https://mangomanyplease.com/web/product/medium/202606/7ef36f8d24160ed139ee593b3aa73ae3.jpg,,,,,,"₩103,000",,,,,,260626,
,false,,망고매니플리즈,,,전체,,https://mangomanyplease.com/product/detail.html?product_no=3514,NATURE KNIT SLEEVELESS,,,https://mangomanyplease.com/web/product/medium/202605/65b8d63a465a864cf78ef541e70ba61d.jpg,,,,,,"₩74,000",,,,,,260626,
,false,,망고매니플리즈,,,전체,,https://mangomanyplease.com/product/detail.html?product_no=3513,NATURE CARDIGAN,,,https://mangomanyplease.com/web/product/medium/202605/f32f1759903c6cd0498de05cf6eeadb2.jpg,,,,,,"₩99,000",,,,,,260626,
,false,,망고매니플리즈,,,전체,,https://mangomanyplease.com/product/detail.html?product_no=3508,COBY NET CARDIGAN,,,https://mangomanyplease.com/web/product/medium/202605/6cf60628be578c3d0bbc25cd6d846976.jpg,,,,,,"₩96,000",,,,,,260626,
,false,,망고매니플리즈,,,전체,,https://mangomanyplease.com/product/detail.html?product_no=3503,DAHLIA BUTTON CARDIGAN,,,https://mangomanyplease.com/web/product/medium/202605/c708d507452637863b5ecd612cfce05c.jpg,,,,,,"₩104,000",,,,,,260626,
,false,,망고매니플리즈,,,전체,,https://mangomanyplease.com/product/detail.html?product_no=3486,ANOC COTTON SHIRT,,,https://mangomanyplease.com/web/product/medium/202606/3da986ef879e0aeecc60b64b96c3f65a.jpg,,,,,,"₩96,000",,,,,,260626,
,false,,망고매니플리즈,,,전체,,https://mangomanyplease.com/product/detail.html?product_no=3506,MOLTON JEANS,,,https://mangomanyplease.com/web/product/medium/202605/e855424e1315fbfc0ba5fc9fe295f166.jpg,,,,,,"₩98,000",,,,,,260626,
,false,,망고매니플리즈,,,전체,,https://mangomanyplease.com/product/detail.html?product_no=3484,DELTA JEANS,,,https://mangomanyplease.com/web/product/medium/202605/e951b5b476824cc96ed25acd9704f96c.jpg,,,,,,"₩99,000",,,,,,260626,
,false,,망고매니플리즈,,,전체,,https://mangomanyplease.com/product/detail.html?product_no=3475,MONICA JEANS,,,https://mangomanyplease.com/web/product/medium/202605/23fc752e20008b330fb04f8f45f78bad.jpg,,,,,,"₩117,000",,,,,,260626,
,false,,망고매니플리즈,,,전체,,https://mangomanyplease.com/product/detail.html?product_no=3480,KALE TWEED JACKET,,,https://mangomanyplease.com/web/product/medium/202605/faba574efc9dfd20e397da068a56b24a.jpg,,,,,,"₩198,000",,,,,,260626,
,false,,망고매니플리즈,,,전체,,https://mangomanyplease.com/product/detail.html?product_no=3491,LISA DOUBLE JACKET,,,https://mangomanyplease.com/web/product/medium/202605/792f3ec2eb31d7b6ef2ba46e2c46fd4d.jpg,,,,,,"₩213,000",,,,,,260626,
,false,,망고매니플리즈,,,전체,,https://mangomanyplease.com/product/detail.html?product_no=3492,LISA MINI SKIRT,,,https://mangomanyplease.com/web/product/medium/202605/77876af9ba085bffcbe9ae48ceff7d21.jpg,,,,,,"₩99,000",,,,,,260626,
,false,,망고매니플리즈,,,전체,,https://mangomanyplease.com/product/detail.html?product_no=3512,MOSSIA FLARE SKIRT,,,https://mangomanyplease.com/web/product/medium/202606/2be3ae176da83d9053cc2907e3546aaa.jpg,,,,,,"₩106,000",,,,,,260626,
,false,,망고매니플리즈,,,전체,,https://mangomanyplease.com/product/detail.html?product_no=3519,RIE ONE PIECE,,,https://mangomanyplease.com/web/product/medium/202606/0c54c6ea9951c4e0e28a0d1c61055a8f.jpg,,,,,,"₩106,000",,,,,,260626,
,false,,망고매니플리즈,,,전체,,https://mangomanyplease.com/product/detail.html?product_no=3055,YUTA SHIRRING SKIRT,,,https://mangomanyplease.com/web/product/medium/202605/32808ae72f40e13bcc6327fbcb6feed7.jpg,,,,,,"₩95,000",,,,,,260626,
,false,,망고매니플리즈,,,전체,,https://mangomanyplease.com/product/detail.html?product_no=2854,UKI FLARE SKIRT,,,https://mangomanyplease.com/web/product/medium/202605/2eff06362f95cc1a5e312b227dbd17f7.jpg,,,,,,"₩112,000",,,,,,260626,
,false,,망고매니플리즈,,,전체,,https://mangomanyplease.com/product/detail.html?product_no=2855,PASTEL BUTTON PANTS,,,https://mangomanyplease.com/web/product/medium/202605/dff277159d91e51f2298e6944bd4c4f5.jpg,,,,,,"₩92,000",,,,,,260626,
,false,,망고매니플리즈,,,전체,,https://mangomanyplease.com/product/detail.html?product_no=2868,BARBE WASHED JACKET,,,https://mangomanyplease.com/web/product/medium/202605/41ee4ba952c2352ae150739b91bc0629.jpg,,,,,,"₩168,000",,,,,,260626,
,false,,망고매니플리즈,,,전체,,https://mangomanyplease.com/product/detail.html?product_no=2864,BASE COTTON SHIRT,,,https://mangomanyplease.com/web/product/medium/202606/249470950e7acc8a56ee79b388c0f264.jpg,,,,,,"₩89,000",,,,,,260626,
,false,,망고매니플리즈,,,전체,,https://mangomanyplease.com/product/detail.html?product_no=3019,MARIE HALF KNIT,,,https://mangomanyplease.com/web/product/medium/202605/7beb0b5aa0672ffe5ecb5e81b34bc970.jpg,,,,,,"₩109,000",,,,,,260626,
,false,,망고매니플리즈,,,전체,,https://mangomanyplease.com/product/detail.html?product_no=2882,KAMIL ONE PIECE,,,https://mangomanyplease.com/web/product/medium/202605/c9bc0feb5259d3288fd0f4bb4f0f652a.jpg,,,,,,"₩129,000",,,,,,260626,
,false,,망고매니플리즈,,,전체,,https://mangomanyplease.com/product/detail.html?product_no=2886,36MP CAP,,,https://mangomanyplease.com/web/product/medium/202606/0b6c854421cc0d1920e52d93021fee0a.jpg,,,,,,"₩41,000",,,,,,260626,
,false,,망고매니플리즈,,,전체,,https://mangomanyplease.com/product/detail.html?product_no=2507,CIEL GOLD CARDIGAN,,,https://mangomanyplease.com/web/product/medium/202606/0772f244dff9d48425a92266d8b2348e.jpg,,,,,,"₩149,000",,,,,,260626,
,false,,망고매니플리즈,,,전체,,https://mangomanyplease.com/product/detail.html?product_no=1965,KINDER BUTTON ONE PIECE,,,https://mangomanyplease.com/web/product/medium/202605/c0c45591f2af2649c6ec43ee96b995dc.jpg,,,,,,"₩151,000",,,,,,260626,
,false,,망고매니플리즈,,,전체,,https://mangomanyplease.com/product/detail.html?product_no=1966,MONT JEANS,,,https://mangomanyplease.com/web/product/medium/202605/b3065884cdc0cebb9829a46b6f3c3b6e.jpg,,,,,,"₩102,000",,,,,,260626,
,false,,망고매니플리즈,,,전체,,https://mangomanyplease.com/product/detail.html?product_no=4161,DELMA TEE_LIGHT MINT,,,https://mangomanyplease.com/web/product/medium/202605/257ab6b6090accdadf669d246d1eb102.jpg,,,,,,"₩36,000",,,,,,260626,
,false,,망고매니플리즈,,,전체,,https://mangomanyplease.com/product/detail.html?product_no=3547,WANNE TEE,,,https://mangomanyplease.com/web/product/medium/202606/e4610383f83e9228a66aaa5dd4854d11.jpg,,,,,,"₩41,000",,,,,,260626,
,false,,망고매니플리즈,,,전체,,https://mangomanyplease.com/product/detail.html?product_no=4219,RINA KNIT SLEEVELESS_PURE IVORY,,,https://mangomanyplease.com/web/product/medium/202605/b42b809f4548efb5f534b22ebf082e73.jpg,,,,,,"₩79,000",,,,,,260626,
,false,,망고매니플리즈,,,전체,,https://mangomanyplease.com/product/detail.html?product_no=4221,RINA KNIT SLEEVELESS_BLACK,,,https://mangomanyplease.com/web/product/medium/202605/f388ee79f50a94cb9fb6fc8730b87e16.jpg,,,,,,"₩79,000",,,,,,260626,
,false,,망고매니플리즈,,,전체,,https://mangomanyplease.com/product/detail.html?product_no=4187,RUCY ETHNIC BLOUSE_NATURAL,,,https://mangomanyplease.com/web/product/medium/202605/98465e1ca5d6148bdc198442c6f79c98.jpg,,,,,,"₩99,000",,,,,,260626,
,false,,망고매니플리즈,,,전체,,https://mangomanyplease.com/product/detail.html?product_no=4193,MOOI SHIRRING SKIRT_NATURAL,,,https://mangomanyplease.com/web/product/medium/202605/b25a58f457ab62c2f4595aab6cbeb913.jpg,,,,,,"₩125,000",,,,,,260626,
,false,,망고매니플리즈,,,전체,,https://mangomanyplease.com/product/detail.html?product_no=4169,ELRA FRILL SKIRT_IVORY,,,https://mangomanyplease.com/web/product/medium/202605/862bd12ff255b37027f2f876377acfe3.jpg,,,,,,"₩95,000",,,,,,260626,
,false,,망고매니플리즈,,,전체,,https://mangomanyplease.com/product/detail.html?product_no=4170,ELRA FRILL SKIRT_NAVY,,,https://mangomanyplease.com/web/product/medium/202605/e8cd69867a4a4460881b9d7c62f0bb7f.jpg,,,,,,"₩95,000",,,,,,260626,
,false,,망고매니플리즈,,,전체,,https://mangomanyplease.com/product/detail.html?product_no=4183,EZELL STRAIGHT PANTS_NATURAL,,,https://mangomanyplease.com/web/product/medium/202605/fff41b5c03fcf2ff02da645eb35a4363.jpg,,,,,,"₩115,000",,,,,,260626,
,false,,망고매니플리즈,,,전체,,https://mangomanyplease.com/product/detail.html?product_no=4184,EZELL STRAIGHT PANTS_IVORY,,,https://mangomanyplease.com/web/product/medium/202605/012ba17822e85836a3738f1df34a8d2e.jpg,,,,,,"₩115,000",,,,,,260626,
,false,,망고매니플리즈,,,전체,,https://mangomanyplease.com/product/detail.html?product_no=4148,TINA SHIRRING ONE PIECE_CREAM,,,https://mangomanyplease.com/web/product/medium/202605/2fed435e79b089efe38a240feb3c4a68.jpg,,,,,,"₩149,000",,,,,,260626,
,false,,망고매니플리즈,,,전체,,https://mangomanyplease.com/product/detail.html?product_no=4146,RILIA RUFFLE SCRUNCHIE_2COLORS,,,https://mangomanyplease.com/web/product/medium/202605/a0b8442a0ce9a2cb1ec86ee06090f649.jpg,,,,,,"₩27,000",,,,,,260626,
,false,,망고매니플리즈,,,전체,,https://mangomanyplease.com/product/detail.html?product_no=3568,PURE SCRUNCHIE,,,https://mangomanyplease.com/web/product/medium/202605/e0327883d5188b8b8e5b03d6d0f5b86e.jpg,,,,,,"₩25,000",,,,,,260626,
,false,,망고매니플리즈,,,전체,,https://mangomanyplease.com/product/detail.html?product_no=3563,WEST WEAVING BELT,,,https://mangomanyplease.com/web/product/medium/202605/29c06a11a6669f45fd3eb3e3988bd17b.jpg,,,,,,"₩65,000",,,,,,260626,
,false,,망고매니플리즈,,,전체,,https://mangomanyplease.com/product/detail.html?product_no=3585,NETTA NYLON BAG,,,https://mangomanyplease.com/web/product/medium/202605/47d7dd570cb4bf15177a46c42e5bf704.jpg,,,,,,"₩148,000",,,,,,260626,
,false,,망고매니플리즈,,,전체,,https://mangomanyplease.com/product/detail.html?product_no=4145,DOW EYEWEAR CASE_3COLORS,,,https://mangomanyplease.com/web/product/medium/202605/d14a7d00e9200a65568e17e7883bb0a7.jpg,,,,,,"₩69,000",,,,,,260626,
,false,,망고매니플리즈,,,전체,,https://mangomanyplease.com/product/detail.html?product_no=4152,MP COTTON BAG_WHITE,,,https://mangomanyplease.com/web/product/medium/202605/f027fefbcb3f17d1c2da2d231dc12d92.jpg,,,,,,"₩45,000",,,,,,260626,
,false,,망고매니플리즈,,,전체,,https://mangomanyplease.com/product/detail.html?product_no=4301,CONTE TERRY BAG_PINK,,,https://mangomanyplease.com/web/product/medium/202605/16a7d81699bf9686b6f140cab212e688.jpg,,,,,,"₩75,000",,,,,,260626,
,false,,망고매니플리즈,,,전체,,https://mangomanyplease.com/product/detail.html?product_no=4302,CONTE TERRY BAG_STRIPE,,,https://mangomanyplease.com/web/product/medium/202605/299d470e661b390ee0c9e0c33426f4cd.jpg,,,,,,"₩75,000",,,,,,260626,
,false,,망고매니플리즈,,,전체,,https://mangomanyplease.com/product/detail.html?product_no=3554,HOVER TOTE BAG,,,https://mangomanyplease.com/web/product/medium/202605/9ef5420bd973e7ab556e55e45b49419c.jpg,,,,,,"₩109,000",,,,,,260626,
,false,,망고매니플리즈,,,전체,,https://mangomanyplease.com/product/detail.html?product_no=4147,VIIA FLIP FLOPS_2COLORS,,,https://mangomanyplease.com/web/product/medium/202605/e687d5e57ab79b4297b6e636bf892af8.jpg,,,,,,"₩98,000",,,,,,260626,
,false,,망고매니플리즈,,,전체,,https://mangomanyplease.com/product/detail.html?product_no=3561,NUST KNIT SLEEVELESS,,,https://mangomanyplease.com/web/product/medium/202605/c7f34fe2ca107f80c9204b275e975997.jpg,,,,,,"₩79,000",,,,,,260626,
,false,,망고매니플리즈,,,전체,,https://mangomanyplease.com/product/detail.html?product_no=3557,PIE CABLE HALF KNIT,,,https://mangomanyplease.com/web/product/medium/202605/a68f1bdc95027077532754d529084271.jpg,,,,,,"₩88,000",,,,,,260626,
,false,,망고매니플리즈,,,전체,,https://mangomanyplease.com/product/detail.html?product_no=3549,AVENUE SKIRT,,,https://mangomanyplease.com/web/product/medium/202605/87eba36e4cb8d1d5e2978240a3411b05.jpg,,,,,,"₩87,000",,,,,,260626,
,false,,망고매니플리즈,,,전체,,https://mangomanyplease.com/product/detail.html?product_no=3529,COLLIN PANTS,,,https://mangomanyplease.com/web/product/medium/202605/a2bf05d3154624aa943bcdb3c891a39b.jpg,,,,,,"₩103,000",,,,,,260626,
,false,,망고매니플리즈,,,전체,,https://mangomanyplease.com/product/detail.html?product_no=3571,LOW DENIM SHORTS,,,https://mangomanyplease.com/web/product/medium/202605/da8a3f0d96e720c95d8f58a8c68c71c7.jpg,,,,,,"₩80,000",,,,,,260626,
,false,,망고매니플리즈,,,전체,,https://mangomanyplease.com/product/detail.html?product_no=3552,BRI PINTUCK DENIM SHORTS,,,https://mangomanyplease.com/web/product/medium/202605/b5651f270c8cdbdfd5bf6fafd9007982.jpg,,,,,,"₩85,000",,,,,,260626,
,false,,망고매니플리즈,,,전체,,https://mangomanyplease.com/product/detail.html?product_no=3548,CELENA BELT SLACKS,,,https://mangomanyplease.com/web/product/medium/202605/0f0c9037305f1f4efd77840c79954574.jpg,,,,,,"₩104,000",,,,,,260626,
,false,,망고매니플리즈,,,전체,,https://mangomanyplease.com/product/detail.html?product_no=3538,HEILY LACE ONE PIECE,,,https://mangomanyplease.com/web/product/medium/202606/34421134092a7c27b6ba7d81fd7912a8.jpg,,,,,,"₩153,000",,,,,,260626,
,false,,망고매니플리즈,,,전체,,https://mangomanyplease.com/product/detail.html?product_no=3594,CLEO STRIPE ONE PIECE,,,https://mangomanyplease.com/web/product/medium/202605/4aeacdeada00fbf9f668af4db42c7ebe.jpg,,,,,,"₩159,000",,,,,,260626,
,false,,망고매니플리즈,,,전체,,https://mangomanyplease.com/product/detail.html?product_no=2967,SYLVIA KNIT,,,https://mangomanyplease.com/web/product/medium/202606/3410f1f945a35a535c7f1ab89b7efc55.jpg,,,,,,"₩94,000",,,,,,260626,
,false,,망고매니플리즈,,,전체,,https://mangomanyplease.com/product/detail.html?product_no=2949,NIKI HALF KNIT,,,https://mangomanyplease.com/web/product/medium/202606/9418ed40b1afee48d55ff27e0555192b.jpg,,,,,,"₩86,000",,,,,,260626,
,false,,망고매니플리즈,,,전체,,https://mangomanyplease.com/product/detail.html?product_no=2990,FLORIA SKIRT,,,https://mangomanyplease.com/web/product/medium/202605/8a9c8dde27ecf39c4cd2a12b98c8b53b.jpg,,,,,,"₩83,000",,,,,,260626,
,false,,망고매니플리즈,,,전체,,https://mangomanyplease.com/product/detail.html?product_no=2587,FLORIA STRING ONE PIECE,,,https://mangomanyplease.com/web/product/medium/202605/43830840fd39cca096aa5d7425699d2a.jpg,,,,,,"₩128,000",,,,,,260626,
,false,,망고매니플리즈,,,전체,,https://mangomanyplease.com/product/detail.html?product_no=2937,GRASSE COTTON PANTS,,,https://mangomanyplease.com/web/product/medium/202606/34255d0d73cac3eed8423220e2336918.jpg,,,,,,"₩95,000",,,,,,260626,
,false,,망고매니플리즈,,,전체,,https://mangomanyplease.com/product/detail.html?product_no=2935,COUNTY WIDE SLACKS,,,https://mangomanyplease.com/web/product/medium/202605/c7abc99604a59c8da910f2b7d3497899.jpg,,,,,,"₩91,000",,,,,,260626,
,false,,망고매니플리즈,,,전체,,https://mangomanyplease.com/product/detail.html?product_no=2534,BASIC BUCKET HAT,,,https://mangomanyplease.com/web/product/medium/202605/d90f63a475d5b66ca4e53d4adbf4d3a4.jpg,,,,,,"₩54,000",,,,,,260626,
,false,,망고매니플리즈,,,전체,,https://mangomanyplease.com/product/detail.html?product_no=2048,REVER CARDIGAN,,,https://mangomanyplease.com/web/product/medium/202605/c12f6bb0f0afcb201f1aedc0e0b9248d.jpg,,,,,,"₩89,000",,,,,,260626,
,false,,망고매니플리즈,,,전체,,https://mangomanyplease.com/product/detail.html?product_no=2026,REVER KNIT SLEEVELESS,,,https://mangomanyplease.com/web/product/medium/202606/3c4f76e2001f9caf8a549ae07ac3a927.jpg,,,,,,"₩69,000",,,,,,260626,
,false,,망고매니플리즈,,,전체,,https://mangomanyplease.com/product/detail.html?product_no=1372,TUCK WIDE SLACKS VER.2,,,https://mangomanyplease.com/web/product/medium/202606/c23f57ea55ac0aab4c802aa53832f780.jpg,,,,,,"₩99,000",,,,,,260626,
,false,,망고매니플리즈,,,전체,,https://mangomanyplease.com/product/detail.html?product_no=3635,LATTE JEANS,,,https://mangomanyplease.com/web/product/medium/202605/e53fa8a4dfd235a1de9f0f48fb38d101.jpg,,,,,,"₩109,000",,,,,,260626,
,false,,망고매니플리즈,,,전체,,https://mangomanyplease.com/product/detail.html?product_no=1066,CULLON ONE PIECE,,,https://mangomanyplease.com/web/product/medium/202605/7dbcdca15047879832ea4f47cea39ab2.jpg,,,,,,"₩89,000",,,,,,260626,
,false,,망고매니플리즈,,,전체,,https://mangomanyplease.com/product/detail.html?product_no=473,CUT OUT BACK FLARE ONE PIECE (SLEEVELESS),,,https://mangomanyplease.com/web/product/medium/202606/4e981e916fca62e3fef16dda16ec9858.jpg,,,,,,"₩142,000",,,,,,260626,
,false,,망고매니플리즈,,,전체,,https://mangomanyplease.com/product/detail.html?product_no=4380,PAPER TEE_BLUE,,,https://mangomanyplease.com/web/product/medium/202605/650f224f076c002a1fb3d61760160c20.jpg,,,,,,"₩55,000",,,,,,260626,
,false,,망고매니플리즈,,,전체,,https://mangomanyplease.com/product/detail.html?product_no=4341,DUONO COTTON SHIRT_RED,,,https://mangomanyplease.com/web/product/medium/202605/edf9c08ad3f6b92afa17c212194ad46d.jpg,,,,,,"₩119,000",,,,,,260626,
,false,,망고매니플리즈,,,전체,,https://mangomanyplease.com/product/detail.html?product_no=4342,DUONO COTTON SHIRT_NAVY,,,https://mangomanyplease.com/web/product/medium/202605/834e5bdb0d8389bc24af00d5e4c2dab9.jpg,,,,,,"₩119,000",,,,,,260626,
,false,,망고매니플리즈,,,전체,,https://mangomanyplease.com/product/detail.html?product_no=4315,MUTE SLEEVE TEE_VINTAGE MINT,,,https://mangomanyplease.com/web/product/medium/202605/093642d920ebb8d8b0ed19b03f254c6b.jpg,,,,,,"₩49,000",,,,,,260626,
,false,,망고매니플리즈,,,전체,,https://mangomanyplease.com/product/detail.html?product_no=4316,MUTE SLEEVE TEE_BROWN,,,https://mangomanyplease.com/web/product/medium/202605/50dbece39389b23c0b5cd813cc43ae68.jpg,,,,,,"₩49,000",,,,,,260626,
,false,,망고매니플리즈,,,전체,,https://mangomanyplease.com/product/detail.html?product_no=4317,MUTE SLEEVE TEE_BLACK,,,https://mangomanyplease.com/web/product/medium/202605/5d892e0d26270e2c1c5ad05d6c1b31c0.jpg,,,,,,"₩49,000",,,,,,260626,
,false,,망고매니플리즈,,,전체,,https://mangomanyplease.com/product/detail.html?product_no=4338,BIAN WIDE TUCK PANTS_BEIGE,,,https://mangomanyplease.com/web/product/medium/202605/9548c5abeb99dc40720f5c01d91c117d.jpg,,,,,,"₩139,000",,,,,,260626,
,false,,망고매니플리즈,,,전체,,https://mangomanyplease.com/product/detail.html?product_no=4339,BIAN WIDE TUCK PANTS_BLACK,,,https://mangomanyplease.com/web/product/medium/202605/8583562f37a5df5893bc08acec16f8bc.jpg,,,,,,"₩139,000",,,,,,260626,
,false,,망고매니플리즈,,,전체,,https://mangomanyplease.com/product/detail.html?product_no=4391,MONTANA BACKPACK_BEIGE,,,https://mangomanyplease.com/web/product/medium/202605/1a4a6327f9b5503c56203eb0318f06da.jpg,,,,,,"₩249,000",,,,,,260626,
,false,,망고매니플리즈,,,전체,,https://mangomanyplease.com/product/detail.html?product_no=4395,ALITA LEATHER BAG_BLACK,,,https://mangomanyplease.com/web/product/medium/202605/04e3279eab73aa19a79ab1d2534b165f.jpg,,,,,,"₩259,000",,,,,,260626,
,false,,망고매니플리즈,,,전체,,https://mangomanyplease.com/product/detail.html?product_no=4394,ALITA SUEDE BAG_BROWN,,,https://mangomanyplease.com/web/product/medium/202605/9e9920fff9575570f8baa116682586bd.jpg,,,,,,"₩259,000",,,,,,260626,
,false,,망고매니플리즈,,,전체,,https://mangomanyplease.com/product/detail.html?product_no=4393,ALITA SUEDE BAG_RED,,,https://mangomanyplease.com/web/product/medium/202605/22a261bb13287f5953678b60b4937a76.jpg,,,,,,"₩259,000",,,,,,260626,
,false,,망고매니플리즈,,,전체,,https://mangomanyplease.com/product/detail.html?product_no=4412,YONNI MARY JANE_BLACK,,,https://mangomanyplease.com/web/product/medium/202605/93c8a90692b8153f929f83959c812665.jpg,,,,,,"₩179,000",,,,,,260626,
,false,,망고매니플리즈,,,전체,,https://mangomanyplease.com/product/detail.html?product_no=4413,YONNI MARY JANE_LEOPARD,,,https://mangomanyplease.com/web/product/medium/202605/bd4fd4d4da14e36c3793cb0257c20032.jpg,,,,,,"₩199,000",,,,,,260626,
,false,,망고매니플리즈,,,전체,,https://mangomanyplease.com/product/detail.html?product_no=4414,CLEA FLAT SHOES_BLACK,,,https://mangomanyplease.com/web/product/medium/202605/ba8236660dee932e828199052ca8143e.jpg,,,,,,"₩159,000",,,,,,260626,
,false,,망고매니플리즈,,,전체,,https://mangomanyplease.com/product/detail.html?product_no=4415,CLEA FLAT SHOES_GOLD,,,https://mangomanyplease.com/web/product/medium/202605/eb4bdf3b4142de6426c9587d4cf1f55a.jpg,,,,,,"₩159,000",,,,,,260626,
,false,,망고매니플리즈,,,전체,,https://mangomanyplease.com/product/detail.html?product_no=4416,MELTO SUEDE BOOTS_SAND BEIGE,,,https://mangomanyplease.com/web/product/medium/202605/862119e6471291b93896ddb9a965ffe1.jpg,,,,,,"₩259,000",,,,,,260626,
,false,,망고매니플리즈,,,전체,,https://mangomanyplease.com/product/detail.html?product_no=4385,TOA RIBBED SOCKS_3COLORS,,,https://mangomanyplease.com/web/product/medium/202605/cf82842bf562e3d42962841b9a712fa3.jpg,,,,,,"₩12,000",,,,,,260626,
,false,,망고매니플리즈,,,전체,,https://mangomanyplease.com/product/detail.html?product_no=4386,TOA RIBBED SOCKS_3COLORS SET,,,https://mangomanyplease.com/web/product/medium/202605/f4d46f580bd862d69630665aa1f6997c.jpg,,,,,,"₩32,000",,,,,,260626,
,false,,망고매니플리즈,,,전체,,https://mangomanyplease.com/product/detail.html?product_no=4383,COCO CHECK SHIRT_BURGUNDY,,,https://mangomanyplease.com/web/product/medium/202605/7cc8c65cbb2d932155a293e6fd901c1d.jpg,,,,,,"₩95,000",,,,,,260626,
,false,,망고매니플리즈,,,전체,,https://mangomanyplease.com/product/detail.html?product_no=4367,MERCI PINTUCK SKIRT_BEIGE,,,https://mangomanyplease.com/web/product/medium/202605/cd2bb3c4fa4651614e3fe3400eda1d20.jpg,,,,,,"₩129,000",,,,,,260626,
,false,,망고매니플리즈,,,전체,,https://mangomanyplease.com/product/detail.html?product_no=4368,MERCI PINTUCK SKIRT_NAVY,,,https://mangomanyplease.com/web/product/medium/202605/d8657e6ea2071b2dee77bbf12149a257.jpg,,,,,,"₩129,000",,,,,,260626,
,false,,망고매니플리즈,,,전체,,https://mangomanyplease.com/product/detail.html?product_no=4357,MOY JEANS_BLUE,,,https://mangomanyplease.com/web/product/medium/202605/d1c97878399de43a8eab4beadce33c17.jpg,,,,,,"₩119,000",,,,,,260626,
,false,,망고매니플리즈,,,전체,,https://mangomanyplease.com/product/detail.html?product_no=4417,TEEN MINI BAG_CREAM,,,https://mangomanyplease.com/web/product/medium/202605/1ca32cb4a4b2ed67d91e8897d1f07a88.jpg,,,,,,"₩129,000",,,,,,260626,
,false,,망고매니플리즈,,,전체,,https://mangomanyplease.com/product/detail.html?product_no=4418,TEEN MINI BAG_BLACK,,,https://mangomanyplease.com/web/product/medium/202605/2f5db062df9e8ff92d4560210416cf9d.jpg,,,,,,"₩129,000",,,,,,260626,
,false,,망고매니플리즈,,,전체,,https://mangomanyplease.com/product/detail.html?product_no=4419,TEEN MINI BAG_LEOPARD,,,https://mangomanyplease.com/web/product/medium/202605/e79594caa6587ef189739f5178aaf373.jpg,,,,,,"₩149,000",,,,,,260626,
,false,,망고매니플리즈,,,전체,,https://mangomanyplease.com/product/detail.html?product_no=4420,BONIT LEATHER CHARM_RED,,,https://mangomanyplease.com/web/product/medium/202605/ede4ecbcc0ea6308b45e9f8c5680859c.jpg,,,,,,"₩59,000",,,,,,260626,
,false,,망고매니플리즈,,,전체,,https://mangomanyplease.com/product/detail.html?product_no=4421,BONIT LEATHER CHARM_BLACK,,,https://mangomanyplease.com/web/product/medium/202605/38475279839bb6cfcb5d17e345a93e60.jpg,,,,,,"₩59,000",,,,,,260626,
,false,,망고매니플리즈,,,전체,,https://mangomanyplease.com/product/detail.html?product_no=4422,BONIT LEATHER CHARM_LEOPARD,,,https://mangomanyplease.com/web/product/medium/202605/10580cf26bc1a3de0f0d82c055b26c19.jpg,,,,,,"₩69,000",,,,,,260626,
,false,,망고매니플리즈,,,전체,,https://mangomanyplease.com/product/detail.html?product_no=4201,MILO RIBBED SOCKS_3COLORS SET,,,https://mangomanyplease.com/web/product/medium/202605/9ed22d9c6d23a4a0f2ae70c7897ea7cc.jpg,,,,,,"₩43,000",,,,,,260626,
,false,,망고매니플리즈,,,전체,,https://mangomanyplease.com/product/detail.html?product_no=3670,MILO RIBBED SOCKS_3COLORS,,,https://mangomanyplease.com/web/product/medium/202605/de0af400fac02978ac7d0a943c929801.jpg,,,,,,"₩16,000",,,,,,260626,
,false,,망고매니플리즈,,,전체,,https://mangomanyplease.com/product/detail.html?product_no=3666,NUUS SHOULDER BAG,,,https://mangomanyplease.com/web/product/medium/202605/2a62bd547fd8fde6f54ffd64dadbbaee.jpg,,,,,,"₩268,000",,,,,,260626,
,false,,망고매니플리즈,,,전체,,https://mangomanyplease.com/product/detail.html?product_no=3643,NOTEN STRING BAG,,,https://mangomanyplease.com/web/product/medium/202605/0b8af52eacbb17da1ed416111de13b63.jpg,,,,,,"₩189,000",,,,,,260626,
,false,,망고매니플리즈,,,전체,,https://mangomanyplease.com/product/detail.html?product_no=3669,CLASSIC HAIR CLAW CLIP,,,https://mangomanyplease.com/web/product/medium/202605/f8b679acfbb2f7969e5fbdb76d862fa9.jpg,,,,,,"₩39,000",,,,,,260626,
,false,,망고매니플리즈,,,전체,,https://mangomanyplease.com/product/detail.html?product_no=3636,ORDINARY JEANS,,,https://mangomanyplease.com/web/product/medium/202605/abf5a9a12e4966deb822e5f515713237.jpg,,,,,,"₩108,000",,,,,,260626,
,false,,망고매니플리즈,,,전체,,https://mangomanyplease.com/product/detail.html?product_no=3570,SUI STITCH BELT,,,https://mangomanyplease.com/web/product/medium/202605/22433e29286f3bee73933d79e25fc0bf.jpg,,,,,,"₩69,000",,,,,,260626,
,false,,망고매니플리즈,,,전체,,https://mangomanyplease.com/product/detail.html?product_no=3481,NOVAN STRIPE KNIT,,,https://mangomanyplease.com/web/product/medium/202606/61e70e447e62df3572f1f9d115a05226.jpg,,,,,,"₩121,000",,,,,,260626,
,false,,망고매니플리즈,,,전체,,https://mangomanyplease.com/product/detail.html?product_no=3490,LOTTIE KNIT ZIP UP,,,https://mangomanyplease.com/web/product/medium/202605/76397f4d4afa0aa1b11db55cf1636a8d.jpg,,,,,,"₩129,000",,,,,,260626,
,false,,망고매니플리즈,,,전체,,https://mangomanyplease.com/product/detail.html?product_no=3504,SIA V KNIT,,,https://mangomanyplease.com/web/product/medium/202606/848f200f347cf8bd6e6cee9d39f63997.jpg,,,,,,"₩91,000",,,,,,260626,
,false,,망고매니플리즈,,,전체,,https://mangomanyplease.com/product/detail.html?product_no=3507,VERA KNIT,,,https://mangomanyplease.com/web/product/medium/202605/72ede9ec79978bd9b78f903908dd5951.jpg,,,,,,"₩91,000",,,,,,260626,
,false,,망고매니플리즈,,,전체,,https://mangomanyplease.com/product/detail.html?product_no=2873,VONA CABLE KNIT,,,https://mangomanyplease.com/web/product/medium/202605/d12cc54bf72c959b58efc0fcb6dfe450.jpg,,,,,,"₩93,000",,,,,,260626,
,false,,망고매니플리즈,,,전체,,https://mangomanyplease.com/product/detail.html?product_no=2871,JUDE KNIT VEST,,,https://mangomanyplease.com/web/product/medium/202605/39c212e66ff4393c6675b78d45da0cf0.jpg,,,,,,"₩62,000",,,,,,260626,
,false,,망고매니플리즈,,,전체,,https://mangomanyplease.com/product/detail.html?product_no=2470,VERR ROUND KNIT,,,https://mangomanyplease.com/web/product/medium/202606/adce3596a1c69208d54cc8130783a250.jpg,,,,,,"₩89,000",,,,,,260626,
,false,,망고매니플리즈,,,전체,,https://mangomanyplease.com/product/detail.html?product_no=3016,WAGE JEANS,,,https://mangomanyplease.com/web/product/medium/202605/de9f9b75fc94f646fe9eada4eac8bc37.jpg,,,,,,"₩94,000",,,,,,260626,
,false,,망고매니플리즈,,,전체,,https://mangomanyplease.com/product/detail.html?product_no=3014,BAKER JEANS,,,https://mangomanyplease.com/web/product/medium/202605/eb8dd5b8badb53ce61b327f57690ea51.jpg,,,,,,"₩101,000",,,,,,260626,
,false,,망고매니플리즈,,,전체,,https://mangomanyplease.com/product/detail.html?product_no=3006,ELVI JEANS,,,https://mangomanyplease.com/web/product/medium/202605/3b35c32e7629c07fb77d54ee1024973b.jpg,,,,,,"₩99,000",,,,,,260626,
,false,,망고매니플리즈,,,전체,,https://mangomanyplease.com/product/detail.html?product_no=2601,CLASSIC JEANS,,,https://mangomanyplease.com/web/product/medium/202605/aa94d8c631c921900fcfaedf368cf138.jpg,,,,,,"₩115,000",,,,,,260626,
,false,,망고매니플리즈,,,전체,,https://mangomanyplease.com/product/detail.html?product_no=1611,FLUID JEANS (BLUE),,,https://mangomanyplease.com/web/product/medium/202605/cd7159a313583293ba62e98d1711aae2.jpg,,,,,,"₩126,000",,,,,,260626,
,false,,망고매니플리즈,,,전체,,https://mangomanyplease.com/product/detail.html?product_no=585,CURLY FLARE SKIRT,,,https://mangomanyplease.com/web/product/medium/202606/7c8f4df248df1af5766247ce9c6aa0dc.jpg,,,,,,"₩125,000",,,,,,260626,
,false,,망고매니플리즈,,,전체,,https://mangomanyplease.com/product/detail.html?product_no=620,STANDARD COTTON SHIRT,,,https://mangomanyplease.com/web/product/medium/202606/25dd7983d12c739120cd4ef70bc94ffe.jpg,,,,,,"₩95,000",,,,,,260626,
,false,,망고매니플리즈,,,전체,,https://mangomanyplease.com/product/detail.html?product_no=4579,TOKYO HAIR CLAW CLIP_BLACK,,,https://mangomanyplease.com/web/product/medium/202605/128b537c355b6306c7f9d19d04c470b0.jpg,,,,,,"₩49,000",,,,,,260626,
,false,,망고매니플리즈,,,전체,,https://mangomanyplease.com/product/detail.html?product_no=4578,TOKYO HAIR CLAW CLIP_LEOPARD,,,https://mangomanyplease.com/web/product/medium/202605/85c0f0ceeb5c34e8ca5b36d583f96790.jpg,,,,,,"₩49,000",,,,,,260626,
,false,,망고매니플리즈,,,전체,,https://mangomanyplease.com/product/detail.html?product_no=4577,TOKYO HAIR CLAW CLIP_RED,,,https://mangomanyplease.com/web/product/medium/202605/f8685e00761d734c6210ae4c85cccf50.jpg,,,,,,"₩49,000",,,,,,260626,
,false,,망고매니플리즈,,,전체,,https://mangomanyplease.com/product/detail.html?product_no=4210,NEW BARRETT BAG_2COLORS,,,https://mangomanyplease.com/web/product/medium/202606/84f8b97b36d6f06b2fe547a32cb581ff.jpg,,,,,,"₩158,000",,,,,,260626,
,false,,망고매니플리즈,,,전체,,https://mangomanyplease.com/product/detail.html?product_no=4076,MANG MANG BAG CHARM_2COLORS,,,https://mangomanyplease.com/web/product/medium/202605/c360bcbd46cb838b21da2421b8831da2.jpg,,,,,,"₩39,000",,,,,,260626,
,false,,망고매니플리즈,,,전체,,https://mangomanyplease.com/product/detail.html?product_no=4384,NEW MONO BELT_BLACK,,,https://mangomanyplease.com/web/product/medium/202605/6c1cf327547b2106d35b9ec222b48c68.jpg,,,,,,"₩65,000",,,,,,260626,
,false,,망고매니플리즈,,,전체,,https://mangomanyplease.com/product/detail.html?product_no=2617,MONO BELT,,,https://mangomanyplease.com/web/product/medium/202605/997c49349fe34349271447ffac670f00.jpg,,,,,,"₩64,000",,,,,,260626,
,false,,망고매니플리즈,,,전체,,https://mangomanyplease.com/product/detail.html?product_no=2618,CLASSIC BELT,,,https://mangomanyplease.com/web/product/medium/202605/9b9a4b8b440da895ac4bef78a8bdf256.jpg,,,,,,"₩67,000",,,,,,260626,
